ts,account,pair,price,signal_weight,target_weight,current_weight,action,reason,half_spread_bps
1789530957,champion,BTC,75725.55,0.0,0.0,0.0,hold,hold: weight change +0.000 below threshold 0.05 | flat: 72h return -1.86% not above entry band +1.0% and price below 24h EMA,
1789530957,champion,ETH,2399.645,0.0,0.0,0.0,hold,hold: weight change +0.000 below threshold 0.05 | flat: 72h return -4.76% not above entry band +1.0% and price below 24h EMA,
1789530957,champion,SOL,97.1,0.0,0.0,0.0,hold,hold: weight change +0.000 below threshold 0.05 | flat: 72h return -4.63% not above entry band +1.0% and price below 24h EMA,
1789530957,champion,ADA,0.194628,0.0,0.0,0.0,hold,hold: weight change +0.000 below threshold 0.05 | flat: 72h return -6.62% not above entry band +1.0% and price below 24h EMA,
1789530957,champion,AVAX,7.278,0.0,0.0,0.0,hold,hold: weight change +0.000 below threshold 0.05 | flat: 72h return -1.93% not above entry band +1.0% and price below 24h EMA,
1789530957,champion,LINK,10.828165,0.0,0.0,0.0,hold,hold: weight change +0.000 below threshold 0.05 | flat: 72h return -5.65% not above entry band +1.0% and price below 24h EMA,
1789532594,champion,BTC,75917.75,0.0,0.0,0.0,hold,hold: weight change +0.000 below threshold 0.05 | flat: 72h return -1.83% not above entry band +1.0% and price below 24h EMA,
1789532594,champion,ETH,2406.6,0.0,0.0,0.0,hold,hold: weight change +0.000 below threshold 0.05 | flat: 72h return -4.76% not above entry band +1.0% and price below 24h EMA,
1789532594,champion,SOL,97.405,0.0,0.0,0.0,hold,hold: weight change +0.000 below threshold 0.05 | flat: 72h return -4.36% not above entry band +1.0% and price below 24h EMA,
1789532594,champion,ADA,0.196266,0.0,0.0,0.0,hold,hold: weight change +0.000 below threshold 0.05 | flat: 72h return -5.72% not above entry band +1.0% and price below 24h EMA,
1789532594,champion,AVAX,7.3275,0.0,0.0,0.0,hold,hold: weight change +0.000 below threshold 0.05 | flat: 72h return -1.82% not above entry band +1.0% and price below 24h EMA,
1789532594,champion,LINK,10.849965,0.0,0.0,0.0,hold,hold: weight change +0.000 below threshold 0.05 | flat: 72h return -5.80% not above entry band +1.0% and price below 24h EMA,
1789536103,champion,BTC,75849.55,0.0,0.0,0.0,hold,hold: weight change +0.000 below threshold 0.05 | flat: 72h return -1.80% not above entry band +1.0% and price below 24h EMA,
1789536103,champion,ETH,2402.245,0.0,0.0,0.0,hold,hold: weight change +0.000 below threshold 0.05 | flat: 72h return -4.66% not above entry band +1.0% and price below 24h EMA,
1789536103,champion,SOL,97.195,0.0,0.0,0.0,hold,hold: weight change +0.000 below threshold 0.05 | flat: 72h return -4.43% not above entry band +1.0% and price below 24h EMA,
1789536103,champion,ADA,0.195773,0.0,0.0,0.0,hold,hold: weight change +0.000 below threshold 0.05 | flat: 72h return -5.63% not above entry band +1.0% and price below 24h EMA,
1789536103,champion,AVAX,7.3375,0.0,0.0,0.0,hold,hold: weight change +0.000 below threshold 0.05 | flat: 72h return -1.03% not above entry band +1.0% and price below 24h EMA,
1789536103,champion,LINK,10.88961,0.0,0.0,0.0,hold,hold: weight change +0.000 below threshold 0.05 | flat: 72h return -5.66% not above entry band +1.0% and price below 24h EMA,
1789540084,champion,BTC,75835.05,0.0,0.0,0.0,hold,hold: weight change +0.000 below threshold 0.05 | flat: 72h return -1.80% not above entry band +1.0% and price below 24h EMA,
1789540084,champion,ETH,2399.505,0.0,0.0,0.0,hold,hold: weight change +0.000 below threshold 0.05 | flat: 72h return -4.63% not above entry band +1.0% and price below 24h EMA,
1789540084,champion,SOL,97.065,0.0,0.0,0.0,hold,hold: weight change +0.000 below threshold 0.05 | flat: 72h return -4.58% not above entry band +1.0% and price below 24h EMA,
1789540084,champion,ADA,0.19483,0.0,0.0,0.0,hold,hold: weight change +0.000 below threshold 0.05 | flat: 72h return -6.03% not above entry band +1.0% and price below 24h EMA,
1789540084,champion,AVAX,7.3055,0.0,0.0,0.0,hold,hold: weight change +0.000 below threshold 0.05 | flat: 72h return -1.59% not above entry band +1.0% and price below 24h EMA,
1789540084,champion,LINK,10.796635,0.0,0.0,0.0,hold,hold: weight change +0.000 below threshold 0.05 | flat: 72h return -5.98% not above entry band +1.0% and price below 24h EMA,
1789543394,champion,BTC,75750.15,0.0,0.0,0.0,hold,hold: weight change +0.000 below threshold 0.05 | flat: 72h return -1.49% not above entry band +1.0% and price below 24h EMA,
1789543394,champion,ETH,2397.55,0.0,0.0,0.0,hold,hold: weight change +0.000 below threshold 0.05 | flat: 72h return -4.29% not above entry band +1.0% and price below 24h EMA,
1789543394,champion,SOL,97.01,0.0,0.0,0.0,hold,hold: weight change +0.000 below threshold 0.05 | flat: 72h return -3.83% not above entry band +1.0% and price below 24h EMA,
1789543394,champion,ADA,0.194661,0.0,0.0,0.0,hold,hold: weight change +0.000 below threshold 0.05 | flat: 72h return -5.40% not above entry band +1.0% and price below 24h EMA,
1789543394,champion,AVAX,7.2745,0.0,0.0,0.0,hold,hold: weight change +0.000 below threshold 0.05 | flat: 72h return -0.97% not above entry band +1.0% and price below 24h EMA,
1789543394,champion,LINK,10.77477,0.0,0.0,0.0,hold,hold: weight change +0.000 below threshold 0.05 | flat: 72h return -5.67% not above entry band +1.0% and price below 24h EMA,
1789547073,champion,BTC,75335.45,0.0,0.0,0.0,hold,hold: weight change +0.000 below threshold 0.05 | flat: 72h return -1.81% not above entry band +1.0% and price below 24h EMA,
1789547073,champion,ETH,2387.105,0.0,0.0,0.0,hold,hold: weight change +0.000 below threshold 0.05 | flat: 72h return -4.85% not above entry band +1.0% and price below 24h EMA,
1789547073,champion,SOL,96.605,0.0,0.0,0.0,hold,hold: weight change +0.000 below threshold 0.05 | flat: 72h return -3.76% not above entry band +1.0% and price below 24h EMA,
1789547073,champion,ADA,0.192777,0.0,0.0,0.0,hold,hold: weight change +0.000 below threshold 0.05 | flat: 72h return -5.95% not above entry band +1.0% and price below 24h EMA,
1789547073,champion,AVAX,7.1945,0.0,0.0,0.0,hold,hold: weight change +0.000 below threshold 0.05 | flat: 72h return -1.78% not above entry band +1.0% and price below 24h EMA,
1789547073,champion,LINK,10.69677,0.0,0.0,0.0,hold,hold: weight change +0.000 below threshold 0.05 | flat: 72h return -5.92% not above entry band +1.0% and price below 24h EMA,
1789550572,champion,BTC,75776.75,0.0,0.0,0.0,hold,hold: weight change +0.000 below threshold 0.05 | flat: 72h return -1.45% not above entry band +1.0% and price below 24h EMA,
1789550572,champion,ETH,2401.145,0.0,0.0,0.0,hold,hold: weight change +0.000 below threshold 0.05 | flat: 72h return -3.70% not above entry band +1.0% and price below 24h EMA,
1789550572,champion,SOL,97.16,0.0,0.0,0.0,hold,hold: weight change +0.000 below threshold 0.05 | flat: 72h return -3.02% not above entry band +1.0% and price below 24h EMA,
1789550572,champion,ADA,0.193464,0.0,0.0,0.0,hold,hold: weight change +0.000 below threshold 0.05 | flat: 72h return -5.40% not above entry band +1.0% and price below 24h EMA,
1789550572,champion,AVAX,7.241,0.0,0.0,0.0,hold,hold: weight change +0.000 below threshold 0.05 | flat: 72h return -1.22% not above entry band +1.0% and price below 24h EMA,
1789550572,champion,LINK,10.806035,0.0,0.0,0.0,hold,hold: weight change +0.000 below threshold 0.05 | flat: 72h return -4.99% not above entry band +1.0% and price below 24h EMA,
1789554212,champion,BTC,75861.95,0.0,0.0,0.0,hold,hold: weight change +0.000 below threshold 0.05 | flat: 72h return -1.11% not above entry band +1.0% and price below 24h EMA,
1789554212,champion,ETH,2398.385,0.0,0.0,0.0,hold,hold: weight change +0.000 below threshold 0.05 | flat: 72h return -3.23% not above entry band +1.0% and price below 24h EMA,
1789554212,champion,SOL,97.165,0.0,0.0,0.0,hold,hold: weight change +0.000 below threshold 0.05 | flat: 72h return -2.61% not above entry band +1.0% and price below 24h EMA,
1789554212,champion,ADA,0.194128,0.0,0.0,0.0,hold,hold: weight change +0.000 below threshold 0.05 | flat: 72h return -5.06% not above entry band +1.0% and price below 24h EMA,
1789554212,champion,AVAX,7.255,0.0,0.0,0.0,hold,hold: weight change +0.000 below threshold 0.05 | flat: 72h return -0.87% not above entry band +1.0% and price below 24h EMA,
1789554212,champion,LINK,10.79448,0.0,0.0,0.0,hold,hold: weight change +0.000 below threshold 0.05 | flat: 72h return -4.64% not above entry band +1.0% and price below 24h EMA,
1789557775,champion,BTC,75873.55,0.0,0.0,0.0,hold,hold: weight change +0.000 below threshold 0.05 | flat: 72h return -0.98% not above entry band +1.0% and price below 24h EMA,
1789557775,champion,ETH,2403.525,0.0,0.0,0.0,hold,hold: weight change +0.000 below threshold 0.05 | flat: 72h return -2.72% not above entry band +1.0% and price below 24h EMA,
1789557775,champion,SOL,97.075,0.0,0.0,0.0,hold,hold: weight change +0.000 below threshold 0.05 | flat: 72h return -2.33% not above entry band +1.0% and price below 24h EMA,
1789557775,champion,ADA,0.194304,0.0,0.0,0.0,hold,hold: weight change +0.000 below threshold 0.05 | flat: 72h return -4.56% not above entry band +1.0% and price below 24h EMA,
1789557775,champion,AVAX,7.2625,0.0,0.0,0.0,hold,hold: weight change +0.000 below threshold 0.05 | flat: 72h return -0.53% not above entry band +1.0% and price below 24h EMA,
1789557775,champion,LINK,10.81439,0.0,0.0,0.0,hold,hold: weight change +0.000 below threshold 0.05 | flat: 72h return -4.44% not above entry band +1.0% and price below 24h EMA,
1789561696,champion,BTC,75887.45,0.0,0.0,0.0,hold,hold: weight change +0.000 below threshold 0.05 | flat: 72h return -0.74% not above entry band +1.0%,
1789561696,champion,ETH,2405.455,0.0,0.0,0.0,hold,hold: weight change +0.000 below threshold 0.05 | flat: 72h return -2.42% not above entry band +1.0%,
1789561696,champion,SOL,97.505,0.0,0.0,0.0,hold,hold: weight change +0.000 below threshold 0.05 | flat: 72h return -1.86% not above entry band +1.0% and price below 24h EMA,
1789561696,champion,ADA,0.193176,0.0,0.0,0.0,hold,hold: weight change +0.000 below threshold 0.05 | flat: 72h return -4.85% not above entry band +1.0% and price below 24h EMA,
1789561696,champion,AVAX,7.2785,0.0,0.0,0.0,hold,hold: weight change +0.000 below threshold 0.05 | flat: 72h return -0.12% not above entry band +1.0% and price below 24h EMA,
1789561696,champion,LINK,10.79027,0.0,0.0,0.0,hold,hold: weight change +0.000 below threshold 0.05 | flat: 72h return -3.72% not above entry band +1.0% and price below 24h EMA,
1789565065,champion,BTC,75689.05,0.0,0.0,0.0,hold,hold: weight change +0.000 below threshold 0.05 | flat: 72h return -1.08% not above entry band +1.0% and price below 24h EMA,
1789565065,champion,ETH,2398.235,0.0,0.0,0.0,hold,hold: weight change +0.000 below threshold 0.05 | flat: 72h return -2.90% not above entry band +1.0% and price below 24h EMA,
1789565065,champion,SOL,97.135,0.0,0.0,0.0,hold,hold: weight change +0.000 below threshold 0.05 | flat: 72h return -2.20% not above entry band +1.0% and price below 24h EMA,
1789565065,champion,ADA,0.192314,0.0,0.0,0.0,hold,hold: weight change +0.000 below threshold 0.05 | flat: 72h return -5.99% not above entry band +1.0% and price below 24h EMA,
1789565065,champion,AVAX,7.2585,0.0,0.0,0.0,hold,hold: weight change +0.000 below threshold 0.05 | flat: 72h return -0.47% not above entry band +1.0% and price below 24h EMA,
1789565065,champion,LINK,10.714855,0.0,0.0,0.0,hold,hold: weight change +0.000 below threshold 0.05 | flat: 72h return -4.41% not above entry band +1.0% and price below 24h EMA,
1789568627,champion,BTC,75564.55,0.0,0.0,0.0,hold,hold: weight change +0.000 below threshold 0.05 | flat: 72h return -1.62% not above entry band +1.0% and price below 24h EMA,
1789568627,champion,ETH,2387.665,0.0,0.0,0.0,hold,hold: weight change +0.000 below threshold 0.05 | flat: 72h return -3.48% not above entry band +1.0% and price below 24h EMA,
1789568627,champion,SOL,96.885,0.0,0.0,0.0,hold,hold: weight change +0.000 below threshold 0.05 | flat: 72h return -2.98% not above entry band +1.0% and price below 24h EMA,
1789568627,champion,ADA,0.191838,0.0,0.0,0.0,hold,hold: weight change +0.000 below threshold 0.05 | flat: 72h return -6.98% not above entry band +1.0% and price below 24h EMA,
1789568627,champion,AVAX,7.2525,0.0,0.0,0.0,hold,hold: weight change +0.000 below threshold 0.05 | flat: 72h return -1.59% not above entry band +1.0% and price below 24h EMA,
1789568627,champion,LINK,10.665075,0.0,0.0,0.0,hold,hold: weight change +0.000 below threshold 0.05 | flat: 72h return -5.32% not above entry band +1.0% and price below 24h EMA,
1789572176,champion,BTC,75732.15,0.0,0.0,0.0,hold,hold: weight change +0.000 below threshold 0.05 | flat: 72h return -2.01% not above entry band +1.0% and price below 24h EMA,
1789572176,champion,ETH,2390.645,0.0,0.0,0.0,hold,hold: weight change +0.000 below threshold 0.05 | flat: 72h return -4.14% not above entry band +1.0% and price below 24h EMA,
1789572176,champion,SOL,97.13,0.0,0.0,0.0,hold,hold: weight change +0.000 below threshold 0.05 | flat: 72h return -3.67% not above entry band +1.0% and price below 24h EMA,
1789572176,champion,ADA,0.191604,0.0,0.0,0.0,hold,hold: weight change +0.000 below threshold 0.05 | flat: 72h return -7.91% not above entry band +1.0% and price below 24h EMA,
1789572176,champion,AVAX,7.2535,0.0,0.0,0.0,hold,hold: weight change +0.000 below threshold 0.05 | flat: 72h return -2.34% not above entry band +1.0% and price below 24h EMA,
1789572176,champion,LINK,10.718755,0.0,0.0,0.0,hold,hold: weight change +0.000 below threshold 0.05 | flat: 72h return -5.79% not above entry band +1.0% and price below 24h EMA,
1789575763,champion,BTC,75762.75,0.0,0.0,0.0,hold,hold: weight change +0.000 below threshold 0.05 | flat: 72h return -1.78% not above entry band +1.0% and price below 24h EMA,
1789575763,champion,ETH,2394.615,0.0,0.0,0.0,hold,hold: weight change +0.000 below threshold 0.05 | flat: 72h return -3.98% not above entry band +1.0% and price below 24h EMA,
1789575763,champion,SOL,97.295,0.0,0.0,0.0,hold,hold: weight change +0.000 below threshold 0.05 | flat: 72h return -3.16% not above entry band +1.0% and price below 24h EMA,
1789575763,champion,ADA,0.191804,0.0,0.0,0.0,hold,hold: weight change +0.000 below threshold 0.05 | flat: 72h return -6.88% not above entry band +1.0% and price below 24h EMA,
1789575763,champion,AVAX,7.239,0.0,0.0,0.0,hold,hold: weight change +0.000 below threshold 0.05 | flat: 72h return -1.93% not above entry band +1.0% and price below 24h EMA,
1789575763,champion,LINK,10.72927,0.0,0.0,0.0,hold,hold: weight change +0.000 below threshold 0.05 | flat: 72h return -5.19% not above entry band +1.0% and price below 24h EMA,
1789579223,champion,BTC,75685.15,0.0,0.0,0.0,hold,hold: weight change +0.000 below threshold 0.05 | flat: 72h return -2.01% not above entry band +1.0% and price below 24h EMA,
1789579223,champion,ETH,2390.635,0.0,0.0,0.0,hold,hold: weight change +0.000 below threshold 0.05 | flat: 72h return -4.54% not above entry band +1.0% and price below 24h EMA,
1789579223,champion,SOL,97.065,0.0,0.0,0.0,hold,hold: weight change +0.000 below threshold 0.05 | flat: 72h return -3.59% not above entry band +1.0% and price below 24h EMA,
1789579223,champion,ADA,0.191999,0.0,0.0,0.0,hold,hold: weight change +0.000 below threshold 0.05 | flat: 72h return -7.21% not above entry band +1.0% and price below 24h EMA,
1789579223,champion,AVAX,7.2375,0.0,0.0,0.0,hold,hold: weight change +0.000 below threshold 0.05 | flat: 72h return -1.79% not above entry band +1.0% and price below 24h EMA,
1789579223,champion,LINK,10.71753,0.0,0.0,0.0,hold,hold: weight change +0.000 below threshold 0.05 | flat: 72h return -5.48% not above entry band +1.0% and price below 24h EMA,
1789583091,champion,BTC,75834.55,0.0,0.0,0.0,hold,hold: weight change +0.000 below threshold 0.05 | flat: 72h return -2.16% not above entry band +1.0% and price below 24h EMA,
1789583091,champion,ETH,2403.985,0.0,0.0,0.0,hold,hold: weight change +0.000 below threshold 0.05 | flat: 72h return -4.64% not above entry band +1.0% and price below 24h EMA,
1789583091,champion,SOL,97.99,0.0,0.0,0.0,hold,hold: weight change +0.000 below threshold 0.05 | flat: 72h return -3.90% not above entry band +1.0% and price below 24h EMA,
1789583091,champion,ADA,0.192912,0.0,0.0,0.0,hold,hold: weight change +0.000 below threshold 0.05 | flat: 72h return -7.54% not above entry band +1.0% and price below 24h EMA,
1789583091,champion,AVAX,7.2715,0.0,0.0,0.0,hold,hold: weight change +0.000 below threshold 0.05 | flat: 72h return -2.48% not above entry band +1.0% and price below 24h EMA,
1789583091,champion,LINK,10.80574,0.0,0.0,0.0,hold,hold: weight change +0.000 below threshold 0.05 | flat: 72h return -6.12% not above entry band +1.0% and price below 24h EMA,
1789586468,champion,BTC,75511.55,0.0,0.0,0.0,hold,hold: weight change +0.000 below threshold 0.05 | flat: 72h return -2.27% not above entry band +1.0% and price below 24h EMA,
1789586468,champion,ETH,2393.825,0.0,0.0,0.0,hold,hold: weight change +0.000 below threshold 0.05 | flat: 72h return -4.51% not above entry band +1.0% and price below 24h EMA,
1789586468,champion,SOL,97.5,0.0,0.0,0.0,hold,hold: weight change +0.000 below threshold 0.05 | flat: 72h return -3.41% not above entry band +1.0%,
1789586468,champion,ADA,0.191553,0.0,0.0,0.0,hold,hold: weight change +0.000 below threshold 0.05 | flat: 72h return -8.11% not above entry band +1.0% and price below 24h EMA,
1789586468,champion,AVAX,7.279,0.0,0.0,0.0,hold,hold: weight change +0.000 below threshold 0.05 | flat: 72h return -2.25% not above entry band +1.0% and price below 24h EMA,
1789586468,champion,LINK,10.840005,0.0,0.0,0.0,hold,hold: weight change +0.000 below threshold 0.05 | flat: 72h return -5.49% not above entry band +1.0% and price below 24h EMA,
1789590185,champion,BTC,76281.15,0.0,0.0,0.0,hold,hold: weight change +0.000 below threshold 0.05 | flat: 72h return -1.61% not above entry band +1.0%,
1789590185,champion,ETH,2414.69,0.0,0.0,0.0,hold,hold: weight change +0.000 below threshold 0.05 | flat: 72h return -3.94% not above entry band +1.0% and price below 24h EMA,
1789590185,champion,SOL,98.775,0.0,0.0,0.0,hold,hold: weight change +0.000 below threshold 0.05 | flat: 72h return -2.91% not above entry band +1.0%,
1789590185,champion,ADA,0.195763,0.0,0.0,0.0,hold,hold: weight change +0.000 below threshold 0.05 | flat: 72h return -6.63% not above entry band +1.0% and price below 24h EMA,
1789590185,champion,AVAX,7.3665,0.0,0.0,0.0,hold,hold: weight change +0.000 below threshold 0.05 | flat: 72h return -1.12% not above entry band +1.0%,
1789590185,champion,LINK,11.000535,0.0,0.0,0.0,hold,hold: weight change +0.000 below threshold 0.05 | flat: 72h return -4.29% not above entry band +1.0%,
1789593741,champion,BTC,76033.75,0.0,0.0,0.0,hold,hold: weight change +0.000 below threshold 0.05 | flat: 72h return -1.56% not above entry band +1.0%,
1789593741,champion,ETH,2406.965,0.0,0.0,0.0,hold,hold: weight change +0.000 below threshold 0.05 | flat: 72h return -4.10% not above entry band +1.0%,
1789593741,champion,SOL,98.305,0.0,0.0,0.0,hold,hold: weight change +0.000 below threshold 0.05 | flat: 72h return -2.77% not above entry band +1.0%,
1789593741,champion,ADA,0.19458,0.0,0.0,0.0,hold,hold: weight change +0.000 below threshold 0.05 | flat: 72h return -6.49% not above entry band +1.0%,
1789593741,champion,AVAX,7.3675,0.0,0.0,0.0,hold,hold: weight change +0.000 below threshold 0.05 | flat: 72h return -0.97% not above entry band +1.0%,
1789593741,champion,LINK,10.92968,0.0,0.0,0.0,hold,hold: weight change +0.000 below threshold 0.05 | flat: 72h return -4.09% not above entry band +1.0%,
1789597278,champion,BTC,75702.05,0.0,0.0,0.0,hold,hold: weight change +0.000 below threshold 0.05 | flat: 72h return -1.77% not above entry band +1.0% and price below 24h EMA,
1789597278,champion,ETH,2394.285,0.0,0.0,0.0,hold,hold: weight change +0.000 below threshold 0.05 | flat: 72h return -4.19% not above entry band +1.0% and price below 24h EMA,
1789597278,champion,SOL,97.795,0.0,0.0,0.0,hold,hold: weight change +0.000 below threshold 0.05 | flat: 72h return -2.96% not above entry band +1.0%,
1789597278,champion,ADA,0.193006,0.0,0.0,0.0,hold,hold: weight change +0.000 below threshold 0.05 | flat: 72h return -6.08% not above entry band +1.0%,
1789597278,champion,AVAX,7.3555,0.0,0.0,0.0,hold,hold: weight change +0.000 below threshold 0.05 | flat: 72h return -0.74% not above entry band +1.0%,
1789597278,champion,LINK,10.872355,0.0,0.0,0.0,hold,hold: weight change +0.000 below threshold 0.05 | flat: 72h return -4.12% not above entry band +1.0%,
1789600850,champion,BTC,76046.65,0.0,0.0,0.0,hold,hold: weight change +0.000 below threshold 0.05 | flat: 72h return -1.39% not above entry band +1.0% and price below 24h EMA,
1789600850,champion,ETH,2410.005,0.0,0.0,0.0,hold,hold: weight change +0.000 below threshold 0.05 | flat: 72h return -3.40% not above entry band +1.0% and price below 24h EMA,
1789600850,champion,SOL,98.255,0.0,0.0,0.0,hold,hold: weight change +0.000 below threshold 0.05 | flat: 72h return -2.29% not above entry band +1.0% and price below 24h EMA,
1789600850,champion,ADA,0.195211,0.0,0.0,0.0,hold,hold: weight change +0.000 below threshold 0.05 | flat: 72h return -4.95% not above entry band +1.0% and price below 24h EMA,
1789600850,champion,AVAX,7.4005,0.0,0.0,0.0,hold,hold: weight change +0.000 below threshold 0.05 | flat: 72h return +0.73% not above entry band +1.0%,
1789600850,champion,LINK,10.983625,0.0,0.0,0.0,hold,hold: weight change +0.000 below threshold 0.05 | flat: 72h return -2.60% not above entry band +1.0% and price below 24h EMA,
1789604925,champion,BTC,76343.35,0.0,0.0,0.0,hold,hold: weight change +0.000 below threshold 0.05 | flat: 72h return -0.85% not above entry band +1.0%,
1789604925,champion,ETH,2420.495,0.0,0.0,0.0,hold,hold: weight change +0.000 below threshold 0.05 | flat: 72h return -2.40% not above entry band +1.0%,
1789604925,champion,SOL,98.785,0.0,0.0,0.0,hold,hold: weight change +0.000 below threshold 0.05 | flat: 72h return -0.72% not above entry band +1.0%,
1789604925,champion,ADA,0.196147,0.0,0.0,0.0,hold,hold: weight change +0.000 below threshold 0.05 | flat: 72h return -3.58% not above entry band +1.0%,
1789604925,champion,AVAX,7.5015,0.25,0.25,0.0,buy,enter long: 72h return +2.47% vs entry band +1.0% and price above 24h EMA; realised vol 64% -> weight 0.25,
1789604925,champion,LINK,11.07535,0.0,0.0,0.0,hold,hold: weight change +0.000 below threshold 0.05 | flat: 72h return -1.31% not above entry band +1.0%,
1789608121,champion,BTC,76322.85,0.0,0.0,0.0,hold,hold: weight change +0.000 below threshold 0.05 | flat: 72h return -0.65% not above entry band +1.0%,
1789608121,champion,ETH,2420.085,0.0,0.0,0.0,hold,hold: weight change +0.000 below threshold 0.05 | flat: 72h return -2.66% not above entry band +1.0%,
1789608121,champion,SOL,98.615,0.0,0.0,0.0,hold,hold: weight change +0.000 below threshold 0.05 | flat: 72h return -1.00% not above entry band +1.0%,
1789608121,champion,ADA,0.195492,0.0,0.0,0.0,hold,hold: weight change +0.000 below threshold 0.05 | flat: 72h return -4.16% not above entry band +1.0%,
1789608121,champion,AVAX,7.49,0.25,0.25,0.2497,hold,hold: weight change +0.000 below threshold 0.05 | stay long: 72h return +2.46% vs exit band -1.0% and price above 24h EMA; realised vol 64% -> weight 0.25,
1789608121,champion,LINK,11.004705,0.0,0.0,0.0,hold,hold: weight change +0.000 below threshold 0.05 | flat: 72h return -2.32% not above entry band +1.0%,
1789611755,champion,BTC,76038.35,0.0,0.0,0.0,hold,hold: weight change +0.000 below threshold 0.05 | flat: 72h return -1.00% not above entry band +1.0%,
1789611755,champion,ETH,2414.375,0.0,0.0,0.0,hold,hold: weight change +0.000 below threshold 0.05 | flat: 72h return -2.69% not above entry band +1.0%,
1789611755,champion,SOL,98.815,0.0,0.0,0.0,hold,hold: weight change +0.000 below threshold 0.05 | flat: 72h return -1.01% not above entry band +1.0%,
1789611755,champion,ADA,0.194312,0.0,0.0,0.0,hold,hold: weight change +0.000 below threshold 0.05 | flat: 72h return -4.47% not above entry band +1.0%,
1789611755,champion,AVAX,7.4685,0.25,0.25,0.2491,hold,hold: weight change +0.001 below threshold 0.05 | stay long: 72h return +2.08% vs exit band -1.0% and price above 24h EMA; realised vol 64% -> weight 0.25,
1789611755,champion,LINK,11.038245,0.0,0.0,0.0,hold,hold: weight change +0.000 below threshold 0.05 | flat: 72h return -1.93% not above entry band +1.0%,
1789615365,champion,BTC,76377.75,0.0,0.0,0.0,hold,hold: weight change +0.000 below threshold 0.05 | flat: 72h return -1.63% not above entry band +1.0%,
1789615365,champion,ETH,2432.205,0.0,0.0,0.0,hold,hold: weight change +0.000 below threshold 0.05 | flat: 72h return -3.32% not above entry band +1.0%,
1789615365,champion,SOL,99.525,0.0,0.0,0.0,hold,hold: weight change +0.000 below threshold 0.05 | flat: 72h return -1.63% not above entry band +1.0%,
1789615365,champion,ADA,0.195429,0.0,0.0,0.0,hold,hold: weight change +0.000 below threshold 0.05 | flat: 72h return -6.00% not above entry band +1.0%,
1789615365,champion,AVAX,7.5245,0.25,0.25,0.2505,hold,hold: weight change -0.001 below threshold 0.05 | stay long: 72h return +1.40% vs exit band -1.0% and price above 24h EMA; realised vol 64% -> weight 0.25,
1789615365,champion,LINK,11.12552,0.0,0.0,0.0,hold,hold: weight change +0.000 below threshold 0.05 | flat: 72h return -2.08% not above entry band +1.0%,
1789619001,champion,BTC,76138.05,0.0,0.0,0.0,hold,hold: weight change +0.000 below threshold 0.05 | flat: 72h return -1.54% not above entry band +1.0%,
1789619001,champion,ETH,2425.455,0.0,0.0,0.0,hold,hold: weight change +0.000 below threshold 0.05 | flat: 72h return -3.11% not above entry band +1.0%,
1789619001,champion,SOL,99.215,0.0,0.0,0.0,hold,hold: weight change +0.000 below threshold 0.05 | flat: 72h return -1.07% not above entry band +1.0%,
1789619001,champion,ADA,0.195068,0.0,0.0,0.0,hold,hold: weight change +0.000 below threshold 0.05 | flat: 72h return -5.35% not above entry band +1.0%,
1789619001,champion,AVAX,7.509,0.25,0.25,0.2502,hold,hold: weight change -0.000 below threshold 0.05 | stay long: 72h return +2.00% vs exit band -1.0% and price above 24h EMA; realised vol 64% -> weight 0.25,
1789619001,champion,LINK,11.060505,0.0,0.0,0.0,hold,hold: weight change +0.000 below threshold 0.05 | flat: 72h return -2.06% not above entry band +1.0%,
1789622522,champion,BTC,76381.35,0.0,0.0,0.0,hold,hold: weight change +0.000 below threshold 0.05 | flat: 72h return -1.53% not above entry band +1.0%,
1789622522,champion,ETH,2438.965,0.0,0.0,0.0,hold,hold: weight change +0.000 below threshold 0.05 | flat: 72h return -2.93% not above entry band +1.0%,
1789622522,champion,SOL,99.585,0.0,0.0,0.0,hold,hold: weight change +0.000 below threshold 0.05 | flat: 72h return -1.29% not above entry band +1.0%,
1789622522,champion,ADA,0.196302,0.0,0.0,0.0,hold,hold: weight change +0.000 below threshold 0.05 | flat: 72h return -5.10% not above entry band +1.0%,
1789622522,champion,AVAX,7.5265,0.25,0.25,0.2506,hold,hold: weight change -0.001 below threshold 0.05 | stay long: 72h return +1.67% vs exit band -1.0% and price above 24h EMA; realised vol 64% -> weight 0.25,
1789622522,champion,LINK,11.131035,0.0,0.0,0.0,hold,hold: weight change +0.000 below threshold 0.05 | flat: 72h return -2.21% not above entry band +1.0%,
1789626493,champion,BTC,76272.85,0.0,0.0,0.0,hold,hold: weight change +0.000 below threshold 0.05 | flat: 72h return -1.70% not above entry band +1.0%,
1789626493,champion,ETH,2434.14,0.0,0.0,0.0,hold,hold: weight change +0.000 below threshold 0.05 | flat: 72h return -3.20% not above entry band +1.0%,
1789626493,champion,SOL,99.395,0.0,0.0,0.0,hold,hold: weight change +0.000 below threshold 0.05 | flat: 72h return -1.57% not above entry band +1.0%,
1789626493,champion,ADA,0.196308,0.0,0.0,0.0,hold,hold: weight change +0.000 below threshold 0.05 | flat: 72h return -5.42% not above entry band +1.0%,
1789626493,champion,AVAX,7.5075,0.25,0.25,0.2501,hold,hold: weight change -0.000 below threshold 0.05 | stay long: 72h return +1.13% vs exit band -1.0% and price above 24h EMA; realised vol 64% -> weight 0.25,
1789626493,champion,LINK,11.132025,0.0,0.0,0.0,hold,hold: weight change +0.000 below threshold 0.05 | flat: 72h return -2.67% not above entry band +1.0%,
1789628820,champion,BTC,76572.55,0.0,0.0,0.0,hold,hold: weight change +0.000 below threshold 0.05 | flat: 72h return -1.48% not above entry band +1.0%,0.007
1789628820,champion,ETH,2449.565,0.0,0.0,0.0,hold,hold: weight change +0.000 below threshold 0.05 | flat: 72h return -2.96% not above entry band +1.0%,0.02
1789628820,champion,SOL,100.1,0.0,0.0,0.0,hold,hold: weight change +0.000 below threshold 0.05 | flat: 72h return -1.81% not above entry band +1.0%,0.999
1789628820,champion,ADA,0.198534,0.0,0.0,0.0,hold,hold: weight change +0.000 below threshold 0.05 | flat: 72h return -5.43% not above entry band +1.0%,4.584
1789628820,champion,AVAX,7.5505,0.25,0.25,0.2512,hold,hold: weight change -0.001 below threshold 0.05 | stay long: 72h return +1.49% vs exit band -1.0% and price above 24h EMA; realised vol 64% -> weight 0.25,1.987
1789628820,champion,LINK,11.208215,0.0,0.0,0.0,hold,hold: weight change +0.000 below threshold 0.05 | flat: 72h return -2.30% not above entry band +1.0%,4.724
1789628820,champion,XRP,1.30438,0.0,0.0,0.0,hold,hold: weight change +0.000 below threshold 0.05 | flat: 72h return -6.19% not above entry band +1.0%,2.223
1789628820,champion,DOGE,0.081183,0.0,0.0,0.0,hold,hold: weight change +0.000 below threshold 0.05 | flat: 72h return -4.03% not above entry band +1.0%,2.045
1789628820,champion,DOT,1.01285,0.0,0.0,0.0,hold,hold: weight change +0.000 below threshold 0.05 | flat: 72h return -0.76% not above entry band +1.0%,3.456
1789628820,champion,LTC,52.555,0.0,0.0,0.0,hold,hold: weight change +0.000 below threshold 0.05 | flat: 72h return -3.14% not above entry band +1.0%,4.757
1789629838,champion,BTC,76478.05,0.0,0.0,0.0,hold,hold: weight change +0.000 below threshold 0.05 | flat: 72h return -1.48% not above entry band +1.0%,0.007
1789629838,champion,ETH,2446.495,0.0,0.0,0.0,hold,hold: weight change +0.000 below threshold 0.05 | flat: 72h return -2.96% not above entry band +1.0%,0.02
1789629838,champion,SOL,100.06,0.0,0.0,0.0,hold,hold: weight change +0.000 below threshold 0.05 | flat: 72h return -1.81% not above entry band +1.0%,0.999
1789629838,champion,ADA,0.198734,0.0,0.0,0.0,hold,hold: weight change +0.000 below threshold 0.05 | flat: 72h return -5.43% not above entry band +1.0%,2.944
1789629838,champion,AVAX,7.5425,0.25,0.25,0.251,hold,hold: weight change -0.001 below threshold 0.05 | stay long: 72h return +1.49% vs exit band -1.0% and price above 24h EMA; realised vol 64% -> weight 0.25,1.989
1789629838,champion,LINK,11.1945,0.0,0.0,0.0,hold,hold: weight change +0.000 below threshold 0.05 | flat: 72h return -2.30% not above entry band +1.0%,1.501
1789629838,champion,XRP,1.302825,0.0,0.0,0.0,hold,hold: weight change +0.000 below threshold 0.05 | flat: 72h return -6.19% not above entry band +1.0%,0.038
1789629838,champion,DOGE,0.081172,0.0,0.0,0.0,hold,hold: weight change +0.000 below threshold 0.05 | flat: 72h return -4.03% not above entry band +1.0%,0.006
1789629838,champion,DOT,1.00945,0.0,0.0,0.0,hold,hold: weight change +0.000 below threshold 0.05 | flat: 72h return -0.76% not above entry band +1.0%,2.477
1789629838,champion,LTC,52.555,0.0,0.0,0.0,hold,hold: weight change +0.000 below threshold 0.05 | flat: 72h return -3.14% not above entry band +1.0%,0.951
1789633496,champion,BTC,76410.55,0.0,0.0,0.0,hold,hold: weight change +0.000 below threshold 0.05 | flat: 72h return -1.88% not above entry band +1.0%,0.007
1789633496,champion,ETH,2439.155,0.0,0.0,0.0,hold,hold: weight change +0.000 below threshold 0.05 | flat: 72h return -3.16% not above entry band +1.0%,0.02
1789633496,champion,SOL,100.04,0.0,0.0,0.0,hold,hold: weight change +0.000 below threshold 0.05 | flat: 72h return -1.60% not above entry band +1.0%,1.0
1789633496,champion,ADA,0.199249,0.0,0.0,0.0,hold,hold: weight change +0.000 below threshold 0.05 | flat: 72h return -5.61% not above entry band +1.0%,2.961
1789633496,champion,AVAX,7.5615,0.25,0.25,0.2515,hold,hold: weight change -0.001 below threshold 0.05 | stay long: 72h return +1.48% vs exit band -1.0% and price above 24h EMA; realised vol 63% -> weight 0.25,0.661
1789633496,champion,LINK,11.184455,0.0,0.0,0.0,hold,hold: weight change +0.000 below threshold 0.05 | flat: 72h return -2.05% not above entry band +1.0%,0.988
1789633496,champion,XRP,1.29872,0.0,0.0,0.0,hold,hold: weight change +0.000 below threshold 0.05 | flat: 72h return -6.41% not above entry band +1.0%,0.231
1789633496,champion,DOGE,0.081289,0.0,0.0,0.0,hold,hold: weight change +0.000 below threshold 0.05 | flat: 72h return -3.81% not above entry band +1.0%,0.504
1789633496,champion,DOT,1.01155,0.0,0.0,0.0,hold,hold: weight change +0.000 below threshold 0.05 | flat: 72h return -0.95% not above entry band +1.0%,2.471
1789633496,champion,LTC,52.885,0.0,0.0,0.0,hold,hold: weight change +0.000 below threshold 0.05 | flat: 72h return -2.32% not above entry band +1.0%,0.945
1789636984,champion,BTC,76664.85,0.0,0.0,0.0,hold,hold: weight change +0.000 below threshold 0.05 | flat: 72h return -1.56% not above entry band +1.0%,0.007
1789636984,champion,ETH,2445.385,0.0,0.0,0.0,hold,hold: weight change +0.000 below threshold 0.05 | flat: 72h return -2.97% not above entry band +1.0%,0.02
1789636984,champion,SOL,100.615,0.0,0.0,0.0,hold,hold: weight change +0.000 below threshold 0.05 | flat: 72h return -1.16% not above entry band +1.0%,0.497
1789636984,champion,ADA,0.199748,0.0,0.0,0.0,hold,hold: weight change +0.000 below threshold 0.05 | flat: 72h return -4.99% not above entry band +1.0%,2.854
1789636984,champion,AVAX,7.5615,0.25,0.25,0.2515,hold,hold: weight change -0.001 below threshold 0.05 | stay long: 72h return +2.70% vs exit band -1.0% and price above 24h EMA; realised vol 64% -> weight 0.25,0.661
1789636984,champion,LINK,11.198665,0.0,0.0,0.0,hold,hold: weight change +0.000 below threshold 0.05 | flat: 72h return -1.36% not above entry band +1.0%,0.808
1789636984,champion,XRP,1.307555,0.0,0.0,0.0,hold,hold: weight change +0.000 below threshold 0.05 | flat: 72h return -5.91% not above entry band +1.0%,0.038
1789636984,champion,DOGE,0.081409,0.0,0.0,0.0,hold,hold: weight change +0.000 below threshold 0.05 | flat: 72h return -3.10% not above entry band +1.0%,1.357
1789636984,champion,DOT,1.01155,0.0,0.0,0.0,hold,hold: weight change +0.000 below threshold 0.05 | flat: 72h return -0.17% not above entry band +1.0%,3.46
1789636984,champion,LTC,52.845,0.0,0.0,0.0,hold,hold: weight change +0.000 below threshold 0.05 | flat: 72h return -1.78% not above entry band +1.0%,0.946
1789640572,champion,BTC,76250.15,0.0,0.0,0.0,hold,hold: weight change +0.000 below threshold 0.05 | flat: 72h return -2.19% not above entry band +1.0%,0.007
1789640572,champion,ETH,2429.635,0.0,0.0,0.0,hold,hold: weight change +0.000 below threshold 0.05 | flat: 72h return -3.40% not above entry band +1.0%,0.021
1789640572,champion,SOL,99.615,0.0,0.0,0.0,hold,hold: weight change +0.000 below threshold 0.05 | flat: 72h return -1.68% not above entry band +1.0%,0.502
1789640572,champion,ADA,0.19764,0.0,0.0,0.0,hold,hold: weight change +0.000 below threshold 0.05 | flat: 72h return -6.10% not above entry band +1.0%,2.808
1789640572,champion,AVAX,7.505,0.25,0.25,0.2501,hold,hold: weight change -0.000 below threshold 0.05 | stay long: 72h return +1.69% vs exit band -1.0% and price above 24h EMA; realised vol 64% -> weight 0.25,1.332
1789640572,champion,LINK,11.112935,0.0,0.0,0.0,hold,hold: weight change +0.000 below threshold 0.05 | flat: 72h return -2.86% not above entry band +1.0%,2.596
1789640572,champion,XRP,1.294545,0.0,0.0,0.0,hold,hold: weight change +0.000 below threshold 0.05 | flat: 72h return -7.35% not above entry band +1.0%,0.193
1789640572,champion,DOGE,0.080724,0.0,0.0,0.0,hold,hold: weight change +0.000 below threshold 0.05 | flat: 72h return -4.17% not above entry band +1.0%,0.564
1789640572,champion,DOT,1.0146,0.0,0.0,0.0,hold,hold: weight change +0.000 below threshold 0.05 | flat: 72h return +0.24% not above entry band +1.0%,1.971
1789640572,champion,LTC,52.575,0.0,0.0,0.0,hold,hold: weight change +0.000 below threshold 0.05 | flat: 72h return -2.41% not above entry band +1.0%,0.951
1789644130,champion,BTC,76305.25,0.0,0.0,0.0,hold,hold: weight change +0.000 below threshold 0.05 | flat: 72h return -1.97% not above entry band +1.0%,0.007
1789644130,champion,ETH,2434.295,0.0,0.0,0.0,hold,hold: weight change +0.000 below threshold 0.05 | flat: 72h return -3.14% not above entry band +1.0%,0.021
1789644130,champion,SOL,99.975,0.0,0.0,0.0,hold,hold: weight change +0.000 below threshold 0.05 | flat: 72h return -1.96% not above entry band +1.0%,0.5
1789644130,champion,ADA,0.197865,0.0,0.0,0.0,hold,hold: weight change +0.000 below threshold 0.05 | flat: 72h return -6.01% not above entry band +1.0%,2.679
1789644130,champion,AVAX,7.545,0.25,0.25,0.2511,hold,hold: weight change -0.001 below threshold 0.05 | stay long: 72h return +2.04% vs exit band -1.0% and price above 24h EMA; realised vol 64% -> weight 0.25,1.325
1789644130,champion,LINK,11.17487,0.0,0.0,0.0,hold,hold: weight change +0.000 below threshold 0.05 | flat: 72h return -2.23% not above entry band +1.0%,0.689
1789644130,champion,XRP,1.295415,0.0,0.0,0.0,hold,hold: weight change +0.000 below threshold 0.05 | flat: 72h return -7.26% not above entry band +1.0% and price below 24h EMA,0.039
1789644130,champion,DOGE,0.080789,0.0,0.0,0.0,hold,hold: weight change +0.000 below threshold 0.05 | flat: 72h return -4.28% not above entry band +1.0%,0.006
1789644130,champion,DOT,1.02725,0.0,0.0,0.0,hold,hold: weight change +0.000 below threshold 0.05 | flat: 72h return +1.00% not above entry band +1.0%,0.487
1789644130,champion,LTC,52.745,0.0,0.0,0.0,hold,hold: weight change +0.000 below threshold 0.05 | flat: 72h return -2.01% not above entry band +1.0%,0.948
1789648073,champion,BTC,76901.95,0.0,0.0,0.0,hold,hold: weight change +0.000 below threshold 0.05 | flat: 72h return -1.72% not above entry band +1.0%,0.007
1789648073,champion,ETH,2464.965,0.0,0.0,0.0,hold,hold: weight change +0.000 below threshold 0.05 | flat: 72h return -2.69% not above entry band +1.0%,0.02
1789648073,champion,SOL,101.005,0.0,0.0,0.0,hold,hold: weight change +0.000 below threshold 0.05 | flat: 72h return -1.27% not above entry band +1.0%,0.495
1789648073,champion,ADA,0.201084,0.0,0.0,0.0,hold,hold: weight change +0.000 below threshold 0.05 | flat: 72h return -5.50% not above entry band +1.0%,3.407
1789648073,champion,AVAX,7.6055,0.25,0.25,0.2526,hold,hold: weight change -0.003 below threshold 0.05 | stay long: 72h return +1.21% vs exit band -1.0% and price above 24h EMA; realised vol 64% -> weight 0.25,1.972
1789648073,champion,LINK,11.26907,0.0,0.0,0.0,hold,hold: weight change +0.000 below threshold 0.05 | flat: 72h return -1.93% not above entry band +1.0%,1.952
1789648073,champion,XRP,1.31154,0.0,0.0,0.0,hold,hold: weight change +0.000 below threshold 0.05 | flat: 72h return -7.14% not above entry band +1.0%,0.686
1789648073,champion,DOGE,0.081468,0.0,0.0,0.0,hold,hold: weight change +0.000 below threshold 0.05 | flat: 72h return -3.85% not above entry band +1.0%,0.006
1789648073,champion,DOT,1.0294,0.0,0.0,0.0,hold,hold: weight change +0.000 below threshold 0.05 | flat: 72h return +0.83% not above entry band +1.0%,1.943
1789648073,champion,LTC,52.975,0.0,0.0,0.0,hold,hold: weight change +0.000 below threshold 0.05 | flat: 72h return -1.23% not above entry band +1.0%,0.944
1789651407,champion,BTC,76533.35,0.0,0.0,0.0,hold,hold: weight change +0.000 below threshold 0.05 | flat: 72h return -1.29% not above entry band +1.0%,0.007
1789651407,champion,ETH,2451.21,0.0,0.0,0.0,hold,hold: weight change +0.000 below threshold 0.05 | flat: 72h return -1.85% not above entry band +1.0%,0.449
1789651407,champion,SOL,100.275,0.0,0.0,0.0,hold,hold: weight change +0.000 below threshold 0.05 | flat: 72h return -0.69% not above entry band +1.0%,0.499
1789651407,champion,ADA,0.20032,0.0,0.0,0.0,hold,hold: weight change +0.000 below threshold 0.05 | flat: 72h return -3.82% not above entry band +1.0%,3.644
1789651407,champion,AVAX,7.582,0.25,0.25,0.252,hold,hold: weight change -0.002 below threshold 0.05 | stay long: 72h return +2.05% vs exit band -1.0% and price above 24h EMA; realised vol 63% -> weight 0.25,2.638
1789651407,champion,LINK,11.246555,0.0,0.0,0.0,hold,hold: weight change +0.000 below threshold 0.05 | flat: 72h return -0.37% not above entry band +1.0%,1.961
1789651407,champion,XRP,1.300535,0.0,0.0,0.0,hold,hold: weight change +0.000 below threshold 0.05 | flat: 72h return -6.48% not above entry band +1.0%,0.192
1789651407,champion,DOGE,0.081157,0.0,0.0,0.0,hold,hold: weight change +0.000 below threshold 0.05 | flat: 72h return -2.99% not above entry band +1.0%,0.117
1789651407,champion,DOT,1.03565,0.25,0.25,0.0,buy,enter long: 72h return +2.15% vs entry band +1.0% and price above 24h EMA; realised vol 84% -> weight 0.25,3.38
1789651407,champion,LTC,52.825,0.0,0.0,0.0,hold,hold: weight change +0.000 below threshold 0.05 | flat: 72h return -1.40% not above entry band +1.0%,0.947
1789655075,champion,BTC,76839.55,0.0,0.0,0.0,hold,hold: weight change +0.000 below threshold 0.05 | flat: 72h return -1.95% not above entry band +1.0%,0.007
1789655075,champion,ETH,2474.175,0.0,0.0,0.0,hold,hold: weight change +0.000 below threshold 0.05 | flat: 72h return -1.60% not above entry band +1.0%,0.465
1789655075,champion,SOL,101.32,0.0,0.0,0.0,hold,hold: weight change +0.000 below threshold 0.05 | flat: 72h return -0.74% not above entry band +1.0%,0.987
1789655075,champion,ADA,0.203559,0.0,0.0,0.0,hold,hold: weight change +0.000 below threshold 0.05 | flat: 72h return -3.79% not above entry band +1.0%,3.513
1789655075,champion,AVAX,7.6345,0.25,0.25,0.2531,hold,hold: weight change -0.003 below threshold 0.05 | stay long: 72h return +1.68% vs exit band -1.0% and price above 24h EMA; realised vol 63% -> weight 0.25,0.655
1789655075,champion,LINK,11.381705,0.0,0.0,0.0,hold,hold: weight change +0.000 below threshold 0.05 | flat: 72h return -0.77% not above entry band +1.0%,2.754
1789655075,champion,XRP,1.312695,0.0,0.0,0.0,hold,hold: weight change +0.000 below threshold 0.05 | flat: 72h return -6.59% not above entry band +1.0%,0.267
1789655075,champion,DOGE,0.082143,0.0,0.0,0.0,hold,hold: weight change +0.000 below threshold 0.05 | flat: 72h return -2.85% not above entry band +1.0%,1.51
1789655075,champion,DOT,1.0394,0.25,0.25,0.2502,hold,hold: weight change -0.000 below threshold 0.05 | stay long: 72h return +2.55% vs exit band -1.0% and price above 24h EMA; realised vol 84% -> weight 0.25,1.924
1789655075,champion,LTC,53.035,0.0,0.0,0.0,hold,hold: weight change +0.000 below threshold 0.05 | flat: 72h return -1.68% not above entry band +1.0%,0.943
1789658609,champion,BTC,76321.55,0.0,0.0,0.0,hold,hold: weight change +0.000 below threshold 0.05 | flat: 72h return -2.62% not above entry band +1.0%,0.007
1789658609,champion,ETH,2450.585,0.0,0.0,0.0,hold,hold: weight change +0.000 below threshold 0.05 | flat: 72h return -1.65% not above entry band +1.0%,0.224
1789658609,champion,SOL,100.275,0.0,0.0,0.0,hold,hold: weight change +0.000 below threshold 0.05 | flat: 72h return -0.61% not above entry band +1.0%,0.499
1789658609,champion,ADA,0.200649,0.0,0.0,0.0,hold,hold: weight change +0.000 below threshold 0.05 | flat: 72h return -3.21% not above entry band +1.0%,2.592
1789658609,champion,AVAX,7.531,0.25,0.25,0.251,hold,hold: weight change -0.001 below threshold 0.05 | stay long: 72h return +1.77% vs exit band -1.0% and price above 24h EMA; realised vol 63% -> weight 0.25,1.328
1789658609,champion,LINK,11.25594,0.0,0.0,0.0,hold,hold: weight change +0.000 below threshold 0.05 | flat: 72h return -1.16% not above entry band +1.0%,1.963
1789658609,champion,XRP,1.297935,0.0,0.0,0.0,hold,hold: weight change +0.000 below threshold 0.05 | flat: 72h return -7.17% not above entry band +1.0%,0.039
1789658609,champion,DOGE,0.08119,0.0,0.0,0.0,hold,hold: weight change +0.000 below threshold 0.05 | flat: 72h return -2.65% not above entry band +1.0%,0.191
1789658609,champion,DOT,1.03185,0.25,0.25,0.2497,hold,hold: weight change +0.000 below threshold 0.05 | stay long: 72h return +2.41% vs exit band -1.0% and price above 24h EMA; realised vol 84% -> weight 0.25,0.485
1789658609,champion,LTC,52.905,0.0,0.0,0.0,hold,hold: weight change +0.000 below threshold 0.05 | flat: 72h return -1.52% not above entry band +1.0%,0.945
1789662205,champion,BTC,76713.15,0.0,0.0,0.0,hold,hold: weight change +0.000 below threshold 0.05 | flat: 72h return -2.37% not above entry band +1.0%,0.007
1789662205,champion,ETH,2468.595,0.0,0.0,0.0,hold,hold: weight change +0.000 below threshold 0.05 | flat: 72h return -1.57% not above entry band +1.0%,0.02
1789662205,champion,SOL,101.195,0.0,0.0,0.0,hold,hold: weight change +0.000 below threshold 0.05 | flat: 72h return -0.77% not above entry band +1.0%,0.494
1789662205,champion,ADA,0.202091,0.0,0.0,0.0,hold,hold: weight change +0.000 below threshold 0.05 | flat: 72h return -3.13% not above entry band +1.0%,2.425
1789662205,champion,AVAX,7.615,0.25,0.25,0.251,hold,hold: weight change -0.001 below threshold 0.05 | stay long: 72h return +1.85% vs exit band -1.0% and price above 24h EMA; realised vol 63% -> weight 0.25,1.313
1789662205,champion,LINK,11.379765,0.0,0.0,0.0,hold,hold: weight change +0.000 below threshold 0.05 | flat: 72h return -0.91% not above entry band +1.0%,1.041
1789662205,champion,XRP,1.305735,0.0,0.0,0.0,hold,hold: weight change +0.000 below threshold 0.05 | flat: 72h return -6.90% not above entry band +1.0%,0.191
1789662205,champion,DOGE,0.08197,0.0,0.0,0.0,hold,hold: weight change +0.000 below threshold 0.05 | flat: 72h return -2.55% not above entry band +1.0%,0.006
1789662205,champion,DOT,1.0676,0.25,0.25,0.2554,hold,hold: weight change -0.005 below threshold 0.05 | stay long: 72h return +5.79% vs exit band -1.0% and price above 24h EMA; realised vol 87% -> weight 0.25,2.81
1789662205,champion,LTC,53.57,0.0,0.0,0.0,hold,hold: weight change +0.000 below threshold 0.05 | flat: 72h return +0.11% not above entry band +1.0%,1.867
1789665590,champion,BTC,76794.2,0.0,0.0,0.0,hold,hold: weight change +0.000 below threshold 0.05 | flat: 72h return -2.64% not above entry band +1.0%,0.013
1789665590,champion,ETH,2469.095,0.0,0.0,0.0,hold,hold: weight change +0.000 below threshold 0.05 | flat: 72h return -2.41% not above entry band +1.0%,0.668
1789665590,champion,SOL,101.345,0.0,0.0,0.0,hold,hold: weight change +0.000 below threshold 0.05 | flat: 72h return -1.23% not above entry band +1.0%,0.493
1789665590,champion,ADA,0.202585,0.0,0.0,0.0,hold,hold: weight change +0.000 below threshold 0.05 | flat: 72h return -4.13% not above entry band +1.0%,3.357
1789665590,champion,AVAX,7.6235,0.25,0.25,0.2509,hold,hold: weight change -0.001 below threshold 0.05 | stay long: 72h return +0.99% vs exit band -1.0% and price above 24h EMA; realised vol 63% -> weight 0.25,0.656
1789665590,champion,LINK,11.386885,0.0,0.0,0.0,hold,hold: weight change +0.000 below threshold 0.05 | flat: 72h return -1.25% not above entry band +1.0%,2.709
1789665590,champion,XRP,1.30372,0.0,0.0,0.0,hold,hold: weight change +0.000 below threshold 0.05 | flat: 72h return -8.11% not above entry band +1.0%,0.23
1789665590,champion,DOGE,0.082046,0.0,0.0,0.0,hold,hold: weight change +0.000 below threshold 0.05 | flat: 72h return -2.90% not above entry band +1.0%,0.006
1789665590,champion,DOT,1.0726,0.25,0.25,0.2562,hold,hold: weight change -0.006 below threshold 0.05 | stay long: 72h return +3.83% vs exit band -1.0% and price above 24h EMA; realised vol 88% -> weight 0.25,1.865
1789665590,champion,LTC,53.885,0.0,0.0,0.0,hold,hold: weight change +0.000 below threshold 0.05 | flat: 72h return -0.90% not above entry band +1.0%,0.928
1789669514,champion,BTC,76678.35,0.0,0.0,0.0,hold,hold: weight change +0.000 below threshold 0.05 | flat: 72h return -2.95% not above entry band +1.0%,0.007
1789669514,champion,ETH,2459.295,0.0,0.0,0.0,hold,hold: weight change +0.000 below threshold 0.05 | flat: 72h return -2.85% not above entry band +1.0%,0.02
1789669514,champion,SOL,101.305,0.0,0.0,0.0,hold,hold: weight change +0.000 below threshold 0.05 | flat: 72h return -1.57% not above entry band +1.0%,0.494
1789669514,champion,ADA,0.201909,0.0,0.0,0.0,hold,hold: weight change +0.000 below threshold 0.05 | flat: 72h return -4.30% not above entry band +1.0%,2.427
1789669514,champion,AVAX,7.5935,0.25,0.25,0.2507,hold,hold: weight change -0.001 below threshold 0.05 | stay long: 72h return -0.07% vs exit band -1.0% and price above 24h EMA; realised vol 63% -> weight 0.25,0.658
1789669514,champion,LINK,11.34873,0.0,0.0,0.0,hold,hold: weight change +0.000 below threshold 0.05 | flat: 72h return -2.11% not above entry band +1.0%,0.3
1789669514,champion,XRP,1.298225,0.0,0.0,0.0,hold,hold: weight change +0.000 below threshold 0.05 | flat: 72h return -9.39% not above entry band +1.0%,0.27
1789669514,champion,DOGE,0.081673,0.0,0.0,0.0,hold,hold: weight change +0.000 below threshold 0.05 | flat: 72h return -3.65% not above entry band +1.0%,0.257
1789669514,champion,DOT,1.0638,0.25,0.25,0.2549,hold,hold: weight change -0.005 below threshold 0.05 | stay long: 72h return +5.10% vs exit band -1.0% and price above 24h EMA; realised vol 87% -> weight 0.25,0.94
1789669514,champion,LTC,53.675,0.0,0.0,0.0,hold,hold: weight change +0.000 below threshold 0.05 | flat: 72h return -0.74% not above entry band +1.0%,0.932
1789672836,champion,BTC,76501.55,0.0,0.0,0.0,hold,hold: weight change +0.000 below threshold 0.05 | flat: 72h return -3.42% not above entry band +1.0%,0.007
1789672836,champion,ETH,2449.815,0.0,0.0,0.0,hold,hold: weight change +0.000 below threshold 0.05 | flat: 72h return -3.50% not above entry band +1.0%,0.02
1789672836,champion,SOL,100.815,0.0,0.0,0.0,hold,hold: weight change +0.000 below threshold 0.05 | flat: 72h return -2.75% not above entry band +1.0%,0.496
1789672836,champion,ADA,0.20146,0.0,0.0,0.0,hold,hold: weight change +0.000 below threshold 0.05 | flat: 72h return -5.86% not above entry band +1.0%,2.705
1789672836,champion,AVAX,7.587,0.25,0.25,0.2504,hold,hold: weight change -0.000 below threshold 0.05 | stay long: 72h return -0.18% vs exit band -1.0% and price above 24h EMA; realised vol 63% -> weight 0.25,1.318
1789672836,champion,LINK,11.2943,0.0,0.0,0.0,hold,hold: weight change +0.000 below threshold 0.05 | flat: 72h return -3.37% not above entry band +1.0%,2.275
1789672836,champion,XRP,1.292825,0.0,0.0,0.0,hold,hold: weight change +0.000 below threshold 0.05 | flat: 72h return -12.37% not above entry band +1.0% and price below 24h EMA,0.271
1789672836,champion,DOGE,0.08146,0.0,0.0,0.0,hold,hold: weight change +0.000 below threshold 0.05 | flat: 72h return -4.27% not above entry band +1.0%,0.006
1789672836,champion,DOT,1.0646,0.25,0.25,0.2551,hold,hold: weight change -0.005 below threshold 0.05 | stay long: 72h return +4.50% vs exit band -1.0% and price above 24h EMA; realised vol 87% -> weight 0.25,2.818
1789672836,champion,LTC,53.465,0.0,0.0,0.0,hold,hold: weight change +0.000 below threshold 0.05 | flat: 72h return -1.37% not above entry band +1.0%,0.935
1789676555,champion,BTC,76606.35,0.0,0.0,0.0,hold,hold: weight change +0.000 below threshold 0.05 | flat: 72h return -3.13% not above entry band +1.0%,0.007
1789676555,champion,ETH,2454.095,0.0,0.0,0.0,hold,hold: weight change +0.000 below threshold 0.05 | flat: 72h return -3.63% not above entry band +1.0%,0.02
1789676555,champion,SOL,101.205,0.0,0.0,0.0,hold,hold: weight change +0.000 below threshold 0.05 | flat: 72h return -2.28% not above entry band +1.0%,0.494
1789676555,champion,ADA,0.202496,0.0,0.0,0.0,hold,hold: weight change +0.000 below threshold 0.05 | flat: 72h return -5.12% not above entry band +1.0%,2.716
1789676555,champion,AVAX,7.6135,0.25,0.25,0.2503,hold,hold: weight change -0.000 below threshold 0.05 | stay long: 72h return -0.20% vs exit band -1.0% and price above 24h EMA; realised vol 62% -> weight 0.25,1.97
1789676555,champion,LINK,11.359815,0.0,0.0,0.0,hold,hold: weight change +0.000 below threshold 0.05 | flat: 72h return -3.74% not above entry band +1.0%,1.158
1789676555,champion,XRP,1.298025,0.0,0.0,0.0,hold,hold: weight change +0.000 below threshold 0.05 | flat: 72h return -11.57% not above entry band +1.0% and price below 24h EMA,0.039
1789676555,champion,DOGE,0.081883,0.0,0.0,0.0,hold,hold: weight change +0.000 below threshold 0.05 | flat: 72h return -3.64% not above entry band +1.0%,0.318
1789676555,champion,DOT,1.0774,0.25,0.25,0.2572,hold,hold: weight change -0.007 below threshold 0.05 | stay long: 72h return +4.56% vs exit band -1.0% and price above 24h EMA; realised vol 87% -> weight 0.25,3.713
1789676555,champion,LTC,53.885,0.0,0.0,0.0,hold,hold: weight change +0.000 below threshold 0.05 | flat: 72h return +0.04% not above entry band +1.0%,0.928
1789680105,champion,BTC,76455.25,0.0,0.0,0.0,hold,hold: weight change +0.000 below threshold 0.05 | flat: 72h return -3.27% not above entry band +1.0%,0.007
1789680105,champion,ETH,2449.445,0.0,0.0,0.0,hold,hold: weight change +0.000 below threshold 0.05 | flat: 72h return -4.61% not above entry band +1.0%,0.02
1789680105,champion,SOL,101.175,0.0,0.0,0.0,hold,hold: weight change +0.000 below threshold 0.05 | flat: 72h return -2.66% not above entry band +1.0%,0.494
1789680105,champion,ADA,0.201454,0.0,0.0,0.0,hold,hold: weight change +0.000 below threshold 0.05 | flat: 72h return -5.14% not above entry band +1.0%,0.67
1789680105,champion,AVAX,7.5985,0.0,0.0,0.2506,sell,exit: 72h return -1.40% fell below exit band -1.0%,0.658
1789680105,champion,LINK,11.331205,0.0,0.0,0.0,hold,hold: weight change +0.000 below threshold 0.05 | flat: 72h return -3.36% not above entry band +1.0%,1.487
1789680105,champion,XRP,1.294045,0.0,0.0,0.0,hold,hold: weight change +0.000 below threshold 0.05 | flat: 72h return -11.32% not above entry band +1.0% and price below 24h EMA,0.348
1789680105,champion,DOGE,0.081602,0.0,0.0,0.0,hold,hold: weight change +0.000 below threshold 0.05 | flat: 72h return -4.01% not above entry band +1.0%,0.006
1789680105,champion,DOT,1.06635,0.25,0.25,0.2553,hold,hold: weight change -0.005 below threshold 0.05 | stay long: 72h return +4.96% vs exit band -1.0% and price above 24h EMA; realised vol 87% -> weight 0.25,0.469
1789680105,champion,LTC,53.755,0.0,0.0,0.0,hold,hold: weight change +0.000 below threshold 0.05 | flat: 72h return -0.17% not above entry band +1.0%,0.93
1789683635,champion,BTC,76200.05,0.0,0.0,0.0,hold,hold: weight change +0.000 below threshold 0.05 | flat: 72h return -3.05% not above entry band +1.0% and price below 24h EMA,0.007
1789683635,champion,ETH,2437.605,0.0,0.0,0.0,hold,hold: weight change +0.000 below threshold 0.05 | flat: 72h return -3.98% not above entry band +1.0%,0.021
1789683635,champion,SOL,100.745,0.0,0.0,0.0,hold,hold: weight change +0.000 below threshold 0.05 | flat: 72h return -2.05% not above entry band +1.0%,0.496
1789683635,champion,ADA,0.199819,0.0,0.0,0.0,hold,hold: weight change +0.000 below threshold 0.05 | flat: 72h return -4.72% not above entry band +1.0%,2.527
1789683635,champion,AVAX,7.548,0.0,0.0,0.0,hold,hold: weight change +0.000 below threshold 0.05 | flat: 72h return -0.66% not above entry band +1.0%,1.325
1789683635,champion,LINK,11.260105,0.0,0.0,0.0,hold,hold: weight change +0.000 below threshold 0.05 | flat: 72h return -2.80% not above entry band +1.0%,2.846
1789683635,champion,XRP,1.286815,0.0,0.0,0.0,hold,hold: weight change +0.000 below threshold 0.05 | flat: 72h return -10.51% not above entry band +1.0% and price below 24h EMA,0.039
1789683635,champion,DOGE,0.081125,0.0,0.0,0.0,hold,hold: weight change +0.000 below threshold 0.05 | flat: 72h return -3.55% not above entry band +1.0%,0.123
1789683635,champion,DOT,1.0559,0.25,0.25,0.2536,hold,hold: weight change -0.004 below threshold 0.05 | stay long: 72h return +5.27% vs exit band -1.0% and price above 24h EMA; realised vol 87% -> weight 0.25,0.947
1789683635,champion,LTC,53.72,0.0,0.0,0.0,hold,hold: weight change +0.000 below threshold 0.05 | flat: 72h return +0.99% not above entry band +1.0%,1.862
1789687123,champion,BTC,76417.85,0.0,0.0,0.0,hold,hold: weight change +0.000 below threshold 0.05 | flat: 72h return -2.78% not above entry band +1.0% and price below 24h EMA,0.007
1789687123,champion,ETH,2446.295,0.0,0.0,0.0,hold,hold: weight change +0.000 below threshold 0.05 | flat: 72h return -3.52% not above entry band +1.0%,0.02
1789687123,champion,SOL,101.485,0.0,0.0,0.0,hold,hold: weight change +0.000 below threshold 0.05 | flat: 72h return -1.48% not above entry band +1.0%,0.493
1789687123,champion,ADA,0.201871,0.0,0.0,0.0,hold,hold: weight change +0.000 below threshold 0.05 | flat: 72h return -4.16% not above entry band +1.0%,2.403
1789687123,champion,AVAX,7.5945,0.0,0.0,0.0,hold,hold: weight change +0.000 below threshold 0.05 | flat: 72h return -0.51% not above entry band +1.0%,0.658
1789687123,champion,LINK,11.372745,0.0,0.0,0.0,hold,hold: weight change +0.000 below threshold 0.05 | flat: 72h return -1.87% not above entry band +1.0%,2.976
1789687123,champion,XRP,1.295585,0.0,0.0,0.0,hold,hold: weight change +0.000 below threshold 0.05 | flat: 72h return -9.77% not above entry band +1.0% and price below 24h EMA,0.502
1789687123,champion,DOGE,0.081627,0.0,0.0,0.0,hold,hold: weight change +0.000 below threshold 0.05 | flat: 72h return -3.09% not above entry band +1.0%,0.11
1789687123,champion,DOT,1.0835,0.25,0.25,0.2585,hold,hold: weight change -0.008 below threshold 0.05 | stay long: 72h return +6.57% vs exit band -1.0% and price above 24h EMA; realised vol 87% -> weight 0.25,1.846
1789687123,champion,LTC,53.905,0.0,0.0,0.0,hold,hold: weight change +0.000 below threshold 0.05 | flat: 72h return +0.96% not above entry band +1.0%,2.783
1789691299,champion,BTC,76257.15,0.0,0.0,0.0,hold,hold: weight change +0.000 below threshold 0.05 | flat: 72h return -2.35% not above entry band +1.0% and price below 24h EMA,0.007
1789691299,champion,ETH,2436.595,0.0,0.0,0.0,hold,hold: weight change +0.000 below threshold 0.05 | flat: 72h return -2.80% not above entry band +1.0%,0.021
1789691299,champion,SOL,100.94,0.0,0.0,0.0,hold,hold: weight change +0.000 below threshold 0.05 | flat: 72h return -1.01% not above entry band +1.0%,0.991
1789691299,champion,ADA,0.201634,0.0,0.0,0.0,hold,hold: weight change +0.000 below threshold 0.05 | flat: 72h return -2.93% not above entry band +1.0%,0.025
1789691299,champion,AVAX,7.5915,0.0,0.0,0.0,hold,hold: weight change +0.000 below threshold 0.05 | flat: 72h return +0.64% not above entry band +1.0%,1.976
1789691299,champion,LINK,11.344,0.0,0.0,0.0,hold,hold: weight change +0.000 below threshold 0.05 | flat: 72h return -1.24% not above entry band +1.0%,3.024
1789691299,champion,XRP,1.291645,0.0,0.0,0.0,hold,hold: weight change +0.000 below threshold 0.05 | flat: 72h return -8.93% not above entry band +1.0% and price below 24h EMA,0.813
1789691299,champion,DOGE,0.081342,0.0,0.0,0.0,hold,hold: weight change +0.000 below threshold 0.05 | flat: 72h return -2.37% not above entry band +1.0%,0.006
1789691299,champion,DOT,1.0787,0.25,0.25,0.2576,hold,hold: weight change -0.008 below threshold 0.05 | stay long: 72h return +7.45% vs exit band -1.0% and price above 24h EMA; realised vol 87% -> weight 0.25,1.854
1789691299,champion,LTC,53.935,0.25,0.25,0.0,buy,enter long: 72h return +1.52% vs entry band +1.0% and price above 24h EMA; realised vol 52% -> weight 0.25,2.781
1789694454,champion,BTC,76562.85,0.0,0.0,0.0,hold,hold: weight change +0.000 below threshold 0.05 | flat: 72h return -1.82% not above entry band +1.0%,0.007
1789694454,champion,ETH,2450.545,0.0,0.0,0.0,hold,hold: weight change +0.000 below threshold 0.05 | flat: 72h return -2.77% not above entry band +1.0%,0.02
1789694454,champion,SOL,101.785,0.0,0.0,0.0,hold,hold: weight change +0.000 below threshold 0.05 | flat: 72h return -1.11% not above entry band +1.0%,0.491
1789694454,champion,ADA,0.20599,0.0,0.0,0.0,hold,hold: weight change +0.000 below threshold 0.05 | flat: 72h return -1.81% not above entry band +1.0%,2.16
1789694454,champion,AVAX,7.6425,0.0,0.0,0.0,hold,hold: weight change +0.000 below threshold 0.05 | flat: 72h return +0.84% not above entry band +1.0%,0.654
1789694454,champion,LINK,11.46217,0.0,0.0,0.0,hold,hold: weight change +0.000 below threshold 0.05 | flat: 72h return -1.30% not above entry band +1.0%,1.85
1789694454,champion,XRP,1.30264,0.0,0.0,0.0,hold,hold: weight change +0.000 below threshold 0.05 | flat: 72h return -8.43% not above entry band +1.0%,0.614
1789694454,champion,DOGE,0.082053,0.0,0.0,0.0,hold,hold: weight change +0.000 below threshold 0.05 | flat: 72h return -2.35% not above entry band +1.0%,0.201
1789694454,champion,DOT,1.09365,0.25,0.25,0.2597,hold,hold: weight change -0.010 below threshold 0.05 | stay long: 72h return +10.68% vs exit band -1.0% and price above 24h EMA; realised vol 85% -> weight 0.25,2.286
1789694454,champion,LTC,54.47,0.25,0.25,0.2509,hold,hold: weight change -0.001 below threshold 0.05 | stay long: 72h return +3.27% vs exit band -1.0% and price above 24h EMA; realised vol 52% -> weight 0.25,1.836
1789698191,champion,BTC,76714.05,0.0,0.0,0.0,hold,hold: weight change +0.000 below threshold 0.05 | flat: 72h return -1.57% not above entry band +1.0%,0.007
1789698191,champion,ETH,2453.975,0.0,0.0,0.0,hold,hold: weight change +0.000 below threshold 0.05 | flat: 72h return -2.36% not above entry band +1.0%,0.428
1789698191,champion,SOL,102.285,0.0,0.0,0.0,hold,hold: weight change +0.000 below threshold 0.05 | flat: 72h return +0.15% not above entry band +1.0%,0.489
1789698191,champion,ADA,0.213884,0.0,0.0,0.0,hold,hold: weight change +0.000 below threshold 0.05 | flat: 72h return +0.82% not above entry band +1.0%,2.314
1789698191,champion,AVAX,7.686,0.25,0.25,0.0,buy,enter long: 72h return +1.96% vs entry band +1.0% and price above 24h EMA; realised vol 62% -> weight 0.25,1.301
1789698191,champion,LINK,11.507925,0.0,0.0,0.0,hold,hold: weight change +0.000 below threshold 0.05 | flat: 72h return -0.57% not above entry band +1.0%,1.534
1789698191,champion,XRP,1.302915,0.0,0.0,0.0,hold,hold: weight change +0.000 below threshold 0.05 | flat: 72h return -8.28% not above entry band +1.0%,0.038
1789698191,champion,DOGE,0.082464,0.0,0.0,0.0,hold,hold: weight change +0.000 below threshold 0.05 | flat: 72h return -1.67% not above entry band +1.0%,0.006
1789698191,champion,DOT,1.10985,0.25,0.25,0.2628,hold,hold: weight change -0.013 below threshold 0.05 | stay long: 72h return +11.38% vs exit band -1.0% and price above 24h EMA; realised vol 84% -> weight 0.25,0.451
1789698191,champion,LTC,54.29,0.25,0.25,0.2493,hold,hold: weight change +0.001 below threshold 0.05 | stay long: 72h return +3.16% vs exit band -1.0% and price above 24h EMA; realised vol 52% -> weight 0.25,1.842
1789701706,champion,BTC,77327.95,0.0,0.0,0.0,hold,hold: weight change +0.000 below threshold 0.05 | flat: 72h return -1.23% not above entry band +1.0%,0.006
1789701706,champion,ETH,2474.835,0.0,0.0,0.0,hold,hold: weight change +0.000 below threshold 0.05 | flat: 72h return -2.04% not above entry band +1.0%,0.02
1789701706,champion,SOL,104.17,0.0,0.0,0.0,hold,hold: weight change +0.000 below threshold 0.05 | flat: 72h return +0.67% not above entry band +1.0%,0.96
1789701706,champion,ADA,0.215172,0.25,0.25,0.0,buy,enter long: 72h return +2.93% vs entry band +1.0% and price above 24h EMA; realised vol 74% -> weight 0.25,2.37
1789701706,champion,AVAX,7.804,0.25,0.25,0.2518,hold,hold: weight change -0.002 below threshold 0.05 | stay long: 72h return +1.93% vs exit band -1.0% and price above 24h EMA; realised vol 62% -> weight 0.25,2.563
1789701706,champion,LINK,11.701365,0.0,0.0,0.0,hold,hold: weight change +0.000 below threshold 0.05 | flat: 72h return +0.25% not above entry band +1.0%,0.004
1789701706,champion,XRP,1.32002,0.0,0.0,0.0,hold,hold: weight change +0.000 below threshold 0.05 | flat: 72h return -8.28% not above entry band +1.0%,0.303
1789701706,champion,DOGE,0.083717,0.0,0.0,0.0,hold,hold: weight change +0.000 below threshold 0.05 | flat: 72h return -1.26% not above entry band +1.0%,0.991
1789701706,champion,DOT,1.1184,0.25,0.25,0.2629,hold,hold: weight change -0.013 below threshold 0.05 | stay long: 72h return +12.63% vs exit band -1.0% and price above 24h EMA; realised vol 85% -> weight 0.25,3.577
1789701706,champion,LTC,54.705,0.25,0.25,0.2494,hold,hold: weight change +0.001 below threshold 0.05 | stay long: 72h return +2.57% vs exit band -1.0% and price above 24h EMA; realised vol 52% -> weight 0.25,0.914
1789705338,champion,BTC,77258.15,0.0,0.0,0.0,hold,hold: weight change +0.000 below threshold 0.05 | flat: 72h return -0.46% not above entry band +1.0%,0.006
1789705338,champion,ETH,2473.005,0.0,0.0,0.0,hold,hold: weight change +0.000 below threshold 0.05 | flat: 72h return -0.85% not above entry band +1.0%,0.02
1789705338,champion,SOL,105.165,0.25,0.1429,0.0,none,no fill possible (no cash or no position) | enter long: 72h return +2.96% vs entry band +1.0% and price above 24h EMA; realised vol 55% -> weight 0.25,1.426
1789705338,champion,ADA,0.213954,0.25,0.1429,0.2337,sell,stay long: 72h return +5.38% vs exit band -1.0% and price above 24h EMA; realised vol 75% -> weight 0.25,0.023
1789705338,champion,AVAX,7.8945,0.25,0.1429,0.2542,sell,stay long: 72h return +5.35% vs exit band -1.0% and price above 24h EMA; realised vol 65% -> weight 0.25,0.633
1789705338,champion,LINK,11.73254,0.25,0.1429,0.0,buy,enter long: 72h return +2.22% vs entry band +1.0% and price above 24h EMA; realised vol 63% -> weight 0.25,1.44
1789705338,champion,XRP,1.320655,0.0,0.0,0.0,hold,hold: weight change +0.000 below threshold 0.05 | flat: 72h return -6.35% not above entry band +1.0%,0.568
1789705338,champion,DOGE,0.084291,0.25,0.1429,0.0,buy,enter long: 72h return +1.38% vs entry band +1.0% and price above 24h EMA; realised vol 55% -> weight 0.25,1.37
1789705338,champion,DOT,1.12685,0.25,0.1429,0.2643,sell,stay long: 72h return +12.99% vs exit band -1.0% and price above 24h EMA; realised vol 85% -> weight 0.25,2.219
1789705338,champion,LTC,54.49,0.25,0.1429,0.2479,sell,stay long: 72h return +3.27% vs exit band -1.0% and price above 24h EMA; realised vol 52% -> weight 0.25,3.67
1789708837,champion,BTC,77477.45,0.0,0.0,0.0,hold,hold: weight change +0.000 below threshold 0.05 | flat: 72h return -0.08% not above entry band +1.0%,0.006
1789708837,champion,ETH,2485.495,0.0,0.0,0.0,hold,hold: weight change +0.000 below threshold 0.05 | flat: 72h return -0.43% not above entry band +1.0%,0.02
1789708837,champion,SOL,105.755,0.25,0.1429,0.0,buy,enter long: 72h return +4.35% vs entry band +1.0% and price above 24h EMA; realised vol 56% -> weight 0.25,0.473
1789708837,champion,ADA,0.213626,0.25,0.1429,0.1423,hold,hold: weight change +0.001 below threshold 0.05 | stay long: 72h return +4.70% vs exit band -1.0% and price above 24h EMA; realised vol 75% -> weight 0.25,1.779
1789708837,champion,AVAX,7.9305,0.25,0.1429,0.1431,hold,hold: weight change -0.000 below threshold 0.05 | stay long: 72h return +5.41% vs exit band -1.0% and price above 24h EMA; realised vol 65% -> weight 0.25,1.891
1789708837,champion,LINK,11.776325,0.25,0.1429,0.143,hold,hold: weight change -0.000 below threshold 0.05 | stay long: 72h return +2.81% vs exit band -1.0% and price above 24h EMA; realised vol 63% -> weight 0.25,1.966
1789708837,champion,XRP,1.32184,0.0,0.0,0.0,hold,hold: weight change +0.000 below threshold 0.05 | flat: 72h return -6.28% not above entry band +1.0%,0.53
1789708837,champion,DOGE,0.084421,0.25,0.1429,0.0588,buy,stay long: 72h return +1.57% vs exit band -1.0% and price above 24h EMA; realised vol 54% -> weight 0.25,0.349
1789708837,champion,DOT,1.1369,0.25,0.1429,0.1438,hold,hold: weight change -0.001 below threshold 0.05 | stay long: 72h return +14.67% vs exit band -1.0% and price above 24h EMA; realised vol 85% -> weight 0.25,2.639
1789708837,champion,LTC,54.805,0.25,0.1429,0.1433,hold,hold: weight change -0.000 below threshold 0.05 | stay long: 72h return +3.71% vs exit band -1.0% and price above 24h EMA; realised vol 52% -> weight 0.25,0.912
1789712814,champion,BTC,77585.05,0.0,0.0,0.0,hold,hold: weight change +0.000 below threshold 0.05 | flat: 72h return -0.23% not above entry band +1.0%,0.006
1789712814,champion,ETH,2484.265,0.0,0.0,0.0,hold,hold: weight change +0.000 below threshold 0.05 | flat: 72h return -0.71% not above entry band +1.0%,0.02
1789712814,champion,SOL,105.685,0.25,0.1429,0.143,hold,hold: weight change -0.000 below threshold 0.05 | stay long: 72h return +3.93% vs exit band -1.0% and price above 24h EMA; realised vol 56% -> weight 0.25,0.473
1789712814,champion,ADA,0.213432,0.25,0.1429,0.1425,hold,hold: weight change +0.000 below threshold 0.05 | stay long: 72h return +3.40% vs exit band -1.0% and price above 24h EMA; realised vol 75% -> weight 0.25,2.085
1789712814,champion,AVAX,7.8915,0.25,0.1429,0.1428,hold,hold: weight change +0.000 below threshold 0.05 | stay long: 72h return +4.49% vs exit band -1.0% and price above 24h EMA; realised vol 65% -> weight 0.25,1.901
1789712814,champion,LINK,11.79503,0.25,0.1429,0.1436,hold,hold: weight change -0.001 below threshold 0.05 | stay long: 72h return +1.89% vs exit band -1.0% and price above 24h EMA; realised vol 63% -> weight 0.25,1.458
1789712814,champion,XRP,1.321665,0.0,0.0,0.0,hold,hold: weight change +0.000 below threshold 0.05 | flat: 72h return -6.44% not above entry band +1.0%,0.567
1789712814,champion,DOGE,0.084312,0.25,0.1429,0.1415,hold,hold: weight change +0.001 below threshold 0.05 | stay long: 72h return +1.00% vs exit band -1.0% and price above 24h EMA; realised vol 55% -> weight 0.25,1.115
1789712814,champion,DOT,1.12625,0.25,0.1429,0.1427,hold,hold: weight change +0.000 below threshold 0.05 | stay long: 72h return +12.86% vs exit band -1.0% and price above 24h EMA; realised vol 85% -> weight 0.25,0.444
1789712814,champion,LTC,54.9,0.25,0.1429,0.1439,hold,hold: weight change -0.001 below threshold 0.05 | stay long: 72h return +3.87% vs exit band -1.0% and price above 24h EMA; realised vol 52% -> weight 0.25,1.821
1789716125,champion,BTC,77718.85,0.0,0.0,0.0,hold,hold: weight change +0.000 below threshold 0.05 | flat: 72h return +0.37% not above entry band +1.0%,0.006
1789716125,champion,ETH,2494.435,0.0,0.0,0.0,hold,hold: weight change +0.000 below threshold 0.05 | flat: 72h return +0.01% not above entry band +1.0%,0.02
1789716125,champion,SOL,105.805,0.25,0.1429,0.1425,hold,hold: weight change +0.000 below threshold 0.05 | stay long: 72h return +4.59% vs exit band -1.0% and price above 24h EMA; realised vol 56% -> weight 0.25,0.473
1789716125,champion,ADA,0.214173,0.25,0.1429,0.1423,hold,hold: weight change +0.001 below threshold 0.05 | stay long: 72h return +4.31% vs exit band -1.0% and price above 24h EMA; realised vol 75% -> weight 0.25,2.848
1789716125,champion,AVAX,7.902,0.25,0.1429,0.1423,hold,hold: weight change +0.001 below threshold 0.05 | stay long: 72h return +5.84% vs exit band -1.0% and price above 24h EMA; realised vol 65% -> weight 0.25,1.266
1789716125,champion,LINK,11.82059,0.25,0.1429,0.1432,hold,hold: weight change -0.000 below threshold 0.05 | stay long: 72h return +3.43% vs exit band -1.0% and price above 24h EMA; realised vol 63% -> weight 0.25,1.421
1789716125,champion,XRP,1.32633,0.0,0.0,0.0,hold,hold: weight change +0.000 below threshold 0.05 | flat: 72h return -5.56% not above entry band +1.0%,0.226
1789716125,champion,DOGE,0.08437,0.25,0.1429,0.141,hold,hold: weight change +0.002 below threshold 0.05 | stay long: 72h return +1.82% vs exit band -1.0% and price above 24h EMA; realised vol 55% -> weight 0.25,0.006
1789716125,champion,DOT,1.14825,0.25,0.1429,0.1449,hold,hold: weight change -0.002 below threshold 0.05 | stay long: 72h return +15.36% vs exit band -1.0% and price above 24h EMA; realised vol 85% -> weight 0.25,1.306
1789716125,champion,LTC,55.11,0.25,0.1429,0.1438,hold,hold: weight change -0.001 below threshold 0.05 | stay long: 72h return +4.11% vs exit band -1.0% and price above 24h EMA; realised vol 52% -> weight 0.25,3.629
1789719788,champion,BTC,77955.55,0.25,0.125,0.0,none,no fill possible (no cash or no position) | enter long: 72h return +1.10% vs entry band +1.0% and price above 24h EMA; realised vol 32% -> weight 0.25,0.006
1789719788,champion,ETH,2502.325,0.0,0.0,0.0,hold,hold: weight change +0.000 below threshold 0.05 | flat: 72h return +0.60% not above entry band +1.0%,0.02
1789719788,champion,SOL,106.215,0.25,0.125,0.1426,hold,hold: weight change -0.018 below threshold 0.05 | stay long: 72h return +5.24% vs exit band -1.0% and price above 24h EMA; realised vol 56% -> weight 0.25,0.471
1789719788,champion,ADA,0.214668,0.25,0.125,0.1421,hold,hold: weight change -0.017 below threshold 0.05 | stay long: 72h return +5.22% vs exit band -1.0% and price above 24h EMA; realised vol 75% -> weight 0.25,1.77
1789719788,champion,AVAX,7.926,0.25,0.125,0.1422,hold,hold: weight change -0.017 below threshold 0.05 | stay long: 72h return +6.23% vs exit band -1.0% and price above 24h EMA; realised vol 65% -> weight 0.25,2.523
1789719788,champion,LINK,11.869545,0.25,0.125,0.1433,hold,hold: weight change -0.018 below threshold 0.05 | stay long: 72h return +4.28% vs exit band -1.0% and price above 24h EMA; realised vol 63% -> weight 0.25,0.004
1789719788,champion,XRP,1.333905,0.0,0.0,0.0,hold,hold: weight change +0.000 below threshold 0.05 | flat: 72h return -4.68% not above entry band +1.0%,0.037
1789719788,champion,DOGE,0.084581,0.25,0.125,0.1408,hold,hold: weight change -0.016 below threshold 0.05 | stay long: 72h return +2.23% vs exit band -1.0% and price above 24h EMA; realised vol 55% -> weight 0.25,0.467
1789719788,champion,DOT,1.15115,0.25,0.125,0.1447,hold,hold: weight change -0.020 below threshold 0.05 | stay long: 72h return +16.79% vs exit band -1.0% and price above 24h EMA; realised vol 84% -> weight 0.25,0.434
1789719788,champion,LTC,55.455,0.25,0.125,0.1442,hold,hold: weight change -0.019 below threshold 0.05 | stay long: 72h return +4.97% vs exit band -1.0% and price above 24h EMA; realised vol 52% -> weight 0.25,2.705
1789723344,champion,BTC,78286.35,0.25,0.1111,0.0,none,no fill possible (no cash or no position) | enter long: 72h return +1.61% vs entry band +1.0% and price above 24h EMA; realised vol 32% -> weight 0.25,0.006
1789723344,champion,ETH,2516.875,0.25,0.1111,0.0,none,no fill possible (no cash or no position) | enter long: 72h return +1.08% vs entry band +1.0% and price above 24h EMA; realised vol 56% -> weight 0.25,0.02
1789723344,champion,SOL,106.255,0.25,0.1111,0.1425,hold,hold: weight change -0.031 below threshold 0.05 | stay long: 72h return +5.55% vs exit band -1.0% and price above 24h EMA; realised vol 56% -> weight 0.25,0.471
1789723344,champion,ADA,0.215274,0.25,0.1111,0.1424,hold,hold: weight change -0.031 below threshold 0.05 | stay long: 72h return +4.93% vs exit band -1.0% and price above 24h EMA; realised vol 75% -> weight 0.25,2.323
1789723344,champion,AVAX,7.9395,0.25,0.1111,0.1423,hold,hold: weight change -0.031 below threshold 0.05 | stay long: 72h return +5.47% vs exit band -1.0% and price above 24h EMA; realised vol 65% -> weight 0.25,0.63
1789723344,champion,LINK,11.850025,0.25,0.1111,0.1429,hold,hold: weight change -0.032 below threshold 0.05 | stay long: 72h return +3.53% vs exit band -1.0% and price above 24h EMA; realised vol 63% -> weight 0.25,2.401
1789723344,champion,XRP,1.3375,0.0,0.0,0.0,hold,hold: weight change +0.000 below threshold 0.05 | flat: 72h return -4.40% not above entry band +1.0%,0.374
1789723344,champion,DOGE,0.085284,0.25,0.1111,0.1419,hold,hold: weight change -0.031 below threshold 0.05 | stay long: 72h return +2.61% vs exit band -1.0% and price above 24h EMA; realised vol 55% -> weight 0.25,0.375
1789723344,champion,DOT,1.14365,0.25,0.1111,0.1436,hold,hold: weight change -0.032 below threshold 0.05 | stay long: 72h return +17.58% vs exit band -1.0% and price above 24h EMA; realised vol 84% -> weight 0.25,1.312
1789723344,champion,LTC,55.635,0.25,0.1111,0.1445,hold,hold: weight change -0.033 below threshold 0.05 | stay long: 72h return +6.16% vs exit band -1.0% and price above 24h EMA; realised vol 53% -> weight 0.25,0.899
1789726939,champion,BTC,78123.75,0.25,0.1111,0.0,none,no fill possible (no cash or no position) | enter long: 72h return +1.55% vs entry band +1.0% and price above 24h EMA; realised vol 32% -> weight 0.25,0.006
1789726939,champion,ETH,2511.195,0.25,0.1111,0.0,none,no fill possible (no cash or no position) | enter long: 72h return +1.31% vs entry band +1.0% and price above 24h EMA; realised vol 56% -> weight 0.25,0.02
1789726939,champion,SOL,106.445,0.25,0.1111,0.1421,hold,hold: weight change -0.031 below threshold 0.05 | stay long: 72h return +5.49% vs exit band -1.0% and price above 24h EMA; realised vol 56% -> weight 0.25,0.47
1789726939,champion,ADA,0.215861,0.25,0.1111,0.1421,hold,hold: weight change -0.031 below threshold 0.05 | stay long: 72h return +5.60% vs exit band -1.0% and price above 24h EMA; realised vol 74% -> weight 0.25,3.289
1789726939,champion,AVAX,7.9885,0.25,0.1111,0.1426,hold,hold: weight change -0.031 below threshold 0.05 | stay long: 72h return +5.58% vs exit band -1.0% and price above 24h EMA; realised vol 65% -> weight 0.25,0.626
1789726939,champion,LINK,11.89153,0.25,0.1111,0.1428,hold,hold: weight change -0.032 below threshold 0.05 | stay long: 72h return +4.24% vs exit band -1.0% and price above 24h EMA; realised vol 63% -> weight 0.25,2.968
1789726939,champion,XRP,1.333935,0.0,0.0,0.0,hold,hold: weight change +0.000 below threshold 0.05 | flat: 72h return -4.81% not above entry band +1.0%,0.037
1789726939,champion,DOGE,0.086052,0.25,0.1111,0.1425,hold,hold: weight change -0.031 below threshold 0.05 | stay long: 72h return +3.70% vs exit band -1.0% and price above 24h EMA; realised vol 55% -> weight 0.25,0.564
1789726939,champion,DOT,1.1526,0.25,0.1111,0.1441,hold,hold: weight change -0.033 below threshold 0.05 | stay long: 72h return +16.48% vs exit band -1.0% and price above 24h EMA; realised vol 82% -> weight 0.25,2.603
1789726939,champion,LTC,55.64,0.25,0.1111,0.1438,hold,hold: weight change -0.033 below threshold 0.05 | stay long: 72h return +5.88% vs exit band -1.0% and price above 24h EMA; realised vol 52% -> weight 0.25,1.797
1789730465,champion,BTC,78048.25,0.25,0.1111,0.0,none,no fill possible (no cash or no position) | enter long: 72h return +1.56% vs entry band +1.0% and price above 24h EMA; realised vol 32% -> weight 0.25,0.006
1789730465,champion,ETH,2504.345,0.25,0.1111,0.0,none,no fill possible (no cash or no position) | enter long: 72h return +1.17% vs entry band +1.0% and price above 24h EMA; realised vol 56% -> weight 0.25,0.02
1789730465,champion,SOL,105.58,0.25,0.1111,0.1426,hold,hold: weight change -0.031 below threshold 0.05 | stay long: 72h return +5.21% vs exit band -1.0% and price above 24h EMA; realised vol 56% -> weight 0.25,0.947
1789730465,champion,ADA,0.213457,0.25,0.1111,0.1422,hold,hold: weight change -0.031 below threshold 0.05 | stay long: 72h return +4.58% vs exit band -1.0% and price above 24h EMA; realised vol 74% -> weight 0.25,2.178
1789730465,champion,AVAX,7.9455,0.25,0.1111,0.1435,hold,hold: weight change -0.032 below threshold 0.05 | stay long: 72h return +6.34% vs exit band -1.0% and price above 24h EMA; realised vol 65% -> weight 0.25,0.629
1789730465,champion,LINK,11.7521,0.25,0.1111,0.1428,hold,hold: weight change -0.032 below threshold 0.05 | stay long: 72h return +4.41% vs exit band -1.0% and price above 24h EMA; realised vol 63% -> weight 0.25,3.285
1789730465,champion,XRP,1.32052,0.0,0.0,0.0,hold,hold: weight change +0.000 below threshold 0.05 | flat: 72h return -5.07% not above entry band +1.0%,0.151
1789730465,champion,DOGE,0.085174,0.25,0.1111,0.1427,hold,hold: weight change -0.032 below threshold 0.05 | stay long: 72h return +3.57% vs exit band -1.0% and price above 24h EMA; realised vol 55% -> weight 0.25,0.217
1789730465,champion,DOT,1.12575,0.25,0.1111,0.1424,hold,hold: weight change -0.031 below threshold 0.05 | stay long: 72h return +14.80% vs exit band -1.0% and price above 24h EMA; realised vol 82% -> weight 0.25,0.444
1789730465,champion,LTC,55.01,0.25,0.1111,0.1439,hold,hold: weight change -0.033 below threshold 0.05 | stay long: 72h return +5.56% vs exit band -1.0% and price above 24h EMA; realised vol 52% -> weight 0.25,1.818
1789734362,champion,BTC,77935.85,0.25,0.1111,0.0,none,no fill possible (no cash or no position) | enter long: 72h return +1.41% vs entry band +1.0% and price above 24h EMA; realised vol 32% -> weight 0.25,0.006
1789734362,champion,ETH,2501.51,0.25,0.1111,0.0,none,no fill possible (no cash or no position) | enter long: 72h return +1.22% vs entry band +1.0% and price above 24h EMA; realised vol 56% -> weight 0.25,0.6
1789734362,champion,SOL,105.515,0.25,0.1111,0.1424,hold,hold: weight change -0.031 below threshold 0.05 | stay long: 72h return +4.79% vs exit band -1.0% and price above 24h EMA; realised vol 56% -> weight 0.25,0.474
1789734362,champion,ADA,0.21378,0.25,0.1111,0.1423,hold,hold: weight change -0.031 below threshold 0.05 | stay long: 72h return +4.55% vs exit band -1.0% and price above 24h EMA; realised vol 74% -> weight 0.25,0.023
1789734362,champion,AVAX,7.9815,0.25,0.1111,0.144,hold,hold: weight change -0.033 below threshold 0.05 | stay long: 72h return +6.21% vs exit band -1.0% and price above 24h EMA; realised vol 65% -> weight 0.25,1.879
1789734362,champion,LINK,11.791225,0.25,0.1111,0.1431,hold,hold: weight change -0.032 below threshold 0.05 | stay long: 72h return +3.78% vs exit band -1.0% and price above 24h EMA; realised vol 63% -> weight 0.25,3.863
1789734362,champion,XRP,1.321515,0.0,0.0,0.0,hold,hold: weight change +0.000 below threshold 0.05 | flat: 72h return -5.59% not above entry band +1.0%,0.568
1789734362,champion,DOGE,0.085141,0.25,0.1111,0.1425,hold,hold: weight change -0.031 below threshold 0.05 | stay long: 72h return +3.32% vs exit band -1.0% and price above 24h EMA; realised vol 55% -> weight 0.25,1.398
1789734362,champion,DOT,1.12645,0.25,0.1111,0.1423,hold,hold: weight change -0.031 below threshold 0.05 | stay long: 72h return +13.76% vs exit band -1.0% and price above 24h EMA; realised vol 83% -> weight 0.25,2.219
1789734362,champion,LTC,54.925,0.25,0.1111,0.1435,hold,hold: weight change -0.032 below threshold 0.05 | stay long: 72h return +5.25% vs exit band -1.0% and price above 24h EMA; realised vol 52% -> weight 0.25,0.91
1789737680,champion,BTC,78075.05,0.25,0.125,0.0,none,no fill possible (no cash or no position) | enter long: 72h return +1.36% vs entry band +1.0% and price above 24h EMA; realised vol 31% -> weight 0.25,0.006
1789737680,champion,ETH,2503.935,0.0,0.0,0.0,hold,hold: weight change +0.000 below threshold 0.05 | flat: 72h return +0.87% not above entry band +1.0%,0.459
1789737680,champion,SOL,105.905,0.25,0.125,0.1418,hold,hold: weight change -0.017 below threshold 0.05 | stay long: 72h return +4.69% vs exit band -1.0% and price above 24h EMA; realised vol 54% -> weight 0.25,0.472
1789737680,champion,ADA,0.215994,0.25,0.125,0.1426,hold,hold: weight change -0.018 below threshold 0.05 | stay long: 72h return +4.58% vs exit band -1.0% and price above 24h EMA; realised vol 71% -> weight 0.25,2.824
1789737680,champion,AVAX,8.051,0.25,0.125,0.1441,hold,hold: weight change -0.019 below threshold 0.05 | stay long: 72h return +6.01% vs exit band -1.0% and price above 24h EMA; realised vol 62% -> weight 0.25,1.242
1789737680,champion,LINK,11.82098,0.25,0.125,0.1423,hold,hold: weight change -0.017 below threshold 0.05 | stay long: 72h return +3.48% vs exit band -1.0% and price above 24h EMA; realised vol 61% -> weight 0.25,3.012
1789737680,champion,XRP,1.32497,0.0,0.0,0.0,hold,hold: weight change +0.000 below threshold 0.05 | flat: 72h return -6.65% not above entry band +1.0%,0.377
1789737680,champion,DOGE,0.085357,0.25,0.125,0.1418,hold,hold: weight change -0.017 below threshold 0.05 | stay long: 72h return +3.14% vs exit band -1.0% and price above 24h EMA; realised vol 54% -> weight 0.25,0.211
1789737680,champion,DOT,1.1516,0.25,0.125,0.1444,hold,hold: weight change -0.019 below threshold 0.05 | stay long: 72h return +15.38% vs exit band -1.0% and price above 24h EMA; realised vol 83% -> weight 0.25,1.737
1789737680,champion,LTC,55.15,0.25,0.125,0.143,hold,hold: weight change -0.018 below threshold 0.05 | stay long: 72h return +4.81% vs exit band -1.0% and price above 24h EMA; realised vol 51% -> weight 0.25,1.813
1789741323,champion,BTC,80716.35,0.25,0.1111,0.0,none,no fill possible (no cash or no position) | enter long: 72h return +4.48% vs entry band +1.0% and price above 24h EMA; realised vol 34% -> weight 0.25,0.006
1789741323,champion,ETH,2572.55,0.25,0.1111,0.0,none,no fill possible (no cash or no position) | enter long: 72h return +4.08% vs entry band +1.0% and price above 24h EMA; realised vol 45% -> weight 0.25,1.088
1789741323,champion,SOL,109.565,0.25,0.1111,0.1444,hold,hold: weight change -0.033 below threshold 0.05 | stay long: 72h return +7.90% vs exit band -1.0% and price above 24h EMA; realised vol 52% -> weight 0.25,0.456
1789741323,champion,ADA,0.219099,0.25,0.1111,0.1425,hold,hold: weight change -0.031 below threshold 0.05 | stay long: 72h return +5.55% vs exit band -1.0% and price above 24h EMA; realised vol 68% -> weight 0.25,3.492
1789741323,champion,AVAX,8.0915,0.25,0.1111,0.1426,hold,hold: weight change -0.031 below threshold 0.05 | stay long: 72h return +6.95% vs exit band -1.0% and price above 24h EMA; realised vol 59% -> weight 0.25,1.854
1789741323,champion,LINK,12.088985,0.25,0.1111,0.1433,hold,hold: weight change -0.032 below threshold 0.05 | stay long: 72h return +5.46% vs exit band -1.0% and price above 24h EMA; realised vol 57% -> weight 0.25,3.619
1789741323,champion,XRP,1.37336,0.0,0.0,0.0,hold,hold: weight change +0.000 below threshold 0.05 | flat: 72h return -3.85% not above entry band +1.0%,0.583
1789741323,champion,DOGE,0.0878,0.25,0.1111,0.1436,hold,hold: weight change -0.032 below threshold 0.05 | stay long: 72h return +5.36% vs exit band -1.0% and price above 24h EMA; realised vol 52% -> weight 0.25,0.006
1789741323,champion,DOT,1.14735,0.25,0.1111,0.1416,hold,hold: weight change -0.031 below threshold 0.05 | stay long: 72h return +14.91% vs exit band -1.0% and price above 24h EMA; realised vol 83% -> weight 0.25,0.436
1789741323,champion,LTC,55.595,0.25,0.1111,0.1419,hold,hold: weight change -0.031 below threshold 0.05 | stay long: 72h return +5.72% vs exit band -1.0% and price above 24h EMA; realised vol 49% -> weight 0.25,4.497
1789744915,champion,BTC,80836.05,0.25,0.1,0.0,none,no fill possible (no cash or no position) | enter long: 72h return +6.59% vs entry band +1.0% and price above 24h EMA; realised vol 35% -> weight 0.25,0.006
1789744915,champion,ETH,2579.585,0.25,0.1,0.0,none,no fill possible (no cash or no position) | enter long: 72h return +7.24% vs entry band +1.0% and price above 24h EMA; realised vol 45% -> weight 0.25,0.019
1789744915,champion,SOL,110.245,0.25,0.1,0.1452,hold,hold: weight change -0.045 below threshold 0.05 | stay long: 72h return +12.04% vs exit band -1.0% and price above 24h EMA; realised vol 53% -> weight 0.25,0.454
1789744915,champion,ADA,0.219241,0.25,0.1,0.1424,hold,hold: weight change -0.042 below threshold 0.05 | stay long: 72h return +10.31% vs exit band -1.0% and price above 24h EMA; realised vol 69% -> weight 0.25,1.323
1789744915,champion,AVAX,8.1085,0.25,0.1,0.1428,hold,hold: weight change -0.043 below threshold 0.05 | stay long: 72h return +10.03% vs exit band -1.0% and price above 24h EMA; realised vol 60% -> weight 0.25,0.617
1789744915,champion,LINK,12.1399,0.25,0.1,0.1438,hold,hold: weight change -0.044 below threshold 0.05 | stay long: 72h return +9.00% vs exit band -1.0% and price above 24h EMA; realised vol 57% -> weight 0.25,4.621
1789744915,champion,XRP,1.385135,0.25,0.1,0.0,none,no fill possible (no cash or no position) | enter long: 72h return +1.15% vs entry band +1.0% and price above 24h EMA; realised vol 78% -> weight 0.25,0.686
1789744915,champion,DOGE,0.087521,0.25,0.1,0.143,hold,hold: weight change -0.043 below threshold 0.05 | stay long: 72h return +8.31% vs exit band -1.0% and price above 24h EMA; realised vol 52% -> weight 0.25,2.177
1789744915,champion,DOT,1.13485,0.25,0.1,0.14,hold,hold: weight change -0.040 below threshold 0.05 | stay long: 72h return +17.22% vs exit band -1.0% and price above 24h EMA; realised vol 79% -> weight 0.25,1.322
1789744915,champion,LTC,55.965,0.25,0.1,0.1428,hold,hold: weight change -0.043 below threshold 0.05 | stay long: 72h return +8.59% vs exit band -1.0% and price above 24h EMA; realised vol 49% -> weight 0.25,2.68
1789748456,champion,BTC,81010.45,0.25,0.1111,0.0,none,no fill possible (no cash or no position) | enter long: 72h return +5.52% vs entry band +1.0% and price above 24h EMA; realised vol 34% -> weight 0.25,0.006
1789748456,champion,ETH,2597.715,0.25,0.1111,0.0,none,no fill possible (no cash or no position) | enter long: 72h return +6.57% vs entry band +1.0% and price above 24h EMA; realised vol 43% -> weight 0.25,2.021
1789748456,champion,SOL,111.66,0.25,0.1111,0.1465,hold,hold: weight change -0.035 below threshold 0.05 | stay long: 72h return +11.92% vs exit band -1.0% and price above 24h EMA; realised vol 51% -> weight 0.25,2.687
1789748456,champion,ADA,0.219887,0.25,0.1111,0.1424,hold,hold: weight change -0.031 below threshold 0.05 | stay long: 72h return +8.86% vs exit band -1.0% and price above 24h EMA; realised vol 68% -> weight 0.25,2.365
1789748456,champion,AVAX,8.108,0.25,0.1111,0.1423,hold,hold: weight change -0.031 below threshold 0.05 | stay long: 72h return +9.14% vs exit band -1.0% and price above 24h EMA; realised vol 58% -> weight 0.25,3.7
1789748456,champion,LINK,12.197145,0.25,0.1111,0.144,hold,hold: weight change -0.033 below threshold 0.05 | stay long: 72h return +7.71% vs exit band -1.0% and price above 24h EMA; realised vol 55% -> weight 0.25,3.472
1789748456,champion,XRP,1.385295,0.0,0.0,0.0,hold,hold: weight change +0.000 below threshold 0.05 | flat: 72h return -0.37% not above entry band +1.0%,0.541
1789748456,champion,DOGE,0.087681,0.25,0.1111,0.1427,hold,hold: weight change -0.032 below threshold 0.05 | stay long: 72h return +7.05% vs exit band -1.0% and price above 24h EMA; realised vol 51% -> weight 0.25,2.384
1789748456,champion,DOT,1.1339,0.25,0.1111,0.1394,hold,hold: weight change -0.028 below threshold 0.05 | stay long: 72h return +15.21% vs exit band -1.0% and price above 24h EMA; realised vol 78% -> weight 0.25,3.528
1789748456,champion,LTC,56.165,0.25,0.1111,0.1428,hold,hold: weight change -0.032 below threshold 0.05 | stay long: 72h return +7.81% vs exit band -1.0% and price above 24h EMA; realised vol 49% -> weight 0.25,2.671
1789751959,champion,BTC,80824.25,0.25,0.1111,0.0,none,no fill possible (no cash or no position) | enter long: 72h return +5.88% vs entry band +1.0% and price above 24h EMA; realised vol 34% -> weight 0.25,0.006
1789751959,champion,ETH,2594.865,0.25,0.1111,0.0,none,no fill possible (no cash or no position) | enter long: 72h return +7.24% vs entry band +1.0% and price above 24h EMA; realised vol 43% -> weight 0.25,0.289
1789751959,champion,SOL,112.03,0.25,0.1111,0.1473,hold,hold: weight change -0.036 below threshold 0.05 | stay long: 72h return +12.74% vs exit band -1.0% and price above 24h EMA; realised vol 51% -> weight 0.25,0.893
1789751959,champion,ADA,0.219011,0.25,0.1111,0.1421,hold,hold: weight change -0.031 below threshold 0.05 | stay long: 72h return +8.18% vs exit band -1.0% and price above 24h EMA; realised vol 68% -> weight 0.25,1.552
1789751959,champion,AVAX,8.0735,0.25,0.1111,0.1419,hold,hold: weight change -0.031 below threshold 0.05 | stay long: 72h return +8.75% vs exit band -1.0% and price above 24h EMA; realised vol 58% -> weight 0.25,1.858
1789751959,champion,LINK,12.133735,0.25,0.1111,0.1435,hold,hold: weight change -0.032 below threshold 0.05 | stay long: 72h return +7.93% vs exit band -1.0% and price above 24h EMA; realised vol 55% -> weight 0.25,1.364
1789751959,champion,XRP,1.383065,0.0,0.0,0.0,hold,hold: weight change +0.000 below threshold 0.05 | flat: 72h return -0.51% not above entry band +1.0%,0.398
1789751959,champion,DOGE,0.087528,0.25,0.1111,0.1428,hold,hold: weight change -0.032 below threshold 0.05 | stay long: 72h return +7.50% vs exit band -1.0% and price above 24h EMA; realised vol 50% -> weight 0.25,0.006
1789751959,champion,DOT,1.1309,0.25,0.1111,0.1393,hold,hold: weight change -0.028 below threshold 0.05 | stay long: 72h return +15.75% vs exit band -1.0% and price above 24h EMA; realised vol 78% -> weight 0.25,1.769
1789751959,champion,LTC,56.175,0.25,0.1111,0.1431,hold,hold: weight change -0.032 below threshold 0.05 | stay long: 72h return +8.50% vs exit band -1.0% and price above 24h EMA; realised vol 48% -> weight 0.25,0.89
1789755837,champion,BTC,80872.25,0.25,0.1111,0.0,none,no fill possible (no cash or no position) | enter long: 72h return +5.29% vs entry band +1.0% and price above 24h EMA; realised vol 33% -> weight 0.25,0.006
1789755837,champion,ETH,2606.93,0.25,0.1111,0.0,none,no fill possible (no cash or no position) | enter long: 72h return +6.86% vs entry band +1.0% and price above 24h EMA; realised vol 43% -> weight 0.25,1.227
1789755837,champion,SOL,112.64,0.25,0.1111,0.1473,hold,hold: weight change -0.036 below threshold 0.05 | stay long: 72h return +12.41% vs exit band -1.0% and price above 24h EMA; realised vol 52% -> weight 0.25,0.888
1789755837,champion,ADA,0.22107,0.25,0.1111,0.1426,hold,hold: weight change -0.032 below threshold 0.05 | stay long: 72h return +8.72% vs exit band -1.0% and price above 24h EMA; realised vol 68% -> weight 0.25,2.646
1789755837,champion,AVAX,8.159,0.25,0.1111,0.1426,hold,hold: weight change -0.032 below threshold 0.05 | stay long: 72h return +8.34% vs exit band -1.0% and price above 24h EMA; realised vol 58% -> weight 0.25,1.226
1789755837,champion,LINK,12.20762,0.25,0.1111,0.1436,hold,hold: weight change -0.032 below threshold 0.05 | stay long: 72h return +8.09% vs exit band -1.0% and price above 24h EMA; realised vol 55% -> weight 0.25,3.94
1789755837,champion,XRP,1.38998,0.0,0.0,0.0,hold,hold: weight change +0.000 below threshold 0.05 | flat: 72h return -0.96% not above entry band +1.0%,0.432
1789755837,champion,DOGE,0.087358,0.25,0.1111,0.1417,hold,hold: weight change -0.031 below threshold 0.05 | stay long: 72h return +6.63% vs exit band -1.0% and price above 24h EMA; realised vol 50% -> weight 0.25,0.59
1789755837,champion,DOT,1.13385,0.25,0.1111,0.1389,hold,hold: weight change -0.028 below threshold 0.05 | stay long: 72h return +15.72% vs exit band -1.0% and price above 24h EMA; realised vol 77% -> weight 0.25,1.323
1789755837,champion,LTC,56.535,0.25,0.1111,0.1432,hold,hold: weight change -0.032 below threshold 0.05 | stay long: 72h return +8.56% vs exit band -1.0% and price above 24h EMA; realised vol 48% -> weight 0.25,0.884
1789759230,champion,BTC,81140.95,0.25,0.1,0.0,none,no fill possible (no cash or no position) | enter long: 72h return +6.55% vs entry band +1.0% and price above 24h EMA; realised vol 33% -> weight 0.25,0.006
1789759230,champion,ETH,2629.855,0.25,0.1,0.0,none,no fill possible (no cash or no position) | enter long: 72h return +8.79% vs entry band +1.0% and price above 24h EMA; realised vol 42% -> weight 0.25,0.551
1789759230,champion,SOL,113.69,0.25,0.1,0.1473,hold,hold: weight change -0.047 below threshold 0.05 | stay long: 72h return +14.29% vs exit band -1.0% and price above 24h EMA; realised vol 51% -> weight 0.25,0.88
1789759230,champion,ADA,0.222529,0.25,0.1,0.1423,hold,hold: weight change -0.042 below threshold 0.05 | stay long: 72h return +11.15% vs exit band -1.0% and price above 24h EMA; realised vol 66% -> weight 0.25,2.943
1789759230,champion,AVAX,8.316,0.25,0.1,0.1441,hold,hold: weight change -0.044 below threshold 0.05 | stay long: 72h return +11.55% vs exit band -1.0% and price above 24h EMA; realised vol 57% -> weight 0.25,1.203
1789759230,champion,LINK,12.3125,0.25,0.1,0.1435,hold,hold: weight change -0.044 below threshold 0.05 | stay long: 72h return +10.10% vs exit band -1.0% and price above 24h EMA; realised vol 54% -> weight 0.25,0.845
1789759230,champion,XRP,1.39923,0.25,0.1,0.0,none,no fill possible (no cash or no position) | enter long: 72h return +4.77% vs entry band +1.0% and price above 24h EMA; realised vol 78% -> weight 0.25,0.858
1789759230,champion,DOGE,0.087872,0.25,0.1,0.1413,hold,hold: weight change -0.041 below threshold 0.05 | stay long: 72h return +8.12% vs exit band -1.0% and price above 24h EMA; realised vol 49% -> weight 0.25,0.006
1789759230,champion,DOT,1.13705,0.25,0.1,0.138,hold,hold: weight change -0.038 below threshold 0.05 | stay long: 72h return +18.22% vs exit band -1.0% and price above 24h EMA; realised vol 77% -> weight 0.25,2.199
1789759230,champion,LTC,57.185,0.25,0.1,0.1435,hold,hold: weight change -0.044 below threshold 0.05 | stay long: 72h return +9.82% vs exit band -1.0% and price above 24h EMA; realised vol 47% -> weight 0.25,0.874
1789762876,champion,BTC,81182.85,0.25,0.1,0.0,none,no fill possible (no cash or no position) | enter long: 72h return +6.68% vs entry band +1.0% and price above 24h EMA; realised vol 33% -> weight 0.25,0.006
1789762876,champion,ETH,2638.185,0.25,0.1,0.0,none,no fill possible (no cash or no position) | enter long: 72h return +9.19% vs entry band +1.0% and price above 24h EMA; realised vol 42% -> weight 0.25,0.019
1789762876,champion,SOL,113.885,0.25,0.1,0.1476,hold,hold: weight change -0.048 below threshold 0.05 | stay long: 72h return +16.79% vs exit band -1.0% and price above 24h EMA; realised vol 52% -> weight 0.25,0.439
1789762876,champion,ADA,0.222677,0.25,0.1,0.1423,hold,hold: weight change -0.042 below threshold 0.05 | stay long: 72h return +12.38% vs exit band -1.0% and price above 24h EMA; realised vol 66% -> weight 0.25,2.29
1789762876,champion,AVAX,8.254,0.25,0.1,0.143,hold,hold: weight change -0.043 below threshold 0.05 | stay long: 72h return +12.74% vs exit band -1.0% and price above 24h EMA; realised vol 57% -> weight 0.25,1.212
1789762876,champion,LINK,12.42032,0.25,0.1,0.1447,hold,hold: weight change -0.045 below threshold 0.05 | stay long: 72h return +11.78% vs exit band -1.0% and price above 24h EMA; realised vol 55% -> weight 0.25,3.164
1789762876,champion,XRP,1.409495,0.25,0.1,0.0,none,no fill possible (no cash or no position) | enter long: 72h return +9.06% vs entry band +1.0% and price above 24h EMA; realised vol 79% -> weight 0.25,0.177
1789762876,champion,DOGE,0.087874,0.25,0.1,0.1412,hold,hold: weight change -0.041 below threshold 0.05 | stay long: 72h return +8.85% vs exit band -1.0% and price above 24h EMA; realised vol 49% -> weight 0.25,0.006
1789762876,champion,DOT,1.135,0.25,0.1,0.1377,hold,hold: weight change -0.038 below threshold 0.05 | stay long: 72h return +19.05% vs exit band -1.0% and price above 24h EMA; realised vol 77% -> weight 0.25,2.643
1789762876,champion,LTC,57.17,0.25,0.1,0.1435,hold,hold: weight change -0.043 below threshold 0.05 | stay long: 72h return +10.39% vs exit band -1.0% and price above 24h EMA; realised vol 47% -> weight 0.25,1.749
1789766454,champion,BTC,81145.65,0.25,0.1,0.0,none,no fill possible (no cash or no position) | enter long: 72h return +6.88% vs entry band +1.0% and price above 24h EMA; realised vol 33% -> weight 0.25,0.006
1789766454,champion,ETH,2633.605,0.25,0.1,0.0,none,no fill possible (no cash or no position) | enter long: 72h return +9.37% vs entry band +1.0% and price above 24h EMA; realised vol 42% -> weight 0.25,0.019
1789766454,champion,SOL,113.225,0.25,0.1,0.1466,hold,hold: weight change -0.047 below threshold 0.05 | stay long: 72h return +16.58% vs exit band -1.0% and price above 24h EMA; realised vol 52% -> weight 0.25,0.442
1789766454,champion,ADA,0.224032,0.25,0.1,0.143,hold,hold: weight change -0.043 below threshold 0.05 | stay long: 72h return +13.58% vs exit band -1.0% and price above 24h EMA; realised vol 66% -> weight 0.25,2.21
1789766454,champion,AVAX,8.267,0.25,0.1,0.143,hold,hold: weight change -0.043 below threshold 0.05 | stay long: 72h return +12.58% vs exit band -1.0% and price above 24h EMA; realised vol 57% -> weight 0.25,1.21
1789766454,champion,LINK,12.374525,0.25,0.1,0.1441,hold,hold: weight change -0.044 below threshold 0.05 | stay long: 72h return +12.29% vs exit band -1.0% and price above 24h EMA; realised vol 55% -> weight 0.25,2.243
1789766454,champion,XRP,1.40014,0.25,0.1,0.0,none,no fill possible (no cash or no position) | enter long: 72h return +8.52% vs entry band +1.0% and price above 24h EMA; realised vol 79% -> weight 0.25,0.357
1789766454,champion,DOGE,0.088022,0.25,0.1,0.1413,hold,hold: weight change -0.041 below threshold 0.05 | stay long: 72h return +9.71% vs exit band -1.0% and price above 24h EMA; realised vol 49% -> weight 0.25,0.006
1789766454,champion,DOT,1.14255,0.25,0.1,0.1385,hold,hold: weight change -0.038 below threshold 0.05 | stay long: 72h return +19.32% vs exit band -1.0% and price above 24h EMA; realised vol 77% -> weight 0.25,2.188
1789766454,champion,LTC,57.24,0.25,0.1,0.1435,hold,hold: weight change -0.043 below threshold 0.05 | stay long: 72h return +11.30% vs exit band -1.0% and price above 24h EMA; realised vol 47% -> weight 0.25,1.747
1789770051,champion,BTC,81292.85,0.25,0.1,0.0,none,no fill possible (no cash or no position) | enter long: 72h return +7.69% vs entry band +1.0% and price above 24h EMA; realised vol 33% -> weight 0.25,0.006
1789770051,champion,ETH,2630.915,0.25,0.1,0.0,none,no fill possible (no cash or no position) | enter long: 72h return +9.90% vs entry band +1.0% and price above 24h EMA; realised vol 42% -> weight 0.25,0.019
1789770051,champion,SOL,113.365,0.25,0.1,0.1466,hold,hold: weight change -0.047 below threshold 0.05 | stay long: 72h return +17.29% vs exit band -1.0% and price above 24h EMA; realised vol 52% -> weight 0.25,0.441
1789770051,champion,ADA,0.225514,0.25,0.1,0.1438,hold,hold: weight change -0.044 below threshold 0.05 | stay long: 72h return +15.94% vs exit band -1.0% and price above 24h EMA; realised vol 66% -> weight 0.25,1.752
1789770051,champion,AVAX,8.2465,0.25,0.1,0.1425,hold,hold: weight change -0.043 below threshold 0.05 | stay long: 72h return +14.24% vs exit band -1.0% and price above 24h EMA; realised vol 57% -> weight 0.25,0.606
1789770051,champion,LINK,12.391225,0.25,0.1,0.1441,hold,hold: weight change -0.044 below threshold 0.05 | stay long: 72h return +13.71% vs exit band -1.0% and price above 24h EMA; realised vol 55% -> weight 0.25,4.652
1789770051,champion,XRP,1.402805,0.25,0.1,0.0,none,no fill possible (no cash or no position) | enter long: 72h return +9.66% vs entry band +1.0% and price above 24h EMA; realised vol 79% -> weight 0.25,0.463
1789770051,champion,DOGE,0.088452,0.25,0.1,0.1419,hold,hold: weight change -0.042 below threshold 0.05 | stay long: 72h return +10.85% vs exit band -1.0% and price above 24h EMA; realised vol 49% -> weight 0.25,0.006
1789770051,champion,DOT,1.1382,0.25,0.1,0.1378,hold,hold: weight change -0.038 below threshold 0.05 | stay long: 72h return +21.21% vs exit band -1.0% and price above 24h EMA; realised vol 77% -> weight 0.25,2.636
1789770051,champion,LTC,57.245,0.25,0.1,0.1433,hold,hold: weight change -0.043 below threshold 0.05 | stay long: 72h return +12.29% vs exit band -1.0% and price above 24h EMA; realised vol 47% -> weight 0.25,0.873
1789773662,champion,BTC,81113.75,0.25,0.1,0.0,none,no fill possible (no cash or no position) | enter long: 72h return +7.27% vs entry band +1.0% and price above 24h EMA; realised vol 33% -> weight 0.25,0.006
1789773662,champion,ETH,2617.695,0.25,0.1,0.0,none,no fill possible (no cash or no position) | enter long: 72h return +9.36% vs entry band +1.0% and price above 24h EMA; realised vol 42% -> weight 0.25,0.019
1789773662,champion,SOL,113.195,0.25,0.1,0.1468,hold,hold: weight change -0.047 below threshold 0.05 | stay long: 72h return +16.54% vs exit band -1.0% and price above 24h EMA; realised vol 52% -> weight 0.25,0.442
1789773662,champion,ADA,0.225028,0.25,0.1,0.1439,hold,hold: weight change -0.044 below threshold 0.05 | stay long: 72h return +16.23% vs exit band -1.0% and price above 24h EMA; realised vol 66% -> weight 0.25,2.444
1789773662,champion,AVAX,8.1955,0.25,0.1,0.1421,hold,hold: weight change -0.042 below threshold 0.05 | stay long: 72h return +12.47% vs exit band -1.0% and price above 24h EMA; realised vol 58% -> weight 0.25,0.61
1789773662,champion,LINK,12.2762,0.25,0.1,0.1432,hold,hold: weight change -0.043 below threshold 0.05 | stay long: 72h return +12.82% vs exit band -1.0% and price above 24h EMA; realised vol 55% -> weight 0.25,2.696
1789773662,champion,XRP,1.398915,0.25,0.1,0.0,none,no fill possible (no cash or no position) | enter long: 72h return +8.55% vs entry band +1.0% and price above 24h EMA; realised vol 79% -> weight 0.25,0.036
1789773662,champion,DOGE,0.087891,0.25,0.1,0.1414,hold,hold: weight change -0.041 below threshold 0.05 | stay long: 72h return +9.90% vs exit band -1.0% and price above 24h EMA; realised vol 49% -> weight 0.25,0.006
1789773662,champion,DOT,1.13165,0.25,0.1,0.1374,hold,hold: weight change -0.037 below threshold 0.05 | stay long: 72h return +19.29% vs exit band -1.0% and price above 24h EMA; realised vol 77% -> weight 0.25,0.442
1789773662,champion,LTC,57.85,0.25,0.1,0.1453,hold,hold: weight change -0.045 below threshold 0.05 | stay long: 72h return +12.70% vs exit band -1.0% and price above 24h EMA; realised vol 47% -> weight 0.25,1.729
1789777669,champion,BTC,81066.65,0.25,0.1,0.0,none,no fill possible (no cash or no position) | enter long: 72h return +7.00% vs entry band +1.0% and price above 24h EMA; realised vol 33% -> weight 0.25,0.006
1789777669,champion,ETH,2613.175,0.25,0.1,0.0,none,no fill possible (no cash or no position) | enter long: 72h return +8.97% vs entry band +1.0% and price above 24h EMA; realised vol 42% -> weight 0.25,0.019
1789777669,champion,SOL,113.01,0.25,0.1,0.1459,hold,hold: weight change -0.046 below threshold 0.05 | stay long: 72h return +16.39% vs exit band -1.0% and price above 24h EMA; realised vol 52% -> weight 0.25,0.885
1789777669,champion,ADA,0.226477,0.25,0.1,0.1442,hold,hold: weight change -0.044 below threshold 0.05 | stay long: 72h return +14.85% vs exit band -1.0% and price above 24h EMA; realised vol 67% -> weight 0.25,0.022
1789777669,champion,AVAX,8.249,0.25,0.1,0.1423,hold,hold: weight change -0.042 below threshold 0.05 | stay long: 72h return +12.95% vs exit band -1.0% and price above 24h EMA; realised vol 57% -> weight 0.25,1.212
1789777669,champion,LINK,12.30038,0.25,0.1,0.1428,hold,hold: weight change -0.043 below threshold 0.05 | stay long: 72h return +12.35% vs exit band -1.0% and price above 24h EMA; realised vol 55% -> weight 0.25,2.341
1789777669,champion,XRP,1.405955,0.25,0.1,0.0,none,no fill possible (no cash or no position) | enter long: 72h return +8.85% vs entry band +1.0% and price above 24h EMA; realised vol 79% -> weight 0.25,0.178
1789777669,champion,DOGE,0.08772,0.25,0.1,0.1404,hold,hold: weight change -0.040 below threshold 0.05 | stay long: 72h return +9.25% vs exit band -1.0% and price above 24h EMA; realised vol 49% -> weight 0.25,0.006
1789777669,champion,DOT,1.13825,0.25,0.1,0.1376,hold,hold: weight change -0.038 below threshold 0.05 | stay long: 72h return +20.08% vs exit band -1.0% and price above 24h EMA; realised vol 77% -> weight 0.25,2.196
1789777669,champion,LTC,58.725,0.25,0.1,0.1468,hold,hold: weight change -0.047 below threshold 0.05 | stay long: 72h return +13.51% vs exit band -1.0% and price above 24h EMA; realised vol 47% -> weight 0.25,0.851
1789780882,champion,BTC,81122.35,0.25,0.1,0.0,none,no fill possible (no cash or no position) | enter long: 72h return +7.83% vs entry band +1.0% and price above 24h EMA; realised vol 34% -> weight 0.25,0.006
1789780882,champion,ETH,2604.505,0.25,0.1,0.0,none,no fill possible (no cash or no position) | enter long: 72h return +9.52% vs entry band +1.0% and price above 24h EMA; realised vol 42% -> weight 0.25,0.019
1789780882,champion,SOL,113.065,0.25,0.1,0.1466,hold,hold: weight change -0.047 below threshold 0.05 | stay long: 72h return +17.12% vs exit band -1.0% and price above 24h EMA; realised vol 53% -> weight 0.25,0.442
1789780882,champion,ADA,0.22515,0.25,0.1,0.144,hold,hold: weight change -0.044 below threshold 0.05 | stay long: 72h return +16.95% vs exit band -1.0% and price above 24h EMA; realised vol 67% -> weight 0.25,2.421
1789780882,champion,AVAX,8.2975,0.25,0.1,0.1438,hold,hold: weight change -0.044 below threshold 0.05 | stay long: 72h return +15.05% vs exit band -1.0% and price above 24h EMA; realised vol 58% -> weight 0.25,1.808
1789780882,champion,LINK,12.25846,0.25,0.1,0.143,hold,hold: weight change -0.043 below threshold 0.05 | stay long: 72h return +13.43% vs exit band -1.0% and price above 24h EMA; realised vol 55% -> weight 0.25,1.55
1789780882,champion,XRP,1.395195,0.25,0.1,0.0,none,no fill possible (no cash or no position) | enter long: 72h return +9.46% vs entry band +1.0% and price above 24h EMA; realised vol 79% -> weight 0.25,0.609
1789780882,champion,DOGE,0.087368,0.25,0.1,0.1405,hold,hold: weight change -0.041 below threshold 0.05 | stay long: 72h return +9.80% vs exit band -1.0% and price above 24h EMA; realised vol 50% -> weight 0.25,2.615
1789780882,champion,DOT,1.12805,0.25,0.1,0.137,hold,hold: weight change -0.037 below threshold 0.05 | stay long: 72h return +20.76% vs exit band -1.0% and price above 24h EMA; realised vol 77% -> weight 0.25,3.103
1789780882,champion,LTC,57.755,0.25,0.1,0.145,hold,hold: weight change -0.045 below threshold 0.05 | stay long: 72h return +14.36% vs exit band -1.0% and price above 24h EMA; realised vol 47% -> weight 0.25,0.866
1789784465,champion,BTC,81322.75,0.25,0.1,0.0,none,no fill possible (no cash or no position) | enter long: 72h return +7.73% vs entry band +1.0% and price above 24h EMA; realised vol 34% -> weight 0.25,0.006
1789784465,champion,ETH,2617.065,0.25,0.1,0.0,none,no fill possible (no cash or no position) | enter long: 72h return +9.33% vs entry band +1.0% and price above 24h EMA; realised vol 43% -> weight 0.25,0.019
1789784465,champion,SOL,113.635,0.25,0.1,0.1448,hold,hold: weight change -0.045 below threshold 0.05 | stay long: 72h return +17.60% vs exit band -1.0% and price above 24h EMA; realised vol 53% -> weight 0.25,0.44
1789784465,champion,ADA,0.230291,0.25,0.1,0.1447,hold,hold: weight change -0.045 below threshold 0.05 | stay long: 72h return +19.08% vs exit band -1.0% and price above 24h EMA; realised vol 67% -> weight 0.25,3.496
1789784465,champion,AVAX,8.586,0.25,0.1,0.1462,hold,hold: weight change -0.046 below threshold 0.05 | stay long: 72h return +20.79% vs exit band -1.0% and price above 24h EMA; realised vol 66% -> weight 0.25,2.329
1789784465,champion,LINK,12.426405,0.25,0.1,0.1424,hold,hold: weight change -0.042 below threshold 0.05 | stay long: 72h return +14.41% vs exit band -1.0% and price above 24h EMA; realised vol 55% -> weight 0.25,2.386
1789784465,champion,XRP,1.41635,0.25,0.1,0.0,none,no fill possible (no cash or no position) | enter long: 72h return +10.75% vs entry band +1.0% and price above 24h EMA; realised vol 79% -> weight 0.25,0.706
1789784465,champion,DOGE,0.088479,0.25,0.1,0.1399,hold,hold: weight change -0.040 below threshold 0.05 | stay long: 72h return +10.68% vs exit band -1.0% and price above 24h EMA; realised vol 50% -> weight 0.25,3.549
1789784465,champion,DOT,1.14655,0.25,0.1,0.1368,hold,hold: weight change -0.037 below threshold 0.05 | stay long: 72h return +20.46% vs exit band -1.0% and price above 24h EMA; realised vol 77% -> weight 0.25,2.18
1789784465,champion,LTC,58.815,0.25,0.1,0.1451,hold,hold: weight change -0.045 below threshold 0.05 | stay long: 72h return +15.54% vs exit band -1.0% and price above 24h EMA; realised vol 47% -> weight 0.25,0.85
1789788106,champion,BTC,81202.55,0.25,0.1,0.0,none,no fill possible (no cash or no position) | enter long: 72h return +7.18% vs entry band +1.0% and price above 24h EMA; realised vol 34% -> weight 0.25,0.006
1789788106,champion,ETH,2623.875,0.25,0.1,0.0,none,no fill possible (no cash or no position) | enter long: 72h return +9.19% vs entry band +1.0% and price above 24h EMA; realised vol 43% -> weight 0.25,0.019
1789788106,champion,SOL,113.425,0.25,0.1,0.1449,hold,hold: weight change -0.045 below threshold 0.05 | stay long: 72h return +16.87% vs exit band -1.0% and price above 24h EMA; realised vol 53% -> weight 0.25,0.441
1789788106,champion,ADA,0.231391,0.25,0.1,0.1458,hold,hold: weight change -0.046 below threshold 0.05 | stay long: 72h return +20.91% vs exit band -1.0% and price above 24h EMA; realised vol 69% -> weight 0.25,3.371
1789788106,champion,AVAX,8.5325,0.25,0.1,0.1457,hold,hold: weight change -0.046 below threshold 0.05 | stay long: 72h return +18.42% vs exit band -1.0% and price above 24h EMA; realised vol 66% -> weight 0.25,1.758
1789788106,champion,LINK,12.39955,0.25,0.1,0.1425,hold,hold: weight change -0.042 below threshold 0.05 | stay long: 72h return +14.68% vs exit band -1.0% and price above 24h EMA; realised vol 56% -> weight 0.25,1.927
1789788106,champion,XRP,1.411585,0.25,0.1,0.0,none,no fill possible (no cash or no position) | enter long: 72h return +9.64% vs entry band +1.0% and price above 24h EMA; realised vol 79% -> weight 0.25,0.035
1789788106,champion,DOGE,0.087934,0.25,0.1,0.1394,hold,hold: weight change -0.039 below threshold 0.05 | stay long: 72h return +10.26% vs exit band -1.0% and price above 24h EMA; realised vol 50% -> weight 0.25,0.404
1789788106,champion,DOT,1.14085,0.25,0.1,0.1365,hold,hold: weight change -0.036 below threshold 0.05 | stay long: 72h return +21.69% vs exit band -1.0% and price above 24h EMA; realised vol 78% -> weight 0.25,3.944
1789788106,champion,LTC,58.68,0.25,0.1,0.1452,hold,hold: weight change -0.045 below threshold 0.05 | stay long: 72h return +14.99% vs exit band -1.0% and price above 24h EMA; realised vol 47% -> weight 0.25,1.704
1789791694,champion,BTC,81164.35,0.25,0.1,0.0,none,no fill possible (no cash or no position) | enter long: 72h return +7.05% vs entry band +1.0% and price above 24h EMA; realised vol 34% -> weight 0.25,0.006
1789791694,champion,ETH,2623.86,0.25,0.1,0.0,none,no fill possible (no cash or no position) | enter long: 72h return +9.12% vs entry band +1.0% and price above 24h EMA; realised vol 43% -> weight 0.25,0.343
1789791694,champion,SOL,113.26,0.25,0.1,0.1449,hold,hold: weight change -0.045 below threshold 0.05 | stay long: 72h return +16.51% vs exit band -1.0% and price above 24h EMA; realised vol 53% -> weight 0.25,0.883
1789791694,champion,ADA,0.229619,0.25,0.1,0.1449,hold,hold: weight change -0.045 below threshold 0.05 | stay long: 72h return +18.60% vs exit band -1.0% and price above 24h EMA; realised vol 70% -> weight 0.25,3.571
1789791694,champion,AVAX,8.5005,0.25,0.1,0.1454,hold,hold: weight change -0.045 below threshold 0.05 | stay long: 72h return +16.65% vs exit band -1.0% and price above 24h EMA; realised vol 67% -> weight 0.25,1.765
1789791694,champion,LINK,12.39231,0.25,0.1,0.1426,hold,hold: weight change -0.043 below threshold 0.05 | stay long: 72h return +14.63% vs exit band -1.0% and price above 24h EMA; realised vol 56% -> weight 0.25,3.042
1789791694,champion,XRP,1.42187,0.25,0.1,0.0,none,no fill possible (no cash or no position) | enter long: 72h return +9.42% vs entry band +1.0% and price above 24h EMA; realised vol 79% -> weight 0.25,0.141
1789791694,champion,DOGE,0.088101,0.25,0.1,0.1398,hold,hold: weight change -0.040 below threshold 0.05 | stay long: 72h return +10.01% vs exit band -1.0% and price above 24h EMA; realised vol 50% -> weight 0.25,0.17
1789791694,champion,DOT,1.14005,0.25,0.1,0.1366,hold,hold: weight change -0.037 below threshold 0.05 | stay long: 72h return +20.59% vs exit band -1.0% and price above 24h EMA; realised vol 78% -> weight 0.25,2.193
1789791694,champion,LTC,58.8,0.25,0.1,0.1457,hold,hold: weight change -0.046 below threshold 0.05 | stay long: 72h return +15.38% vs exit band -1.0% and price above 24h EMA; realised vol 47% -> weight 0.25,1.701
1789795213,champion,BTC,81028.75,0.25,0.1,0.0,none,no fill possible (no cash or no position) | enter long: 72h return +6.86% vs entry band +1.0% and price above 24h EMA; realised vol 34% -> weight 0.25,0.006
1789795213,champion,ETH,2625.555,0.25,0.1,0.0,none,no fill possible (no cash or no position) | enter long: 72h return +9.04% vs entry band +1.0% and price above 24h EMA; realised vol 43% -> weight 0.25,0.286
1789795213,champion,SOL,112.71,0.25,0.1,0.145,hold,hold: weight change -0.045 below threshold 0.05 | stay long: 72h return +15.57% vs exit band -1.0% and price above 24h EMA; realised vol 53% -> weight 0.25,0.887
1789795213,champion,ADA,0.226699,0.25,0.1,0.1439,hold,hold: weight change -0.044 below threshold 0.05 | stay long: 72h return +15.42% vs exit band -1.0% and price above 24h EMA; realised vol 72% -> weight 0.25,2.161
1789795213,champion,AVAX,8.482,0.25,0.1,0.1459,hold,hold: weight change -0.046 below threshold 0.05 | stay long: 72h return +14.88% vs exit band -1.0% and price above 24h EMA; realised vol 67% -> weight 0.25,1.179
1789795213,champion,LINK,12.42458,0.25,0.1,0.1438,hold,hold: weight change -0.044 below threshold 0.05 | stay long: 72h return +13.79% vs exit band -1.0% and price above 24h EMA; realised vol 56% -> weight 0.25,1.545
1789795213,champion,XRP,1.423125,0.25,0.1,0.0,none,no fill possible (no cash or no position) | enter long: 72h return +8.72% vs entry band +1.0% and price above 24h EMA; realised vol 79% -> weight 0.25,0.386
1789795213,champion,DOGE,0.087752,0.25,0.1,0.14,hold,hold: weight change -0.040 below threshold 0.05 | stay long: 72h return +8.91% vs exit band -1.0% and price above 24h EMA; realised vol 50% -> weight 0.25,1.607
1789795213,champion,DOT,1.13085,0.25,0.1,0.1362,hold,hold: weight change -0.036 below threshold 0.05 | stay long: 72h return +18.58% vs exit band -1.0% and price within 2.0% of 24h EMA; realised vol 79% -> weight 0.25,0.442
1789795213,champion,LTC,58.275,0.25,0.1,0.1452,hold,hold: weight change -0.045 below threshold 0.05 | stay long: 72h return +13.76% vs exit band -1.0% and price above 24h EMA; realised vol 48% -> weight 0.25,0.858
1789799148,champion,BTC,80913.75,0.25,0.1,0.0,none,no fill possible (no cash or no position) | enter long: 72h return +6.74% vs entry band +1.0% and price above 24h EMA; realised vol 34% -> weight 0.25,0.006
1789799148,champion,ETH,2621.765,0.25,0.1,0.0,none,no fill possible (no cash or no position) | enter long: 72h return +9.21% vs entry band +1.0% and price above 24h EMA; realised vol 43% -> weight 0.25,0.019
1789799148,champion,SOL,111.35,0.25,0.1,0.1452,hold,hold: weight change -0.045 below threshold 0.05 | stay long: 72h return +15.18% vs exit band -1.0% and price above 24h EMA; realised vol 53% -> weight 0.25,0.898
1789799148,champion,ADA,0.221957,0.25,0.1,0.1428,hold,hold: weight change -0.043 below threshold 0.05 | stay long: 72h return +14.61% vs exit band -1.0% and price above 24h EMA; realised vol 72% -> weight 0.25,2.771
1789799148,champion,AVAX,8.4285,0.25,0.1,0.147,hold,hold: weight change -0.047 below threshold 0.05 | stay long: 72h return +15.51% vs exit band -1.0% and price above 24h EMA; realised vol 67% -> weight 0.25,0.593
1789799148,champion,LINK,12.30863,0.25,0.1,0.1444,hold,hold: weight change -0.044 below threshold 0.05 | stay long: 72h return +13.57% vs exit band -1.0% and price above 24h EMA; realised vol 56% -> weight 0.25,1.804
1789799148,champion,XRP,1.419565,0.25,0.1,0.0,none,no fill possible (no cash or no position) | enter long: 72h return +10.16% vs entry band +1.0% and price above 24h EMA; realised vol 79% -> weight 0.25,0.035
1789799148,champion,DOGE,0.086968,0.25,0.1,0.1407,hold,hold: weight change -0.041 below threshold 0.05 | stay long: 72h return +9.15% vs exit band -1.0% and price above 24h EMA; realised vol 50% -> weight 0.25,0.287
1789799148,champion,DOT,1.11035,0.25,0.1,0.1356,hold,hold: weight change -0.036 below threshold 0.05 | stay long: 72h return +18.01% vs exit band -1.0% and price within 2.0% of 24h EMA; realised vol 79% -> weight 0.25,0.45
1789799148,champion,LTC,57.12,0.25,0.1,0.1443,hold,hold: weight change -0.044 below threshold 0.05 | stay long: 72h return +12.50% vs exit band -1.0% and price above 24h EMA; realised vol 49% -> weight 0.25,1.751
1789802413,champion,BTC,81175.65,0.25,0.1,0.0,none,no fill possible (no cash or no position) | enter long: 72h return +6.68% vs entry band +1.0% and price above 24h EMA; realised vol 34% -> weight 0.25,0.006
1789802413,champion,ETH,2630.935,0.25,0.1,0.0,none,no fill possible (no cash or no position) | enter long: 72h return +9.23% vs entry band +1.0% and price above 24h EMA; realised vol 43% -> weight 0.25,0.019
1789802413,champion,SOL,112.115,0.25,0.1,0.1455,hold,hold: weight change -0.045 below threshold 0.05 | stay long: 72h return +14.87% vs exit band -1.0% and price above 24h EMA; realised vol 53% -> weight 0.25,0.446
1789802413,champion,ADA,0.223384,0.25,0.1,0.143,hold,hold: weight change -0.043 below threshold 0.05 | stay long: 72h return +13.89% vs exit band -1.0% and price above 24h EMA; realised vol 72% -> weight 0.25,1.992
1789802413,champion,AVAX,8.5335,0.25,0.1,0.148,hold,hold: weight change -0.048 below threshold 0.05 | stay long: 72h return +15.84% vs exit band -1.0% and price above 24h EMA; realised vol 67% -> weight 0.25,1.758
1789802413,champion,LINK,12.343645,0.25,0.1,0.144,hold,hold: weight change -0.044 below threshold 0.05 | stay long: 72h return +14.40% vs exit band -1.0% and price above 24h EMA; realised vol 56% -> weight 0.25,0.725
1789802413,champion,XRP,1.421445,0.25,0.1,0.0,none,no fill possible (no cash or no position) | enter long: 72h return +9.57% vs entry band +1.0% and price above 24h EMA; realised vol 79% -> weight 0.25,0.035
1789802413,champion,DOGE,0.087205,0.25,0.1,0.1403,hold,hold: weight change -0.040 below threshold 0.05 | stay long: 72h return +8.61% vs exit band -1.0% and price above 24h EMA; realised vol 50% -> weight 0.25,0.338
1789802413,champion,DOT,1.11415,0.25,0.1,0.1354,hold,hold: weight change -0.035 below threshold 0.05 | stay long: 72h return +17.41% vs exit band -1.0% and price within 2.0% of 24h EMA; realised vol 80% -> weight 0.25,2.244
1789802413,champion,LTC,57.245,0.25,0.1,0.1438,hold,hold: weight change -0.044 below threshold 0.05 | stay long: 72h return +11.81% vs exit band -1.0% and price above 24h EMA; realised vol 49% -> weight 0.25,0.873
1789806156,champion,BTC,81284.45,0.25,0.1111,0.0,none,no fill possible (no cash or no position) | enter long: 72h return +7.08% vs entry band +1.0% and price above 24h EMA; realised vol 34% -> weight 0.25,0.006
1789806156,champion,ETH,2647.435,0.25,0.1111,0.0,none,no fill possible (no cash or no position) | enter long: 72h return +9.65% vs entry band +1.0% and price above 24h EMA; realised vol 43% -> weight 0.25,0.661
1789806156,champion,SOL,112.195,0.25,0.1111,0.1451,hold,hold: weight change -0.034 below threshold 0.05 | stay long: 72h return +15.14% vs exit band -1.0% and price above 24h EMA; realised vol 53% -> weight 0.25,0.446
1789806156,champion,ADA,0.223671,0.25,0.1111,0.1426,hold,hold: weight change -0.032 below threshold 0.05 | stay long: 72h return +14.32% vs exit band -1.0% and price within 2.0% of 24h EMA; realised vol 72% -> weight 0.25,3.018
1789806156,champion,AVAX,8.652,0.25,0.1111,0.1495,hold,hold: weight change -0.038 below threshold 0.05 | stay long: 72h return +18.14% vs exit band -1.0% and price above 24h EMA; realised vol 67% -> weight 0.25,1.156
1789806156,champion,LINK,12.42155,0.25,0.1111,0.1444,hold,hold: weight change -0.033 below threshold 0.05 | stay long: 72h return +14.35% vs exit band -1.0% and price above 24h EMA; realised vol 56% -> weight 0.25,0.741
1789806156,champion,XRP,1.41834,0.25,0.1111,0.0,none,no fill possible (no cash or no position) | enter long: 72h return +9.80% vs entry band +1.0% and price above 24h EMA; realised vol 79% -> weight 0.25,0.494
1789806156,champion,DOGE,0.087351,0.25,0.1111,0.1401,hold,hold: weight change -0.029 below threshold 0.05 | stay long: 72h return +8.94% vs exit band -1.0% and price within 2.0% of 24h EMA; realised vol 50% -> weight 0.25,0.441
1789806156,champion,DOT,1.1148,0.0,0.0,0.135,sell,exit: price more than 2.0% below 24h EMA,4.485
1789806156,champion,LTC,57.215,0.25,0.1111,0.1433,hold,hold: weight change -0.032 below threshold 0.05 | stay long: 72h return +11.49% vs exit band -1.0% and price within 2.0% of 24h EMA; realised vol 49% -> weight 0.25,2.622
1789809677,champion,BTC,81465.45,0.25,0.1111,0.0,buy,enter long: 72h return +7.43% vs entry band +1.0% and price above 24h EMA; realised vol 34% -> weight 0.25,0.006
1789809677,champion,ETH,2652.255,0.25,0.1111,0.0,buy,enter long: 72h return +10.13% vs entry band +1.0% and price above 24h EMA; realised vol 43% -> weight 0.25,0.019
1789809677,champion,SOL,112.175,0.25,0.1111,0.1441,hold,hold: weight change -0.033 below threshold 0.05 | stay long: 72h return +15.74% vs exit band -1.0% and price above 24h EMA; realised vol 53% -> weight 0.25,0.446
1789809677,champion,ADA,0.223901,0.25,0.1111,0.1419,hold,hold: weight change -0.031 below threshold 0.05 | stay long: 72h return +16.01% vs exit band -1.0% and price above 24h EMA; realised vol 73% -> weight 0.25,0.246
1789809677,champion,AVAX,8.993,0.25,0.1111,0.1545,hold,hold: weight change -0.043 below threshold 0.05 | stay long: 72h return +22.05% vs exit band -1.0% and price above 24h EMA; realised vol 71% -> weight 0.25,2.224
1789809677,champion,LINK,12.46454,0.25,0.1111,0.144,hold,hold: weight change -0.033 below threshold 0.05 | stay long: 72h return +15.43% vs exit band -1.0% and price above 24h EMA; realised vol 56% -> weight 0.25,1.011
1789809677,champion,XRP,1.4156,0.25,0.1111,0.0,none,no fill possible (no cash or no position) | enter long: 72h return +10.16% vs entry band +1.0% and price above 24h EMA; realised vol 79% -> weight 0.25,0.494
1789809677,champion,DOGE,0.08741,0.25,0.1111,0.1393,hold,hold: weight change -0.028 below threshold 0.05 | stay long: 72h return +9.85% vs exit band -1.0% and price above 24h EMA; realised vol 50% -> weight 0.25,0.246
1789809677,champion,DOT,1.11495,0.0,0.0,0.0,hold,hold: weight change +0.000 below threshold 0.05 | flat: price below 24h EMA,2.242
1789809677,champion,LTC,57.135,0.25,0.1111,0.1422,hold,hold: weight change -0.031 below threshold 0.05 | stay long: 72h return +12.86% vs exit band -1.0% and price above 24h EMA; realised vol 49% -> weight 0.25,0.875
1789813258,champion,BTC,81271.65,0.25,0.1111,0.1108,hold,hold: weight change +0.000 below threshold 0.05 | stay long: 72h return +7.09% vs exit band -1.0% and price above 24h EMA; realised vol 34% -> weight 0.25,0.006
1789813258,champion,ETH,2642.685,0.25,0.1111,0.0226,none,no fill possible (no cash or no position) | stay long: 72h return +9.82% vs exit band -1.0% and price above 24h EMA; realised vol 43% -> weight 0.25,0.019
1789813258,champion,SOL,111.915,0.25,0.1111,0.1438,hold,hold: weight change -0.033 below threshold 0.05 | stay long: 72h return +15.00% vs exit band -1.0% and price above 24h EMA; realised vol 53% -> weight 0.25,0.447
1789813258,champion,ADA,0.224144,0.25,0.1111,0.142,hold,hold: weight change -0.031 below threshold 0.05 | stay long: 72h return +15.04% vs exit band -1.0% and price above 24h EMA; realised vol 73% -> weight 0.25,2.632
1789813258,champion,AVAX,9.0015,0.25,0.1111,0.1546,hold,hold: weight change -0.043 below threshold 0.05 | stay long: 72h return +23.72% vs exit band -1.0% and price above 24h EMA; realised vol 72% -> weight 0.25,1.666
1789813258,champion,LINK,12.540185,0.25,0.1111,0.1449,hold,hold: weight change -0.034 below threshold 0.05 | stay long: 72h return +15.29% vs exit band -1.0% and price above 24h EMA; realised vol 56% -> weight 0.25,1.519
1789813258,champion,XRP,1.414605,0.25,0.1111,0.0,none,no fill possible (no cash or no position) | enter long: 72h return +9.44% vs entry band +1.0% and price above 24h EMA; realised vol 79% -> weight 0.25,0.035
1789813258,champion,DOGE,0.087384,0.25,0.1111,0.1392,hold,hold: weight change -0.028 below threshold 0.05 | stay long: 72h return +9.24% vs exit band -1.0% and price above 24h EMA; realised vol 50% -> weight 0.25,0.006
1789813258,champion,DOT,1.12235,0.0,0.0,0.0,hold,hold: weight change +0.000 below threshold 0.05 | flat: price below 24h EMA,1.336
1789813258,champion,LTC,57.165,0.25,0.1111,0.1422,hold,hold: weight change -0.031 below threshold 0.05 | stay long: 72h return +12.46% vs exit band -1.0% and price above 24h EMA; realised vol 49% -> weight 0.25,2.624
1789816809,champion,BTC,81308.95,0.25,0.1111,0.11,hold,hold: weight change +0.001 below threshold 0.05 | stay long: 72h return +6.97% vs exit band -1.0% and price above 24h EMA; realised vol 34% -> weight 0.25,0.006
1789816809,champion,ETH,2639.325,0.25,0.1111,0.0224,none,no fill possible (no cash or no position) | stay long: 72h return +9.71% vs exit band -1.0% and price above 24h EMA; realised vol 43% -> weight 0.25,0.019
1789816809,champion,SOL,111.885,0.25,0.1111,0.1426,hold,hold: weight change -0.032 below threshold 0.05 | stay long: 72h return +14.80% vs exit band -1.0% and price above 24h EMA; realised vol 53% -> weight 0.25,0.447
1789816809,champion,ADA,0.226006,0.25,0.1111,0.1421,hold,hold: weight change -0.031 below threshold 0.05 | stay long: 72h return +15.58% vs exit band -1.0% and price above 24h EMA; realised vol 73% -> weight 0.25,1.947
1789816809,champion,AVAX,9.2965,0.25,0.1111,0.1584,hold,hold: weight change -0.047 below threshold 0.05 | stay long: 72h return +26.06% vs exit band -1.0% and price above 24h EMA; realised vol 73% -> weight 0.25,1.614
1789816809,champion,LINK,12.500545,0.25,0.1111,0.1433,hold,hold: weight change -0.032 below threshold 0.05 | stay long: 72h return +15.91% vs exit band -1.0% and price above 24h EMA; realised vol 56% -> weight 0.25,2.26
1789816809,champion,XRP,1.425905,0.25,0.1111,0.0,none,no fill possible (no cash or no position) | enter long: 72h return +10.03% vs entry band +1.0% and price above 24h EMA; realised vol 79% -> weight 0.25,0.456
1789816809,champion,DOGE,0.088176,0.25,0.1111,0.1395,hold,hold: weight change -0.028 below threshold 0.05 | stay long: 72h return +9.67% vs exit band -1.0% and price above 24h EMA; realised vol 50% -> weight 0.25,0.352
1789816809,champion,DOT,1.1242,0.0,0.0,0.0,hold,hold: weight change +0.000 below threshold 0.05 | flat: price below 24h EMA,2.669
1789816809,champion,LTC,57.345,0.25,0.1111,0.1416,hold,hold: weight change -0.030 below threshold 0.05 | stay long: 72h return +12.58% vs exit band -1.0% and price above 24h EMA; realised vol 50% -> weight 0.25,0.872
1789820804,champion,BTC,81243.65,0.25,0.1,0.1101,hold,hold: weight change -0.010 below threshold 0.05 | stay long: 72h return +6.70% vs exit band -1.0% and price above 24h EMA; realised vol 34% -> weight 0.25,0.006
1789820804,champion,ETH,2642.385,0.25,0.1,0.0225,none,no fill possible (no cash or no position) | stay long: 72h return +9.02% vs exit band -1.0% and price above 24h EMA; realised vol 43% -> weight 0.25,0.019
1789820804,champion,SOL,111.765,0.25,0.1,0.1428,hold,hold: weight change -0.043 below threshold 0.05 | stay long: 72h return +14.20% vs exit band -1.0% and price above 24h EMA; realised vol 53% -> weight 0.25,0.447
1789820804,champion,ADA,0.225911,0.25,0.1,0.1424,hold,hold: weight change -0.042 below threshold 0.05 | stay long: 72h return +16.65% vs exit band -1.0% and price above 24h EMA; realised vol 73% -> weight 0.25,0.022
1789820804,champion,AVAX,9.1005,0.25,0.1,0.1555,sell,stay long: 72h return +27.32% vs exit band -1.0% and price above 24h EMA; realised vol 74% -> weight 0.25,1.648
1789820804,champion,LINK,12.51077,0.25,0.1,0.1438,hold,hold: weight change -0.044 below threshold 0.05 | stay long: 72h return +15.19% vs exit band -1.0% and price above 24h EMA; realised vol 56% -> weight 0.25,1.679
1789820804,champion,XRP,1.430065,0.25,0.1,0.0,buy,enter long: 72h return +10.71% vs entry band +1.0% and price above 24h EMA; realised vol 80% -> weight 0.25,0.035
1789820804,champion,DOGE,0.088192,0.25,0.1,0.1398,hold,hold: weight change -0.040 below threshold 0.05 | stay long: 72h return +10.28% vs exit band -1.0% and price above 24h EMA; realised vol 51% -> weight 0.25,0.006
1789820804,champion,DOT,1.13415,0.25,0.1,0.0,none,no fill possible (no cash or no position) | enter long: 72h return +18.44% vs entry band +1.0% and price above 24h EMA; realised vol 81% -> weight 0.25,3.086
1789820804,champion,LTC,57.825,0.25,0.1,0.1431,hold,hold: weight change -0.043 below threshold 0.05 | stay long: 72h return +14.10% vs exit band -1.0% and price above 24h EMA; realised vol 51% -> weight 0.25,0.865
1789824076,champion,BTC,81237.75,0.25,0.1,0.1098,hold,hold: weight change -0.010 below threshold 0.05 | stay long: 72h return +7.13% vs exit band -1.0% and price above 24h EMA; realised vol 34% -> weight 0.25,0.006
1789824076,champion,ETH,2637.125,0.25,0.1,0.0224,none,no fill possible (no cash or no position) | stay long: 72h return +9.84% vs exit band -1.0% and price above 24h EMA; realised vol 43% -> weight 0.25,0.019
1789824076,champion,SOL,111.475,0.25,0.1,0.142,hold,hold: weight change -0.042 below threshold 0.05 | stay long: 72h return +14.63% vs exit band -1.0% and price above 24h EMA; realised vol 53% -> weight 0.25,0.449
1789824076,champion,ADA,0.227401,0.25,0.1,0.1429,hold,hold: weight change -0.043 below threshold 0.05 | stay long: 72h return +17.78% vs exit band -1.0% and price above 24h EMA; realised vol 73% -> weight 0.25,2.617
1789824076,champion,AVAX,9.1875,0.25,0.1,0.1006,hold,hold: weight change -0.001 below threshold 0.05 | stay long: 72h return +28.45% vs exit band -1.0% and price above 24h EMA; realised vol 74% -> weight 0.25,1.633
1789824076,champion,LINK,12.47952,0.25,0.1,0.143,hold,hold: weight change -0.043 below threshold 0.05 | stay long: 72h return +16.51% vs exit band -1.0% and price above 24h EMA; realised vol 56% -> weight 0.25,2.564
1789824076,champion,XRP,1.443065,0.25,0.1,0.0557,hold,hold: weight change +0.044 below threshold 0.05 | stay long: 72h return +11.83% vs exit band -1.0% and price above 24h EMA; realised vol 80% -> weight 0.25,0.866
1789824076,champion,DOGE,0.089107,0.25,0.1,0.1409,hold,hold: weight change -0.041 below threshold 0.05 | stay long: 72h return +12.17% vs exit band -1.0% and price above 24h EMA; realised vol 51% -> weight 0.25,1.526
1789824076,champion,DOT,1.12665,0.25,0.1,0.0,none,no fill possible (no cash or no position) | enter long: 72h return +15.33% vs entry band +1.0% and price above 24h EMA; realised vol 81% -> weight 0.25,0.444
1789824076,champion,LTC,57.805,0.25,0.1,0.1427,hold,hold: weight change -0.043 below threshold 0.05 | stay long: 72h return +14.62% vs exit band -1.0% and price above 24h EMA; realised vol 51% -> weight 0.25,0.865
1789827615,champion,BTC,81473.65,0.25,0.1,0.1097,hold,hold: weight change -0.010 below threshold 0.05 | stay long: 72h return +7.60% vs exit band -1.0% and price above 24h EMA; realised vol 34% -> weight 0.25,0.006
1789827615,champion,ETH,2640.275,0.25,0.1,0.0223,none,no fill possible (no cash or no position) | stay long: 72h return +10.28% vs exit band -1.0% and price above 24h EMA; realised vol 43% -> weight 0.25,0.019
1789827615,champion,SOL,111.725,0.25,0.1,0.1417,hold,hold: weight change -0.042 below threshold 0.05 | stay long: 72h return +14.95% vs exit band -1.0% and price above 24h EMA; realised vol 53% -> weight 0.25,0.448
1789827615,champion,ADA,0.228818,0.25,0.1,0.1432,hold,hold: weight change -0.043 below threshold 0.05 | stay long: 72h return +18.19% vs exit band -1.0% and price above 24h EMA; realised vol 73% -> weight 0.25,1.639
1789827615,champion,AVAX,9.3135,0.25,0.1,0.1016,hold,hold: weight change -0.002 below threshold 0.05 | stay long: 72h return +29.36% vs exit band -1.0% and price above 24h EMA; realised vol 74% -> weight 0.25,1.611
1789827615,champion,LINK,12.52415,0.25,0.1,0.1429,hold,hold: weight change -0.043 below threshold 0.05 | stay long: 72h return +16.63% vs exit band -1.0% and price above 24h EMA; realised vol 57% -> weight 0.25,2.276
1789827615,champion,XRP,1.45147,0.25,0.1,0.0557,hold,hold: weight change +0.044 below threshold 0.05 | stay long: 72h return +12.79% vs exit band -1.0% and price above 24h EMA; realised vol 80% -> weight 0.25,0.207
1789827615,champion,DOGE,0.089497,0.25,0.1,0.1408,hold,hold: weight change -0.041 below threshold 0.05 | stay long: 72h return +12.17% vs exit band -1.0% and price above 24h EMA; realised vol 51% -> weight 0.25,2.067
1789827615,champion,DOT,1.1292,0.25,0.1,0.0,none,no fill possible (no cash or no position) | enter long: 72h return +15.91% vs entry band +1.0% and price above 24h EMA; realised vol 81% -> weight 0.25,1.771
1789827615,champion,LTC,57.84,0.25,0.1,0.1421,hold,hold: weight change -0.042 below threshold 0.05 | stay long: 72h return +14.02% vs exit band -1.0% and price above 24h EMA; realised vol 51% -> weight 0.25,1.729
1789831230,champion,BTC,81601.15,0.25,0.1,0.11,hold,hold: weight change -0.010 below threshold 0.05 | stay long: 72h return +7.84% vs exit band -1.0% and price above 24h EMA; realised vol 34% -> weight 0.25,0.006
1789831230,champion,ETH,2640.695,0.25,0.1,0.0223,none,no fill possible (no cash or no position) | stay long: 72h return +10.47% vs exit band -1.0% and price above 24h EMA; realised vol 43% -> weight 0.25,0.019
1789831230,champion,SOL,111.705,0.25,0.1,0.1419,hold,hold: weight change -0.042 below threshold 0.05 | stay long: 72h return +15.29% vs exit band -1.0% and price above 24h EMA; realised vol 53% -> weight 0.25,0.448
1789831230,champion,ADA,0.226337,0.25,0.1,0.1418,hold,hold: weight change -0.042 below threshold 0.05 | stay long: 72h return +19.01% vs exit band -1.0% and price above 24h EMA; realised vol 73% -> weight 0.25,2.85
1789831230,champion,AVAX,9.4535,0.25,0.1,0.1032,hold,hold: weight change -0.003 below threshold 0.05 | stay long: 72h return +30.32% vs exit band -1.0% and price above 24h EMA; realised vol 74% -> weight 0.25,1.587
1789831230,champion,LINK,12.57273,0.25,0.1,0.1436,hold,hold: weight change -0.044 below threshold 0.05 | stay long: 72h return +17.59% vs exit band -1.0% and price above 24h EMA; realised vol 57% -> weight 0.25,2.394
1789831230,champion,XRP,1.434135,0.25,0.1,0.0551,hold,hold: weight change +0.045 below threshold 0.05 | stay long: 72h return +13.64% vs exit band -1.0% and price above 24h EMA; realised vol 80% -> weight 0.25,0.035
1789831230,champion,DOGE,0.088665,0.25,0.1,0.1397,hold,hold: weight change -0.040 below threshold 0.05 | stay long: 72h return +12.84% vs exit band -1.0% and price above 24h EMA; realised vol 51% -> weight 0.25,0.361
1789831230,champion,DOT,1.12455,0.25,0.1,0.0,none,no fill possible (no cash or no position) | enter long: 72h return +15.70% vs entry band +1.0% and price above 24h EMA; realised vol 81% -> weight 0.25,3.112
1789831230,champion,LTC,57.895,0.25,0.1,0.1424,hold,hold: weight change -0.042 below threshold 0.05 | stay long: 72h return +15.00% vs exit band -1.0% and price above 24h EMA; realised vol 51% -> weight 0.25,0.864
1789834871,champion,BTC,81773.75,0.25,0.1111,0.1097,hold,hold: weight change +0.001 below threshold 0.05 | stay long: 72h return +7.76% vs exit band -1.0% and price above 24h EMA; realised vol 34% -> weight 0.25,0.006
1789834871,champion,ETH,2643.735,0.25,0.1111,0.0222,none,no fill possible (no cash or no position) | stay long: 72h return +10.41% vs exit band -1.0% and price above 24h EMA; realised vol 43% -> weight 0.25,0.019
1789834871,champion,SOL,111.555,0.25,0.1111,0.1411,hold,hold: weight change -0.030 below threshold 0.05 | stay long: 72h return +14.98% vs exit band -1.0% and price above 24h EMA; realised vol 53% -> weight 0.25,0.448
1789834871,champion,ADA,0.227807,0.25,0.1111,0.1421,hold,hold: weight change -0.031 below threshold 0.05 | stay long: 72h return +18.59% vs exit band -1.0% and price above 24h EMA; realised vol 73% -> weight 0.25,1.054
1789834871,champion,AVAX,9.629,0.25,0.1111,0.1047,hold,hold: weight change +0.006 below threshold 0.05 | stay long: 72h return +30.69% vs exit band -1.0% and price above 24h EMA; realised vol 74% -> weight 0.25,2.077
1789834871,champion,LINK,12.597415,0.25,0.1111,0.1433,hold,hold: weight change -0.032 below threshold 0.05 | stay long: 72h return +17.62% vs exit band -1.0% and price above 24h EMA; realised vol 57% -> weight 0.25,1.06
1789834871,champion,XRP,1.434485,0.25,0.1111,0.0549,none,no fill possible (no cash or no position) | stay long: 72h return +13.03% vs exit band -1.0% and price above 24h EMA; realised vol 80% -> weight 0.25,0.244
1789834871,champion,DOGE,0.08918,0.25,0.1111,0.1399,hold,hold: weight change -0.029 below threshold 0.05 | stay long: 72h return +12.54% vs exit band -1.0% and price above 24h EMA; realised vol 51% -> weight 0.25,0.992
1789834871,champion,DOT,1.1213,0.0,0.0,0.0,hold,hold: weight change +0.000 below threshold 0.05 | flat: price below 24h EMA,1.784
1789834871,champion,LTC,58.065,0.25,0.1111,0.1422,hold,hold: weight change -0.031 below threshold 0.05 | stay long: 72h return +15.05% vs exit band -1.0% and price above 24h EMA; realised vol 51% -> weight 0.25,0.861
1789838365,champion,BTC,81708.85,0.25,0.1,0.1089,hold,hold: weight change -0.009 below threshold 0.05 | stay long: 72h return +8.07% vs exit band -1.0% and price above 24h EMA; realised vol 34% -> weight 0.25,0.006
1789838365,champion,ETH,2654.555,0.25,0.1,0.0222,none,no fill possible (no cash or no position) | stay long: 72h return +10.85% vs exit band -1.0% and price above 24h EMA; realised vol 43% -> weight 0.25,0.433
1789838365,champion,SOL,112.045,0.25,0.1,0.1407,hold,hold: weight change -0.041 below threshold 0.05 | stay long: 72h return +15.24% vs exit band -1.0% and price above 24h EMA; realised vol 53% -> weight 0.25,0.446
1789838365,champion,ADA,0.2305,0.25,0.1,0.1428,hold,hold: weight change -0.043 below threshold 0.05 | stay long: 72h return +19.42% vs exit band -1.0% and price above 24h EMA; realised vol 73% -> weight 0.25,0.022
1789838365,champion,AVAX,9.7675,0.25,0.1,0.1055,hold,hold: weight change -0.005 below threshold 0.05 | stay long: 72h return +33.61% vs exit band -1.0% and price above 24h EMA; realised vol 76% -> weight 0.25,1.536
1789838365,champion,LINK,12.63127,0.25,0.1,0.1427,hold,hold: weight change -0.043 below threshold 0.05 | stay long: 72h return +17.37% vs exit band -1.0% and price above 24h EMA; realised vol 56% -> weight 0.25,2.913
1789838365,champion,XRP,1.43262,0.25,0.1,0.0545,hold,hold: weight change +0.046 below threshold 0.05 | stay long: 72h return +13.14% vs exit band -1.0% and price above 24h EMA; realised vol 80% -> weight 0.25,0.489
1789838365,champion,DOGE,0.09093,0.25,0.1,0.1417,hold,hold: weight change -0.042 below threshold 0.05 | stay long: 72h return +13.09% vs exit band -1.0% and price above 24h EMA; realised vol 51% -> weight 0.25,3.299
1789838365,champion,DOT,1.138,0.25,0.1,0.0,none,no fill possible (no cash or no position) | enter long: 72h return +15.75% vs entry band +1.0% and price above 24h EMA; realised vol 81% -> weight 0.25,1.757
1789838365,champion,LTC,57.945,0.25,0.1,0.141,hold,hold: weight change -0.041 below threshold 0.05 | stay long: 72h return +14.40% vs exit band -1.0% and price above 24h EMA; realised vol 51% -> weight 0.25,0.863
1789842177,champion,BTC,81469.85,0.25,0.1,0.1094,hold,hold: weight change -0.009 below threshold 0.05 | stay long: 72h return +7.68% vs exit band -1.0% and price above 24h EMA; realised vol 34% -> weight 0.25,0.006
1789842177,champion,ETH,2642.585,0.25,0.1,0.0222,none,no fill possible (no cash or no position) | stay long: 72h return +10.75% vs exit band -1.0% and price above 24h EMA; realised vol 43% -> weight 0.25,0.019
1789842177,champion,SOL,111.085,0.25,0.1,0.1405,hold,hold: weight change -0.041 below threshold 0.05 | stay long: 72h return +14.78% vs exit band -1.0% and price above 24h EMA; realised vol 54% -> weight 0.25,0.45
1789842177,champion,ADA,0.228966,0.25,0.1,0.1429,hold,hold: weight change -0.043 below threshold 0.05 | stay long: 72h return +19.10% vs exit band -1.0% and price above 24h EMA; realised vol 73% -> weight 0.25,2.358
1789842177,champion,AVAX,9.7375,0.25,0.1,0.1059,hold,hold: weight change -0.006 below threshold 0.05 | stay long: 72h return +33.26% vs exit band -1.0% and price above 24h EMA; realised vol 76% -> weight 0.25,1.54
1789842177,champion,LINK,12.513155,0.25,0.1,0.1424,hold,hold: weight change -0.042 below threshold 0.05 | stay long: 72h return +17.03% vs exit band -1.0% and price above 24h EMA; realised vol 57% -> weight 0.25,1.123
1789842177,champion,XRP,1.42522,0.25,0.1,0.0546,hold,hold: weight change +0.045 below threshold 0.05 | stay long: 72h return +12.73% vs exit band -1.0% and price above 24h EMA; realised vol 80% -> weight 0.25,0.912
1789842177,champion,DOGE,0.089658,0.25,0.1,0.1407,hold,hold: weight change -0.041 below threshold 0.05 | stay long: 72h return +14.05% vs exit band -1.0% and price above 24h EMA; realised vol 51% -> weight 0.25,0.006
1789842177,champion,DOT,1.13115,0.25,0.1,0.0,none,no fill possible (no cash or no position) | enter long: 72h return +16.10% vs entry band +1.0% and price above 24h EMA; realised vol 81% -> weight 0.25,2.21
1789842177,champion,LTC,57.685,0.25,0.1,0.1413,hold,hold: weight change -0.041 below threshold 0.05 | stay long: 72h return +13.61% vs exit band -1.0% and price above 24h EMA; realised vol 51% -> weight 0.25,0.867
1789845487,champion,BTC,81371.45,0.25,0.1,0.1094,hold,hold: weight change -0.009 below threshold 0.05 | stay long: 72h return +7.75% vs exit band -1.0% and price above 24h EMA; realised vol 34% -> weight 0.25,0.006
1789845487,champion,ETH,2633.525,0.25,0.1,0.0222,none,no fill possible (no cash or no position) | stay long: 72h return +10.13% vs exit band -1.0% and price above 24h EMA; realised vol 43% -> weight 0.25,0.019
1789845487,champion,SOL,110.845,0.25,0.1,0.1404,hold,hold: weight change -0.040 below threshold 0.05 | stay long: 72h return +13.71% vs exit band -1.0% and price within 2.0% of 24h EMA; realised vol 53% -> weight 0.25,0.451
1789845487,champion,ADA,0.229528,0.25,0.1,0.1434,hold,hold: weight change -0.043 below threshold 0.05 | stay long: 72h return +19.67% vs exit band -1.0% and price above 24h EMA; realised vol 73% -> weight 0.25,2.113
1789845487,champion,AVAX,9.706,0.25,0.1,0.1057,hold,hold: weight change -0.006 below threshold 0.05 | stay long: 72h return +34.59% vs exit band -1.0% and price above 24h EMA; realised vol 76% -> weight 0.25,2.061
1789845487,champion,LINK,12.500035,0.25,0.1,0.1424,hold,hold: weight change -0.042 below threshold 0.05 | stay long: 72h return +16.01% vs exit band -1.0% and price above 24h EMA; realised vol 57% -> weight 0.25,1.148
1789845487,champion,XRP,1.42607,0.25,0.1,0.0547,hold,hold: weight change +0.045 below threshold 0.05 | stay long: 72h return +11.95% vs exit band -1.0% and price above 24h EMA; realised vol 80% -> weight 0.25,0.07
1789845487,champion,DOGE,0.089529,0.25,0.1,0.1407,hold,hold: weight change -0.041 below threshold 0.05 | stay long: 72h return +12.68% vs exit band -1.0% and price above 24h EMA; realised vol 51% -> weight 0.25,0.704
1789845487,champion,DOT,1.12955,0.25,0.1,0.0,none,no fill possible (no cash or no position) | enter long: 72h return +15.29% vs entry band +1.0% and price above 24h EMA; realised vol 81% -> weight 0.25,3.099
1789845487,champion,LTC,57.55,0.25,0.1,0.1412,hold,hold: weight change -0.041 below threshold 0.05 | stay long: 72h return +13.52% vs exit band -1.0% and price above 24h EMA; realised vol 51% -> weight 0.25,1.738
1789849252,champion,BTC,81327.55,0.25,0.1,0.1092,hold,hold: weight change -0.009 below threshold 0.05 | stay long: 72h return +7.01% vs exit band -1.0% and price above 24h EMA; realised vol 34% -> weight 0.25,0.006
1789849252,champion,ETH,2635.265,0.25,0.1,0.0222,none,no fill possible (no cash or no position) | stay long: 72h return +9.45% vs exit band -1.0% and price above 24h EMA; realised vol 43% -> weight 0.25,0.019
1789849252,champion,SOL,111.185,0.25,0.1,0.1407,hold,hold: weight change -0.041 below threshold 0.05 | stay long: 72h return +13.42% vs exit band -1.0% and price within 2.0% of 24h EMA; realised vol 53% -> weight 0.25,0.45
1789849252,champion,ADA,0.229656,0.25,0.1,0.1434,hold,hold: weight change -0.043 below threshold 0.05 | stay long: 72h return +18.44% vs exit band -1.0% and price above 24h EMA; realised vol 73% -> weight 0.25,3.2
1789849252,champion,AVAX,9.7165,0.25,0.1,0.1057,hold,hold: weight change -0.006 below threshold 0.05 | stay long: 72h return +31.20% vs exit band -1.0% and price above 24h EMA; realised vol 78% -> weight 0.25,0.515
1789849252,champion,LINK,12.50947,0.25,0.1,0.1424,hold,hold: weight change -0.042 below threshold 0.05 | stay long: 72h return +14.39% vs exit band -1.0% and price above 24h EMA; realised vol 57% -> weight 0.25,2.374
1789849252,champion,XRP,1.43186,0.25,0.1,0.0549,hold,hold: weight change +0.045 below threshold 0.05 | stay long: 72h return +9.77% vs exit band -1.0% and price above 24h EMA; realised vol 80% -> weight 0.25,0.908
1789849252,champion,DOGE,0.08885,0.25,0.1,0.1395,hold,hold: weight change -0.040 below threshold 0.05 | stay long: 72h return +11.00% vs exit band -1.0% and price above 24h EMA; realised vol 51% -> weight 0.25,0.214
1789849252,champion,DOT,1.1274,0.25,0.1,0.0,none,no fill possible (no cash or no position) | enter long: 72h return +13.20% vs entry band +1.0% and price above 24h EMA; realised vol 81% -> weight 0.25,0.887
1789849252,champion,LTC,57.895,0.25,0.1,0.1419,hold,hold: weight change -0.042 below threshold 0.05 | stay long: 72h return +14.18% vs exit band -1.0% and price above 24h EMA; realised vol 52% -> weight 0.25,0.864
1789852797,champion,BTC,80971.05,0.25,0.1111,0.1096,hold,hold: weight change +0.001 below threshold 0.05 | stay long: 72h return +6.60% vs exit band -1.0% and price above 24h EMA; realised vol 34% -> weight 0.25,0.006
1789852797,champion,ETH,2623.495,0.25,0.1111,0.0223,none,no fill possible (no cash or no position) | stay long: 72h return +9.38% vs exit band -1.0% and price above 24h EMA; realised vol 43% -> weight 0.25,0.019
1789852797,champion,SOL,110.71,0.25,0.1111,0.1413,hold,hold: weight change -0.030 below threshold 0.05 | stay long: 72h return +12.62% vs exit band -1.0% and price within 2.0% of 24h EMA; realised vol 53% -> weight 0.25,0.903
1789852797,champion,ADA,0.226879,0.25,0.1111,0.1428,hold,hold: weight change -0.032 below threshold 0.05 | stay long: 72h return +17.20% vs exit band -1.0% and price above 24h EMA; realised vol 73% -> weight 0.25,1.939
1789852797,champion,AVAX,9.6975,0.25,0.1111,0.1064,hold,hold: weight change +0.005 below threshold 0.05 | stay long: 72h return +32.11% vs exit band -1.0% and price above 24h EMA; realised vol 78% -> weight 0.25,4.64
1789852797,champion,LINK,12.39436,0.25,0.1111,0.1422,hold,hold: weight change -0.031 below threshold 0.05 | stay long: 72h return +13.57% vs exit band -1.0% and price above 24h EMA; realised vol 57% -> weight 0.25,4.357
1789852797,champion,XRP,1.41477,0.25,0.1111,0.0546,none,no fill possible (no cash or no position) | stay long: 72h return +9.76% vs exit band -1.0% and price above 24h EMA; realised vol 80% -> weight 0.25,1.626
1789852797,champion,DOGE,0.087754,0.25,0.1111,0.1389,hold,hold: weight change -0.028 below threshold 0.05 | stay long: 72h return +10.48% vs exit band -1.0% and price above 24h EMA; realised vol 51% -> weight 0.25,4.387
1789852797,champion,DOT,1.1015,0.0,0.0,0.0,hold,hold: weight change +0.000 below threshold 0.05 | flat: price below 24h EMA,5.447
1789852797,champion,LTC,57.425,0.25,0.1111,0.1419,hold,hold: weight change -0.031 below threshold 0.05 | stay long: 72h return +12.30% vs exit band -1.0% and price above 24h EMA; realised vol 52% -> weight 0.25,0.871
1789856412,champion,BTC,81025.05,0.25,0.1111,0.1103,hold,hold: weight change +0.001 below threshold 0.05 | stay long: 72h return +6.80% vs exit band -1.0% and price above 24h EMA; realised vol 34% -> weight 0.25,0.006
1789856412,champion,ETH,2621.375,0.25,0.1111,0.0224,none,no fill possible (no cash or no position) | stay long: 72h return +9.32% vs exit band -1.0% and price above 24h EMA; realised vol 43% -> weight 0.25,0.019
1789856412,champion,SOL,110.225,0.25,0.1111,0.1414,hold,hold: weight change -0.030 below threshold 0.05 | stay long: 72h return +12.39% vs exit band -1.0% and price within 2.0% of 24h EMA; realised vol 54% -> weight 0.25,0.454
1789856412,champion,ADA,0.226096,0.25,0.1111,0.1431,hold,hold: weight change -0.032 below threshold 0.05 | stay long: 72h return +16.52% vs exit band -1.0% and price above 24h EMA; realised vol 74% -> weight 0.25,1.747
1789856412,champion,AVAX,9.6335,0.25,0.1111,0.1063,hold,hold: weight change +0.005 below threshold 0.05 | stay long: 72h return +31.36% vs exit band -1.0% and price above 24h EMA; realised vol 78% -> weight 0.25,1.557
1789856412,champion,LINK,12.312415,0.25,0.1111,0.1421,hold,hold: weight change -0.031 below threshold 0.05 | stay long: 72h return +12.80% vs exit band -1.0% and price within 2.0% of 24h EMA; realised vol 57% -> weight 0.25,1.06
1789856412,champion,XRP,1.403045,0.25,0.1111,0.0545,none,no fill possible (no cash or no position) | stay long: 72h return +9.06% vs exit band -1.0% and price within 2.0% of 24h EMA; realised vol 81% -> weight 0.25,0.606
1789856412,champion,DOGE,0.086935,0.25,0.1111,0.1384,hold,hold: weight change -0.027 below threshold 0.05 | stay long: 72h return +8.49% vs exit band -1.0% and price within 2.0% of 24h EMA; realised vol 53% -> weight 0.25,0.817
1789856412,champion,DOT,1.1056,0.0,0.0,0.0,hold,hold: weight change +0.000 below threshold 0.05 | flat: price below 24h EMA,0.904
1789856412,champion,LTC,56.915,0.25,0.1111,0.1415,hold,hold: weight change -0.030 below threshold 0.05 | stay long: 72h return +11.30% vs exit band -1.0% and price within 2.0% of 24h EMA; realised vol 52% -> weight 0.25,0.879
1789859939,champion,BTC,81234.85,0.25,0.1111,0.1095,hold,hold: weight change +0.002 below threshold 0.05 | stay long: 72h return +7.43% vs exit band -1.0% and price above 24h EMA; realised vol 34% -> weight 0.25,0.006
1789859939,champion,ETH,2633.275,0.25,0.1111,0.0222,none,no fill possible (no cash or no position) | stay long: 72h return +10.03% vs exit band -1.0% and price above 24h EMA; realised vol 43% -> weight 0.25,0.551
1789859939,champion,SOL,110.765,0.25,0.1111,0.1407,hold,hold: weight change -0.030 below threshold 0.05 | stay long: 72h return +13.56% vs exit band -1.0% and price within 2.0% of 24h EMA; realised vol 54% -> weight 0.25,0.451
1789859939,champion,ADA,0.227706,0.25,0.1111,0.1427,hold,hold: weight change -0.032 below threshold 0.05 | stay long: 72h return +18.38% vs exit band -1.0% and price above 24h EMA; realised vol 74% -> weight 0.25,1.296
1789859939,champion,AVAX,9.899,0.25,0.1111,0.1081,hold,hold: weight change +0.003 below threshold 0.05 | stay long: 72h return +33.30% vs exit band -1.0% and price above 24h EMA; realised vol 78% -> weight 0.25,2.02
1789859939,champion,LINK,12.42963,0.25,0.1111,0.142,hold,hold: weight change -0.031 below threshold 0.05 | stay long: 72h return +14.07% vs exit band -1.0% and price above 24h EMA; realised vol 57% -> weight 0.25,2.301
1789859939,champion,XRP,1.41341,0.25,0.1111,0.0543,none,no fill possible (no cash or no position) | stay long: 72h return +10.17% vs exit band -1.0% and price above 24h EMA; realised vol 81% -> weight 0.25,0.566
1789859939,champion,DOGE,0.087848,0.25,0.1111,0.1384,hold,hold: weight change -0.027 below threshold 0.05 | stay long: 72h return +9.86% vs exit band -1.0% and price within 2.0% of 24h EMA; realised vol 53% -> weight 0.25,0.677
1789859939,champion,DOT,1.12275,0.0,0.0,0.0,hold,hold: weight change +0.000 below threshold 0.05 | flat: price below 24h EMA,0.445
1789859939,champion,LTC,57.785,0.25,0.1111,0.1421,hold,hold: weight change -0.031 below threshold 0.05 | stay long: 72h return +13.38% vs exit band -1.0% and price above 24h EMA; realised vol 53% -> weight 0.25,2.596
1789864184,champion,BTC,81287.05,0.25,0.1111,0.1087,hold,hold: weight change +0.002 below threshold 0.05 | stay long: 72h return +6.67% vs exit band -1.0% and price above 24h EMA; realised vol 34% -> weight 0.25,0.006
1789864184,champion,ETH,2628.94,0.25,0.1111,0.0221,none,no fill possible (no cash or no position) | stay long: 72h return +8.89% vs exit band -1.0% and price above 24h EMA; realised vol 43% -> weight 0.25,0.494
1789864184,champion,SOL,110.85,0.25,0.1111,0.1398,hold,hold: weight change -0.029 below threshold 0.05 | stay long: 72h return +12.66% vs exit band -1.0% and price within 2.0% of 24h EMA; realised vol 54% -> weight 0.25,0.902
1789864184,champion,ADA,0.228685,0.25,0.1111,0.1422,hold,hold: weight change -0.031 below threshold 0.05 | stay long: 72h return +16.14% vs exit band -1.0% and price above 24h EMA; realised vol 74% -> weight 0.25,1.487
1789864184,champion,AVAX,10.496,0.25,0.1111,0.1138,hold,hold: weight change -0.003 below threshold 0.05 | stay long: 72h return +35.12% vs exit band -1.0% and price above 24h EMA; realised vol 81% -> weight 0.25,0.953
1789864184,champion,LINK,12.40637,0.25,0.1111,0.1407,hold,hold: weight change -0.030 below threshold 0.05 | stay long: 72h return +12.47% vs exit band -1.0% and price above 24h EMA; realised vol 57% -> weight 0.25,3.571
1789864184,champion,XRP,1.405405,0.25,0.1111,0.0536,none,no fill possible (no cash or no position) | stay long: 72h return +8.62% vs exit band -1.0% and price within 2.0% of 24h EMA; realised vol 81% -> weight 0.25,0.036
1789864184,champion,DOGE,0.087602,0.25,0.1111,0.137,hold,hold: weight change -0.026 below threshold 0.05 | stay long: 72h return +8.47% vs exit band -1.0% and price within 2.0% of 24h EMA; realised vol 53% -> weight 0.25,0.006
1789864184,champion,DOT,1.12,0.0,0.0,0.0,hold,hold: weight change +0.000 below threshold 0.05 | flat: price below 24h EMA,1.786
1789864184,champion,LTC,58.16,0.25,0.1111,0.142,hold,hold: weight change -0.031 below threshold 0.05 | stay long: 72h return +12.76% vs exit band -1.0% and price above 24h EMA; realised vol 53% -> weight 0.25,3.439
1789867191,champion,BTC,81166.05,0.25,0.1,0.1095,hold,hold: weight change -0.010 below threshold 0.05 | stay long: 72h return +6.54% vs exit band -1.0% and price above 24h EMA; realised vol 34% -> weight 0.25,0.006
1789867191,champion,ETH,2623.65,0.25,0.1,0.0222,none,no fill possible (no cash or no position) | stay long: 72h return +8.66% vs exit band -1.0% and price above 24h EMA; realised vol 43% -> weight 0.25,0.457
1789867191,champion,SOL,110.495,0.25,0.1,0.1406,hold,hold: weight change -0.041 below threshold 0.05 | stay long: 72h return +12.47% vs exit band -1.0% and price within 2.0% of 24h EMA; realised vol 54% -> weight 0.25,0.453
1789867191,champion,ADA,0.227747,0.25,0.1,0.1429,hold,hold: weight change -0.043 below threshold 0.05 | stay long: 72h return +16.92% vs exit band -1.0% and price above 24h EMA; realised vol 74% -> weight 0.25,2.722
1789867191,champion,AVAX,9.956,0.25,0.1,0.1089,hold,hold: weight change -0.009 below threshold 0.05 | stay long: 72h return +37.63% vs exit band -1.0% and price above 24h EMA; realised vol 82% -> weight 0.25,1.004
1789867191,champion,LINK,12.34293,0.25,0.1,0.1412,hold,hold: weight change -0.041 below threshold 0.05 | stay long: 72h return +12.59% vs exit band -1.0% and price within 2.0% of 24h EMA; realised vol 57% -> weight 0.25,2.755
1789867191,champion,XRP,1.4033,0.25,0.1,0.054,hold,hold: weight change +0.046 below threshold 0.05 | stay long: 72h return +8.66% vs exit band -1.0% and price within 2.0% of 24h EMA; realised vol 81% -> weight 0.25,0.285
1789867191,champion,DOGE,0.087322,0.25,0.1,0.1378,hold,hold: weight change -0.038 below threshold 0.05 | stay long: 72h return +8.62% vs exit band -1.0% and price within 2.0% of 24h EMA; realised vol 53% -> weight 0.25,0.155
1789867191,champion,DOT,1.1226,0.25,0.1,0.0,none,no fill possible (no cash or no position) | enter long: 72h return +9.45% vs entry band +1.0% and price above 24h EMA; realised vol 82% -> weight 0.25,0.891
1789867191,champion,LTC,58.0,0.25,0.1,0.1429,hold,hold: weight change -0.043 below threshold 0.05 | stay long: 72h return +12.28% vs exit band -1.0% and price above 24h EMA; realised vol 53% -> weight 0.25,1.724
1789870903,champion,BTC,81010.05,0.25,0.1111,0.1098,hold,hold: weight change +0.001 below threshold 0.05 | stay long: 72h return +6.25% vs exit band -1.0% and price above 24h EMA; realised vol 34% -> weight 0.25,0.006
1789870903,champion,ETH,2615.955,0.25,0.1111,0.0222,none,no fill possible (no cash or no position) | stay long: 72h return +7.96% vs exit band -1.0% and price within 2.0% of 24h EMA; realised vol 43% -> weight 0.25,0.096
1789870903,champion,SOL,109.985,0.25,0.1111,0.1406,hold,hold: weight change -0.029 below threshold 0.05 | stay long: 72h return +11.05% vs exit band -1.0% and price within 2.0% of 24h EMA; realised vol 54% -> weight 0.25,0.455
1789870903,champion,ADA,0.227747,0.25,0.1111,0.1436,hold,hold: weight change -0.032 below threshold 0.05 | stay long: 72h return +15.75% vs exit band -1.0% and price above 24h EMA; realised vol 74% -> weight 0.25,2.525
1789870903,champion,AVAX,9.6765,0.25,0.1111,0.1063,hold,hold: weight change +0.005 below threshold 0.05 | stay long: 72h return +29.21% vs exit band -1.0% and price above 24h EMA; realised vol 94% -> weight 0.25,1.55
1789870903,champion,LINK,12.3063,0.25,0.1111,0.1414,hold,hold: weight change -0.030 below threshold 0.05 | stay long: 72h return +10.81% vs exit band -1.0% and price within 2.0% of 24h EMA; realised vol 58% -> weight 0.25,2.877
1789870903,champion,XRP,1.4007,0.25,0.1111,0.0542,none,no fill possible (no cash or no position) | stay long: 72h return +7.73% vs exit band -1.0% and price within 2.0% of 24h EMA; realised vol 81% -> weight 0.25,0.428
1789870903,champion,DOGE,0.087165,0.25,0.1111,0.1382,hold,hold: weight change -0.027 below threshold 0.05 | stay long: 72h return +7.67% vs exit band -1.0% and price within 2.0% of 24h EMA; realised vol 53% -> weight 0.25,0.568
1789870903,champion,DOT,1.1134,0.0,0.0,0.0,hold,hold: weight change +0.000 below threshold 0.05 | flat: price below 24h EMA,2.694
1789870903,champion,LTC,58.055,0.25,0.1111,0.1437,hold,hold: weight change -0.033 below threshold 0.05 | stay long: 72h return +11.19% vs exit band -1.0% and price above 24h EMA; realised vol 53% -> weight 0.25,0.861
1789874526,champion,BTC,80480.85,0.25,0.25,0.1105,none,no fill possible (no cash or no position) | stay long: 72h return +5.24% vs exit band -1.0% and price within 2.0% of 24h EMA; realised vol 35% -> weight 0.25,0.006
1789874526,champion,ETH,2589.135,0.25,0.25,0.0223,none,no fill possible (no cash or no position) | stay long: 72h return +6.04% vs exit band -1.0% and price within 2.0% of 24h EMA; realised vol 45% -> weight 0.25,0.212
1789874526,champion,SOL,108.775,0.0,0.0,0.1408,sell,exit: price more than 2.0% below 24h EMA,0.46
1789874526,champion,ADA,0.222457,0.0,0.0,0.142,sell,exit: price more than 2.0% below 24h EMA,3.709
1789874526,champion,AVAX,9.6395,0.25,0.25,0.1073,buy,stay long: 72h return +26.52% vs exit band -1.0% and price above 24h EMA; realised vol 95% -> weight 0.25,1.556
1789874526,champion,LINK,12.098995,0.0,0.0,0.1408,sell,exit: price more than 2.0% below 24h EMA,4.046
1789874526,champion,XRP,1.384655,0.0,0.0,0.0543,sell,exit: price more than 2.0% below 24h EMA,0.542
1789874526,champion,DOGE,0.086015,0.0,0.0,0.1381,sell,exit: price more than 2.0% below 24h EMA,1.697
1789874526,champion,DOT,1.09225,0.0,0.0,0.0,hold,hold: weight change +0.000 below threshold 0.05 | flat: price below 24h EMA,1.373
1789874526,champion,LTC,57.425,0.25,0.25,0.1439,buy,stay long: 72h return +8.98% vs exit band -1.0% and price within 2.0% of 24h EMA; realised vol 55% -> weight 0.25,2.612
1789878133,champion,BTC,80328.25,0.25,0.25,0.1109,buy,stay long: 72h return +5.36% vs exit band -1.0% and price within 2.0% of 24h EMA; realised vol 35% -> weight 0.25,0.006
1789878133,champion,ETH,2580.625,0.25,0.25,0.0223,buy,stay long: 72h return +6.30% vs exit band -1.0% and price within 2.0% of 24h EMA; realised vol 45% -> weight 0.25,0.019
1789878133,champion,SOL,108.655,0.0,0.0,0.0,hold,hold: weight change +0.000 below threshold 0.05 | flat: price below 24h EMA,0.46
1789878133,champion,ADA,0.221046,0.0,0.0,0.0,hold,hold: weight change +0.000 below threshold 0.05 | flat: price below 24h EMA,2.058
1789878133,champion,AVAX,9.5695,0.25,0.25,0.2495,hold,hold: weight change +0.000 below threshold 0.05 | stay long: 72h return +26.73% vs exit band -1.0% and price above 24h EMA; realised vol 95% -> weight 0.25,0.522
1789878133,champion,LINK,12.01193,0.0,0.0,0.0,hold,hold: weight change +0.000 below threshold 0.05 | flat: price below 24h EMA,2.273
1789878133,champion,XRP,1.37872,0.0,0.0,0.0,hold,hold: weight change +0.000 below threshold 0.05 | flat: price below 24h EMA,0.435
1789878133,champion,DOGE,0.085308,0.0,0.0,0.0,hold,hold: weight change +0.000 below threshold 0.05 | flat: price below 24h EMA,0.1
1789878133,champion,DOT,1.08145,0.0,0.0,0.0,hold,hold: weight change +0.000 below threshold 0.05 | flat: price below 24h EMA,3.236
1789878133,champion,LTC,56.915,0.25,0.25,0.2491,hold,hold: weight change +0.001 below threshold 0.05 | stay long: 72h return +9.63% vs exit band -1.0% and price within 2.0% of 24h EMA; realised vol 56% -> weight 0.25,0.879
1789881632,champion,BTC,80474.35,0.25,0.25,0.2502,hold,hold: weight change -0.000 below threshold 0.05 | stay long: 72h return +5.15% vs exit band -1.0% and price within 2.0% of 24h EMA; realised vol 35% -> weight 0.25,0.006
1789881632,champion,ETH,2576.945,0.25,0.25,0.2493,hold,hold: weight change +0.001 below threshold 0.05 | stay long: 72h return +5.68% vs exit band -1.0% and price within 2.0% of 24h EMA; realised vol 45% -> weight 0.25,0.019
1789881632,champion,SOL,108.795,0.0,0.0,0.0,hold,hold: weight change +0.000 below threshold 0.05 | flat: price below 24h EMA,0.46
1789881632,champion,ADA,0.22062,0.0,0.0,0.0,hold,hold: weight change +0.000 below threshold 0.05 | flat: price below 24h EMA,2.108
1789881632,champion,AVAX,9.6205,0.25,0.25,0.2506,hold,hold: weight change -0.001 below threshold 0.05 | stay long: 72h return +27.42% vs exit band -1.0% and price above 24h EMA; realised vol 95% -> weight 0.25,0.52
1789881632,champion,LINK,11.99857,0.0,0.0,0.0,hold,hold: weight change +0.000 below threshold 0.05 | flat: price below 24h EMA,3.25
1789881632,champion,XRP,1.380355,0.0,0.0,0.0,hold,hold: weight change +0.000 below threshold 0.05 | flat: price below 24h EMA,0.036
1789881632,champion,DOGE,0.085355,0.0,0.0,0.0,hold,hold: weight change +0.000 below threshold 0.05 | flat: price below 24h EMA,0.486
1789881632,champion,DOT,1.09,0.0,0.0,0.0,hold,hold: weight change +0.000 below threshold 0.05 | flat: price below 24h EMA,1.835
1789881632,champion,LTC,56.91,0.25,0.25,0.2489,hold,hold: weight change +0.001 below threshold 0.05 | stay long: 72h return +9.46% vs exit band -1.0% and price within 2.0% of 24h EMA; realised vol 56% -> weight 0.25,1.757
1789885550,champion,BTC,80443.45,0.25,0.25,0.2495,hold,hold: weight change +0.001 below threshold 0.05 | stay long: 72h return +5.51% vs exit band -1.0% and price within 2.0% of 24h EMA; realised vol 35% -> weight 0.25,0.006
1789885550,champion,ETH,2579.185,0.25,0.25,0.2489,hold,hold: weight change +0.001 below threshold 0.05 | stay long: 72h return +5.86% vs exit band -1.0% and price within 2.0% of 24h EMA; realised vol 45% -> weight 0.25,0.019
1789885550,champion,SOL,108.515,0.0,0.0,0.0,hold,hold: weight change +0.000 below threshold 0.05 | flat: price below 24h EMA,0.461
1789885550,champion,ADA,0.220727,0.0,0.0,0.0,hold,hold: weight change +0.000 below threshold 0.05 | flat: price below 24h EMA,2.854
1789885550,champion,AVAX,9.6925,0.25,0.25,0.2519,hold,hold: weight change -0.002 below threshold 0.05 | stay long: 72h return +28.07% vs exit band -1.0% and price above 24h EMA; realised vol 95% -> weight 0.25,1.548
1789885550,champion,LINK,12.00225,0.0,0.0,0.0,hold,hold: weight change +0.000 below threshold 0.05 | flat: price below 24h EMA,3.649
1789885550,champion,XRP,1.380705,0.0,0.0,0.0,hold,hold: weight change +0.000 below threshold 0.05 | flat: price below 24h EMA,0.398
1789885550,champion,DOGE,0.085282,0.0,0.0,0.0,hold,hold: weight change +0.000 below threshold 0.05 | flat: price below 24h EMA,0.006
1789885550,champion,DOT,1.08675,0.0,0.0,0.0,hold,hold: weight change +0.000 below threshold 0.05 | flat: price below 24h EMA,0.46
1789885550,champion,LTC,56.995,0.25,0.25,0.2487,hold,hold: weight change +0.001 below threshold 0.05 | stay long: 72h return +10.19% vs exit band -1.0% and price within 2.0% of 24h EMA; realised vol 55% -> weight 0.25,2.632
1789888840,champion,BTC,80284.35,0.25,0.25,0.2492,hold,hold: weight change +0.001 below threshold 0.05 | stay long: 72h return +5.09% vs exit band -1.0% and price within 2.0% of 24h EMA; realised vol 35% -> weight 0.25,0.006
1789888840,champion,ETH,2572.595,0.25,0.25,0.2486,hold,hold: weight change +0.001 below threshold 0.05 | stay long: 72h return +5.50% vs exit band -1.0% and price within 2.0% of 24h EMA; realised vol 45% -> weight 0.25,0.019
1789888840,champion,SOL,108.645,0.0,0.0,0.0,hold,hold: weight change +0.000 below threshold 0.05 | flat: price below 24h EMA,0.46
1789888840,champion,ADA,0.219938,0.0,0.0,0.0,hold,hold: weight change +0.000 below threshold 0.05 | flat: price below 24h EMA,2.637
1789888840,champion,AVAX,9.7325,0.25,0.25,0.2532,hold,hold: weight change -0.003 below threshold 0.05 | stay long: 72h return +29.89% vs exit band -1.0% and price above 24h EMA; realised vol 96% -> weight 0.25,0.514
1789888840,champion,LINK,11.980765,0.0,0.0,0.0,hold,hold: weight change +0.000 below threshold 0.05 | flat: price below 24h EMA,1.582
1789888840,champion,XRP,1.381455,0.0,0.0,0.0,hold,hold: weight change +0.000 below threshold 0.05 | flat: price below 24h EMA,0.036
1789888840,champion,DOGE,0.085108,0.0,0.0,0.0,hold,hold: weight change +0.000 below threshold 0.05 | flat: price below 24h EMA,0.006
1789888840,champion,DOT,1.08395,0.0,0.0,0.0,hold,hold: weight change +0.000 below threshold 0.05 | flat: price below 24h EMA,1.384
1789888840,champion,LTC,56.79,0.25,0.25,0.248,hold,hold: weight change +0.002 below threshold 0.05 | stay long: 72h return +8.71% vs exit band -1.0% and price within 2.0% of 24h EMA; realised vol 55% -> weight 0.25,3.522
1789892534,champion,BTC,80362.25,0.25,0.25,0.2499,hold,hold: weight change +0.000 below threshold 0.05 | stay long: 72h return +5.11% vs exit band -1.0% and price within 2.0% of 24h EMA; realised vol 35% -> weight 0.25,0.006
1789892534,champion,ETH,2576.525,0.25,0.25,0.2494,hold,hold: weight change +0.001 below threshold 0.05 | stay long: 72h return +5.48% vs exit band -1.0% and price within 2.0% of 24h EMA; realised vol 45% -> weight 0.25,0.019
1789892534,champion,SOL,108.375,0.0,0.0,0.0,hold,hold: weight change +0.000 below threshold 0.05 | flat: price below 24h EMA,0.461
1789892534,champion,ADA,0.219975,0.0,0.0,0.0,hold,hold: weight change +0.000 below threshold 0.05 | flat: price below 24h EMA,0.909
1789892534,champion,AVAX,9.6325,0.25,0.25,0.251,hold,hold: weight change -0.001 below threshold 0.05 | stay long: 72h return +27.51% vs exit band -1.0% and price above 24h EMA; realised vol 96% -> weight 0.25,0.519
1789892534,champion,LINK,11.983375,0.0,0.0,0.0,hold,hold: weight change +0.000 below threshold 0.05 | flat: price below 24h EMA,3.134
1789892534,champion,XRP,1.379925,0.0,0.0,0.0,hold,hold: weight change +0.000 below threshold 0.05 | flat: price below 24h EMA,0.036
1789892534,champion,DOGE,0.084909,0.0,0.0,0.0,hold,hold: weight change +0.000 below threshold 0.05 | flat: price below 24h EMA,0.2
1789892534,champion,DOT,1.0889,0.0,0.0,0.0,hold,hold: weight change +0.000 below threshold 0.05 | flat: price below 24h EMA,1.837
1789892534,champion,LTC,56.85,0.25,0.25,0.2487,hold,hold: weight change +0.001 below threshold 0.05 | stay long: 72h return +7.63% vs exit band -1.0% and price within 2.0% of 24h EMA; realised vol 55% -> weight 0.25,3.518
1789896049,champion,BTC,80273.75,0.25,0.25,0.2489,hold,hold: weight change +0.001 below threshold 0.05 | stay long: 72h return +4.89% vs exit band -1.0% and price within 2.0% of 24h EMA; realised vol 35% -> weight 0.25,0.006
1789896049,champion,ETH,2576.135,0.25,0.25,0.2486,hold,hold: weight change +0.001 below threshold 0.05 | stay long: 72h return +5.37% vs exit band -1.0% and price within 2.0% of 24h EMA; realised vol 44% -> weight 0.25,0.019
1789896049,champion,SOL,108.215,0.0,0.0,0.0,hold,hold: weight change +0.000 below threshold 0.05 | flat: price below 24h EMA,0.462
1789896049,champion,ADA,0.219883,0.0,0.0,0.0,hold,hold: weight change +0.000 below threshold 0.05 | flat: price below 24h EMA,1.956
1789896049,champion,AVAX,9.7475,0.25,0.25,0.2533,hold,hold: weight change -0.003 below threshold 0.05 | stay long: 72h return +27.10% vs exit band -1.0% and price above 24h EMA; realised vol 96% -> weight 0.25,1.539
1789896049,champion,LINK,11.9978,0.0,0.0,0.0,hold,hold: weight change +0.000 below threshold 0.05 | flat: price below 24h EMA,1.034
1789896049,champion,XRP,1.380855,0.0,0.0,0.0,hold,hold: weight change +0.000 below threshold 0.05 | flat: price below 24h EMA,0.471
1789896049,champion,DOGE,0.084908,0.0,0.0,0.0,hold,hold: weight change +0.000 below threshold 0.05 | flat: price below 24h EMA,0.253
1789896049,champion,DOT,1.09585,0.0,0.0,0.0,hold,hold: weight change +0.000 below threshold 0.05 | flat: price below 24h EMA,1.369
1789896049,champion,LTC,56.91,0.25,0.25,0.2482,hold,hold: weight change +0.002 below threshold 0.05 | stay long: 72h return +7.23% vs exit band -1.0% and price within 2.0% of 24h EMA; realised vol 55% -> weight 0.25,3.514
1789899642,champion,BTC,80309.35,0.25,0.25,0.2488,hold,hold: weight change +0.001 below threshold 0.05 | stay long: 72h return +5.28% vs exit band -1.0% and price within 2.0% of 24h EMA; realised vol 35% -> weight 0.25,0.006
1789899642,champion,ETH,2574.335,0.25,0.25,0.2482,hold,hold: weight change +0.002 below threshold 0.05 | stay long: 72h return +5.85% vs exit band -1.0% and price within 2.0% of 24h EMA; realised vol 44% -> weight 0.25,0.019
1789899642,champion,SOL,107.965,0.0,0.0,0.0,hold,hold: weight change +0.000 below threshold 0.05 | flat: price below 24h EMA,0.463
1789899642,champion,ADA,0.218836,0.0,0.0,0.0,hold,hold: weight change +0.000 below threshold 0.05 | flat: price below 24h EMA,1.097
1789899642,champion,AVAX,9.7835,0.25,0.25,0.254,hold,hold: weight change -0.004 below threshold 0.05 | stay long: 72h return +30.31% vs exit band -1.0% and price above 24h EMA; realised vol 97% -> weight 0.25,1.533
1789899642,champion,LINK,11.96672,0.0,0.0,0.0,hold,hold: weight change +0.000 below threshold 0.05 | flat: price below 24h EMA,2.515
1789899642,champion,XRP,1.37542,0.0,0.0,0.0,hold,hold: weight change +0.000 below threshold 0.05 | flat: price below 24h EMA,0.8
1789899642,champion,DOGE,0.084551,0.0,0.0,0.0,hold,hold: weight change +0.000 below threshold 0.05 | flat: price below 24h EMA,0.106
1789899642,champion,DOT,1.0931,0.0,0.0,0.0,hold,hold: weight change +0.000 below threshold 0.05 | flat: price below 24h EMA,2.744
1789899642,champion,LTC,56.93,0.25,0.25,0.2481,hold,hold: weight change +0.002 below threshold 0.05 | stay long: 72h return +8.09% vs exit band -1.0% and price within 2.0% of 24h EMA; realised vol 55% -> weight 0.25,1.757
1789903225,champion,BTC,80354.45,0.25,0.25,0.2484,hold,hold: weight change +0.002 below threshold 0.05 | stay long: 72h return +5.19% vs exit band -1.0% and price within 2.0% of 24h EMA; realised vol 35% -> weight 0.25,0.006
1789903225,champion,ETH,2571.295,0.25,0.25,0.2473,hold,hold: weight change +0.003 below threshold 0.05 | stay long: 72h return +5.65% vs exit band -1.0% and price within 2.0% of 24h EMA; realised vol 44% -> weight 0.25,0.019
1789903225,champion,SOL,108.085,0.0,0.0,0.0,hold,hold: weight change +0.000 below threshold 0.05 | flat: price below 24h EMA,0.463
1789903225,champion,ADA,0.21994,0.0,0.0,0.0,hold,hold: weight change +0.000 below threshold 0.05 | flat: price below 24h EMA,0.023
1789903225,champion,AVAX,9.8695,0.25,0.25,0.2556,hold,hold: weight change -0.006 below threshold 0.05 | stay long: 72h return +29.72% vs exit band -1.0% and price above 24h EMA; realised vol 97% -> weight 0.25,0.507
1789903225,champion,LINK,12.00846,0.0,0.0,0.0,hold,hold: weight change +0.000 below threshold 0.05 | flat: price below 24h EMA,2.998
1789903225,champion,XRP,1.37632,0.0,0.0,0.0,hold,hold: weight change +0.000 below threshold 0.05 | flat: price below 24h EMA,1.526
1789903225,champion,DOGE,0.084801,0.0,0.0,0.0,hold,hold: weight change +0.000 below threshold 0.05 | flat: price below 24h EMA,1.633
1789903225,champion,DOT,1.09335,0.0,0.0,0.0,hold,hold: weight change +0.000 below threshold 0.05 | flat: price below 24h EMA,1.372
1789903225,champion,LTC,56.97,0.25,0.25,0.2477,hold,hold: weight change +0.002 below threshold 0.05 | stay long: 72h return +7.89% vs exit band -1.0% and price within 2.0% of 24h EMA; realised vol 55% -> weight 0.25,1.755
1789907133,champion,BTC,80358.85,0.25,0.25,0.2452,hold,hold: weight change +0.005 below threshold 0.05 | stay long: 72h return +5.31% vs exit band -1.0% and price within 2.0% of 24h EMA; realised vol 35% -> weight 0.25,0.006
1789907133,champion,ETH,2574.625,0.25,0.25,0.2445,hold,hold: weight change +0.006 below threshold 0.05 | stay long: 72h return +5.64% vs exit band -1.0% and price within 2.0% of 24h EMA; realised vol 44% -> weight 0.25,0.019
1789907133,champion,SOL,108.295,0.0,0.0,0.0,hold,hold: weight change +0.000 below threshold 0.05 | flat: price below 24h EMA,0.462
1789907133,champion,ADA,0.221133,0.0,0.0,0.0,hold,hold: weight change +0.000 below threshold 0.05 | flat: price below 24h EMA,3.459
1789907133,champion,AVAX,10.3485,0.25,0.25,0.2646,hold,hold: weight change -0.015 below threshold 0.05 | stay long: 72h return +37.88% vs exit band -1.0% and price above 24h EMA; realised vol 106% -> weight 0.25,4.348
1789907133,champion,LINK,12.052295,0.0,0.0,0.0,hold,hold: weight change +0.000 below threshold 0.05 | flat: price below 24h EMA,2.908
1789907133,champion,XRP,1.37657,0.0,0.0,0.0,hold,hold: weight change +0.000 below threshold 0.05 | flat: price below 24h EMA,1.816
1789907133,champion,DOGE,0.084973,0.0,0.0,0.0,hold,hold: weight change +0.000 below threshold 0.05 | flat: price below 24h EMA,0.129
1789907133,champion,DOT,1.09965,0.0,0.0,0.0,hold,hold: weight change +0.000 below threshold 0.05 | flat: price below 24h EMA,2.273
1789907133,champion,LTC,57.02,0.25,0.25,0.2448,hold,hold: weight change +0.005 below threshold 0.05 | stay long: 72h return +8.21% vs exit band -1.0% and price within 2.0% of 24h EMA; realised vol 55% -> weight 0.25,3.508
1789910461,champion,BTC,80467.35,0.25,0.25,0.2444,hold,hold: weight change +0.006 below threshold 0.05 | stay long: 72h return +4.96% vs exit band -1.0% and price within 2.0% of 24h EMA; realised vol 35% -> weight 0.25,0.006
1789910461,champion,ETH,2577.935,0.25,0.25,0.2437,hold,hold: weight change +0.006 below threshold 0.05 | stay long: 72h return +4.95% vs exit band -1.0% and price within 2.0% of 24h EMA; realised vol 44% -> weight 0.25,0.019
1789910461,champion,SOL,108.135,0.0,0.0,0.0,hold,hold: weight change +0.000 below threshold 0.05 | flat: price below 24h EMA,0.462
1789910461,champion,ADA,0.221,0.0,0.0,0.0,hold,hold: weight change +0.000 below threshold 0.05 | flat: price below 24h EMA,3.371
1789910461,champion,AVAX,10.522,0.25,0.25,0.2678,hold,hold: weight change -0.018 below threshold 0.05 | stay long: 72h return +36.28% vs exit band -1.0% and price above 24h EMA; realised vol 106% -> weight 0.25,2.851
1789910461,champion,LINK,12.07553,0.0,0.0,0.0,hold,hold: weight change +0.000 below threshold 0.05 | flat: price below 24h EMA,0.894
1789910461,champion,XRP,1.377025,0.0,0.0,0.0,hold,hold: weight change +0.000 below threshold 0.05 | flat: price below 24h EMA,0.036
1789910461,champion,DOGE,0.084965,0.0,0.0,0.0,hold,hold: weight change +0.000 below threshold 0.05 | flat: price below 24h EMA,1.471
1789910461,champion,DOT,1.0942,0.0,0.0,0.0,hold,hold: weight change +0.000 below threshold 0.05 | flat: price below 24h EMA,3.656
1789910461,champion,LTC,56.915,0.25,0.25,0.2432,hold,hold: weight change +0.007 below threshold 0.05 | stay long: 72h return +8.32% vs exit band -1.0% and price within 2.0% of 24h EMA; realised vol 55% -> weight 0.25,2.636
1789914066,champion,BTC,80433.45,0.25,0.25,0.2435,hold,hold: weight change +0.006 below threshold 0.05 | stay long: 72h return +5.12% vs exit band -1.0% and price within 2.0% of 24h EMA; realised vol 35% -> weight 0.25,0.006
1789914066,champion,ETH,2575.945,0.25,0.25,0.2427,hold,hold: weight change +0.007 below threshold 0.05 | stay long: 72h return +4.88% vs exit band -1.0% and price within 2.0% of 24h EMA; realised vol 44% -> weight 0.25,0.019
1789914066,champion,SOL,108.075,0.0,0.0,0.0,hold,hold: weight change +0.000 below threshold 0.05 | flat: price below 24h EMA,0.463
1789914066,champion,ADA,0.220471,0.0,0.0,0.0,hold,hold: weight change +0.000 below threshold 0.05 | flat: price below 24h EMA,4.468
1789914066,champion,AVAX,10.668,0.25,0.25,0.2707,hold,hold: weight change -0.021 below threshold 0.05 | stay long: 72h return +39.37% vs exit band -1.0% and price above 24h EMA; realised vol 107% -> weight 0.25,0.937
1789914066,champion,LINK,12.05708,0.0,0.0,0.0,hold,hold: weight change +0.000 below threshold 0.05 | flat: price below 24h EMA,3.807
1789914066,champion,XRP,1.376215,0.0,0.0,0.0,hold,hold: weight change +0.000 below threshold 0.05 | flat: price below 24h EMA,0.763
1789914066,champion,DOGE,0.084875,0.0,0.0,0.0,hold,hold: weight change +0.000 below threshold 0.05 | flat: price below 24h EMA,0.289
1789914066,champion,DOT,1.09715,0.0,0.0,0.0,hold,hold: weight change +0.000 below threshold 0.05 | flat: price below 24h EMA,2.279
1789914066,champion,LTC,56.82,0.25,0.25,0.242,hold,hold: weight change +0.008 below threshold 0.05 | stay long: 72h return +8.00% vs exit band -1.0% and price within 2.0% of 24h EMA; realised vol 55% -> weight 0.25,1.76
1789917642,champion,BTC,80789.15,0.25,0.25,0.2405,hold,hold: weight change +0.009 below threshold 0.05 | stay long: 72h return +5.52% vs exit band -1.0% and price above 24h EMA; realised vol 35% -> weight 0.25,0.006
1789917642,champion,ETH,2599.235,0.25,0.25,0.2408,hold,hold: weight change +0.009 below threshold 0.05 | stay long: 72h return +5.10% vs exit band -1.0% and price within 2.0% of 24h EMA; realised vol 44% -> weight 0.25,0.019
1789917642,champion,SOL,108.405,0.0,0.0,0.0,hold,hold: weight change +0.000 below threshold 0.05 | flat: price below 24h EMA,0.461
1789917642,champion,ADA,0.223276,0.0,0.0,0.0,hold,hold: weight change +0.000 below threshold 0.05 | flat: price below 24h EMA,1.769
1789917642,champion,AVAX,11.1405,0.25,0.25,0.2779,hold,hold: weight change -0.028 below threshold 0.05 | stay long: 72h return +42.84% vs exit band -1.0% and price above 24h EMA; realised vol 108% -> weight 0.25,1.346
1789917642,champion,LINK,12.25811,0.0,0.0,0.0,hold,hold: weight change +0.000 below threshold 0.05 | flat: price below 24h EMA,1.925
1789917642,champion,XRP,1.386665,0.0,0.0,0.0,hold,hold: weight change +0.000 below threshold 0.05 | flat: price below 24h EMA,0.036
1789917642,champion,DOGE,0.085615,0.0,0.0,0.0,hold,hold: weight change +0.000 below threshold 0.05 | flat: price below 24h EMA,0.006
1789917642,champion,DOT,1.1073,0.0,0.0,0.0,hold,hold: weight change +0.000 below threshold 0.05 | flat: price below 24h EMA,1.806
1789917642,champion,LTC,57.25,0.25,0.25,0.2398,hold,hold: weight change +0.010 below threshold 0.05 | stay long: 72h return +7.55% vs exit band -1.0% and price within 2.0% of 24h EMA; realised vol 55% -> weight 0.25,3.493
1789921304,champion,BTC,81028.35,0.25,0.125,0.2395,sell,stay long: 72h return +5.45% vs exit band -1.0% and price above 24h EMA; realised vol 35% -> weight 0.25,0.006
1789921304,champion,ETH,2615.465,0.25,0.125,0.2405,sell,stay long: 72h return +5.83% vs exit band -1.0% and price above 24h EMA; realised vol 45% -> weight 0.25,0.019
1789921304,champion,SOL,108.865,0.0,0.0,0.0,hold,hold: weight change +0.000 below threshold 0.05 | flat: price below 24h EMA,0.459
1789921304,champion,ADA,0.226014,0.25,0.125,0.0,buy,enter long: 72h return +11.05% vs entry band +1.0% and price above 24h EMA; realised vol 78% -> weight 0.25,3.141
1789921304,champion,AVAX,11.262,0.25,0.125,0.2789,sell,stay long: 72h return +50.21% vs exit band -1.0% and price above 24h EMA; realised vol 114% -> weight 0.25,1.776
1789921304,champion,LINK,12.349265,0.25,0.125,0.0,buy,enter long: 72h return +8.99% vs entry band +1.0% and price above 24h EMA; realised vol 62% -> weight 0.25,2.36
1789921304,champion,XRP,1.3981,0.25,0.125,0.0,buy,enter long: 72h return +6.45% vs entry band +1.0% and price above 24h EMA; realised vol 82% -> weight 0.25,0.429
1789921304,champion,DOGE,0.086341,0.0,0.0,0.0,hold,hold: weight change +0.000 below threshold 0.05 | flat: price below 24h EMA,0.006
1789921304,champion,DOT,1.12405,0.25,0.125,0.0,buy,enter long: 72h return +4.08% vs entry band +1.0% and price above 24h EMA; realised vol 87% -> weight 0.25,5.783
1789921304,champion,LTC,57.765,0.25,0.125,0.2402,sell,stay long: 72h return +7.24% vs exit band -1.0% and price above 24h EMA; realised vol 55% -> weight 0.25,0.866
1789924784,champion,BTC,81249.75,0.25,0.1,0.1246,hold,hold: weight change -0.025 below threshold 0.05 | stay long: 72h return +6.03% vs exit band -1.0% and price above 24h EMA; realised vol 35% -> weight 0.25,0.006
1789924784,champion,ETH,2635.305,0.25,0.1,0.1252,hold,hold: weight change -0.025 below threshold 0.05 | stay long: 72h return +6.95% vs exit band -1.0% and price above 24h EMA; realised vol 45% -> weight 0.25,0.019
1789924784,champion,SOL,109.855,0.25,0.1,0.0,buy,enter long: 72h return +8.88% vs entry band +1.0% and price above 24h EMA; realised vol 57% -> weight 0.25,0.455
1789924784,champion,ADA,0.22965,0.25,0.1,0.1263,hold,hold: weight change -0.026 below threshold 0.05 | stay long: 72h return +14.89% vs exit band -1.0% and price above 24h EMA; realised vol 81% -> weight 0.25,2.634
1789924784,champion,AVAX,11.144,0.25,0.1,0.123,hold,hold: weight change -0.023 below threshold 0.05 | stay long: 72h return +48.28% vs exit band -1.0% and price above 24h EMA; realised vol 114% -> weight 0.25,2.692
1789924784,champion,LINK,12.466305,0.25,0.1,0.1255,hold,hold: weight change -0.025 below threshold 0.05 | stay long: 72h return +10.68% vs exit band -1.0% and price above 24h EMA; realised vol 62% -> weight 0.25,3.485
1789924784,champion,XRP,1.404305,0.25,0.1,0.1248,hold,hold: weight change -0.025 below threshold 0.05 | stay long: 72h return +8.15% vs exit band -1.0% and price above 24h EMA; realised vol 83% -> weight 0.25,2.67
1789924784,champion,DOGE,0.087073,0.25,0.1,0.0,buy,enter long: 72h return +6.74% vs entry band +1.0% and price above 24h EMA; realised vol 57% -> weight 0.25,1.998
1789924784,champion,DOT,1.15825,0.25,0.1,0.0093,none,no fill possible (no cash or no position) | stay long: 72h return +10.44% vs exit band -1.0% and price above 24h EMA; realised vol 93% -> weight 0.25,2.158
1789924784,champion,LTC,58.975,0.25,0.1,0.1269,hold,hold: weight change -0.027 below threshold 0.05 | stay long: 72h return +9.85% vs exit band -1.0% and price above 24h EMA; realised vol 58% -> weight 0.25,0.848
1789928573,champion,BTC,81180.85,0.25,0.1,0.1247,hold,hold: weight change -0.025 below threshold 0.05 | stay long: 72h return +5.91% vs exit band -1.0% and price above 24h EMA; realised vol 35% -> weight 0.25,0.006
1789928573,champion,ETH,2632.445,0.25,0.1,0.1252,hold,hold: weight change -0.025 below threshold 0.05 | stay long: 72h return +6.73% vs exit band -1.0% and price above 24h EMA; realised vol 45% -> weight 0.25,0.019
1789928573,champion,SOL,110.145,0.25,0.1,0.1003,hold,hold: weight change -0.000 below threshold 0.05 | stay long: 72h return +8.37% vs exit band -1.0% and price above 24h EMA; realised vol 57% -> weight 0.25,0.454
1789928573,champion,ADA,0.228014,0.25,0.1,0.1255,hold,hold: weight change -0.026 below threshold 0.05 | stay long: 72h return +12.40% vs exit band -1.0% and price above 24h EMA; realised vol 83% -> weight 0.25,2.105
1789928573,champion,AVAX,11.1325,0.25,0.1,0.123,hold,hold: weight change -0.023 below threshold 0.05 | stay long: 72h return +44.80% vs exit band -1.0% and price above 24h EMA; realised vol 116% -> weight 0.25,1.347
1789928573,champion,LINK,12.482575,0.25,0.1,0.1258,hold,hold: weight change -0.026 below threshold 0.05 | stay long: 72h return +9.64% vs exit band -1.0% and price above 24h EMA; realised vol 63% -> weight 0.25,3.561
1789928573,champion,XRP,1.40697,0.25,0.1,0.1252,hold,hold: weight change -0.025 below threshold 0.05 | stay long: 72h return +7.92% vs exit band -1.0% and price above 24h EMA; realised vol 83% -> weight 0.25,0.426
1789928573,champion,DOGE,0.087029,0.25,0.1,0.0143,none,no fill possible (no cash or no position) | stay long: 72h return +6.50% vs exit band -1.0% and price above 24h EMA; realised vol 57% -> weight 0.25,0.345
1789928573,champion,DOT,1.15385,0.25,0.1,0.0093,none,no fill possible (no cash or no position) | stay long: 72h return +8.36% vs exit band -1.0% and price above 24h EMA; realised vol 94% -> weight 0.25,0.433
1789928573,champion,LTC,58.84,0.25,0.1,0.1267,hold,hold: weight change -0.027 below threshold 0.05 | stay long: 72h return +9.38% vs exit band -1.0% and price above 24h EMA; realised vol 58% -> weight 0.25,3.399
1789931907,champion,BTC,81057.85,0.25,0.1,0.1248,hold,hold: weight change -0.025 below threshold 0.05 | stay long: 72h return +5.90% vs exit band -1.0% and price above 24h EMA; realised vol 35% -> weight 0.25,0.006
1789931907,champion,ETH,2627.625,0.25,0.1,0.1253,hold,hold: weight change -0.025 below threshold 0.05 | stay long: 72h return +7.18% vs exit band -1.0% and price above 24h EMA; realised vol 45% -> weight 0.25,0.019
1789931907,champion,SOL,109.925,0.25,0.1,0.1004,hold,hold: weight change -0.000 below threshold 0.05 | stay long: 72h return +8.55% vs exit band -1.0% and price above 24h EMA; realised vol 57% -> weight 0.25,0.455
1789931907,champion,ADA,0.226956,0.25,0.1,0.1253,hold,hold: weight change -0.025 below threshold 0.05 | stay long: 72h return +12.54% vs exit band -1.0% and price above 24h EMA; realised vol 83% -> weight 0.25,2.6
1789931907,champion,AVAX,11.1095,0.25,0.1,0.1231,hold,hold: weight change -0.023 below threshold 0.05 | stay long: 72h return +46.22% vs exit band -1.0% and price above 24h EMA; realised vol 116% -> weight 0.25,2.25
1789931907,champion,LINK,12.46592,0.25,0.1,0.1259,hold,hold: weight change -0.026 below threshold 0.05 | stay long: 72h return +9.85% vs exit band -1.0% and price above 24h EMA; realised vol 63% -> weight 0.25,3.626
1789931907,champion,XRP,1.40398,0.25,0.1,0.1253,hold,hold: weight change -0.025 below threshold 0.05 | stay long: 72h return +8.44% vs exit band -1.0% and price above 24h EMA; realised vol 83% -> weight 0.25,0.57
1789931907,champion,DOGE,0.086769,0.25,0.1,0.0143,none,no fill possible (no cash or no position) | stay long: 72h return +6.44% vs exit band -1.0% and price above 24h EMA; realised vol 57% -> weight 0.25,0.248
1789931907,champion,DOT,1.15115,0.25,0.1,0.0093,none,no fill possible (no cash or no position) | stay long: 72h return +6.96% vs exit band -1.0% and price above 24h EMA; realised vol 94% -> weight 0.25,2.172
1789931907,champion,LTC,58.455,0.25,0.1,0.1263,hold,hold: weight change -0.026 below threshold 0.05 | stay long: 72h return +9.12% vs exit band -1.0% and price above 24h EMA; realised vol 58% -> weight 0.25,4.277
1789935638,champion,BTC,81108.35,0.25,0.1,0.1243,hold,hold: weight change -0.024 below threshold 0.05 | stay long: 72h return +6.05% vs exit band -1.0% and price above 24h EMA; realised vol 35% -> weight 0.25,0.006
1789935638,champion,ETH,2630.905,0.25,0.1,0.1249,hold,hold: weight change -0.025 below threshold 0.05 | stay long: 72h return +7.59% vs exit band -1.0% and price above 24h EMA; realised vol 45% -> weight 0.25,0.019
1789935638,champion,SOL,110.2,0.25,0.1,0.1002,hold,hold: weight change -0.000 below threshold 0.05 | stay long: 72h return +9.47% vs exit band -1.0% and price above 24h EMA; realised vol 58% -> weight 0.25,0.907
1789935638,champion,ADA,0.22743,0.25,0.1,0.125,hold,hold: weight change -0.025 below threshold 0.05 | stay long: 72h return +13.03% vs exit band -1.0% and price above 24h EMA; realised vol 83% -> weight 0.25,2.176
1789935638,champion,AVAX,11.308,0.25,0.1,0.1247,hold,hold: weight change -0.025 below threshold 0.05 | stay long: 72h return +47.05% vs exit band -1.0% and price above 24h EMA; realised vol 116% -> weight 0.25,1.769
1789935638,champion,LINK,12.508715,0.25,0.1,0.1258,hold,hold: weight change -0.026 below threshold 0.05 | stay long: 72h return +10.89% vs exit band -1.0% and price above 24h EMA; realised vol 63% -> weight 0.25,3.649
1789935638,champion,XRP,1.409815,0.25,0.1,0.1252,hold,hold: weight change -0.025 below threshold 0.05 | stay long: 72h return +8.80% vs exit band -1.0% and price above 24h EMA; realised vol 83% -> weight 0.25,0.319
1789935638,champion,DOGE,0.087242,0.25,0.1,0.0143,none,no fill possible (no cash or no position) | stay long: 72h return +6.95% vs exit band -1.0% and price above 24h EMA; realised vol 57% -> weight 0.25,0.006
1789935638,champion,DOT,1.1564,0.25,0.1,0.0093,none,no fill possible (no cash or no position) | stay long: 72h return +9.75% vs exit band -1.0% and price above 24h EMA; realised vol 95% -> weight 0.25,1.73
1789935638,champion,LTC,58.785,0.25,0.1,0.1264,hold,hold: weight change -0.026 below threshold 0.05 | stay long: 72h return +9.52% vs exit band -1.0% and price above 24h EMA; realised vol 59% -> weight 0.25,2.552
1789939224,champion,BTC,80893.95,0.25,0.1,0.1246,hold,hold: weight change -0.025 below threshold 0.05 | stay long: 72h return +5.98% vs exit band -1.0% and price above 24h EMA; realised vol 35% -> weight 0.25,0.006
1789939224,champion,ETH,2626.295,0.25,0.1,0.1254,hold,hold: weight change -0.025 below threshold 0.05 | stay long: 72h return +7.45% vs exit band -1.0% and price above 24h EMA; realised vol 45% -> weight 0.25,0.019
1789939224,champion,SOL,110.035,0.25,0.1,0.1006,hold,hold: weight change -0.001 below threshold 0.05 | stay long: 72h return +8.79% vs exit band -1.0% and price above 24h EMA; realised vol 57% -> weight 0.25,0.454
1789939224,champion,ADA,0.225973,0.25,0.1,0.1248,hold,hold: weight change -0.025 below threshold 0.05 | stay long: 72h return +12.39% vs exit band -1.0% and price above 24h EMA; realised vol 83% -> weight 0.25,3.584
1789939224,champion,AVAX,11.1535,0.25,0.1,0.1236,hold,hold: weight change -0.024 below threshold 0.05 | stay long: 72h return +46.69% vs exit band -1.0% and price above 24h EMA; realised vol 116% -> weight 0.25,0.448
1789939224,champion,LINK,12.45377,0.25,0.1,0.1259,hold,hold: weight change -0.026 below threshold 0.05 | stay long: 72h return +10.04% vs exit band -1.0% and price above 24h EMA; realised vol 63% -> weight 0.25,3.389
1789939224,champion,XRP,1.402845,0.25,0.1,0.1253,hold,hold: weight change -0.025 below threshold 0.05 | stay long: 72h return +8.35% vs exit band -1.0% and price above 24h EMA; realised vol 83% -> weight 0.25,0.036
1789939224,champion,DOGE,0.086882,0.25,0.1,0.0143,none,no fill possible (no cash or no position) | stay long: 72h return +6.85% vs exit band -1.0% and price above 24h EMA; realised vol 57% -> weight 0.25,0.495
1789939224,champion,DOT,1.13585,0.25,0.1,0.0092,none,no fill possible (no cash or no position) | stay long: 72h return +6.29% vs exit band -1.0% and price above 24h EMA; realised vol 96% -> weight 0.25,3.081
1789939224,champion,LTC,58.48,0.25,0.1,0.1264,hold,hold: weight change -0.026 below threshold 0.05 | stay long: 72h return +8.97% vs exit band -1.0% and price above 24h EMA; realised vol 59% -> weight 0.25,3.42
1789942850,champion,BTC,81101.55,0.25,0.1,0.1243,hold,hold: weight change -0.024 below threshold 0.05 | stay long: 72h return +6.00% vs exit band -1.0% and price above 24h EMA; realised vol 35% -> weight 0.25,0.006
1789942850,champion,ETH,2637.155,0.25,0.1,0.1253,hold,hold: weight change -0.025 below threshold 0.05 | stay long: 72h return +7.58% vs exit band -1.0% and price above 24h EMA; realised vol 45% -> weight 0.25,0.019
1789942850,champion,SOL,110.225,0.25,0.1,0.1002,hold,hold: weight change -0.000 below threshold 0.05 | stay long: 72h return +8.67% vs exit band -1.0% and price above 24h EMA; realised vol 58% -> weight 0.25,0.454
1789942850,champion,ADA,0.227808,0.25,0.1,0.1252,hold,hold: weight change -0.025 below threshold 0.05 | stay long: 72h return +13.12% vs exit band -1.0% and price above 24h EMA; realised vol 83% -> weight 0.25,2.7
1789942850,champion,AVAX,11.279,0.25,0.1,0.1244,hold,hold: weight change -0.024 below threshold 0.05 | stay long: 72h return +48.99% vs exit band -1.0% and price above 24h EMA; realised vol 116% -> weight 0.25,0.887
1789942850,champion,LINK,12.47832,0.25,0.1,0.1255,hold,hold: weight change -0.026 below threshold 0.05 | stay long: 72h return +9.97% vs exit band -1.0% and price above 24h EMA; realised vol 63% -> weight 0.25,0.345
1789942850,champion,XRP,1.40587,0.25,0.1,0.1249,hold,hold: weight change -0.025 below threshold 0.05 | stay long: 72h return +8.57% vs exit band -1.0% and price above 24h EMA; realised vol 83% -> weight 0.25,0.569
1789942850,champion,DOGE,0.087165,0.25,0.1,0.0143,none,no fill possible (no cash or no position) | stay long: 72h return +6.77% vs exit band -1.0% and price above 24h EMA; realised vol 57% -> weight 0.25,0.235
1789942850,champion,DOT,1.1433,0.25,0.1,0.0092,none,no fill possible (no cash or no position) | stay long: 72h return +8.44% vs exit band -1.0% and price above 24h EMA; realised vol 96% -> weight 0.25,3.499
1789942850,champion,LTC,58.855,0.25,0.1,0.1266,hold,hold: weight change -0.027 below threshold 0.05 | stay long: 72h return +9.22% vs exit band -1.0% and price above 24h EMA; realised vol 59% -> weight 0.25,0.85
1789946386,champion,BTC,81226.15,0.25,0.1,0.1243,hold,hold: weight change -0.024 below threshold 0.05 | stay long: 72h return +6.35% vs exit band -1.0% and price above 24h EMA; realised vol 35% -> weight 0.25,0.006
1789946386,champion,ETH,2640.025,0.25,0.1,0.1251,hold,hold: weight change -0.025 below threshold 0.05 | stay long: 72h return +7.99% vs exit band -1.0% and price above 24h EMA; realised vol 44% -> weight 0.25,0.019
1789946386,champion,SOL,110.84,0.25,0.1,0.1006,hold,hold: weight change -0.001 below threshold 0.05 | stay long: 72h return +9.52% vs exit band -1.0% and price above 24h EMA; realised vol 57% -> weight 0.25,0.902
1789946386,champion,ADA,0.22815,0.25,0.1,0.1251,hold,hold: weight change -0.025 below threshold 0.05 | stay long: 72h return +13.69% vs exit band -1.0% and price above 24h EMA; realised vol 81% -> weight 0.25,1.994
1789946386,champion,AVAX,11.351,0.25,0.1,0.1249,hold,hold: weight change -0.025 below threshold 0.05 | stay long: 72h return +48.40% vs exit band -1.0% and price above 24h EMA; realised vol 115% -> weight 0.25,1.762
1789946386,champion,LINK,12.493135,0.25,0.1,0.1254,hold,hold: weight change -0.025 below threshold 0.05 | stay long: 72h return +10.13% vs exit band -1.0% and price above 24h EMA; realised vol 61% -> weight 0.25,0.292
1789946386,champion,XRP,1.409745,0.25,0.1,0.125,hold,hold: weight change -0.025 below threshold 0.05 | stay long: 72h return +8.84% vs exit band -1.0% and price above 24h EMA; realised vol 82% -> weight 0.25,0.035
1789946386,champion,DOGE,0.087248,0.25,0.1,0.0143,none,no fill possible (no cash or no position) | stay long: 72h return +7.35% vs exit band -1.0% and price above 24h EMA; realised vol 55% -> weight 0.25,1.072
1789946386,champion,DOT,1.1321,0.25,0.1,0.0091,none,no fill possible (no cash or no position) | stay long: 72h return +5.41% vs exit band -1.0% and price above 24h EMA; realised vol 96% -> weight 0.25,1.767
1789946386,champion,LTC,58.755,0.25,0.1,0.1261,hold,hold: weight change -0.026 below threshold 0.05 | stay long: 72h return +9.13% vs exit band -1.0% and price above 24h EMA; realised vol 57% -> weight 0.25,0.851
1789950571,champion,BTC,81726.55,0.25,0.1,0.1232,hold,hold: weight change -0.023 below threshold 0.05 | stay long: 72h return +6.30% vs exit band -1.0% and price above 24h EMA; realised vol 35% -> weight 0.25,0.006
1789950571,champion,ETH,2685.05,0.25,0.1,0.1254,hold,hold: weight change -0.025 below threshold 0.05 | stay long: 72h return +8.17% vs exit band -1.0% and price above 24h EMA; realised vol 44% -> weight 0.25,0.745
1789950571,champion,SOL,112.325,0.25,0.1,0.1004,hold,hold: weight change -0.000 below threshold 0.05 | stay long: 72h return +9.48% vs exit band -1.0% and price above 24h EMA; realised vol 57% -> weight 0.25,0.445
1789950571,champion,ADA,0.231708,0.25,0.1,0.1252,hold,hold: weight change -0.025 below threshold 0.05 | stay long: 72h return +12.55% vs exit band -1.0% and price above 24h EMA; realised vol 81% -> weight 0.25,3.302
1789950571,champion,AVAX,11.7075,0.25,0.1,0.1269,hold,hold: weight change -0.027 below threshold 0.05 | stay long: 72h return +48.65% vs exit band -1.0% and price above 24h EMA; realised vol 115% -> weight 0.25,2.135
1789950571,champion,LINK,12.73038,0.25,0.1,0.1259,hold,hold: weight change -0.026 below threshold 0.05 | stay long: 72h return +10.02% vs exit band -1.0% and price above 24h EMA; realised vol 61% -> weight 0.25,0.88
1789950571,champion,XRP,1.428025,0.25,0.1,0.1247,hold,hold: weight change -0.025 below threshold 0.05 | stay long: 72h return +8.81% vs exit band -1.0% and price above 24h EMA; realised vol 82% -> weight 0.25,0.035
1789950571,champion,DOGE,0.088516,0.25,0.1,0.0143,none,no fill possible (no cash or no position) | stay long: 72h return +6.85% vs exit band -1.0% and price above 24h EMA; realised vol 55% -> weight 0.25,0.446
1789950571,champion,DOT,1.14915,0.25,0.1,0.0091,none,no fill possible (no cash or no position) | stay long: 72h return +5.18% vs exit band -1.0% and price above 24h EMA; realised vol 96% -> weight 0.25,2.176
1789950571,champion,LTC,59.125,0.25,0.1,0.125,hold,hold: weight change -0.025 below threshold 0.05 | stay long: 72h return +8.84% vs exit band -1.0% and price above 24h EMA; realised vol 57% -> weight 0.25,2.537
1789953663,champion,BTC,81871.95,0.25,0.1,0.1229,hold,hold: weight change -0.023 below threshold 0.05 | stay long: 72h return +6.64% vs exit band -1.0% and price above 24h EMA; realised vol 35% -> weight 0.25,0.006
1789953663,champion,ETH,2693.575,0.25,0.1,0.1253,hold,hold: weight change -0.025 below threshold 0.05 | stay long: 72h return +9.94% vs exit band -1.0% and price above 24h EMA; realised vol 46% -> weight 0.25,0.019
1789953663,champion,SOL,112.985,0.25,0.1,0.1006,hold,hold: weight change -0.001 below threshold 0.05 | stay long: 72h return +10.89% vs exit band -1.0% and price above 24h EMA; realised vol 57% -> weight 0.25,0.443
1789953663,champion,ADA,0.23254,0.25,0.1,0.1251,hold,hold: weight change -0.025 below threshold 0.05 | stay long: 72h return +12.84% vs exit band -1.0% and price above 24h EMA; realised vol 81% -> weight 0.25,0.022
1789953663,champion,AVAX,11.7245,0.25,0.1,0.1266,hold,hold: weight change -0.027 below threshold 0.05 | stay long: 72h return +50.80% vs exit band -1.0% and price above 24h EMA; realised vol 116% -> weight 0.25,0.426
1789953663,champion,LINK,12.761235,0.25,0.1,0.1257,hold,hold: weight change -0.026 below threshold 0.05 | stay long: 72h return +11.43% vs exit band -1.0% and price above 24h EMA; realised vol 62% -> weight 0.25,1.383
1789953663,champion,XRP,1.432635,0.25,0.1,0.1246,hold,hold: weight change -0.025 below threshold 0.05 | stay long: 72h return +9.72% vs exit band -1.0% and price above 24h EMA; realised vol 83% -> weight 0.25,0.663
1789953663,champion,DOGE,0.089245,0.25,0.1,0.0144,none,no fill possible (no cash or no position) | stay long: 72h return +8.56% vs exit band -1.0% and price above 24h EMA; realised vol 57% -> weight 0.25,0.611
1789953663,champion,DOT,1.15425,0.25,0.1,0.0091,none,no fill possible (no cash or no position) | stay long: 72h return +4.21% vs exit band -1.0% and price above 24h EMA; realised vol 96% -> weight 0.25,3.032
1789953663,champion,LTC,59.72,0.25,0.1,0.1257,hold,hold: weight change -0.026 below threshold 0.05 | stay long: 72h return +8.87% vs exit band -1.0% and price above 24h EMA; realised vol 57% -> weight 0.25,3.349
1789957347,champion,BTC,81460.05,0.25,0.1,0.1241,hold,hold: weight change -0.024 below threshold 0.05 | stay long: 72h return +5.62% vs exit band -1.0% and price above 24h EMA; realised vol 35% -> weight 0.25,0.006
1789957347,champion,ETH,2664.955,0.25,0.1,0.1258,hold,hold: weight change -0.026 below threshold 0.05 | stay long: 72h return +7.90% vs exit band -1.0% and price above 24h EMA; realised vol 47% -> weight 0.25,0.206
1789957347,champion,SOL,111.855,0.25,0.1,0.1011,hold,hold: weight change -0.001 below threshold 0.05 | stay long: 72h return +8.35% vs exit band -1.0% and price above 24h EMA; realised vol 58% -> weight 0.25,0.447
1789957347,champion,ADA,0.230408,0.25,0.1,0.1258,hold,hold: weight change -0.026 below threshold 0.05 | stay long: 72h return +8.51% vs exit band -1.0% and price above 24h EMA; realised vol 82% -> weight 0.25,2.604
1789957347,champion,AVAX,11.218,0.25,0.1,0.1229,hold,hold: weight change -0.023 below threshold 0.05 | stay long: 72h return +44.29% vs exit band -1.0% and price above 24h EMA; realised vol 119% -> weight 0.25,1.783
1789957347,champion,LINK,12.596445,0.25,0.1,0.1259,hold,hold: weight change -0.026 below threshold 0.05 | stay long: 72h return +8.21% vs exit band -1.0% and price above 24h EMA; realised vol 63% -> weight 0.25,2.902
1789957347,champion,XRP,1.416215,0.25,0.1,0.125,hold,hold: weight change -0.025 below threshold 0.05 | stay long: 72h return +7.94% vs exit band -1.0% and price above 24h EMA; realised vol 83% -> weight 0.25,0.035
1789957347,champion,DOGE,0.088297,0.25,0.1,0.0144,none,no fill possible (no cash or no position) | stay long: 72h return +6.15% vs exit band -1.0% and price above 24h EMA; realised vol 58% -> weight 0.25,0.006
1789957347,champion,DOT,1.14645,0.25,0.1,0.0091,none,no fill possible (no cash or no position) | stay long: 72h return +2.46% vs exit band -1.0% and price above 24h EMA; realised vol 96% -> weight 0.25,0.436
1789957347,champion,LTC,58.845,0.25,0.1,0.1258,hold,hold: weight change -0.026 below threshold 0.05 | stay long: 72h return +7.36% vs exit band -1.0% and price above 24h EMA; realised vol 57% -> weight 0.25,0.85
1789960978,champion,BTC,81410.45,0.25,0.1,0.1236,hold,hold: weight change -0.024 below threshold 0.05 | stay long: 72h return +5.70% vs exit band -1.0% and price above 24h EMA; realised vol 35% -> weight 0.25,0.006
1789960978,champion,ETH,2665.755,0.25,0.1,0.1254,hold,hold: weight change -0.025 below threshold 0.05 | stay long: 72h return +8.15% vs exit band -1.0% and price above 24h EMA; realised vol 47% -> weight 0.25,0.019
1789960978,champion,SOL,111.705,0.25,0.1,0.1006,hold,hold: weight change -0.001 below threshold 0.05 | stay long: 72h return +8.32% vs exit band -1.0% and price above 24h EMA; realised vol 57% -> weight 0.25,0.448
1789960978,champion,ADA,0.23402,0.25,0.1,0.1273,hold,hold: weight change -0.027 below threshold 0.05 | stay long: 72h return +7.78% vs exit band -1.0% and price above 24h EMA; realised vol 82% -> weight 0.25,2.991
1789960978,champion,AVAX,11.201,0.25,0.1,0.1223,hold,hold: weight change -0.022 below threshold 0.05 | stay long: 72h return +43.59% vs exit band -1.0% and price above 24h EMA; realised vol 119% -> weight 0.25,2.678
1789960978,champion,LINK,12.652125,0.25,0.1,0.126,hold,hold: weight change -0.026 below threshold 0.05 | stay long: 72h return +8.52% vs exit band -1.0% and price above 24h EMA; realised vol 64% -> weight 0.25,0.004
1789960978,champion,XRP,1.424435,0.25,0.1,0.1253,hold,hold: weight change -0.025 below threshold 0.05 | stay long: 72h return +8.43% vs exit band -1.0% and price above 24h EMA; realised vol 83% -> weight 0.25,0.456
1789960978,champion,DOGE,0.088695,0.25,0.1,0.0144,none,no fill possible (no cash or no position) | stay long: 72h return +6.43% vs exit band -1.0% and price above 24h EMA; realised vol 57% -> weight 0.25,1.595
1789960978,champion,DOT,1.1551,0.25,0.1,0.0092,none,no fill possible (no cash or no position) | stay long: 72h return +2.86% vs exit band -1.0% and price above 24h EMA; realised vol 97% -> weight 0.25,2.597
1789960978,champion,LTC,59.155,0.25,0.1,0.1259,hold,hold: weight change -0.026 below threshold 0.05 | stay long: 72h return +8.13% vs exit band -1.0% and price above 24h EMA; realised vol 57% -> weight 0.25,0.845
1789964598,champion,BTC,81265.75,0.25,0.1,0.1239,hold,hold: weight change -0.024 below threshold 0.05 | stay long: 72h return +5.31% vs exit band -1.0% and price above 24h EMA; realised vol 35% -> weight 0.25,0.006
1789964598,champion,ETH,2657.985,0.25,0.1,0.1255,hold,hold: weight change -0.026 below threshold 0.05 | stay long: 72h return +7.62% vs exit band -1.0% and price above 24h EMA; realised vol 47% -> weight 0.25,0.019
1789964598,champion,SOL,111.255,0.25,0.1,0.1006,hold,hold: weight change -0.001 below threshold 0.05 | stay long: 72h return +6.74% vs exit band -1.0% and price above 24h EMA; realised vol 57% -> weight 0.25,0.449
1789964598,champion,ADA,0.230739,0.25,0.1,0.1261,hold,hold: weight change -0.026 below threshold 0.05 | stay long: 72h return +7.17% vs exit band -1.0% and price above 24h EMA; realised vol 82% -> weight 0.25,2.297
1789964598,champion,AVAX,11.2945,0.25,0.1,0.1239,hold,hold: weight change -0.024 below threshold 0.05 | stay long: 72h return +42.04% vs exit band -1.0% and price above 24h EMA; realised vol 119% -> weight 0.25,2.213
1789964598,champion,LINK,12.60386,0.25,0.1,0.1261,hold,hold: weight change -0.026 below threshold 0.05 | stay long: 72h return +7.79% vs exit band -1.0% and price above 24h EMA; realised vol 64% -> weight 0.25,2.206
1789964598,champion,XRP,1.416065,0.25,0.1,0.1251,hold,hold: weight change -0.025 below threshold 0.05 | stay long: 72h return +7.33% vs exit band -1.0% and price above 24h EMA; realised vol 83% -> weight 0.25,0.671
1789964598,champion,DOGE,0.087972,0.25,0.1,0.0144,none,no fill possible (no cash or no position) | stay long: 72h return +4.75% vs exit band -1.0% and price above 24h EMA; realised vol 57% -> weight 0.25,2.364
1789964598,champion,DOT,1.14815,0.25,0.1,0.0092,none,no fill possible (no cash or no position) | stay long: 72h return +3.69% vs exit band -1.0% and price above 24h EMA; realised vol 97% -> weight 0.25,3.048
1789964598,champion,LTC,58.62,0.25,0.1,0.1253,hold,hold: weight change -0.025 below threshold 0.05 | stay long: 72h return +7.90% vs exit band -1.0% and price above 24h EMA; realised vol 57% -> weight 0.25,1.706
1789968130,champion,BTC,81409.35,0.25,0.1,0.1237,hold,hold: weight change -0.024 below threshold 0.05 | stay long: 72h return +5.02% vs exit band -1.0% and price above 24h EMA; realised vol 35% -> weight 0.25,0.006
1789968130,champion,ETH,2665.095,0.25,0.1,0.1255,hold,hold: weight change -0.025 below threshold 0.05 | stay long: 72h return +7.40% vs exit band -1.0% and price above 24h EMA; realised vol 47% -> weight 0.25,0.019
1789968130,champion,SOL,111.705,0.25,0.1,0.1007,hold,hold: weight change -0.001 below threshold 0.05 | stay long: 72h return +5.44% vs exit band -1.0% and price above 24h EMA; realised vol 57% -> weight 0.25,0.448
1789968130,champion,ADA,0.231787,0.25,0.1,0.1263,hold,hold: weight change -0.026 below threshold 0.05 | stay long: 72h return +7.76% vs exit band -1.0% and price above 24h EMA; realised vol 82% -> weight 0.25,1.467
1789968130,champion,AVAX,11.4655,0.2492,0.0997,0.1253,hold,hold: weight change -0.026 below threshold 0.05 | stay long: 72h return +45.61% vs exit band -1.0% and price above 24h EMA; realised vol 120% -> weight 0.25,0.436
1789968130,champion,LINK,12.60125,0.25,0.1,0.1256,hold,hold: weight change -0.026 below threshold 0.05 | stay long: 72h return +7.31% vs exit band -1.0% and price above 24h EMA; realised vol 64% -> weight 0.25,0.651
1789968130,champion,XRP,1.41904,0.25,0.1,0.125,hold,hold: weight change -0.025 below threshold 0.05 | stay long: 72h return +7.08% vs exit band -1.0% and price above 24h EMA; realised vol 83% -> weight 0.25,0.564
1789968130,champion,DOGE,0.088405,0.25,0.1,0.0144,none,no fill possible (no cash or no position) | stay long: 72h return +4.53% vs exit band -1.0% and price above 24h EMA; realised vol 57% -> weight 0.25,2.506
1789968130,champion,DOT,1.1472,0.25,0.1,0.0091,none,no fill possible (no cash or no position) | stay long: 72h return +0.74% vs exit band -1.0% and price above 24h EMA; realised vol 98% -> weight 0.25,2.615
1789968130,champion,LTC,58.365,0.25,0.1,0.1244,hold,hold: weight change -0.024 below threshold 0.05 | stay long: 72h return +6.89% vs exit band -1.0% and price above 24h EMA; realised vol 58% -> weight 0.25,2.57
1789972171,champion,BTC,81799.45,0.25,0.1001,0.124,hold,hold: weight change -0.024 below threshold 0.05 | stay long: 72h return +5.31% vs exit band -1.0% and price above 24h EMA; realised vol 35% -> weight 0.25,0.006
1789972171,champion,ETH,2670.645,0.25,0.1001,0.1254,hold,hold: weight change -0.025 below threshold 0.05 | stay long: 72h return +7.53% vs exit band -1.0% and price above 24h EMA; realised vol 47% -> weight 0.25,0.019
1789972171,champion,SOL,112.335,0.25,0.1001,0.101,hold,hold: weight change -0.001 below threshold 0.05 | stay long: 72h return +6.14% vs exit band -1.0% and price above 24h EMA; realised vol 57% -> weight 0.25,0.445
1789972171,champion,ADA,0.23395,0.25,0.1001,0.1272,hold,hold: weight change -0.027 below threshold 0.05 | stay long: 72h return +9.18% vs exit band -1.0% and price above 24h EMA; realised vol 82% -> weight 0.25,0.919
1789972171,champion,AVAX,11.2325,0.2475,0.0991,0.1225,hold,hold: weight change -0.023 below threshold 0.05 | stay long: 72h return +44.17% vs exit band -1.0% and price above 24h EMA; realised vol 121% -> weight 0.25,2.226
1789972171,champion,LINK,12.58823,0.25,0.1001,0.1252,hold,hold: weight change -0.025 below threshold 0.05 | stay long: 72h return +7.06% vs exit band -1.0% and price above 24h EMA; realised vol 64% -> weight 0.25,1.501
1789972171,champion,XRP,1.436945,0.25,0.1001,0.1263,hold,hold: weight change -0.026 below threshold 0.05 | stay long: 72h return +8.53% vs exit band -1.0% and price above 24h EMA; realised vol 83% -> weight 0.25,0.035
1789972171,champion,DOGE,0.089219,0.25,0.1001,0.0145,none,no fill possible (no cash or no position) | stay long: 72h return +5.09% vs exit band -1.0% and price above 24h EMA; realised vol 57% -> weight 0.25,0.409
1789972171,champion,DOT,1.15125,0.25,0.1001,0.0091,none,no fill possible (no cash or no position) | stay long: 72h return +1.45% vs exit band -1.0% and price above 24h EMA; realised vol 98% -> weight 0.25,2.172
1789972171,champion,LTC,58.625,0.25,0.1001,0.1247,hold,hold: weight change -0.025 below threshold 0.05 | stay long: 72h return +6.39% vs exit band -1.0% and price above 24h EMA; realised vol 58% -> weight 0.25,0.853
1789975440,champion,BTC,81622.45,0.25,0.1002,0.1243,hold,hold: weight change -0.024 below threshold 0.05 | stay long: 72h return +5.27% vs exit band -1.0% and price above 24h EMA; realised vol 35% -> weight 0.25,0.006
1789975440,champion,ETH,2658.975,0.25,0.1002,0.1255,hold,hold: weight change -0.025 below threshold 0.05 | stay long: 72h return +7.12% vs exit band -1.0% and price above 24h EMA; realised vol 47% -> weight 0.25,0.019
1789975440,champion,SOL,111.74,0.25,0.1002,0.101,hold,hold: weight change -0.001 below threshold 0.05 | stay long: 72h return +6.30% vs exit band -1.0% and price above 24h EMA; realised vol 57% -> weight 0.25,0.895
1789975440,champion,ADA,0.232491,0.25,0.1002,0.127,hold,hold: weight change -0.027 below threshold 0.05 | stay long: 72h return +9.21% vs exit band -1.0% and price above 24h EMA; realised vol 82% -> weight 0.25,1.247
1789975440,champion,AVAX,11.0655,0.2453,0.0983,0.1213,hold,hold: weight change -0.023 below threshold 0.05 | stay long: 72h return +40.67% vs exit band -1.0% and price above 24h EMA; realised vol 122% -> weight 0.25,3.163
1789975440,champion,LINK,12.539965,0.25,0.1002,0.1253,hold,hold: weight change -0.025 below threshold 0.05 | stay long: 72h return +6.26% vs exit band -1.0% and price above 24h EMA; realised vol 64% -> weight 0.25,2.205
1789975440,champion,XRP,1.43972,0.25,0.1002,0.1271,hold,hold: weight change -0.027 below threshold 0.05 | stay long: 72h return +8.69% vs exit band -1.0% and price above 24h EMA; realised vol 83% -> weight 0.25,0.347
1789975440,champion,DOGE,0.089358,0.25,0.1002,0.0146,none,no fill possible (no cash or no position) | stay long: 72h return +5.83% vs exit band -1.0% and price above 24h EMA; realised vol 58% -> weight 0.25,0.168
1789975440,champion,DOT,1.1512,0.25,0.1002,0.0092,none,no fill possible (no cash or no position) | stay long: 72h return +0.83% vs exit band -1.0% and price above 24h EMA; realised vol 98% -> weight 0.25,2.606
1789975440,champion,LTC,58.395,0.25,0.1002,0.1248,hold,hold: weight change -0.025 below threshold 0.05 | stay long: 72h return +6.41% vs exit band -1.0% and price above 24h EMA; realised vol 58% -> weight 0.25,2.569
1789979060,champion,BTC,82201.6,0.25,0.1003,0.1245,hold,hold: weight change -0.024 below threshold 0.05 | stay long: 72h return +5.12% vs exit band -1.0% and price above 24h EMA; realised vol 35% -> weight 0.25,1.192
1789979060,champion,ETH,2677.275,0.25,0.1003,0.1256,hold,hold: weight change -0.025 below threshold 0.05 | stay long: 72h return +6.96% vs exit band -1.0% and price above 24h EMA; realised vol 47% -> weight 0.25,0.915
1789979060,champion,SOL,113.32,0.25,0.1003,0.1018,hold,hold: weight change -0.002 below threshold 0.05 | stay long: 72h return +6.08% vs exit band -1.0% and price above 24h EMA; realised vol 57% -> weight 0.25,0.882
1789979060,champion,ADA,0.233217,0.25,0.1003,0.1266,hold,hold: weight change -0.026 below threshold 0.05 | stay long: 72h return +8.50% vs exit band -1.0% and price above 24h EMA; realised vol 82% -> weight 0.25,3.001
1789979060,champion,AVAX,11.0035,0.2437,0.0977,0.1199,hold,hold: weight change -0.022 below threshold 0.05 | stay long: 72h return +37.97% vs exit band -1.0% and price above 24h EMA; realised vol 123% -> weight 0.24,0.454
1789979060,champion,LINK,12.647225,0.25,0.1003,0.1257,hold,hold: weight change -0.025 below threshold 0.05 | stay long: 72h return +6.24% vs exit band -1.0% and price above 24h EMA; realised vol 64% -> weight 0.25,3.696
1789979060,champion,XRP,1.449185,0.25,0.1003,0.1272,hold,hold: weight change -0.027 below threshold 0.05 | stay long: 72h return +8.35% vs exit band -1.0% and price above 24h EMA; realised vol 83% -> weight 0.25,0.104
1789979060,champion,DOGE,0.091192,0.25,0.1003,0.0148,none,no fill possible (no cash or no position) | stay long: 72h return +6.33% vs exit band -1.0% and price above 24h EMA; realised vol 58% -> weight 0.25,5.872
1789979060,champion,DOT,1.1611,0.25,0.1003,0.0092,none,no fill possible (no cash or no position) | stay long: 72h return +0.96% vs exit band -1.0% and price above 24h EMA; realised vol 98% -> weight 0.25,1.723
1789979060,champion,LTC,58.66,0.25,0.1003,0.1246,hold,hold: weight change -0.024 below threshold 0.05 | stay long: 72h return +6.04% vs exit band -1.0% and price above 24h EMA; realised vol 58% -> weight 0.25,3.409
1789982611,champion,BTC,83901.15,0.25,0.1003,0.1252,hold,hold: weight change -0.025 below threshold 0.05 | stay long: 72h return +7.10% vs exit band -1.0% and price above 24h EMA; realised vol 39% -> weight 0.25,0.006
1789982611,champion,ETH,2697.625,0.25,0.1003,0.1247,hold,hold: weight change -0.024 below threshold 0.05 | stay long: 72h return +7.71% vs exit band -1.0% and price above 24h EMA; realised vol 48% -> weight 0.25,0.019
1789982611,champion,SOL,115.01,0.25,0.1003,0.1018,hold,hold: weight change -0.001 below threshold 0.05 | stay long: 72h return +8.56% vs exit band -1.0% and price above 24h EMA; realised vol 61% -> weight 0.25,0.869
1789982611,champion,ADA,0.237738,0.25,0.1003,0.1271,hold,hold: weight change -0.027 below threshold 0.05 | stay long: 72h return +10.41% vs exit band -1.0% and price above 24h EMA; realised vol 84% -> weight 0.25,2.145
1789982611,champion,AVAX,11.1595,0.2431,0.0975,0.1198,hold,hold: weight change -0.022 below threshold 0.05 | stay long: 72h return +40.16% vs exit band -1.0% and price above 24h EMA; realised vol 123% -> weight 0.24,0.448
1789982611,champion,LINK,12.86153,0.25,0.1003,0.1259,hold,hold: weight change -0.026 below threshold 0.05 | stay long: 72h return +8.63% vs exit band -1.0% and price above 24h EMA; realised vol 66% -> weight 0.25,1.913
1789982611,champion,XRP,1.47364,0.25,0.1003,0.1274,hold,hold: weight change -0.027 below threshold 0.05 | stay long: 72h return +10.51% vs exit band -1.0% and price above 24h EMA; realised vol 85% -> weight 0.25,0.136
1789982611,champion,DOGE,0.092008,0.25,0.1003,0.0147,none,no fill possible (no cash or no position) | stay long: 72h return +8.35% vs exit band -1.0% and price above 24h EMA; realised vol 60% -> weight 0.25,0.712
1789982611,champion,DOT,1.184,0.25,0.1003,0.0092,none,no fill possible (no cash or no position) | stay long: 72h return +1.80% vs exit band -1.0% and price above 24h EMA; realised vol 99% -> weight 0.25,3.378
1789982611,champion,LTC,59.395,0.25,0.1003,0.1243,hold,hold: weight change -0.024 below threshold 0.05 | stay long: 72h return +5.99% vs exit band -1.0% and price above 24h EMA; realised vol 58% -> weight 0.25,2.525
1789986158,champion,BTC,84540.05,0.25,0.1003,0.1251,hold,hold: weight change -0.025 below threshold 0.05 | stay long: 72h return +8.31% vs exit band -1.0% and price above 24h EMA; realised vol 40% -> weight 0.25,0.006
1789986158,champion,ETH,2716.695,0.25,0.1003,0.1246,hold,hold: weight change -0.024 below threshold 0.05 | stay long: 72h return +8.55% vs exit band -1.0% and price above 24h EMA; realised vol 48% -> weight 0.25,0.018
1789986158,champion,SOL,115.625,0.25,0.1003,0.1015,hold,hold: weight change -0.001 below threshold 0.05 | stay long: 72h return +9.01% vs exit band -1.0% and price above 24h EMA; realised vol 61% -> weight 0.25,0.432
1789986158,champion,ADA,0.239057,0.25,0.1003,0.1269,hold,hold: weight change -0.027 below threshold 0.05 | stay long: 72h return +9.64% vs exit band -1.0% and price above 24h EMA; realised vol 84% -> weight 0.25,0.983
1789986158,champion,AVAX,11.3525,0.2428,0.0974,0.1209,hold,hold: weight change -0.024 below threshold 0.05 | stay long: 72h return +41.58% vs exit band -1.0% and price above 24h EMA; realised vol 124% -> weight 0.24,1.321
1789986158,champion,LINK,12.973615,0.25,0.1003,0.126,hold,hold: weight change -0.026 below threshold 0.05 | stay long: 72h return +9.04% vs exit band -1.0% and price above 24h EMA; realised vol 66% -> weight 0.25,1.522
1789986158,champion,XRP,1.481045,0.25,0.1003,0.1271,hold,hold: weight change -0.027 below threshold 0.05 | stay long: 72h return +10.51% vs exit band -1.0% and price above 24h EMA; realised vol 84% -> weight 0.25,0.236
1789986158,champion,DOGE,0.09252,0.25,0.1003,0.0147,none,no fill possible (no cash or no position) | stay long: 72h return +7.49% vs exit band -1.0% and price above 24h EMA; realised vol 60% -> weight 0.25,0.005
1789986158,champion,DOT,1.1731,0.25,0.1003,0.0091,none,no fill possible (no cash or no position) | stay long: 72h return +0.46% vs exit band -1.0% and price above 24h EMA; realised vol 99% -> weight 0.25,1.705
1789986158,champion,LTC,59.78,0.25,0.1003,0.1241,hold,hold: weight change -0.024 below threshold 0.05 | stay long: 72h return +6.45% vs exit band -1.0% and price above 24h EMA; realised vol 58% -> weight 0.25,1.673
1789989754,champion,BTC,84629.25,0.25,0.1003,0.1243,hold,hold: weight change -0.024 below threshold 0.05 | stay long: 72h return +7.92% vs exit band -1.0% and price above 24h EMA; realised vol 40% -> weight 0.25,0.006
1789989754,champion,ETH,2720.975,0.25,0.1003,0.1238,hold,hold: weight change -0.024 below threshold 0.05 | stay long: 72h return +8.11% vs exit band -1.0% and price above 24h EMA; realised vol 48% -> weight 0.25,0.018
1789989754,champion,SOL,116.435,0.25,0.1003,0.1015,hold,hold: weight change -0.001 below threshold 0.05 | stay long: 72h return +9.24% vs exit band -1.0% and price above 24h EMA; realised vol 61% -> weight 0.25,0.429
1789989754,champion,ADA,0.242226,0.25,0.1003,0.1276,hold,hold: weight change -0.027 below threshold 0.05 | stay long: 72h return +12.08% vs exit band -1.0% and price above 24h EMA; realised vol 84% -> weight 0.25,2.56
1789989754,champion,AVAX,11.4605,0.2424,0.0973,0.1211,hold,hold: weight change -0.024 below threshold 0.05 | stay long: 72h return +42.31% vs exit band -1.0% and price above 24h EMA; realised vol 124% -> weight 0.24,1.309
1789989754,champion,LINK,13.053555,0.25,0.1003,0.1258,hold,hold: weight change -0.026 below threshold 0.05 | stay long: 72h return +9.83% vs exit band -1.0% and price above 24h EMA; realised vol 66% -> weight 0.25,1.896
1789989754,champion,XRP,1.496005,0.25,0.1003,0.1274,hold,hold: weight change -0.027 below threshold 0.05 | stay long: 72h return +11.98% vs exit band -1.0% and price above 24h EMA; realised vol 85% -> weight 0.25,0.1
1789989754,champion,DOGE,0.093388,0.25,0.1003,0.0147,none,no fill possible (no cash or no position) | stay long: 72h return +8.38% vs exit band -1.0% and price above 24h EMA; realised vol 60% -> weight 0.25,2.736
1789989754,champion,DOT,1.2007,0.25,0.1003,0.0092,none,no fill possible (no cash or no position) | stay long: 72h return +4.69% vs exit band -1.0% and price above 24h EMA; realised vol 101% -> weight 0.25,4.164
1789989754,champion,LTC,60.47,0.25,0.1003,0.1246,hold,hold: weight change -0.024 below threshold 0.05 | stay long: 72h return +9.07% vs exit band -1.0% and price above 24h EMA; realised vol 60% -> weight 0.25,1.654
1789993545,champion,BTC,85203.05,0.25,0.1003,0.1249,hold,hold: weight change -0.025 below threshold 0.05 | stay long: 72h return +8.82% vs exit band -1.0% and price above 24h EMA; realised vol 40% -> weight 0.25,0.006
1789993545,champion,ETH,2724.12,0.25,0.1003,0.1238,hold,hold: weight change -0.023 below threshold 0.05 | stay long: 72h return +8.74% vs exit band -1.0% and price above 24h EMA; realised vol 48% -> weight 0.25,0.661
1789993545,champion,SOL,116.405,0.25,0.1003,0.1013,hold,hold: weight change -0.001 below threshold 0.05 | stay long: 72h return +10.53% vs exit band -1.0% and price above 24h EMA; realised vol 61% -> weight 0.25,0.43
1789993545,champion,ADA,0.244617,0.25,0.1003,0.1286,hold,hold: weight change -0.028 below threshold 0.05 | stay long: 72h return +12.81% vs exit band -1.0% and price above 24h EMA; realised vol 84% -> weight 0.25,0.02
1789993545,champion,AVAX,11.3815,0.2422,0.0972,0.1201,hold,hold: weight change -0.023 below threshold 0.05 | stay long: 72h return +42.40% vs exit band -1.0% and price above 24h EMA; realised vol 124% -> weight 0.24,0.439
1789993545,champion,LINK,13.07097,0.25,0.1003,0.1258,hold,hold: weight change -0.025 below threshold 0.05 | stay long: 72h return +10.42% vs exit band -1.0% and price above 24h EMA; realised vol 66% -> weight 0.25,1.989
1789993545,champion,XRP,1.488975,0.25,0.1003,0.1265,hold,hold: weight change -0.026 below threshold 0.05 | stay long: 72h return +12.27% vs exit band -1.0% and price above 24h EMA; realised vol 85% -> weight 0.25,0.034
1789993545,champion,DOGE,0.093449,0.25,0.1003,0.0147,none,no fill possible (no cash or no position) | stay long: 72h return +9.48% vs exit band -1.0% and price above 24h EMA; realised vol 60% -> weight 0.25,0.005
1789993545,champion,DOT,1.1843,0.25,0.1003,0.0091,none,no fill possible (no cash or no position) | stay long: 72h return +5.62% vs exit band -1.0% and price above 24h EMA; realised vol 101% -> weight 0.25,1.689
1789993545,champion,LTC,60.915,0.25,0.1003,0.1253,hold,hold: weight change -0.025 below threshold 0.05 | stay long: 72h return +9.36% vs exit band -1.0% and price above 24h EMA; realised vol 60% -> weight 0.25,0.821
1789996922,champion,BTC,85149.15,0.25,0.1003,0.124,hold,hold: weight change -0.024 below threshold 0.05 | stay long: 72h return +9.39% vs exit band -1.0% and price above 24h EMA; realised vol 40% -> weight 0.25,0.006
1789996922,champion,ETH,2737.285,0.25,0.1003,0.1235,hold,hold: weight change -0.023 below threshold 0.05 | stay long: 72h return +9.37% vs exit band -1.0% and price above 24h EMA; realised vol 48% -> weight 0.25,0.018
1789996922,champion,SOL,118.045,0.25,0.1003,0.1019,hold,hold: weight change -0.002 below threshold 0.05 | stay long: 72h return +10.51% vs exit band -1.0% and price above 24h EMA; realised vol 61% -> weight 0.25,0.424
1789996922,champion,ADA,0.244493,0.25,0.1003,0.1276,hold,hold: weight change -0.027 below threshold 0.05 | stay long: 72h return +14.36% vs exit band -1.0% and price above 24h EMA; realised vol 85% -> weight 0.25,0.02
1789996922,champion,AVAX,11.3325,0.2418,0.097,0.1187,hold,hold: weight change -0.022 below threshold 0.05 | stay long: 72h return +43.15% vs exit band -1.0% and price above 24h EMA; realised vol 124% -> weight 0.24,0.441
1789996922,champion,LINK,13.098845,0.25,0.1003,0.1251,hold,hold: weight change -0.025 below threshold 0.05 | stay long: 72h return +11.17% vs exit band -1.0% and price above 24h EMA; realised vol 66% -> weight 0.25,0.729
1789996922,champion,XRP,1.49117,0.25,0.1003,0.1258,hold,hold: weight change -0.025 below threshold 0.05 | stay long: 72h return +12.43% vs exit band -1.0% and price above 24h EMA; realised vol 85% -> weight 0.25,0.067
1789996922,champion,DOGE,0.094182,0.25,0.1003,0.0147,none,no fill possible (no cash or no position) | stay long: 72h return +9.37% vs exit band -1.0% and price above 24h EMA; realised vol 60% -> weight 0.25,0.451
1789996922,champion,DOT,1.18165,0.25,0.1003,0.009,none,no fill possible (no cash or no position) | stay long: 72h return +4.20% vs exit band -1.0% and price above 24h EMA; realised vol 101% -> weight 0.25,2.116
1789996922,champion,LTC,63.53,0.25,0.1003,0.1297,hold,hold: weight change -0.029 below threshold 0.05 | stay long: 72h return +13.78% vs exit band -1.0% and price above 24h EMA; realised vol 66% -> weight 0.25,1.574
1790000581,champion,BTC,85609.45,0.25,0.1004,0.1253,hold,hold: weight change -0.025 below threshold 0.05 | stay long: 72h return +6.81% vs exit band -1.0% and price above 24h EMA; realised vol 40% -> weight 0.25,0.006
1790000581,champion,ETH,2734.05,0.25,0.1004,0.124,hold,hold: weight change -0.024 below threshold 0.05 | stay long: 72h return +7.00% vs exit band -1.0% and price above 24h EMA; realised vol 48% -> weight 0.25,0.183
1790000581,champion,SOL,118.465,0.25,0.1004,0.1029,hold,hold: weight change -0.002 below threshold 0.05 | stay long: 72h return +8.81% vs exit band -1.0% and price above 24h EMA; realised vol 61% -> weight 0.25,0.422
1790000581,champion,ADA,0.242488,0.25,0.1004,0.1273,hold,hold: weight change -0.027 below threshold 0.05 | stay long: 72h return +12.54% vs exit band -1.0% and price above 24h EMA; realised vol 85% -> weight 0.25,1.732
1790000581,champion,AVAX,11.2,0.2404,0.0965,0.118,hold,hold: weight change -0.021 below threshold 0.05 | stay long: 72h return +39.73% vs exit band -1.0% and price above 24h EMA; realised vol 125% -> weight 0.24,2.679
1790000581,champion,LINK,13.009775,0.25,0.1004,0.125,hold,hold: weight change -0.025 below threshold 0.05 | stay long: 72h return +8.66% vs exit band -1.0% and price above 24h EMA; realised vol 66% -> weight 0.25,3.463
1790000581,champion,XRP,1.486305,0.25,0.1004,0.1261,hold,hold: weight change -0.026 below threshold 0.05 | stay long: 72h return +9.52% vs exit band -1.0% and price above 24h EMA; realised vol 85% -> weight 0.25,0.303
1790000581,champion,DOGE,0.093372,0.25,0.1004,0.0147,none,no fill possible (no cash or no position) | stay long: 72h return +6.92% vs exit band -1.0% and price above 24h EMA; realised vol 60% -> weight 0.25,3.009
1790000581,champion,DOT,1.18015,0.25,0.1004,0.009,none,no fill possible (no cash or no position) | stay long: 72h return +3.79% vs exit band -1.0% and price above 24h EMA; realised vol 101% -> weight 0.25,2.966
1790000581,champion,LTC,62.21,0.25,0.1004,0.1278,hold,hold: weight change -0.027 below threshold 0.05 | stay long: 72h return +12.64% vs exit band -1.0% and price above 24h EMA; realised vol 66% -> weight 0.25,1.607
1790004041,champion,BTC,86032.15,0.25,0.1004,0.1259,hold,hold: weight change -0.026 below threshold 0.05 | stay long: 72h return +6.09% vs exit band -1.0% and price above 24h EMA; realised vol 40% -> weight 0.25,0.006
1790004041,champion,ETH,2738.375,0.25,0.1004,0.1242,hold,hold: weight change -0.024 below threshold 0.05 | stay long: 72h return +6.03% vs exit band -1.0% and price above 24h EMA; realised vol 48% -> weight 0.25,0.018
1790004041,champion,SOL,117.825,0.25,0.1004,0.1023,hold,hold: weight change -0.002 below threshold 0.05 | stay long: 72h return +6.62% vs exit band -1.0% and price above 24h EMA; realised vol 61% -> weight 0.25,0.424
1790004041,champion,ADA,0.24246,0.25,0.1004,0.1272,hold,hold: weight change -0.027 below threshold 0.05 | stay long: 72h return +10.57% vs exit band -1.0% and price above 24h EMA; realised vol 85% -> weight 0.25,3.196
1790004041,champion,AVAX,11.1615,0.24,0.0964,0.1175,hold,hold: weight change -0.021 below threshold 0.05 | stay long: 72h return +37.25% vs exit band -1.0% and price above 24h EMA; realised vol 125% -> weight 0.24,1.344
1790004041,champion,LINK,12.963395,0.25,0.1004,0.1245,hold,hold: weight change -0.024 below threshold 0.05 | stay long: 72h return +6.76% vs exit band -1.0% and price above 24h EMA; realised vol 66% -> weight 0.25,0.004
1790004041,champion,XRP,1.490715,0.25,0.1004,0.1265,hold,hold: weight change -0.026 below threshold 0.05 | stay long: 72h return +6.93% vs exit band -1.0% and price above 24h EMA; realised vol 85% -> weight 0.25,0.302
1790004041,champion,DOGE,0.095876,0.25,0.1004,0.015,none,no fill possible (no cash or no position) | stay long: 72h return +7.95% vs exit band -1.0% and price above 24h EMA; realised vol 62% -> weight 0.25,5.147
1790004041,champion,DOT,1.1755,0.25,0.1004,0.009,none,no fill possible (no cash or no position) | stay long: 72h return +3.94% vs exit band -1.0% and price above 24h EMA; realised vol 101% -> weight 0.25,5.104
1790004041,champion,LTC,62.27,0.25,0.1004,0.1279,hold,hold: weight change -0.027 below threshold 0.05 | stay long: 72h return +12.18% vs exit band -1.0% and price above 24h EMA; realised vol 66% -> weight 0.25,1.606
1790007770,champion,BTC,85861.45,0.25,0.1004,0.1252,hold,hold: weight change -0.025 below threshold 0.05 | stay long: 72h return +6.49% vs exit band -1.0% and price above 24h EMA; realised vol 40% -> weight 0.25,0.006
1790007770,champion,ETH,2759.255,0.25,0.1004,0.1247,hold,hold: weight change -0.024 below threshold 0.05 | stay long: 72h return +6.69% vs exit band -1.0% and price above 24h EMA; realised vol 48% -> weight 0.25,0.018
1790007770,champion,SOL,117.835,0.25,0.1004,0.1019,hold,hold: weight change -0.002 below threshold 0.05 | stay long: 72h return +6.09% vs exit band -1.0% and price above 24h EMA; realised vol 61% -> weight 0.25,0.424
1790007770,champion,ADA,0.244618,0.25,0.1004,0.1279,hold,hold: weight change -0.027 below threshold 0.05 | stay long: 72h return +11.42% vs exit band -1.0% and price above 24h EMA; realised vol 85% -> weight 0.25,1.431
1790007770,champion,AVAX,11.0645,0.2396,0.0962,0.1161,hold,hold: weight change -0.020 below threshold 0.05 | stay long: 72h return +36.69% vs exit band -1.0% and price above 24h EMA; realised vol 125% -> weight 0.24,0.452
1790007770,champion,LINK,13.011875,0.25,0.1004,0.1245,hold,hold: weight change -0.024 below threshold 0.05 | stay long: 72h return +7.24% vs exit band -1.0% and price above 24h EMA; realised vol 66% -> weight 0.25,1.187
1790007770,champion,XRP,1.49738,0.25,0.1004,0.1266,hold,hold: weight change -0.026 below threshold 0.05 | stay long: 72h return +8.01% vs exit band -1.0% and price above 24h EMA; realised vol 85% -> weight 0.25,0.334
1790007770,champion,DOGE,0.096738,0.25,0.1004,0.0151,none,no fill possible (no cash or no position) | stay long: 72h return +11.33% vs exit band -1.0% and price above 24h EMA; realised vol 64% -> weight 0.25,2.657
1790007770,champion,DOT,1.1982,0.25,0.1004,0.0091,none,no fill possible (no cash or no position) | stay long: 72h return +5.24% vs exit band -1.0% and price above 24h EMA; realised vol 101% -> weight 0.25,2.504
1790007770,champion,LTC,62.945,0.25,0.1004,0.1288,hold,hold: weight change -0.028 below threshold 0.05 | stay long: 72h return +12.65% vs exit band -1.0% and price above 24h EMA; realised vol 66% -> weight 0.25,0.794
1790011165,champion,BTC,85794.65,0.25,0.1004,0.1261,hold,hold: weight change -0.026 below threshold 0.05 | stay long: 72h return +6.36% vs exit band -1.0% and price above 24h EMA; realised vol 40% -> weight 0.25,0.006
1790011165,champion,ETH,2743.415,0.25,0.1004,0.125,hold,hold: weight change -0.025 below threshold 0.05 | stay long: 72h return +6.10% vs exit band -1.0% and price above 24h EMA; realised vol 48% -> weight 0.25,0.018
1790011165,champion,SOL,117.215,0.25,0.1004,0.1022,hold,hold: weight change -0.002 below threshold 0.05 | stay long: 72h return +5.27% vs exit band -1.0% and price above 24h EMA; realised vol 61% -> weight 0.25,0.427
1790011165,champion,ADA,0.24252,0.25,0.1004,0.1278,hold,hold: weight change -0.027 below threshold 0.05 | stay long: 72h return +11.69% vs exit band -1.0% and price above 24h EMA; realised vol 85% -> weight 0.25,1.732
1790011165,champion,AVAX,10.9715,0.2399,0.0964,0.116,hold,hold: weight change -0.020 below threshold 0.05 | stay long: 72h return +36.98% vs exit band -1.0% and price above 24h EMA; realised vol 125% -> weight 0.24,2.279
1790011165,champion,LINK,12.81786,0.25,0.1004,0.1237,hold,hold: weight change -0.023 below threshold 0.05 | stay long: 72h return +6.95% vs exit band -1.0% and price above 24h EMA; realised vol 66% -> weight 0.25,2.223
1790011165,champion,XRP,1.48984,0.25,0.1004,0.127,hold,hold: weight change -0.027 below threshold 0.05 | stay long: 72h return +7.95% vs exit band -1.0% and price above 24h EMA; realised vol 84% -> weight 0.25,0.336
1790011165,champion,DOGE,0.096879,0.25,0.1004,0.0153,none,no fill possible (no cash or no position) | stay long: 72h return +10.20% vs exit band -1.0% and price above 24h EMA; realised vol 64% -> weight 0.25,1.223
1790011165,champion,DOT,1.171,0.25,0.1004,0.009,none,no fill possible (no cash or no position) | stay long: 72h return +4.15% vs exit band -1.0% and price above 24h EMA; realised vol 101% -> weight 0.25,4.27
1790011165,champion,LTC,62.01,0.25,0.1004,0.1279,hold,hold: weight change -0.027 below threshold 0.05 | stay long: 72h return +10.59% vs exit band -1.0% and price above 24h EMA; realised vol 67% -> weight 0.25,1.613
1790015065,champion,BTC,86003.45,0.25,0.1005,0.1262,hold,hold: weight change -0.026 below threshold 0.05 | stay long: 72h return +6.06% vs exit band -1.0% and price above 24h EMA; realised vol 40% -> weight 0.25,0.006
1790015065,champion,ETH,2748.455,0.25,0.1005,0.125,hold,hold: weight change -0.025 below threshold 0.05 | stay long: 72h return +5.24% vs exit band -1.0% and price above 24h EMA; realised vol 48% -> weight 0.25,0.018
1790015065,champion,SOL,117.345,0.25,0.1005,0.1022,hold,hold: weight change -0.002 below threshold 0.05 | stay long: 72h return +4.07% vs exit band -1.0% and price above 24h EMA; realised vol 61% -> weight 0.25,0.426
1790015065,champion,ADA,0.243232,0.25,0.1005,0.128,hold,hold: weight change -0.028 below threshold 0.05 | stay long: 72h return +9.22% vs exit band -1.0% and price above 24h EMA; realised vol 85% -> weight 0.25,1.932
1790015065,champion,AVAX,10.9195,0.2381,0.0957,0.1153,hold,hold: weight change -0.020 below threshold 0.05 | stay long: 72h return +33.46% vs exit band -1.0% and price within 2.0% of 24h EMA; realised vol 126% -> weight 0.24,1.374
1790015065,champion,LINK,12.868615,0.25,0.1005,0.1239,hold,hold: weight change -0.023 below threshold 0.05 | stay long: 72h return +4.88% vs exit band -1.0% and price above 24h EMA; realised vol 67% -> weight 0.25,1.892
1790015065,champion,XRP,1.50709,0.25,0.1005,0.1282,hold,hold: weight change -0.028 below threshold 0.05 | stay long: 72h return +7.51% vs exit band -1.0% and price above 24h EMA; realised vol 84% -> weight 0.25,0.664
1790015065,champion,DOGE,0.098545,0.25,0.1005,0.0155,none,no fill possible (no cash or no position) | stay long: 72h return +11.26% vs exit band -1.0% and price above 24h EMA; realised vol 64% -> weight 0.25,0.553
1790015065,champion,DOT,1.1725,0.25,0.1005,0.009,none,no fill possible (no cash or no position) | stay long: 72h return +2.31% vs exit band -1.0% and price above 24h EMA; realised vol 101% -> weight 0.25,3.412
1790015065,champion,LTC,61.505,0.25,0.1005,0.1266,hold,hold: weight change -0.026 below threshold 0.05 | stay long: 72h return +8.97% vs exit band -1.0% and price above 24h EMA; realised vol 67% -> weight 0.25,0.813
1790018471,champion,BTC,86347.65,0.25,0.1005,0.1263,hold,hold: weight change -0.026 below threshold 0.05 | stay long: 72h return +6.37% vs exit band -1.0% and price above 24h EMA; realised vol 40% -> weight 0.25,0.006
1790018471,champion,ETH,2770.495,0.25,0.1005,0.1255,hold,hold: weight change -0.025 below threshold 0.05 | stay long: 72h return +5.59% vs exit band -1.0% and price above 24h EMA; realised vol 48% -> weight 0.25,0.451
1790018471,champion,SOL,117.895,0.25,0.1005,0.1023,hold,hold: weight change -0.002 below threshold 0.05 | stay long: 72h return +4.97% vs exit band -1.0% and price above 24h EMA; realised vol 61% -> weight 0.25,0.424
1790018471,champion,ADA,0.243059,0.25,0.1005,0.1275,hold,hold: weight change -0.027 below threshold 0.05 | stay long: 72h return +10.39% vs exit band -1.0% and price above 24h EMA; realised vol 85% -> weight 0.25,2.571
1790018471,champion,AVAX,10.9565,0.2381,0.0957,0.1153,hold,hold: weight change -0.020 below threshold 0.05 | stay long: 72h return +33.07% vs exit band -1.0% and price within 2.0% of 24h EMA; realised vol 126% -> weight 0.24,1.369
1790018471,champion,LINK,12.97646,0.25,0.1005,0.1245,hold,hold: weight change -0.024 below threshold 0.05 | stay long: 72h return +6.13% vs exit band -1.0% and price above 24h EMA; realised vol 67% -> weight 0.25,2.404
1790018471,champion,XRP,1.50375,0.25,0.1005,0.1275,hold,hold: weight change -0.027 below threshold 0.05 | stay long: 72h return +8.86% vs exit band -1.0% and price above 24h EMA; realised vol 82% -> weight 0.25,0.399
1790018471,champion,DOGE,0.098563,0.25,0.1005,0.0155,none,no fill possible (no cash or no position) | stay long: 72h return +14.11% vs exit band -1.0% and price above 24h EMA; realised vol 66% -> weight 0.25,2.359
1790018471,champion,DOT,1.18,0.25,0.1005,0.009,none,no fill possible (no cash or no position) | stay long: 72h return +3.60% vs exit band -1.0% and price above 24h EMA; realised vol 101% -> weight 0.25,0.847
1790018471,champion,LTC,61.705,0.25,0.1005,0.1266,hold,hold: weight change -0.026 below threshold 0.05 | stay long: 72h return +8.71% vs exit band -1.0% and price above 24h EMA; realised vol 67% -> weight 0.25,2.431
1790022113,champion,BTC,86980.35,0.25,0.1005,0.1257,hold,hold: weight change -0.025 below threshold 0.05 | stay long: 72h return +6.53% vs exit band -1.0% and price above 24h EMA; realised vol 40% -> weight 0.25,0.006
1790022113,champion,ETH,2797.515,0.25,0.1005,0.1253,hold,hold: weight change -0.025 below threshold 0.05 | stay long: 72h return +4.75% vs exit band -1.0% and price above 24h EMA; realised vol 48% -> weight 0.25,0.018
1790022113,champion,SOL,119.255,0.25,0.1005,0.1023,hold,hold: weight change -0.002 below threshold 0.05 | stay long: 72h return +3.60% vs exit band -1.0% and price above 24h EMA; realised vol 61% -> weight 0.25,0.419
1790022113,champion,ADA,0.246346,0.25,0.1005,0.1277,hold,hold: weight change -0.027 below threshold 0.05 | stay long: 72h return +10.11% vs exit band -1.0% and price above 24h EMA; realised vol 85% -> weight 0.25,2.618
1790022113,champion,AVAX,11.047,0.2374,0.0954,0.1149,hold,hold: weight change -0.019 below threshold 0.05 | stay long: 72h return +33.97% vs exit band -1.0% and price above 24h EMA; realised vol 126% -> weight 0.24,1.81
1790022113,champion,LINK,13.21161,0.25,0.1005,0.1253,hold,hold: weight change -0.025 below threshold 0.05 | stay long: 72h return +5.21% vs exit band -1.0% and price above 24h EMA; realised vol 67% -> weight 0.25,1.574
1790022113,champion,XRP,1.517455,0.25,0.1005,0.1271,hold,hold: weight change -0.027 below threshold 0.05 | stay long: 72h return +6.75% vs exit band -1.0% and price above 24h EMA; realised vol 81% -> weight 0.25,1.285
1790022113,champion,DOGE,0.100501,0.25,0.1005,0.0156,none,no fill possible (no cash or no position) | stay long: 72h return +12.04% vs exit band -1.0% and price above 24h EMA; realised vol 67% -> weight 0.25,0.005
1790022113,champion,DOT,1.18585,0.25,0.1005,0.009,none,no fill possible (no cash or no position) | stay long: 72h return +3.57% vs exit band -1.0% and price above 24h EMA; realised vol 101% -> weight 0.25,1.265
1790022113,champion,LTC,62.705,0.25,0.1005,0.1272,hold,hold: weight change -0.027 below threshold 0.05 | stay long: 72h return +9.34% vs exit band -1.0% and price above 24h EMA; realised vol 67% -> weight 0.25,2.392
1790025679,champion,BTC,86585.65,0.25,0.1005,0.1257,hold,hold: weight change -0.025 below threshold 0.05 | stay long: 72h return +7.26% vs exit band -1.0% and price above 24h EMA; realised vol 40% -> weight 0.25,0.006
1790025679,champion,ETH,2767.285,0.25,0.1005,0.1245,hold,hold: weight change -0.024 below threshold 0.05 | stay long: 72h return +5.82% vs exit band -1.0% and price above 24h EMA; realised vol 48% -> weight 0.25,0.018
1790025679,champion,SOL,118.935,0.25,0.1005,0.1024,hold,hold: weight change -0.002 below threshold 0.05 | stay long: 72h return +5.02% vs exit band -1.0% and price above 24h EMA; realised vol 61% -> weight 0.25,0.42
1790025679,champion,ADA,0.244175,0.25,0.1005,0.1271,hold,hold: weight change -0.027 below threshold 0.05 | stay long: 72h return +10.32% vs exit band -1.0% and price above 24h EMA; realised vol 85% -> weight 0.25,3.174
1790025679,champion,AVAX,11.216,0.2381,0.0957,0.1171,hold,hold: weight change -0.021 below threshold 0.05 | stay long: 72h return +35.28% vs exit band -1.0% and price above 24h EMA; realised vol 126% -> weight 0.24,0.892
1790025679,champion,LINK,13.086115,0.25,0.1005,0.1246,hold,hold: weight change -0.024 below threshold 0.05 | stay long: 72h return +6.64% vs exit band -1.0% and price above 24h EMA; realised vol 67% -> weight 0.25,4.046
1790025679,champion,XRP,1.52388,0.25,0.1005,0.1282,hold,hold: weight change -0.028 below threshold 0.05 | stay long: 72h return +9.30% vs exit band -1.0% and price above 24h EMA; realised vol 82% -> weight 0.25,1.837
1790025679,champion,DOGE,0.09834,0.25,0.1005,0.0153,none,no fill possible (no cash or no position) | stay long: 72h return +13.53% vs exit band -1.0% and price above 24h EMA; realised vol 68% -> weight 0.25,1.063
1790025679,champion,DOT,1.18725,0.25,0.1005,0.009,none,no fill possible (no cash or no position) | stay long: 72h return +4.47% vs exit band -1.0% and price above 24h EMA; realised vol 101% -> weight 0.25,2.106
1790025679,champion,LTC,61.915,0.25,0.1005,0.1261,hold,hold: weight change -0.026 below threshold 0.05 | stay long: 72h return +9.07% vs exit band -1.0% and price above 24h EMA; realised vol 67% -> weight 0.25,4.038
1790029293,champion,BTC,86619.95,0.25,0.1005,0.1248,hold,hold: weight change -0.024 below threshold 0.05 | stay long: 72h return +6.58% vs exit band -1.0% and price above 24h EMA; realised vol 40% -> weight 0.25,0.006
1790029293,champion,ETH,2777.725,0.25,0.1005,0.124,hold,hold: weight change -0.024 below threshold 0.05 | stay long: 72h return +5.40% vs exit band -1.0% and price above 24h EMA; realised vol 47% -> weight 0.25,0.018
1790029293,champion,SOL,119.565,0.25,0.1005,0.1022,hold,hold: weight change -0.002 below threshold 0.05 | stay long: 72h return +5.24% vs exit band -1.0% and price above 24h EMA; realised vol 61% -> weight 0.25,0.418
1790029293,champion,ADA,0.247024,0.25,0.1005,0.1276,hold,hold: weight change -0.027 below threshold 0.05 | stay long: 72h return +8.61% vs exit band -1.0% and price above 24h EMA; realised vol 85% -> weight 0.25,3.137
1790029293,champion,AVAX,11.2605,0.2381,0.0957,0.1168,hold,hold: weight change -0.021 below threshold 0.05 | stay long: 72h return +37.19% vs exit band -1.0% and price above 24h EMA; realised vol 126% -> weight 0.24,0.444
1790029293,champion,LINK,13.16318,0.25,0.1005,0.1245,hold,hold: weight change -0.024 below threshold 0.05 | stay long: 72h return +5.98% vs exit band -1.0% and price above 24h EMA; realised vol 67% -> weight 0.25,1.269
1790029293,champion,XRP,1.560505,0.25,0.1005,0.1303,hold,hold: weight change -0.030 below threshold 0.05 | stay long: 72h return +10.61% vs exit band -1.0% and price above 24h EMA; realised vol 82% -> weight 0.25,1.186
1790029293,champion,DOGE,0.101012,0.25,0.1005,0.0156,none,no fill possible (no cash or no position) | stay long: 72h return +12.46% vs exit band -1.0% and price above 24h EMA; realised vol 68% -> weight 0.25,2.529
1790029293,champion,DOT,1.2012,0.25,0.1005,0.0091,none,no fill possible (no cash or no position) | stay long: 72h return +4.23% vs exit band -1.0% and price above 24h EMA; realised vol 101% -> weight 0.25,2.498
1790029293,champion,LTC,61.835,0.25,0.1005,0.125,hold,hold: weight change -0.025 below threshold 0.05 | stay long: 72h return +8.39% vs exit band -1.0% and price above 24h EMA; realised vol 67% -> weight 0.25,0.809
1790032868,champion,BTC,86585.75,0.25,0.1005,0.1249,hold,hold: weight change -0.024 below threshold 0.05 | stay long: 72h return +6.55% vs exit band -1.0% and price above 24h EMA; realised vol 40% -> weight 0.25,0.006
1790032868,champion,ETH,2778.995,0.25,0.1005,0.1242,hold,hold: weight change -0.024 below threshold 0.05 | stay long: 72h return +6.06% vs exit band -1.0% and price above 24h EMA; realised vol 47% -> weight 0.25,0.018
1790032868,champion,SOL,119.36,0.25,0.1005,0.1022,hold,hold: weight change -0.002 below threshold 0.05 | stay long: 72h return +5.54% vs exit band -1.0% and price above 24h EMA; realised vol 61% -> weight 0.25,0.838
1790032868,champion,ADA,0.24592,0.25,0.1005,0.1272,hold,hold: weight change -0.027 below threshold 0.05 | stay long: 72h return +8.60% vs exit band -1.0% and price above 24h EMA; realised vol 85% -> weight 0.25,3.233
1790032868,champion,AVAX,11.2375,0.2378,0.0956,0.1166,hold,hold: weight change -0.021 below threshold 0.05 | stay long: 72h return +37.11% vs exit band -1.0% and price above 24h EMA; realised vol 126% -> weight 0.24,0.445
1790032868,champion,LINK,13.20189,0.25,0.1005,0.125,hold,hold: weight change -0.024 below threshold 0.05 | stay long: 72h return +7.58% vs exit band -1.0% and price above 24h EMA; realised vol 67% -> weight 0.25,1.333
1790032868,champion,XRP,1.549995,0.25,0.1005,0.1296,hold,hold: weight change -0.029 below threshold 0.05 | stay long: 72h return +11.25% vs exit band -1.0% and price above 24h EMA; realised vol 82% -> weight 0.25,0.032
1790032868,champion,DOGE,0.100889,0.25,0.1005,0.0156,none,no fill possible (no cash or no position) | stay long: 72h return +13.88% vs exit band -1.0% and price above 24h EMA; realised vol 68% -> weight 0.25,0.005
1790032868,champion,DOT,1.2122,0.25,0.1005,0.0091,none,no fill possible (no cash or no position) | stay long: 72h return +7.31% vs exit band -1.0% and price above 24h EMA; realised vol 101% -> weight 0.25,1.65
1790032868,champion,LTC,62.03,0.25,0.1005,0.1255,hold,hold: weight change -0.025 below threshold 0.05 | stay long: 72h return +6.74% vs exit band -1.0% and price above 24h EMA; realised vol 67% -> weight 0.25,1.612
1790036883,champion,BTC,86408.45,0.25,0.1005,0.125,hold,hold: weight change -0.024 below threshold 0.05 | stay long: 72h return +7.07% vs exit band -1.0% and price above 24h EMA; realised vol 40% -> weight 0.25,0.006
1790036883,champion,ETH,2772.455,0.25,0.1005,0.1242,hold,hold: weight change -0.024 below threshold 0.05 | stay long: 72h return +6.30% vs exit band -1.0% and price above 24h EMA; realised vol 47% -> weight 0.25,0.018
1790036883,champion,SOL,119.045,0.25,0.1005,0.1021,hold,hold: weight change -0.002 below threshold 0.05 | stay long: 72h return +5.48% vs exit band -1.0% and price above 24h EMA; realised vol 61% -> weight 0.25,1.26
1790036883,champion,ADA,0.247065,0.25,0.1005,0.1281,hold,hold: weight change -0.028 below threshold 0.05 | stay long: 72h return +9.38% vs exit band -1.0% and price above 24h EMA; realised vol 85% -> weight 0.25,3.258
1790036883,champion,AVAX,11.1525,0.2382,0.0957,0.116,hold,hold: weight change -0.020 below threshold 0.05 | stay long: 72h return +36.88% vs exit band -1.0% and price above 24h EMA; realised vol 126% -> weight 0.24,1.345
1790036883,champion,LINK,13.188275,0.25,0.1005,0.1251,hold,hold: weight change -0.025 below threshold 0.05 | stay long: 72h return +7.87% vs exit band -1.0% and price above 24h EMA; realised vol 67% -> weight 0.25,1.907
1790036883,champion,XRP,1.534205,0.25,0.1005,0.1286,hold,hold: weight change -0.028 below threshold 0.05 | stay long: 72h return +10.05% vs exit band -1.0% and price above 24h EMA; realised vol 82% -> weight 0.25,0.424
1790036883,champion,DOGE,0.101167,0.25,0.1005,0.0157,none,no fill possible (no cash or no position) | stay long: 72h return +14.25% vs exit band -1.0% and price above 24h EMA; realised vol 68% -> weight 0.25,2.723
1790036883,champion,DOT,1.20445,0.25,0.1005,0.0091,none,no fill possible (no cash or no position) | stay long: 72h return +6.54% vs exit band -1.0% and price above 24h EMA; realised vol 101% -> weight 0.25,2.076
1790036883,champion,LTC,62.15,0.25,0.1005,0.1261,hold,hold: weight change -0.026 below threshold 0.05 | stay long: 72h return +6.67% vs exit band -1.0% and price above 24h EMA; realised vol 67% -> weight 0.25,3.218
1790039987,champion,BTC,85536.85,0.25,0.1005,0.1255,hold,hold: weight change -0.025 below threshold 0.05 | stay long: 72h return +5.18% vs exit band -1.0% and price above 24h EMA; realised vol 40% -> weight 0.25,0.006
1790039987,champion,ETH,2740.375,0.25,0.1005,0.1246,hold,hold: weight change -0.024 below threshold 0.05 | stay long: 72h return +4.87% vs exit band -1.0% and price above 24h EMA; realised vol 47% -> weight 0.25,0.018
1790039987,champion,SOL,117.35,0.25,0.1005,0.1021,hold,hold: weight change -0.002 below threshold 0.05 | stay long: 72h return +4.14% vs exit band -1.0% and price above 24h EMA; realised vol 61% -> weight 0.25,0.852
1790039987,champion,ADA,0.243405,0.25,0.1005,0.128,hold,hold: weight change -0.028 below threshold 0.05 | stay long: 72h return +7.83% vs exit band -1.0% and price above 24h EMA; realised vol 85% -> weight 0.25,4.088
1790039987,champion,AVAX,11.066,0.2377,0.0955,0.1168,hold,hold: weight change -0.021 below threshold 0.05 | stay long: 72h return +33.36% vs exit band -1.0% and price above 24h EMA; realised vol 126% -> weight 0.24,1.807
1790039987,champion,LINK,12.91075,0.25,0.1005,0.1243,hold,hold: weight change -0.024 below threshold 0.05 | stay long: 72h return +5.70% vs exit band -1.0% and price above 24h EMA; realised vol 67% -> weight 0.25,4.539
1790039987,champion,XRP,1.50926,0.25,0.1005,0.1283,hold,hold: weight change -0.028 below threshold 0.05 | stay long: 72h return +8.01% vs exit band -1.0% and price above 24h EMA; realised vol 82% -> weight 0.25,0.928
1790039987,champion,DOGE,0.098386,0.25,0.1005,0.0155,none,no fill possible (no cash or no position) | stay long: 72h return +13.10% vs exit band -1.0% and price above 24h EMA; realised vol 68% -> weight 0.25,2.932
1790039987,champion,DOT,1.1875,0.25,0.1005,0.0091,none,no fill possible (no cash or no position) | stay long: 72h return +5.57% vs exit band -1.0% and price above 24h EMA; realised vol 101% -> weight 0.25,2.526
1790039987,champion,LTC,61.06,0.25,0.1005,0.1257,hold,hold: weight change -0.025 below threshold 0.05 | stay long: 72h return +5.06% vs exit band -1.0% and price above 24h EMA; realised vol 67% -> weight 0.25,4.913
1790043736,champion,BTC,85586.05,0.25,0.1005,0.1252,hold,hold: weight change -0.025 below threshold 0.05 | stay long: 72h return +5.34% vs exit band -1.0% and price above 24h EMA; realised vol 40% -> weight 0.25,0.006
1790043736,champion,ETH,2739.975,0.25,0.1005,0.1242,hold,hold: weight change -0.024 below threshold 0.05 | stay long: 72h return +5.20% vs exit band -1.0% and price above 24h EMA; realised vol 47% -> weight 0.25,0.018
1790043736,champion,SOL,117.315,0.25,0.1005,0.1018,hold,hold: weight change -0.001 below threshold 0.05 | stay long: 72h return +3.69% vs exit band -1.0% and price above 24h EMA; realised vol 61% -> weight 0.25,0.426
1790043736,champion,ADA,0.246664,0.25,0.1005,0.1294,hold,hold: weight change -0.029 below threshold 0.05 | stay long: 72h return +7.10% vs exit band -1.0% and price above 24h EMA; realised vol 85% -> weight 0.25,2.737
1790043736,champion,AVAX,11.1265,0.2378,0.0956,0.1171,hold,hold: weight change -0.022 below threshold 0.05 | stay long: 72h return +28.44% vs exit band -1.0% and price above 24h EMA; realised vol 126% -> weight 0.24,1.348
1790043736,champion,LINK,12.975025,0.25,0.1005,0.1246,hold,hold: weight change -0.024 below threshold 0.05 | stay long: 72h return +5.63% vs exit band -1.0% and price above 24h EMA; realised vol 67% -> weight 0.25,3.819
1790043736,champion,XRP,1.513315,0.25,0.1005,0.1283,hold,hold: weight change -0.028 below threshold 0.05 | stay long: 72h return +7.06% vs exit band -1.0% and price above 24h EMA; realised vol 83% -> weight 0.25,0.297
1790043736,champion,DOGE,0.099588,0.25,0.1005,0.0156,none,no fill possible (no cash or no position) | stay long: 72h return +13.44% vs exit band -1.0% and price above 24h EMA; realised vol 68% -> weight 0.25,2.616
1790043736,champion,DOT,1.19145,0.25,0.1005,0.0091,none,no fill possible (no cash or no position) | stay long: 72h return +6.07% vs exit band -1.0% and price above 24h EMA; realised vol 101% -> weight 0.25,0.42
1790043736,champion,LTC,60.72,0.25,0.1005,0.1246,hold,hold: weight change -0.024 below threshold 0.05 | stay long: 72h return +4.36% vs exit band -1.0% and price above 24h EMA; realised vol 67% -> weight 0.25,3.294
1790047348,champion,BTC,85398.05,0.25,0.1005,0.1254,hold,hold: weight change -0.025 below threshold 0.05 | stay long: 72h return +5.44% vs exit band -1.0% and price above 24h EMA; realised vol 40% -> weight 0.25,0.006
1790047348,champion,ETH,2731.345,0.25,0.1005,0.1242,hold,hold: weight change -0.024 below threshold 0.05 | stay long: 72h return +4.47% vs exit band -1.0% and price above 24h EMA; realised vol 47% -> weight 0.25,0.018
1790047348,champion,SOL,116.49,0.25,0.1005,0.1015,hold,hold: weight change -0.001 below threshold 0.05 | stay long: 72h return +2.93% vs exit band -1.0% and price above 24h EMA; realised vol 61% -> weight 0.25,0.858
1790047348,champion,ADA,0.245509,0.25,0.1005,0.1292,hold,hold: weight change -0.029 below threshold 0.05 | stay long: 72h return +4.77% vs exit band -1.0% and price above 24h EMA; realised vol 85% -> weight 0.25,3.442
1790047348,champion,AVAX,11.137,0.2378,0.0956,0.1176,hold,hold: weight change -0.022 below threshold 0.05 | stay long: 72h return +29.85% vs exit band -1.0% and price above 24h EMA; realised vol 126% -> weight 0.24,0.898
1790047348,champion,LINK,12.884335,0.25,0.1005,0.1241,hold,hold: weight change -0.024 below threshold 0.05 | stay long: 72h return +4.01% vs exit band -1.0% and price above 24h EMA; realised vol 68% -> weight 0.25,3.093
1790047348,champion,XRP,1.515035,0.25,0.1005,0.1289,hold,hold: weight change -0.028 below threshold 0.05 | stay long: 72h return +7.25% vs exit band -1.0% and price above 24h EMA; realised vol 83% -> weight 0.25,0.561
1790047348,champion,DOGE,0.099264,0.25,0.1005,0.0156,none,no fill possible (no cash or no position) | stay long: 72h return +12.27% vs exit band -1.0% and price above 24h EMA; realised vol 68% -> weight 0.25,1.39
1790047348,champion,DOT,1.18205,0.25,0.1005,0.0091,none,no fill possible (no cash or no position) | stay long: 72h return +3.06% vs exit band -1.0% and price above 24h EMA; realised vol 101% -> weight 0.25,2.115
1790047348,champion,LTC,60.33,0.25,0.1005,0.1243,hold,hold: weight change -0.024 below threshold 0.05 | stay long: 72h return +3.28% vs exit band -1.0% and price within 2.0% of 24h EMA; realised vol 68% -> weight 0.25,3.315
1790050951,champion,BTC,85566.55,0.25,0.1005,0.1249,hold,hold: weight change -0.024 below threshold 0.05 | stay long: 72h return +5.64% vs exit band -1.0% and price above 24h EMA; realised vol 40% -> weight 0.25,0.006
1790050951,champion,ETH,2738.755,0.25,0.1005,0.1238,hold,hold: weight change -0.023 below threshold 0.05 | stay long: 72h return +4.58% vs exit band -1.0% and price above 24h EMA; realised vol 47% -> weight 0.25,0.018
1790050951,champion,SOL,116.995,0.25,0.1005,0.1013,hold,hold: weight change -0.001 below threshold 0.05 | stay long: 72h return +3.14% vs exit band -1.0% and price above 24h EMA; realised vol 61% -> weight 0.25,0.427
1790050951,champion,ADA,0.250913,0.25,0.1005,0.1313,hold,hold: weight change -0.031 below threshold 0.05 | stay long: 72h return +7.33% vs exit band -1.0% and price above 24h EMA; realised vol 84% -> weight 0.25,1.913
1790050951,champion,AVAX,10.9565,0.2368,0.0952,0.115,hold,hold: weight change -0.020 below threshold 0.05 | stay long: 72h return +29.51% vs exit band -1.0% and price within 2.0% of 24h EMA; realised vol 127% -> weight 0.24,0.456
1790050951,champion,LINK,13.007135,0.25,0.1005,0.1245,hold,hold: weight change -0.024 below threshold 0.05 | stay long: 72h return +4.82% vs exit band -1.0% and price above 24h EMA; realised vol 67% -> weight 0.25,2.526
1790050951,champion,XRP,1.5217,0.25,0.1005,0.1287,hold,hold: weight change -0.028 below threshold 0.05 | stay long: 72h return +6.91% vs exit band -1.0% and price above 24h EMA; realised vol 83% -> weight 0.25,0.723
1790050951,champion,DOGE,0.105441,0.25,0.1005,0.0165,none,no fill possible (no cash or no position) | stay long: 72h return +15.94% vs exit band -1.0% and price above 24h EMA; realised vol 71% -> weight 0.25,2.561
1790050951,champion,DOT,1.1951,0.25,0.1005,0.0091,none,no fill possible (no cash or no position) | stay long: 72h return +3.53% vs exit band -1.0% and price above 24h EMA; realised vol 101% -> weight 0.25,0.837
1790050951,champion,LTC,61.065,0.25,0.1005,0.125,hold,hold: weight change -0.024 below threshold 0.05 | stay long: 72h return +3.27% vs exit band -1.0% and price above 24h EMA; realised vol 68% -> weight 0.25,2.456
1790054477,champion,BTC,85249.05,0.25,0.1111,0.1262,hold,hold: weight change -0.015 below threshold 0.05 | stay long: 72h return +5.48% vs exit band -1.0% and price above 24h EMA; realised vol 40% -> weight 0.25,0.006
1790054477,champion,ETH,2720.135,0.25,0.1111,0.1248,hold,hold: weight change -0.014 below threshold 0.05 | stay long: 72h return +4.17% vs exit band -1.0% and price within 2.0% of 24h EMA; realised vol 47% -> weight 0.25,0.496
1790054477,champion,SOL,115.885,0.25,0.1111,0.1018,hold,hold: weight change +0.009 below threshold 0.05 | stay long: 72h return +3.60% vs exit band -1.0% and price within 2.0% of 24h EMA; realised vol 61% -> weight 0.25,0.431
1790054477,champion,ADA,0.244231,0.25,0.1111,0.1297,hold,hold: weight change -0.019 below threshold 0.05 | stay long: 72h return +9.06% vs exit band -1.0% and price above 24h EMA; realised vol 84% -> weight 0.25,2.825
1790054477,champion,AVAX,10.5865,0.0,0.0,0.1128,sell,exit: price more than 2.0% below 24h EMA,1.417
1790054477,champion,LINK,12.845975,0.25,0.1111,0.1248,hold,hold: weight change -0.014 below threshold 0.05 | stay long: 72h return +4.47% vs exit band -1.0% and price within 2.0% of 24h EMA; realised vol 68% -> weight 0.25,3.227
1790054477,champion,XRP,1.50471,0.25,0.1111,0.1291,hold,hold: weight change -0.018 below threshold 0.05 | stay long: 72h return +6.79% vs exit band -1.0% and price above 24h EMA; realised vol 83% -> weight 0.25,0.598
1790054477,champion,DOGE,0.099066,0.25,0.1111,0.0157,buy,stay long: 72h return +14.27% vs exit band -1.0% and price above 24h EMA; realised vol 73% -> weight 0.25,0.949
1790054477,champion,DOT,1.16965,0.25,0.1111,0.0091,buy,stay long: 72h return +4.63% vs exit band -1.0% and price within 2.0% of 24h EMA; realised vol 101% -> weight 0.25,2.992
1790054477,champion,LTC,60.635,0.25,0.1111,0.126,hold,hold: weight change -0.015 below threshold 0.05 | stay long: 72h return +4.38% vs exit band -1.0% and price within 2.0% of 24h EMA; realised vol 68% -> weight 0.25,2.474
1790058437,champion,BTC,85279.05,0.25,0.1111,0.126,hold,hold: weight change -0.015 below threshold 0.05 | stay long: 72h return +5.39% vs exit band -1.0% and price above 24h EMA; realised vol 40% -> weight 0.25,0.006
1790058437,champion,ETH,2726.665,0.25,0.1111,0.1248,hold,hold: weight change -0.014 below threshold 0.05 | stay long: 72h return +4.01% vs exit band -1.0% and price above 24h EMA; realised vol 47% -> weight 0.25,0.018
1790058437,champion,SOL,116.445,0.25,0.1111,0.1021,hold,hold: weight change +0.009 below threshold 0.05 | stay long: 72h return +4.41% vs exit band -1.0% and price above 24h EMA; realised vol 61% -> weight 0.25,0.429
1790058437,champion,ADA,0.24371,0.25,0.1111,0.1291,hold,hold: weight change -0.018 below threshold 0.05 | stay long: 72h return +9.06% vs exit band -1.0% and price above 24h EMA; realised vol 85% -> weight 0.25,2.77
1790058437,champion,AVAX,10.6955,0.0,0.0,0.0,hold,hold: weight change +0.000 below threshold 0.05 | flat: price below 24h EMA,0.467
1790058437,champion,LINK,12.864945,0.25,0.1111,0.1248,hold,hold: weight change -0.014 below threshold 0.05 | stay long: 72h return +4.84% vs exit band -1.0% and price above 24h EMA; realised vol 68% -> weight 0.25,2.126
1790058437,champion,XRP,1.514585,0.25,0.1111,0.1297,hold,hold: weight change -0.019 below threshold 0.05 | stay long: 72h return +6.05% vs exit band -1.0% and price above 24h EMA; realised vol 83% -> weight 0.25,0.429
1790058437,champion,DOGE,0.099792,0.25,0.1111,0.1117,hold,hold: weight change -0.001 below threshold 0.05 | stay long: 72h return +14.46% vs exit band -1.0% and price above 24h EMA; realised vol 73% -> weight 0.25,0.205
1790058437,champion,DOT,1.16155,0.25,0.1111,0.0259,none,no fill possible (no cash or no position) | stay long: 72h return +4.08% vs exit band -1.0% and price within 2.0% of 24h EMA; realised vol 101% -> weight 0.25,0.43
1790058437,champion,LTC,60.7,0.25,0.1111,0.1258,hold,hold: weight change -0.015 below threshold 0.05 | stay long: 72h return +6.16% vs exit band -1.0% and price above 24h EMA; realised vol 68% -> weight 0.25,3.295
1790061741,champion,BTC,85250.05,0.25,0.1111,0.1261,hold,hold: weight change -0.015 below threshold 0.05 | stay long: 72h return +5.35% vs exit band -1.0% and price above 24h EMA; realised vol 40% -> weight 0.25,0.006
1790061741,champion,ETH,2724.745,0.25,0.1111,0.1249,hold,hold: weight change -0.014 below threshold 0.05 | stay long: 72h return +3.94% vs exit band -1.0% and price within 2.0% of 24h EMA; realised vol 47% -> weight 0.25,0.018
1790061741,champion,SOL,116.335,0.25,0.1111,0.1021,hold,hold: weight change +0.009 below threshold 0.05 | stay long: 72h return +4.21% vs exit band -1.0% and price above 24h EMA; realised vol 61% -> weight 0.25,0.43
1790061741,champion,ADA,0.243967,0.25,0.1111,0.1294,hold,hold: weight change -0.018 below threshold 0.05 | stay long: 72h return +9.92% vs exit band -1.0% and price above 24h EMA; realised vol 85% -> weight 0.25,3.955
1790061741,champion,AVAX,10.6625,0.0,0.0,0.0,hold,hold: weight change +0.000 below threshold 0.05 | flat: price below 24h EMA,1.407
1790061741,champion,LINK,12.858415,0.25,0.1111,0.1248,hold,hold: weight change -0.014 below threshold 0.05 | stay long: 72h return +4.71% vs exit band -1.0% and price within 2.0% of 24h EMA; realised vol 67% -> weight 0.25,0.004
1790061741,champion,XRP,1.517015,0.25,0.1111,0.1301,hold,hold: weight change -0.019 below threshold 0.05 | stay long: 72h return +6.91% vs exit band -1.0% and price above 24h EMA; realised vol 82% -> weight 0.25,0.626
1790061741,champion,DOGE,0.099045,0.25,0.1111,0.1109,hold,hold: weight change +0.000 below threshold 0.05 | stay long: 72h return +14.58% vs exit band -1.0% and price above 24h EMA; realised vol 73% -> weight 0.25,2.933
1790061741,champion,DOT,1.1591,0.25,0.1111,0.0259,none,no fill possible (no cash or no position) | stay long: 72h return +4.28% vs exit band -1.0% and price within 2.0% of 24h EMA; realised vol 102% -> weight 0.25,2.588
1790061741,champion,LTC,60.585,0.25,0.1111,0.1257,hold,hold: weight change -0.015 below threshold 0.05 | stay long: 72h return +6.03% vs exit band -1.0% and price within 2.0% of 24h EMA; realised vol 68% -> weight 0.25,2.476
1790065424,champion,BTC,85508.45,0.25,0.1111,0.1263,hold,hold: weight change -0.015 below threshold 0.05 | stay long: 72h return +5.27% vs exit band -1.0% and price above 24h EMA; realised vol 40% -> weight 0.25,0.006
1790065424,champion,ETH,2731.815,0.25,0.1111,0.125,hold,hold: weight change -0.014 below threshold 0.05 | stay long: 72h return +3.80% vs exit band -1.0% and price within 2.0% of 24h EMA; realised vol 47% -> weight 0.25,0.018
1790065424,champion,SOL,116.235,0.25,0.1111,0.1018,hold,hold: weight change +0.009 below threshold 0.05 | stay long: 72h return +4.26% vs exit band -1.0% and price within 2.0% of 24h EMA; realised vol 61% -> weight 0.25,0.43
1790065424,champion,ADA,0.245106,0.25,0.1111,0.1298,hold,hold: weight change -0.019 below threshold 0.05 | stay long: 72h return +10.78% vs exit band -1.0% and price above 24h EMA; realised vol 85% -> weight 0.25,3.182
1790065424,champion,AVAX,10.766,0.0,0.0,0.0,hold,hold: weight change +0.000 below threshold 0.05 | flat: price below 24h EMA,0.929
1790065424,champion,LINK,12.874645,0.25,0.1111,0.1248,hold,hold: weight change -0.014 below threshold 0.05 | stay long: 72h return +4.85% vs exit band -1.0% and price within 2.0% of 24h EMA; realised vol 67% -> weight 0.25,2.785
1790065424,champion,XRP,1.52005,0.25,0.1111,0.1301,hold,hold: weight change -0.019 below threshold 0.05 | stay long: 72h return +7.68% vs exit band -1.0% and price above 24h EMA; realised vol 82% -> weight 0.25,0.132
1790065424,champion,DOGE,0.098752,0.25,0.1111,0.1104,hold,hold: weight change +0.001 below threshold 0.05 | stay long: 72h return +13.95% vs exit band -1.0% and price above 24h EMA; realised vol 73% -> weight 0.25,0.056
1790065424,champion,DOT,1.1663,0.25,0.1111,0.026,none,no fill possible (no cash or no position) | stay long: 72h return +5.80% vs exit band -1.0% and price within 2.0% of 24h EMA; realised vol 101% -> weight 0.25,3.43
1790065424,champion,LTC,60.66,0.25,0.1111,0.1257,hold,hold: weight change -0.015 below threshold 0.05 | stay long: 72h return +6.74% vs exit band -1.0% and price within 2.0% of 24h EMA; realised vol 68% -> weight 0.25,3.297
1790068913,champion,BTC,85924.65,0.25,0.1111,0.1263,hold,hold: weight change -0.015 below threshold 0.05 | stay long: 72h return +6.04% vs exit band -1.0% and price above 24h EMA; realised vol 41% -> weight 0.25,0.006
1790068913,champion,ETH,2740.915,0.25,0.1111,0.1248,hold,hold: weight change -0.014 below threshold 0.05 | stay long: 72h return +3.93% vs exit band -1.0% and price above 24h EMA; realised vol 47% -> weight 0.25,0.018
1790068913,champion,SOL,117.025,0.25,0.1111,0.102,hold,hold: weight change +0.009 below threshold 0.05 | stay long: 72h return +4.69% vs exit band -1.0% and price above 24h EMA; realised vol 61% -> weight 0.25,0.427
1790068913,champion,ADA,0.24841,0.25,0.1111,0.1309,hold,hold: weight change -0.020 below threshold 0.05 | stay long: 72h return +11.45% vs exit band -1.0% and price above 24h EMA; realised vol 85% -> weight 0.25,3.543
1790068913,champion,AVAX,10.881,0.0,0.0,0.0,hold,hold: weight change +0.000 below threshold 0.05 | flat: price below 24h EMA,0.919
1790068913,champion,LINK,12.922435,0.25,0.1111,0.1246,hold,hold: weight change -0.014 below threshold 0.05 | stay long: 72h return +5.11% vs exit band -1.0% and price above 24h EMA; realised vol 67% -> weight 0.25,0.004
1790068913,champion,XRP,1.536755,0.25,0.1111,0.1309,hold,hold: weight change -0.020 below threshold 0.05 | stay long: 72h return +9.27% vs exit band -1.0% and price above 24h EMA; realised vol 83% -> weight 0.25,0.098
1790068913,champion,DOGE,0.098619,0.25,0.1111,0.1098,hold,hold: weight change +0.001 below threshold 0.05 | stay long: 72h return +14.12% vs exit band -1.0% and price above 24h EMA; realised vol 73% -> weight 0.25,0.162
1790068913,champion,DOT,1.17,0.25,0.1111,0.026,none,no fill possible (no cash or no position) | stay long: 72h return +5.70% vs exit band -1.0% and price above 24h EMA; realised vol 102% -> weight 0.25,1.709
1790068913,champion,LTC,60.415,0.25,0.1111,0.1246,hold,hold: weight change -0.013 below threshold 0.05 | stay long: 72h return +6.34% vs exit band -1.0% and price above 24h EMA; realised vol 68% -> weight 0.25,2.483
1790072596,champion,BTC,85977.85,0.25,0.1111,0.1268,hold,hold: weight change -0.016 below threshold 0.05 | stay long: 72h return +6.07% vs exit band -1.0% and price above 24h EMA; realised vol 41% -> weight 0.25,0.006
1790072596,champion,ETH,2744.715,0.25,0.1111,0.1254,hold,hold: weight change -0.014 below threshold 0.05 | stay long: 72h return +4.16% vs exit band -1.0% and price above 24h EMA; realised vol 47% -> weight 0.25,0.018
1790072596,champion,SOL,116.915,0.25,0.1111,0.1023,hold,hold: weight change +0.009 below threshold 0.05 | stay long: 72h return +5.06% vs exit band -1.0% and price above 24h EMA; realised vol 61% -> weight 0.25,0.428
1790072596,champion,ADA,0.246017,0.25,0.1111,0.1301,hold,hold: weight change -0.019 below threshold 0.05 | stay long: 72h return +10.90% vs exit band -1.0% and price above 24h EMA; realised vol 85% -> weight 0.25,2.886
1790072596,champion,AVAX,10.829,0.0,0.0,0.0,hold,hold: weight change +0.000 below threshold 0.05 | flat: price below 24h EMA,1.847
1790072596,champion,LINK,12.932455,0.25,0.1111,0.1252,hold,hold: weight change -0.014 below threshold 0.05 | stay long: 72h return +4.10% vs exit band -1.0% and price above 24h EMA; realised vol 68% -> weight 0.25,1.775
1790072596,champion,XRP,1.52886,0.25,0.1111,0.1307,hold,hold: weight change -0.020 below threshold 0.05 | stay long: 72h return +9.16% vs exit band -1.0% and price above 24h EMA; realised vol 83% -> weight 0.25,0.262
1790072596,champion,DOGE,0.098085,0.25,0.1111,0.1095,hold,hold: weight change +0.002 below threshold 0.05 | stay long: 72h return +13.24% vs exit band -1.0% and price above 24h EMA; realised vol 74% -> weight 0.25,0.005
1790072596,champion,DOT,1.16235,0.25,0.1111,0.0259,none,no fill possible (no cash or no position) | stay long: 72h return +4.32% vs exit band -1.0% and price within 2.0% of 24h EMA; realised vol 102% -> weight 0.25,0.43
1790072596,champion,LTC,59.985,0.25,0.1111,0.1241,hold,hold: weight change -0.013 below threshold 0.05 | stay long: 72h return +5.63% vs exit band -1.0% and price within 2.0% of 24h EMA; realised vol 68% -> weight 0.25,0.834
1790076092,champion,BTC,86060.55,0.25,0.1111,0.1267,hold,hold: weight change -0.016 below threshold 0.05 | stay long: 72h return +5.77% vs exit band -1.0% and price above 24h EMA; realised vol 41% -> weight 0.25,0.006
1790076092,champion,ETH,2744.475,0.25,0.1111,0.1252,hold,hold: weight change -0.014 below threshold 0.05 | stay long: 72h return +3.95% vs exit band -1.0% and price above 24h EMA; realised vol 47% -> weight 0.25,0.018
1790076092,champion,SOL,117.185,0.25,0.1111,0.1023,hold,hold: weight change +0.009 below threshold 0.05 | stay long: 72h return +4.70% vs exit band -1.0% and price above 24h EMA; realised vol 62% -> weight 0.25,0.427
1790076092,champion,ADA,0.245999,0.25,0.1111,0.1298,hold,hold: weight change -0.019 below threshold 0.05 | stay long: 72h return +9.13% vs exit band -1.0% and price above 24h EMA; realised vol 86% -> weight 0.25,1.911
1790076092,champion,AVAX,10.9405,0.0,0.0,0.0,hold,hold: weight change +0.000 below threshold 0.05 | flat: price below 24h EMA,0.457
1790076092,champion,LINK,12.949405,0.25,0.1111,0.1251,hold,hold: weight change -0.014 below threshold 0.05 | stay long: 72h return +3.11% vs exit band -1.0% and price within 2.0% of 24h EMA; realised vol 68% -> weight 0.25,2.444
1790076092,champion,XRP,1.53399,0.25,0.1111,0.1309,hold,hold: weight change -0.020 below threshold 0.05 | stay long: 72h return +8.07% vs exit band -1.0% and price above 24h EMA; realised vol 83% -> weight 0.25,0.326
1790076092,champion,DOGE,0.098089,0.25,0.1111,0.1093,hold,hold: weight change +0.002 below threshold 0.05 | stay long: 72h return +11.59% vs exit band -1.0% and price above 24h EMA; realised vol 74% -> weight 0.25,1.142
1790076092,champion,DOT,1.1682,0.25,0.1111,0.026,none,no fill possible (no cash or no position) | stay long: 72h return +3.63% vs exit band -1.0% and price within 2.0% of 24h EMA; realised vol 102% -> weight 0.25,1.712
1790076092,champion,LTC,60.415,0.25,0.1111,0.1248,hold,hold: weight change -0.014 below threshold 0.05 | stay long: 72h return +5.47% vs exit band -1.0% and price within 2.0% of 24h EMA; realised vol 68% -> weight 0.25,2.483
1790080002,champion,BTC,85931.95,0.25,0.1111,0.1267,hold,hold: weight change -0.016 below threshold 0.05 | stay long: 72h return +5.76% vs exit band -1.0% and price above 24h EMA; realised vol 41% -> weight 0.25,0.006
1790080002,champion,ETH,2744.165,0.25,0.1111,0.1254,hold,hold: weight change -0.014 below threshold 0.05 | stay long: 72h return +3.90% vs exit band -1.0% and price above 24h EMA; realised vol 47% -> weight 0.25,0.018
1790080002,champion,SOL,117.225,0.25,0.1111,0.1025,hold,hold: weight change +0.009 below threshold 0.05 | stay long: 72h return +4.87% vs exit band -1.0% and price above 24h EMA; realised vol 62% -> weight 0.25,0.427
1790080002,champion,ADA,0.245768,0.25,0.1111,0.1299,hold,hold: weight change -0.019 below threshold 0.05 | stay long: 72h return +8.37% vs exit band -1.0% and price above 24h EMA; realised vol 86% -> weight 0.25,3.052
1790080002,champion,AVAX,10.832,0.0,0.0,0.0,hold,hold: weight change +0.000 below threshold 0.05 | flat: price below 24h EMA,0.923
1790080002,champion,LINK,12.87864,0.25,0.1111,0.1246,hold,hold: weight change -0.014 below threshold 0.05 | stay long: 72h return +3.29% vs exit band -1.0% and price above 24h EMA; realised vol 68% -> weight 0.25,3.673
1790080002,champion,XRP,1.53528,0.25,0.1111,0.1312,hold,hold: weight change -0.020 below threshold 0.05 | stay long: 72h return +7.24% vs exit band -1.0% and price above 24h EMA; realised vol 83% -> weight 0.25,0.391
1790080002,champion,DOGE,0.097932,0.25,0.1111,0.1093,hold,hold: weight change +0.002 below threshold 0.05 | stay long: 72h return +10.79% vs exit band -1.0% and price above 24h EMA; realised vol 74% -> weight 0.25,0.179
1790080002,champion,DOT,1.15905,0.25,0.1111,0.0258,none,no fill possible (no cash or no position) | stay long: 72h return +2.49% vs exit band -1.0% and price within 2.0% of 24h EMA; realised vol 102% -> weight 0.25,0.431
1790080002,champion,LTC,60.135,0.25,0.1111,0.1244,hold,hold: weight change -0.013 below threshold 0.05 | stay long: 72h return +4.05% vs exit band -1.0% and price within 2.0% of 24h EMA; realised vol 68% -> weight 0.25,2.494
1790083402,champion,BTC,85917.95,0.25,0.1111,0.1253,hold,hold: weight change -0.014 below threshold 0.05 | stay long: 72h return +5.77% vs exit band -1.0% and price above 24h EMA; realised vol 41% -> weight 0.25,0.006
1790083402,champion,ETH,2747.505,0.25,0.1111,0.1241,hold,hold: weight change -0.013 below threshold 0.05 | stay long: 72h return +4.34% vs exit band -1.0% and price above 24h EMA; realised vol 47% -> weight 0.25,0.091
1790083402,champion,SOL,117.305,0.25,0.1111,0.1015,hold,hold: weight change +0.010 below threshold 0.05 | stay long: 72h return +5.09% vs exit band -1.0% and price above 24h EMA; realised vol 62% -> weight 0.25,0.426
1790083402,champion,ADA,0.252055,0.25,0.1111,0.1318,hold,hold: weight change -0.021 below threshold 0.05 | stay long: 72h return +9.96% vs exit band -1.0% and price above 24h EMA; realised vol 86% -> weight 0.25,2.202
1790083402,champion,AVAX,10.964,0.0,0.0,0.0,hold,hold: weight change +0.000 below threshold 0.05 | flat: price below 24h EMA,1.824
1790083402,champion,LINK,13.00096,0.25,0.1111,0.1244,hold,hold: weight change -0.013 below threshold 0.05 | stay long: 72h return +3.76% vs exit band -1.0% and price above 24h EMA; realised vol 68% -> weight 0.25,1.854
1790083402,champion,XRP,1.55002,0.25,0.1111,0.131,hold,hold: weight change -0.020 below threshold 0.05 | stay long: 72h return +7.56% vs exit band -1.0% and price above 24h EMA; realised vol 83% -> weight 0.25,0.452
1790083402,champion,DOGE,0.100075,0.25,0.1111,0.1105,hold,hold: weight change +0.001 below threshold 0.05 | stay long: 72h return +12.26% vs exit band -1.0% and price above 24h EMA; realised vol 75% -> weight 0.25,0.4
1790083402,champion,DOT,1.17785,0.25,0.1111,0.0259,none,no fill possible (no cash or no position) | stay long: 72h return +3.70% vs exit band -1.0% and price within 2.0% of 24h EMA; realised vol 102% -> weight 0.25,0.425
1790083402,champion,LTC,61.435,0.25,0.1111,0.1257,hold,hold: weight change -0.015 below threshold 0.05 | stay long: 72h return +5.76% vs exit band -1.0% and price above 24h EMA; realised vol 69% -> weight 0.25,2.442
1790086980,champion,BTC,86124.35,0.25,0.1006,0.1253,hold,hold: weight change -0.025 below threshold 0.05 | stay long: 72h return +6.14% vs exit band -1.0% and price above 24h EMA; realised vol 41% -> weight 0.25,0.006
1790086980,champion,ETH,2746.415,0.25,0.1006,0.1237,hold,hold: weight change -0.023 below threshold 0.05 | stay long: 72h return +4.56% vs exit band -1.0% and price above 24h EMA; realised vol 47% -> weight 0.25,0.018
1790086980,champion,SOL,117.345,0.25,0.1006,0.1012,hold,hold: weight change -0.001 below threshold 0.05 | stay long: 72h return +5.69% vs exit band -1.0% and price above 24h EMA; realised vol 62% -> weight 0.25,0.426
1790086980,champion,ADA,0.251639,0.25,0.1006,0.1312,hold,hold: weight change -0.031 below threshold 0.05 | stay long: 72h return +11.58% vs exit band -1.0% and price above 24h EMA; realised vol 87% -> weight 0.25,3.696
1790086980,champion,AVAX,11.067,0.2344,0.0944,0.0,none,no fill possible (no cash or no position) | enter long: 72h return +17.51% vs entry band +1.0% and price above 24h EMA; realised vol 128% -> weight 0.23,0.904
1790086980,champion,LINK,13.0194,0.25,0.1006,0.1242,hold,hold: weight change -0.024 below threshold 0.05 | stay long: 72h return +5.08% vs exit band -1.0% and price above 24h EMA; realised vol 68% -> weight 0.25,3.725
1790086980,champion,XRP,1.564045,0.25,0.1006,0.1318,hold,hold: weight change -0.031 below threshold 0.05 | stay long: 72h return +10.51% vs exit band -1.0% and price above 24h EMA; realised vol 86% -> weight 0.25,0.096
1790086980,champion,DOGE,0.100318,0.25,0.1006,0.1104,hold,hold: weight change -0.010 below threshold 0.05 | stay long: 72h return +13.69% vs exit band -1.0% and price above 24h EMA; realised vol 75% -> weight 0.25,2.891
1790086980,champion,DOT,1.169,0.25,0.1006,0.0257,none,no fill possible (no cash or no position) | stay long: 72h return +4.59% vs exit band -1.0% and price above 24h EMA; realised vol 102% -> weight 0.25,1.711
1790086980,champion,LTC,61.95,0.25,0.1006,0.1264,hold,hold: weight change -0.026 below threshold 0.05 | stay long: 72h return +7.61% vs exit band -1.0% and price above 24h EMA; realised vol 70% -> weight 0.25,1.614
1790090545,champion,BTC,86252.45,0.25,0.1006,0.1253,hold,hold: weight change -0.025 below threshold 0.05 | stay long: 72h return +5.75% vs exit band -1.0% and price above 24h EMA; realised vol 40% -> weight 0.25,0.006
1790090545,champion,ETH,2744.085,0.25,0.1006,0.1235,hold,hold: weight change -0.023 below threshold 0.05 | stay long: 72h return +3.95% vs exit band -1.0% and price above 24h EMA; realised vol 45% -> weight 0.25,0.018
1790090545,champion,SOL,117.445,0.25,0.1006,0.1012,hold,hold: weight change -0.001 below threshold 0.05 | stay long: 72h return +4.58% vs exit band -1.0% and price above 24h EMA; realised vol 61% -> weight 0.25,1.277
1790090545,champion,ADA,0.252935,0.25,0.1006,0.1317,hold,hold: weight change -0.031 below threshold 0.05 | stay long: 72h return +10.30% vs exit band -1.0% and price above 24h EMA; realised vol 85% -> weight 0.25,2.55
1790090545,champion,AVAX,11.1875,0.236,0.0949,0.0,none,no fill possible (no cash or no position) | enter long: 72h return +16.98% vs entry band +1.0% and price above 24h EMA; realised vol 127% -> weight 0.24,0.447
1790090545,champion,LINK,13.037895,0.25,0.1006,0.1243,hold,hold: weight change -0.024 below threshold 0.05 | stay long: 72h return +3.24% vs exit band -1.0% and price within 2.0% of 24h EMA; realised vol 67% -> weight 0.25,3.854
1790090545,champion,XRP,1.581585,0.25,0.1006,0.1332,hold,hold: weight change -0.033 below threshold 0.05 | stay long: 72h return +8.81% vs exit band -1.0% and price above 24h EMA; realised vol 85% -> weight 0.25,0.032
1790090545,champion,DOGE,0.100091,0.25,0.1006,0.1101,hold,hold: weight change -0.010 below threshold 0.05 | stay long: 72h return +12.33% vs exit band -1.0% and price above 24h EMA; realised vol 74% -> weight 0.25,1.788
1790090545,champion,DOT,1.1693,0.25,0.1006,0.0257,none,no fill possible (no cash or no position) | stay long: 72h return +2.87% vs exit band -1.0% and price within 2.0% of 24h EMA; realised vol 102% -> weight 0.25,3.421
1790090545,champion,LTC,61.365,0.25,0.1006,0.1251,hold,hold: weight change -0.024 below threshold 0.05 | stay long: 72h return +6.28% vs exit band -1.0% and price above 24h EMA; realised vol 69% -> weight 0.25,0.815
1790094185,champion,BTC,86142.25,0.25,0.1006,0.1264,hold,hold: weight change -0.026 below threshold 0.05 | stay long: 72h return +5.87% vs exit band -1.0% and price above 24h EMA; realised vol 40% -> weight 0.25,0.006
1790094185,champion,ETH,2731.36,0.25,0.1006,0.1241,hold,hold: weight change -0.024 below threshold 0.05 | stay long: 72h return +3.92% vs exit band -1.0% and price above 24h EMA; realised vol 44% -> weight 0.25,0.549
1790094185,champion,SOL,116.79,0.25,0.1006,0.1016,hold,hold: weight change -0.001 below threshold 0.05 | stay long: 72h return +5.18% vs exit band -1.0% and price above 24h EMA; realised vol 60% -> weight 0.25,0.856
1790094185,champion,ADA,0.24788,0.25,0.1006,0.1303,hold,hold: weight change -0.030 below threshold 0.05 | stay long: 72h return +11.12% vs exit band -1.0% and price above 24h EMA; realised vol 85% -> weight 0.25,2.683
1790094185,champion,AVAX,11.099,0.236,0.0949,0.0,none,no fill possible (no cash or no position) | enter long: 72h return +17.55% vs entry band +1.0% and price above 24h EMA; realised vol 127% -> weight 0.24,0.901
1790094185,champion,LINK,12.898175,0.25,0.1006,0.1241,hold,hold: weight change -0.024 below threshold 0.05 | stay long: 72h return +3.86% vs exit band -1.0% and price above 24h EMA; realised vol 67% -> weight 0.25,4.532
1790094185,champion,XRP,1.551975,0.25,0.1006,0.1319,hold,hold: weight change -0.031 below threshold 0.05 | stay long: 72h return +9.93% vs exit band -1.0% and price above 24h EMA; realised vol 85% -> weight 0.25,0.032
1790094185,champion,DOGE,0.09888,0.25,0.1006,0.1098,hold,hold: weight change -0.009 below threshold 0.05 | stay long: 72h return +12.47% vs exit band -1.0% and price above 24h EMA; realised vol 74% -> weight 0.25,1.153
1790094185,champion,DOT,1.16535,0.25,0.1006,0.0258,none,no fill possible (no cash or no position) | stay long: 72h return +4.55% vs exit band -1.0% and price above 24h EMA; realised vol 102% -> weight 0.25,2.145
1790094185,champion,LTC,61.165,0.25,0.1006,0.1259,hold,hold: weight change -0.025 below threshold 0.05 | stay long: 72h return +5.79% vs exit band -1.0% and price above 24h EMA; realised vol 69% -> weight 0.25,0.817
1790097661,champion,BTC,86402.95,0.25,0.1006,0.1257,hold,hold: weight change -0.025 below threshold 0.05 | stay long: 72h return +5.67% vs exit band -1.0% and price above 24h EMA; realised vol 40% -> weight 0.25,0.006
1790097661,champion,ETH,2750.115,0.25,0.1006,0.124,hold,hold: weight change -0.023 below threshold 0.05 | stay long: 72h return +3.63% vs exit band -1.0% and price above 24h EMA; realised vol 44% -> weight 0.25,0.018
1790097661,champion,SOL,117.86,0.25,0.1006,0.1017,hold,hold: weight change -0.001 below threshold 0.05 | stay long: 72h return +4.91% vs exit band -1.0% and price above 24h EMA; realised vol 60% -> weight 0.25,0.848
1790097661,champion,ADA,0.249013,0.25,0.1006,0.1299,hold,hold: weight change -0.029 below threshold 0.05 | stay long: 72h return +8.54% vs exit band -1.0% and price above 24h EMA; realised vol 86% -> weight 0.25,4.136
1790097661,champion,AVAX,11.0515,0.2359,0.0949,0.0,none,no fill possible (no cash or no position) | enter long: 72h return +14.28% vs entry band +1.0% and price above 24h EMA; realised vol 127% -> weight 0.24,0.452
1790097661,champion,LINK,13.030105,0.25,0.1006,0.1244,hold,hold: weight change -0.024 below threshold 0.05 | stay long: 72h return +3.34% vs exit band -1.0% and price above 24h EMA; realised vol 67% -> weight 0.25,0.004
1790097661,champion,XRP,1.569915,0.25,0.1006,0.1324,hold,hold: weight change -0.032 below threshold 0.05 | stay long: 72h return +9.08% vs exit band -1.0% and price above 24h EMA; realised vol 85% -> weight 0.25,0.924
1790097661,champion,DOGE,0.099604,0.25,0.1006,0.1097,hold,hold: weight change -0.009 below threshold 0.05 | stay long: 72h return +11.00% vs exit band -1.0% and price above 24h EMA; realised vol 75% -> weight 0.25,1.084
1790097661,champion,DOT,1.1839,0.25,0.1006,0.026,none,no fill possible (no cash or no position) | stay long: 72h return +3.56% vs exit band -1.0% and price within 2.0% of 24h EMA; realised vol 102% -> weight 0.25,2.534
1790097661,champion,LTC,61.81,0.25,0.1006,0.1262,hold,hold: weight change -0.026 below threshold 0.05 | stay long: 72h return +6.94% vs exit band -1.0% and price above 24h EMA; realised vol 69% -> weight 0.25,1.618
1790101575,champion,BTC,86352.45,0.25,0.1006,0.1254,hold,hold: weight change -0.025 below threshold 0.05 | stay long: 72h return +6.31% vs exit band -1.0% and price above 24h EMA; realised vol 39% -> weight 0.25,0.006
1790101575,champion,ETH,2747.215,0.25,0.1006,0.1236,hold,hold: weight change -0.023 below threshold 0.05 | stay long: 72h return +4.13% vs exit band -1.0% and price above 24h EMA; realised vol 44% -> weight 0.25,0.018
1790101575,champion,SOL,117.995,0.25,0.1006,0.1017,hold,hold: weight change -0.001 below threshold 0.05 | stay long: 72h return +5.93% vs exit band -1.0% and price above 24h EMA; realised vol 60% -> weight 0.25,0.424
1790101575,champion,ADA,0.250578,0.25,0.1006,0.1305,hold,hold: weight change -0.030 below threshold 0.05 | stay long: 72h return +8.80% vs exit band -1.0% and price above 24h EMA; realised vol 85% -> weight 0.25,2.634
1790101575,champion,AVAX,11.001,0.2361,0.095,0.0,none,no fill possible (no cash or no position) | enter long: 72h return +14.49% vs entry band +1.0% and price above 24h EMA; realised vol 127% -> weight 0.24,0.909
1790101575,champion,LINK,13.00241,0.25,0.1006,0.1239,hold,hold: weight change -0.023 below threshold 0.05 | stay long: 72h return +3.77% vs exit band -1.0% and price above 24h EMA; realised vol 67% -> weight 0.25,1.777
1790101575,champion,XRP,1.57406,0.25,0.1006,0.1325,hold,hold: weight change -0.032 below threshold 0.05 | stay long: 72h return +10.15% vs exit band -1.0% and price above 24h EMA; realised vol 85% -> weight 0.25,0.445
1790101575,champion,DOGE,0.099616,0.25,0.1006,0.1096,hold,hold: weight change -0.009 below threshold 0.05 | stay long: 72h return +11.00% vs exit band -1.0% and price above 24h EMA; realised vol 74% -> weight 0.25,0.141
1790101575,champion,DOT,1.18135,0.25,0.1006,0.0259,none,no fill possible (no cash or no position) | stay long: 72h return +4.48% vs exit band -1.0% and price above 24h EMA; realised vol 102% -> weight 0.25,2.116
1790101575,champion,LTC,62.23,0.25,0.1006,0.1268,hold,hold: weight change -0.026 below threshold 0.05 | stay long: 72h return +7.47% vs exit band -1.0% and price above 24h EMA; realised vol 69% -> weight 0.25,3.214
1790104812,champion,BTC,86517.45,0.25,0.1005,0.1247,hold,hold: weight change -0.024 below threshold 0.05 | stay long: 72h return +6.20% vs exit band -1.0% and price above 24h EMA; realised vol 38% -> weight 0.25,0.006
1790104812,champion,ETH,2761.285,0.25,0.1005,0.1233,hold,hold: weight change -0.023 below threshold 0.05 | stay long: 72h return +4.31% vs exit band -1.0% and price above 24h EMA; realised vol 43% -> weight 0.25,0.018
1790104812,champion,SOL,118.46,0.25,0.1005,0.1013,hold,hold: weight change -0.001 below threshold 0.05 | stay long: 72h return +6.30% vs exit band -1.0% and price above 24h EMA; realised vol 58% -> weight 0.25,0.844
1790104812,champion,ADA,0.253575,0.25,0.1005,0.131,hold,hold: weight change -0.031 below threshold 0.05 | stay long: 72h return +9.01% vs exit band -1.0% and price above 24h EMA; realised vol 84% -> weight 0.25,2.189
1790104812,champion,AVAX,11.0555,0.238,0.0957,0.0,none,no fill possible (no cash or no position) | enter long: 72h return +12.58% vs entry band +1.0% and price above 24h EMA; realised vol 126% -> weight 0.24,0.452
1790104812,champion,LINK,13.078815,0.25,0.1005,0.1237,hold,hold: weight change -0.023 below threshold 0.05 | stay long: 72h return +3.69% vs exit band -1.0% and price above 24h EMA; realised vol 66% -> weight 0.25,1.541
1790104812,champion,XRP,1.59895,0.25,0.1005,0.1335,hold,hold: weight change -0.033 below threshold 0.05 | stay long: 72h return +10.61% vs exit band -1.0% and price above 24h EMA; realised vol 72% -> weight 0.25,2.502
1790104812,champion,DOGE,0.100422,0.25,0.1005,0.1096,hold,hold: weight change -0.009 below threshold 0.05 | stay long: 72h return +11.43% vs exit band -1.0% and price above 24h EMA; realised vol 73% -> weight 0.25,0.463
1790104812,champion,DOT,1.18325,0.25,0.1005,0.0258,none,no fill possible (no cash or no position) | stay long: 72h return +3.81% vs exit band -1.0% and price within 2.0% of 24h EMA; realised vol 100% -> weight 0.25,1.268
1790104812,champion,LTC,62.945,0.25,0.1005,0.1272,hold,hold: weight change -0.027 below threshold 0.05 | stay long: 72h return +7.70% vs exit band -1.0% and price above 24h EMA; realised vol 69% -> weight 0.25,3.972
1790108452,champion,BTC,86265.65,0.25,0.1111,0.1251,hold,hold: weight change -0.014 below threshold 0.05 | stay long: 72h return +5.99% vs exit band -1.0% and price above 24h EMA; realised vol 38% -> weight 0.25,0.006
1790108452,champion,ETH,2751.995,0.25,0.1111,0.1237,hold,hold: weight change -0.013 below threshold 0.05 | stay long: 72h return +4.47% vs exit band -1.0% and price above 24h EMA; realised vol 42% -> weight 0.25,0.018
1790108452,champion,SOL,118.045,0.25,0.1111,0.1016,hold,hold: weight change +0.010 below threshold 0.05 | stay long: 72h return +6.39% vs exit band -1.0% and price above 24h EMA; realised vol 58% -> weight 0.25,0.424
1790108452,champion,ADA,0.251364,0.25,0.1111,0.1307,hold,hold: weight change -0.020 below threshold 0.05 | stay long: 72h return +9.86% vs exit band -1.0% and price above 24h EMA; realised vol 84% -> weight 0.25,3.262
1790108452,champion,AVAX,10.9115,0.0,0.0,0.0,hold,hold: weight change +0.000 below threshold 0.05 | flat: price below 24h EMA,0.458
1790108452,champion,LINK,12.960945,0.25,0.1111,0.1234,hold,hold: weight change -0.012 below threshold 0.05 | stay long: 72h return +3.86% vs exit band -1.0% and price above 24h EMA; realised vol 66% -> weight 0.25,1.022
1790108452,champion,XRP,1.57709,0.25,0.1111,0.1326,hold,hold: weight change -0.021 below threshold 0.05 | stay long: 72h return +11.28% vs exit band -1.0% and price above 24h EMA; realised vol 71% -> weight 0.25,0.063
1790108452,champion,DOGE,0.099923,0.25,0.1111,0.1097,hold,hold: weight change +0.001 below threshold 0.05 | stay long: 72h return +12.10% vs exit band -1.0% and price above 24h EMA; realised vol 73% -> weight 0.25,0.025
1790108452,champion,DOT,1.17845,0.25,0.1111,0.0258,none,no fill possible (no cash or no position) | stay long: 72h return +4.24% vs exit band -1.0% and price above 24h EMA; realised vol 100% -> weight 0.25,2.121
1790108452,champion,LTC,62.575,0.25,0.1111,0.1273,hold,hold: weight change -0.016 below threshold 0.05 | stay long: 72h return +8.18% vs exit band -1.0% and price above 24h EMA; realised vol 70% -> weight 0.25,2.397
1790112013,champion,BTC,86260.95,0.25,0.1005,0.1252,hold,hold: weight change -0.025 below threshold 0.05 | stay long: 72h return +6.35% vs exit band -1.0% and price above 24h EMA; realised vol 38% -> weight 0.25,0.006
1790112013,champion,ETH,2749.395,0.25,0.1005,0.1236,hold,hold: weight change -0.023 below threshold 0.05 | stay long: 72h return +4.43% vs exit band -1.0% and price above 24h EMA; realised vol 42% -> weight 0.25,0.018
1790112013,champion,SOL,117.9,0.25,0.1005,0.1015,hold,hold: weight change -0.001 below threshold 0.05 | stay long: 72h return +6.19% vs exit band -1.0% and price above 24h EMA; realised vol 58% -> weight 0.25,0.848
1790112013,champion,ADA,0.251953,0.25,0.1005,0.1311,hold,hold: weight change -0.031 below threshold 0.05 | stay long: 72h return +10.05% vs exit band -1.0% and price above 24h EMA; realised vol 84% -> weight 0.25,2.56
1790112013,champion,AVAX,11.0495,0.2382,0.0957,0.0,none,no fill possible (no cash or no position) | enter long: 72h return +13.05% vs entry band +1.0% and price above 24h EMA; realised vol 126% -> weight 0.24,0.453
1790112013,champion,LINK,12.944765,0.25,0.1005,0.1232,hold,hold: weight change -0.023 below threshold 0.05 | stay long: 72h return +3.83% vs exit band -1.0% and price within 2.0% of 24h EMA; realised vol 65% -> weight 0.25,3.457
1790112013,champion,XRP,1.57531,0.25,0.1005,0.1325,hold,hold: weight change -0.032 below threshold 0.05 | stay long: 72h return +10.01% vs exit band -1.0% and price above 24h EMA; realised vol 71% -> weight 0.25,0.444
1790112013,champion,DOGE,0.099906,0.25,0.1005,0.1097,hold,hold: weight change -0.009 below threshold 0.05 | stay long: 72h return +12.54% vs exit band -1.0% and price above 24h EMA; realised vol 73% -> weight 0.25,1.516
1790112013,champion,DOT,1.19235,0.25,0.1005,0.0261,none,no fill possible (no cash or no position) | stay long: 72h return +7.11% vs exit band -1.0% and price above 24h EMA; realised vol 100% -> weight 0.25,2.097
1790112013,champion,LTC,62.475,0.25,0.1005,0.1272,hold,hold: weight change -0.027 below threshold 0.05 | stay long: 72h return +8.30% vs exit band -1.0% and price above 24h EMA; realised vol 70% -> weight 0.25,0.8
1790115726,champion,BTC,86210.95,0.25,0.1004,0.1251,hold,hold: weight change -0.025 below threshold 0.05 | stay long: 72h return +6.31% vs exit band -1.0% and price above 24h EMA; realised vol 38% -> weight 0.25,0.006
1790115726,champion,ETH,2746.69,0.25,0.1004,0.1235,hold,hold: weight change -0.023 below threshold 0.05 | stay long: 72h return +4.58% vs exit band -1.0% and price above 24h EMA; realised vol 42% -> weight 0.25,0.4
1790115726,champion,SOL,118.125,0.25,0.1004,0.1017,hold,hold: weight change -0.001 below threshold 0.05 | stay long: 72h return +6.84% vs exit band -1.0% and price above 24h EMA; realised vol 57% -> weight 0.25,0.423
1790115726,champion,ADA,0.251551,0.25,0.1004,0.1309,hold,hold: weight change -0.030 below threshold 0.05 | stay long: 72h return +10.62% vs exit band -1.0% and price above 24h EMA; realised vol 83% -> weight 0.25,1.57
1790115726,champion,AVAX,11.1325,0.239,0.096,0.0,none,no fill possible (no cash or no position) | enter long: 72h return +14.32% vs entry band +1.0% and price above 24h EMA; realised vol 126% -> weight 0.24,1.347
1790115726,champion,LINK,12.931735,0.25,0.1004,0.1231,hold,hold: weight change -0.023 below threshold 0.05 | stay long: 72h return +4.55% vs exit band -1.0% and price within 2.0% of 24h EMA; realised vol 65% -> weight 0.25,1.326
1790115726,champion,XRP,1.56763,0.25,0.1004,0.1318,hold,hold: weight change -0.031 below threshold 0.05 | stay long: 72h return +11.32% vs exit band -1.0% and price above 24h EMA; realised vol 70% -> weight 0.25,1.021
1790115726,champion,DOGE,0.100059,0.25,0.1004,0.1099,hold,hold: weight change -0.009 below threshold 0.05 | stay long: 72h return +14.44% vs exit band -1.0% and price above 24h EMA; realised vol 73% -> weight 0.25,0.005
1790115726,champion,DOT,1.19915,0.25,0.1004,0.0263,none,no fill possible (no cash or no position) | stay long: 72h return +7.56% vs exit band -1.0% and price above 24h EMA; realised vol 100% -> weight 0.25,0.417
1790115726,champion,LTC,62.685,0.25,0.1004,0.1276,hold,hold: weight change -0.027 below threshold 0.05 | stay long: 72h return +9.56% vs exit band -1.0% and price above 24h EMA; realised vol 70% -> weight 0.25,0.798
1790119187,champion,BTC,86380.05,0.25,0.1005,0.124,hold,hold: weight change -0.024 below threshold 0.05 | stay long: 72h return +6.02% vs exit band -1.0% and price above 24h EMA; realised vol 38% -> weight 0.25,0.006
1790119187,champion,ETH,2764.745,0.25,0.1005,0.123,hold,hold: weight change -0.023 below threshold 0.05 | stay long: 72h return +4.67% vs exit band -1.0% and price above 24h EMA; realised vol 42% -> weight 0.25,0.018
1790119187,champion,SOL,118.935,0.25,0.1005,0.1013,hold,hold: weight change -0.001 below threshold 0.05 | stay long: 72h return +7.10% vs exit band -1.0% and price above 24h EMA; realised vol 57% -> weight 0.25,0.42
1790119187,champion,ADA,0.256806,0.25,0.1005,0.1322,hold,hold: weight change -0.032 below threshold 0.05 | stay long: 72h return +11.05% vs exit band -1.0% and price above 24h EMA; realised vol 83% -> weight 0.25,2.044
1790119187,champion,AVAX,11.317,0.2385,0.0958,0.0,none,no fill possible (no cash or no position) | enter long: 72h return +15.02% vs entry band +1.0% and price above 24h EMA; realised vol 126% -> weight 0.24,1.767
1790119187,champion,LINK,13.102445,0.25,0.1005,0.1234,hold,hold: weight change -0.023 below threshold 0.05 | stay long: 72h return +4.72% vs exit band -1.0% and price above 24h EMA; realised vol 65% -> weight 0.25,1.53
1790119187,champion,XRP,1.581205,0.25,0.1005,0.1316,hold,hold: weight change -0.031 below threshold 0.05 | stay long: 72h return +11.01% vs exit band -1.0% and price above 24h EMA; realised vol 70% -> weight 0.25,0.032
1790119187,champion,DOGE,0.100892,0.25,0.1005,0.1097,hold,hold: weight change -0.009 below threshold 0.05 | stay long: 72h return +14.35% vs exit band -1.0% and price above 24h EMA; realised vol 73% -> weight 0.25,0.446
1790119187,champion,DOT,1.22575,0.25,0.1005,0.0266,none,no fill possible (no cash or no position) | stay long: 72h return +8.68% vs exit band -1.0% and price above 24h EMA; realised vol 100% -> weight 0.25,0.408
1790119187,champion,LTC,63.61,0.25,0.1005,0.1281,hold,hold: weight change -0.028 below threshold 0.05 | stay long: 72h return +9.22% vs exit band -1.0% and price above 24h EMA; realised vol 70% -> weight 0.25,1.572
1790123229,champion,BTC,86510.35,0.25,0.1005,0.1244,hold,hold: weight change -0.024 below threshold 0.05 | stay long: 72h return +6.12% vs exit band -1.0% and price above 24h EMA; realised vol 38% -> weight 0.25,0.006
1790123229,champion,ETH,2759.195,0.25,0.1005,0.1229,hold,hold: weight change -0.022 below threshold 0.05 | stay long: 72h return +4.62% vs exit band -1.0% and price above 24h EMA; realised vol 42% -> weight 0.25,0.018
1790123229,champion,SOL,119.015,0.25,0.1005,0.1015,hold,hold: weight change -0.001 below threshold 0.05 | stay long: 72h return +6.76% vs exit band -1.0% and price above 24h EMA; realised vol 57% -> weight 0.25,0.42
1790123229,champion,ADA,0.256125,0.25,0.1005,0.132,hold,hold: weight change -0.032 below threshold 0.05 | stay long: 72h return +11.49% vs exit band -1.0% and price above 24h EMA; realised vol 83% -> weight 0.25,0.898
1790123229,champion,AVAX,11.2715,0.2386,0.0959,0.0,none,no fill possible (no cash or no position) | enter long: 72h return +12.13% vs entry band +1.0% and price above 24h EMA; realised vol 126% -> weight 0.24,1.331
1790123229,champion,LINK,13.092975,0.25,0.1005,0.1235,hold,hold: weight change -0.023 below threshold 0.05 | stay long: 72h return +4.91% vs exit band -1.0% and price above 24h EMA; realised vol 65% -> weight 0.25,1.745
1790123229,champion,XRP,1.58788,0.25,0.1005,0.1323,hold,hold: weight change -0.032 below threshold 0.05 | stay long: 72h return +11.50% vs exit band -1.0% and price above 24h EMA; realised vol 70% -> weight 0.25,0.063
1790123229,champion,DOGE,0.100916,0.25,0.1005,0.1098,hold,hold: weight change -0.009 below threshold 0.05 | stay long: 72h return +14.51% vs exit band -1.0% and price above 24h EMA; realised vol 73% -> weight 0.25,3.488
1790123229,champion,DOT,1.21315,0.25,0.1005,0.0264,none,no fill possible (no cash or no position) | stay long: 72h return +8.35% vs exit band -1.0% and price above 24h EMA; realised vol 100% -> weight 0.25,4.534
1790123229,champion,LTC,63.05,0.25,0.1005,0.1272,hold,hold: weight change -0.027 below threshold 0.05 | stay long: 72h return +8.10% vs exit band -1.0% and price above 24h EMA; realised vol 70% -> weight 0.25,1.586
1790126449,champion,BTC,86695.55,0.25,0.1005,0.1243,hold,hold: weight change -0.024 below threshold 0.05 | stay long: 72h return +6.38% vs exit band -1.0% and price above 24h EMA; realised vol 38% -> weight 0.25,0.006
1790126449,champion,ETH,2770.175,0.25,0.1005,0.1231,hold,hold: weight change -0.023 below threshold 0.05 | stay long: 72h return +5.06% vs exit band -1.0% and price above 24h EMA; realised vol 42% -> weight 0.25,0.018
1790126449,champion,SOL,119.075,0.25,0.1005,0.1013,hold,hold: weight change -0.001 below threshold 0.05 | stay long: 72h return +7.10% vs exit band -1.0% and price above 24h EMA; realised vol 57% -> weight 0.25,0.42
1790126449,champion,ADA,0.255958,0.25,0.1005,0.1316,hold,hold: weight change -0.031 below threshold 0.05 | stay long: 72h return +11.20% vs exit band -1.0% and price above 24h EMA; realised vol 83% -> weight 0.25,1.739
1790126449,champion,AVAX,11.1215,0.237,0.0953,0.0,none,no fill possible (no cash or no position) | enter long: 72h return +7.69% vs entry band +1.0% and price above 24h EMA; realised vol 127% -> weight 0.24,2.248
1790126449,champion,LINK,13.107425,0.25,0.1005,0.1233,hold,hold: weight change -0.023 below threshold 0.05 | stay long: 72h return +4.97% vs exit band -1.0% and price above 24h EMA; realised vol 65% -> weight 0.25,1.186
1790126449,champion,XRP,1.597675,0.25,0.1005,0.1328,hold,hold: weight change -0.032 below threshold 0.05 | stay long: 72h return +12.78% vs exit band -1.0% and price above 24h EMA; realised vol 70% -> weight 0.25,1.283
1790126449,champion,DOGE,0.101965,0.25,0.1005,0.1107,hold,hold: weight change -0.010 below threshold 0.05 | stay long: 72h return +15.03% vs exit band -1.0% and price above 24h EMA; realised vol 73% -> weight 0.25,2.859
1790126449,champion,DOT,1.2101,0.25,0.1005,0.0262,none,no fill possible (no cash or no position) | stay long: 72h return +6.72% vs exit band -1.0% and price above 24h EMA; realised vol 101% -> weight 0.25,3.306
1790126449,champion,LTC,62.965,0.25,0.1005,0.1267,hold,hold: weight change -0.026 below threshold 0.05 | stay long: 72h return +8.08% vs exit band -1.0% and price above 24h EMA; realised vol 70% -> weight 0.25,0.794
1790130137,champion,BTC,86576.85,0.25,0.1111,0.1247,hold,hold: weight change -0.014 below threshold 0.05 | stay long: 72h return +6.52% vs exit band -1.0% and price above 24h EMA; realised vol 38% -> weight 0.25,0.006
1790130137,champion,ETH,2759.405,0.25,0.1111,0.1231,hold,hold: weight change -0.012 below threshold 0.05 | stay long: 72h return +5.18% vs exit band -1.0% and price above 24h EMA; realised vol 42% -> weight 0.25,0.308
1790130137,champion,SOL,118.38,0.25,0.1111,0.1011,hold,hold: weight change +0.010 below threshold 0.05 | stay long: 72h return +7.43% vs exit band -1.0% and price above 24h EMA; realised vol 57% -> weight 0.25,0.845
1790130137,champion,ADA,0.255183,0.25,0.1111,0.1317,hold,hold: weight change -0.021 below threshold 0.05 | stay long: 72h return +11.45% vs exit band -1.0% and price above 24h EMA; realised vol 83% -> weight 0.25,1.019
1790130137,champion,AVAX,11.145,0.0,0.0,0.0,hold,hold: weight change +0.000 below threshold 0.05 | flat: price below 24h EMA,1.795
1790130137,champion,LINK,13.04912,0.25,0.1111,0.1233,hold,hold: weight change -0.012 below threshold 0.05 | stay long: 72h return +5.35% vs exit band -1.0% and price within 2.0% of 24h EMA; realised vol 65% -> weight 0.25,2.192
1790130137,champion,XRP,1.588575,0.25,0.1111,0.1326,hold,hold: weight change -0.021 below threshold 0.05 | stay long: 72h return +13.35% vs exit band -1.0% and price above 24h EMA; realised vol 70% -> weight 0.25,0.535
1790130137,champion,DOGE,0.101563,0.25,0.1111,0.1107,hold,hold: weight change +0.000 below threshold 0.05 | stay long: 72h return +16.40% vs exit band -1.0% and price above 24h EMA; realised vol 73% -> weight 0.25,0.005
1790130137,champion,DOT,1.2003,0.25,0.1111,0.0261,none,no fill possible (no cash or no position) | stay long: 72h return +7.09% vs exit band -1.0% and price above 24h EMA; realised vol 101% -> weight 0.25,2.499
1790130137,champion,LTC,62.665,0.25,0.1111,0.1266,hold,hold: weight change -0.015 below threshold 0.05 | stay long: 72h return +8.01% vs exit band -1.0% and price above 24h EMA; realised vol 69% -> weight 0.25,2.394
1790133766,champion,BTC,86663.05,0.25,0.1006,0.1239,hold,hold: weight change -0.023 below threshold 0.05 | stay long: 72h return +7.77% vs exit band -1.0% and price above 24h EMA; realised vol 38% -> weight 0.25,0.006
1790133766,champion,ETH,2768.985,0.25,0.1006,0.1226,hold,hold: weight change -0.022 below threshold 0.05 | stay long: 72h return +7.33% vs exit band -1.0% and price above 24h EMA; realised vol 42% -> weight 0.25,0.018
1790133766,champion,SOL,119.055,0.25,0.1006,0.101,hold,hold: weight change -0.000 below threshold 0.05 | stay long: 72h return +10.06% vs exit band -1.0% and price above 24h EMA; realised vol 57% -> weight 0.25,0.42
1790133766,champion,ADA,0.256377,0.25,0.1006,0.1314,hold,hold: weight change -0.031 below threshold 0.05 | stay long: 72h return +16.76% vs exit band -1.0% and price above 24h EMA; realised vol 83% -> weight 0.25,0.858
1790133766,champion,AVAX,11.2935,0.236,0.0949,0.0,none,no fill possible (no cash or no position) | enter long: 72h return +18.33% vs entry band +1.0% and price above 24h EMA; realised vol 127% -> weight 0.24,0.443
1790133766,champion,LINK,13.145945,0.25,0.1006,0.1233,hold,hold: weight change -0.023 below threshold 0.05 | stay long: 72h return +9.22% vs exit band -1.0% and price above 24h EMA; realised vol 65% -> weight 0.25,0.004
1790133766,champion,XRP,1.600755,0.25,0.1006,0.1326,hold,hold: weight change -0.032 below threshold 0.05 | stay long: 72h return +16.71% vs exit band -1.0% and price above 24h EMA; realised vol 70% -> weight 0.25,1.218
1790133766,champion,DOGE,0.103287,0.25,0.1006,0.1118,hold,hold: weight change -0.011 below threshold 0.05 | stay long: 72h return +21.12% vs exit band -1.0% and price above 24h EMA; realised vol 74% -> weight 0.25,0.91
1790133766,champion,DOT,1.21515,0.25,0.1006,0.0262,none,no fill possible (no cash or no position) | stay long: 72h return +12.40% vs exit band -1.0% and price above 24h EMA; realised vol 101% -> weight 0.25,2.057
1790133766,champion,LTC,63.405,0.25,0.1006,0.1271,hold,hold: weight change -0.027 below threshold 0.05 | stay long: 72h return +11.17% vs exit band -1.0% and price above 24h EMA; realised vol 70% -> weight 0.25,0.789
1790137391,champion,BTC,86985.45,0.25,0.1006,0.1232,hold,hold: weight change -0.023 below threshold 0.05 | stay long: 72h return +7.75% vs exit band -1.0% and price above 24h EMA; realised vol 38% -> weight 0.25,0.006
1790137391,champion,ETH,2780.815,0.25,0.1006,0.1221,hold,hold: weight change -0.021 below threshold 0.05 | stay long: 72h return +7.21% vs exit band -1.0% and price above 24h EMA; realised vol 42% -> weight 0.25,0.018
1790137391,champion,SOL,119.48,0.25,0.1006,0.1004,hold,hold: weight change +0.000 below threshold 0.05 | stay long: 72h return +9.39% vs exit band -1.0% and price above 24h EMA; realised vol 57% -> weight 0.25,0.837
1790137391,champion,ADA,0.260495,0.25,0.1006,0.1323,hold,hold: weight change -0.032 below threshold 0.05 | stay long: 72h return +16.97% vs exit band -1.0% and price above 24h EMA; realised vol 83% -> weight 0.25,1.996
1790137391,champion,AVAX,11.216,0.2359,0.0949,0.0,none,no fill possible (no cash or no position) | enter long: 72h return +17.52% vs entry band +1.0% and price above 24h EMA; realised vol 127% -> weight 0.24,1.783
1790137391,champion,LINK,13.158415,0.25,0.1006,0.1223,hold,hold: weight change -0.022 below threshold 0.05 | stay long: 72h return +8.89% vs exit band -1.0% and price above 24h EMA; realised vol 65% -> weight 0.25,0.004
1790137391,champion,XRP,1.65176,0.25,0.1006,0.1356,hold,hold: weight change -0.035 below threshold 0.05 | stay long: 72h return +17.08% vs exit band -1.0% and price above 24h EMA; realised vol 70% -> weight 0.25,0.848
1790137391,champion,DOGE,0.103981,0.25,0.1006,0.1115,hold,hold: weight change -0.011 below threshold 0.05 | stay long: 72h return +21.16% vs exit band -1.0% and price above 24h EMA; realised vol 74% -> weight 0.25,0.615
1790137391,champion,DOT,1.20435,0.25,0.1006,0.0258,none,no fill possible (no cash or no position) | stay long: 72h return +11.24% vs exit band -1.0% and price above 24h EMA; realised vol 101% -> weight 0.25,2.906
1790137391,champion,LTC,63.74,0.25,0.1006,0.1267,hold,hold: weight change -0.026 below threshold 0.05 | stay long: 72h return +11.04% vs exit band -1.0% and price above 24h EMA; realised vol 70% -> weight 0.25,1.569
1790140886,champion,BTC,86875.65,0.25,0.1006,0.1241,hold,hold: weight change -0.023 below threshold 0.05 | stay long: 72h return +8.40% vs exit band -1.0% and price above 24h EMA; realised vol 38% -> weight 0.25,0.006
1790140886,champion,ETH,2768.845,0.25,0.1006,0.1225,hold,hold: weight change -0.022 below threshold 0.05 | stay long: 72h return +7.78% vs exit band -1.0% and price above 24h EMA; realised vol 42% -> weight 0.25,0.018
1790140886,champion,SOL,119.135,0.25,0.1006,0.1009,hold,hold: weight change -0.000 below threshold 0.05 | stay long: 72h return +9.65% vs exit band -1.0% and price above 24h EMA; realised vol 57% -> weight 0.25,0.42
1790140886,champion,ADA,0.257718,0.25,0.1006,0.1319,hold,hold: weight change -0.031 below threshold 0.05 | stay long: 72h return +17.42% vs exit band -1.0% and price above 24h EMA; realised vol 83% -> weight 0.25,1.164
1790140886,champion,AVAX,11.2275,0.2354,0.0947,0.0,none,no fill possible (no cash or no position) | enter long: 72h return +15.79% vs entry band +1.0% and price above 24h EMA; realised vol 127% -> weight 0.24,2.227
1790140886,champion,LINK,13.062825,0.25,0.1006,0.1224,hold,hold: weight change -0.022 below threshold 0.05 | stay long: 72h return +8.97% vs exit band -1.0% and price above 24h EMA; realised vol 65% -> weight 0.25,1.703
1790140886,champion,XRP,1.618615,0.25,0.1006,0.1339,hold,hold: weight change -0.033 below threshold 0.05 | stay long: 72h return +18.66% vs exit band -1.0% and price above 24h EMA; realised vol 70% -> weight 0.25,0.34
1790140886,champion,DOGE,0.102273,0.25,0.1006,0.1106,hold,hold: weight change -0.010 below threshold 0.05 | stay long: 72h return +21.17% vs exit band -1.0% and price above 24h EMA; realised vol 74% -> weight 0.25,1.677
1790140886,champion,DOT,1.19455,0.25,0.1006,0.0258,none,no fill possible (no cash or no position) | stay long: 72h return +10.28% vs exit band -1.0% and price above 24h EMA; realised vol 101% -> weight 0.25,5.441
1790140886,champion,LTC,63.895,0.25,0.1006,0.128,hold,hold: weight change -0.027 below threshold 0.05 | stay long: 72h return +12.57% vs exit band -1.0% and price above 24h EMA; realised vol 70% -> weight 0.25,2.348
1790144869,champion,BTC,86450.15,0.25,0.1006,0.1237,hold,hold: weight change -0.023 below threshold 0.05 | stay long: 72h return +7.49% vs exit band -1.0% and price above 24h EMA; realised vol 38% -> weight 0.25,0.006
1790144869,champion,ETH,2756.715,0.25,0.1006,0.1222,hold,hold: weight change -0.022 below threshold 0.05 | stay long: 72h return +6.98% vs exit band -1.0% and price above 24h EMA; realised vol 42% -> weight 0.25,0.018
1790144869,champion,SOL,118.74,0.25,0.1006,0.1008,hold,hold: weight change -0.000 below threshold 0.05 | stay long: 72h return +8.91% vs exit band -1.0% and price above 24h EMA; realised vol 57% -> weight 0.25,0.842
1790144869,champion,ADA,0.258012,0.25,0.1006,0.1324,hold,hold: weight change -0.032 below threshold 0.05 | stay long: 72h return +15.73% vs exit band -1.0% and price above 24h EMA; realised vol 84% -> weight 0.25,0.62
1790144869,champion,AVAX,11.195,0.2354,0.0947,0.0,none,no fill possible (no cash or no position) | enter long: 72h return +16.46% vs entry band +1.0% and price above 24h EMA; realised vol 127% -> weight 0.24,1.787
1790144869,champion,LINK,13.03698,0.25,0.1006,0.1224,hold,hold: weight change -0.022 below threshold 0.05 | stay long: 72h return +8.02% vs exit band -1.0% and price within 2.0% of 24h EMA; realised vol 66% -> weight 0.25,0.437
1790144869,champion,XRP,1.61793,0.25,0.1006,0.1342,hold,hold: weight change -0.034 below threshold 0.05 | stay long: 72h return +16.40% vs exit band -1.0% and price above 24h EMA; realised vol 72% -> weight 0.25,0.433
1790144869,champion,DOGE,0.101651,0.25,0.1006,0.1101,hold,hold: weight change -0.010 below threshold 0.05 | stay long: 72h return +18.75% vs exit band -1.0% and price above 24h EMA; realised vol 75% -> weight 0.25,0.226
1790144869,champion,DOT,1.18915,0.25,0.1006,0.0257,none,no fill possible (no cash or no position) | stay long: 72h return +9.12% vs exit band -1.0% and price within 2.0% of 24h EMA; realised vol 102% -> weight 0.25,2.102
1790144869,champion,LTC,63.94,0.25,0.1006,0.1284,hold,hold: weight change -0.028 below threshold 0.05 | stay long: 72h return +11.67% vs exit band -1.0% and price above 24h EMA; realised vol 70% -> weight 0.25,1.564
1790148191,champion,BTC,86362.75,0.25,0.1006,0.1236,hold,hold: weight change -0.023 below threshold 0.05 | stay long: 72h return +7.69% vs exit band -1.0% and price above 24h EMA; realised vol 38% -> weight 0.25,0.006
1790148191,champion,ETH,2749.455,0.25,0.1006,0.1219,hold,hold: weight change -0.021 below threshold 0.05 | stay long: 72h return +7.02% vs exit band -1.0% and price above 24h EMA; realised vol 42% -> weight 0.25,0.018
1790148191,champion,SOL,118.825,0.25,0.1006,0.1009,hold,hold: weight change -0.000 below threshold 0.05 | stay long: 72h return +9.69% vs exit band -1.0% and price above 24h EMA; realised vol 58% -> weight 0.25,0.421
1790148191,champion,ADA,0.257891,0.25,0.1006,0.1323,hold,hold: weight change -0.032 below threshold 0.05 | stay long: 72h return +17.69% vs exit band -1.0% and price above 24h EMA; realised vol 85% -> weight 0.25,2.966
1790148191,champion,AVAX,11.16,0.2354,0.0947,0.0,none,no fill possible (no cash or no position) | enter long: 72h return +14.51% vs entry band +1.0% and price above 24h EMA; realised vol 127% -> weight 0.24,1.792
1790148191,champion,LINK,13.02193,0.25,0.1006,0.1223,hold,hold: weight change -0.022 below threshold 0.05 | stay long: 72h return +9.09% vs exit band -1.0% and price above 24h EMA; realised vol 65% -> weight 0.25,1.375
1790148191,champion,XRP,1.6218,0.25,0.1006,0.1345,hold,hold: weight change -0.034 below threshold 0.05 | stay long: 72h return +17.81% vs exit band -1.0% and price above 24h EMA; realised vol 72% -> weight 0.25,0.802
1790148191,champion,DOGE,0.10179,0.25,0.1006,0.1103,hold,hold: weight change -0.010 below threshold 0.05 | stay long: 72h return +20.17% vs exit band -1.0% and price above 24h EMA; realised vol 76% -> weight 0.25,2.412
1790148191,champion,DOT,1.1803,0.25,0.1006,0.0255,none,no fill possible (no cash or no position) | stay long: 72h return +9.63% vs exit band -1.0% and price within 2.0% of 24h EMA; realised vol 101% -> weight 0.25,2.542
1790148191,champion,LTC,64.08,0.25,0.1006,0.1287,hold,hold: weight change -0.028 below threshold 0.05 | stay long: 72h return +13.35% vs exit band -1.0% and price above 24h EMA; realised vol 70% -> weight 0.25,1.561
1790151827,champion,BTC,86218.15,0.25,0.1006,0.124,hold,hold: weight change -0.023 below threshold 0.05 | stay long: 72h return +7.27% vs exit band -1.0% and price within 2.0% of 24h EMA; realised vol 38% -> weight 0.25,0.006
1790151827,champion,ETH,2747.225,0.25,0.1006,0.1224,hold,hold: weight change -0.022 below threshold 0.05 | stay long: 72h return +6.47% vs exit band -1.0% and price within 2.0% of 24h EMA; realised vol 42% -> weight 0.25,0.018
1790151827,champion,SOL,118.095,0.25,0.1006,0.1007,hold,hold: weight change -0.000 below threshold 0.05 | stay long: 72h return +8.73% vs exit band -1.0% and price within 2.0% of 24h EMA; realised vol 58% -> weight 0.25,0.423
1790151827,champion,ADA,0.256138,0.25,0.1006,0.132,hold,hold: weight change -0.031 below threshold 0.05 | stay long: 72h return +16.86% vs exit band -1.0% and price above 24h EMA; realised vol 85% -> weight 0.25,1.152
1790151827,champion,AVAX,11.1235,0.2361,0.095,0.0,none,no fill possible (no cash or no position) | enter long: 72h return +16.08% vs entry band +1.0% and price above 24h EMA; realised vol 127% -> weight 0.24,1.348
1790151827,champion,LINK,12.994395,0.25,0.1006,0.1226,hold,hold: weight change -0.022 below threshold 0.05 | stay long: 72h return +8.00% vs exit band -1.0% and price within 2.0% of 24h EMA; realised vol 66% -> weight 0.25,0.004
1790151827,champion,XRP,1.61439,0.25,0.1006,0.1345,hold,hold: weight change -0.034 below threshold 0.05 | stay long: 72h return +17.25% vs exit band -1.0% and price above 24h EMA; realised vol 72% -> weight 0.25,0.557
1790151827,champion,DOGE,0.101345,0.25,0.1006,0.1103,hold,hold: weight change -0.010 below threshold 0.05 | stay long: 72h return +18.87% vs exit band -1.0% and price above 24h EMA; realised vol 76% -> weight 0.25,1.095
1790151827,champion,DOT,1.17655,0.25,0.1006,0.0256,none,no fill possible (no cash or no position) | stay long: 72h return +8.27% vs exit band -1.0% and price within 2.0% of 24h EMA; realised vol 102% -> weight 0.25,1.275
1790151827,champion,LTC,63.395,0.25,0.1006,0.1279,hold,hold: weight change -0.027 below threshold 0.05 | stay long: 72h return +11.44% vs exit band -1.0% and price above 24h EMA; realised vol 72% -> weight 0.25,0.789
1790155367,champion,BTC,85958.25,0.25,0.1111,0.1243,hold,hold: weight change -0.013 below threshold 0.05 | stay long: 72h return +7.06% vs exit band -1.0% and price within 2.0% of 24h EMA; realised vol 38% -> weight 0.25,0.006
1790155367,champion,ETH,2741.005,0.25,0.1111,0.1228,hold,hold: weight change -0.012 below threshold 0.05 | stay long: 72h return +6.23% vs exit band -1.0% and price within 2.0% of 24h EMA; realised vol 42% -> weight 0.25,0.018
1790155367,champion,SOL,117.645,0.25,0.1111,0.1009,hold,hold: weight change +0.010 below threshold 0.05 | stay long: 72h return +8.66% vs exit band -1.0% and price within 2.0% of 24h EMA; realised vol 58% -> weight 0.25,0.425
1790155367,champion,ADA,0.254426,0.25,0.1111,0.1319,hold,hold: weight change -0.021 below threshold 0.05 | stay long: 72h return +15.49% vs exit band -1.0% and price above 24h EMA; realised vol 85% -> weight 0.25,0.943
1790155367,champion,AVAX,11.1045,0.0,0.0,0.0,hold,hold: weight change +0.000 below threshold 0.05 | flat: price below 24h EMA,1.351
1790155367,champion,LINK,12.953725,0.25,0.1111,0.1229,hold,hold: weight change -0.012 below threshold 0.05 | stay long: 72h return +7.80% vs exit band -1.0% and price within 2.0% of 24h EMA; realised vol 66% -> weight 0.25,2.15
1790155367,champion,XRP,1.602,0.25,0.1111,0.1342,hold,hold: weight change -0.023 below threshold 0.05 | stay long: 72h return +16.01% vs exit band -1.0% and price above 24h EMA; realised vol 73% -> weight 0.25,0.187
1790155367,champion,DOGE,0.1001,0.25,0.1111,0.1096,hold,hold: weight change +0.002 below threshold 0.05 | stay long: 72h return +17.66% vs exit band -1.0% and price within 2.0% of 24h EMA; realised vol 77% -> weight 0.25,0.005
1790155367,champion,DOT,1.16965,0.25,0.1111,0.0256,none,no fill possible (no cash or no position) | stay long: 72h return +7.00% vs exit band -1.0% and price within 2.0% of 24h EMA; realised vol 102% -> weight 0.25,0.427
1790155367,champion,LTC,63.045,0.25,0.1111,0.1279,hold,hold: weight change -0.017 below threshold 0.05 | stay long: 72h return +10.52% vs exit band -1.0% and price above 24h EMA; realised vol 72% -> weight 0.25,2.379
1790158964,champion,BTC,85739.55,0.25,0.1006,0.1248,hold,hold: weight change -0.024 below threshold 0.05 | stay long: 72h return +6.72% vs exit band -1.0% and price within 2.0% of 24h EMA; realised vol 38% -> weight 0.25,0.006
1790158964,champion,ETH,2729.275,0.25,0.1006,0.123,hold,hold: weight change -0.022 below threshold 0.05 | stay long: 72h return +5.98% vs exit band -1.0% and price within 2.0% of 24h EMA; realised vol 42% -> weight 0.25,0.018
1790158964,champion,SOL,117.285,0.25,0.1006,0.1012,hold,hold: weight change -0.001 below threshold 0.05 | stay long: 72h return +8.40% vs exit band -1.0% and price within 2.0% of 24h EMA; realised vol 58% -> weight 0.25,0.426
1790158964,champion,ADA,0.252447,0.25,0.1006,0.1317,hold,hold: weight change -0.031 below threshold 0.05 | stay long: 72h return +15.16% vs exit band -1.0% and price above 24h EMA; realised vol 85% -> weight 0.25,1.505
1790158964,champion,AVAX,11.092,0.2358,0.0949,0.0,none,no fill possible (no cash or no position) | enter long: 72h return +13.26% vs entry band +1.0% and price above 24h EMA; realised vol 127% -> weight 0.24,0.902
1790158964,champion,LINK,12.83909,0.25,0.1006,0.1226,hold,hold: weight change -0.022 below threshold 0.05 | stay long: 72h return +7.45% vs exit band -1.0% and price within 2.0% of 24h EMA; realised vol 66% -> weight 0.25,2.048
1790158964,champion,XRP,1.586895,0.25,0.1006,0.1338,hold,hold: weight change -0.033 below threshold 0.05 | stay long: 72h return +15.30% vs exit band -1.0% and price above 24h EMA; realised vol 73% -> weight 0.25,0.032
1790158964,champion,DOGE,0.099571,0.25,0.1006,0.1097,hold,hold: weight change -0.009 below threshold 0.05 | stay long: 72h return +17.59% vs exit band -1.0% and price within 2.0% of 24h EMA; realised vol 77% -> weight 0.25,0.397
1790158964,champion,DOT,1.15925,0.25,0.1006,0.0255,none,no fill possible (no cash or no position) | stay long: 72h return +5.80% vs exit band -1.0% and price within 2.0% of 24h EMA; realised vol 102% -> weight 0.25,3.019
1790158964,champion,LTC,62.575,0.25,0.1006,0.1277,hold,hold: weight change -0.027 below threshold 0.05 | stay long: 72h return +10.13% vs exit band -1.0% and price above 24h EMA; realised vol 72% -> weight 0.25,0.799
1790162534,champion,BTC,85578.75,0.25,0.1006,0.125,hold,hold: weight change -0.024 below threshold 0.05 | stay long: 72h return +7.00% vs exit band -1.0% and price within 2.0% of 24h EMA; realised vol 38% -> weight 0.25,0.006
1790162534,champion,ETH,2723.265,0.25,0.1006,0.1232,hold,hold: weight change -0.023 below threshold 0.05 | stay long: 72h return +6.49% vs exit band -1.0% and price within 2.0% of 24h EMA; realised vol 42% -> weight 0.25,0.018
1790162534,champion,SOL,116.77,0.25,0.1006,0.1012,hold,hold: weight change -0.001 below threshold 0.05 | stay long: 72h return +8.91% vs exit band -1.0% and price within 2.0% of 24h EMA; realised vol 58% -> weight 0.25,0.856
1790162534,champion,ADA,0.250858,0.25,0.1006,0.1314,hold,hold: weight change -0.031 below threshold 0.05 | stay long: 72h return +15.97% vs exit band -1.0% and price above 24h EMA; realised vol 85% -> weight 0.25,2.472
1790162534,champion,AVAX,11.082,0.2357,0.0948,0.0,none,no fill possible (no cash or no position) | enter long: 72h return +14.70% vs entry band +1.0% and price above 24h EMA; realised vol 127% -> weight 0.24,3.609
1790162534,champion,LINK,12.77494,0.25,0.1006,0.1224,hold,hold: weight change -0.022 below threshold 0.05 | stay long: 72h return +7.82% vs exit band -1.0% and price within 2.0% of 24h EMA; realised vol 66% -> weight 0.25,2.035
1790162534,champion,XRP,1.583715,0.25,0.1006,0.1341,hold,hold: weight change -0.033 below threshold 0.05 | stay long: 72h return +15.87% vs exit band -1.0% and price above 24h EMA; realised vol 72% -> weight 0.25,1.231
1790162534,champion,DOGE,0.099218,0.25,0.1006,0.1097,hold,hold: weight change -0.009 below threshold 0.05 | stay long: 72h return +18.14% vs exit band -1.0% and price within 2.0% of 24h EMA; realised vol 77% -> weight 0.25,0.494
1790162534,champion,DOT,1.1567,0.25,0.1006,0.0255,none,no fill possible (no cash or no position) | stay long: 72h return +6.88% vs exit band -1.0% and price within 2.0% of 24h EMA; realised vol 102% -> weight 0.25,3.458
1790162534,champion,LTC,62.24,0.25,0.1006,0.1275,hold,hold: weight change -0.027 below threshold 0.05 | stay long: 72h return +10.62% vs exit band -1.0% and price above 24h EMA; realised vol 72% -> weight 0.25,1.607
1790166441,champion,BTC,85425.85,0.25,0.125,0.1251,hold,hold: weight change -0.000 below threshold 0.05 | stay long: 72h return +6.43% vs exit band -1.0% and price within 2.0% of 24h EMA; realised vol 38% -> weight 0.25,0.006
1790166441,champion,ETH,2722.075,0.25,0.125,0.1235,hold,hold: weight change +0.001 below threshold 0.05 | stay long: 72h return +5.78% vs exit band -1.0% and price within 2.0% of 24h EMA; realised vol 42% -> weight 0.25,0.018
1790166441,champion,SOL,116.935,0.25,0.125,0.1016,hold,hold: weight change +0.023 below threshold 0.05 | stay long: 72h return +7.94% vs exit band -1.0% and price within 2.0% of 24h EMA; realised vol 58% -> weight 0.25,0.428
1790166441,champion,ADA,0.249933,0.25,0.125,0.1312,hold,hold: weight change -0.006 below threshold 0.05 | stay long: 72h return +13.38% vs exit band -1.0% and price within 2.0% of 24h EMA; realised vol 86% -> weight 0.25,2.681
1790166441,champion,AVAX,10.783,0.0,0.0,0.0,hold,hold: weight change +0.000 below threshold 0.05 | flat: price below 24h EMA,4.637
1790166441,champion,LINK,12.735355,0.25,0.125,0.1224,hold,hold: weight change +0.003 below threshold 0.05 | stay long: 72h return +5.81% vs exit band -1.0% and price within 2.0% of 24h EMA; realised vol 66% -> weight 0.25,0.522
1790166441,champion,XRP,1.566495,0.25,0.125,0.133,hold,hold: weight change -0.008 below threshold 0.05 | stay long: 72h return +14.01% vs exit band -1.0% and price within 2.0% of 24h EMA; realised vol 73% -> weight 0.25,1.181
1790166441,champion,DOGE,0.099375,0.25,0.125,0.1102,hold,hold: weight change +0.015 below threshold 0.05 | stay long: 72h return +16.70% vs exit band -1.0% and price within 2.0% of 24h EMA; realised vol 77% -> weight 0.25,1.228
1790166441,champion,DOT,1.15525,0.0,0.0,0.0256,sell,exit: price more than 2.0% below 24h EMA,2.164
1790166441,champion,LTC,62.05,0.25,0.125,0.1275,hold,hold: weight change -0.002 below threshold 0.05 | stay long: 72h return +9.21% vs exit band -1.0% and price within 2.0% of 24h EMA; realised vol 72% -> weight 0.25,1.612
1790169848,champion,BTC,85481.05,0.25,0.125,0.1254,hold,hold: weight change -0.000 below threshold 0.05 | stay long: 72h return +6.23% vs exit band -1.0% and price within 2.0% of 24h EMA; realised vol 38% -> weight 0.25,0.006
1790169848,champion,ETH,2714.525,0.25,0.125,0.1234,hold,hold: weight change +0.002 below threshold 0.05 | stay long: 72h return +5.49% vs exit band -1.0% and price within 2.0% of 24h EMA; realised vol 42% -> weight 0.25,0.387
1790169848,champion,SOL,116.625,0.25,0.125,0.1015,hold,hold: weight change +0.023 below threshold 0.05 | stay long: 72h return +7.85% vs exit band -1.0% and price within 2.0% of 24h EMA; realised vol 58% -> weight 0.25,0.429
1790169848,champion,ADA,0.248541,0.25,0.125,0.1307,hold,hold: weight change -0.006 below threshold 0.05 | stay long: 72h return +12.59% vs exit band -1.0% and price within 2.0% of 24h EMA; realised vol 85% -> weight 0.25,0.744
1790169848,champion,AVAX,10.6495,0.0,0.0,0.0,hold,hold: weight change +0.000 below threshold 0.05 | flat: price below 24h EMA,2.348
1790169848,champion,LINK,12.685475,0.25,0.125,0.1221,hold,hold: weight change +0.003 below threshold 0.05 | stay long: 72h return +5.22% vs exit band -1.0% and price within 2.0% of 24h EMA; realised vol 66% -> weight 0.25,0.501
1790169848,champion,XRP,1.568575,0.25,0.125,0.1334,hold,hold: weight change -0.008 below threshold 0.05 | stay long: 72h return +13.56% vs exit band -1.0% and price within 2.0% of 24h EMA; realised vol 73% -> weight 0.25,0.032
1790169848,champion,DOGE,0.099257,0.25,0.125,0.1103,hold,hold: weight change +0.015 below threshold 0.05 | stay long: 72h return +16.82% vs exit band -1.0% and price within 2.0% of 24h EMA; realised vol 76% -> weight 0.25,2.504
1790169848,champion,DOT,1.15105,0.0,0.0,0.0,hold,hold: weight change +0.000 below threshold 0.05 | flat: price below 24h EMA,2.172
1790169848,champion,LTC,61.985,0.25,0.125,0.1276,hold,hold: weight change -0.003 below threshold 0.05 | stay long: 72h return +8.89% vs exit band -1.0% and price within 2.0% of 24h EMA; realised vol 72% -> weight 0.25,0.807
1790173423,champion,BTC,84082.5,0.0,0.0,0.1274,sell,daily halt: equity 11482.46 is down 5.1% from the day's open 12104.09,2.331
1790173423,champion,ETH,2651.28,0.0,0.0,0.1245,sell,daily halt: equity 11482.46 is down 5.1% from the day's open 12104.09,0.566
1790173423,champion,SOL,113.435,0.0,0.0,0.102,sell,daily halt: equity 11482.46 is down 5.1% from the day's open 12104.09,0.441
1790173423,champion,ADA,0.237466,0.0,0.0,0.129,sell,daily halt: equity 11482.46 is down 5.1% from the day's open 12104.09,2.948
1790173423,champion,AVAX,10.3365,0.0,0.0,0.0,hold,hold: weight change +0.000 below threshold 0.05 | daily halt: equity 11482.46 is down 5.1% from the day's open 12104.09,2.419
1790173423,champion,LINK,12.244675,0.0,0.0,0.1218,sell,daily halt: equity 11482.46 is down 5.1% from the day's open 12104.09,3.524
1790173423,champion,XRP,1.519165,0.0,0.0,0.1334,sell,daily halt: equity 11482.46 is down 5.1% from the day's open 12104.09,1.876
1790173423,champion,DOGE,0.093889,0.0,0.0,0.1077,sell,daily halt: equity 11482.46 is down 5.1% from the day's open 12104.09,7.317
1790173423,champion,DOT,1.1065,0.0,0.0,0.0,hold,hold: weight change +0.000 below threshold 0.05 | daily halt: equity 11482.46 is down 5.1% from the day's open 12104.09,3.615
1790173423,champion,LTC,60.07,0.0,0.0,0.1277,sell,daily halt: equity 11482.46 is down 5.1% from the day's open 12104.09,1.665
1790176988,champion,BTC,84660.65,0.0,0.0,0.0,hold,hold: weight change +0.000 below threshold 0.05 | daily halt in force: flat for the rest of the UTC day,0.006
1790176988,champion,ETH,2683.075,0.0,0.0,0.0,hold,hold: weight change +0.000 below threshold 0.05 | daily halt in force: flat for the rest of the UTC day,0.019
1790176988,champion,SOL,115.65,0.0,0.0,0.0,hold,hold: weight change +0.000 below threshold 0.05 | daily halt in force: flat for the rest of the UTC day,0.865
1790176988,champion,ADA,0.2404,0.0,0.0,0.0,hold,hold: weight change +0.000 below threshold 0.05 | daily halt in force: flat for the rest of the UTC day,1.83
1790176988,champion,AVAX,10.4505,0.0,0.0,0.0,hold,hold: weight change +0.000 below threshold 0.05 | daily halt in force: flat for the rest of the UTC day,1.435
1790176988,champion,LINK,12.35257,0.0,0.0,0.0,hold,hold: weight change +0.000 below threshold 0.05 | daily halt in force: flat for the rest of the UTC day,2.955
1790176988,champion,XRP,1.53007,0.0,0.0,0.0,hold,hold: weight change +0.000 below threshold 0.05 | daily halt in force: flat for the rest of the UTC day,0.131
1790176988,champion,DOGE,0.09476,0.0,0.0,0.0,hold,hold: weight change +0.000 below threshold 0.05 | daily halt in force: flat for the rest of the UTC day,1.91
1790176988,champion,DOT,1.1159,0.0,0.0,0.0,hold,hold: weight change +0.000 below threshold 0.05 | daily halt in force: flat for the rest of the UTC day,2.688
1790176988,champion,LTC,60.795,0.0,0.0,0.0,hold,hold: weight change +0.000 below threshold 0.05 | daily halt in force: flat for the rest of the UTC day,2.467
1790180644,champion,BTC,84207.65,0.0,0.0,0.0,hold,hold: weight change +0.000 below threshold 0.05 | daily halt in force: flat for the rest of the UTC day,0.006
1790180644,champion,ETH,2661.685,0.0,0.0,0.0,hold,hold: weight change +0.000 below threshold 0.05 | daily halt in force: flat for the rest of the UTC day,0.432
1790180644,champion,SOL,114.775,0.0,0.0,0.0,hold,hold: weight change +0.000 below threshold 0.05 | daily halt in force: flat for the rest of the UTC day,0.436
1790180644,champion,ADA,0.238889,0.0,0.0,0.0,hold,hold: weight change +0.000 below threshold 0.05 | daily halt in force: flat for the rest of the UTC day,2.407
1790180644,champion,AVAX,10.317,0.0,0.0,0.0,hold,hold: weight change +0.000 below threshold 0.05 | daily halt in force: flat for the rest of the UTC day,0.969
1790180644,champion,LINK,12.24235,0.0,0.0,0.0,hold,hold: weight change +0.000 below threshold 0.05 | daily halt in force: flat for the rest of the UTC day,2.843
1790180644,champion,XRP,1.503145,0.0,0.0,0.0,hold,hold: weight change +0.000 below threshold 0.05 | daily halt in force: flat for the rest of the UTC day,0.033
1790180644,champion,DOGE,0.092609,0.0,0.0,0.0,hold,hold: weight change +0.000 below threshold 0.05 | daily halt in force: flat for the rest of the UTC day,3.396
1790180644,champion,DOT,1.1022,0.0,0.0,0.0,hold,hold: weight change +0.000 below threshold 0.05 | daily halt in force: flat for the rest of the UTC day,1.815
1790180644,champion,LTC,60.01,0.0,0.0,0.0,hold,hold: weight change +0.000 below threshold 0.05 | daily halt in force: flat for the rest of the UTC day,3.333
1790184136,champion,BTC,84050.45,0.0,0.0,0.0,hold,hold: weight change +0.000 below threshold 0.05 | daily halt in force: flat for the rest of the UTC day,0.006
1790184136,champion,ETH,2662.185,0.0,0.0,0.0,hold,hold: weight change +0.000 below threshold 0.05 | daily halt in force: flat for the rest of the UTC day,0.319
1790184136,champion,SOL,114.215,0.0,0.0,0.0,hold,hold: weight change +0.000 below threshold 0.05 | daily halt in force: flat for the rest of the UTC day,0.438
1790184136,champion,ADA,0.238796,0.0,0.0,0.0,hold,hold: weight change +0.000 below threshold 0.05 | daily halt in force: flat for the rest of the UTC day,0.921
1790184136,champion,AVAX,10.318,0.0,0.0,0.0,hold,hold: weight change +0.000 below threshold 0.05 | daily halt in force: flat for the rest of the UTC day,2.908
1790184136,champion,LINK,12.27835,0.0,0.0,0.0,hold,hold: weight change +0.000 below threshold 0.05 | daily halt in force: flat for the rest of the UTC day,1.995
1790184136,champion,XRP,1.50072,0.0,0.0,0.0,hold,hold: weight change +0.000 below threshold 0.05 | daily halt in force: flat for the rest of the UTC day,0.533
1790184136,champion,DOGE,0.092369,0.0,0.0,0.0,hold,hold: weight change +0.000 below threshold 0.05 | daily halt in force: flat for the rest of the UTC day,1.191
1790184136,champion,DOT,1.10025,0.0,0.0,0.0,hold,hold: weight change +0.000 below threshold 0.05 | daily halt in force: flat for the rest of the UTC day,3.181
1790184136,champion,LTC,60.435,0.0,0.0,0.0,hold,hold: weight change +0.000 below threshold 0.05 | daily halt in force: flat for the rest of the UTC day,0.827
1790187932,champion,BTC,84180.75,0.0,0.0,0.0,hold,hold: weight change +0.000 below threshold 0.05 | daily halt in force: flat for the rest of the UTC day,0.006
1790187932,champion,ETH,2661.365,0.0,0.0,0.0,hold,hold: weight change +0.000 below threshold 0.05 | daily halt in force: flat for the rest of the UTC day,0.019
1790187932,champion,SOL,114.165,0.0,0.0,0.0,hold,hold: weight change +0.000 below threshold 0.05 | daily halt in force: flat for the rest of the UTC day,0.438
1790187932,champion,ADA,0.237509,0.0,0.0,0.0,hold,hold: weight change +0.000 below threshold 0.05 | daily halt in force: flat for the rest of the UTC day,2.063
1790187932,champion,AVAX,10.2265,0.0,0.0,0.0,hold,hold: weight change +0.000 below threshold 0.05 | daily halt in force: flat for the rest of the UTC day,0.489
1790187932,champion,LINK,12.228945,0.0,0.0,0.0,hold,hold: weight change +0.000 below threshold 0.05 | daily halt in force: flat for the rest of the UTC day,0.053
1790187932,champion,XRP,1.48874,0.0,0.0,0.0,hold,hold: weight change +0.000 below threshold 0.05 | daily halt in force: flat for the rest of the UTC day,0.47
1790187932,champion,DOGE,0.091728,0.0,0.0,0.0,hold,hold: weight change +0.000 below threshold 0.05 | daily halt in force: flat for the rest of the UTC day,0.027
1790187932,champion,DOT,1.0926,0.0,0.0,0.0,hold,hold: weight change +0.000 below threshold 0.05 | daily halt in force: flat for the rest of the UTC day,2.746
1790187932,champion,LTC,60.48,0.0,0.0,0.0,hold,hold: weight change +0.000 below threshold 0.05 | daily halt in force: flat for the rest of the UTC day,1.653
1790191278,champion,BTC,84330.15,0.0,0.0,0.0,hold,hold: weight change +0.000 below threshold 0.05 | daily halt in force: flat for the rest of the UTC day,0.006
1790191278,champion,ETH,2669.195,0.0,0.0,0.0,hold,hold: weight change +0.000 below threshold 0.05 | daily halt in force: flat for the rest of the UTC day,0.019
1790191278,champion,SOL,114.275,0.0,0.0,0.0,hold,hold: weight change +0.000 below threshold 0.05 | daily halt in force: flat for the rest of the UTC day,0.438
1790191278,champion,ADA,0.237998,0.0,0.0,0.0,hold,hold: weight change +0.000 below threshold 0.05 | daily halt in force: flat for the rest of the UTC day,1.828
1790191278,champion,AVAX,10.2755,0.0,0.0,0.0,hold,hold: weight change +0.000 below threshold 0.05 | daily halt in force: flat for the rest of the UTC day,0.487
1790191278,champion,LINK,12.239535,0.0,0.0,0.0,hold,hold: weight change +0.000 below threshold 0.05 | daily halt in force: flat for the rest of the UTC day,2.12
1790191278,champion,XRP,1.493115,0.0,0.0,0.0,hold,hold: weight change +0.000 below threshold 0.05 | daily halt in force: flat for the rest of the UTC day,1.842
1790191278,champion,DOGE,0.092145,0.0,0.0,0.0,hold,hold: weight change +0.000 below threshold 0.05 | daily halt in force: flat for the rest of the UTC day,0.092
1790191278,champion,DOT,1.09535,0.0,0.0,0.0,hold,hold: weight change +0.000 below threshold 0.05 | daily halt in force: flat for the rest of the UTC day,2.282
1790191278,champion,LTC,60.835,0.0,0.0,0.0,hold,hold: weight change +0.000 below threshold 0.05 | daily halt in force: flat for the rest of the UTC day,2.466
1790194965,champion,BTC,84356.25,0.0,0.0,0.0,hold,hold: weight change +0.000 below threshold 0.05 | daily halt in force: flat for the rest of the UTC day,0.006
1790194965,champion,ETH,2673.895,0.0,0.0,0.0,hold,hold: weight change +0.000 below threshold 0.05 | daily halt in force: flat for the rest of the UTC day,0.019
1790194965,champion,SOL,114.335,0.0,0.0,0.0,hold,hold: weight change +0.000 below threshold 0.05 | daily halt in force: flat for the rest of the UTC day,0.437
1790194965,champion,ADA,0.237892,0.0,0.0,0.0,hold,hold: weight change +0.000 below threshold 0.05 | daily halt in force: flat for the rest of the UTC day,0.883
1790194965,champion,AVAX,10.3345,0.0,0.0,0.0,hold,hold: weight change +0.000 below threshold 0.05 | daily halt in force: flat for the rest of the UTC day,0.484
1790194965,champion,LINK,12.266915,0.0,0.0,0.0,hold,hold: weight change +0.000 below threshold 0.05 | daily halt in force: flat for the rest of the UTC day,0.24
1790194965,champion,XRP,1.49023,0.0,0.0,0.0,hold,hold: weight change +0.000 below threshold 0.05 | daily halt in force: flat for the rest of the UTC day,0.268
1790194965,champion,DOGE,0.092227,0.0,0.0,0.0,hold,hold: weight change +0.000 below threshold 0.05 | daily halt in force: flat for the rest of the UTC day,0.049
1790194965,champion,DOT,1.0979,0.0,0.0,0.0,hold,hold: weight change +0.000 below threshold 0.05 | daily halt in force: flat for the rest of the UTC day,2.732
1790194965,champion,LTC,61.01,0.0,0.0,0.0,hold,hold: weight change +0.000 below threshold 0.05 | daily halt in force: flat for the rest of the UTC day,1.639
1790198525,champion,BTC,84368.95,0.0,0.0,0.0,hold,hold: weight change +0.000 below threshold 0.05 | daily halt in force: flat for the rest of the UTC day,0.006
1790198525,champion,ETH,2673.535,0.0,0.0,0.0,hold,hold: weight change +0.000 below threshold 0.05 | daily halt in force: flat for the rest of the UTC day,0.019
1790198525,champion,SOL,114.195,0.0,0.0,0.0,hold,hold: weight change +0.000 below threshold 0.05 | daily halt in force: flat for the rest of the UTC day,0.438
1790198525,champion,ADA,0.237426,0.0,0.0,0.0,hold,hold: weight change +0.000 below threshold 0.05 | daily halt in force: flat for the rest of the UTC day,2.169
1790198525,champion,AVAX,10.324,0.0,0.0,0.0,hold,hold: weight change +0.000 below threshold 0.05 | daily halt in force: flat for the rest of the UTC day,1.937
1790198525,champion,LINK,12.24922,0.0,0.0,0.0,hold,hold: weight change +0.000 below threshold 0.05 | daily halt in force: flat for the rest of the UTC day,2.449
1790198525,champion,XRP,1.49103,0.0,0.0,0.0,hold,hold: weight change +0.000 below threshold 0.05 | daily halt in force: flat for the rest of the UTC day,1.341
1790198525,champion,DOGE,0.092264,0.0,0.0,0.0,hold,hold: weight change +0.000 below threshold 0.05 | daily halt in force: flat for the rest of the UTC day,2.748
1790198525,champion,DOT,1.0953,0.0,0.0,0.0,hold,hold: weight change +0.000 below threshold 0.05 | daily halt in force: flat for the rest of the UTC day,3.652
1790198525,champion,LTC,61.005,0.0,0.0,0.0,hold,hold: weight change +0.000 below threshold 0.05 | daily halt in force: flat for the rest of the UTC day,2.459
1790202077,champion,BTC,84553.45,0.0,0.0,0.0,hold,hold: weight change +0.000 below threshold 0.05 | daily halt in force: flat for the rest of the UTC day,0.006
1790202077,champion,ETH,2689.005,0.0,0.0,0.0,hold,hold: weight change +0.000 below threshold 0.05 | daily halt in force: flat for the rest of the UTC day,0.019
1790202077,champion,SOL,115.145,0.0,0.0,0.0,hold,hold: weight change +0.000 below threshold 0.05 | daily halt in force: flat for the rest of the UTC day,0.434
1790202077,champion,ADA,0.239347,0.0,0.0,0.0,hold,hold: weight change +0.000 below threshold 0.05 | daily halt in force: flat for the rest of the UTC day,2.695
1790202077,champion,AVAX,10.3715,0.0,0.0,0.0,hold,hold: weight change +0.000 below threshold 0.05 | daily halt in force: flat for the rest of the UTC day,2.41
1790202077,champion,LINK,12.34856,0.0,0.0,0.0,hold,hold: weight change +0.000 below threshold 0.05 | daily halt in force: flat for the rest of the UTC day,2.672
1790202077,champion,XRP,1.50616,0.0,0.0,0.0,hold,hold: weight change +0.000 below threshold 0.05 | daily halt in force: flat for the rest of the UTC day,0.465
1790202077,champion,DOGE,0.092969,0.0,0.0,0.0,hold,hold: weight change +0.000 below threshold 0.05 | daily halt in force: flat for the rest of the UTC day,0.005
1790202077,champion,DOT,1.10225,0.0,0.0,0.0,hold,hold: weight change +0.000 below threshold 0.05 | daily halt in force: flat for the rest of the UTC day,0.454
1790202077,champion,LTC,61.385,0.0,0.0,0.0,hold,hold: weight change +0.000 below threshold 0.05 | daily halt in force: flat for the rest of the UTC day,2.444
1790205509,champion,BTC,84464.25,0.0,0.0,0.0,hold,hold: weight change +0.000 below threshold 0.05 | daily halt in force: flat for the rest of the UTC day,0.006
1790205509,champion,ETH,2686.025,0.0,0.0,0.0,hold,hold: weight change +0.000 below threshold 0.05 | daily halt in force: flat for the rest of the UTC day,0.019
1790205509,champion,SOL,114.995,0.0,0.0,0.0,hold,hold: weight change +0.000 below threshold 0.05 | daily halt in force: flat for the rest of the UTC day,0.435
1790205509,champion,ADA,0.238865,0.0,0.0,0.0,hold,hold: weight change +0.000 below threshold 0.05 | daily halt in force: flat for the rest of the UTC day,1.863
1790205509,champion,AVAX,10.314,0.0,0.0,0.0,hold,hold: weight change +0.000 below threshold 0.05 | daily halt in force: flat for the rest of the UTC day,0.97
1790205509,champion,LINK,12.358615,0.0,0.0,0.0,hold,hold: weight change +0.000 below threshold 0.05 | daily halt in force: flat for the rest of the UTC day,2.755
1790205509,champion,XRP,1.50165,0.0,0.0,0.0,hold,hold: weight change +0.000 below threshold 0.05 | daily halt in force: flat for the rest of the UTC day,1.265
1790205509,champion,DOGE,0.092698,0.0,0.0,0.0,hold,hold: weight change +0.000 below threshold 0.05 | daily halt in force: flat for the rest of the UTC day,0.005
1790205509,champion,DOT,1.09835,0.0,0.0,0.0,hold,hold: weight change +0.000 below threshold 0.05 | daily halt in force: flat for the rest of the UTC day,1.366
1790205509,champion,LTC,61.86,0.0,0.0,0.0,hold,hold: weight change +0.000 below threshold 0.05 | daily halt in force: flat for the rest of the UTC day,3.233
1790209743,champion,BTC,84344.15,0.0,0.0,0.0,hold,hold: weight change +0.000 below threshold 0.05 | flat: price below 24h EMA,0.006
1790209743,champion,ETH,2687.725,0.0,0.0,0.0,hold,hold: weight change +0.000 below threshold 0.05 | flat: price below 24h EMA,0.019
1790209743,champion,SOL,115.305,0.0,0.0,0.0,hold,hold: weight change +0.000 below threshold 0.05 | flat: price below 24h EMA,0.434
1790209743,champion,ADA,0.23843,0.0,0.0,0.0,hold,hold: weight change +0.000 below threshold 0.05 | flat: price below 24h EMA,1.845
1790209743,champion,AVAX,10.2315,0.0,0.0,0.0,hold,hold: weight change +0.000 below threshold 0.05 | flat: 72h return -9.21% not above entry band +1.0% and price below 24h EMA,0.489
1790209743,champion,LINK,12.3114,0.0,0.0,0.0,hold,hold: weight change +0.000 below threshold 0.05 | flat: 72h return -1.36% not above entry band +1.0% and price below 24h EMA,3.403
1790209743,champion,XRP,1.503385,0.0,0.0,0.0,hold,hold: weight change +0.000 below threshold 0.05 | flat: price below 24h EMA,0.632
1790209743,champion,DOGE,0.093136,0.0,0.0,0.0,hold,hold: weight change +0.000 below threshold 0.05 | flat: price below 24h EMA,0.005
1790209743,champion,DOT,1.10365,0.0,0.0,0.0,hold,hold: weight change +0.000 below threshold 0.05 | flat: 72h return -2.87% not above entry band +1.0% and price below 24h EMA,0.453
1790209743,champion,LTC,62.195,0.25,0.25,0.0,buy,enter long: 72h return +5.40% vs entry band +1.0% and price above 24h EMA; realised vol 78% -> weight 0.25,2.412
1790212857,champion,BTC,84273.65,0.0,0.0,0.0,hold,hold: weight change +0.000 below threshold 0.05 | flat: price below 24h EMA,0.006
1790212857,champion,ETH,2681.6,0.0,0.0,0.0,hold,hold: weight change +0.000 below threshold 0.05 | flat: 72h return -0.26% not above entry band +1.0% and price below 24h EMA,0.634
1790212857,champion,SOL,115.125,0.0,0.0,0.0,hold,hold: weight change +0.000 below threshold 0.05 | flat: price below 24h EMA,0.434
1790212857,champion,ADA,0.237586,0.0,0.0,0.0,hold,hold: weight change +0.000 below threshold 0.05 | flat: price below 24h EMA,2.378
1790212857,champion,AVAX,10.189,0.0,0.0,0.0,hold,hold: weight change +0.000 below threshold 0.05 | flat: 72h return -11.34% not above entry band +1.0% and price below 24h EMA,0.981
1790212857,champion,LINK,12.26466,0.0,0.0,0.0,hold,hold: weight change +0.000 below threshold 0.05 | flat: 72h return -3.68% not above entry band +1.0% and price below 24h EMA,3.881
1790212857,champion,XRP,1.496965,0.0,0.0,0.0,hold,hold: weight change +0.000 below threshold 0.05 | flat: price below 24h EMA,0.434
1790212857,champion,DOGE,0.092905,0.0,0.0,0.0,hold,hold: weight change +0.000 below threshold 0.05 | flat: price below 24h EMA,0.307
1790212857,champion,DOT,1.0953,0.0,0.0,0.0,hold,hold: weight change +0.000 below threshold 0.05 | flat: 72h return -4.12% not above entry band +1.0% and price below 24h EMA,1.826
1790212857,champion,LTC,62.035,0.25,0.25,0.2495,hold,hold: weight change +0.001 below threshold 0.05 | stay long: 72h return +4.87% vs exit band -1.0% and price above 24h EMA; realised vol 78% -> weight 0.25,4.03
1790216531,champion,BTC,84144.75,0.0,0.0,0.0,hold,hold: weight change +0.000 below threshold 0.05 | flat: price below 24h EMA,0.006
1790216531,champion,ETH,2679.575,0.0,0.0,0.0,hold,hold: weight change +0.000 below threshold 0.05 | flat: 72h return +0.94% not above entry band +1.0% and price below 24h EMA,0.504
1790216531,champion,SOL,114.875,0.0,0.0,0.0,hold,hold: weight change +0.000 below threshold 0.05 | flat: price below 24h EMA,0.435
1790216531,champion,ADA,0.238119,0.0,0.0,0.0,hold,hold: weight change +0.000 below threshold 0.05 | flat: price below 24h EMA,1.974
1790216531,champion,AVAX,10.256,0.0,0.0,0.0,hold,hold: weight change +0.000 below threshold 0.05 | flat: 72h return -8.30% not above entry band +1.0% and price below 24h EMA,2.925
1790216531,champion,LINK,12.308165,0.0,0.0,0.0,hold,hold: weight change +0.000 below threshold 0.05 | flat: 72h return -1.93% not above entry band +1.0% and price below 24h EMA,2.328
1790216531,champion,XRP,1.498095,0.0,0.0,0.0,hold,hold: weight change +0.000 below threshold 0.05 | flat: price below 24h EMA,0.1
1790216531,champion,DOGE,0.093081,0.0,0.0,0.0,hold,hold: weight change +0.000 below threshold 0.05 | flat: price below 24h EMA,0.639
1790216531,champion,DOT,1.10315,0.0,0.0,0.0,hold,hold: weight change +0.000 below threshold 0.05 | flat: 72h return -3.25% not above entry band +1.0% and price below 24h EMA,1.36
1790216531,champion,LTC,62.91,0.25,0.25,0.2521,hold,hold: weight change -0.002 below threshold 0.05 | stay long: 72h return +6.12% vs exit band -1.0% and price above 24h EMA; realised vol 77% -> weight 0.25,4.769
1790220140,champion,BTC,84149.95,0.0,0.0,0.0,hold,hold: weight change +0.000 below threshold 0.05 | flat: price below 24h EMA,0.006
1790220140,champion,ETH,2679.695,0.0,0.0,0.0,hold,hold: weight change +0.000 below threshold 0.05 | flat: 72h return +0.90% not above entry band +1.0% and price below 24h EMA,0.019
1790220140,champion,SOL,114.905,0.0,0.0,0.0,hold,hold: weight change +0.000 below threshold 0.05 | flat: price below 24h EMA,0.435
1790220140,champion,ADA,0.239328,0.0,0.0,0.0,hold,hold: weight change +0.000 below threshold 0.05 | flat: price below 24h EMA,2.423
1790220140,champion,AVAX,10.273,0.0,0.0,0.0,hold,hold: weight change +0.000 below threshold 0.05 | flat: 72h return -7.04% not above entry band +1.0% and price below 24h EMA,0.973
1790220140,champion,LINK,12.341635,0.0,0.0,0.0,hold,hold: weight change +0.000 below threshold 0.05 | flat: 72h return -1.77% not above entry band +1.0% and price below 24h EMA,0.004
1790220140,champion,XRP,1.498435,0.0,0.0,0.0,hold,hold: weight change +0.000 below threshold 0.05 | flat: price below 24h EMA,0.434
1790220140,champion,DOGE,0.0935,0.0,0.0,0.0,hold,hold: weight change +0.000 below threshold 0.05 | flat: price below 24h EMA,0.551
1790220140,champion,DOT,1.11535,0.0,0.0,0.0,hold,hold: weight change +0.000 below threshold 0.05 | flat: 72h return -3.54% not above entry band +1.0% and price below 24h EMA,1.345
1790220140,champion,LTC,66.935,0.25,0.25,0.264,hold,hold: weight change -0.014 below threshold 0.05 | stay long: 72h return +12.06% vs exit band -1.0% and price above 24h EMA; realised vol 88% -> weight 0.25,3.735
1790223766,champion,BTC,83857.25,0.0,0.0,0.0,hold,hold: weight change +0.000 below threshold 0.05 | flat: price below 24h EMA,0.006
1790223766,champion,ETH,2672.555,0.0,0.0,0.0,hold,hold: weight change +0.000 below threshold 0.05 | flat: 72h return +0.39% not above entry band +1.0% and price below 24h EMA,0.019
1790223766,champion,SOL,114.685,0.0,0.0,0.0,hold,hold: weight change +0.000 below threshold 0.05 | flat: price below 24h EMA,0.436
1790223766,champion,ADA,0.239263,0.0,0.0,0.0,hold,hold: weight change +0.000 below threshold 0.05 | flat: price below 24h EMA,1.923
1790223766,champion,AVAX,10.268,0.0,0.0,0.0,hold,hold: weight change +0.000 below threshold 0.05 | flat: 72h return -9.18% not above entry band +1.0% and price below 24h EMA,0.974
1790223766,champion,LINK,12.3149,0.0,0.0,0.0,hold,hold: weight change +0.000 below threshold 0.05 | flat: 72h return -3.02% not above entry band +1.0% and price below 24h EMA,3.134
1790223766,champion,XRP,1.49143,0.0,0.0,0.0,hold,hold: weight change +0.000 below threshold 0.05 | flat: price below 24h EMA,0.201
1790223766,champion,DOGE,0.093283,0.0,0.0,0.0,hold,hold: weight change +0.000 below threshold 0.05 | flat: price below 24h EMA,0.096
1790223766,champion,DOT,1.1223,0.0,0.0,0.0,hold,hold: weight change +0.000 below threshold 0.05 | flat: 72h return -4.31% not above entry band +1.0% and price below 24h EMA,1.782
1790223766,champion,LTC,67.56,0.25,0.25,0.2658,hold,hold: weight change -0.016 below threshold 0.05 | stay long: 72h return +12.92% vs exit band -1.0% and price above 24h EMA; realised vol 88% -> weight 0.25,1.48
1790227333,champion,BTC,84144.85,0.0,0.0,0.0,hold,hold: weight change +0.000 below threshold 0.05 | flat: price below 24h EMA,0.006
1790227333,champion,ETH,2690.435,0.0,0.0,0.0,hold,hold: weight change +0.000 below threshold 0.05 | flat: 72h return +0.67% not above entry band +1.0% and price below 24h EMA,0.019
1790227333,champion,SOL,115.495,0.0,0.0,0.0,hold,hold: weight change +0.000 below threshold 0.05 | flat: price below 24h EMA,0.433
1790227333,champion,ADA,0.242278,0.0,0.0,0.0,hold,hold: weight change +0.000 below threshold 0.05 | flat: price below 24h EMA,1.878
1790227333,champion,AVAX,10.359,0.0,0.0,0.0,hold,hold: weight change +0.000 below threshold 0.05 | flat: 72h return -10.24% not above entry band +1.0% and price below 24h EMA,0.965
1790227333,champion,LINK,12.43309,0.0,0.0,0.0,hold,hold: weight change +0.000 below threshold 0.05 | flat: 72h return -2.11% not above entry band +1.0% and price below 24h EMA,2.767
1790227333,champion,XRP,1.51015,0.0,0.0,0.0,hold,hold: weight change +0.000 below threshold 0.05 | flat: price below 24h EMA,0.662
1790227333,champion,DOGE,0.094545,0.0,0.0,0.0,hold,hold: weight change +0.000 below threshold 0.05 | flat: price below 24h EMA,0.19
1790227333,champion,DOT,1.13365,0.0,0.0,0.0,hold,hold: weight change +0.000 below threshold 0.05 | flat: 72h return -1.47% not above entry band +1.0%,0.441
1790227333,champion,LTC,68.04,0.25,0.25,0.2672,hold,hold: weight change -0.017 below threshold 0.05 | stay long: 72h return +17.31% vs exit band -1.0% and price above 24h EMA; realised vol 91% -> weight 0.25,2.939
1790231253,champion,BTC,84176.15,0.0,0.0,0.0,hold,hold: weight change +0.000 below threshold 0.05 | flat: price below 24h EMA,0.006
1790231253,champion,ETH,2688.465,0.0,0.0,0.0,hold,hold: weight change +0.000 below threshold 0.05 | flat: 72h return +0.64% not above entry band +1.0% and price below 24h EMA,0.019
1790231253,champion,SOL,115.125,0.0,0.0,0.0,hold,hold: weight change +0.000 below threshold 0.05 | flat: price below 24h EMA,0.434
1790231253,champion,ADA,0.241215,0.0,0.0,0.0,hold,hold: weight change +0.000 below threshold 0.05 | flat: price below 24h EMA,2.55
1790231253,champion,AVAX,10.274,0.0,0.0,0.0,hold,hold: weight change +0.000 below threshold 0.05 | flat: 72h return -9.76% not above entry band +1.0% and price below 24h EMA,0.973
1790231253,champion,LINK,12.415185,0.0,0.0,0.0,hold,hold: weight change +0.000 below threshold 0.05 | flat: 72h return -1.39% not above entry band +1.0% and price below 24h EMA,2.783
1790231253,champion,XRP,1.506435,0.0,0.0,0.0,hold,hold: weight change +0.000 below threshold 0.05 | flat: price below 24h EMA,0.431
1790231253,champion,DOGE,0.094517,0.0,0.0,0.0,hold,hold: weight change +0.000 below threshold 0.05 | flat: price below 24h EMA,0.598
1790231253,champion,DOT,1.12635,0.0,0.0,0.0,hold,hold: weight change +0.000 below threshold 0.05 | flat: 72h return -1.36% not above entry band +1.0%,1.332
1790231253,champion,LTC,67.81,0.25,0.25,0.2665,hold,hold: weight change -0.017 below threshold 0.05 | stay long: 72h return +14.87% vs exit band -1.0% and price above 24h EMA; realised vol 93% -> weight 0.25,2.949
1790234578,champion,BTC,84176.05,0.0,0.0,0.0,hold,hold: weight change +0.000 below threshold 0.05 | flat: price below 24h EMA,0.006
1790234578,champion,ETH,2687.385,0.0,0.0,0.0,hold,hold: weight change +0.000 below threshold 0.05 | flat: 72h return +0.89% not above entry band +1.0% and price below 24h EMA,0.019
1790234578,champion,SOL,114.925,0.0,0.0,0.0,hold,hold: weight change +0.000 below threshold 0.05 | flat: price below 24h EMA,0.435
1790234578,champion,ADA,0.240582,0.0,0.0,0.0,hold,hold: weight change +0.000 below threshold 0.05 | flat: price below 24h EMA,2.286
1790234578,champion,AVAX,10.215,0.0,0.0,0.0,hold,hold: weight change +0.000 below threshold 0.05 | flat: 72h return -7.77% not above entry band +1.0% and price below 24h EMA,0.979
1790234578,champion,LINK,12.39651,0.0,0.0,0.0,hold,hold: weight change +0.000 below threshold 0.05 | flat: 72h return -0.95% not above entry band +1.0% and price below 24h EMA,2.138
1790234578,champion,XRP,1.50115,0.0,0.0,0.0,hold,hold: weight change +0.000 below threshold 0.05 | flat: price below 24h EMA,0.466
1790234578,champion,DOGE,0.094353,0.0,0.0,0.0,hold,hold: weight change +0.000 below threshold 0.05 | flat: price below 24h EMA,0.387
1790234578,champion,DOT,1.12515,0.0,0.0,0.0,hold,hold: weight change +0.000 below threshold 0.05 | flat: 72h return -2.07% not above entry band +1.0%,1.333
1790234578,champion,LTC,68.055,0.25,0.25,0.2672,hold,hold: weight change -0.017 below threshold 0.05 | stay long: 72h return +16.32% vs exit band -1.0% and price above 24h EMA; realised vol 93% -> weight 0.25,3.673
1790238265,champion,BTC,84109.85,0.0,0.0,0.0,hold,hold: weight change +0.000 below threshold 0.05 | flat: price below 24h EMA,0.006
1790238265,champion,ETH,2678.845,0.0,0.0,0.0,hold,hold: weight change +0.000 below threshold 0.05 | flat: price below 24h EMA,0.019
1790238265,champion,SOL,114.745,0.0,0.0,0.0,hold,hold: weight change +0.000 below threshold 0.05 | flat: price below 24h EMA,0.436
1790238265,champion,ADA,0.240511,0.0,0.0,0.0,hold,hold: weight change +0.000 below threshold 0.05 | flat: price below 24h EMA,0.457
1790238265,champion,AVAX,10.211,0.0,0.0,0.0,hold,hold: weight change +0.000 below threshold 0.05 | flat: 72h return -6.03% not above entry band +1.0% and price below 24h EMA,0.979
1790238265,champion,LINK,12.380935,0.0,0.0,0.0,hold,hold: weight change +0.000 below threshold 0.05 | flat: 72h return -0.55% not above entry band +1.0%,2.363
1790238265,champion,XRP,1.49345,0.0,0.0,0.0,hold,hold: weight change +0.000 below threshold 0.05 | flat: price below 24h EMA,0.937
1790238265,champion,DOGE,0.094102,0.0,0.0,0.0,hold,hold: weight change +0.000 below threshold 0.05 | flat: price below 24h EMA,0.425
1790238265,champion,DOT,1.13315,0.0,0.0,0.0,hold,hold: weight change +0.000 below threshold 0.05 | flat: 72h return -1.79% not above entry band +1.0%,1.324
1790238265,champion,LTC,68.96,0.25,0.25,0.2698,hold,hold: weight change -0.020 below threshold 0.05 | stay long: 72h return +17.90% vs exit band -1.0% and price above 24h EMA; realised vol 93% -> weight 0.25,2.9
1790241840,champion,BTC,83377.25,0.0,0.0,0.0,hold,hold: weight change +0.000 below threshold 0.05 | flat: 72h return -0.15% not above entry band +1.0% and price below 24h EMA,0.006
1790241840,champion,ETH,2656.125,0.0,0.0,0.0,hold,hold: weight change +0.000 below threshold 0.05 | flat: 72h return -1.03% not above entry band +1.0% and price below 24h EMA,0.019
1790241840,champion,SOL,113.38,0.0,0.0,0.0,hold,hold: weight change +0.000 below threshold 0.05 | flat: 72h return -1.04% not above entry band +1.0% and price below 24h EMA,0.882
1790241840,champion,ADA,0.235448,0.0,0.0,0.0,hold,hold: weight change +0.000 below threshold 0.05 | flat: 72h return +0.39% not above entry band +1.0% and price below 24h EMA,3.568
1790241840,champion,AVAX,10.0955,0.0,0.0,0.0,hold,hold: weight change +0.000 below threshold 0.05 | flat: 72h return -8.43% not above entry band +1.0% and price below 24h EMA,1.486
1790241840,champion,LINK,12.212085,0.0,0.0,0.0,hold,hold: weight change +0.000 below threshold 0.05 | flat: 72h return -4.19% not above entry band +1.0% and price below 24h EMA,3.828
1790241840,champion,XRP,1.46566,0.0,0.0,0.0,hold,hold: weight change +0.000 below threshold 0.05 | flat: 72h return +0.48% not above entry band +1.0% and price below 24h EMA,0.819
1790241840,champion,DOGE,0.09252,0.0,0.0,0.0,hold,hold: weight change +0.000 below threshold 0.05 | flat: price below 24h EMA,0.005
1790241840,champion,DOT,1.1053,0.0,0.0,0.0,hold,hold: weight change +0.000 below threshold 0.05 | flat: 72h return -5.77% not above entry band +1.0% and price below 24h EMA,1.809
1790241840,champion,LTC,67.5,0.25,0.25,0.2656,hold,hold: weight change -0.016 below threshold 0.05 | stay long: 72h return +15.67% vs exit band -1.0% and price above 24h EMA; realised vol 94% -> weight 0.25,2.963
1790245375,champion,BTC,83203.65,0.0,0.0,0.0,hold,hold: weight change +0.000 below threshold 0.05 | flat: 72h return -1.65% not above entry band +1.0% and price below 24h EMA,0.006
1790245375,champion,ETH,2634.155,0.0,0.0,0.0,hold,hold: weight change +0.000 below threshold 0.05 | flat: 72h return -2.89% not above entry band +1.0% and price below 24h EMA,0.019
1790245375,champion,SOL,112.95,0.0,0.0,0.0,hold,hold: weight change +0.000 below threshold 0.05 | flat: 72h return -2.42% not above entry band +1.0% and price below 24h EMA,0.885
1790245375,champion,ADA,0.234208,0.0,0.0,0.0,hold,hold: weight change +0.000 below threshold 0.05 | flat: 72h return -1.29% not above entry band +1.0% and price below 24h EMA,3.416
1790245375,champion,AVAX,10.0645,0.0,0.0,0.0,hold,hold: weight change +0.000 below threshold 0.05 | flat: 72h return -10.45% not above entry band +1.0% and price below 24h EMA,1.49
1790245375,champion,LINK,12.169805,0.0,0.0,0.0,hold,hold: weight change +0.000 below threshold 0.05 | flat: 72h return -5.93% not above entry band +1.0% and price below 24h EMA,0.004
1790245375,champion,XRP,1.45971,0.0,0.0,0.0,hold,hold: weight change +0.000 below threshold 0.05 | flat: 72h return -1.18% not above entry band +1.0% and price below 24h EMA,0.548
1790245375,champion,DOGE,0.092133,0.0,0.0,0.0,hold,hold: weight change +0.000 below threshold 0.05 | flat: 72h return -0.08% not above entry band +1.0% and price below 24h EMA,1.823
1790245375,champion,DOT,1.10905,0.0,0.0,0.0,hold,hold: weight change +0.000 below threshold 0.05 | flat: 72h return -5.17% not above entry band +1.0% and price below 24h EMA,4.058
1790245375,champion,LTC,66.97,0.25,0.25,0.2641,hold,hold: weight change -0.014 below threshold 0.05 | stay long: 72h return +12.64% vs exit band -1.0% and price above 24h EMA; realised vol 95% -> weight 0.25,1.493
1790248941,champion,BTC,83550.55,0.0,0.0,0.0,hold,hold: weight change +0.000 below threshold 0.05 | flat: 72h return -1.10% not above entry band +1.0% and price below 24h EMA,0.006
1790248941,champion,ETH,2651.005,0.0,0.0,0.0,hold,hold: weight change +0.000 below threshold 0.05 | flat: 72h return -2.49% not above entry band +1.0% and price below 24h EMA,0.019
1790248941,champion,SOL,113.415,0.0,0.0,0.0,hold,hold: weight change +0.000 below threshold 0.05 | flat: 72h return -2.28% not above entry band +1.0% and price below 24h EMA,0.441
1790248941,champion,ADA,0.236611,0.0,0.0,0.0,hold,hold: weight change +0.000 below threshold 0.05 | flat: 72h return -2.02% not above entry band +1.0% and price below 24h EMA,2.388
1790248941,champion,AVAX,10.1815,0.0,0.0,0.0,hold,hold: weight change +0.000 below threshold 0.05 | flat: 72h return -11.22% not above entry band +1.0% and price below 24h EMA,0.491
1790248941,champion,LINK,12.27141,0.0,0.0,0.0,hold,hold: weight change +0.000 below threshold 0.05 | flat: 72h return -6.48% not above entry band +1.0% and price below 24h EMA,2.469
1790248941,champion,XRP,1.47204,0.0,0.0,0.0,hold,hold: weight change +0.000 below threshold 0.05 | flat: 72h return -1.54% not above entry band +1.0% and price below 24h EMA,0.34
1790248941,champion,DOGE,0.092898,0.0,0.0,0.0,hold,hold: weight change +0.000 below threshold 0.05 | flat: 72h return -0.16% not above entry band +1.0% and price below 24h EMA,0.156
1790248941,champion,DOT,1.1182,0.0,0.0,0.0,hold,hold: weight change +0.000 below threshold 0.05 | flat: 72h return -6.63% not above entry band +1.0% and price below 24h EMA,2.683
1790248941,champion,LTC,66.515,0.25,0.25,0.2628,hold,hold: weight change -0.013 below threshold 0.05 | stay long: 72h return +10.36% vs exit band -1.0% and price above 24h EMA; realised vol 95% -> weight 0.25,2.255
1790252860,champion,BTC,83527.05,0.0,0.0,0.0,hold,hold: weight change +0.000 below threshold 0.05 | flat: 72h return -1.66% not above entry band +1.0% and price below 24h EMA,0.006
1790252860,champion,ETH,2647.995,0.0,0.0,0.0,hold,hold: weight change +0.000 below threshold 0.05 | flat: 72h return -2.87% not above entry band +1.0% and price below 24h EMA,0.019
1790252860,champion,SOL,113.48,0.0,0.0,0.0,hold,hold: weight change +0.000 below threshold 0.05 | flat: 72h return -2.95% not above entry band +1.0% and price below 24h EMA,0.881
1790252860,champion,ADA,0.236073,0.0,0.0,0.0,hold,hold: weight change +0.000 below threshold 0.05 | flat: 72h return -2.34% not above entry band +1.0% and price below 24h EMA,2.266
1790252860,champion,AVAX,10.0585,0.0,0.0,0.0,hold,hold: weight change +0.000 below threshold 0.05 | flat: 72h return -10.42% not above entry band +1.0% and price below 24h EMA,0.497
1790252860,champion,LINK,12.27289,0.0,0.0,0.0,hold,hold: weight change +0.000 below threshold 0.05 | flat: 72h return -6.53% not above entry band +1.0% and price below 24h EMA,2.721
1790252860,champion,XRP,1.472595,0.0,0.0,0.0,hold,hold: weight change +0.000 below threshold 0.05 | flat: 72h return -1.07% not above entry band +1.0% and price below 24h EMA,0.306
1790252860,champion,DOGE,0.092721,0.0,0.0,0.0,hold,hold: weight change +0.000 below threshold 0.05 | flat: 72h return -0.68% not above entry band +1.0% and price below 24h EMA,0.194
1790252860,champion,DOT,1.11495,0.0,0.0,0.0,hold,hold: weight change +0.000 below threshold 0.05 | flat: 72h return -6.28% not above entry band +1.0% and price below 24h EMA,2.242
1790252860,champion,LTC,66.165,0.25,0.25,0.2617,hold,hold: weight change -0.012 below threshold 0.05 | stay long: 72h return +10.00% vs exit band -1.0% and price above 24h EMA; realised vol 96% -> weight 0.25,2.267
1790256240,champion,BTC,83788.05,0.0,0.0,0.0,hold,hold: weight change +0.000 below threshold 0.05 | flat: 72h return -2.02% not above entry band +1.0% and price below 24h EMA,0.006
1790256240,champion,ETH,2660.405,0.0,0.0,0.0,hold,hold: weight change +0.000 below threshold 0.05 | flat: 72h return -3.15% not above entry band +1.0% and price below 24h EMA,0.019
1790256240,champion,SOL,114.445,0.0,0.0,0.0,hold,hold: weight change +0.000 below threshold 0.05 | flat: 72h return -2.58% not above entry band +1.0% and price below 24h EMA,0.437
1790256240,champion,ADA,0.239176,0.0,0.0,0.0,hold,hold: weight change +0.000 below threshold 0.05 | flat: 72h return -3.57% not above entry band +1.0% and price below 24h EMA,2.759
1790256240,champion,AVAX,10.169,0.0,0.0,0.0,hold,hold: weight change +0.000 below threshold 0.05 | flat: 72h return -11.94% not above entry band +1.0% and price below 24h EMA,0.983
1790256240,champion,LINK,12.381755,0.0,0.0,0.0,hold,hold: weight change +0.000 below threshold 0.05 | flat: 72h return -6.44% not above entry band +1.0% and price below 24h EMA,2.54
1790256240,champion,XRP,1.489515,0.0,0.0,0.0,hold,hold: weight change +0.000 below threshold 0.05 | flat: 72h return -0.50% not above entry band +1.0% and price below 24h EMA,0.369
1790256240,champion,DOGE,0.093627,0.0,0.0,0.0,hold,hold: weight change +0.000 below threshold 0.05 | flat: 72h return -0.62% not above entry band +1.0% and price below 24h EMA,0.294
1790256240,champion,DOT,1.13125,0.0,0.0,0.0,hold,hold: weight change +0.000 below threshold 0.05 | flat: 72h return -6.22% not above entry band +1.0% and price below 24h EMA,1.326
1790256240,champion,LTC,69.285,0.25,0.25,0.2707,hold,hold: weight change -0.021 below threshold 0.05 | stay long: 72h return +6.73% vs exit band -1.0% and price above 24h EMA; realised vol 96% -> weight 0.25,3.608
1790259827,champion,BTC,84300.9,0.0,0.0,0.0,hold,hold: weight change +0.000 below threshold 0.05 | flat: 72h return -1.43% not above entry band +1.0% and price below 24h EMA,0.024
1790259827,champion,ETH,2674.87,0.0,0.0,0.0,hold,hold: weight change +0.000 below threshold 0.05 | flat: 72h return -2.27% not above entry band +1.0% and price below 24h EMA,0.972
1790259827,champion,SOL,115.375,0.0,0.0,0.0,hold,hold: weight change +0.000 below threshold 0.05 | flat: 72h return -2.60% not above entry band +1.0%,0.433
1790259827,champion,ADA,0.246015,0.0,0.0,0.0,hold,hold: weight change +0.000 below threshold 0.05 | flat: 72h return -1.02% not above entry band +1.0%,3.557
1790259827,champion,AVAX,10.3075,0.0,0.0,0.0,hold,hold: weight change +0.000 below threshold 0.05 | flat: 72h return -8.76% not above entry band +1.0% and price below 24h EMA,0.485
1790259827,champion,LINK,12.62423,0.0,0.0,0.0,hold,hold: weight change +0.000 below threshold 0.05 | flat: 72h return -3.99% not above entry band +1.0%,2.749
1790259827,champion,XRP,1.509975,0.0,0.0,0.0,hold,hold: weight change +0.000 below threshold 0.05 | flat: 72h return +0.85% not above entry band +1.0% and price below 24h EMA,1.887
1790259827,champion,DOGE,0.09503,0.25,0.25,0.0,buy,enter long: 72h return +1.01% vs entry band +1.0% and price above 24h EMA; realised vol 87% -> weight 0.25,1.468
1790259827,champion,DOT,1.1691,0.0,0.0,0.0,hold,hold: weight change +0.000 below threshold 0.05 | flat: 72h return -2.89% not above entry band +1.0%,2.566
1790259827,champion,LTC,73.665,0.25,0.25,0.283,hold,hold: weight change -0.033 below threshold 0.05 | stay long: 72h return +13.58% vs exit band -1.0% and price above 24h EMA; realised vol 104% -> weight 0.25,8.824
1790263461,champion,BTC,84178.55,0.0,0.0,0.0,hold,hold: weight change +0.000 below threshold 0.05 | flat: 72h return -2.53% not above entry band +1.0% and price below 24h EMA,0.006
1790263461,champion,ETH,2671.72,0.0,0.0,0.0,hold,hold: weight change +0.000 below threshold 0.05 | flat: 72h return -2.90% not above entry band +1.0% and price below 24h EMA,1.198
1790263461,champion,SOL,115.805,0.0,0.0,0.0,hold,hold: weight change +0.000 below threshold 0.05 | flat: 72h return -2.91% not above entry band +1.0% and price below 24h EMA,0.432
1790263461,champion,ADA,0.248484,0.0,0.0,0.0,hold,hold: weight change +0.000 below threshold 0.05 | flat: 72h return +0.54% not above entry band +1.0%,0.644
1790263461,champion,AVAX,10.3305,0.0,0.0,0.0,hold,hold: weight change +0.000 below threshold 0.05 | flat: 72h return -8.29% not above entry band +1.0% and price below 24h EMA,0.484
1790263461,champion,LINK,12.601705,0.0,0.0,0.0,hold,hold: weight change +0.000 below threshold 0.05 | flat: 72h return -4.10% not above entry band +1.0%,2.956
1790263461,champion,XRP,1.50693,0.0,0.0,0.0,hold,hold: weight change +0.000 below threshold 0.05 | flat: 72h return +0.14% not above entry band +1.0% and price below 24h EMA,0.796
1790263461,champion,DOGE,0.095401,0.25,0.25,0.251,hold,hold: weight change -0.001 below threshold 0.05 | stay long: 72h return -0.90% vs exit band -1.0% and price within 2.0% of 24h EMA; realised vol 87% -> weight 0.25,1.336
1790263461,champion,DOT,1.15655,0.0,0.0,0.0,hold,hold: weight change +0.000 below threshold 0.05 | flat: 72h return -3.17% not above entry band +1.0%,1.297
1790263461,champion,LTC,73.375,0.25,0.25,0.2821,hold,hold: weight change -0.032 below threshold 0.05 | stay long: 72h return +15.67% vs exit band -1.0% and price above 24h EMA; realised vol 105% -> weight 0.25,3.407
1790267057,champion,BTC,84572.45,0.0,0.0,0.0,hold,hold: weight change +0.000 below threshold 0.05 | flat: 72h return -1.78% not above entry band +1.0%,0.006
1790267057,champion,ETH,2691.175,0.0,0.0,0.0,hold,hold: weight change +0.000 below threshold 0.05 | flat: 72h return -2.64% not above entry band +1.0%,0.019
1790267057,champion,SOL,116.965,0.0,0.0,0.0,hold,hold: weight change +0.000 below threshold 0.05 | flat: 72h return -1.39% not above entry band +1.0%,0.427
1790267057,champion,ADA,0.250076,0.25,0.25,0.0,buy,enter long: 72h return +1.70% vs entry band +1.0% and price above 24h EMA; realised vol 92% -> weight 0.25,2.619
1790267057,champion,AVAX,10.4055,0.0,0.0,0.0,hold,hold: weight change +0.000 below threshold 0.05 | flat: 72h return -6.32% not above entry band +1.0%,0.481
1790267057,champion,LINK,12.89705,0.0,0.0,0.0,hold,hold: weight change +0.000 below threshold 0.05 | flat: 72h return -1.74% not above entry band +1.0%,1.644
1790267057,champion,XRP,1.52582,0.25,0.25,0.0,buy,enter long: 72h return +1.32% vs entry band +1.0% and price above 24h EMA; realised vol 80% -> weight 0.25,1.311
1790267057,champion,DOGE,0.09652,0.0,0.0,0.2521,sell,exit: 72h return -1.74% fell below exit band -1.0%,1.549
1790267057,champion,DOT,1.16895,0.0,0.0,0.0,hold,hold: weight change +0.000 below threshold 0.05 | flat: 72h return -1.77% not above entry band +1.0%,2.994
1790267057,champion,LTC,74.44,0.25,0.25,0.2841,hold,hold: weight change -0.034 below threshold 0.05 | stay long: 72h return +17.22% vs exit band -1.0% and price above 24h EMA; realised vol 105% -> weight 0.25,2.687
1790270493,champion,BTC,84359.45,0.0,0.0,0.0,hold,hold: weight change +0.000 below threshold 0.05 | flat: 72h return -1.73% not above entry band +1.0%,0.006
1790270493,champion,ETH,2680.66,0.0,0.0,0.0,hold,hold: weight change +0.000 below threshold 0.05 | flat: 72h return -2.48% not above entry band +1.0%,0.261
1790270493,champion,SOL,116.955,0.0,0.0,0.0,hold,hold: weight change +0.000 below threshold 0.05 | flat: 72h return -0.39% not above entry band +1.0%,1.283
1790270493,champion,ADA,0.247602,0.25,0.25,0.2482,hold,hold: weight change +0.002 below threshold 0.05 | stay long: 72h return +1.91% vs exit band -1.0% and price above 24h EMA; realised vol 92% -> weight 0.25,1.615
1790270493,champion,AVAX,10.4145,0.0,0.0,0.0,hold,hold: weight change +0.000 below threshold 0.05 | flat: 72h return -5.67% not above entry band +1.0%,1.44
1790270493,champion,LINK,12.901645,0.0,0.0,0.0,hold,hold: weight change +0.000 below threshold 0.05 | flat: 72h return -0.25% not above entry band +1.0%,3.833
1790270493,champion,XRP,1.533505,0.25,0.25,0.2149,hold,hold: weight change +0.035 below threshold 0.05 | stay long: 72h return +2.89% vs exit band -1.0% and price above 24h EMA; realised vol 80% -> weight 0.25,0.554
1790270493,champion,DOGE,0.095938,0.0,0.0,0.0,hold,hold: weight change +0.000 below threshold 0.05 | flat: 72h return -0.27% not above entry band +1.0%,0.005
1790270493,champion,DOT,1.1637,0.0,0.0,0.0,hold,hold: weight change +0.000 below threshold 0.05 | flat: 72h return -1.83% not above entry band +1.0%,2.578
1790270493,champion,LTC,74.195,0.25,0.25,0.2842,hold,hold: weight change -0.034 below threshold 0.05 | stay long: 72h return +19.43% vs exit band -1.0% and price above 24h EMA; realised vol 105% -> weight 0.25,0.674
1790274339,champion,BTC,84417.75,0.0,0.0,0.0,hold,hold: weight change +0.000 below threshold 0.05 | flat: 72h return -2.11% not above entry band +1.0% and price below 24h EMA,0.006
1790274339,champion,ETH,2682.165,0.0,0.0,0.0,hold,hold: weight change +0.000 below threshold 0.05 | flat: 72h return -2.71% not above entry band +1.0% and price below 24h EMA,0.019
1790274339,champion,SOL,117.295,0.0,0.0,0.0,hold,hold: weight change +0.000 below threshold 0.05 | flat: 72h return -0.39% not above entry band +1.0%,0.426
1790274339,champion,ADA,0.247227,0.25,0.25,0.25,hold,hold: weight change -0.000 below threshold 0.05 | stay long: 72h return +2.03% vs exit band -1.0% and price above 24h EMA; realised vol 93% -> weight 0.25,1.739
1790274339,champion,AVAX,10.374,0.0,0.0,0.0,hold,hold: weight change +0.000 below threshold 0.05 | flat: 72h return -5.09% not above entry band +1.0% and price below 24h EMA,0.964
1790274339,champion,LINK,13.2463,0.0,0.0,0.0,hold,hold: weight change +0.000 below threshold 0.05 | flat: 72h return +0.63% not above entry band +1.0%,4.484
1790274339,champion,XRP,1.53281,0.25,0.25,0.2167,hold,hold: weight change +0.033 below threshold 0.05 | stay long: 72h return +2.13% vs exit band -1.0% and price above 24h EMA; realised vol 80% -> weight 0.25,1.24
1790274339,champion,DOGE,0.096213,0.0,0.0,0.0,hold,hold: weight change +0.000 below threshold 0.05 | flat: 72h return -1.52% not above entry band +1.0%,0.281
1790274339,champion,DOT,1.16105,0.0,0.0,0.0,hold,hold: weight change +0.000 below threshold 0.05 | flat: 72h return -0.29% not above entry band +1.0%,1.292
1790274339,champion,LTC,72.05,0.25,0.25,0.2784,hold,hold: weight change -0.028 below threshold 0.05 | stay long: 72h return +16.39% vs exit band -1.0% and price above 24h EMA; realised vol 109% -> weight 0.25,2.776
1790277656,champion,BTC,84548.25,0.0,0.0,0.0,hold,hold: weight change +0.000 below threshold 0.05 | flat: 72h return -1.87% not above entry band +1.0%,0.006
1790277656,champion,ETH,2693.285,0.0,0.0,0.0,hold,hold: weight change +0.000 below threshold 0.05 | flat: 72h return -2.49% not above entry band +1.0%,0.019
1790277656,champion,SOL,117.385,0.0,0.0,0.0,hold,hold: weight change +0.000 below threshold 0.05 | flat: 72h return -0.31% not above entry band +1.0%,0.426
1790277656,champion,ADA,0.247744,0.25,0.25,0.2516,hold,hold: weight change -0.002 below threshold 0.05 | stay long: 72h return +1.88% vs exit band -1.0% and price above 24h EMA; realised vol 93% -> weight 0.25,2.301
1790277656,champion,AVAX,10.4175,0.0,0.0,0.0,hold,hold: weight change +0.000 below threshold 0.05 | flat: 72h return -4.32% not above entry band +1.0%,0.48
1790277656,champion,LINK,13.228615,0.25,0.25,0.0,buy,enter long: 72h return +3.69% vs entry band +1.0% and price above 24h EMA; realised vol 79% -> weight 0.25,0.548
1790277656,champion,XRP,1.52905,0.25,0.25,0.2171,hold,hold: weight change +0.033 below threshold 0.05 | stay long: 72h return +1.86% vs exit band -1.0% and price above 24h EMA; realised vol 80% -> weight 0.25,0.458
1790277656,champion,DOGE,0.096285,0.0,0.0,0.0,hold,hold: weight change +0.000 below threshold 0.05 | flat: 72h return -3.01% not above entry band +1.0%,0.005
1790277656,champion,DOT,1.167,0.0,0.0,0.0,hold,hold: weight change +0.000 below threshold 0.05 | flat: 72h return +0.10% not above entry band +1.0%,1.714
1790277656,champion,LTC,70.965,0.25,0.25,0.2753,hold,hold: weight change -0.025 below threshold 0.05 | stay long: 72h return +15.64% vs exit band -1.0% and price above 24h EMA; realised vol 109% -> weight 0.25,0.705
1790281435,champion,BTC,84200.15,0.0,0.0,0.0,hold,hold: weight change +0.000 below threshold 0.05 | flat: 72h return -2.43% not above entry band +1.0%,0.006
1790281435,champion,ETH,2684.575,0.0,0.0,0.0,hold,hold: weight change +0.000 below threshold 0.05 | flat: 72h return -2.42% not above entry band +1.0%,0.019
1790281435,champion,SOL,116.825,0.0,0.0,0.0,hold,hold: weight change +0.000 below threshold 0.05 | flat: 72h return -0.89% not above entry band +1.0%,0.428
1790281435,champion,ADA,0.24753,0.25,0.25,0.2514,hold,hold: weight change -0.001 below threshold 0.05 | stay long: 72h return +1.36% vs exit band -1.0% and price above 24h EMA; realised vol 93% -> weight 0.25,0.02
1790281435,champion,AVAX,10.4225,0.0,0.0,0.0,hold,hold: weight change +0.000 below threshold 0.05 | flat: 72h return -5.69% not above entry band +1.0%,0.48
1790281435,champion,LINK,13.16973,0.25,0.25,0.2487,hold,hold: weight change +0.001 below threshold 0.05 | stay long: 72h return +1.78% vs exit band -1.0% and price above 24h EMA; realised vol 80% -> weight 0.25,2.703
1790281435,champion,XRP,1.527165,0.25,0.25,0.2168,hold,hold: weight change +0.033 below threshold 0.05 | stay long: 72h return +1.34% vs exit band -1.0% and price above 24h EMA; realised vol 80% -> weight 0.25,0.557
1790281435,champion,DOGE,0.095876,0.0,0.0,0.0,hold,hold: weight change +0.000 below threshold 0.05 | flat: 72h return -2.37% not above entry band +1.0%,0.918
1790281435,champion,DOT,1.16335,0.0,0.0,0.0,hold,hold: weight change +0.000 below threshold 0.05 | flat: 72h return -1.03% not above entry band +1.0%,0.43
1790281435,champion,LTC,71.515,0.25,0.25,0.2774,hold,hold: weight change -0.027 below threshold 0.05 | stay long: 72h return +14.45% vs exit band -1.0% and price above 24h EMA; realised vol 109% -> weight 0.25,2.097
1790284923,champion,BTC,84417.25,0.0,0.0,0.0,hold,hold: weight change +0.000 below threshold 0.05 | flat: 72h return -3.03% not above entry band +1.0%,0.006
1790284923,champion,ETH,2689.715,0.0,0.0,0.0,hold,hold: weight change +0.000 below threshold 0.05 | flat: 72h return -3.49% not above entry band +1.0%,0.204
1790284923,champion,SOL,116.915,0.0,0.0,0.0,hold,hold: weight change +0.000 below threshold 0.05 | flat: 72h return -2.02% not above entry band +1.0%,0.428
1790284923,champion,ADA,0.248764,0.25,0.25,0.2511,hold,hold: weight change -0.001 below threshold 0.05 | stay long: 72h return +0.41% vs exit band -1.0% and price above 24h EMA; realised vol 93% -> weight 0.25,1.427
1790284923,champion,AVAX,10.4555,0.0,0.0,0.0,hold,hold: weight change +0.000 below threshold 0.05 | flat: 72h return -6.72% not above entry band +1.0%,1.435
1790284923,champion,LINK,13.23106,0.25,0.25,0.2484,hold,hold: weight change +0.002 below threshold 0.05 | stay long: 72h return +0.16% vs exit band -1.0% and price above 24h EMA; realised vol 80% -> weight 0.25,2.842
1790284923,champion,XRP,1.53583,0.25,0.25,0.2167,hold,hold: weight change +0.033 below threshold 0.05 | stay long: 72h return -0.20% vs exit band -1.0% and price above 24h EMA; realised vol 80% -> weight 0.25,0.521
1790284923,champion,DOGE,0.096177,0.0,0.0,0.0,hold,hold: weight change +0.000 below threshold 0.05 | flat: 72h return -4.41% not above entry band +1.0%,0.515
1790284923,champion,DOT,1.17105,0.0,0.0,0.0,hold,hold: weight change +0.000 below threshold 0.05 | flat: 72h return -1.63% not above entry band +1.0%,2.135
1790284923,champion,LTC,72.155,0.25,0.25,0.2782,hold,hold: weight change -0.028 below threshold 0.05 | stay long: 72h return +14.27% vs exit band -1.0% and price above 24h EMA; realised vol 109% -> weight 0.25,0.693
1790288555,champion,BTC,84084.55,0.0,0.0,0.0,hold,hold: weight change +0.000 below threshold 0.05 | flat: 72h return -2.59% not above entry band +1.0%,0.006
1790288555,champion,ETH,2678.03,0.0,0.0,0.0,hold,hold: weight change +0.000 below threshold 0.05 | flat: 72h return -2.96% not above entry band +1.0%,0.299
1790288555,champion,SOL,116.225,0.0,0.0,0.0,hold,hold: weight change +0.000 below threshold 0.05 | flat: 72h return -1.91% not above entry band +1.0%,0.43
1790288555,champion,ADA,0.246344,0.25,0.25,0.2511,hold,hold: weight change -0.001 below threshold 0.05 | stay long: 72h return +1.69% vs exit band -1.0% and price above 24h EMA; realised vol 92% -> weight 0.25,0.731
1790288555,champion,AVAX,10.345,0.0,0.0,0.0,hold,hold: weight change +0.000 below threshold 0.05 | flat: 72h return -7.05% not above entry band +1.0%,0.967
1790288555,champion,LINK,13.194655,0.25,0.25,0.2501,hold,hold: weight change -0.000 below threshold 0.05 | stay long: 72h return +1.16% vs exit band -1.0% and price above 24h EMA; realised vol 80% -> weight 0.25,0.004
1790288555,champion,XRP,1.530225,0.25,0.25,0.218,hold,hold: weight change +0.032 below threshold 0.05 | stay long: 72h return -0.69% vs exit band -1.0% and price above 24h EMA; realised vol 80% -> weight 0.25,0.033
1790288555,champion,DOGE,0.095107,0.0,0.0,0.0,hold,hold: weight change +0.000 below threshold 0.05 | flat: 72h return -3.32% not above entry band +1.0%,0.499
1790288555,champion,DOT,1.15745,0.0,0.0,0.0,hold,hold: weight change +0.000 below threshold 0.05 | flat: 72h return -1.87% not above entry band +1.0%,0.432
1790288555,champion,LTC,70.635,0.25,0.25,0.275,hold,hold: weight change -0.025 below threshold 0.05 | stay long: 72h return +15.32% vs exit band -1.0% and price above 24h EMA; realised vol 109% -> weight 0.25,0.708
1790292038,champion,BTC,84317.95,0.0,0.0,0.0,hold,hold: weight change +0.000 below threshold 0.05 | flat: 72h return -2.51% not above entry band +1.0% and price below 24h EMA,0.006
1790292038,champion,ETH,2687.175,0.0,0.0,0.0,hold,hold: weight change +0.000 below threshold 0.05 | flat: 72h return -3.37% not above entry band +1.0%,0.019
1790292038,champion,SOL,116.635,0.0,0.0,0.0,hold,hold: weight change +0.000 below threshold 0.05 | flat: 72h return -2.36% not above entry band +1.0%,0.429
1790292038,champion,ADA,0.248293,0.25,0.25,0.2511,hold,hold: weight change -0.001 below threshold 0.05 | stay long: 72h return +0.52% vs exit band -1.0% and price above 24h EMA; realised vol 93% -> weight 0.25,0.685
1790292038,champion,AVAX,10.1575,0.0,0.0,0.0,hold,hold: weight change +0.000 below threshold 0.05 | flat: 72h return -9.40% not above entry band +1.0% and price below 24h EMA,0.492
1790292038,champion,LINK,13.20618,0.25,0.25,0.2484,hold,hold: weight change +0.002 below threshold 0.05 | stay long: 72h return -0.05% vs exit band -1.0% and price above 24h EMA; realised vol 80% -> weight 0.25,2.416
1790292038,champion,XRP,1.533825,0.0,0.0,0.2169,sell,exit: 72h return -1.48% fell below exit band -1.0%,0.75
1790292038,champion,DOGE,0.095686,0.0,0.0,0.0,hold,hold: weight change +0.000 below threshold 0.05 | flat: 72h return -4.84% not above entry band +1.0%,0.152
1790292038,champion,DOT,1.1585,0.0,0.0,0.0,hold,hold: weight change +0.000 below threshold 0.05 | flat: 72h return -4.29% not above entry band +1.0%,3.453
1790292038,champion,LTC,71.915,0.25,0.25,0.2779,hold,hold: weight change -0.028 below threshold 0.05 | stay long: 72h return +15.80% vs exit band -1.0% and price above 24h EMA; realised vol 109% -> weight 0.25,0.695
1790296226,champion,BTC,84616.25,0.0,0.0,0.0,hold,hold: weight change +0.000 below threshold 0.05 | flat: 72h return -2.56% not above entry band +1.0%,0.006
1790296226,champion,ETH,2689.855,0.0,0.0,0.0,hold,hold: weight change +0.000 below threshold 0.05 | flat: 72h return -3.19% not above entry band +1.0%,0.019
1790296226,champion,SOL,117.385,0.0,0.0,0.0,hold,hold: weight change +0.000 below threshold 0.05 | flat: 72h return -1.56% not above entry band +1.0%,0.426
1790296226,champion,ADA,0.249373,0.25,0.25,0.2525,hold,hold: weight change -0.003 below threshold 0.05 | stay long: 72h return +0.91% vs exit band -1.0% and price above 24h EMA; realised vol 92% -> weight 0.25,1.644
1790296226,champion,AVAX,10.2255,0.0,0.0,0.0,hold,hold: weight change +0.000 below threshold 0.05 | flat: 72h return -9.13% not above entry band +1.0% and price below 24h EMA,0.489
1790296226,champion,LINK,13.279635,0.25,0.25,0.2501,hold,hold: weight change -0.000 below threshold 0.05 | stay long: 72h return +0.25% vs exit band -1.0% and price above 24h EMA; realised vol 80% -> weight 0.25,1.442
1790296226,champion,XRP,1.55393,0.0,0.0,0.0,hold,hold: weight change +0.000 below threshold 0.05 | flat: 72h return -0.14% not above entry band +1.0%,1.03
1790296226,champion,DOGE,0.096015,0.0,0.0,0.0,hold,hold: weight change +0.000 below threshold 0.05 | flat: 72h return -4.14% not above entry band +1.0%,0.536
1790296226,champion,DOT,1.15315,0.0,0.0,0.0,hold,hold: weight change +0.000 below threshold 0.05 | flat: 72h return -4.34% not above entry band +1.0%,3.035
1790296226,champion,LTC,71.065,0.25,0.25,0.2749,hold,hold: weight change -0.025 below threshold 0.05 | stay long: 72h return +15.94% vs exit band -1.0% and price above 24h EMA; realised vol 109% -> weight 0.25,0.704
1790299247,champion,BTC,84631.55,0.0,0.0,0.0,hold,hold: weight change +0.000 below threshold 0.05 | flat: 72h return -1.53% not above entry band +1.0%,0.006
1790299247,champion,ETH,2692.865,0.0,0.0,0.0,hold,hold: weight change +0.000 below threshold 0.05 | flat: 72h return -2.33% not above entry band +1.0%,0.019
1790299247,champion,SOL,117.545,0.0,0.0,0.0,hold,hold: weight change +0.000 below threshold 0.05 | flat: 72h return -0.76% not above entry band +1.0%,0.425
1790299247,champion,ADA,0.251931,0.25,0.25,0.2532,hold,hold: weight change -0.003 below threshold 0.05 | stay long: 72h return +2.04% vs exit band -1.0% and price above 24h EMA; realised vol 92% -> weight 0.25,1.667
1790299247,champion,AVAX,10.278,0.0,0.0,0.0,hold,hold: weight change +0.000 below threshold 0.05 | flat: 72h return -8.18% not above entry band +1.0% and price below 24h EMA,0.973
1790299247,champion,LINK,13.42926,0.25,0.25,0.251,hold,hold: weight change -0.001 below threshold 0.05 | stay long: 72h return +1.35% vs exit band -1.0% and price above 24h EMA; realised vol 80% -> weight 0.25,2.8
1790299247,champion,XRP,1.545665,0.25,0.25,0.0,buy,enter long: 72h return +1.54% vs entry band +1.0% and price above 24h EMA; realised vol 80% -> weight 0.25,0.809
1790299247,champion,DOGE,0.096439,0.0,0.0,0.0,hold,hold: weight change +0.000 below threshold 0.05 | flat: 72h return -2.91% not above entry band +1.0%,0.005
1790299247,champion,DOT,1.1609,0.0,0.0,0.0,hold,hold: weight change +0.000 below threshold 0.05 | flat: 72h return -3.27% not above entry band +1.0%,0.861
1790299247,champion,LTC,71.655,0.25,0.25,0.2751,hold,hold: weight change -0.025 below threshold 0.05 | stay long: 72h return +15.84% vs exit band -1.0% and price above 24h EMA; realised vol 109% -> weight 0.25,2.093
1790302874,champion,BTC,84807.05,0.0,0.0,0.0,hold,hold: weight change +0.000 below threshold 0.05 | flat: 72h return -1.18% not above entry band +1.0%,0.006
1790302874,champion,ETH,2696.49,0.0,0.0,0.0,hold,hold: weight change +0.000 below threshold 0.05 | flat: 72h return -2.15% not above entry band +1.0%,0.074
1790302874,champion,SOL,118.245,0.0,0.0,0.0,hold,hold: weight change +0.000 below threshold 0.05 | flat: 72h return -0.11% not above entry band +1.0%,0.423
1790302874,champion,ADA,0.250449,0.25,0.25,0.2528,hold,hold: weight change -0.003 below threshold 0.05 | stay long: 72h return +1.81% vs exit band -1.0% and price above 24h EMA; realised vol 91% -> weight 0.25,2.096
1790302874,champion,AVAX,10.3125,0.0,0.0,0.0,hold,hold: weight change +0.000 below threshold 0.05 | flat: 72h return -8.18% not above entry band +1.0% and price below 24h EMA,1.455
1790302874,champion,LINK,13.38076,0.25,0.25,0.2512,hold,hold: weight change -0.001 below threshold 0.05 | stay long: 72h return +3.12% vs exit band -1.0% and price above 24h EMA; realised vol 80% -> weight 0.25,2.339
1790302874,champion,XRP,1.547395,0.25,0.25,0.2216,hold,hold: weight change +0.028 below threshold 0.05 | stay long: 72h return +1.93% vs exit band -1.0% and price above 24h EMA; realised vol 80% -> weight 0.25,1.713
1790302874,champion,DOGE,0.096228,0.0,0.0,0.0,hold,hold: weight change +0.000 below threshold 0.05 | flat: 72h return -3.86% not above entry band +1.0%,0.353
1790302874,champion,DOT,1.1522,0.0,0.0,0.0,hold,hold: weight change +0.000 below threshold 0.05 | flat: 72h return -4.19% not above entry band +1.0%,2.604
1790302874,champion,LTC,71.18,0.25,0.25,0.2744,hold,hold: weight change -0.024 below threshold 0.05 | stay long: 72h return +17.29% vs exit band -1.0% and price above 24h EMA; realised vol 109% -> weight 0.25,1.405
1790306482,champion,BTC,84245.85,0.0,0.0,0.0,hold,hold: weight change +0.000 below threshold 0.05 | flat: 72h return -1.75% not above entry band +1.0% and price below 24h EMA,0.006
1790306482,champion,ETH,2677.155,0.0,0.0,0.0,hold,hold: weight change +0.000 below threshold 0.05 | flat: 72h return -2.32% not above entry band +1.0% and price below 24h EMA,0.019
1790306482,champion,SOL,116.965,0.0,0.0,0.0,hold,hold: weight change +0.000 below threshold 0.05 | flat: 72h return +0.00% not above entry band +1.0%,0.427
1790306482,champion,ADA,0.247541,0.25,0.25,0.2515,hold,hold: weight change -0.002 below threshold 0.05 | stay long: 72h return +0.68% vs exit band -1.0% and price above 24h EMA; realised vol 90% -> weight 0.25,1.535
1790306482,champion,AVAX,10.1165,0.0,0.0,0.0,hold,hold: weight change +0.000 below threshold 0.05 | flat: 72h return -8.65% not above entry band +1.0% and price below 24h EMA,1.483
1790306482,champion,LINK,13.370815,0.25,0.25,0.2527,hold,hold: weight change -0.003 below threshold 0.05 | stay long: 72h return +2.48% vs exit band -1.0% and price above 24h EMA; realised vol 81% -> weight 0.25,1.911
1790306482,champion,XRP,1.528835,0.25,0.25,0.2205,hold,hold: weight change +0.030 below threshold 0.05 | stay long: 72h return +0.86% vs exit band -1.0% and price above 24h EMA; realised vol 80% -> weight 0.25,0.294
1790306482,champion,DOGE,0.095111,0.0,0.0,0.0,hold,hold: weight change +0.000 below threshold 0.05 | flat: 72h return -4.09% not above entry band +1.0% and price below 24h EMA,0.273
1790306482,champion,DOT,1.13585,0.0,0.0,0.0,hold,hold: weight change +0.000 below threshold 0.05 | flat: 72h return -4.43% not above entry band +1.0% and price below 24h EMA,3.962
1790306482,champion,LTC,70.945,0.25,0.25,0.2754,hold,hold: weight change -0.025 below threshold 0.05 | stay long: 72h return +17.00% vs exit band -1.0% and price above 24h EMA; realised vol 109% -> weight 0.25,0.705
1790310197,champion,BTC,84093.05,0.0,0.0,0.0,hold,hold: weight change +0.000 below threshold 0.05 | flat: 72h return -1.71% not above entry band +1.0% and price below 24h EMA,0.006
1790310197,champion,ETH,2674.555,0.0,0.0,0.0,hold,hold: weight change +0.000 below threshold 0.05 | flat: 72h return -2.22% not above entry band +1.0% and price below 24h EMA,0.019
1790310197,champion,SOL,116.47,0.0,0.0,0.0,hold,hold: weight change +0.000 below threshold 0.05 | flat: 72h return +0.07% not above entry band +1.0%,0.859
1790310197,champion,ADA,0.248085,0.25,0.25,0.2521,hold,hold: weight change -0.002 below threshold 0.05 | stay long: 72h return -0.11% vs exit band -1.0% and price above 24h EMA; realised vol 90% -> weight 0.25,1.25
1790310197,champion,AVAX,10.2485,0.0,0.0,0.0,hold,hold: weight change +0.000 below threshold 0.05 | flat: 72h return -7.48% not above entry band +1.0% and price below 24h EMA,0.488
1790310197,champion,LINK,13.34576,0.25,0.25,0.2522,hold,hold: weight change -0.002 below threshold 0.05 | stay long: 72h return +3.20% vs exit band -1.0% and price above 24h EMA; realised vol 81% -> weight 0.25,2.345
1790310197,champion,XRP,1.52967,0.25,0.25,0.2206,hold,hold: weight change +0.029 below threshold 0.05 | stay long: 72h return +0.97% vs exit band -1.0% and price above 24h EMA; realised vol 80% -> weight 0.25,0.458
1790310197,champion,DOGE,0.095203,0.0,0.0,0.0,hold,hold: weight change +0.000 below threshold 0.05 | flat: 72h return -6.66% not above entry band +1.0% and price below 24h EMA,0.005
1790310197,champion,DOT,1.1419,0.0,0.0,0.0,hold,hold: weight change +0.000 below threshold 0.05 | flat: 72h return -4.34% not above entry band +1.0% and price below 24h EMA,0.876
1790310197,champion,LTC,70.835,0.25,0.25,0.275,hold,hold: weight change -0.025 below threshold 0.05 | stay long: 72h return +15.86% vs exit band -1.0% and price above 24h EMA; realised vol 109% -> weight 0.25,2.118
1790313703,champion,BTC,84170.65,0.0,0.0,0.0,hold,hold: weight change +0.000 below threshold 0.05 | flat: 72h return -1.46% not above entry band +1.0% and price below 24h EMA,0.006
1790313703,champion,ETH,2677.765,0.0,0.0,0.0,hold,hold: weight change +0.000 below threshold 0.05 | flat: 72h return -1.78% not above entry band +1.0% and price below 24h EMA,0.019
1790313703,champion,SOL,116.445,0.0,0.0,0.0,hold,hold: weight change +0.000 below threshold 0.05 | flat: 72h return +0.01% not above entry band +1.0%,0.429
1790313703,champion,ADA,0.247484,0.25,0.25,0.2513,hold,hold: weight change -0.001 below threshold 0.05 | stay long: 72h return +0.70% vs exit band -1.0% and price above 24h EMA; realised vol 90% -> weight 0.25,0.02
1790313703,champion,AVAX,10.1795,0.0,0.0,0.0,hold,hold: weight change +0.000 below threshold 0.05 | flat: 72h return -4.90% not above entry band +1.0% and price below 24h EMA,0.491
1790313703,champion,LINK,13.39258,0.25,0.25,0.2529,hold,hold: weight change -0.003 below threshold 0.05 | stay long: 72h return +3.74% vs exit band -1.0% and price above 24h EMA; realised vol 81% -> weight 0.25,1.688
1790313703,champion,XRP,1.533145,0.25,0.25,0.2209,hold,hold: weight change +0.029 below threshold 0.05 | stay long: 72h return +1.45% vs exit band -1.0% and price above 24h EMA; realised vol 80% -> weight 0.25,0.359
1790313703,champion,DOGE,0.094957,0.0,0.0,0.0,hold,hold: weight change +0.000 below threshold 0.05 | flat: 72h return -4.79% not above entry band +1.0% and price below 24h EMA,0.163
1790313703,champion,DOT,1.14195,0.0,0.0,0.0,hold,hold: weight change +0.000 below threshold 0.05 | flat: 72h return -2.98% not above entry band +1.0% and price below 24h EMA,0.438
1790313703,champion,LTC,70.855,0.25,0.25,0.2749,hold,hold: weight change -0.025 below threshold 0.05 | stay long: 72h return +16.48% vs exit band -1.0% and price above 24h EMA; realised vol 109% -> weight 0.25,0.706
1790317673,champion,BTC,84075.45,0.0,0.0,0.0,hold,hold: weight change +0.000 below threshold 0.05 | flat: 72h return -1.42% not above entry band +1.0% and price below 24h EMA,0.006
1790317673,champion,ETH,2675.565,0.0,0.0,0.0,hold,hold: weight change +0.000 below threshold 0.05 | flat: 72h return -1.94% not above entry band +1.0% and price below 24h EMA,0.019
1790317673,champion,SOL,116.385,0.0,0.0,0.0,hold,hold: weight change +0.000 below threshold 0.05 | flat: 72h return -0.33% not above entry band +1.0%,0.43
1790317673,champion,ADA,0.247799,0.25,0.25,0.2513,hold,hold: weight change -0.001 below threshold 0.05 | stay long: 72h return +1.11% vs exit band -1.0% and price above 24h EMA; realised vol 89% -> weight 0.25,1.17
1790317673,champion,AVAX,10.1665,0.0,0.0,0.0,hold,hold: weight change +0.000 below threshold 0.05 | flat: 72h return -4.63% not above entry band +1.0% and price below 24h EMA,1.475
1790317673,champion,LINK,13.378505,0.25,0.25,0.2524,hold,hold: weight change -0.002 below threshold 0.05 | stay long: 72h return +3.91% vs exit band -1.0% and price above 24h EMA; realised vol 81% -> weight 0.25,1.357
1790317673,champion,XRP,1.527435,0.25,0.25,0.2199,hold,hold: weight change +0.030 below threshold 0.05 | stay long: 72h return +0.96% vs exit band -1.0% and price above 24h EMA; realised vol 80% -> weight 0.25,0.426
1790317673,champion,DOGE,0.094957,0.0,0.0,0.0,hold,hold: weight change +0.000 below threshold 0.05 | flat: 72h return -4.94% not above entry band +1.0% and price below 24h EMA,0.721
1790317673,champion,DOT,1.15625,0.0,0.0,0.0,hold,hold: weight change +0.000 below threshold 0.05 | flat: 72h return -2.20% not above entry band +1.0%,3.027
1790317673,champion,LTC,71.34,0.25,0.25,0.2764,hold,hold: weight change -0.026 below threshold 0.05 | stay long: 72h return +16.58% vs exit band -1.0% and price above 24h EMA; realised vol 109% -> weight 0.25,1.402
1790321023,champion,BTC,83978.05,0.0,0.0,0.0,hold,hold: weight change +0.000 below threshold 0.05 | flat: 72h return -1.56% not above entry band +1.0% and price below 24h EMA,0.006
1790321023,champion,ETH,2675.525,0.0,0.0,0.0,hold,hold: weight change +0.000 below threshold 0.05 | flat: 72h return -2.05% not above entry band +1.0% and price below 24h EMA,0.093
1790321023,champion,SOL,116.385,0.0,0.0,0.0,hold,hold: weight change +0.000 below threshold 0.05 | flat: 72h return -0.22% not above entry band +1.0% and price below 24h EMA,0.43
1790321023,champion,ADA,0.248545,0.25,0.25,0.251,hold,hold: weight change -0.001 below threshold 0.05 | stay long: 72h return +0.83% vs exit band -1.0% and price above 24h EMA; realised vol 89% -> weight 0.25,1.066
1790321023,champion,AVAX,10.2195,0.0,0.0,0.0,hold,hold: weight change +0.000 below threshold 0.05 | flat: 72h return -4.96% not above entry band +1.0% and price below 24h EMA,1.468
1790321023,champion,LINK,13.515135,0.25,0.25,0.2538,hold,hold: weight change -0.004 below threshold 0.05 | stay long: 72h return +3.68% vs exit band -1.0% and price above 24h EMA; realised vol 81% -> weight 0.25,3.156
1790321023,champion,XRP,1.535065,0.25,0.25,0.22,hold,hold: weight change +0.030 below threshold 0.05 | stay long: 72h return +0.69% vs exit band -1.0% and price above 24h EMA; realised vol 80% -> weight 0.25,0.293
1790321023,champion,DOGE,0.095276,0.0,0.0,0.0,hold,hold: weight change +0.000 below threshold 0.05 | flat: 72h return -4.84% not above entry band +1.0% and price below 24h EMA,0.252
1790321023,champion,DOT,1.15795,0.0,0.0,0.0,hold,hold: weight change +0.000 below threshold 0.05 | flat: 72h return -0.97% not above entry band +1.0%,3.023
1790321023,champion,LTC,71.37,0.25,0.25,0.2753,hold,hold: weight change -0.025 below threshold 0.05 | stay long: 72h return +17.61% vs exit band -1.0% and price above 24h EMA; realised vol 109% -> weight 0.25,1.401
1790324671,champion,BTC,84381.55,0.0,0.0,0.0,hold,hold: weight change +0.000 below threshold 0.05 | flat: 72h return -1.54% not above entry band +1.0% and price below 24h EMA,0.006
1790324671,champion,ETH,2691.805,0.0,0.0,0.0,hold,hold: weight change +0.000 below threshold 0.05 | flat: 72h return -2.01% not above entry band +1.0% and price below 24h EMA,0.019
1790324671,champion,SOL,117.335,0.0,0.0,0.0,hold,hold: weight change +0.000 below threshold 0.05 | flat: 72h return +0.04% not above entry band +1.0%,0.426
1790324671,champion,ADA,0.252846,0.25,0.25,0.2524,hold,hold: weight change -0.002 below threshold 0.05 | stay long: 72h return +1.50% vs exit band -1.0% and price above 24h EMA; realised vol 89% -> weight 0.25,0.89
1790324671,champion,AVAX,10.3595,0.0,0.0,0.0,hold,hold: weight change +0.000 below threshold 0.05 | flat: 72h return -4.84% not above entry band +1.0% and price below 24h EMA,1.448
1790324671,champion,LINK,13.773565,0.25,0.25,0.2557,hold,hold: weight change -0.006 below threshold 0.05 | stay long: 72h return +4.69% vs exit band -1.0% and price above 24h EMA; realised vol 81% -> weight 0.25,1.354
1790324671,champion,XRP,1.546595,0.25,0.25,0.2191,hold,hold: weight change +0.031 below threshold 0.05 | stay long: 72h return +1.06% vs exit band -1.0% and price above 24h EMA; realised vol 80% -> weight 0.25,0.42
1790324671,champion,DOGE,0.096235,0.0,0.0,0.0,hold,hold: weight change +0.000 below threshold 0.05 | flat: 72h return -3.28% not above entry band +1.0%,0.499
1790324671,champion,DOT,1.17575,0.0,0.0,0.0,hold,hold: weight change +0.000 below threshold 0.05 | flat: 72h return -0.71% not above entry band +1.0%,2.977
1790324671,champion,LTC,71.525,0.25,0.25,0.2728,hold,hold: weight change -0.023 below threshold 0.05 | stay long: 72h return +17.81% vs exit band -1.0% and price above 24h EMA; realised vol 109% -> weight 0.25,2.097
1790328239,champion,BTC,84630.65,0.0,0.0,0.0,hold,hold: weight change +0.000 below threshold 0.05 | flat: 72h return -2.08% not above entry band +1.0%,0.006
1790328239,champion,ETH,2696.085,0.0,0.0,0.0,hold,hold: weight change +0.000 below threshold 0.05 | flat: 72h return -2.10% not above entry band +1.0%,0.019
1790328239,champion,SOL,117.665,0.0,0.0,0.0,hold,hold: weight change +0.000 below threshold 0.05 | flat: 72h return -0.16% not above entry band +1.0%,0.425
1790328239,champion,ADA,0.252459,0.25,0.25,0.2519,hold,hold: weight change -0.002 below threshold 0.05 | stay long: 72h return +0.96% vs exit band -1.0% and price above 24h EMA; realised vol 90% -> weight 0.25,1.664
1790328239,champion,AVAX,10.3735,0.0,0.0,0.0,hold,hold: weight change +0.000 below threshold 0.05 | flat: 72h return -4.76% not above entry band +1.0%,1.446
1790328239,champion,LINK,13.950515,0.25,0.25,0.2589,hold,hold: weight change -0.009 below threshold 0.05 | stay long: 72h return +6.62% vs exit band -1.0% and price above 24h EMA; realised vol 83% -> weight 0.25,3.236
1790328239,champion,XRP,1.550455,0.25,0.25,0.2196,hold,hold: weight change +0.030 below threshold 0.05 | stay long: 72h return -0.21% vs exit band -1.0% and price above 24h EMA; realised vol 80% -> weight 0.25,0.355
1790328239,champion,DOGE,0.096404,0.0,0.0,0.0,hold,hold: weight change +0.000 below threshold 0.05 | flat: 72h return -3.39% not above entry band +1.0%,0.067
1790328239,champion,DOT,1.1655,0.0,0.0,0.0,hold,hold: weight change +0.000 below threshold 0.05 | flat: 72h return -0.97% not above entry band +1.0%,1.716
1790328239,champion,LTC,70.725,0.25,0.25,0.2696,hold,hold: weight change -0.020 below threshold 0.05 | stay long: 72h return +16.02% vs exit band -1.0% and price above 24h EMA; realised vol 110% -> weight 0.25,0.707
1790331771,champion,BTC,84449.05,0.0,0.0,0.0,hold,hold: weight change +0.000 below threshold 0.05 | flat: 72h return -1.94% not above entry band +1.0%,0.006
1790331771,champion,ETH,2701.975,0.0,0.0,0.0,hold,hold: weight change +0.000 below threshold 0.05 | flat: 72h return -1.67% not above entry band +1.0%,0.019
1790331771,champion,SOL,118.165,0.0,0.0,0.0,hold,hold: weight change +0.000 below threshold 0.05 | flat: 72h return +0.78% not above entry band +1.0%,0.423
1790331771,champion,ADA,0.251599,0.25,0.25,0.2517,hold,hold: weight change -0.002 below threshold 0.05 | stay long: 72h return +2.06% vs exit band -1.0% and price above 24h EMA; realised vol 90% -> weight 0.25,1.252
1790331771,champion,AVAX,10.3585,0.0,0.0,0.0,hold,hold: weight change +0.000 below threshold 0.05 | flat: 72h return -4.48% not above entry band +1.0%,1.448
1790331771,champion,LINK,13.907965,0.25,0.25,0.2588,hold,hold: weight change -0.009 below threshold 0.05 | stay long: 72h return +8.53% vs exit band -1.0% and price above 24h EMA; realised vol 84% -> weight 0.25,1.104
1790331771,champion,XRP,1.547095,0.25,0.25,0.2197,hold,hold: weight change +0.030 below threshold 0.05 | stay long: 72h return +0.76% vs exit band -1.0% and price above 24h EMA; realised vol 80% -> weight 0.25,0.032
1790331771,champion,DOGE,0.096191,0.0,0.0,0.0,hold,hold: weight change +0.000 below threshold 0.05 | flat: 72h return -2.12% not above entry band +1.0%,0.582
1790331771,champion,DOT,1.1663,0.0,0.0,0.0,hold,hold: weight change +0.000 below threshold 0.05 | flat: 72h return +0.40% not above entry band +1.0%,2.572
1790331771,champion,LTC,70.585,0.25,0.25,0.2698,hold,hold: weight change -0.020 below threshold 0.05 | stay long: 72h return +17.12% vs exit band -1.0% and price above 24h EMA; realised vol 109% -> weight 0.25,0.708
1790335355,champion,BTC,85021.65,0.0,0.0,0.0,hold,hold: weight change +0.000 below threshold 0.05 | flat: 72h return -1.37% not above entry band +1.0%,0.006
1790335355,champion,ETH,2729.015,0.0,0.0,0.0,hold,hold: weight change +0.000 below threshold 0.05 | flat: 72h return -1.04% not above entry band +1.0%,0.018
1790335355,champion,SOL,120.915,0.25,0.2,0.0,buy,enter long: 72h return +2.00% vs entry band +1.0% and price above 24h EMA; realised vol 60% -> weight 0.25,0.414
1790335355,champion,ADA,0.256106,0.25,0.2,0.2526,sell,stay long: 72h return +3.02% vs exit band -1.0% and price above 24h EMA; realised vol 89% -> weight 0.25,2.226
1790335355,champion,AVAX,10.5805,0.0,0.0,0.0,hold,hold: weight change +0.000 below threshold 0.05 | flat: 72h return -4.73% not above entry band +1.0%,1.418
1790335355,champion,LINK,14.07563,0.25,0.2,0.2581,sell,stay long: 72h return +7.61% vs exit band -1.0% and price above 24h EMA; realised vol 85% -> weight 0.25,1.911
1790335355,champion,XRP,1.584035,0.25,0.2,0.2217,hold,hold: weight change -0.022 below threshold 0.05 | stay long: 72h return +1.65% vs exit band -1.0% and price above 24h EMA; realised vol 80% -> weight 0.25,1.105
1790335355,champion,DOGE,0.098145,0.0,0.0,0.0,hold,hold: weight change +0.000 below threshold 0.05 | flat: 72h return -0.95% not above entry band +1.0%,0.245
1790335355,champion,DOT,1.17825,0.0,0.0,0.0,hold,hold: weight change +0.000 below threshold 0.05 | flat: 72h return +0.28% not above entry band +1.0%,2.971
1790335355,champion,LTC,71.04,0.25,0.2,0.2676,sell,stay long: 72h return +17.88% vs exit band -1.0% and price above 24h EMA; realised vol 109% -> weight 0.25,1.408
1790339270,champion,BTC,84290.95,0.0,0.0,0.0,hold,hold: weight change +0.000 below threshold 0.05 | flat: 72h return -1.62% not above entry band +1.0%,0.006
1790339270,champion,ETH,2706.495,0.0,0.0,0.0,hold,hold: weight change +0.000 below threshold 0.05 | flat: 72h return -0.91% not above entry band +1.0%,0.018
1790339270,champion,SOL,119.995,0.25,0.1667,0.1773,hold,hold: weight change -0.011 below threshold 0.05 | stay long: 72h return +2.98% vs exit band -1.0% and price above 24h EMA; realised vol 60% -> weight 0.25,0.417
1790339270,champion,ADA,0.25439,0.25,0.1667,0.1995,hold,hold: weight change -0.033 below threshold 0.05 | stay long: 72h return +3.72% vs exit band -1.0% and price above 24h EMA; realised vol 90% -> weight 0.25,0.668
1790339270,champion,AVAX,10.5805,0.0,0.0,0.0,hold,hold: weight change +0.000 below threshold 0.05 | flat: 72h return -2.61% not above entry band +1.0%,1.418
1790339270,champion,LINK,13.93147,0.25,0.1667,0.1988,hold,hold: weight change -0.032 below threshold 0.05 | stay long: 72h return +8.85% vs exit band -1.0% and price above 24h EMA; realised vol 85% -> weight 0.25,2.433
1790339270,champion,XRP,1.60763,0.25,0.1667,0.226,sell,stay long: 72h return +3.72% vs exit band -1.0% and price above 24h EMA; realised vol 81% -> weight 0.25,0.249
1790339270,champion,DOGE,0.097818,0.0,0.0,0.0,hold,hold: weight change +0.000 below threshold 0.05 | flat: 72h return +0.13% not above entry band +1.0%,2.208
1790339270,champion,DOT,1.1848,0.25,0.1667,0.0,buy,enter long: 72h return +2.57% vs entry band +1.0% and price above 24h EMA; realised vol 100% -> weight 0.25,3.376
1790339270,champion,LTC,70.115,0.25,0.1667,0.1983,hold,hold: weight change -0.032 below threshold 0.05 | stay long: 72h return +16.63% vs exit band -1.0% and price above 24h EMA; realised vol 109% -> weight 0.25,0.713
1790342655,champion,BTC,84232.45,0.0,0.0,0.0,hold,hold: weight change +0.000 below threshold 0.05 | flat: 72h return -1.81% not above entry band +1.0%,0.006
1790342655,champion,ETH,2706.845,0.0,0.0,0.0,hold,hold: weight change +0.000 below threshold 0.05 | flat: 72h return -1.42% not above entry band +1.0%,0.018
1790342655,champion,SOL,119.97,0.25,0.1667,0.1771,hold,hold: weight change -0.010 below threshold 0.05 | stay long: 72h return +2.78% vs exit band -1.0% and price above 24h EMA; realised vol 60% -> weight 0.25,0.834
1790342655,champion,ADA,0.255911,0.25,0.1667,0.2005,hold,hold: weight change -0.034 below threshold 0.05 | stay long: 72h return +3.05% vs exit band -1.0% and price above 24h EMA; realised vol 90% -> weight 0.25,2.032
1790342655,champion,AVAX,10.498,0.0,0.0,0.0,hold,hold: weight change +0.000 below threshold 0.05 | flat: 72h return -2.89% not above entry band +1.0%,0.953
1790342655,champion,LINK,14.037275,0.25,0.1667,0.2001,hold,hold: weight change -0.033 below threshold 0.05 | stay long: 72h return +7.94% vs exit band -1.0% and price above 24h EMA; realised vol 85% -> weight 0.25,2.675
1790342655,champion,XRP,1.592135,0.25,0.1667,0.1648,hold,hold: weight change +0.002 below threshold 0.05 | stay long: 72h return +3.83% vs exit band -1.0% and price above 24h EMA; realised vol 81% -> weight 0.25,0.659
1790342655,champion,DOGE,0.097895,0.0,0.0,0.0,hold,hold: weight change +0.000 below threshold 0.05 | flat: 72h return -1.18% not above entry band +1.0%,1.808
1790342655,champion,DOT,1.1881,0.25,0.1667,0.0593,none,no fill possible (no cash or no position) | stay long: 72h return +1.86% vs exit band -1.0% and price above 24h EMA; realised vol 100% -> weight 0.25,2.525
1790342655,champion,LTC,70.21,0.25,0.1667,0.1983,hold,hold: weight change -0.032 below threshold 0.05 | stay long: 72h return +14.26% vs exit band -1.0% and price within 2.0% of 24h EMA; realised vol 110% -> weight 0.25,1.424
1790346257,champion,BTC,83627.05,0.0,0.0,0.0,hold,hold: weight change +0.000 below threshold 0.05 | flat: 72h return -2.78% not above entry band +1.0% and price below 24h EMA,0.006
1790346257,champion,ETH,2686.89,0.0,0.0,0.0,hold,hold: weight change +0.000 below threshold 0.05 | flat: 72h return -2.30% not above entry band +1.0%,0.112
1790346257,champion,SOL,119.805,0.25,0.1667,0.1787,hold,hold: weight change -0.012 below threshold 0.05 | stay long: 72h return +1.27% vs exit band -1.0% and price above 24h EMA; realised vol 58% -> weight 0.25,0.417
1790346257,champion,ADA,0.252426,0.25,0.1667,0.1998,hold,hold: weight change -0.033 below threshold 0.05 | stay long: 72h return +0.73% vs exit band -1.0% and price above 24h EMA; realised vol 90% -> weight 0.25,1.981
1790346257,champion,AVAX,10.333,0.0,0.0,0.0,hold,hold: weight change +0.000 below threshold 0.05 | flat: 72h return -5.67% not above entry band +1.0%,3.871
1790346257,champion,LINK,13.83971,0.25,0.1667,0.1993,hold,hold: weight change -0.033 below threshold 0.05 | stay long: 72h return +6.59% vs exit band -1.0% and price above 24h EMA; realised vol 85% -> weight 0.25,2.681
1790346257,champion,XRP,1.574465,0.25,0.1667,0.1647,hold,hold: weight change +0.002 below threshold 0.05 | stay long: 72h return -0.32% vs exit band -1.0% and price above 24h EMA; realised vol 79% -> weight 0.25,2.826
1790346257,champion,DOGE,0.096996,0.0,0.0,0.0,hold,hold: weight change +0.000 below threshold 0.05 | flat: 72h return -3.13% not above entry band +1.0%,2.686
1790346257,champion,DOT,1.18,0.25,0.1667,0.0595,none,no fill possible (no cash or no position) | stay long: 72h return -0.24% vs exit band -1.0% and price above 24h EMA; realised vol 100% -> weight 0.25,3.39
1790346257,champion,LTC,69.36,0.25,0.1667,0.1979,hold,hold: weight change -0.031 below threshold 0.05 | stay long: 72h return +12.29% vs exit band -1.0% and price within 2.0% of 24h EMA; realised vol 110% -> weight 0.25,2.884
1790349850,champion,BTC,83884.95,0.0,0.0,0.0,hold,hold: weight change +0.000 below threshold 0.05 | flat: 72h return -2.60% not above entry band +1.0% and price below 24h EMA,0.006
1790349850,champion,ETH,2692.845,0.0,0.0,0.0,hold,hold: weight change +0.000 below threshold 0.05 | flat: 72h return -1.72% not above entry band +1.0%,0.019
1790349850,champion,SOL,120.62,0.25,0.1667,0.1787,hold,hold: weight change -0.012 below threshold 0.05 | stay long: 72h return +3.01% vs exit band -1.0% and price above 24h EMA; realised vol 57% -> weight 0.25,0.829
1790349850,champion,ADA,0.254552,0.25,0.1667,0.2002,hold,hold: weight change -0.034 below threshold 0.05 | stay long: 72h return +1.83% vs exit band -1.0% and price above 24h EMA; realised vol 89% -> weight 0.25,0.02
1790349850,champion,AVAX,10.3535,0.0,0.0,0.0,hold,hold: weight change +0.000 below threshold 0.05 | flat: 72h return -5.78% not above entry band +1.0%,0.483
1790349850,champion,LINK,13.911445,0.25,0.1667,0.1991,hold,hold: weight change -0.032 below threshold 0.05 | stay long: 72h return +8.49% vs exit band -1.0% and price above 24h EMA; realised vol 84% -> weight 0.25,1.369
1790349850,champion,XRP,1.588645,0.25,0.1667,0.1651,hold,hold: weight change +0.002 below threshold 0.05 | stay long: 72h return +1.57% vs exit band -1.0% and price above 24h EMA; realised vol 77% -> weight 0.25,0.724
1790349850,champion,DOGE,0.097539,0.0,0.0,0.0,hold,hold: weight change +0.000 below threshold 0.05 | flat: 72h return -2.19% not above entry band +1.0%,1.041
1790349850,champion,DOT,1.1822,0.25,0.1667,0.0592,none,no fill possible (no cash or no position) | stay long: 72h return +1.89% vs exit band -1.0% and price above 24h EMA; realised vol 100% -> weight 0.25,2.538
1790349850,champion,LTC,69.695,0.25,0.1667,0.1976,hold,hold: weight change -0.031 below threshold 0.05 | stay long: 72h return +13.59% vs exit band -1.0% and price within 2.0% of 24h EMA; realised vol 109% -> weight 0.25,0.717
1790353468,champion,BTC,83971.25,0.0,0.0,0.0,hold,hold: weight change +0.000 below threshold 0.05 | flat: 72h return -3.04% not above entry band +1.0% and price below 24h EMA,0.006
1790353468,champion,ETH,2688.515,0.0,0.0,0.0,hold,hold: weight change +0.000 below threshold 0.05 | flat: 72h return -2.09% not above entry band +1.0% and price below 24h EMA,0.019
1790353468,champion,SOL,120.995,0.25,0.1667,0.1795,hold,hold: weight change -0.013 below threshold 0.05 | stay long: 72h return +2.33% vs exit band -1.0% and price above 24h EMA; realised vol 57% -> weight 0.25,0.413
1790353468,champion,ADA,0.255256,0.25,0.1667,0.201,hold,hold: weight change -0.034 below threshold 0.05 | stay long: 72h return +0.76% vs exit band -1.0% and price above 24h EMA; realised vol 89% -> weight 0.25,2.155
1790353468,champion,AVAX,10.4315,0.0,0.0,0.0,hold,hold: weight change +0.000 below threshold 0.05 | flat: 72h return -6.76% not above entry band +1.0% and price below 24h EMA,0.479
1790353468,champion,LINK,13.799715,0.25,0.1667,0.1977,hold,hold: weight change -0.031 below threshold 0.05 | stay long: 72h return +6.00% vs exit band -1.0% and price above 24h EMA; realised vol 85% -> weight 0.25,2.801
1790353468,champion,XRP,1.57428,0.25,0.1667,0.1638,hold,hold: weight change +0.003 below threshold 0.05 | stay long: 72h return +0.26% vs exit band -1.0% and price above 24h EMA; realised vol 77% -> weight 0.25,0.064
1790353468,champion,DOGE,0.097734,0.0,0.0,0.0,hold,hold: weight change +0.000 below threshold 0.05 | flat: 72h return -2.55% not above entry band +1.0%,0.271
1790353468,champion,DOT,1.1834,0.25,0.1667,0.0594,none,no fill possible (no cash or no position) | stay long: 72h return +0.40% vs exit band -1.0% and price above 24h EMA; realised vol 100% -> weight 0.25,1.69
1790353468,champion,LTC,69.935,0.25,0.1667,0.1985,hold,hold: weight change -0.032 below threshold 0.05 | stay long: 72h return +14.35% vs exit band -1.0% and price within 2.0% of 24h EMA; realised vol 109% -> weight 0.25,0.715
1790356918,champion,BTC,83884.25,0.0,0.0,0.0,hold,hold: weight change +0.000 below threshold 0.05 | flat: 72h return -3.14% not above entry band +1.0% and price below 24h EMA,0.006
1790356918,champion,ETH,2688.505,0.0,0.0,0.0,hold,hold: weight change +0.000 below threshold 0.05 | flat: 72h return -2.30% not above entry band +1.0% and price below 24h EMA,0.019
1790356918,champion,SOL,121.015,0.25,0.1667,0.1798,hold,hold: weight change -0.013 below threshold 0.05 | stay long: 72h return +2.89% vs exit band -1.0% and price above 24h EMA; realised vol 57% -> weight 0.25,0.413
1790356918,champion,ADA,0.255084,0.25,0.1667,0.2012,hold,hold: weight change -0.034 below threshold 0.05 | stay long: 72h return +1.79% vs exit band -1.0% and price above 24h EMA; realised vol 89% -> weight 0.25,0.843
1790356918,champion,AVAX,10.3895,0.0,0.0,0.0,hold,hold: weight change +0.000 below threshold 0.05 | flat: 72h return -6.56% not above entry band +1.0% and price below 24h EMA,1.444
1790356918,champion,LINK,13.847905,0.25,0.1667,0.1987,hold,hold: weight change -0.032 below threshold 0.05 | stay long: 72h return +5.73% vs exit band -1.0% and price above 24h EMA; realised vol 85% -> weight 0.25,1.506
1790356918,champion,XRP,1.566875,0.25,0.1667,0.1633,hold,hold: weight change +0.003 below threshold 0.05 | stay long: 72h return -0.15% vs exit band -1.0% and price above 24h EMA; realised vol 77% -> weight 0.25,0.032
1790356918,champion,DOGE,0.097359,0.0,0.0,0.0,hold,hold: weight change +0.000 below threshold 0.05 | flat: 72h return -2.37% not above entry band +1.0%,0.185
1790356918,champion,DOT,1.1792,0.25,0.1667,0.0592,none,no fill possible (no cash or no position) | stay long: 72h return +0.08% vs exit band -1.0% and price above 24h EMA; realised vol 100% -> weight 0.25,2.544
1790356918,champion,LTC,69.58,0.25,0.1667,0.1978,hold,hold: weight change -0.031 below threshold 0.05 | stay long: 72h return +11.74% vs exit band -1.0% and price within 2.0% of 24h EMA; realised vol 110% -> weight 0.25,1.437
1790360650,champion,BTC,83981.05,0.0,0.0,0.0,hold,hold: weight change +0.000 below threshold 0.05 | flat: 72h return -3.25% not above entry band +1.0% and price below 24h EMA,0.006
1790360650,champion,ETH,2694.945,0.0,0.0,0.0,hold,hold: weight change +0.000 below threshold 0.05 | flat: 72h return -2.49% not above entry band +1.0% and price below 24h EMA,0.019
1790360650,champion,SOL,122.205,0.25,0.1667,0.1804,hold,hold: weight change -0.014 below threshold 0.05 | stay long: 72h return +2.54% vs exit band -1.0% and price above 24h EMA; realised vol 56% -> weight 0.25,0.409
1790360650,champion,ADA,0.255609,0.25,0.1667,0.2002,hold,hold: weight change -0.034 below threshold 0.05 | stay long: 72h return +1.89% vs exit band -1.0% and price above 24h EMA; realised vol 88% -> weight 0.25,0.372
1790360650,champion,AVAX,10.5305,0.0,0.0,0.0,hold,hold: weight change +0.000 below threshold 0.05 | flat: 72h return -5.59% not above entry band +1.0%,0.475
1790360650,champion,LINK,13.884435,0.25,0.1667,0.1979,hold,hold: weight change -0.031 below threshold 0.05 | stay long: 72h return +6.05% vs exit band -1.0% and price above 24h EMA; realised vol 85% -> weight 0.25,1.804
1790360650,champion,XRP,1.575205,0.25,0.1667,0.1631,hold,hold: weight change +0.004 below threshold 0.05 | stay long: 72h return -0.50% vs exit band -1.0% and price above 24h EMA; realised vol 77% -> weight 0.25,0.222
1790360650,champion,DOGE,0.097778,0.0,0.0,0.0,hold,hold: weight change +0.000 below threshold 0.05 | flat: 72h return -2.64% not above entry band +1.0%,0.082
1790360650,champion,DOT,1.1872,0.25,0.1667,0.0592,none,no fill possible (no cash or no position) | stay long: 72h return -0.31% vs exit band -1.0% and price above 24h EMA; realised vol 100% -> weight 0.25,2.527
1790360650,champion,LTC,70.53,0.25,0.1667,0.1992,hold,hold: weight change -0.033 below threshold 0.05 | stay long: 72h return +12.79% vs exit band -1.0% and price within 2.0% of 24h EMA; realised vol 110% -> weight 0.25,1.418
1790364042,champion,BTC,83995.75,0.0,0.0,0.0,hold,hold: weight change +0.000 below threshold 0.05 | flat: 72h return -2.90% not above entry band +1.0% and price below 24h EMA,0.006
1790364042,champion,ETH,2693.035,0.0,0.0,0.0,hold,hold: weight change +0.000 below threshold 0.05 | flat: 72h return -2.15% not above entry band +1.0%,0.019
1790364042,champion,SOL,121.995,0.25,0.1667,0.1803,hold,hold: weight change -0.014 below threshold 0.05 | stay long: 72h return +3.23% vs exit band -1.0% and price above 24h EMA; realised vol 56% -> weight 0.25,0.41
1790364042,champion,ADA,0.254641,0.25,0.1667,0.1998,hold,hold: weight change -0.033 below threshold 0.05 | stay long: 72h return +1.91% vs exit band -1.0% and price above 24h EMA; realised vol 88% -> weight 0.25,1.394
1790364042,champion,AVAX,10.4565,0.0,0.0,0.0,hold,hold: weight change +0.000 below threshold 0.05 | flat: 72h return -4.95% not above entry band +1.0%,1.435
1790364042,champion,LINK,13.85352,0.25,0.1667,0.1978,hold,hold: weight change -0.031 below threshold 0.05 | stay long: 72h return +6.48% vs exit band -1.0% and price above 24h EMA; realised vol 85% -> weight 0.25,1.48
1790364042,champion,XRP,1.569495,0.25,0.1667,0.1627,hold,hold: weight change +0.004 below threshold 0.05 | stay long: 72h return -0.85% vs exit band -1.0% and price above 24h EMA; realised vol 77% -> weight 0.25,0.032
1790364042,champion,DOGE,0.097665,0.0,0.0,0.0,hold,hold: weight change +0.000 below threshold 0.05 | flat: 72h return -2.33% not above entry band +1.0%,0.005
1790364042,champion,DOT,1.18125,0.25,0.1667,0.059,none,no fill possible (no cash or no position) | stay long: 72h return +1.25% vs exit band -1.0% and price above 24h EMA; realised vol 100% -> weight 0.25,2.963
1790364042,champion,LTC,70.805,0.25,0.1667,0.2003,hold,hold: weight change -0.034 below threshold 0.05 | stay long: 72h return +14.77% vs exit band -1.0% and price above 24h EMA; realised vol 111% -> weight 0.25,2.118
1790367656,champion,BTC,83987.45,0.0,0.0,0.0,hold,hold: weight change +0.000 below threshold 0.05 | flat: 72h return -2.56% not above entry band +1.0% and price below 24h EMA,0.006
1790367656,champion,ETH,2692.095,0.0,0.0,0.0,hold,hold: weight change +0.000 below threshold 0.05 | flat: 72h return -2.15% not above entry band +1.0%,0.019
1790367656,champion,SOL,121.775,0.25,0.2,0.1796,hold,hold: weight change +0.020 below threshold 0.05 | stay long: 72h return +3.03% vs exit band -1.0% and price above 24h EMA; realised vol 55% -> weight 0.25,0.411
1790367656,champion,ADA,0.255506,0.25,0.2,0.2,hold,hold: weight change +0.000 below threshold 0.05 | stay long: 72h return +0.95% vs exit band -1.0% and price above 24h EMA; realised vol 88% -> weight 0.25,1.429
1790367656,champion,AVAX,10.5335,0.0,0.0,0.0,hold,hold: weight change +0.000 below threshold 0.05 | flat: 72h return -4.83% not above entry band +1.0%,0.475
1790367656,champion,LINK,13.88284,0.25,0.2,0.1977,hold,hold: weight change +0.002 below threshold 0.05 | stay long: 72h return +6.96% vs exit band -1.0% and price above 24h EMA; realised vol 85% -> weight 0.25,2.168
1790367656,champion,XRP,1.56978,0.0,0.0,0.1624,sell,exit: 72h return -1.02% fell below exit band -1.0%,0.191
1790367656,champion,DOGE,0.09821,0.0,0.0,0.0,hold,hold: weight change +0.000 below threshold 0.05 | flat: 72h return -1.89% not above entry band +1.0%,0.005
1790367656,champion,DOT,1.19665,0.25,0.2,0.0597,buy,stay long: 72h return +0.60% vs exit band -1.0% and price above 24h EMA; realised vol 100% -> weight 0.25,3.76
1790367656,champion,LTC,71.12,0.25,0.2,0.2007,hold,hold: weight change -0.001 below threshold 0.05 | stay long: 72h return +13.05% vs exit band -1.0% and price above 24h EMA; realised vol 111% -> weight 0.25,1.406
1790371313,champion,BTC,83689.05,0.0,0.0,0.0,hold,hold: weight change +0.000 below threshold 0.05 | flat: 72h return -2.80% not above entry band +1.0% and price below 24h EMA,0.006
1790371313,champion,ETH,2678.145,0.0,0.0,0.0,hold,hold: weight change +0.000 below threshold 0.05 | flat: 72h return -2.44% not above entry band +1.0% and price below 24h EMA,0.019
1790371313,champion,SOL,121.225,0.25,0.2,0.1799,hold,hold: weight change +0.020 below threshold 0.05 | stay long: 72h return +3.07% vs exit band -1.0% and price above 24h EMA; realised vol 55% -> weight 0.25,0.412
1790371313,champion,ADA,0.253119,0.25,0.2,0.1994,hold,hold: weight change +0.001 below threshold 0.05 | stay long: 72h return +0.93% vs exit band -1.0% and price above 24h EMA; realised vol 88% -> weight 0.25,3.141
1790371313,champion,AVAX,10.4575,0.0,0.0,0.0,hold,hold: weight change +0.000 below threshold 0.05 | flat: 72h return -4.64% not above entry band +1.0%,3.347
1790371313,champion,LINK,13.750715,0.25,0.2,0.1971,hold,hold: weight change +0.003 below threshold 0.05 | stay long: 72h return +6.70% vs exit band -1.0% and price above 24h EMA; realised vol 85% -> weight 0.25,2.731
1790371313,champion,XRP,1.55619,0.0,0.0,0.0,hold,hold: weight change +0.000 below threshold 0.05 | flat: 72h return -0.66% not above entry band +1.0%,0.386
1790371313,champion,DOGE,0.097481,0.0,0.0,0.0,hold,hold: weight change +0.000 below threshold 0.05 | flat: 72h return -2.30% not above entry band +1.0%,0.174
1790371313,champion,DOT,1.1901,0.25,0.2,0.2001,hold,hold: weight change -0.000 below threshold 0.05 | stay long: 72h return +0.43% vs exit band -1.0% and price above 24h EMA; realised vol 100% -> weight 0.25,3.361
1790371313,champion,LTC,70.955,0.25,0.2,0.2015,hold,hold: weight change -0.002 below threshold 0.05 | stay long: 72h return +13.91% vs exit band -1.0% and price above 24h EMA; realised vol 111% -> weight 0.25,0.705
1790374905,champion,BTC,83924.25,0.0,0.0,0.0,hold,hold: weight change +0.000 below threshold 0.05 | flat: 72h return -2.78% not above entry band +1.0% and price below 24h EMA,0.006
1790374905,champion,ETH,2686.825,0.0,0.0,0.0,hold,hold: weight change +0.000 below threshold 0.05 | flat: 72h return -2.41% not above entry band +1.0% and price below 24h EMA,0.019
1790374905,champion,SOL,121.825,0.25,0.2,0.1792,hold,hold: weight change +0.021 below threshold 0.05 | stay long: 72h return +2.47% vs exit band -1.0% and price above 24h EMA; realised vol 55% -> weight 0.25,0.41
1790374905,champion,ADA,0.2557,0.25,0.2,0.1997,hold,hold: weight change +0.000 below threshold 0.05 | stay long: 72h return +0.69% vs exit band -1.0% and price above 24h EMA; realised vol 88% -> weight 0.25,2.992
1790374905,champion,AVAX,10.5455,0.0,0.0,0.0,hold,hold: weight change +0.000 below threshold 0.05 | flat: 72h return -5.60% not above entry band +1.0%,0.474
1790374905,champion,LINK,13.80137,0.25,0.2,0.1961,hold,hold: weight change +0.004 below threshold 0.05 | stay long: 72h return +6.39% vs exit band -1.0% and price above 24h EMA; realised vol 85% -> weight 0.25,2.398
1790374905,champion,XRP,1.56232,0.0,0.0,0.0,hold,hold: weight change +0.000 below threshold 0.05 | flat: 72h return -1.09% not above entry band +1.0% and price below 24h EMA,0.96
1790374905,champion,DOGE,0.098529,0.0,0.0,0.0,hold,hold: weight change +0.000 below threshold 0.05 | flat: 72h return -2.25% not above entry band +1.0%,0.147
1790374905,champion,DOT,1.19955,0.25,0.2,0.1999,hold,hold: weight change +0.000 below threshold 0.05 | stay long: 72h return -0.61% vs exit band -1.0% and price above 24h EMA; realised vol 100% -> weight 0.25,0.417
1790374905,champion,LTC,72.25,0.25,0.2,0.2034,hold,hold: weight change -0.003 below threshold 0.05 | stay long: 72h return +13.20% vs exit band -1.0% and price above 24h EMA; realised vol 111% -> weight 0.25,2.768
1790378419,champion,BTC,84060.45,0.0,0.0,0.0,hold,hold: weight change +0.000 below threshold 0.05 | flat: 72h return -2.38% not above entry band +1.0% and price below 24h EMA,0.006
1790378419,champion,ETH,2692.895,0.0,0.0,0.0,hold,hold: weight change +0.000 below threshold 0.05 | flat: 72h return -2.24% not above entry band +1.0%,0.019
1790378419,champion,SOL,122.045,0.25,0.2,0.1781,hold,hold: weight change +0.022 below threshold 0.05 | stay long: 72h return +3.15% vs exit band -1.0% and price above 24h EMA; realised vol 55% -> weight 0.25,0.41
1790378419,champion,ADA,0.258352,0.25,0.2,0.2002,hold,hold: weight change -0.000 below threshold 0.05 | stay long: 72h return +1.68% vs exit band -1.0% and price above 24h EMA; realised vol 89% -> weight 0.25,1.974
1790378419,champion,AVAX,10.612,0.0,0.0,0.0,hold,hold: weight change +0.000 below threshold 0.05 | flat: 72h return -5.87% not above entry band +1.0%,0.942
1790378419,champion,LINK,13.902295,0.25,0.2,0.196,hold,hold: weight change +0.004 below threshold 0.05 | stay long: 72h return +6.81% vs exit band -1.0% and price above 24h EMA; realised vol 85% -> weight 0.25,3.356
1790378419,champion,XRP,1.567165,0.0,0.0,0.0,hold,hold: weight change +0.000 below threshold 0.05 | flat: 72h return -0.25% not above entry band +1.0%,1.18
1790378419,champion,DOGE,0.099059,0.0,0.0,0.0,hold,hold: weight change +0.000 below threshold 0.05 | flat: 72h return -1.07% not above entry band +1.0%,0.061
1790378419,champion,DOT,1.21915,0.25,0.2,0.2016,hold,hold: weight change -0.002 below threshold 0.05 | stay long: 72h return +0.27% vs exit band -1.0% and price above 24h EMA; realised vol 101% -> weight 0.25,2.051
1790378419,champion,LTC,72.58,0.25,0.2,0.2027,hold,hold: weight change -0.003 below threshold 0.05 | stay long: 72h return +15.59% vs exit band -1.0% and price above 24h EMA; realised vol 112% -> weight 0.25,1.378
1790382482,champion,BTC,84006.45,0.0,0.0,0.0,hold,hold: weight change +0.000 below threshold 0.05 | flat: 72h return -2.44% not above entry band +1.0%,0.006
1790382482,champion,ETH,2688.055,0.0,0.0,0.0,hold,hold: weight change +0.000 below threshold 0.05 | flat: 72h return -2.25% not above entry band +1.0%,0.019
1790382482,champion,SOL,122.115,0.25,0.2,0.1787,hold,hold: weight change +0.021 below threshold 0.05 | stay long: 72h return +3.05% vs exit band -1.0% and price above 24h EMA; realised vol 55% -> weight 0.25,0.409
1790382482,champion,ADA,0.258006,0.25,0.2,0.2004,hold,hold: weight change -0.000 below threshold 0.05 | stay long: 72h return +1.81% vs exit band -1.0% and price above 24h EMA; realised vol 89% -> weight 0.25,3.45
1790382482,champion,AVAX,10.613,0.0,0.0,0.0,hold,hold: weight change +0.000 below threshold 0.05 | flat: 72h return -5.90% not above entry band +1.0%,0.942
1790382482,champion,LINK,13.956325,0.25,0.2,0.1972,hold,hold: weight change +0.003 below threshold 0.05 | stay long: 72h return +6.85% vs exit band -1.0% and price above 24h EMA; realised vol 85% -> weight 0.25,1.329
1790382482,champion,XRP,1.56605,0.0,0.0,0.0,hold,hold: weight change +0.000 below threshold 0.05 | flat: 72h return -0.26% not above entry band +1.0%,0.702
1790382482,champion,DOGE,0.098999,0.0,0.0,0.0,hold,hold: weight change +0.000 below threshold 0.05 | flat: 72h return -1.42% not above entry band +1.0%,0.005
1790382482,champion,DOT,1.21105,0.25,0.2,0.2008,hold,hold: weight change -0.001 below threshold 0.05 | stay long: 72h return -0.43% vs exit band -1.0% and price above 24h EMA; realised vol 101% -> weight 0.25,1.239
1790382482,champion,LTC,71.965,0.25,0.2,0.2015,hold,hold: weight change -0.001 below threshold 0.05 | stay long: 72h return +15.23% vs exit band -1.0% and price above 24h EMA; realised vol 112% -> weight 0.25,0.695
1790385620,champion,BTC,83937.05,0.0,0.0,0.0,hold,hold: weight change +0.000 below threshold 0.05 | flat: 72h return -2.95% not above entry band +1.0% and price below 24h EMA,0.006
1790385620,champion,ETH,2689.895,0.0,0.0,0.0,hold,hold: weight change +0.000 below threshold 0.05 | flat: 72h return -2.64% not above entry band +1.0% and price below 24h EMA,0.019
1790385620,champion,SOL,121.895,0.25,0.2,0.1766,hold,hold: weight change +0.023 below threshold 0.05 | stay long: 72h return +2.28% vs exit band -1.0% and price above 24h EMA; realised vol 55% -> weight 0.25,0.41
1790385620,champion,ADA,0.259,0.25,0.2,0.1992,hold,hold: weight change +0.001 below threshold 0.05 | stay long: 72h return +1.06% vs exit band -1.0% and price above 24h EMA; realised vol 88% -> weight 0.25,2.703
1790385620,champion,AVAX,10.7145,0.0,0.0,0.0,hold,hold: weight change +0.000 below threshold 0.05 | flat: 72h return -4.78% not above entry band +1.0%,0.467
1790385620,champion,LINK,13.98777,0.25,0.2,0.1957,hold,hold: weight change +0.004 below threshold 0.05 | stay long: 72h return +7.96% vs exit band -1.0% and price above 24h EMA; realised vol 85% -> weight 0.25,2.945
1790385620,champion,XRP,1.57315,0.0,0.0,0.0,hold,hold: weight change +0.000 below threshold 0.05 | flat: 72h return -1.39% not above entry band +1.0%,1.144
1790385620,champion,DOGE,0.098964,0.0,0.0,0.0,hold,hold: weight change +0.000 below threshold 0.05 | flat: 72h return -2.23% not above entry band +1.0%,0.748
1790385620,champion,DOT,1.2495,0.25,0.2,0.2051,hold,hold: weight change -0.005 below threshold 0.05 | stay long: 72h return +0.90% vs exit band -1.0% and price above 24h EMA; realised vol 101% -> weight 0.25,4.002
1790385620,champion,LTC,72.93,0.25,0.2,0.2022,hold,hold: weight change -0.002 below threshold 0.05 | stay long: 72h return +15.39% vs exit band -1.0% and price above 24h EMA; realised vol 112% -> weight 0.25,2.742
1790389303,champion,BTC,84055.95,0.0,0.0,0.0,hold,hold: weight change +0.000 below threshold 0.05 | flat: 72h return -2.66% not above entry band +1.0% and price below 24h EMA,0.006
1790389303,champion,ETH,2693.365,0.0,0.0,0.0,hold,hold: weight change +0.000 below threshold 0.05 | flat: 72h return -2.25% not above entry band +1.0%,0.019
1790389303,champion,SOL,121.865,0.25,0.2,0.1771,hold,hold: weight change +0.023 below threshold 0.05 | stay long: 72h return +3.17% vs exit band -1.0% and price above 24h EMA; realised vol 55% -> weight 0.25,0.41
1790389303,champion,ADA,0.262058,0.25,0.2,0.2021,hold,hold: weight change -0.002 below threshold 0.05 | stay long: 72h return +3.39% vs exit band -1.0% and price above 24h EMA; realised vol 89% -> weight 0.25,1.259
1790389303,champion,AVAX,10.9325,0.0,0.0,0.0,hold,hold: weight change +0.000 below threshold 0.05 | flat: 72h return -2.31% not above entry band +1.0%,1.372
1790389303,champion,LINK,13.94272,0.25,0.2,0.1956,hold,hold: weight change +0.004 below threshold 0.05 | stay long: 72h return +7.52% vs exit band -1.0% and price above 24h EMA; realised vol 85% -> weight 0.25,3.227
1790389303,champion,XRP,1.5703,0.0,0.0,0.0,hold,hold: weight change +0.000 below threshold 0.05 | flat: 72h return -0.69% not above entry band +1.0%,0.127
1790389303,champion,DOGE,0.09897,0.0,0.0,0.0,hold,hold: weight change +0.000 below threshold 0.05 | flat: 72h return -2.44% not above entry band +1.0%,0.162
1790389303,champion,DOT,1.2191,0.25,0.2,0.2007,hold,hold: weight change -0.001 below threshold 0.05 | stay long: 72h return +2.84% vs exit band -1.0% and price above 24h EMA; realised vol 102% -> weight 0.25,1.641
1790389303,champion,LTC,73.075,0.25,0.2,0.2032,hold,hold: weight change -0.003 below threshold 0.05 | stay long: 72h return +16.33% vs exit band -1.0% and price above 24h EMA; realised vol 112% -> weight 0.25,3.421
1790392896,champion,BTC,83927.35,0.0,0.0,0.0,hold,hold: weight change +0.000 below threshold 0.05 | flat: 72h return -2.93% not above entry band +1.0% and price below 24h EMA,0.006
1790392896,champion,ETH,2689.005,0.0,0.0,0.0,hold,hold: weight change +0.000 below threshold 0.05 | flat: 72h return -2.60% not above entry band +1.0%,0.019
1790392896,champion,SOL,120.755,0.25,0.2,0.177,hold,hold: weight change +0.023 below threshold 0.05 | stay long: 72h return +2.62% vs exit band -1.0% and price above 24h EMA; realised vol 55% -> weight 0.25,0.414
1790392896,champion,ADA,0.257269,0.25,0.2,0.2002,hold,hold: weight change -0.000 below threshold 0.05 | stay long: 72h return +1.15% vs exit band -1.0% and price above 24h EMA; realised vol 88% -> weight 0.25,2.935
1790392896,champion,AVAX,10.6935,0.0,0.0,0.0,hold,hold: weight change +0.000 below threshold 0.05 | flat: 72h return -4.08% not above entry band +1.0%,0.468
1790392896,champion,LINK,13.96962,0.25,0.2,0.1978,hold,hold: weight change +0.002 below threshold 0.05 | stay long: 72h return +7.14% vs exit band -1.0% and price above 24h EMA; realised vol 85% -> weight 0.25,2.548
1790392896,champion,XRP,1.56041,0.0,0.0,0.0,hold,hold: weight change +0.000 below threshold 0.05 | flat: 72h return -2.13% not above entry band +1.0%,0.769
1790392896,champion,DOGE,0.09817,0.0,0.0,0.0,hold,hold: weight change +0.000 below threshold 0.05 | flat: 72h return -4.76% not above entry band +1.0%,0.255
1790392896,champion,DOT,1.2095,0.25,0.2,0.2009,hold,hold: weight change -0.001 below threshold 0.05 | stay long: 72h return +0.67% vs exit band -1.0% and price above 24h EMA; realised vol 101% -> weight 0.25,0.827
1790392896,champion,LTC,72.185,0.25,0.2,0.2025,hold,hold: weight change -0.003 below threshold 0.05 | stay long: 72h return +15.49% vs exit band -1.0% and price above 24h EMA; realised vol 112% -> weight 0.25,3.463
1790396532,champion,BTC,84000.05,0.0,0.0,0.0,hold,hold: weight change +0.000 below threshold 0.05 | flat: 72h return -3.19% not above entry band +1.0% and price below 24h EMA,0.006
1790396532,champion,ETH,2689.135,0.0,0.0,0.0,hold,hold: weight change +0.000 below threshold 0.05 | flat: 72h return -3.11% not above entry band +1.0% and price below 24h EMA,0.019
1790396532,champion,SOL,120.72,0.25,0.25,0.1761,buy,stay long: 72h return +1.24% vs exit band -1.0% and price above 24h EMA; realised vol 56% -> weight 0.25,0.828
1790396532,champion,ADA,0.256956,0.0,0.0,0.199,sell,exit: 72h return -1.35% fell below exit band -1.0%,2.335
1790396532,champion,AVAX,10.6765,0.0,0.0,0.0,hold,hold: weight change +0.000 below threshold 0.05 | flat: 72h return -5.44% not above entry band +1.0%,0.468
1790396532,champion,LINK,14.15072,0.25,0.25,0.1994,buy,stay long: 72h return +6.72% vs exit band -1.0% and price above 24h EMA; realised vol 85% -> weight 0.25,2.94
1790396532,champion,XRP,1.559,0.0,0.0,0.0,hold,hold: weight change +0.000 below threshold 0.05 | flat: 72h return -3.71% not above entry band +1.0% and price below 24h EMA,0.128
1790396532,champion,DOGE,0.098126,0.0,0.0,0.0,hold,hold: weight change +0.000 below threshold 0.05 | flat: 72h return -5.75% not above entry band +1.0%,0.031
1790396532,champion,DOT,1.22945,0.25,0.25,0.2032,hold,hold: weight change +0.047 below threshold 0.05 | stay long: 72h return +0.49% vs exit band -1.0% and price above 24h EMA; realised vol 101% -> weight 0.25,2.033
1790396532,champion,LTC,71.99,0.25,0.25,0.201,hold,hold: weight change +0.049 below threshold 0.05 | stay long: 72h return +12.82% vs exit band -1.0% and price above 24h EMA; realised vol 113% -> weight 0.25,1.389
1790400054,champion,BTC,83933.15,0.0,0.0,0.0,hold,hold: weight change +0.000 below threshold 0.05 | flat: 72h return -3.65% not above entry band +1.0% and price below 24h EMA,0.006
1790400054,champion,ETH,2687.765,0.0,0.0,0.0,hold,hold: weight change +0.000 below threshold 0.05 | flat: 72h return -3.24% not above entry band +1.0%,0.019
1790400054,champion,SOL,120.465,0.25,0.25,0.2502,hold,hold: weight change -0.000 below threshold 0.05 | stay long: 72h return +0.96% vs exit band -1.0% and price above 24h EMA; realised vol 55% -> weight 0.25,0.415
1790400054,champion,ADA,0.255335,0.0,0.0,0.0,hold,hold: weight change +0.000 below threshold 0.05 | flat: 72h return -1.21% not above entry band +1.0%,2.428
1790400054,champion,AVAX,10.6325,0.0,0.0,0.0,hold,hold: weight change +0.000 below threshold 0.05 | flat: 72h return -4.18% not above entry band +1.0%,0.47
1790400054,champion,LINK,14.11734,0.25,0.25,0.2501,hold,hold: weight change -0.000 below threshold 0.05 | stay long: 72h return +7.72% vs exit band -1.0% and price above 24h EMA; realised vol 85% -> weight 0.25,2.04
1790400054,champion,XRP,1.552395,0.0,0.0,0.0,hold,hold: weight change +0.000 below threshold 0.05 | flat: 72h return -4.97% not above entry band +1.0% and price below 24h EMA,0.225
1790400054,champion,DOGE,0.097619,0.0,0.0,0.0,hold,hold: weight change +0.000 below threshold 0.05 | flat: 72h return -5.38% not above entry band +1.0%,0.661
1790400054,champion,DOT,1.22455,0.25,0.25,0.203,hold,hold: weight change +0.047 below threshold 0.05 | stay long: 72h return +2.42% vs exit band -1.0% and price above 24h EMA; realised vol 100% -> weight 0.25,0.408
1790400054,champion,LTC,71.83,0.25,0.25,0.2011,hold,hold: weight change +0.049 below threshold 0.05 | stay long: 72h return +12.65% vs exit band -1.0% and price above 24h EMA; realised vol 112% -> weight 0.25,2.784
1790403983,champion,BTC,83892.85,0.0,0.0,0.0,hold,hold: weight change +0.000 below threshold 0.05 | flat: 72h return -2.97% not above entry band +1.0% and price below 24h EMA,0.006
1790403983,champion,ETH,2683.575,0.0,0.0,0.0,hold,hold: weight change +0.000 below threshold 0.05 | flat: 72h return -2.59% not above entry band +1.0% and price below 24h EMA,0.019
1790403983,champion,SOL,120.285,0.25,0.25,0.2502,hold,hold: weight change -0.000 below threshold 0.05 | stay long: 72h return +1.77% vs exit band -1.0% and price above 24h EMA; realised vol 55% -> weight 0.25,0.416
1790403983,champion,ADA,0.254048,0.0,0.0,0.0,hold,hold: weight change +0.000 below threshold 0.05 | flat: 72h return -0.37% not above entry band +1.0%,1.378
1790403983,champion,AVAX,10.597,0.0,0.0,0.0,hold,hold: weight change +0.000 below threshold 0.05 | flat: 72h return -4.93% not above entry band +1.0%,0.944
1790403983,champion,LINK,14.012105,0.25,0.25,0.2486,hold,hold: weight change +0.001 below threshold 0.05 | stay long: 72h return +8.15% vs exit band -1.0% and price above 24h EMA; realised vol 85% -> weight 0.25,2.723
1790403983,champion,XRP,1.547055,0.0,0.0,0.0,hold,hold: weight change +0.000 below threshold 0.05 | flat: 72h return -3.65% not above entry band +1.0% and price below 24h EMA,0.291
1790403983,champion,DOGE,0.097325,0.0,0.0,0.0,hold,hold: weight change +0.000 below threshold 0.05 | flat: 72h return -3.91% not above entry band +1.0% and price below 24h EMA,0.277
1790403983,champion,DOT,1.2204,0.25,0.25,0.2026,hold,hold: weight change +0.047 below threshold 0.05 | stay long: 72h return +3.29% vs exit band -1.0% and price above 24h EMA; realised vol 100% -> weight 0.25,1.639
1790403983,champion,LTC,72.31,0.25,0.25,0.2027,hold,hold: weight change +0.047 below threshold 0.05 | stay long: 72h return +12.74% vs exit band -1.0% and price above 24h EMA; realised vol 112% -> weight 0.25,1.383
1790407268,champion,BTC,84011.55,0.0,0.0,0.0,hold,hold: weight change +0.000 below threshold 0.05 | flat: 72h return -2.98% not above entry band +1.0% and price below 24h EMA,0.006
1790407268,champion,ETH,2690.555,0.0,0.0,0.0,hold,hold: weight change +0.000 below threshold 0.05 | flat: 72h return -2.50% not above entry band +1.0% and price below 24h EMA,0.019
1790407268,champion,SOL,120.605,0.25,0.25,0.249,hold,hold: weight change +0.001 below threshold 0.05 | stay long: 72h return +1.06% vs exit band -1.0% and price within 2.0% of 24h EMA; realised vol 55% -> weight 0.25,0.415
1790407268,champion,ADA,0.255327,0.0,0.0,0.0,hold,hold: weight change +0.000 below threshold 0.05 | flat: 72h return -1.97% not above entry band +1.0% and price below 24h EMA,1.665
1790407268,champion,AVAX,10.699,0.0,0.0,0.0,hold,hold: weight change +0.000 below threshold 0.05 | flat: 72h return -5.14% not above entry band +1.0%,0.935
1790407268,champion,LINK,14.103255,0.25,0.25,0.2484,hold,hold: weight change +0.002 below threshold 0.05 | stay long: 72h return +7.17% vs exit band -1.0% and price above 24h EMA; realised vol 85% -> weight 0.25,2.131
1790407268,champion,XRP,1.551225,0.0,0.0,0.0,hold,hold: weight change +0.000 below threshold 0.05 | flat: 72h return -4.82% not above entry band +1.0% and price below 24h EMA,0.677
1790407268,champion,DOGE,0.097672,0.0,0.0,0.0,hold,hold: weight change +0.000 below threshold 0.05 | flat: 72h return -4.72% not above entry band +1.0% and price below 24h EMA,0.123
1790407268,champion,DOT,1.23635,0.25,0.25,0.2037,hold,hold: weight change +0.046 below threshold 0.05 | stay long: 72h return +3.21% vs exit band -1.0% and price above 24h EMA; realised vol 100% -> weight 0.25,1.213
1790407268,champion,LTC,73.195,0.25,0.25,0.2037,hold,hold: weight change +0.046 below threshold 0.05 | stay long: 72h return +12.93% vs exit band -1.0% and price above 24h EMA; realised vol 112% -> weight 0.25,2.049
1790410997,champion,BTC,84030.05,0.0,0.0,0.0,hold,hold: weight change +0.000 below threshold 0.05 | flat: 72h return -2.35% not above entry band +1.0%,0.006
1790410997,champion,ETH,2688.005,0.0,0.0,0.0,hold,hold: weight change +0.000 below threshold 0.05 | flat: 72h return -1.90% not above entry band +1.0%,0.019
1790410997,champion,SOL,120.355,0.25,0.25,0.2498,hold,hold: weight change +0.000 below threshold 0.05 | stay long: 72h return +2.43% vs exit band -1.0% and price above 24h EMA; realised vol 55% -> weight 0.25,0.415
1790410997,champion,ADA,0.254051,0.0,0.0,0.0,hold,hold: weight change +0.000 below threshold 0.05 | flat: 72h return -0.06% not above entry band +1.0%,1.83
1790410997,champion,AVAX,10.672,0.0,0.0,0.0,hold,hold: weight change +0.000 below threshold 0.05 | flat: 72h return -3.93% not above entry band +1.0%,0.937
1790410997,champion,LINK,14.002495,0.25,0.25,0.2479,hold,hold: weight change +0.002 below threshold 0.05 | stay long: 72h return +8.90% vs exit band -1.0% and price above 24h EMA; realised vol 85% -> weight 0.25,1.782
1790410997,champion,XRP,1.547555,0.0,0.0,0.0,hold,hold: weight change +0.000 below threshold 0.05 | flat: 72h return -4.00% not above entry band +1.0% and price below 24h EMA,0.42
1790410997,champion,DOGE,0.097465,0.0,0.0,0.0,hold,hold: weight change +0.000 below threshold 0.05 | flat: 72h return -2.91% not above entry band +1.0%,0.005
1790410997,champion,DOT,1.2178,0.25,0.25,0.2017,hold,hold: weight change +0.048 below threshold 0.05 | stay long: 72h return +4.31% vs exit band -1.0% and price above 24h EMA; realised vol 99% -> weight 0.25,1.642
1790410997,champion,LTC,73.25,0.25,0.25,0.2049,hold,hold: weight change +0.045 below threshold 0.05 | stay long: 72h return +16.63% vs exit band -1.0% and price above 24h EMA; realised vol 112% -> weight 0.25,2.73
1790414466,champion,BTC,83998.55,0.0,0.0,0.0,hold,hold: weight change +0.000 below threshold 0.05 | flat: 72h return -1.98% not above entry band +1.0%,0.006
1790414466,champion,ETH,2683.035,0.0,0.0,0.0,hold,hold: weight change +0.000 below threshold 0.05 | flat: 72h return -1.63% not above entry band +1.0%,0.019
1790414466,champion,SOL,120.05,0.25,0.25,0.2494,hold,hold: weight change +0.001 below threshold 0.05 | stay long: 72h return +2.81% vs exit band -1.0% and price above 24h EMA; realised vol 55% -> weight 0.25,0.833
1790414466,champion,ADA,0.253781,0.0,0.0,0.0,hold,hold: weight change +0.000 below threshold 0.05 | flat: 72h return +0.51% not above entry band +1.0%,2.581
1790414466,champion,AVAX,10.543,0.0,0.0,0.0,hold,hold: weight change +0.000 below threshold 0.05 | flat: 72h return -3.27% not above entry band +1.0%,0.948
1790414466,champion,LINK,13.99443,0.25,0.25,0.248,hold,hold: weight change +0.002 below threshold 0.05 | stay long: 72h return +9.17% vs exit band -1.0% and price above 24h EMA; realised vol 85% -> weight 0.25,2.358
1790414466,champion,XRP,1.54041,0.0,0.0,0.0,hold,hold: weight change +0.000 below threshold 0.05 | flat: 72h return -3.02% not above entry band +1.0% and price below 24h EMA,0.454
1790414466,champion,DOGE,0.097029,0.0,0.0,0.0,hold,hold: weight change +0.000 below threshold 0.05 | flat: 72h return -1.97% not above entry band +1.0%,0.005
1790414466,champion,DOT,1.20655,0.25,0.25,0.2,hold,hold: weight change +0.050 below threshold 0.05 | stay long: 72h return +4.91% vs exit band -1.0% and price above 24h EMA; realised vol 99% -> weight 0.25,0.414
1790414466,champion,LTC,73.86,0.25,0.25,0.2068,hold,hold: weight change +0.043 below threshold 0.05 | stay long: 72h return +17.75% vs exit band -1.0% and price above 24h EMA; realised vol 112% -> weight 0.25,1.354
1790418066,champion,BTC,84149.55,0.0,0.0,0.0,hold,hold: weight change +0.000 below threshold 0.05 | flat: 72h return -2.14% not above entry band +1.0% and price below 24h EMA,0.006
1790418066,champion,ETH,2688.785,0.0,0.0,0.0,hold,hold: weight change +0.000 below threshold 0.05 | flat: 72h return -1.88% not above entry band +1.0% and price below 24h EMA,0.019
1790418066,champion,SOL,120.615,0.25,0.25,0.2483,hold,hold: weight change +0.002 below threshold 0.05 | stay long: 72h return +2.21% vs exit band -1.0% and price within 2.0% of 24h EMA; realised vol 55% -> weight 0.25,0.415
1790418066,champion,ADA,0.256817,0.0,0.0,0.0,hold,hold: weight change +0.000 below threshold 0.05 | flat: 72h return +0.29% not above entry band +1.0% and price below 24h EMA,2.219
1790418066,champion,AVAX,10.7285,0.0,0.0,0.0,hold,hold: weight change +0.000 below threshold 0.05 | flat: 72h return -4.40% not above entry band +1.0%,1.398
1790418066,champion,LINK,14.087705,0.25,0.25,0.2474,hold,hold: weight change +0.003 below threshold 0.05 | stay long: 72h return +8.76% vs exit band -1.0% and price above 24h EMA; realised vol 85% -> weight 0.25,0.004
1790418066,champion,XRP,1.54813,0.0,0.0,0.0,hold,hold: weight change +0.000 below threshold 0.05 | flat: 72h return -3.34% not above entry band +1.0% and price below 24h EMA,0.065
1790418066,champion,DOGE,0.097854,0.0,0.0,0.0,hold,hold: weight change +0.000 below threshold 0.05 | flat: 72h return -2.71% not above entry band +1.0% and price below 24h EMA,0.194
1790418066,champion,DOT,1.2271,0.25,0.25,0.2016,hold,hold: weight change +0.048 below threshold 0.05 | stay long: 72h return +3.21% vs exit band -1.0% and price above 24h EMA; realised vol 100% -> weight 0.25,1.63
1790418066,champion,LTC,74.915,0.25,0.25,0.2079,hold,hold: weight change +0.042 below threshold 0.05 | stay long: 72h return +18.45% vs exit band -1.0% and price above 24h EMA; realised vol 112% -> weight 0.25,0.667
1790421632,champion,BTC,84169.05,0.0,0.0,0.0,hold,hold: weight change +0.000 below threshold 0.05 | flat: 72h return -2.04% not above entry band +1.0%,0.006
1790421632,champion,ETH,2688.725,0.0,0.0,0.0,hold,hold: weight change +0.000 below threshold 0.05 | flat: 72h return -1.85% not above entry band +1.0% and price below 24h EMA,0.019
1790421632,champion,SOL,120.555,0.25,0.2,0.2482,hold,hold: weight change -0.048 below threshold 0.05 | stay long: 72h return +2.52% vs exit band -1.0% and price above 24h EMA; realised vol 55% -> weight 0.25,0.415
1790421632,champion,ADA,0.256649,0.25,0.2,0.0,buy,enter long: 72h return +1.27% vs entry band +1.0% and price above 24h EMA; realised vol 86% -> weight 0.25,2.747
1790421632,champion,AVAX,10.8055,0.0,0.0,0.0,hold,hold: weight change +0.000 below threshold 0.05 | flat: 72h return -3.93% not above entry band +1.0%,0.463
1790421632,champion,LINK,14.28475,0.25,0.2,0.2509,sell,stay long: 72h return +10.38% vs exit band -1.0% and price above 24h EMA; realised vol 86% -> weight 0.25,0.217
1790421632,champion,XRP,1.548995,0.0,0.0,0.0,hold,hold: weight change +0.000 below threshold 0.05 | flat: 72h return -2.69% not above entry band +1.0% and price below 24h EMA,0.032
1790421632,champion,DOGE,0.097801,0.0,0.0,0.0,hold,hold: weight change +0.000 below threshold 0.05 | flat: 72h return -2.01% not above entry band +1.0%,0.005
1790421632,champion,DOT,1.22995,0.25,0.2,0.2021,hold,hold: weight change -0.002 below threshold 0.05 | stay long: 72h return +5.91% vs exit band -1.0% and price above 24h EMA; realised vol 101% -> weight 0.25,0.407
1790421632,champion,LTC,73.41,0.25,0.2,0.2038,hold,hold: weight change -0.004 below threshold 0.05 | stay long: 72h return +16.70% vs exit band -1.0% and price above 24h EMA; realised vol 113% -> weight 0.25,1.362
1790425538,champion,BTC,84111.15,0.0,0.0,0.0,hold,hold: weight change +0.000 below threshold 0.05 | flat: 72h return -1.72% not above entry band +1.0%,0.006
1790425538,champion,ETH,2690.255,0.0,0.0,0.0,hold,hold: weight change +0.000 below threshold 0.05 | flat: 72h return -1.41% not above entry band +1.0%,0.019
1790425538,champion,SOL,121.135,0.25,0.2,0.2494,hold,hold: weight change -0.049 below threshold 0.05 | stay long: 72h return +3.56% vs exit band -1.0% and price above 24h EMA; realised vol 55% -> weight 0.25,0.413
1790425538,champion,ADA,0.256229,0.25,0.2,0.1453,none,no fill possible (no cash or no position) | stay long: 72h return +2.50% vs exit band -1.0% and price above 24h EMA; realised vol 86% -> weight 0.25,2.634
1790425538,champion,AVAX,10.9175,0.0,0.0,0.0,hold,hold: weight change +0.000 below threshold 0.05 | flat: 72h return -1.42% not above entry band +1.0%,0.458
1790425538,champion,LINK,14.247245,0.25,0.2,0.1995,hold,hold: weight change +0.001 below threshold 0.05 | stay long: 72h return +11.82% vs exit band -1.0% and price above 24h EMA; realised vol 86% -> weight 0.25,2.102
1790425538,champion,XRP,1.54247,0.0,0.0,0.0,hold,hold: weight change +0.000 below threshold 0.05 | flat: 72h return -1.70% not above entry band +1.0% and price below 24h EMA,1.426
1790425538,champion,DOGE,0.097407,0.0,0.0,0.0,hold,hold: weight change +0.000 below threshold 0.05 | flat: 72h return -1.67% not above entry band +1.0%,0.159
1790425538,champion,DOT,1.2374,0.25,0.2,0.2034,hold,hold: weight change -0.003 below threshold 0.05 | stay long: 72h return +6.37% vs exit band -1.0% and price above 24h EMA; realised vol 101% -> weight 0.25,1.616
1790425538,champion,LTC,72.895,0.25,0.2,0.2024,hold,hold: weight change -0.002 below threshold 0.05 | stay long: 72h return +17.08% vs exit band -1.0% and price above 24h EMA; realised vol 112% -> weight 0.25,2.058
1790428846,champion,BTC,84013.75,0.0,0.0,0.0,hold,hold: weight change +0.000 below threshold 0.05 | flat: 72h return -1.67% not above entry band +1.0% and price below 24h EMA,0.006
1790428846,champion,ETH,2687.185,0.0,0.0,0.0,hold,hold: weight change +0.000 below threshold 0.05 | flat: 72h return -1.21% not above entry band +1.0% and price below 24h EMA,0.019
1790428846,champion,SOL,120.825,0.25,0.2,0.2499,hold,hold: weight change -0.050 below threshold 0.05 | stay long: 72h return +3.58% vs exit band -1.0% and price above 24h EMA; realised vol 55% -> weight 0.25,0.414
1790428846,champion,ADA,0.255576,0.25,0.2,0.1456,none,no fill possible (no cash or no position) | stay long: 72h return +2.19% vs exit band -1.0% and price above 24h EMA; realised vol 86% -> weight 0.25,2.172
1790428846,champion,AVAX,10.7695,0.0,0.0,0.0,hold,hold: weight change +0.000 below threshold 0.05 | flat: 72h return +0.69% not above entry band +1.0%,0.464
1790428846,champion,LINK,14.228385,0.25,0.2,0.2001,hold,hold: weight change -0.000 below threshold 0.05 | stay long: 72h return +11.75% vs exit band -1.0% and price above 24h EMA; realised vol 86% -> weight 0.25,4.101
1790428846,champion,XRP,1.540235,0.0,0.0,0.0,hold,hold: weight change +0.000 below threshold 0.05 | flat: 72h return -1.56% not above entry band +1.0% and price below 24h EMA,0.357
1790428846,champion,DOGE,0.097272,0.0,0.0,0.0,hold,hold: weight change +0.000 below threshold 0.05 | flat: 72h return -2.12% not above entry band +1.0% and price below 24h EMA,0.005
1790428846,champion,DOT,1.22345,0.25,0.2,0.202,hold,hold: weight change -0.002 below threshold 0.05 | stay long: 72h return +6.15% vs exit band -1.0% and price above 24h EMA; realised vol 101% -> weight 0.25,1.226
1790428846,champion,LTC,72.545,0.25,0.2,0.2023,hold,hold: weight change -0.002 below threshold 0.05 | stay long: 72h return +17.09% vs exit band -1.0% and price above 24h EMA; realised vol 112% -> weight 0.25,0.689
1790432499,champion,BTC,83960.35,0.0,0.0,0.0,hold,hold: weight change +0.000 below threshold 0.05 | flat: 72h return -2.14% not above entry band +1.0% and price below 24h EMA,0.006
1790432499,champion,ETH,2687.085,0.0,0.0,0.0,hold,hold: weight change +0.000 below threshold 0.05 | flat: 72h return -1.05% not above entry band +1.0% and price below 24h EMA,0.019
1790432499,champion,SOL,120.94,0.25,0.2,0.2496,hold,hold: weight change -0.050 below threshold 0.05 | stay long: 72h return +3.42% vs exit band -1.0% and price above 24h EMA; realised vol 55% -> weight 0.25,0.827
1790432499,champion,ADA,0.255563,0.25,0.2,0.1453,none,no fill possible (no cash or no position) | stay long: 72h return +2.96% vs exit band -1.0% and price above 24h EMA; realised vol 86% -> weight 0.25,0.02
1790432499,champion,AVAX,10.8545,0.0,0.0,0.0,hold,hold: weight change +0.000 below threshold 0.05 | flat: 72h return +0.61% not above entry band +1.0%,0.461
1790432499,champion,LINK,14.383025,0.25,0.2,0.2018,hold,hold: weight change -0.002 below threshold 0.05 | stay long: 72h return +12.45% vs exit band -1.0% and price above 24h EMA; realised vol 86% -> weight 0.25,4.231
1790432499,champion,XRP,1.544425,0.0,0.0,0.0,hold,hold: weight change +0.000 below threshold 0.05 | flat: 72h return -2.19% not above entry band +1.0% and price below 24h EMA,0.486
1790432499,champion,DOGE,0.097327,0.0,0.0,0.0,hold,hold: weight change +0.000 below threshold 0.05 | flat: 72h return -2.16% not above entry band +1.0% and price below 24h EMA,0.339
1790432499,champion,DOT,1.2242,0.25,0.2,0.2017,hold,hold: weight change -0.002 below threshold 0.05 | stay long: 72h return +6.87% vs exit band -1.0% and price above 24h EMA; realised vol 101% -> weight 0.25,4.084
1790432499,champion,LTC,72.425,0.25,0.2,0.2015,hold,hold: weight change -0.002 below threshold 0.05 | stay long: 72h return +14.98% vs exit band -1.0% and price within 2.0% of 24h EMA; realised vol 112% -> weight 0.25,2.071
1790436093,champion,BTC,84028.45,0.0,0.0,0.0,hold,hold: weight change +0.000 below threshold 0.05 | flat: 72h return -0.60% not above entry band +1.0% and price below 24h EMA,0.006
1790436093,champion,ETH,2689.445,0.0,0.0,0.0,hold,hold: weight change +0.000 below threshold 0.05 | flat: 72h return +0.49% not above entry band +1.0%,0.019
1790436093,champion,SOL,121.165,0.25,0.1449,0.2476,sell,stay long: 72h return +5.05% vs exit band -1.0% and price above 24h EMA; realised vol 55% -> weight 0.25,0.413
1790436093,champion,ADA,0.25932,0.25,0.1449,0.146,hold,hold: weight change -0.001 below threshold 0.05 | stay long: 72h return +7.22% vs exit band -1.0% and price above 24h EMA; realised vol 86% -> weight 0.25,1.832
1790436093,champion,AVAX,11.08,0.2257,0.1308,0.0,buy,enter long: 72h return +5.49% vs entry band +1.0% and price above 24h EMA; realised vol 133% -> weight 0.23,0.903
1790436093,champion,LINK,14.34406,0.25,0.1449,0.1993,sell,stay long: 72h return +16.20% vs exit band -1.0% and price above 24h EMA; realised vol 86% -> weight 0.25,3.437
1790436093,champion,XRP,1.548845,0.0,0.0,0.0,hold,hold: weight change +0.000 below threshold 0.05 | flat: price below 24h EMA,0.032
1790436093,champion,DOGE,0.09841,0.25,0.1449,0.0,buy,enter long: 72h return +3.14% vs entry band +1.0% and price above 24h EMA; realised vol 87% -> weight 0.25,0.33
1790436093,champion,DOT,1.26565,0.25,0.1449,0.2064,sell,stay long: 72h return +12.80% vs exit band -1.0% and price above 24h EMA; realised vol 102% -> weight 0.25,2.765
1790436093,champion,LTC,72.895,0.25,0.1449,0.2008,sell,stay long: 72h return +20.04% vs exit band -1.0% and price above 24h EMA; realised vol 113% -> weight 0.25,2.058
1790439758,champion,BTC,84096.65,0.0,0.0,0.0,hold,hold: weight change +0.000 below threshold 0.05 | flat: 72h return +0.17% not above entry band +1.0%,0.006
1790439758,champion,ETH,2689.635,0.25,0.1123,0.0,none,no fill possible (no cash or no position) | enter long: 72h return +1.37% vs entry band +1.0% and price above 24h EMA; realised vol 41% -> weight 0.25,0.019
1790439758,champion,SOL,121.51,0.25,0.1123,0.1454,hold,hold: weight change -0.033 below threshold 0.05 | stay long: 72h return +7.01% vs exit band -1.0% and price above 24h EMA; realised vol 56% -> weight 0.25,0.823
1790439758,champion,ADA,0.258744,0.25,0.1123,0.1458,hold,hold: weight change -0.033 below threshold 0.05 | stay long: 72h return +9.68% vs exit band -1.0% and price above 24h EMA; realised vol 86% -> weight 0.25,2.048
1790439758,champion,AVAX,10.9865,0.2256,0.1014,0.1298,hold,hold: weight change -0.028 below threshold 0.05 | stay long: 72h return +7.26% vs exit band -1.0% and price above 24h EMA; realised vol 133% -> weight 0.23,0.455
1790439758,champion,LINK,14.288105,0.25,0.1123,0.1444,hold,hold: weight change -0.032 below threshold 0.05 | stay long: 72h return +16.91% vs exit band -1.0% and price above 24h EMA; realised vol 86% -> weight 0.25,2.726
1790439758,champion,XRP,1.545985,0.25,0.1123,0.0,none,no fill possible (no cash or no position) | enter long: 72h return +3.08% vs entry band +1.0% and price above 24h EMA; realised vol 76% -> weight 0.25,1.197
1790439758,champion,DOGE,0.098241,0.25,0.1123,0.1431,hold,hold: weight change -0.031 below threshold 0.05 | stay long: 72h return +6.36% vs exit band -1.0% and price above 24h EMA; realised vol 87% -> weight 0.25,0.005
1790439758,champion,DOT,1.2732,0.25,0.1123,0.1458,hold,hold: weight change -0.034 below threshold 0.05 | stay long: 72h return +17.10% vs exit band -1.0% and price above 24h EMA; realised vol 103% -> weight 0.25,2.356
1790439758,champion,LTC,73.295,0.25,0.1123,0.1458,hold,hold: weight change -0.033 below threshold 0.05 | stay long: 72h return +22.75% vs exit band -1.0% and price above 24h EMA; realised vol 113% -> weight 0.25,0.682
1790443239,champion,BTC,84061.95,0.0,0.0,0.0,hold,hold: weight change +0.000 below threshold 0.05 | flat: 72h return +0.10% not above entry band +1.0%,0.006
1790443239,champion,ETH,2687.205,0.25,0.1264,0.0,none,no fill possible (no cash or no position) | enter long: 72h return +1.16% vs entry band +1.0% and price above 24h EMA; realised vol 41% -> weight 0.25,0.019
1790443239,champion,SOL,121.035,0.25,0.1264,0.1455,hold,hold: weight change -0.019 below threshold 0.05 | stay long: 72h return +6.30% vs exit band -1.0% and price above 24h EMA; realised vol 56% -> weight 0.25,0.413
1790443239,champion,ADA,0.256383,0.25,0.1264,0.1452,hold,hold: weight change -0.019 below threshold 0.05 | stay long: 72h return +8.30% vs exit band -1.0% and price above 24h EMA; realised vol 86% -> weight 0.25,2.594
1790443239,champion,AVAX,10.8915,0.2277,0.1151,0.1293,hold,hold: weight change -0.014 below threshold 0.05 | stay long: 72h return +7.32% vs exit band -1.0% and price above 24h EMA; realised vol 132% -> weight 0.23,0.459
1790443239,champion,LINK,14.28493,0.25,0.1264,0.1451,hold,hold: weight change -0.019 below threshold 0.05 | stay long: 72h return +16.91% vs exit band -1.0% and price above 24h EMA; realised vol 86% -> weight 0.25,2.17
1790443239,champion,XRP,1.538375,0.0,0.0,0.0,hold,hold: weight change +0.000 below threshold 0.05 | flat: price below 24h EMA,0.293
1790443239,champion,DOGE,0.097843,0.25,0.1264,0.1432,hold,hold: weight change -0.017 below threshold 0.05 | stay long: 72h return +6.48% vs exit band -1.0% and price above 24h EMA; realised vol 87% -> weight 0.25,0.051
1790443239,champion,DOT,1.2751,0.25,0.1264,0.1468,hold,hold: weight change -0.020 below threshold 0.05 | stay long: 72h return +17.67% vs exit band -1.0% and price above 24h EMA; realised vol 103% -> weight 0.25,3.921
1790443239,champion,LTC,72.455,0.25,0.1264,0.1448,hold,hold: weight change -0.018 below threshold 0.05 | stay long: 72h return +20.51% vs exit band -1.0% and price above 24h EMA; realised vol 113% -> weight 0.25,2.07
1790447060,champion,BTC,84081.05,0.0,0.0,0.0,hold,hold: weight change +0.000 below threshold 0.05 | flat: 72h return -0.22% not above entry band +1.0%,0.006
1790447060,champion,ETH,2687.475,0.0,0.0,0.0,hold,hold: weight change +0.000 below threshold 0.05 | flat: 72h return +0.85% not above entry band +1.0%,0.019
1790447060,champion,SOL,121.305,0.25,0.1448,0.1466,hold,hold: weight change -0.002 below threshold 0.05 | stay long: 72h return +6.05% vs exit band -1.0% and price above 24h EMA; realised vol 55% -> weight 0.25,0.412
1790447060,champion,ADA,0.255985,0.25,0.1448,0.1457,hold,hold: weight change -0.001 below threshold 0.05 | stay long: 72h return +7.14% vs exit band -1.0% and price above 24h EMA; realised vol 86% -> weight 0.25,2.598
1790447060,champion,AVAX,10.845,0.2269,0.1314,0.1294,hold,hold: weight change +0.002 below threshold 0.05 | stay long: 72h return +5.30% vs exit band -1.0% and price above 24h EMA; realised vol 132% -> weight 0.23,0.922
1790447060,champion,LINK,14.21228,0.25,0.1448,0.1451,hold,hold: weight change -0.000 below threshold 0.05 | stay long: 72h return +16.79% vs exit band -1.0% and price above 24h EMA; realised vol 86% -> weight 0.25,2.878
1790447060,champion,XRP,1.53502,0.0,0.0,0.0,hold,hold: weight change +0.000 below threshold 0.05 | flat: price below 24h EMA,0.456
1790447060,champion,DOGE,0.097544,0.25,0.1448,0.1435,hold,hold: weight change +0.001 below threshold 0.05 | stay long: 72h return +5.75% vs exit band -1.0% and price above 24h EMA; realised vol 87% -> weight 0.25,0.005
1790447060,champion,DOT,1.25655,0.25,0.1448,0.1454,hold,hold: weight change -0.001 below threshold 0.05 | stay long: 72h return +15.12% vs exit band -1.0% and price above 24h EMA; realised vol 105% -> weight 0.25,0.398
1790447060,champion,LTC,71.93,0.25,0.1448,0.1445,hold,hold: weight change +0.000 below threshold 0.05 | stay long: 72h return +18.36% vs exit band -1.0% and price within 2.0% of 24h EMA; realised vol 113% -> weight 0.25,2.78
1790450379,champion,BTC,84018.55,0.0,0.0,0.0,hold,hold: weight change +0.000 below threshold 0.05 | flat: 72h return -0.37% not above entry band +1.0% and price below 24h EMA,0.006
1790450379,champion,ETH,2684.985,0.0,0.0,0.0,hold,hold: weight change +0.000 below threshold 0.05 | flat: 72h return +0.60% not above entry band +1.0% and price below 24h EMA,0.019
1790450379,champion,SOL,121.2,0.25,0.1447,0.1469,hold,hold: weight change -0.002 below threshold 0.05 | stay long: 72h return +5.92% vs exit band -1.0% and price above 24h EMA; realised vol 56% -> weight 0.25,0.825
1790450379,champion,ADA,0.255144,0.25,0.1447,0.1457,hold,hold: weight change -0.001 below threshold 0.05 | stay long: 72h return +7.02% vs exit band -1.0% and price within 2.0% of 24h EMA; realised vol 87% -> weight 0.25,2.234
1790450379,champion,AVAX,10.801,0.2271,0.1315,0.1293,hold,hold: weight change +0.002 below threshold 0.05 | stay long: 72h return +4.65% vs exit band -1.0% and price above 24h EMA; realised vol 132% -> weight 0.23,0.926
1790450379,champion,LINK,14.161455,0.25,0.1447,0.145,hold,hold: weight change -0.000 below threshold 0.05 | stay long: 72h return +15.76% vs exit band -1.0% and price above 24h EMA; realised vol 86% -> weight 0.25,1.268
1790450379,champion,XRP,1.52473,0.0,0.0,0.0,hold,hold: weight change +0.000 below threshold 0.05 | flat: price below 24h EMA,0.328
1790450379,champion,DOGE,0.097251,0.25,0.1447,0.1435,hold,hold: weight change +0.001 below threshold 0.05 | stay long: 72h return +5.49% vs exit band -1.0% and price within 2.0% of 24h EMA; realised vol 88% -> weight 0.25,0.005
1790450379,champion,DOT,1.2441,0.25,0.1447,0.1444,hold,hold: weight change +0.000 below threshold 0.05 | stay long: 72h return +13.75% vs exit band -1.0% and price above 24h EMA; realised vol 106% -> weight 0.25,2.411
1790450379,champion,LTC,72.015,0.25,0.1447,0.1451,hold,hold: weight change -0.000 below threshold 0.05 | stay long: 72h return +17.63% vs exit band -1.0% and price within 2.0% of 24h EMA; realised vol 113% -> weight 0.25,0.694
1790454077,champion,BTC,84026.85,0.0,0.0,0.0,hold,hold: weight change +0.000 below threshold 0.05 | flat: 72h return -0.58% not above entry band +1.0% and price below 24h EMA,0.006
1790454077,champion,ETH,2681.685,0.0,0.0,0.0,hold,hold: weight change +0.000 below threshold 0.05 | flat: 72h return +0.21% not above entry band +1.0% and price below 24h EMA,0.019
1790454077,champion,SOL,120.905,0.25,0.1447,0.1478,hold,hold: weight change -0.003 below threshold 0.05 | stay long: 72h return +5.76% vs exit band -1.0% and price above 24h EMA; realised vol 56% -> weight 0.25,0.414
1790454077,champion,ADA,0.251856,0.25,0.1447,0.145,hold,hold: weight change -0.000 below threshold 0.05 | stay long: 72h return +6.67% vs exit band -1.0% and price within 2.0% of 24h EMA; realised vol 87% -> weight 0.25,2.065
1790454077,champion,AVAX,10.6895,0.2281,0.132,0.129,hold,hold: weight change +0.003 below threshold 0.05 | stay long: 72h return +4.08% vs exit band -1.0% and price above 24h EMA; realised vol 132% -> weight 0.23,0.468
1790454077,champion,LINK,14.06328,0.25,0.1447,0.1452,hold,hold: weight change -0.001 below threshold 0.05 | stay long: 72h return +14.98% vs exit band -1.0% and price above 24h EMA; realised vol 86% -> weight 0.25,2.873
1790454077,champion,XRP,1.519025,0.0,0.0,0.0,hold,hold: weight change +0.000 below threshold 0.05 | flat: price below 24h EMA,0.033
1790454077,champion,DOGE,0.096398,0.25,0.1447,0.1434,hold,hold: weight change +0.001 below threshold 0.05 | stay long: 72h return +5.05% vs exit band -1.0% and price within 2.0% of 24h EMA; realised vol 87% -> weight 0.25,0.327
1790454077,champion,DOT,1.23345,0.25,0.1447,0.1444,hold,hold: weight change +0.000 below threshold 0.05 | stay long: 72h return +13.20% vs exit band -1.0% and price above 24h EMA; realised vol 106% -> weight 0.25,1.216
1790454077,champion,LTC,71.465,0.25,0.1447,0.1452,hold,hold: weight change -0.001 below threshold 0.05 | stay long: 72h return +17.34% vs exit band -1.0% and price within 2.0% of 24h EMA; realised vol 113% -> weight 0.25,2.099
1790457700,champion,BTC,84082.95,0.0,0.0,0.0,hold,hold: weight change +0.000 below threshold 0.05 | flat: 72h return -0.26% not above entry band +1.0% and price below 24h EMA,0.006
1790457700,champion,ETH,2681.125,0.0,0.0,0.0,hold,hold: weight change +0.000 below threshold 0.05 | flat: 72h return +0.20% not above entry band +1.0% and price below 24h EMA,0.019
1790457700,champion,SOL,120.895,0.25,0.1447,0.1477,hold,hold: weight change -0.003 below threshold 0.05 | stay long: 72h return +5.54% vs exit band -1.0% and price within 2.0% of 24h EMA; realised vol 56% -> weight 0.25,0.414
1790457700,champion,ADA,0.251584,0.25,0.1447,0.1448,hold,hold: weight change -0.000 below threshold 0.05 | stay long: 72h return +5.77% vs exit band -1.0% and price within 2.0% of 24h EMA; realised vol 87% -> weight 0.25,1.669
1790457700,champion,AVAX,10.733,0.2281,0.132,0.1295,hold,hold: weight change +0.003 below threshold 0.05 | stay long: 72h return +3.37% vs exit band -1.0% and price within 2.0% of 24h EMA; realised vol 131% -> weight 0.23,0.932
1790457700,champion,LINK,14.03952,0.25,0.1447,0.1449,hold,hold: weight change -0.000 below threshold 0.05 | stay long: 72h return +14.21% vs exit band -1.0% and price within 2.0% of 24h EMA; realised vol 87% -> weight 0.25,1.987
1790457700,champion,XRP,1.518585,0.0,0.0,0.0,hold,hold: weight change +0.000 below threshold 0.05 | flat: price below 24h EMA,0.033
1790457700,champion,DOGE,0.096337,0.25,0.1447,0.1433,hold,hold: weight change +0.001 below threshold 0.05 | stay long: 72h return +4.31% vs exit band -1.0% and price within 2.0% of 24h EMA; realised vol 88% -> weight 0.25,0.005
1790457700,champion,DOT,1.23075,0.25,0.1447,0.144,hold,hold: weight change +0.001 below threshold 0.05 | stay long: 72h return +11.92% vs exit band -1.0% and price within 2.0% of 24h EMA; realised vol 106% -> weight 0.25,0.406
1790457700,champion,LTC,71.745,0.25,0.1447,0.1458,hold,hold: weight change -0.001 below threshold 0.05 | stay long: 72h return +17.25% vs exit band -1.0% and price within 2.0% of 24h EMA; realised vol 113% -> weight 0.25,0.697
1790461296,champion,BTC,84237.45,0.0,0.0,0.0,hold,hold: weight change +0.000 below threshold 0.05 | flat: 72h return -0.32% not above entry band +1.0%,0.006
1790461296,champion,ETH,2687.205,0.0,0.0,0.0,hold,hold: weight change +0.000 below threshold 0.05 | flat: 72h return +0.32% not above entry band +1.0% and price below 24h EMA,0.019
1790461296,champion,SOL,121.485,0.25,0.1447,0.1479,hold,hold: weight change -0.003 below threshold 0.05 | stay long: 72h return +5.74% vs exit band -1.0% and price above 24h EMA; realised vol 56% -> weight 0.25,0.412
1790461296,champion,ADA,0.252675,0.25,0.1447,0.1449,hold,hold: weight change -0.000 below threshold 0.05 | stay long: 72h return +6.22% vs exit band -1.0% and price within 2.0% of 24h EMA; realised vol 87% -> weight 0.25,0.02
1790461296,champion,AVAX,10.7715,0.228,0.132,0.1295,hold,hold: weight change +0.002 below threshold 0.05 | stay long: 72h return +3.81% vs exit band -1.0% and price within 2.0% of 24h EMA; realised vol 132% -> weight 0.23,0.464
1790461296,champion,LINK,14.081985,0.25,0.1447,0.1449,hold,hold: weight change -0.000 below threshold 0.05 | stay long: 72h return +14.45% vs exit band -1.0% and price within 2.0% of 24h EMA; realised vol 86% -> weight 0.25,0.998
1790461296,champion,XRP,1.522465,0.0,0.0,0.0,hold,hold: weight change +0.000 below threshold 0.05 | flat: price below 24h EMA,0.23
1790461296,champion,DOGE,0.096441,0.25,0.1447,0.1429,hold,hold: weight change +0.002 below threshold 0.05 | stay long: 72h return +4.30% vs exit band -1.0% and price within 2.0% of 24h EMA; realised vol 87% -> weight 0.25,0.119
1790461296,champion,DOT,1.2381,0.25,0.1447,0.1444,hold,hold: weight change +0.000 below threshold 0.05 | stay long: 72h return +12.54% vs exit band -1.0% and price above 24h EMA; realised vol 106% -> weight 0.25,2.423
1790461296,champion,LTC,71.865,0.25,0.1447,0.1455,hold,hold: weight change -0.001 below threshold 0.05 | stay long: 72h return +16.78% vs exit band -1.0% and price within 2.0% of 24h EMA; realised vol 112% -> weight 0.25,0.696
1790464835,champion,BTC,84374.95,0.0,0.0,0.0,hold,hold: weight change +0.000 below threshold 0.05 | flat: 72h return -0.34% not above entry band +1.0%,0.006
1790464835,champion,ETH,2693.835,0.0,0.0,0.0,hold,hold: weight change +0.000 below threshold 0.05 | flat: 72h return -0.04% not above entry band +1.0%,0.019
1790464835,champion,SOL,121.715,0.25,0.1447,0.1476,hold,hold: weight change -0.003 below threshold 0.05 | stay long: 72h return +5.19% vs exit band -1.0% and price above 24h EMA; realised vol 56% -> weight 0.25,0.411
1790464835,champion,ADA,0.253327,0.25,0.1447,0.1447,hold,hold: weight change -0.000 below threshold 0.05 | stay long: 72h return +5.69% vs exit band -1.0% and price within 2.0% of 24h EMA; realised vol 87% -> weight 0.25,1.263
1790464835,champion,AVAX,10.8655,0.2283,0.1321,0.1301,hold,hold: weight change +0.002 below threshold 0.05 | stay long: 72h return +4.25% vs exit band -1.0% and price above 24h EMA; realised vol 131% -> weight 0.23,0.46
1790464835,champion,LINK,14.15324,0.25,0.1447,0.145,hold,hold: weight change -0.000 below threshold 0.05 | stay long: 72h return +13.80% vs exit band -1.0% and price within 2.0% of 24h EMA; realised vol 86% -> weight 0.25,0.572
1790464835,champion,XRP,1.529065,0.0,0.0,0.0,hold,hold: weight change +0.000 below threshold 0.05 | flat: price below 24h EMA,0.033
1790464835,champion,DOGE,0.096645,0.25,0.1447,0.1427,hold,hold: weight change +0.002 below threshold 0.05 | stay long: 72h return +4.07% vs exit band -1.0% and price within 2.0% of 24h EMA; realised vol 87% -> weight 0.25,0.135
1790464835,champion,DOT,1.24325,0.25,0.1447,0.1444,hold,hold: weight change +0.000 below threshold 0.05 | stay long: 72h return +12.46% vs exit band -1.0% and price above 24h EMA; realised vol 106% -> weight 0.25,2.815
1790464835,champion,LTC,72.2,0.25,0.1447,0.1456,hold,hold: weight change -0.001 below threshold 0.05 | stay long: 72h return +16.99% vs exit band -1.0% and price above 24h EMA; realised vol 112% -> weight 0.25,1.385
1790469033,champion,BTC,84240.65,0.0,0.0,0.0,hold,hold: weight change +0.000 below threshold 0.05 | flat: 72h return +0.05% not above entry band +1.0%,0.006
1790469033,champion,ETH,2692.005,0.0,0.0,0.0,hold,hold: weight change +0.000 below threshold 0.05 | flat: 72h return +0.42% not above entry band +1.0%,0.019
1790469033,champion,SOL,120.895,0.25,0.1444,0.147,hold,hold: weight change -0.003 below threshold 0.05 | stay long: 72h return +5.53% vs exit band -1.0% and price above 24h EMA; realised vol 56% -> weight 0.25,0.414
1790469033,champion,ADA,0.252558,0.25,0.1444,0.1446,hold,hold: weight change -0.000 below threshold 0.05 | stay long: 72h return +6.51% vs exit band -1.0% and price within 2.0% of 24h EMA; realised vol 87% -> weight 0.25,1.425
1790469033,champion,AVAX,10.8875,0.2314,0.1336,0.1307,hold,hold: weight change +0.003 below threshold 0.05 | stay long: 72h return +5.71% vs exit band -1.0% and price above 24h EMA; realised vol 130% -> weight 0.23,0.459
1790469033,champion,LINK,14.10817,0.25,0.1444,0.1449,hold,hold: weight change -0.001 below threshold 0.05 | stay long: 72h return +14.59% vs exit band -1.0% and price above 24h EMA; realised vol 86% -> weight 0.25,0.227
1790469033,champion,XRP,1.520385,0.0,0.0,0.0,hold,hold: weight change +0.000 below threshold 0.05 | flat: price below 24h EMA,0.23
1790469033,champion,DOGE,0.096507,0.25,0.1444,0.1428,hold,hold: weight change +0.002 below threshold 0.05 | stay long: 72h return +4.37% vs exit band -1.0% and price within 2.0% of 24h EMA; realised vol 87% -> weight 0.25,0.13
1790469033,champion,DOT,1.2364,0.25,0.1444,0.1439,hold,hold: weight change +0.000 below threshold 0.05 | stay long: 72h return +12.77% vs exit band -1.0% and price above 24h EMA; realised vol 106% -> weight 0.25,1.618
1790469033,champion,LTC,72.215,0.25,0.1444,0.146,hold,hold: weight change -0.002 below threshold 0.05 | stay long: 72h return +17.33% vs exit band -1.0% and price above 24h EMA; realised vol 112% -> weight 0.25,0.692
1790472060,champion,BTC,84342.65,0.0,0.0,0.0,hold,hold: weight change +0.000 below threshold 0.05 | flat: 72h return -0.02% not above entry band +1.0%,0.006
1790472060,champion,ETH,2692.945,0.0,0.0,0.0,hold,hold: weight change +0.000 below threshold 0.05 | flat: 72h return +0.40% not above entry band +1.0%,0.019
1790472060,champion,SOL,120.895,0.25,0.1443,0.1475,hold,hold: weight change -0.003 below threshold 0.05 | stay long: 72h return +4.94% vs exit band -1.0% and price within 2.0% of 24h EMA; realised vol 56% -> weight 0.25,0.414
1790472060,champion,ADA,0.251093,0.25,0.1443,0.1443,hold,hold: weight change -0.000 below threshold 0.05 | stay long: 72h return +5.80% vs exit band -1.0% and price within 2.0% of 24h EMA; realised vol 88% -> weight 0.25,0.577
1790472060,champion,AVAX,10.7925,0.233,0.1345,0.13,hold,hold: weight change +0.004 below threshold 0.05 | stay long: 72h return +5.86% vs exit band -1.0% and price above 24h EMA; realised vol 129% -> weight 0.23,1.39
1790472060,champion,LINK,14.066595,0.25,0.1443,0.145,hold,hold: weight change -0.001 below threshold 0.05 | stay long: 72h return +14.76% vs exit band -1.0% and price within 2.0% of 24h EMA; realised vol 87% -> weight 0.25,0.004
1790472060,champion,XRP,1.517345,0.0,0.0,0.0,hold,hold: weight change +0.000 below threshold 0.05 | flat: price below 24h EMA,0.033
1790472060,champion,DOGE,0.096142,0.25,0.1443,0.1428,hold,hold: weight change +0.001 below threshold 0.05 | stay long: 72h return +3.63% vs exit band -1.0% and price within 2.0% of 24h EMA; realised vol 87% -> weight 0.25,0.047
1790472060,champion,DOT,1.23615,0.25,0.1443,0.1444,hold,hold: weight change -0.000 below threshold 0.05 | stay long: 72h return +13.00% vs exit band -1.0% and price above 24h EMA; realised vol 106% -> weight 0.25,2.022
1790472060,champion,LTC,71.915,0.25,0.1443,0.1459,hold,hold: weight change -0.002 below threshold 0.05 | stay long: 72h return +15.89% vs exit band -1.0% and price within 2.0% of 24h EMA; realised vol 112% -> weight 0.25,0.695
1790475763,champion,BTC,84509.65,0.0,0.0,0.0,hold,hold: weight change +0.000 below threshold 0.05 | flat: 72h return +0.46% not above entry band +1.0%,0.006
1790475763,champion,ETH,2702.735,0.0,0.0,0.0,hold,hold: weight change +0.000 below threshold 0.05 | flat: 72h return +1.00% not above entry band +1.0%,0.018
1790475763,champion,SOL,121.515,0.25,0.143,0.1473,hold,hold: weight change -0.004 below threshold 0.05 | stay long: 72h return +5.86% vs exit band -1.0% and price above 24h EMA; realised vol 56% -> weight 0.25,0.411
1790475763,champion,ADA,0.253251,0.25,0.143,0.1446,hold,hold: weight change -0.002 below threshold 0.05 | stay long: 72h return +6.77% vs exit band -1.0% and price within 2.0% of 24h EMA; realised vol 87% -> weight 0.25,1.955
1790475763,champion,AVAX,10.823,0.2479,0.1418,0.1296,hold,hold: weight change +0.012 below threshold 0.05 | stay long: 72h return +6.24% vs exit band -1.0% and price above 24h EMA; realised vol 121% -> weight 0.25,2.772
1790475763,champion,LINK,14.290215,0.25,0.143,0.1464,hold,hold: weight change -0.003 below threshold 0.05 | stay long: 72h return +15.96% vs exit band -1.0% and price above 24h EMA; realised vol 87% -> weight 0.25,2.614
1790475763,champion,XRP,1.52735,0.0,0.0,0.0,hold,hold: weight change +0.000 below threshold 0.05 | flat: price below 24h EMA,0.196
1790475763,champion,DOGE,0.096687,0.25,0.143,0.1427,hold,hold: weight change +0.000 below threshold 0.05 | stay long: 72h return +4.26% vs exit band -1.0% and price within 2.0% of 24h EMA; realised vol 87% -> weight 0.25,0.295
1790475763,champion,DOT,1.243,0.25,0.143,0.1443,hold,hold: weight change -0.001 below threshold 0.05 | stay long: 72h return +13.22% vs exit band -1.0% and price above 24h EMA; realised vol 105% -> weight 0.25,2.414
1790475763,champion,LTC,71.995,0.25,0.143,0.1451,hold,hold: weight change -0.002 below threshold 0.05 | stay long: 72h return +15.73% vs exit band -1.0% and price within 2.0% of 24h EMA; realised vol 112% -> weight 0.25,0.694
1790479363,champion,BTC,84400.05,0.0,0.0,0.0,hold,hold: weight change +0.000 below threshold 0.05 | flat: 72h return +0.11% not above entry band +1.0%,0.006
1790479363,champion,ETH,2697.165,0.0,0.0,0.0,hold,hold: weight change +0.000 below threshold 0.05 | flat: 72h return +0.47% not above entry band +1.0%,0.019
1790479363,champion,SOL,120.655,0.25,0.1429,0.1474,hold,hold: weight change -0.004 below threshold 0.05 | stay long: 72h return +5.07% vs exit band -1.0% and price above 24h EMA; realised vol 53% -> weight 0.25,0.414
1790479363,champion,ADA,0.251802,0.25,0.1429,0.1448,hold,hold: weight change -0.002 below threshold 0.05 | stay long: 72h return +5.08% vs exit band -1.0% and price within 2.0% of 24h EMA; realised vol 84% -> weight 0.25,2.264
1790479363,champion,AVAX,10.7405,0.2499,0.1428,0.1295,hold,hold: weight change +0.013 below threshold 0.05 | stay long: 72h return +4.45% vs exit band -1.0% and price above 24h EMA; realised vol 120% -> weight 0.25,1.397
1790479363,champion,LINK,14.1097,0.25,0.1429,0.1456,hold,hold: weight change -0.003 below threshold 0.05 | stay long: 72h return +14.54% vs exit band -1.0% and price above 24h EMA; realised vol 84% -> weight 0.25,1.821
1790479363,champion,XRP,1.51636,0.0,0.0,0.0,hold,hold: weight change +0.000 below threshold 0.05 | flat: price below 24h EMA,0.198
1790479363,champion,DOGE,0.096176,0.25,0.1429,0.143,hold,hold: weight change -0.000 below threshold 0.05 | stay long: 72h return +2.64% vs exit band -1.0% and price within 2.0% of 24h EMA; realised vol 86% -> weight 0.25,0.099
1790479363,champion,DOT,1.23705,0.25,0.1429,0.1447,hold,hold: weight change -0.002 below threshold 0.05 | stay long: 72h return +10.77% vs exit band -1.0% and price within 2.0% of 24h EMA; realised vol 102% -> weight 0.25,2.021
1790479363,champion,LTC,71.475,0.25,0.1429,0.1451,hold,hold: weight change -0.002 below threshold 0.05 | stay long: 72h return +9.00% vs exit band -1.0% and price within 2.0% of 24h EMA; realised vol 111% -> weight 0.25,0.7
1790482975,champion,BTC,84444.45,0.0,0.0,0.0,hold,hold: weight change +0.000 below threshold 0.05 | flat: 72h return +0.54% not above entry band +1.0%,0.006
1790482975,champion,ETH,2697.705,0.0,0.0,0.0,hold,hold: weight change +0.000 below threshold 0.05 | flat: 72h return +0.75% not above entry band +1.0%,0.019
1790482975,champion,SOL,120.56,0.25,0.1429,0.1473,hold,hold: weight change -0.004 below threshold 0.05 | stay long: 72h return +5.14% vs exit band -1.0% and price within 2.0% of 24h EMA; realised vol 53% -> weight 0.25,0.829
1790482975,champion,ADA,0.251723,0.25,0.1429,0.1448,hold,hold: weight change -0.002 below threshold 0.05 | stay long: 72h return +5.43% vs exit band -1.0% and price within 2.0% of 24h EMA; realised vol 83% -> weight 0.25,1.47
1790482975,champion,AVAX,10.7465,0.2499,0.1428,0.1296,hold,hold: weight change +0.013 below threshold 0.05 | stay long: 72h return +4.84% vs exit band -1.0% and price within 2.0% of 24h EMA; realised vol 120% -> weight 0.25,0.465
1790482975,champion,LINK,14.113125,0.25,0.1429,0.1457,hold,hold: weight change -0.003 below threshold 0.05 | stay long: 72h return +14.75% vs exit band -1.0% and price above 24h EMA; realised vol 84% -> weight 0.25,0.004
1790482975,champion,XRP,1.5141,0.0,0.0,0.0,hold,hold: weight change +0.000 below threshold 0.05 | flat: price below 24h EMA,0.132
1790482975,champion,DOGE,0.096028,0.25,0.1429,0.1428,hold,hold: weight change +0.000 below threshold 0.05 | stay long: 72h return +3.20% vs exit band -1.0% and price within 2.0% of 24h EMA; realised vol 86% -> weight 0.25,0.005
1790482975,champion,DOT,1.2338,0.25,0.1429,0.1443,hold,hold: weight change -0.001 below threshold 0.05 | stay long: 72h return +11.23% vs exit band -1.0% and price above 24h EMA; realised vol 102% -> weight 0.25,3.242
1790482975,champion,LTC,71.56,0.25,0.1429,0.1454,hold,hold: weight change -0.002 below threshold 0.05 | stay long: 72h return +7.11% vs exit band -1.0% and price within 2.0% of 24h EMA; realised vol 111% -> weight 0.25,1.397
1790486468,champion,BTC,84381.85,0.0,0.0,0.0,hold,hold: weight change +0.000 below threshold 0.05 | flat: 72h return +0.35% not above entry band +1.0%,0.006
1790486468,champion,ETH,2695.665,0.0,0.0,0.0,hold,hold: weight change +0.000 below threshold 0.05 | flat: 72h return +0.39% not above entry band +1.0%,0.019
1790486468,champion,SOL,120.595,0.25,0.1429,0.1471,hold,hold: weight change -0.004 below threshold 0.05 | stay long: 72h return +4.14% vs exit band -1.0% and price within 2.0% of 24h EMA; realised vol 53% -> weight 0.25,0.415
1790486468,champion,ADA,0.252357,0.25,0.1429,0.145,hold,hold: weight change -0.002 below threshold 0.05 | stay long: 72h return +4.01% vs exit band -1.0% and price within 2.0% of 24h EMA; realised vol 83% -> weight 0.25,1.387
1790486468,champion,AVAX,10.802,0.2498,0.1428,0.1301,hold,hold: weight change +0.013 below threshold 0.05 | stay long: 72h return +3.05% vs exit band -1.0% and price within 2.0% of 24h EMA; realised vol 120% -> weight 0.25,1.852
1790486468,champion,LINK,14.118695,0.25,0.1429,0.1455,hold,hold: weight change -0.003 below threshold 0.05 | stay long: 72h return +13.47% vs exit band -1.0% and price within 2.0% of 24h EMA; realised vol 84% -> weight 0.25,0.988
1790486468,champion,XRP,1.514275,0.0,0.0,0.0,hold,hold: weight change +0.000 below threshold 0.05 | flat: 72h return +0.45% not above entry band +1.0% and price below 24h EMA,0.231
1790486468,champion,DOGE,0.095965,0.25,0.1429,0.1425,hold,hold: weight change +0.000 below threshold 0.05 | stay long: 72h return +1.52% vs exit band -1.0% and price within 2.0% of 24h EMA; realised vol 86% -> weight 0.25,0.005
1790486468,champion,DOT,1.2324,0.25,0.1429,0.144,hold,hold: weight change -0.001 below threshold 0.05 | stay long: 72h return +8.68% vs exit band -1.0% and price within 2.0% of 24h EMA; realised vol 102% -> weight 0.25,2.434
1790486468,champion,LTC,71.845,0.25,0.1429,0.1457,hold,hold: weight change -0.003 below threshold 0.05 | stay long: 72h return +4.41% vs exit band -1.0% and price within 2.0% of 24h EMA; realised vol 111% -> weight 0.25,0.696
1790490427,champion,BTC,84598.65,0.0,0.0,0.0,hold,hold: weight change +0.000 below threshold 0.05 | flat: 72h return +0.61% not above entry band +1.0%,0.006
1790490427,champion,ETH,2710.135,0.0,0.0,0.0,hold,hold: weight change +0.000 below threshold 0.05 | flat: 72h return +0.83% not above entry band +1.0%,0.018
1790490427,champion,SOL,121.51,0.25,0.143,0.1469,hold,hold: weight change -0.004 below threshold 0.05 | stay long: 72h return +5.47% vs exit band -1.0% and price above 24h EMA; realised vol 53% -> weight 0.25,0.823
1790490427,champion,ADA,0.255775,0.25,0.143,0.1457,hold,hold: weight change -0.003 below threshold 0.05 | stay long: 72h return +5.41% vs exit band -1.0% and price within 2.0% of 24h EMA; realised vol 84% -> weight 0.25,2.189
1790490427,champion,AVAX,10.9355,0.2485,0.1421,0.1306,hold,hold: weight change +0.012 below threshold 0.05 | stay long: 72h return +6.19% vs exit band -1.0% and price above 24h EMA; realised vol 121% -> weight 0.25,1.372
1790490427,champion,LINK,14.243915,0.25,0.143,0.1455,hold,hold: weight change -0.003 below threshold 0.05 | stay long: 72h return +14.64% vs exit band -1.0% and price above 24h EMA; realised vol 84% -> weight 0.25,1.976
1790490427,champion,XRP,1.524375,0.0,0.0,0.0,hold,hold: weight change +0.000 below threshold 0.05 | flat: 72h return +0.96% not above entry band +1.0% and price below 24h EMA,0.033
1790490427,champion,DOGE,0.096972,0.25,0.143,0.1427,hold,hold: weight change +0.000 below threshold 0.05 | stay long: 72h return +2.39% vs exit band -1.0% and price within 2.0% of 24h EMA; realised vol 86% -> weight 0.25,0.134
1790490427,champion,DOT,1.2393,0.25,0.143,0.1435,hold,hold: weight change -0.001 below threshold 0.05 | stay long: 72h return +9.67% vs exit band -1.0% and price above 24h EMA; realised vol 102% -> weight 0.25,3.228
1790490427,champion,LTC,72.195,0.25,0.143,0.1451,hold,hold: weight change -0.002 below threshold 0.05 | stay long: 72h return +7.48% vs exit band -1.0% and price within 2.0% of 24h EMA; realised vol 111% -> weight 0.25,0.693
1790493722,champion,BTC,84475.95,0.0,0.0,0.0,hold,hold: weight change +0.000 below threshold 0.05 | flat: 72h return +0.49% not above entry band +1.0%,0.006
1790493722,champion,ETH,2706.015,0.0,0.0,0.0,hold,hold: weight change +0.000 below threshold 0.05 | flat: 72h return +0.77% not above entry band +1.0%,0.018
1790493722,champion,SOL,121.435,0.25,0.1429,0.1463,hold,hold: weight change -0.003 below threshold 0.05 | stay long: 72h return +5.67% vs exit band -1.0% and price above 24h EMA; realised vol 53% -> weight 0.25,0.412
1790493722,champion,ADA,0.256398,0.25,0.1429,0.1454,hold,hold: weight change -0.003 below threshold 0.05 | stay long: 72h return +5.87% vs exit band -1.0% and price above 24h EMA; realised vol 84% -> weight 0.25,0.644
1790493722,champion,AVAX,10.998,0.2495,0.1426,0.1308,hold,hold: weight change +0.012 below threshold 0.05 | stay long: 72h return +6.62% vs exit band -1.0% and price above 24h EMA; realised vol 120% -> weight 0.25,0.909
1790493722,champion,LINK,14.336885,0.25,0.1429,0.1459,hold,hold: weight change -0.003 below threshold 0.05 | stay long: 72h return +15.21% vs exit band -1.0% and price above 24h EMA; realised vol 85% -> weight 0.25,0.003
1790493722,champion,XRP,1.523515,0.0,0.0,0.0,hold,hold: weight change +0.000 below threshold 0.05 | flat: price below 24h EMA,0.033
1790493722,champion,DOGE,0.097049,0.25,0.1429,0.1423,hold,hold: weight change +0.001 below threshold 0.05 | stay long: 72h return +2.65% vs exit band -1.0% and price above 24h EMA; realised vol 86% -> weight 0.25,0.005
1790493722,champion,DOT,1.25995,0.25,0.1429,0.1453,hold,hold: weight change -0.002 below threshold 0.05 | stay long: 72h return +12.32% vs exit band -1.0% and price above 24h EMA; realised vol 103% -> weight 0.25,3.572
1790493722,champion,LTC,71.915,0.25,0.1429,0.144,hold,hold: weight change -0.001 below threshold 0.05 | stay long: 72h return +5.84% vs exit band -1.0% and price within 2.0% of 24h EMA; realised vol 111% -> weight 0.25,0.695
1790497359,champion,BTC,84785.45,0.0,0.0,0.0,hold,hold: weight change +0.000 below threshold 0.05 | flat: 72h return +0.29% not above entry band +1.0%,0.006
1790497359,champion,ETH,2716.925,0.0,0.0,0.0,hold,hold: weight change +0.000 below threshold 0.05 | flat: 72h return +0.91% not above entry band +1.0%,0.018
1790497359,champion,SOL,124.465,0.25,0.125,0.1486,hold,hold: weight change -0.024 below threshold 0.05 | stay long: 72h return +7.42% vs exit band -1.0% and price above 24h EMA; realised vol 55% -> weight 0.25,0.402
1790497359,champion,ADA,0.257908,0.25,0.125,0.145,hold,hold: weight change -0.020 below threshold 0.05 | stay long: 72h return +6.58% vs exit band -1.0% and price above 24h EMA; realised vol 84% -> weight 0.25,0.019
1790497359,champion,AVAX,11.195,0.2493,0.1247,0.132,hold,hold: weight change -0.007 below threshold 0.05 | stay long: 72h return +8.57% vs exit band -1.0% and price above 24h EMA; realised vol 120% -> weight 0.25,1.787
1790497359,champion,LINK,14.38073,0.25,0.125,0.1451,hold,hold: weight change -0.020 below threshold 0.05 | stay long: 72h return +15.68% vs exit band -1.0% and price above 24h EMA; realised vol 85% -> weight 0.25,1.718
1790497359,champion,XRP,1.53644,0.25,0.125,0.0,none,"waits for cash: the book is fully invested and no position is far enough above its target to trim, so this buy fills when an exit or a bigger drift frees cash | enter long: 72h return +2.14% vs entry band +1.0% and price above 24h EMA; realised vol 75% -> weight 0.25",0.456
1790497359,champion,DOGE,0.097811,0.25,0.125,0.1421,hold,hold: weight change -0.017 below threshold 0.05 | stay long: 72h return +3.71% vs exit band -1.0% and price above 24h EMA; realised vol 86% -> weight 0.25,0.24
1790497359,champion,DOT,1.264,0.25,0.125,0.1445,hold,hold: weight change -0.019 below threshold 0.05 | stay long: 72h return +11.85% vs exit band -1.0% and price above 24h EMA; realised vol 103% -> weight 0.25,3.165
1790497359,champion,LTC,71.865,0.25,0.125,0.1427,hold,hold: weight change -0.018 below threshold 0.05 | stay long: 72h return +4.52% vs exit band -1.0% and price above 24h EMA; realised vol 111% -> weight 0.25,2.087
1790500913,champion,BTC,84636.85,0.25,0.1,0.0,none,"waits for cash: the book is fully invested and no position is far enough above its target to trim, so this buy fills when an exit or a bigger drift frees cash | enter long: 72h return +1.38% vs entry band +1.0% and price above 24h EMA; realised vol 36% -> weight 0.25",0.006
1790500913,champion,ETH,2709.145,0.25,0.1,0.0,none,"waits for cash: the book is fully invested and no position is far enough above its target to trim, so this buy fills when an exit or a bigger drift frees cash | enter long: 72h return +1.70% vs entry band +1.0% and price above 24h EMA; realised vol 39% -> weight 0.25",0.018
1790500913,champion,SOL,123.765,0.25,0.1,0.1489,hold,hold: weight change -0.049 below threshold 0.05 | stay long: 72h return +8.76% vs exit band -1.0% and price above 24h EMA; realised vol 55% -> weight 0.25,0.404
1790500913,champion,ADA,0.255384,0.25,0.1,0.1447,hold,hold: weight change -0.045 below threshold 0.05 | stay long: 72h return +7.39% vs exit band -1.0% and price above 24h EMA; realised vol 84% -> weight 0.25,1.645
1790500913,champion,AVAX,11.065,0.2492,0.0997,0.1314,hold,hold: weight change -0.032 below threshold 0.05 | stay long: 72h return +9.19% vs exit band -1.0% and price above 24h EMA; realised vol 120% -> weight 0.25,1.808
1790500913,champion,LINK,14.280265,0.25,0.1,0.1451,hold,hold: weight change -0.045 below threshold 0.05 | stay long: 72h return +16.60% vs exit band -1.0% and price above 24h EMA; realised vol 85% -> weight 0.25,0.704
1790500913,champion,XRP,1.528165,0.25,0.1,0.0,none,"waits for cash: the book is fully invested and no position is far enough above its target to trim, so this buy fills when an exit or a bigger drift frees cash | enter long: 72h return +3.45% vs entry band +1.0% and price above 24h EMA; realised vol 75% -> weight 0.25",0.491
1790500913,champion,DOGE,0.097296,0.25,0.1,0.1425,hold,hold: weight change -0.042 below threshold 0.05 | stay long: 72h return +4.90% vs exit band -1.0% and price above 24h EMA; realised vol 86% -> weight 0.25,0.036
1790500913,champion,DOT,1.24545,0.25,0.1,0.1435,hold,hold: weight change -0.043 below threshold 0.05 | stay long: 72h return +12.32% vs exit band -1.0% and price above 24h EMA; realised vol 104% -> weight 0.25,2.81
1790500913,champion,LTC,71.935,0.25,0.1,0.1439,hold,hold: weight change -0.044 below threshold 0.05 | stay long: 72h return +5.26% vs exit band -1.0% and price within 2.0% of 24h EMA; realised vol 111% -> weight 0.25,0.695
1790504481,champion,BTC,84952.55,0.25,0.1,0.0,none,"waits for cash: the book is fully invested and no position is far enough above its target to trim, so this buy fills when an exit or a bigger drift frees cash | enter long: 72h return +2.04% vs entry band +1.0% and price above 24h EMA; realised vol 36% -> weight 0.25",0.006
1790504481,champion,ETH,2712.795,0.25,0.1,0.0,none,"waits for cash: the book is fully invested and no position is far enough above its target to trim, so this buy fills when an exit or a bigger drift frees cash | enter long: 72h return +2.82% vs entry band +1.0% and price above 24h EMA; realised vol 39% -> weight 0.25",0.018
1790504481,champion,SOL,124.225,0.25,0.1,0.1488,hold,hold: weight change -0.049 below threshold 0.05 | stay long: 72h return +10.02% vs exit band -1.0% and price above 24h EMA; realised vol 55% -> weight 0.25,0.402
1790504481,champion,ADA,0.256927,0.25,0.1,0.145,hold,hold: weight change -0.045 below threshold 0.05 | stay long: 72h return +9.51% vs exit band -1.0% and price above 24h EMA; realised vol 84% -> weight 0.25,1.576
1790504481,champion,AVAX,11.0365,0.25,0.1,0.1305,hold,hold: weight change -0.031 below threshold 0.05 | stay long: 72h return +9.95% vs exit band -1.0% and price above 24h EMA; realised vol 120% -> weight 0.25,0.453
1790504481,champion,LINK,14.376915,0.25,0.1,0.1455,hold,hold: weight change -0.046 below threshold 0.05 | stay long: 72h return +17.84% vs exit band -1.0% and price above 24h EMA; realised vol 85% -> weight 0.25,1.68
1790504481,champion,XRP,1.540035,0.25,0.1,0.0,none,"waits for cash: the book is fully invested and no position is far enough above its target to trim, so this buy fills when an exit or a bigger drift frees cash | enter long: 72h return +5.56% vs entry band +1.0% and price above 24h EMA; realised vol 75% -> weight 0.25",0.032
1790504481,champion,DOGE,0.098033,0.25,0.1,0.143,hold,hold: weight change -0.043 below threshold 0.05 | stay long: 72h return +6.42% vs exit band -1.0% and price above 24h EMA; realised vol 86% -> weight 0.25,0.337
1790504481,champion,DOT,1.2527,0.25,0.1,0.1437,hold,hold: weight change -0.044 below threshold 0.05 | stay long: 72h return +13.33% vs exit band -1.0% and price above 24h EMA; realised vol 104% -> weight 0.25,2.395
1790504481,champion,LTC,72.02,0.25,0.1,0.1435,hold,hold: weight change -0.043 below threshold 0.05 | stay long: 72h return +7.70% vs exit band -1.0% and price within 2.0% of 24h EMA; realised vol 111% -> weight 0.25,1.389
1790508102,champion,BTC,84839.45,0.25,0.1,0.0,none,"waits for cash: the book is fully invested and no position is far enough above its target to trim, so this buy fills when an exit or a bigger drift frees cash | enter long: 72h return +1.64% vs entry band +1.0% and price above 24h EMA; realised vol 35% -> weight 0.25",0.006
1790508102,champion,ETH,2707.795,0.25,0.1,0.0,none,"waits for cash: the book is fully invested and no position is far enough above its target to trim, so this buy fills when an exit or a bigger drift frees cash | enter long: 72h return +2.35% vs entry band +1.0% and price above 24h EMA; realised vol 39% -> weight 0.25",0.018
1790508102,champion,SOL,123.765,0.25,0.1,0.1491,hold,hold: weight change -0.049 below threshold 0.05 | stay long: 72h return +9.39% vs exit band -1.0% and price above 24h EMA; realised vol 55% -> weight 0.25,0.404
1790508102,champion,ADA,0.255887,0.25,0.1,0.1452,hold,hold: weight change -0.045 below threshold 0.05 | stay long: 72h return +8.49% vs exit band -1.0% and price above 24h EMA; realised vol 84% -> weight 0.25,0.02
1790508102,champion,AVAX,10.9545,0.25,0.1,0.1303,hold,hold: weight change -0.030 below threshold 0.05 | stay long: 72h return +9.00% vs exit band -1.0% and price above 24h EMA; realised vol 120% -> weight 0.25,3.195
1790508102,champion,LINK,14.29427,0.25,0.1,0.1455,hold,hold: weight change -0.046 below threshold 0.05 | stay long: 72h return +17.56% vs exit band -1.0% and price above 24h EMA; realised vol 85% -> weight 0.25,1.21
1790508102,champion,XRP,1.533415,0.25,0.1,0.0,none,"waits for cash: the book is fully invested and no position is far enough above its target to trim, so this buy fills when an exit or a bigger drift frees cash | enter long: 72h return +4.84% vs entry band +1.0% and price above 24h EMA; realised vol 74% -> weight 0.25",0.033
1790508102,champion,DOGE,0.097575,0.25,0.1,0.1431,hold,hold: weight change -0.043 below threshold 0.05 | stay long: 72h return +5.30% vs exit band -1.0% and price above 24h EMA; realised vol 86% -> weight 0.25,0.005
1790508102,champion,DOT,1.24335,0.25,0.1,0.1434,hold,hold: weight change -0.043 below threshold 0.05 | stay long: 72h return +11.97% vs exit band -1.0% and price above 24h EMA; realised vol 104% -> weight 0.25,3.619
1790508102,champion,LTC,71.56,0.25,0.1,0.1433,hold,hold: weight change -0.043 below threshold 0.05 | stay long: 72h return +7.17% vs exit band -1.0% and price within 2.0% of 24h EMA; realised vol 111% -> weight 0.25,1.397
1790511996,champion,BTC,84939.55,0.25,0.1,0.0,none,"waits for cash: the book is fully invested and no position is far enough above its target to trim, so this buy fills when an exit or a bigger drift frees cash | enter long: 72h return +1.69% vs entry band +1.0% and price above 24h EMA; realised vol 35% -> weight 0.25",0.006
1790511996,champion,ETH,2712.355,0.25,0.1,0.0,none,"waits for cash: the book is fully invested and no position is far enough above its target to trim, so this buy fills when an exit or a bigger drift frees cash | enter long: 72h return +2.37% vs entry band +1.0% and price above 24h EMA; realised vol 39% -> weight 0.25",0.018
1790511996,champion,SOL,123.945,0.25,0.1,0.1488,hold,hold: weight change -0.049 below threshold 0.05 | stay long: 72h return +9.34% vs exit band -1.0% and price above 24h EMA; realised vol 55% -> weight 0.25,0.403
1790511996,champion,ADA,0.2568,0.25,0.1,0.1452,hold,hold: weight change -0.045 below threshold 0.05 | stay long: 72h return +8.94% vs exit band -1.0% and price above 24h EMA; realised vol 84% -> weight 0.25,1.343
1790511996,champion,AVAX,11.0065,0.25,0.1,0.1305,hold,hold: weight change -0.030 below threshold 0.05 | stay long: 72h return +8.55% vs exit band -1.0% and price above 24h EMA; realised vol 111% -> weight 0.25,1.363
1790511996,champion,LINK,14.332155,0.25,0.1,0.1454,hold,hold: weight change -0.045 below threshold 0.05 | stay long: 72h return +17.13% vs exit band -1.0% and price above 24h EMA; realised vol 85% -> weight 0.25,0.003
1790511996,champion,XRP,1.539415,0.25,0.1,0.0,none,"waits for cash: the book is fully invested and no position is far enough above its target to trim, so this buy fills when an exit or a bigger drift frees cash | enter long: 72h return +4.67% vs entry band +1.0% and price above 24h EMA; realised vol 74% -> weight 0.25",0.032
1790511996,champion,DOGE,0.098156,0.25,0.1,0.1435,hold,hold: weight change -0.043 below threshold 0.05 | stay long: 72h return +5.60% vs exit band -1.0% and price above 24h EMA; realised vol 86% -> weight 0.25,0.494
1790511996,champion,DOT,1.24605,0.25,0.1,0.1433,hold,hold: weight change -0.043 below threshold 0.05 | stay long: 72h return +11.92% vs exit band -1.0% and price above 24h EMA; realised vol 103% -> weight 0.25,1.204
1790511996,champion,LTC,71.78,0.25,0.1,0.1433,hold,hold: weight change -0.043 below threshold 0.05 | stay long: 72h return +7.97% vs exit band -1.0% and price within 2.0% of 24h EMA; realised vol 111% -> weight 0.25,1.393
1790515252,champion,BTC,84760.05,0.25,0.1,0.0,none,"waits for cash: the book is fully invested and no position is far enough above its target to trim, so this buy fills when an exit or a bigger drift frees cash | enter long: 72h return +1.44% vs entry band +1.0% and price above 24h EMA; realised vol 35% -> weight 0.25",0.006
1790515252,champion,ETH,2703.655,0.25,0.1,0.0,none,"waits for cash: the book is fully invested and no position is far enough above its target to trim, so this buy fills when an exit or a bigger drift frees cash | enter long: 72h return +2.23% vs entry band +1.0% and price above 24h EMA; realised vol 39% -> weight 0.25",0.018
1790515252,champion,SOL,122.685,0.25,0.1,0.1489,hold,hold: weight change -0.049 below threshold 0.05 | stay long: 72h return +8.38% vs exit band -1.0% and price above 24h EMA; realised vol 55% -> weight 0.25,0.408
1790515252,champion,ADA,0.254742,0.25,0.1,0.1456,hold,hold: weight change -0.046 below threshold 0.05 | stay long: 72h return +8.25% vs exit band -1.0% and price above 24h EMA; realised vol 84% -> weight 0.25,2.139
1790515252,champion,AVAX,10.8625,0.25,0.1,0.1302,hold,hold: weight change -0.030 below threshold 0.05 | stay long: 72h return +8.21% vs exit band -1.0% and price above 24h EMA; realised vol 111% -> weight 0.25,1.381
1790515252,champion,LINK,14.141935,0.25,0.1,0.145,hold,hold: weight change -0.045 below threshold 0.05 | stay long: 72h return +15.49% vs exit band -1.0% and price within 2.0% of 24h EMA; realised vol 85% -> weight 0.25,0.004
1790515252,champion,XRP,1.525605,0.25,0.1,0.0,none,"waits for cash: the book is fully invested and no position is far enough above its target to trim, so this buy fills when an exit or a bigger drift frees cash | enter long: 72h return +3.73% vs entry band +1.0% and price above 24h EMA; realised vol 74% -> weight 0.25",0.819
1790515252,champion,DOGE,0.097243,0.25,0.1,0.1437,hold,hold: weight change -0.044 below threshold 0.05 | stay long: 72h return +5.80% vs exit band -1.0% and price above 24h EMA; realised vol 86% -> weight 0.25,0.458
1790515252,champion,DOT,1.2353,0.25,0.1,0.1436,hold,hold: weight change -0.044 below threshold 0.05 | stay long: 72h return +11.39% vs exit band -1.0% and price within 2.0% of 24h EMA; realised vol 104% -> weight 0.25,2.429
1790515252,champion,LTC,70.82,0.25,0.1,0.1429,hold,hold: weight change -0.043 below threshold 0.05 | stay long: 72h return +6.74% vs exit band -1.0% and price within 2.0% of 24h EMA; realised vol 111% -> weight 0.25,1.412
1790518844,champion,BTC,84903.25,0.0,0.0,0.0,hold,hold: weight change +0.000 below threshold 0.05 | flat: 72h return +0.93% not above entry band +1.0%,0.006
1790518844,champion,ETH,2701.825,0.25,0.1111,0.0,none,"waits for cash: the book is fully invested and no position is far enough above its target to trim, so this buy fills when an exit or a bigger drift frees cash | enter long: 72h return +1.50% vs entry band +1.0% and price above 24h EMA; realised vol 39% -> weight 0.25",0.019
1790518844,champion,SOL,122.605,0.25,0.1111,0.1486,hold,hold: weight change -0.037 below threshold 0.05 | stay long: 72h return +7.16% vs exit band -1.0% and price above 24h EMA; realised vol 55% -> weight 0.25,0.408
1790518844,champion,ADA,0.255157,0.25,0.1111,0.1456,hold,hold: weight change -0.034 below threshold 0.05 | stay long: 72h return +6.25% vs exit band -1.0% and price above 24h EMA; realised vol 84% -> weight 0.25,0.02
1790518844,champion,AVAX,10.96,0.25,0.1111,0.1311,hold,hold: weight change -0.020 below threshold 0.05 | stay long: 72h return +7.12% vs exit band -1.0% and price above 24h EMA; realised vol 111% -> weight 0.25,1.825
1790518844,champion,LINK,14.09531,0.25,0.1111,0.1443,hold,hold: weight change -0.033 below threshold 0.05 | stay long: 72h return +13.40% vs exit band -1.0% and price within 2.0% of 24h EMA; realised vol 85% -> weight 0.25,2.334
1790518844,champion,XRP,1.527395,0.25,0.1111,0.0,none,"waits for cash: the book is fully invested and no position is far enough above its target to trim, so this buy fills when an exit or a bigger drift frees cash | enter long: 72h return +2.02% vs entry band +1.0% and price above 24h EMA; realised vol 74% -> weight 0.25",0.557
1790518844,champion,DOGE,0.097436,0.25,0.1111,0.1437,hold,hold: weight change -0.033 below threshold 0.05 | stay long: 72h return +3.87% vs exit band -1.0% and price above 24h EMA; realised vol 86% -> weight 0.25,0.005
1790518844,champion,DOT,1.23695,0.25,0.1111,0.1435,hold,hold: weight change -0.032 below threshold 0.05 | stay long: 72h return +7.75% vs exit band -1.0% and price within 2.0% of 24h EMA; realised vol 104% -> weight 0.25,0.404
1790518844,champion,LTC,71.115,0.25,0.1111,0.1433,hold,hold: weight change -0.032 below threshold 0.05 | stay long: 72h return +0.47% vs exit band -1.0% and price within 2.0% of 24h EMA; realised vol 111% -> weight 0.25,2.109
1790522480,champion,BTC,84520.05,0.0,0.0,0.0,hold,hold: weight change +0.000 below threshold 0.05 | flat: price below 24h EMA,0.006
1790522480,champion,ETH,2689.205,0.0,0.0,0.0,hold,hold: weight change +0.000 below threshold 0.05 | flat: price below 24h EMA,0.502
1790522480,champion,SOL,121.585,0.25,0.1667,0.1482,hold,hold: weight change +0.018 below threshold 0.05 | stay long: 72h return +6.20% vs exit band -1.0% and price within 2.0% of 24h EMA; realised vol 56% -> weight 0.25,0.411
1790522480,champion,ADA,0.25298,0.25,0.1667,0.1452,hold,hold: weight change +0.021 below threshold 0.05 | stay long: 72h return +3.25% vs exit band -1.0% and price within 2.0% of 24h EMA; realised vol 84% -> weight 0.25,1.403
1790522480,champion,AVAX,10.997,0.25,0.1667,0.1323,hold,hold: weight change +0.034 below threshold 0.05 | stay long: 72h return +6.74% vs exit band -1.0% and price above 24h EMA; realised vol 109% -> weight 0.25,0.909
1790522480,champion,LINK,14.052365,0.25,0.1667,0.1447,hold,hold: weight change +0.022 below threshold 0.05 | stay long: 72h return +12.51% vs exit band -1.0% and price within 2.0% of 24h EMA; realised vol 85% -> weight 0.25,1.583
1790522480,champion,XRP,1.51497,0.0,0.0,0.0,hold,hold: weight change +0.000 below threshold 0.05 | flat: price below 24h EMA,0.594
1790522480,champion,DOGE,0.096637,0.25,0.1667,0.1433,hold,hold: weight change +0.023 below threshold 0.05 | stay long: 72h return +2.72% vs exit band -1.0% and price within 2.0% of 24h EMA; realised vol 87% -> weight 0.25,0.005
1790522480,champion,DOT,1.22285,0.25,0.1667,0.1427,hold,hold: weight change +0.024 below threshold 0.05 | stay long: 72h return +7.05% vs exit band -1.0% and price within 2.0% of 24h EMA; realised vol 104% -> weight 0.25,2.862
1790522480,champion,LTC,70.91,0.0,0.0,0.1437,sell,exit: 72h return -2.82% fell below exit band -1.0%,1.41
1790526148,champion,BTC,84610.05,0.0,0.0,0.0,hold,hold: weight change +0.000 below threshold 0.05 | flat: 72h return +0.06% not above entry band +1.0% and price below 24h EMA,0.006
1790526148,champion,ETH,2693.605,0.0,0.0,0.0,hold,hold: weight change +0.000 below threshold 0.05 | flat: 72h return +0.24% not above entry band +1.0% and price below 24h EMA,0.019
1790526148,champion,SOL,122.17,0.25,0.1667,0.1479,hold,hold: weight change +0.019 below threshold 0.05 | stay long: 72h return +4.70% vs exit band -1.0% and price within 2.0% of 24h EMA; realised vol 56% -> weight 0.25,0.819
1790526148,champion,ADA,0.255394,0.25,0.1667,0.1456,hold,hold: weight change +0.021 below threshold 0.05 | stay long: 72h return +2.12% vs exit band -1.0% and price within 2.0% of 24h EMA; realised vol 84% -> weight 0.25,1.214
1790526148,champion,AVAX,10.998,0.25,0.1667,0.1315,hold,hold: weight change +0.035 below threshold 0.05 | stay long: 72h return +6.04% vs exit band -1.0% and price above 24h EMA; realised vol 103% -> weight 0.25,1.819
1790526148,champion,LINK,14.1625,0.25,0.1667,0.1449,hold,hold: weight change +0.022 below threshold 0.05 | stay long: 72h return +10.35% vs exit band -1.0% and price within 2.0% of 24h EMA; realised vol 85% -> weight 0.25,1.384
1790526148,champion,XRP,1.52203,0.0,0.0,0.0,hold,hold: weight change +0.000 below threshold 0.05 | flat: 72h return +0.10% not above entry band +1.0% and price below 24h EMA,0.197
1790526148,champion,DOGE,0.097339,0.25,0.1667,0.1435,hold,hold: weight change +0.023 below threshold 0.05 | stay long: 72h return +1.28% vs exit band -1.0% and price within 2.0% of 24h EMA; realised vol 87% -> weight 0.25,0.303
1790526148,champion,DOT,1.24315,0.25,0.1667,0.1441,hold,hold: weight change +0.023 below threshold 0.05 | stay long: 72h return +5.15% vs exit band -1.0% and price within 2.0% of 24h EMA; realised vol 103% -> weight 0.25,2.815
1790526148,champion,LTC,71.245,0.0,0.0,0.0,hold,hold: weight change +0.000 below threshold 0.05 | flat: 72h return -3.56% not above entry band +1.0% and price below 24h EMA,0.702
1790529621,champion,BTC,84423.15,0.0,0.0,0.0,hold,hold: weight change +0.000 below threshold 0.05 | flat: 72h return -0.08% not above entry band +1.0% and price below 24h EMA,0.006
1790529621,champion,ETH,2688.315,0.0,0.0,0.0,hold,hold: weight change +0.000 below threshold 0.05 | flat: 72h return -0.01% not above entry band +1.0% and price below 24h EMA,0.019
1790529621,champion,SOL,122.025,0.25,0.1667,0.1481,hold,hold: weight change +0.019 below threshold 0.05 | stay long: 72h return +4.04% vs exit band -1.0% and price within 2.0% of 24h EMA; realised vol 55% -> weight 0.25,0.41
1790529621,champion,ADA,0.254348,0.25,0.1667,0.1454,hold,hold: weight change +0.021 below threshold 0.05 | stay long: 72h return +2.05% vs exit band -1.0% and price within 2.0% of 24h EMA; realised vol 80% -> weight 0.25,1.297
1790529621,champion,AVAX,10.9485,0.25,0.1667,0.1312,hold,hold: weight change +0.035 below threshold 0.05 | stay long: 72h return +4.59% vs exit band -1.0% and price above 24h EMA; realised vol 103% -> weight 0.25,0.457
1790529621,champion,LINK,14.10233,0.25,0.1667,0.1446,hold,hold: weight change +0.022 below threshold 0.05 | stay long: 72h return +8.64% vs exit band -1.0% and price within 2.0% of 24h EMA; realised vol 84% -> weight 0.25,2.163
1790529621,champion,XRP,1.52155,0.0,0.0,0.0,hold,hold: weight change +0.000 below threshold 0.05 | flat: 72h return -0.92% not above entry band +1.0% and price below 24h EMA,0.854
1790529621,champion,DOGE,0.096851,0.25,0.1667,0.1431,hold,hold: weight change +0.024 below threshold 0.05 | stay long: 72h return +0.22% vs exit band -1.0% and price within 2.0% of 24h EMA; realised vol 85% -> weight 0.25,1.193
1790529621,champion,DOT,1.2451,0.25,0.1667,0.1447,hold,hold: weight change +0.022 below threshold 0.05 | stay long: 72h return +6.53% vs exit band -1.0% and price within 2.0% of 24h EMA; realised vol 97% -> weight 0.25,2.409
1790529621,champion,LTC,71.135,0.0,0.0,0.0,hold,hold: weight change +0.000 below threshold 0.05 | flat: 72h return -3.95% not above entry band +1.0% and price below 24h EMA,0.703
1790533470,champion,BTC,84659.55,0.0,0.0,0.0,hold,hold: weight change +0.000 below threshold 0.05 | flat: 72h return +0.55% not above entry band +1.0%,0.006
1790533470,champion,ETH,2695.105,0.0,0.0,0.0,hold,hold: weight change +0.000 below threshold 0.05 | flat: 72h return +0.82% not above entry band +1.0% and price below 24h EMA,0.019
1790533470,champion,SOL,122.655,0.25,0.1667,0.148,hold,hold: weight change +0.019 below threshold 0.05 | stay long: 72h return +4.58% vs exit band -1.0% and price within 2.0% of 24h EMA; realised vol 55% -> weight 0.25,0.408
1790533470,champion,ADA,0.256225,0.25,0.1667,0.1456,hold,hold: weight change +0.021 below threshold 0.05 | stay long: 72h return +3.37% vs exit band -1.0% and price within 2.0% of 24h EMA; realised vol 79% -> weight 0.25,0.507
1790533470,champion,AVAX,11.011,0.25,0.1667,0.1312,hold,hold: weight change +0.036 below threshold 0.05 | stay long: 72h return +6.74% vs exit band -1.0% and price above 24h EMA; realised vol 101% -> weight 0.25,1.816
1790533470,champion,LINK,14.144125,0.25,0.1667,0.1442,hold,hold: weight change +0.022 below threshold 0.05 | stay long: 72h return +9.31% vs exit band -1.0% and price within 2.0% of 24h EMA; realised vol 83% -> weight 0.25,0.597
1790533470,champion,XRP,1.53156,0.0,0.0,0.0,hold,hold: weight change +0.000 below threshold 0.05 | flat: 72h return -0.20% not above entry band +1.0% and price below 24h EMA,0.588
1790533470,champion,DOGE,0.097516,0.25,0.1667,0.1432,hold,hold: weight change +0.023 below threshold 0.05 | stay long: 72h return +1.15% vs exit band -1.0% and price within 2.0% of 24h EMA; realised vol 85% -> weight 0.25,0.513
1790533470,champion,DOT,1.26215,0.25,0.1667,0.1458,hold,hold: weight change +0.021 below threshold 0.05 | stay long: 72h return +7.25% vs exit band -1.0% and price above 24h EMA; realised vol 97% -> weight 0.25,4.358
1790533470,champion,LTC,71.285,0.0,0.0,0.0,hold,hold: weight change +0.000 below threshold 0.05 | flat: 72h return -0.61% not above entry band +1.0% and price below 24h EMA,0.701
1790536818,champion,BTC,84821.65,0.0,0.0,0.0,hold,hold: weight change +0.000 below threshold 0.05 | flat: 72h return +0.40% not above entry band +1.0%,0.006
1790536818,champion,ETH,2696.405,0.0,0.0,0.0,hold,hold: weight change +0.000 below threshold 0.05 | flat: 72h return +0.31% not above entry band +1.0%,0.019
1790536818,champion,SOL,123.325,0.25,0.1667,0.1487,hold,hold: weight change +0.018 below threshold 0.05 | stay long: 72h return +5.01% vs exit band -1.0% and price above 24h EMA; realised vol 55% -> weight 0.25,0.405
1790536818,champion,ADA,0.256918,0.25,0.1667,0.1459,hold,hold: weight change +0.021 below threshold 0.05 | stay long: 72h return +3.68% vs exit band -1.0% and price above 24h EMA; realised vol 79% -> weight 0.25,1.421
1790536818,champion,AVAX,11.0315,0.25,0.1667,0.1313,hold,hold: weight change +0.035 below threshold 0.05 | stay long: 72h return +5.80% vs exit band -1.0% and price above 24h EMA; realised vol 101% -> weight 0.25,0.453
1790536818,champion,LINK,14.11191,0.25,0.1667,0.1437,hold,hold: weight change +0.023 below threshold 0.05 | stay long: 72h return +5.23% vs exit band -1.0% and price within 2.0% of 24h EMA; realised vol 83% -> weight 0.25,0.617
1790536818,champion,XRP,1.535245,0.0,0.0,0.0,hold,hold: weight change +0.000 below threshold 0.05 | flat: 72h return +0.12% not above entry band +1.0%,0.033
1790536818,champion,DOGE,0.097518,0.25,0.1667,0.1431,hold,hold: weight change +0.024 below threshold 0.05 | stay long: 72h return +1.09% vs exit band -1.0% and price above 24h EMA; realised vol 85% -> weight 0.25,0.256
1790536818,champion,DOT,1.2602,0.25,0.1667,0.1455,hold,hold: weight change +0.021 below threshold 0.05 | stay long: 72h return +7.55% vs exit band -1.0% and price above 24h EMA; realised vol 97% -> weight 0.25,2.381
1790536818,champion,LTC,71.265,0.0,0.0,0.0,hold,hold: weight change +0.000 below threshold 0.05 | flat: 72h return -0.17% not above entry band +1.0% and price below 24h EMA,0.702
1790540517,champion,BTC,84653.55,0.0,0.0,0.0,hold,hold: weight change +0.000 below threshold 0.05 | flat: 72h return +0.39% not above entry band +1.0%,0.006
1790540517,champion,ETH,2690.355,0.0,0.0,0.0,hold,hold: weight change +0.000 below threshold 0.05 | flat: 72h return -0.16% not above entry band +1.0% and price below 24h EMA,0.019
1790540517,champion,SOL,122.975,0.25,0.1667,0.1486,hold,hold: weight change +0.018 below threshold 0.05 | stay long: 72h return +4.89% vs exit band -1.0% and price above 24h EMA; realised vol 55% -> weight 0.25,0.407
1790540517,champion,ADA,0.254919,0.25,0.1667,0.1451,hold,hold: weight change +0.022 below threshold 0.05 | stay long: 72h return +2.81% vs exit band -1.0% and price above 24h EMA; realised vol 79% -> weight 0.25,1.961
1790540517,champion,AVAX,11.0045,0.25,0.1667,0.1313,hold,hold: weight change +0.035 below threshold 0.05 | stay long: 72h return +5.22% vs exit band -1.0% and price above 24h EMA; realised vol 101% -> weight 0.25,0.454
1790540517,champion,LINK,14.06623,0.25,0.1667,0.1436,hold,hold: weight change +0.023 below threshold 0.05 | stay long: 72h return +6.09% vs exit band -1.0% and price within 2.0% of 24h EMA; realised vol 83% -> weight 0.25,1.564
1790540517,champion,XRP,1.529685,0.0,0.0,0.0,hold,hold: weight change +0.000 below threshold 0.05 | flat: 72h return +0.24% not above entry band +1.0%,0.425
1790540517,champion,DOGE,0.097077,0.25,0.1667,0.1428,hold,hold: weight change +0.024 below threshold 0.05 | stay long: 72h return +0.96% vs exit band -1.0% and price within 2.0% of 24h EMA; realised vol 85% -> weight 0.25,0.68
1790540517,champion,DOT,1.26325,0.25,0.1667,0.1462,hold,hold: weight change +0.020 below threshold 0.05 | stay long: 72h return +8.39% vs exit band -1.0% and price above 24h EMA; realised vol 96% -> weight 0.25,1.979
1790540517,champion,LTC,71.195,0.0,0.0,0.0,hold,hold: weight change +0.000 below threshold 0.05 | flat: 72h return -0.36% not above entry band +1.0% and price below 24h EMA,0.702
1790544061,champion,BTC,84655.35,0.0,0.0,0.0,hold,hold: weight change +0.000 below threshold 0.05 | flat: 72h return +0.21% not above entry band +1.0% and price below 24h EMA,0.006
1790544061,champion,ETH,2689.155,0.0,0.0,0.0,hold,hold: weight change +0.000 below threshold 0.05 | flat: 72h return -0.06% not above entry band +1.0% and price below 24h EMA,0.019
1790544061,champion,SOL,122.925,0.25,0.1667,0.1484,hold,hold: weight change +0.018 below threshold 0.05 | stay long: 72h return +5.04% vs exit band -1.0% and price above 24h EMA; realised vol 55% -> weight 0.25,0.407
1790544061,champion,ADA,0.256088,0.25,0.1667,0.1456,hold,hold: weight change +0.021 below threshold 0.05 | stay long: 72h return +2.95% vs exit band -1.0% and price within 2.0% of 24h EMA; realised vol 79% -> weight 0.25,1.972
1790544061,champion,AVAX,10.9615,0.25,0.1667,0.1307,hold,hold: weight change +0.036 below threshold 0.05 | stay long: 72h return +5.55% vs exit band -1.0% and price above 24h EMA; realised vol 101% -> weight 0.25,1.368
1790544061,champion,LINK,14.070005,0.25,0.1667,0.1435,hold,hold: weight change +0.023 below threshold 0.05 | stay long: 72h return +6.38% vs exit band -1.0% and price within 2.0% of 24h EMA; realised vol 83% -> weight 0.25,0.004
1790544061,champion,XRP,1.526005,0.0,0.0,0.0,hold,hold: weight change +0.000 below threshold 0.05 | flat: 72h return -0.48% not above entry band +1.0% and price below 24h EMA,0.033
1790544061,champion,DOGE,0.097285,0.25,0.1667,0.143,hold,hold: weight change +0.024 below threshold 0.05 | stay long: 72h return +1.22% vs exit band -1.0% and price within 2.0% of 24h EMA; realised vol 85% -> weight 0.25,0.005
1790544061,champion,DOT,1.26825,0.25,0.1667,0.1466,hold,hold: weight change +0.020 below threshold 0.05 | stay long: 72h return +8.41% vs exit band -1.0% and price above 24h EMA; realised vol 95% -> weight 0.25,1.971
1790544061,champion,LTC,71.565,0.0,0.0,0.0,hold,hold: weight change +0.000 below threshold 0.05 | flat: 72h return -0.15% not above entry band +1.0% and price below 24h EMA,2.096
1790547742,champion,BTC,84434.55,0.0,0.0,0.0,hold,hold: weight change +0.000 below threshold 0.05 | flat: 72h return +0.40% not above entry band +1.0%,0.006
1790547742,champion,ETH,2679.005,0.0,0.0,0.0,hold,hold: weight change +0.000 below threshold 0.05 | flat: 72h return -0.09% not above entry band +1.0% and price below 24h EMA,0.019
1790547742,champion,SOL,121.725,0.25,0.1667,0.1483,hold,hold: weight change +0.018 below threshold 0.05 | stay long: 72h return +5.13% vs exit band -1.0% and price above 24h EMA; realised vol 55% -> weight 0.25,0.411
1790547742,champion,ADA,0.253866,0.25,0.1667,0.1456,hold,hold: weight change +0.021 below threshold 0.05 | stay long: 72h return +2.93% vs exit band -1.0% and price above 24h EMA; realised vol 80% -> weight 0.25,2.738
1790547742,champion,AVAX,10.8405,0.25,0.1667,0.1304,hold,hold: weight change +0.036 below threshold 0.05 | stay long: 72h return +4.24% vs exit band -1.0% and price above 24h EMA; realised vol 101% -> weight 0.25,0.461
1790547742,champion,LINK,13.995355,0.25,0.1667,0.144,hold,hold: weight change +0.023 below threshold 0.05 | stay long: 72h return +5.78% vs exit band -1.0% and price within 2.0% of 24h EMA; realised vol 83% -> weight 0.25,1.933
1790547742,champion,XRP,1.514225,0.0,0.0,0.0,hold,hold: weight change +0.000 below threshold 0.05 | flat: 72h return -1.11% not above entry band +1.0% and price below 24h EMA,0.495
1790547742,champion,DOGE,0.096347,0.25,0.1667,0.1429,hold,hold: weight change +0.024 below threshold 0.05 | stay long: 72h return +1.44% vs exit band -1.0% and price above 24h EMA; realised vol 85% -> weight 0.25,1.245
1790547742,champion,DOT,1.24635,0.25,0.1667,0.1454,hold,hold: weight change +0.021 below threshold 0.05 | stay long: 72h return +7.60% vs exit band -1.0% and price above 24h EMA; realised vol 95% -> weight 0.25,1.204
1790547742,champion,LTC,70.915,0.0,0.0,0.0,hold,hold: weight change +0.000 below threshold 0.05 | flat: 72h return -0.59% not above entry band +1.0% and price below 24h EMA,0.705
1790551223,champion,BTC,84302.55,0.0,0.0,0.0,hold,hold: weight change +0.000 below threshold 0.05 | flat: 72h return -0.10% not above entry band +1.0% and price below 24h EMA,0.006
1790551223,champion,ETH,2681.685,0.0,0.0,0.0,hold,hold: weight change +0.000 below threshold 0.05 | flat: 72h return -0.37% not above entry band +1.0% and price below 24h EMA,0.019
1790551223,champion,SOL,121.815,0.25,0.1667,0.1483,hold,hold: weight change +0.018 below threshold 0.05 | stay long: 72h return +4.13% vs exit band -1.0% and price within 2.0% of 24h EMA; realised vol 55% -> weight 0.25,0.41
1790551223,champion,ADA,0.254169,0.25,0.1667,0.1457,hold,hold: weight change +0.021 below threshold 0.05 | stay long: 72h return +2.09% vs exit band -1.0% and price within 2.0% of 24h EMA; realised vol 80% -> weight 0.25,2.498
1790551223,champion,AVAX,10.7975,0.25,0.1667,0.1297,hold,hold: weight change +0.037 below threshold 0.05 | stay long: 72h return +5.94% vs exit band -1.0% and price within 2.0% of 24h EMA; realised vol 101% -> weight 0.25,0.463
1790551223,champion,LINK,13.968075,0.25,0.1667,0.1436,hold,hold: weight change +0.023 below threshold 0.05 | stay long: 72h return +5.39% vs exit band -1.0% and price within 2.0% of 24h EMA; realised vol 83% -> weight 0.25,3.175
1790551223,champion,XRP,1.513585,0.0,0.0,0.0,hold,hold: weight change +0.000 below threshold 0.05 | flat: 72h return -1.64% not above entry band +1.0% and price below 24h EMA,0.496
1790551223,champion,DOGE,0.096225,0.25,0.1667,0.1425,hold,hold: weight change +0.024 below threshold 0.05 | stay long: 72h return +0.38% vs exit band -1.0% and price within 2.0% of 24h EMA; realised vol 86% -> weight 0.25,0.005
1790551223,champion,DOT,1.26055,0.25,0.1667,0.1469,hold,hold: weight change +0.020 below threshold 0.05 | stay long: 72h return +7.87% vs exit band -1.0% and price above 24h EMA; realised vol 94% -> weight 0.25,0.397
1790551223,champion,LTC,70.98,0.0,0.0,0.0,hold,hold: weight change +0.000 below threshold 0.05 | flat: 72h return -0.85% not above entry band +1.0% and price below 24h EMA,2.818
1790555512,champion,BTC,84600.75,0.0,0.0,0.0,hold,hold: weight change +0.000 below threshold 0.05 | flat: 72h return +0.08% not above entry band +1.0% and price below 24h EMA,0.006
1790555512,champion,ETH,2684.385,0.0,0.0,0.0,hold,hold: weight change +0.000 below threshold 0.05 | flat: 72h return +0.03% not above entry band +1.0% and price below 24h EMA,0.019
1790555512,champion,SOL,122.345,0.25,0.1667,0.1479,hold,hold: weight change +0.019 below threshold 0.05 | stay long: 72h return +4.24% vs exit band -1.0% and price within 2.0% of 24h EMA; realised vol 55% -> weight 0.25,0.409
1790555512,champion,ADA,0.256647,0.25,0.1667,0.1461,hold,hold: weight change +0.021 below threshold 0.05 | stay long: 72h return +3.00% vs exit band -1.0% and price above 24h EMA; realised vol 80% -> weight 0.25,1.909
1790555512,champion,AVAX,10.925,0.25,0.1667,0.1303,hold,hold: weight change +0.036 below threshold 0.05 | stay long: 72h return +6.81% vs exit band -1.0% and price within 2.0% of 24h EMA; realised vol 102% -> weight 0.25,0.915
1790555512,champion,LINK,14.09814,0.25,0.1667,0.1439,hold,hold: weight change +0.023 below threshold 0.05 | stay long: 72h return +6.06% vs exit band -1.0% and price within 2.0% of 24h EMA; realised vol 84% -> weight 0.25,1.511
1790555512,champion,XRP,1.522795,0.0,0.0,0.0,hold,hold: weight change +0.000 below threshold 0.05 | flat: 72h return -1.16% not above entry band +1.0% and price below 24h EMA,3.448
1790555512,champion,DOGE,0.097265,0.25,0.1667,0.1431,hold,hold: weight change +0.024 below threshold 0.05 | stay long: 72h return +1.13% vs exit band -1.0% and price within 2.0% of 24h EMA; realised vol 86% -> weight 0.25,2.01
1790555512,champion,DOT,1.26575,0.25,0.1667,0.1465,hold,hold: weight change +0.020 below threshold 0.05 | stay long: 72h return +9.73% vs exit band -1.0% and price above 24h EMA; realised vol 95% -> weight 0.25,0.395
1790555512,champion,LTC,70.555,0.0,0.0,0.0,hold,hold: weight change +0.000 below threshold 0.05 | flat: 72h return -0.90% not above entry band +1.0% and price below 24h EMA,0.709
1790558541,champion,BTC,84092.15,0.0,0.0,0.0,hold,hold: weight change +0.000 below threshold 0.05 | flat: 72h return -0.52% not above entry band +1.0% and price below 24h EMA,0.006
1790558541,champion,ETH,2674.585,0.0,0.0,0.0,hold,hold: weight change +0.000 below threshold 0.05 | flat: 72h return -0.61% not above entry band +1.0% and price below 24h EMA,0.019
1790558541,champion,SOL,122.065,0.25,0.1667,0.1478,hold,hold: weight change +0.019 below threshold 0.05 | stay long: 72h return +3.64% vs exit band -1.0% and price within 2.0% of 24h EMA; realised vol 55% -> weight 0.25,1.229
1790558541,champion,ADA,0.256267,0.25,0.1667,0.1461,hold,hold: weight change +0.021 below threshold 0.05 | stay long: 72h return +1.99% vs exit band -1.0% and price above 24h EMA; realised vol 80% -> weight 0.25,3.844
1790558541,champion,AVAX,10.9175,0.25,0.1667,0.1305,hold,hold: weight change +0.036 below threshold 0.05 | stay long: 72h return +6.27% vs exit band -1.0% and price within 2.0% of 24h EMA; realised vol 101% -> weight 0.25,1.374
1790558541,champion,LINK,14.106725,0.25,0.1667,0.1443,hold,hold: weight change +0.022 below threshold 0.05 | stay long: 72h return +5.97% vs exit band -1.0% and price within 2.0% of 24h EMA; realised vol 83% -> weight 0.25,4.952
1790558541,champion,XRP,1.51624,0.0,0.0,0.0,hold,hold: weight change +0.000 below threshold 0.05 | flat: 72h return -1.90% not above entry band +1.0% and price below 24h EMA,0.462
1790558541,champion,DOGE,0.096787,0.25,0.1667,0.1426,hold,hold: weight change +0.024 below threshold 0.05 | stay long: 72h return +0.10% vs exit band -1.0% and price within 2.0% of 24h EMA; realised vol 85% -> weight 0.25,0.279
1790558541,champion,DOT,1.25975,0.25,0.1667,0.1461,hold,hold: weight change +0.021 below threshold 0.05 | stay long: 72h return +8.74% vs exit band -1.0% and price above 24h EMA; realised vol 95% -> weight 0.25,1.191
1790558541,champion,LTC,70.37,0.0,0.0,0.0,hold,hold: weight change +0.000 below threshold 0.05 | flat: 72h return -1.42% not above entry band +1.0% and price below 24h EMA,2.842
1790562212,champion,BTC,83553.25,0.0,0.0,0.0,hold,hold: weight change +0.000 below threshold 0.05 | flat: 72h return -1.07% not above entry band +1.0% and price below 24h EMA,0.006
1790562212,champion,ETH,2653.625,0.0,0.0,0.0,hold,hold: weight change +0.000 below threshold 0.05 | flat: 72h return -1.17% not above entry band +1.0% and price below 24h EMA,0.019
1790562212,champion,SOL,120.665,0.25,0.1667,0.1471,hold,hold: weight change +0.020 below threshold 0.05 | stay long: 72h return +2.77% vs exit band -1.0% and price within 2.0% of 24h EMA; realised vol 54% -> weight 0.25,0.414
1790562212,champion,ADA,0.254183,0.25,0.1667,0.1459,hold,hold: weight change +0.021 below threshold 0.05 | stay long: 72h return +1.81% vs exit band -1.0% and price within 2.0% of 24h EMA; realised vol 79% -> weight 0.25,1.692
1790562212,champion,AVAX,10.8875,0.25,0.1667,0.131,hold,hold: weight change +0.036 below threshold 0.05 | stay long: 72h return +5.42% vs exit band -1.0% and price within 2.0% of 24h EMA; realised vol 97% -> weight 0.25,0.459
1790562212,champion,LINK,14.04887,0.25,0.1667,0.1447,hold,hold: weight change +0.022 below threshold 0.05 | stay long: 72h return +4.59% vs exit band -1.0% and price within 2.0% of 24h EMA; realised vol 81% -> weight 0.25,3.153
1790562212,champion,XRP,1.50504,0.0,0.0,0.0,hold,hold: weight change +0.000 below threshold 0.05 | flat: 72h return -2.34% not above entry band +1.0% and price below 24h EMA,1.063
1790562212,champion,DOGE,0.095349,0.25,0.1667,0.1415,hold,hold: weight change +0.025 below threshold 0.05 | stay long: 72h return -0.44% vs exit band -1.0% and price within 2.0% of 24h EMA; realised vol 85% -> weight 0.25,0.005
1790562212,champion,DOT,1.25325,0.25,0.1667,0.1463,hold,hold: weight change +0.020 below threshold 0.05 | stay long: 72h return +8.47% vs exit band -1.0% and price within 2.0% of 24h EMA; realised vol 95% -> weight 0.25,1.995
1790562212,champion,LTC,70.485,0.0,0.0,0.0,hold,hold: weight change +0.000 below threshold 0.05 | flat: 72h return -1.97% not above entry band +1.0% and price below 24h EMA,2.128
1790565871,champion,BTC,83407.85,0.0,0.0,0.0,hold,hold: weight change +0.000 below threshold 0.05 | flat: 72h return -0.96% not above entry band +1.0% and price below 24h EMA,0.006
1790565871,champion,ETH,2652.645,0.0,0.0,0.0,hold,hold: weight change +0.000 below threshold 0.05 | flat: 72h return -0.87% not above entry band +1.0% and price below 24h EMA,0.019
1790565871,champion,SOL,120.04,0.25,0.2,0.1472,buy,stay long: 72h return +2.69% vs exit band -1.0% and price within 2.0% of 24h EMA; realised vol 54% -> weight 0.25,0.833
1790565871,champion,ADA,0.252416,0.25,0.2,0.1458,buy,stay long: 72h return +1.80% vs exit band -1.0% and price within 2.0% of 24h EMA; realised vol 79% -> weight 0.25,2.833
1790565871,champion,AVAX,10.7785,0.25,0.2,0.1305,buy,stay long: 72h return +5.70% vs exit band -1.0% and price within 2.0% of 24h EMA; realised vol 97% -> weight 0.25,0.464
1790565871,champion,LINK,14.0158,0.25,0.2,0.1452,buy,stay long: 72h return +6.33% vs exit band -1.0% and price above 24h EMA; realised vol 81% -> weight 0.25,3.596
1790565871,champion,XRP,1.49669,0.0,0.0,0.0,hold,hold: weight change +0.000 below threshold 0.05 | flat: 72h return -2.15% not above entry band +1.0% and price below 24h EMA,0.935
1790565871,champion,DOGE,0.094718,0.0,0.0,0.1414,sell,exit: price more than 2.0% below 24h EMA,0.005
1790565871,champion,DOT,1.23825,0.25,0.2,0.1454,buy,stay long: 72h return +9.66% vs exit band -1.0% and price within 2.0% of 24h EMA; realised vol 94% -> weight 0.25,2.827
1790565871,champion,LTC,70.825,0.0,0.0,0.0,hold,hold: weight change +0.000 below threshold 0.05 | flat: 72h return -0.31% not above entry band +1.0% and price below 24h EMA,2.118
1790569485,champion,BTC,83483.85,0.0,0.0,0.0,hold,hold: weight change +0.000 below threshold 0.05 | flat: 72h return -1.06% not above entry band +1.0% and price below 24h EMA,0.006
1790569485,champion,ETH,2657.935,0.0,0.0,0.0,hold,hold: weight change +0.000 below threshold 0.05 | flat: 72h return -0.98% not above entry band +1.0% and price below 24h EMA,0.019
1790569485,champion,SOL,120.1,0.25,0.2,0.2006,hold,hold: weight change -0.001 below threshold 0.05 | stay long: 72h return +2.52% vs exit band -1.0% and price within 2.0% of 24h EMA; realised vol 54% -> weight 0.25,0.833
1790569485,champion,ADA,0.250533,0.25,0.2,0.199,hold,hold: weight change +0.001 below threshold 0.05 | stay long: 72h return +0.97% vs exit band -1.0% and price within 2.0% of 24h EMA; realised vol 79% -> weight 0.25,0.02
1790569485,champion,AVAX,10.7365,0.25,0.2,0.1997,hold,hold: weight change +0.000 below threshold 0.05 | stay long: 72h return +5.31% vs exit band -1.0% and price within 2.0% of 24h EMA; realised vol 96% -> weight 0.25,0.466
1790569485,champion,LINK,13.976115,0.25,0.2,0.1999,hold,hold: weight change +0.000 below threshold 0.05 | stay long: 72h return +3.60% vs exit band -1.0% and price within 2.0% of 24h EMA; realised vol 82% -> weight 0.25,2.014
1790569485,champion,XRP,1.498425,0.0,0.0,0.0,hold,hold: weight change +0.000 below threshold 0.05 | flat: 72h return -2.53% not above entry band +1.0% and price below 24h EMA,0.634
1790569485,champion,DOGE,0.094457,0.0,0.0,0.0,hold,hold: weight change +0.000 below threshold 0.05 | flat: 72h return -1.28% not above entry band +1.0% and price below 24h EMA,0.662
1790569485,champion,DOT,1.24245,0.25,0.2,0.2007,hold,hold: weight change -0.001 below threshold 0.05 | stay long: 72h return +8.00% vs exit band -1.0% and price within 2.0% of 24h EMA; realised vol 94% -> weight 0.25,4.427
1790569485,champion,LTC,70.905,0.0,0.0,0.0,hold,hold: weight change +0.000 below threshold 0.05 | flat: 72h return +0.07% not above entry band +1.0% and price below 24h EMA,0.705
1790573042,champion,BTC,83065.25,0.0,0.0,0.0,hold,hold: weight change +0.000 below threshold 0.05 | flat: 72h return -0.85% not above entry band +1.0% and price below 24h EMA,0.006
1790573042,champion,ETH,2646.345,0.0,0.0,0.0,hold,hold: weight change +0.000 below threshold 0.05 | flat: 72h return -0.79% not above entry band +1.0% and price below 24h EMA,0.019
1790573042,champion,SOL,119.125,0.25,0.2,0.2016,hold,hold: weight change -0.002 below threshold 0.05 | stay long: 72h return +3.08% vs exit band -1.0% and price within 2.0% of 24h EMA; realised vol 54% -> weight 0.25,0.42
1790573042,champion,ADA,0.246277,0.25,0.2,0.1982,hold,hold: weight change +0.002 below threshold 0.05 | stay long: 72h return +0.62% vs exit band -1.0% and price within 2.0% of 24h EMA; realised vol 79% -> weight 0.25,3.634
1790573042,champion,AVAX,10.58,0.25,0.2,0.1994,hold,hold: weight change +0.001 below threshold 0.05 | stay long: 72h return +4.39% vs exit band -1.0% and price within 2.0% of 24h EMA; realised vol 95% -> weight 0.25,0.945
1790573042,champion,LINK,13.78387,0.25,0.2,0.1997,hold,hold: weight change +0.000 below threshold 0.05 | stay long: 72h return +4.42% vs exit band -1.0% and price within 2.0% of 24h EMA; realised vol 82% -> weight 0.25,2.808
1790573042,champion,XRP,1.480805,0.0,0.0,0.0,hold,hold: weight change +0.000 below threshold 0.05 | flat: 72h return -2.38% not above entry band +1.0% and price below 24h EMA,0.844
1790573042,champion,DOGE,0.093636,0.0,0.0,0.0,hold,hold: weight change +0.000 below threshold 0.05 | flat: 72h return -0.75% not above entry band +1.0% and price below 24h EMA,0.892
1790573042,champion,DOT,1.22945,0.25,0.2,0.2012,hold,hold: weight change -0.001 below threshold 0.05 | stay long: 72h return +9.37% vs exit band -1.0% and price above 24h EMA; realised vol 94% -> weight 0.25,2.033
1790573042,champion,LTC,70.905,0.0,0.0,0.0,hold,hold: weight change +0.000 below threshold 0.05 | flat: 72h return +0.21% not above entry band +1.0% and price below 24h EMA,0.705
1790577080,champion,BTC,83084.15,0.0,0.0,0.0,hold,hold: weight change +0.000 below threshold 0.05 | flat: 72h return -1.20% not above entry band +1.0% and price below 24h EMA,0.006
1790577080,champion,ETH,2648.205,0.0,0.0,0.0,hold,hold: weight change +0.000 below threshold 0.05 | flat: 72h return -1.06% not above entry band +1.0% and price below 24h EMA,0.661
1790577080,champion,SOL,118.515,0.25,0.25,0.201,hold,hold: weight change +0.049 below threshold 0.05 | stay long: 72h return +2.29% vs exit band -1.0% and price within 2.0% of 24h EMA; realised vol 55% -> weight 0.25,0.422
1790577080,champion,ADA,0.245588,0.0,0.0,0.198,sell,exit: price more than 2.0% below 24h EMA,1.873
1790577080,champion,AVAX,10.5565,0.0,0.0,0.1994,sell,exit: price more than 2.0% below 24h EMA,0.474
1790577080,champion,LINK,13.806005,0.25,0.25,0.2005,hold,hold: weight change +0.049 below threshold 0.05 | stay long: 72h return +3.14% vs exit band -1.0% and price within 2.0% of 24h EMA; realised vol 82% -> weight 0.25,2.169
1790577080,champion,XRP,1.48047,0.0,0.0,0.0,hold,hold: weight change +0.000 below threshold 0.05 | flat: 72h return -2.90% not above entry band +1.0% and price below 24h EMA,1.148
1790577080,champion,DOGE,0.093003,0.0,0.0,0.0,hold,hold: weight change +0.000 below threshold 0.05 | flat: 72h return -1.87% not above entry band +1.0% and price below 24h EMA,0.452
1790577080,champion,DOT,1.2266,0.25,0.25,0.2011,hold,hold: weight change +0.049 below threshold 0.05 | stay long: 72h return +8.02% vs exit band -1.0% and price within 2.0% of 24h EMA; realised vol 95% -> weight 0.25,2.446
1790577080,champion,LTC,70.98,0.0,0.0,0.0,hold,hold: weight change +0.000 below threshold 0.05 | flat: 72h return +0.00% not above entry band +1.0%,4.227
1790580366,champion,BTC,82969.65,0.0,0.0,0.0,hold,hold: weight change +0.000 below threshold 0.05 | flat: 72h return -1.06% not above entry band +1.0% and price below 24h EMA,0.006
1790580366,champion,ETH,2643.705,0.0,0.0,0.0,hold,hold: weight change +0.000 below threshold 0.05 | flat: 72h return -0.93% not above entry band +1.0% and price below 24h EMA,0.019
1790580366,champion,SOL,118.235,0.0,0.0,0.2015,sell,exit: price more than 2.0% below 24h EMA,0.423
1790580366,champion,ADA,0.243366,0.0,0.0,0.0,hold,hold: weight change +0.000 below threshold 0.05 | flat: 72h return -0.90% not above entry band +1.0% and price below 24h EMA,2.034
1790580366,champion,AVAX,10.454,0.0,0.0,0.0,hold,hold: weight change +0.000 below threshold 0.05 | flat: price below 24h EMA,0.957
1790580366,champion,LINK,13.69092,0.25,0.25,0.1998,buy,stay long: 72h return +2.85% vs exit band -1.0% and price within 2.0% of 24h EMA; realised vol 82% -> weight 0.25,3.74
1790580366,champion,XRP,1.47314,0.0,0.0,0.0,hold,hold: weight change +0.000 below threshold 0.05 | flat: 72h return -3.29% not above entry band +1.0% and price below 24h EMA,0.272
1790580366,champion,DOGE,0.092583,0.0,0.0,0.0,hold,hold: weight change +0.000 below threshold 0.05 | flat: 72h return -2.17% not above entry band +1.0% and price below 24h EMA,0.977
1790580366,champion,DOT,1.21365,0.25,0.25,0.2,buy,stay long: 72h return +6.54% vs exit band -1.0% and price within 2.0% of 24h EMA; realised vol 95% -> weight 0.25,0.412
1790580366,champion,LTC,70.425,0.0,0.0,0.0,hold,hold: weight change +0.000 below threshold 0.05 | flat: 72h return -0.66% not above entry band +1.0% and price below 24h EMA,3.55
1790584032,champion,BTC,82879.75,0.0,0.0,0.0,hold,hold: weight change +0.000 below threshold 0.05 | flat: 72h return -1.30% not above entry band +1.0% and price below 24h EMA,0.006
1790584032,champion,ETH,2645.985,0.0,0.0,0.0,hold,hold: weight change +0.000 below threshold 0.05 | flat: 72h return -1.06% not above entry band +1.0% and price below 24h EMA,0.019
1790584032,champion,SOL,118.285,0.0,0.0,0.0,hold,hold: weight change +0.000 below threshold 0.05 | flat: price below 24h EMA,0.423
1790584032,champion,ADA,0.244247,0.0,0.0,0.0,hold,hold: weight change +0.000 below threshold 0.05 | flat: 72h return -2.72% not above entry band +1.0% and price below 24h EMA,2.579
1790584032,champion,AVAX,10.4785,0.0,0.0,0.0,hold,hold: weight change +0.000 below threshold 0.05 | flat: price below 24h EMA,1.432
1790584032,champion,LINK,13.68739,0.0,0.0,0.2501,sell,exit: price more than 2.0% below 24h EMA,3.996
1790584032,champion,XRP,1.47756,0.0,0.0,0.0,hold,hold: weight change +0.000 below threshold 0.05 | flat: 72h return -4.14% not above entry band +1.0% and price below 24h EMA,0.474
1790584032,champion,DOGE,0.092912,0.0,0.0,0.0,hold,hold: weight change +0.000 below threshold 0.05 | flat: 72h return -3.22% not above entry band +1.0% and price below 24h EMA,0.005
1790584032,champion,DOT,1.2121,0.0,0.0,0.2499,sell,exit: price more than 2.0% below 24h EMA,2.475
1790584032,champion,LTC,70.22,0.0,0.0,0.0,hold,hold: weight change +0.000 below threshold 0.05 | flat: 72h return -1.73% not above entry band +1.0% and price below 24h EMA,2.848
1790587625,champion,BTC,82752.65,0.0,0.0,0.0,hold,hold: weight change +0.000 below threshold 0.05 | flat: 72h return -1.75% not above entry band +1.0% and price below 24h EMA,0.006
1790587625,champion,ETH,2645.285,0.0,0.0,0.0,hold,hold: weight change +0.000 below threshold 0.05 | flat: 72h return -1.52% not above entry band +1.0% and price below 24h EMA,0.019
1790587625,champion,SOL,118.105,0.0,0.0,0.0,hold,hold: weight change +0.000 below threshold 0.05 | flat: 72h return +0.86% not above entry band +1.0% and price below 24h EMA,0.423
1790587625,champion,ADA,0.244282,0.0,0.0,0.0,hold,hold: weight change +0.000 below threshold 0.05 | flat: 72h return -2.81% not above entry band +1.0% and price below 24h EMA,2.415
1790587625,champion,AVAX,10.435,0.0,0.0,0.0,hold,hold: weight change +0.000 below threshold 0.05 | flat: 72h return +0.81% not above entry band +1.0% and price below 24h EMA,0.958
1790587625,champion,LINK,13.638935,0.0,0.0,0.0,hold,hold: weight change +0.000 below threshold 0.05 | flat: 72h return -1.58% not above entry band +1.0% and price below 24h EMA,3.164
1790587625,champion,XRP,1.479285,0.0,0.0,0.0,hold,hold: weight change +0.000 below threshold 0.05 | flat: 72h return -3.98% not above entry band +1.0% and price below 24h EMA,1.251
1790587625,champion,DOGE,0.092692,0.0,0.0,0.0,hold,hold: weight change +0.000 below threshold 0.05 | flat: 72h return -3.35% not above entry band +1.0% and price below 24h EMA,0.518
1790587625,champion,DOT,1.1985,0.0,0.0,0.0,hold,hold: weight change +0.000 below threshold 0.05 | flat: price below 24h EMA,3.338
1790587625,champion,LTC,70.185,0.0,0.0,0.0,hold,hold: weight change +0.000 below threshold 0.05 | flat: 72h return -0.37% not above entry band +1.0% and price below 24h EMA,0.712
1790591130,champion,BTC,82802.95,0.0,0.0,0.0,hold,hold: weight change +0.000 below threshold 0.05 | flat: 72h return -2.28% not above entry band +1.0% and price below 24h EMA,0.006
1790591130,champion,ETH,2649.875,0.0,0.0,0.0,hold,hold: weight change +0.000 below threshold 0.05 | flat: 72h return -2.36% not above entry band +1.0% and price below 24h EMA,0.019
1790591130,champion,SOL,118.21,0.0,0.0,0.0,hold,hold: weight change +0.000 below threshold 0.05 | flat: 72h return -0.55% not above entry band +1.0% and price below 24h EMA,0.846
1790591130,champion,ADA,0.244667,0.0,0.0,0.0,hold,hold: weight change +0.000 below threshold 0.05 | flat: 72h return -4.13% not above entry band +1.0% and price below 24h EMA,2.044
1790591130,champion,AVAX,10.477,0.0,0.0,0.0,hold,hold: weight change +0.000 below threshold 0.05 | flat: 72h return -0.79% not above entry band +1.0% and price below 24h EMA,0.954
1790591130,champion,LINK,13.77764,0.0,0.0,0.0,hold,hold: weight change +0.000 below threshold 0.05 | flat: 72h return -3.90% not above entry band +1.0% and price below 24h EMA,2.976
1790591130,champion,XRP,1.484935,0.0,0.0,0.0,hold,hold: weight change +0.000 below threshold 0.05 | flat: 72h return -4.83% not above entry band +1.0% and price below 24h EMA,0.438
1790591130,champion,DOGE,0.092947,0.0,0.0,0.0,hold,hold: weight change +0.000 below threshold 0.05 | flat: 72h return -4.49% not above entry band +1.0% and price below 24h EMA,0.463
1790591130,champion,DOT,1.1944,0.0,0.0,0.0,hold,hold: weight change +0.000 below threshold 0.05 | flat: price below 24h EMA,3.349
1790591130,champion,LTC,70.495,0.0,0.0,0.0,hold,hold: weight change +0.000 below threshold 0.05 | flat: 72h return -1.00% not above entry band +1.0% and price below 24h EMA,0.709
1790594612,champion,BTC,82978.85,0.0,0.0,0.0,hold,hold: weight change +0.000 below threshold 0.05 | flat: 72h return -2.11% not above entry band +1.0% and price below 24h EMA,0.006
1790594612,champion,ETH,2663.34,0.0,0.0,0.0,hold,hold: weight change +0.000 below threshold 0.05 | flat: 72h return -2.14% not above entry band +1.0% and price below 24h EMA,0.375
1790594612,champion,SOL,118.565,0.0,0.0,0.0,hold,hold: weight change +0.000 below threshold 0.05 | flat: 72h return -0.63% not above entry band +1.0% and price below 24h EMA,0.422
1790594612,champion,ADA,0.245444,0.0,0.0,0.0,hold,hold: weight change +0.000 below threshold 0.05 | flat: 72h return -2.88% not above entry band +1.0% and price below 24h EMA,3.585
1790594612,champion,AVAX,10.5795,0.0,0.0,0.0,hold,hold: weight change +0.000 below threshold 0.05 | flat: 72h return +0.99% not above entry band +1.0% and price below 24h EMA,0.473
1790594612,champion,LINK,13.99859,0.0,0.0,0.0,hold,hold: weight change +0.000 below threshold 0.05 | flat: 72h return +0.22% not above entry band +1.0% and price below 24h EMA,2.836
1790594612,champion,XRP,1.487685,0.0,0.0,0.0,hold,hold: weight change +0.000 below threshold 0.05 | flat: 72h return -4.35% not above entry band +1.0% and price below 24h EMA,0.034
1790594612,champion,DOGE,0.093201,0.0,0.0,0.0,hold,hold: weight change +0.000 below threshold 0.05 | flat: 72h return -4.02% not above entry band +1.0% and price below 24h EMA,2.275
1790594612,champion,DOT,1.19975,0.0,0.0,0.0,hold,hold: weight change +0.000 below threshold 0.05 | flat: price below 24h EMA,4.584
1790594612,champion,LTC,71.775,0.0,0.0,0.0,hold,hold: weight change +0.000 below threshold 0.05 | flat: 72h return +0.65% not above entry band +1.0%,3.483
1790598592,champion,BTC,83341.55,0.0,0.0,0.0,hold,hold: weight change +0.000 below threshold 0.05 | flat: 72h return -1.79% not above entry band +1.0% and price below 24h EMA,0.006
1790598592,champion,ETH,2678.835,0.0,0.0,0.0,hold,hold: weight change +0.000 below threshold 0.05 | flat: 72h return -1.79% not above entry band +1.0% and price below 24h EMA,0.019
1790598592,champion,SOL,119.405,0.0,0.0,0.0,hold,hold: weight change +0.000 below threshold 0.05 | flat: 72h return -1.76% not above entry band +1.0% and price below 24h EMA,0.419
1790598592,champion,ADA,0.251804,0.0,0.0,0.0,hold,hold: weight change +0.000 below threshold 0.05 | flat: 72h return -3.73% not above entry band +1.0% and price below 24h EMA,2.601
1790598592,champion,AVAX,10.5785,0.0,0.0,0.0,hold,hold: weight change +0.000 below threshold 0.05 | flat: 72h return -0.88% not above entry band +1.0% and price below 24h EMA,0.473
1790598592,champion,LINK,14.719085,0.0,0.0,0.0,hold,hold: weight change +0.000 below threshold 0.05 | flat: 72h return -0.14% not above entry band +1.0%,4.331
1790598592,champion,XRP,1.515535,0.0,0.0,0.0,hold,hold: weight change +0.000 below threshold 0.05 | flat: 72h return -6.38% not above entry band +1.0% and price below 24h EMA,0.033
1790598592,champion,DOGE,0.094187,0.0,0.0,0.0,hold,hold: weight change +0.000 below threshold 0.05 | flat: 72h return -4.94% not above entry band +1.0% and price below 24h EMA,0.175
1790598592,champion,DOT,1.221,0.0,0.0,0.0,hold,hold: weight change +0.000 below threshold 0.05 | flat: 72h return +0.06% not above entry band +1.0% and price below 24h EMA,1.638
1790598592,champion,LTC,72.2,0.25,0.25,0.0,buy,enter long: 72h return +1.31% vs entry band +1.0% and price above 24h EMA; realised vol 109% -> weight 0.25,1.385
1790601927,champion,BTC,83416.85,0.0,0.0,0.0,hold,hold: weight change +0.000 below threshold 0.05 | flat: 72h return -1.05% not above entry band +1.0% and price below 24h EMA,0.006
1790601927,champion,ETH,2685.225,0.0,0.0,0.0,hold,hold: weight change +0.000 below threshold 0.05 | flat: 72h return -0.98% not above entry band +1.0%,0.019
1790601927,champion,SOL,119.695,0.0,0.0,0.0,hold,hold: weight change +0.000 below threshold 0.05 | flat: 72h return -0.60% not above entry band +1.0% and price below 24h EMA,0.418
1790601927,champion,ADA,0.249715,0.0,0.0,0.0,hold,hold: weight change +0.000 below threshold 0.05 | flat: 72h return -2.01% not above entry band +1.0%,2.343
1790601927,champion,AVAX,10.4995,0.0,0.0,0.0,hold,hold: weight change +0.000 below threshold 0.05 | flat: 72h return -0.32% not above entry band +1.0% and price below 24h EMA,1.429
1790601927,champion,LINK,14.58828,0.25,0.25,0.0,buy,enter long: 72h return +5.18% vs entry band +1.0% and price above 24h EMA; realised vol 90% -> weight 0.25,2.344
1790601927,champion,XRP,1.5222,0.0,0.0,0.0,hold,hold: weight change +0.000 below threshold 0.05 | flat: 72h return -4.83% not above entry band +1.0%,0.328
1790601927,champion,DOGE,0.093993,0.0,0.0,0.0,hold,hold: weight change +0.000 below threshold 0.05 | flat: 72h return -4.25% not above entry band +1.0% and price below 24h EMA,0.005
1790601927,champion,DOT,1.18605,0.0,0.0,0.0,hold,hold: weight change +0.000 below threshold 0.05 | flat: 72h return -0.43% not above entry band +1.0% and price below 24h EMA,2.108
1790601927,champion,LTC,70.475,0.25,0.25,0.2455,hold,hold: weight change +0.005 below threshold 0.05 | stay long: 72h return +1.16% vs exit band -1.0% and price within 2.0% of 24h EMA; realised vol 106% -> weight 0.25,3.547
1790605646,champion,BTC,83424.95,0.0,0.0,0.0,hold,hold: weight change +0.000 below threshold 0.05 | daily halt: equity 11725.68 is down 5.1% from the day's open 12356.82,0.006
1790605646,champion,ETH,2680.445,0.0,0.0,0.0,hold,hold: weight change +0.000 below threshold 0.05 | daily halt: equity 11725.68 is down 5.1% from the day's open 12356.82,0.019
1790605646,champion,SOL,119.045,0.0,0.0,0.0,hold,hold: weight change +0.000 below threshold 0.05 | daily halt: equity 11725.68 is down 5.1% from the day's open 12356.82,0.42
1790605646,champion,ADA,0.245204,0.0,0.0,0.0,hold,hold: weight change +0.000 below threshold 0.05 | daily halt: equity 11725.68 is down 5.1% from the day's open 12356.82,4.241
1790605646,champion,AVAX,10.379,0.0,0.0,0.0,hold,hold: weight change +0.000 below threshold 0.05 | daily halt: equity 11725.68 is down 5.1% from the day's open 12356.82,1.927
1790605646,champion,LINK,14.377155,0.0,0.0,0.248,sell,daily halt: equity 11725.68 is down 5.1% from the day's open 12356.82,4.886
1790605646,champion,XRP,1.503375,0.0,0.0,0.0,hold,hold: weight change +0.000 below threshold 0.05 | daily halt: equity 11725.68 is down 5.1% from the day's open 12356.82,1.031
1790605646,champion,DOGE,0.092931,0.0,0.0,0.0,hold,hold: weight change +0.000 below threshold 0.05 | daily halt: equity 11725.68 is down 5.1% from the day's open 12356.82,1.038
1790605646,champion,DOT,1.1719,0.0,0.0,0.0,hold,hold: weight change +0.000 below threshold 0.05 | daily halt: equity 11725.68 is down 5.1% from the day's open 12356.82,3.413
1790605646,champion,LTC,69.615,0.0,0.0,0.2442,sell,daily halt: equity 11725.68 is down 5.1% from the day's open 12356.82,2.155
1790609193,champion,BTC,82931.25,0.0,0.0,0.0,hold,hold: weight change +0.000 below threshold 0.05 | daily halt in force: flat for the rest of the UTC day,0.006
1790609193,champion,ETH,2664.99,0.0,0.0,0.0,hold,hold: weight change +0.000 below threshold 0.05 | daily halt in force: flat for the rest of the UTC day,0.6
1790609193,champion,SOL,118.205,0.0,0.0,0.0,hold,hold: weight change +0.000 below threshold 0.05 | daily halt in force: flat for the rest of the UTC day,0.423
1790609193,champion,ADA,0.242699,0.0,0.0,0.0,hold,hold: weight change +0.000 below threshold 0.05 | daily halt in force: flat for the rest of the UTC day,4.12
1790609193,champion,AVAX,10.255,0.0,0.0,0.0,hold,hold: weight change +0.000 below threshold 0.05 | daily halt in force: flat for the rest of the UTC day,0.975
1790609193,champion,LINK,14.283705,0.0,0.0,0.0,hold,hold: weight change +0.000 below threshold 0.05 | daily halt in force: flat for the rest of the UTC day,5.177
1790609193,champion,XRP,1.491105,0.0,0.0,0.0,hold,hold: weight change +0.000 below threshold 0.05 | daily halt in force: flat for the rest of the UTC day,2.448
1790609193,champion,DOGE,0.09278,0.0,0.0,0.0,hold,hold: weight change +0.000 below threshold 0.05 | daily halt in force: flat for the rest of the UTC day,0.005
1790609193,champion,DOT,1.1633,0.0,0.0,0.0,hold,hold: weight change +0.000 below threshold 0.05 | daily halt in force: flat for the rest of the UTC day,4.298
1790609193,champion,LTC,69.715,0.0,0.0,0.0,hold,hold: weight change +0.000 below threshold 0.05 | daily halt in force: flat for the rest of the UTC day,3.586
1790612818,champion,BTC,84035.05,0.0,0.0,0.0,hold,hold: weight change +0.000 below threshold 0.05 | daily halt in force: flat for the rest of the UTC day,0.006
1790612818,champion,ETH,2696.105,0.0,0.0,0.0,hold,hold: weight change +0.000 below threshold 0.05 | daily halt in force: flat for the rest of the UTC day,0.019
1790612818,champion,SOL,120.26,0.0,0.0,0.0,hold,hold: weight change +0.000 below threshold 0.05 | daily halt in force: flat for the rest of the UTC day,1.663
1790612818,champion,ADA,0.249018,0.0,0.0,0.0,hold,hold: weight change +0.000 below threshold 0.05 | daily halt in force: flat for the rest of the UTC day,2.871
1790612818,champion,AVAX,10.5155,0.0,0.0,0.0,hold,hold: weight change +0.000 below threshold 0.05 | daily halt in force: flat for the rest of the UTC day,1.426
1790612818,champion,LINK,15.00185,0.0,0.0,0.0,hold,hold: weight change +0.000 below threshold 0.05 | daily halt in force: flat for the rest of the UTC day,4.979
1790612818,champion,XRP,1.519325,0.0,0.0,0.0,hold,hold: weight change +0.000 below threshold 0.05 | daily halt in force: flat for the rest of the UTC day,1.086
1790612818,champion,DOGE,0.094977,0.0,0.0,0.0,hold,hold: weight change +0.000 below threshold 0.05 | daily halt in force: flat for the rest of the UTC day,0.779
1790612818,champion,DOT,1.1914,0.0,0.0,0.0,hold,hold: weight change +0.000 below threshold 0.05 | daily halt in force: flat for the rest of the UTC day,0.839
1790612818,champion,LTC,70.625,0.0,0.0,0.0,hold,hold: weight change +0.000 below threshold 0.05 | daily halt in force: flat for the rest of the UTC day,2.124
1790616215,champion,BTC,83997.25,0.0,0.0,0.0,hold,hold: weight change +0.000 below threshold 0.05 | daily halt in force: flat for the rest of the UTC day,0.006
1790616215,champion,ETH,2707.825,0.0,0.0,0.0,hold,hold: weight change +0.000 below threshold 0.05 | daily halt in force: flat for the rest of the UTC day,0.018
1790616215,champion,SOL,119.925,0.0,0.0,0.0,hold,hold: weight change +0.000 below threshold 0.05 | daily halt in force: flat for the rest of the UTC day,0.417
1790616215,champion,ADA,0.248734,0.0,0.0,0.0,hold,hold: weight change +0.000 below threshold 0.05 | daily halt in force: flat for the rest of the UTC day,3.719
1790616215,champion,AVAX,10.5345,0.0,0.0,0.0,hold,hold: weight change +0.000 below threshold 0.05 | daily halt in force: flat for the rest of the UTC day,0.475
1790616215,champion,LINK,15.327725,0.0,0.0,0.0,hold,hold: weight change +0.000 below threshold 0.05 | daily halt in force: flat for the rest of the UTC day,2.815
1790616215,champion,XRP,1.509505,0.0,0.0,0.0,hold,hold: weight change +0.000 below threshold 0.05 | daily halt in force: flat for the rest of the UTC day,0.431
1790616215,champion,DOGE,0.09492,0.0,0.0,0.0,hold,hold: weight change +0.000 below threshold 0.05 | daily halt in force: flat for the rest of the UTC day,0.242
1790616215,champion,DOT,1.19035,0.0,0.0,0.0,hold,hold: weight change +0.000 below threshold 0.05 | daily halt in force: flat for the rest of the UTC day,1.26
1790616215,champion,LTC,69.415,0.0,0.0,0.0,hold,hold: weight change +0.000 below threshold 0.05 | daily halt in force: flat for the rest of the UTC day,3.602
1790620002,champion,BTC,83944.55,0.0,0.0,0.0,hold,hold: weight change +0.000 below threshold 0.05 | daily halt in force: flat for the rest of the UTC day,0.006
1790620002,champion,ETH,2695.295,0.0,0.0,0.0,hold,hold: weight change +0.000 below threshold 0.05 | daily halt in force: flat for the rest of the UTC day,0.019
1790620002,champion,SOL,119.825,0.0,0.0,0.0,hold,hold: weight change +0.000 below threshold 0.05 | daily halt in force: flat for the rest of the UTC day,0.417
1790620002,champion,ADA,0.249882,0.0,0.0,0.0,hold,hold: weight change +0.000 below threshold 0.05 | daily halt in force: flat for the rest of the UTC day,3.121
1790620002,champion,AVAX,10.516,0.0,0.0,0.0,hold,hold: weight change +0.000 below threshold 0.05 | daily halt in force: flat for the rest of the UTC day,0.951
1790620002,champion,LINK,15.16716,0.0,0.0,0.0,hold,hold: weight change +0.000 below threshold 0.05 | daily halt in force: flat for the rest of the UTC day,2.947
1790620002,champion,XRP,1.51015,0.0,0.0,0.0,hold,hold: weight change +0.000 below threshold 0.05 | daily halt in force: flat for the rest of the UTC day,0.331
1790620002,champion,DOGE,0.094788,0.0,0.0,0.0,hold,hold: weight change +0.000 below threshold 0.05 | daily halt in force: flat for the rest of the UTC day,0.005
1790620002,champion,DOT,1.1935,0.0,0.0,0.0,hold,hold: weight change +0.000 below threshold 0.05 | daily halt in force: flat for the rest of the UTC day,0.838
1790620002,champion,LTC,69.33,0.0,0.0,0.0,hold,hold: weight change +0.000 below threshold 0.05 | daily halt in force: flat for the rest of the UTC day,1.442
1790623394,champion,BTC,83645.55,0.0,0.0,0.0,hold,hold: weight change +0.000 below threshold 0.05 | daily halt in force: flat for the rest of the UTC day,0.006
1790623394,champion,ETH,2681.595,0.0,0.0,0.0,hold,hold: weight change +0.000 below threshold 0.05 | daily halt in force: flat for the rest of the UTC day,0.019
1790623394,champion,SOL,118.965,0.0,0.0,0.0,hold,hold: weight change +0.000 below threshold 0.05 | daily halt in force: flat for the rest of the UTC day,0.42
1790623394,champion,ADA,0.24618,0.0,0.0,0.0,hold,hold: weight change +0.000 below threshold 0.05 | daily halt in force: flat for the rest of the UTC day,2.701
1790623394,champion,AVAX,10.4035,0.0,0.0,0.0,hold,hold: weight change +0.000 below threshold 0.05 | daily halt in force: flat for the rest of the UTC day,2.403
1790623394,champion,LINK,15.089575,0.0,0.0,0.0,hold,hold: weight change +0.000 below threshold 0.05 | daily halt in force: flat for the rest of the UTC day,2.84
1790623394,champion,XRP,1.49492,0.0,0.0,0.0,hold,hold: weight change +0.000 below threshold 0.05 | daily halt in force: flat for the rest of the UTC day,0.268
1790623394,champion,DOGE,0.093938,0.0,0.0,0.0,hold,hold: weight change +0.000 below threshold 0.05 | daily halt in force: flat for the rest of the UTC day,0.09
1790623394,champion,DOT,1.17095,0.0,0.0,0.0,hold,hold: weight change +0.000 below threshold 0.05 | daily halt in force: flat for the rest of the UTC day,2.135
1790623394,champion,LTC,69.155,0.0,0.0,0.0,hold,hold: weight change +0.000 below threshold 0.05 | daily halt in force: flat for the rest of the UTC day,0.723
1790626952,champion,BTC,83494.55,0.0,0.0,0.0,hold,hold: weight change +0.000 below threshold 0.05 | daily halt in force: flat for the rest of the UTC day,0.006
1790626952,champion,ETH,2681.785,0.0,0.0,0.0,hold,hold: weight change +0.000 below threshold 0.05 | daily halt in force: flat for the rest of the UTC day,0.019
1790626952,champion,SOL,118.925,0.0,0.0,0.0,hold,hold: weight change +0.000 below threshold 0.05 | daily halt in force: flat for the rest of the UTC day,0.42
1790626952,champion,ADA,0.245547,0.0,0.0,0.0,hold,hold: weight change +0.000 below threshold 0.05 | daily halt in force: flat for the rest of the UTC day,2.281
1790626952,champion,AVAX,10.405,0.0,0.0,0.0,hold,hold: weight change +0.000 below threshold 0.05 | daily halt in force: flat for the rest of the UTC day,0.961
1790626952,champion,LINK,15.22694,0.0,0.0,0.0,hold,hold: weight change +0.000 below threshold 0.05 | daily halt in force: flat for the rest of the UTC day,3.619
1790626952,champion,XRP,1.491935,0.0,0.0,0.0,hold,hold: weight change +0.000 below threshold 0.05 | daily halt in force: flat for the rest of the UTC day,0.034
1790626952,champion,DOGE,0.094008,0.0,0.0,0.0,hold,hold: weight change +0.000 below threshold 0.05 | daily halt in force: flat for the rest of the UTC day,0.367
1790626952,champion,DOT,1.17845,0.0,0.0,0.0,hold,hold: weight change +0.000 below threshold 0.05 | daily halt in force: flat for the rest of the UTC day,0.424
1790626952,champion,LTC,69.085,0.0,0.0,0.0,hold,hold: weight change +0.000 below threshold 0.05 | daily halt in force: flat for the rest of the UTC day,0.724
1790630582,champion,BTC,83436.75,0.0,0.0,0.0,hold,hold: weight change +0.000 below threshold 0.05 | daily halt in force: flat for the rest of the UTC day,0.006
1790630582,champion,ETH,2680.915,0.0,0.0,0.0,hold,hold: weight change +0.000 below threshold 0.05 | daily halt in force: flat for the rest of the UTC day,0.019
1790630582,champion,SOL,118.375,0.0,0.0,0.0,hold,hold: weight change +0.000 below threshold 0.05 | daily halt in force: flat for the rest of the UTC day,0.422
1790630582,champion,ADA,0.245125,0.0,0.0,0.0,hold,hold: weight change +0.000 below threshold 0.05 | daily halt in force: flat for the rest of the UTC day,2.387
1790630582,champion,AVAX,10.479,0.0,0.0,0.0,hold,hold: weight change +0.000 below threshold 0.05 | daily halt in force: flat for the rest of the UTC day,0.954
1790630582,champion,LINK,15.28363,0.0,0.0,0.0,hold,hold: weight change +0.000 below threshold 0.05 | daily halt in force: flat for the rest of the UTC day,3.972
1790630582,champion,XRP,1.490855,0.0,0.0,0.0,hold,hold: weight change +0.000 below threshold 0.05 | daily halt in force: flat for the rest of the UTC day,0.034
1790630582,champion,DOGE,0.093687,0.0,0.0,0.0,hold,hold: weight change +0.000 below threshold 0.05 | daily halt in force: flat for the rest of the UTC day,0.005
1790630582,champion,DOT,1.17315,0.0,0.0,0.0,hold,hold: weight change +0.000 below threshold 0.05 | daily halt in force: flat for the rest of the UTC day,0.426
1790630582,champion,LTC,69.055,0.0,0.0,0.0,hold,hold: weight change +0.000 below threshold 0.05 | daily halt in force: flat for the rest of the UTC day,2.172
1790634132,champion,BTC,83193.95,0.0,0.0,0.0,hold,hold: weight change +0.000 below threshold 0.05 | daily halt in force: flat for the rest of the UTC day,0.006
1790634132,champion,ETH,2673.035,0.0,0.0,0.0,hold,hold: weight change +0.000 below threshold 0.05 | daily halt in force: flat for the rest of the UTC day,0.019
1790634132,champion,SOL,117.665,0.0,0.0,0.0,hold,hold: weight change +0.000 below threshold 0.05 | daily halt in force: flat for the rest of the UTC day,0.425
1790634132,champion,ADA,0.243731,0.0,0.0,0.0,hold,hold: weight change +0.000 below threshold 0.05 | daily halt in force: flat for the rest of the UTC day,1.539
1790634132,champion,AVAX,10.3885,0.0,0.0,0.0,hold,hold: weight change +0.000 below threshold 0.05 | daily halt in force: flat for the rest of the UTC day,0.481
1790634132,champion,LINK,15.04917,0.0,0.0,0.0,hold,hold: weight change +0.000 below threshold 0.05 | daily halt in force: flat for the rest of the UTC day,2.06
1790634132,champion,XRP,1.483605,0.0,0.0,0.0,hold,hold: weight change +0.000 below threshold 0.05 | daily halt in force: flat for the rest of the UTC day,0.034
1790634132,champion,DOGE,0.092846,0.0,0.0,0.0,hold,hold: weight change +0.000 below threshold 0.05 | daily halt in force: flat for the rest of the UTC day,0.038
1790634132,champion,DOT,1.16585,0.0,0.0,0.0,hold,hold: weight change +0.000 below threshold 0.05 | daily halt in force: flat for the rest of the UTC day,2.144
1790634132,champion,LTC,68.975,0.0,0.0,0.0,hold,hold: weight change +0.000 below threshold 0.05 | daily halt in force: flat for the rest of the UTC day,2.175
1790637735,champion,BTC,83470.55,0.0,0.0,0.0,hold,hold: weight change +0.000 below threshold 0.05 | daily halt in force: flat for the rest of the UTC day,0.006
1790637735,champion,ETH,2687.495,0.0,0.0,0.0,hold,hold: weight change +0.000 below threshold 0.05 | daily halt in force: flat for the rest of the UTC day,0.019
1790637735,champion,SOL,118.755,0.0,0.0,0.0,hold,hold: weight change +0.000 below threshold 0.05 | daily halt in force: flat for the rest of the UTC day,0.421
1790637735,champion,ADA,0.246638,0.0,0.0,0.0,hold,hold: weight change +0.000 below threshold 0.05 | daily halt in force: flat for the rest of the UTC day,0.203
1790637735,champion,AVAX,10.5755,0.0,0.0,0.0,hold,hold: weight change +0.000 below threshold 0.05 | daily halt in force: flat for the rest of the UTC day,1.418
1790637735,champion,LINK,15.40264,0.0,0.0,0.0,hold,hold: weight change +0.000 below threshold 0.05 | daily halt in force: flat for the rest of the UTC day,1.104
1790637735,champion,XRP,1.494855,0.0,0.0,0.0,hold,hold: weight change +0.000 below threshold 0.05 | daily halt in force: flat for the rest of the UTC day,0.033
1790637735,champion,DOGE,0.093674,0.0,0.0,0.0,hold,hold: weight change +0.000 below threshold 0.05 | daily halt in force: flat for the rest of the UTC day,0.005
1790637735,champion,DOT,1.18015,0.0,0.0,0.0,hold,hold: weight change +0.000 below threshold 0.05 | daily halt in force: flat for the rest of the UTC day,0.424
1790637735,champion,LTC,69.185,0.0,0.0,0.0,hold,hold: weight change +0.000 below threshold 0.05 | daily halt in force: flat for the rest of the UTC day,0.723
1790641793,champion,BTC,83502.15,0.0,0.0,0.0,hold,hold: weight change +0.000 below threshold 0.05 | flat: 72h return -0.75% not above entry band +1.0% and price below 24h EMA,0.006
1790641793,champion,ETH,2687.615,0.0,0.0,0.0,hold,hold: weight change +0.000 below threshold 0.05 | flat: 72h return -0.14% not above entry band +1.0%,0.019
1790641793,champion,SOL,118.735,0.0,0.0,0.0,hold,hold: weight change +0.000 below threshold 0.05 | flat: 72h return -2.71% not above entry band +1.0% and price below 24h EMA,0.421
1790641793,champion,ADA,0.248055,0.0,0.0,0.0,hold,hold: weight change +0.000 below threshold 0.05 | flat: 72h return -4.46% not above entry band +1.0% and price below 24h EMA,0.665
1790641793,champion,AVAX,10.6895,0.0,0.0,0.0,hold,hold: weight change +0.000 below threshold 0.05 | flat: 72h return -0.41% not above entry band +1.0%,1.403
1790641793,champion,LINK,15.60131,0.25,0.25,0.0,buy,enter long: 72h return +10.79% vs entry band +1.0% and price above 24h EMA; realised vol 104% -> weight 0.25,3.32
1790641793,champion,XRP,1.498155,0.0,0.0,0.0,hold,hold: weight change +0.000 below threshold 0.05 | flat: 72h return -4.59% not above entry band +1.0% and price below 24h EMA,0.033
1790641793,champion,DOGE,0.094116,0.0,0.0,0.0,hold,hold: weight change +0.000 below threshold 0.05 | flat: 72h return -5.12% not above entry band +1.0% and price below 24h EMA,0.223
1790641793,champion,DOT,1.1771,0.0,0.0,0.0,hold,hold: weight change +0.000 below threshold 0.05 | flat: 72h return -2.55% not above entry band +1.0% and price below 24h EMA,1.699
1790641793,champion,LTC,69.085,0.0,0.0,0.0,hold,hold: weight change +0.000 below threshold 0.05 | flat: 72h return -4.62% not above entry band +1.0% and price below 24h EMA,0.724
1790644971,champion,BTC,82988.05,0.0,0.0,0.0,hold,hold: weight change +0.000 below threshold 0.05 | flat: 72h return -0.89% not above entry band +1.0% and price below 24h EMA,0.006
1790644971,champion,ETH,2667.265,0.0,0.0,0.0,hold,hold: weight change +0.000 below threshold 0.05 | flat: 72h return -0.40% not above entry band +1.0% and price below 24h EMA,0.019
1790644971,champion,SOL,117.395,0.0,0.0,0.0,hold,hold: weight change +0.000 below threshold 0.05 | flat: 72h return -2.82% not above entry band +1.0% and price below 24h EMA,0.426
1790644971,champion,ADA,0.244511,0.0,0.0,0.0,hold,hold: weight change +0.000 below threshold 0.05 | flat: 72h return -4.38% not above entry band +1.0% and price below 24h EMA,2.168
1790644971,champion,AVAX,10.5985,0.0,0.0,0.0,hold,hold: weight change +0.000 below threshold 0.05 | flat: 72h return +0.90% not above entry band +1.0%,3.302
1790644971,champion,LINK,15.33169,0.25,0.25,0.2467,hold,hold: weight change +0.003 below threshold 0.05 | stay long: 72h return +9.63% vs exit band -1.0% and price above 24h EMA; realised vol 103% -> weight 0.25,1.97
1790644971,champion,XRP,1.483295,0.0,0.0,0.0,hold,hold: weight change +0.000 below threshold 0.05 | flat: 72h return -4.86% not above entry band +1.0% and price below 24h EMA,0.034
1790644971,champion,DOGE,0.093209,0.0,0.0,0.0,hold,hold: weight change +0.000 below threshold 0.05 | flat: 72h return -4.93% not above entry band +1.0% and price below 24h EMA,0.789
1790644971,champion,DOT,1.16265,0.0,0.0,0.0,hold,hold: weight change +0.000 below threshold 0.05 | flat: 72h return -4.05% not above entry band +1.0% and price below 24h EMA,3.87
1790644971,champion,LTC,67.92,0.0,0.0,0.0,hold,hold: weight change +0.000 below threshold 0.05 | flat: 72h return -5.18% not above entry band +1.0% and price below 24h EMA,2.945
1790648509,champion,BTC,83024.95,0.0,0.0,0.0,hold,hold: weight change +0.000 below threshold 0.05 | flat: 72h return -1.23% not above entry band +1.0% and price below 24h EMA,0.006
1790648509,champion,ETH,2658.245,0.0,0.0,0.0,hold,hold: weight change +0.000 below threshold 0.05 | flat: 72h return -1.03% not above entry band +1.0% and price below 24h EMA,0.019
1790648509,champion,SOL,116.865,0.0,0.0,0.0,hold,hold: weight change +0.000 below threshold 0.05 | flat: 72h return -4.05% not above entry band +1.0% and price below 24h EMA,0.428
1790648509,champion,ADA,0.241493,0.0,0.0,0.0,hold,hold: weight change +0.000 below threshold 0.05 | flat: 72h return -7.35% not above entry band +1.0% and price below 24h EMA,2.774
1790648509,champion,AVAX,10.462,0.0,0.0,0.0,hold,hold: weight change +0.000 below threshold 0.05 | flat: 72h return -2.35% not above entry band +1.0% and price below 24h EMA,4.779
1790648509,champion,LINK,15.110985,0.25,0.25,0.244,hold,hold: weight change +0.006 below threshold 0.05 | stay long: 72h return +9.24% vs exit band -1.0% and price above 24h EMA; realised vol 104% -> weight 0.25,3.537
1790648509,champion,XRP,1.475255,0.0,0.0,0.0,hold,hold: weight change +0.000 below threshold 0.05 | flat: 72h return -6.31% not above entry band +1.0% and price below 24h EMA,1.457
1790648509,champion,DOGE,0.092444,0.0,0.0,0.0,hold,hold: weight change +0.000 below threshold 0.05 | flat: 72h return -6.41% not above entry band +1.0% and price below 24h EMA,2.569
1790648509,champion,DOT,1.1514,0.0,0.0,0.0,hold,hold: weight change +0.000 below threshold 0.05 | flat: 72h return -5.89% not above entry band +1.0% and price below 24h EMA,4.343
1790648509,champion,LTC,67.495,0.0,0.0,0.0,hold,hold: weight change +0.000 below threshold 0.05 | flat: 72h return -6.62% not above entry band +1.0% and price below 24h EMA,2.222
1790652268,champion,BTC,83102.95,0.0,0.0,0.0,hold,hold: weight change +0.000 below threshold 0.05 | flat: 72h return -1.27% not above entry band +1.0% and price below 24h EMA,0.006
1790652268,champion,ETH,2664.345,0.0,0.0,0.0,hold,hold: weight change +0.000 below threshold 0.05 | flat: 72h return -1.25% not above entry band +1.0% and price below 24h EMA,0.019
1790652268,champion,SOL,117.795,0.0,0.0,0.0,hold,hold: weight change +0.000 below threshold 0.05 | flat: 72h return -3.86% not above entry band +1.0% and price below 24h EMA,0.424
1790652268,champion,ADA,0.242908,0.0,0.0,0.0,hold,hold: weight change +0.000 below threshold 0.05 | flat: 72h return -7.21% not above entry band +1.0% and price below 24h EMA,2.388
1790652268,champion,AVAX,10.444,0.0,0.0,0.0,hold,hold: weight change +0.000 below threshold 0.05 | flat: 72h return -4.12% not above entry band +1.0% and price below 24h EMA,1.915
1790652268,champion,LINK,14.97182,0.25,0.25,0.2423,hold,hold: weight change +0.008 below threshold 0.05 | stay long: 72h return +7.11% vs exit band -1.0% and price above 24h EMA; realised vol 104% -> weight 0.25,2.892
1790652268,champion,XRP,1.489125,0.0,0.0,0.0,hold,hold: weight change +0.000 below threshold 0.05 | flat: 72h return -5.69% not above entry band +1.0% and price below 24h EMA,0.436
1790652268,champion,DOGE,0.093063,0.0,0.0,0.0,hold,hold: weight change +0.000 below threshold 0.05 | flat: 72h return -6.32% not above entry band +1.0% and price below 24h EMA,0.505
1790652268,champion,DOT,1.16165,0.0,0.0,0.0,hold,hold: weight change +0.000 below threshold 0.05 | flat: 72h return -5.39% not above entry band +1.0% and price below 24h EMA,3.013
1790652268,champion,LTC,67.755,0.0,0.0,0.0,hold,hold: weight change +0.000 below threshold 0.05 | flat: 72h return -7.13% not above entry band +1.0% and price below 24h EMA,0.738
1790655840,champion,BTC,83221.05,0.0,0.0,0.0,hold,hold: weight change +0.000 below threshold 0.05 | flat: 72h return -1.07% not above entry band +1.0% and price below 24h EMA,0.006
1790655840,champion,ETH,2670.115,0.0,0.0,0.0,hold,hold: weight change +0.000 below threshold 0.05 | flat: 72h return -0.88% not above entry band +1.0% and price below 24h EMA,0.019
1790655840,champion,SOL,117.855,0.0,0.0,0.0,hold,hold: weight change +0.000 below threshold 0.05 | flat: 72h return -2.34% not above entry band +1.0% and price below 24h EMA,0.424
1790655840,champion,ADA,0.24363,0.0,0.0,0.0,hold,hold: weight change +0.000 below threshold 0.05 | flat: 72h return -5.44% not above entry band +1.0% and price below 24h EMA,0.349
1790655840,champion,AVAX,10.471,0.0,0.0,0.0,hold,hold: weight change +0.000 below threshold 0.05 | flat: 72h return -2.01% not above entry band +1.0% and price below 24h EMA,0.955
1790655840,champion,LINK,14.767015,0.25,0.25,0.2398,hold,hold: weight change +0.010 below threshold 0.05 | stay long: 72h return +5.81% vs exit band -1.0% and price above 24h EMA; realised vol 105% -> weight 0.25,1.954
1790655840,champion,XRP,1.489045,0.0,0.0,0.0,hold,hold: weight change +0.000 below threshold 0.05 | flat: 72h return -4.49% not above entry band +1.0% and price below 24h EMA,0.034
1790655840,champion,DOGE,0.093296,0.0,0.0,0.0,hold,hold: weight change +0.000 below threshold 0.05 | flat: 72h return -5.03% not above entry band +1.0% and price below 24h EMA,0.005
1790655840,champion,DOT,1.16465,0.0,0.0,0.0,hold,hold: weight change +0.000 below threshold 0.05 | flat: 72h return -4.79% not above entry band +1.0% and price below 24h EMA,0.429
1790655840,champion,LTC,68.035,0.0,0.0,0.0,hold,hold: weight change +0.000 below threshold 0.05 | flat: 72h return -5.41% not above entry band +1.0% and price below 24h EMA,0.735
1790659412,champion,BTC,83275.45,0.0,0.0,0.0,hold,hold: weight change +0.000 below threshold 0.05 | flat: 72h return -0.95% not above entry band +1.0% and price below 24h EMA,0.006
1790659412,champion,ETH,2669.995,0.0,0.0,0.0,hold,hold: weight change +0.000 below threshold 0.05 | flat: 72h return -0.84% not above entry band +1.0% and price below 24h EMA,0.019
1790659412,champion,SOL,117.985,0.0,0.0,0.0,hold,hold: weight change +0.000 below threshold 0.05 | flat: 72h return -2.49% not above entry band +1.0% and price below 24h EMA,0.424
1790659412,champion,ADA,0.243873,0.0,0.0,0.0,hold,hold: weight change +0.000 below threshold 0.05 | flat: 72h return -5.32% not above entry band +1.0% and price below 24h EMA,1.271
1790659412,champion,AVAX,10.5475,0.0,0.0,0.0,hold,hold: weight change +0.000 below threshold 0.05 | flat: 72h return -1.94% not above entry band +1.0% and price below 24h EMA,1.422
1790659412,champion,LINK,14.80585,0.25,0.25,0.2403,hold,hold: weight change +0.010 below threshold 0.05 | stay long: 72h return +4.24% vs exit band -1.0% and price within 2.0% of 24h EMA; realised vol 104% -> weight 0.25,1.351
1790659412,champion,XRP,1.48933,0.0,0.0,0.0,hold,hold: weight change +0.000 below threshold 0.05 | flat: 72h return -4.61% not above entry band +1.0% and price below 24h EMA,0.403
1790659412,champion,DOGE,0.093419,0.0,0.0,0.0,hold,hold: weight change +0.000 below threshold 0.05 | flat: 72h return -5.07% not above entry band +1.0% and price below 24h EMA,0.145
1790659412,champion,DOT,1.1608,0.0,0.0,0.0,hold,hold: weight change +0.000 below threshold 0.05 | flat: 72h return -5.91% not above entry band +1.0% and price below 24h EMA,1.723
1790659412,champion,LTC,67.875,0.0,0.0,0.0,hold,hold: weight change +0.000 below threshold 0.05 | flat: 72h return -6.22% not above entry band +1.0% and price below 24h EMA,0.737
1790663348,champion,BTC,83823.35,0.0,0.0,0.0,hold,hold: weight change +0.000 below threshold 0.05 | flat: 72h return -0.61% not above entry band +1.0%,0.006
1790663348,champion,ETH,2692.605,0.0,0.0,0.0,hold,hold: weight change +0.000 below threshold 0.05 | flat: 72h return -0.40% not above entry band +1.0%,0.019
1790663348,champion,SOL,118.955,0.0,0.0,0.0,hold,hold: weight change +0.000 below threshold 0.05 | flat: 72h return -1.90% not above entry band +1.0% and price below 24h EMA,0.42
1790663348,champion,ADA,0.246526,0.0,0.0,0.0,hold,hold: weight change +0.000 below threshold 0.05 | flat: 72h return -3.97% not above entry band +1.0% and price below 24h EMA,0.162
1790663348,champion,AVAX,10.7745,0.0,0.0,0.0,hold,hold: weight change +0.000 below threshold 0.05 | flat: 72h return -0.18% not above entry band +1.0%,0.464
1790663348,champion,LINK,14.8871,0.25,0.25,0.2413,hold,hold: weight change +0.009 below threshold 0.05 | stay long: 72h return +5.97% vs exit band -1.0% and price above 24h EMA; realised vol 105% -> weight 0.25,1.874
1790663348,champion,XRP,1.499425,0.0,0.0,0.0,hold,hold: weight change +0.000 below threshold 0.05 | flat: 72h return -3.64% not above entry band +1.0% and price below 24h EMA,0.3
1790663348,champion,DOGE,0.094248,0.0,0.0,0.0,hold,hold: weight change +0.000 below threshold 0.05 | flat: 72h return -3.71% not above entry band +1.0%,0.005
1790663348,champion,DOT,1.166,0.0,0.0,0.0,hold,hold: weight change +0.000 below threshold 0.05 | flat: 72h return -4.98% not above entry band +1.0% and price below 24h EMA,2.573
1790663348,champion,LTC,68.165,0.0,0.0,0.0,hold,hold: weight change +0.000 below threshold 0.05 | flat: 72h return -5.54% not above entry band +1.0% and price below 24h EMA,0.734
1790666734,champion,BTC,83997.95,0.0,0.0,0.0,hold,hold: weight change +0.000 below threshold 0.05 | flat: 72h return +0.11% not above entry band +1.0%,0.006
1790666734,champion,ETH,2715.175,0.0,0.0,0.0,hold,hold: weight change +0.000 below threshold 0.05 | flat: 72h return +0.75% not above entry band +1.0%,0.018
1790666734,champion,SOL,119.425,0.0,0.0,0.0,hold,hold: weight change +0.000 below threshold 0.05 | flat: 72h return -0.82% not above entry band +1.0%,0.419
1790666734,champion,ADA,0.251158,0.0,0.0,0.0,hold,hold: weight change +0.000 below threshold 0.05 | flat: 72h return -1.99% not above entry band +1.0%,1.374
1790666734,champion,AVAX,11.2005,0.25,0.25,0.0,buy,enter long: 72h return +3.57% vs entry band +1.0% and price above 24h EMA; realised vol 96% -> weight 0.25,4.018
1790666734,champion,LINK,15.19555,0.25,0.25,0.2451,hold,hold: weight change +0.005 below threshold 0.05 | stay long: 72h return +7.11% vs exit band -1.0% and price above 24h EMA; realised vol 105% -> weight 0.25,0.415
1790666734,champion,XRP,1.507235,0.0,0.0,0.0,hold,hold: weight change +0.000 below threshold 0.05 | flat: 72h return -2.76% not above entry band +1.0%,0.166
1790666734,champion,DOGE,0.094979,0.0,0.0,0.0,hold,hold: weight change +0.000 below threshold 0.05 | flat: 72h return -2.74% not above entry band +1.0%,0.068
1790666734,champion,DOT,1.18605,0.0,0.0,0.0,hold,hold: weight change +0.000 below threshold 0.05 | flat: 72h return -4.47% not above entry band +1.0% and price below 24h EMA,2.951
1790666734,champion,LTC,68.785,0.0,0.0,0.0,hold,hold: weight change +0.000 below threshold 0.05 | flat: 72h return -5.87% not above entry band +1.0% and price below 24h EMA,0.727
1790670374,champion,BTC,84207.95,0.0,0.0,0.0,hold,hold: weight change +0.000 below threshold 0.05 | flat: 72h return -0.18% not above entry band +1.0%,0.006
1790670374,champion,ETH,2725.875,0.0,0.0,0.0,hold,hold: weight change +0.000 below threshold 0.05 | flat: 72h return +0.77% not above entry band +1.0%,0.018
1790670374,champion,SOL,119.675,0.0,0.0,0.0,hold,hold: weight change +0.000 below threshold 0.05 | flat: 72h return -1.05% not above entry band +1.0%,0.418
1790670374,champion,ADA,0.254111,0.0,0.0,0.0,hold,hold: weight change +0.000 below threshold 0.05 | flat: 72h return -1.53% not above entry band +1.0%,2.105
1790670374,champion,AVAX,11.362,0.25,0.25,0.2524,hold,hold: weight change -0.002 below threshold 0.05 | stay long: 72h return +6.98% vs exit band -1.0% and price above 24h EMA; realised vol 101% -> weight 0.25,2.64
1790670374,champion,LINK,15.25888,0.25,0.25,0.245,hold,hold: weight change +0.005 below threshold 0.05 | stay long: 72h return +7.94% vs exit band -1.0% and price above 24h EMA; realised vol 105% -> weight 0.25,2.353
1790670374,champion,XRP,1.510645,0.0,0.0,0.0,hold,hold: weight change +0.000 below threshold 0.05 | flat: 72h return -2.89% not above entry band +1.0%,0.43
1790670374,champion,DOGE,0.095273,0.0,0.0,0.0,hold,hold: weight change +0.000 below threshold 0.05 | flat: 72h return -2.99% not above entry band +1.0%,0.231
1790670374,champion,DOT,1.2011,0.0,0.0,0.0,hold,hold: weight change +0.000 below threshold 0.05 | flat: 72h return -1.70% not above entry band +1.0%,1.665
1790670374,champion,LTC,68.97,0.0,0.0,0.0,hold,hold: weight change +0.000 below threshold 0.05 | flat: 72h return -6.74% not above entry band +1.0% and price below 24h EMA,1.45
1790673940,champion,BTC,83802.55,0.0,0.0,0.0,hold,hold: weight change +0.000 below threshold 0.05 | flat: 72h return -0.41% not above entry band +1.0%,0.006
1790673940,champion,ETH,2703.765,0.0,0.0,0.0,hold,hold: weight change +0.000 below threshold 0.05 | flat: 72h return +0.65% not above entry band +1.0%,0.018
1790673940,champion,SOL,119.225,0.0,0.0,0.0,hold,hold: weight change +0.000 below threshold 0.05 | flat: 72h return -1.29% not above entry band +1.0%,0.419
1790673940,champion,ADA,0.252416,0.0,0.0,0.0,hold,hold: weight change +0.000 below threshold 0.05 | flat: 72h return -0.78% not above entry band +1.0%,1.525
1790673940,champion,AVAX,11.4265,0.25,0.25,0.2532,hold,hold: weight change -0.003 below threshold 0.05 | stay long: 72h return +6.68% vs exit band -1.0% and price above 24h EMA; realised vol 100% -> weight 0.25,0.438
1790673940,champion,LINK,15.316405,0.25,0.25,0.2454,hold,hold: weight change +0.005 below threshold 0.05 | stay long: 72h return +8.88% vs exit band -1.0% and price above 24h EMA; realised vol 105% -> weight 0.25,1.022
1790673940,champion,XRP,1.502735,0.0,0.0,0.0,hold,hold: weight change +0.000 below threshold 0.05 | flat: 72h return -3.14% not above entry band +1.0%,0.366
1790673940,champion,DOGE,0.094962,0.0,0.0,0.0,hold,hold: weight change +0.000 below threshold 0.05 | flat: 72h return -2.84% not above entry band +1.0%,0.005
1790673940,champion,DOT,1.19615,0.0,0.0,0.0,hold,hold: weight change +0.000 below threshold 0.05 | flat: 72h return -2.44% not above entry band +1.0%,2.09
1790673940,champion,LTC,68.395,0.0,0.0,0.0,hold,hold: weight change +0.000 below threshold 0.05 | flat: 72h return -7.23% not above entry band +1.0% and price below 24h EMA,0.731
1790677547,champion,BTC,84095.95,0.0,0.0,0.0,hold,hold: weight change +0.000 below threshold 0.05 | flat: 72h return +0.26% not above entry band +1.0%,0.006
1790677547,champion,ETH,2713.375,0.25,0.25,0.0,buy,enter long: 72h return +1.29% vs entry band +1.0% and price above 24h EMA; realised vol 35% -> weight 0.25,0.018
1790677547,champion,SOL,119.635,0.0,0.0,0.0,hold,hold: weight change +0.000 below threshold 0.05 | flat: 72h return -0.08% not above entry band +1.0%,0.418
1790677547,champion,ADA,0.251601,0.0,0.0,0.0,hold,hold: weight change +0.000 below threshold 0.05 | flat: 72h return -0.24% not above entry band +1.0%,0.02
1790677547,champion,AVAX,11.627,0.25,0.25,0.2562,hold,hold: weight change -0.006 below threshold 0.05 | stay long: 72h return +8.78% vs exit band -1.0% and price above 24h EMA; realised vol 101% -> weight 0.25,0.86
1790677547,champion,LINK,15.393495,0.25,0.25,0.2452,hold,hold: weight change +0.005 below threshold 0.05 | stay long: 72h return +10.19% vs exit band -1.0% and price above 24h EMA; realised vol 105% -> weight 0.25,1.27
1790677547,champion,XRP,1.506985,0.0,0.0,0.0,hold,hold: weight change +0.000 below threshold 0.05 | flat: 72h return -1.96% not above entry band +1.0%,0.033
1790677547,champion,DOGE,0.095218,0.0,0.0,0.0,hold,hold: weight change +0.000 below threshold 0.05 | flat: 72h return -1.68% not above entry band +1.0%,0.242
1790677547,champion,DOT,1.2079,0.0,0.0,0.0,hold,hold: weight change +0.000 below threshold 0.05 | flat: 72h return +0.91% not above entry band +1.0%,2.484
1790677547,champion,LTC,68.695,0.0,0.0,0.0,hold,hold: weight change +0.000 below threshold 0.05 | flat: 72h return -7.47% not above entry band +1.0% and price below 24h EMA,0.728
1790681011,champion,BTC,84030.55,0.0,0.0,0.0,hold,hold: weight change +0.000 below threshold 0.05 | flat: 72h return -0.20% not above entry band +1.0%,0.006
1790681011,champion,ETH,2716.795,0.25,0.25,0.2507,hold,hold: weight change -0.001 below threshold 0.05 | stay long: 72h return +1.00% vs exit band -1.0% and price above 24h EMA; realised vol 35% -> weight 0.25,0.092
1790681011,champion,SOL,119.325,0.0,0.0,0.0,hold,hold: weight change +0.000 below threshold 0.05 | flat: 72h return -1.00% not above entry band +1.0%,0.419
1790681011,champion,ADA,0.251171,0.0,0.0,0.0,hold,hold: weight change +0.000 below threshold 0.05 | flat: 72h return -2.39% not above entry band +1.0%,1.354
1790681011,champion,AVAX,11.5565,0.25,0.25,0.2552,hold,hold: weight change -0.005 below threshold 0.05 | stay long: 72h return +7.32% vs exit band -1.0% and price above 24h EMA; realised vol 101% -> weight 0.25,1.298
1790681011,champion,LINK,15.364705,0.25,0.25,0.2453,hold,hold: weight change +0.005 below threshold 0.05 | stay long: 72h return +7.33% vs exit band -1.0% and price above 24h EMA; realised vol 105% -> weight 0.25,1.318
1790681011,champion,XRP,1.50746,0.0,0.0,0.0,hold,hold: weight change +0.000 below threshold 0.05 | flat: 72h return -2.82% not above entry band +1.0%,0.464
1790681011,champion,DOGE,0.094989,0.0,0.0,0.0,hold,hold: weight change +0.000 below threshold 0.05 | flat: 72h return -3.13% not above entry band +1.0%,0.189
1790681011,champion,DOT,1.2071,0.0,0.0,0.0,hold,hold: weight change +0.000 below threshold 0.05 | flat: 72h return -2.21% not above entry band +1.0%,4.142
1790681011,champion,LTC,68.615,0.0,0.0,0.0,hold,hold: weight change +0.000 below threshold 0.05 | flat: 72h return -6.41% not above entry band +1.0% and price below 24h EMA,0.729
1790685035,champion,BTC,84203.25,0.0,0.0,0.0,hold,hold: weight change +0.000 below threshold 0.05 | flat: 72h return +0.19% not above entry band +1.0%,0.006
1790685035,champion,ETH,2737.775,0.25,0.25,0.2508,hold,hold: weight change -0.001 below threshold 0.05 | stay long: 72h return +1.58% vs exit band -1.0% and price above 24h EMA; realised vol 35% -> weight 0.25,0.055
1790685035,champion,SOL,120.195,0.0,0.0,0.0,hold,hold: weight change +0.000 below threshold 0.05 | flat: 72h return -0.94% not above entry band +1.0%,0.416
1790685035,champion,ADA,0.252105,0.0,0.0,0.0,hold,hold: weight change +0.000 below threshold 0.05 | flat: 72h return -1.33% not above entry band +1.0%,1.507
1790685035,champion,AVAX,11.7915,0.25,0.25,0.2585,hold,hold: weight change -0.008 below threshold 0.05 | stay long: 72h return +8.10% vs exit band -1.0% and price above 24h EMA; realised vol 102% -> weight 0.25,2.968
1790685035,champion,LINK,15.384495,0.25,0.25,0.2438,hold,hold: weight change +0.006 below threshold 0.05 | stay long: 72h return +7.58% vs exit band -1.0% and price above 24h EMA; realised vol 105% -> weight 0.25,1.427
1790685035,champion,XRP,1.51542,0.0,0.0,0.0,hold,hold: weight change +0.000 below threshold 0.05 | flat: 72h return -1.93% not above entry band +1.0%,0.396
1790685035,champion,DOGE,0.095724,0.0,0.0,0.0,hold,hold: weight change +0.000 below threshold 0.05 | flat: 72h return -2.00% not above entry band +1.0%,0.418
1790685035,champion,DOT,1.21515,0.0,0.0,0.0,hold,hold: weight change +0.000 below threshold 0.05 | flat: 72h return -0.61% not above entry band +1.0%,3.703
1790685035,champion,LTC,68.74,0.0,0.0,0.0,hold,hold: weight change +0.000 below threshold 0.05 | flat: 72h return -5.63% not above entry band +1.0%,1.455
1790688520,champion,BTC,84348.85,0.0,0.0,0.0,hold,hold: weight change +0.000 below threshold 0.05 | flat: 72h return +0.31% not above entry band +1.0%,0.006
1790688520,champion,ETH,2738.145,0.25,0.25,0.2516,hold,hold: weight change -0.002 below threshold 0.05 | stay long: 72h return +1.79% vs exit band -1.0% and price above 24h EMA; realised vol 35% -> weight 0.25,0.018
1790688520,champion,SOL,121.24,0.0,0.0,0.0,hold,hold: weight change +0.000 below threshold 0.05 | flat: 72h return -0.17% not above entry band +1.0%,0.825
1790688520,champion,ADA,0.253049,0.0,0.0,0.0,hold,hold: weight change +0.000 below threshold 0.05 | flat: 72h return -1.23% not above entry band +1.0%,1.067
1790688520,champion,AVAX,11.7205,0.25,0.25,0.2577,hold,hold: weight change -0.008 below threshold 0.05 | stay long: 72h return +8.39% vs exit band -1.0% and price above 24h EMA; realised vol 102% -> weight 0.25,1.28
1790688520,champion,LINK,15.28551,0.25,0.25,0.243,hold,hold: weight change +0.007 below threshold 0.05 | stay long: 72h return +7.39% vs exit band -1.0% and price above 24h EMA; realised vol 105% -> weight 0.25,1.505
1790688520,champion,XRP,1.547355,0.0,0.0,0.0,hold,hold: weight change +0.000 below threshold 0.05 | flat: 72h return +0.32% not above entry band +1.0%,0.032
1790688520,champion,DOGE,0.096181,0.0,0.0,0.0,hold,hold: weight change +0.000 below threshold 0.05 | flat: 72h return -1.52% not above entry band +1.0%,0.156
1790688520,champion,DOT,1.2143,0.0,0.0,0.0,hold,hold: weight change +0.000 below threshold 0.05 | flat: 72h return -1.63% not above entry band +1.0%,1.647
1790688520,champion,LTC,68.82,0.0,0.0,0.0,hold,hold: weight change +0.000 below threshold 0.05 | flat: 72h return -5.69% not above entry band +1.0% and price below 24h EMA,1.453
1790691955,champion,BTC,83994.95,0.0,0.0,0.0,hold,hold: weight change +0.000 below threshold 0.05 | flat: 72h return +0.30% not above entry band +1.0%,0.006
1790691955,champion,ETH,2716.795,0.25,0.25,0.2517,hold,hold: weight change -0.002 below threshold 0.05 | stay long: 72h return +1.48% vs exit band -1.0% and price above 24h EMA; realised vol 35% -> weight 0.25,0.018
1790691955,champion,SOL,120.645,0.0,0.0,0.0,hold,hold: weight change +0.000 below threshold 0.05 | flat: 72h return +0.20% not above entry band +1.0%,0.414
1790691955,champion,ADA,0.251497,0.0,0.0,0.0,hold,hold: weight change +0.000 below threshold 0.05 | flat: 72h return -1.52% not above entry band +1.0%,1.69
1790691955,champion,AVAX,11.5965,0.25,0.25,0.2571,hold,hold: weight change -0.007 below threshold 0.05 | stay long: 72h return +7.21% vs exit band -1.0% and price above 24h EMA; realised vol 102% -> weight 0.25,0.431
1790691955,champion,LINK,15.06499,0.25,0.25,0.2414,hold,hold: weight change +0.009 below threshold 0.05 | stay long: 72h return +5.85% vs exit band -1.0% and price above 24h EMA; realised vol 105% -> weight 0.25,1.48
1790691955,champion,XRP,1.55115,0.0,0.0,0.0,hold,hold: weight change +0.000 below threshold 0.05 | flat: 72h return +0.45% not above entry band +1.0%,0.258
1790691955,champion,DOGE,0.095526,0.0,0.0,0.0,hold,hold: weight change +0.000 below threshold 0.05 | flat: 72h return -1.46% not above entry band +1.0%,1.031
1790691955,champion,DOT,1.2122,0.0,0.0,0.0,hold,hold: weight change +0.000 below threshold 0.05 | flat: 72h return -1.69% not above entry band +1.0%,4.125
1790691955,champion,LTC,68.545,0.0,0.0,0.0,hold,hold: weight change +0.000 below threshold 0.05 | flat: 72h return -5.13% not above entry band +1.0% and price below 24h EMA,2.188
1790695607,champion,BTC,82999.15,0.0,0.0,0.0,hold,hold: weight change +0.000 below threshold 0.05 | flat: 72h return -0.34% not above entry band +1.0% and price below 24h EMA,0.102
1790695607,champion,ETH,2674.86,0.25,0.25,0.2523,hold,hold: weight change -0.002 below threshold 0.05 | stay long: 72h return +0.80% vs exit band -1.0% and price above 24h EMA; realised vol 35% -> weight 0.25,0.71
1790695607,champion,SOL,118.24,0.0,0.0,0.0,hold,hold: weight change +0.000 below threshold 0.05 | flat: 72h return -0.64% not above entry band +1.0%,0.846
1790695607,champion,ADA,0.245098,0.0,0.0,0.0,hold,hold: weight change +0.000 below threshold 0.05 | flat: 72h return -2.05% not above entry band +1.0%,2.938
1790695607,champion,AVAX,11.1845,0.25,0.25,0.2524,hold,hold: weight change -0.002 below threshold 0.05 | stay long: 72h return +4.33% vs exit band -1.0% and price above 24h EMA; realised vol 103% -> weight 0.25,0.447
1790695607,champion,LINK,14.777385,0.25,0.25,0.2411,hold,hold: weight change +0.009 below threshold 0.05 | stay long: 72h return +5.39% vs exit band -1.0% and price above 24h EMA; realised vol 105% -> weight 0.25,2.812
1790695607,champion,XRP,1.51302,0.0,0.0,0.0,hold,hold: weight change +0.000 below threshold 0.05 | flat: 72h return -0.06% not above entry band +1.0%,1.388
1790695607,champion,DOGE,0.093593,0.0,0.0,0.0,hold,hold: weight change +0.000 below threshold 0.05 | flat: 72h return -2.36% not above entry band +1.0%,0.839
1790695607,champion,DOT,1.18805,0.0,0.0,0.0,hold,hold: weight change +0.000 below threshold 0.05 | flat: 72h return -3.06% not above entry band +1.0%,2.946
1790695607,champion,LTC,67.34,0.0,0.0,0.0,hold,hold: weight change +0.000 below threshold 0.05 | flat: 72h return -6.09% not above entry band +1.0% and price below 24h EMA,1.485
1790699206,champion,BTC,83215.85,0.0,0.0,0.0,hold,hold: weight change +0.000 below threshold 0.05 | flat: 72h return -1.30% not above entry band +1.0% and price below 24h EMA,0.006
1790699206,champion,ETH,2681.575,0.25,0.25,0.2522,hold,hold: weight change -0.002 below threshold 0.05 | stay long: 72h return -0.70% vs exit band -1.0% and price within 2.0% of 24h EMA; realised vol 36% -> weight 0.25,0.019
1790699206,champion,SOL,118.565,0.0,0.0,0.0,hold,hold: weight change +0.000 below threshold 0.05 | flat: 72h return -3.00% not above entry band +1.0% and price below 24h EMA,0.422
1790699206,champion,ADA,0.24471,0.0,0.0,0.0,hold,hold: weight change +0.000 below threshold 0.05 | flat: 72h return -6.28% not above entry band +1.0% and price below 24h EMA,1.962
1790699206,champion,AVAX,11.228,0.25,0.25,0.2527,hold,hold: weight change -0.003 below threshold 0.05 | stay long: 72h return +2.11% vs exit band -1.0% and price above 24h EMA; realised vol 104% -> weight 0.25,0.891
1790699206,champion,LINK,14.846945,0.25,0.25,0.2415,hold,hold: weight change +0.008 below threshold 0.05 | stay long: 72h return +3.85% vs exit band -1.0% and price within 2.0% of 24h EMA; realised vol 106% -> weight 0.25,1.061
1790699206,champion,XRP,1.51629,0.0,0.0,0.0,hold,hold: weight change +0.000 below threshold 0.05 | flat: 72h return -2.22% not above entry band +1.0%,0.132
1790699206,champion,DOGE,0.094159,0.0,0.0,0.0,hold,hold: weight change +0.000 below threshold 0.05 | flat: 72h return -5.01% not above entry band +1.0% and price below 24h EMA,0.117
1790699206,champion,DOT,1.1868,0.0,0.0,0.0,hold,hold: weight change +0.000 below threshold 0.05 | flat: 72h return -7.98% not above entry band +1.0% and price below 24h EMA,3.37
1790699206,champion,LTC,67.84,0.0,0.0,0.0,hold,hold: weight change +0.000 below threshold 0.05 | flat: 72h return -7.64% not above entry band +1.0% and price below 24h EMA,1.474
1790702605,champion,BTC,83072.85,0.0,0.0,0.0,hold,hold: weight change +0.000 below threshold 0.05 | flat: 72h return -1.27% not above entry band +1.0% and price below 24h EMA,0.006
1790702605,champion,ETH,2674.065,0.25,0.25,0.2533,hold,hold: weight change -0.003 below threshold 0.05 | stay long: 72h return -0.58% vs exit band -1.0% and price within 2.0% of 24h EMA; realised vol 36% -> weight 0.25,0.019
1790702605,champion,SOL,117.805,0.0,0.0,0.0,hold,hold: weight change +0.000 below threshold 0.05 | flat: 72h return -2.91% not above entry band +1.0% and price below 24h EMA,0.424
1790702605,champion,ADA,0.241068,0.0,0.0,0.0,hold,hold: weight change +0.000 below threshold 0.05 | flat: 72h return -6.34% not above entry band +1.0% and price below 24h EMA,1.452
1790702605,champion,AVAX,11.101,0.25,0.25,0.2516,hold,hold: weight change -0.002 below threshold 0.05 | stay long: 72h return +1.03% vs exit band -1.0% and price above 24h EMA; realised vol 104% -> weight 0.25,0.901
1790702605,champion,LINK,14.62468,0.25,0.25,0.2397,hold,hold: weight change +0.010 below threshold 0.05 | stay long: 72h return +2.58% vs exit band -1.0% and price within 2.0% of 24h EMA; realised vol 106% -> weight 0.25,1.45
1790702605,champion,XRP,1.48223,0.0,0.0,0.0,hold,hold: weight change +0.000 below threshold 0.05 | flat: 72h return -3.93% not above entry band +1.0% and price below 24h EMA,0.945
1790702605,champion,DOGE,0.093049,0.0,0.0,0.0,hold,hold: weight change +0.000 below threshold 0.05 | flat: 72h return -5.21% not above entry band +1.0% and price below 24h EMA,0.172
1790702605,champion,DOT,1.16805,0.0,0.0,0.0,hold,hold: weight change +0.000 below threshold 0.05 | flat: 72h return -9.63% not above entry band +1.0% and price below 24h EMA,2.996
1790702605,champion,LTC,67.315,0.0,0.0,0.0,hold,hold: weight change +0.000 below threshold 0.05 | flat: 72h return -6.62% not above entry band +1.0% and price below 24h EMA,0.743
1790706494,champion,BTC,83435.75,0.0,0.0,0.0,hold,hold: weight change +0.000 below threshold 0.05 | flat: 72h return -1.27% not above entry band +1.0% and price below 24h EMA,0.006
1790706494,champion,ETH,2686.025,0.25,0.25,0.2536,hold,hold: weight change -0.004 below threshold 0.05 | stay long: 72h return -0.65% vs exit band -1.0% and price within 2.0% of 24h EMA; realised vol 36% -> weight 0.25,0.019
1790706494,champion,SOL,118.64,0.0,0.0,0.0,hold,hold: weight change +0.000 below threshold 0.05 | flat: 72h return -3.11% not above entry band +1.0% and price below 24h EMA,0.843
1790706494,champion,ADA,0.243789,0.0,0.0,0.0,hold,hold: weight change +0.000 below threshold 0.05 | flat: 72h return -5.87% not above entry band +1.0% and price below 24h EMA,0.021
1790706494,champion,AVAX,11.2045,0.25,0.25,0.2531,hold,hold: weight change -0.003 below threshold 0.05 | stay long: 72h return +2.07% vs exit band -1.0% and price above 24h EMA; realised vol 104% -> weight 0.25,1.339
1790706494,champion,LINK,14.610055,0.0,0.0,0.2386,sell,exit: price more than 2.0% below 24h EMA,0.003
1790706494,champion,XRP,1.491915,0.0,0.0,0.0,hold,hold: weight change +0.000 below threshold 0.05 | flat: 72h return -3.52% not above entry band +1.0% and price below 24h EMA,0.168
1790706494,champion,DOGE,0.093934,0.0,0.0,0.0,hold,hold: weight change +0.000 below threshold 0.05 | flat: 72h return -4.63% not above entry band +1.0% and price below 24h EMA,0.005
1790706494,champion,DOT,1.1812,0.0,0.0,0.0,hold,hold: weight change +0.000 below threshold 0.05 | flat: 72h return -8.16% not above entry band +1.0% and price below 24h EMA,1.693
1790706494,champion,LTC,67.425,0.0,0.0,0.0,hold,hold: weight change +0.000 below threshold 0.05 | flat: 72h return -6.74% not above entry band +1.0% and price below 24h EMA,0.742
1790709884,champion,BTC,83589.75,0.0,0.0,0.0,hold,hold: weight change +0.000 below threshold 0.05 | flat: 72h return -0.46% not above entry band +1.0%,0.006
1790709884,champion,ETH,2696.765,0.25,0.25,0.2537,hold,hold: weight change -0.004 below threshold 0.05 | stay long: 72h return +0.39% vs exit band -1.0% and price above 24h EMA; realised vol 37% -> weight 0.25,0.019
1790709884,champion,SOL,119.365,0.0,0.0,0.0,hold,hold: weight change +0.000 below threshold 0.05 | flat: 72h return -1.59% not above entry band +1.0%,0.419
1790709884,champion,ADA,0.245055,0.0,0.0,0.0,hold,hold: weight change +0.000 below threshold 0.05 | flat: 72h return -3.84% not above entry band +1.0% and price below 24h EMA,0.02
1790709884,champion,AVAX,11.336,0.25,0.25,0.2552,hold,hold: weight change -0.005 below threshold 0.05 | stay long: 72h return +4.76% vs exit band -1.0% and price above 24h EMA; realised vol 105% -> weight 0.25,1.764
1790709884,champion,LINK,14.663105,0.0,0.0,0.0,hold,hold: weight change +0.000 below threshold 0.05 | flat: price below 24h EMA,1.654
1790709884,champion,XRP,1.501205,0.0,0.0,0.0,hold,hold: weight change +0.000 below threshold 0.05 | flat: 72h return -1.36% not above entry band +1.0% and price below 24h EMA,0.033
1790709884,champion,DOGE,0.094227,0.0,0.0,0.0,hold,hold: weight change +0.000 below threshold 0.05 | flat: 72h return -3.09% not above entry band +1.0% and price below 24h EMA,1.252
1790709884,champion,DOT,1.19215,0.0,0.0,0.0,hold,hold: weight change +0.000 below threshold 0.05 | flat: 72h return -4.93% not above entry band +1.0% and price below 24h EMA,2.097
1790709884,champion,LTC,67.65,0.0,0.0,0.0,hold,hold: weight change +0.000 below threshold 0.05 | flat: 72h return -5.89% not above entry band +1.0% and price below 24h EMA,1.478
1790713513,champion,BTC,83582.95,0.0,0.0,0.0,hold,hold: weight change +0.000 below threshold 0.05 | flat: 72h return -0.53% not above entry band +1.0% and price below 24h EMA,0.006
1790713513,champion,ETH,2690.995,0.25,0.25,0.2527,hold,hold: weight change -0.003 below threshold 0.05 | stay long: 72h return +0.18% vs exit band -1.0% and price within 2.0% of 24h EMA; realised vol 37% -> weight 0.25,0.019
1790713513,champion,SOL,119.035,0.0,0.0,0.0,hold,hold: weight change +0.000 below threshold 0.05 | flat: 72h return -1.94% not above entry band +1.0% and price below 24h EMA,0.42
1790713513,champion,ADA,0.245131,0.0,0.0,0.0,hold,hold: weight change +0.000 below threshold 0.05 | flat: 72h return -4.46% not above entry band +1.0% and price below 24h EMA,0.612
1790713513,champion,AVAX,11.4465,0.25,0.25,0.2572,hold,hold: weight change -0.007 below threshold 0.05 | stay long: 72h return +5.35% vs exit band -1.0% and price above 24h EMA; realised vol 105% -> weight 0.25,1.31
1790713513,champion,LINK,14.68636,0.0,0.0,0.0,hold,hold: weight change +0.000 below threshold 0.05 | flat: price below 24h EMA,1.117
1790713513,champion,XRP,1.49866,0.0,0.0,0.0,hold,hold: weight change +0.000 below threshold 0.05 | flat: 72h return -1.92% not above entry band +1.0% and price below 24h EMA,0.601
1790713513,champion,DOGE,0.094094,0.0,0.0,0.0,hold,hold: weight change +0.000 below threshold 0.05 | flat: 72h return -3.49% not above entry band +1.0% and price below 24h EMA,0.829
1790713513,champion,DOT,1.19835,0.0,0.0,0.0,hold,hold: weight change +0.000 below threshold 0.05 | flat: 72h return -4.20% not above entry band +1.0% and price below 24h EMA,0.417
1790713513,champion,LTC,67.595,0.0,0.0,0.0,hold,hold: weight change +0.000 below threshold 0.05 | flat: 72h return -6.37% not above entry band +1.0% and price below 24h EMA,0.74
1790717011,champion,BTC,83408.65,0.0,0.0,0.0,hold,hold: weight change +0.000 below threshold 0.05 | flat: 72h return -0.51% not above entry band +1.0% and price below 24h EMA,0.006
1790717011,champion,ETH,2681.695,0.25,0.25,0.2521,hold,hold: weight change -0.002 below threshold 0.05 | stay long: 72h return +0.46% vs exit band -1.0% and price within 2.0% of 24h EMA; realised vol 37% -> weight 0.25,0.019
1790717011,champion,SOL,118.675,0.0,0.0,0.0,hold,hold: weight change +0.000 below threshold 0.05 | flat: 72h return -1.10% not above entry band +1.0% and price below 24h EMA,0.421
1790717011,champion,ADA,0.243959,0.0,0.0,0.0,hold,hold: weight change +0.000 below threshold 0.05 | flat: 72h return -2.26% not above entry band +1.0% and price below 24h EMA,1.824
1790717011,champion,AVAX,11.44,0.25,0.25,0.2573,hold,hold: weight change -0.007 below threshold 0.05 | stay long: 72h return +7.91% vs exit band -1.0% and price above 24h EMA; realised vol 106% -> weight 0.25,0.874
1790717011,champion,LINK,14.665755,0.0,0.0,0.0,hold,hold: weight change +0.000 below threshold 0.05 | flat: price below 24h EMA,3.235
1790717011,champion,XRP,1.492575,0.0,0.0,0.0,hold,hold: weight change +0.000 below threshold 0.05 | flat: 72h return -0.99% not above entry band +1.0% and price below 24h EMA,0.167
1790717011,champion,DOGE,0.093839,0.0,0.0,0.0,hold,hold: weight change +0.000 below threshold 0.05 | flat: 72h return -1.90% not above entry band +1.0% and price below 24h EMA,0.208
1790717011,champion,DOT,1.191,0.0,0.0,0.0,hold,hold: weight change +0.000 below threshold 0.05 | flat: 72h return -2.37% not above entry band +1.0%,2.519
1790717011,champion,LTC,67.265,0.0,0.0,0.0,hold,hold: weight change +0.000 below threshold 0.05 | flat: 72h return -5.75% not above entry band +1.0% and price below 24h EMA,2.23
1790720599,champion,BTC,83621.75,0.0,0.0,0.0,hold,hold: weight change +0.000 below threshold 0.05 | flat: 72h return -0.79% not above entry band +1.0% and price below 24h EMA,0.006
1790720599,champion,ETH,2681.385,0.25,0.25,0.2518,hold,hold: weight change -0.002 below threshold 0.05 | stay long: 72h return -0.28% vs exit band -1.0% and price within 2.0% of 24h EMA; realised vol 37% -> weight 0.25,0.019
1790720599,champion,SOL,119.23,0.0,0.0,0.0,hold,hold: weight change +0.000 below threshold 0.05 | flat: 72h return -2.00% not above entry band +1.0% and price below 24h EMA,0.839
1790720599,champion,ADA,0.245131,0.0,0.0,0.0,hold,hold: weight change +0.000 below threshold 0.05 | flat: 72h return -3.26% not above entry band +1.0% and price below 24h EMA,2.815
1790720599,champion,AVAX,11.4775,0.25,0.25,0.2579,hold,hold: weight change -0.008 below threshold 0.05 | stay long: 72h return +6.60% vs exit band -1.0% and price above 24h EMA; realised vol 106% -> weight 0.25,0.436
1790720599,champion,LINK,14.71511,0.0,0.0,0.0,hold,hold: weight change +0.000 below threshold 0.05 | flat: price below 24h EMA,1.91
1790720599,champion,XRP,1.497385,0.0,0.0,0.0,hold,hold: weight change +0.000 below threshold 0.05 | flat: 72h return -1.90% not above entry band +1.0% and price below 24h EMA,0.434
1790720599,champion,DOGE,0.094211,0.0,0.0,0.0,hold,hold: weight change +0.000 below threshold 0.05 | flat: 72h return -2.50% not above entry band +1.0% and price below 24h EMA,0.265
1790720599,champion,DOT,1.1957,0.0,0.0,0.0,hold,hold: weight change +0.000 below threshold 0.05 | flat: 72h return -3.05% not above entry band +1.0%,0.836
1790720599,champion,LTC,67.115,0.0,0.0,0.0,hold,hold: weight change +0.000 below threshold 0.05 | flat: 72h return -6.57% not above entry band +1.0% and price below 24h EMA,2.235
1790724099,champion,BTC,83713.45,0.0,0.0,0.0,hold,hold: weight change +0.000 below threshold 0.05 | flat: 72h return -0.82% not above entry band +1.0% and price below 24h EMA,0.006
1790724099,champion,ETH,2681.355,0.25,0.25,0.2519,hold,hold: weight change -0.002 below threshold 0.05 | stay long: 72h return -0.30% vs exit band -1.0% and price within 2.0% of 24h EMA; realised vol 37% -> weight 0.25,0.019
1790724099,champion,SOL,119.345,0.0,0.0,0.0,hold,hold: weight change +0.000 below threshold 0.05 | flat: 72h return -1.68% not above entry band +1.0%,0.419
1790724099,champion,ADA,0.2457,0.0,0.0,0.0,hold,hold: weight change +0.000 below threshold 0.05 | flat: 72h return -3.00% not above entry band +1.0% and price below 24h EMA,2.707
1790724099,champion,AVAX,11.4555,0.25,0.25,0.2576,hold,hold: weight change -0.008 below threshold 0.05 | stay long: 72h return +6.11% vs exit band -1.0% and price above 24h EMA; realised vol 105% -> weight 0.25,0.436
1790724099,champion,LINK,14.70886,0.0,0.0,0.0,hold,hold: weight change +0.000 below threshold 0.05 | flat: price below 24h EMA,1.577
1790724099,champion,XRP,1.495245,0.0,0.0,0.0,hold,hold: weight change +0.000 below threshold 0.05 | flat: 72h return -1.91% not above entry band +1.0% and price below 24h EMA,0.368
1790724099,champion,DOGE,0.094192,0.0,0.0,0.0,hold,hold: weight change +0.000 below threshold 0.05 | flat: 72h return -2.49% not above entry band +1.0% and price below 24h EMA,0.053
1790724099,champion,DOT,1.19745,0.0,0.0,0.0,hold,hold: weight change +0.000 below threshold 0.05 | flat: 72h return -3.37% not above entry band +1.0%,0.418
1790724099,champion,LTC,67.03,0.0,0.0,0.0,hold,hold: weight change +0.000 below threshold 0.05 | flat: 72h return -7.09% not above entry band +1.0% and price below 24h EMA,1.492
1790728335,champion,BTC,83540.75,0.0,0.0,0.0,hold,hold: weight change +0.000 below threshold 0.05 | flat: 72h return -0.94% not above entry band +1.0%,0.006
1790728335,champion,ETH,2671.935,0.25,0.25,0.2515,hold,hold: weight change -0.001 below threshold 0.05 | stay long: 72h return -0.69% vs exit band -1.0% and price within 2.0% of 24h EMA; realised vol 37% -> weight 0.25,0.019
1790728335,champion,SOL,118.955,0.0,0.0,0.0,hold,hold: weight change +0.000 below threshold 0.05 | flat: 72h return -1.87% not above entry band +1.0%,0.42
1790728335,champion,ADA,0.243633,0.0,0.0,0.0,hold,hold: weight change +0.000 below threshold 0.05 | flat: 72h return -3.74% not above entry band +1.0% and price below 24h EMA,2.401
1790728335,champion,AVAX,11.418,0.25,0.25,0.2572,hold,hold: weight change -0.007 below threshold 0.05 | stay long: 72h return +5.36% vs exit band -1.0% and price above 24h EMA; realised vol 105% -> weight 0.25,2.627
1790728335,champion,LINK,14.489835,0.0,0.0,0.0,hold,hold: weight change +0.000 below threshold 0.05 | flat: price below 24h EMA,3.392
1790728335,champion,XRP,1.49081,0.0,0.0,0.0,hold,hold: weight change +0.000 below threshold 0.05 | flat: 72h return -2.42% not above entry band +1.0% and price below 24h EMA,0.067
1790728335,champion,DOGE,0.093668,0.0,0.0,0.0,hold,hold: weight change +0.000 below threshold 0.05 | flat: 72h return -2.98% not above entry band +1.0% and price below 24h EMA,2.472
1790728335,champion,DOT,1.1961,0.0,0.0,0.0,hold,hold: weight change +0.000 below threshold 0.05 | flat: 72h return -4.06% not above entry band +1.0%,3.344
1790728335,champion,LTC,66.755,0.0,0.0,0.0,hold,hold: weight change +0.000 below threshold 0.05 | flat: 72h return -7.95% not above entry band +1.0% and price below 24h EMA,2.247
1790731485,champion,BTC,83485.95,0.0,0.0,0.0,hold,hold: weight change +0.000 below threshold 0.05 | flat: 72h return -1.03% not above entry band +1.0% and price below 24h EMA,0.006
1790731485,champion,ETH,2674.605,0.25,0.25,0.2515,hold,hold: weight change -0.002 below threshold 0.05 | stay long: 72h return -0.80% vs exit band -1.0% and price within 2.0% of 24h EMA; realised vol 37% -> weight 0.25,0.019
1790731485,champion,SOL,119.53,0.0,0.0,0.0,hold,hold: weight change +0.000 below threshold 0.05 | flat: 72h return -1.58% not above entry band +1.0% and price below 24h EMA,0.837
1790731485,champion,ADA,0.24605,0.0,0.0,0.0,hold,hold: weight change +0.000 below threshold 0.05 | flat: 72h return -2.91% not above entry band +1.0% and price below 24h EMA,3.19
1790731485,champion,AVAX,11.443,0.25,0.25,0.2575,hold,hold: weight change -0.008 below threshold 0.05 | stay long: 72h return +5.58% vs exit band -1.0% and price above 24h EMA; realised vol 104% -> weight 0.25,1.748
1790731485,champion,LINK,14.499375,0.0,0.0,0.0,hold,hold: weight change +0.000 below threshold 0.05 | flat: price below 24h EMA,2.114
1790731485,champion,XRP,1.498195,0.0,0.0,0.0,hold,hold: weight change +0.000 below threshold 0.05 | flat: 72h return -1.68% not above entry band +1.0% and price below 24h EMA,0.033
1790731485,champion,DOGE,0.094253,0.0,0.0,0.0,hold,hold: weight change +0.000 below threshold 0.05 | flat: 72h return -2.80% not above entry band +1.0% and price below 24h EMA,0.833
1790731485,champion,DOT,1.21755,0.0,0.0,0.0,hold,hold: weight change +0.000 below threshold 0.05 | flat: 72h return -3.15% not above entry band +1.0%,2.875
1790731485,champion,LTC,67.28,0.0,0.0,0.0,hold,hold: weight change +0.000 below threshold 0.05 | flat: 72h return -6.85% not above entry band +1.0% and price below 24h EMA,2.973
1790734979,champion,BTC,83479.25,0.0,0.0,0.0,hold,hold: weight change +0.000 below threshold 0.05 | flat: 72h return -1.25% not above entry band +1.0% and price below 24h EMA,0.006
1790734979,champion,ETH,2671.525,0.0,0.0,0.2517,sell,exit: 72h return -1.11% fell below exit band -1.0%,0.019
1790734979,champion,SOL,119.665,0.0,0.0,0.0,hold,hold: weight change +0.000 below threshold 0.05 | flat: 72h return -1.61% not above entry band +1.0%,0.418
1790734979,champion,ADA,0.245765,0.0,0.0,0.0,hold,hold: weight change +0.000 below threshold 0.05 | flat: 72h return -2.99% not above entry band +1.0% and price below 24h EMA,0.468
1790734979,champion,AVAX,11.3805,0.25,0.25,0.2565,hold,hold: weight change -0.007 below threshold 0.05 | stay long: 72h return +5.26% vs exit band -1.0% and price above 24h EMA; realised vol 104% -> weight 0.25,0.439
1790734979,champion,LINK,14.44913,0.0,0.0,0.0,hold,hold: weight change +0.000 below threshold 0.05 | flat: price below 24h EMA,2.602
1790734979,champion,XRP,1.50162,0.0,0.0,0.0,hold,hold: weight change +0.000 below threshold 0.05 | flat: 72h return -1.67% not above entry band +1.0% and price below 24h EMA,0.466
1790734979,champion,DOGE,0.09412,0.0,0.0,0.0,hold,hold: weight change +0.000 below threshold 0.05 | flat: 72h return -2.76% not above entry band +1.0% and price below 24h EMA,0.138
1790734979,champion,DOT,1.2084,0.0,0.0,0.0,hold,hold: weight change +0.000 below threshold 0.05 | flat: 72h return -2.39% not above entry band +1.0%,3.31
1790734979,champion,LTC,67.295,0.0,0.0,0.0,hold,hold: weight change +0.000 below threshold 0.05 | flat: 72h return -6.29% not above entry band +1.0% and price below 24h EMA,2.229
1790738707,champion,BTC,83248.35,0.0,0.0,0.0,hold,hold: weight change +0.000 below threshold 0.05 | flat: 72h return -1.29% not above entry band +1.0% and price below 24h EMA,0.006
1790738707,champion,ETH,2670.535,0.0,0.0,0.0,hold,hold: weight change +0.000 below threshold 0.05 | flat: 72h return -0.89% not above entry band +1.0% and price below 24h EMA,0.019
1790738707,champion,SOL,119.315,0.0,0.0,0.0,hold,hold: weight change +0.000 below threshold 0.05 | flat: 72h return -1.23% not above entry band +1.0%,0.419
1790738707,champion,ADA,0.243925,0.0,0.0,0.0,hold,hold: weight change +0.000 below threshold 0.05 | flat: 72h return -2.70% not above entry band +1.0% and price below 24h EMA,2.87
1790738707,champion,AVAX,11.266,0.25,0.25,0.2547,hold,hold: weight change -0.005 below threshold 0.05 | stay long: 72h return +5.58% vs exit band -1.0% and price above 24h EMA; realised vol 103% -> weight 0.25,0.888
1790738707,champion,LINK,14.36239,0.0,0.0,0.0,hold,hold: weight change +0.000 below threshold 0.05 | flat: price below 24h EMA,2.144
1790738707,champion,XRP,1.492135,0.0,0.0,0.0,hold,hold: weight change +0.000 below threshold 0.05 | flat: 72h return -1.31% not above entry band +1.0% and price below 24h EMA,0.369
1790738707,champion,DOGE,0.0933,0.0,0.0,0.0,hold,hold: weight change +0.000 below threshold 0.05 | flat: 72h return -2.52% not above entry band +1.0% and price below 24h EMA,0.45
1790738707,champion,DOT,1.2053,0.0,0.0,0.0,hold,hold: weight change +0.000 below threshold 0.05 | flat: 72h return -1.74% not above entry band +1.0%,1.659
1790738707,champion,LTC,66.985,0.0,0.0,0.0,hold,hold: weight change +0.000 below threshold 0.05 | flat: 72h return -6.55% not above entry band +1.0% and price below 24h EMA,0.746
1790742323,champion,BTC,83333.75,0.0,0.0,0.0,hold,hold: weight change +0.000 below threshold 0.05 | flat: 72h return -1.32% not above entry band +1.0% and price below 24h EMA,0.006
1790742323,champion,ETH,2672.885,0.0,0.0,0.0,hold,hold: weight change +0.000 below threshold 0.05 | flat: 72h return -0.93% not above entry band +1.0% and price below 24h EMA,0.019
1790742323,champion,SOL,119.38,0.0,0.0,0.0,hold,hold: weight change +0.000 below threshold 0.05 | flat: 72h return -1.25% not above entry band +1.0% and price below 24h EMA,0.838
1790742323,champion,ADA,0.245566,0.0,0.0,0.0,hold,hold: weight change +0.000 below threshold 0.05 | flat: 72h return -3.27% not above entry band +1.0% and price below 24h EMA,2.749
1790742323,champion,AVAX,11.3475,0.25,0.25,0.2561,hold,hold: weight change -0.006 below threshold 0.05 | stay long: 72h return +5.07% vs exit band -1.0% and price above 24h EMA; realised vol 103% -> weight 0.25,1.322
1790742323,champion,LINK,14.427285,0.0,0.0,0.0,hold,hold: weight change +0.000 below threshold 0.05 | flat: price below 24h EMA,5.639
1790742323,champion,XRP,1.497135,0.0,0.0,0.0,hold,hold: weight change +0.000 below threshold 0.05 | flat: 72h return -1.49% not above entry band +1.0% and price below 24h EMA,5.043
1790742323,champion,DOGE,0.09385,0.0,0.0,0.0,hold,hold: weight change +0.000 below threshold 0.05 | flat: 72h return -2.88% not above entry band +1.0% and price below 24h EMA,0.661
1790742323,champion,DOT,1.21845,0.0,0.0,0.0,hold,hold: weight change +0.000 below threshold 0.05 | flat: 72h return -2.74% not above entry band +1.0%,0.41
1790742323,champion,LTC,67.255,0.0,0.0,0.0,hold,hold: weight change +0.000 below threshold 0.05 | flat: 72h return -6.12% not above entry band +1.0% and price below 24h EMA,2.23
1790745876,champion,BTC,83290.05,0.0,0.0,0.0,hold,hold: weight change +0.000 below threshold 0.05 | flat: 72h return -1.36% not above entry band +1.0% and price below 24h EMA,0.006
1790745876,champion,ETH,2671.265,0.0,0.0,0.0,hold,hold: weight change +0.000 below threshold 0.05 | flat: 72h return -0.85% not above entry band +1.0% and price below 24h EMA,0.019
1790745876,champion,SOL,118.99,0.0,0.0,0.0,hold,hold: weight change +0.000 below threshold 0.05 | flat: 72h return -1.20% not above entry band +1.0% and price below 24h EMA,0.84
1790745876,champion,ADA,0.244499,0.0,0.0,0.0,hold,hold: weight change +0.000 below threshold 0.05 | flat: 72h return -2.66% not above entry band +1.0% and price below 24h EMA,0.02
1790745876,champion,AVAX,11.3055,0.25,0.25,0.2554,hold,hold: weight change -0.005 below threshold 0.05 | stay long: 72h return +5.51% vs exit band -1.0% and price above 24h EMA; realised vol 103% -> weight 0.25,1.327
1790745876,champion,LINK,14.37341,0.0,0.0,0.0,hold,hold: weight change +0.000 below threshold 0.05 | flat: price below 24h EMA,1.892
1790745876,champion,XRP,1.497515,0.0,0.0,0.0,hold,hold: weight change +0.000 below threshold 0.05 | flat: 72h return -0.96% not above entry band +1.0% and price below 24h EMA,0.033
1790745876,champion,DOGE,0.093647,0.0,0.0,0.0,hold,hold: weight change +0.000 below threshold 0.05 | flat: 72h return -2.31% not above entry band +1.0% and price below 24h EMA,0.251
1790745876,champion,DOT,1.2108,0.0,0.0,0.0,hold,hold: weight change +0.000 below threshold 0.05 | flat: 72h return -1.51% not above entry band +1.0%,1.652
1790745876,champion,LTC,67.16,0.0,0.0,0.0,hold,hold: weight change +0.000 below threshold 0.05 | flat: 72h return -6.53% not above entry band +1.0% and price below 24h EMA,2.978
1790749777,champion,BTC,83109.65,0.0,0.0,0.0,hold,hold: weight change +0.000 below threshold 0.05 | flat: 72h return -1.33% not above entry band +1.0% and price below 24h EMA,0.006
1790749777,champion,ETH,2665.015,0.0,0.0,0.0,hold,hold: weight change +0.000 below threshold 0.05 | flat: 72h return -1.13% not above entry band +1.0% and price below 24h EMA,0.019
1790749777,champion,SOL,118.475,0.0,0.0,0.0,hold,hold: weight change +0.000 below threshold 0.05 | flat: 72h return -1.75% not above entry band +1.0% and price below 24h EMA,0.422
1790749777,champion,ADA,0.243314,0.0,0.0,0.0,hold,hold: weight change +0.000 below threshold 0.05 | flat: 72h return -3.03% not above entry band +1.0% and price below 24h EMA,2.487
1790749777,champion,AVAX,11.1685,0.25,0.25,0.2531,hold,hold: weight change -0.003 below threshold 0.05 | stay long: 72h return +3.73% vs exit band -1.0% and price above 24h EMA; realised vol 103% -> weight 0.25,0.448
1790749777,champion,LINK,14.341425,0.0,0.0,0.0,hold,hold: weight change +0.000 below threshold 0.05 | flat: price below 24h EMA,3.992
1790749777,champion,XRP,1.497655,0.0,0.0,0.0,hold,hold: weight change +0.000 below threshold 0.05 | flat: 72h return -1.11% not above entry band +1.0%,0.033
1790749777,champion,DOGE,0.093376,0.0,0.0,0.0,hold,hold: weight change +0.000 below threshold 0.05 | flat: 72h return -2.50% not above entry band +1.0% and price below 24h EMA,0.327
1790749777,champion,DOT,1.19705,0.0,0.0,0.0,hold,hold: weight change +0.000 below threshold 0.05 | flat: 72h return -2.32% not above entry band +1.0%,1.253
1790749777,champion,LTC,66.795,0.0,0.0,0.0,hold,hold: weight change +0.000 below threshold 0.05 | flat: 72h return -6.75% not above entry band +1.0% and price below 24h EMA,0.749
1790753221,champion,BTC,83347.35,0.0,0.0,0.0,hold,hold: weight change +0.000 below threshold 0.05 | flat: 72h return -1.79% not above entry band +1.0% and price below 24h EMA,0.426
1790753221,champion,ETH,2671.48,0.0,0.0,0.0,hold,hold: weight change +0.000 below threshold 0.05 | flat: 72h return -1.69% not above entry band +1.0% and price below 24h EMA,1.946
1790753221,champion,SOL,118.67,0.0,0.0,0.0,hold,hold: weight change +0.000 below threshold 0.05 | flat: 72h return -2.69% not above entry band +1.0% and price below 24h EMA,1.685
1790753221,champion,ADA,0.243937,0.0,0.0,0.0,hold,hold: weight change +0.000 below threshold 0.05 | flat: 72h return -4.92% not above entry band +1.0% and price below 24h EMA,4.776
1790753221,champion,AVAX,11.1215,0.25,0.25,0.2523,hold,hold: weight change -0.002 below threshold 0.05 | stay long: 72h return +1.50% vs exit band -1.0% and price within 2.0% of 24h EMA; realised vol 103% -> weight 0.25,2.248
1790753221,champion,LINK,14.300915,0.0,0.0,0.0,hold,hold: weight change +0.000 below threshold 0.05 | flat: 72h return +0.07% not above entry band +1.0% and price below 24h EMA,3.353
1790753221,champion,XRP,1.500125,0.0,0.0,0.0,hold,hold: weight change +0.000 below threshold 0.05 | flat: 72h return -1.92% not above entry band +1.0% and price below 24h EMA,0.5
1790753221,champion,DOGE,0.093814,0.0,0.0,0.0,hold,hold: weight change +0.000 below threshold 0.05 | flat: 72h return -4.09% not above entry band +1.0% and price below 24h EMA,0.602
1790753221,champion,DOT,1.2034,0.0,0.0,0.0,hold,hold: weight change +0.000 below threshold 0.05 | flat: 72h return -5.78% not above entry band +1.0% and price below 24h EMA,3.324
1790753221,champion,LTC,66.725,0.0,0.0,0.0,hold,hold: weight change +0.000 below threshold 0.05 | flat: 72h return -7.48% not above entry band +1.0% and price below 24h EMA,2.248
1790756833,champion,BTC,83110.55,0.0,0.0,0.0,hold,hold: weight change +0.000 below threshold 0.05 | flat: 72h return -1.78% not above entry band +1.0% and price below 24h EMA,0.006
1790756833,champion,ETH,2668.345,0.0,0.0,0.0,hold,hold: weight change +0.000 below threshold 0.05 | flat: 72h return -1.62% not above entry band +1.0% and price below 24h EMA,0.019
1790756833,champion,SOL,118.145,0.0,0.0,0.0,hold,hold: weight change +0.000 below threshold 0.05 | flat: 72h return -4.57% not above entry band +1.0% and price below 24h EMA,0.423
1790756833,champion,ADA,0.244534,0.0,0.0,0.0,hold,hold: weight change +0.000 below threshold 0.05 | flat: 72h return -5.20% not above entry band +1.0% and price below 24h EMA,2.311
1790756833,champion,AVAX,11.0865,0.25,0.25,0.2517,hold,hold: weight change -0.002 below threshold 0.05 | stay long: 72h return -0.46% vs exit band -1.0% and price within 2.0% of 24h EMA; realised vol 103% -> weight 0.25,0.451
1790756833,champion,LINK,14.29389,0.0,0.0,0.0,hold,hold: weight change +0.000 below threshold 0.05 | flat: 72h return -0.97% not above entry band +1.0% and price below 24h EMA,2.728
1790756833,champion,XRP,1.496115,0.0,0.0,0.0,hold,hold: weight change +0.000 below threshold 0.05 | flat: 72h return -2.51% not above entry band +1.0%,0.568
1790756833,champion,DOGE,0.093626,0.0,0.0,0.0,hold,hold: weight change +0.000 below threshold 0.05 | flat: 72h return -4.47% not above entry band +1.0% and price below 24h EMA,0.134
1790756833,champion,DOT,1.21225,0.0,0.0,0.0,hold,hold: weight change +0.000 below threshold 0.05 | flat: 72h return -5.52% not above entry band +1.0%,0.412
1790756833,champion,LTC,66.725,0.0,0.0,0.0,hold,hold: weight change +0.000 below threshold 0.05 | flat: 72h return -7.24% not above entry band +1.0% and price below 24h EMA,3.747
1790760294,champion,BTC,83341.95,0.0,0.0,0.0,hold,hold: weight change +0.000 below threshold 0.05 | flat: 72h return -2.06% not above entry band +1.0% and price below 24h EMA,0.006
1790760294,champion,ETH,2683.645,0.0,0.0,0.0,hold,hold: weight change +0.000 below threshold 0.05 | flat: 72h return -1.61% not above entry band +1.0% and price below 24h EMA,0.019
1790760294,champion,SOL,118.845,0.0,0.0,0.0,hold,hold: weight change +0.000 below threshold 0.05 | flat: 72h return -4.74% not above entry band +1.0% and price below 24h EMA,0.421
1790760294,champion,ADA,0.246642,0.0,0.0,0.0,hold,hold: weight change +0.000 below threshold 0.05 | flat: 72h return -4.20% not above entry band +1.0% and price below 24h EMA,0.02
1790760294,champion,AVAX,11.1825,0.25,0.25,0.2533,hold,hold: weight change -0.003 below threshold 0.05 | stay long: 72h return -0.13% vs exit band -1.0% and price within 2.0% of 24h EMA; realised vol 103% -> weight 0.25,0.447
1790760294,champion,LINK,14.37763,0.0,0.0,0.0,hold,hold: weight change +0.000 below threshold 0.05 | flat: 72h return -0.27% not above entry band +1.0% and price below 24h EMA,2.441
1790760294,champion,XRP,1.506395,0.0,0.0,0.0,hold,hold: weight change +0.000 below threshold 0.05 | flat: 72h return -2.47% not above entry band +1.0% and price below 24h EMA,0.033
1790760294,champion,DOGE,0.09405,0.0,0.0,0.0,hold,hold: weight change +0.000 below threshold 0.05 | flat: 72h return -4.33% not above entry band +1.0% and price below 24h EMA,0.659
1790760294,champion,DOT,1.2355,0.0,0.0,0.0,hold,hold: weight change +0.000 below threshold 0.05 | flat: 72h return -2.12% not above entry band +1.0%,4.047
1790760294,champion,LTC,67.09,0.0,0.0,0.0,hold,hold: weight change +0.000 below threshold 0.05 | flat: 72h return -7.28% not above entry band +1.0% and price below 24h EMA,1.491
1790763934,champion,BTC,83816.95,0.0,0.0,0.0,hold,hold: weight change +0.000 below threshold 0.05 | flat: 72h return -1.58% not above entry band +1.0%,0.006
1790763934,champion,ETH,2693.215,0.0,0.0,0.0,hold,hold: weight change +0.000 below threshold 0.05 | flat: 72h return -1.04% not above entry band +1.0%,0.019
1790763934,champion,SOL,119.645,0.0,0.0,0.0,hold,hold: weight change +0.000 below threshold 0.05 | flat: 72h return -4.15% not above entry band +1.0%,0.418
1790763934,champion,ADA,0.247703,0.0,0.0,0.0,hold,hold: weight change +0.000 below threshold 0.05 | flat: 72h return -3.52% not above entry band +1.0%,2.059
1790763934,champion,AVAX,11.1705,0.25,0.25,0.2531,hold,hold: weight change -0.003 below threshold 0.05 | stay long: 72h return +0.87% vs exit band -1.0% and price within 2.0% of 24h EMA; realised vol 103% -> weight 0.25,1.343
1790763934,champion,LINK,14.40516,0.0,0.0,0.0,hold,hold: weight change +0.000 below threshold 0.05 | flat: 72h return +0.19% not above entry band +1.0% and price below 24h EMA,2.228
1790763934,champion,XRP,1.510585,0.0,0.0,0.0,hold,hold: weight change +0.000 below threshold 0.05 | flat: 72h return -1.85% not above entry band +1.0%,0.033
1790763934,champion,DOGE,0.09482,0.0,0.0,0.0,hold,hold: weight change +0.000 below threshold 0.05 | flat: 72h return -3.79% not above entry band +1.0%,0.865
1790763934,champion,DOT,1.2287,0.0,0.0,0.0,hold,hold: weight change +0.000 below threshold 0.05 | flat: 72h return -0.77% not above entry band +1.0%,1.628
1790763934,champion,LTC,67.175,0.0,0.0,0.0,hold,hold: weight change +0.000 below threshold 0.05 | flat: 72h return -6.70% not above entry band +1.0% and price below 24h EMA,0.744
1790767380,champion,BTC,83751.95,0.0,0.0,0.0,hold,hold: weight change +0.000 below threshold 0.05 | flat: 72h return -1.16% not above entry band +1.0%,0.006
1790767380,champion,ETH,2688.305,0.0,0.0,0.0,hold,hold: weight change +0.000 below threshold 0.05 | flat: 72h return -0.57% not above entry band +1.0%,0.019
1790767380,champion,SOL,119.425,0.0,0.0,0.0,hold,hold: weight change +0.000 below threshold 0.05 | flat: 72h return -3.36% not above entry band +1.0%,0.419
1790767380,champion,ADA,0.247505,0.0,0.0,0.0,hold,hold: weight change +0.000 below threshold 0.05 | flat: 72h return -2.95% not above entry band +1.0%,0.02
1790767380,champion,AVAX,11.1445,0.25,0.25,0.2527,hold,hold: weight change -0.003 below threshold 0.05 | stay long: 72h return +1.46% vs exit band -1.0% and price within 2.0% of 24h EMA; realised vol 103% -> weight 0.25,1.346
1790767380,champion,LINK,14.38911,0.0,0.0,0.0,hold,hold: weight change +0.000 below threshold 0.05 | flat: 72h return +0.43% not above entry band +1.0% and price below 24h EMA,3.398
1790767380,champion,XRP,1.51051,0.0,0.0,0.0,hold,hold: weight change +0.000 below threshold 0.05 | flat: 72h return -1.71% not above entry band +1.0%,1.523
1790767380,champion,DOGE,0.095288,0.0,0.0,0.0,hold,hold: weight change +0.000 below threshold 0.05 | flat: 72h return -2.38% not above entry band +1.0%,1.233
1790767380,champion,DOT,1.2209,0.0,0.0,0.0,hold,hold: weight change +0.000 below threshold 0.05 | flat: 72h return -1.53% not above entry band +1.0%,2.457
1790767380,champion,LTC,67.565,0.0,0.0,0.0,hold,hold: weight change +0.000 below threshold 0.05 | flat: 72h return -5.74% not above entry band +1.0%,2.22
1790771594,champion,BTC,84297.45,0.0,0.0,0.0,hold,hold: weight change +0.000 below threshold 0.05 | flat: 72h return -1.17% not above entry band +1.0%,0.006
1790771594,champion,ETH,2713.005,0.0,0.0,0.0,hold,hold: weight change +0.000 below threshold 0.05 | flat: 72h return -0.48% not above entry band +1.0%,1.53
1790771594,champion,SOL,120.675,0.0,0.0,0.0,hold,hold: weight change +0.000 below threshold 0.05 | flat: 72h return -3.57% not above entry band +1.0%,1.243
1790771594,champion,ADA,0.250692,0.0,0.0,0.0,hold,hold: weight change +0.000 below threshold 0.05 | flat: 72h return -3.31% not above entry band +1.0%,5.245
1790771594,champion,AVAX,11.2805,0.25,0.25,0.255,hold,hold: weight change -0.005 below threshold 0.05 | stay long: 72h return +1.36% vs exit band -1.0% and price within 2.0% of 24h EMA; realised vol 103% -> weight 0.25,1.33
1790771594,champion,LINK,14.59393,0.0,0.0,0.0,hold,hold: weight change +0.000 below threshold 0.05 | flat: price below 24h EMA,3.296
1790771594,champion,XRP,1.525685,0.0,0.0,0.0,hold,hold: weight change +0.000 below threshold 0.05 | flat: 72h return -1.45% not above entry band +1.0%,0.033
1790771594,champion,DOGE,0.097262,0.0,0.0,0.0,hold,hold: weight change +0.000 below threshold 0.05 | flat: 72h return -2.14% not above entry band +1.0%,3.295
1790771594,champion,DOT,1.24015,0.0,0.0,0.0,hold,hold: weight change +0.000 below threshold 0.05 | flat: 72h return -1.47% not above entry band +1.0%,4.435
1790771594,champion,LTC,67.585,0.0,0.0,0.0,hold,hold: weight change +0.000 below threshold 0.05 | flat: 72h return -5.54% not above entry band +1.0%,3.699
1790774841,champion,BTC,85284.65,0.0,0.0,0.0,hold,hold: weight change +0.000 below threshold 0.05 | flat: 72h return +0.57% not above entry band +1.0%,0.006
1790774841,champion,ETH,2725.105,0.0,0.0,0.0,hold,hold: weight change +0.000 below threshold 0.05 | flat: 72h return +0.85% not above entry band +1.0%,0.018
1790774841,champion,SOL,122.395,0.0,0.0,0.0,hold,hold: weight change +0.000 below threshold 0.05 | flat: 72h return -1.19% not above entry band +1.0%,0.409
1790774841,champion,ADA,0.255058,0.0,0.0,0.0,hold,hold: weight change +0.000 below threshold 0.05 | flat: 72h return -0.97% not above entry band +1.0%,1.725
1790774841,champion,AVAX,11.2875,0.25,0.25,0.2551,hold,hold: weight change -0.005 below threshold 0.05 | stay long: 72h return +3.72% vs exit band -1.0% and price above 24h EMA; realised vol 100% -> weight 0.25,0.443
1790774841,champion,LINK,14.6813,0.25,0.25,0.0,buy,enter long: 72h return +3.73% vs entry band +1.0% and price above 24h EMA; realised vol 106% -> weight 0.25,2.227
1790774841,champion,XRP,1.53775,0.0,0.0,0.0,hold,hold: weight change +0.000 below threshold 0.05 | flat: 72h return -0.04% not above entry band +1.0%,1.236
1790774841,champion,DOGE,0.09757,0.0,0.0,0.0,hold,hold: weight change +0.000 below threshold 0.05 | flat: 72h return -0.94% not above entry band +1.0%,0.005
1790774841,champion,DOT,1.2564,0.0,0.0,0.0,hold,hold: weight change +0.000 below threshold 0.05 | flat: 72h return +0.72% not above entry band +1.0%,1.592
1790774841,champion,LTC,67.99,0.0,0.0,0.0,hold,hold: weight change +0.000 below threshold 0.05 | flat: 72h return -4.56% not above entry band +1.0%,1.471
1790778481,champion,BTC,83719.05,0.0,0.0,0.0,hold,hold: weight change +0.000 below threshold 0.05 | flat: 72h return -0.48% not above entry band +1.0%,0.006
1790778481,champion,ETH,2679.315,0.0,0.0,0.0,hold,hold: weight change +0.000 below threshold 0.05 | flat: 72h return -0.02% not above entry band +1.0%,0.355
1790778481,champion,SOL,118.8,0.0,0.0,0.0,hold,hold: weight change +0.000 below threshold 0.05 | flat: 72h return -1.79% not above entry band +1.0%,0.842
1790778481,champion,ADA,0.245412,0.0,0.0,0.0,hold,hold: weight change +0.000 below threshold 0.05 | flat: 72h return -1.93% not above entry band +1.0%,4.38
1790778481,champion,AVAX,10.8985,0.25,0.25,0.2506,hold,hold: weight change -0.001 below threshold 0.05 | stay long: 72h return +0.83% vs exit band -1.0% and price within 2.0% of 24h EMA; realised vol 101% -> weight 0.25,0.459
1790778481,champion,LINK,14.21754,0.25,0.25,0.2462,hold,hold: weight change +0.004 below threshold 0.05 | stay long: 72h return +2.57% vs exit band -1.0% and price within 2.0% of 24h EMA; realised vol 107% -> weight 0.25,2.659
1790778481,champion,XRP,1.49632,0.0,0.0,0.0,hold,hold: weight change +0.000 below threshold 0.05 | flat: 72h return -0.88% not above entry band +1.0%,2.072
1790778481,champion,DOGE,0.094715,0.0,0.0,0.0,hold,hold: weight change +0.000 below threshold 0.05 | flat: 72h return -1.76% not above entry band +1.0%,2.835
1790778481,champion,DOT,1.21855,0.0,0.0,0.0,hold,hold: weight change +0.000 below threshold 0.05 | flat: 72h return +0.14% not above entry band +1.0%,2.872
1790778481,champion,LTC,66.66,0.0,0.0,0.0,hold,hold: weight change +0.000 below threshold 0.05 | flat: 72h return -5.42% not above entry band +1.0% and price below 24h EMA,3.0
1790782116,champion,BTC,83738.95,0.0,0.0,0.0,hold,hold: weight change +0.000 below threshold 0.05 | flat: 72h return -0.89% not above entry band +1.0%,0.006
1790782116,champion,ETH,2673.025,0.0,0.0,0.0,hold,hold: weight change +0.000 below threshold 0.05 | flat: 72h return -0.41% not above entry band +1.0% and price below 24h EMA,0.131
1790782116,champion,SOL,118.345,0.0,0.0,0.0,hold,hold: weight change +0.000 below threshold 0.05 | flat: 72h return -2.38% not above entry band +1.0% and price below 24h EMA,0.422
1790782116,champion,ADA,0.243501,0.0,0.0,0.0,hold,hold: weight change +0.000 below threshold 0.05 | flat: 72h return -3.35% not above entry band +1.0% and price below 24h EMA,2.957
1790782116,champion,AVAX,10.8275,0.0,0.0,0.2497,sell,exit: price more than 2.0% below 24h EMA,0.462
1790782116,champion,LINK,14.134805,0.0,0.0,0.2455,sell,exit: price more than 2.0% below 24h EMA,3.541
1790782116,champion,XRP,1.493085,0.0,0.0,0.0,hold,hold: weight change +0.000 below threshold 0.05 | flat: 72h return -1.29% not above entry band +1.0% and price below 24h EMA,0.368
1790782116,champion,DOGE,0.094378,0.0,0.0,0.0,hold,hold: weight change +0.000 below threshold 0.05 | flat: 72h return -2.00% not above entry band +1.0%,0.005
1790782116,champion,DOT,1.21375,0.0,0.0,0.0,hold,hold: weight change +0.000 below threshold 0.05 | flat: 72h return -0.60% not above entry band +1.0%,2.06
1790782116,champion,LTC,66.645,0.0,0.0,0.0,hold,hold: weight change +0.000 below threshold 0.05 | flat: 72h return -5.65% not above entry band +1.0% and price below 24h EMA,0.75
1790785677,champion,BTC,84322.35,0.0,0.0,0.0,hold,hold: weight change +0.000 below threshold 0.05 | flat: 72h return -0.43% not above entry band +1.0%,0.006
1790785677,champion,ETH,2687.585,0.0,0.0,0.0,hold,hold: weight change +0.000 below threshold 0.05 | flat: 72h return -0.28% not above entry band +1.0% and price below 24h EMA,0.019
1790785677,champion,SOL,119.685,0.0,0.0,0.0,hold,hold: weight change +0.000 below threshold 0.05 | flat: 72h return -2.05% not above entry band +1.0% and price below 24h EMA,0.418
1790785677,champion,ADA,0.248176,0.0,0.0,0.0,hold,hold: weight change +0.000 below threshold 0.05 | flat: 72h return -2.89% not above entry band +1.0%,2.7
1790785677,champion,AVAX,11.0165,0.0,0.0,0.0,hold,hold: weight change +0.000 below threshold 0.05 | flat: 72h return -0.59% not above entry band +1.0% and price below 24h EMA,0.454
1790785677,champion,LINK,14.37573,0.0,0.0,0.0,hold,hold: weight change +0.000 below threshold 0.05 | flat: 72h return +0.91% not above entry band +1.0% and price below 24h EMA,3.638
1790785677,champion,XRP,1.511245,0.0,0.0,0.0,hold,hold: weight change +0.000 below threshold 0.05 | flat: 72h return -0.74% not above entry band +1.0% and price below 24h EMA,1.092
1790785677,champion,DOGE,0.095205,0.0,0.0,0.0,hold,hold: weight change +0.000 below threshold 0.05 | flat: 72h return -1.56% not above entry band +1.0%,0.095
1790785677,champion,DOT,1.24595,0.0,0.0,0.0,hold,hold: weight change +0.000 below threshold 0.05 | flat: 72h return +0.17% not above entry band +1.0%,1.204
1790785677,champion,LTC,67.25,0.0,0.0,0.0,hold,hold: weight change +0.000 below threshold 0.05 | flat: 72h return -5.72% not above entry band +1.0% and price below 24h EMA,2.974
1790789099,champion,BTC,84046.35,0.0,0.0,0.0,hold,hold: weight change +0.000 below threshold 0.05 | flat: 72h return -0.13% not above entry band +1.0%,0.006
1790789099,champion,ETH,2683.335,0.0,0.0,0.0,hold,hold: weight change +0.000 below threshold 0.05 | flat: 72h return +0.29% not above entry band +1.0%,0.019
1790789099,champion,SOL,119.615,0.0,0.0,0.0,hold,hold: weight change +0.000 below threshold 0.05 | flat: 72h return -1.26% not above entry band +1.0%,0.418
1790789099,champion,ADA,0.247694,0.0,0.0,0.0,hold,hold: weight change +0.000 below threshold 0.05 | flat: 72h return -1.63% not above entry band +1.0%,0.02
1790789099,champion,AVAX,10.9835,0.0,0.0,0.0,hold,hold: weight change +0.000 below threshold 0.05 | flat: 72h return +0.94% not above entry band +1.0% and price below 24h EMA,1.366
1790789099,champion,LINK,14.37493,0.0,0.0,0.0,hold,hold: weight change +0.000 below threshold 0.05 | flat: price below 24h EMA,3.096
1790789099,champion,XRP,1.50424,0.0,0.0,0.0,hold,hold: weight change +0.000 below threshold 0.05 | flat: 72h return -0.51% not above entry band +1.0%,0.399
1790789099,champion,DOGE,0.094669,0.0,0.0,0.0,hold,hold: weight change +0.000 below threshold 0.05 | flat: 72h return -1.48% not above entry band +1.0%,0.254
1790789099,champion,DOT,1.24605,0.0,0.0,0.0,hold,hold: weight change +0.000 below threshold 0.05 | flat: 72h return +0.53% not above entry band +1.0%,1.204
1790789099,champion,LTC,66.935,0.0,0.0,0.0,hold,hold: weight change +0.000 below threshold 0.05 | flat: 72h return -5.44% not above entry band +1.0% and price below 24h EMA,0.747
1790792805,champion,BTC,83871.95,0.0,0.0,0.0,hold,hold: weight change +0.000 below threshold 0.05 | flat: 72h return -0.66% not above entry band +1.0%,0.006
1790792805,champion,ETH,2677.945,0.0,0.0,0.0,hold,hold: weight change +0.000 below threshold 0.05 | flat: 72h return -0.35% not above entry band +1.0% and price below 24h EMA,0.019
1790792805,champion,SOL,118.64,0.0,0.0,0.0,hold,hold: weight change +0.000 below threshold 0.05 | flat: 72h return -2.35% not above entry band +1.0% and price below 24h EMA,0.843
1790792805,champion,ADA,0.244661,0.0,0.0,0.0,hold,hold: weight change +0.000 below threshold 0.05 | flat: 72h return -3.28% not above entry band +1.0% and price below 24h EMA,2.187
1790792805,champion,AVAX,10.9485,0.0,0.0,0.0,hold,hold: weight change +0.000 below threshold 0.05 | flat: 72h return -0.02% not above entry band +1.0% and price below 24h EMA,0.457
1790792805,champion,LINK,14.32136,0.0,0.0,0.0,hold,hold: weight change +0.000 below threshold 0.05 | flat: price below 24h EMA,0.999
1790792805,champion,XRP,1.49625,0.0,0.0,0.0,hold,hold: weight change +0.000 below threshold 0.05 | flat: 72h return -1.63% not above entry band +1.0% and price below 24h EMA,0.401
1790792805,champion,DOGE,0.094035,0.0,0.0,0.0,hold,hold: weight change +0.000 below threshold 0.05 | flat: 72h return -2.65% not above entry band +1.0% and price below 24h EMA,0.005
1790792805,champion,DOT,1.23315,0.0,0.0,0.0,hold,hold: weight change +0.000 below threshold 0.05 | flat: 72h return -0.60% not above entry band +1.0%,2.838
1790792805,champion,LTC,66.425,0.0,0.0,0.0,hold,hold: weight change +0.000 below threshold 0.05 | flat: 72h return -6.37% not above entry band +1.0% and price below 24h EMA,2.258
1790796301,champion,BTC,83662.25,0.0,0.0,0.0,hold,hold: weight change +0.000 below threshold 0.05 | flat: 72h return -1.03% not above entry band +1.0%,0.006
1790796301,champion,ETH,2670.665,0.0,0.0,0.0,hold,hold: weight change +0.000 below threshold 0.05 | flat: 72h return -0.72% not above entry band +1.0% and price below 24h EMA,0.019
1790796301,champion,SOL,117.505,0.0,0.0,0.0,hold,hold: weight change +0.000 below threshold 0.05 | flat: 72h return -3.72% not above entry band +1.0% and price below 24h EMA,0.426
1790796301,champion,ADA,0.241914,0.0,0.0,0.0,hold,hold: weight change +0.000 below threshold 0.05 | flat: 72h return -5.16% not above entry band +1.0% and price below 24h EMA,2.026
1790796301,champion,AVAX,10.9055,0.0,0.0,0.0,hold,hold: weight change +0.000 below threshold 0.05 | flat: 72h return -0.78% not above entry band +1.0% and price below 24h EMA,0.458
1790796301,champion,LINK,14.249465,0.0,0.0,0.0,hold,hold: weight change +0.000 below threshold 0.05 | flat: price below 24h EMA,1.674
1790796301,champion,XRP,1.489195,0.0,0.0,0.0,hold,hold: weight change +0.000 below threshold 0.05 | flat: 72h return -2.84% not above entry band +1.0% and price below 24h EMA,1.175
1790796301,champion,DOGE,0.093758,0.0,0.0,0.0,hold,hold: weight change +0.000 below threshold 0.05 | flat: 72h return -3.66% not above entry band +1.0% and price below 24h EMA,0.005
1790796301,champion,DOT,1.22315,0.0,0.0,0.0,hold,hold: weight change +0.000 below threshold 0.05 | flat: 72h return -2.52% not above entry band +1.0%,0.409
1790796301,champion,LTC,65.98,0.0,0.0,0.0,hold,hold: weight change +0.000 below threshold 0.05 | flat: 72h return -7.24% not above entry band +1.0% and price below 24h EMA,1.516
1790799874,champion,BTC,83688.15,0.0,0.0,0.0,hold,hold: weight change +0.000 below threshold 0.05 | flat: 72h return -1.38% not above entry band +1.0% and price below 24h EMA,0.006
1790799874,champion,ETH,2678.345,0.0,0.0,0.0,hold,hold: weight change +0.000 below threshold 0.05 | flat: 72h return -0.81% not above entry band +1.0% and price below 24h EMA,0.019
1790799874,champion,SOL,117.985,0.0,0.0,0.0,hold,hold: weight change +0.000 below threshold 0.05 | flat: 72h return -4.75% not above entry band +1.0% and price below 24h EMA,0.424
1790799874,champion,ADA,0.244926,0.0,0.0,0.0,hold,hold: weight change +0.000 below threshold 0.05 | flat: 72h return -4.99% not above entry band +1.0% and price below 24h EMA,2.429
1790799874,champion,AVAX,10.9685,0.0,0.0,0.0,hold,hold: weight change +0.000 below threshold 0.05 | flat: 72h return -0.98% not above entry band +1.0% and price below 24h EMA,0.456
1790799874,champion,LINK,14.32896,0.0,0.0,0.0,hold,hold: weight change +0.000 below threshold 0.05 | flat: price below 24h EMA,1.884
1790799874,champion,XRP,1.49433,0.0,0.0,0.0,hold,hold: weight change +0.000 below threshold 0.05 | flat: 72h return -2.81% not above entry band +1.0% and price below 24h EMA,0.335
1790799874,champion,DOGE,0.094648,0.0,0.0,0.0,hold,hold: weight change +0.000 below threshold 0.05 | flat: 72h return -3.22% not above entry band +1.0% and price below 24h EMA,0.18
1790799874,champion,DOT,1.23685,0.0,0.0,0.0,hold,hold: weight change +0.000 below threshold 0.05 | flat: 72h return -3.52% not above entry band +1.0%,1.213
1790799874,champion,LTC,66.615,0.0,0.0,0.0,hold,hold: weight change +0.000 below threshold 0.05 | flat: 72h return -6.83% not above entry band +1.0% and price below 24h EMA,0.751
1790803485,champion,BTC,83677.25,0.0,0.0,0.0,hold,hold: weight change +0.000 below threshold 0.05 | flat: 72h return -1.07% not above entry band +1.0% and price below 24h EMA,0.006
1790803485,champion,ETH,2682.005,0.0,0.0,0.0,hold,hold: weight change +0.000 below threshold 0.05 | flat: 72h return -0.17% not above entry band +1.0% and price below 24h EMA,0.019
1790803485,champion,SOL,117.865,0.0,0.0,0.0,hold,hold: weight change +0.000 below threshold 0.05 | flat: 72h return -3.83% not above entry band +1.0% and price below 24h EMA,0.424
1790803485,champion,ADA,0.244409,0.0,0.0,0.0,hold,hold: weight change +0.000 below threshold 0.05 | flat: 72h return -4.08% not above entry band +1.0% and price below 24h EMA,3.048
1790803485,champion,AVAX,10.91,0.0,0.0,0.0,hold,hold: weight change +0.000 below threshold 0.05 | flat: 72h return -0.52% not above entry band +1.0% and price below 24h EMA,0.917
1790803485,champion,LINK,14.3037,0.0,0.0,0.0,hold,hold: weight change +0.000 below threshold 0.05 | flat: price below 24h EMA,2.216
1790803485,champion,XRP,1.489525,0.0,0.0,0.0,hold,hold: weight change +0.000 below threshold 0.05 | flat: 72h return -2.11% not above entry band +1.0% and price below 24h EMA,0.302
1790803485,champion,DOGE,0.094251,0.0,0.0,0.0,hold,hold: weight change +0.000 below threshold 0.05 | flat: 72h return -2.67% not above entry band +1.0% and price below 24h EMA,0.005
1790803485,champion,DOT,1.2217,0.0,0.0,0.0,hold,hold: weight change +0.000 below threshold 0.05 | flat: 72h return -2.75% not above entry band +1.0%,3.274
1790803485,champion,LTC,66.525,0.0,0.0,0.0,hold,hold: weight change +0.000 below threshold 0.05 | flat: 72h return -6.57% not above entry band +1.0% and price below 24h EMA,0.752
1790807056,champion,BTC,83718.55,0.0,0.0,0.0,hold,hold: weight change +0.000 below threshold 0.05 | flat: 72h return -1.12% not above entry band +1.0% and price below 24h EMA,0.006
1790807056,champion,ETH,2684.985,0.0,0.0,0.0,hold,hold: weight change +0.000 below threshold 0.05 | flat: 72h return -0.02% not above entry band +1.0% and price below 24h EMA,0.019
1790807056,champion,SOL,118.085,0.0,0.0,0.0,hold,hold: weight change +0.000 below threshold 0.05 | flat: 72h return -3.93% not above entry band +1.0% and price below 24h EMA,0.423
1790807056,champion,ADA,0.245434,0.0,0.0,0.0,hold,hold: weight change +0.000 below threshold 0.05 | flat: 72h return -4.55% not above entry band +1.0% and price below 24h EMA,2.017
1790807056,champion,AVAX,10.9095,0.0,0.0,0.0,hold,hold: weight change +0.000 below threshold 0.05 | flat: 72h return -0.54% not above entry band +1.0% and price below 24h EMA,0.458
1790807056,champion,LINK,14.339435,0.0,0.0,0.0,hold,hold: weight change +0.000 below threshold 0.05 | flat: price below 24h EMA,0.38
1790807056,champion,XRP,1.490365,0.0,0.0,0.0,hold,hold: weight change +0.000 below threshold 0.05 | flat: 72h return -2.21% not above entry band +1.0% and price below 24h EMA,0.235
1790807056,champion,DOGE,0.094312,0.0,0.0,0.0,hold,hold: weight change +0.000 below threshold 0.05 | flat: 72h return -3.15% not above entry band +1.0% and price below 24h EMA,0.307
1790807056,champion,DOT,1.22485,0.0,0.0,0.0,hold,hold: weight change +0.000 below threshold 0.05 | flat: 72h return -2.84% not above entry band +1.0%,2.857
1790807056,champion,LTC,67.1,0.0,0.0,0.0,hold,hold: weight change +0.000 below threshold 0.05 | flat: 72h return -6.06% not above entry band +1.0% and price below 24h EMA,1.49
1790810520,champion,BTC,83696.25,0.0,0.0,0.0,hold,hold: weight change +0.000 below threshold 0.05 | flat: 72h return -0.64% not above entry band +1.0% and price below 24h EMA,0.006
1790810520,champion,ETH,2688.925,0.0,0.0,0.0,hold,hold: weight change +0.000 below threshold 0.05 | flat: 72h return +0.40% not above entry band +1.0%,0.019
1790810520,champion,SOL,118.215,0.0,0.0,0.0,hold,hold: weight change +0.000 below threshold 0.05 | flat: 72h return -2.73% not above entry band +1.0% and price below 24h EMA,0.423
1790810520,champion,ADA,0.247871,0.0,0.0,0.0,hold,hold: weight change +0.000 below threshold 0.05 | flat: 72h return -1.92% not above entry band +1.0%,1.634
1790810520,champion,AVAX,10.9835,0.0,0.0,0.0,hold,hold: weight change +0.000 below threshold 0.05 | flat: price below 24h EMA,0.455
1790810520,champion,LINK,14.39391,0.0,0.0,0.0,hold,hold: weight change +0.000 below threshold 0.05 | flat: price below 24h EMA,0.667
1790810520,champion,XRP,1.48823,0.0,0.0,0.0,hold,hold: weight change +0.000 below threshold 0.05 | flat: 72h return -1.27% not above entry band +1.0% and price below 24h EMA,0.134
1790810520,champion,DOGE,0.0946,0.0,0.0,0.0,hold,hold: weight change +0.000 below threshold 0.05 | flat: 72h return -1.41% not above entry band +1.0% and price below 24h EMA,0.613
1790810520,champion,DOT,1.22435,0.0,0.0,0.0,hold,hold: weight change +0.000 below threshold 0.05 | flat: 72h return -1.86% not above entry band +1.0%,4.492
1790810520,champion,LTC,67.005,0.0,0.0,0.0,hold,hold: weight change +0.000 below threshold 0.05 | flat: 72h return -5.19% not above entry band +1.0%,0.746
1790814801,champion,BTC,83410.05,0.0,0.0,0.0,hold,hold: weight change +0.000 below threshold 0.05 | flat: 72h return -1.04% not above entry band +1.0% and price below 24h EMA,0.006
1790814801,champion,ETH,2680.135,0.0,0.0,0.0,hold,hold: weight change +0.000 below threshold 0.05 | flat: 72h return -0.15% not above entry band +1.0% and price below 24h EMA,0.019
1790814801,champion,SOL,117.915,0.0,0.0,0.0,hold,hold: weight change +0.000 below threshold 0.05 | flat: 72h return -3.21% not above entry band +1.0% and price below 24h EMA,0.424
1790814801,champion,ADA,0.245557,0.0,0.0,0.0,hold,hold: weight change +0.000 below threshold 0.05 | flat: 72h return -3.32% not above entry band +1.0%,1.486
1790814801,champion,AVAX,10.8535,0.0,0.0,0.0,hold,hold: weight change +0.000 below threshold 0.05 | flat: 72h return +0.25% not above entry band +1.0% and price below 24h EMA,1.382
1790814801,champion,LINK,14.357465,0.0,0.0,0.0,hold,hold: weight change +0.000 below threshold 0.05 | flat: price below 24h EMA,1.578
1790814801,champion,XRP,1.485715,0.0,0.0,0.0,hold,hold: weight change +0.000 below threshold 0.05 | flat: 72h return -1.81% not above entry band +1.0% and price below 24h EMA,0.034
1790814801,champion,DOGE,0.094232,0.0,0.0,0.0,hold,hold: weight change +0.000 below threshold 0.05 | flat: 72h return -2.42% not above entry band +1.0% and price below 24h EMA,0.218
1790814801,champion,DOT,1.22055,0.0,0.0,0.0,hold,hold: weight change +0.000 below threshold 0.05 | flat: 72h return -3.61% not above entry band +1.0%,2.048
1790814801,champion,LTC,67.195,0.0,0.0,0.0,hold,hold: weight change +0.000 below threshold 0.05 | flat: 72h return -5.70% not above entry band +1.0%,0.744
1790817911,champion,BTC,83606.75,0.0,0.0,0.0,hold,hold: weight change +0.000 below threshold 0.05 | flat: 72h return -0.80% not above entry band +1.0% and price below 24h EMA,0.006
1790817911,champion,ETH,2690.625,0.0,0.0,0.0,hold,hold: weight change +0.000 below threshold 0.05 | flat: 72h return +0.37% not above entry band +1.0% and price below 24h EMA,0.019
1790817911,champion,SOL,118.265,0.0,0.0,0.0,hold,hold: weight change +0.000 below threshold 0.05 | flat: 72h return -3.09% not above entry band +1.0% and price below 24h EMA,0.423
1790817911,champion,ADA,0.249136,0.0,0.0,0.0,hold,hold: weight change +0.000 below threshold 0.05 | flat: 72h return -3.40% not above entry band +1.0%,1.806
1790817911,champion,AVAX,10.9035,0.0,0.0,0.0,hold,hold: weight change +0.000 below threshold 0.05 | flat: 72h return -0.06% not above entry band +1.0% and price below 24h EMA,1.376
1790817911,champion,LINK,14.44199,0.0,0.0,0.0,hold,hold: weight change +0.000 below threshold 0.05 | flat: price below 24h EMA,0.644
1790817911,champion,XRP,1.49436,0.0,0.0,0.0,hold,hold: weight change +0.000 below threshold 0.05 | flat: 72h return -1.66% not above entry band +1.0% and price below 24h EMA,0.335
1790817911,champion,DOGE,0.095255,0.0,0.0,0.0,hold,hold: weight change +0.000 below threshold 0.05 | flat: 72h return -2.20% not above entry band +1.0% and price below 24h EMA,0.005
1790817911,champion,DOT,1.2418,0.0,0.0,0.0,hold,hold: weight change +0.000 below threshold 0.05 | flat: 72h return -2.60% not above entry band +1.0%,1.611
1790817911,champion,LTC,67.475,0.0,0.0,0.0,hold,hold: weight change +0.000 below threshold 0.05 | flat: 72h return -4.09% not above entry band +1.0%,0.741
1790821430,champion,BTC,83470.45,0.0,0.0,0.0,hold,hold: weight change +0.000 below threshold 0.05 | flat: 72h return -0.27% not above entry band +1.0% and price below 24h EMA,0.006
1790821430,champion,ETH,2686.225,0.25,0.25,0.0,buy,enter long: 72h return +1.16% vs entry band +1.0% and price above 24h EMA; realised vol 37% -> weight 0.25,0.019
1790821430,champion,SOL,118.035,0.0,0.0,0.0,hold,hold: weight change +0.000 below threshold 0.05 | flat: 72h return -2.21% not above entry band +1.0% and price below 24h EMA,0.424
1790821430,champion,ADA,0.246901,0.0,0.0,0.0,hold,hold: weight change +0.000 below threshold 0.05 | flat: 72h return -2.73% not above entry band +1.0%,1.073
1790821430,champion,AVAX,10.8955,0.0,0.0,0.0,hold,hold: weight change +0.000 below threshold 0.05 | flat: 72h return +0.51% not above entry band +1.0% and price below 24h EMA,1.377
1790821430,champion,LINK,14.28445,0.0,0.0,0.0,hold,hold: weight change +0.000 below threshold 0.05 | flat: price below 24h EMA,0.756
1790821430,champion,XRP,1.487685,0.0,0.0,0.0,hold,hold: weight change +0.000 below threshold 0.05 | flat: 72h return -1.05% not above entry band +1.0% and price below 24h EMA,0.034
1790821430,champion,DOGE,0.094687,0.0,0.0,0.0,hold,hold: weight change +0.000 below threshold 0.05 | flat: 72h return -0.88% not above entry band +1.0%,1.489
1790821430,champion,DOT,1.22105,0.0,0.0,0.0,hold,hold: weight change +0.000 below threshold 0.05 | flat: 72h return -1.97% not above entry band +1.0%,4.504
1790821430,champion,LTC,66.895,0.0,0.0,0.0,hold,hold: weight change +0.000 below threshold 0.05 | flat: 72h return -4.54% not above entry band +1.0% and price below 24h EMA,0.747
1790825120,champion,BTC,83384.35,0.0,0.0,0.0,hold,hold: weight change +0.000 below threshold 0.05 | flat: 72h return +0.05% not above entry band +1.0% and price below 24h EMA,0.006
1790825120,champion,ETH,2683.745,0.25,0.25,0.2498,hold,hold: weight change +0.000 below threshold 0.05 | stay long: 72h return +1.23% vs exit band -1.0% and price above 24h EMA; realised vol 37% -> weight 0.25,0.019
1790825120,champion,SOL,117.895,0.0,0.0,0.0,hold,hold: weight change +0.000 below threshold 0.05 | flat: 72h return -1.57% not above entry band +1.0% and price below 24h EMA,0.424
1790825120,champion,ADA,0.248484,0.0,0.0,0.0,hold,hold: weight change +0.000 below threshold 0.05 | flat: 72h return -1.14% not above entry band +1.0%,0.845
1790825120,champion,AVAX,11.048,0.25,0.25,0.0,buy,enter long: 72h return +2.62% vs entry band +1.0% and price above 24h EMA; realised vol 99% -> weight 0.25,1.81
1790825120,champion,LINK,14.40296,0.25,0.25,0.0,buy,enter long: 72h return +2.21% vs entry band +1.0% and price above 24h EMA; realised vol 106% -> weight 0.25,1.777
1790825120,champion,XRP,1.489735,0.0,0.0,0.0,hold,hold: weight change +0.000 below threshold 0.05 | flat: 72h return -0.22% not above entry band +1.0% and price below 24h EMA,0.168
1790825120,champion,DOGE,0.094905,0.0,0.0,0.0,hold,hold: weight change +0.000 below threshold 0.05 | flat: 72h return +0.52% not above entry band +1.0%,0.005
1790825120,champion,DOT,1.24025,0.0,0.0,0.0,hold,hold: weight change +0.000 below threshold 0.05 | flat: 72h return -0.87% not above entry band +1.0%,3.628
1790825120,champion,LTC,67.165,0.0,0.0,0.0,hold,hold: weight change +0.000 below threshold 0.05 | flat: 72h return -4.60% not above entry band +1.0%,0.744
1790828746,champion,BTC,83726.75,0.0,0.0,0.0,hold,hold: weight change +0.000 below threshold 0.05 | flat: 72h return +0.45% not above entry band +1.0%,0.006
1790828746,champion,ETH,2695.185,0.25,0.2,0.2502,sell,stay long: 72h return +1.59% vs exit band -1.0% and price above 24h EMA; realised vol 37% -> weight 0.25,0.019
1790828746,champion,SOL,118.415,0.0,0.0,0.0,hold,hold: weight change +0.000 below threshold 0.05 | flat: 72h return -0.99% not above entry band +1.0% and price below 24h EMA,0.422
1790828746,champion,ADA,0.251318,0.0,0.0,0.0,hold,hold: weight change +0.000 below threshold 0.05 | flat: 72h return +0.40% not above entry band +1.0%,1.99
1790828746,champion,AVAX,11.0915,0.25,0.2,0.2502,sell,stay long: 72h return +3.72% vs exit band -1.0% and price above 24h EMA; realised vol 99% -> weight 0.25,1.352
1790828746,champion,LINK,14.487015,0.25,0.2,0.2506,sell,stay long: 72h return +4.31% vs exit band -1.0% and price above 24h EMA; realised vol 105% -> weight 0.25,0.003
1790828746,champion,XRP,1.498345,0.0,0.0,0.0,hold,hold: weight change +0.000 below threshold 0.05 | flat: 72h return +0.55% not above entry band +1.0%,0.033
1790828746,champion,DOGE,0.095572,0.25,0.2,0.0,buy,enter long: 72h return +1.80% vs entry band +1.0% and price above 24h EMA; realised vol 65% -> weight 0.25,0.073
1790828746,champion,DOT,1.24655,0.25,0.2,0.0,buy,enter long: 72h return +1.82% vs entry band +1.0% and price above 24h EMA; realised vol 99% -> weight 0.25,2.808
1790828746,champion,LTC,67.375,0.0,0.0,0.0,hold,hold: weight change +0.000 below threshold 0.05 | flat: 72h return -4.58% not above entry band +1.0%,0.742
1790832265,champion,BTC,84232.25,0.0,0.0,0.0,hold,hold: weight change +0.000 below threshold 0.05 | flat: 72h return +0.68% not above entry band +1.0%,0.006
1790832265,champion,ETH,2712.605,0.25,0.1667,0.2014,hold,hold: weight change -0.035 below threshold 0.05 | stay long: 72h return +1.76% vs exit band -1.0% and price above 24h EMA; realised vol 37% -> weight 0.25,0.018
1790832265,champion,SOL,119.135,0.0,0.0,0.0,hold,hold: weight change +0.000 below threshold 0.05 | flat: 72h return -0.79% not above entry band +1.0%,0.42
1790832265,champion,ADA,0.252217,0.25,0.1667,0.0,none,"waits for cash: the book is fully invested and no position is far enough above its target to trim, so this buy fills when an exit or a bigger drift frees cash | enter long: 72h return +1.19% vs entry band +1.0% and price above 24h EMA; realised vol 88% -> weight 0.25",1.408
1790832265,champion,AVAX,11.0925,0.25,0.1667,0.2001,hold,hold: weight change -0.033 below threshold 0.05 | stay long: 72h return +4.01% vs exit band -1.0% and price above 24h EMA; realised vol 99% -> weight 0.25,1.352
1790832265,champion,LINK,14.46977,0.25,0.1667,0.1998,hold,hold: weight change -0.033 below threshold 0.05 | stay long: 72h return +3.71% vs exit band -1.0% and price above 24h EMA; realised vol 105% -> weight 0.25,1.762
1790832265,champion,XRP,1.504625,0.0,0.0,0.0,hold,hold: weight change +0.000 below threshold 0.05 | flat: 72h return +0.49% not above entry band +1.0%,0.033
1790832265,champion,DOGE,0.095748,0.25,0.1667,0.2004,hold,hold: weight change -0.034 below threshold 0.05 | stay long: 72h return +1.36% vs exit band -1.0% and price above 24h EMA; realised vol 65% -> weight 0.25,0.021
1790832265,champion,DOT,1.23945,0.25,0.1667,0.1983,hold,hold: weight change -0.032 below threshold 0.05 | stay long: 72h return -0.42% vs exit band -1.0% and price above 24h EMA; realised vol 98% -> weight 0.25,1.21
1790832265,champion,LTC,67.435,0.0,0.0,0.0,hold,hold: weight change +0.000 below threshold 0.05 | flat: 72h return -4.85% not above entry band +1.0%,0.741
1790836387,champion,BTC,84143.05,0.25,0.125,0.0,buy,enter long: 72h return +1.30% vs entry band +1.0% and price above 24h EMA; realised vol 32% -> weight 0.25,0.006
1790836387,champion,ETH,2713.075,0.25,0.125,0.2015,sell,stay long: 72h return +2.47% vs exit band -1.0% and price above 24h EMA; realised vol 37% -> weight 0.25,0.018
1790836387,champion,SOL,119.195,0.0,0.0,0.0,hold,hold: weight change +0.000 below threshold 0.05 | flat: 72h return +0.21% not above entry band +1.0%,0.419
1790836387,champion,ADA,0.252696,0.25,0.125,0.0,buy,enter long: 72h return +2.58% vs entry band +1.0% and price above 24h EMA; realised vol 88% -> weight 0.25,1.543
1790836387,champion,AVAX,11.0865,0.25,0.125,0.2001,sell,stay long: 72h return +4.76% vs exit band -1.0% and price above 24h EMA; realised vol 99% -> weight 0.25,0.451
1790836387,champion,LINK,14.45035,0.25,0.125,0.1997,sell,stay long: 72h return +4.43% vs exit band -1.0% and price above 24h EMA; realised vol 105% -> weight 0.25,0.81
1790836387,champion,XRP,1.50327,0.25,0.125,0.0,buy,enter long: 72h return +1.64% vs entry band +1.0% and price above 24h EMA; realised vol 67% -> weight 0.25,0.333
1790836387,champion,DOGE,0.095617,0.25,0.125,0.2002,sell,stay long: 72h return +2.63% vs exit band -1.0% and price above 24h EMA; realised vol 65% -> weight 0.25,0.23
1790836387,champion,DOT,1.24035,0.25,0.125,0.1986,sell,stay long: 72h return +0.13% vs exit band -1.0% and price above 24h EMA; realised vol 98% -> weight 0.25,2.822
1790836387,champion,LTC,67.165,0.0,0.0,0.0,hold,hold: weight change +0.000 below threshold 0.05 | flat: 72h return -5.45% not above entry band +1.0%,0.744
1790839636,champion,BTC,83309.25,0.25,0.125,0.1254,hold,hold: weight change -0.000 below threshold 0.05 | stay long: 72h return +1.13% vs exit band -1.0% and price above 24h EMA; realised vol 32% -> weight 0.25,0.006
1790839636,champion,ETH,2681.575,0.25,0.125,0.1253,hold,hold: weight change -0.000 below threshold 0.05 | stay long: 72h return +2.44% vs exit band -1.0% and price above 24h EMA; realised vol 37% -> weight 0.25,0.019
1790839636,champion,SOL,117.395,0.0,0.0,0.0,hold,hold: weight change +0.000 below threshold 0.05 | flat: 72h return +0.40% not above entry band +1.0%,0.426
1790839636,champion,ADA,0.247791,0.25,0.125,0.1242,hold,hold: weight change +0.001 below threshold 0.05 | stay long: 72h return +3.43% vs exit band -1.0% and price above 24h EMA; realised vol 88% -> weight 0.25,2.563
1790839636,champion,AVAX,10.9615,0.25,0.125,0.1253,hold,hold: weight change -0.000 below threshold 0.05 | stay long: 72h return +5.66% vs exit band -1.0% and price above 24h EMA; realised vol 99% -> weight 0.25,3.193
1790839636,champion,LINK,14.226045,0.25,0.125,0.1248,hold,hold: weight change +0.000 below threshold 0.05 | stay long: 72h return +4.92% vs exit band -1.0% and price above 24h EMA; realised vol 105% -> weight 0.25,3.427
1790839636,champion,XRP,1.482495,0.25,0.125,0.1242,hold,hold: weight change +0.001 below threshold 0.05 | stay long: 72h return +1.74% vs exit band -1.0% and price above 24h EMA; realised vol 67% -> weight 0.25,0.034
1790839636,champion,DOGE,0.094198,0.25,0.125,0.1248,hold,hold: weight change +0.000 below threshold 0.05 | stay long: 72h return +3.14% vs exit band -1.0% and price above 24h EMA; realised vol 64% -> weight 0.25,2.357
1790839636,champion,DOT,1.23295,0.25,0.125,0.126,hold,hold: weight change -0.001 below threshold 0.05 | stay long: 72h return +1.93% vs exit band -1.0% and price above 24h EMA; realised vol 98% -> weight 0.25,2.839
1790839636,champion,LTC,66.725,0.0,0.0,0.0,hold,hold: weight change +0.000 below threshold 0.05 | flat: 72h return -5.03% not above entry band +1.0%,0.749
1790843381,champion,BTC,83386.05,0.25,0.125,0.1256,hold,hold: weight change -0.001 below threshold 0.05 | stay long: 72h return +0.54% vs exit band -1.0% and price within 2.0% of 24h EMA; realised vol 32% -> weight 0.25,0.006
1790843381,champion,ETH,2680.045,0.25,0.125,0.1252,hold,hold: weight change -0.000 below threshold 0.05 | stay long: 72h return +1.24% vs exit band -1.0% and price within 2.0% of 24h EMA; realised vol 39% -> weight 0.25,0.019
1790843381,champion,SOL,117.635,0.0,0.0,0.0,hold,hold: weight change +0.000 below threshold 0.05 | flat: 72h return -0.50% not above entry band +1.0% and price below 24h EMA,0.425
1790843381,champion,ADA,0.246982,0.25,0.125,0.1239,hold,hold: weight change +0.001 below threshold 0.05 | stay long: 72h return +2.47% vs exit band -1.0% and price above 24h EMA; realised vol 89% -> weight 0.25,0.02
1790843381,champion,AVAX,11.04,0.25,0.125,0.1262,hold,hold: weight change -0.001 below threshold 0.05 | stay long: 72h return +5.89% vs exit band -1.0% and price within 2.0% of 24h EMA; realised vol 99% -> weight 0.25,0.906
1790843381,champion,LINK,14.21118,0.25,0.125,0.1247,hold,hold: weight change +0.000 below threshold 0.05 | stay long: 72h return +4.00% vs exit band -1.0% and price within 2.0% of 24h EMA; realised vol 106% -> weight 0.25,1.675
1790843381,champion,XRP,1.485645,0.25,0.125,0.1245,hold,hold: weight change +0.000 below threshold 0.05 | stay long: 72h return +1.05% vs exit band -1.0% and price within 2.0% of 24h EMA; realised vol 67% -> weight 0.25,0.034
1790843381,champion,DOGE,0.094225,0.25,0.125,0.1249,hold,hold: weight change +0.000 below threshold 0.05 | stay long: 72h return +1.91% vs exit band -1.0% and price within 2.0% of 24h EMA; realised vol 66% -> weight 0.25,0.982
1790843381,champion,DOT,1.222,0.25,0.125,0.1249,hold,hold: weight change +0.000 below threshold 0.05 | stay long: 72h return +2.54% vs exit band -1.0% and price within 2.0% of 24h EMA; realised vol 99% -> weight 0.25,4.092
1790843381,champion,LTC,67.055,0.0,0.0,0.0,hold,hold: weight change +0.000 below threshold 0.05 | flat: 72h return -4.68% not above entry band +1.0% and price below 24h EMA,0.746
1790846787,champion,BTC,83694.55,0.25,0.125,0.1256,hold,hold: weight change -0.001 below threshold 0.05 | stay long: 72h return +0.72% vs exit band -1.0% and price within 2.0% of 24h EMA; realised vol 31% -> weight 0.25,0.006
1790846787,champion,ETH,2690.605,0.25,0.125,0.1253,hold,hold: weight change -0.000 below threshold 0.05 | stay long: 72h return +1.36% vs exit band -1.0% and price within 2.0% of 24h EMA; realised vol 38% -> weight 0.25,0.019
1790846787,champion,SOL,117.885,0.0,0.0,0.0,hold,hold: weight change +0.000 below threshold 0.05 | flat: 72h return -0.37% not above entry band +1.0% and price below 24h EMA,0.424
1790846787,champion,ADA,0.247011,0.25,0.125,0.1235,hold,hold: weight change +0.002 below threshold 0.05 | stay long: 72h return +0.65% vs exit band -1.0% and price within 2.0% of 24h EMA; realised vol 88% -> weight 0.25,0.972
1790846787,champion,AVAX,11.1085,0.25,0.125,0.1266,hold,hold: weight change -0.002 below threshold 0.05 | stay long: 72h return +6.31% vs exit band -1.0% and price above 24h EMA; realised vol 99% -> weight 0.25,0.45
1790846787,champion,LINK,14.326865,0.25,0.125,0.1252,hold,hold: weight change -0.000 below threshold 0.05 | stay long: 72h return +4.09% vs exit band -1.0% and price within 2.0% of 24h EMA; realised vol 105% -> weight 0.25,1.225
1790846787,champion,XRP,1.49101,0.25,0.125,0.1245,hold,hold: weight change +0.000 below threshold 0.05 | stay long: 72h return +0.42% vs exit band -1.0% and price within 2.0% of 24h EMA; realised vol 66% -> weight 0.25,0.201
1790846787,champion,DOGE,0.094515,0.25,0.125,0.1249,hold,hold: weight change +0.000 below threshold 0.05 | stay long: 72h return +1.52% vs exit band -1.0% and price within 2.0% of 24h EMA; realised vol 65% -> weight 0.25,0.169
1790846787,champion,DOT,1.2216,0.25,0.125,0.1244,hold,hold: weight change +0.001 below threshold 0.05 | stay long: 72h return +1.94% vs exit band -1.0% and price within 2.0% of 24h EMA; realised vol 97% -> weight 0.25,0.819
1790846787,champion,LTC,67.255,0.0,0.0,0.0,hold,hold: weight change +0.000 below threshold 0.05 | flat: 72h return -4.63% not above entry band +1.0% and price below 24h EMA,0.743
1790850376,champion,BTC,83636.65,0.25,0.125,0.1264,hold,hold: weight change -0.001 below threshold 0.05 | stay long: 72h return +1.34% vs exit band -1.0% and price above 24h EMA; realised vol 31% -> weight 0.25,0.006
1790850376,champion,ETH,2686.49,0.25,0.125,0.1259,hold,hold: weight change -0.001 below threshold 0.05 | stay long: 72h return +1.89% vs exit band -1.0% and price above 24h EMA; realised vol 37% -> weight 0.25,0.186
1790850376,champion,SOL,117.295,0.0,0.0,0.0,hold,hold: weight change +0.000 below threshold 0.05 | flat: 72h return -0.07% not above entry band +1.0% and price below 24h EMA,0.426
1790850376,champion,ADA,0.245415,0.25,0.125,0.1235,hold,hold: weight change +0.002 below threshold 0.05 | stay long: 72h return +1.51% vs exit band -1.0% and price within 2.0% of 24h EMA; realised vol 87% -> weight 0.25,0.489
1790850376,champion,AVAX,10.9595,0.25,0.125,0.1257,hold,hold: weight change -0.001 below threshold 0.05 | stay long: 72h return +6.60% vs exit band -1.0% and price within 2.0% of 24h EMA; realised vol 99% -> weight 0.25,1.369
1790850376,champion,LINK,14.2524,0.25,0.125,0.1254,hold,hold: weight change -0.000 below threshold 0.05 | stay long: 72h return +5.17% vs exit band -1.0% and price within 2.0% of 24h EMA; realised vol 105% -> weight 0.25,0.912
1790850376,champion,XRP,1.482385,0.25,0.125,0.1246,hold,hold: weight change +0.000 below threshold 0.05 | stay long: 72h return +0.73% vs exit band -1.0% and price within 2.0% of 24h EMA; realised vol 65% -> weight 0.25,0.438
1790850376,champion,DOGE,0.094039,0.25,0.125,0.125,hold,hold: weight change -0.000 below threshold 0.05 | stay long: 72h return +2.19% vs exit band -1.0% and price within 2.0% of 24h EMA; realised vol 64% -> weight 0.25,0.165
1790850376,champion,DOT,1.20545,0.25,0.125,0.1236,hold,hold: weight change +0.001 below threshold 0.05 | stay long: 72h return +2.33% vs exit band -1.0% and price within 2.0% of 24h EMA; realised vol 98% -> weight 0.25,2.074
1790850376,champion,LTC,67.0,0.0,0.0,0.0,hold,hold: weight change +0.000 below threshold 0.05 | flat: 72h return -4.28% not above entry band +1.0% and price below 24h EMA,1.493
1790853874,champion,BTC,83774.65,0.25,0.125,0.1261,hold,hold: weight change -0.001 below threshold 0.05 | stay long: 72h return +1.23% vs exit band -1.0% and price above 24h EMA; realised vol 31% -> weight 0.25,0.006
1790853874,champion,ETH,2695.375,0.25,0.125,0.1259,hold,hold: weight change -0.001 below threshold 0.05 | stay long: 72h return +1.71% vs exit band -1.0% and price above 24h EMA; realised vol 37% -> weight 0.25,0.019
1790853874,champion,SOL,117.645,0.0,0.0,0.0,hold,hold: weight change +0.000 below threshold 0.05 | flat: 72h return -0.37% not above entry band +1.0% and price below 24h EMA,0.425
1790853874,champion,ADA,0.247187,0.25,0.125,0.1239,hold,hold: weight change +0.001 below threshold 0.05 | stay long: 72h return +1.03% vs exit band -1.0% and price within 2.0% of 24h EMA; realised vol 87% -> weight 0.25,1.962
1790853874,champion,AVAX,11.0075,0.25,0.125,0.1258,hold,hold: weight change -0.001 below threshold 0.05 | stay long: 72h return +4.82% vs exit band -1.0% and price within 2.0% of 24h EMA; realised vol 99% -> weight 0.25,0.454
1790853874,champion,LINK,14.30754,0.25,0.125,0.1255,hold,hold: weight change -0.000 below threshold 0.05 | stay long: 72h return +2.98% vs exit band -1.0% and price within 2.0% of 24h EMA; realised vol 105% -> weight 0.25,1.321
1790853874,champion,XRP,1.488055,0.25,0.125,0.1247,hold,hold: weight change +0.000 below threshold 0.05 | stay long: 72h return +0.26% vs exit band -1.0% and price within 2.0% of 24h EMA; realised vol 65% -> weight 0.25,0.168
1790853874,champion,DOGE,0.094468,0.25,0.125,0.1252,hold,hold: weight change -0.000 below threshold 0.05 | stay long: 72h return +1.94% vs exit band -1.0% and price within 2.0% of 24h EMA; realised vol 64% -> weight 0.25,1.852
1790853874,champion,DOT,1.20275,0.25,0.125,0.1229,hold,hold: weight change +0.002 below threshold 0.05 | stay long: 72h return +1.09% vs exit band -1.0% and price within 2.0% of 24h EMA; realised vol 98% -> weight 0.25,0.416
1790853874,champion,LTC,67.13,0.0,0.0,0.0,hold,hold: weight change +0.000 below threshold 0.05 | flat: 72h return -5.44% not above entry band +1.0%,1.49
1790857910,champion,BTC,83886.35,0.25,0.125,0.126,hold,hold: weight change -0.001 below threshold 0.05 | stay long: 72h return +0.99% vs exit band -1.0% and price above 24h EMA; realised vol 31% -> weight 0.25,0.006
1790857910,champion,ETH,2705.205,0.25,0.125,0.1261,hold,hold: weight change -0.001 below threshold 0.05 | stay long: 72h return +1.41% vs exit band -1.0% and price above 24h EMA; realised vol 37% -> weight 0.25,0.018
1790857910,champion,SOL,117.725,0.0,0.0,0.0,hold,hold: weight change +0.000 below threshold 0.05 | flat: 72h return -0.62% not above entry band +1.0% and price below 24h EMA,0.425
1790857910,champion,ADA,0.248689,0.25,0.125,0.1244,hold,hold: weight change +0.001 below threshold 0.05 | stay long: 72h return +1.33% vs exit band -1.0% and price above 24h EMA; realised vol 87% -> weight 0.25,1.427
1790857910,champion,AVAX,10.9905,0.25,0.125,0.1253,hold,hold: weight change -0.000 below threshold 0.05 | stay long: 72h return +5.19% vs exit band -1.0% and price within 2.0% of 24h EMA; realised vol 99% -> weight 0.25,0.455
1790857910,champion,LINK,14.391265,0.25,0.125,0.1259,hold,hold: weight change -0.001 below threshold 0.05 | stay long: 72h return +2.26% vs exit band -1.0% and price within 2.0% of 24h EMA; realised vol 105% -> weight 0.25,0.844
1790857910,champion,XRP,1.49097,0.25,0.125,0.1246,hold,hold: weight change +0.000 below threshold 0.05 | stay long: 72h return -0.04% vs exit band -1.0% and price within 2.0% of 24h EMA; realised vol 65% -> weight 0.25,0.201
1790857910,champion,DOGE,0.094809,0.25,0.125,0.1254,hold,hold: weight change -0.000 below threshold 0.05 | stay long: 72h return +1.85% vs exit band -1.0% and price above 24h EMA; realised vol 64% -> weight 0.25,0.311
1790857910,champion,DOT,1.1991,0.25,0.125,0.1222,hold,hold: weight change +0.003 below threshold 0.05 | stay long: 72h return +1.00% vs exit band -1.0% and price within 2.0% of 24h EMA; realised vol 98% -> weight 0.25,1.668
1790857910,champion,LTC,67.005,0.0,0.0,0.0,hold,hold: weight change +0.000 below threshold 0.05 | flat: 72h return -5.69% not above entry band +1.0%,0.746
1790861357,champion,BTC,83477.35,0.25,0.25,0.1265,buy,stay long: 72h return +0.18% vs exit band -1.0% and price within 2.0% of 24h EMA; realised vol 31% -> weight 0.25,0.006
1790861357,champion,ETH,2685.055,0.25,0.25,0.1262,buy,stay long: 72h return +0.07% vs exit band -1.0% and price above 24h EMA; realised vol 38% -> weight 0.25,0.019
1790861357,champion,SOL,117.015,0.0,0.0,0.0,hold,hold: weight change +0.000 below threshold 0.05 | flat: 72h return -2.23% not above entry band +1.0% and price below 24h EMA,0.427
1790861357,champion,ADA,0.245203,0.0,0.0,0.1237,sell,exit: 72h return -1.85% fell below exit band -1.0%,1.142
1790861357,champion,AVAX,10.928,0.25,0.25,0.1257,buy,stay long: 72h return +4.10% vs exit band -1.0% and price within 2.0% of 24h EMA; realised vol 99% -> weight 0.25,1.83
1790861357,champion,LINK,14.2697,0.0,0.0,0.1259,sell,exit: 72h return -2.98% fell below exit band -1.0%,0.512
1790861357,champion,XRP,1.478785,0.0,0.0,0.1246,sell,exit: 72h return -2.42% fell below exit band -1.0%,0.304
1790861357,champion,DOGE,0.094034,0.25,0.25,0.1254,buy,stay long: 72h return +0.04% vs exit band -1.0% and price within 2.0% of 24h EMA; realised vol 64% -> weight 0.25,0.468
1790861357,champion,DOT,1.18695,0.0,0.0,0.122,sell,exit: price more than 2.0% below 24h EMA,2.106
1790861357,champion,LTC,66.85,0.0,0.0,0.0,hold,hold: weight change +0.000 below threshold 0.05 | flat: 72h return -5.40% not above entry band +1.0% and price below 24h EMA,1.496
1790864866,champion,BTC,84136.65,0.25,0.25,0.2507,hold,hold: weight change -0.001 below threshold 0.05 | stay long: 72h return +0.35% vs exit band -1.0% and price above 24h EMA; realised vol 31% -> weight 0.25,0.422
1790864866,champion,ETH,2699.01,0.25,0.25,0.2501,hold,hold: weight change -0.000 below threshold 0.05 | stay long: 72h return +0.26% vs exit band -1.0% and price above 24h EMA; realised vol 37% -> weight 0.25,0.408
1790864866,champion,SOL,117.955,0.0,0.0,0.0,hold,hold: weight change +0.000 below threshold 0.05 | flat: 72h return -1.54% not above entry band +1.0% and price below 24h EMA,0.424
1790864866,champion,ADA,0.247017,0.0,0.0,0.0,hold,hold: weight change +0.000 below threshold 0.05 | flat: 72h return -0.77% not above entry band +1.0% and price below 24h EMA,2.429
1790864866,champion,AVAX,10.9855,0.25,0.25,0.2501,hold,hold: weight change -0.000 below threshold 0.05 | stay long: 72h return +4.67% vs exit band -1.0% and price within 2.0% of 24h EMA; realised vol 98% -> weight 0.25,1.365
1790864866,champion,LINK,14.381385,0.0,0.0,0.0,hold,hold: weight change +0.000 below threshold 0.05 | flat: 72h return -2.45% not above entry band +1.0% and price below 24h EMA,1.283
1790864866,champion,XRP,1.487375,0.0,0.0,0.0,hold,hold: weight change +0.000 below threshold 0.05 | flat: 72h return -2.03% not above entry band +1.0% and price below 24h EMA,0.706
1790864866,champion,DOGE,0.094645,0.25,0.25,0.2491,hold,hold: weight change +0.001 below threshold 0.05 | stay long: 72h return +0.79% vs exit band -1.0% and price within 2.0% of 24h EMA; realised vol 63% -> weight 0.25,1.02
1790864866,champion,DOT,1.18845,0.0,0.0,0.0,hold,hold: weight change +0.000 below threshold 0.05 | flat: 72h return +0.24% not above entry band +1.0% and price below 24h EMA,2.945
1790864866,champion,LTC,67.25,0.0,0.0,0.0,hold,hold: weight change +0.000 below threshold 0.05 | flat: 72h return -4.52% not above entry band +1.0% and price below 24h EMA,1.487
1790868383,champion,BTC,84097.95,0.25,0.25,0.2513,hold,hold: weight change -0.001 below threshold 0.05 | stay long: 72h return +1.23% vs exit band -1.0% and price above 24h EMA; realised vol 30% -> weight 0.25,0.006
1790868383,champion,ETH,2688.335,0.25,0.25,0.2498,hold,hold: weight change +0.000 below threshold 0.05 | stay long: 72h return +0.83% vs exit band -1.0% and price within 2.0% of 24h EMA; realised vol 37% -> weight 0.25,0.019
1790868383,champion,SOL,117.535,0.0,0.0,0.0,hold,hold: weight change +0.000 below threshold 0.05 | flat: 72h return -0.56% not above entry band +1.0% and price below 24h EMA,0.425
1790868383,champion,ADA,0.246171,0.0,0.0,0.0,hold,hold: weight change +0.000 below threshold 0.05 | flat: price below 24h EMA,0.995
1790868383,champion,AVAX,10.9235,0.25,0.25,0.2494,hold,hold: weight change +0.001 below threshold 0.05 | stay long: 72h return +7.09% vs exit band -1.0% and price within 2.0% of 24h EMA; realised vol 98% -> weight 0.25,1.373
1790868383,champion,LINK,14.344625,0.0,0.0,0.0,hold,hold: weight change +0.000 below threshold 0.05 | flat: 72h return +0.87% not above entry band +1.0% and price below 24h EMA,0.003
1790868383,champion,XRP,1.48852,0.0,0.0,0.0,hold,hold: weight change +0.000 below threshold 0.05 | flat: 72h return -0.20% not above entry band +1.0% and price below 24h EMA,0.47
1790868383,champion,DOGE,0.094512,0.25,0.25,0.2495,hold,hold: weight change +0.000 below threshold 0.05 | stay long: 72h return +1.94% vs exit band -1.0% and price within 2.0% of 24h EMA; realised vol 63% -> weight 0.25,1.01
1790868383,champion,DOT,1.1779,0.0,0.0,0.0,hold,hold: weight change +0.000 below threshold 0.05 | flat: 72h return +0.88% not above entry band +1.0% and price below 24h EMA,1.698
1790868383,champion,LTC,67.185,0.0,0.0,0.0,hold,hold: weight change +0.000 below threshold 0.05 | flat: 72h return -3.55% not above entry band +1.0% and price below 24h EMA,0.744
1790871889,champion,BTC,84290.35,0.25,0.25,0.2521,hold,hold: weight change -0.002 below threshold 0.05 | stay long: 72h return +0.94% vs exit band -1.0% and price above 24h EMA; realised vol 30% -> weight 0.25,0.006
1790871889,champion,ETH,2684.785,0.25,0.25,0.2496,hold,hold: weight change +0.000 below threshold 0.05 | stay long: 72h return +0.14% vs exit band -1.0% and price within 2.0% of 24h EMA; realised vol 37% -> weight 0.25,0.019
1790871889,champion,SOL,117.425,0.0,0.0,0.0,hold,hold: weight change +0.000 below threshold 0.05 | flat: 72h return -1.11% not above entry band +1.0% and price below 24h EMA,0.426
1790871889,champion,ADA,0.246554,0.0,0.0,0.0,hold,hold: weight change +0.000 below threshold 0.05 | flat: 72h return +0.68% not above entry band +1.0% and price below 24h EMA,2.515
1790871889,champion,AVAX,10.9135,0.25,0.25,0.2493,hold,hold: weight change +0.001 below threshold 0.05 | stay long: 72h return +5.39% vs exit band -1.0% and price within 2.0% of 24h EMA; realised vol 98% -> weight 0.25,0.458
1790871889,champion,LINK,14.308625,0.0,0.0,0.0,hold,hold: weight change +0.000 below threshold 0.05 | flat: 72h return -1.01% not above entry band +1.0% and price below 24h EMA,1.352
1790871889,champion,XRP,1.487675,0.0,0.0,0.0,hold,hold: weight change +0.000 below threshold 0.05 | flat: 72h return -0.55% not above entry band +1.0% and price below 24h EMA,0.034
1790871889,champion,DOGE,0.094248,0.25,0.25,0.249,hold,hold: weight change +0.001 below threshold 0.05 | stay long: 72h return +0.95% vs exit band -1.0% and price within 2.0% of 24h EMA; realised vol 62% -> weight 0.25,0.005
1790871889,champion,DOT,1.17,0.0,0.0,0.0,hold,hold: weight change +0.000 below threshold 0.05 | flat: 72h return +0.37% not above entry band +1.0% and price below 24h EMA,2.564
1790871889,champion,LTC,67.095,0.0,0.0,0.0,hold,hold: weight change +0.000 below threshold 0.05 | flat: 72h return -4.46% not above entry band +1.0% and price below 24h EMA,0.745
1790875496,champion,BTC,84729.95,0.25,0.25,0.2523,hold,hold: weight change -0.002 below threshold 0.05 | stay long: 72h return +0.56% vs exit band -1.0% and price above 24h EMA; realised vol 30% -> weight 0.25,0.006
1790875496,champion,ETH,2699.195,0.25,0.25,0.2498,hold,hold: weight change +0.000 below threshold 0.05 | stay long: 72h return -0.25% vs exit band -1.0% and price within 2.0% of 24h EMA; realised vol 37% -> weight 0.25,0.019
1790875496,champion,SOL,118.315,0.0,0.0,0.0,hold,hold: weight change +0.000 below threshold 0.05 | flat: 72h return -1.81% not above entry band +1.0% and price below 24h EMA,0.423
1790875496,champion,ADA,0.249864,0.0,0.0,0.0,hold,hold: weight change +0.000 below threshold 0.05 | flat: 72h return -0.68% not above entry band +1.0% and price below 24h EMA,1.861
1790875496,champion,AVAX,10.915,0.0,0.0,0.2482,sell,exit: price more than 2.0% below 24h EMA,1.832
1790875496,champion,LINK,14.327125,0.0,0.0,0.0,hold,hold: weight change +0.000 below threshold 0.05 | flat: 72h return -7.16% not above entry band +1.0% and price below 24h EMA,1.909
1790875496,champion,XRP,1.498645,0.0,0.0,0.0,hold,hold: weight change +0.000 below threshold 0.05 | flat: 72h return -1.24% not above entry band +1.0% and price below 24h EMA,0.033
1790875496,champion,DOGE,0.094923,0.25,0.25,0.2496,hold,hold: weight change +0.000 below threshold 0.05 | stay long: 72h return -0.62% vs exit band -1.0% and price within 2.0% of 24h EMA; realised vol 62% -> weight 0.25,0.458
1790875496,champion,DOT,1.178,0.0,0.0,0.0,hold,hold: weight change +0.000 below threshold 0.05 | flat: 72h return -1.83% not above entry band +1.0% and price below 24h EMA,1.698
1790875496,champion,LTC,67.515,0.0,0.0,0.0,hold,hold: weight change +0.000 below threshold 0.05 | flat: 72h return -3.46% not above entry band +1.0% and price below 24h EMA,0.741
1790879370,champion,BTC,84767.45,0.25,0.25,0.2524,hold,hold: weight change -0.002 below threshold 0.05 | stay long: 72h return +1.22% vs exit band -1.0% and price above 24h EMA; realised vol 30% -> weight 0.25,0.006
1790879370,champion,ETH,2699.545,0.25,0.25,0.2499,hold,hold: weight change +0.000 below threshold 0.05 | stay long: 72h return +0.20% vs exit band -1.0% and price above 24h EMA; realised vol 37% -> weight 0.25,0.019
1790879370,champion,SOL,118.325,0.0,0.0,0.0,hold,hold: weight change +0.000 below threshold 0.05 | flat: 72h return -1.14% not above entry band +1.0%,0.423
1790879370,champion,ADA,0.249028,0.0,0.0,0.0,hold,hold: weight change +0.000 below threshold 0.05 | flat: 72h return +0.58% not above entry band +1.0%,1.305
1790879370,champion,AVAX,10.9515,0.0,0.0,0.0,hold,hold: weight change +0.000 below threshold 0.05 | flat: price below 24h EMA,1.37
1790879370,champion,LINK,14.361065,0.0,0.0,0.0,hold,hold: weight change +0.000 below threshold 0.05 | flat: 72h return -5.27% not above entry band +1.0% and price below 24h EMA,0.003
1790879370,champion,XRP,1.500365,0.0,0.0,0.0,hold,hold: weight change +0.000 below threshold 0.05 | flat: 72h return -0.49% not above entry band +1.0%,0.367
1790879370,champion,DOGE,0.094924,0.25,0.25,0.2497,hold,hold: weight change +0.000 below threshold 0.05 | stay long: 72h return +0.31% vs exit band -1.0% and price above 24h EMA; realised vol 63% -> weight 0.25,0.395
1790879370,champion,DOT,1.17995,0.0,0.0,0.0,hold,hold: weight change +0.000 below threshold 0.05 | flat: 72h return -0.77% not above entry band +1.0% and price below 24h EMA,1.271
1790879370,champion,LTC,67.835,0.0,0.0,0.0,hold,hold: weight change +0.000 below threshold 0.05 | flat: 72h return -2.32% not above entry band +1.0%,2.211
1790882664,champion,BTC,84574.65,0.25,0.25,0.2523,hold,hold: weight change -0.002 below threshold 0.05 | stay long: 72h return +0.89% vs exit band -1.0% and price above 24h EMA; realised vol 30% -> weight 0.25,0.006
1790882664,champion,ETH,2696.815,0.25,0.25,0.2501,hold,hold: weight change -0.000 below threshold 0.05 | stay long: 72h return +0.02% vs exit band -1.0% and price above 24h EMA; realised vol 36% -> weight 0.25,0.019
1790882664,champion,SOL,118.105,0.0,0.0,0.0,hold,hold: weight change +0.000 below threshold 0.05 | flat: 72h return -1.33% not above entry band +1.0%,0.423
1790882664,champion,ADA,0.2474,0.0,0.0,0.0,hold,hold: weight change +0.000 below threshold 0.05 | flat: 72h return -0.39% not above entry band +1.0%,1.536
1790882664,champion,AVAX,10.9955,0.25,0.25,0.0,buy,enter long: 72h return +4.55% vs entry band +1.0% and price above 24h EMA; realised vol 98% -> weight 0.25,1.364
1790882664,champion,LINK,14.418825,0.0,0.0,0.0,hold,hold: weight change +0.000 below threshold 0.05 | flat: 72h return -5.75% not above entry band +1.0%,2.209
1790882664,champion,XRP,1.496895,0.0,0.0,0.0,hold,hold: weight change +0.000 below threshold 0.05 | flat: 72h return -0.74% not above entry band +1.0%,0.568
1790882664,champion,DOGE,0.094595,0.25,0.25,0.2493,hold,hold: weight change +0.001 below threshold 0.05 | stay long: 72h return +0.08% vs exit band -1.0% and price above 24h EMA; realised vol 62% -> weight 0.25,0.005
1790882664,champion,DOT,1.17505,0.0,0.0,0.0,hold,hold: weight change +0.000 below threshold 0.05 | flat: 72h return -0.59% not above entry band +1.0% and price below 24h EMA,2.128
1790882664,champion,LTC,67.605,0.0,0.0,0.0,hold,hold: weight change +0.000 below threshold 0.05 | flat: 72h return -2.43% not above entry band +1.0%,0.74
1790886328,champion,BTC,84801.75,0.25,0.1667,0.2526,sell,stay long: 72h return +1.54% vs exit band -1.0% and price above 24h EMA; realised vol 30% -> weight 0.25,0.006
1790886328,champion,ETH,2701.795,0.25,0.1667,0.2502,sell,stay long: 72h return +0.97% vs exit band -1.0% and price above 24h EMA; realised vol 36% -> weight 0.25,0.019
1790886328,champion,SOL,118.285,0.0,0.0,0.0,hold,hold: weight change +0.000 below threshold 0.05 | flat: 72h return -0.07% not above entry band +1.0%,0.423
1790886328,champion,ADA,0.248144,0.25,0.1667,0.0,buy,enter long: 72h return +1.98% vs entry band +1.0% and price above 24h EMA; realised vol 87% -> weight 0.25,1.088
1790886328,champion,AVAX,11.0055,0.25,0.1667,0.2478,sell,stay long: 72h return +6.49% vs exit band -1.0% and price above 24h EMA; realised vol 98% -> weight 0.25,1.363
1790886328,champion,LINK,14.41824,0.0,0.0,0.0,hold,hold: weight change +0.000 below threshold 0.05 | flat: 72h return -4.39% not above entry band +1.0%,0.943
1790886328,champion,XRP,1.503295,0.25,0.1667,0.0,buy,enter long: 72h return +1.18% vs entry band +1.0% and price above 24h EMA; realised vol 63% -> weight 0.25,0.033
1790886328,champion,DOGE,0.094786,0.25,0.1667,0.2494,sell,stay long: 72h return +1.59% vs exit band -1.0% and price above 24h EMA; realised vol 62% -> weight 0.25,0.617
1790886328,champion,DOT,1.1879,0.0,0.0,0.0,hold,hold: weight change +0.000 below threshold 0.05 | flat: price below 24h EMA,1.684
1790886328,champion,LTC,68.31,0.0,0.0,0.0,hold,hold: weight change +0.000 below threshold 0.05 | flat: 72h return -1.13% not above entry band +1.0%,1.464
1790889823,champion,BTC,84604.15,0.25,0.1667,0.1671,hold,hold: weight change -0.000 below threshold 0.05 | stay long: 72h return +1.32% vs exit band -1.0% and price above 24h EMA; realised vol 30% -> weight 0.25,0.006
1790889823,champion,ETH,2694.885,0.25,0.1667,0.167,hold,hold: weight change -0.000 below threshold 0.05 | stay long: 72h return +0.60% vs exit band -1.0% and price above 24h EMA; realised vol 36% -> weight 0.25,0.019
1790889823,champion,SOL,117.925,0.0,0.0,0.0,hold,hold: weight change +0.000 below threshold 0.05 | flat: 72h return -0.56% not above entry band +1.0% and price below 24h EMA,0.424
1790889823,champion,ADA,0.246594,0.25,0.1667,0.1664,hold,hold: weight change +0.000 below threshold 0.05 | stay long: 72h return +0.60% vs exit band -1.0% and price within 2.0% of 24h EMA; realised vol 87% -> weight 0.25,1.886
1790889823,champion,AVAX,10.985,0.25,0.1667,0.1671,hold,hold: weight change -0.000 below threshold 0.05 | stay long: 72h return +5.25% vs exit band -1.0% and price above 24h EMA; realised vol 98% -> weight 0.25,0.91
1790889823,champion,LINK,14.363315,0.0,0.0,0.0,hold,hold: weight change +0.000 below threshold 0.05 | flat: 72h return -6.20% not above entry band +1.0%,1.73
1790889823,champion,XRP,1.494625,0.25,0.1667,0.1658,hold,hold: weight change +0.001 below threshold 0.05 | stay long: 72h return +0.25% vs exit band -1.0% and price above 24h EMA; realised vol 63% -> weight 0.25,0.033
1790889823,champion,DOGE,0.09435,0.25,0.1667,0.1667,hold,hold: weight change -0.000 below threshold 0.05 | stay long: 72h return +0.64% vs exit band -1.0% and price within 2.0% of 24h EMA; realised vol 62% -> weight 0.25,0.005
1790889823,champion,DOT,1.1762,0.0,0.0,0.0,hold,hold: weight change +0.000 below threshold 0.05 | flat: 72h return +0.47% not above entry band +1.0% and price below 24h EMA,1.7
1790889823,champion,LTC,68.505,0.0,0.0,0.0,hold,hold: weight change +0.000 below threshold 0.05 | flat: 72h return -0.84% not above entry band +1.0%,2.19
1790893337,champion,BTC,84723.65,0.25,0.1667,0.1673,hold,hold: weight change -0.001 below threshold 0.05 | stay long: 72h return +1.60% vs exit band -1.0% and price above 24h EMA; realised vol 30% -> weight 0.25,0.006
1790893337,champion,ETH,2699.985,0.25,0.1667,0.1674,hold,hold: weight change -0.001 below threshold 0.05 | stay long: 72h return +0.72% vs exit band -1.0% and price within 2.0% of 24h EMA; realised vol 36% -> weight 0.25,0.019
1790893337,champion,SOL,118.025,0.0,0.0,0.0,hold,hold: weight change +0.000 below threshold 0.05 | flat: 72h return -0.04% not above entry band +1.0% and price below 24h EMA,0.424
1790893337,champion,ADA,0.246406,0.25,0.1667,0.1663,hold,hold: weight change +0.000 below threshold 0.05 | stay long: 72h return +0.68% vs exit band -1.0% and price within 2.0% of 24h EMA; realised vol 87% -> weight 0.25,2.597
1790893337,champion,AVAX,10.9705,0.25,0.1667,0.1669,hold,hold: weight change -0.000 below threshold 0.05 | stay long: 72h return +5.56% vs exit band -1.0% and price within 2.0% of 24h EMA; realised vol 98% -> weight 0.25,0.456
1790893337,champion,LINK,14.30311,0.0,0.0,0.0,hold,hold: weight change +0.000 below threshold 0.05 | flat: 72h return -5.86% not above entry band +1.0% and price below 24h EMA,2.559
1790893337,champion,XRP,1.49413,0.25,0.1667,0.1657,hold,hold: weight change +0.001 below threshold 0.05 | stay long: 72h return +0.32% vs exit band -1.0% and price within 2.0% of 24h EMA; realised vol 63% -> weight 0.25,0.402
1790893337,champion,DOGE,0.094187,0.25,0.1667,0.1664,hold,hold: weight change +0.000 below threshold 0.05 | stay long: 72h return +0.92% vs exit band -1.0% and price within 2.0% of 24h EMA; realised vol 62% -> weight 0.25,0.005
1790893337,champion,DOT,1.1736,0.0,0.0,0.0,hold,hold: weight change +0.000 below threshold 0.05 | flat: 72h return +0.56% not above entry band +1.0% and price below 24h EMA,2.556
1790893337,champion,LTC,68.155,0.0,0.0,0.0,hold,hold: weight change +0.000 below threshold 0.05 | flat: 72h return -0.58% not above entry band +1.0%,0.734
1790896869,champion,BTC,84709.55,0.25,0.1667,0.1674,hold,hold: weight change -0.001 below threshold 0.05 | stay long: 72h return +1.44% vs exit band -1.0% and price above 24h EMA; realised vol 30% -> weight 0.25,0.006
1790896869,champion,ETH,2700.645,0.25,0.1667,0.1675,hold,hold: weight change -0.001 below threshold 0.05 | stay long: 72h return +0.58% vs exit band -1.0% and price above 24h EMA; realised vol 36% -> weight 0.25,0.019
1790896869,champion,SOL,118.325,0.0,0.0,0.0,hold,hold: weight change +0.000 below threshold 0.05 | flat: 72h return -0.23% not above entry band +1.0%,0.423
1790896869,champion,ADA,0.245774,0.25,0.1667,0.1659,hold,hold: weight change +0.001 below threshold 0.05 | stay long: 72h return +0.28% vs exit band -1.0% and price within 2.0% of 24h EMA; realised vol 87% -> weight 0.25,2.604
1790896869,champion,AVAX,10.9685,0.25,0.1667,0.167,hold,hold: weight change -0.000 below threshold 0.05 | stay long: 72h return +4.84% vs exit band -1.0% and price within 2.0% of 24h EMA; realised vol 95% -> weight 0.25,0.456
1790896869,champion,LINK,14.31365,0.0,0.0,0.0,hold,hold: weight change +0.000 below threshold 0.05 | flat: 72h return -6.26% not above entry band +1.0% and price below 24h EMA,2.641
1790896869,champion,XRP,1.491975,0.25,0.1667,0.1656,hold,hold: weight change +0.001 below threshold 0.05 | stay long: 72h return +0.08% vs exit band -1.0% and price within 2.0% of 24h EMA; realised vol 63% -> weight 0.25,0.034
1790896869,champion,DOGE,0.094185,0.25,0.1667,0.1665,hold,hold: weight change +0.000 below threshold 0.05 | stay long: 72h return +0.71% vs exit band -1.0% and price within 2.0% of 24h EMA; realised vol 62% -> weight 0.25,0.52
1790896869,champion,DOT,1.175,0.0,0.0,0.0,hold,hold: weight change +0.000 below threshold 0.05 | flat: 72h return +0.13% not above entry band +1.0% and price below 24h EMA,0.851
1790896869,champion,LTC,68.135,0.0,0.0,0.0,hold,hold: weight change +0.000 below threshold 0.05 | flat: 72h return -1.35% not above entry band +1.0%,0.734
1790901105,champion,BTC,84725.45,0.25,0.1667,0.1674,hold,hold: weight change -0.001 below threshold 0.05 | stay long: 72h return +1.66% vs exit band -1.0% and price above 24h EMA; realised vol 30% -> weight 0.25,0.006
1790901105,champion,ETH,2702.375,0.25,0.1667,0.1676,hold,hold: weight change -0.001 below threshold 0.05 | stay long: 72h return +0.68% vs exit band -1.0% and price above 24h EMA; realised vol 36% -> weight 0.25,0.019
1790901105,champion,SOL,118.555,0.0,0.0,0.0,hold,hold: weight change +0.000 below threshold 0.05 | flat: 72h return -0.37% not above entry band +1.0%,0.422
1790901105,champion,ADA,0.245578,0.25,0.1667,0.1658,hold,hold: weight change +0.001 below threshold 0.05 | stay long: 72h return -0.41% vs exit band -1.0% and price within 2.0% of 24h EMA; realised vol 87% -> weight 0.25,2.341
1790901105,champion,AVAX,10.963,0.25,0.1667,0.1669,hold,hold: weight change -0.000 below threshold 0.05 | stay long: 72h return +3.54% vs exit band -1.0% and price within 2.0% of 24h EMA; realised vol 95% -> weight 0.25,0.912
1790901105,champion,LINK,14.26618,0.0,0.0,0.0,hold,hold: weight change +0.000 below threshold 0.05 | flat: 72h return -6.78% not above entry band +1.0%,1.297
1790901105,champion,XRP,1.493155,0.25,0.1667,0.1657,hold,hold: weight change +0.001 below threshold 0.05 | stay long: 72h return -0.15% vs exit band -1.0% and price within 2.0% of 24h EMA; realised vol 63% -> weight 0.25,0.033
1790901105,champion,DOGE,0.094171,0.25,0.1667,0.1665,hold,hold: weight change +0.000 below threshold 0.05 | stay long: 72h return +0.48% vs exit band -1.0% and price within 2.0% of 24h EMA; realised vol 62% -> weight 0.25,0.584
1790901105,champion,DOT,1.17985,0.0,0.0,0.0,hold,hold: weight change +0.000 below threshold 0.05 | flat: 72h return -0.41% not above entry band +1.0% and price below 24h EMA,1.271
1790901105,champion,LTC,68.745,0.0,0.0,0.0,hold,hold: weight change +0.000 below threshold 0.05 | flat: 72h return -1.62% not above entry band +1.0%,0.727
1790904266,champion,BTC,84589.85,0.25,0.1667,0.1677,hold,hold: weight change -0.001 below threshold 0.05 | stay long: 72h return +1.94% vs exit band -1.0% and price above 24h EMA; realised vol 30% -> weight 0.25,0.006
1790904266,champion,ETH,2699.145,0.25,0.1667,0.168,hold,hold: weight change -0.001 below threshold 0.05 | stay long: 72h return +1.18% vs exit band -1.0% and price above 24h EMA; realised vol 36% -> weight 0.25,0.019
1790904266,champion,SOL,118.645,0.0,0.0,0.0,hold,hold: weight change +0.000 below threshold 0.05 | flat: 72h return +0.66% not above entry band +1.0%,0.421
1790904266,champion,ADA,0.245148,0.25,0.1667,0.1661,hold,hold: weight change +0.001 below threshold 0.05 | stay long: 72h return +0.18% vs exit band -1.0% and price within 2.0% of 24h EMA; realised vol 86% -> weight 0.25,2.264
1790904266,champion,AVAX,10.8995,0.25,0.1667,0.1665,hold,hold: weight change +0.000 below threshold 0.05 | stay long: 72h return +2.51% vs exit band -1.0% and price within 2.0% of 24h EMA; realised vol 95% -> weight 0.25,1.376
1790904266,champion,LINK,14.20063,0.0,0.0,0.0,hold,hold: weight change +0.000 below threshold 0.05 | flat: 72h return -7.39% not above entry band +1.0% and price below 24h EMA,2.091
1790904266,champion,XRP,1.490695,0.25,0.1667,0.166,hold,hold: weight change +0.001 below threshold 0.05 | stay long: 72h return +0.46% vs exit band -1.0% and price above 24h EMA; realised vol 63% -> weight 0.25,0.57
1790904266,champion,DOGE,0.093424,0.25,0.1667,0.1657,hold,hold: weight change +0.001 below threshold 0.05 | stay long: 72h return +0.41% vs exit band -1.0% and price within 2.0% of 24h EMA; realised vol 62% -> weight 0.25,0.005
1790904266,champion,DOT,1.17615,0.0,0.0,0.0,hold,hold: weight change +0.000 below threshold 0.05 | flat: 72h return +0.86% not above entry band +1.0% and price below 24h EMA,2.126
1790904266,champion,LTC,68.825,0.0,0.0,0.0,hold,hold: weight change +0.000 below threshold 0.05 | flat: 72h return +0.57% not above entry band +1.0%,0.726
1790907764,champion,BTC,84850.25,0.25,0.125,0.1675,hold,hold: weight change -0.042 below threshold 0.05 | stay long: 72h return +2.23% vs exit band -1.0% and price above 24h EMA; realised vol 30% -> weight 0.25,0.006
1790907764,champion,ETH,2710.345,0.25,0.125,0.1679,hold,hold: weight change -0.043 below threshold 0.05 | stay long: 72h return +1.90% vs exit band -1.0% and price above 24h EMA; realised vol 36% -> weight 0.25,0.018
1790907764,champion,SOL,119.555,0.25,0.125,0.0,none,"waits for cash: the book is fully invested and no position is far enough above its target to trim, so this buy fills when an exit or a bigger drift frees cash | enter long: 72h return +1.99% vs entry band +1.0% and price above 24h EMA; realised vol 58% -> weight 0.25",0.418
1790907764,champion,ADA,0.246878,0.25,0.125,0.1665,hold,hold: weight change -0.041 below threshold 0.05 | stay long: 72h return +1.67% vs exit band -1.0% and price within 2.0% of 24h EMA; realised vol 86% -> weight 0.25,3.159
1790907764,champion,AVAX,10.964,0.25,0.125,0.1668,hold,hold: weight change -0.042 below threshold 0.05 | stay long: 72h return +3.61% vs exit band -1.0% and price within 2.0% of 24h EMA; realised vol 95% -> weight 0.25,0.912
1790907764,champion,LINK,14.372855,0.0,0.0,0.0,hold,hold: weight change +0.000 below threshold 0.05 | flat: 72h return -6.16% not above entry band +1.0% and price below 24h EMA,0.003
1790907764,champion,XRP,1.495205,0.25,0.125,0.1658,hold,hold: weight change -0.041 below threshold 0.05 | stay long: 72h return +1.33% vs exit band -1.0% and price above 24h EMA; realised vol 63% -> weight 0.25,0.033
1790907764,champion,DOGE,0.093764,0.25,0.125,0.1656,hold,hold: weight change -0.041 below threshold 0.05 | stay long: 72h return +1.28% vs exit band -1.0% and price within 2.0% of 24h EMA; realised vol 62% -> weight 0.25,0.512
1790907764,champion,DOT,1.18985,0.0,0.0,0.0,hold,hold: weight change +0.000 below threshold 0.05 | flat: price below 24h EMA,1.261
1790907764,champion,LTC,68.795,0.25,0.125,0.0,none,"waits for cash: the book is fully invested and no position is far enough above its target to trim, so this buy fills when an exit or a bigger drift frees cash | enter long: 72h return +1.31% vs entry band +1.0% and price above 24h EMA; realised vol 62% -> weight 0.25",2.18
1790911496,champion,BTC,85201.35,0.25,0.1111,0.1676,sell,stay long: 72h return +2.68% vs exit band -1.0% and price above 24h EMA; realised vol 30% -> weight 0.25,0.006
1790911496,champion,ETH,2714.265,0.25,0.1111,0.1676,sell,stay long: 72h return +2.39% vs exit band -1.0% and price above 24h EMA; realised vol 36% -> weight 0.25,0.018
1790911496,champion,SOL,119.995,0.25,0.1111,0.0,buy,enter long: 72h return +2.69% vs entry band +1.0% and price above 24h EMA; realised vol 58% -> weight 0.25,0.417
1790911496,champion,ADA,0.248185,0.25,0.1111,0.1668,sell,stay long: 72h return +3.55% vs exit band -1.0% and price above 24h EMA; realised vol 86% -> weight 0.25,2.659
1790911496,champion,AVAX,10.985,0.25,0.1111,0.1665,sell,stay long: 72h return +6.41% vs exit band -1.0% and price above 24h EMA; realised vol 95% -> weight 0.25,0.91
1790911496,champion,LINK,14.368095,0.0,0.0,0.0,hold,hold: weight change +0.000 below threshold 0.05 | flat: 72h return -3.72% not above entry band +1.0%,2.662
1790911496,champion,XRP,1.501085,0.25,0.1111,0.1658,sell,stay long: 72h return +1.79% vs exit band -1.0% and price above 24h EMA; realised vol 63% -> weight 0.25,0.633
1790911496,champion,DOGE,0.094231,0.25,0.1111,0.1658,sell,stay long: 72h return +2.17% vs exit band -1.0% and price within 2.0% of 24h EMA; realised vol 62% -> weight 0.25,0.005
1790911496,champion,DOT,1.19275,0.25,0.1111,0.0,buy,enter long: 72h return +4.01% vs entry band +1.0% and price above 24h EMA; realised vol 96% -> weight 0.25,1.258
1790911496,champion,LTC,68.6,0.25,0.1111,0.0,buy,enter long: 72h return +2.10% vs entry band +1.0% and price above 24h EMA; realised vol 61% -> weight 0.25,1.458
1790915090,champion,BTC,86374.95,0.25,0.1111,0.1111,hold,hold: weight change -0.000 below threshold 0.05 | stay long: 72h return +2.94% vs exit band -1.0% and price above 24h EMA; realised vol 30% -> weight 0.25,0.006
1790915090,champion,ETH,2733.595,0.25,0.1111,0.1104,hold,hold: weight change +0.001 below threshold 0.05 | stay long: 72h return +2.06% vs exit band -1.0% and price above 24h EMA; realised vol 36% -> weight 0.25,1.189
1790915090,champion,SOL,121.77,0.25,0.1111,0.1112,hold,hold: weight change -0.000 below threshold 0.05 | stay long: 72h return +2.88% vs exit band -1.0% and price above 24h EMA; realised vol 58% -> weight 0.25,0.821
1790915090,champion,ADA,0.252579,0.25,0.1111,0.1116,hold,hold: weight change -0.000 below threshold 0.05 | stay long: 72h return +3.00% vs exit band -1.0% and price above 24h EMA; realised vol 86% -> weight 0.25,3.444
1790915090,champion,AVAX,11.1205,0.25,0.1111,0.111,hold,hold: weight change +0.000 below threshold 0.05 | stay long: 72h return +5.65% vs exit band -1.0% and price above 24h EMA; realised vol 95% -> weight 0.25,1.349
1790915090,champion,LINK,14.540105,0.0,0.0,0.0,hold,hold: weight change +0.000 below threshold 0.05 | flat: 72h return -2.74% not above entry band +1.0%,4.522
1790915090,champion,XRP,1.52154,0.25,0.1111,0.1111,hold,hold: weight change +0.000 below threshold 0.05 | stay long: 72h return +1.35% vs exit band -1.0% and price above 24h EMA; realised vol 63% -> weight 0.25,2.563
1790915090,champion,DOGE,0.095862,0.25,0.1111,0.1115,hold,hold: weight change -0.000 below threshold 0.05 | stay long: 72h return +1.93% vs exit band -1.0% and price above 24h EMA; realised vol 62% -> weight 0.25,2.843
1790915090,champion,DOT,1.22095,0.25,0.1111,0.1122,hold,hold: weight change -0.001 below threshold 0.05 | stay long: 72h return +3.27% vs exit band -1.0% and price above 24h EMA; realised vol 96% -> weight 0.25,4.505
1790915090,champion,LTC,69.26,0.25,0.1111,0.11,hold,hold: weight change +0.001 below threshold 0.05 | stay long: 72h return +1.49% vs exit band -1.0% and price above 24h EMA; realised vol 61% -> weight 0.25,2.888
1790918606,champion,BTC,86447.75,0.25,0.1111,0.1109,hold,hold: weight change +0.000 below threshold 0.05 | stay long: 72h return +4.16% vs exit band -1.0% and price above 24h EMA; realised vol 32% -> weight 0.25,0.006
1790918606,champion,ETH,2730.425,0.25,0.1111,0.1099,hold,hold: weight change +0.001 below threshold 0.05 | stay long: 72h return +2.82% vs exit band -1.0% and price above 24h EMA; realised vol 37% -> weight 0.25,0.458
1790918606,champion,SOL,122.955,0.25,0.1111,0.1119,hold,hold: weight change -0.001 below threshold 0.05 | stay long: 72h return +4.93% vs exit band -1.0% and price above 24h EMA; realised vol 59% -> weight 0.25,0.407
1790918606,champion,ADA,0.254032,0.25,0.1111,0.1119,hold,hold: weight change -0.001 below threshold 0.05 | stay long: 72h return +5.49% vs exit band -1.0% and price above 24h EMA; realised vol 88% -> weight 0.25,2.362
1790918606,champion,AVAX,11.1005,0.25,0.1111,0.1104,hold,hold: weight change +0.001 below threshold 0.05 | stay long: 72h return +6.93% vs exit band -1.0% and price above 24h EMA; realised vol 95% -> weight 0.25,0.45
1790918606,champion,LINK,14.507675,0.0,0.0,0.0,hold,hold: weight change +0.000 below threshold 0.05 | flat: 72h return -0.77% not above entry band +1.0%,2.933
1790918606,champion,XRP,1.52166,0.25,0.1111,0.1108,hold,hold: weight change +0.000 below threshold 0.05 | stay long: 72h return +3.04% vs exit band -1.0% and price above 24h EMA; realised vol 64% -> weight 0.25,0.46
1790918606,champion,DOGE,0.096105,0.25,0.1111,0.1115,hold,hold: weight change -0.000 below threshold 0.05 | stay long: 72h return +3.96% vs exit band -1.0% and price above 24h EMA; realised vol 63% -> weight 0.25,0.905
1790918606,champion,DOT,1.22225,0.25,0.1111,0.112,hold,hold: weight change -0.001 below threshold 0.05 | stay long: 72h return +6.79% vs exit band -1.0% and price above 24h EMA; realised vol 99% -> weight 0.25,1.227
1790918606,champion,LTC,69.98,0.25,0.1111,0.1108,hold,hold: weight change +0.000 below threshold 0.05 | stay long: 72h return +2.79% vs exit band -1.0% and price above 24h EMA; realised vol 62% -> weight 0.25,2.858
1790922576,champion,BTC,86010.05,0.25,0.1111,0.1105,hold,hold: weight change +0.001 below threshold 0.05 | stay long: 72h return +3.08% vs exit band -1.0% and price above 24h EMA; realised vol 32% -> weight 0.25,0.006
1790922576,champion,ETH,2728.745,0.25,0.1111,0.11,hold,hold: weight change +0.001 below threshold 0.05 | stay long: 72h return +1.65% vs exit band -1.0% and price above 24h EMA; realised vol 37% -> weight 0.25,0.275
1790922576,champion,SOL,121.875,0.25,0.1111,0.1111,hold,hold: weight change -0.000 below threshold 0.05 | stay long: 72h return +3.09% vs exit band -1.0% and price above 24h EMA; realised vol 60% -> weight 0.25,0.41
1790922576,champion,ADA,0.254929,0.25,0.1111,0.1124,hold,hold: weight change -0.001 below threshold 0.05 | stay long: 72h return +3.49% vs exit band -1.0% and price above 24h EMA; realised vol 89% -> weight 0.25,2.648
1790922576,champion,AVAX,11.085,0.25,0.1111,0.1104,hold,hold: weight change +0.001 below threshold 0.05 | stay long: 72h return +4.23% vs exit band -1.0% and price above 24h EMA; realised vol 96% -> weight 0.25,0.902
1790922576,champion,LINK,14.44328,0.0,0.0,0.0,hold,hold: weight change +0.000 below threshold 0.05 | flat: 72h return -2.90% not above entry band +1.0%,1.509
1790922576,champion,XRP,1.52421,0.25,0.1111,0.1111,hold,hold: weight change -0.000 below threshold 0.05 | stay long: 72h return +1.54% vs exit band -1.0% and price above 24h EMA; realised vol 64% -> weight 0.25,0.394
1790922576,champion,DOGE,0.09607,0.25,0.1111,0.1116,hold,hold: weight change -0.000 below threshold 0.05 | stay long: 72h return +2.13% vs exit band -1.0% and price above 24h EMA; realised vol 64% -> weight 0.25,0.005
1790922576,champion,DOT,1.21875,0.25,0.1111,0.1118,hold,hold: weight change -0.001 below threshold 0.05 | stay long: 72h return +4.41% vs exit band -1.0% and price above 24h EMA; realised vol 99% -> weight 0.25,1.231
1790922576,champion,LTC,70.1,0.25,0.1111,0.1111,hold,hold: weight change -0.000 below threshold 0.05 | stay long: 72h return +2.98% vs exit band -1.0% and price above 24h EMA; realised vol 62% -> weight 0.25,2.853
1790925989,champion,BTC,85916.05,0.25,0.1111,0.1107,hold,hold: weight change +0.000 below threshold 0.05 | stay long: 72h return +2.37% vs exit band -1.0% and price above 24h EMA; realised vol 32% -> weight 0.25,0.006
1790925989,champion,ETH,2726.645,0.25,0.1111,0.1102,hold,hold: weight change +0.001 below threshold 0.05 | stay long: 72h return +0.85% vs exit band -1.0% and price above 24h EMA; realised vol 37% -> weight 0.25,0.018
1790925989,champion,SOL,121.205,0.25,0.1111,0.1108,hold,hold: weight change +0.000 below threshold 0.05 | stay long: 72h return +2.11% vs exit band -1.0% and price above 24h EMA; realised vol 60% -> weight 0.25,0.413
1790925989,champion,ADA,0.253456,0.25,0.1111,0.1121,hold,hold: weight change -0.001 below threshold 0.05 | stay long: 72h return +2.22% vs exit band -1.0% and price above 24h EMA; realised vol 89% -> weight 0.25,2.722
1790925989,champion,AVAX,11.0395,0.25,0.1111,0.1103,hold,hold: weight change +0.001 below threshold 0.05 | stay long: 72h return +0.97% vs exit band -1.0% and price above 24h EMA; realised vol 96% -> weight 0.25,0.453
1790925989,champion,LINK,14.314075,0.0,0.0,0.0,hold,hold: weight change +0.000 below threshold 0.05 | flat: 72h return -3.82% not above entry band +1.0%,0.409
1790925989,champion,XRP,1.5217,0.25,0.1111,0.1112,hold,hold: weight change -0.000 below threshold 0.05 | stay long: 72h return +1.15% vs exit band -1.0% and price above 24h EMA; realised vol 64% -> weight 0.25,0.526
1790925989,champion,DOGE,0.095634,0.25,0.1111,0.1114,hold,hold: weight change -0.000 below threshold 0.05 | stay long: 72h return +1.18% vs exit band -1.0% and price above 24h EMA; realised vol 64% -> weight 0.25,0.22
1790925989,champion,DOT,1.2209,0.25,0.1111,0.1123,hold,hold: weight change -0.001 below threshold 0.05 | stay long: 72h return +3.98% vs exit band -1.0% and price above 24h EMA; realised vol 99% -> weight 0.25,1.638
1790925989,champion,LTC,69.875,0.25,0.1111,0.1111,hold,hold: weight change +0.000 below threshold 0.05 | stay long: 72h return +2.07% vs exit band -1.0% and price above 24h EMA; realised vol 62% -> weight 0.25,2.147
1790929610,champion,BTC,86427.95,0.25,0.125,0.1102,hold,hold: weight change +0.015 below threshold 0.05 | stay long: 72h return +2.53% vs exit band -1.0% and price above 24h EMA; realised vol 32% -> weight 0.25,0.006
1790929610,champion,ETH,2761.465,0.25,0.125,0.1105,hold,hold: weight change +0.014 below threshold 0.05 | stay long: 72h return +0.95% vs exit band -1.0% and price above 24h EMA; realised vol 37% -> weight 0.25,0.018
1790929610,champion,SOL,122.485,0.25,0.125,0.1109,hold,hold: weight change +0.014 below threshold 0.05 | stay long: 72h return +1.78% vs exit band -1.0% and price above 24h EMA; realised vol 60% -> weight 0.25,0.408
1790929610,champion,ADA,0.256711,0.25,0.125,0.1124,hold,hold: weight change +0.013 below threshold 0.05 | stay long: 72h return +1.35% vs exit band -1.0% and price above 24h EMA; realised vol 89% -> weight 0.25,2.181
1790929610,champion,AVAX,11.131,0.0,0.0,0.1101,sell,exit: 72h return -3.06% fell below exit band -1.0%,0.898
1790929610,champion,LINK,14.428735,0.0,0.0,0.0,hold,hold: weight change +0.000 below threshold 0.05 | flat: 72h return -5.43% not above entry band +1.0% and price below 24h EMA,1.708
1790929610,champion,XRP,1.53614,0.25,0.125,0.1112,hold,hold: weight change +0.014 below threshold 0.05 | stay long: 72h return +1.60% vs exit band -1.0% and price above 24h EMA; realised vol 64% -> weight 0.25,0.456
1790929610,champion,DOGE,0.097395,0.25,0.125,0.1123,hold,hold: weight change +0.013 below threshold 0.05 | stay long: 72h return +1.51% vs exit band -1.0% and price above 24h EMA; realised vol 64% -> weight 0.25,1.099
1790929610,champion,DOT,1.2286,0.25,0.125,0.1119,hold,hold: weight change +0.013 below threshold 0.05 | stay long: 72h return +2.27% vs exit band -1.0% and price above 24h EMA; realised vol 99% -> weight 0.25,2.442
1790929610,champion,LTC,70.355,0.25,0.125,0.1107,hold,hold: weight change +0.014 below threshold 0.05 | stay long: 72h return +2.11% vs exit band -1.0% and price above 24h EMA; realised vol 62% -> weight 0.25,2.132
1790933169,champion,BTC,86133.45,0.25,0.125,0.1102,hold,hold: weight change +0.015 below threshold 0.05 | stay long: 72h return +2.84% vs exit band -1.0% and price above 24h EMA; realised vol 32% -> weight 0.25,0.006
1790933169,champion,ETH,2747.835,0.25,0.125,0.1103,hold,hold: weight change +0.015 below threshold 0.05 | stay long: 72h return +1.67% vs exit band -1.0% and price above 24h EMA; realised vol 37% -> weight 0.25,0.018
1790933169,champion,SOL,121.765,0.25,0.125,0.1106,hold,hold: weight change +0.014 below threshold 0.05 | stay long: 72h return +2.43% vs exit band -1.0% and price above 24h EMA; realised vol 60% -> weight 0.25,0.411
1790933169,champion,ADA,0.255719,0.25,0.125,0.1123,hold,hold: weight change +0.013 below threshold 0.05 | stay long: 72h return +0.63% vs exit band -1.0% and price above 24h EMA; realised vol 88% -> weight 0.25,2.346
1790933169,champion,AVAX,11.096,0.0,0.0,0.0,hold,hold: weight change +0.000 below threshold 0.05 | flat: 72h return -2.57% not above entry band +1.0%,0.901
1790933169,champion,LINK,14.40528,0.0,0.0,0.0,hold,hold: weight change +0.000 below threshold 0.05 | flat: 72h return -6.08% not above entry band +1.0% and price below 24h EMA,2.562
1790933169,champion,XRP,1.535295,0.25,0.125,0.1115,hold,hold: weight change +0.014 below threshold 0.05 | stay long: 72h return +2.42% vs exit band -1.0% and price above 24h EMA; realised vol 64% -> weight 0.25,0.033
1790933169,champion,DOGE,0.097191,0.25,0.125,0.1124,hold,hold: weight change +0.013 below threshold 0.05 | stay long: 72h return +2.15% vs exit band -1.0% and price above 24h EMA; realised vol 64% -> weight 0.25,0.005
1790933169,champion,DOT,1.22115,0.25,0.125,0.1116,hold,hold: weight change +0.013 below threshold 0.05 | stay long: 72h return +3.04% vs exit band -1.0% and price above 24h EMA; realised vol 99% -> weight 0.25,2.866
1790933169,champion,LTC,70.265,0.25,0.125,0.1109,hold,hold: weight change +0.014 below threshold 0.05 | stay long: 72h return +2.82% vs exit band -1.0% and price above 24h EMA; realised vol 62% -> weight 0.25,0.712
1790936655,champion,BTC,86225.85,0.25,0.125,0.1108,hold,hold: weight change +0.014 below threshold 0.05 | stay long: 72h return +2.53% vs exit band -1.0% and price above 24h EMA; realised vol 32% -> weight 0.25,0.006
1790936655,champion,ETH,2737.445,0.25,0.125,0.1104,hold,hold: weight change +0.015 below threshold 0.05 | stay long: 72h return +1.10% vs exit band -1.0% and price above 24h EMA; realised vol 37% -> weight 0.25,0.018
1790936655,champion,SOL,121.415,0.25,0.125,0.1107,hold,hold: weight change +0.014 below threshold 0.05 | stay long: 72h return +1.58% vs exit band -1.0% and price above 24h EMA; realised vol 60% -> weight 0.25,0.412
1790936655,champion,ADA,0.254939,0.25,0.125,0.1124,hold,hold: weight change +0.013 below threshold 0.05 | stay long: 72h return +1.38% vs exit band -1.0% and price above 24h EMA; realised vol 89% -> weight 0.25,1.118
1790936655,champion,AVAX,11.1395,0.0,0.0,0.0,hold,hold: weight change +0.000 below threshold 0.05 | flat: 72h return -3.41% not above entry band +1.0%,0.449
1790936655,champion,LINK,14.315005,0.0,0.0,0.0,hold,hold: weight change +0.000 below threshold 0.05 | flat: 72h return -6.95% not above entry band +1.0% and price below 24h EMA,0.003
1790936655,champion,XRP,1.53513,0.25,0.125,0.1119,hold,hold: weight change +0.013 below threshold 0.05 | stay long: 72h return +1.86% vs exit band -1.0% and price above 24h EMA; realised vol 64% -> weight 0.25,0.651
1790936655,champion,DOGE,0.096405,0.25,0.125,0.112,hold,hold: weight change +0.013 below threshold 0.05 | stay long: 72h return +1.52% vs exit band -1.0% and price above 24h EMA; realised vol 64% -> weight 0.25,0.171
1790936655,champion,DOT,1.2102,0.25,0.125,0.111,hold,hold: weight change +0.014 below threshold 0.05 | stay long: 72h return +0.35% vs exit band -1.0% and price above 24h EMA; realised vol 99% -> weight 0.25,2.479
1790936655,champion,LTC,69.475,0.25,0.125,0.1101,hold,hold: weight change +0.015 below threshold 0.05 | stay long: 72h return +1.96% vs exit band -1.0% and price above 24h EMA; realised vol 62% -> weight 0.25,0.72
1790940212,champion,BTC,86434.55,0.25,0.125,0.1106,hold,hold: weight change +0.014 below threshold 0.05 | stay long: 72h return +2.71% vs exit band -1.0% and price above 24h EMA; realised vol 32% -> weight 0.25,0.006
1790940212,champion,ETH,2747.345,0.25,0.125,0.1104,hold,hold: weight change +0.015 below threshold 0.05 | stay long: 72h return +1.07% vs exit band -1.0% and price above 24h EMA; realised vol 37% -> weight 0.25,0.018
1790940212,champion,SOL,122.11,0.25,0.125,0.1109,hold,hold: weight change +0.014 below threshold 0.05 | stay long: 72h return +2.10% vs exit band -1.0% and price above 24h EMA; realised vol 59% -> weight 0.25,0.819
1790940212,champion,ADA,0.255708,0.25,0.125,0.1123,hold,hold: weight change +0.013 below threshold 0.05 | stay long: 72h return +1.81% vs exit band -1.0% and price above 24h EMA; realised vol 89% -> weight 0.25,1.642
1790940212,champion,AVAX,11.2005,0.0,0.0,0.0,hold,hold: weight change +0.000 below threshold 0.05 | flat: 72h return -3.54% not above entry band +1.0%,1.339
1790940212,champion,LINK,14.43601,0.0,0.0,0.0,hold,hold: weight change +0.000 below threshold 0.05 | flat: 72h return -5.87% not above entry band +1.0%,2.556
1790940212,champion,XRP,1.53797,0.25,0.125,0.1117,hold,hold: weight change +0.013 below threshold 0.05 | stay long: 72h return +2.08% vs exit band -1.0% and price above 24h EMA; realised vol 64% -> weight 0.25,0.39
1790940212,champion,DOGE,0.096807,0.25,0.125,0.112,hold,hold: weight change +0.013 below threshold 0.05 | stay long: 72h return +1.67% vs exit band -1.0% and price above 24h EMA; realised vol 64% -> weight 0.25,0.331
1790940212,champion,DOT,1.22085,0.25,0.125,0.1116,hold,hold: weight change +0.013 below threshold 0.05 | stay long: 72h return +0.85% vs exit band -1.0% and price above 24h EMA; realised vol 99% -> weight 0.25,0.41
1790940212,champion,LTC,69.68,0.25,0.125,0.1101,hold,hold: weight change +0.015 below threshold 0.05 | stay long: 72h return +1.56% vs exit band -1.0% and price above 24h EMA; realised vol 62% -> weight 0.25,2.87
1790944209,champion,BTC,86778.55,0.25,0.125,0.1108,hold,hold: weight change +0.014 below threshold 0.05 | stay long: 72h return +2.47% vs exit band -1.0% and price above 24h EMA; realised vol 32% -> weight 0.25,4.293
1790944209,champion,ETH,2752.355,0.25,0.125,0.1103,hold,hold: weight change +0.015 below threshold 0.05 | stay long: 72h return +0.54% vs exit band -1.0% and price above 24h EMA; realised vol 37% -> weight 0.25,4.778
1790944209,champion,SOL,122.125,0.25,0.125,0.1107,hold,hold: weight change +0.014 below threshold 0.05 | stay long: 72h return +1.41% vs exit band -1.0% and price above 24h EMA; realised vol 59% -> weight 0.25,6.141
1790944209,champion,ADA,0.257331,0.25,0.125,0.1128,hold,hold: weight change +0.012 below threshold 0.05 | stay long: 72h return +0.67% vs exit band -1.0% and price above 24h EMA; realised vol 88% -> weight 0.25,18.478
1790944209,champion,AVAX,11.205,0.0,0.0,0.0,hold,hold: weight change +0.000 below threshold 0.05 | flat: 72h return -6.00% not above entry band +1.0%,6.247
1790944209,champion,LINK,14.424265,0.0,0.0,0.0,hold,hold: weight change +0.000 below threshold 0.05 | flat: 72h return -6.19% not above entry band +1.0%,18.452
1790944209,champion,XRP,1.541655,0.25,0.125,0.1117,hold,hold: weight change +0.013 below threshold 0.05 | stay long: 72h return +0.99% vs exit band -1.0% and price above 24h EMA; realised vol 61% -> weight 0.25,12.811
1790944209,champion,DOGE,0.096966,0.25,0.125,0.112,hold,hold: weight change +0.013 below threshold 0.05 | stay long: 72h return +0.88% vs exit band -1.0% and price above 24h EMA; realised vol 63% -> weight 0.25,14.34
1790944209,champion,DOT,1.2202,0.25,0.125,0.1113,hold,hold: weight change +0.014 below threshold 0.05 | stay long: 72h return -0.16% vs exit band -1.0% and price above 24h EMA; realised vol 98% -> weight 0.25,21.308
1790944209,champion,LTC,69.99,0.25,0.125,0.1103,hold,hold: weight change +0.015 below threshold 0.05 | stay long: 72h return +1.13% vs exit band -1.0% and price above 24h EMA; realised vol 61% -> weight 0.25,7.144
1790947599,champion,BTC,86619.35,0.25,0.125,0.1107,hold,hold: weight change +0.014 below threshold 0.05 | stay long: 72h return +2.96% vs exit band -1.0% and price above 24h EMA; realised vol 32% -> weight 0.25,0.006
1790947599,champion,ETH,2750.475,0.25,0.125,0.1103,hold,hold: weight change +0.015 below threshold 0.05 | stay long: 72h return +0.68% vs exit band -1.0% and price above 24h EMA; realised vol 37% -> weight 0.25,0.018
1790947599,champion,SOL,122.325,0.25,0.125,0.111,hold,hold: weight change +0.014 below threshold 0.05 | stay long: 72h return +1.38% vs exit band -1.0% and price above 24h EMA; realised vol 59% -> weight 0.25,0.409
1790947599,champion,ADA,0.256078,0.25,0.125,0.1123,hold,hold: weight change +0.013 below threshold 0.05 | stay long: 72h return +1.79% vs exit band -1.0% and price above 24h EMA; realised vol 88% -> weight 0.25,2.519
1790947599,champion,AVAX,11.1425,0.0,0.0,0.0,hold,hold: weight change +0.000 below threshold 0.05 | flat: 72h return -4.10% not above entry band +1.0%,0.449
1790947599,champion,LINK,14.33987,0.0,0.0,0.0,hold,hold: weight change +0.000 below threshold 0.05 | flat: 72h return -5.38% not above entry band +1.0%,0.941
1790947599,champion,XRP,1.538905,0.25,0.125,0.1116,hold,hold: weight change +0.013 below threshold 0.05 | stay long: 72h return -0.35% vs exit band -1.0% and price above 24h EMA; realised vol 62% -> weight 0.25,0.292
1790947599,champion,DOGE,0.096968,0.25,0.125,0.112,hold,hold: weight change +0.013 below threshold 0.05 | stay long: 72h return +1.34% vs exit band -1.0% and price above 24h EMA; realised vol 63% -> weight 0.25,0.015
1790947599,champion,DOT,1.22045,0.25,0.125,0.1114,hold,hold: weight change +0.014 below threshold 0.05 | stay long: 72h return +1.18% vs exit band -1.0% and price above 24h EMA; realised vol 98% -> weight 0.25,1.229
1790947599,champion,LTC,70.105,0.25,0.125,0.1106,hold,hold: weight change +0.014 below threshold 0.05 | stay long: 72h return +1.66% vs exit band -1.0% and price above 24h EMA; realised vol 61% -> weight 0.25,2.14
1790951221,champion,BTC,86309.05,0.25,0.1429,0.1106,hold,hold: weight change +0.032 below threshold 0.05 | stay long: 72h return +2.82% vs exit band -1.0% and price above 24h EMA; realised vol 32% -> weight 0.25,0.006
1790951221,champion,ETH,2734.215,0.25,0.1429,0.11,hold,hold: weight change +0.033 below threshold 0.05 | stay long: 72h return +0.64% vs exit band -1.0% and price above 24h EMA; realised vol 37% -> weight 0.25,0.64
1790951221,champion,SOL,121.98,0.25,0.1429,0.111,hold,hold: weight change +0.032 below threshold 0.05 | stay long: 72h return +0.87% vs exit band -1.0% and price above 24h EMA; realised vol 58% -> weight 0.25,0.82
1790951221,champion,ADA,0.25461,0.25,0.1429,0.112,hold,hold: weight change +0.031 below threshold 0.05 | stay long: 72h return +1.44% vs exit band -1.0% and price above 24h EMA; realised vol 88% -> weight 0.25,3.005
1790951221,champion,AVAX,11.1175,0.0,0.0,0.0,hold,hold: weight change +0.000 below threshold 0.05 | flat: 72h return -4.50% not above entry band +1.0%,1.349
1790951221,champion,LINK,14.32163,0.0,0.0,0.0,hold,hold: weight change +0.000 below threshold 0.05 | flat: 72h return -5.07% not above entry band +1.0% and price below 24h EMA,2.891
1790951221,champion,XRP,1.53029,0.0,0.0,0.1113,sell,exit: 72h return -1.04% fell below exit band -1.0%,0.457
1790951221,champion,DOGE,0.096447,0.25,0.1429,0.1118,hold,hold: weight change +0.031 below threshold 0.05 | stay long: 72h return +0.86% vs exit band -1.0% and price above 24h EMA; realised vol 63% -> weight 0.25,0.912
1790951221,champion,DOT,1.21865,0.25,0.1429,0.1116,hold,hold: weight change +0.031 below threshold 0.05 | stay long: 72h return +1.11% vs exit band -1.0% and price above 24h EMA; realised vol 97% -> weight 0.25,0.41
1790951221,champion,LTC,70.235,0.25,0.1429,0.1111,hold,hold: weight change +0.032 below threshold 0.05 | stay long: 72h return +4.05% vs exit band -1.0% and price above 24h EMA; realised vol 63% -> weight 0.25,0.712
1790954807,champion,BTC,85448.15,0.25,0.1429,0.1103,hold,hold: weight change +0.033 below threshold 0.05 | stay long: 72h return +2.33% vs exit band -1.0% and price above 24h EMA; realised vol 33% -> weight 0.25,0.006
1790954807,champion,ETH,2701.315,0.25,0.1429,0.1094,hold,hold: weight change +0.033 below threshold 0.05 | stay long: 72h return -0.05% vs exit band -1.0% and price within 2.0% of 24h EMA; realised vol 38% -> weight 0.25,0.463
1790954807,champion,SOL,120.035,0.25,0.1429,0.11,hold,hold: weight change +0.033 below threshold 0.05 | stay long: 72h return +0.34% vs exit band -1.0% and price above 24h EMA; realised vol 59% -> weight 0.25,0.417
1790954807,champion,ADA,0.251767,0.25,0.1429,0.1115,hold,hold: weight change +0.031 below threshold 0.05 | stay long: 72h return +0.16% vs exit band -1.0% and price above 24h EMA; realised vol 89% -> weight 0.25,2.84
1790954807,champion,AVAX,11.0965,0.0,0.0,0.0,hold,hold: weight change +0.000 below threshold 0.05 | flat: 72h return -3.82% not above entry band +1.0% and price below 24h EMA,0.451
1790954807,champion,LINK,14.22998,0.0,0.0,0.0,hold,hold: weight change +0.000 below threshold 0.05 | flat: 72h return -5.76% not above entry band +1.0% and price below 24h EMA,3.359
1790954807,champion,XRP,1.51084,0.0,0.0,0.0,hold,hold: weight change +0.000 below threshold 0.05 | flat: 72h return -2.09% not above entry band +1.0% and price below 24h EMA,0.53
1790954807,champion,DOGE,0.095077,0.25,0.1429,0.1109,hold,hold: weight change +0.032 below threshold 0.05 | stay long: 72h return -0.14% vs exit band -1.0% and price within 2.0% of 24h EMA; realised vol 63% -> weight 0.25,0.436
1790954807,champion,DOT,1.20955,0.25,0.1429,0.1115,hold,hold: weight change +0.031 below threshold 0.05 | stay long: 72h return -0.80% vs exit band -1.0% and price within 2.0% of 24h EMA; realised vol 98% -> weight 0.25,0.413
1790954807,champion,LTC,71.08,0.25,0.1429,0.1132,hold,hold: weight change +0.030 below threshold 0.05 | stay long: 72h return +1.86% vs exit band -1.0% and price above 24h EMA; realised vol 64% -> weight 0.25,5.627
1790958296,champion,BTC,85153.55,0.25,0.1429,0.11,hold,hold: weight change +0.033 below threshold 0.05 | stay long: 72h return +2.73% vs exit band -1.0% and price within 2.0% of 24h EMA; realised vol 33% -> weight 0.25,0.006
1790958296,champion,ETH,2691.345,0.25,0.1429,0.1091,hold,hold: weight change +0.034 below threshold 0.05 | stay long: 72h return +0.87% vs exit band -1.0% and price within 2.0% of 24h EMA; realised vol 38% -> weight 0.25,0.019
1790958296,champion,SOL,120.005,0.25,0.1429,0.1101,hold,hold: weight change +0.033 below threshold 0.05 | stay long: 72h return +1.50% vs exit band -1.0% and price within 2.0% of 24h EMA; realised vol 59% -> weight 0.25,0.417
1790958296,champion,ADA,0.252899,0.25,0.1429,0.1122,hold,hold: weight change +0.031 below threshold 0.05 | stay long: 72h return +3.22% vs exit band -1.0% and price within 2.0% of 24h EMA; realised vol 89% -> weight 0.25,2.392
1790958296,champion,AVAX,11.126,0.0,0.0,0.0,hold,hold: weight change +0.000 below threshold 0.05 | flat: 72h return -0.80% not above entry band +1.0%,0.899
1790958296,champion,LINK,14.21229,0.0,0.0,0.0,hold,hold: weight change +0.000 below threshold 0.05 | flat: 72h return -3.82% not above entry band +1.0% and price below 24h EMA,2.554
1790958296,champion,XRP,1.504505,0.0,0.0,0.0,hold,hold: weight change +0.000 below threshold 0.05 | flat: 72h return -0.76% not above entry band +1.0% and price below 24h EMA,1.429
1790958296,champion,DOGE,0.095147,0.25,0.1429,0.1111,hold,hold: weight change +0.032 below threshold 0.05 | stay long: 72h return +1.41% vs exit band -1.0% and price within 2.0% of 24h EMA; realised vol 63% -> weight 0.25,1.067
1790958296,champion,DOT,1.22125,0.25,0.1429,0.1127,hold,hold: weight change +0.030 below threshold 0.05 | stay long: 72h return +2.64% vs exit band -1.0% and price above 24h EMA; realised vol 98% -> weight 0.25,2.047
1790958296,champion,LTC,69.885,0.25,0.1429,0.1114,hold,hold: weight change +0.031 below threshold 0.05 | stay long: 72h return +5.30% vs exit band -1.0% and price above 24h EMA; realised vol 65% -> weight 0.25,0.715
1790961881,champion,BTC,84698.85,0.25,0.1429,0.1097,hold,hold: weight change +0.033 below threshold 0.05 | stay long: 72h return +2.54% vs exit band -1.0% and price within 2.0% of 24h EMA; realised vol 33% -> weight 0.25,0.006
1790961881,champion,ETH,2680.305,0.25,0.1429,0.109,hold,hold: weight change +0.034 below threshold 0.05 | stay long: 72h return +0.52% vs exit band -1.0% and price within 2.0% of 24h EMA; realised vol 38% -> weight 0.25,0.019
1790961881,champion,SOL,119.565,0.25,0.1429,0.1099,hold,hold: weight change +0.033 below threshold 0.05 | stay long: 72h return +1.60% vs exit band -1.0% and price within 2.0% of 24h EMA; realised vol 59% -> weight 0.25,0.418
1790961881,champion,ADA,0.250604,0.25,0.1429,0.1114,hold,hold: weight change +0.031 below threshold 0.05 | stay long: 72h return +4.31% vs exit band -1.0% and price above 24h EMA; realised vol 89% -> weight 0.25,2.873
1790961881,champion,AVAX,10.9915,0.0,0.0,0.0,hold,hold: weight change +0.000 below threshold 0.05 | flat: 72h return -0.49% not above entry band +1.0%,0.455
1790961881,champion,LINK,14.13561,0.0,0.0,0.0,hold,hold: weight change +0.000 below threshold 0.05 | flat: 72h return -3.66% not above entry band +1.0% and price below 24h EMA,2.448
1790961881,champion,XRP,1.49818,0.0,0.0,0.0,hold,hold: weight change +0.000 below threshold 0.05 | flat: price below 24h EMA,0.4
1790961881,champion,DOGE,0.094698,0.25,0.1429,0.1109,hold,hold: weight change +0.032 below threshold 0.05 | stay long: 72h return +1.82% vs exit band -1.0% and price within 2.0% of 24h EMA; realised vol 63% -> weight 0.25,0.766
1790961881,champion,DOT,1.21975,0.25,0.1429,0.1128,hold,hold: weight change +0.030 below threshold 0.05 | stay long: 72h return +3.67% vs exit band -1.0% and price above 24h EMA; realised vol 98% -> weight 0.25,2.869
1790961881,champion,LTC,70.215,0.25,0.1429,0.1122,hold,hold: weight change +0.031 below threshold 0.05 | stay long: 72h return +3.01% vs exit band -1.0% and price above 24h EMA; realised vol 66% -> weight 0.25,0.712
1790965714,champion,BTC,84579.85,0.25,0.1429,0.1106,hold,hold: weight change +0.032 below threshold 0.05 | stay long: 72h return +2.06% vs exit band -1.0% and price within 2.0% of 24h EMA; realised vol 33% -> weight 0.25,0.006
1790965714,champion,ETH,2677.355,0.25,0.1429,0.1099,hold,hold: weight change +0.033 below threshold 0.05 | stay long: 72h return +0.41% vs exit band -1.0% and price within 2.0% of 24h EMA; realised vol 38% -> weight 0.25,0.019
1790965714,champion,SOL,118.895,0.25,0.1429,0.1104,hold,hold: weight change +0.032 below threshold 0.05 | stay long: 72h return +1.67% vs exit band -1.0% and price within 2.0% of 24h EMA; realised vol 59% -> weight 0.25,0.421
1790965714,champion,ADA,0.246193,0.25,0.1429,0.1105,hold,hold: weight change +0.032 below threshold 0.05 | stay long: 72h return +3.64% vs exit band -1.0% and price within 2.0% of 24h EMA; realised vol 89% -> weight 0.25,2.64
1790965714,champion,AVAX,10.9035,0.0,0.0,0.0,hold,hold: weight change +0.000 below threshold 0.05 | flat: 72h return -0.39% not above entry band +1.0% and price below 24h EMA,0.459
1790965714,champion,LINK,13.981955,0.0,0.0,0.0,hold,hold: weight change +0.000 below threshold 0.05 | flat: 72h return -2.85% not above entry band +1.0% and price below 24h EMA,2.771
1790965714,champion,XRP,1.487985,0.0,0.0,0.0,hold,hold: weight change +0.000 below threshold 0.05 | flat: price below 24h EMA,0.437
1790965714,champion,DOGE,0.093401,0.25,0.1429,0.1105,hold,hold: weight change +0.032 below threshold 0.05 | stay long: 72h return +1.34% vs exit band -1.0% and price within 2.0% of 24h EMA; realised vol 64% -> weight 0.25,0.005
1790965714,champion,DOT,1.17955,0.25,0.1429,0.1102,hold,hold: weight change +0.033 below threshold 0.05 | stay long: 72h return +3.77% vs exit band -1.0% and price within 2.0% of 24h EMA; realised vol 98% -> weight 0.25,2.119
1790965714,champion,LTC,69.16,0.25,0.1429,0.1117,hold,hold: weight change +0.031 below threshold 0.05 | stay long: 72h return +3.84% vs exit band -1.0% and price above 24h EMA; realised vol 65% -> weight 0.25,1.446
1790969085,champion,BTC,84147.15,0.25,0.25,0.1114,buy,stay long: 72h return +0.75% vs exit band -1.0% and price within 2.0% of 24h EMA; realised vol 33% -> weight 0.25,0.006
1790969085,champion,ETH,2667.635,0.0,0.0,0.1108,sell,exit: 72h return -1.13% fell below exit band -1.0%,0.019
1790969085,champion,SOL,117.935,0.25,0.25,0.1108,buy,stay long: 72h return -0.83% vs exit band -1.0% and price within 2.0% of 24h EMA; realised vol 59% -> weight 0.25,0.424
1790969085,champion,ADA,0.239588,0.0,0.0,0.1089,sell,exit: 72h return -2.20% fell below exit band -1.0% and price more than 2.0% below 24h EMA,4.007
1790969085,champion,AVAX,10.6245,0.0,0.0,0.0,hold,hold: weight change +0.000 below threshold 0.05 | flat: 72h return -6.13% not above entry band +1.0% and price below 24h EMA,1.412
1790969085,champion,LINK,13.62927,0.0,0.0,0.0,hold,hold: weight change +0.000 below threshold 0.05 | flat: 72h return -6.24% not above entry band +1.0% and price below 24h EMA,4.322
1790969085,champion,XRP,1.46831,0.0,0.0,0.0,hold,hold: weight change +0.000 below threshold 0.05 | flat: 72h return -2.36% not above entry band +1.0% and price below 24h EMA,0.545
1790969085,champion,DOGE,0.091201,0.0,0.0,0.1092,sell,exit: 72h return -3.28% fell below exit band -1.0% and price more than 2.0% below 24h EMA,0.263
1790969085,champion,DOT,1.14605,0.0,0.0,0.1083,sell,exit: 72h return -3.27% fell below exit band -1.0% and price more than 2.0% below 24h EMA,1.309
1790969085,champion,LTC,68.355,0.25,0.25,0.1117,buy,stay long: 72h return +1.35% vs exit band -1.0% and price within 2.0% of 24h EMA; realised vol 65% -> weight 0.25,2.194
1790972588,champion,BTC,84372.65,0.25,0.25,0.2504,hold,hold: weight change -0.000 below threshold 0.05 | stay long: 72h return +0.88% vs exit band -1.0% and price within 2.0% of 24h EMA; realised vol 33% -> weight 0.25,0.006
1790972588,champion,ETH,2667.495,0.0,0.0,0.0,hold,hold: weight change +0.000 below threshold 0.05 | flat: 72h return -0.78% not above entry band +1.0% and price below 24h EMA,0.019
1790972588,champion,SOL,117.995,0.25,0.25,0.2499,hold,hold: weight change +0.000 below threshold 0.05 | stay long: 72h return -0.61% vs exit band -1.0% and price within 2.0% of 24h EMA; realised vol 59% -> weight 0.25,0.424
1790972588,champion,ADA,0.240279,0.0,0.0,0.0,hold,hold: weight change +0.000 below threshold 0.05 | flat: 72h return -1.44% not above entry band +1.0% and price below 24h EMA,2.56
1790972588,champion,AVAX,10.5795,0.0,0.0,0.0,hold,hold: weight change +0.000 below threshold 0.05 | flat: 72h return -6.44% not above entry band +1.0% and price below 24h EMA,0.473
1790972588,champion,LINK,13.615485,0.0,0.0,0.0,hold,hold: weight change +0.000 below threshold 0.05 | flat: 72h return -7.17% not above entry band +1.0% and price below 24h EMA,2.964
1790972588,champion,XRP,1.47403,0.0,0.0,0.0,hold,hold: weight change +0.000 below threshold 0.05 | flat: 72h return -1.61% not above entry band +1.0% and price below 24h EMA,0.407
1790972588,champion,DOGE,0.091629,0.0,0.0,0.0,hold,hold: weight change +0.000 below threshold 0.05 | flat: 72h return -2.27% not above entry band +1.0% and price below 24h EMA,0.005
1790972588,champion,DOT,1.15045,0.0,0.0,0.0,hold,hold: weight change +0.000 below threshold 0.05 | flat: 72h return -3.43% not above entry band +1.0% and price below 24h EMA,1.304
1790972588,champion,LTC,68.67,0.25,0.25,0.2509,hold,hold: weight change -0.001 below threshold 0.05 | stay long: 72h return +2.10% vs exit band -1.0% and price within 2.0% of 24h EMA; realised vol 65% -> weight 0.25,2.912
1790976218,champion,BTC,84475.15,0.25,0.25,0.25,hold,hold: weight change -0.000 below threshold 0.05 | stay long: 72h return +1.02% vs exit band -1.0% and price within 2.0% of 24h EMA; realised vol 33% -> weight 0.25,0.006
1790976218,champion,ETH,2661.775,0.0,0.0,0.0,hold,hold: weight change +0.000 below threshold 0.05 | flat: 72h return -1.02% not above entry band +1.0% and price below 24h EMA,0.019
1790976218,champion,SOL,117.985,0.0,0.0,0.2491,sell,exit: 72h return -1.07% fell below exit band -1.0%,0.424
1790976218,champion,ADA,0.240372,0.0,0.0,0.0,hold,hold: weight change +0.000 below threshold 0.05 | flat: 72h return -2.25% not above entry band +1.0% and price below 24h EMA,2.642
1790976218,champion,AVAX,10.623,0.0,0.0,0.0,hold,hold: weight change +0.000 below threshold 0.05 | flat: 72h return -8.01% not above entry band +1.0% and price below 24h EMA,0.941
1790976218,champion,LINK,13.61785,0.0,0.0,0.0,hold,hold: weight change +0.000 below threshold 0.05 | flat: 72h return -7.78% not above entry band +1.0% and price below 24h EMA,2.262
1790976218,champion,XRP,1.473325,0.0,0.0,0.0,hold,hold: weight change +0.000 below threshold 0.05 | flat: 72h return -1.62% not above entry band +1.0% and price below 24h EMA,0.034
1790976218,champion,DOGE,0.09165,0.0,0.0,0.0,hold,hold: weight change +0.000 below threshold 0.05 | flat: 72h return -2.85% not above entry band +1.0% and price below 24h EMA,0.049
1790976218,champion,DOT,1.14835,0.0,0.0,0.0,hold,hold: weight change +0.000 below threshold 0.05 | flat: 72h return -4.55% not above entry band +1.0% and price below 24h EMA,1.306
1790976218,champion,LTC,69.4,0.25,0.25,0.2528,hold,hold: weight change -0.003 below threshold 0.05 | stay long: 72h return +2.01% vs exit band -1.0% and price within 2.0% of 24h EMA; realised vol 65% -> weight 0.25,2.882
1790979781,champion,BTC,84532.35,0.25,0.25,0.2502,hold,hold: weight change -0.000 below threshold 0.05 | stay long: 72h return +1.24% vs exit band -1.0% and price within 2.0% of 24h EMA; realised vol 33% -> weight 0.25,0.006
1790979781,champion,ETH,2661.395,0.0,0.0,0.0,hold,hold: weight change +0.000 below threshold 0.05 | flat: 72h return -0.49% not above entry band +1.0% and price below 24h EMA,0.019
1790979781,champion,SOL,118.095,0.0,0.0,0.0,hold,hold: weight change +0.000 below threshold 0.05 | flat: 72h return -0.57% not above entry band +1.0% and price below 24h EMA,0.423
1790979781,champion,ADA,0.240639,0.0,0.0,0.0,hold,hold: weight change +0.000 below threshold 0.05 | flat: 72h return -1.33% not above entry band +1.0% and price below 24h EMA,1.517
1790979781,champion,AVAX,10.6495,0.0,0.0,0.0,hold,hold: weight change +0.000 below threshold 0.05 | flat: 72h return -6.50% not above entry band +1.0% and price below 24h EMA,1.409
1790979781,champion,LINK,13.679705,0.0,0.0,0.0,hold,hold: weight change +0.000 below threshold 0.05 | flat: 72h return -6.83% not above entry band +1.0% and price below 24h EMA,1.502
1790979781,champion,XRP,1.474725,0.0,0.0,0.0,hold,hold: weight change +0.000 below threshold 0.05 | flat: 72h return -1.26% not above entry band +1.0% and price below 24h EMA,0.237
1790979781,champion,DOGE,0.091989,0.0,0.0,0.0,hold,hold: weight change +0.000 below threshold 0.05 | flat: 72h return -2.05% not above entry band +1.0% and price below 24h EMA,0.005
1790979781,champion,DOT,1.14035,0.0,0.0,0.0,hold,hold: weight change +0.000 below threshold 0.05 | flat: 72h return -4.16% not above entry band +1.0% and price below 24h EMA,1.315
1790979781,champion,LTC,69.445,0.25,0.25,0.253,hold,hold: weight change -0.003 below threshold 0.05 | stay long: 72h return +3.93% vs exit band -1.0% and price above 24h EMA; realised vol 66% -> weight 0.25,0.72
1790983238,champion,BTC,84473.05,0.25,0.25,0.2502,hold,hold: weight change -0.000 below threshold 0.05 | stay long: 72h return +1.15% vs exit band -1.0% and price within 2.0% of 24h EMA; realised vol 33% -> weight 0.25,0.006
1790983238,champion,ETH,2666.215,0.0,0.0,0.0,hold,hold: weight change +0.000 below threshold 0.05 | flat: 72h return -0.49% not above entry band +1.0% and price below 24h EMA,0.019
1790983238,champion,SOL,118.525,0.0,0.0,0.0,hold,hold: weight change +0.000 below threshold 0.05 | flat: 72h return -0.47% not above entry band +1.0% and price below 24h EMA,0.422
1790983238,champion,ADA,0.242967,0.0,0.0,0.0,hold,hold: weight change +0.000 below threshold 0.05 | flat: 72h return -0.97% not above entry band +1.0% and price below 24h EMA,0.473
1790983238,champion,AVAX,10.697,0.0,0.0,0.0,hold,hold: weight change +0.000 below threshold 0.05 | flat: 72h return -5.98% not above entry band +1.0% and price below 24h EMA,0.935
1790983238,champion,LINK,13.742155,0.0,0.0,0.0,hold,hold: weight change +0.000 below threshold 0.05 | flat: 72h return -6.35% not above entry band +1.0% and price below 24h EMA,2.187
1790983238,champion,XRP,1.483015,0.0,0.0,0.0,hold,hold: weight change +0.000 below threshold 0.05 | flat: 72h return -0.85% not above entry band +1.0% and price below 24h EMA,0.034
1790983238,champion,DOGE,0.092614,0.0,0.0,0.0,hold,hold: weight change +0.000 below threshold 0.05 | flat: 72h return -1.66% not above entry band +1.0% and price below 24h EMA,0.005
1790983238,champion,DOT,1.1444,0.0,0.0,0.0,hold,hold: weight change +0.000 below threshold 0.05 | flat: 72h return -4.11% not above entry band +1.0% and price below 24h EMA,1.748
1790983238,champion,LTC,69.325,0.25,0.25,0.2527,hold,hold: weight change -0.003 below threshold 0.05 | stay long: 72h return +3.50% vs exit band -1.0% and price above 24h EMA; realised vol 63% -> weight 0.25,0.721
1790987398,champion,BTC,84550.15,0.25,0.25,0.2489,hold,hold: weight change +0.001 below threshold 0.05 | stay long: 72h return +1.04% vs exit band -1.0% and price within 2.0% of 24h EMA; realised vol 33% -> weight 0.25,0.006
1790987398,champion,ETH,2672.485,0.0,0.0,0.0,hold,hold: weight change +0.000 below threshold 0.05 | flat: 72h return -0.32% not above entry band +1.0% and price below 24h EMA,0.019
1790987398,champion,SOL,118.995,0.0,0.0,0.0,hold,hold: weight change +0.000 below threshold 0.05 | flat: 72h return -0.40% not above entry band +1.0% and price below 24h EMA,0.42
1790987398,champion,ADA,0.246335,0.0,0.0,0.0,hold,hold: weight change +0.000 below threshold 0.05 | flat: 72h return -0.01% not above entry band +1.0% and price below 24h EMA,0.02
1790987398,champion,AVAX,10.8765,0.0,0.0,0.0,hold,hold: weight change +0.000 below threshold 0.05 | flat: 72h return -5.54% not above entry band +1.0% and price below 24h EMA,0.46
1790987398,champion,LINK,13.88554,0.0,0.0,0.0,hold,hold: weight change +0.000 below threshold 0.05 | flat: 72h return -5.51% not above entry band +1.0% and price below 24h EMA,0.691
1790987398,champion,XRP,1.489005,0.0,0.0,0.0,hold,hold: weight change +0.000 below threshold 0.05 | flat: 72h return -0.38% not above entry band +1.0% and price below 24h EMA,0.034
1790987398,champion,DOGE,0.093404,0.0,0.0,0.0,hold,hold: weight change +0.000 below threshold 0.05 | flat: 72h return -0.99% not above entry band +1.0% and price below 24h EMA,0.005
1790987398,champion,DOT,1.16445,0.0,0.0,0.0,hold,hold: weight change +0.000 below threshold 0.05 | flat: 72h return -3.20% not above entry band +1.0% and price below 24h EMA,0.429
1790987398,champion,LTC,70.92,0.25,0.25,0.257,hold,hold: weight change -0.007 below threshold 0.05 | stay long: 72h return +4.58% vs exit band -1.0% and price above 24h EMA; realised vol 63% -> weight 0.25,1.41
1790990604,champion,BTC,84591.75,0.25,0.25,0.2493,hold,hold: weight change +0.001 below threshold 0.05 | stay long: 72h return +1.45% vs exit band -1.0% and price within 2.0% of 24h EMA; realised vol 33% -> weight 0.25,0.006
1790990604,champion,ETH,2677.895,0.0,0.0,0.0,hold,hold: weight change +0.000 below threshold 0.05 | flat: 72h return +0.18% not above entry band +1.0% and price below 24h EMA,0.019
1790990604,champion,SOL,119.155,0.0,0.0,0.0,hold,hold: weight change +0.000 below threshold 0.05 | flat: 72h return +0.05% not above entry band +1.0% and price below 24h EMA,0.42
1790990604,champion,ADA,0.247161,0.0,0.0,0.0,hold,hold: weight change +0.000 below threshold 0.05 | flat: 72h return +0.86% not above entry band +1.0% and price below 24h EMA,0.89
1790990604,champion,AVAX,10.8975,0.0,0.0,0.0,hold,hold: weight change +0.000 below threshold 0.05 | flat: 72h return -4.54% not above entry band +1.0% and price below 24h EMA,0.459
1790990604,champion,LINK,13.911615,0.0,0.0,0.0,hold,hold: weight change +0.000 below threshold 0.05 | flat: 72h return -4.09% not above entry band +1.0% and price below 24h EMA,0.298
1790990604,champion,XRP,1.48992,0.0,0.0,0.0,hold,hold: weight change +0.000 below threshold 0.05 | flat: 72h return -0.24% not above entry band +1.0% and price below 24h EMA,0.268
1790990604,champion,DOGE,0.093269,0.0,0.0,0.0,hold,hold: weight change +0.000 below threshold 0.05 | flat: 72h return -0.36% not above entry band +1.0% and price below 24h EMA,0.005
1790990604,champion,DOT,1.17025,0.0,0.0,0.0,hold,hold: weight change +0.000 below threshold 0.05 | flat: 72h return -3.15% not above entry band +1.0% and price below 24h EMA,2.991
1790990604,champion,LTC,70.59,0.25,0.25,0.2561,hold,hold: weight change -0.006 below threshold 0.05 | stay long: 72h return +6.17% vs exit band -1.0% and price above 24h EMA; realised vol 64% -> weight 0.25,1.417
1790994293,champion,BTC,84626.45,0.25,0.25,0.2499,hold,hold: weight change +0.000 below threshold 0.05 | stay long: 72h return +1.44% vs exit band -1.0% and price within 2.0% of 24h EMA; realised vol 33% -> weight 0.25,0.006
1790994293,champion,ETH,2679.185,0.0,0.0,0.0,hold,hold: weight change +0.000 below threshold 0.05 | flat: 72h return +0.31% not above entry band +1.0% and price below 24h EMA,0.019
1790994293,champion,SOL,119.155,0.0,0.0,0.0,hold,hold: weight change +0.000 below threshold 0.05 | flat: 72h return -0.29% not above entry band +1.0% and price below 24h EMA,0.42
1790994293,champion,ADA,0.248068,0.0,0.0,0.0,hold,hold: weight change +0.000 below threshold 0.05 | flat: 72h return +1.00% not above entry band +1.0% and price below 24h EMA,1.371
1790994293,champion,AVAX,10.9365,0.0,0.0,0.0,hold,hold: weight change +0.000 below threshold 0.05 | flat: 72h return -4.03% not above entry band +1.0%,1.372
1790994293,champion,LINK,13.945055,0.0,0.0,0.0,hold,hold: weight change +0.000 below threshold 0.05 | flat: 72h return -3.42% not above entry band +1.0% and price below 24h EMA,0.549
1790994293,champion,XRP,1.48925,0.0,0.0,0.0,hold,hold: weight change +0.000 below threshold 0.05 | flat: 72h return -0.54% not above entry band +1.0% and price below 24h EMA,0.201
1790994293,champion,DOGE,0.093253,0.0,0.0,0.0,hold,hold: weight change +0.000 below threshold 0.05 | flat: 72h return -0.84% not above entry band +1.0% and price below 24h EMA,0.005
1790994293,champion,DOT,1.17245,0.0,0.0,0.0,hold,hold: weight change +0.000 below threshold 0.05 | flat: 72h return -3.75% not above entry band +1.0% and price below 24h EMA,2.985
1790994293,champion,LTC,70.015,0.25,0.25,0.2545,hold,hold: weight change -0.004 below threshold 0.05 | stay long: 72h return +4.29% vs exit band -1.0% and price above 24h EMA; realised vol 65% -> weight 0.25,0.714
1790998110,champion,BTC,84575.95,0.25,0.25,0.2505,hold,hold: weight change -0.000 below threshold 0.05 | stay long: 72h return +1.49% vs exit band -1.0% and price within 2.0% of 24h EMA; realised vol 33% -> weight 0.25,0.006
1790998110,champion,ETH,2680.715,0.0,0.0,0.0,hold,hold: weight change +0.000 below threshold 0.05 | flat: 72h return +0.12% not above entry band +1.0% and price below 24h EMA,0.019
1790998110,champion,SOL,119.115,0.0,0.0,0.0,hold,hold: weight change +0.000 below threshold 0.05 | flat: 72h return -0.63% not above entry band +1.0% and price below 24h EMA,0.42
1790998110,champion,ADA,0.247511,0.0,0.0,0.0,hold,hold: weight change +0.000 below threshold 0.05 | flat: 72h return +0.68% not above entry band +1.0% and price below 24h EMA,1.353
1790998110,champion,AVAX,10.9235,0.0,0.0,0.0,hold,hold: weight change +0.000 below threshold 0.05 | flat: 72h return -4.41% not above entry band +1.0% and price below 24h EMA,1.373
1790998110,champion,LINK,13.93925,0.0,0.0,0.0,hold,hold: weight change +0.000 below threshold 0.05 | flat: 72h return -3.98% not above entry band +1.0% and price below 24h EMA,1.463
1790998110,champion,XRP,1.48594,0.0,0.0,0.0,hold,hold: weight change +0.000 below threshold 0.05 | flat: 72h return -1.01% not above entry band +1.0% and price below 24h EMA,0.269
1790998110,champion,DOGE,0.093113,0.0,0.0,0.0,hold,hold: weight change +0.000 below threshold 0.05 | flat: 72h return -0.84% not above entry band +1.0% and price below 24h EMA,0.102
1790998110,champion,DOT,1.15285,0.0,0.0,0.0,hold,hold: weight change +0.000 below threshold 0.05 | flat: 72h return -3.97% not above entry band +1.0% and price below 24h EMA,0.434
1790998110,champion,LTC,69.225,0.25,0.25,0.2524,hold,hold: weight change -0.002 below threshold 0.05 | stay long: 72h return +4.08% vs exit band -1.0% and price above 24h EMA; realised vol 65% -> weight 0.25,0.722
1791001477,champion,BTC,84579.65,0.25,0.25,0.2509,hold,hold: weight change -0.001 below threshold 0.05 | stay long: 72h return +1.70% vs exit band -1.0% and price within 2.0% of 24h EMA; realised vol 33% -> weight 0.25,0.006
1791001477,champion,ETH,2674.865,0.0,0.0,0.0,hold,hold: weight change +0.000 below threshold 0.05 | flat: 72h return +0.40% not above entry band +1.0% and price below 24h EMA,0.019
1791001477,champion,SOL,119.085,0.0,0.0,0.0,hold,hold: weight change +0.000 below threshold 0.05 | flat: 72h return +0.25% not above entry band +1.0% and price below 24h EMA,0.42
1791001477,champion,ADA,0.246561,0.0,0.0,0.0,hold,hold: weight change +0.000 below threshold 0.05 | flat: price below 24h EMA,1.055
1791001477,champion,AVAX,10.852,0.0,0.0,0.0,hold,hold: weight change +0.000 below threshold 0.05 | flat: 72h return -3.17% not above entry band +1.0%,0.921
1791001477,champion,LINK,13.911285,0.0,0.0,0.0,hold,hold: weight change +0.000 below threshold 0.05 | flat: 72h return -2.94% not above entry band +1.0% and price below 24h EMA,1.175
1791001477,champion,XRP,1.48645,0.0,0.0,0.0,hold,hold: weight change +0.000 below threshold 0.05 | flat: 72h return -0.21% not above entry band +1.0% and price below 24h EMA,0.269
1791001477,champion,DOGE,0.093017,0.0,0.0,0.0,hold,hold: weight change +0.000 below threshold 0.05 | flat: 72h return -0.08% not above entry band +1.0% and price below 24h EMA,0.005
1791001477,champion,DOT,1.14975,0.0,0.0,0.0,hold,hold: weight change +0.000 below threshold 0.05 | flat: 72h return -3.65% not above entry band +1.0% and price below 24h EMA,0.435
1791001477,champion,LTC,68.745,0.25,0.25,0.2511,hold,hold: weight change -0.001 below threshold 0.05 | stay long: 72h return +3.09% vs exit band -1.0% and price within 2.0% of 24h EMA; realised vol 65% -> weight 0.25,0.727
1791005546,champion,BTC,84624.85,0.25,0.25,0.2507,hold,hold: weight change -0.001 below threshold 0.05 | stay long: 72h return +1.68% vs exit band -1.0% and price within 2.0% of 24h EMA; realised vol 33% -> weight 0.25,0.006
1791005546,champion,ETH,2677.905,0.0,0.0,0.0,hold,hold: weight change +0.000 below threshold 0.05 | flat: 72h return +0.25% not above entry band +1.0% and price below 24h EMA,0.019
1791005546,champion,SOL,119.615,0.0,0.0,0.0,hold,hold: weight change +0.000 below threshold 0.05 | flat: 72h return +0.38% not above entry band +1.0% and price below 24h EMA,0.418
1791005546,champion,ADA,0.246909,0.0,0.0,0.0,hold,hold: weight change +0.000 below threshold 0.05 | flat: 72h return +0.58% not above entry band +1.0% and price below 24h EMA,0.911
1791005546,champion,AVAX,10.929,0.0,0.0,0.0,hold,hold: weight change +0.000 below threshold 0.05 | flat: 72h return -3.45% not above entry band +1.0% and price below 24h EMA,0.915
1791005546,champion,LINK,14.03381,0.0,0.0,0.0,hold,hold: weight change +0.000 below threshold 0.05 | flat: 72h return -2.88% not above entry band +1.0% and price below 24h EMA,1.667
1791005546,champion,XRP,1.487995,0.0,0.0,0.0,hold,hold: weight change +0.000 below threshold 0.05 | flat: 72h return -0.50% not above entry band +1.0% and price below 24h EMA,0.034
1791005546,champion,DOGE,0.093209,0.0,0.0,0.0,hold,hold: weight change +0.000 below threshold 0.05 | flat: 72h return -0.41% not above entry band +1.0% and price below 24h EMA,0.386
1791005546,champion,DOT,1.15405,0.0,0.0,0.0,hold,hold: weight change +0.000 below threshold 0.05 | flat: 72h return -4.91% not above entry band +1.0% and price below 24h EMA,1.3
1791005546,champion,LTC,69.155,0.25,0.25,0.2522,hold,hold: weight change -0.002 below threshold 0.05 | stay long: 72h return +2.73% vs exit band -1.0% and price within 2.0% of 24h EMA; realised vol 64% -> weight 0.25,0.723
1791009043,champion,BTC,84640.45,0.25,0.25,0.2505,hold,hold: weight change -0.000 below threshold 0.05 | stay long: 72h return +1.54% vs exit band -1.0% and price within 2.0% of 24h EMA; realised vol 33% -> weight 0.25,0.006
1791009043,champion,ETH,2677.275,0.0,0.0,0.0,hold,hold: weight change +0.000 below threshold 0.05 | flat: 72h return +0.13% not above entry band +1.0% and price below 24h EMA,0.019
1791009043,champion,SOL,119.665,0.0,0.0,0.0,hold,hold: weight change +0.000 below threshold 0.05 | flat: 72h return +0.54% not above entry band +1.0%,0.418
1791009043,champion,ADA,0.245605,0.0,0.0,0.0,hold,hold: weight change +0.000 below threshold 0.05 | flat: 72h return +0.18% not above entry band +1.0% and price below 24h EMA,1.832
1791009043,champion,AVAX,10.8985,0.0,0.0,0.0,hold,hold: weight change +0.000 below threshold 0.05 | flat: 72h return -3.46% not above entry band +1.0% and price below 24h EMA,0.459
1791009043,champion,LINK,14.079475,0.0,0.0,0.0,hold,hold: weight change +0.000 below threshold 0.05 | flat: 72h return -2.84% not above entry band +1.0% and price below 24h EMA,0.004
1791009043,champion,XRP,1.484915,0.0,0.0,0.0,hold,hold: weight change +0.000 below threshold 0.05 | flat: 72h return -1.15% not above entry band +1.0% and price below 24h EMA,0.505
1791009043,champion,DOGE,0.092904,0.0,0.0,0.0,hold,hold: weight change +0.000 below threshold 0.05 | flat: 72h return -1.01% not above entry band +1.0% and price below 24h EMA,1.738
1791009043,champion,DOT,1.15155,0.0,0.0,0.0,hold,hold: weight change +0.000 below threshold 0.05 | flat: 72h return -4.45% not above entry band +1.0% and price below 24h EMA,0.434
1791009043,champion,LTC,69.385,0.25,0.25,0.2528,hold,hold: weight change -0.003 below threshold 0.05 | stay long: 72h return +2.95% vs exit band -1.0% and price within 2.0% of 24h EMA; realised vol 64% -> weight 0.25,0.721
1791012305,champion,BTC,84590.25,0.25,0.25,0.2506,hold,hold: weight change -0.001 below threshold 0.05 | stay long: 72h return +1.88% vs exit band -1.0% and price within 2.0% of 24h EMA; realised vol 33% -> weight 0.25,0.006
1791012305,champion,ETH,2679.395,0.0,0.0,0.0,hold,hold: weight change +0.000 below threshold 0.05 | flat: 72h return +0.71% not above entry band +1.0% and price below 24h EMA,0.019
1791012305,champion,SOL,119.305,0.25,0.25,0.0,buy,enter long: 72h return +1.17% vs entry band +1.0% and price above 24h EMA; realised vol 58% -> weight 0.25,0.419
1791012305,champion,ADA,0.244223,0.0,0.0,0.0,hold,hold: weight change +0.000 below threshold 0.05 | flat: price below 24h EMA,1.454
1791012305,champion,AVAX,10.865,0.0,0.0,0.0,hold,hold: weight change +0.000 below threshold 0.05 | flat: 72h return -1.93% not above entry band +1.0% and price below 24h EMA,0.92
1791012305,champion,LINK,14.009805,0.0,0.0,0.0,hold,hold: weight change +0.000 below threshold 0.05 | flat: 72h return -1.70% not above entry band +1.0%,0.432
1791012305,champion,XRP,1.483025,0.0,0.0,0.0,hold,hold: weight change +0.000 below threshold 0.05 | flat: 72h return -0.45% not above entry band +1.0% and price below 24h EMA,0.034
1791012305,champion,DOGE,0.092714,0.0,0.0,0.0,hold,hold: weight change +0.000 below threshold 0.05 | flat: 72h return -0.03% not above entry band +1.0% and price below 24h EMA,0.005
1791012305,champion,DOT,1.1503,0.0,0.0,0.0,hold,hold: weight change +0.000 below threshold 0.05 | flat: 72h return -3.37% not above entry band +1.0% and price below 24h EMA,1.739
1791012305,champion,LTC,69.175,0.25,0.25,0.2522,hold,hold: weight change -0.002 below threshold 0.05 | stay long: 72h return +4.31% vs exit band -1.0% and price above 24h EMA; realised vol 64% -> weight 0.25,0.723
1791015879,champion,BTC,84564.45,0.25,0.25,0.2506,hold,hold: weight change -0.001 below threshold 0.05 | stay long: 72h return +1.54% vs exit band -1.0% and price within 2.0% of 24h EMA; realised vol 33% -> weight 0.25,0.006
1791015879,champion,ETH,2678.615,0.0,0.0,0.0,hold,hold: weight change +0.000 below threshold 0.05 | flat: 72h return +0.27% not above entry band +1.0% and price below 24h EMA,0.019
1791015879,champion,SOL,119.205,0.25,0.25,0.2498,hold,hold: weight change +0.000 below threshold 0.05 | stay long: 72h return +0.79% vs exit band -1.0% and price within 2.0% of 24h EMA; realised vol 58% -> weight 0.25,0.419
1791015879,champion,ADA,0.243348,0.0,0.0,0.0,hold,hold: weight change +0.000 below threshold 0.05 | flat: 72h return -0.20% not above entry band +1.0% and price below 24h EMA,0.514
1791015879,champion,AVAX,10.8795,0.0,0.0,0.0,hold,hold: weight change +0.000 below threshold 0.05 | flat: 72h return -2.08% not above entry band +1.0% and price below 24h EMA,1.379
1791015879,champion,LINK,13.97798,0.0,0.0,0.0,hold,hold: weight change +0.000 below threshold 0.05 | flat: 72h return -2.26% not above entry band +1.0% and price below 24h EMA,1.467
1791015879,champion,XRP,1.482015,0.0,0.0,0.0,hold,hold: weight change +0.000 below threshold 0.05 | flat: 72h return -1.19% not above entry band +1.0% and price below 24h EMA,0.034
1791015879,champion,DOGE,0.092483,0.0,0.0,0.0,hold,hold: weight change +0.000 below threshold 0.05 | flat: 72h return -1.12% not above entry band +1.0% and price below 24h EMA,0.005
1791015879,champion,DOT,1.14815,0.0,0.0,0.0,hold,hold: weight change +0.000 below threshold 0.05 | flat: 72h return -4.61% not above entry band +1.0% and price below 24h EMA,2.177
1791015879,champion,LTC,69.185,0.25,0.25,0.2524,hold,hold: weight change -0.002 below threshold 0.05 | stay long: 72h return +3.39% vs exit band -1.0% and price within 2.0% of 24h EMA; realised vol 63% -> weight 0.25,0.723
1791019480,champion,BTC,84584.15,0.25,0.25,0.2509,hold,hold: weight change -0.001 below threshold 0.05 | stay long: 72h return +1.90% vs exit band -1.0% and price within 2.0% of 24h EMA; realised vol 33% -> weight 0.25,0.006
1791019480,champion,ETH,2684.385,0.0,0.0,0.0,hold,hold: weight change +0.000 below threshold 0.05 | flat: 72h return +0.49% not above entry band +1.0% and price below 24h EMA,0.019
1791019480,champion,SOL,119.215,0.25,0.25,0.25,hold,hold: weight change -0.000 below threshold 0.05 | stay long: 72h return +0.89% vs exit band -1.0% and price within 2.0% of 24h EMA; realised vol 58% -> weight 0.25,0.419
1791019480,champion,ADA,0.243097,0.0,0.0,0.0,hold,hold: weight change +0.000 below threshold 0.05 | flat: 72h return -0.84% not above entry band +1.0% and price below 24h EMA,0.617
1791019480,champion,AVAX,10.8875,0.0,0.0,0.0,hold,hold: weight change +0.000 below threshold 0.05 | flat: 72h return -1.75% not above entry band +1.0%,0.459
1791019480,champion,LINK,13.94413,0.0,0.0,0.0,hold,hold: weight change +0.000 below threshold 0.05 | flat: 72h return -2.39% not above entry band +1.0% and price below 24h EMA,0.954
1791019480,champion,XRP,1.48246,0.0,0.0,0.0,hold,hold: weight change +0.000 below threshold 0.05 | flat: 72h return -0.99% not above entry band +1.0% and price below 24h EMA,0.202
1791019480,champion,DOGE,0.092559,0.0,0.0,0.0,hold,hold: weight change +0.000 below threshold 0.05 | flat: 72h return -1.17% not above entry band +1.0% and price below 24h EMA,0.005
1791019480,champion,DOT,1.1487,0.0,0.0,0.0,hold,hold: weight change +0.000 below threshold 0.05 | flat: 72h return -6.34% not above entry band +1.0% and price below 24h EMA,4.353
1791019480,champion,LTC,68.985,0.25,0.25,0.2519,hold,hold: weight change -0.002 below threshold 0.05 | stay long: 72h return +4.03% vs exit band -1.0% and price above 24h EMA; realised vol 63% -> weight 0.25,0.725
1791022960,champion,BTC,84556.75,0.25,0.25,0.2507,hold,hold: weight change -0.001 below threshold 0.05 | stay long: 72h return +1.17% vs exit band -1.0% and price within 2.0% of 24h EMA; realised vol 33% -> weight 0.25,0.006
1791022960,champion,ETH,2679.605,0.0,0.0,0.0,hold,hold: weight change +0.000 below threshold 0.05 | flat: 72h return -0.28% not above entry band +1.0% and price below 24h EMA,0.019
1791022960,champion,SOL,119.325,0.25,0.25,0.2501,hold,hold: weight change -0.000 below threshold 0.05 | stay long: 72h return +0.03% vs exit band -1.0% and price within 2.0% of 24h EMA; realised vol 58% -> weight 0.25,0.419
1791022960,champion,ADA,0.244673,0.0,0.0,0.0,hold,hold: weight change +0.000 below threshold 0.05 | flat: 72h return -1.29% not above entry band +1.0% and price below 24h EMA,0.715
1791022960,champion,AVAX,10.9855,0.0,0.0,0.0,hold,hold: weight change +0.000 below threshold 0.05 | flat: 72h return -1.89% not above entry band +1.0%,1.365
1791022960,champion,LINK,13.932305,0.0,0.0,0.0,hold,hold: weight change +0.000 below threshold 0.05 | flat: 72h return -3.07% not above entry band +1.0% and price below 24h EMA,0.004
1791022960,champion,XRP,1.48271,0.0,0.0,0.0,hold,hold: weight change +0.000 below threshold 0.05 | flat: 72h return -1.77% not above entry band +1.0% and price below 24h EMA,0.202
1791022960,champion,DOGE,0.092825,0.0,0.0,0.0,hold,hold: weight change +0.000 below threshold 0.05 | flat: 72h return -1.56% not above entry band +1.0% and price below 24h EMA,0.366
1791022960,champion,DOT,1.17615,0.0,0.0,0.0,hold,hold: weight change +0.000 below threshold 0.05 | flat: 72h return -6.57% not above entry band +1.0% and price below 24h EMA,2.976
1791022960,champion,LTC,69.045,0.25,0.25,0.252,hold,hold: weight change -0.002 below threshold 0.05 | stay long: 72h return +2.27% vs exit band -1.0% and price within 2.0% of 24h EMA; realised vol 64% -> weight 0.25,0.724
1791037929,champion,BTC,84800.85,0.25,0.25,0.2506,hold,hold: weight change -0.001 below threshold 0.05 | stay long: 72h return +0.30% vs exit band -1.0% and price above 24h EMA; realised vol 33% -> weight 0.25,0.006
1791037929,champion,ETH,2681.765,0.0,0.0,0.0,hold,hold: weight change +0.000 below threshold 0.05 | flat: 72h return -1.01% not above entry band +1.0% and price below 24h EMA,0.019
1791037929,champion,SOL,119.485,0.0,0.0,0.2497,sell,exit: 72h return -1.29% fell below exit band -1.0%,0.418
1791037929,champion,ADA,0.245767,0.0,0.0,0.0,hold,hold: weight change +0.000 below threshold 0.05 | flat: 72h return -2.54% not above entry band +1.0% and price below 24h EMA,1.139
1791037929,champion,AVAX,11.1995,0.0,0.0,0.0,hold,hold: weight change +0.000 below threshold 0.05 | flat: 72h return +0.39% not above entry band +1.0%,0.446
1791037929,champion,LINK,13.89047,0.0,0.0,0.0,hold,hold: weight change +0.000 below threshold 0.05 | flat: 72h return -4.61% not above entry band +1.0% and price below 24h EMA,0.554
1791037929,champion,XRP,1.485325,0.0,0.0,0.0,hold,hold: weight change +0.000 below threshold 0.05 | flat: 72h return -2.14% not above entry band +1.0% and price below 24h EMA,0.168
1791037929,champion,DOGE,0.093129,0.0,0.0,0.0,hold,hold: weight change +0.000 below threshold 0.05 | flat: 72h return -3.33% not above entry band +1.0% and price below 24h EMA,0.005
1791037929,champion,DOT,1.21635,0.0,0.0,0.0,hold,hold: weight change +0.000 below threshold 0.05 | flat: 72h return -2.77% not above entry band +1.0%,2.055
1791037929,champion,LTC,69.655,0.25,0.25,0.2534,hold,hold: weight change -0.003 below threshold 0.05 | stay long: 72h return +3.55% vs exit band -1.0% and price above 24h EMA; realised vol 63% -> weight 0.25,0.718
1791054161,champion,BTC,84900.25,0.25,0.25,0.2516,hold,hold: weight change -0.002 below threshold 0.05 | stay long: 72h return +1.21% vs exit band -1.0% and price above 24h EMA; realised vol 33% -> weight 0.25,0.006
1791054161,champion,ETH,2683.735,0.0,0.0,0.0,hold,hold: weight change +0.000 below threshold 0.05 | flat: 72h return +0.25% not above entry band +1.0% and price below 24h EMA,0.019
1791054161,champion,SOL,119.795,0.25,0.25,0.0,buy,enter long: 72h return +1.09% vs entry band +1.0% and price above 24h EMA; realised vol 58% -> weight 0.25,0.417
1791054161,champion,ADA,0.244818,0.0,0.0,0.0,hold,hold: weight change +0.000 below threshold 0.05 | flat: 72h return +0.47% not above entry band +1.0% and price below 24h EMA,1.021
1791054161,champion,AVAX,11.095,0.25,0.25,0.0,buy,enter long: 72h return +1.51% vs entry band +1.0% and price above 24h EMA; realised vol 94% -> weight 0.25,0.901
1791054161,champion,LINK,13.895215,0.0,0.0,0.0,hold,hold: weight change +0.000 below threshold 0.05 | flat: 72h return -3.00% not above entry band +1.0% and price below 24h EMA,2.148
1791054161,champion,XRP,1.488305,0.0,0.0,0.0,hold,hold: weight change +0.000 below threshold 0.05 | flat: 72h return -0.34% not above entry band +1.0%,0.034
1791054161,champion,DOGE,0.093067,0.0,0.0,0.0,hold,hold: weight change +0.000 below threshold 0.05 | flat: 72h return -1.02% not above entry band +1.0% and price below 24h EMA,0.005
1791054161,champion,DOT,1.1917,0.0,0.0,0.0,hold,hold: weight change +0.000 below threshold 0.05 | flat: 72h return -2.56% not above entry band +1.0%,1.678
1791054161,champion,LTC,68.885,0.25,0.25,0.2513,hold,hold: weight change -0.001 below threshold 0.05 | stay long: 72h return +4.28% vs exit band -1.0% and price within 2.0% of 24h EMA; realised vol 62% -> weight 0.25,0.726
1791078430,champion,BTC,84770.15,0.25,0.25,0.2505,hold,hold: weight change -0.001 below threshold 0.05 | stay long: 72h return +1.60% vs exit band -1.0% and price within 2.0% of 24h EMA; realised vol 33% -> weight 0.25,0.006
1791078430,champion,ETH,2691.685,0.0,0.0,0.0,hold,hold: weight change +0.000 below threshold 0.05 | flat: 72h return +0.37% not above entry band +1.0%,0.019
1791078430,champion,SOL,119.995,0.25,0.25,0.2496,hold,hold: weight change +0.000 below threshold 0.05 | stay long: 72h return +1.90% vs exit band -1.0% and price above 24h EMA; realised vol 57% -> weight 0.25,0.417
1791078430,champion,ADA,0.243671,0.0,0.0,0.0,hold,hold: weight change +0.000 below threshold 0.05 | flat: 72h return -1.11% not above entry band +1.0% and price below 24h EMA,1.826
1791078430,champion,AVAX,11.074,0.25,0.25,0.2453,hold,hold: weight change +0.005 below threshold 0.05 | stay long: 72h return +2.20% vs exit band -1.0% and price above 24h EMA; realised vol 94% -> weight 0.25,0.903
1791078430,champion,LINK,14.079,0.0,0.0,0.0,hold,hold: weight change +0.000 below threshold 0.05 | flat: 72h return -1.59% not above entry band +1.0%,1.982
1791078430,champion,XRP,1.488035,0.0,0.0,0.0,hold,hold: weight change +0.000 below threshold 0.05 | flat: 72h return -0.13% not above entry band +1.0% and price below 24h EMA,0.034
1791078430,champion,DOGE,0.092736,0.0,0.0,0.0,hold,hold: weight change +0.000 below threshold 0.05 | flat: 72h return -1.70% not above entry band +1.0% and price below 24h EMA,0.178
1791078430,champion,DOT,1.1792,0.0,0.0,0.0,hold,hold: weight change +0.000 below threshold 0.05 | flat: 72h return -3.59% not above entry band +1.0% and price below 24h EMA,0.848
1791078430,champion,LTC,69.98,0.25,0.25,0.2546,hold,hold: weight change -0.005 below threshold 0.05 | stay long: 72h return +5.10% vs exit band -1.0% and price above 24h EMA; realised vol 63% -> weight 0.25,1.429
1791081247,champion,BTC,84840.25,0.25,0.25,0.2502,hold,hold: weight change -0.000 below threshold 0.05 | stay long: 72h return +1.61% vs exit band -1.0% and price above 24h EMA; realised vol 33% -> weight 0.25,0.006
1791081247,champion,ETH,2694.955,0.0,0.0,0.0,hold,hold: weight change +0.000 below threshold 0.05 | flat: 72h return +0.23% not above entry band +1.0%,0.019
1791081247,champion,SOL,120.205,0.25,0.25,0.2495,hold,hold: weight change +0.001 below threshold 0.05 | stay long: 72h return +1.77% vs exit band -1.0% and price above 24h EMA; realised vol 57% -> weight 0.25,0.416
1791081247,champion,ADA,0.244126,0.0,0.0,0.0,hold,hold: weight change +0.000 below threshold 0.05 | flat: 72h return -1.49% not above entry band +1.0% and price below 24h EMA,1.925
1791081247,champion,AVAX,11.063,0.25,0.25,0.2445,hold,hold: weight change +0.005 below threshold 0.05 | stay long: 72h return +1.93% vs exit band -1.0% and price above 24h EMA; realised vol 94% -> weight 0.25,0.904
1791081247,champion,LINK,14.04145,0.0,0.0,0.0,hold,hold: weight change +0.000 below threshold 0.05 | flat: 72h return -2.08% not above entry band +1.0%,0.677
1791081247,champion,XRP,1.489985,0.0,0.0,0.0,hold,hold: weight change +0.000 below threshold 0.05 | flat: 72h return -0.05% not above entry band +1.0% and price below 24h EMA,0.034
1791081247,champion,DOGE,0.092846,0.0,0.0,0.0,hold,hold: weight change +0.000 below threshold 0.05 | flat: 72h return -1.96% not above entry band +1.0% and price below 24h EMA,0.005
1791081247,champion,DOT,1.18155,0.0,0.0,0.0,hold,hold: weight change +0.000 below threshold 0.05 | flat: 72h return -3.68% not above entry band +1.0% and price below 24h EMA,0.423
1791081247,champion,LTC,70.47,0.25,0.25,0.2558,hold,hold: weight change -0.006 below threshold 0.05 | stay long: 72h return +4.31% vs exit band -1.0% and price above 24h EMA; realised vol 63% -> weight 0.25,1.419
1791091017,champion,BTC,84819.45,0.25,0.25,0.2502,hold,hold: weight change -0.000 below threshold 0.05 | stay long: 72h return +0.90% vs exit band -1.0% and price above 24h EMA; realised vol 33% -> weight 0.25,0.006
1791091017,champion,ETH,2693.435,0.0,0.0,0.0,hold,hold: weight change +0.000 below threshold 0.05 | flat: 72h return -0.49% not above entry band +1.0%,0.019
1791091017,champion,SOL,120.725,0.25,0.25,0.2506,hold,hold: weight change -0.001 below threshold 0.05 | stay long: 72h return +1.34% vs exit band -1.0% and price above 24h EMA; realised vol 57% -> weight 0.25,0.414
1791091017,champion,ADA,0.243411,0.0,0.0,0.0,hold,hold: weight change +0.000 below threshold 0.05 | flat: 72h return -3.64% not above entry band +1.0% and price below 24h EMA,2.075
1791091017,champion,AVAX,11.0605,0.25,0.25,0.2446,hold,hold: weight change +0.005 below threshold 0.05 | stay long: 72h return -0.47% vs exit band -1.0% and price above 24h EMA; realised vol 93% -> weight 0.25,0.452
1791091017,champion,LINK,13.99899,0.0,0.0,0.0,hold,hold: weight change +0.000 below threshold 0.05 | flat: 72h return -3.20% not above entry band +1.0%,1.879
1791091017,champion,XRP,1.49032,0.0,0.0,0.0,hold,hold: weight change +0.000 below threshold 0.05 | flat: 72h return -0.81% not above entry band +1.0%,0.067
1791091017,champion,DOGE,0.092707,0.0,0.0,0.0,hold,hold: weight change +0.000 below threshold 0.05 | flat: 72h return -3.10% not above entry band +1.0% and price below 24h EMA,0.005
1791091017,champion,DOT,1.18385,0.0,0.0,0.0,hold,hold: weight change +0.000 below threshold 0.05 | flat: 72h return -4.75% not above entry band +1.0%,3.801
1791091017,champion,LTC,70.11,0.25,0.25,0.2546,hold,hold: weight change -0.005 below threshold 0.05 | stay long: 72h return +4.30% vs exit band -1.0% and price above 24h EMA; realised vol 63% -> weight 0.25,2.853
1791116758,champion,BTC,85280.35,0.25,0.25,0.2505,hold,hold: weight change -0.000 below threshold 0.05 | stay long: 72h return +1.69% vs exit band -1.0% and price above 24h EMA; realised vol 33% -> weight 0.25,0.006
1791116758,champion,ETH,2701.995,0.0,0.0,0.0,hold,hold: weight change +0.000 below threshold 0.05 | flat: 72h return -0.22% not above entry band +1.0%,0.019
1791116758,champion,SOL,121.555,0.25,0.25,0.2513,hold,hold: weight change -0.001 below threshold 0.05 | stay long: 72h return +2.78% vs exit band -1.0% and price above 24h EMA; realised vol 54% -> weight 0.25,0.411
1791116758,champion,ADA,0.244993,0.0,0.0,0.0,hold,hold: weight change +0.000 below threshold 0.05 | flat: 72h return -1.53% not above entry band +1.0%,2.98
1791116758,champion,AVAX,10.978,0.25,0.25,0.2417,hold,hold: weight change +0.008 below threshold 0.05 | stay long: 72h return -0.42% vs exit band -1.0% and price within 2.0% of 24h EMA; realised vol 91% -> weight 0.25,0.911
1791116758,champion,LINK,14.07181,0.0,0.0,0.0,hold,hold: weight change +0.000 below threshold 0.05 | flat: 72h return -1.99% not above entry band +1.0%,0.696
1791116758,champion,XRP,1.500935,0.0,0.0,0.0,hold,hold: weight change +0.000 below threshold 0.05 | flat: 72h return +0.41% not above entry band +1.0%,0.033
1791116758,champion,DOGE,0.09355,0.0,0.0,0.0,hold,hold: weight change +0.000 below threshold 0.05 | flat: 72h return -1.53% not above entry band +1.0%,0.096
1791116758,champion,DOT,1.19335,0.0,0.0,0.0,hold,hold: weight change +0.000 below threshold 0.05 | flat: 72h return -1.38% not above entry band +1.0%,1.257
1791116758,champion,LTC,70.975,0.25,0.25,0.2566,hold,hold: weight change -0.007 below threshold 0.05 | stay long: 72h return +5.80% vs exit band -1.0% and price above 24h EMA; realised vol 63% -> weight 0.25,0.704
1791138108,champion,BTC,85307.75,0.25,0.2,0.2501,sell,stay long: 72h return +0.51% vs exit band -1.0% and price above 24h EMA; realised vol 32% -> weight 0.25,0.006
1791138108,champion,ETH,2700.635,0.0,0.0,0.0,hold,hold: weight change +0.000 below threshold 0.05 | flat: 72h return +0.06% not above entry band +1.0%,0.019
1791138108,champion,SOL,121.345,0.25,0.2,0.2504,sell,stay long: 72h return +2.65% vs exit band -1.0% and price above 24h EMA; realised vol 53% -> weight 0.25,0.412
1791138108,champion,ADA,0.247962,0.0,0.0,0.0,hold,hold: weight change +0.000 below threshold 0.05 | flat: 72h return -0.99% not above entry band +1.0%,1.27
1791138108,champion,AVAX,11.0565,0.25,0.2,0.2429,hold,hold: weight change -0.043 below threshold 0.05 | stay long: 72h return +0.97% vs exit band -1.0% and price above 24h EMA; realised vol 90% -> weight 0.25,0.452
1791138108,champion,LINK,14.15334,0.0,0.0,0.0,hold,hold: weight change +0.000 below threshold 0.05 | flat: 72h return -1.24% not above entry band +1.0%,2.812
1791138108,champion,XRP,1.499725,0.0,0.0,0.0,hold,hold: weight change +0.000 below threshold 0.05 | flat: 72h return +0.13% not above entry band +1.0%,0.033
1791138108,champion,DOGE,0.095298,0.0,0.0,0.0,hold,hold: weight change +0.000 below threshold 0.05 | flat: 72h return +0.68% not above entry band +1.0%,0.32
1791138108,champion,DOT,1.2003,0.25,0.2,0.0,buy,enter long: 72h return +1.00% vs entry band +1.0% and price above 24h EMA; realised vol 94% -> weight 0.25,2.499
1791138108,champion,LTC,71.115,0.25,0.2,0.2566,sell,stay long: 72h return +4.90% vs exit band -1.0% and price above 24h EMA; realised vol 64% -> weight 0.25,2.109
1791149082,champion,BTC,85821.75,0.25,0.1429,0.2014,sell,stay long: 72h return +1.44% vs exit band -1.0% and price above 24h EMA; realised vol 33% -> weight 0.25,0.006
1791149082,champion,ETH,2703.225,0.0,0.0,0.0,hold,hold: weight change +0.000 below threshold 0.05 | flat: 72h return +0.29% not above entry band +1.0%,0.018
1791149082,champion,SOL,121.395,0.25,0.1429,0.2003,sell,stay long: 72h return +2.66% vs exit band -1.0% and price above 24h EMA; realised vol 53% -> weight 0.25,0.412
1791149082,champion,ADA,0.251565,0.25,0.1429,0.0,buy,enter long: 72h return +1.71% vs entry band +1.0% and price above 24h EMA; realised vol 89% -> weight 0.25,1.371
1791149082,champion,AVAX,11.038,0.25,0.1429,0.2428,sell,stay long: 72h return +0.66% vs exit band -1.0% and price above 24h EMA; realised vol 90% -> weight 0.25,0.906
1791149082,champion,LINK,14.193515,0.0,0.0,0.0,hold,hold: weight change +0.000 below threshold 0.05 | flat: 72h return -1.52% not above entry band +1.0%,2.434
1791149082,champion,XRP,1.51029,0.0,0.0,0.0,hold,hold: weight change +0.000 below threshold 0.05 | flat: 72h return +0.51% not above entry band +1.0%,1.059
1791149082,champion,DOGE,0.096807,0.25,0.1429,0.0,buy,enter long: 72h return +1.38% vs entry band +1.0% and price above 24h EMA; realised vol 64% -> weight 0.25,2.515
1791149082,champion,DOT,1.2011,0.25,0.1429,0.1569,hold,hold: weight change -0.014 below threshold 0.05 | stay long: 72h return +2.45% vs exit band -1.0% and price above 24h EMA; realised vol 95% -> weight 0.25,4.995
1791149082,champion,LTC,70.565,0.25,0.1429,0.1986,sell,stay long: 72h return +3.40% vs exit band -1.0% and price above 24h EMA; realised vol 64% -> weight 0.25,2.126
1791152592,champion,BTC,86476.45,0.25,0.125,0.1429,hold,hold: weight change -0.018 below threshold 0.05 | stay long: 72h return +1.58% vs exit band -1.0% and price above 24h EMA; realised vol 33% -> weight 0.25,0.006
1791152592,champion,ETH,2726.895,0.0,0.0,0.0,hold,hold: weight change +0.000 below threshold 0.05 | flat: 72h return +0.36% not above entry band +1.0%,0.018
1791152592,champion,SOL,122.065,0.25,0.125,0.1426,hold,hold: weight change -0.018 below threshold 0.05 | stay long: 72h return +3.03% vs exit band -1.0% and price above 24h EMA; realised vol 53% -> weight 0.25,0.41
1791152592,champion,ADA,0.257733,0.25,0.125,0.1453,hold,hold: weight change -0.020 below threshold 0.05 | stay long: 72h return +3.17% vs exit band -1.0% and price above 24h EMA; realised vol 89% -> weight 0.25,0.019
1791152592,champion,AVAX,11.1025,0.25,0.125,0.1427,hold,hold: weight change -0.018 below threshold 0.05 | stay long: 72h return +0.92% vs exit band -1.0% and price within 2.0% of 24h EMA; realised vol 90% -> weight 0.25,0.45
1791152592,champion,LINK,14.284205,0.0,0.0,0.0,hold,hold: weight change +0.000 below threshold 0.05 | flat: 72h return -0.59% not above entry band +1.0%,0.004
1791152592,champion,XRP,1.520595,0.25,0.125,0.0,none,"waits for cash: the book is fully invested and no position is far enough above its target to trim, so this buy fills when an exit or a bigger drift frees cash | enter long: 72h return +1.25% vs entry band +1.0% and price above 24h EMA; realised vol 58% -> weight 0.25",0.033
1791152592,champion,DOGE,0.096942,0.25,0.125,0.1275,hold,hold: weight change -0.002 below threshold 0.05 | stay long: 72h return +2.44% vs exit band -1.0% and price above 24h EMA; realised vol 64% -> weight 0.25,0.552
1791152592,champion,DOT,1.2084,0.25,0.125,0.1568,hold,hold: weight change -0.032 below threshold 0.05 | stay long: 72h return +2.23% vs exit band -1.0% and price above 24h EMA; realised vol 95% -> weight 0.25,2.483
1791152592,champion,LTC,70.75,0.25,0.125,0.1422,hold,hold: weight change -0.017 below threshold 0.05 | stay long: 72h return +2.67% vs exit band -1.0% and price within 2.0% of 24h EMA; realised vol 64% -> weight 0.25,1.413
1791156114,champion,BTC,86614.15,0.25,0.1111,0.1427,hold,hold: weight change -0.032 below threshold 0.05 | stay long: 72h return +2.01% vs exit band -1.0% and price above 24h EMA; realised vol 33% -> weight 0.25,0.006
1791156114,champion,ETH,2732.585,0.25,0.1111,0.0,none,"waits for cash: the book is fully invested and no position is far enough above its target to trim, so this buy fills when an exit or a bigger drift frees cash | enter long: 72h return +1.06% vs entry band +1.0% and price above 24h EMA; realised vol 38% -> weight 0.25",0.018
1791156114,champion,SOL,121.975,0.25,0.1111,0.1421,hold,hold: weight change -0.031 below threshold 0.05 | stay long: 72h return +2.89% vs exit band -1.0% and price above 24h EMA; realised vol 52% -> weight 0.25,0.41
1791156114,champion,ADA,0.263068,0.25,0.1111,0.1479,hold,hold: weight change -0.037 below threshold 0.05 | stay long: 72h return +6.48% vs exit band -1.0% and price above 24h EMA; realised vol 92% -> weight 0.25,1.026
1791156114,champion,AVAX,11.1305,0.25,0.1111,0.1426,hold,hold: weight change -0.031 below threshold 0.05 | stay long: 72h return +1.07% vs exit band -1.0% and price above 24h EMA; realised vol 90% -> weight 0.25,1.348
1791156114,champion,LINK,14.288825,0.0,0.0,0.0,hold,hold: weight change +0.000 below threshold 0.05 | flat: 72h return -0.41% not above entry band +1.0%,1.109
1791156114,champion,XRP,1.520785,0.25,0.1111,0.0,none,"waits for cash: the book is fully invested and no position is far enough above its target to trim, so this buy fills when an exit or a bigger drift frees cash | enter long: 72h return +1.69% vs entry band +1.0% and price above 24h EMA; realised vol 58% -> weight 0.25",0.033
1791156114,champion,DOGE,0.09635,0.25,0.1111,0.1263,hold,hold: weight change -0.015 below threshold 0.05 | stay long: 72h return +2.34% vs exit band -1.0% and price above 24h EMA; realised vol 63% -> weight 0.25,0.161
1791156114,champion,DOT,1.20825,0.25,0.1111,0.1563,hold,hold: weight change -0.045 below threshold 0.05 | stay long: 72h return +2.83% vs exit band -1.0% and price above 24h EMA; realised vol 96% -> weight 0.25,2.897
1791156114,champion,LTC,70.845,0.25,0.1111,0.142,hold,hold: weight change -0.031 below threshold 0.05 | stay long: 72h return +3.64% vs exit band -1.0% and price within 2.0% of 24h EMA; realised vol 64% -> weight 0.25,0.706
1791160440,champion,BTC,86242.05,0.25,0.125,0.1434,hold,hold: weight change -0.018 below threshold 0.05 | stay long: 72h return +1.96% vs exit band -1.0% and price above 24h EMA; realised vol 33% -> weight 0.25,0.006
1791160440,champion,ETH,2720.745,0.0,0.0,0.0,hold,hold: weight change +0.000 below threshold 0.05 | flat: 72h return +0.77% not above entry band +1.0%,0.018
1791160440,champion,SOL,121.015,0.25,0.125,0.1422,hold,hold: weight change -0.017 below threshold 0.05 | stay long: 72h return +2.69% vs exit band -1.0% and price above 24h EMA; realised vol 52% -> weight 0.25,0.413
1791160440,champion,ADA,0.25873,0.25,0.125,0.1467,hold,hold: weight change -0.022 below threshold 0.05 | stay long: 72h return +5.46% vs exit band -1.0% and price above 24h EMA; realised vol 92% -> weight 0.25,0.792
1791160440,champion,AVAX,11.0175,0.25,0.125,0.1424,hold,hold: weight change -0.017 below threshold 0.05 | stay long: 72h return +1.06% vs exit band -1.0% and price above 24h EMA; realised vol 89% -> weight 0.25,0.454
1791160440,champion,LINK,14.19588,0.0,0.0,0.0,hold,hold: weight change +0.000 below threshold 0.05 | flat: 72h return -0.79% not above entry band +1.0%,0.845
1791160440,champion,XRP,1.514705,0.25,0.125,0.0,none,"waits for cash: the book is fully invested and no position is far enough above its target to trim, so this buy fills when an exit or a bigger drift frees cash | enter long: 72h return +1.76% vs entry band +1.0% and price above 24h EMA; realised vol 58% -> weight 0.25",0.033
1791160440,champion,DOGE,0.095795,0.25,0.125,0.1267,hold,hold: weight change -0.002 below threshold 0.05 | stay long: 72h return +1.64% vs exit band -1.0% and price above 24h EMA; realised vol 63% -> weight 0.25,0.005
1791160440,champion,DOT,1.1944,0.25,0.125,0.1559,hold,hold: weight change -0.031 below threshold 0.05 | stay long: 72h return +2.36% vs exit band -1.0% and price above 24h EMA; realised vol 95% -> weight 0.25,1.674
1791160440,champion,LTC,70.635,0.25,0.125,0.1428,hold,hold: weight change -0.018 below threshold 0.05 | stay long: 72h return +3.88% vs exit band -1.0% and price above 24h EMA; realised vol 64% -> weight 0.25,0.708
1791163483,champion,BTC,86836.25,0.25,0.125,0.143,hold,hold: weight change -0.018 below threshold 0.05 | stay long: 72h return +2.20% vs exit band -1.0% and price above 24h EMA; realised vol 32% -> weight 0.25,0.006
1791163483,champion,ETH,2730.285,0.0,0.0,0.0,hold,hold: weight change +0.000 below threshold 0.05 | flat: 72h return +0.79% not above entry band +1.0%,0.018
1791163483,champion,SOL,121.445,0.25,0.125,0.1414,hold,hold: weight change -0.016 below threshold 0.05 | stay long: 72h return +2.04% vs exit band -1.0% and price above 24h EMA; realised vol 52% -> weight 0.25,0.412
1791163483,champion,ADA,0.266988,0.25,0.125,0.1499,hold,hold: weight change -0.025 below threshold 0.05 | stay long: 72h return +6.91% vs exit band -1.0% and price above 24h EMA; realised vol 92% -> weight 0.25,2.097
1791163483,champion,AVAX,11.017,0.25,0.125,0.141,hold,hold: weight change -0.016 below threshold 0.05 | stay long: 72h return +0.52% vs exit band -1.0% and price within 2.0% of 24h EMA; realised vol 90% -> weight 0.25,0.908
1791163483,champion,LINK,14.233605,0.0,0.0,0.0,hold,hold: weight change +0.000 below threshold 0.05 | flat: 72h return -0.14% not above entry band +1.0%,0.945
1791163483,champion,XRP,1.52847,0.25,0.125,0.0,none,"waits for cash: the book is fully invested and no position is far enough above its target to trim, so this buy fills when an exit or a bigger drift frees cash | enter long: 72h return +1.88% vs entry band +1.0% and price above 24h EMA; realised vol 58% -> weight 0.25",0.72
1791163483,champion,DOGE,0.096775,0.25,0.125,0.1268,hold,hold: weight change -0.002 below threshold 0.05 | stay long: 72h return +2.48% vs exit band -1.0% and price above 24h EMA; realised vol 63% -> weight 0.25,1.25
1791163483,champion,DOT,1.21055,0.25,0.125,0.1565,hold,hold: weight change -0.031 below threshold 0.05 | stay long: 72h return +2.45% vs exit band -1.0% and price above 24h EMA; realised vol 95% -> weight 0.25,0.413
1791163483,champion,LTC,70.6,0.25,0.125,0.1414,hold,hold: weight change -0.016 below threshold 0.05 | stay long: 72h return +2.52% vs exit band -1.0% and price above 24h EMA; realised vol 63% -> weight 0.25,1.416
1791167082,champion,BTC,86548.15,0.25,0.125,0.1426,hold,hold: weight change -0.018 below threshold 0.05 | stay long: 72h return +2.02% vs exit band -1.0% and price above 24h EMA; realised vol 32% -> weight 0.25,0.006
1791167082,champion,ETH,2734.665,0.0,0.0,0.0,hold,hold: weight change +0.000 below threshold 0.05 | flat: 72h return +0.35% not above entry band +1.0%,0.018
1791167082,champion,SOL,121.425,0.25,0.125,0.1415,hold,hold: weight change -0.016 below threshold 0.05 | stay long: 72h return +1.40% vs exit band -1.0% and price above 24h EMA; realised vol 52% -> weight 0.25,0.412
1791167082,champion,ADA,0.267387,0.25,0.125,0.1503,hold,hold: weight change -0.025 below threshold 0.05 | stay long: 72h return +7.04% vs exit band -1.0% and price above 24h EMA; realised vol 92% -> weight 0.25,2.207
1791167082,champion,AVAX,11.006,0.25,0.125,0.141,hold,hold: weight change -0.016 below threshold 0.05 | stay long: 72h return +0.51% vs exit band -1.0% and price within 2.0% of 24h EMA; realised vol 90% -> weight 0.25,0.909
1791167082,champion,LINK,14.19352,0.0,0.0,0.0,hold,hold: weight change +0.000 below threshold 0.05 | flat: 72h return -0.78% not above entry band +1.0%,0.056
1791167082,champion,XRP,1.523925,0.25,0.125,0.0,none,"waits for cash: the book is fully invested and no position is far enough above its target to trim, so this buy fills when an exit or a bigger drift frees cash | enter long: 72h return +1.61% vs entry band +1.0% and price above 24h EMA; realised vol 58% -> weight 0.25",0.23
1791167082,champion,DOGE,0.09649,0.25,0.125,0.1265,hold,hold: weight change -0.002 below threshold 0.05 | stay long: 72h return +2.42% vs exit band -1.0% and price above 24h EMA; realised vol 62% -> weight 0.25,0.389
1791167082,champion,DOT,1.2123,0.25,0.125,0.1568,hold,hold: weight change -0.032 below threshold 0.05 | stay long: 72h return +2.23% vs exit band -1.0% and price above 24h EMA; realised vol 95% -> weight 0.25,2.475
1791167082,champion,LTC,70.465,0.25,0.125,0.1412,hold,hold: weight change -0.016 below threshold 0.05 | stay long: 72h return +2.33% vs exit band -1.0% and price within 2.0% of 24h EMA; realised vol 63% -> weight 0.25,0.71
1791170794,champion,BTC,86437.95,0.25,0.125,0.1427,hold,hold: weight change -0.018 below threshold 0.05 | stay long: 72h return +1.59% vs exit band -1.0% and price above 24h EMA; realised vol 32% -> weight 0.25,0.006
1791170794,champion,ETH,2726.515,0.0,0.0,0.0,hold,hold: weight change +0.000 below threshold 0.05 | flat: 72h return +0.38% not above entry band +1.0%,0.018
1791170794,champion,SOL,120.945,0.25,0.125,0.1412,hold,hold: weight change -0.016 below threshold 0.05 | stay long: 72h return +0.94% vs exit band -1.0% and price above 24h EMA; realised vol 52% -> weight 0.25,0.413
1791170794,champion,ADA,0.268819,0.25,0.125,0.1514,hold,hold: weight change -0.026 below threshold 0.05 | stay long: 72h return +7.74% vs exit band -1.0% and price above 24h EMA; realised vol 93% -> weight 0.25,3.757
1791170794,champion,AVAX,10.9445,0.25,0.125,0.1405,hold,hold: weight change -0.016 below threshold 0.05 | stay long: 72h return +0.13% vs exit band -1.0% and price within 2.0% of 24h EMA; realised vol 90% -> weight 0.25,0.457
1791170794,champion,LINK,14.138215,0.0,0.0,0.0,hold,hold: weight change +0.000 below threshold 0.05 | flat: 72h return -2.04% not above entry band +1.0%,1.255
1791170794,champion,XRP,1.51614,0.25,0.125,0.0,none,"waits for cash: the book is fully invested and no position is far enough above its target to trim, so this buy fills when an exit or a bigger drift frees cash | enter long: 72h return +1.10% vs entry band +1.0% and price above 24h EMA; realised vol 57% -> weight 0.25",0.857
1791170794,champion,DOGE,0.096142,0.25,0.125,0.1263,hold,hold: weight change -0.001 below threshold 0.05 | stay long: 72h return +2.08% vs exit band -1.0% and price above 24h EMA; realised vol 62% -> weight 0.25,1.846
1791170794,champion,DOT,1.20725,0.25,0.125,0.1565,hold,hold: weight change -0.032 below threshold 0.05 | stay long: 72h return +1.39% vs exit band -1.0% and price above 24h EMA; realised vol 95% -> weight 0.25,2.071
1791170794,champion,LTC,70.355,0.25,0.125,0.1413,hold,hold: weight change -0.016 below threshold 0.05 | stay long: 72h return +2.17% vs exit band -1.0% and price within 2.0% of 24h EMA; realised vol 63% -> weight 0.25,0.711
1791174440,champion,BTC,85816.65,0.25,0.1429,0.142,hold,hold: weight change +0.001 below threshold 0.05 | stay long: 72h return +0.67% vs exit band -1.0% and price above 24h EMA; realised vol 32% -> weight 0.25,0.006
1791174440,champion,ETH,2710.355,0.0,0.0,0.0,hold,hold: weight change +0.000 below threshold 0.05 | flat: 72h return -0.12% not above entry band +1.0%,0.018
1791174440,champion,SOL,120.525,0.25,0.1429,0.141,hold,hold: weight change +0.002 below threshold 0.05 | stay long: 72h return -0.67% vs exit band -1.0% and price within 2.0% of 24h EMA; realised vol 52% -> weight 0.25,0.415
1791174440,champion,ADA,0.267121,0.25,0.1429,0.1507,hold,hold: weight change -0.008 below threshold 0.05 | stay long: 72h return +7.65% vs exit band -1.0% and price above 24h EMA; realised vol 93% -> weight 0.25,2.321
1791174440,champion,AVAX,10.94,0.25,0.1429,0.1407,hold,hold: weight change +0.002 below threshold 0.05 | stay long: 72h return -0.52% vs exit band -1.0% and price within 2.0% of 24h EMA; realised vol 90% -> weight 0.25,1.828
1791174440,champion,LINK,14.1241,0.0,0.0,0.0,hold,hold: weight change +0.000 below threshold 0.05 | flat: 72h return -2.03% not above entry band +1.0%,2.188
1791174440,champion,XRP,1.50854,0.0,0.0,0.0,hold,hold: weight change +0.000 below threshold 0.05 | flat: 72h return +0.16% not above entry band +1.0%,0.133
1791174440,champion,DOGE,0.095602,0.25,0.1429,0.1258,hold,hold: weight change +0.017 below threshold 0.05 | stay long: 72h return +1.12% vs exit band -1.0% and price above 24h EMA; realised vol 62% -> weight 0.25,0.005
1791174440,champion,DOT,1.22005,0.25,0.1429,0.1585,hold,hold: weight change -0.016 below threshold 0.05 | stay long: 72h return +1.97% vs exit band -1.0% and price above 24h EMA; realised vol 94% -> weight 0.25,2.869
1791174440,champion,LTC,70.225,0.25,0.1429,0.1413,hold,hold: weight change +0.002 below threshold 0.05 | stay long: 72h return +1.87% vs exit band -1.0% and price within 2.0% of 24h EMA; realised vol 63% -> weight 0.25,0.712
1791178112,champion,BTC,85498.95,0.0,0.0,0.1422,sell,exit: 72h return -1.30% fell below exit band -1.0%,0.006
1791178112,champion,ETH,2696.105,0.0,0.0,0.0,hold,hold: weight change +0.000 below threshold 0.05 | flat: 72h return -1.47% not above entry band +1.0% and price below 24h EMA,0.019
1791178112,champion,SOL,120.135,0.0,0.0,0.1413,sell,exit: 72h return -2.41% fell below exit band -1.0%,0.416
1791178112,champion,ADA,0.266423,0.25,0.25,0.1512,buy,stay long: 72h return +4.04% vs exit band -1.0% and price above 24h EMA; realised vol 93% -> weight 0.25,1.22
1791178112,champion,AVAX,10.8875,0.0,0.0,0.1408,sell,exit: 72h return -2.79% fell below exit band -1.0%,1.378
1791178112,champion,LINK,14.05163,0.0,0.0,0.0,hold,hold: weight change +0.000 below threshold 0.05 | flat: 72h return -3.80% not above entry band +1.0% and price below 24h EMA,0.149
1791178112,champion,XRP,1.500015,0.0,0.0,0.0,hold,hold: weight change +0.000 below threshold 0.05 | flat: 72h return -1.74% not above entry band +1.0% and price below 24h EMA,0.033
1791178112,champion,DOGE,0.095063,0.0,0.0,0.1258,sell,exit: 72h return -1.60% fell below exit band -1.0%,0.131
1791178112,champion,DOT,1.20795,0.0,0.0,0.1578,sell,exit: 72h return -1.56% fell below exit band -1.0%,2.07
1791178112,champion,LTC,69.655,0.25,0.25,0.1409,buy,stay long: 72h return +0.17% vs exit band -1.0% and price within 2.0% of 24h EMA; realised vol 63% -> weight 0.25,0.718
1791182171,champion,BTC,85812.45,0.0,0.0,0.0,hold,hold: weight change +0.000 below threshold 0.05 | flat: 72h return -0.27% not above entry band +1.0%,0.006
1791182171,champion,ETH,2711.235,0.0,0.0,0.0,hold,hold: weight change +0.000 below threshold 0.05 | flat: 72h return -0.51% not above entry band +1.0% and price below 24h EMA,0.018
1791182171,champion,SOL,120.815,0.0,0.0,0.0,hold,hold: weight change +0.000 below threshold 0.05 | flat: 72h return -1.19% not above entry band +1.0% and price below 24h EMA,0.414
1791182171,champion,ADA,0.271269,0.25,0.25,0.2533,hold,hold: weight change -0.003 below threshold 0.05 | stay long: 72h return +6.38% vs exit band -1.0% and price above 24h EMA; realised vol 93% -> weight 0.25,1.106
1791182171,champion,AVAX,10.9295,0.0,0.0,0.0,hold,hold: weight change +0.000 below threshold 0.05 | flat: 72h return -1.35% not above entry band +1.0% and price below 24h EMA,0.457
1791182171,champion,LINK,14.127485,0.0,0.0,0.0,hold,hold: weight change +0.000 below threshold 0.05 | flat: 72h return -2.18% not above entry band +1.0% and price below 24h EMA,0.86
1791182171,champion,XRP,1.510935,0.0,0.0,0.0,hold,hold: weight change +0.000 below threshold 0.05 | flat: 72h return -0.69% not above entry band +1.0% and price below 24h EMA,0.033
1791182171,champion,DOGE,0.095598,0.0,0.0,0.0,hold,hold: weight change +0.000 below threshold 0.05 | flat: 72h return -0.56% not above entry band +1.0%,0.005
1791182171,champion,DOT,1.22115,0.0,0.0,0.0,hold,hold: weight change +0.000 below threshold 0.05 | flat: 72h return +0.42% not above entry band +1.0%,2.866
1791182171,champion,LTC,70.09,0.25,0.25,0.2503,hold,hold: weight change -0.000 below threshold 0.05 | stay long: 72h return -0.47% vs exit band -1.0% and price within 2.0% of 24h EMA; realised vol 63% -> weight 0.25,1.427
1791185280,champion,BTC,86174.75,0.0,0.0,0.0,hold,hold: weight change +0.000 below threshold 0.05 | flat: 72h return +0.32% not above entry band +1.0%,0.006
1791185280,champion,ETH,2721.885,0.0,0.0,0.0,hold,hold: weight change +0.000 below threshold 0.05 | flat: 72h return -0.12% not above entry band +1.0%,0.018
1791185280,champion,SOL,121.505,0.0,0.0,0.0,hold,hold: weight change +0.000 below threshold 0.05 | flat: 72h return -0.13% not above entry band +1.0%,0.412
1791185280,champion,ADA,0.271003,0.25,0.25,0.2531,hold,hold: weight change -0.003 below threshold 0.05 | stay long: 72h return +6.53% vs exit band -1.0% and price above 24h EMA; realised vol 93% -> weight 0.25,1.827
1791185280,champion,AVAX,11.0465,0.0,0.0,0.0,hold,hold: weight change +0.000 below threshold 0.05 | flat: 72h return -0.88% not above entry band +1.0% and price below 24h EMA,1.358
1791185280,champion,LINK,14.246195,0.0,0.0,0.0,hold,hold: weight change +0.000 below threshold 0.05 | flat: 72h return -1.69% not above entry band +1.0%,0.144
1791185280,champion,XRP,1.51997,0.0,0.0,0.0,hold,hold: weight change +0.000 below threshold 0.05 | flat: 72h return -0.30% not above entry band +1.0%,0.132
1791185280,champion,DOGE,0.096355,0.0,0.0,0.0,hold,hold: weight change +0.000 below threshold 0.05 | flat: 72h return +0.18% not above entry band +1.0%,0.005
1791185280,champion,DOT,1.23335,0.0,0.0,0.0,hold,hold: weight change +0.000 below threshold 0.05 | flat: 72h return +0.90% not above entry band +1.0%,0.405
1791185280,champion,LTC,70.14,0.25,0.25,0.2505,hold,hold: weight change -0.001 below threshold 0.05 | stay long: 72h return +0.10% vs exit band -1.0% and price within 2.0% of 24h EMA; realised vol 63% -> weight 0.25,1.426
1791188941,champion,BTC,86402.85,0.0,0.0,0.0,hold,hold: weight change +0.000 below threshold 0.05 | flat: 72h return +0.19% not above entry band +1.0%,0.006
1791188941,champion,ETH,2726.665,0.0,0.0,0.0,hold,hold: weight change +0.000 below threshold 0.05 | flat: 72h return -0.46% not above entry band +1.0%,0.018
1791188941,champion,SOL,121.635,0.0,0.0,0.0,hold,hold: weight change +0.000 below threshold 0.05 | flat: 72h return +0.02% not above entry band +1.0%,0.411
1791188941,champion,ADA,0.272358,0.25,0.25,0.2539,hold,hold: weight change -0.004 below threshold 0.05 | stay long: 72h return +6.83% vs exit band -1.0% and price above 24h EMA; realised vol 92% -> weight 0.25,1.45
1791188941,champion,AVAX,11.026,0.0,0.0,0.0,hold,hold: weight change +0.000 below threshold 0.05 | flat: 72h return -0.32% not above entry band +1.0%,0.907
1791188941,champion,LINK,14.19934,0.0,0.0,0.0,hold,hold: weight change +0.000 below threshold 0.05 | flat: 72h return -0.85% not above entry band +1.0%,1.225
1791188941,champion,XRP,1.51961,0.0,0.0,0.0,hold,hold: weight change +0.000 below threshold 0.05 | flat: 72h return -0.68% not above entry band +1.0%,0.329
1791188941,champion,DOGE,0.096326,0.0,0.0,0.0,hold,hold: weight change +0.000 below threshold 0.05 | flat: 72h return +0.10% not above entry band +1.0%,0.171
1791188941,champion,DOT,1.22605,0.0,0.0,0.0,hold,hold: weight change +0.000 below threshold 0.05 | flat: 72h return +0.55% not above entry band +1.0%,2.855
1791188941,champion,LTC,70.21,0.25,0.25,0.2504,hold,hold: weight change -0.000 below threshold 0.05 | stay long: 72h return -0.06% vs exit band -1.0% and price within 2.0% of 24h EMA; realised vol 63% -> weight 0.25,1.424
1791192608,champion,BTC,85852.35,0.0,0.0,0.0,hold,hold: weight change +0.000 below threshold 0.05 | flat: 72h return -0.03% not above entry band +1.0%,0.006
1791192608,champion,ETH,2717.225,0.0,0.0,0.0,hold,hold: weight change +0.000 below threshold 0.05 | flat: 72h return -1.17% not above entry band +1.0%,0.018
1791192608,champion,SOL,120.575,0.0,0.0,0.0,hold,hold: weight change +0.000 below threshold 0.05 | flat: 72h return -0.79% not above entry band +1.0% and price below 24h EMA,0.415
1791192608,champion,ADA,0.270605,0.25,0.25,0.2528,hold,hold: weight change -0.003 below threshold 0.05 | stay long: 72h return +6.46% vs exit band -1.0% and price above 24h EMA; realised vol 92% -> weight 0.25,1.183
1791192608,champion,AVAX,10.9755,0.0,0.0,0.0,hold,hold: weight change +0.000 below threshold 0.05 | flat: 72h return -0.96% not above entry band +1.0% and price below 24h EMA,1.367
1791192608,champion,LINK,14.136065,0.0,0.0,0.0,hold,hold: weight change +0.000 below threshold 0.05 | flat: 72h return -1.59% not above entry band +1.0%,0.718
1791192608,champion,XRP,1.510885,0.0,0.0,0.0,hold,hold: weight change +0.000 below threshold 0.05 | flat: 72h return -1.43% not above entry band +1.0%,0.033
1791192608,champion,DOGE,0.096121,0.0,0.0,0.0,hold,hold: weight change +0.000 below threshold 0.05 | flat: 72h return -0.30% not above entry band +1.0%,1.602
1791192608,champion,DOT,1.20985,0.0,0.0,0.0,hold,hold: weight change +0.000 below threshold 0.05 | flat: 72h return -0.81% not above entry band +1.0%,0.413
1791192608,champion,LTC,70.095,0.25,0.25,0.2505,hold,hold: weight change -0.000 below threshold 0.05 | stay long: 72h return -0.27% vs exit band -1.0% and price within 2.0% of 24h EMA; realised vol 63% -> weight 0.25,0.713
1791196038,champion,BTC,86114.65,0.0,0.0,0.0,hold,hold: weight change +0.000 below threshold 0.05 | flat: 72h return -0.45% not above entry band +1.0%,0.006
1791196038,champion,ETH,2719.585,0.0,0.0,0.0,hold,hold: weight change +0.000 below threshold 0.05 | flat: 72h return -1.08% not above entry band +1.0%,0.018
1791196038,champion,SOL,120.865,0.0,0.0,0.0,hold,hold: weight change +0.000 below threshold 0.05 | flat: 72h return -0.94% not above entry band +1.0% and price below 24h EMA,0.414
1791196038,champion,ADA,0.273481,0.25,0.25,0.2544,hold,hold: weight change -0.004 below threshold 0.05 | stay long: 72h return +5.65% vs exit band -1.0% and price above 24h EMA; realised vol 92% -> weight 0.25,0.018
1791196038,champion,AVAX,11.032,0.0,0.0,0.0,hold,hold: weight change +0.000 below threshold 0.05 | flat: 72h return -1.66% not above entry band +1.0% and price below 24h EMA,0.906
1791196038,champion,LINK,14.200395,0.0,0.0,0.0,hold,hold: weight change +0.000 below threshold 0.05 | flat: 72h return -1.74% not above entry band +1.0% and price below 24h EMA,1.173
1791196038,champion,XRP,1.518215,0.0,0.0,0.0,hold,hold: weight change +0.000 below threshold 0.05 | flat: 72h return -1.78% not above entry band +1.0%,0.033
1791196038,champion,DOGE,0.096373,0.0,0.0,0.0,hold,hold: weight change +0.000 below threshold 0.05 | flat: 72h return -0.81% not above entry band +1.0%,0.005
1791196038,champion,DOT,1.21815,0.0,0.0,0.0,hold,hold: weight change +0.000 below threshold 0.05 | flat: 72h return -0.53% not above entry band +1.0%,2.873
1791196038,champion,LTC,70.625,0.25,0.25,0.2512,hold,hold: weight change -0.001 below threshold 0.05 | stay long: 72h return +0.49% vs exit band -1.0% and price above 24h EMA; realised vol 63% -> weight 0.25,0.708
1791199524,champion,BTC,86021.65,0.0,0.0,0.0,hold,hold: weight change +0.000 below threshold 0.05 | flat: 72h return -0.21% not above entry band +1.0%,0.006
1791199524,champion,ETH,2714.775,0.0,0.0,0.0,hold,hold: weight change +0.000 below threshold 0.05 | flat: 72h return -0.94% not above entry band +1.0%,0.018
1791199524,champion,SOL,120.705,0.0,0.0,0.0,hold,hold: weight change +0.000 below threshold 0.05 | flat: 72h return -1.03% not above entry band +1.0% and price below 24h EMA,0.414
1791199524,champion,ADA,0.272896,0.25,0.25,0.254,hold,hold: weight change -0.004 below threshold 0.05 | stay long: 72h return +7.38% vs exit band -1.0% and price above 24h EMA; realised vol 92% -> weight 0.25,1.887
1791199524,champion,AVAX,10.996,0.0,0.0,0.0,hold,hold: weight change +0.000 below threshold 0.05 | flat: 72h return -1.14% not above entry band +1.0%,0.909
1791199524,champion,LINK,14.191915,0.0,0.0,0.0,hold,hold: weight change +0.000 below threshold 0.05 | flat: 72h return -1.60% not above entry band +1.0%,1.265
1791199524,champion,XRP,1.517215,0.0,0.0,0.0,hold,hold: weight change +0.000 below threshold 0.05 | flat: 72h return -1.27% not above entry band +1.0%,0.033
1791199524,champion,DOGE,0.096172,0.0,0.0,0.0,hold,hold: weight change +0.000 below threshold 0.05 | flat: 72h return -0.35% not above entry band +1.0%,0.988
1791199524,champion,DOT,1.2152,0.0,0.0,0.0,hold,hold: weight change +0.000 below threshold 0.05 | flat: 72h return -0.11% not above entry band +1.0%,2.469
1791199524,champion,LTC,70.615,0.25,0.25,0.2513,hold,hold: weight change -0.001 below threshold 0.05 | stay long: 72h return +1.26% vs exit band -1.0% and price above 24h EMA; realised vol 62% -> weight 0.25,0.708
1791203496,champion,BTC,85985.05,0.0,0.0,0.0,hold,hold: weight change +0.000 below threshold 0.05 | flat: 72h return -0.25% not above entry band +1.0%,0.006
1791203496,champion,ETH,2713.405,0.0,0.0,0.0,hold,hold: weight change +0.000 below threshold 0.05 | flat: 72h return -1.03% not above entry band +1.0%,0.018
1791203496,champion,SOL,120.575,0.0,0.0,0.0,hold,hold: weight change +0.000 below threshold 0.05 | flat: 72h return -0.82% not above entry band +1.0% and price below 24h EMA,0.415
1791203496,champion,ADA,0.271845,0.25,0.25,0.2532,hold,hold: weight change -0.003 below threshold 0.05 | stay long: 72h return +6.61% vs exit band -1.0% and price above 24h EMA; realised vol 92% -> weight 0.25,1.674
1791203496,champion,AVAX,10.9415,0.0,0.0,0.0,hold,hold: weight change +0.000 below threshold 0.05 | flat: 72h return -0.99% not above entry band +1.0%,0.457
1791203496,champion,LINK,14.1555,0.0,0.0,0.0,hold,hold: weight change +0.000 below threshold 0.05 | flat: 72h return -1.29% not above entry band +1.0%,1.42
1791203496,champion,XRP,1.5113,0.0,0.0,0.0,hold,hold: weight change +0.000 below threshold 0.05 | flat: 72h return -0.86% not above entry band +1.0%,0.331
1791203496,champion,DOGE,0.095813,0.0,0.0,0.0,hold,hold: weight change +0.000 below threshold 0.05 | flat: 72h return -0.24% not above entry band +1.0%,0.005
1791203496,champion,DOT,1.20775,0.0,0.0,0.0,hold,hold: weight change +0.000 below threshold 0.05 | flat: 72h return -0.12% not above entry band +1.0%,0.414
1791203496,champion,LTC,70.655,0.25,0.25,0.2517,hold,hold: weight change -0.002 below threshold 0.05 | stay long: 72h return +1.53% vs exit band -1.0% and price above 24h EMA; realised vol 62% -> weight 0.25,0.708
1791207048,champion,BTC,85844.05,0.0,0.0,0.0,hold,hold: weight change +0.000 below threshold 0.05 | flat: 72h return -1.06% not above entry band +1.0%,0.006
1791207048,champion,ETH,2713.29,0.0,0.0,0.0,hold,hold: weight change +0.000 below threshold 0.05 | flat: 72h return -1.61% not above entry band +1.0% and price below 24h EMA,0.369
1791207048,champion,SOL,120.265,0.0,0.0,0.0,hold,hold: weight change +0.000 below threshold 0.05 | flat: 72h return -1.81% not above entry band +1.0% and price below 24h EMA,0.416
1791207048,champion,ADA,0.274245,0.25,0.25,0.2547,hold,hold: weight change -0.005 below threshold 0.05 | stay long: 72h return +5.79% vs exit band -1.0% and price above 24h EMA; realised vol 90% -> weight 0.25,4.029
1791207048,champion,AVAX,10.9295,0.0,0.0,0.0,hold,hold: weight change +0.000 below threshold 0.05 | flat: 72h return -2.78% not above entry band +1.0% and price below 24h EMA,3.202
1791207048,champion,LINK,14.053525,0.0,0.0,0.0,hold,hold: weight change +0.000 below threshold 0.05 | flat: 72h return -2.60% not above entry band +1.0% and price below 24h EMA,2.387
1791207048,champion,XRP,1.509165,0.0,0.0,0.0,hold,hold: weight change +0.000 below threshold 0.05 | flat: 72h return -2.14% not above entry band +1.0% and price below 24h EMA,2.087
1791207048,champion,DOGE,0.095776,0.0,0.0,0.0,hold,hold: weight change +0.000 below threshold 0.05 | flat: 72h return -1.60% not above entry band +1.0%,2.647
1791207048,champion,DOT,1.19985,0.0,0.0,0.0,hold,hold: weight change +0.000 below threshold 0.05 | flat: 72h return -1.89% not above entry band +1.0% and price below 24h EMA,4.584
1791207048,champion,LTC,70.825,0.25,0.25,0.2516,hold,hold: weight change -0.002 below threshold 0.05 | stay long: 72h return +1.26% vs exit band -1.0% and price above 24h EMA; realised vol 61% -> weight 0.25,0.706
1791210621,champion,BTC,86168.05,0.0,0.0,0.0,hold,hold: weight change +0.000 below threshold 0.05 | flat: 72h return -0.20% not above entry band +1.0%,0.006
1791210621,champion,ETH,2711.905,0.0,0.0,0.0,hold,hold: weight change +0.000 below threshold 0.05 | flat: 72h return -0.77% not above entry band +1.0%,0.24
1791210621,champion,SOL,120.195,0.0,0.0,0.0,hold,hold: weight change +0.000 below threshold 0.05 | flat: 72h return -1.06% not above entry band +1.0% and price below 24h EMA,0.416
1791210621,champion,ADA,0.271586,0.25,0.25,0.2524,hold,hold: weight change -0.002 below threshold 0.05 | stay long: 72h return +7.33% vs exit band -1.0% and price above 24h EMA; realised vol 90% -> weight 0.25,1.307
1791210621,champion,AVAX,10.9275,0.0,0.0,0.0,hold,hold: weight change +0.000 below threshold 0.05 | flat: 72h return -0.83% not above entry band +1.0%,2.288
1791210621,champion,LINK,13.992805,0.0,0.0,0.0,hold,hold: weight change +0.000 below threshold 0.05 | flat: 72h return -1.87% not above entry band +1.0% and price below 24h EMA,3.027
1791210621,champion,XRP,1.50961,0.0,0.0,0.0,hold,hold: weight change +0.000 below threshold 0.05 | flat: 72h return -1.09% not above entry band +1.0%,1.126
1791210621,champion,DOGE,0.095619,0.0,0.0,0.0,hold,hold: weight change +0.000 below threshold 0.05 | flat: 72h return -0.51% not above entry band +1.0%,0.418
1791210621,champion,DOT,1.20285,0.0,0.0,0.0,hold,hold: weight change +0.000 below threshold 0.05 | flat: 72h return -1.34% not above entry band +1.0% and price below 24h EMA,3.741
1791210621,champion,LTC,71.355,0.25,0.25,0.2536,hold,hold: weight change -0.004 below threshold 0.05 | stay long: 72h return -0.10% vs exit band -1.0% and price above 24h EMA; realised vol 61% -> weight 0.25,2.102
1791214100,champion,BTC,85507.55,0.0,0.0,0.0,hold,hold: weight change +0.000 below threshold 0.05 | flat: 72h return -0.06% not above entry band +1.0% and price below 24h EMA,0.006
1791214100,champion,ETH,2703.015,0.0,0.0,0.0,hold,hold: weight change +0.000 below threshold 0.05 | flat: 72h return -0.19% not above entry band +1.0% and price below 24h EMA,0.018
1791214100,champion,SOL,119.635,0.0,0.0,0.0,hold,hold: weight change +0.000 below threshold 0.05 | flat: 72h return -0.91% not above entry band +1.0% and price below 24h EMA,0.418
1791214100,champion,ADA,0.267515,0.25,0.25,0.2495,hold,hold: weight change +0.000 below threshold 0.05 | stay long: 72h return +6.28% vs exit band -1.0% and price above 24h EMA; realised vol 88% -> weight 0.25,0.822
1791214100,champion,AVAX,10.9245,0.0,0.0,0.0,hold,hold: weight change +0.000 below threshold 0.05 | flat: 72h return -1.74% not above entry band +1.0% and price below 24h EMA,1.373
1791214100,champion,LINK,13.82284,0.0,0.0,0.0,hold,hold: weight change +0.000 below threshold 0.05 | flat: 72h return -2.98% not above entry band +1.0% and price below 24h EMA,0.666
1791214100,champion,XRP,1.498435,0.0,0.0,0.0,hold,hold: weight change +0.000 below threshold 0.05 | flat: 72h return -0.92% not above entry band +1.0% and price below 24h EMA,0.033
1791214100,champion,DOGE,0.094815,0.0,0.0,0.0,hold,hold: weight change +0.000 below threshold 0.05 | flat: 72h return -0.80% not above entry band +1.0% and price below 24h EMA,0.116
1791214100,champion,DOT,1.19725,0.0,0.0,0.0,hold,hold: weight change +0.000 below threshold 0.05 | flat: 72h return -1.39% not above entry band +1.0% and price below 24h EMA,2.923
1791214100,champion,LTC,71.4,0.25,0.25,0.2547,hold,hold: weight change -0.005 below threshold 0.05 | stay long: 72h return +1.85% vs exit band -1.0% and price above 24h EMA; realised vol 61% -> weight 0.25,1.401
1791217651,champion,BTC,85129.75,0.0,0.0,0.0,hold,hold: weight change +0.000 below threshold 0.05 | flat: 72h return -0.08% not above entry band +1.0% and price below 24h EMA,0.006
1791217651,champion,ETH,2687.305,0.0,0.0,0.0,hold,hold: weight change +0.000 below threshold 0.05 | flat: 72h return -0.01% not above entry band +1.0% and price below 24h EMA,0.019
1791217651,champion,SOL,119.085,0.0,0.0,0.0,hold,hold: weight change +0.000 below threshold 0.05 | flat: 72h return -0.53% not above entry band +1.0% and price below 24h EMA,0.42
1791217651,champion,ADA,0.262165,0.25,0.25,0.247,hold,hold: weight change +0.003 below threshold 0.05 | stay long: 72h return +4.69% vs exit band -1.0% and price within 2.0% of 24h EMA; realised vol 88% -> weight 0.25,1.144
1791217651,champion,AVAX,10.8465,0.0,0.0,0.0,hold,hold: weight change +0.000 below threshold 0.05 | flat: 72h return -2.37% not above entry band +1.0% and price below 24h EMA,0.461
1791217651,champion,LINK,13.756635,0.0,0.0,0.0,hold,hold: weight change +0.000 below threshold 0.05 | flat: 72h return -3.04% not above entry band +1.0% and price below 24h EMA,1.915
1791217651,champion,XRP,1.488595,0.0,0.0,0.0,hold,hold: weight change +0.000 below threshold 0.05 | flat: 72h return -0.91% not above entry band +1.0% and price below 24h EMA,0.101
1791217651,champion,DOGE,0.094057,0.0,0.0,0.0,hold,hold: weight change +0.000 below threshold 0.05 | flat: 72h return -0.52% not above entry band +1.0% and price below 24h EMA,2.892
1791217651,champion,DOT,1.1903,0.0,0.0,0.0,hold,hold: weight change +0.000 below threshold 0.05 | flat: 72h return -1.66% not above entry band +1.0% and price below 24h EMA,3.36
1791217651,champion,LTC,69.925,0.0,0.0,0.252,sell,exit: 72h return -1.44% fell below exit band -1.0%,2.145
1791221072,champion,BTC,85320.15,0.0,0.0,0.0,hold,hold: weight change +0.000 below threshold 0.05 | flat: 72h return +0.18% not above entry band +1.0% and price below 24h EMA,0.006
1791221072,champion,ETH,2699.155,0.0,0.0,0.0,hold,hold: weight change +0.000 below threshold 0.05 | flat: 72h return +0.25% not above entry band +1.0% and price below 24h EMA,0.019
1791221072,champion,SOL,119.765,0.0,0.0,0.0,hold,hold: weight change +0.000 below threshold 0.05 | flat: 72h return -0.30% not above entry band +1.0% and price below 24h EMA,0.417
1791221072,champion,ADA,0.264887,0.25,0.25,0.2491,hold,hold: weight change +0.001 below threshold 0.05 | stay long: 72h return +4.90% vs exit band -1.0% and price above 24h EMA; realised vol 88% -> weight 0.25,1.133
1791221072,champion,AVAX,10.912,0.0,0.0,0.0,hold,hold: weight change +0.000 below threshold 0.05 | flat: 72h return -1.63% not above entry band +1.0% and price below 24h EMA,0.916
1791221072,champion,LINK,13.867265,0.0,0.0,0.0,hold,hold: weight change +0.000 below threshold 0.05 | flat: 72h return -2.38% not above entry band +1.0% and price below 24h EMA,1.302
1791221072,champion,XRP,1.49526,0.0,0.0,0.0,hold,hold: weight change +0.000 below threshold 0.05 | flat: 72h return -0.75% not above entry band +1.0% and price below 24h EMA,0.067
1791221072,champion,DOGE,0.09454,0.0,0.0,0.0,hold,hold: weight change +0.000 below threshold 0.05 | flat: 72h return -0.53% not above entry band +1.0% and price below 24h EMA,0.063
1791221072,champion,DOT,1.19315,0.0,0.0,0.0,hold,hold: weight change +0.000 below threshold 0.05 | flat: 72h return -1.99% not above entry band +1.0% and price below 24h EMA,0.419
1791221072,champion,LTC,70.835,0.0,0.0,0.0,hold,hold: weight change +0.000 below threshold 0.05 | flat: 72h return +0.83% not above entry band +1.0% and price below 24h EMA,0.706
1791225021,champion,BTC,85547.15,0.0,0.0,0.0,hold,hold: weight change +0.000 below threshold 0.05 | flat: 72h return +0.78% not above entry band +1.0% and price below 24h EMA,0.006
1791225021,champion,ETH,2708.335,0.0,0.0,0.0,hold,hold: weight change +0.000 below threshold 0.05 | flat: 72h return +0.80% not above entry band +1.0% and price below 24h EMA,0.018
1791225021,champion,SOL,120.025,0.0,0.0,0.0,hold,hold: weight change +0.000 below threshold 0.05 | flat: 72h return +0.28% not above entry band +1.0% and price below 24h EMA,0.417
1791225021,champion,ADA,0.264817,0.25,0.25,0.249,hold,hold: weight change +0.001 below threshold 0.05 | stay long: 72h return +5.69% vs exit band -1.0% and price within 2.0% of 24h EMA; realised vol 88% -> weight 0.25,2.436
1791225021,champion,AVAX,10.884,0.0,0.0,0.0,hold,hold: weight change +0.000 below threshold 0.05 | flat: 72h return -1.55% not above entry band +1.0% and price below 24h EMA,0.919
1791225021,champion,LINK,13.890005,0.0,0.0,0.0,hold,hold: weight change +0.000 below threshold 0.05 | flat: 72h return -1.84% not above entry band +1.0% and price below 24h EMA,0.004
1791225021,champion,XRP,1.499035,0.0,0.0,0.0,hold,hold: weight change +0.000 below threshold 0.05 | flat: 72h return -0.10% not above entry band +1.0% and price below 24h EMA,0.167
1791225021,champion,DOGE,0.094775,0.0,0.0,0.0,hold,hold: weight change +0.000 below threshold 0.05 | flat: 72h return +0.22% not above entry band +1.0% and price below 24h EMA,0.353
1791225021,champion,DOT,1.20445,0.0,0.0,0.0,hold,hold: weight change +0.000 below threshold 0.05 | flat: 72h return -1.31% not above entry band +1.0% and price below 24h EMA,2.076
1791225021,champion,LTC,70.53,0.25,0.25,0.0,buy,enter long: 72h return +1.41% vs entry band +1.0% and price above 24h EMA; realised vol 61% -> weight 0.25,1.418
1791226800,champion,BTC,85650.0,0.0,0.0,0.0,hold,replayed after a missed run | hold: weight change +0.000 below threshold 0.05 | flat: price below 24h EMA,0.0
1791226800,champion,ETH,2710.06,0.25,0.25,0.0,buy,replayed after a missed run | enter long: 72h return +1.71% vs entry band +1.0% and price above 24h EMA; realised vol 37% -> weight 0.25,0.0
1791226800,champion,SOL,120.11,0.0,0.0,0.0,hold,replayed after a missed run | hold: weight change +0.000 below threshold 0.05 | flat: price below 24h EMA,0.0
1791226800,champion,ADA,0.265311,0.25,0.25,0.2498,hold,replayed after a missed run | hold: weight change +0.000 below threshold 0.05 | stay long: 72h return +10.72% vs exit band -1.0% and price above 24h EMA; realised vol 88% -> weight 0.25,0.0
1791226800,champion,AVAX,10.901,0.0,0.0,0.0,hold,replayed after a missed run | hold: weight change +0.000 below threshold 0.05 | flat: price below 24h EMA,0.0
1791226800,champion,LINK,13.90339,0.0,0.0,0.0,hold,replayed after a missed run | hold: weight change +0.000 below threshold 0.05 | flat: price below 24h EMA,0.0
1791226800,champion,XRP,1.4994,0.0,0.0,0.0,hold,replayed after a missed run | hold: weight change +0.000 below threshold 0.05 | flat: price below 24h EMA,0.0
1791226800,champion,DOGE,0.094872,0.0,0.0,0.0,hold,replayed after a missed run | hold: weight change +0.000 below threshold 0.05 | flat: price below 24h EMA,0.0
1791226800,champion,DOT,1.2161,0.25,0.25,0.0,buy,replayed after a missed run | enter long: 72h return +5.96% vs entry band +1.0% and price above 24h EMA; realised vol 92% -> weight 0.25,0.0
1791226800,champion,LTC,70.15,0.25,0.25,0.2488,hold,replayed after a missed run | hold: weight change +0.001 below threshold 0.05 | stay long: 72h return +2.45% vs exit band -1.0% and price within 2.0% of 24h EMA; realised vol 61% -> weight 0.25,0.0
1791230400,champion,BTC,85731.7,0.0,0.0,0.0,hold,replayed after a missed run | hold: weight change +0.000 below threshold 0.05 | flat: price below 24h EMA,0.0
1791230400,champion,ETH,2709.05,0.25,0.2,0.2498,hold,replayed after a missed run | hold: weight change -0.050 below threshold 0.05 | stay long: 72h return +1.53% vs exit band -1.0% and price within 2.0% of 24h EMA; realised vol 36% -> weight 0.25,0.0
1791230400,champion,SOL,120.27,0.0,0.0,0.0,hold,replayed after a missed run | hold: weight change +0.000 below threshold 0.05 | flat: price below 24h EMA,0.0
1791230400,champion,ADA,0.266276,0.25,0.2,0.2507,sell,replayed after a missed run | stay long: 72h return +11.08% vs exit band -1.0% and price above 24h EMA; realised vol 86% -> weight 0.25,0.0
1791230400,champion,AVAX,10.882,0.0,0.0,0.0,hold,replayed after a missed run | hold: weight change +0.000 below threshold 0.05 | flat: price below 24h EMA,0.0
1791230400,champion,LINK,13.93013,0.0,0.0,0.0,hold,replayed after a missed run | hold: weight change +0.000 below threshold 0.05 | flat: price below 24h EMA,0.0
1791230400,champion,XRP,1.50349,0.0,0.0,0.0,hold,replayed after a missed run | hold: weight change +0.000 below threshold 0.05 | flat: price below 24h EMA,0.0
1791230400,champion,DOGE,0.095457,0.25,0.2,0.0,buy,replayed after a missed run | enter long: 72h return +4.30% vs entry band +1.0% and price above 24h EMA; realised vol 58% -> weight 0.25,0.0
1791230400,champion,DOT,1.2168,0.25,0.2,0.2501,sell,replayed after a missed run | stay long: 72h return +5.85% vs exit band -1.0% and price above 24h EMA; realised vol 91% -> weight 0.25,0.0
1791230400,champion,LTC,70.04,0.25,0.2,0.2485,hold,replayed after a missed run | hold: weight change -0.048 below threshold 0.05 | stay long: 72h return +2.01% vs exit band -1.0% and price within 2.0% of 24h EMA; realised vol 61% -> weight 0.25,0.0
1791235939,champion,BTC,85808.15,0.25,0.125,0.0,buy,enter long: 72h return +1.58% vs entry band +1.0% and price above 24h EMA; realised vol 32% -> weight 0.25,0.006
1791235939,champion,ETH,2714.19,0.25,0.125,0.2487,sell,stay long: 72h return +1.91% vs exit band -1.0% and price above 24h EMA; realised vol 36% -> weight 0.25,0.258
1791235939,champion,SOL,120.705,0.25,0.125,0.0,buy,enter long: 72h return +2.45% vs entry band +1.0% and price above 24h EMA; realised vol 49% -> weight 0.25,0.414
1791235939,champion,ADA,0.269169,0.25,0.125,0.2009,sell,stay long: 72h return +12.61% vs exit band -1.0% and price above 24h EMA; realised vol 86% -> weight 0.25,1.542
1791235939,champion,AVAX,10.9795,0.25,0.125,0.0,buy,enter long: 72h return +4.07% vs entry band +1.0% and price above 24h EMA; realised vol 85% -> weight 0.25,0.455
1791235939,champion,LINK,13.94687,0.0,0.0,0.0,hold,hold: weight change +0.000 below threshold 0.05 | flat: price below 24h EMA,2.022
1791235939,champion,XRP,1.505375,0.0,0.0,0.0,hold,hold: weight change +0.000 below threshold 0.05 | flat: price below 24h EMA,0.033
1791235939,champion,DOGE,0.095658,0.25,0.125,0.101,hold,hold: weight change +0.024 below threshold 0.05 | stay long: 72h return +4.74% vs exit band -1.0% and price above 24h EMA; realised vol 58% -> weight 0.25,0.005
1791235939,champion,DOT,1.23505,0.25,0.125,0.2017,sell,stay long: 72h return +7.79% vs exit band -1.0% and price above 24h EMA; realised vol 91% -> weight 0.25,0.405
1791235939,champion,LTC,70.26,0.25,0.125,0.2477,sell,stay long: 72h return +2.17% vs exit band -1.0% and price within 2.0% of 24h EMA; realised vol 61% -> weight 0.25,2.847
1791239003,champion,BTC,85927.05,0.25,0.1111,0.1248,hold,hold: weight change -0.014 below threshold 0.05 | stay long: 72h return +1.68% vs exit band -1.0% and price above 24h EMA; realised vol 32% -> weight 0.25,0.006
1791239003,champion,ETH,2717.155,0.25,0.1111,0.1247,hold,hold: weight change -0.014 below threshold 0.05 | stay long: 72h return +1.98% vs exit band -1.0% and price above 24h EMA; realised vol 36% -> weight 0.25,0.018
1791239003,champion,SOL,121.475,0.25,0.1111,0.1254,hold,hold: weight change -0.014 below threshold 0.05 | stay long: 72h return +2.15% vs exit band -1.0% and price above 24h EMA; realised vol 49% -> weight 0.25,0.412
1791239003,champion,ADA,0.273747,0.25,0.1111,0.1267,hold,hold: weight change -0.016 below threshold 0.05 | stay long: 72h return +11.90% vs exit band -1.0% and price above 24h EMA; realised vol 86% -> weight 0.25,3.452
1791239003,champion,AVAX,11.05,0.25,0.1111,0.1254,hold,hold: weight change -0.014 below threshold 0.05 | stay long: 72h return +3.05% vs exit band -1.0% and price above 24h EMA; realised vol 85% -> weight 0.25,0.905
1791239003,champion,LINK,13.908015,0.0,0.0,0.0,hold,hold: weight change +0.000 below threshold 0.05 | flat: price below 24h EMA,0.004
1791239003,champion,XRP,1.513845,0.25,0.1111,0.0,buy,enter long: 72h return +2.16% vs entry band +1.0% and price above 24h EMA; realised vol 51% -> weight 0.25,0.231
1791239003,champion,DOGE,0.095951,0.25,0.1111,0.101,hold,hold: weight change +0.010 below threshold 0.05 | stay long: 72h return +3.94% vs exit band -1.0% and price above 24h EMA; realised vol 58% -> weight 0.25,0.005
1791239003,champion,DOT,1.23035,0.25,0.1111,0.1241,hold,hold: weight change -0.013 below threshold 0.05 | stay long: 72h return +7.31% vs exit band -1.0% and price above 24h EMA; realised vol 90% -> weight 0.25,2.032
1791239003,champion,LTC,70.28,0.25,0.1111,0.1246,hold,hold: weight change -0.014 below threshold 0.05 | stay long: 72h return +0.73% vs exit band -1.0% and price within 2.0% of 24h EMA; realised vol 61% -> weight 0.25,1.423
1791242514,champion,BTC,85919.45,0.25,0.1111,0.1251,hold,hold: weight change -0.014 below threshold 0.05 | stay long: 72h return +1.63% vs exit band -1.0% and price above 24h EMA; realised vol 32% -> weight 0.25,0.006
1791242514,champion,ETH,2714.835,0.25,0.1111,0.125,hold,hold: weight change -0.014 below threshold 0.05 | stay long: 72h return +1.81% vs exit band -1.0% and price above 24h EMA; realised vol 36% -> weight 0.25,0.018
1791242514,champion,SOL,120.765,0.25,0.1111,0.125,hold,hold: weight change -0.014 below threshold 0.05 | stay long: 72h return +2.09% vs exit band -1.0% and price above 24h EMA; realised vol 49% -> weight 0.25,0.414
1791242514,champion,ADA,0.270748,0.25,0.1111,0.1257,hold,hold: weight change -0.015 below threshold 0.05 | stay long: 72h return +12.17% vs exit band -1.0% and price above 24h EMA; realised vol 86% -> weight 0.25,1.108
1791242514,champion,AVAX,11.0955,0.25,0.1111,0.1263,hold,hold: weight change -0.015 below threshold 0.05 | stay long: 72h return +3.09% vs exit band -1.0% and price above 24h EMA; realised vol 84% -> weight 0.25,0.451
1791242514,champion,LINK,13.859895,0.0,0.0,0.0,hold,hold: weight change +0.000 below threshold 0.05 | flat: price below 24h EMA,0.004
1791242514,champion,XRP,1.510045,0.25,0.1111,0.0231,none,"waits for cash: the book is fully invested and no position is far enough above its target to trim, so this buy fills when an exit or a bigger drift frees cash | stay long: 72h return +2.04% vs exit band -1.0% and price above 24h EMA; realised vol 51% -> weight 0.25",0.033
1791242514,champion,DOGE,0.095514,0.25,0.1111,0.1009,hold,hold: weight change +0.010 below threshold 0.05 | stay long: 72h return +3.50% vs exit band -1.0% and price above 24h EMA; realised vol 58% -> weight 0.25,0.005
1791242514,champion,DOT,1.22505,0.25,0.1111,0.124,hold,hold: weight change -0.013 below threshold 0.05 | stay long: 72h return +7.19% vs exit band -1.0% and price above 24h EMA; realised vol 90% -> weight 0.25,0.408
1791242514,champion,LTC,70.2,0.25,0.1111,0.1249,hold,hold: weight change -0.014 below threshold 0.05 | stay long: 72h return +1.08% vs exit band -1.0% and price within 2.0% of 24h EMA; realised vol 61% -> weight 0.25,1.425
1791246880,champion,BTC,85838.25,0.25,0.1111,0.1251,hold,hold: weight change -0.014 below threshold 0.05 | stay long: 72h return +1.48% vs exit band -1.0% and price within 2.0% of 24h EMA; realised vol 32% -> weight 0.25,0.006
1791246880,champion,ETH,2713.445,0.25,0.1111,0.125,hold,hold: weight change -0.014 below threshold 0.05 | stay long: 72h return +1.55% vs exit band -1.0% and price within 2.0% of 24h EMA; realised vol 36% -> weight 0.25,0.018
1791246880,champion,SOL,120.865,0.25,0.1111,0.1252,hold,hold: weight change -0.014 below threshold 0.05 | stay long: 72h return +1.80% vs exit band -1.0% and price above 24h EMA; realised vol 49% -> weight 0.25,0.414
1791246880,champion,ADA,0.270436,0.25,0.1111,0.1256,hold,hold: weight change -0.015 below threshold 0.05 | stay long: 72h return +10.67% vs exit band -1.0% and price above 24h EMA; realised vol 86% -> weight 0.25,2.348
1791246880,champion,AVAX,11.1725,0.25,0.1111,0.1272,hold,hold: weight change -0.016 below threshold 0.05 | stay long: 72h return +3.04% vs exit band -1.0% and price above 24h EMA; realised vol 84% -> weight 0.25,0.448
1791246880,champion,LINK,13.881395,0.0,0.0,0.0,hold,hold: weight change +0.000 below threshold 0.05 | flat: 72h return +0.43% not above entry band +1.0% and price below 24h EMA,0.004
1791246880,champion,XRP,1.50778,0.25,0.1111,0.0231,none,"waits for cash: the book is fully invested and no position is far enough above its target to trim, so this buy fills when an exit or a bigger drift frees cash | stay long: 72h return +1.55% vs exit band -1.0% and price above 24h EMA; realised vol 51% -> weight 0.25",0.332
1791246880,champion,DOGE,0.095301,0.25,0.1111,0.1007,hold,hold: weight change +0.010 below threshold 0.05 | stay long: 72h return +2.72% vs exit band -1.0% and price above 24h EMA; realised vol 58% -> weight 0.25,0.005
1791246880,champion,DOT,1.22105,0.25,0.1111,0.1236,hold,hold: weight change -0.013 below threshold 0.05 | stay long: 72h return +6.65% vs exit band -1.0% and price above 24h EMA; realised vol 90% -> weight 0.25,0.409
1791246880,champion,LTC,69.915,0.25,0.1111,0.1244,hold,hold: weight change -0.013 below threshold 0.05 | stay long: 72h return +0.31% vs exit band -1.0% and price within 2.0% of 24h EMA; realised vol 61% -> weight 0.25,0.715
1791249907,champion,BTC,85933.15,0.25,0.125,0.1253,hold,hold: weight change -0.000 below threshold 0.05 | stay long: 72h return +1.50% vs exit band -1.0% and price above 24h EMA; realised vol 32% -> weight 0.25,0.006
1791249907,champion,ETH,2715.525,0.25,0.125,0.1252,hold,hold: weight change -0.000 below threshold 0.05 | stay long: 72h return +1.57% vs exit band -1.0% and price above 24h EMA; realised vol 36% -> weight 0.25,0.018
1791249907,champion,SOL,120.995,0.25,0.125,0.1255,hold,hold: weight change -0.000 below threshold 0.05 | stay long: 72h return +1.71% vs exit band -1.0% and price above 24h EMA; realised vol 49% -> weight 0.25,0.413
1791249907,champion,ADA,0.269141,0.25,0.125,0.1252,hold,hold: weight change -0.000 below threshold 0.05 | stay long: 72h return +9.88% vs exit band -1.0% and price above 24h EMA; realised vol 86% -> weight 0.25,1.43
1791249907,champion,AVAX,11.155,0.25,0.125,0.1272,hold,hold: weight change -0.002 below threshold 0.05 | stay long: 72h return +2.60% vs exit band -1.0% and price above 24h EMA; realised vol 84% -> weight 0.25,0.896
1791249907,champion,LINK,13.865005,0.0,0.0,0.0,hold,hold: weight change +0.000 below threshold 0.05 | flat: 72h return -0.12% not above entry band +1.0% and price below 24h EMA,0.004
1791249907,champion,XRP,1.506805,0.25,0.125,0.0231,buy,stay long: 72h return +1.36% vs exit band -1.0% and price above 24h EMA; realised vol 50% -> weight 0.25,0.033
1791249907,champion,DOGE,0.095139,0.25,0.125,0.1006,hold,hold: weight change +0.024 below threshold 0.05 | stay long: 72h return +2.16% vs exit band -1.0% and price within 2.0% of 24h EMA; realised vol 58% -> weight 0.25,0.005
1791249907,champion,DOT,1.2213,0.25,0.125,0.1238,hold,hold: weight change +0.001 below threshold 0.05 | stay long: 72h return +5.43% vs exit band -1.0% and price above 24h EMA; realised vol 90% -> weight 0.25,1.638
1791249907,champion,LTC,69.69,0.0,0.0,0.1241,sell,exit: 72h return -1.81% fell below exit band -1.0%,1.435
1791253458,champion,BTC,85738.15,0.25,0.125,0.1252,hold,hold: weight change -0.000 below threshold 0.05 | stay long: 72h return +1.22% vs exit band -1.0% and price within 2.0% of 24h EMA; realised vol 32% -> weight 0.25,0.006
1791253458,champion,ETH,2709.215,0.25,0.125,0.1251,hold,hold: weight change -0.000 below threshold 0.05 | stay long: 72h return +1.04% vs exit band -1.0% and price within 2.0% of 24h EMA; realised vol 36% -> weight 0.25,0.018
1791253458,champion,SOL,120.745,0.25,0.125,0.1253,hold,hold: weight change -0.000 below threshold 0.05 | stay long: 72h return +1.28% vs exit band -1.0% and price above 24h EMA; realised vol 48% -> weight 0.25,0.414
1791253458,champion,ADA,0.269069,0.25,0.125,0.1253,hold,hold: weight change -0.000 below threshold 0.05 | stay long: 72h return +8.36% vs exit band -1.0% and price above 24h EMA; realised vol 86% -> weight 0.25,1.171
1791253458,champion,AVAX,11.1945,0.25,0.125,0.1277,hold,hold: weight change -0.003 below threshold 0.05 | stay long: 72h return +2.09% vs exit band -1.0% and price above 24h EMA; realised vol 83% -> weight 0.25,1.34
1791253458,champion,LINK,13.827765,0.0,0.0,0.0,hold,hold: weight change +0.000 below threshold 0.05 | flat: 72h return -0.95% not above entry band +1.0% and price below 24h EMA,1.385
1791253458,champion,XRP,1.502535,0.25,0.125,0.1247,hold,hold: weight change +0.000 below threshold 0.05 | stay long: 72h return +0.79% vs exit band -1.0% and price within 2.0% of 24h EMA; realised vol 50% -> weight 0.25,0.166
1791253458,champion,DOGE,0.095003,0.25,0.125,0.1006,hold,hold: weight change +0.024 below threshold 0.05 | stay long: 72h return +1.89% vs exit band -1.0% and price within 2.0% of 24h EMA; realised vol 57% -> weight 0.25,0.005
1791253458,champion,DOT,1.22345,0.25,0.125,0.1241,hold,hold: weight change +0.001 below threshold 0.05 | stay long: 72h return +4.70% vs exit band -1.0% and price above 24h EMA; realised vol 89% -> weight 0.25,2.043
1791253458,champion,LTC,69.64,0.0,0.0,0.0,hold,hold: weight change +0.000 below threshold 0.05 | flat: 72h return -1.12% not above entry band +1.0% and price below 24h EMA,1.436
1791257065,champion,BTC,85534.95,0.25,0.125,0.1252,hold,hold: weight change -0.000 below threshold 0.05 | stay long: 72h return +1.10% vs exit band -1.0% and price within 2.0% of 24h EMA; realised vol 32% -> weight 0.25,0.006
1791257065,champion,ETH,2699.965,0.25,0.125,0.1249,hold,hold: weight change +0.000 below threshold 0.05 | stay long: 72h return +0.93% vs exit band -1.0% and price within 2.0% of 24h EMA; realised vol 36% -> weight 0.25,0.019
1791257065,champion,SOL,120.245,0.25,0.125,0.1251,hold,hold: weight change -0.000 below threshold 0.05 | stay long: 72h return +1.09% vs exit band -1.0% and price within 2.0% of 24h EMA; realised vol 48% -> weight 0.25,0.416
1791257065,champion,ADA,0.267375,0.25,0.125,0.1247,hold,hold: weight change +0.000 below threshold 0.05 | stay long: 72h return +7.98% vs exit band -1.0% and price within 2.0% of 24h EMA; realised vol 85% -> weight 0.25,1.103
1791257065,champion,AVAX,11.204,0.25,0.125,0.1281,hold,hold: weight change -0.003 below threshold 0.05 | stay long: 72h return +2.88% vs exit band -1.0% and price above 24h EMA; realised vol 82% -> weight 0.25,0.893
1791257065,champion,LINK,13.78744,0.0,0.0,0.0,hold,hold: weight change +0.000 below threshold 0.05 | flat: 72h return -1.09% not above entry band +1.0% and price below 24h EMA,1.306
1791257065,champion,XRP,1.498205,0.25,0.125,0.1246,hold,hold: weight change +0.000 below threshold 0.05 | stay long: 72h return +0.78% vs exit band -1.0% and price within 2.0% of 24h EMA; realised vol 50% -> weight 0.25,0.033
1791257065,champion,DOGE,0.094692,0.25,0.125,0.1005,hold,hold: weight change +0.025 below threshold 0.05 | stay long: 72h return +1.62% vs exit band -1.0% and price within 2.0% of 24h EMA; realised vol 57% -> weight 0.25,0.005
1791257065,champion,DOT,1.22745,0.25,0.125,0.1248,hold,hold: weight change +0.000 below threshold 0.05 | stay long: 72h return +4.52% vs exit band -1.0% and price above 24h EMA; realised vol 89% -> weight 0.25,0.407
1791257065,champion,LTC,69.355,0.0,0.0,0.0,hold,hold: weight change +0.000 below threshold 0.05 | flat: 72h return -0.49% not above entry band +1.0% and price below 24h EMA,0.721
1791260755,champion,BTC,85600.45,0.25,0.125,0.1251,hold,hold: weight change -0.000 below threshold 0.05 | stay long: 72h return +0.96% vs exit band -1.0% and price within 2.0% of 24h EMA; realised vol 32% -> weight 0.25,0.006
1791260755,champion,ETH,2703.695,0.25,0.125,0.1249,hold,hold: weight change +0.000 below threshold 0.05 | stay long: 72h return +0.64% vs exit band -1.0% and price within 2.0% of 24h EMA; realised vol 36% -> weight 0.25,0.018
1791260755,champion,SOL,120.265,0.25,0.125,0.1249,hold,hold: weight change +0.000 below threshold 0.05 | stay long: 72h return +0.50% vs exit band -1.0% and price within 2.0% of 24h EMA; realised vol 48% -> weight 0.25,0.416
1791260755,champion,ADA,0.267771,0.25,0.125,0.1248,hold,hold: weight change +0.000 below threshold 0.05 | stay long: 72h return +7.38% vs exit band -1.0% and price within 2.0% of 24h EMA; realised vol 85% -> weight 0.25,0.71
1791260755,champion,AVAX,11.2835,0.25,0.125,0.1289,hold,hold: weight change -0.004 below threshold 0.05 | stay long: 72h return +2.46% vs exit band -1.0% and price above 24h EMA; realised vol 82% -> weight 0.25,1.329
1791260755,champion,LINK,13.801965,0.0,0.0,0.0,hold,hold: weight change +0.000 below threshold 0.05 | flat: 72h return -1.25% not above entry band +1.0% and price below 24h EMA,0.83
1791260755,champion,XRP,1.50046,0.25,0.125,0.1247,hold,hold: weight change +0.000 below threshold 0.05 | stay long: 72h return +0.56% vs exit band -1.0% and price within 2.0% of 24h EMA; realised vol 50% -> weight 0.25,0.133
1791260755,champion,DOGE,0.094782,0.25,0.125,0.1004,hold,hold: weight change +0.025 below threshold 0.05 | stay long: 72h return +1.36% vs exit band -1.0% and price within 2.0% of 24h EMA; realised vol 57% -> weight 0.25,0.011
1791260755,champion,DOT,1.22345,0.25,0.125,0.1242,hold,hold: weight change +0.001 below threshold 0.05 | stay long: 72h return +5.51% vs exit band -1.0% and price above 24h EMA; realised vol 89% -> weight 0.25,2.043
1791260755,champion,LTC,69.585,0.0,0.0,0.0,hold,hold: weight change +0.000 below threshold 0.05 | flat: 72h return +0.41% not above entry band +1.0% and price below 24h EMA,0.719
