time,open,high,low,close,vwap,volume,count,source
1666137600,9.0,10.21,6.65,7.36,8.073333333333332,416200.228,0,coinbase
1666224000,7.34,7.75,6.95,7.35,7.349999999999999,482564.326,0,coinbase
1666310400,7.35,7.7,7.0,7.51,7.403333333333333,332937.569,0,coinbase
1666396800,7.5,9.33,7.34,9.0,8.556666666666667,603694.172,0,coinbase
1666483200,9.0,10.35,8.93,9.78,9.686666666666667,871495.915,0,coinbase
1666569600,9.78,9.94,9.26,9.53,9.576666666666666,337346.956,0,coinbase
1666656000,9.52,9.56,8.53,8.78,8.956666666666665,579468.279,0,coinbase
1666742400,8.78,9.27,8.62,9.21,9.033333333333333,472248.826,0,coinbase
1666828800,9.2,9.62,8.62,8.7,8.979999999999999,398561.386,0,coinbase
1666915200,8.71,8.82,7.95,8.19,8.32,530868.779,0,coinbase
1667001600,8.18,8.37,7.61,7.97,7.983333333333333,330584.385,0,coinbase
1667088000,7.97,8.4,7.6,7.81,7.9366666666666665,275611.904,0,coinbase
1667174400,7.8,8.21,7.7,7.93,7.946666666666666,249123.198,0,coinbase
1667260800,7.96,8.31,7.82,8.2,8.110000000000001,194340.998,0,coinbase
1667347200,8.2,8.2,7.13,7.39,7.573333333333333,391221.528,0,coinbase
1667433600,7.37,7.55,7.17,7.24,7.32,109473.513,0,coinbase
1667520000,7.23,7.8,7.16,7.67,7.543333333333334,325771.199,0,coinbase
1667606400,7.66,8.0,7.53,7.62,7.716666666666668,179138.5,0,coinbase
1667692800,7.64,8.23,7.24,7.32,7.596666666666667,159190.962,0,coinbase
1667779200,7.31,7.47,6.82,7.0,7.096666666666667,211646.445,0,coinbase
1667865600,7.01,7.02,4.51,5.38,5.636666666666667,660590.634,0,coinbase
1667952000,5.38,5.39,3.46,3.97,4.273333333333333,756823.809,0,coinbase
1668038400,3.95,6.07,3.86,5.14,5.023333333333333,608039.514,0,coinbase
1668124800,5.13,5.32,4.51,5.13,4.986666666666667,244749.892,0,coinbase
1668211200,5.13,5.13,4.44,4.54,4.703333333333333,147754.853,0,coinbase
1668297600,4.53,4.6,4.12,4.21,4.31,170363.03,0,coinbase
1668384000,4.21,4.5,3.77,4.19,4.153333333333333,220158.771,0,coinbase
1668470400,4.18,4.72,4.11,4.34,4.39,238140.54,0,coinbase
1668556800,4.34,4.94,4.16,4.54,4.546666666666667,266490.86,0,coinbase
1668643200,4.54,4.84,4.35,4.66,4.616666666666666,193687.966,0,coinbase
1668729600,4.65,4.92,4.54,4.72,4.726666666666667,98412.189,0,coinbase
1668816000,4.69,4.76,4.51,4.6,4.623333333333333,39293.663,0,coinbase
1668902400,4.62,4.64,4.03,4.1,4.256666666666667,105327.123,0,coinbase
1668988800,4.08,4.15,3.88,4.05,4.026666666666667,100618.534,0,coinbase
1669075200,4.06,4.52,3.86,4.31,4.2299999999999995,116659.942,0,coinbase
1669161600,4.32,4.59,4.22,4.44,4.416666666666667,232171.093,0,coinbase
1669248000,4.41,4.72,4.22,4.42,4.453333333333333,97242.68,0,coinbase
1669334400,4.42,4.54,4.26,4.43,4.41,63992.943,0,coinbase
1669420800,4.42,5.04,4.41,4.77,4.739999999999999,283472.513,0,coinbase
1669507200,4.76,5.02,4.62,4.79,4.81,145340.283,0,coinbase
1669593600,4.78,4.78,4.31,4.47,4.52,232481.411,0,coinbase
1669680000,4.48,4.79,4.43,4.69,4.636666666666667,152508.296,0,coinbase
1669766400,4.68,4.87,4.58,4.78,4.743333333333333,289255.018,0,coinbase
1669852800,4.79,4.79,4.59,4.66,4.68,206189.362,0,coinbase
1669939200,4.66,5.06,4.52,4.9,4.826666666666666,261502.357,0,coinbase
1670025600,4.9,5.25,4.88,5.11,5.079999999999999,179482.312,0,coinbase
1670112000,5.1,5.38,5.06,5.19,5.21,174556.586,0,coinbase
1670198400,5.18,5.43,5.01,5.17,5.203333333333333,179278.417,0,coinbase
1670284800,5.19,5.42,4.88,5.03,5.11,217172.392,0,coinbase
1670371200,5.04,5.05,4.61,4.82,4.826666666666667,141493.861,0,coinbase
1670457600,4.82,4.94,4.69,4.92,4.8500000000000005,111916.755,0,coinbase
1670544000,4.9,4.94,4.76,4.82,4.84,46021.451,0,coinbase
1670630400,4.8,4.83,4.76,4.79,4.793333333333333,26524.697,0,coinbase
1670716800,4.79,4.91,4.61,4.66,4.726666666666667,52471.057,0,coinbase
1670803200,4.66,4.71,4.33,4.54,4.526666666666666,146225.592,0,coinbase
1670889600,4.55,4.67,4.27,4.64,4.526666666666666,135609.413,0,coinbase
1670976000,4.64,4.75,4.49,4.69,4.6433333333333335,58811.052,0,coinbase
1671062400,4.69,4.79,4.51,4.66,4.653333333333333,79423.172,0,coinbase
1671148800,4.66,4.74,3.97,4.04,4.25,113171.58,0,coinbase
1671235200,4.03,4.15,3.97,4.08,4.066666666666667,143705.612,0,coinbase
1671321600,4.08,4.11,3.98,4.06,4.05,28117.706,0,coinbase
1671408000,4.06,4.13,3.68,3.8,3.8699999999999997,64265.603,0,coinbase
1671494400,3.81,3.93,3.79,3.89,3.8700000000000006,46272.118,0,coinbase
1671580800,3.9,3.91,3.68,3.77,3.7866666666666666,195172.981,0,coinbase
1671667200,3.77,3.79,3.57,3.73,3.6966666666666668,160221.205,0,coinbase
1671753600,3.73,3.82,3.7,3.75,3.7566666666666664,48157.478,0,coinbase
1671840000,3.75,3.77,3.68,3.69,3.7133333333333334,34118.407,0,coinbase
1671926400,3.68,3.72,3.53,3.57,3.606666666666667,79596.627,0,coinbase
1672012800,3.57,3.65,3.56,3.65,3.6199999999999997,70254.847,0,coinbase
1672099200,3.65,3.67,3.53,3.6,3.5999999999999996,54358.387,0,coinbase
1672185600,3.6,3.6,3.17,3.23,3.3333333333333335,246233.883,0,coinbase
1672272000,3.23,3.25,3.07,3.23,3.1833333333333336,194995.518,0,coinbase
1672358400,3.22,3.49,3.12,3.4,3.3366666666666664,135914.479,0,coinbase
1672444800,3.4,3.53,3.32,3.46,3.436666666666666,75916.304,0,coinbase
1672531200,3.46,3.54,3.41,3.52,3.49,78636.691,0,coinbase
1672617600,3.54,3.9,3.45,3.75,3.6999999999999997,109357.435,0,coinbase
1672704000,3.75,3.9,3.66,3.81,3.7900000000000005,81132.082,0,coinbase
1672790400,3.81,4.03,3.7,3.82,3.85,123726.004,0,coinbase
1672876800,3.83,3.85,3.65,3.71,3.736666666666667,75748.287,0,coinbase
1672963200,3.71,3.91,3.59,3.86,3.7866666666666666,94058.376,0,coinbase
1673049600,3.86,3.9,3.79,3.84,3.8433333333333333,53952.294,0,coinbase
1673136000,3.83,3.95,3.72,3.92,3.8633333333333333,455921.827,0,coinbase
1673222400,3.92,5.71,3.89,5.2,4.933333333333334,606691.93,0,coinbase
1673308800,5.2,5.92,4.94,5.47,5.4433333333333325,487020.073,0,coinbase
1673395200,5.49,5.53,5.0,5.3,5.276666666666667,347820.209,0,coinbase
1673481600,5.29,6.58,5.05,6.48,6.036666666666666,779748.447,0,coinbase
1673568000,6.47,7.19,6.2,6.82,6.736666666666667,614873.779,0,coinbase
1673654400,6.8,8.29,6.77,7.72,7.593333333333333,755423.933,0,coinbase
1673740800,7.74,8.83,7.04,7.99,7.953333333333333,509275.857,0,coinbase
1673827200,7.99,8.63,7.59,8.12,8.113333333333332,406662.995,0,coinbase
1673913600,8.13,8.28,7.56,7.6,7.813333333333333,266187.715,0,coinbase
1674000000,7.62,8.54,6.99,7.63,7.72,604105.523,0,coinbase
1674086400,7.63,8.1,7.55,7.87,7.84,391477.42,0,coinbase
1674172800,7.87,11.33,7.76,10.95,10.013333333333334,859167.174,0,coinbase
1674259200,10.95,13.44,10.55,11.74,11.910000000000002,1099934.451,0,coinbase
1674345600,11.77,14.56,11.73,13.31,13.200000000000001,1132003.369,0,coinbase
1674432000,13.29,14.44,12.5,12.69,13.209999999999999,668766.445,0,coinbase
1674518400,12.67,13.57,11.77,12.36,12.566666666666668,371277.5,0,coinbase
1674604800,12.35,18.96,12.24,18.4,16.533333333333335,908060.857,0,coinbase
1674691200,18.4,20.39,17.17,18.15,18.57,1033155.619,0,coinbase
1674777600,18.16,18.79,17.22,17.74,17.916666666666668,593538.829,0,coinbase
1674864000,17.77,19.03,16.62,17.83,17.826666666666668,487080.514,0,coinbase
1674950400,17.83,18.97,17.48,18.33,18.26,540884.342,0,coinbase
1675036800,18.31,20.39,16.21,17.22,17.94,524523.696,0,coinbase
1675123200,17.21,17.44,16.12,16.74,16.766666666666666,320369.781,0,coinbase
1675209600,16.74,18.42,15.61,18.25,17.426666666666666,568356.693,0,coinbase
1675296000,18.27,18.69,16.92,17.23,17.613333333333333,497233.473,0,coinbase
1675382400,17.23,17.5,16.54,17.0,17.013333333333332,354242.278,0,coinbase
1675468800,16.97,17.07,16.32,16.49,16.626666666666665,192123.396,0,coinbase
1675555200,16.49,17.06,14.79,15.44,15.763333333333334,351345.635,0,coinbase
1675641600,15.42,15.96,14.33,14.95,15.079999999999998,424662.656,0,coinbase
1675728000,14.95,16.23,14.94,16.05,15.74,600455.066,0,coinbase
1675814400,16.07,16.34,14.73,15.09,15.386666666666665,569018.726,0,coinbase
1675900800,15.11,15.17,12.68,13.32,13.723333333333334,680480.446,0,coinbase
1675987200,13.34,13.75,12.6,13.65,13.333333333333334,847722.82,0,coinbase
1676073600,13.62,14.67,13.23,13.89,13.93,738363.785,0,coinbase
1676160000,13.89,14.18,12.93,13.12,13.409999999999998,483781.135,0,coinbase
1676246400,13.12,13.83,12.36,13.74,13.31,570736.987,0,coinbase
1676332800,13.73,14.8,13.53,14.75,14.36,677275.917,0,coinbase
1676419200,14.78,16.41,14.11,15.95,15.49,498713.029,0,coinbase
1676505600,15.96,16.93,14.52,14.7,15.383333333333333,695262.168,0,coinbase
1676592000,14.67,15.08,14.11,14.73,14.64,365155.768,0,coinbase
1676678400,14.74,14.96,14.15,14.44,14.516666666666666,151031.056,0,coinbase
1676764800,14.42,14.81,13.77,14.08,14.219999999999999,325192.818,0,coinbase
1676851200,14.13,14.39,13.62,14.23,14.079999999999998,160770.362,0,coinbase
1676937600,14.24,14.28,13.05,13.43,13.586666666666666,167683.922,0,coinbase
1677024000,13.43,13.96,12.76,13.89,13.536666666666667,291937.179,0,coinbase
1677110400,13.88,14.16,13.2,13.46,13.606666666666667,198163.819,0,coinbase
1677196800,13.46,13.79,12.44,12.85,13.026666666666666,223123.779,0,coinbase
1677283200,12.87,12.89,11.51,12.24,12.213333333333333,297719.995,0,coinbase
1677369600,12.25,12.93,12.12,12.64,12.563333333333333,135348.851,0,coinbase
1677456000,12.62,13.06,12.11,12.4,12.523333333333333,128469.541,0,coinbase
1677542400,12.4,12.44,11.77,11.89,12.033333333333333,148339.26,0,coinbase
1677628800,11.88,13.49,11.83,13.46,12.926666666666668,283338.309,0,coinbase
1677715200,13.43,13.71,12.55,12.86,13.040000000000001,223579.949,0,coinbase
1677801600,12.84,12.88,11.26,11.73,11.956666666666669,286874.679,0,coinbase
1677888000,11.74,11.83,10.89,11.28,11.333333333333334,108356.638,0,coinbase
1677974400,11.3,11.53,11.04,11.15,11.24,155929.959,0,coinbase
1678060800,11.16,11.51,10.96,11.29,11.253333333333332,136645.56,0,coinbase
1678147200,11.28,11.72,10.72,11.13,11.19,437916.693,0,coinbase
1678233600,11.13,11.2,10.22,10.52,10.646666666666667,148050.843,0,coinbase
1678320000,10.51,11.46,10.44,11.11,11.003333333333332,473478.894,0,coinbase
1678406400,11.08,11.66,9.72,10.83,10.736666666666666,571852.275,0,coinbase
1678492800,10.82,11.25,9.97,10.48,10.566666666666666,423557.341,0,coinbase
1678579200,10.47,12.12,10.16,11.98,11.420000000000002,342088.492,0,coinbase
1678665600,11.99,12.83,11.42,12.37,12.206666666666665,442153.431,0,coinbase
1678752000,12.38,14.68,12.06,13.6,13.446666666666667,699817.174,0,coinbase
1678838400,13.66,14.22,12.0,12.28,12.833333333333334,577618.856,0,coinbase
1678924800,12.27,12.52,11.86,12.37,12.25,300560.704,0,coinbase
1679011200,12.38,13.7,12.14,13.55,13.13,341354.307,0,coinbase
1679097600,13.53,14.26,12.68,12.82,13.253333333333332,343091.689,0,coinbase
1679184000,12.86,13.54,12.69,13.06,13.096666666666666,166133.055,0,coinbase
1679270400,13.06,13.19,12.03,12.14,12.453333333333333,182242.614,0,coinbase
1679356800,12.15,12.57,11.71,12.3,12.193333333333333,165166.237,0,coinbase
1679443200,12.28,13.24,11.76,13.18,12.726666666666667,372897.683,0,coinbase
1679529600,13.17,13.36,12.42,13.27,13.016666666666666,270619.349,0,coinbase
1679616000,13.27,13.28,11.97,12.22,12.49,210878.72,0,coinbase
1679702400,12.22,12.28,11.44,11.59,11.770000000000001,111179.618,0,coinbase
1679788800,11.61,12.02,11.42,11.85,11.763333333333334,103116.702,0,coinbase
1679875200,11.85,12.03,10.85,11.14,11.339999999999998,168565.076,0,coinbase
1679961600,11.14,11.32,10.83,11.27,11.14,105932.853,0,coinbase
1680048000,11.25,11.78,11.23,11.64,11.549999999999999,116285.895,0,coinbase
1680134400,11.65,11.84,10.86,11.16,11.286666666666667,178675.099,0,coinbase
1680220800,11.18,11.46,11.06,11.4,11.306666666666667,139756.792,0,coinbase
1680307200,11.4,11.52,11.07,11.27,11.286666666666667,75784.721,0,coinbase
1680393600,11.27,12.56,11.15,12.17,11.96,266739.083,0,coinbase
1680480000,12.17,12.17,11.0,11.33,11.5,193943.694,0,coinbase
1680566400,11.34,11.57,11.13,11.47,11.39,99574.579,0,coinbase
1680652800,11.48,12.04,11.23,11.55,11.606666666666667,117580.976,0,coinbase
1680739200,11.54,11.7,11.23,11.47,11.466666666666667,137518.806,0,coinbase
1680825600,11.47,11.52,11.04,11.16,11.24,49817.403,0,coinbase
1680912000,11.17,11.31,10.62,11.03,10.986666666666666,255762.428,0,coinbase
1680998400,11.04,11.15,10.86,11.07,11.026666666666666,86430.846,0,coinbase
1681084800,11.07,11.49,10.89,11.47,11.283333333333333,336601.797,0,coinbase
1681171200,11.44,12.12,11.32,11.74,11.726666666666667,379690.938,0,coinbase
1681257600,11.75,11.99,11.09,11.37,11.483333333333333,314531.285,0,coinbase
1681344000,11.36,12.53,11.26,12.39,12.06,442635.13,0,coinbase
1681430400,12.39,13.61,12.18,12.68,12.823333333333332,631491.879,0,coinbase
1681516800,12.7,12.92,12.43,12.55,12.633333333333335,180361.698,0,coinbase
1681603200,12.58,12.75,12.29,12.6,12.546666666666667,257537.164,0,coinbase
1681689600,12.61,12.85,12.13,12.31,12.43,235255.659,0,coinbase
1681776000,12.32,12.77,12.13,12.72,12.54,205905.245,0,coinbase
1681862400,12.71,13.17,11.1,11.31,11.86,549636.102,0,coinbase
1681948800,11.3,11.48,10.83,11.04,11.116666666666667,325986.827,0,coinbase
1682035200,11.04,11.19,9.8,10.16,10.383333333333335,280405.002,0,coinbase
1682121600,10.17,10.44,9.97,10.32,10.243333333333334,178888.184,0,coinbase
1682208000,10.32,10.33,9.73,10.23,10.096666666666668,114915.438,0,coinbase
1682294400,10.21,10.42,9.98,10.23,10.209999999999999,128239.41,0,coinbase
1682380800,10.2,10.48,9.79,10.37,10.213333333333333,107550.211,0,coinbase
1682467200,10.37,10.87,9.44,10.04,10.116666666666665,145754.798,0,coinbase
1682553600,10.02,10.4,9.95,10.18,10.176666666666668,127061.203,0,coinbase
1682640000,10.18,10.24,9.88,10.16,10.093333333333334,47855.56,0,coinbase
1682726400,10.18,10.86,10.12,10.75,10.576666666666666,157632.356,0,coinbase
1682812800,10.76,10.98,10.29,10.3,10.523333333333333,136703.098,0,coinbase
1682899200,10.32,10.35,9.79,9.92,10.020000000000001,87229.927,0,coinbase
1682985600,9.93,10.0,9.76,9.92,9.893333333333333,61583.504,0,coinbase
1683072000,9.94,10.15,9.46,10.02,9.876666666666667,133039.116,0,coinbase
1683158400,9.97,10.03,9.58,9.68,9.763333333333334,38103.049,0,coinbase
1683244800,9.66,9.91,9.5,9.84,9.75,32576.683,0,coinbase
1683331200,9.84,9.92,9.02,9.22,9.386666666666665,93772.322,0,coinbase
1683417600,9.23,9.44,9.15,9.23,9.273333333333333,59742.375,0,coinbase
1683504000,9.2,9.27,8.02,8.32,8.536666666666667,267315.265,0,coinbase
1683590400,8.31,8.4,8.11,8.37,8.293333333333331,74039.706,0,coinbase
1683676800,8.36,8.77,8.04,8.64,8.483333333333333,222411.886,0,coinbase
1683763200,8.59,8.61,7.87,8.07,8.183333333333334,103722.587,0,coinbase
1683849600,8.06,8.34,7.74,8.31,8.13,153517.459,0,coinbase
1683936000,8.31,8.36,8.17,8.27,8.266666666666667,40415.865,0,coinbase
1684022400,8.27,8.71,8.1,8.47,8.426666666666668,56760.135,0,coinbase
1684108800,8.47,9.0,8.3,8.62,8.64,112547.533,0,coinbase
1684195200,8.57,8.73,8.43,8.54,8.566666666666666,84321.341,0,coinbase
1684281600,8.5,8.88,8.33,8.71,8.64,64410.362,0,coinbase
1684368000,8.72,8.75,8.33,8.52,8.533333333333333,126652.131,0,coinbase
1684454400,8.52,8.54,8.36,8.44,8.446666666666665,251203.788,0,coinbase
1684540800,8.43,8.51,8.33,8.45,8.43,195910.158,0,coinbase
1684627200,8.44,8.48,8.06,8.16,8.233333333333333,53568.372,0,coinbase
1684713600,8.16,8.21,7.98,8.1,8.096666666666666,137046.146,0,coinbase
1684800000,8.11,8.56,8.02,8.51,8.363333333333332,83188.879,0,coinbase
1684886400,8.5,8.53,7.91,8.08,8.173333333333332,117535.465,0,coinbase
1684972800,8.09,8.09,7.75,7.97,7.9366666666666665,196947.326,0,coinbase
1685059200,7.97,8.16,7.83,8.06,8.016666666666667,58405.337,0,coinbase
1685145600,8.07,8.26,8.04,8.23,8.176666666666666,53756.83,0,coinbase
1685232000,8.23,8.71,8.2,8.52,8.476666666666667,78294.31,0,coinbase
1685318400,8.52,8.63,8.22,8.5,8.450000000000001,125048.454,0,coinbase
1685404800,8.51,8.61,8.39,8.5,8.5,64151.12,0,coinbase
1685491200,8.48,8.79,8.16,8.35,8.433333333333332,188855.919,0,coinbase
1685577600,8.35,8.65,8.27,8.56,8.493333333333334,86560.145,0,coinbase
1685664000,8.56,9.19,8.37,9.05,8.87,212133.136,0,coinbase
1685750400,9.03,9.19,8.89,8.98,9.02,31823.13,0,coinbase
1685836800,8.97,9.42,8.83,9.18,9.143333333333333,124805.875,0,coinbase
1685923200,9.18,9.24,7.89,8.12,8.416666666666666,213544.759,0,coinbase
1686009600,8.12,8.36,7.62,8.23,8.07,174070.551,0,coinbase
1686096000,8.24,8.24,7.63,7.71,7.86,144402.489,0,coinbase
1686182400,7.69,7.82,7.54,7.69,7.683333333333334,87720.619,0,coinbase
1686268800,7.68,7.78,7.28,7.45,7.503333333333334,117563.635,0,coinbase
1686355200,7.43,7.43,5.36,6.02,6.27,450284.327,0,coinbase
1686441600,6.01,6.71,5.86,6.25,6.273333333333333,312430.32,0,coinbase
1686528000,6.22,6.46,6.09,6.26,6.2700000000000005,276466.807,0,coinbase
1686614400,6.24,6.54,6.09,6.25,6.293333333333333,180744.613,0,coinbase
1686700800,6.26,6.42,5.9,6.03,6.116666666666667,173625.405,0,coinbase
1686787200,6.02,6.29,5.95,6.22,6.153333333333333,137038.93,0,coinbase
1686873600,6.21,6.33,6.02,6.3,6.216666666666666,109040.559,0,coinbase
1686960000,6.29,7.08,6.22,7.0,6.766666666666667,164697.967,0,coinbase
1687046400,6.99,7.25,6.54,6.73,6.84,105825.98,0,coinbase
1687132800,6.73,7.04,6.66,6.95,6.883333333333333,63892.053,0,coinbase
1687219200,6.93,7.3,6.66,7.22,7.06,89431.589,0,coinbase
1687305600,7.19,7.6,7.09,7.47,7.386666666666667,177428.219,0,coinbase
1687392000,7.44,7.83,7.28,7.37,7.493333333333333,175149.463,0,coinbase
1687478400,7.38,7.95,7.3,7.65,7.633333333333333,164424.355,0,coinbase
1687564800,7.64,7.75,7.15,7.35,7.416666666666667,113642.826,0,coinbase
1687651200,7.35,7.97,7.33,7.55,7.616666666666667,126281.644,0,coinbase
1687737600,7.55,7.72,7.18,7.28,7.3933333333333335,225066.477,0,coinbase
1687824000,7.27,7.54,7.27,7.43,7.413333333333333,56259.71,0,coinbase
1687910400,7.41,7.43,6.66,6.93,7.006666666666667,185654.662,0,coinbase
1687996800,6.94,7.58,6.88,7.15,7.203333333333333,176536.153,0,coinbase
1688083200,7.16,7.5,6.67,7.24,7.136666666666667,142927.367,0,coinbase
1688169600,7.25,7.4,7.04,7.4,7.280000000000001,71633.488,0,coinbase
1688256000,7.38,7.44,7.11,7.33,7.293333333333334,185715.132,0,coinbase
1688342400,7.34,7.62,7.31,7.51,7.4799999999999995,171913.49,0,coinbase
1688428800,7.52,8.32,7.49,7.66,7.823333333333333,313678.958,0,coinbase
1688515200,7.68,7.94,7.29,7.43,7.553333333333334,201235.918,0,coinbase
1688601600,7.43,7.7,7.07,7.11,7.293333333333333,99953.604,0,coinbase
1688688000,7.09,7.28,7.02,7.22,7.173333333333333,146822.882,0,coinbase
1688774400,7.22,7.26,6.89,7.07,7.073333333333333,103921.3,0,coinbase
1688860800,7.06,7.24,7.02,7.09,7.116666666666667,97068.871,0,coinbase
1688947200,7.09,7.2,6.81,7.1,7.036666666666666,133313.4,0,coinbase
1689033600,7.11,7.13,6.91,7.04,7.026666666666666,93857.338,0,coinbase
1689120000,7.05,7.12,6.85,6.98,6.983333333333333,117356.058,0,coinbase
1689206400,6.99,7.7,6.92,7.57,7.396666666666667,194039.679,0,coinbase
1689292800,7.59,7.99,7.09,7.38,7.486666666666667,297161.017,0,coinbase
1689379200,7.38,7.56,7.25,7.46,7.423333333333333,69890.434,0,coinbase
1689465600,7.46,7.63,7.32,7.41,7.453333333333333,64301.046,0,coinbase
1689552000,7.41,7.95,7.38,7.81,7.713333333333334,118210.603,0,coinbase
1689638400,7.82,8.18,7.4,7.6,7.726666666666667,310241.477,0,coinbase
1689724800,7.59,7.73,7.44,7.56,7.576666666666667,57138.181,0,coinbase
1689811200,7.54,7.7,7.33,7.43,7.486666666666667,62894.665,0,coinbase
1689897600,7.42,7.59,7.35,7.54,7.493333333333333,54127.064,0,coinbase
1689984000,7.56,7.76,7.53,7.68,7.656666666666666,100241.767,0,coinbase
1690070400,7.69,7.79,7.51,7.58,7.626666666666668,50211.371,0,coinbase
1690156800,7.57,7.58,7.0,7.05,7.21,84351.288,0,coinbase
1690243200,7.05,7.07,6.85,6.98,6.966666666666666,197937.328,0,coinbase
1690329600,6.97,7.13,6.82,7.01,6.986666666666667,61941.631,0,coinbase
1690416000,7.01,7.14,6.92,7.07,7.043333333333333,33627.548,0,coinbase
1690502400,7.08,7.11,6.97,7.07,7.05,33139.567,0,coinbase
1690588800,7.06,7.15,7.05,7.14,7.113333333333333,19470.978,0,coinbase
1690675200,7.15,7.19,6.85,7.02,7.02,29405.426,0,coinbase
1690761600,7.01,7.1,6.93,7.05,7.026666666666666,22202.7,0,coinbase
1690848000,7.04,7.08,6.75,7.06,6.963333333333334,37216.415,0,coinbase
1690934400,7.07,7.07,6.81,6.86,6.913333333333333,129342.775,0,coinbase
1691020800,6.84,6.92,6.7,6.76,6.793333333333334,30410.784,0,coinbase
1691107200,6.77,6.85,6.6,6.69,6.713333333333334,38499.43,0,coinbase
1691193600,6.7,6.73,6.62,6.71,6.686666666666667,25068.583,0,coinbase
1691280000,6.72,6.8,6.67,6.7,6.723333333333333,85981.77,0,coinbase
1691366400,6.7,6.77,6.44,6.67,6.626666666666668,98989.856,0,coinbase
1691452800,6.65,6.77,6.6,6.69,6.6866666666666665,46190.738,0,coinbase
1691539200,6.72,7.98,6.66,7.41,7.3500000000000005,540373.185,0,coinbase
1691625600,7.42,7.61,7.12,7.15,7.293333333333334,180772.069,0,coinbase
1691712000,7.15,7.15,6.96,7.09,7.066666666666666,63704.801,0,coinbase
1691798400,7.09,7.23,7.07,7.19,7.163333333333334,67692.861,0,coinbase
1691884800,7.2,7.24,7.03,7.05,7.1066666666666665,44493.654,0,coinbase
1691971200,7.05,7.14,6.99,7.06,7.063333333333333,26902.785,0,coinbase
1692057600,7.07,7.07,6.15,6.53,6.583333333333333,107552.105,0,coinbase
1692144000,6.52,6.54,5.96,6.18,6.226666666666667,92464.046,0,coinbase
1692230400,6.17,6.32,4.97,5.69,5.66,144516.467,0,coinbase
1692316800,5.69,5.9,5.48,5.82,5.733333333333334,61604.529,0,coinbase
1692403200,5.83,6.07,5.82,6.01,5.966666666666666,36471.679,0,coinbase
1692489600,6.03,6.18,5.93,6.07,6.06,47089.174,0,coinbase
1692576000,6.09,6.09,5.77,5.94,5.933333333333334,48871.422,0,coinbase
1692662400,5.95,5.97,5.62,5.84,5.81,33711.977,0,coinbase
1692748800,5.84,6.13,5.82,6.02,5.989999999999999,38964.315,0,coinbase
1692835200,6.02,6.05,5.72,5.82,5.863333333333333,23138.496,0,coinbase
1692921600,5.82,5.83,5.57,5.69,5.696666666666666,55605.614,0,coinbase
1693008000,5.69,5.77,5.66,5.72,5.716666666666666,19906.237,0,coinbase
1693094400,5.73,5.77,5.65,5.7,5.706666666666667,19127.967,0,coinbase
1693180800,5.7,5.75,5.54,5.72,5.669999999999999,30873.577,0,coinbase
1693267200,5.73,5.97,5.58,5.9,5.816666666666667,76555.84,0,coinbase
1693353600,5.91,5.96,5.72,5.79,5.823333333333333,82892.973,0,coinbase
1693440000,5.78,5.81,5.44,5.51,5.586666666666666,54587.374,0,coinbase
1693526400,5.51,5.57,5.39,5.51,5.489999999999999,46560.349,0,coinbase
1693612800,5.51,5.65,5.5,5.58,5.576666666666667,39832.049,0,coinbase
1693699200,5.57,5.59,5.42,5.47,5.493333333333333,20751.747,0,coinbase
1693785600,5.47,5.58,5.42,5.51,5.503333333333333,40951.076,0,coinbase
1693872000,5.52,5.55,5.41,5.53,5.496666666666667,73215.345,0,coinbase
1693958400,5.53,5.59,5.39,5.54,5.506666666666667,78393.003,0,coinbase
1694044800,5.55,5.67,5.48,5.63,5.593333333333334,119408.392,0,coinbase
1694131200,5.63,5.66,5.44,5.51,5.536666666666666,85578.344,0,coinbase
1694217600,5.52,5.52,5.45,5.48,5.483333333333333,44689.426,0,coinbase
1694304000,5.47,5.47,5.1,5.18,5.25,147701.953,0,coinbase
1694390400,5.17,5.19,4.89,5.01,5.03,166463.419,0,coinbase
1694476800,5.01,5.22,4.97,5.04,5.076666666666667,98587.465,0,coinbase
1694563200,5.04,5.34,5.03,5.18,5.183333333333334,104345.389,0,coinbase
1694649600,5.19,5.31,5.14,5.22,5.223333333333333,81219.352,0,coinbase
1694736000,5.22,5.31,5.12,5.27,5.233333333333333,92522.163,0,coinbase
1694822400,5.29,5.35,5.25,5.33,5.31,62764.679,0,coinbase
1694908800,5.31,5.33,5.16,5.23,5.24,79334.437,0,coinbase
1694995200,5.23,5.37,5.16,5.19,5.240000000000001,96742.281,0,coinbase
1695081600,5.18,5.27,5.12,5.23,5.206666666666667,87227.103,0,coinbase
1695168000,5.23,5.25,5.07,5.16,5.16,84040.262,0,coinbase
1695254400,5.17,5.24,5.04,5.08,5.12,56577.381,0,coinbase
1695340800,5.1,5.16,5.07,5.13,5.12,57387.651,0,coinbase
1695427200,5.13,5.19,5.08,5.15,5.14,56689.812,0,coinbase
1695513600,5.16,5.44,5.1,5.31,5.283333333333332,151641.401,0,coinbase
1695600000,5.33,5.82,5.31,5.57,5.566666666666666,230114.128,0,coinbase
1695686400,5.56,5.66,5.19,5.31,5.386666666666667,95109.825,0,coinbase
1695772800,5.3,5.34,5.2,5.32,5.286666666666666,131279.85,0,coinbase
1695859200,5.31,5.41,5.27,5.34,5.34,120513.676,0,coinbase
1695945600,5.33,5.56,5.33,5.39,5.426666666666667,104660.354,0,coinbase
1696032000,5.4,5.51,5.33,5.49,5.4433333333333325,118883.056,0,coinbase
1696118400,5.48,5.7,5.44,5.67,5.603333333333334,86633.001,0,coinbase
1696204800,5.69,5.76,5.34,5.44,5.513333333333333,231915.638,0,coinbase
1696291200,5.44,5.46,5.32,5.34,5.373333333333334,112343.983,0,coinbase
1696377600,5.33,5.34,5.1,5.34,5.26,68956.217,0,coinbase
1696464000,5.33,5.37,5.21,5.22,5.266666666666667,47677.157,0,coinbase
1696550400,5.22,5.37,5.2,5.33,5.3,62360.452,0,coinbase
1696636800,5.33,5.36,5.24,5.28,5.293333333333334,27934.687,0,coinbase
1696723200,5.27,5.29,5.2,5.2,5.23,36068.523,0,coinbase
1696809600,5.2,5.22,4.82,4.96,5.0,96086.092,0,coinbase
1696896000,4.96,5.0,4.82,4.91,4.91,135649.296,0,coinbase
1696982400,4.91,4.93,4.7,4.83,4.819999999999999,154350.795,0,coinbase
1697068800,4.83,4.94,4.72,4.84,4.833333333333333,48151.526,0,coinbase
1697155200,4.83,4.97,4.8,4.9,4.89,43546.288,0,coinbase
1697241600,4.9,4.97,4.89,4.95,4.9366666666666665,45199.256,0,coinbase
1697328000,4.94,4.96,4.85,4.93,4.913333333333333,308480.154,0,coinbase
1697414400,4.92,5.24,4.91,5.06,5.07,143878.273,0,coinbase
1697500800,5.06,5.15,4.87,5.01,5.01,153855.091,0,coinbase
1697587200,5.01,5.04,4.89,4.95,4.96,91274.124,0,coinbase
1697673600,4.94,5.04,4.79,4.91,4.913333333333333,140300.842,0,coinbase
1697760000,4.91,5.2,4.89,5.05,5.046666666666667,149252.673,0,coinbase
1697846400,5.05,5.86,5.05,5.55,5.486666666666667,451423.14,0,coinbase
1697932800,5.54,6.29,5.46,6.16,5.97,471991.764,0,coinbase
1698019200,6.14,6.4,5.78,6.2,6.126666666666666,617371.729,0,coinbase
1698105600,6.2,6.64,5.96,6.31,6.303333333333334,561017.213,0,coinbase
1698192000,6.3,7.03,6.24,6.93,6.733333333333333,411225.987,0,coinbase
1698278400,6.91,6.97,6.28,6.53,6.593333333333334,296494.008,0,coinbase
1698364800,6.53,6.77,6.3,6.56,6.543333333333333,263474.694,0,coinbase
1698451200,6.56,6.86,6.55,6.84,6.75,164628.18,0,coinbase
1698537600,6.84,6.9,6.67,6.72,6.763333333333333,124772.79,0,coinbase
1698624000,6.76,6.98,6.68,6.87,6.843333333333334,173608.08,0,coinbase
1698710400,6.88,7.46,6.73,7.05,7.080000000000001,351450.486,0,coinbase
1698796800,7.05,7.32,6.67,7.11,7.033333333333334,396140.908,0,coinbase
1698883200,7.12,7.2,6.49,6.68,6.79,177752.812,0,coinbase
1698969600,6.69,6.74,6.38,6.72,6.613333333333333,210700.996,0,coinbase
1699056000,6.71,7.12,6.67,6.96,6.916666666666667,76074.422,0,coinbase
1699142400,6.98,7.15,6.73,6.88,6.920000000000001,155174.574,0,coinbase
1699228800,6.87,7.46,6.83,7.4,7.2299999999999995,783070.948,0,coinbase
1699315200,7.4,7.68,7.01,7.27,7.32,317070.134,0,coinbase
1699401600,7.27,7.53,7.1,7.41,7.346666666666667,220330.356,0,coinbase
1699488000,7.45,7.74,6.31,7.31,7.12,362135.671,0,coinbase
1699574400,7.29,7.59,7.08,7.5,7.390000000000001,372653.817,0,coinbase
1699660800,7.51,7.91,7.2,7.68,7.596666666666667,271575.418,0,coinbase
1699747200,7.67,8.47,7.23,7.82,7.840000000000001,530734.29,0,coinbase
1699833600,7.82,8.02,7.25,7.32,7.53,477677.979,0,coinbase
1699920000,7.32,7.37,6.77,7.12,7.086666666666667,1452301.829,0,coinbase
1700006400,7.12,7.76,7.08,7.69,7.510000000000001,555065.994,0,coinbase
1700092800,7.69,8.27,7.16,7.27,7.566666666666666,507458.143,0,coinbase
1700179200,7.27,7.67,6.93,7.24,7.28,300893.036,0,coinbase
1700265600,7.24,7.24,6.71,7.07,7.006666666666667,156080.151,0,coinbase
1700352000,7.07,7.25,6.86,7.22,7.109999999999999,162705.841,0,coinbase
1700438400,7.22,7.52,7.13,7.21,7.286666666666666,357633.411,0,coinbase
1700524800,7.2,7.5,6.74,6.78,7.006666666666667,396102.224,0,coinbase
1700611200,6.77,7.52,6.77,7.31,7.199999999999999,594893.137,0,coinbase
1700697600,7.32,7.42,7.15,7.22,7.263333333333333,172896.246,0,coinbase
1700784000,7.23,7.5,7.2,7.43,7.376666666666666,298829.349,0,coinbase
1700870400,7.44,7.62,7.32,7.41,7.45,201026.178,0,coinbase
1700956800,7.42,7.5,7.04,7.27,7.27,185557.099,0,coinbase
1701043200,7.27,7.38,6.83,6.95,7.053333333333334,209914.725,0,coinbase
1701129600,6.96,7.08,6.73,7.03,6.946666666666666,212631.953,0,coinbase
1701216000,7.03,7.16,6.87,7.02,7.016666666666667,275503.294,0,coinbase
1701302400,7.02,7.14,6.93,6.98,7.016666666666667,225737.552,0,coinbase
1701388800,6.98,7.11,6.92,7.06,7.03,169805.571,0,coinbase
1701475200,7.06,7.42,7.03,7.35,7.266666666666666,193687.891,0,coinbase
1701561600,7.35,7.53,7.22,7.31,7.353333333333333,231112.516,0,coinbase
1701648000,7.32,7.86,6.88,7.78,7.506666666666667,651199.94,0,coinbase
1701734400,7.77,7.86,7.33,7.69,7.626666666666668,525331.326,0,coinbase
1701820800,7.74,7.88,7.35,7.38,7.536666666666666,383382.378,0,coinbase
1701907200,7.4,8.22,7.32,7.95,7.830000000000001,553374.041,0,coinbase
1701993600,7.96,8.66,7.83,8.5,8.33,631697.276,0,coinbase
1702080000,8.5,8.81,8.14,8.25,8.4,526576.688,0,coinbase
1702166400,8.27,8.49,7.5,8.4,8.13,562706.079,0,coinbase
1702252800,8.42,8.44,7.35,7.79,7.859999999999999,572423.833,0,coinbase
1702339200,7.79,9.22,7.78,9.1,8.700000000000001,1202894.686,0,coinbase
1702425600,9.11,9.11,8.14,8.58,8.61,1332124.861,0,coinbase
1702512000,8.59,8.69,7.88,8.41,8.326666666666666,1534762.658,0,coinbase
1702598400,8.41,8.41,8.07,8.21,8.23,678961.26,0,coinbase
1702684800,8.23,8.53,8.09,8.18,8.266666666666666,531140.067,0,coinbase
1702771200,8.16,8.36,7.96,8.04,8.12,255710.549,0,coinbase
1702857600,8.03,8.09,7.47,7.87,7.81,443668.832,0,coinbase
1702944000,7.89,8.12,7.68,8.09,7.963333333333334,518108.029,0,coinbase
1703030400,8.1,8.32,7.93,8.09,8.113333333333333,1017218.982,0,coinbase
1703116800,8.1,8.7,8.01,8.53,8.413333333333334,504846.465,0,coinbase
1703203200,8.55,9.44,8.31,9.26,9.003333333333332,785550.966,0,coinbase
1703289600,9.26,10.16,8.98,9.31,9.483333333333334,1047210.005,0,coinbase
1703376000,9.3,9.88,9.05,9.32,9.416666666666666,758001.194,0,coinbase
1703462400,9.33,10.68,9.13,10.41,10.073333333333334,833212.162,0,coinbase
1703548800,10.41,10.88,9.2,10.74,10.273333333333333,877500.188,0,coinbase
1703635200,10.74,10.98,9.92,10.13,10.343333333333334,450618.608,0,coinbase
1703721600,10.16,10.4,9.58,9.62,9.866666666666667,426164.036,0,coinbase
1703808000,9.63,10.09,9.42,9.69,9.733333333333333,350420.614,0,coinbase
1703894400,9.69,9.83,9.37,9.39,9.53,177854.466,0,coinbase
1703980800,9.39,9.75,9.18,9.39,9.44,189785.189,0,coinbase
1704067200,9.38,10.03,9.23,9.93,9.729999999999999,144813.744,0,coinbase
1704153600,9.94,10.38,9.78,10.25,10.136666666666667,522912.887,0,coinbase
1704240000,10.25,10.41,7.79,9.06,9.086666666666666,629253.715,0,coinbase
1704326400,9.05,11.13,8.8,10.32,10.083333333333334,1448161.209,0,coinbase
1704412800,10.33,10.99,9.41,9.66,10.02,1235781.778,0,coinbase
1704499200,9.65,9.7,8.86,9.05,9.203333333333333,324122.247,0,coinbase
1704585600,9.05,9.3,8.4,8.47,8.723333333333334,264072.253,0,coinbase
1704672000,8.47,8.86,7.8,8.82,8.493333333333334,357844.715,0,coinbase
1704758400,8.8,8.86,7.94,8.28,8.36,400416.252,0,coinbase
1704844800,8.26,9.11,7.98,8.88,8.656666666666666,408333.957,0,coinbase
1704931200,8.89,9.63,8.76,9.46,9.283333333333333,493136.186,0,coinbase
1705017600,9.44,9.94,8.47,9.02,9.143333333333333,762843.313,0,coinbase
1705104000,9.02,10.4,8.65,10.0,9.683333333333334,1882055.145,0,coinbase
1705190400,9.99,10.06,9.52,9.66,9.746666666666666,503954.543,0,coinbase
1705276800,9.66,10.42,9.39,9.51,9.773333333333333,1622623.073,0,coinbase
1705363200,9.5,9.58,9.15,9.44,9.39,1148522.175,0,coinbase
1705449600,9.44,9.48,9.12,9.33,9.31,358141.149,0,coinbase
1705536000,9.32,9.51,8.64,8.71,8.953333333333333,435735.117,0,coinbase
1705622400,8.7,8.74,8.08,8.56,8.46,436835.618,0,coinbase
1705708800,8.57,8.59,8.33,8.57,8.496666666666668,131021.794,0,coinbase
1705795200,8.58,8.68,8.42,8.43,8.51,121165.133,0,coinbase
1705881600,8.44,8.51,7.9,8.03,8.146666666666667,346340.146,0,coinbase
1705968000,8.03,8.81,7.49,8.74,8.346666666666666,404789.947,0,coinbase
1706054400,8.73,8.75,8.39,8.57,8.57,325866.664,0,coinbase
1706140800,8.56,8.63,8.19,8.32,8.38,293998.212,0,coinbase
1706227200,8.32,8.88,8.24,8.72,8.613333333333335,410801.134,0,coinbase
1706313600,8.71,9.35,8.7,9.12,9.056666666666665,487433.88,0,coinbase
1706400000,9.13,9.23,8.73,8.87,8.943333333333333,262692.243,0,coinbase
1706486400,8.84,9.46,8.84,9.21,9.17,419610.1,0,coinbase
1706572800,9.22,9.5,9.0,9.07,9.19,250806.03,0,coinbase
1706659200,9.07,9.2,8.68,8.84,8.906666666666666,479877.749,0,coinbase
1706745600,8.84,9.23,8.58,9.23,9.013333333333334,400897.581,0,coinbase
1706832000,9.23,9.51,9.12,9.4,9.343333333333334,603492.542,0,coinbase
1706918400,9.41,9.74,9.13,9.15,9.340000000000002,555818.912,0,coinbase
1707004800,9.13,9.16,8.79,8.83,8.926666666666668,409972.768,0,coinbase
1707091200,8.83,9.06,8.53,8.64,8.743333333333334,398782.545,0,coinbase
1707177600,8.64,8.71,8.45,8.59,8.583333333333334,243635.795,0,coinbase
1707264000,8.6,8.86,8.47,8.79,8.706666666666665,360060.064,0,coinbase
1707350400,8.8,8.94,8.71,8.77,8.806666666666667,394716.773,0,coinbase
1707436800,8.77,9.17,8.73,9.09,8.996666666666666,462532.495,0,coinbase
1707523200,9.11,9.26,9.0,9.08,9.113333333333332,193039.729,0,coinbase
1707609600,9.07,9.27,8.98,9.04,9.096666666666666,203232.089,0,coinbase
1707696000,9.05,9.29,8.75,9.16,9.066666666666666,1253318.969,0,coinbase
1707782400,9.16,9.29,8.86,9.21,9.12,832129.11,0,coinbase
1707868800,9.21,9.59,9.06,9.45,9.366666666666665,937643.869,0,coinbase
1707955200,9.45,10.79,9.42,10.17,10.126666666666667,2318802.104,0,coinbase
1708041600,10.17,10.35,9.63,9.81,9.93,855197.72,0,coinbase
1708128000,9.8,9.83,9.22,9.7,9.583333333333334,378943.233,0,coinbase
1708214400,9.7,9.8,9.51,9.7,9.67,658266.249,0,coinbase
1708300800,9.7,10.26,9.7,10.13,10.030000000000001,2085307.728,0,coinbase
1708387200,10.11,10.15,9.09,9.65,9.63,838114.465,0,coinbase
1708473600,9.65,9.86,8.87,9.24,9.323333333333332,625769.598,0,coinbase
1708560000,9.2,9.49,8.93,9.21,9.21,692808.537,0,coinbase
1708646400,9.22,9.33,8.88,9.11,9.106666666666667,667939.008,0,coinbase
1708732800,9.11,9.49,9.03,9.46,9.326666666666666,613196.265,0,coinbase
1708819200,9.46,9.72,9.3,9.65,9.556666666666667,511323.363,0,coinbase
1708905600,9.63,10.38,9.32,10.16,9.953333333333335,1006232.274,0,coinbase
1708992000,10.15,10.38,9.73,9.96,10.023333333333333,659629.518,0,coinbase
1709078400,9.95,12.94,9.9,12.38,11.74,3642780.215,0,coinbase
1709164800,12.37,13.1,11.35,11.71,12.053333333333333,2688427.971,0,coinbase
1709251200,11.72,12.01,11.45,11.87,11.776666666666666,1011428.155,0,coinbase
1709337600,11.86,12.26,11.51,12.14,11.969999999999999,951174.949,0,coinbase
1709424000,12.14,12.39,10.69,11.61,11.563333333333333,1054072.492,0,coinbase
1709510400,11.61,12.72,11.36,12.09,12.056666666666667,1635039.983,0,coinbase
1709596800,12.1,13.89,11.57,13.7,13.053333333333333,3865454.599,0,coinbase
1709683200,13.67,14.56,12.88,13.7,13.713333333333333,2383842.438,0,coinbase
1709769600,13.69,13.98,13.14,13.26,13.46,1058589.506,0,coinbase
1709856000,13.27,13.58,12.63,13.25,13.153333333333334,678237.202,0,coinbase
1709942400,13.26,13.82,13.08,13.18,13.36,350592.535,0,coinbase
1710028800,13.17,13.45,12.42,12.75,12.873333333333333,362598.316,0,coinbase
1710115200,12.75,13.58,12.07,13.47,13.04,743685.104,0,coinbase
1710201600,13.47,13.72,12.5,13.38,13.200000000000001,570037.55,0,coinbase
1710288000,13.37,13.78,12.58,13.14,13.166666666666666,1502026.075,0,coinbase
1710374400,13.15,14.48,13.07,14.3,13.950000000000001,2767942.396,0,coinbase
1710460800,14.3,15.2,12.06,15.13,14.13,2378039.931,0,coinbase
1710547200,15.13,15.69,12.92,13.3,13.969999999999999,1838902.809,0,coinbase
1710633600,13.3,15.75,13.23,14.01,14.33,1262342.468,0,coinbase
1710720000,14.02,15.44,13.69,14.41,14.513333333333334,1752401.943,0,coinbase
1710806400,14.42,16.74,13.54,15.43,15.236666666666665,4427420.894,0,coinbase
1710892800,15.43,16.0,14.01,15.59,15.199999999999998,1981381.124,0,coinbase
1710979200,15.6,16.37,14.75,15.02,15.38,1141955.581,0,coinbase
1711065600,15.01,16.97,14.79,16.25,16.003333333333334,2191375.352,0,coinbase
1711152000,16.26,16.33,15.48,16.15,15.986666666666665,790022.1,0,coinbase
1711238400,16.13,16.84,15.8,16.33,16.323333333333334,832522.186,0,coinbase
1711324800,16.34,17.43,15.77,17.35,16.85,1072487.452,0,coinbase
1711411200,17.34,19.48,16.89,18.07,18.14666666666667,1845896.786,0,coinbase
1711497600,18.06,18.88,17.43,17.68,17.996666666666666,983738.539,0,coinbase
1711584000,17.68,18.27,16.92,17.37,17.52,840011.753,0,coinbase
1711670400,17.37,17.4,16.76,17.21,17.12333333333333,481407.525,0,coinbase
1711756800,17.22,17.71,16.52,16.63,16.953333333333333,494727.379,0,coinbase
1711843200,16.6,17.21,16.39,17.08,16.893333333333334,579988.945,0,coinbase
1711929600,17.06,17.9,16.29,16.69,16.959999999999997,2039384.5,0,coinbase
1712016000,16.69,16.69,14.5,14.71,15.300000000000002,1116515.775,0,coinbase
1712102400,14.7,14.94,13.69,14.14,14.256666666666666,1161143.166,0,coinbase
1712188800,14.14,14.75,13.85,14.16,14.253333333333336,415592.005,0,coinbase
1712275200,14.16,14.16,12.6,13.15,13.303333333333333,637917.154,0,coinbase
1712361600,13.1,13.53,12.89,13.22,13.213333333333333,352284.863,0,coinbase
1712448000,13.2,13.84,13.1,13.61,13.516666666666666,273421.824,0,coinbase
1712534400,13.64,14.41,13.24,14.26,13.969999999999999,460692.975,0,coinbase
1712620800,14.25,14.3,12.68,12.73,13.236666666666666,955900.626,0,coinbase
1712707200,12.72,12.8,11.55,12.22,12.19,574707.646,0,coinbase
1712793600,12.21,12.53,11.72,11.84,12.030000000000001,501432.096,0,coinbase
1712880000,11.84,12.21,8.5,9.79,10.166666666666666,1754201.217,0,coinbase
1712966400,9.79,10.41,7.37,8.8,8.860000000000001,1588031.82,0,coinbase
1713052800,8.78,9.76,8.42,9.6,9.26,864252.046,0,coinbase
1713139200,9.57,9.96,8.81,9.12,9.296666666666667,902375.098,0,coinbase
1713225600,9.12,9.39,8.59,9.26,9.08,734045.259,0,coinbase
1713312000,9.26,9.65,8.86,9.16,9.223333333333333,920140.812,0,coinbase
1713398400,9.14,9.73,8.81,9.5,9.346666666666666,695074.408,0,coinbase
1713484800,9.5,9.69,8.61,9.41,9.236666666666666,861527.459,0,coinbase
1713571200,9.42,10.29,9.28,10.24,9.936666666666667,827840.815,0,coinbase
1713657600,10.24,10.28,9.67,10.01,9.986666666666666,715295.147,0,coinbase
1713744000,10.01,10.4,9.88,10.19,10.156666666666666,557624.406,0,coinbase
1713830400,10.19,10.29,9.67,9.78,9.913333333333334,557517.291,0,coinbase
1713916800,9.78,10.03,9.06,9.15,9.413333333333334,637990.667,0,coinbase
1714003200,9.15,9.24,8.75,9.02,9.003333333333334,404574.899,0,coinbase
1714089600,9.02,9.11,8.73,8.84,8.893333333333333,482467.793,0,coinbase
1714176000,8.85,9.1,8.41,8.99,8.833333333333334,437407.423,0,coinbase
1714262400,9.0,9.23,8.94,8.99,9.053333333333335,181410.198,0,coinbase
1714348800,8.98,9.2,8.79,9.11,9.033333333333333,415543.049,0,coinbase
1714435200,9.1,9.28,8.14,8.7,8.706666666666667,795147.261,0,coinbase
1714521600,8.7,8.97,8.15,8.92,8.68,1268962.678,0,coinbase
1714608000,8.93,8.97,8.46,8.85,8.76,415632.523,0,coinbase
1714694400,8.85,9.19,8.56,9.07,8.94,497398.594,0,coinbase
1714780800,9.06,9.31,9.0,9.11,9.14,338922.508,0,coinbase
1714867200,9.12,9.3,8.93,9.25,9.16,311343.313,0,coinbase
1714953600,9.25,9.57,8.98,8.99,9.18,571107.7,0,coinbase
1715040000,8.99,9.14,8.75,8.78,8.89,230900.227,0,coinbase
1715126400,8.77,8.81,8.48,8.58,8.623333333333333,285816.122,0,coinbase
1715212800,8.58,8.9,8.38,8.81,8.696666666666667,433705.118,0,coinbase
1715299200,8.81,8.93,8.37,8.46,8.586666666666666,262949.796,0,coinbase
1715385600,8.44,8.56,8.3,8.38,8.413333333333334,99950.415,0,coinbase
1715472000,8.38,8.51,8.31,8.35,8.39,65357.948,0,coinbase
1715558400,8.36,8.54,7.91,8.18,8.209999999999999,601105.675,0,coinbase
1715644800,8.16,8.24,7.77,7.79,7.933333333333333,277733.729,0,coinbase
1715731200,7.8,8.57,7.72,8.48,8.256666666666666,692490.635,0,coinbase
1715817600,8.48,8.58,8.1,8.37,8.35,753011.29,0,coinbase
1715904000,8.38,8.71,8.27,8.57,8.516666666666667,684443.167,0,coinbase
1715990400,8.57,8.72,8.45,8.58,8.583333333333334,283858.384,0,coinbase
1716076800,8.58,8.69,8.08,8.11,8.293333333333333,326136.962,0,coinbase
1716163200,8.1,9.11,8.02,9.11,8.746666666666666,969503.674,0,coinbase
1716249600,9.12,9.43,8.91,9.31,9.216666666666667,1160868.142,0,coinbase
1716336000,9.31,9.37,8.91,8.99,9.090000000000002,778445.793,0,coinbase
1716422400,9.0,9.18,8.28,8.92,8.793333333333335,661553.292,0,coinbase
1716508800,8.93,9.19,8.69,8.95,8.943333333333333,597204.901,0,coinbase
1716595200,8.95,9.17,8.9,9.09,9.053333333333333,324327.705,0,coinbase
1716681600,9.08,9.21,8.92,9.04,9.056666666666667,337749.357,0,coinbase
1716768000,9.04,9.73,9.03,9.65,9.469999999999999,797230.019,0,coinbase
1716854400,9.64,9.7,9.21,9.35,9.42,1328896.066,0,coinbase
1716940800,9.35,9.54,9.04,9.08,9.219999999999999,781639.73,0,coinbase
1717027200,9.08,9.49,8.86,9.18,9.176666666666668,663668.5,0,coinbase
1717113600,9.18,9.27,8.97,9.14,9.126666666666667,309826.255,0,coinbase
1717200000,9.14,9.16,9.02,9.06,9.08,190548.336,0,coinbase
1717286400,9.05,9.15,8.8,8.92,8.956666666666669,156366.417,0,coinbase
1717372800,8.91,9.16,8.8,8.92,8.96,248388.616,0,coinbase
1717459200,8.92,9.24,8.76,9.16,9.053333333333333,285353.098,0,coinbase
1717545600,9.16,9.37,9.16,9.31,9.280000000000001,392976.167,0,coinbase
1717632000,9.31,9.31,8.91,9.1,9.106666666666667,433896.449,0,coinbase
1717718400,9.09,9.39,7.83,8.59,8.603333333333333,799869.181,0,coinbase
1717804800,8.57,8.57,8.01,8.13,8.236666666666666,532740.859,0,coinbase
1717891200,8.12,8.62,8.04,8.6,8.42,549648.209,0,coinbase
1717977600,8.6,8.62,8.21,8.28,8.37,427583.055,0,coinbase
1718064000,8.27,8.34,7.72,7.97,8.01,564167.753,0,coinbase
1718150400,7.98,8.54,7.82,8.23,8.196666666666667,728025.75,0,coinbase
1718236800,8.24,8.24,7.77,7.88,7.963333333333332,442330.144,0,coinbase
1718323200,7.88,8.1,7.42,7.69,7.736666666666667,549481.82,0,coinbase
1718409600,7.69,7.94,7.64,7.88,7.82,191841.252,0,coinbase
1718496000,7.88,7.95,7.74,7.9,7.863333333333334,153742.264,0,coinbase
1718582400,7.9,7.94,7.19,7.44,7.523333333333333,769082.976,0,coinbase
1718668800,7.45,7.46,6.41,6.82,6.896666666666667,962748.842,0,coinbase
1718755200,6.81,7.12,6.75,6.9,6.923333333333335,1001956.638,0,coinbase
1718841600,6.89,7.17,6.71,6.91,6.93,603461.032,0,coinbase
1718928000,6.91,7.03,6.79,6.93,6.916666666666667,746361.189,0,coinbase
1719014400,6.93,6.94,6.81,6.86,6.87,200563.03,0,coinbase
1719100800,6.85,6.99,6.64,6.74,6.789999999999999,200508.173,0,coinbase
1719187200,6.74,6.96,6.38,6.94,6.760000000000001,499900.741,0,coinbase
1719273600,6.94,7.09,6.84,6.95,6.96,357244.104,0,coinbase
1719360000,6.94,7.01,6.71,6.83,6.849999999999999,176798.666,0,coinbase
1719446400,6.84,7.09,6.73,7.02,6.946666666666666,281499.617,0,coinbase
1719532800,7.03,7.11,6.82,6.84,6.923333333333333,217216.858,0,coinbase
1719619200,6.84,7.03,6.83,6.89,6.916666666666667,141059.286,0,coinbase
1719705600,6.89,7.07,6.78,7.07,6.973333333333334,234970.292,0,coinbase
1719792000,7.06,7.23,7.0,7.04,7.09,322855.53,0,coinbase
1719878400,7.04,7.07,6.84,6.94,6.95,306407.804,0,coinbase
1719964800,6.95,6.99,6.55,6.59,6.71,292490.283,0,coinbase
1720051200,6.58,6.64,5.94,5.97,6.183333333333334,530682.348,0,coinbase
1720137600,5.97,5.98,5.18,5.55,5.57,1120560.504,0,coinbase
1720224000,5.54,6.05,5.48,5.98,5.836666666666667,391856.428,0,coinbase
1720310400,5.98,5.99,5.56,5.58,5.710000000000001,275664.958,0,coinbase
1720396800,5.59,5.98,5.33,5.84,5.716666666666666,644767.713,0,coinbase
1720483200,5.82,6.05,5.75,6.02,5.94,500784.199,0,coinbase
1720569600,6.02,6.25,5.94,6.15,6.113333333333334,294070.579,0,coinbase
1720656000,6.14,6.39,6.02,6.04,6.1499999999999995,219094.792,0,coinbase
1720742400,6.04,6.14,5.91,6.11,6.053333333333334,193583.975,0,coinbase
1720828800,6.11,6.41,6.11,6.35,6.289999999999999,162853.346,0,coinbase
1720915200,6.34,6.72,6.34,6.63,6.563333333333333,313049.86,0,coinbase
1721001600,6.63,7.01,6.61,6.99,6.87,559122.73,0,coinbase
1721088000,6.99,7.17,6.61,7.07,6.95,708555.75,0,coinbase
1721174400,7.07,7.37,7.05,7.06,7.16,647287.813,0,coinbase
1721260800,7.07,7.15,6.84,6.99,6.993333333333333,400727.269,0,coinbase
1721347200,7.0,7.5,6.85,7.46,7.27,552154.368,0,coinbase
1721433600,7.47,7.5,7.26,7.37,7.376666666666666,317016.8,0,coinbase
1721520000,7.37,7.56,7.08,7.48,7.373333333333334,393354.933,0,coinbase
1721606400,7.48,7.65,7.16,7.21,7.34,457244.143,0,coinbase
1721692800,7.2,7.37,6.93,7.14,7.146666666666667,222826.445,0,coinbase
1721779200,7.14,7.2,6.77,6.8,6.923333333333333,136707.838,0,coinbase
1721865600,6.81,6.83,6.43,6.61,6.623333333333334,255738.211,0,coinbase
1721952000,6.61,6.98,6.6,6.98,6.853333333333334,196203.509,0,coinbase
1722038400,6.98,7.36,6.98,7.13,7.156666666666666,257936.962,0,coinbase
1722124800,7.12,7.13,6.79,6.84,6.919999999999999,119072.278,0,coinbase
1722211200,6.84,7.1,6.72,6.76,6.859999999999999,167535.45,0,coinbase
1722297600,6.76,6.87,6.5,6.59,6.653333333333333,234656.502,0,coinbase
1722384000,6.58,6.69,6.38,6.41,6.493333333333333,291045.946,0,coinbase
1722470400,6.43,6.47,5.98,6.41,6.286666666666666,282493.653,0,coinbase
1722556800,6.4,6.43,5.91,6.01,6.116666666666667,191910.323,0,coinbase
1722643200,6.0,6.03,5.46,5.58,5.69,317068.745,0,coinbase
1722729600,5.56,5.62,5.11,5.34,5.3566666666666665,380012.405,0,coinbase
1722816000,5.34,5.38,4.32,4.99,4.8966666666666665,1013298.644,0,coinbase
1722902400,4.98,5.31,4.98,5.13,5.14,317277.537,0,coinbase
1722988800,5.13,5.33,4.95,5.08,5.12,436521.915,0,coinbase
1723075200,5.09,5.77,4.99,5.77,5.510000000000001,363786.122,0,coinbase
1723161600,5.77,5.9,5.63,5.76,5.763333333333333,379777.977,0,coinbase
1723248000,5.75,6.39,5.69,6.27,6.116666666666667,307938.667,0,coinbase
1723334400,6.27,6.29,5.72,5.73,5.913333333333334,248974.499,0,coinbase
1723420800,5.74,6.84,5.73,6.44,6.336666666666667,730708.215,0,coinbase
1723507200,6.43,6.97,6.15,6.8,6.640000000000001,778110.378,0,coinbase
1723593600,6.8,6.97,6.59,6.68,6.746666666666666,271436.119,0,coinbase
1723680000,6.69,6.75,6.1,6.23,6.359999999999999,319077.198,0,coinbase
1723766400,6.23,6.5,5.78,5.92,6.066666666666667,605758.263,0,coinbase
1723852800,5.91,5.97,5.79,5.82,5.859999999999999,176448.423,0,coinbase
1723939200,5.82,5.98,5.77,5.78,5.843333333333334,196023.811,0,coinbase
1724025600,5.77,6.05,5.73,6.05,5.943333333333334,469393.559,0,coinbase
1724112000,6.05,6.46,5.96,6.06,6.16,364450.431,0,coinbase
1724198400,6.06,6.37,6.01,6.35,6.243333333333332,566540.354,0,coinbase
1724284800,6.36,6.54,6.24,6.5,6.426666666666667,222022.44,0,coinbase
1724371200,6.5,7.2,6.5,7.1,6.933333333333333,502459.018,0,coinbase
1724457600,7.11,7.4,7.05,7.15,7.2,311196.32,0,coinbase
1724544000,7.16,7.48,6.83,7.33,7.213333333333334,338085.625,0,coinbase
1724630400,7.34,7.38,6.96,7.01,7.116666666666667,173902.271,0,coinbase
1724716800,7.02,7.57,6.71,6.85,7.043333333333334,1057771.196,0,coinbase
1724803200,6.84,7.29,6.5,6.74,6.843333333333334,655840.077,0,coinbase
1724889600,6.75,7.28,6.6,6.79,6.89,553542.011,0,coinbase
1724976000,6.79,7.03,6.37,6.71,6.703333333333333,756280.849,0,coinbase
1725062400,6.71,6.8,6.39,6.49,6.56,255365.737,0,coinbase
1725148800,6.49,6.51,6.1,6.17,6.260000000000001,372808.78,0,coinbase
1725235200,6.16,6.45,6.12,6.36,6.31,401025.482,0,coinbase
1725321600,6.35,6.47,6.06,6.13,6.22,333176.886,0,coinbase
1725408000,6.13,6.32,5.78,6.12,6.073333333333334,434024.027,0,coinbase
1725494400,6.12,6.13,5.67,5.77,5.8566666666666665,648690.95,0,coinbase
1725580800,5.77,5.91,5.49,5.7,5.7,387913.781,0,coinbase
1725667200,5.7,5.97,5.69,5.85,5.836666666666666,146904.796,0,coinbase
1725753600,5.85,6.1,5.8,6.03,5.976666666666667,238953.884,0,coinbase
1725840000,6.05,6.42,6.02,6.31,6.25,287235.643,0,coinbase
1725926400,6.31,6.33,6.12,6.28,6.243333333333333,232946.762,0,coinbase
1726012800,6.28,6.31,5.95,6.09,6.116666666666667,513619.511,0,coinbase
1726099200,6.09,6.23,6.05,6.18,6.153333333333333,333717.6,0,coinbase
1726185600,6.18,6.35,6.09,6.3,6.246666666666666,499312.978,0,coinbase
1726272000,6.31,6.35,5.99,6.06,6.133333333333333,167107.57,0,coinbase
1726358400,6.06,6.17,5.83,5.88,5.96,301868.544,0,coinbase
1726444800,5.87,5.88,5.66,5.74,5.760000000000001,229509.428,0,coinbase
1726531200,5.74,6.01,5.68,5.93,5.873333333333332,337010.794,0,coinbase
1726617600,5.94,6.23,5.7,6.22,6.05,388519.793,0,coinbase
1726704000,6.23,6.95,6.22,6.8,6.656666666666666,1048512.285,0,coinbase
1726790400,6.81,7.44,6.7,7.31,7.1499999999999995,982061.727,0,coinbase
1726876800,7.31,8.38,7.19,8.25,7.94,1551493.91,0,coinbase
1726963200,8.25,8.25,7.75,7.96,7.986666666666667,665118.389,0,coinbase
1727049600,7.97,8.12,7.67,7.95,7.913333333333333,727481.745,0,coinbase
1727136000,7.95,8.39,7.69,8.14,8.073333333333334,792722.176,0,coinbase
1727222400,8.15,8.47,7.93,8.01,8.136666666666665,574381.507,0,coinbase
1727308800,8.01,8.63,7.86,8.07,8.186666666666667,587354.597,0,coinbase
1727395200,8.07,8.58,8.03,8.49,8.366666666666667,610125.678,0,coinbase
1727481600,8.51,8.54,7.94,8.07,8.183333333333334,256420.132,0,coinbase
1727568000,8.07,8.29,7.76,8.08,8.043333333333331,276074.968,0,coinbase
1727654400,8.08,8.11,7.56,7.68,7.783333333333332,382233.735,0,coinbase
1727740800,7.67,8.37,7.25,7.55,7.723333333333333,750316.349,0,coinbase
1727827200,7.54,7.97,7.47,7.79,7.743333333333333,898007.937,0,coinbase
1727913600,7.78,8.73,7.63,8.57,8.31,2136813.751,0,coinbase
1728000000,8.56,9.3,8.2,9.1,8.866666666666667,1849528.96,0,coinbase
1728086400,9.1,9.21,8.59,8.61,8.803333333333333,640590.272,0,coinbase
1728172800,8.61,9.0,8.48,8.7,8.726666666666667,584959.54,0,coinbase
1728259200,8.68,9.34,8.43,8.68,8.816666666666666,1189084.379,0,coinbase
1728345600,8.68,9.55,8.68,9.33,9.186666666666667,1238831.161,0,coinbase
1728432000,9.33,9.45,8.51,8.55,8.836666666666668,819226.533,0,coinbase
1728518400,8.54,8.55,7.85,8.09,8.163333333333332,912390.634,0,coinbase
1728604800,8.1,8.6,7.94,8.52,8.353333333333333,729729.396,0,coinbase
1728691200,8.5,9.95,8.4,9.93,9.426666666666668,1695163.603,0,coinbase
1728777600,9.93,10.42,9.67,10.18,10.09,1643051.017,0,coinbase
1728864000,10.18,10.44,9.9,10.17,10.17,1151149.178,0,coinbase
1728950400,10.17,10.75,9.95,10.47,10.39,1635347.722,0,coinbase
1729036800,10.47,10.48,9.69,10.03,10.066666666666668,1121495.998,0,coinbase
1729123200,10.0404,10.2756,9.7298,9.9323,10.025,85217.12346517,1839,kraken
1729209600,9.9239,10.1793,9.7629,10.0213,9.9988,118248.51482987,1879,kraken
1729296000,10.0073,10.0073,9.6214,9.7098,9.7761,37933.96089595,1158,kraken
1729382400,9.7203,10.1998,9.6929,9.9865,9.9508,97574.0733065,1771,kraken
1729468800,9.9879,10.2936,9.7994,10.0883,10.0923,141916.18577962,2148,kraken
1729555200,10.1139,11.2127,10.0149,10.373,10.6466,387596.82144112,5104,kraken
1729641600,10.3809,10.6228,9.6441,9.9342,10.0247,146855.23790015,2391,kraken
1729728000,9.9056,10.412,9.8,10.1776,10.1413,105323.16803513,2000,kraken
1729814400,10.1786,10.3998,8.4519,8.925,9.5334,180784.98485771,2752,kraken
1729900800,8.8988,9.3175,8.7035,9.294,9.0217,59294.36387519,1515,kraken
1729987200,9.2962,9.3689,9.0491,9.2006,9.1774,85333.87077744,1419,kraken
1730073600,9.1626,9.2979,8.7005,9.2065,9.0143,121457.83244483,2056,kraken
1730160000,9.2032,10.1863,9.2032,10.0435,9.7644,125912.21853157,1846,kraken
1730246400,10.0936,10.1954,9.6569,9.8118,9.885,65867.99809094,1065,kraken
1730332800,9.7861,9.7861,9.0783,9.0911,9.4048,75378.28836411,1078,kraken
1730419200,9.0787,9.2834,8.6877,8.9295,8.9673,74469.91365004,990,kraken
1730505600,8.9425,8.95,8.4574,8.6139,8.5932,87628.73526156,963,kraken
1730592000,8.6275,8.6466,7.842,8.2145,8.099,64527.10237444,1826,kraken
1730678400,8.1902,8.3445,7.7289,8.0597,8.1564,74282.90049095,1084,kraken
1730764800,8.094,8.6262,8.0682,8.5282,8.4064,67940.13942525,938,kraken
1730851200,8.4651,10.27,8.4621,9.5799,9.2319,265519.61317511,2805,kraken
1730937600,9.5765,9.9605,9.4538,9.8365,9.7372,75497.76793035,1305,kraken
1731024000,9.84,10.1142,9.4413,9.7246,9.6788,60528.62668434,1016,kraken
1731110400,9.7153,10.6057,9.5719,10.4326,10.1025,78084.35323407,1327,kraken
1731196800,10.4411,11.5194,10.2165,10.9278,10.919,232165.38132729,4329,kraken
1731283200,10.92,14.118,10.5691,13.7441,11.9511,387084.3963458,6263,kraken
1731369600,13.74,13.74,11.5214,12.4,12.5486,382791.47202108,5925,kraken
1731456000,12.38,13.0015,11.2283,11.7099,12.0816,224627.28255601,3881,kraken
1731542400,11.7089,12.3462,11.0,11.2493,11.688,161940.27692813,2367,kraken
1731628800,11.2704,12.1937,11.0358,11.8959,11.702,123336.76410687,1821,kraken
1731715200,11.8865,12.7414,11.7538,12.3175,12.2673,278026.5430965,4155,kraken
1731801600,12.3399,12.6942,11.5178,11.7892,12.1842,133300.93188162,1817,kraken
1731888000,11.757,12.2638,11.5581,12.0157,11.9245,147931.55162198,1803,kraken
1731974400,12.08,12.3418,11.4322,11.8247,11.7996,132653.95640102,1714,kraken
1732060800,11.7651,13.4396,10.8741,11.7775,12.0137,268851.56068043,3701,kraken
1732147200,11.7773,12.3466,11.2444,12.095,11.8842,224172.05939456,2574,kraken
1732233600,12.0851,12.5153,11.6384,12.5153,12.0191,139257.74577996,2099,kraken
1732320000,12.5131,13.2512,12.332,12.7461,12.7717,334595.61978336,4086,kraken
1732406400,12.7421,13.3726,11.5164,12.5452,12.3063,274139.23901229,3408,kraken
1732492800,12.4917,12.833,11.6597,11.8333,12.3536,201563.25759067,2553,kraken
1732579200,11.7669,12.1,10.88,12.0097,11.5096,142140.0503672,2046,kraken
1732665600,11.9852,12.7239,11.725,12.663,12.3436,136442.29223271,1934,kraken
1732752000,12.6587,13.0556,12.2191,12.7892,12.6583,79005.261177,1441,kraken
1732838400,12.7727,13.3575,12.5697,13.2912,13.0898,94637.82516941,1441,kraken
1732924800,13.2797,13.6663,12.8124,13.3714,13.2806,115207.52668926,1952,kraken
1733011200,13.3847,13.9355,12.9031,13.4639,13.5087,114998.33556376,1703,kraken
1733097600,13.4518,13.7853,11.3,13.7344,12.8741,224126.54322941,3318,kraken
1733184000,13.75,14.7435,13.0061,14.5158,14.0283,273423.21631423,4909,kraken
1733270400,14.4972,14.8728,13.6175,14.1365,14.388,130883.87820754,2622,kraken
1733356800,14.1304,14.4092,13.0645,13.6465,13.7834,220407.26065395,3253,kraken
1733443200,13.6095,14.7659,13.4829,14.7098,14.2754,131650.84994186,1989,kraken
1733529600,14.6444,15.3261,14.447,14.587,14.8043,128829.25296222,2093,kraken
1733616000,14.587,14.612,14.0713,14.5192,14.3454,62161.3547198,1252,kraken
1733702400,14.5137,14.5137,10.3366,11.9884,12.5373,243471.93252342,4212,kraken
1733788800,11.9556,12.1696,10.6541,11.6332,11.5339,232533.84545861,3707,kraken
1733875200,11.647,12.9592,11.1761,12.9109,12.32,86041.73900815,1689,kraken
1733961600,12.9006,14.2462,12.9006,13.6765,13.7368,193722.22931069,3206,kraken
1734048000,13.68,14.5583,13.4251,14.2544,14.0212,165118.92526679,2746,kraken
1734134400,14.296,14.6961,13.1481,13.3939,14.0435,83737.34761648,1722,kraken
1734220800,13.3928,13.7567,13.05,13.6388,13.4029,82251.73751352,1680,kraken
1734307200,13.6804,14.287,13.2417,13.9253,13.8735,135215.18230181,1997,kraken
1734393600,13.9295,14.3636,12.7466,12.9216,13.4919,92554.94976638,1938,kraken
1734480000,12.8687,12.9764,11.5208,11.8342,12.5252,144601.1831764,2381,kraken
1734566400,11.8435,12.7203,11.2058,11.3858,11.8608,375365.2163551,4413,kraken
1734652800,11.4119,11.9087,9.946,10.8765,10.7617,363237.70664328,5125,kraken
1734739200,10.8636,11.2277,9.2243,9.5,10.2055,363651.39070741,4245,kraken
1734825600,9.5132,9.6648,8.9743,9.2197,9.296,154474.854926,1774,kraken
1734912000,9.2175,9.8453,8.866,9.6972,9.2984,138006.4293111,2135,kraken
1734998400,9.6422,9.9451,9.2658,9.815,9.6261,77192.54307968,1250,kraken
1735084800,9.815,9.881,9.4422,9.5547,9.6924,73072.34518183,948,kraken
1735171200,9.5424,9.6558,8.7375,8.8081,9.0178,59228.50408021,1260,kraken
1735257600,8.85,9.2888,8.6391,8.7133,8.9013,66746.99355154,1083,kraken
1735344000,8.728,9.2459,8.5949,9.1809,9.0286,84514.22983097,923,kraken
1735430400,9.1443,9.1892,8.7879,8.8861,9.0176,66359.69903468,669,kraken
1735516800,8.8303,9.2994,8.6766,8.8499,9.0177,69932.52393161,911,kraken
1735603200,8.8396,9.0159,8.6382,8.699,8.7887,91011.72007414,1066,kraken
1735689600,8.698,9.0306,8.4104,9.0306,8.7824,85052.7036333,1236,kraken
1735776000,9.0248,9.4191,9.0003,9.2634,9.2457,97821.78231745,1334,kraken
1735862400,9.2544,9.8787,9.15,9.7893,9.5977,63508.01069515,1159,kraken
1735948800,9.8059,10.0732,9.6431,10.0005,9.8758,110512.63840461,1635,kraken
1736035200,10.0048,10.1578,9.7042,10.0933,9.9084,72995.94791127,1217,kraken
1736121600,10.1017,10.3334,9.8113,10.1856,10.0824,159061.13517179,2186,kraken
1736208000,10.1384,10.6561,9.5153,9.68,10.158,479337.08663216,8058,kraken
1736294400,9.6512,9.7199,8.655,9.0202,9.1852,375723.58366606,5219,kraken
1736380800,9.019,9.1275,8.4452,8.6489,8.7351,98395.26180443,1736,kraken
1736467200,8.6952,9.2399,8.6558,9.1612,8.9342,116772.13250395,1617,kraken
1736553600,9.1358,9.2515,8.8487,9.1114,8.9944,62807.40604116,815,kraken
1736640000,9.1281,9.1535,8.73,8.8344,8.9751,40748.00686636,698,kraken
1736726400,8.8155,9.0723,7.88,8.4832,8.281,129449.87906364,1800,kraken
1736812800,8.4733,9.0989,8.4155,9.0151,8.7242,84101.41733765,1151,kraken
1736899200,9.0244,9.5149,8.7493,9.4811,9.1763,91252.84164595,1493,kraken
1736985600,9.4686,9.4976,9.01,9.2262,9.3155,72185.40383529,1133,kraken
1737072000,9.2316,9.8631,9.2316,9.7578,9.6601,134809.41023823,1795,kraken
1737158400,9.7638,9.8758,9.0678,9.3188,9.2679,158138.6775682,2062,kraken
1737244800,9.3083,9.5484,8.3918,8.48,9.122,112828.4654313,2157,kraken
1737331200,8.4952,9.2225,8.2,8.533,8.638,83273.38436255,1643,kraken
1737417600,8.4806,8.8727,8.1103,8.7394,8.527,74772.58233641,1093,kraken
1737504000,8.7621,8.9683,8.4401,8.4733,8.653,61833.02944736,845,kraken
1737590400,8.4909,8.5647,8.0958,8.3324,8.3064,50152.44727917,885,kraken
1737676800,8.3464,8.5791,7.9898,8.2129,8.2998,69330.89509194,972,kraken
1737763200,8.1818,8.2582,8.05,8.1012,8.1465,46336.70406326,592,kraken
1737849600,8.0881,8.4391,7.82,7.82,8.2326,88848.09644451,1124,kraken
1737936000,7.8126,7.8126,6.8572,7.6452,7.3436,287193.11827246,3469,kraken
1738022400,7.6395,7.7497,7.123,7.2072,7.362,107845.77779172,1127,kraken
1738108800,7.2003,7.67,7.1396,7.4267,7.3117,88760.45628504,977,kraken
1738195200,7.42,8.0062,7.3759,7.84,7.7291,83693.82743834,924,kraken
1738281600,7.8434,8.3964,7.6792,7.8114,8.0249,68136.85294025,977,kraken
1738368000,7.7784,7.8473,6.9535,7.0547,7.4044,49221.48919303,770,kraken
1738454400,7.0435,7.1829,5.8284,6.147,6.4922,208809.27581544,2528,kraken
1738540800,6.1553,6.5141,4.4707,6.5141,5.661,366906.17756511,4001,kraken
1738627200,6.5152,6.5589,5.8376,6.0823,6.16,260891.0471556,3177,kraken
1738713600,6.074,6.2679,5.8881,5.9684,6.0622,55302.16578094,743,kraken
1738800000,6.0058,6.1427,5.6784,5.7344,5.8162,128180.87160827,818,kraken
1738886400,5.7446,6.2482,5.5333,5.7128,5.7618,120309.42505002,964,kraken
1738972800,5.6835,5.8865,5.5266,5.8786,5.6864,73893.15318844,523,kraken
1739059200,5.8326,5.9663,5.6046,5.9042,5.852,27417.92067765,441,kraken
1739145600,5.923,6.3751,5.6775,6.1763,6.2065,68704.12826593,812,kraken
1739232000,6.2055,6.3913,5.8102,5.8861,6.1185,76292.38067814,923,kraken
1739318400,5.8781,6.249,5.7388,6.1543,5.9903,62906.59275579,935,kraken
1739404800,6.16,6.2859,5.9571,6.1385,6.0998,82588.55982389,990,kraken
1739491200,6.1367,6.3158,6.0302,6.0999,6.1715,83823.26661648,747,kraken
1739577600,6.082,6.2506,5.97,6.009,6.1081,68896.97437673,753,kraken
1739664000,6.0036,6.0386,5.7812,5.8311,5.927,28611.09035223,398,kraken
1739750400,5.8172,6.1488,5.7699,5.8908,5.9717,81409.30594443,923,kraken
1739836800,5.9399,5.9399,5.3224,5.6118,5.5487,110547.05731407,1096,kraken
1739923200,5.6301,6.62,5.6,6.331,6.3119,246393.2202686,2290,kraken
1740009600,6.3,7.0486,6.1462,6.3045,6.5162,251357.26661977,2638,kraken
1740096000,6.3173,6.4958,5.8907,5.9769,6.2102,251846.34198283,2046,kraken
1740182400,5.9544,6.1544,5.9234,6.0324,6.0206,73687.43600107,767,kraken
1740268800,6.0302,6.2317,5.963,6.127,6.129,44522.12675667,676,kraken
1740355200,6.1354,6.1521,5.2782,5.4024,5.6237,118173.05524724,1265,kraken
1740441600,5.4415,5.7926,5.0334,5.6366,5.4196,151925.75159338,1485,kraken
1740528000,5.6279,5.9487,5.5171,5.8926,5.6832,84029.90029342,1048,kraken
1740614400,5.9004,6.4762,5.9004,6.1076,6.1757,145240.18785038,1836,kraken
1740700800,6.1469,6.4762,5.628,6.4593,6.0676,212632.33969144,2045,kraken
1740787200,6.4601,6.6098,6.2292,6.3068,6.4296,76188.08168982,926,kraken
1740873600,6.2704,6.8089,6.139,6.7462,6.539,127785.85618173,1522,kraken
1740960000,6.7507,6.7766,5.6194,5.7438,6.1618,119089.98778007,1269,kraken
1741046400,5.7053,5.7578,5.0471,5.4569,5.4428,120358.97365022,1442,kraken
1741132800,5.4714,6.5414,5.4032,6.2013,6.037,234908.75260296,2387,kraken
1741219200,6.1941,6.2874,5.92,5.98,6.1598,78224.60053223,798,kraken
1741305600,5.9987,6.3734,5.82,6.202,6.1679,81230.52479337,1132,kraken
1741392000,6.1576,6.2111,5.7814,5.9466,6.0004,20788.82844784,356,kraken
1741478400,5.952,6.1221,5.5779,5.5779,5.8376,62725.60319174,854,kraken
1741564800,5.6396,5.748,5.0154,5.1895,5.3851,264423.53367921,1752,kraken
1741651200,5.1936,5.6541,5.0238,5.2987,5.3929,89631.2462286,1072,kraken
1741737600,5.3054,5.3553,5.0238,5.2072,5.1804,110711.75453692,1188,kraken
1741824000,5.1905,5.2326,4.9199,5.1502,5.0401,146225.29045232,1385,kraken
1741910400,5.1419,5.3217,5.1229,5.2113,5.2481,50291.7585274,653,kraken
1741996800,5.21,5.43,5.2012,5.3496,5.3259,28940.64874404,431,kraken
1742083200,5.3485,5.3753,5.1045,5.1507,5.21,53237.15682913,551,kraken
1742169600,5.1635,5.4453,5.1635,5.3459,5.3498,42772.62082678,511,kraken
1742256000,5.3459,5.4658,5.2174,5.4487,5.3455,55687.60543294,534,kraken
1742342400,5.4261,5.6315,5.3717,5.614,5.5444,76711.45649614,820,kraken
1742428800,5.6055,5.6326,5.4152,5.6273,5.5145,34814.26392593,480,kraken
1742515200,5.6173,5.7345,5.4008,5.6186,5.574,40635.14514849,619,kraken
1742601600,5.6132,5.8108,5.5923,5.6773,5.7381,27170.70447794,504,kraken
1742688000,5.6778,5.7081,5.5885,5.7081,5.6518,15799.45005177,403,kraken
1742774400,5.7028,6.0505,5.6199,6.0227,5.8848,55858.31956494,928,kraken
1742860800,6.0312,6.0985,5.8304,5.9212,5.9203,24371.45414074,541,kraken
1742947200,5.9156,6.0503,5.7884,5.9471,5.9341,42211.63004072,692,kraken
1743033600,5.9471,6.0845,5.8304,5.9716,5.9645,30987.51914,509,kraken
1743120000,5.9549,5.9557,5.4268,5.5537,5.5746,53965.25404811,759,kraken
1743206400,5.5457,5.5875,5.1517,5.2067,5.346,37887.68305032,533,kraken
1743292800,5.2153,5.3916,5.1811,5.292,5.2927,36864.3405241,380,kraken
1743379200,5.2988,5.4099,5.0815,5.2682,5.2422,60838.94749619,582,kraken
1743465600,5.2617,5.4422,5.2557,5.4153,5.3418,23752.81422376,338,kraken
1743552000,5.3561,5.499,5.021,5.1083,5.2982,127452.4774151,1031,kraken
1743638400,5.1044,5.3251,4.9478,5.05,5.1245,63758.68489064,779,kraken
1743724800,5.0606,5.0852,4.7453,4.8842,4.859,58896.58089791,715,kraken
1743811200,4.9019,4.9396,4.7952,4.8437,4.8362,13619.11003904,248,kraken
1743897600,4.8875,4.9125,4.2344,4.3536,4.499,59866.74559405,989,kraken
1743984000,4.3315,4.5576,3.8992,4.4088,4.2882,91511.29578041,1159,kraken
1744070400,4.4182,4.7123,4.3169,4.3527,4.4667,47735.36174631,524,kraken
1744156800,4.333,4.8284,4.1718,4.7214,4.5158,120041.31137888,1091,kraken
1744243200,4.7113,4.7145,4.4423,4.6251,4.6236,51561.5932299,585,kraken
1744329600,4.6163,4.8618,4.6162,4.79,4.7767,32285.32570489,454,kraken
1744416000,4.7872,4.9897,4.752,4.9656,4.9162,30600.74799245,364,kraken
1744502400,4.964,5.1836,4.757,4.8234,4.9781,57866.58189589,562,kraken
1744588800,4.841,4.9856,4.7868,4.8048,4.8682,33428.26596288,501,kraken
1744675200,4.7972,4.818,4.6086,4.623,4.68,41009.12158781,468,kraken
1744761600,4.6156,4.7311,4.496,4.6326,4.6421,24245.25534012,449,kraken
1744848000,4.6214,4.7273,4.524,4.5824,4.6155,11179.61299512,378,kraken
1744934400,4.5965,4.7961,4.5563,4.6952,4.7044,19217.32314605,413,kraken
1745020800,4.702,4.9549,4.6509,4.9176,4.8186,35316.61790729,573,kraken
1745107200,4.928,5.0758,4.8631,5.0737,4.9949,54752.64524371,697,kraken
1745193600,5.0737,5.2395,4.9105,4.9164,5.1121,37520.76746488,742,kraken
1745280000,4.921,5.2965,4.7709,5.2635,5.0138,80474.58675567,929,kraken
1745366400,5.2798,5.4031,5.2026,5.3576,5.3058,81488.89432595,903,kraken
1745452800,5.3593,5.6,5.1799,5.5016,5.3471,53666.08428686,881,kraken
1745539200,5.52,5.6475,5.3478,5.5358,5.5373,46768.21129355,640,kraken
1745625600,5.5719,5.6826,5.501,5.6218,5.5877,42102.93818032,491,kraken
1745712000,5.639,5.6541,5.3241,5.3719,5.4621,45959.72002729,538,kraken
1745798400,5.3556,5.6633,5.2567,5.5177,5.5383,61743.84890736,740,kraken
1745884800,5.5551,5.6821,5.3915,5.4261,5.5554,49731.16413803,548,kraken
1745971200,5.4269,5.4528,5.1669,5.3499,5.3085,50152.63303305,612,kraken
1746057600,5.3691,5.5892,5.3691,5.5116,5.5043,38123.67513419,499,kraken
1746144000,5.5052,5.5783,5.3884,5.4482,5.4897,77660.93786433,506,kraken
1746230400,5.4401,5.4401,5.1459,5.1859,5.248,24298.77867758,379,kraken
1746316800,5.1869,5.2082,5.0704,5.093,5.127,23282.06495911,328,kraken
1746403200,5.1121,5.2,4.9706,4.9706,5.0794,22639.03332383,418,kraken
1746489600,4.9727,4.9727,4.5982,4.7737,4.7973,66160.24339695,676,kraken
1746576000,4.7469,4.8187,4.6571,4.7927,4.7611,31111.98193543,422,kraken
1746662400,4.7936,5.49,4.7936,5.4853,5.1968,103403.22904741,953,kraken
1746748800,5.4854,5.8583,5.4571,5.5783,5.5994,164709.20538196,1301,kraken
1746835200,5.5987,6.0796,5.4982,6.0731,5.7908,76993.50373912,995,kraken
1746921600,6.09,6.2827,5.7878,5.8701,6.0038,97873.93650686,1130,kraken
1747008000,5.8731,6.1544,5.6068,5.8505,5.91,132536.85747314,1362,kraken
1747094400,5.8449,6.2481,5.5165,6.1443,5.9278,147756.7278117,1197,kraken
1747180800,6.1432,6.1817,5.6915,5.7469,5.947,93634.39573184,1099,kraken
1747267200,5.7405,5.8257,5.2056,5.3109,5.5118,116779.11814724,1353,kraken
1747353600,5.3121,5.4446,5.2288,5.2636,5.3526,57394.83251796,690,kraken
1747440000,5.2581,5.2586,5.0298,5.0781,5.1384,52857.73611187,776,kraken
1747526400,5.0688,5.3206,4.9,5.1985,5.1694,168569.09929392,1389,kraken
1747612800,5.2004,5.2297,4.8237,5.2161,5.0347,84212.7063148,849,kraken
1747699200,5.2262,5.2934,4.9919,5.1609,5.138,107049.19300028,930,kraken
1747785600,5.1532,5.3881,5.0957,5.2754,5.2071,85639.69631845,848,kraken
1747872000,5.2868,5.7815,5.2806,5.71,5.5979,228487.89766439,1425,kraken
1747958400,5.7312,5.9944,5.321,5.3455,5.711,166932.95146248,1796,kraken
1748044800,5.3305,5.445,5.2882,5.3284,5.3731,23183.1160467,443,kraken
1748131200,5.3169,5.3411,5.0116,5.2691,5.1464,39360.66365435,633,kraken
1748217600,5.2704,5.482,5.2413,5.2795,5.3378,53905.09415905,632,kraken
1748304000,5.2834,5.5199,5.1985,5.3823,5.3483,34644.4760276,510,kraken
1748390400,5.3531,5.4782,5.2373,5.3876,5.328,90079.32919118,806,kraken
1748476800,5.43,5.5757,5.1456,5.1581,5.3432,46179.78375996,598,kraken
1748563200,5.156,5.1757,4.6947,4.7435,4.9669,87502.3523301,1059,kraken
1748649600,4.746,4.8085,4.532,4.7335,4.675,43315.72112238,627,kraken
1748736000,4.7286,4.8258,4.6434,4.8258,4.7279,36301.69643559,420,kraken
1748822400,4.8058,4.91,4.6708,4.8936,4.757,37658.74646415,461,kraken
1748908800,4.9079,5.0437,4.8662,4.9377,4.9671,56644.05623241,517,kraken
1748995200,4.9502,5.0086,4.7593,4.7933,4.8477,34326.90320841,390,kraken
1749081600,4.7931,4.8637,4.4472,4.4947,4.601,111066.14453788,819,kraken
1749168000,4.4884,4.7166,4.4818,4.6136,4.5977,41523.50067479,398,kraken
1749254400,4.6166,4.7709,4.6166,4.7636,4.7227,27367.3519663,331,kraken
1749340800,4.7461,4.7793,4.5978,4.7123,4.7223,39166.0335357,528,kraken
1749427200,4.7099,4.9656,4.652,4.9529,4.8168,27891.33709252,329,kraken
1749513600,4.9635,5.1369,4.8795,5.1369,5.0405,29480.84514958,453,kraken
1749600000,5.1488,5.251,4.9482,5.0265,5.1256,93848.4503908,906,kraken
1749686400,5.0154,5.0697,4.6826,4.7197,4.8826,28850.06237206,388,kraken
1749772800,4.6807,4.6807,4.355,4.4939,4.4467,108355.2243131,877,kraken
1749859200,4.4945,4.5452,4.3172,4.4634,4.45,49541.6618969,384,kraken
1749945600,4.4722,4.5553,4.437,4.5331,4.4922,18666.55760346,290,kraken
1750032000,4.5411,4.9027,4.4986,4.6947,4.7328,48751.56773663,552,kraken
1750118400,4.6763,4.748,4.3914,4.4437,4.5558,79958.25649013,818,kraken
1750204800,4.4579,4.5289,4.2712,4.4628,4.4071,34251.10676757,543,kraken
1750291200,4.4839,4.5069,4.3077,4.383,4.4033,34090.53782138,306,kraken
1750377600,4.385,4.4709,4.1762,4.2726,4.3339,51638.93823043,539,kraken
1750464000,4.2725,4.6875,4.0779,4.1658,4.4125,147068.30799539,1334,kraken
1750550400,4.1791,4.2262,3.7487,3.9214,3.9539,99396.42633646,1208,kraken
1750636800,3.9265,4.3568,3.8741,4.3214,4.0168,121293.47191709,1185,kraken
1750723200,4.3279,5.1387,4.2522,4.9608,4.7444,293142.31296768,2785,kraken
1750809600,4.9647,5.0867,4.6394,4.8939,4.8705,249628.35660355,2517,kraken
1750896000,4.8849,5.0409,4.6479,4.8847,4.8826,124491.55335514,1505,kraken
1750982400,4.8804,5.2936,4.8138,4.8425,5.0417,177488.97198498,2264,kraken
1751068800,4.8588,4.9542,4.7364,4.8526,4.8127,43401.53521874,905,kraken
1751155200,4.8522,5.0091,4.7224,4.9625,4.8299,51784.3483455,833,kraken
1751241600,4.9572,4.9572,4.773,4.9116,4.8823,54584.33423623,765,kraken
1751328000,4.9145,4.9539,4.4834,4.4924,4.6645,89889.11790158,976,kraken
1751414400,4.4863,4.85,4.4216,4.7405,4.5667,119655.64708152,822,kraken
1751500800,4.7552,4.8544,4.6638,4.7395,4.7847,76105.52908855,517,kraken
1751587200,4.7372,4.767,4.3231,4.3962,4.4928,119101.89909795,864,kraken
1751673600,4.3991,4.4511,4.3515,4.4206,4.409,29351.35131899,263,kraken
1751760000,4.4182,4.5343,4.3763,4.4697,4.4211,79537.61198285,452,kraken
1751846400,4.4679,4.5051,4.404,4.4473,4.4488,40211.21247919,242,kraken
1751932800,4.455,4.4779,4.358,4.4703,4.4426,93084.7584297,782,kraken
1752019200,4.4649,4.6788,4.4032,4.641,4.4957,149788.06032037,1211,kraken
1752105600,4.6474,4.9078,4.5675,4.8867,4.6971,168190.81307173,1232,kraken
1752192000,4.8894,5.0858,4.7851,4.8858,4.9665,180131.05144744,1986,kraken
1752278400,4.8855,4.9373,4.6828,4.8083,4.8127,133473.73436629,1483,kraken
1752364800,4.8053,5.0574,4.7905,4.9404,4.9655,85205.98432574,1005,kraken
1752451200,4.944,5.2093,4.9,4.9665,5.0872,125106.58413115,1756,kraken
1752537600,4.9646,5.1197,4.7838,5.088,4.9166,102356.44228696,1737,kraken
1752624000,5.0957,5.3763,5.0396,5.1979,5.2233,176967.16977609,2347,kraken
1752710400,5.2054,5.363,5.0566,5.3014,5.2109,165033.70068745,2238,kraken
1752796800,5.2887,5.5854,5.2101,5.3222,5.396,225789.0260825,3218,kraken
1752883200,5.3231,5.437,5.1619,5.3251,5.2748,90583.34703219,1016,kraken
1752969600,5.3325,5.5142,5.2139,5.3197,5.3778,209629.94304369,2442,kraken
1753056000,5.3142,5.55,5.2281,5.4152,5.4442,413964.56088039,4238,kraken
1753142400,5.4036,5.4789,5.1629,5.478,5.3569,268267.30095016,3018,kraken
1753228800,5.4769,5.6574,4.6959,4.8145,5.1455,281690.07367958,4335,kraken
1753315200,4.8,4.8601,4.4651,4.6295,4.6627,176736.50055442,2363,kraken
1753401600,4.6239,4.7637,4.5163,4.756,4.6594,64216.43582254,1235,kraken
1753488000,4.7372,4.8573,4.7307,4.808,4.8046,62553.18979737,835,kraken
1753574400,4.8075,4.9181,4.7646,4.9045,4.8399,88027.51763729,1090,kraken
1753660800,4.8984,4.9843,4.6145,4.6466,4.8273,147934.05679669,1758,kraken
1753747200,4.6591,4.7749,4.457,4.5857,4.6026,122934.89426822,1569,kraken
1753833600,4.5759,4.5895,4.2692,4.4883,4.462,125434.09967697,1369,kraken
1753920000,4.4831,4.622,4.3078,4.3228,4.485,89548.40080069,1178,kraken
1754006400,4.3257,4.3778,4.1209,4.2427,4.2672,126498.48513125,1712,kraken
1754092800,4.23,4.2824,4.0554,4.124,4.1575,135806.7031191,1617,kraken
1754179200,4.1295,4.2469,4.0648,4.2254,4.1957,75459.6792221,729,kraken
1754265600,4.2267,4.3655,4.2267,4.3603,4.2859,116844.50741784,1067,kraken
1754352000,4.3647,4.374,4.1724,4.2853,4.2859,84734.9969166,1034,kraken
1754438400,4.2779,4.3049,4.173,4.2485,4.247,54521.59692446,634,kraken
1754524800,4.237,4.4276,4.2223,4.4199,4.3208,77403.63088113,886,kraken
1754611200,4.4149,4.7226,4.3564,4.6583,4.5745,324047.08477705,3335,kraken
1754697600,4.6366,4.8687,4.6364,4.7892,4.7917,109730.841098,1474,kraken
1754784000,4.7932,4.8472,4.5886,4.699,4.6991,97710.63867783,1393,kraken
1754870400,4.6952,4.8354,4.507,4.5333,4.666,142790.37042357,1789,kraken
1754956800,4.5234,4.9105,4.49,4.82,4.7302,146962.31080036,1707,kraken
1755043200,4.8336,5.0866,4.7196,5.0608,4.9361,265354.28427409,2871,kraken
1755129600,5.0602,5.1515,4.4917,4.728,4.8668,321422.46124219,3576,kraken
1755216000,4.7269,4.8499,4.5378,4.6704,4.6788,113717.01190942,1600,kraken
1755302400,4.6789,4.7613,4.6242,4.7438,4.6792,50108.50189806,705,kraken
1755388800,4.7455,4.9435,4.7135,4.7961,4.8345,52156.42205191,772,kraken
1755475200,4.7899,4.7955,4.5517,4.5703,4.6121,84440.83094484,1076,kraken
1755561600,4.5767,4.6199,4.2896,4.2916,4.3969,169016.14502068,1750,kraken
1755648000,4.3015,4.5096,4.2678,4.4865,4.3925,131892.43387005,3037,kraken
1755734400,4.4767,4.505,4.3434,4.3962,4.4369,78859.41464815,981,kraken
1755820800,4.4259,4.8123,4.28,4.8045,4.5649,143405.14768837,1853,kraken
1755907200,4.7955,4.8027,4.6094,4.7509,4.7136,83399.27117205,941,kraken
1755993600,4.7607,4.8,4.5485,4.6452,4.6469,85691.19169395,1408,kraken
1756080000,4.6229,4.6564,4.205,4.2558,4.4157,104223.36240397,1564,kraken
1756166400,4.2402,4.4275,4.2375,4.3765,4.3309,58264.83774762,884,kraken
1756252800,4.3754,4.4359,4.3393,4.3616,4.3891,46774.13356426,880,kraken
1756339200,4.3769,4.4847,4.3339,4.4638,4.4141,112050.20470674,1245,kraken
1756425600,4.458,4.4617,4.1933,4.2625,4.2906,85139.83489685,1248,kraken
1756512000,4.2571,4.3382,4.19,4.3247,4.2795,56391.55599459,631,kraken
1756598400,4.3331,4.3667,4.2528,4.2528,4.3257,23858.37320196,499,kraken
1756684800,4.25,4.4575,4.1131,4.2062,4.2921,148777.32764506,1748,kraken
1756771200,4.2125,4.3495,4.1836,4.3384,4.2995,130722.03177232,4860,kraken
1756857600,4.34,4.4132,4.2634,4.3715,4.3478,44813.65981316,612,kraken
1756944000,4.3696,4.3824,4.2081,4.2463,4.2666,38802.62454117,608,kraken
1757030400,4.2594,4.3608,4.2356,4.2565,4.2901,22023.96201234,548,kraken
1757116800,4.2537,4.2606,4.1819,4.2054,4.2121,37475.78528409,545,kraken
1757203200,4.2109,4.2844,4.2077,4.2747,4.2538,24147.86118641,399,kraken
1757289600,4.2732,4.4412,4.2613,4.4048,4.3703,56548.46433991,890,kraken
1757376000,4.4052,4.5303,4.3548,4.3877,4.4456,98012.29513787,1313,kraken
1757462400,4.3911,4.4956,4.366,4.483,4.4399,121132.36554599,1190,kraken
1757548800,4.4836,4.548,4.4371,4.5231,4.5014,101141.13014919,1031,kraken
1757635200,4.5294,4.632,4.4731,4.6267,4.5445,93775.68516749,1231,kraken
1757721600,4.6185,4.7494,4.5743,4.6667,4.67,125361.9474425,1290,kraken
1757808000,4.6666,4.6718,4.4637,4.5262,4.5602,35837.97543315,743,kraken
1757894400,4.5306,4.609,4.3202,4.3791,4.4333,87523.85830761,1374,kraken
1757980800,4.3674,4.4823,4.3325,4.4471,4.4173,63364.65364371,896,kraken
1758067200,4.4492,4.6116,4.3582,4.5766,4.4432,60458.53768941,1066,kraken
1758153600,4.5886,4.7428,4.5543,4.6919,4.6686,112465.82160339,1396,kraken
1758240000,4.7004,4.7792,4.5279,4.5516,4.6317,90259.48769653,1323,kraken
1758326400,4.5487,4.725,4.5436,4.6136,4.6517,69116.04449995,983,kraken
1758412800,4.6222,4.7025,4.5733,4.6209,4.6384,63600.99297708,774,kraken
1758499200,4.6098,4.6338,4.0854,4.3164,4.2819,270070.08405742,2740,kraken
1758585600,4.3164,4.3743,4.21,4.2955,4.3083,111312.53843449,990,kraken
1758672000,4.3287,4.3541,4.2045,4.2464,4.2964,79878.26699159,998,kraken
1758758400,4.2421,4.2421,3.9036,3.9303,4.0808,197948.92447393,2053,kraken
1758844800,3.9349,4.1211,3.8896,4.1079,3.9788,86102.71346947,1111,kraken
1758931200,4.1097,4.2682,4.0615,4.221,4.1423,36048.41074254,658,kraken
1759017600,4.2234,4.2534,4.0628,4.231,4.1341,42052.0735728,726,kraken
1759104000,4.2317,4.328,4.1905,4.2827,4.2481,66688.74453016,866,kraken
1759190400,4.2761,4.4063,4.199,4.4011,4.2631,85843.73469559,1012,kraken
1759276800,4.4148,4.8752,4.3838,4.8752,4.6044,164367.84434566,1717,kraken
1759363200,4.8782,5.2322,4.8244,5.2312,5.0601,310358.79580818,3367,kraken
1759449600,5.2323,5.4515,5.0772,5.372,5.272,393116.06449222,3462,kraken
1759536000,5.3831,5.5568,5.1183,5.2181,5.293,296483.23078192,2578,kraken
1759622400,5.211,5.6476,5.211,5.471,5.4329,250300.14601065,2386,kraken
1759708800,5.4659,5.5039,5.2564,5.2833,5.3716,215873.32887313,2632,kraken
1759795200,5.2834,5.4798,5.2005,5.3081,5.3266,221868.53267861,1862,kraken
1759881600,5.3163,5.3755,5.1422,5.1771,5.2413,208992.24290711,1835,kraken
1759968000,5.1641,5.1641,4.8132,5.0231,4.9671,172689.45963632,1451,kraken
1760054400,5.0136,5.12,1.8651,3.8894,4.027,669572.243803,8480,kraken
1760140800,3.8762,4.1106,3.5189,3.6494,3.8104,316996.00138857,3547,kraken
1760227200,3.642,4.0392,3.5103,3.9155,3.7877,231468.04493451,2693,kraken
1760313600,3.9012,3.9694,3.654,3.9274,3.8407,172977.5797978,1922,kraken
1760400000,3.9377,3.9504,3.5377,3.6877,3.691,214862.87417673,2395,kraken
1760486400,3.6888,3.7549,3.4235,3.5189,3.5492,187242.21576558,1688,kraken
1760572800,3.5167,3.5842,3.248,3.2924,3.3999,215264.55296293,2096,kraken
1760659200,3.298,3.3396,2.9557,3.1909,3.1086,203752.08756088,1561,kraken
1760745600,3.2003,3.2282,3.1241,3.2095,3.1749,66945.41181196,726,kraken
1760832000,3.189,3.2646,3.1329,3.1896,3.2173,104792.62233981,732,kraken
1760918400,3.1896,3.3602,3.1356,3.2659,3.2567,93107.15491922,961,kraken
1761004800,3.2659,3.3834,3.1178,3.2285,3.2646,82999.05222097,908,kraken
1761091200,3.2386,3.3935,3.0997,3.192,3.2706,86537.75821083,1810,kraken
1761177600,3.1943,3.3255,3.1671,3.2397,3.2293,34102.30876528,659,kraken
1761264000,3.2502,3.3213,3.1691,3.3065,3.2569,24755.58456136,668,kraken
1761350400,3.3087,3.3282,3.2484,3.3167,3.3015,54629.65991531,551,kraken
1761436800,3.3105,3.6239,3.2821,3.594,3.5383,164727.52809272,1560,kraken
1761523200,3.6049,3.6473,3.4233,3.46,3.5078,104721.43837028,1422,kraken
1761609600,3.46,3.5117,3.3121,3.3615,3.4067,70356.65728389,972,kraken
1761696000,3.3565,3.5056,3.3072,3.4004,3.4088,100832.87738721,1103,kraken
1761782400,3.4106,3.463,3.0657,3.2033,3.2022,90296.33099535,1284,kraken
1761868800,3.2015,3.3036,3.1936,3.2579,3.2471,52146.13010266,766,kraken
1761955200,3.2431,3.3326,3.2324,3.3309,3.2721,13503.8798281,291,kraken
1762041600,3.3138,3.4209,3.256,3.3763,3.3298,48531.24273194,517,kraken
1762128000,3.3757,3.3825,2.7165,2.7759,2.9197,241572.23607737,1798,kraken
1762214400,2.7784,2.8363,2.3907,2.5688,2.6048,352389.06630058,2226,kraken
1762300800,2.5602,2.704,2.4218,2.6809,2.6215,110817.48939088,876,kraken
1762387200,2.6807,2.7707,2.6062,2.7458,2.6943,101602.19882166,849,kraken
1762473600,2.7415,3.2762,2.7351,3.1645,3.0439,799022.66757525,5890,kraken
1762560000,3.1699,3.2406,2.9871,3.0835,3.0934,148039.79666886,1119,kraken
1762646400,3.0835,3.2554,2.9452,3.2339,3.1233,205834.00123038,1371,kraken
1762732800,3.2112,3.3505,3.1838,3.3053,3.2526,192505.8842299,1662,kraken
1762819200,3.3021,3.3748,3.077,3.0895,3.1903,204972.71360062,1389,kraken
1762905600,3.1017,3.198,2.986,3.0333,3.0827,121974.2750522,1190,kraken
1762992000,3.0379,3.1568,2.8663,2.9821,3.0189,125256.29114211,1019,kraken
1763078400,2.9764,3.1286,2.8124,2.9158,2.9512,136254.81141255,1225,kraken
1763164800,2.9145,3.021,2.8899,2.9223,2.9416,63642.91234793,535,kraken
1763251200,2.91,2.9702,2.7455,2.8345,2.8355,56756.92040249,575,kraken
1763337600,2.8301,2.9393,2.6793,2.7336,2.8206,91626.35565812,1109,kraken
1763424000,2.7481,2.9631,2.708,2.9098,2.849,81733.2238832,817,kraken
1763510400,2.91,2.9201,2.7158,2.8705,2.8275,64968.75304205,753,kraken
1763596800,2.8797,3.0588,2.74,2.7401,2.9072,99896.70619159,846,kraken
1763683200,2.7398,2.8194,2.3308,2.392,2.5388,236350.00796334,1741,kraken
1763769600,2.3908,2.4045,2.2859,2.3326,2.3292,71486.76395016,569,kraken
1763856000,2.3144,2.3792,2.309,2.3381,2.3476,83184.23416571,630,kraken
1763942400,2.315,2.3861,2.2235,2.3495,2.3198,112963.5837795,780,kraken
1764028800,2.3441,2.3594,2.1956,2.2968,2.2586,117683.32944408,902,kraken
1764115200,2.2968,2.2968,2.1528,2.2718,2.2413,112182.36700637,761,kraken
1764201600,2.2614,2.36,2.2301,2.2652,2.2996,144497.92087316,779,kraken
1764288000,2.2703,2.2703,2.1089,2.1586,2.1769,108281.61527919,1095,kraken
1764374400,2.1456,2.1541,1.9753,2.0415,2.055,189286.70707213,1618,kraken
1764460800,2.045,2.0568,1.9849,1.9885,2.0259,108711.99858079,954,kraken
1764547200,1.98,1.98,1.8115,1.872,1.8557,181277.56626423,1631,kraken
1764633600,1.8729,2.0061,1.8429,1.9696,1.9353,75068.42826828,859,kraken
1764720000,1.9687,2.0398,1.96,2.0272,2.0072,156953.78748101,1179,kraken
1764806400,2.0246,2.0387,1.925,1.9415,1.9935,187740.19011138,1787,kraken
1764892800,1.938,1.9536,1.7177,1.7506,1.7893,207354.61300806,1927,kraken
1764979200,1.7468,1.8158,1.6917,1.7591,1.7432,78903.87212484,826,kraken
1765065600,1.7531,1.7728,1.6569,1.7092,1.7141,125019.75053358,1132,kraken
1765152000,1.7081,1.8096,1.6842,1.7913,1.7709,102716.19995205,951,kraken
1765238400,1.7952,1.9203,1.7298,1.8913,1.856,231691.6085001,1367,kraken
1765324800,1.8851,1.9112,1.77,1.7773,1.8393,179743.86707093,1587,kraken
1765411200,1.7773,1.7792,1.6847,1.7299,1.7145,112335.60767596,892,kraken
1765497600,1.7262,1.7363,1.6034,1.6333,1.6618,96990.74247981,834,kraken
1765584000,1.6332,1.711,1.6272,1.6985,1.6755,65254.5425727,692,kraken
1765670400,1.7017,1.7017,1.6,1.6182,1.6511,75604.01388474,824,kraken
1765756800,1.6158,1.6687,1.5263,1.5696,1.5836,146565.14030285,1300,kraken
1765843200,1.5705,1.606,1.5389,1.5864,1.5779,108686.36591986,1006,kraken
1765929600,1.5833,1.6411,1.4792,1.4992,1.5324,163987.38852903,1436,kraken
1766016000,1.4974,1.5629,1.4173,1.4532,1.4793,163447.70805406,1405,kraken
1766102400,1.4549,1.6611,1.4251,1.6376,1.5837,165841.74315518,1142,kraken
1766188800,1.6373,1.6976,1.5934,1.609,1.6474,182003.88183253,1152,kraken
1766275200,1.6102,1.6559,1.55,1.5753,1.5867,90496.44023741,884,kraken
1766361600,1.5743,1.6673,1.5595,1.6181,1.6268,86517.00532946,812,kraken
1766448000,1.6225,1.6397,1.5604,1.6122,1.6014,117307.77197717,932,kraken
1766534400,1.6184,1.6426,1.5563,1.64,1.6005,130328.90705978,890,kraken
1766620800,1.6407,1.6871,1.5888,1.5925,1.6522,155930.71490251,1013,kraken
1766707200,1.5908,1.7186,1.5908,1.6806,1.6735,232804.42697062,1221,kraken
1766793600,1.6806,1.7634,1.6741,1.7529,1.7328,126335.1058122,878,kraken
1766880000,1.7555,1.7557,1.6968,1.7234,1.7214,118019.98370066,844,kraken
1766966400,1.7247,1.8053,1.6732,1.6753,1.7287,271017.03287008,1842,kraken
1767052800,1.6782,1.7504,1.6669,1.7143,1.7067,131088.43222127,790,kraken
1767139200,1.7144,1.7393,1.6423,1.6563,1.6954,206490.13697807,1176,kraken
1767225600,1.6594,1.8704,1.6502,1.8613,1.7919,165094.86274993,1117,kraken
1767312000,1.8616,1.9072,1.807,1.9027,1.8557,302934.42953476,1896,kraken
1767398400,1.9078,1.9338,1.8491,1.9017,1.898,72551.81472843,1167,kraken
1767484800,1.8996,1.9573,1.8954,1.939,1.9224,85566.52436198,954,kraken
1767571200,1.9476,1.9856,1.8977,1.9661,1.9521,255008.24988381,1610,kraken
1767657600,1.9645,2.0114,1.8672,1.9609,1.9343,273454.31788786,2110,kraken
1767744000,1.9563,1.9573,1.8631,1.8828,1.9046,91667.53246314,1041,kraken
1767830400,1.8861,1.8931,1.7685,1.8202,1.8213,91859.6672669,867,kraken
1767916800,1.8167,1.8382,1.771,1.8231,1.8046,94731.9325476,1339,kraken
1768003200,1.8208,1.837,1.7986,1.811,1.8176,41948.95138636,638,kraken
1768089600,1.8062,1.8225,1.7441,1.7668,1.8016,120402.00145455,1226,kraken
1768176000,1.764,1.8174,1.7279,1.7676,1.7687,122006.47697752,1013,kraken
1768262400,1.7669,1.9968,1.7643,1.965,1.8896,330610.16755602,1610,kraken
1768348800,1.9833,1.9833,1.8996,1.9358,1.939,143918.84189005,1119,kraken
1768435200,1.9326,1.9482,1.765,1.8036,1.8557,93924.04824547,952,kraken
1768521600,1.8021,1.8104,1.746,1.7881,1.7778,82968.86064932,1309,kraken
1768608000,1.7955,1.9113,1.791,1.861,1.8546,121046.96047759,904,kraken
1768694400,1.874,1.8804,1.7234,1.7251,1.8114,141418.79593983,1296,kraken
1768780800,1.7231,1.7231,1.5089,1.6115,1.6146,397664.84996523,2354,kraken
1768867200,1.6072,1.628,1.5181,1.5323,1.5782,171832.16640818,1408,kraken
1768953600,1.532,1.6024,1.5071,1.5573,1.5634,136259.36514541,943,kraken
1769040000,1.559,1.5833,1.5179,1.5478,1.5563,87630.40681846,852,kraken
1769126400,1.5493,1.6145,1.5356,1.5507,1.5778,138482.39349514,1076,kraken
1769212800,1.5529,1.5643,1.5336,1.5457,1.5491,25531.7544209,346,kraken
1769299200,1.5465,1.5956,1.4496,1.4864,1.5382,199666.58239671,1598,kraken
1769385600,1.4825,1.5902,1.4825,1.5508,1.5441,97581.23025341,749,kraken
1769472000,1.5489,1.5949,1.5225,1.5908,1.5492,165427.03535184,986,kraken
1769558400,1.5932,1.6267,1.5747,1.6094,1.6003,140174.96380298,822,kraken
1769644800,1.6099,1.6099,1.4415,1.4915,1.5025,187132.30432345,1184,kraken
1769731200,1.4934,1.5061,1.413,1.4489,1.4514,167365.0595956,2228,kraken
1769817600,1.447,1.6893,1.117,1.2737,1.3088,877568.70800213,3799,kraken
1769904000,1.2735,1.2981,1.2061,1.2378,1.2658,209657.85607661,1276,kraken
1769990400,1.2376,1.2923,1.1969,1.2762,1.2558,149890.61599393,972,kraken
1770076800,1.277,1.2988,1.1934,1.2427,1.2549,260235.07085796,1267,kraken
1770163200,1.245,1.2786,1.1987,1.2185,1.2415,270761.44861378,1175,kraken
1770249600,1.2111,1.2298,1.0143,1.0291,1.111,529755.15137859,2254,kraken
1770336000,1.0337,1.1643,0.9045,1.1393,1.0479,684100.20525708,3102,kraken
1770422400,1.1373,1.1474,1.0811,1.1137,1.1193,210231.45738154,1239,kraken
1770508800,1.1108,1.1108,1.05,1.0678,1.084,107569.52424764,803,kraken
1770595200,1.067,1.0779,1.0103,1.0399,1.0486,114759.73237687,859,kraken
1770681600,1.0403,1.0443,0.9731,0.9884,0.9969,298084.23575367,1433,kraken
1770768000,0.9885,1.0102,0.916,0.9226,0.9565,338943.71950725,1643,kraken
1770854400,0.9252,0.9627,0.8938,0.9252,0.9294,250219.42184662,1292,kraken
1770940800,0.9225,0.9569,0.898,0.9403,0.9258,179385.4402966,883,kraken
1771027200,0.9365,1.0072,0.9353,0.987,0.9717,193928.49055717,940,kraken
1771113600,0.9863,0.9872,0.9053,0.9329,0.9479,198238.71166474,1092,kraken
1771200000,0.9338,0.9381,0.8975,0.9276,0.9167,169112.10300891,787,kraken
1771286400,0.9254,0.9473,0.9088,0.9163,0.9289,135910.10518614,797,kraken
1771372800,0.918,0.9289,0.8688,0.8782,0.8958,197869.48388251,1075,kraken
1771459200,0.8772,0.8905,0.8325,0.8651,0.8619,143371.37591243,886,kraken
1771545600,0.8654,0.8876,0.8443,0.8843,0.8729,116953.80324072,903,kraken
1771632000,0.8813,0.9084,0.875,0.8883,0.8958,91126.31893276,494,kraken
1771718400,0.8802,0.8809,0.8224,0.8405,0.8464,159158.01282259,1003,kraken
1771804800,0.8422,0.8672,0.7915,0.8115,0.8281,418077.20166482,1882,kraken
1771891200,0.813,0.837,0.798,0.8229,0.8158,256316.81070998,1067,kraken
1771977600,0.8242,1.11,0.822,1.0043,0.9968,626699.79369862,2514,kraken
1772064000,1.0072,1.0096,0.9285,0.964,0.9647,552467.61996278,2246,kraken
1772150400,0.9722,1.0262,0.9209,0.9375,0.977,411277.78100602,2252,kraken
1772236800,0.9395,0.9739,0.8655,0.963,0.915,524933.46320112,2141,kraken
1772323200,0.967,0.9787,0.9061,0.9268,0.9409,312286.23723976,1567,kraken
1772409600,0.9295,0.9907,0.916,0.9662,0.9564,406933.94893229,2113,kraken
1772496000,0.9707,1.036,0.949,1.0117,0.9859,1137484.07273208,4016,kraken
1772582400,1.0123,1.0295,0.9872,1.0105,1.0094,873937.98100831,4091,kraken
1772668800,1.0095,1.0202,0.9663,0.9964,0.9996,388173.78564295,2663,kraken
1772755200,0.9974,1.0245,0.9396,0.9576,0.9819,352999.45093581,2319,kraken
1772841600,0.9571,0.9644,0.9319,0.9383,0.9444,113290.39432253,1177,kraken
1772928000,0.9398,0.9601,0.9114,0.9294,0.9328,195344.97359961,1307,kraken
1773014400,0.9292,0.9844,0.9292,0.9561,0.9556,140813.58590985,1267,kraken
1773100800,0.9569,0.9979,0.9458,0.9529,0.9711,216952.87223379,1446,kraken
1773187200,0.9516,0.9754,0.9336,0.9437,0.9472,89019.51849525,1181,kraken
1773273600,0.9408,0.9446,0.9045,0.9178,0.9237,244307.51092275,1559,kraken
1773360000,0.9158,0.9752,0.9109,0.9354,0.9466,449041.56966787,2435,kraken
1773446400,0.9291,0.9336,0.9071,0.9205,0.9168,109650.82877057,1193,kraken
1773532800,0.92,0.9403,0.9107,0.9344,0.9262,129103.24843475,1420,kraken
1773619200,0.9363,1.0295,0.9286,1.0253,0.9953,840319.95050725,2642,kraken
1773705600,1.0152,1.0201,0.9819,1.0057,0.9962,161835.31838331,1618,kraken
1773792000,1.0087,1.365,0.9404,0.9915,0.9929,977635.80956021,3450,kraken
1773878400,0.9914,0.9937,0.9244,0.9489,0.9548,363602.25924249,2217,kraken
1773964800,0.9495,1.0249,0.9482,0.9912,0.9964,811074.08406087,2641,kraken
1774051200,0.9919,1.0248,0.9654,0.9685,1.0018,267339.69601748,1354,kraken
1774137600,0.9714,0.9857,0.9132,0.9283,0.944,165445.17966967,1529,kraken
1774224000,0.9309,1.0789,0.9064,1.0698,1.0093,667579.2192769,3030,kraken
1774310400,1.0696,1.43,1.0245,1.1146,1.0828,2014045.44733278,5520,kraken
1774396800,1.1148,1.1154,1.049,1.0583,1.074,406223.18112867,2144,kraken
1774483200,1.0588,1.0671,1.0151,1.0348,1.0354,207772.91865817,1817,kraken
1774569600,1.0334,1.0366,0.9716,0.9756,1.0006,201632.54525902,1705,kraken
1774656000,0.9751,0.9768,0.9241,0.9306,0.9477,134191.94465165,1667,kraken
1774742400,0.9305,0.9428,0.895,0.9206,0.9208,121951.38777609,1927,kraken
1774828800,0.9224,0.9495,0.8831,0.8894,0.9155,199114.67176098,1874,kraken
1774915200,0.889,0.9142,0.8717,0.892,0.8942,199516.47470077,2116,kraken
1775001600,0.8921,0.9168,0.8869,0.8899,0.8994,340716.52033479,2655,kraken
1775088000,0.8897,0.8961,0.845,0.8599,0.8646,151409.54755604,2120,kraken
1775174400,0.8598,0.8721,0.8421,0.8483,0.8556,114682.32645454,1810,kraken
1775260800,0.8456,0.8539,0.8388,0.8497,0.8457,174500.01818536,2692,kraken
1775347200,0.8493,0.8505,0.8261,0.8505,0.8387,164506.69054585,2280,kraken
1775433600,0.8513,0.8808,0.8318,0.8387,0.8575,249574.83257237,2754,kraken
1775520000,0.8398,0.8797,0.8177,0.8727,0.8452,380793.0877579,3486,kraken
1775606400,0.8729,1.1699,0.829,0.8322,0.8721,818943.94460035,4550,kraken
1775692800,0.8316,0.8707,0.814,0.846,0.8283,317470.40778756,3537,kraken
1775779200,0.8466,0.8813,0.8324,0.8685,0.8618,478649.71146461,2900,kraken
1775865600,0.8693,0.8808,0.8457,0.8644,0.862,201502.12915917,3870,kraken
1775952000,0.8632,0.8632,0.8073,0.8118,0.8268,188066.92198673,4211,kraken
1776038400,0.8116,0.8762,0.8109,0.8732,0.8501,248810.20011497,4475,kraken
1776124800,0.876,0.883,0.8492,0.8603,0.8584,218752.73877952,4418,kraken
1776211200,0.8627,0.9357,0.8528,0.8955,0.9007,316152.46498115,4791,kraken
1776297600,0.8974,1.0073,0.8795,1.0007,0.9449,413921.32989564,4720,kraken
1776384000,1.0034,1.0182,0.9645,0.9981,0.9932,772466.14894795,4637,kraken
1776470400,0.9996,1.0015,0.934,0.936,0.9616,461216.28967098,3256,kraken
1776556800,0.9351,0.9617,0.9045,0.9104,0.9233,207030.03064833,2771,kraken
1776643200,0.9119,0.9493,0.9119,0.9369,0.9311,399248.97992595,2666,kraken
1776729600,0.9374,0.95,0.9181,0.9386,0.9346,132571.24243828,1947,kraken
1776816000,0.9394,1.0048,0.9319,0.9453,0.9721,256418.91081493,3060,kraken
1776902400,0.9463,0.9623,0.9257,0.9539,0.945,83648.26857502,2035,kraken
1776988800,0.9551,0.9882,0.9419,0.9881,0.9643,78825.27184336,2260,kraken
1777075200,0.989,0.9973,0.9575,0.9675,0.9788,169669.94727703,2355,kraken
1777161600,0.9648,1.0018,0.9593,0.9845,0.9848,156363.82476084,2222,kraken
1777248000,0.9843,0.993,0.9417,0.9674,0.9627,144446.68490056,1851,kraken
1777334400,0.9662,0.9953,0.9555,0.9661,0.9754,256530.78303896,2229,kraken
1777420800,0.966,1.0117,0.9471,0.9856,0.9907,510039.79061578,2409,kraken
1777507200,0.9918,1.0367,0.981,0.9938,1.0067,394930.06333874,2574,kraken
1777593600,0.9934,1.045,0.9868,0.9903,1.0162,360241.99769234,1922,kraken
1777680000,0.9899,1.0192,0.9888,1.0029,1.0007,370585.45991014,2267,kraken
1777766400,1.0031,1.0033,0.975,0.9875,0.9877,96296.54133788,2075,kraken
1777852800,0.9835,1.02,0.9619,0.9661,0.9889,202438.89181139,2251,kraken
1777939200,0.9672,1.0008,0.9603,0.9935,0.9816,302253.30563975,2044,kraken
1778025600,0.9953,1.0654,0.9857,1.0232,1.0314,260016.95859837,2370,kraken
1778112000,1.0237,1.0376,0.9961,1.0221,1.02,175959.86701382,1499,kraken
1778198400,1.0274,1.145,1.0207,1.1282,1.0774,313973.50121357,2024,kraken
1778284800,1.13,1.1434,1.095,1.1029,1.1151,88739.87182951,1105,kraken
1778371200,1.1021,1.2375,1.0826,1.1538,1.1653,630735.19693636,3601,kraken
1778457600,1.1533,1.1538,1.1,1.1282,1.1228,279044.8546247,2152,kraken
1778544000,1.128,1.1316,1.058,1.0821,1.0944,262888.94484026,1936,kraken
1778630400,1.0782,1.1278,1.0327,1.0459,1.066,224970.88148289,2073,kraken
1778716800,1.045,1.0779,1.0215,1.0503,1.0417,431381.19505558,2260,kraken
1778803200,1.0532,1.3,0.97,0.9873,0.9995,851731.55104066,3143,kraken
1778889600,0.9861,0.9911,0.9408,0.9457,0.9621,141019.31894729,1679,kraken
1778976000,0.9451,0.9693,0.8972,0.9276,0.9395,286634.34710303,2447,kraken
1779062400,0.9258,0.9482,0.914,0.9474,0.927,282467.00714915,1519,kraken
1779148800,0.9482,0.9535,0.9274,0.9292,0.9431,67625.63141033,499,kraken
1779235200,0.9301,0.9576,0.925,0.9499,0.9455,148823.41325964,681,kraken
1779321600,0.9503,0.9825,0.945,0.9724,0.9649,319548.07423609,687,kraken
1779408000,0.9701,1.0002,0.9332,0.9386,0.9654,263300.30269426,1048,kraken
1779494400,0.9366,0.9962,0.8978,0.9688,0.9516,211483.35046153,898,kraken
1779580800,0.9683,0.9696,0.9259,0.9444,0.9526,98835.91442923,584,kraken
1779667200,0.9458,0.9872,0.9382,0.9671,0.9688,186147.11913422,518,kraken
1779753600,0.9654,1.0069,0.9495,0.9709,0.985,183384.90112007,787,kraken
1779840000,0.9699,1.0017,0.9415,0.95,0.9696,162456.9926197,738,kraken
1779926400,0.9499,0.9516,0.9,0.9398,0.9237,268234.0597291,939,kraken
1780012800,0.94,0.9551,0.8856,0.9323,0.9313,456250.48381305,1442,kraken
1780099200,0.9367,0.9723,0.9322,0.9367,0.9441,193689.74111457,751,kraken
1780185600,0.9402,0.953,0.9142,0.9439,0.9361,611951.80939722,1229,kraken
1780272000,0.9501,0.9576,0.8999,0.9385,0.929,420400.01440748,1208,kraken
1780358400,0.9397,0.9397,0.8065,0.8233,0.8889,1066319.4114315,1801,kraken
1780444800,0.8243,0.8684,0.8014,0.8118,0.8379,485518.86834049,1482,kraken
1780531200,0.8143,0.817,0.7318,0.7539,0.7659,786900.27562916,2090,kraken
1780617600,0.7529,0.7547,0.6322,0.6657,0.6774,1244113.64549144,2888,kraken
1780704000,0.6678,0.6776,0.6157,0.6567,0.6533,410770.66074704,1280,kraken
1780790400,0.6572,0.6896,0.6472,0.6708,0.6674,167960.9454517,690,kraken
1780876800,0.6707,0.6894,0.655,0.6697,0.6711,263643.29962,637,kraken
1780963200,0.6675,0.6749,0.639,0.6651,0.6557,463206.87919781,1157,kraken
1781049600,0.6685,0.6696,0.6088,0.6194,0.6503,572399.31950382,913,kraken
1781136000,0.6235,0.6576,0.6187,0.6491,0.6336,206552.10143859,679,kraken
1781222400,0.6462,0.6694,0.6325,0.6418,0.6557,422800.0997767,1057,kraken
1781308800,0.6425,0.6833,0.6404,0.6714,0.6678,230063.74116757,666,kraken
1781395200,0.6696,0.6832,0.6453,0.6807,0.6599,151184.88634317,533,kraken
1781481600,0.6791,0.7153,0.6713,0.6769,0.6931,233458.72284548,815,kraken
1781568000,0.6777,0.694,0.6541,0.6705,0.6727,208501.75989739,584,kraken
1781654400,0.6678,0.6936,0.6536,0.6716,0.672,272966.00177525,852,kraken
1781740800,0.675,0.6781,0.6191,0.6421,0.6388,272800.28666567,754,kraken
1781827200,0.6409,0.6476,0.6138,0.633,0.6299,116616.38564629,428,kraken
1781913600,0.6344,0.6472,0.6225,0.6461,0.6338,64862.50235563,332,kraken
1782000000,0.6441,0.6654,0.6441,0.6476,0.655,168348.60079144,677,kraken
1782086400,0.6474,0.685,0.6474,0.6611,0.6672,120528.03507341,494,kraken
1782172800,0.6603,0.6607,0.6172,0.6469,0.6361,183990.24084202,705,kraken
1782259200,0.6474,0.6543,0.5882,0.6296,0.6175,357927.14595266,1012,kraken
1782345600,0.631,0.6363,0.5743,0.5925,0.5991,269676.83830064,923,kraken
1782432000,0.5936,0.6135,0.5688,0.5986,0.5928,264403.90602587,753,kraken
1782518400,0.5978,0.6074,0.5765,0.5806,0.5932,144126.15313289,540,kraken
1782604800,0.5796,0.5889,0.5632,0.5757,0.5754,164179.60178083,1470,kraken
1782691200,0.5714,0.5945,0.565,0.5797,0.5787,125555.35695689,454,kraken
1782777600,0.5796,0.5797,0.5553,0.5714,0.5679,159503.2195597,476,kraken
1782864000,0.5714,0.6024,0.5603,0.5855,0.5862,119520.89381302,515,kraken
1782950400,0.5856,0.6245,0.5833,0.6086,0.6077,202385.36393467,849,kraken
1783036800,0.6087,0.6426,0.6074,0.6376,0.6244,141499.88211414,692,kraken
1783123200,0.6376,0.6449,0.6224,0.6286,0.6294,170672.91848347,477,kraken
1783209600,0.6268,0.6379,0.6127,0.6329,0.6208,81674.09416703,327,kraken
1783296000,0.6343,0.6425,0.6028,0.631,0.6209,123602.07700819,576,kraken
1783382400,0.6322,0.6503,0.6186,0.6289,0.6361,285210.63348113,1090,kraken
1783468800,0.6287,0.6344,0.5947,0.6173,0.614,266701.63103948,1136,kraken
1783555200,0.6157,0.6359,0.6148,0.6238,0.6276,143264.51044278,549,kraken
1783641600,0.6222,0.636,0.6186,0.6288,0.6297,80904.16837742,500,kraken
1783728000,0.6295,0.6463,0.6233,0.6262,0.6334,123191.10066038,698,kraken
1783814400,0.6244,0.6301,0.6031,0.6105,0.6199,71230.41242614,557,kraken
1783900800,0.6093,0.6186,0.5775,0.5912,0.5971,202147.29674788,881,kraken
1783987200,0.5913,0.6264,0.589,0.6189,0.6073,146410.37221991,652,kraken
1784073600,0.6195,0.6307,0.6113,0.6236,0.6233,103295.35139518,359,kraken
1784160000,0.6242,0.6255,0.6045,0.6091,0.6149,150508.30273553,609,kraken
1784246400,0.6088,0.6212,0.5913,0.6212,0.6044,56638.66453586,420,kraken
1784332800,0.6227,0.6264,0.6023,0.6083,0.6096,57818.27124747,400,kraken
1784419200,0.6085,0.6088,0.5887,0.594,0.5984,59529.26090268,311,kraken
1784505600,0.5937,0.6059,0.5799,0.6052,0.595,136290.8662904,688,kraken
1784592000,0.604,0.6195,0.5973,0.6085,0.6122,115182.44076245,456,kraken
1784678400,0.6094,0.6293,0.6009,0.6207,0.6158,125234.95092513,402,kraken
1784764800,0.6232,0.6322,0.6064,0.6177,0.6172,115514.63157362,350,kraken
1784851200,0.6179,0.6273,0.599,0.6006,0.6117,114984.03314107,347,kraken
1784937600,0.6005,0.6162,0.5938,0.6102,0.6076,63862.89117795,280,kraken
1785024000,0.6119,0.6376,0.6068,0.6276,0.6247,157864.52730874,643,kraken
1785110400,0.6287,0.6323,0.5894,0.592,0.6149,113148.66624415,537,kraken
1785196800,0.5915,0.5918,0.574,0.5865,0.5851,86530.85770876,396,kraken
1785283200,0.5882,0.5882,0.5508,0.5643,0.567,167085.63173457,646,kraken
1785369600,0.5651,0.5839,0.562,0.5695,0.5701,100112.2447316,258,kraken
1785456000,0.5696,0.5765,0.5516,0.556,0.5621,120803.48300067,399,kraken
1785542400,0.5565,0.5602,0.5446,0.551,0.5514,49642.20749819,244,kraken
1785628800,0.553,0.5707,0.553,0.5621,0.5636,74818.79269425,401,kraken
1785715200,0.5612,0.5784,0.5542,0.5752,0.5652,66515.81503713,314,kraken
1785801600,0.575,0.5831,0.5698,0.5796,0.576,68852.66991187,236,kraken
1785888000,0.5795,0.5949,0.5765,0.5923,0.587,60556.95429111,321,kraken
1785974400,0.5925,0.6014,0.5851,0.5886,0.5918,49480.38166038,219,kraken
1786060800,0.5918,0.5948,0.5791,0.5791,0.587,26787.49640452,148,kraken
1786147200,0.5785,0.6105,0.5755,0.6024,0.6034,46116.53541464,155,kraken
1786233600,0.6044,0.6139,0.5886,0.5886,0.6002,77629.38065991,341,kraken
1786320000,0.5882,0.5983,0.5852,0.5873,0.5902,48327.30670991,176,kraken
1786406400,0.5884,0.5898,0.5709,0.579,0.5799,43682.411955,201,kraken
1786492800,0.5784,0.5784,0.5537,0.5595,0.5682,167400.15364281,488,kraken
1786579200,0.561,0.5674,0.5545,0.5591,0.5619,159268.21031942,389,kraken
1786665600,0.559,0.559,0.5325,0.5418,0.541,245919.70179762,756,kraken
1786752000,0.5423,0.5459,0.5343,0.5364,0.5413,141208.86810511,495,kraken
1786838400,0.5363,0.5376,0.5145,0.5178,0.5277,169854.35487512,680,kraken
1786924800,0.5169,0.5342,0.5151,0.5291,0.5226,237100.07812848,969,kraken
1787011200,0.5304,0.5332,0.5174,0.528,0.5257,231091.79296579,763,kraken
1787097600,0.5267,0.5681,0.5239,0.5628,0.5439,279428.89099235,992,kraken
1787184000,0.561,0.584,0.5557,0.578,0.5683,251406.81440644,645,kraken
1787270400,0.5762,0.6554,0.5729,0.6496,0.6261,490869.72474892,1258,kraken
1787356800,0.6491,0.7126,0.5878,0.6317,0.6459,791038.93626915,2074,kraken
1787443200,0.6309,0.6632,0.5966,0.6387,0.6295,901769.78682289,1791,kraken
1787529600,0.6363,0.6363,0.6002,0.6079,0.6182,585914.43262431,1494,kraken
1787616000,0.6078,0.6222,0.5567,0.5619,0.5969,917889.20591368,2154,kraken
1787702400,0.5621,0.5733,0.5502,0.5711,0.5634,641686.07442148,907,kraken
1787788800,0.5706,0.587,0.5601,0.5748,0.5732,475499.51743463,873,kraken
1787875200,0.5729,0.5841,0.5303,0.5384,0.5529,424948.1441799,973,kraken
1787961600,0.54,0.5467,0.5315,0.5431,0.5411,412436.14762399,558,kraken
1788048000,0.5421,0.5492,0.5058,0.5168,0.5329,574224.82412786,1080,kraken
1788134400,0.5171,0.5372,0.5147,0.5352,0.5223,649860.7860675,776,kraken
1788220800,0.5344,0.5677,0.5289,0.546,0.5497,1261466.07345262,2288,kraken
1788307200,0.546,0.5883,0.5351,0.5846,0.5627,1124884.16626673,2772,kraken
1788393600,0.5852,0.8283,0.5743,0.6028,0.6079,2577727.19682569,4227,kraken
1788480000,0.6028,0.6058,0.5699,0.5805,0.5847,909685.08971261,2195,kraken
1788566400,0.5802,0.6253,0.5781,0.6141,0.6015,1035649.73078671,1977,kraken
1788652800,0.6149,0.6397,0.6058,0.6243,0.6216,1317110.40587484,2272,kraken
1788739200,0.6241,0.6493,0.6122,0.6408,0.6344,1059188.37831684,2432,kraken
1788825600,0.6403,0.6721,0.625,0.6491,0.6454,1422590.85914587,3591,kraken
1788912000,0.6486,0.6836,0.615,0.6277,0.6557,2482149.1470986,8114,kraken
1788998400,0.6269,0.6549,0.6061,0.6415,0.626,1779891.18194601,6122,kraken
1789084800,0.6417,0.661,0.5896,0.5957,0.6217,1398026.54615317,5842,kraken
1789171200,0.5966,0.6222,0.596,0.6012,0.6108,921366.43261834,4001,kraken
1789257600,0.6006,0.6125,0.582,0.5877,0.5961,937140.88115332,4137,kraken
1789344000,0.5883,0.6081,0.5814,0.5895,0.5927,513134.2490441,3077,kraken
1789430400,0.5902,0.5908,0.5412,0.5475,0.5643,932285.82595143,3425,kraken
1789516800,0.5465,0.5557,0.5244,0.5545,0.5354,1045057.35139217,2279,kraken
1789603200,0.5542,0.5985,0.5533,0.5974,0.5748,632191.88060631,2021,kraken
1789689600,0.5979,0.7459,0.5953,0.731,0.6782,3042672.97164684,7295,kraken
1789776000,0.7315,0.7818,0.6949,0.725,0.7358,3385800.95682219,20353,kraken
1789862400,0.7241,0.7642,0.7081,0.741,0.7304,1177966.60824681,2980,kraken
1789948800,0.7405,0.8073,0.7282,0.7951,0.7727,1991136.24740853,6169,kraken
1790035200,0.7941,0.8407,0.7475,0.8291,0.7729,1607985.75070555,4312,kraken
1790121600,0.829,0.8577,0.7355,0.7539,0.7971,1738934.92393544,7189,kraken
1790208000,0.7539,0.8492,0.742,0.8092,0.8028,789398.2971508,2423,kraken
1790294400,0.809,0.8863,0.7885,0.8719,0.8347,692338.16114905,4092,kraken
1790380800,0.8719,0.8883,0.8221,0.851,0.8572,954716.38459138,2740,kraken
1790467200,0.8514,0.8747,0.8296,0.864,0.8544,1510191.22709658,3408,kraken
1790553600,0.8651,0.8749,0.7955,0.8313,0.8286,1155672.01868711,3511,kraken
1790640000,0.8293,0.854,0.7752,0.7897,0.8123,578364.66568388,2290,kraken
1790726400,0.7908,0.8228,0.7536,0.7703,0.7972,1018706.56933833,2277,kraken
1790812800,0.7685,0.7905,0.7514,0.7758,0.7745,468502.96319811,2105,kraken
1790899200,0.7766,0.8487,0.7712,0.7938,0.8198,916582.36721153,2175,kraken
1790985600,0.7935,0.8216,0.7809,0.8037,0.7992,313348.58552666,1195,kraken
1791072000,0.8026,0.8153,0.7906,0.8016,0.8008,416087.25394731,788,kraken
1791158400,0.8005,0.8585,0.7851,0.8463,0.8134,557159.28373936,2294,kraken
1791244800,0.844,0.8561,0.8099,0.8267,0.8304,347950.47148922,2075,kraken
