time,open,high,low,close,vwap,volume,count,source
1633651200,36.688,36.93,34.755,35.004,35.562999999999995,1406086.7,0,coinbase
1633737600,35.032,36.15,34.6,35.163,35.30433333333333,1170039.9,0,coinbase
1633824000,35.173,35.187,32.115,32.43,33.244,1226243.3,0,coinbase
1633910400,32.399,34.394,31.001,32.02,32.471666666666664,1348231.5,0,coinbase
1633996800,32.013,34.422,29.926,33.477,32.60833333333333,2319817.4,0,coinbase
1634083200,33.458,34.978,31.667,34.613,33.75266666666667,2115824.6,0,coinbase
1634169600,34.614,35.7,33.467,33.828,34.33166666666667,1600895.9,0,coinbase
1634256000,33.813,34.177,32.204,33.049,33.14333333333334,1727159.0,0,coinbase
1634342400,33.057,34.645,32.883,33.121,33.54966666666667,1287191.9,0,coinbase
1634428800,33.124,34.269,31.171,32.433,32.62433333333333,1047422.0,0,coinbase
1634515200,32.44,32.654,31.055,31.876,31.861666666666668,1208919.9,0,coinbase
1634601600,31.86,35.409,31.452,35.035,33.965333333333334,2874795.4,0,coinbase
1634688000,35.036,36.896,33.514,35.92,35.443333333333335,1756396.3,0,coinbase
1634774400,35.916,36.785,33.813,34.291,34.963,2535644.2,0,coinbase
1634860800,34.289,36.16,33.628,34.07,34.61933333333334,2390544.0,0,coinbase
1634947200,34.068,37.17,33.772,35.691,35.544333333333334,1615074.4,0,coinbase
1635033600,35.695,36.027,33.48,34.252,34.586333333333336,1301748.8,0,coinbase
1635120000,34.261,35.552,34.147,35.289,34.996,1181392.6,0,coinbase
1635206400,35.303,43.432,35.043,43.342,40.605666666666664,5659149.6,0,coinbase
1635292800,43.284,43.55,35.7,36.776,38.675333333333334,3733704.1,0,coinbase
1635379200,36.784,40.702,36.15,38.02,38.290666666666674,2690952.9,0,coinbase
1635465600,38.048,41.028,38.0,39.58,39.535999999999994,2161673.4,0,coinbase
1635552000,39.58,39.58,36.202,37.315,37.699,1225789.6,0,coinbase
1635638400,37.287,37.748,35.26,37.226,36.74466666666667,1575569.3,0,coinbase
1635724800,37.281,38.191,34.683,37.314,36.72933333333333,2059368.6,0,coinbase
1635811200,37.313,38.429,36.31,37.083,37.274,1641415.1,0,coinbase
1635897600,37.094,38.61,35.54,38.537,37.562333333333335,3049426.6,0,coinbase
1635984000,38.531,39.245,36.145,37.529,37.63966666666667,1543832.6,0,coinbase
1636070400,37.536,38.99,36.377,36.771,37.379333333333335,1187457.7,0,coinbase
1636156800,36.779,37.069,34.278,36.259,35.86866666666667,1147211.4,0,coinbase
1636243200,36.234,36.494,35.488,35.735,35.90566666666667,661326.2,0,coinbase
1636329600,35.742,36.975,35.001,36.623,36.199666666666666,1453846.7,0,coinbase
1636416000,36.631,37.939,35.511,35.829,36.42633333333333,1576513.9,0,coinbase
1636502400,35.824,37.278,28.403,32.177,32.61933333333334,2943356.9,0,coinbase
1636588800,32.168,34.008,31.754,32.939,32.90033333333333,1517843.3,0,coinbase
1636675200,32.931,32.981,30.559,32.054,31.86466666666667,1911783.1,0,coinbase
1636761600,32.048,33.161,31.94,32.502,32.534333333333336,704852.3,0,coinbase
1636848000,32.504,33.246,31.1,31.932,32.092666666666666,623345.6,0,coinbase
1636934400,31.939,33.721,31.28,31.456,32.15233333333334,1085351.0,0,coinbase
1637020800,31.458,31.46,27.55,28.282,29.097333333333335,3016840.5,0,coinbase
1637107200,28.292,29.67,26.894,29.45,28.671333333333333,1596774.2,0,coinbase
1637193600,29.445,29.82,25.304,26.672,27.26533333333333,1839989.9,0,coinbase
1637280000,26.667,28.586,26.0,28.148,27.578,1158648.4,0,coinbase
1637366400,28.157,29.88,27.825,29.474,29.05966666666667,860942.0,0,coinbase
1637452800,29.477,32.047,28.352,30.869,30.422666666666668,1555026.7,0,coinbase
1637539200,30.914,33.8,28.966,32.169,31.645,3517226.3,0,coinbase
1637625600,32.19,33.211,30.679,32.064,31.98466666666667,1926618.9,0,coinbase
1637712000,32.062,32.093,29.163,29.645,30.30033333333333,1471869.1,0,coinbase
1637798400,29.632,30.913,29.301,29.764,29.992666666666665,1493184.6,0,coinbase
1637884800,29.795,30.314,25.176,27.097,27.528999999999996,3023370.4,0,coinbase
1637971200,27.076,28.06,26.465,26.728,27.084333333333333,1342969.7,0,coinbase
1638057600,26.737,27.657,24.72,27.406,26.594333333333328,1645684.6,0,coinbase
1638144000,27.411,28.447,26.751,28.114,27.770666666666667,1123373.0,0,coinbase
1638230400,28.128,29.4,26.999,27.548,27.982333333333333,1316049.5,0,coinbase
1638316800,27.552,28.3,26.284,26.683,27.089,1266140.6,0,coinbase
1638403200,26.682,28.663,25.675,28.374,27.570666666666668,1296935.9,0,coinbase
1638489600,28.375,35.999,27.737,32.967,32.23433333333333,7005361.5,0,coinbase
1638576000,32.967,33.052,23.6,28.34,28.33066666666667,4357000.0,0,coinbase
1638662400,28.343,29.52,23.67,24.654,25.947999999999997,3775607.4,0,coinbase
1638748800,24.641,24.873,22.05,24.372,23.765,4686509.1,0,coinbase
1638835200,24.372,25.47,23.81,24.312,24.530666666666665,2034282.0,0,coinbase
1638921600,24.315,26.0,22.86,25.321,24.727,2708120.2,0,coinbase
1639008000,25.334,25.62,22.41,22.47,23.5,1769810.8,0,coinbase
1639094400,22.47,23.88,21.87,22.54,22.763333333333332,1837305.2,0,coinbase
1639180800,22.53,24.79,21.99,24.42,23.733333333333334,1923442.4,0,coinbase
1639267200,24.41,25.24,23.48,24.52,24.41333333333333,1484247.0,0,coinbase
1639353600,24.5,24.95,21.068,21.76,22.59266666666667,1869872.8,0,coinbase
1639440000,21.75,22.18,20.99,21.83,21.666666666666668,1482482.6,0,coinbase
1639526400,21.82,22.87,20.21,22.33,21.80333333333333,1979602.1,0,coinbase
1639612800,22.33,23.49,21.63,21.81,22.31,1235582.9,0,coinbase
1639699200,21.81,22.05,20.36,21.19,21.2,971668.7,0,coinbase
1639785600,21.19,23.3,20.92,23.2,22.473333333333333,1086996.5,0,coinbase
1639872000,23.21,23.73,22.05,22.18,22.653333333333336,1056899.9,0,coinbase
1639958400,22.18,22.43,20.7,21.53,21.55333333333333,1450981.0,0,coinbase
1640044800,21.55,23.7,21.48,23.65,22.94333333333333,1258832.8,0,coinbase
1640131200,23.63,29.75,23.38,27.39,26.84,4000510.0,0,coinbase
1640217600,27.4,28.98,26.42,28.38,27.926666666666666,1495063.6,0,coinbase
1640304000,28.38,29.77,26.74,26.87,27.793333333333333,1402630.1,0,coinbase
1640390400,26.88,29.81,26.61,29.79,28.736666666666668,1309410.0,0,coinbase
1640476800,29.78,32.34,28.68,32.17,31.063333333333333,1949922.7,0,coinbase
1640563200,32.17,32.814,29.56,29.68,30.68466666666667,1438339.9,0,coinbase
1640649600,29.7,29.71,26.06,26.57,27.44666666666667,3754874.7,0,coinbase
1640736000,26.57,28.19,25.15,27.98,27.10666666666667,2429216.1,0,coinbase
1640822400,27.97,30.56,26.41,30.19,29.05333333333333,2525016.9,0,coinbase
1640908800,30.18,33.43,30.13,32.43,31.99666666666667,3965853.4,0,coinbase
1640995200,32.42,37.09,32.37,36.33,35.263333333333335,3633485.8,0,coinbase
1641081600,36.36,36.91,34.08,35.54,35.51,1440898.4,0,coinbase
1641168000,35.54,40.0,34.23,39.29,37.839999999999996,2850951.0,0,coinbase
1641254400,39.25,44.8,37.53,42.05,41.46,5012512.0,0,coinbase
1641340800,42.04,43.26,34.63,38.67,38.85333333333333,4200224.6,0,coinbase
1641427200,38.67,41.47,35.43,40.04,38.98,4602839.15,0,coinbase
1641513600,40.06,44.68,37.54,38.54,40.25333333333333,5735989.48,0,coinbase
1641600000,38.54,40.36,34.03,35.87,36.75333333333333,3904416.22,0,coinbase
1641686400,35.87,38.11,34.12,34.99,35.74,3146335.49,0,coinbase
1641772800,34.98,38.17,32.88,37.83,36.29333333333334,3940262.37,0,coinbase
1641859200,37.89,39.94,36.13,38.71,38.26,3181975.04,0,coinbase
1641945600,38.69,42.38,38.58,40.25,40.403333333333336,2931206.21,0,coinbase
1642032000,40.26,41.31,37.45,37.62,38.79333333333333,2582439.54,0,coinbase
1642118400,37.6,40.83,36.71,40.44,39.32666666666666,1641593.58,0,coinbase
1642204800,40.42,40.98,39.12,39.16,39.75333333333333,1053718.65,0,coinbase
1642291200,39.14,43.89,38.86,43.71,42.153333333333336,2207587.06,0,coinbase
1642377600,43.7,44.55,37.93,39.15,40.54333333333333,2770948.84,0,coinbase
1642464000,39.14,40.1,36.17,38.27,38.18000000000001,2084726.59,0,coinbase
1642550400,38.25,38.85,35.34,37.07,37.086666666666666,1817513.37,0,coinbase
1642636800,37.04,42.13,36.97,38.97,39.35666666666666,3401759.23,0,coinbase
1642723200,38.95,41.1,32.08,34.64,35.940000000000005,5219943.33,0,coinbase
1642809600,34.62,35.08,27.34,29.27,30.563333333333333,4644088.41,0,coinbase
1642896000,29.29,34.78,29.12,34.65,32.85,4376984.78,0,coinbase
1642982400,34.64,37.1,29.86,36.03,34.330000000000005,6103622.12,0,coinbase
1643068800,36.05,37.23,34.77,35.92,35.973333333333336,3894212.27,0,coinbase
1643155200,35.9,36.37,31.16,32.35,33.29333333333333,5106487.71,0,coinbase
1643241600,32.35,33.07,28.37,30.0,30.48,5210013.37,0,coinbase
1643328000,29.99,30.3,27.71,29.5,29.17,3363761.44,0,coinbase
1643414400,29.49,30.26,28.28,29.1,29.21333333333334,2166191.88,0,coinbase
1643500800,29.08,29.21,26.37,27.19,27.59,2558194.15,0,coinbase
1643587200,27.18,28.96,25.51,28.07,27.513333333333332,2102031.91,0,coinbase
1643673600,28.08,29.87,27.79,28.86,28.84,2267234.18,0,coinbase
1643760000,28.87,29.02,26.13,26.33,27.159999999999997,1887933.13,0,coinbase
1643846400,26.36,30.25,25.6,29.72,28.52333333333333,3754723.62,0,coinbase
1643932800,29.71,31.43,28.55,31.13,30.37,2377606.12,0,coinbase
1644019200,31.14,32.32,29.95,30.76,31.01,1775654.75,0,coinbase
1644105600,30.76,31.98,30.12,31.31,31.136666666666667,1419526.81,0,coinbase
1644192000,31.31,33.22,30.52,31.63,31.789999999999996,3424965.17,0,coinbase
1644278400,31.63,32.67,29.73,30.42,30.94,1845719.6,0,coinbase
1644364800,30.43,31.5,29.56,30.94,30.666666666666668,1318575.21,0,coinbase
1644451200,30.94,31.32,28.73,29.1,29.71666666666667,1752293.84,0,coinbase
1644537600,29.12,29.39,26.18,26.56,27.376666666666665,2118397.68,0,coinbase
1644624000,26.56,28.36,26.01,27.07,27.146666666666665,1673874.89,0,coinbase
1644710400,27.08,27.66,25.9,26.19,26.583333333333332,958699.3,0,coinbase
1644796800,26.18,27.47,25.37,27.16,26.666666666666668,1267070.5,0,coinbase
1644883200,27.17,29.24,27.16,29.01,28.47,1306633.24,0,coinbase
1644969600,28.98,29.26,27.61,28.51,28.460000000000004,969455.51,0,coinbase
1645056000,28.52,30.9,27.52,28.07,28.830000000000002,2831350.29,0,coinbase
1645142400,28.07,29.08,26.71,26.85,27.546666666666667,1739856.49,0,coinbase
1645228800,26.86,27.43,26.07,26.69,26.73,508045.21,0,coinbase
1645315200,26.69,26.91,25.39,26.09,26.13,890032.3,0,coinbase
1645401600,26.1,27.33,23.64,23.83,24.933333333333334,1524363.25,0,coinbase
1645488000,23.83,25.39,23.0,24.84,24.41,1372116.06,0,coinbase
1645574400,24.82,27.02,24.59,25.15,25.586666666666662,1781732.38,0,coinbase
1645660800,25.17,25.56,21.53,24.86,23.983333333333334,3416152.36,0,coinbase
1645747200,24.87,27.52,24.26,27.3,26.36,2037463.73,0,coinbase
1645833600,27.29,30.76,27.16,29.89,29.27,2295782.02,0,coinbase
1645920000,29.9,29.94,26.3,26.8,27.680000000000003,1478153.35,0,coinbase
1646006400,26.78,31.8,26.39,31.38,29.856666666666666,3501795.97,0,coinbase
1646092800,31.38,33.1,30.22,31.15,31.49,2202188.22,0,coinbase
1646179200,31.16,32.82,29.85,32.26,31.643333333333334,2027919.24,0,coinbase
1646265600,32.26,34.46,31.14,34.01,33.203333333333326,2675623.69,0,coinbase
1646352000,34.02,34.71,30.27,30.51,31.830000000000002,2087562.62,0,coinbase
1646438400,30.5,31.7,29.52,30.85,30.689999999999998,1344812.42,0,coinbase
1646524800,30.84,30.94,27.89,28.14,28.99,1867625.46,0,coinbase
1646611200,28.15,29.56,27.11,28.29,28.320000000000004,2032538.96,0,coinbase
1646697600,28.3,29.32,27.34,27.87,28.176666666666666,1460317.16,0,coinbase
1646784000,27.88,31.34,27.79,30.07,29.73333333333333,1572666.05,0,coinbase
1646870400,30.06,30.35,27.42,28.05,28.60666666666667,1328589.97,0,coinbase
1646956800,28.05,28.5,26.91,27.47,27.626666666666665,1395353.86,0,coinbase
1647043200,27.47,28.27,27.17,27.21,27.55,532984.79,0,coinbase
1647129600,27.23,27.53,25.99,26.25,26.59,816034.66,0,coinbase
1647216000,26.25,27.18,25.76,26.83,26.59,1125659.25,0,coinbase
1647302400,26.84,27.77,26.17,26.91,26.95,1169712.03,0,coinbase
1647388800,26.9,29.11,26.53,28.96,28.2,1526666.35,0,coinbase
1647475200,28.95,29.01,27.95,28.17,28.376666666666665,820044.13,0,coinbase
1647561600,28.17,28.8,27.21,28.63,28.213333333333335,853375.46,0,coinbase
1647648000,28.63,29.45,28.36,28.65,28.820000000000004,982192.43,0,coinbase
1647734400,28.66,28.85,27.5,27.83,28.060000000000002,740797.74,0,coinbase
1647820800,27.84,28.4,27.56,27.93,27.963333333333328,887788.89,0,coinbase
1647907200,27.93,29.03,27.67,28.03,28.243333333333336,1307864.76,0,coinbase
1647993600,28.03,28.5,27.22,28.26,27.993333333333336,1231000.69,0,coinbase
1648080000,28.25,29.51,27.96,29.27,28.91333333333333,1504520.12,0,coinbase
1648166400,29.26,30.01,27.7,28.15,28.62,1639965.61,0,coinbase
1648252800,28.13,28.98,28.01,28.8,28.596666666666668,1111650.14,0,coinbase
1648339200,28.81,29.97,28.12,29.95,29.346666666666668,870448.77,0,coinbase
1648425600,29.95,31.53,29.2,29.36,30.03,2444104.77,0,coinbase
1648512000,29.37,31.69,29.31,30.24,30.41333333333333,2094006.68,0,coinbase
1648598400,30.23,31.32,29.3,30.02,30.213333333333335,1646692.78,0,coinbase
1648684800,30.03,31.34,28.4,28.9,29.546666666666663,1833409.14,0,coinbase
1648771200,28.91,29.7,27.72,29.41,28.94333333333333,1097910.62,0,coinbase
1648857600,29.42,32.8,29.23,31.31,31.113333333333333,2380553.63,0,coinbase
1648944000,31.32,33.29,30.52,31.97,31.926666666666666,1588026.45,0,coinbase
1649030400,31.97,32.54,30.07,30.84,31.150000000000002,1488196.4,0,coinbase
1649116800,30.85,31.24,29.16,29.3,29.900000000000002,1074429.66,0,coinbase
1649203200,29.3,29.44,26.7,26.92,27.686666666666667,1521525.65,0,coinbase
1649289600,26.91,27.9,26.29,27.67,27.286666666666665,893346.28,0,coinbase
1649376000,27.64,28.98,26.63,26.91,27.506666666666664,1025922.43,0,coinbase
1649462400,26.89,27.44,26.61,27.27,27.106666666666666,390360.62,0,coinbase
1649548800,27.26,27.43,26.33,26.51,26.756666666666664,364123.2,0,coinbase
1649635200,26.5,26.6,23.31,23.85,24.586666666666662,1506598.69,0,coinbase
1649721600,23.85,25.48,23.66,24.64,24.593333333333334,819882.22,0,coinbase
1649808000,24.65,25.21,24.1,24.69,24.666666666666668,531416.09,0,coinbase
1649894400,24.69,25.16,23.75,23.96,24.290000000000003,885939.63,0,coinbase
1649980800,23.96,24.38,23.77,24.11,24.086666666666662,454312.63,0,coinbase
1650067200,24.12,24.43,23.85,24.18,24.153333333333336,250671.71,0,coinbase
1650153600,24.19,24.48,23.1,23.23,23.603333333333335,329134.56,0,coinbase
1650240000,23.23,24.15,22.44,24.08,23.55666666666667,906664.36,0,coinbase
1650326400,24.08,24.74,23.76,24.67,24.39,515000.84,0,coinbase
1650412800,24.69,25.1,24.02,24.28,24.46666666666667,466234.02,0,coinbase
1650499200,24.29,24.97,22.86,23.32,23.71666666666667,610855.41,0,coinbase
1650585600,23.32,23.87,22.89,23.11,23.290000000000003,509458.83,0,coinbase
1650672000,23.09,23.49,22.77,23.21,23.156666666666666,375835.73,0,coinbase
1650758400,23.21,23.3,22.27,22.3,22.623333333333335,388754.87,0,coinbase
1650844800,22.3,22.37,20.8,22.12,21.763333333333335,1257615.44,0,coinbase
1650931200,22.13,22.29,20.0,20.31,20.866666666666664,1070224.4,0,coinbase
1651017600,20.3,21.9,20.13,21.45,21.16,957064.98,0,coinbase
1651104000,21.45,21.5,20.42,20.74,20.886666666666667,1046414.62,0,coinbase
1651190400,20.75,20.88,19.22,19.43,19.84333333333333,1161670.88,0,coinbase
1651276800,19.43,19.57,17.2,17.84,18.203333333333333,1100031.67,0,coinbase
1651363200,17.84,18.68,17.57,18.0,18.083333333333332,1065937.96,0,coinbase
1651449600,17.99,18.36,17.21,17.8,17.790000000000003,1046951.65,0,coinbase
1651536000,17.79,18.99,17.43,17.56,17.993333333333336,1046866.17,0,coinbase
1651622400,17.56,20.0,17.46,19.91,19.123333333333335,1280182.25,0,coinbase
1651708800,19.93,20.34,17.18,17.83,18.45,1446492.39,0,coinbase
1651795200,17.84,17.99,17.09,17.66,17.58,934232.82,0,coinbase
1651881600,17.66,17.7,16.01,16.43,16.713333333333335,1366307.62,0,coinbase
1651968000,16.42,16.53,15.55,15.71,15.93,1405815.66,0,coinbase
1652054400,15.71,15.98,12.37,12.49,13.613333333333335,2516779.83,0,coinbase
1652140800,12.5,15.31,11.96,13.57,13.613333333333335,4667715.21,0,coinbase
1652227200,13.57,14.0,9.22,10.75,11.323333333333332,6332465.24,0,coinbase
1652313600,10.74,11.52,8.14,9.62,9.76,5638603.37,0,coinbase
1652400000,9.62,11.66,8.98,10.3,10.313333333333334,3934628.13,0,coinbase
1652486400,10.31,11.05,9.53,10.77,10.45,1632761.77,0,coinbase
1652572800,10.78,12.47,10.31,12.37,11.716666666666667,1468656.98,0,coinbase
1652659200,12.38,12.47,10.93,11.07,11.49,1944436.39,0,coinbase
1652745600,11.07,11.91,10.75,11.46,11.373333333333335,1365113.64,0,coinbase
1652832000,11.45,11.77,9.99,10.1,10.62,1901152.97,0,coinbase
1652918400,10.1,10.95,9.8,10.82,10.523333333333333,1153274.87,0,coinbase
1653004800,10.83,12.21,10.75,11.19,11.383333333333333,3143022.77,0,coinbase
1653091200,11.19,11.49,10.75,11.05,11.09666666666667,1020318.8,0,coinbase
1653177600,11.04,11.58,10.91,11.4,11.296666666666667,748339.94,0,coinbase
1653264000,11.4,12.32,10.94,11.13,11.463333333333333,1586942.87,0,coinbase
1653350400,11.13,11.38,10.42,11.07,10.956666666666669,1187035.36,0,coinbase
1653436800,11.08,11.39,10.6,10.73,10.906666666666666,970508.73,0,coinbase
1653523200,10.73,10.9,9.18,9.6,9.893333333333333,2193001.96,0,coinbase
1653609600,9.6,9.91,9.03,9.26,9.399999999999999,1350235.77,0,coinbase
1653696000,9.27,9.68,9.16,9.41,9.416666666666666,939144.1,0,coinbase
1653782400,9.41,9.67,9.14,9.59,9.466666666666667,823195.95,0,coinbase
1653868800,9.59,10.6,9.49,10.51,10.200000000000001,1256191.0,0,coinbase
1653955200,10.51,10.83,10.05,10.32,10.4,1435073.28,0,coinbase
1654041600,10.33,10.5,9.11,9.33,9.646666666666667,1305770.69,0,coinbase
1654128000,9.33,9.7,9.17,9.629,9.499666666666664,976607.22,0,coinbase
1654214400,9.627,9.69,8.93,9.177,9.265666666666666,1897094.16,0,coinbase
1654300800,9.177,9.28,8.878,9.246,9.134666666666668,954670.79,0,coinbase
1654387200,9.244,9.381,9.032,9.166,9.193,716259.62,0,coinbase
1654473600,9.173,9.753,9.142,9.457,9.450666666666667,1231629.21,0,coinbase
1654560000,9.455,9.474,8.549,9.187,9.07,3402434.44,0,coinbase
1654646400,9.183,9.429,8.67,8.753,8.950666666666667,1939748.2,0,coinbase
1654732800,8.754,9.199,8.647,8.776,8.874,2236608.32,0,coinbase
1654819200,8.775,8.996,8.004,8.097,8.365666666666668,2692516.81,0,coinbase
1654905600,8.097,8.339,7.35,7.55,7.746333333333333,2490140.07,0,coinbase
1654992000,7.552,7.733,6.914,7.06,7.235666666666666,3407609.88,0,coinbase
1655078400,7.059,7.2,5.861,6.495,6.518666666666667,4774542.26,0,coinbase
1655164800,6.496,6.786,5.94,6.357,6.361,2717871.94,0,coinbase
1655251200,6.352,7.33,5.913,7.32,6.854333333333334,3729040.42,0,coinbase
1655337600,7.313,7.495,6.168,6.329,6.664000000000001,2236723.8,0,coinbase
1655424000,6.331,6.603,6.239,6.373,6.405,1444461.94,0,coinbase
1655510400,6.372,6.504,5.546,6.069,6.039666666666666,2607990.2,0,coinbase
1655596800,6.067,6.862,5.843,6.765,6.489999999999999,1708595.3,0,coinbase
1655683200,6.767,6.963,6.473,6.804,6.746666666666667,1463296.22,0,coinbase
1655769600,6.806,7.188,6.656,6.955,6.933,1793893.93,0,coinbase
1655856000,6.95,7.609,6.562,7.047,7.072666666666667,3178285.69,0,coinbase
1655942400,7.052,8.204,7.051,8.151,7.802,2766405.89,0,coinbase
1656028800,8.144,8.587,7.942,8.25,8.259666666666666,1957066.36,0,coinbase
1656115200,8.251,8.702,7.981,8.656,8.446333333333333,1269025.59,0,coinbase
1656201600,8.657,8.74,8.009,8.054,8.267666666666669,1486440.0,0,coinbase
1656288000,8.051,8.596,7.748,7.77,8.038,1023311.91,0,coinbase
1656374400,7.777,8.017,7.254,7.34,7.536999999999999,1237238.81,0,coinbase
1656460800,7.34,7.503,7.014,7.388,7.301666666666667,1785538.27,0,coinbase
1656547200,7.39,7.641,6.887,7.567,7.364999999999999,2444085.34,0,coinbase
1656633600,7.564,8.362,7.171,8.074,7.869,2351433.13,0,coinbase
1656720000,8.081,8.346,7.922,8.055,8.107666666666667,1324358.32,0,coinbase
1656806400,8.056,8.3,7.774,8.082,8.052000000000001,1210624.72,0,coinbase
1656892800,8.082,8.932,7.857,8.744,8.511000000000001,1336494.13,0,coinbase
1656979200,8.741,9.304,8.37,8.91,8.861333333333333,1921609.3,0,coinbase
1657065600,8.908,9.444,8.749,8.886,9.026333333333334,2293054.07,0,coinbase
1657152000,8.885,9.609,8.683,9.36,9.217333333333334,1363685.47,0,coinbase
1657238400,9.365,9.749,8.892,8.979,9.206666666666665,1443711.32,0,coinbase
1657324800,8.978,9.361,8.946,8.981,9.096000000000002,740484.9,0,coinbase
1657411200,8.981,8.998,8.503,8.771,8.757333333333333,728102.22,0,coinbase
1657497600,8.783,9.103,8.158,8.164,8.475,1529028.04,0,coinbase
1657584000,8.165,8.405,7.7,7.792,7.9656666666666665,1609394.34,0,coinbase
1657670400,7.796,8.254,7.413,8.218,7.961666666666666,2402116.47,0,coinbase
1657756800,8.22,9.056,8.083,8.981,8.706666666666665,1956045.38,0,coinbase
1657843200,8.982,9.497,8.868,9.058,9.141,1447809.71,0,coinbase
1657929600,9.058,9.4,8.795,9.237,9.144,668520.04,0,coinbase
1658016000,9.237,9.361,8.859,8.915,9.045,757121.25,0,coinbase
1658102400,8.914,9.876,8.868,9.579,9.441,1723389.78,0,coinbase
1658188800,9.572,10.78,9.234,10.524,10.179333333333332,2482905.58,0,coinbase
1658275200,10.526,10.642,9.584,9.681,9.969,1688439.98,0,coinbase
1658361600,9.675,11.266,9.616,11.047,10.642999999999999,3083039.02,0,coinbase
1658448000,11.049,11.357,10.319,10.64,10.772,1481643.95,0,coinbase
1658534400,10.64,11.215,9.753,10.126,10.364666666666666,1432187.41,0,coinbase
1658620800,10.125,10.304,9.891,9.98,10.058333333333334,817047.14,0,coinbase
1658707200,9.977,10.015,8.967,8.973,9.318333333333333,1585789.52,0,coinbase
1658793600,8.98,9.702,8.586,9.227,9.171666666666667,2024842.28,0,coinbase
1658880000,9.23,10.327,9.027,10.316,9.89,2285253.7,0,coinbase
1658966400,10.319,11.169,10.083,10.858,10.703333333333333,2006127.05,0,coinbase
1659052800,10.87,11.497,10.356,11.171,11.008000000000001,1779405.54,0,coinbase
1659139200,11.174,11.373,10.517,10.71,10.866666666666667,1447969.28,0,coinbase
1659225600,10.71,11.07,10.29,10.357,10.572333333333333,868825.69,0,coinbase
1659312000,10.35,10.794,10.044,10.399,10.412333333333335,929877.73,0,coinbase
1659398400,10.401,10.478,9.764,9.92,10.054,1226235.71,0,coinbase
1659484800,9.915,10.54,9.644,10.165,10.116333333333332,832174.67,0,coinbase
1659571200,10.166,10.623,10.124,10.359,10.368666666666668,678615.45,0,coinbase
1659657600,10.365,10.997,10.302,10.966,10.755,980124.82,0,coinbase
1659744000,10.965,11.014,10.57,10.636,10.74,377521.24,0,coinbase
1659830400,10.629,11.617,10.465,11.37,11.150666666666666,1313449.49,0,coinbase
1659916800,11.37,12.166,11.217,11.817,11.733333333333334,1269404.75,0,coinbase
1660003200,11.816,12.251,11.07,11.389,11.569999999999999,1038459.22,0,coinbase
1660089600,11.388,12.064,10.577,11.986,11.542333333333332,1412286.38,0,coinbase
1660176000,11.984,12.331,11.669,11.749,11.916333333333334,793144.35,0,coinbase
1660262400,11.753,12.098,11.437,12.061,11.865333333333334,616624.1,0,coinbase
1660348800,12.055,12.42,11.844,11.914,12.059333333333333,439385.61,0,coinbase
1660435200,11.918,12.19,11.448,11.592,11.743333333333332,468388.08,0,coinbase
1660521600,11.585,11.956,11.18,11.399,11.511666666666665,479526.19,0,coinbase
1660608000,11.398,11.667,11.172,11.399,11.412666666666667,505071.62,0,coinbase
1660694400,11.399,11.925,11.182,11.75,11.619,856495.72,0,coinbase
1660780800,11.753,12.299,11.417,11.446,11.720666666666666,953120.25,0,coinbase
1660867200,11.442,11.451,10.15,10.759,10.786666666666667,1981037.5,0,coinbase
1660953600,10.754,10.977,9.97,10.236,10.394333333333334,847300.0,0,coinbase
1661040000,10.236,10.791,10.212,10.644,10.549,630052.39,0,coinbase
1661126400,10.648,11.132,10.042,11.09,10.754666666666665,892266.06,0,coinbase
1661212800,11.088,12.348,10.963,12.135,11.815333333333333,2113461.05,0,coinbase
1661299200,12.135,13.445,11.59,13.019,12.684666666666667,3159803.22,0,coinbase
1661385600,13.021,13.331,12.555,12.862,12.915999999999999,1684808.67,0,coinbase
1661472000,12.855,13.126,11.34,11.554,12.006666666666668,2399260.66,0,coinbase
1661558400,11.551,11.551,10.686,11.173,11.136666666666668,1940542.48,0,coinbase
1661644800,11.179,11.377,10.44,10.559,10.792,1212169.88,0,coinbase
1661731200,10.562,11.734,10.168,11.438,11.113333333333335,1787891.6,0,coinbase
1661817600,11.437,12.161,11.12,11.928,11.736333333333334,1823673.58,0,coinbase
1661904000,11.928,12.351,11.55,11.821,11.907333333333334,1696204.87,0,coinbase
1661990400,11.821,12.855,11.46,12.73,12.348333333333334,1746635.64,0,coinbase
1662076800,12.737,13.084,12.33,12.614,12.676000000000002,1517757.23,0,coinbase
1662163200,12.612,12.898,12.126,12.641,12.555,773046.11,0,coinbase
1662249600,12.645,13.046,12.399,13.046,12.830333333333334,639611.68,0,coinbase
1662336000,13.043,13.357,12.467,12.633,12.818999999999997,958228.69,0,coinbase
1662422400,12.635,12.992,11.74,11.775,12.168999999999999,2187473.23,0,coinbase
1662508800,11.776,13.248,11.535,12.933,12.572000000000001,1415467.45,0,coinbase
1662595200,12.925,14.15,12.626,13.893,13.556333333333333,1958872.72,0,coinbase
1662681600,13.896,17.106,13.756,16.126,15.662666666666667,3324966.16,0,coinbase
1662768000,16.134,16.413,15.451,15.995,15.953000000000001,1424324.24,0,coinbase
1662854400,15.989,16.315,15.246,15.699,15.753333333333332,900014.01,0,coinbase
1662940800,15.69,16.507,14.994,15.53,15.677,1386309.27,0,coinbase
1663027200,15.534,16.2,13.691,13.889,14.593333333333334,2328706.0,0,coinbase
1663113600,13.889,14.45,13.38,13.974,13.934666666666667,967843.63,0,coinbase
1663200000,13.971,15.547,13.227,14.899,14.557666666666668,2359431.56,0,coinbase
1663286400,14.912,16.77,14.594,16.596,15.986666666666665,1825554.58,0,coinbase
1663372800,16.597,16.96,16.044,16.412,16.472,990845.3,0,coinbase
1663459200,16.413,16.415,14.571,14.707,15.231,1086979.87,0,coinbase
1663545600,14.707,16.169,14.606,15.618,15.464333333333334,1800693.52,0,coinbase
1663632000,15.616,15.893,13.8,13.903,14.532000000000002,2474066.75,0,coinbase
1663718400,13.9,15.1,12.936,13.395,13.810333333333332,2852722.47,0,coinbase
1663804800,13.393,15.0,13.25,14.626,14.292,1727297.32,0,coinbase
1663891200,14.631,15.265,13.439,14.215,14.306333333333333,1602072.52,0,coinbase
1663977600,14.213,14.293,13.556,13.638,13.828999999999999,639769.61,0,coinbase
1664064000,13.631,14.831,13.595,13.976,14.134,886146.34,0,coinbase
1664150400,13.977,14.892,13.73,13.903,14.174999999999999,1829706.05,0,coinbase
1664236800,13.903,14.73,13.159,13.486,13.791666666666666,1633938.25,0,coinbase
1664323200,13.485,13.582,12.626,12.988,13.065333333333333,1963866.1,0,coinbase
1664409600,12.989,13.068,12.399,12.774,12.747,1139611.94,0,coinbase
1664496000,12.776,13.245,12.606,13.028,12.959666666666665,989837.43,0,coinbase
1664582400,13.027,13.101,12.482,12.681,12.754666666666665,395753.79,0,coinbase
1664668800,12.683,12.9,11.955,11.995,12.283333333333333,559382.27,0,coinbase
1664755200,11.996,12.957,11.824,12.857,12.546,986838.47,0,coinbase
1664841600,12.861,13.285,12.75,13.021,13.018666666666666,595547.55,0,coinbase
1664928000,13.013,13.14,12.612,13.009,12.920333333333334,698379.43,0,coinbase
1665014400,13.013,13.458,12.873,13.021,13.117333333333335,743840.54,0,coinbase
1665100800,13.016,13.09,12.647,13.059,12.932,727191.08,0,coinbase
1665187200,13.057,13.357,12.948,13.15,13.151666666666666,422676.93,0,coinbase
1665273600,13.149,13.274,13.03,13.193,13.165666666666667,225690.48,0,coinbase
1665360000,13.195,13.27,12.302,12.445,12.672333333333333,451420.42,0,coinbase
1665446400,12.428,12.537,12.092,12.174,12.267666666666665,652573.16,0,coinbase
1665532800,12.171,12.216,11.68,11.739,11.878333333333336,543200.35,0,coinbase
1665619200,11.739,11.814,10.554,11.342,11.236666666666666,1292729.64,0,coinbase
1665705600,11.337,12.272,11.297,11.643,11.737333333333334,844293.78,0,coinbase
1665792000,11.65,11.769,11.44,11.517,11.575333333333333,263101.26,0,coinbase
1665878400,11.52,11.85,11.507,11.693,11.683333333333332,294984.97,0,coinbase
1665964800,11.696,12.5,11.636,12.435,12.190333333333333,681013.52,0,coinbase
1666051200,12.435,12.773,12.106,12.524,12.467666666666666,813129.28,0,coinbase
1666137600,12.53,12.642,11.693,11.749,12.028,972587.88,0,coinbase
1666224000,11.749,12.0,11.22,11.374,11.531333333333334,711173.27,0,coinbase
1666310400,11.379,11.785,10.914,11.738,11.479,574411.28,0,coinbase
1666396800,11.733,11.895,11.466,11.718,11.692999999999998,289069.89,0,coinbase
1666483200,11.718,12.138,11.445,12.122,11.901666666666666,369626.39,0,coinbase
1666569600,12.123,12.174,11.579,11.649,11.800666666666666,812866.11,0,coinbase
1666656000,11.649,12.369,11.544,12.011,11.974666666666666,742368.29,0,coinbase
1666742400,12.015,12.561,11.918,12.28,12.253,1116226.37,0,coinbase
1666828800,12.282,13.238,12.269,12.66,12.722333333333333,1052741.88,0,coinbase
1666915200,12.666,13.823,12.597,13.544,13.321333333333333,1306750.76,0,coinbase
1667001600,13.543,13.85,13.345,13.471,13.555333333333332,696097.46,0,coinbase
1667088000,13.477,14.135,13.304,13.926,13.788333333333334,870616.76,0,coinbase
1667174400,13.928,14.518,13.792,14.319,14.209666666666669,1395496.13,0,coinbase
1667260800,14.322,14.465,13.852,14.082,14.133000000000001,707319.0,0,coinbase
1667347200,14.085,14.239,13.028,13.3,13.522333333333336,1098728.64,0,coinbase
1667433600,13.295,13.905,13.249,13.506,13.553333333333333,937782.55,0,coinbase
1667520000,13.506,15.187,13.41,15.045,14.547333333333334,1751946.72,0,coinbase
1667606400,15.054,15.817,14.957,15.383,15.385666666666665,836318.11,0,coinbase
1667692800,15.37,15.408,14.421,14.449,14.759333333333332,609461.32,0,coinbase
1667779200,14.444,14.802,13.867,14.274,14.314333333333332,936749.56,0,coinbase
1667865600,14.278,14.446,11.256,12.144,12.615333333333332,2255989.36,0,coinbase
1667952000,12.145,12.317,9.365,9.77,10.484,2981112.08,0,coinbase
1668038400,9.776,12.5,9.557,12.132,11.396333333333333,1997659.53,0,coinbase
1668124800,12.124,12.373,11.142,11.642,11.719,1393771.71,0,coinbase
1668211200,11.643,11.674,10.821,10.93,11.141666666666666,506742.99,0,coinbase
1668297600,10.932,11.081,10.027,10.171,10.426333333333332,677579.1,0,coinbase
1668384000,10.173,10.693,9.601,10.318,10.204,935096.85,0,coinbase
1668470400,10.314,10.875,10.165,10.539,10.526333333333334,944927.76,0,coinbase
1668556800,10.544,10.626,9.95,10.141,10.238999999999999,864197.65,0,coinbase
1668643200,10.136,10.184,9.844,9.906,9.978,987774.72,0,coinbase
1668729600,9.909,10.235,9.773,9.958,9.988666666666667,872470.44,0,coinbase
1668816000,9.954,10.049,9.72,9.989,9.919333333333332,359505.43,0,coinbase
1668902400,9.983,10.033,9.295,9.336,9.554666666666668,475101.99,0,coinbase
1668988800,9.338,9.345,8.76,9.003,9.036,940731.45,0,coinbase
1669075200,9.005,9.553,8.717,9.536,9.268666666666668,911196.06,0,coinbase
1669161600,9.537,9.967,9.518,9.924,9.802999999999999,900854.23,0,coinbase
1669248000,9.92,10.217,9.767,10.146,10.043333333333335,632310.57,0,coinbase
1669334400,10.146,10.173,9.752,10.02,9.981666666666667,549796.15,0,coinbase
1669420800,10.023,10.443,9.987,10.1,10.176666666666668,430965.98,0,coinbase
1669507200,10.102,10.329,9.892,9.92,10.046999999999999,350185.6,0,coinbase
1669593600,9.92,9.963,9.426,9.855,9.748,596636.62,0,coinbase
1669680000,9.851,10.31,9.833,10.175,10.106,963037.18,0,coinbase
1669766400,10.179,10.634,10.177,10.495,10.435333333333332,1029269.81,0,coinbase
1669852800,10.495,10.578,10.131,10.275,10.328000000000001,562062.93,0,coinbase
1669939200,10.273,10.382,10.122,10.369,10.290999999999999,359582.55,0,coinbase
1670025600,10.366,10.417,9.975,10.024,10.138666666666666,333469.49,0,coinbase
1670112000,10.023,10.289,10.021,10.258,10.189333333333334,366500.91,0,coinbase
1670198400,10.259,10.576,10.144,10.265,10.328333333333333,584556.3,0,coinbase
1670284800,10.265,10.379,9.991,10.162,10.177333333333332,349340.71,0,coinbase
1670371200,10.163,10.185,9.494,9.617,9.765333333333334,889295.29,0,coinbase
1670457600,9.618,9.862,9.47,9.832,9.721333333333334,401528.56,0,coinbase
1670544000,9.835,9.9,9.63,9.76,9.763333333333334,418664.55,0,coinbase
1670630400,9.758,10.384,9.638,9.942,9.988,572477.71,0,coinbase
1670716800,9.945,9.984,9.516,9.532,9.677333333333333,325955.19,0,coinbase
1670803200,9.529,9.675,9.419,9.626,9.573333333333332,546712.97,0,coinbase
1670889600,9.624,9.889,9.135,9.749,9.591000000000001,905263.19,0,coinbase
1670976000,9.75,10.04,9.521,9.594,9.718333333333334,669057.81,0,coinbase
1671062400,9.601,9.671,9.371,9.428,9.49,526213.72,0,coinbase
1671148800,9.43,9.524,8.441,8.59,8.851666666666667,992710.95,0,coinbase
1671235200,8.59,8.818,8.476,8.807,8.700333333333333,472594.85,0,coinbase
1671321600,8.809,8.95,8.755,8.868,8.857666666666667,294900.62,0,coinbase
1671408000,8.871,8.945,8.565,8.642,8.717333333333332,621393.97,0,coinbase
1671494400,8.642,9.049,8.544,8.952,8.848333333333334,587004.81,0,coinbase
1671580800,8.953,9.053,8.746,8.863,8.887333333333332,658629.49,0,coinbase
1671667200,8.863,9.01,8.65,8.994,8.884666666666666,561848.29,0,coinbase
1671753600,8.994,9.05,8.879,8.915,8.948,345201.74,0,coinbase
1671840000,8.918,9.044,8.88,8.96,8.961333333333334,233494.53,0,coinbase
1671926400,8.96,9.119,8.826,9.011,8.985333333333333,234809.13,0,coinbase
1672012800,9.014,9.198,9.007,9.187,9.130666666666665,281993.72,0,coinbase
1672099200,9.189,9.43,9.134,9.214,9.259333333333332,423334.07,0,coinbase
1672185600,9.214,9.273,8.904,9.124,9.100333333333333,680058.6,0,coinbase
1672272000,9.125,9.396,9.016,9.328,9.246666666666666,619616.31,0,coinbase
1672358400,9.325,9.398,9.21,9.375,9.327666666666667,549376.67,0,coinbase
1672444800,9.378,9.47,9.259,9.348,9.359,402238.11,0,coinbase
1672531200,9.348,9.474,9.292,9.456,9.407333333333332,280300.67,0,coinbase
1672617600,9.46,10.055,9.38,9.812,9.749,665200.72,0,coinbase
1672704000,9.811,10.35,9.752,10.153,10.085,612571.24,0,coinbase
1672790400,10.152,10.457,10.041,10.191,10.229666666666667,713390.52,0,coinbase
1672876800,10.192,10.23,9.984,10.078,10.097333333333333,412640.63,0,coinbase
1672963200,10.077,10.298,9.903,10.253,10.151333333333334,562565.03,0,coinbase
1673049600,10.258,10.37,10.135,10.195,10.233333333333333,315047.39,0,coinbase
1673136000,10.196,10.63,9.98,10.549,10.386333333333333,545198.03,0,coinbase
1673222400,10.555,11.519,10.513,11.107,11.046333333333331,1629651.24,0,coinbase
1673308800,11.106,11.353,10.851,11.331,11.178333333333333,1032680.53,0,coinbase
1673395200,11.329,11.91,11.053,11.861,11.607999999999999,932074.56,0,coinbase
1673481600,11.86,12.359,11.53,12.271,12.053333333333333,1523618.28,0,coinbase
1673568000,12.269,12.518,11.909,12.403,12.276666666666666,1091657.66,0,coinbase
1673654400,12.395,13.433,12.13,12.88,12.814333333333336,2243057.35,0,coinbase
1673740800,12.883,13.085,12.372,12.78,12.745666666666667,846373.91,0,coinbase
1673827200,12.78,13.066,12.027,12.344,12.479,1602216.77,0,coinbase
1673913600,12.343,12.636,12.05,12.157,12.281,873934.74,0,coinbase
1674000000,12.149,12.537,11.4,11.535,11.824,990047.95,0,coinbase
1674086400,11.526,12.094,11.526,12.014,11.878,464409.12,0,coinbase
1674172800,12.009,13.273,11.928,13.141,12.780666666666667,1095220.86,0,coinbase
1674259200,13.14,13.616,12.888,13.094,13.199333333333334,868678.7,0,coinbase
1674345600,13.086,13.78,12.802,13.325,13.302333333333332,989083.89,0,coinbase
1674432000,13.321,13.571,12.85,13.067,13.162666666666667,1003858.04,0,coinbase
1674518400,13.07,13.381,12.36,12.451,12.730666666666666,850377.41,0,coinbase
1674604800,12.445,13.75,12.144,13.582,13.158666666666667,1063530.36,0,coinbase
1674691200,13.591,13.683,12.823,13.109,13.205,1163087.05,0,coinbase
1674777600,13.106,13.6,12.607,13.533,13.246666666666668,935972.27,0,coinbase
1674864000,13.53,13.9,13.038,13.223,13.387,785067.01,0,coinbase
1674950400,13.22,13.955,13.018,13.809,13.594,561113.76,0,coinbase
1675036800,13.807,13.989,12.784,13.072,13.281666666666666,754292.3,0,coinbase
1675123200,13.068,13.496,13.029,13.366,13.296999999999999,514866.37,0,coinbase
1675209600,13.362,14.933,13.267,14.928,14.376,2101706.63,0,coinbase
1675296000,14.927,15.215,14.226,14.408,14.616333333333335,1046229.57,0,coinbase
1675382400,14.417,15.444,14.374,14.992,14.936666666666667,1082316.69,0,coinbase
1675468800,14.991,15.086,14.576,14.666,14.776000000000002,503340.12,0,coinbase
1675555200,14.667,14.811,14.08,14.747,14.546,576732.55,0,coinbase
1675641600,14.747,14.898,13.99,14.136,14.341333333333333,696197.0,0,coinbase
1675728000,14.137,15.053,14.104,14.949,14.702,709070.1,0,coinbase
1675814400,14.954,15.378,14.57,15.146,15.031333333333334,963977.14,0,coinbase
1675900800,15.152,15.35,13.158,13.532,14.013333333333334,1357148.62,0,coinbase
1675987200,13.53,14.004,13.423,13.694,13.707,1061557.61,0,coinbase
1676073600,13.692,13.794,13.418,13.754,13.655333333333333,343345.22,0,coinbase
1676160000,13.755,13.949,13.388,13.545,13.627333333333333,310307.58,0,coinbase
1676246400,13.545,13.545,12.678,13.136,13.119666666666665,856288.74,0,coinbase
1676332800,13.139,13.607,12.791,13.401,13.266333333333334,854887.4,0,coinbase
1676419200,13.398,14.306,13.23,14.301,13.945666666666668,800312.45,0,coinbase
1676505600,14.299,14.404,13.381,13.426,13.737,1237979.51,0,coinbase
1676592000,13.434,14.331,13.347,14.171,13.949666666666666,921559.58,0,coinbase
1676678400,14.171,14.482,13.927,14.293,14.234,605058.01,0,coinbase
1676764800,14.293,14.779,13.959,14.135,14.290999999999999,736529.89,0,coinbase
1676851200,14.132,14.596,13.807,14.422,14.275,693174.12,0,coinbase
1676937600,14.421,14.621,13.611,13.868,14.033333333333333,713470.55,0,coinbase
1677024000,13.865,14.021,13.2,13.59,13.603666666666667,586769.54,0,coinbase
1677110400,13.589,13.94,13.462,13.744,13.715333333333334,425710.94,0,coinbase
1677196800,13.744,13.852,12.85,13.071,13.257666666666665,620192.96,0,coinbase
1677283200,13.073,13.211,12.471,12.836,12.839333333333334,472667.74,0,coinbase
1677369600,12.835,13.097,12.77,12.955,12.940666666666665,326580.68,0,coinbase
1677456000,12.956,13.099,12.584,12.787,12.823333333333332,429657.22,0,coinbase
1677542400,12.786,12.804,12.121,12.276,12.400333333333334,569277.98,0,coinbase
1677628800,12.28,12.952,12.22,12.784,12.652000000000001,745271.62,0,coinbase
1677715200,12.785,12.868,12.156,12.461,12.495,349842.78,0,coinbase
1677801600,12.461,12.472,11.56,12.013,12.015,578057.94,0,coinbase
1677888000,12.012,12.08,11.64,11.844,11.854666666666667,117101.54,0,coinbase
1677974400,11.845,12.267,11.827,12.02,12.038000000000002,346301.25,0,coinbase
1678060800,12.017,12.22,11.841,11.973,12.011333333333333,377965.19,0,coinbase
1678147200,11.973,12.082,11.44,11.75,11.757333333333333,545825.67,0,coinbase
1678233600,11.754,11.817,10.847,10.951,11.205,704433.38,0,coinbase
1678320000,10.95,11.06,10.443,11.04,10.847666666666667,1171123.86,0,coinbase
1678406400,11.041,11.393,10.302,11.18,10.958333333333334,1105472.16,0,coinbase
1678492800,11.18,11.521,10.661,11.099,11.09366666666667,1237570.36,0,coinbase
1678579200,11.1,11.822,10.968,11.787,11.525666666666666,705526.71,0,coinbase
1678665600,11.787,12.284,11.296,12.033,11.871,1148579.5,0,coinbase
1678752000,12.027,13.53,11.915,13.087,12.844,1573802.07,0,coinbase
1678838400,13.088,13.413,11.604,12.459,12.491999999999999,1264082.94,0,coinbase
1678924800,12.459,13.005,12.305,12.836,12.715333333333334,1077639.85,0,coinbase
1679011200,12.835,13.287,12.63,13.189,13.035333333333334,1245600.32,0,coinbase
1679097600,13.187,13.459,12.071,12.252,12.594000000000001,2438023.77,0,coinbase
1679184000,12.249,13.128,12.075,12.348,12.517000000000001,1259344.84,0,coinbase
1679270400,12.355,12.479,11.508,11.581,11.856,1604411.43,0,coinbase
1679356800,11.58,12.207,11.276,11.948,11.810333333333332,1393155.0,0,coinbase
1679443200,11.948,12.033,10.949,11.358,11.446666666666667,1297519.6,0,coinbase
1679529600,11.356,11.975,11.258,11.703,11.645333333333332,1172917.44,0,coinbase
1679616000,11.703,11.739,11.0,11.205,11.314666666666668,903124.77,0,coinbase
1679702400,11.207,11.344,10.929,11.093,11.122,566448.89,0,coinbase
1679788800,11.096,11.478,11.039,11.337,11.284666666666666,353858.45,0,coinbase
1679875200,11.341,11.365,10.617,10.843,10.941666666666668,565939.94,0,coinbase
1679961600,10.835,11.418,10.685,11.22,11.107666666666667,770245.2,0,coinbase
1680048000,11.227,11.556,11.102,11.429,11.362333333333334,3145744.78,0,coinbase
1680134400,11.434,11.566,10.921,11.151,11.212666666666669,917070.77,0,coinbase
1680220800,11.149,11.387,10.986,11.179,11.184,1067861.99,0,coinbase
1680307200,11.178,11.5,11.043,11.393,11.312,1018048.77,0,coinbase
1680393600,11.394,11.595,10.97,11.13,11.231666666666667,361119.03,0,coinbase
1680480000,11.133,11.267,10.679,11.152,11.032666666666666,546086.36,0,coinbase
1680566400,11.151,11.435,11.035,11.288,11.252666666666665,480918.6,0,coinbase
1680652800,11.283,11.601,11.134,11.522,11.418999999999999,548598.72,0,coinbase
1680739200,11.524,11.638,11.237,11.339,11.404666666666666,351170.58,0,coinbase
1680825600,11.337,11.362,10.92,11.057,11.113,366044.21,0,coinbase
1680912000,11.054,11.2,10.877,10.969,11.015333333333333,165336.48,0,coinbase
1680998400,10.969,11.098,10.871,11.038,11.002333333333334,211623.58,0,coinbase
1681084800,11.036,11.24,10.917,11.19,11.115666666666668,468894.09,0,coinbase
1681171200,11.188,11.415,11.127,11.275,11.272333333333334,413459.23,0,coinbase
1681257600,11.278,11.367,10.931,11.324,11.207333333333333,529032.24,0,coinbase
1681344000,11.328,12.01,11.249,11.818,11.692333333333332,571984.79,0,coinbase
1681430400,11.816,12.473,11.804,12.268,12.181666666666667,797130.21,0,coinbase
1681516800,12.267,12.499,12.055,12.381,12.311666666666667,416322.59,0,coinbase
1681603200,12.384,12.911,12.378,12.669,12.652666666666667,558804.31,0,coinbase
1681689600,12.677,12.95,12.318,12.361,12.543000000000001,574691.95,0,coinbase
1681776000,12.36,12.774,12.164,12.562,12.5,378982.71,0,coinbase
1681862400,12.563,12.593,11.51,11.7,11.934333333333333,598634.71,0,coinbase
1681948800,11.698,12.128,11.274,11.391,11.597666666666667,561581.72,0,coinbase
1682035200,11.39,11.489,10.637,10.808,10.978,686146.51,0,coinbase
1682121600,10.8,11.059,10.696,11.042,10.932333333333332,231701.87,0,coinbase
1682208000,11.045,11.055,10.612,10.844,10.837000000000002,163383.32,0,coinbase
1682294400,10.842,10.991,10.65,10.908,10.849666666666666,272619.32,0,coinbase
1682380800,10.907,11.09,10.657,11.053,10.933333333333332,274642.65,0,coinbase
1682467200,11.052,11.398,10.191,10.939,10.842666666666666,485180.25,0,coinbase
1682553600,10.947,11.788,10.885,11.527,11.4,525610.69,0,coinbase
1682640000,11.526,11.779,11.285,11.72,11.594666666666667,292005.3,0,coinbase
1682726400,11.734,11.832,11.541,11.713,11.695333333333332,203719.41,0,coinbase
1682812800,11.718,11.964,11.452,11.512,11.642666666666665,213842.11,0,coinbase
1682899200,11.52,11.576,10.835,11.002,11.137666666666668,396639.17,0,coinbase
1682985600,11.006,11.116,10.886,11.037,11.013,218366.08,0,coinbase
1683072000,11.037,11.166,10.75,11.1,11.005333333333333,285011.37,0,coinbase
1683158400,11.101,11.286,10.894,10.988,11.056,252933.3,0,coinbase
1683244800,10.988,11.316,10.96,11.227,11.167666666666667,204239.13,0,coinbase
1683331200,11.228,11.298,10.777,10.86,10.978333333333333,210772.52,0,coinbase
1683417600,10.861,11.097,10.797,11.0,10.964666666666666,134776.0,0,coinbase
1683504000,10.985,11.162,10.5,10.6,10.754,654124.84,0,coinbase
1683590400,10.6,10.722,10.184,10.385,10.430333333333332,317141.73,0,coinbase
1683676800,10.385,11.138,10.22,10.998,10.785333333333334,553501.89,0,coinbase
1683763200,10.996,11.084,10.53,11.029,10.881,375574.61,0,coinbase
1683849600,11.029,11.285,10.72,11.161,11.055333333333335,443969.86,0,coinbase
1683936000,11.158,11.174,10.823,10.892,10.963,229570.45,0,coinbase
1684022400,10.887,11.109,10.813,10.924,10.948666666666668,181991.24,0,coinbase
1684108800,10.92,11.112,10.737,10.798,10.882333333333333,256467.71,0,coinbase
1684195200,10.802,11.0,10.696,10.892,10.862666666666664,208560.93,0,coinbase
1684281600,10.89,11.08,10.722,10.935,10.912333333333335,249403.98,0,coinbase
1684368000,10.935,11.003,10.5,10.734,10.745666666666667,393215.81,0,coinbase
1684454400,10.739,10.746,10.423,10.618,10.595666666666666,213331.03,0,coinbase
1684540800,10.616,10.645,10.522,10.612,10.593000000000002,91824.03,0,coinbase
1684627200,10.612,10.624,10.414,10.473,10.503666666666668,109330.95,0,coinbase
1684713600,10.472,10.584,10.323,10.487,10.464666666666666,150115.0,0,coinbase
1684800000,10.486,10.624,10.45,10.525,10.533,315387.2,0,coinbase
1684886400,10.523,10.532,10.2,10.416,10.382666666666667,249730.33,0,coinbase
1684972800,10.416,10.57,10.233,10.478,10.427,347822.16,0,coinbase
1685059200,10.478,10.609,10.419,10.539,10.522333333333334,244010.19,0,coinbase
1685145600,10.538,10.606,10.459,10.55,10.538333333333332,171845.61,0,coinbase
1685232000,10.551,10.964,10.515,10.942,10.807,420031.76,0,coinbase
1685318400,10.942,10.983,10.707,10.757,10.815666666666667,259614.62,0,coinbase
1685404800,10.756,10.906,10.728,10.836,10.823333333333332,241302.5,0,coinbase
1685491200,10.836,10.886,10.423,10.457,10.588666666666667,415207.09,0,coinbase
1685577600,10.456,10.49,10.223,10.336,10.349666666666666,473538.49,0,coinbase
1685664000,10.334,10.672,10.25,10.659,10.527000000000001,260824.52,0,coinbase
1685750400,10.66,10.773,10.551,10.704,10.676,172614.17,0,coinbase
1685836800,10.708,10.857,10.661,10.754,10.757333333333333,186155.91,0,coinbase
1685923200,10.753,10.826,9.875,10.013,10.238,622726.28,0,coinbase
1686009600,10.011,10.283,9.808,10.151,10.080666666666668,444802.69,0,coinbase
1686096000,10.149,10.178,9.338,9.437,9.650999999999998,903468.63,0,coinbase
1686182400,9.439,9.631,9.334,9.441,9.468666666666666,266427.57,0,coinbase
1686268800,9.438,9.475,9.147,9.173,9.265,370575.05,0,coinbase
1686355200,9.176,9.179,7.311,8.248,8.246,1076886.07,0,coinbase
1686441600,8.248,8.519,8.12,8.445,8.361333333333333,302341.51,0,coinbase
1686528000,8.449,8.841,8.265,8.742,8.616000000000001,330566.68,0,coinbase
1686614400,8.74,8.95,8.537,8.65,8.712333333333333,241354.26,0,coinbase
1686700800,8.646,8.843,8.375,8.501,8.573,282755.48,0,coinbase
1686787200,8.503,8.763,8.402,8.658,8.607666666666667,286840.94,0,coinbase
1686873600,8.656,8.935,8.546,8.764,8.748333333333333,208504.77,0,coinbase
1686960000,8.762,8.985,8.685,8.898,8.856,168287.78,0,coinbase
1687046400,8.902,8.929,8.48,8.565,8.658,141211.44,0,coinbase
1687132800,8.561,8.633,8.353,8.605,8.530333333333333,162955.28,0,coinbase
1687219200,8.601,8.8,8.263,8.772,8.611666666666666,283702.06,0,coinbase
1687305600,8.772,9.131,8.748,9.044,8.974333333333332,387200.49,0,coinbase
1687392000,9.042,9.418,8.991,9.006,9.138333333333334,312543.79,0,coinbase
1687478400,9.001,9.434,8.991,9.316,9.247,348533.96,0,coinbase
1687564800,9.314,9.49,9.096,9.393,9.326333333333332,218376.0,0,coinbase
1687651200,9.395,9.749,9.361,9.458,9.522666666666666,259659.45,0,coinbase
1687737600,9.458,9.518,9.096,9.188,9.267333333333333,301596.96,0,coinbase
1687824000,9.189,9.451,9.166,9.43,9.349,192863.35,0,coinbase
1687910400,9.427,9.429,8.939,9.127,9.165000000000001,324093.32,0,coinbase
1687996800,9.124,9.437,8.972,8.972,9.127,257475.38,0,coinbase
1688083200,8.973,9.434,8.743,9.288,9.155,514737.4,0,coinbase
1688169600,9.287,9.576,9.153,9.565,9.431333333333333,205613.18,0,coinbase
1688256000,9.569,9.6,9.334,9.6,9.511333333333333,183163.19,0,coinbase
1688342400,9.6,10.103,9.57,9.945,9.872666666666667,382140.76,0,coinbase
1688428800,9.945,9.964,9.625,9.689,9.759333333333332,188942.16,0,coinbase
1688515200,9.689,9.884,9.252,9.397,9.511000000000001,391536.28,0,coinbase
1688601600,9.395,9.651,9.101,9.175,9.309000000000001,256634.48,0,coinbase
1688688000,9.178,9.379,9.113,9.169,9.220333333333333,228884.29,0,coinbase
1688774400,9.173,9.308,9.089,9.215,9.203999999999999,150066.22,0,coinbase
1688860800,9.213,9.622,9.192,9.43,9.414666666666667,202727.91,0,coinbase
1688947200,9.429,9.437,9.179,9.247,9.287666666666667,326242.43,0,coinbase
1689033600,9.244,9.365,9.152,9.2,9.238999999999999,162857.1,0,coinbase
1689120000,9.199,9.292,8.957,9.069,9.106000000000002,302508.41,0,coinbase
1689206400,9.069,9.916,8.939,9.894,9.583,696280.0,0,coinbase
1689292800,9.894,10.3,9.432,9.791,9.841,769652.34,0,coinbase
1689379200,9.796,9.991,9.64,9.712,9.781,288990.01,0,coinbase
1689465600,9.712,9.733,9.341,9.404,9.492666666666667,284778.06,0,coinbase
1689552000,9.398,9.609,9.167,9.439,9.405,391773.51,0,coinbase
1689638400,9.439,9.524,9.099,9.294,9.305666666666665,208074.96,0,coinbase
1689724800,9.291,9.419,9.12,9.187,9.241999999999999,242740.91,0,coinbase
1689811200,9.183,9.597,9.15,9.374,9.373666666666667,286978.63,0,coinbase
1689897600,9.376,9.54,9.3,9.431,9.423666666666668,301989.52,0,coinbase
1689984000,9.425,9.575,9.184,9.263,9.340666666666666,241500.65,0,coinbase
1690070400,9.267,9.363,9.226,9.278,9.289,233870.62,0,coinbase
1690156800,9.278,9.296,8.854,9.009,9.052999999999999,282479.52,0,coinbase
1690243200,9.009,9.063,8.9,8.956,8.973,233406.6,0,coinbase
1690329600,8.954,9.171,8.79,8.988,8.982999999999999,318305.09,0,coinbase
1690416000,8.985,9.102,8.849,8.913,8.954666666666666,271736.09,0,coinbase
1690502400,8.913,9.066,8.854,9.026,8.982000000000001,164658.57,0,coinbase
1690588800,9.024,9.095,8.984,9.076,9.051666666666668,123779.76,0,coinbase
1690675200,9.08,9.102,8.85,9.006,8.985999999999999,159386.83,0,coinbase
1690761600,9.005,9.114,8.75,8.859,8.907666666666666,227681.96,0,coinbase
1690848000,8.861,8.998,8.6,8.991,8.863,471314.47,0,coinbase
1690934400,8.991,9.031,8.595,8.707,8.777666666666667,430079.62,0,coinbase
1691020800,8.707,8.773,8.589,8.613,8.658333333333333,196461.17,0,coinbase
1691107200,8.61,8.679,8.284,8.469,8.477333333333334,525925.7,0,coinbase
1691193600,8.467,8.534,8.355,8.501,8.463333333333333,146316.44,0,coinbase
1691280000,8.504,8.573,8.439,8.475,8.495666666666667,109044.7,0,coinbase
1691366400,8.475,8.58,8.26,8.494,8.444666666666667,181893.73,0,coinbase
1691452800,8.494,8.667,8.435,8.518,8.540000000000001,397111.28,0,coinbase
1691539200,8.519,8.67,8.426,8.538,8.544666666666666,263795.22,0,coinbase
1691625600,8.538,8.561,8.393,8.406,8.453333333333333,263660.71,0,coinbase
1691712000,8.411,8.456,8.267,8.338,8.353666666666667,291779.81,0,coinbase
1691798400,8.34,8.436,8.329,8.418,8.394333333333334,83536.54,0,coinbase
1691884800,8.418,8.504,8.338,8.368,8.403333333333334,117397.5,0,coinbase
1691971200,8.368,8.566,8.321,8.508,8.465,175799.95,0,coinbase
1692057600,8.511,8.54,7.816,8.101,8.152333333333333,281517.5,0,coinbase
1692144000,8.101,8.362,7.588,7.798,7.9159999999999995,358676.19,0,coinbase
1692230400,7.798,8.208,7.151,7.394,7.584333333333333,617772.31,0,coinbase
1692316800,7.397,7.693,7.364,7.571,7.542666666666666,304850.0,0,coinbase
1692403200,7.573,7.734,7.5,7.703,7.645666666666667,113714.36,0,coinbase
1692489600,7.704,7.902,7.69,7.867,7.8196666666666665,149073.11,0,coinbase
1692576000,7.865,7.883,7.41,7.544,7.612333333333333,254275.9,0,coinbase
1692662400,7.544,7.57,7.101,7.399,7.3566666666666665,377742.97,0,coinbase
1692748800,7.4,7.524,7.3,7.427,7.416999999999999,190534.01,0,coinbase
1692835200,7.428,7.453,7.09,7.202,7.248333333333332,191887.43,0,coinbase
1692921600,7.203,7.269,7.027,7.245,7.1803333333333335,176210.97,0,coinbase
1693008000,7.243,7.258,7.132,7.153,7.181,108164.68,0,coinbase
1693094400,7.152,7.209,7.09,7.179,7.1593333333333335,106889.87,0,coinbase
1693180800,7.176,7.279,7.05,7.261,7.196666666666666,163264.9,0,coinbase
1693267200,7.263,7.52,7.109,7.447,7.358666666666667,254424.01,0,coinbase
1693353600,7.449,7.459,7.179,7.223,7.287,162996.95,0,coinbase
1693440000,7.22,7.268,6.8,6.922,6.996666666666666,211898.41,0,coinbase
1693526400,6.919,6.975,6.64,6.662,6.7589999999999995,290923.39,0,coinbase
1693612800,6.661,6.834,6.629,6.829,6.763999999999999,113579.67,0,coinbase
1693699200,6.83,6.879,6.757,6.805,6.813666666666666,159613.96,0,coinbase
1693785600,6.812,6.92,6.666,6.723,6.769666666666667,200313.2,0,coinbase
1693872000,6.728,6.849,6.665,6.811,6.7749999999999995,116658.06,0,coinbase
1693958400,6.812,6.92,6.691,6.89,6.833666666666667,206151.11,0,coinbase
1694044800,6.889,6.988,6.802,6.95,6.913333333333333,181526.72,0,coinbase
1694131200,6.949,7.057,6.772,6.834,6.887666666666667,231971.71,0,coinbase
1694217600,6.834,6.927,6.806,6.85,6.861,119276.12,0,coinbase
1694304000,6.851,6.854,6.503,6.659,6.672,239662.41,0,coinbase
1694390400,6.655,6.683,6.281,6.371,6.445,437853.23,0,coinbase
1694476800,6.365,6.555,6.338,6.381,6.424666666666667,291308.51,0,coinbase
1694563200,6.376,6.58,6.36,6.539,6.492999999999999,325986.54,0,coinbase
1694649600,6.539,6.916,6.501,6.837,6.751333333333334,247829.23,0,coinbase
1694736000,6.837,7.053,6.758,6.932,6.914333333333334,277065.23,0,coinbase
1694822400,6.936,7.174,6.936,7.146,7.085333333333334,161363.68,0,coinbase
1694908800,7.148,7.173,6.9,6.945,7.006,208874.51,0,coinbase
1694995200,6.946,7.492,6.844,7.385,7.240333333333333,303553.45,0,coinbase
1695081600,7.385,7.88,7.2,7.504,7.528,338852.96,0,coinbase
1695168000,7.505,7.516,7.183,7.293,7.330666666666667,169166.63,0,coinbase
1695254400,7.293,7.509,7.15,7.15,7.269666666666667,237417.99,0,coinbase
1695340800,7.15,7.238,7.024,7.133,7.131666666666667,222965.93,0,coinbase
1695427200,7.129,7.199,7.051,7.085,7.111666666666667,91380.31,0,coinbase
1695513600,7.083,7.14,6.96,6.981,7.027,79845.64,0,coinbase
1695600000,6.982,7.076,6.901,7.036,7.004333333333332,175365.64,0,coinbase
1695686400,7.035,7.092,6.867,6.952,6.9703333333333335,167776.89,0,coinbase
1695772800,6.953,7.125,6.887,6.967,6.992999999999999,163336.3,0,coinbase
1695859200,6.965,7.194,6.931,7.104,7.076333333333333,153134.38,0,coinbase
1695945600,7.107,7.194,7.071,7.101,7.122,138778.2,0,coinbase
1696032000,7.1,7.299,7.089,7.238,7.208666666666667,135909.88,0,coinbase
1696118400,7.235,7.661,7.177,7.565,7.467666666666666,276027.46,0,coinbase
1696204800,7.572,7.587,7.099,7.147,7.277666666666666,303472.19,0,coinbase
1696291200,7.146,7.278,7.032,7.065,7.125,175549.43,0,coinbase
1696377600,7.062,7.069,6.859,6.962,6.963333333333334,172156.65,0,coinbase
1696464000,6.96,6.996,6.772,6.834,6.867333333333334,153295.72,0,coinbase
1696550400,6.835,6.966,6.812,6.911,6.896333333333334,161761.92,0,coinbase
1696636800,6.913,6.999,6.872,6.97,6.946999999999999,97570.99,0,coinbase
1696723200,6.967,6.995,6.854,6.948,6.932333333333333,105617.3,0,coinbase
1696809600,6.944,6.962,6.57,6.831,6.7876666666666665,189928.71,0,coinbase
1696896000,6.833,7.331,6.6,6.683,6.871333333333333,459879.55,0,coinbase
1696982400,6.674,7.134,6.483,6.703,6.773333333333333,291685.29,0,coinbase
1697068800,6.697,6.731,6.371,6.584,6.562,677334.58,0,coinbase
1697155200,6.584,6.643,6.502,6.565,6.57,187675.11,0,coinbase
1697241600,6.564,6.659,6.557,6.582,6.599333333333334,95564.57,0,coinbase
1697328000,6.58,6.685,6.525,6.601,6.603666666666666,234701.99,0,coinbase
1697414400,6.599,6.806,6.562,6.628,6.665333333333334,271235.5,0,coinbase
1697500800,6.628,6.632,6.381,6.446,6.4863333333333335,247910.75,0,coinbase
1697587200,6.444,6.482,6.244,6.291,6.3389999999999995,451544.86,0,coinbase
1697673600,6.289,6.289,6.163,6.267,6.239666666666667,269717.14,0,coinbase
1697760000,6.265,6.485,6.249,6.412,6.382000000000001,260614.01,0,coinbase
1697846400,6.408,6.699,6.364,6.634,6.565666666666666,207874.56,0,coinbase
1697932800,6.634,6.765,6.509,6.756,6.676666666666667,233946.03,0,coinbase
1698019200,6.761,7.06,6.616,7.033,6.903,451610.63,0,coinbase
1698105600,7.034,7.31,6.746,7.0,7.018666666666667,729631.51,0,coinbase
1698192000,7.001,7.226,6.859,7.119,7.0680000000000005,569202.45,0,coinbase
1698278400,7.12,7.38,6.907,7.167,7.1513333333333335,700773.05,0,coinbase
1698364800,7.166,7.177,6.901,7.027,7.035,371302.31,0,coinbase
1698451200,7.023,7.223,7.022,7.184,7.143000000000001,218211.14,0,coinbase
1698537600,7.182,7.392,7.046,7.312,7.25,246700.98,0,coinbase
1698624000,7.322,8.147,7.208,8.108,7.821000000000001,558329.46,0,coinbase
1698710400,8.113,8.248,7.647,7.931,7.942,914927.85,0,coinbase
1698796800,7.926,8.034,7.541,7.888,7.821000000000001,926316.19,0,coinbase
1698883200,7.901,8.101,7.53,7.833,7.821333333333333,635810.25,0,coinbase
1698969600,7.835,7.835,7.52,7.753,7.7026666666666666,577052.14,0,coinbase
1699056000,7.753,8.25,7.709,8.1,8.019666666666666,580508.08,0,coinbase
1699142400,8.101,8.55,8.053,8.367,8.323333333333334,632960.61,0,coinbase
1699228800,8.366,8.767,8.313,8.739,8.606333333333334,901236.78,0,coinbase
1699315200,8.741,8.751,8.13,8.469,8.450000000000001,785024.49,0,coinbase
1699401600,8.469,8.757,8.373,8.647,8.592333333333334,738743.73,0,coinbase
1699488000,8.654,9.062,8.4,9.024,8.828666666666665,1344203.92,0,coinbase
1699574400,9.029,9.541,8.93,9.182,9.217666666666666,725089.56,0,coinbase
1699660800,9.19,9.45,8.868,9.247,9.188333333333333,481301.89,0,coinbase
1699747200,9.244,9.718,8.88,9.535,9.377666666666666,569191.16,0,coinbase
1699833600,9.533,10.567,9.173,9.175,9.638333333333334,1556660.67,0,coinbase
1699920000,9.177,9.405,8.65,9.12,9.058333333333332,1166851.9,0,coinbase
1700006400,9.118,9.788,8.952,9.655,9.465000000000002,1080437.38,0,coinbase
1700092800,9.661,10.225,9.44,9.595,9.753333333333332,1171127.52,0,coinbase
1700179200,9.595,10.22,9.047,9.396,9.554333333333334,594717.57,0,coinbase
1700265600,9.396,9.418,8.875,9.233,9.175333333333333,340158.68,0,coinbase
1700352000,9.239,9.44,8.967,9.378,9.261666666666667,352886.74,0,coinbase
1700438400,9.375,9.553,8.886,8.976,9.138333333333334,331708.05,0,coinbase
1700524800,8.974,9.083,8.2,8.206,8.496333333333334,693334.16,0,coinbase
1700611200,8.201,8.927,8.182,8.811,8.64,327630.57,0,coinbase
1700697600,8.812,9.082,8.66,8.746,8.829333333333333,230070.38,0,coinbase
1700784000,8.75,9.09,8.718,8.91,8.906,298414.77,0,coinbase
1700870400,8.912,9.679,8.851,9.496,9.342,465213.12,0,coinbase
1700956800,9.501,10.2,9.271,9.918,9.796333333333333,954896.67,0,coinbase
1701043200,9.922,9.949,8.965,9.306,9.406666666666666,589434.03,0,coinbase
1701129600,9.308,9.363,8.792,9.257,9.137333333333332,723210.9,0,coinbase
1701216000,9.262,9.329,9.017,9.224,9.19,366297.07,0,coinbase
1701302400,9.224,9.382,9.129,9.249,9.253333333333332,467048.88,0,coinbase
1701388800,9.25,9.473,9.182,9.471,9.375333333333334,315150.8,0,coinbase
1701475200,9.472,9.705,9.398,9.64,9.581000000000001,331039.25,0,coinbase
1701561600,9.641,9.655,9.358,9.544,9.519,236669.49,0,coinbase
1701648000,9.545,9.878,9.26,9.776,9.638,770380.72,0,coinbase
1701734400,9.777,9.934,9.483,9.893,9.770000000000001,520255.57,0,coinbase
1701820800,9.896,10.287,9.706,9.749,9.914000000000001,668987.31,0,coinbase
1701907200,9.746,10.041,9.55,9.907,9.832666666666666,545585.09,0,coinbase
1701993600,9.908,10.77,9.83,10.409,10.336333333333334,819488.5,0,coinbase
1702080000,10.41,11.339,10.384,10.471,10.731333333333334,1271320.35,0,coinbase
1702166400,10.473,10.704,10.113,10.691,10.502666666666668,828120.03,0,coinbase
1702252800,10.695,10.705,9.456,9.858,10.006333333333334,997339.49,0,coinbase
1702339200,9.854,12.419,9.826,11.727,11.324,2248088.16,0,coinbase
1702425600,11.732,11.912,10.738,11.665,11.438333333333333,1725296.4,0,coinbase
1702512000,11.664,11.926,11.037,11.529,11.497333333333335,956836.08,0,coinbase
1702598400,11.539,11.548,10.829,10.889,11.088666666666668,755281.99,0,coinbase
1702684800,10.881,12.085,10.689,12.032,11.601999999999999,949810.67,0,coinbase
1702771200,12.032,12.063,11.058,11.099,11.406666666666666,576840.18,0,coinbase
1702857600,11.09,11.143,10.207,10.9,10.75,738496.0,0,coinbase
1702944000,10.901,11.022,10.281,10.421,10.574666666666667,654144.82,0,coinbase
1703030400,10.415,10.898,10.241,10.667,10.601999999999999,623575.34,0,coinbase
1703116800,10.663,11.514,10.49,11.401,11.135,1023311.1,0,coinbase
1703203200,11.408,11.759,10.975,11.4,11.378,634661.62,0,coinbase
1703289600,11.41,11.431,11.05,11.335,11.272,402625.75,0,coinbase
1703376000,11.346,11.755,11.072,11.24,11.355666666666666,638628.13,0,coinbase
1703462400,11.239,12.056,11.02,11.892,11.656,682241.64,0,coinbase
1703548800,11.908,12.579,11.07,11.634,11.761000000000001,1026791.15,0,coinbase
1703635200,11.638,12.1,11.153,11.968,11.740333333333334,514962.4,0,coinbase
1703721600,11.97,12.223,11.3,11.401,11.641333333333336,640603.96,0,coinbase
1703808000,11.4,11.546,10.706,10.988,11.079999999999998,940425.88,0,coinbase
1703894400,10.986,11.029,10.568,10.754,10.783666666666667,351455.23,0,coinbase
1703980800,10.749,10.976,10.352,10.601,10.643,325132.5,0,coinbase
1704067200,10.596,11.211,10.45,11.21,10.957,403057.94,0,coinbase
1704153600,11.211,11.429,10.924,10.967,11.106666666666667,532335.48,0,coinbase
1704240000,10.963,11.384,9.601,9.926,10.303666666666667,803083.03,0,coinbase
1704326400,9.925,10.363,9.753,10.275,10.130333333333333,639002.57,0,coinbase
1704412800,10.283,10.758,9.746,10.335,10.279666666666666,622125.3,0,coinbase
1704499200,10.333,10.415,9.54,9.831,9.928666666666667,492118.69,0,coinbase
1704585600,9.828,9.917,9.317,9.414,9.549333333333335,365838.45,0,coinbase
1704672000,9.42,9.995,8.9,9.962,9.619,420849.65,0,coinbase
1704758400,9.961,10.065,9.384,9.667,9.705333333333334,491843.42,0,coinbase
1704844800,9.667,10.63,9.358,10.392,10.126666666666667,646261.72,0,coinbase
1704931200,10.392,11.0,10.232,10.659,10.630333333333333,740661.19,0,coinbase
1705017600,10.657,10.946,9.603,9.961,10.17,665183.92,0,coinbase
1705104000,9.963,10.338,9.657,10.204,10.066333333333333,242803.76,0,coinbase
1705190400,10.204,10.567,9.95,9.985,10.167333333333334,332423.02,0,coinbase
1705276800,9.988,10.314,9.963,10.173,10.15,291261.12,0,coinbase
1705363200,10.182,10.573,10.05,10.281,10.301333333333334,398486.36,0,coinbase
1705449600,10.29,10.348,10.023,10.146,10.172333333333334,358309.11,0,coinbase
1705536000,10.144,10.25,9.53,9.693,9.824333333333334,371965.24,0,coinbase
1705622400,9.694,9.881,9.265,9.706,9.617333333333333,282261.34,0,coinbase
1705708800,9.705,9.844,9.59,9.835,9.756333333333332,138962.4,0,coinbase
1705795200,9.834,9.939,9.616,9.644,9.732999999999999,90121.31,0,coinbase
1705881600,9.643,9.672,9.032,9.167,9.290333333333335,300148.57,0,coinbase
1705968000,9.168,9.331,8.7,9.22,9.083666666666666,428118.22,0,coinbase
1706054400,9.218,9.45,9.136,9.342,9.309333333333333,188419.09,0,coinbase
1706140800,9.338,9.356,9.049,9.227,9.210666666666667,185717.91,0,coinbase
1706227200,9.23,9.745,9.16,9.63,9.511666666666668,167820.51,0,coinbase
1706313600,9.629,9.733,9.431,9.67,9.611333333333334,238826.39,0,coinbase
1706400000,9.671,9.766,9.345,9.43,9.513666666666667,558625.85,0,coinbase
1706486400,9.428,9.693,9.381,9.659,9.577666666666666,303505.65,0,coinbase
1706572800,9.663,9.72,9.309,9.409,9.479333333333335,400491.72,0,coinbase
1706659200,9.407,9.44,9.01,9.098,9.182666666666668,537411.58,0,coinbase
1706745600,9.1,9.227,8.96,9.132,9.106333333333334,652079.92,0,coinbase
1706832000,9.135,9.274,9.085,9.164,9.174333333333335,521591.82,0,coinbase
1706918400,9.165,9.212,9.041,9.046,9.099666666666666,128583.0,0,coinbase
1707004800,9.047,9.108,8.932,8.965,9.001666666666667,119748.65,0,coinbase
1707091200,8.959,9.169,8.836,9.049,9.018,135527.15,0,coinbase
1707177600,9.053,9.226,9.024,9.125,9.125,410266.12,0,coinbase
1707264000,9.124,9.664,9.117,9.596,9.459,347021.27,0,coinbase
1707350400,9.599,9.733,9.444,9.648,9.608333333333333,409691.19,0,coinbase
1707436800,9.648,10.199,9.618,10.026,9.947666666666667,516926.21,0,coinbase
1707523200,10.028,10.1,9.912,9.972,9.994666666666667,165926.37,0,coinbase
1707609600,9.977,10.262,9.65,9.744,9.885333333333334,416764.14,0,coinbase
1707696000,9.746,10.031,9.399,9.916,9.782,448350.52,0,coinbase
1707782400,9.913,10.385,9.872,10.289,10.182,882693.2,0,coinbase
1707868800,10.3,10.49,10.063,10.254,10.269,528633.86,0,coinbase
1707955200,10.258,10.493,10.093,10.342,10.309333333333333,600072.01,0,coinbase
1708041600,10.342,10.484,10.001,10.244,10.243,308667.37,0,coinbase
1708128000,10.242,10.338,9.882,10.276,10.165333333333333,228297.47,0,coinbase
1708214400,10.277,10.649,10.203,10.593,10.481666666666666,203474.23,0,coinbase
1708300800,10.599,11.1,10.482,10.735,10.772333333333334,748126.53,0,coinbase
1708387200,10.733,10.757,10.0,10.37,10.375666666666666,467030.71,0,coinbase
1708473600,10.368,10.371,9.736,9.98,10.029,618251.35,0,coinbase
1708560000,9.978,10.042,9.708,9.78,9.843333333333334,822049.07,0,coinbase
1708646400,9.79,10.049,9.69,9.948,9.895666666666665,239006.64,0,coinbase
1708732800,9.957,10.577,9.764,10.419,10.253333333333334,447487.28,0,coinbase
1708819200,10.416,10.447,10.212,10.374,10.344333333333333,182251.7,0,coinbase
1708905600,10.379,11.176,10.267,11.144,10.862333333333332,695520.64,0,coinbase
1708992000,11.145,11.508,10.812,11.214,11.177999999999999,792577.87,0,coinbase
1709078400,11.219,11.731,10.681,11.411,11.274333333333333,880274.04,0,coinbase
1709164800,11.411,12.239,11.01,11.282,11.510333333333335,954103.55,0,coinbase
1709251200,11.285,11.672,11.209,11.654,11.511666666666665,404637.37,0,coinbase
1709337600,11.659,12.212,11.607,12.212,12.010333333333334,493114.37,0,coinbase
1709424000,12.208,12.288,11.25,12.166,11.901333333333334,493216.26,0,coinbase
1709510400,12.166,12.854,12.081,12.492,12.475666666666667,1125314.9,0,coinbase
1709596800,12.5,13.0,10.973,12.015,11.996,1085037.4,0,coinbase
1709683200,12.016,14.5,11.543,14.235,13.426,955630.79,0,coinbase
1709769600,14.235,14.505,13.544,13.917,13.988666666666667,891411.81,0,coinbase
1709856000,13.918,14.024,12.85,13.444,13.439333333333332,1196349.24,0,coinbase
1709942400,13.431,13.927,13.331,13.373,13.543666666666667,476081.13,0,coinbase
1710028800,13.374,13.575,12.886,13.185,13.215333333333334,358768.33,0,coinbase
1710115200,13.18,13.868,12.631,13.707,13.402000000000001,681361.84,0,coinbase
1710201600,13.716,13.833,12.655,13.415,13.301,514137.96,0,coinbase
1710288000,13.41,14.147,13.27,14.126,13.847666666666667,549501.54,0,coinbase
1710374400,14.12,14.274,12.903,13.681,13.619333333333332,638364.5,0,coinbase
1710460800,13.678,13.838,11.82,12.638,12.765333333333333,843545.45,0,coinbase
1710547200,12.635,12.865,11.601,11.917,12.127666666666668,505842.63,0,coinbase
1710633600,11.923,12.385,11.49,12.265,12.046666666666667,404654.31,0,coinbase
1710720000,12.257,12.433,11.54,11.725,11.899333333333333,346797.8,0,coinbase
1710806400,11.722,11.836,10.634,10.884,11.118,606492.83,0,coinbase
1710892800,10.881,11.792,10.691,11.754,11.412333333333335,424554.14,0,coinbase
1710979200,11.741,11.975,11.51,11.635,11.706666666666665,340295.18,0,coinbase
1711065600,11.63,11.836,11.096,11.419,11.450333333333333,339552.99,0,coinbase
1711152000,11.419,11.638,11.238,11.342,11.405999999999999,179824.95,0,coinbase
1711238400,11.333,11.673,11.278,11.609,11.520000000000001,198320.61,0,coinbase
1711324800,11.613,12.3,11.534,12.185,12.006333333333336,458953.08,0,coinbase
1711411200,12.185,12.38,11.932,12.21,12.174000000000001,460037.3,0,coinbase
1711497600,12.217,13.04,11.773,12.624,12.479,685531.87,0,coinbase
1711584000,12.621,12.652,12.156,12.29,12.366,465752.16,0,coinbase
1711670400,12.29,12.623,12.05,12.526,12.399666666666667,421259.09,0,coinbase
1711756800,12.522,12.848,12.229,12.265,12.447333333333333,254772.11,0,coinbase
1711843200,12.261,12.4,12.15,12.293,12.281,219216.75,0,coinbase
1711929600,12.29,12.392,11.386,11.634,11.804,399078.54,0,coinbase
1712016000,11.636,11.639,10.818,10.966,11.141,418547.74,0,coinbase
1712102400,10.967,11.241,10.652,10.826,10.906333333333334,327176.92,0,coinbase
1712188800,10.826,11.3,10.662,11.019,10.993666666666668,283816.31,0,coinbase
1712275200,11.017,11.06,10.646,10.901,10.869,278365.44,0,coinbase
1712361600,10.897,11.182,10.847,11.105,11.044666666666666,114459.17,0,coinbase
1712448000,11.103,11.237,10.934,11.077,11.082666666666666,229934.71,0,coinbase
1712534400,11.077,11.411,10.91,11.298,11.206333333333333,359585.0,0,coinbase
1712620800,11.301,11.32,10.764,10.834,10.972666666666667,318946.12,0,coinbase
1712707200,10.833,10.877,10.339,10.816,10.677333333333335,384702.01,0,coinbase
1712793600,10.817,10.945,10.585,10.758,10.762666666666666,238038.67,0,coinbase
1712880000,10.757,10.896,8.75,9.383,9.676333333333334,911586.62,0,coinbase
1712966400,9.374,9.374,7.271,8.094,8.246333333333332,877600.85,0,coinbase
1713052800,8.082,8.545,7.781,8.343,8.223,652689.14,0,coinbase
1713139200,8.336,8.743,7.869,8.136,8.249333333333334,598172.19,0,coinbase
1713225600,8.132,8.252,7.785,8.174,8.070333333333332,381455.8,0,coinbase
1713312000,8.169,8.283,7.793,8.044,8.040000000000001,341814.02,0,coinbase
1713398400,8.043,8.327,7.877,8.202,8.135333333333334,321510.67,0,coinbase
1713484800,8.202,8.371,7.605,8.151,8.042333333333334,547108.97,0,coinbase
1713571200,8.155,8.698,8.105,8.683,8.495333333333333,217380.17,0,coinbase
1713657600,8.679,8.821,8.492,8.755,8.689333333333336,223971.56,0,coinbase
1713744000,8.757,9.026,8.67,8.92,8.872,302288.25,0,coinbase
1713830400,8.919,9.208,8.667,8.696,8.857,312991.52,0,coinbase
1713916800,8.702,8.884,8.319,8.403,8.535333333333334,210503.21,0,coinbase
1714003200,8.403,8.499,8.208,8.321,8.342666666666666,213454.25,0,coinbase
1714089600,8.321,8.397,8.13,8.297,8.274666666666667,213977.76,0,coinbase
1714176000,8.302,8.473,7.99,8.395,8.286,236960.67,0,coinbase
1714262400,8.394,8.517,8.156,8.2,8.291,211170.18,0,coinbase
1714348800,8.194,8.253,7.928,8.151,8.110666666666667,305140.64,0,coinbase
1714435200,8.148,8.58,7.635,8.441,8.218666666666666,504649.75,0,coinbase
1714521600,8.437,8.794,8.066,8.732,8.530666666666667,815634.49,0,coinbase
1714608000,8.729,9.064,8.579,8.643,8.762,482793.67,0,coinbase
1714694400,8.65,8.917,8.539,8.763,8.739666666666666,292644.79,0,coinbase
1714780800,8.766,8.839,8.649,8.691,8.726333333333335,193935.29,0,coinbase
1714867200,8.691,9.407,8.61,9.331,9.116,264591.79,0,coinbase
1714953600,9.332,9.51,9.18,9.208,9.299333333333331,317611.32,0,coinbase
1715040000,9.208,9.391,8.927,8.939,9.085666666666667,299636.08,0,coinbase
1715126400,8.937,9.334,8.847,9.082,9.087666666666665,249886.9,0,coinbase
1715212800,9.086,9.3,8.831,9.124,9.085,312199.53,0,coinbase
1715299200,9.122,9.17,8.611,8.641,8.807333333333332,199016.39,0,coinbase
1715385600,8.642,8.758,8.49,8.504,8.583999999999998,120867.01,0,coinbase
1715472000,8.501,8.662,8.463,8.479,8.534666666666666,90898.16,0,coinbase
1715558400,8.472,8.675,8.263,8.396,8.444666666666668,189325.6,0,coinbase
1715644800,8.383,8.448,8.109,8.125,8.227333333333334,179006.79,0,coinbase
1715731200,8.129,8.536,7.99,8.439,8.321666666666667,431951.64,0,coinbase
1715817600,8.433,8.54,8.266,8.534,8.446666666666665,258029.61,0,coinbase
1715904000,8.534,8.775,8.452,8.656,8.627666666666668,346637.15,0,coinbase
1715990400,8.659,8.736,8.551,8.605,8.630666666666666,172021.5,0,coinbase
1716076800,8.604,8.606,8.163,8.208,8.325666666666665,176357.17,0,coinbase
1716163200,8.206,8.966,8.111,8.918,8.665,382710.55,0,coinbase
1716249600,8.922,9.043,8.698,8.781,8.840666666666666,290984.06,0,coinbase
1716336000,8.786,8.827,8.453,8.559,8.613,317270.26,0,coinbase
1716422400,8.556,8.638,8.009,8.359,8.335333333333333,432206.75,0,coinbase
1716508800,8.355,8.485,8.196,8.457,8.379333333333333,167498.97,0,coinbase
1716595200,8.453,8.543,8.397,8.493,8.477666666666666,133536.94,0,coinbase
1716681600,8.485,8.513,8.312,8.399,8.408,98660.2,0,coinbase
1716768000,8.399,8.725,8.387,8.691,8.601,211638.78,0,coinbase
1716854400,8.688,8.83,8.453,8.714,8.665666666666667,204391.5,0,coinbase
1716940800,8.721,8.9,8.61,8.624,8.711333333333334,247036.76,0,coinbase
1717027200,8.624,8.716,8.39,8.541,8.549000000000001,164533.49,0,coinbase
1717113600,8.54,8.54,8.234,8.291,8.355,163772.91,0,coinbase
1717200000,8.295,8.371,8.249,8.317,8.312333333333333,91959.23,0,coinbase
1717286400,8.317,8.392,8.168,8.292,8.283999999999999,140893.99,0,coinbase
1717372800,8.292,8.5,8.237,8.337,8.358,161642.15,0,coinbase
1717459200,8.336,8.546,8.29,8.537,8.457666666666666,145953.11,0,coinbase
1717545600,8.54,8.737,8.497,8.691,8.641666666666667,138486.98,0,coinbase
1717632000,8.699,8.808,8.568,8.616,8.664,182428.33,0,coinbase
1717718400,8.615,8.7,7.51,8.1,8.103333333333333,494401.21,0,coinbase
1717804800,8.098,8.117,7.712,7.757,7.861999999999999,344145.14,0,coinbase
1717891200,7.754,7.948,7.726,7.883,7.852333333333333,149220.51,0,coinbase
1717977600,7.883,7.927,7.716,7.849,7.830666666666667,183849.38,0,coinbase
1718064000,7.857,7.857,7.371,7.52,7.582666666666667,262250.77,0,coinbase
1718150400,7.516,7.889,7.405,7.774,7.689333333333334,165054.75,0,coinbase
1718236800,7.771,7.797,7.368,7.441,7.535333333333333,146868.89,0,coinbase
1718323200,7.443,7.498,6.964,7.112,7.191333333333333,285674.66,0,coinbase
1718409600,7.113,7.211,7.088,7.142,7.146999999999999,110336.72,0,coinbase
1718496000,7.143,7.244,7.048,7.216,7.169333333333333,104270.37,0,coinbase
1718582400,7.22,7.239,6.767,6.996,7.0006666666666675,297530.25,0,coinbase
1718668800,6.996,7.019,6.26,6.686,6.655,405867.59,0,coinbase
1718755200,6.686,6.96,6.636,6.893,6.829666666666667,197442.58,0,coinbase
1718841600,6.896,7.113,6.815,6.837,6.921666666666667,156287.83,0,coinbase
1718928000,6.837,6.926,6.752,6.785,6.821000000000001,170767.31,0,coinbase
1719014400,6.782,6.805,6.711,6.743,6.753,85312.89,0,coinbase
1719100800,6.741,6.843,6.616,6.691,6.716666666666666,108260.17,0,coinbase
1719187200,6.688,6.856,6.4,6.836,6.697333333333333,307366.57,0,coinbase
1719273600,6.834,7.046,6.821,6.942,6.936333333333334,208613.55,0,coinbase
1719360000,6.937,6.978,6.738,6.79,6.835333333333334,176116.69,0,coinbase
1719446400,6.787,7.102,6.713,6.956,6.923666666666667,212453.83,0,coinbase
1719532800,6.952,7.015,6.708,6.716,6.813,295277.76,0,coinbase
1719619200,6.714,6.876,6.576,6.594,6.6819999999999995,258722.87,0,coinbase
1719705600,6.593,6.74,6.541,6.726,6.6690000000000005,123731.35,0,coinbase
1719792000,6.727,6.843,6.68,6.806,6.7763333333333335,188655.76,0,coinbase
1719878400,6.805,6.966,6.776,6.8,6.847333333333334,264835.59,0,coinbase
1719964800,6.803,6.853,6.276,6.372,6.500333333333333,301158.72,0,coinbase
1720051200,6.376,6.394,5.985,5.992,6.123666666666668,352441.02,0,coinbase
1720137600,5.991,5.994,5.055,5.705,5.584666666666666,628747.28,0,coinbase
1720224000,5.705,6.167,5.676,6.077,5.973333333333334,225784.14,0,coinbase
1720310400,6.074,6.101,5.765,5.792,5.886,166842.22,0,coinbase
1720396800,5.796,6.225,5.587,5.831,5.881,309869.64,0,coinbase
1720483200,5.825,5.975,5.777,5.94,5.897333333333333,188923.77,0,coinbase
1720569600,5.936,6.078,5.843,6.039,5.986666666666667,223551.45,0,coinbase
1720656000,6.042,6.17,5.921,5.937,6.009333333333334,176340.33,0,coinbase
1720742400,5.937,6.158,5.869,6.153,6.06,138144.2,0,coinbase
1720828800,6.157,6.273,6.124,6.208,6.201666666666665,104452.2,0,coinbase
1720915200,6.207,6.273,6.1,6.229,6.200666666666667,100546.3,0,coinbase
1721001600,6.233,6.515,6.221,6.508,6.414666666666666,221597.37,0,coinbase
1721088000,6.505,6.653,6.26,6.615,6.509333333333333,310206.28,0,coinbase
1721174400,6.616,6.802,6.477,6.48,6.586333333333333,228025.37,0,coinbase
1721260800,6.483,6.581,6.239,6.308,6.376,349842.54,0,coinbase
1721347200,6.31,6.561,6.184,6.504,6.416333333333334,181012.91,0,coinbase
1721433600,6.504,6.59,6.435,6.523,6.515999999999999,122906.87,0,coinbase
1721520000,6.524,6.55,6.219,6.535,6.434666666666668,190403.38,0,coinbase
1721606400,6.535,6.579,6.24,6.272,6.363666666666667,330582.87,0,coinbase
1721692800,6.268,6.33,6.07,6.172,6.190666666666666,206398.94,0,coinbase
1721779200,6.164,6.304,5.983,6.027,6.104666666666667,178050.96,0,coinbase
1721865600,6.025,6.045,5.695,5.923,5.887666666666667,311621.73,0,coinbase
1721952000,5.922,6.193,5.911,6.172,6.092,219999.15,0,coinbase
1722038400,6.172,6.385,6.13,6.342,6.285666666666667,210582.21,0,coinbase
1722124800,6.342,6.395,6.181,6.22,6.265333333333333,129834.51,0,coinbase
1722211200,6.221,6.374,6.1,6.109,6.194333333333333,194451.01,0,coinbase
1722297600,6.106,6.192,5.947,6.0,6.046333333333333,126206.76,0,coinbase
1722384000,6.004,6.081,5.779,5.804,5.888000000000001,235692.1,0,coinbase
1722470400,5.804,5.867,5.485,5.777,5.709666666666667,309525.91,0,coinbase
1722556800,5.775,5.803,5.217,5.354,5.457999999999999,305211.69,0,coinbase
1722643200,5.353,5.412,5.001,5.125,5.179333333333333,348848.83,0,coinbase
1722729600,5.126,5.214,4.808,5.048,5.023333333333333,429583.59,0,coinbase
1722816000,5.057,5.097,4.056,4.642,4.598333333333334,985051.02,0,coinbase
1722902400,4.642,4.976,4.641,4.909,4.842,239505.65,0,coinbase
1722988800,4.904,5.05,4.739,4.838,4.875666666666667,282456.73,0,coinbase
1723075200,4.838,5.18,4.743,5.15,5.024333333333334,597335.69,0,coinbase
1723161600,5.145,5.145,4.936,5.087,5.056,262399.19,0,coinbase
1723248000,5.085,5.25,5.02,5.209,5.159666666666666,313908.7,0,coinbase
1723334400,5.209,5.245,4.87,4.902,5.0056666666666665,516385.83,0,coinbase
1723420800,4.909,5.158,4.9,5.077,5.045,239919.82,0,coinbase
1723507200,5.076,5.082,4.896,5.008,4.995333333333334,153597.3,0,coinbase
1723593600,5.008,5.011,4.726,4.773,4.836666666666667,225079.73,0,coinbase
1723680000,4.772,4.81,4.47,4.512,4.597333333333332,253110.85,0,coinbase
1723766400,4.508,4.611,4.43,4.557,4.532666666666667,156654.85,0,coinbase
1723852800,4.554,4.669,4.528,4.614,4.603666666666666,81277.6,0,coinbase
1723939200,4.613,4.715,4.558,4.567,4.613333333333333,151576.27,0,coinbase
1724025600,4.557,4.643,4.51,4.636,4.596333333333333,158932.08,0,coinbase
1724112000,4.636,4.836,4.624,4.788,4.749333333333333,227865.81,0,coinbase
1724198400,4.79,4.824,4.618,4.747,4.729666666666667,221476.84,0,coinbase
1724284800,4.753,4.795,4.656,4.695,4.715333333333334,201038.27,0,coinbase
1724371200,4.695,5.15,4.692,5.119,4.987,326460.31,0,coinbase
1724457600,5.118,5.819,5.11,5.64,5.523,207006.89,0,coinbase
1724544000,5.633,5.706,5.012,5.09,5.269333333333333,316747.6,0,coinbase
1724630400,5.09,5.251,4.89,4.905,5.015333333333333,238758.35,0,coinbase
1724716800,4.9,5.029,4.503,4.593,4.708333333333333,534390.32,0,coinbase
1724803200,4.595,4.789,4.447,4.602,4.612666666666667,504943.5,0,coinbase
1724889600,4.6,4.74,4.52,4.611,4.623666666666666,212807.74,0,coinbase
1724976000,4.602,4.676,4.441,4.644,4.587000000000001,232202.69,0,coinbase
1725062400,4.647,4.699,4.51,4.561,4.59,126029.45,0,coinbase
1725148800,4.558,4.562,4.265,4.301,4.376,194759.46,0,coinbase
1725235200,4.296,4.478,4.284,4.437,4.3996666666666675,190408.22,0,coinbase
1725321600,4.437,4.509,4.1,4.107,4.238666666666667,384870.01,0,coinbase
1725408000,4.105,4.139,3.898,4.073,4.036666666666667,640091.13,0,coinbase
1725494400,4.074,4.102,3.862,3.905,3.9563333333333333,566158.43,0,coinbase
1725580800,3.905,3.973,3.615,3.714,3.767333333333333,630142.68,0,coinbase
1725667200,3.717,3.781,3.636,3.669,3.6953333333333336,502752.44,0,coinbase
1725753600,3.671,3.835,3.658,3.807,3.766666666666667,335232.14,0,coinbase
1725840000,3.808,4.11,3.807,4.093,4.003333333333333,305033.69,0,coinbase
1725926400,4.092,4.174,4.039,4.132,4.115,197021.78,0,coinbase
1726012800,4.132,4.212,4.013,4.16,4.128333333333333,268713.24,0,coinbase
1726099200,4.163,4.189,4.058,4.145,4.1306666666666665,239445.29,0,coinbase
1726185600,4.147,4.259,4.124,4.209,4.197333333333333,357328.38,0,coinbase
1726272000,4.21,4.349,4.148,4.245,4.247333333333334,193823.95,0,coinbase
1726358400,4.243,4.256,4.024,4.057,4.112333333333334,247555.05,0,coinbase
1726444800,4.057,4.063,3.916,3.972,3.9836666666666662,264514.38,0,coinbase
1726531200,3.969,4.241,3.939,4.192,4.124,218414.59,0,coinbase
1726617600,4.191,4.375,4.099,4.373,4.282333333333334,431237.11,0,coinbase
1726704000,4.374,4.617,4.373,4.505,4.498333333333334,355145.35,0,coinbase
1726790400,4.512,4.59,4.436,4.528,4.518,274980.84,0,coinbase
1726876800,4.526,4.73,4.462,4.72,4.637333333333333,191437.4,0,coinbase
1726963200,4.721,4.725,4.483,4.595,4.600999999999999,167240.22,0,coinbase
1727049600,4.595,4.73,4.504,4.582,4.605333333333333,276071.22,0,coinbase
1727136000,4.581,4.848,4.495,4.818,4.7203333333333335,297089.83,0,coinbase
1727222400,4.82,4.967,4.741,4.783,4.830333333333333,278806.83,0,coinbase
1727308800,4.785,5.096,4.697,5.005,4.932666666666666,390552.59,0,coinbase
1727395200,5.006,5.194,5.001,5.144,5.113,266747.97,0,coinbase
1727481600,5.143,5.163,4.933,5.017,5.0376666666666665,154073.26,0,coinbase
1727568000,5.017,5.191,4.952,5.029,5.057333333333333,181535.94,0,coinbase
1727654400,5.036,5.059,4.684,4.725,4.822666666666667,286020.95,0,coinbase
1727740800,4.727,4.903,4.245,4.44,4.529333333333334,384307.19,0,coinbase
1727827200,4.438,4.58,4.347,4.432,4.453,259734.51,0,coinbase
1727913600,4.433,4.505,4.224,4.384,4.3709999999999996,315775.85,0,coinbase
1728000000,4.382,4.628,4.359,4.621,4.5360000000000005,261062.39,0,coinbase
1728086400,4.62,4.714,4.563,4.631,4.636,150603.54,0,coinbase
1728172800,4.628,4.652,4.55,4.651,4.617666666666667,135457.78,0,coinbase
1728259200,4.65,4.793,4.408,4.419,4.54,352219.32,0,coinbase
1728345600,4.42,4.467,4.308,4.347,4.374,298883.09,0,coinbase
1728432000,4.348,4.388,4.163,4.227,4.259333333333333,288297.67,0,coinbase
1728518400,4.237,4.29,4.039,4.131,4.153333333333333,238951.32,0,coinbase
1728604800,4.129,4.298,4.106,4.275,4.226333333333334,206880.04,0,coinbase
1728691200,4.277,4.39,4.272,4.347,4.336333333333333,135189.71,0,coinbase
1728777600,4.347,4.366,4.218,4.338,4.307333333333333,137283.03,0,coinbase
1728864000,4.341,4.535,4.294,4.516,4.448333333333333,222058.43,0,coinbase
1728950400,4.515,4.588,4.368,4.484,4.4799999999999995,202258.19,0,coinbase
1729036800,4.486,4.515,4.387,4.438,4.446666666666666,176537.58,0,coinbase
1729123200,4.4481,4.4607,4.24,4.2978,4.3481,34945.65625175,452,kraken
1729209600,4.3056,4.393,4.2852,4.3491,4.3327,71232.61927342,666,kraken
1729296000,4.3542,4.4862,4.3531,4.4655,4.4415,55109.41095468,562,kraken
1729382400,4.4733,4.69,4.3981,4.6899,4.569,40566.86269083,756,kraken
1729468800,4.69,5.1151,4.686,4.8985,4.8871,137092.5606476,2132,kraken
1729555200,4.9039,4.9565,4.7045,4.7843,4.802,36042.27422851,860,kraken
1729641600,4.7865,4.8499,4.56,4.618,4.6806,39888.63900945,788,kraken
1729728000,4.6148,4.85,4.5706,4.847,4.7372,32568.50512153,638,kraken
1729814400,4.85,4.8553,4.258,4.4053,4.6095,48014.51661978,931,kraken
1729900800,4.3959,4.5005,4.3017,4.3716,4.392,21835.83928729,431,kraken
1729987200,4.3655,4.4617,4.3163,4.4455,4.3775,13550.68924851,343,kraken
1730073600,4.4532,4.5016,4.2685,4.4562,4.3915,23320.59088162,502,kraken
1730160000,4.4455,4.6008,4.4323,4.5301,4.5113,65351.7204035,721,kraken
1730246400,4.5229,4.5257,4.3737,4.4521,4.4624,56035.6552515,666,kraken
1730332800,4.4663,4.4663,4.1846,4.241,4.3003,32068.69938546,671,kraken
1730419200,4.2325,4.3094,4.1092,4.1646,4.2119,72313.32033187,707,kraken
1730505600,4.1706,4.2097,4.0531,4.0905,4.1223,25041.80071972,312,kraken
1730592000,4.1114,4.1153,3.8767,3.9813,3.9791,41227.84915105,770,kraken
1730678400,3.9775,4.0114,3.8333,3.913,3.9377,24020.92699347,641,kraken
1730764800,3.9121,4.2146,3.9111,4.2065,4.0624,41638.2013552,706,kraken
1730851200,4.2147,4.5429,4.2143,4.5141,4.4181,67880.94297688,1010,kraken
1730937600,4.5154,4.6524,4.4717,4.5298,4.5455,57217.54346149,852,kraken
1731024000,4.549,4.7174,4.4643,4.714,4.603,65008.24215975,945,kraken
1731110400,4.7192,4.8463,4.628,4.7844,4.7456,104479.83516968,1196,kraken
1731196800,4.7967,5.5395,4.7174,5.2764,5.2092,223165.10301184,3404,kraken
1731283200,5.2701,5.6856,5.1712,5.6637,5.3605,214233.53593038,2356,kraken
1731369600,5.6644,5.8357,5.12,5.3161,5.4755,226292.13026751,3266,kraken
1731456000,5.3141,5.362,4.8474,5.1232,5.1152,152203.77720118,2438,kraken
1731542400,5.1287,5.3061,4.8757,4.95,5.074,86191.58458475,1535,kraken
1731628800,4.951,5.3069,4.8307,5.259,5.13,153628.5205562,2028,kraken
1731715200,5.2638,6.2132,5.2463,6.1221,5.9093,572986.25221111,5505,kraken
1731801600,6.1227,6.6569,5.5874,5.6909,6.1704,358022.92934472,7290,kraken
1731888000,5.6778,6.6,5.6745,6.4746,6.268,307110.49280798,5892,kraken
1731974400,6.4576,6.8468,6.15,6.2703,6.3457,512459.29060549,5976,kraken
1732060800,6.2704,6.6413,6.0875,6.2139,6.3071,135642.97354474,3731,kraken
1732147200,6.1918,6.5017,6.0102,6.4276,6.306,181119.19294621,3541,kraken
1732233600,6.4255,7.6308,6.3405,7.5527,7.134,312715.49742042,5869,kraken
1732320000,7.5533,8.8978,7.4577,8.232,8.0961,613018.17361351,11286,kraken
1732406400,8.2038,9.5763,8.075,8.7684,8.801,518209.24809832,11464,kraken
1732492800,8.7473,8.8395,7.7706,7.9234,8.3041,275382.11325123,4661,kraken
1732579200,7.9314,8.1439,7.5,8.0138,7.895,228676.48117196,3283,kraken
1732665600,7.9922,8.3872,7.8,8.3276,8.184,103322.00674647,2291,kraken
1732752000,8.3399,8.4,7.8942,8.2421,8.1532,162782.7279488,2050,kraken
1732838400,8.2148,8.8,8.0573,8.7573,8.4554,118461.03964871,2218,kraken
1732924800,8.7592,8.8499,8.4045,8.5749,8.6408,122516.99377329,2197,kraken
1733011200,8.5711,9.0444,8.3155,8.9223,8.7287,222034.82796631,2602,kraken
1733097600,8.9077,9.5708,8.34,9.5708,9.0383,335910.7006363,7445,kraken
1733184000,9.5708,10.0212,8.8964,9.5816,9.553,359854.95991564,7824,kraken
1733270400,9.5876,10.6722,9.4571,9.9465,10.1006,343908.68859209,6556,kraken
1733356800,9.9265,10.0763,9.3488,9.5883,9.7849,333244.33657812,6106,kraken
1733443200,9.5733,10.5925,9.5075,10.4202,10.0001,175003.55451781,3952,kraken
1733529600,10.4062,10.5689,10.0234,10.1817,10.2922,102823.1793029,1743,kraken
1733616000,10.1799,10.4321,9.8479,10.1248,10.1022,86613.68570919,1903,kraken
1733702400,10.1282,10.1347,7.5,8.4021,8.8433,245875.27814816,5402,kraken
1733788800,8.4021,8.5426,7.2575,7.9421,7.9537,251423.75639806,6225,kraken
1733875200,7.9524,8.9293,7.6005,8.8375,8.0718,228562.85031977,3102,kraken
1733961600,8.8297,9.2928,8.6217,8.9487,8.96,202920.5947436,4519,kraken
1734048000,8.9479,9.2648,8.75,9.2001,9.013,242100.69254796,3988,kraken
1734134400,9.1985,9.3476,8.6624,8.9631,8.9809,95185.83598851,2052,kraken
1734220800,8.9658,9.2932,8.6935,9.0914,9.0066,91769.0431807,1840,kraken
1734307200,9.1065,9.2911,8.6306,8.893,8.951,115954.75313776,1876,kraken
1734393600,8.8849,8.9732,8.4009,8.5397,8.6658,89451.12922414,2168,kraken
1734480000,8.5369,8.6609,7.6036,7.6541,8.1114,131505.85103902,3527,kraken
1734566400,7.6463,7.6989,6.611,6.8133,7.2722,222499.712462,3892,kraken
1734652800,6.8115,7.0833,5.8235,6.9126,6.5219,168479.0175122,2702,kraken
1734739200,6.9119,7.3425,6.4388,6.5008,6.7467,202276.50134576,1937,kraken
1734825600,6.5162,6.7189,6.2437,6.4004,6.5301,173394.98943189,1504,kraken
1734912000,6.3959,7.0775,6.2387,6.9249,6.585,132191.27776604,2052,kraken
1734998400,6.9463,7.1915,6.715,7.0379,6.8709,129602.96815345,1484,kraken
1735084800,7.0401,7.1118,6.8293,6.9381,6.9277,83259.10949728,969,kraken
1735171200,6.9353,7.0077,6.4252,6.4843,6.6908,65836.0674625,926,kraken
1735257600,6.4817,6.7911,6.4075,6.4538,6.5383,67914.30143742,859,kraken
1735344000,6.4577,6.6622,6.3829,6.6007,6.5067,34178.69015117,676,kraken
1735430400,6.6,6.6351,6.2348,6.2879,6.4936,92811.69431215,889,kraken
1735516800,6.2899,6.5541,6.1142,6.3411,6.3559,73215.8540154,1066,kraken
1735603200,6.3372,6.5016,6.1662,6.1857,6.3011,63242.78662838,1087,kraken
1735689600,6.1666,6.6323,6.0431,6.5292,6.309,98384.75518824,1380,kraken
1735776000,6.5351,6.7828,6.5351,6.6936,6.6647,96140.7608509,1745,kraken
1735862400,6.6983,7.453,6.6725,7.4205,7.0816,124293.6804649,1778,kraken
1735948800,7.4468,7.4652,7.2447,7.2924,7.3392,25381.64403242,875,kraken
1736035200,7.296,7.3708,7.1437,7.3424,7.2764,129242.18633073,1403,kraken
1736121600,7.3526,7.65,7.2103,7.4385,7.5198,231112.24507754,2159,kraken
1736208000,7.4287,7.7575,6.772,6.78,7.1059,500538.68613213,3732,kraken
1736294400,6.7763,6.8637,6.1666,6.4636,6.4659,129829.83029827,3624,kraken
1736380800,6.4582,6.5913,6.2464,6.3905,6.426,52570.634274,3157,kraken
1736467200,6.391,6.6674,6.3723,6.6468,6.5332,93380.89610823,3030,kraken
1736553600,6.6507,6.7403,6.5133,6.609,6.6096,122784.10572898,1247,kraken
1736640000,6.6319,6.6906,6.3622,6.4598,6.5888,75063.62420406,816,kraken
1736726400,6.4563,6.6955,5.8954,6.2821,6.216,104940.39578989,2236,kraken
1736812800,6.28,6.3149,6.0586,6.2762,6.2104,87670.94336463,1110,kraken
1736899200,6.2712,6.6816,6.1499,6.6734,6.4282,105497.21070894,1439,kraken
1736985600,6.6792,6.7821,6.4318,6.5894,6.6118,125119.31427085,1538,kraken
1737072000,6.604,7.2918,6.604,7.0608,6.9536,217708.12553277,2048,kraken
1737158400,7.0772,7.1628,6.4506,6.5928,6.8807,190482.92234386,2279,kraken
1737244800,6.5784,6.7562,5.7737,5.8917,6.2475,217296.16157829,3031,kraken
1737331200,5.8911,6.5149,5.6882,6.0639,6.0947,125547.9676307,2541,kraken
1737417600,6.0676,6.346,5.8348,6.2398,6.0348,80539.3096196,1085,kraken
1737504000,6.2638,6.3217,6.1113,6.2065,6.2171,53968.47931204,646,kraken
1737590400,6.1842,6.21,5.861,6.115,6.0419,35489.87013014,819,kraken
1737676800,6.115,6.4166,5.9592,6.2133,6.2973,137295.37928992,1243,kraken
1737763200,6.2115,6.2895,6.1348,6.1874,6.1951,89011.33978916,748,kraken
1737849600,6.194,6.4079,6.0866,6.0866,6.2627,87389.62254166,976,kraken
1737936000,6.0786,6.1176,5.5392,5.9875,5.8352,185826.26906289,2235,kraken
1738022400,5.99,6.06,5.6131,5.6759,5.8875,128596.62512828,1367,kraken
1738108800,5.665,5.975,5.6647,5.8292,5.8284,71552.29020673,1336,kraken
1738195200,5.8241,6.2706,5.7797,6.2144,6.135,104496.44858898,1528,kraken
1738281600,6.2253,6.4137,6.1191,6.2238,6.2696,81912.42999439,1172,kraken
1738368000,6.2429,6.4115,5.8266,5.8292,6.1476,52568.80895768,877,kraken
1738454400,5.8183,5.9367,4.6448,4.8807,5.3494,244457.77653215,2820,kraken
1738540800,4.8807,4.9674,3.6402,4.9275,4.336,615360.0035969,5136,kraken
1738627200,4.9327,4.977,4.409,4.6954,4.6447,391857.24684532,3266,kraken
1738713600,4.6815,4.8404,4.6354,4.6791,4.7239,109772.19128358,1608,kraken
1738800000,4.6782,4.7296,4.3587,4.4067,4.5512,95037.32887831,2192,kraken
1738886400,4.4076,4.6731,4.2611,4.3698,4.4499,116603.99375791,1593,kraken
1738972800,4.3712,4.5856,4.3257,4.5717,4.4419,69794.26159269,1328,kraken
1739059200,4.5639,4.7824,4.3981,4.5784,4.6436,38401.44389843,1130,kraken
1739145600,4.5713,4.8363,4.4432,4.8145,4.7028,104825.51830442,1662,kraken
1739232000,4.8167,4.9798,4.6381,4.7052,4.8095,130090.68627484,1527,kraken
1739318400,4.7,5.0999,4.5405,5.072,4.8083,101739.84965634,1903,kraken
1739404800,5.0742,5.1475,4.9299,4.991,5.0368,151196.74842878,2440,kraken
1739491200,4.9965,5.0843,4.8703,4.9077,4.9726,223486.86147915,2063,kraken
1739577600,4.9177,5.0401,4.7936,4.837,4.9229,61299.7028305,1258,kraken
1739664000,4.8307,4.8701,4.731,4.7637,4.7975,28916.28274784,1102,kraken
1739750400,4.7654,4.9377,4.7069,4.8136,4.828,54801.40187147,1534,kraken
1739836800,4.8114,4.8908,4.4486,4.5698,4.6621,113548.56839672,1642,kraken
1739923200,4.5734,4.7025,4.4926,4.6746,4.6429,26122.8931001,472,kraken
1740009600,4.6863,4.9714,4.6707,4.9209,4.8637,57775.40646992,903,kraken
1740096000,4.921,5.0784,4.6794,4.7654,4.9171,92479.03737185,933,kraken
1740182400,4.7479,5.0233,4.7479,4.9622,4.8543,89160.09679871,1264,kraken
1740268800,4.9654,5.01,4.8278,4.8782,4.9271,68965.85161402,748,kraken
1740355200,4.8796,4.8958,4.2615,4.35,4.5852,106760.56582891,1151,kraken
1740441600,4.3685,4.5384,4.1129,4.4539,4.2887,109697.83341645,2162,kraken
1740528000,4.4615,4.6856,4.4142,4.5997,4.5269,87804.51712642,1669,kraken
1740614400,4.6027,4.7748,4.4762,4.5619,4.6087,86278.7694139,1306,kraken
1740700800,4.5619,4.6622,4.2068,4.6369,4.3743,224807.67256477,1820,kraken
1740787200,4.6311,4.6495,4.4194,4.4902,4.5178,55840.58757778,1052,kraken
1740873600,4.4886,4.93,4.4101,4.9045,4.7687,127122.84772827,1631,kraken
1740960000,4.9103,4.9431,4.1487,4.2199,4.5239,39912.19216897,1607,kraken
1741046400,4.2047,4.2497,3.8893,4.1611,4.0889,68851.9717148,2004,kraken
1741132800,4.1466,4.3513,4.1035,4.3337,4.2388,45992.60481135,1319,kraken
1741219200,4.3349,4.4302,4.2348,4.2585,4.3622,55835.49718197,1341,kraken
1741305600,4.259,4.4384,4.0732,4.257,4.2887,49473.50204948,1562,kraken
1741392000,4.25,4.2742,4.075,4.1065,4.1636,78405.76034416,1038,kraken
1741478400,4.1125,4.1277,3.7472,3.8054,3.8878,71217.9040438,1807,kraken
1741564800,3.8097,4.4,3.5755,3.579,3.7936,287096.91815667,2845,kraken
1741651200,3.5783,3.9873,3.3913,3.8767,3.6779,224805.94170188,2290,kraken
1741737600,3.8905,3.969,3.7581,3.8903,3.8408,63250.39968348,979,kraken
1741824000,3.8957,3.9598,3.7901,3.9031,3.8957,97841.79684455,1510,kraken
1741910400,3.9072,4.3128,3.9031,4.2812,4.0968,76575.24849122,1215,kraken
1741996800,4.2925,4.7198,4.2337,4.6456,4.5285,134383.14563857,2094,kraken
1742083200,4.6531,4.75,4.5068,4.6279,4.6174,95801.27133974,1208,kraken
1742169600,4.6273,4.7313,4.531,4.6307,4.632,68936.03858883,1451,kraken
1742256000,4.6406,4.8239,4.53,4.7349,4.6812,123841.00081798,2609,kraken
1742342400,4.7442,4.762,4.5829,4.7477,4.682,75066.50783792,1365,kraken
1742428800,4.7571,4.8445,4.6086,4.6792,4.7312,194904.87661225,2437,kraken
1742515200,4.6867,4.7178,4.4747,4.5909,4.587,98433.78066039,1274,kraken
1742601600,4.5887,5.0488,4.5887,4.8839,4.8986,138478.64960332,2182,kraken
1742688000,4.8774,4.8956,4.6833,4.795,4.7818,44591.94256453,1349,kraken
1742774400,4.8052,4.9991,4.7579,4.9525,4.8962,100115.58674514,2287,kraken
1742860800,4.952,5.017,4.7932,4.8402,4.8833,48483.98224857,1930,kraken
1742947200,4.8342,4.9839,4.7727,4.8807,4.8883,105145.69904248,2388,kraken
1743033600,4.8898,4.962,4.7357,4.8058,4.8427,63590.22101399,1333,kraken
1743120000,4.8057,4.8173,4.4917,4.5455,4.5994,104604.67204823,1611,kraken
1743206400,4.54,4.5551,4.1737,4.2415,4.4347,135763.12260581,1604,kraken
1743292800,4.2377,4.3924,4.1878,4.3141,4.2854,111841.22085856,1254,kraken
1743379200,4.3156,4.4636,4.18,4.3648,4.3509,63694.28417148,1325,kraken
1743465600,4.3754,4.54,4.3489,4.3795,4.4419,121893.26290705,1579,kraken
1743552000,4.367,4.6014,4.1446,4.2247,4.3723,247748.49852314,2622,kraken
1743638400,4.21,4.7106,4.1972,4.6411,4.3876,252440.38515688,3032,kraken
1743724800,4.6539,5.083,4.6228,4.9873,4.8513,359714.85282644,4322,kraken
1743811200,4.9913,5.0122,4.7204,4.8021,4.883,218831.88187109,2122,kraken
1743897600,4.7915,4.8285,4.38,4.4396,4.5471,172468.77782883,2465,kraken
1743984000,4.4398,4.5777,4.0367,4.3311,4.3385,209930.63441559,2768,kraken
1744070400,4.322,4.4289,4.0985,4.1734,4.2967,150779.81441686,1867,kraken
1744156800,4.1594,4.5813,4.0117,4.5307,4.3282,142337.98940084,1949,kraken
1744243200,4.5351,4.5363,4.2345,4.3379,4.355,63107.3292428,1150,kraken
1744329600,4.3315,4.4127,4.2,4.2451,4.2738,119576.7091528,1826,kraken
1744416000,4.2424,4.3949,4.1641,4.3533,4.2493,106370.56503259,1409,kraken
1744502400,4.3577,4.389,4.0558,4.1491,4.1932,130876.89096717,1613,kraken
1744588800,4.1514,4.2712,4.0628,4.1322,4.1821,71643.80672801,1475,kraken
1744675200,4.1373,4.1815,3.9735,3.9799,4.0886,57625.07277375,1314,kraken
1744761600,3.9783,4.0928,3.9208,4.0216,4.0163,78325.89638527,1626,kraken
1744848000,4.0262,4.1938,3.9941,4.1109,4.0953,106151.9026187,1447,kraken
1744934400,4.1172,4.2231,4.0738,4.1269,4.1647,51238.72907149,1142,kraken
1745020800,4.1212,4.2514,4.1202,4.2124,4.1725,123986.82483466,1329,kraken
1745107200,4.212,4.2632,4.1055,4.1481,4.152,72457.45211831,1027,kraken
1745193600,4.154,4.2948,4.0487,4.063,4.2195,110889.22649598,1804,kraken
1745280000,4.055,4.3382,3.984,4.3122,4.2087,165324.02403667,2124,kraken
1745366400,4.3142,4.4413,4.2796,4.4082,4.3699,92795.07700707,2033,kraken
1745452800,4.4116,4.6173,4.2836,4.5537,4.4895,114235.60980336,2926,kraken
1745539200,4.5526,4.6328,4.4278,4.5421,4.5494,126263.33956239,2305,kraken
1745625600,4.551,4.736,4.5458,4.5948,4.617,60171.28319498,1633,kraken
1745712000,4.5907,4.6206,4.3654,4.3875,4.4543,94644.48764639,1775,kraken
1745798400,4.3903,4.4954,4.2838,4.4617,4.4009,74802.70410096,1779,kraken
1745884800,4.4625,4.5362,4.34,4.3795,4.4685,66036.66659282,1248,kraken
1745971200,4.3783,4.428,4.2201,4.3003,4.3205,88519.39270203,1087,kraken
1746057600,4.2977,4.4839,4.2942,4.4296,4.3951,92318.90011293,978,kraken
1746144000,4.4356,4.5131,4.3319,4.3675,4.4323,78664.29159488,901,kraken
1746230400,4.3703,4.3716,4.1658,4.2183,4.2593,61805.39216813,781,kraken
1746316800,4.2143,4.2475,4.0685,4.0932,4.1475,98665.95751945,973,kraken
1746403200,4.0962,4.2,4.0462,4.0699,4.1066,90580.6441006,988,kraken
1746489600,4.0752,4.1228,3.981,4.1067,4.0451,182092.22635854,1358,kraken
1746576000,4.1077,4.189,4.0875,4.1692,4.133,165844.99051519,1360,kraken
1746662400,4.1689,4.5859,4.1571,4.538,4.3829,179593.98945589,1810,kraken
1746748800,4.54,4.9953,4.5233,4.9474,4.7974,222030.86761817,2232,kraken
1746835200,4.9489,5.3939,4.8617,5.3746,5.1146,153782.03314533,1955,kraken
1746921600,5.3858,5.4187,5.12,5.3059,5.2816,87260.58337236,1494,kraken
1747008000,5.3117,5.4978,5.1128,5.2327,5.3364,155016.73974236,2021,kraken
1747094400,5.2314,5.3677,5.001,5.2799,5.1697,109801.69455198,1483,kraken
1747180800,5.264,5.3451,5.0429,5.0932,5.1416,95143.9746575,1131,kraken
1747267200,5.0929,5.1261,4.7671,4.8653,4.9196,172806.23637145,2769,kraken
1747353600,4.8678,4.9868,4.7829,4.8241,4.9191,94542.01956821,2578,kraken
1747440000,4.8172,4.8221,4.6558,4.7196,4.7305,106420.56570644,1092,kraken
1747526400,4.7178,5.1328,4.6366,4.9655,4.8316,136385.89150049,1710,kraken
1747612800,4.9688,5.0035,4.5826,4.7807,4.7472,100657.09788023,1748,kraken
1747699200,4.7855,4.8857,4.66,4.8486,4.7684,62934.15541168,944,kraken
1747785600,4.852,5.0661,4.7843,4.9803,4.9274,81421.1577387,1979,kraken
1747872000,4.9805,5.2295,4.9754,5.209,5.1096,113882.05917572,1509,kraken
1747958400,5.2207,5.339,4.7725,4.798,5.0689,188664.53002515,2233,kraken
1748044800,4.7955,4.8609,4.6978,4.7161,4.7871,84401.4995255,1184,kraken
1748131200,4.718,4.818,4.5769,4.7927,4.6958,56968.12464245,990,kraken
1748217600,4.7926,4.9495,4.7473,4.7782,4.8531,206678.21014275,1487,kraken
1748304000,4.7809,4.9599,4.6785,4.7611,4.8365,74266.9096924,1074,kraken
1748390400,4.7575,4.8523,4.6458,4.8474,4.7371,90761.5405236,1231,kraken
1748476800,4.8466,4.9172,4.6,4.614,4.7608,130014.43620601,1616,kraken
1748563200,4.6157,4.6364,4.2348,4.3102,4.4313,339250.39564678,2367,kraken
1748649600,4.2934,4.3919,4.1818,4.3472,4.2862,96918.38422743,1189,kraken
1748736000,4.3502,4.3875,4.26,4.3664,4.3326,70680.88866368,895,kraken
1748822400,4.3699,4.4914,4.2587,4.4737,4.3525,46901.47239557,678,kraken
1748908800,4.4719,4.5269,4.3766,4.418,4.4546,35162.2330058,633,kraken
1748995200,4.4194,4.4715,4.2438,4.27,4.3595,66682.27947232,857,kraken
1749081600,4.2713,4.354,4.03,4.0831,4.2516,220272.28901353,2352,kraken
1749168000,4.0838,4.2952,4.0742,4.1766,4.2035,94023.59460711,1571,kraken
1749254400,4.1778,4.3299,4.175,4.3107,4.2878,32424.78202215,778,kraken
1749340800,4.3109,4.3278,4.2079,4.2703,4.2823,32530.8556102,846,kraken
1749427200,4.2706,4.4476,4.2067,4.4418,4.318,75038.64262442,1180,kraken
1749513600,4.4362,4.6258,4.3818,4.5957,4.5043,112088.8666371,1590,kraken
1749600000,4.6022,4.6263,4.4565,4.5081,4.5517,79159.78369374,1207,kraken
1749686400,4.5103,4.5167,4.2143,4.2143,4.3525,86061.0822563,1675,kraken
1749772800,4.217,4.217,4.0087,4.1313,4.0805,111099.92610514,1718,kraken
1749859200,4.1328,4.16,4.0222,4.0872,4.0985,51238.96469496,1043,kraken
1749945600,4.0881,4.1321,4.0095,4.093,4.0832,65942.38979226,1305,kraken
1750032000,4.0938,4.2974,4.0643,4.1341,4.2218,112536.39239876,1830,kraken
1750118400,4.1435,4.1951,3.9721,4.02,4.062,89379.38442902,1450,kraken
1750204800,4.0228,4.075,3.92,4.0153,4.0111,52332.99338387,1486,kraken
1750291200,4.0158,4.0741,3.9583,4.0384,4.0193,40533.23982951,1029,kraken
1750377600,4.0413,4.0823,3.829,3.9312,3.9783,80166.10946231,1524,kraken
1750464000,3.9262,3.989,3.6936,3.7903,3.8441,83114.69009637,1368,kraken
1750550400,3.7991,3.8444,3.5553,3.7197,3.7019,150957.64375431,1977,kraken
1750636800,3.7208,4.0987,3.7111,4.0762,3.8783,97766.8879591,1860,kraken
1750723200,4.0765,4.1412,3.9959,4.0753,4.0487,127454.35329779,1549,kraken
1750809600,4.0793,4.0831,3.9818,4.0017,4.0329,58045.65423458,1112,kraken
1750896000,4.0038,4.0635,3.892,3.892,3.9518,63845.40232336,1116,kraken
1750982400,3.8944,3.9515,3.8484,3.9256,3.8995,87570.95297346,1425,kraken
1751068800,3.9302,4.0309,3.9201,3.9963,3.971,43558.74948995,994,kraken
1751155200,3.9993,4.232,3.9636,4.2034,4.0656,54521.85037382,957,kraken
1751241600,4.2145,4.2364,4.0629,4.0944,4.1178,103766.90067481,1409,kraken
1751328000,4.0983,4.104,3.9165,3.9316,4.0018,63998.62226933,1809,kraken
1751414400,3.9261,4.2538,3.9044,4.1713,4.0685,195810.30126656,1643,kraken
1751500800,4.1762,4.2629,4.1606,4.1858,4.2193,48248.82984308,1144,kraken
1751587200,4.1833,4.2,3.9541,4.0005,4.029,88251.72449423,1175,kraken
1751673600,4.0025,4.0314,3.9465,4.0116,3.9889,27099.57813908,776,kraken
1751760000,4.0136,4.135,3.9784,4.0799,4.0569,65983.07500543,928,kraken
1751846400,4.0812,4.1135,4.0124,4.0478,4.0648,37177.19147234,978,kraken
1751932800,4.0459,4.1746,3.9995,4.1271,4.1109,175135.40531787,2436,kraken
1752019200,4.1283,4.3632,4.0941,4.3146,4.1699,210355.06839369,2940,kraken
1752105600,4.322,4.6243,4.29,4.6185,4.4276,215439.576449,2054,kraken
1752192000,4.6201,4.8,4.5424,4.6472,4.6866,166117.96320983,2876,kraken
1752278400,4.6415,4.727,4.4975,4.5825,4.6115,63487.419183,1928,kraken
1752364800,4.5895,4.7595,4.5678,4.6856,4.6948,85363.55507017,1666,kraken
1752451200,4.6839,4.8535,4.4909,4.558,4.7122,243722.09764799,2849,kraken
1752537600,4.5547,4.7175,4.4341,4.6693,4.5424,139792.20633577,2202,kraken
1752624000,4.6693,4.8796,4.6062,4.7495,4.7361,228900.68090625,2584,kraken
1752710400,4.7515,4.9032,4.64,4.8609,4.7662,210269.76747776,3048,kraken
1752796800,4.861,5.1591,4.7868,4.8574,5.0009,263178.60011532,4351,kraken
1752883200,4.8698,5.05,4.757,5.0186,4.9029,105956.14807585,1798,kraken
1752969600,5.0186,5.2823,4.9884,5.1769,5.1671,166156.30883425,3758,kraken
1753056000,5.177,5.3195,5.0681,5.1889,5.2171,225306.82753167,3046,kraken
1753142400,5.1869,5.2118,4.9241,5.1145,5.043,173634.01616447,3174,kraken
1753228800,5.113,5.1399,4.5576,4.7047,4.8203,171166.34054655,3276,kraken
1753315200,4.701,4.804,4.4659,4.6162,4.6517,173287.14159797,2651,kraken
1753401600,4.6288,4.7368,4.503,4.7113,4.6302,88200.69042233,2053,kraken
1753488000,4.7105,4.8359,4.6709,4.7639,4.7264,194013.66664379,2278,kraken
1753574400,4.7678,4.8909,4.7382,4.8751,4.806,72264.52655906,1600,kraken
1753660800,4.8778,4.9598,4.6106,4.6413,4.8487,573890.50321769,4724,kraken
1753747200,4.6369,4.7707,4.5212,4.6156,4.637,90218.57524851,1709,kraken
1753833600,4.6156,4.6161,4.25,4.4173,4.4251,166649.28838565,2166,kraken
1753920000,4.4179,4.5149,4.1914,4.2089,4.3658,175758.27955163,1879,kraken
1754006400,4.2095,4.2625,4.0383,4.14,4.1734,220849.13504443,3381,kraken
1754092800,4.1406,4.1994,4.0071,4.0922,4.1109,158254.64758339,2078,kraken
1754179200,4.0916,4.284,4.0406,4.275,4.2277,121803.28440534,1693,kraken
1754265600,4.2695,4.3395,4.2331,4.3135,4.2768,145378.71080448,1722,kraken
1754352000,4.3116,4.3158,4.1373,4.2317,4.2243,137393.6166887,1537,kraken
1754438400,4.2301,4.3423,4.1325,4.3208,4.2349,118180.30897514,1308,kraken
1754524800,4.3218,4.4725,4.2915,4.47,4.3743,102181.42295657,1480,kraken
1754611200,4.4732,4.6672,4.3972,4.6065,4.5251,270183.16145444,4641,kraken
1754697600,4.6173,4.79,4.6048,4.727,4.7187,143686.82763132,2090,kraken
1754784000,4.7295,4.8016,4.5731,4.6635,4.6762,95168.1672758,1681,kraken
1754870400,4.6608,4.7714,4.452,4.4907,4.5738,153925.84230616,2845,kraken
1754956800,4.485,4.7916,4.4683,4.7063,4.6329,122201.09326309,2521,kraken
1755043200,4.7062,4.8942,4.6545,4.8635,4.8125,325875.53015127,3569,kraken
1755129600,4.8569,4.9178,4.4401,4.524,4.6206,248263.9784764,3822,kraken
1755216000,4.525,4.6314,4.3349,4.4628,4.4749,176660.12264884,2682,kraken
1755302400,4.4611,4.6044,4.4507,4.5713,4.5224,115253.821987,1703,kraken
1755388800,4.5757,4.7605,4.5482,4.623,4.6507,71423.2082294,1877,kraken
1755475200,4.6275,4.6275,4.383,4.4661,4.4753,173010.15560433,2639,kraken
1755561600,4.4685,4.5124,4.2786,4.2878,4.3611,135540.54529698,2522,kraken
1755648000,4.2899,4.5062,4.2674,4.4733,4.3985,69223.05906952,3047,kraken
1755734400,4.4737,4.5136,4.4019,4.4303,4.4549,90169.4193042,1090,kraken
1755820800,4.4303,4.854,4.2975,4.8233,4.634,147297.283042,2932,kraken
1755907200,4.8242,4.9286,4.6746,4.8866,4.864,150241.80777265,2419,kraken
1755993600,4.8865,4.9672,4.6553,4.7837,4.8045,88436.44449647,3268,kraken
1756080000,4.7871,4.8474,4.3917,4.4129,4.5639,84134.41024335,2546,kraken
1756166400,4.4181,4.5805,4.3903,4.5256,4.4572,93724.45864855,1945,kraken
1756252800,4.5266,4.5955,4.4804,4.4917,4.5538,124665.38610262,1703,kraken
1756339200,4.4872,4.8,4.466,4.7798,4.6352,398242.13201314,2970,kraken
1756425600,4.7826,4.8039,4.4219,4.4806,4.5594,930857.45662881,4566,kraken
1756512000,4.4708,4.553,4.4258,4.5024,4.4966,48519.44725108,1106,kraken
1756598400,4.5024,4.6123,4.4625,4.4625,4.5551,39491.38291297,1119,kraken
1756684800,4.4652,4.598,4.3271,4.3902,4.4464,84486.08889882,1988,kraken
1756771200,4.3942,4.4661,4.3528,4.4283,4.4036,58272.88170478,1411,kraken
1756857600,4.4315,4.5613,4.4067,4.5218,4.4746,327200.02503754,2293,kraken
1756944000,4.5237,4.5373,4.3438,4.386,4.4166,63063.74375211,1439,kraken
1757030400,4.3898,4.5523,4.367,4.4396,4.4238,174611.37351268,1732,kraken
1757116800,4.4458,4.4575,4.3631,4.4098,4.3953,30053.22739488,992,kraken
1757203200,4.4118,4.5063,4.4117,4.4823,4.4497,322693.57401086,1498,kraken
1757289600,4.4894,4.5934,4.4751,4.5396,4.5482,191236.56417386,1706,kraken
1757376000,4.5437,4.6727,4.489,4.5886,4.5819,93906.79166649,1598,kraken
1757462400,4.5887,4.7124,4.563,4.6769,4.6605,115575.78289935,1588,kraken
1757548800,4.6803,4.7033,4.5922,4.6948,4.6645,87038.57840943,1714,kraken
1757635200,4.6941,4.7544,4.6072,4.7503,4.6827,95217.57961532,2044,kraken
1757721600,4.7497,4.8876,4.7419,4.8264,4.8164,124892.55414755,2280,kraken
1757808000,4.8239,4.8295,4.6182,4.6407,4.6939,346196.91885038,2596,kraken
1757894400,4.6379,4.6759,4.4601,4.5134,4.5231,169569.29172819,2593,kraken
1757980800,4.5089,4.5727,4.4244,4.5481,4.4829,108123.67928714,1680,kraken
1758067200,4.5492,4.6388,4.455,4.6086,4.5512,137824.24877273,1826,kraken
1758153600,4.6143,4.7041,4.5593,4.6727,4.6413,209163.89728693,2412,kraken
1758240000,4.6782,4.7475,4.4546,4.4822,4.5412,133233.3000608,2341,kraken
1758326400,4.4722,4.4977,4.4259,4.4555,4.4624,80173.54478987,1721,kraken
1758412800,4.4537,4.5123,4.4031,4.4067,4.4528,79756.79443378,1296,kraken
1758499200,4.4003,4.4205,4.05,4.1607,4.1782,252443.92029521,3556,kraken
1758585600,4.1636,4.2224,4.1048,4.1263,4.166,40946.82165334,1516,kraken
1758672000,4.1274,4.2264,4.0723,4.1546,4.1817,54822.48241368,1683,kraken
1758758400,4.1605,4.162,3.95,4.0105,4.0444,136596.07826852,2674,kraken
1758844800,4.0105,4.1808,3.971,4.1177,4.0787,56503.96453081,1729,kraken
1758931200,4.1181,4.159,4.0594,4.1129,4.0935,102221.23856873,1324,kraken
1759017600,4.1106,4.1875,4.027,4.1844,4.0981,30927.5531831,1232,kraken
1759104000,4.1781,4.183,4.0133,4.1148,4.1009,55295.51603907,1476,kraken
1759190400,4.1092,4.1118,3.9818,4.1017,4.0624,77281.37105407,1233,kraken
1759276800,4.1017,4.2533,4.071,4.1288,4.1488,238475.2411233,2331,kraken
1759363200,4.1356,4.3192,4.1339,4.3192,4.2537,165493.30161155,2057,kraken
1759449600,4.3158,4.3513,4.1973,4.2839,4.2678,84036.80266991,1570,kraken
1759536000,4.2831,4.2949,4.0941,4.1355,4.1718,154608.00446366,1553,kraken
1759622400,4.1364,4.3071,4.1177,4.1501,4.2016,111384.21156106,1675,kraken
1759708800,4.1431,4.3083,4.116,4.2743,4.2285,100415.40163309,1636,kraken
1759795200,4.2773,4.2958,4.045,4.0562,4.1338,116330.369831,2272,kraken
1759881600,4.0578,4.2037,4.017,4.1741,4.1285,110138.61886478,1498,kraken
1759968000,4.1774,4.1848,3.9886,4.06,4.0484,119481.9927721,1777,kraken
1760054400,4.0606,4.1889,3.0,3.119,3.4515,805120.77365199,8972,kraken
1760140800,3.0832,3.2984,2.8744,3.1473,3.0653,564100.1253019,6113,kraken
1760227200,3.1335,3.553,3.0411,3.4866,3.324,238729.12921614,2812,kraken
1760313600,3.4821,3.6657,3.4496,3.65,3.5434,133202.09791143,2759,kraken
1760400000,3.6506,3.6652,3.3005,3.476,3.44,107056.73345052,2349,kraken
1760486400,3.4729,3.5114,3.2824,3.3365,3.3959,81024.16608079,1440,kraken
1760572800,3.3305,3.4203,3.202,3.2522,3.3084,122153.16565765,1945,kraken
1760659200,3.2534,3.3066,3.02,3.1546,3.1539,153413.1416321,2316,kraken
1760745600,3.1503,3.2318,3.1458,3.1836,3.1832,63904.18429997,751,kraken
1760832000,3.1872,3.2872,3.1181,3.2287,3.2424,138300.03823503,3018,kraken
1760918400,3.2303,3.324,3.1826,3.2744,3.2844,53789.25431932,1070,kraken
1761004800,3.2726,3.3737,3.1721,3.19,3.2634,101923.27175682,1463,kraken
1761091200,3.1873,3.2236,3.0361,3.1191,3.1377,85485.08118162,1460,kraken
1761177600,3.1133,3.2307,3.113,3.1838,3.1851,136893.80312236,1374,kraken
1761264000,3.1837,3.225,3.1301,3.1848,3.1714,90932.88664937,1446,kraken
1761350400,3.1873,3.1952,3.1389,3.1523,3.1626,37332.74707025,1025,kraken
1761436800,3.152,3.2802,3.1228,3.2539,3.1882,54030.41461232,1051,kraken
1761523200,3.2496,3.2825,3.1621,3.1791,3.229,69707.12890039,1342,kraken
1761609600,3.1757,3.2122,3.036,3.0999,3.1412,106411.45541366,1593,kraken
1761696000,3.0996,3.1764,3.0409,3.1007,3.1209,96765.03262792,1673,kraken
1761782400,3.1012,3.1519,2.8535,2.9508,2.9548,229129.34300671,2617,kraken
1761868800,2.9411,3.0311,2.9373,2.9597,2.9845,79621.35883592,1607,kraken
1761955200,2.961,3.0367,2.9406,3.0312,2.9707,44105.07331061,733,kraken
1762041600,3.0271,3.0737,2.9548,3.0697,3.0087,97533.91299828,1223,kraken
1762128000,3.0551,3.0626,2.4732,2.506,2.6831,230892.29649749,3864,kraken
1762214400,2.5063,2.6388,2.3482,2.5056,2.4957,386531.87735507,4666,kraken
1762300800,2.5073,2.6823,2.4066,2.6674,2.5987,116067.08669333,1936,kraken
1762387200,2.6639,2.6765,2.5325,2.6486,2.6057,76031.92226914,1479,kraken
1762473600,2.6714,3.1706,2.6647,3.0467,2.9084,501110.62796387,4515,kraken
1762560000,3.0467,3.15,2.8929,2.9532,3.0217,167378.10675844,2087,kraken
1762646400,2.9526,3.0038,2.8391,2.9723,2.915,71231.70897903,1439,kraken
1762732800,2.9613,3.1503,2.952,3.1041,3.042,130908.25698435,1578,kraken
1762819200,3.1109,3.1503,2.938,2.9416,3.0146,126219.2626851,1736,kraken
1762905600,2.9433,3.1112,2.8621,2.8905,2.9837,136418.78068482,1667,kraken
1762992000,2.8914,3.0132,2.7658,2.8683,2.912,503235.24888506,2755,kraken
1763078400,2.8554,2.9098,2.7504,2.7967,2.8534,214466.78150559,2541,kraken
1763164800,2.7975,2.9949,2.7974,2.8507,2.9342,140404.19299052,1586,kraken
1763251200,2.8537,2.8792,2.6943,2.7728,2.7882,122064.06306133,1579,kraken
1763337600,2.7635,2.9096,2.6809,2.6997,2.7926,122527.56789988,2009,kraken
1763424000,2.7007,2.8202,2.6648,2.7547,2.7464,90105.95832589,1427,kraken
1763510400,2.7587,2.7845,2.62,2.7274,2.6958,45313.88068618,1360,kraken
1763596800,2.7294,3.1296,2.7155,2.7303,2.912,243679.78001652,3658,kraken
1763683200,2.7359,2.8228,2.4491,2.5156,2.5889,296079.93931207,3389,kraken
1763769600,2.5124,2.5284,2.4337,2.5095,2.4609,229655.56912697,1748,kraken
1763856000,2.5138,2.5642,2.4842,2.493,2.5236,48829.43684058,1501,kraken
1763942400,2.4938,2.5428,2.3872,2.4998,2.4803,208403.08508231,2212,kraken
1764028800,2.4984,2.5305,2.415,2.4659,2.4624,196421.44914131,1861,kraken
1764115200,2.4676,2.558,2.435,2.5235,2.4971,301567.43911644,1800,kraken
1764201600,2.5228,2.5545,2.5037,2.5209,2.531,50288.48439882,1276,kraken
1764288000,2.5194,2.5429,2.4294,2.44,2.4665,78799.25626715,1580,kraken
1764374400,2.4391,2.4537,2.3943,2.4271,2.4221,84103.94330375,1225,kraken
1764460800,2.4286,2.453,2.3739,2.374,2.4219,34427.41002399,1067,kraken
1764547200,2.3765,2.3812,2.1421,2.2686,2.2513,187526.66364979,2817,kraken
1764633600,2.2698,2.4288,2.2489,2.3658,2.3673,122172.32551089,1783,kraken
1764720000,2.3676,2.4157,2.3127,2.397,2.3659,61205.52755744,1667,kraken
1764806400,2.3953,2.4071,2.285,2.3111,2.3408,84103.67657363,1451,kraken
1764892800,2.3128,2.3336,2.153,2.198,2.2224,121170.03247254,1501,kraken
1764979200,2.1993,2.2788,2.1873,2.2353,2.2274,55798.19993827,970,kraken
1765065600,2.2349,2.2495,2.136,2.177,2.1847,72392.54903846,1305,kraken
1765152000,2.1828,2.2694,2.1729,2.2453,2.2328,57419.91272139,1029,kraken
1765238400,2.2486,2.4175,2.1967,2.3263,2.2891,91640.15818294,1552,kraken
1765324800,2.3296,2.3692,2.2468,2.27,2.2871,115619.76780646,2037,kraken
1765411200,2.2719,2.2719,2.1611,2.1864,2.1915,129310.88701247,2116,kraken
1765497600,2.1874,2.2055,2.0719,2.1411,2.1365,121076.6908642,1987,kraken
1765584000,2.1428,2.1943,2.1396,2.1834,2.1749,86129.90600299,1170,kraken
1765670400,2.1832,2.1911,2.0843,2.103,2.146,119068.95359798,1678,kraken
1765756800,2.1039,2.1618,2.0033,2.0511,2.0913,152813.32813649,2118,kraken
1765843200,2.0501,2.0668,1.9925,1.9997,2.0327,183368.6306547,1670,kraken
1765929600,1.9995,2.0888,1.9216,1.9413,1.9813,175461.87867377,2492,kraken
1766016000,1.9435,1.9717,1.8319,1.8523,1.8975,158772.99241377,2391,kraken
1766102400,1.8525,1.9887,1.8458,1.964,1.9477,235325.4299736,2171,kraken
1766188800,1.9651,2.001,1.9587,1.9817,1.9745,76002.6644027,1155,kraken
1766275200,1.9828,1.9917,1.9071,1.9414,1.9422,63550.54105289,947,kraken
1766361600,1.9463,1.9978,1.9213,1.9483,1.9591,83741.86578398,1062,kraken
1766448000,1.9466,1.9983,1.9169,1.9705,1.956,109965.68257963,1076,kraken
1766534400,1.9773,1.99,1.9155,1.9806,1.9479,62047.53722674,928,kraken
1766620800,1.983,2.0229,1.9541,1.9575,1.9941,92484.36227603,1037,kraken
1766707200,1.9569,2.0564,1.95,2.0453,2.0195,105681.77526437,1511,kraken
1766793600,2.046,2.0955,2.028,2.0813,2.062,119210.17036392,1328,kraken
1766880000,2.0819,2.1079,2.0549,2.0735,2.0803,82478.92787186,1148,kraken
1766966400,2.0729,2.0978,1.9573,1.9633,2.0383,176017.52715577,1773,kraken
1767052800,1.9631,2.0,1.9543,1.965,1.9713,114535.45771351,1273,kraken
1767139200,1.9652,1.9809,1.9052,1.9271,1.9465,166025.53895821,1519,kraken
1767225600,1.9258,2.0758,1.9173,2.0666,1.9668,143025.2092096,1285,kraken
1767312000,2.0703,2.1679,2.0585,2.1655,2.1177,125866.99076245,1700,kraken
1767398400,2.167,2.2594,2.1666,2.2384,2.2112,321788.10050622,2437,kraken
1767484800,2.2388,2.3452,2.2302,2.3398,2.3007,175694.95982193,2591,kraken
1767571200,2.3399,2.39,2.2675,2.3688,2.3493,243671.9755038,3108,kraken
1767657600,2.3678,2.5478,2.3526,2.5296,2.4466,264891.21373054,3553,kraken
1767744000,2.5296,2.5328,2.3924,2.4307,2.4345,185422.72115917,2840,kraken
1767830400,2.432,2.5051,2.3775,2.4592,2.4547,285562.23307815,3327,kraken
1767916800,2.4592,2.6483,2.4088,2.5892,2.5386,360480.71389983,4042,kraken
1768003200,2.5914,2.6763,2.5423,2.5665,2.603,263230.04500425,3732,kraken
1768089600,2.5622,2.6369,2.5467,2.5688,2.5968,169389.95307468,2521,kraken
1768176000,2.5705,2.6487,2.4752,2.4844,2.5645,177013.97853472,2935,kraken
1768262400,2.4842,2.6756,2.4836,2.6333,2.591,202999.24699271,3041,kraken
1768348800,2.6336,2.6963,2.5685,2.5826,2.6348,232330.96178577,3131,kraken
1768435200,2.5827,2.5983,2.443,2.4768,2.5092,162424.99948069,2851,kraken
1768521600,2.4756,2.5075,2.4288,2.4889,2.4718,143710.49207598,3068,kraken
1768608000,2.4923,2.5991,2.4888,2.565,2.5559,163286.01481769,2841,kraken
1768694400,2.5665,2.5919,2.422,2.4253,2.5212,88573.47288541,2753,kraken
1768780800,2.4258,2.4845,2.235,2.4555,2.3488,261667.71068501,5141,kraken
1768867200,2.4571,2.5434,2.2828,2.2945,2.382,236752.89413776,4057,kraken
1768953600,2.2922,2.4486,2.2922,2.381,2.3845,280036.69893631,4417,kraken
1769040000,2.381,2.4368,2.3251,2.3305,2.3715,72512.49138107,2002,kraken
1769126400,2.3337,2.4159,2.328,2.3645,2.3817,132285.17539309,5038,kraken
1769212800,2.3674,2.3831,2.2908,2.3303,2.3328,117656.65390461,1861,kraken
1769299200,2.3313,2.3336,2.2003,2.2346,2.2528,101250.705614,2234,kraken
1769385600,2.2371,2.3124,2.2093,2.2166,2.2426,177798.06784085,2113,kraken
1769472000,2.2201,2.2648,2.18,2.2414,2.2167,132546.65781241,2232,kraken
1769558400,2.2411,2.2975,2.2172,2.2352,2.2492,146573.47468451,1977,kraken
1769644800,2.2334,2.2383,2.0777,2.1257,2.1436,182327.72108345,3091,kraken
1769731200,2.1266,2.1307,2.05,2.1075,2.0895,127764.732316,2707,kraken
1769817600,2.1083,2.111,1.8035,1.9697,1.9566,343228.64687548,4010,kraken
1769904000,1.9692,1.9891,1.8761,1.9082,1.9406,164535.60604127,2768,kraken
1769990400,1.9115,2.0053,1.8634,1.9784,1.9396,132410.73634134,2562,kraken
1770076800,1.98,2.0483,1.8869,2.032,1.9789,263275.51938503,2968,kraken
1770163200,2.0268,2.1033,1.9743,1.9902,2.0297,300271.25162403,3601,kraken
1770249600,1.9902,2.0515,1.77,1.8139,1.9216,633703.14553562,4862,kraken
1770336000,1.8158,2.0134,1.6544,1.9853,1.8443,301350.20028654,3988,kraken
1770422400,1.9846,2.0458,1.9286,1.9892,1.9963,137313.64501087,2362,kraken
1770508800,1.9885,1.998,1.9337,1.9511,1.9705,92833.31954501,1519,kraken
1770595200,1.9493,1.9819,1.9018,1.9591,1.9494,233383.93960831,2098,kraken
1770681600,1.96,1.9713,1.8946,1.9208,1.9257,117769.9376783,1573,kraken
1770768000,1.9234,2.0048,1.8724,1.9429,1.9159,202738.36158497,2381,kraken
1770854400,1.9438,2.0137,1.93,1.9658,1.9738,173242.1527766,2278,kraken
1770940800,1.9684,2.1263,1.9532,2.1214,2.0525,116422.43889264,2218,kraken
1771027200,2.122,2.2189,2.1089,2.1845,2.1579,77140.79786931,1817,kraken
1771113600,2.1832,2.221,2.0972,2.1372,2.1459,100712.74613036,2007,kraken
1771200000,2.1353,2.3198,2.1145,2.2936,2.2193,447912.18130786,3527,kraken
1771286400,2.2947,2.328,2.223,2.2402,2.2768,213844.17747531,2653,kraken
1771372800,2.2414,2.508,2.2135,2.3447,2.3692,535650.40699298,5736,kraken
1771459200,2.3467,2.3641,2.2685,2.2878,2.3198,242660.18821416,3095,kraken
1771545600,2.2906,2.3918,2.2572,2.357,2.3416,267972.52387193,3083,kraken
1771632000,2.3595,2.4123,2.3085,2.3135,2.3678,146474.74362257,2220,kraken
1771718400,2.3138,2.3185,2.2347,2.2511,2.2692,155847.62646917,1770,kraken
1771804800,2.2506,2.2536,2.1136,2.1171,2.1882,429787.06817524,3368,kraken
1771891200,2.1192,2.1465,1.9801,1.9918,2.0496,430066.12032203,3428,kraken
1771977600,1.9916,2.1181,1.9294,1.9425,2.0513,1337341.25155271,7118,kraken
1772064000,1.9417,1.9826,1.8267,1.8805,1.8968,659465.20654722,5438,kraken
1772150400,1.8792,1.94,1.8179,1.8484,1.8905,279790.64481472,3335,kraken
1772236800,1.8473,1.8626,1.7682,1.8498,1.8103,241312.09943198,3036,kraken
1772323200,1.8499,1.8835,1.764,1.7994,1.8456,614658.65063254,3597,kraken
1772409600,1.795,1.8811,1.7858,1.8475,1.8155,310026.47662928,2889,kraken
1772496000,1.8442,1.8535,1.7681,1.8134,1.8062,261897.42913782,2837,kraken
1772582400,1.8142,1.9245,1.8072,1.8812,1.8732,146026.30165568,2533,kraken
1772668800,1.8804,1.8944,1.8248,1.8401,1.8694,178652.82213114,2113,kraken
1772755200,1.8405,1.8542,1.7725,1.8095,1.8177,188313.59426828,2764,kraken
1772841600,1.811,1.8311,1.7787,1.7849,1.8047,75409.05903862,1181,kraken
1772928000,1.7859,1.7874,1.712,1.7389,1.7494,262705.14024222,3224,kraken
1773014400,1.7389,1.7747,1.709,1.7431,1.7463,104645.37760535,2224,kraken
1773100800,1.7455,1.8427,1.7449,1.789,1.7887,171213.58601999,2557,kraken
1773187200,1.79,1.8567,1.7876,1.8404,1.8252,228398.98349862,2106,kraken
1773273600,1.8406,1.8458,1.8078,1.8375,1.8277,103207.44197496,1418,kraken
1773360000,1.8377,1.8986,1.8335,1.8614,1.8626,112049.1503018,1508,kraken
1773446400,1.8597,1.8925,1.8524,1.871,1.8721,94982.86472641,1220,kraken
1773532800,1.8707,1.8746,1.842,1.8619,1.8605,72757.21846602,1184,kraken
1773619200,1.8635,2.0059,1.8582,1.9761,1.9452,216320.43413339,2175,kraken
1773705600,1.9777,1.986,1.9268,1.9606,1.9571,134824.13417141,1845,kraken
1773792000,1.9621,2.0331,1.8697,1.9071,1.9447,176739.09907414,2306,kraken
1773878400,1.9067,1.9275,1.8002,1.8105,1.8546,210520.0564102,2203,kraken
1773964800,1.8143,1.8409,1.7872,1.8307,1.8099,166139.75698571,1783,kraken
1774051200,1.8353,1.8583,1.7882,1.7913,1.8365,66457.61234184,1101,kraken
1774137600,1.7913,1.8158,1.7537,1.7687,1.7825,127249.10262913,1332,kraken
1774224000,1.774,1.8423,1.751,1.7858,1.7801,230982.31148659,1928,kraken
1774310400,1.7889,1.7972,1.7618,1.7863,1.7813,130409.60306593,1485,kraken
1774396800,1.7903,1.8059,1.7584,1.7654,1.7881,111992.31114321,1411,kraken
1774483200,1.7659,1.7659,1.6737,1.6991,1.7097,136584.28831531,2051,kraken
1774569600,1.7001,1.7301,1.656,1.6744,1.6806,152352.11658871,1858,kraken
1774656000,1.6744,1.7001,1.6563,1.6649,1.6791,93508.52592584,1233,kraken
1774742400,1.6659,1.6689,1.6075,1.6461,1.6442,126720.47147488,1392,kraken
1774828800,1.6467,1.7012,1.6421,1.6645,1.6772,102493.74874336,1141,kraken
1774915200,1.6662,1.7118,1.6649,1.7075,1.6887,80373.4105031,1882,kraken
1775001600,1.7071,1.7393,1.6725,1.6769,1.7028,203657.77490325,2225,kraken
1775088000,1.6768,1.6881,1.6134,1.6657,1.6397,193566.06882242,2464,kraken
1775174400,1.669,1.7294,1.667,1.6877,1.7034,167633.00043571,2235,kraken
1775260800,1.6878,1.7196,1.683,1.7133,1.6992,95860.04615549,915,kraken
1775347200,1.7135,1.7251,1.6656,1.6966,1.6883,145686.32584047,1187,kraken
1775433600,1.6975,1.7557,1.6916,1.7028,1.7276,305502.30229122,1741,kraken
1775520000,1.7059,1.8067,1.6743,1.8064,1.7181,241170.56566078,1994,kraken
1775606400,1.8063,1.8075,1.7501,1.7809,1.7865,247017.12805245,1547,kraken
1775692800,1.7815,1.8264,1.7617,1.8014,1.796,261851.88243474,1829,kraken
1775779200,1.8015,1.8456,1.7942,1.8072,1.8216,312876.96921495,1999,kraken
1775865600,1.8072,1.8072,1.7667,1.7794,1.7833,228078.70228085,1580,kraken
1775952000,1.7799,1.7874,1.7209,1.7257,1.7465,115248.27741717,1188,kraken
1776038400,1.7248,1.7878,1.7108,1.7802,1.7351,167325.4491865,1372,kraken
1776124800,1.7843,1.7843,1.7383,1.7461,1.7631,194708.83907565,1292,kraken
1776211200,1.7488,1.7765,1.73,1.7658,1.7555,165396.2608012,1333,kraken
1776297600,1.7641,1.8243,1.757,1.8106,1.7958,161944.54067245,1676,kraken
1776384000,1.8119,1.8666,1.7857,1.8338,1.8246,185090.70008627,1607,kraken
1776470400,1.832,1.8508,1.7755,1.7835,1.8087,135578.18950967,1202,kraken
1776556800,1.7836,1.8003,1.7557,1.7585,1.779,89426.76737655,1207,kraken
1776643200,1.7616,1.8186,1.7598,1.8008,1.7899,72308.46898983,1275,kraken
1776729600,1.8038,1.8453,1.7646,1.844,1.7993,136760.83708165,2010,kraken
1776816000,1.8464,1.9175,1.8446,1.8636,1.8843,673878.45244372,3311,kraken
1776902400,1.8618,1.9159,1.8382,1.914,1.8733,177285.42996101,1827,kraken
1776988800,1.9149,1.9966,1.9091,1.9933,1.9549,184440.73422545,2294,kraken
1777075200,1.993,2.0569,1.993,2.0302,2.0273,139841.01749021,1761,kraken
1777161600,2.0281,2.035,1.9986,2.002,2.0158,59897.43062855,1260,kraken
1777248000,1.9996,2.0243,1.9453,1.9846,1.9836,141552.15233549,2378,kraken
1777334400,1.984,1.99,1.933,1.9547,1.9535,312943.56981486,1838,kraken
1777420800,1.9531,1.9885,1.8961,1.9289,1.9374,102790.43984022,1573,kraken
1777507200,1.9289,1.9392,1.8756,1.8884,1.9036,121473.74286685,1570,kraken
1777593600,1.8867,1.9174,1.8717,1.8972,1.8945,61846.66940712,1393,kraken
1777680000,1.8971,1.9085,1.8641,1.8843,1.8886,79878.62116736,1162,kraken
1777766400,1.8842,1.8959,1.8564,1.8757,1.8784,89284.25941018,1098,kraken
1777852800,1.8751,1.923,1.8615,1.8892,1.8899,165155.63986411,1582,kraken
1777939200,1.8931,1.9224,1.8403,1.8831,1.8924,194132.91572169,1850,kraken
1778025600,1.8823,1.9731,1.8795,1.9018,1.9308,154508.46341091,2510,kraken
1778112000,1.9032,1.9467,1.8721,1.8849,1.9045,155015.06927673,2200,kraken
1778198400,1.8858,1.9594,1.8529,1.9498,1.9025,245976.39316471,2448,kraken
1778284800,1.9515,1.992,1.9293,1.9362,1.9608,70959.85247433,1318,kraken
1778371200,1.9363,2.05,1.8978,2.013,1.993,303932.27140177,3031,kraken
1778457600,2.0141,2.1064,1.9749,2.0457,2.0312,305022.87812549,3161,kraken
1778544000,2.0418,2.1797,1.9811,2.1066,2.0845,513337.18101994,5155,kraken
1778630400,2.1044,2.2342,2.0314,2.0393,2.1171,495652.4254409,4142,kraken
1778716800,2.037,2.0708,1.999,2.0477,2.0284,178832.7106425,1716,kraken
1778803200,2.0449,2.0536,1.9245,1.9286,1.9891,261477.23346738,2232,kraken
1778889600,1.9287,2.0557,1.9086,2.0411,1.9693,407168.48771344,3115,kraken
1778976000,2.0389,2.1419,1.991,2.0337,2.0603,352612.2292446,3254,kraken
1779062400,2.0336,2.0853,1.9869,2.0764,2.0361,276624.57491365,2542,kraken
1779148800,2.0767,2.0893,2.0159,2.0404,2.0546,196882.8769999,1834,kraken
1779235200,2.0381,2.0381,1.9784,1.9883,2.0102,111129.90156733,1482,kraken
1779321600,1.9897,2.0808,1.9887,2.0497,2.0408,231149.16974472,2193,kraken
1779408000,2.0507,2.1872,2.0383,2.0685,2.1343,516432.34359913,3874,kraken
1779494400,2.0681,2.1459,2.0086,2.1055,2.0774,213764.9588881,2219,kraken
1779580800,2.1102,2.1291,1.9995,2.0512,2.0488,335117.73483942,2004,kraken
1779667200,2.0512,2.1866,2.0496,2.1354,2.1342,421170.78547569,2959,kraken
1779753600,2.1342,2.2932,2.118,2.2151,2.2254,699529.28169297,4589,kraken
1779840000,2.2161,2.2598,2.1101,2.1306,2.1767,465709.70834099,4087,kraken
1779926400,2.1269,2.135,2.0043,2.0595,2.0605,408339.11785624,3117,kraken
1780012800,2.0631,2.1019,1.9681,2.015,2.0272,211075.35468149,2244,kraken
1780099200,2.0146,2.0664,2.0075,2.0117,2.032,100088.81556379,1360,kraken
1780185600,2.0138,2.0231,1.9183,1.953,1.953,1044217.73126088,3872,kraken
1780272000,1.9557,1.9741,1.8864,1.9022,1.9223,212643.08284627,1788,kraken
1780358400,1.9043,1.9046,1.7867,1.8196,1.8384,176201.24965727,1983,kraken
1780444800,1.8217,1.9191,1.809,1.8548,1.877,243132.79480147,1955,kraken
1780531200,1.8543,1.8658,1.7308,1.8051,1.8035,276076.7000295,2511,kraken
1780617600,1.8072,1.8144,1.6017,1.6588,1.6898,550707.77770521,3883,kraken
1780704000,1.6587,1.6817,1.56,1.6271,1.6258,311326.12177898,2046,kraken
1780790400,1.6287,1.7403,1.6248,1.7129,1.6861,213138.36770245,1973,kraken
1780876800,1.7152,1.8057,1.698,1.7654,1.7537,93157.45283732,1473,kraken
1780963200,1.7608,1.7995,1.718,1.7759,1.7604,195007.36367342,2145,kraken
1781049600,1.7763,1.8585,1.7373,1.7622,1.7884,249262.91567492,2663,kraken
1781136000,1.7633,2.0315,1.7633,2.0301,1.9178,856253.48485123,5420,kraken
1781222400,2.0332,2.0332,1.9315,1.9796,1.9771,206145.56356454,2080,kraken
1781308800,1.9796,2.0203,1.94,1.9503,1.9683,163864.61644432,1404,kraken
1781395200,1.9482,2.0101,1.9226,2.0058,1.9615,136856.20464756,1816,kraken
1781481600,2.0049,2.0232,1.9474,1.9653,1.9824,154262.29250584,1864,kraken
1781568000,1.963,2.0129,1.9387,1.9883,1.9857,117075.16626781,1555,kraken
1781654400,1.9953,2.0194,1.8763,1.9008,1.9667,502128.6681232,2379,kraken
1781740800,1.8982,1.9069,1.7776,1.8108,1.8196,261724.89957466,2492,kraken
1781827200,1.8103,1.8502,1.7934,1.8092,1.8118,85003.76401147,1168,kraken
1781913600,1.8097,1.8142,1.76,1.8008,1.7905,76902.57692159,1177,kraken
1782000000,1.8,1.8058,1.7486,1.7539,1.7738,51745.13243039,938,kraken
1782086400,1.7542,1.8352,1.7537,1.7958,1.796,120815.15016059,1567,kraken
1782172800,1.793,1.8031,1.7137,1.7178,1.7486,182207.85362863,1614,kraken
1782259200,1.7157,1.7313,1.604,1.6487,1.6504,295813.92068706,2397,kraken
1782345600,1.6499,1.6742,1.5477,1.6097,1.611,139509.39108169,1783,kraken
1782432000,1.6109,1.646,1.5738,1.5946,1.6099,300976.43793003,1973,kraken
1782518400,1.5899,1.6135,1.5562,1.5783,1.5856,426830.92127233,2334,kraken
1782604800,1.5789,1.5802,1.5533,1.5714,1.5696,113525.76890172,1153,kraken
1782691200,1.5693,1.5893,1.5169,1.5303,1.5439,197829.2821864,1886,kraken
1782777600,1.5296,1.5471,1.4975,1.5123,1.5188,152704.68883441,1305,kraken
1782864000,1.5121,1.5709,1.4811,1.54,1.5261,148635.25716316,1649,kraken
1782950400,1.538,1.5782,1.537,1.5586,1.5522,136915.70198759,1741,kraken
1783036800,1.5577,1.6106,1.5507,1.5952,1.5893,216384.43870158,1826,kraken
1783123200,1.5961,1.61,1.5791,1.5928,1.5943,82643.26989252,942,kraken
1783209600,1.5919,1.5986,1.543,1.5961,1.5661,64081.34698043,946,kraken
1783296000,1.5969,1.6272,1.5461,1.5999,1.5933,114580.57351366,1424,kraken
1783382400,1.6014,1.6097,1.5634,1.5715,1.5877,74749.56689484,1106,kraken
1783468800,1.5718,1.5835,1.5285,1.5634,1.559,201783.04745938,1713,kraken
1783555200,1.5661,1.5841,1.5456,1.5494,1.5648,179209.70054382,1417,kraken
1783641600,1.5504,1.5934,1.5437,1.5881,1.5768,151309.56722339,1225,kraken
1783728000,1.5879,1.6118,1.5787,1.5803,1.5963,65071.99464452,919,kraken
1783814400,1.5787,1.5898,1.5554,1.5665,1.5744,128071.38953178,1055,kraken
1783900800,1.5704,1.5834,1.524,1.5373,1.5459,138540.84222177,1298,kraken
1783987200,1.5372,1.5636,1.5166,1.5614,1.5454,153979.3245011,1193,kraken
1784073600,1.565,1.5912,1.5527,1.5545,1.565,112754.86764611,1160,kraken
1784160000,1.5554,1.5647,1.5043,1.5093,1.5382,210560.66436292,1681,kraken
1784246400,1.5114,1.5273,1.4881,1.5102,1.5049,113579.66461475,1370,kraken
1784332800,1.5113,1.5117,1.484,1.497,1.4968,57437.20870971,872,kraken
1784419200,1.4968,1.5041,1.4717,1.4758,1.4885,74419.05767861,950,kraken
1784505600,1.4735,1.5072,1.4458,1.4935,1.4747,177065.90797501,1824,kraken
1784592000,1.4952,1.5092,1.4747,1.4844,1.4931,125888.94935467,997,kraken
1784678400,1.4834,1.4919,1.4575,1.4683,1.4672,95426.94325194,875,kraken
1784764800,1.4666,1.4777,1.4174,1.4185,1.4504,116891.43757257,1136,kraken
1784851200,1.4185,1.4304,1.3719,1.3928,1.4018,89714.60055956,1125,kraken
1784937600,1.3934,1.398,1.3717,1.3818,1.3833,59417.45279585,755,kraken
1785024000,1.3828,1.4033,1.3795,1.3978,1.3921,70669.0212533,937,kraken
1785110400,1.397,1.398,1.2941,1.2983,1.3532,132552.14413294,1297,kraken
1785196800,1.2994,1.3139,1.2839,1.3054,1.3008,201888.55945859,1260,kraken
1785283200,1.3078,1.3101,1.2643,1.2827,1.2817,149743.5686701,1031,kraken
1785369600,1.2822,1.3058,1.2705,1.2805,1.288,40515.90259604,638,kraken
1785456000,1.2801,1.2893,1.219,1.2287,1.2383,189381.66498578,1618,kraken
1785542400,1.2272,1.239,1.2108,1.2233,1.2263,66085.06815075,705,kraken
1785628800,1.2253,1.2702,1.2206,1.2644,1.2504,165046.96389959,1229,kraken
1785715200,1.266,1.3894,1.2535,1.3584,1.3316,341139.61149642,2369,kraken
1785801600,1.3612,1.3929,1.3525,1.3732,1.3718,131029.38410549,1723,kraken
1785888000,1.3741,1.3813,1.3375,1.3535,1.3572,100569.10043385,973,kraken
1785974400,1.3533,1.396,1.3267,1.3509,1.351,193851.60977257,1460,kraken
1786060800,1.3528,1.3663,1.3359,1.3616,1.3486,59942.45929691,747,kraken
1786147200,1.3625,1.4024,1.3617,1.3871,1.3836,64756.11113915,855,kraken
1786233600,1.3863,1.3946,1.37,1.3721,1.3827,42443.64325619,641,kraken
1786320000,1.3735,1.4287,1.3684,1.3989,1.3984,109801.77791607,1165,kraken
1786406400,1.3987,1.4435,1.3877,1.4366,1.4197,106842.15354302,1461,kraken
1786492800,1.4358,1.4451,1.3926,1.3985,1.4167,108051.44509608,977,kraken
1786579200,1.3963,1.53,1.3933,1.5018,1.4796,390639.43941471,2837,kraken
1786665600,1.5034,1.5713,1.4751,1.5098,1.5354,405655.35437622,2843,kraken
1786752000,1.5098,1.5117,1.4626,1.4775,1.4791,72126.77342423,926,kraken
1786838400,1.4734,1.5038,1.4493,1.4529,1.4819,69773.34397296,1099,kraken
1786924800,1.4535,1.463,1.3993,1.4132,1.4306,202272.444448,1700,kraken
1787011200,1.4133,1.4553,1.3778,1.4131,1.4098,214569.15570449,1718,kraken
1787097600,1.4122,1.5115,1.3949,1.4926,1.441,331090.57922391,2341,kraken
1787184000,1.4934,1.5211,1.4633,1.5141,1.4942,135367.82585284,1789,kraken
1787270400,1.5157,1.6214,1.51,1.6024,1.5598,234756.26139027,2180,kraken
1787356800,1.6003,1.7195,1.4854,1.5788,1.6213,344040.77777792,2870,kraken
1787443200,1.5801,1.6237,1.5196,1.6047,1.5815,86954.96548069,1363,kraken
1787529600,1.6032,1.605,1.516,1.5184,1.5584,124380.93332614,1402,kraken
1787616000,1.5217,1.564,1.4942,1.5241,1.5385,285908.82035111,2242,kraken
1787702400,1.5228,1.5655,1.4846,1.5126,1.5273,543568.52629827,2483,kraken
1787788800,1.5106,1.5618,1.4785,1.5593,1.5109,444396.33450581,2136,kraken
1787875200,1.564,1.5805,1.4525,1.4841,1.502,289651.12320017,2074,kraken
1787961600,1.4851,1.5178,1.4851,1.5026,1.5015,117966.65487262,1061,kraken
1788048000,1.5009,1.5009,1.4365,1.4579,1.4746,137704.01419129,1465,kraken
1788134400,1.4569,1.4929,1.451,1.4696,1.4716,117548.46661411,1252,kraken
1788220800,1.4695,1.5128,1.4524,1.4616,1.4795,151624.66212024,1503,kraken
1788307200,1.4621,1.4707,1.44,1.4542,1.4543,178239.34656574,1359,kraken
1788393600,1.4533,1.5287,1.4485,1.508,1.4977,187825.17636355,1840,kraken
1788480000,1.5064,1.5374,1.4697,1.4943,1.5028,163321.38052034,1794,kraken
1788566400,1.4953,1.5632,1.4952,1.5568,1.5458,313457.16931831,2276,kraken
1788652800,1.5587,1.6104,1.5561,1.5961,1.5874,293286.86048759,2153,kraken
1788739200,1.5953,1.695,1.578,1.6297,1.6353,309102.2891649,3136,kraken
1788825600,1.6299,1.8712,1.6249,1.8567,1.7772,599010.53677033,5861,kraken
1788912000,1.8576,2.0322,1.7988,1.859,1.9149,762254.80612476,8074,kraken
1788998400,1.8608,1.8997,1.7442,1.789,1.8028,270006.53700194,3846,kraken
1789084800,1.7941,1.825,1.6245,1.64,1.7241,342123.55876791,3865,kraken
1789171200,1.641,1.6589,1.5929,1.6057,1.6333,247175.2821341,2956,kraken
1789257600,1.6022,1.6185,1.57,1.5801,1.595,109046.71566217,2207,kraken
1789344000,1.5794,1.6259,1.5311,1.5832,1.5873,441778.8873321,5342,kraken
1789430400,1.5847,1.6108,1.5012,1.5191,1.5632,260545.10310055,3669,kraken
1789516800,1.5166,1.5225,1.4678,1.5183,1.5042,203155.8759073,2385,kraken
1789603200,1.5183,1.5812,1.4997,1.5772,1.5387,198206.41647524,2379,kraken
1789689600,1.5747,1.738,1.5707,1.719,1.6627,329795.04285147,3730,kraken
1789776000,1.7212,1.7803,1.6732,1.746,1.7321,356080.91407411,4367,kraken
1789862400,1.7471,1.7842,1.672,1.7666,1.7336,193661.75903497,2279,kraken
1789948800,1.7665,1.8245,1.7236,1.8156,1.787,378910.06923219,4269,kraken
1790035200,1.8103,1.8637,1.7288,1.8447,1.7788,358572.9827184,3320,kraken
1790121600,1.8517,1.8645,1.6816,1.6961,1.7472,350055.73602882,5152,kraken
1790208000,1.694,1.8101,1.6696,1.7836,1.7447,395327.12075615,3832,kraken
1790294400,1.7849,1.8308,1.7534,1.7929,1.7888,262644.61693356,3677,kraken
1790380800,1.7931,1.8888,1.7877,1.8668,1.8416,270248.30687731,2988,kraken
1790467200,1.8636,1.9249,1.8161,1.8871,1.8692,370749.64379086,4021,kraken
1790553600,1.885,1.8947,1.6826,1.7346,1.7567,362002.83409414,4243,kraken
1790640000,1.7345,1.7908,1.6833,1.7227,1.7351,273729.88621973,4266,kraken
1790726400,1.7203,1.766,1.6986,1.7426,1.7328,188837.45870584,1691,kraken
1790812800,1.7412,1.7878,1.6904,1.7079,1.735,131119.23097924,2220,kraken
1790899200,1.7058,1.7636,1.6114,1.652,1.7017,317332.64833316,2670,kraken
1790985600,1.6512,1.7492,1.6502,1.7185,1.6918,186437.95596649,2034,kraken
1791072000,1.7201,1.8062,1.7025,1.7503,1.7585,218190.06716393,2004,kraken
1791158400,1.7483,1.8464,1.7297,1.8122,1.7944,278508.92386454,3404,kraken
1791244800,1.8106,1.8255,1.7757,1.7823,1.7963,182903.48198663,2368,kraken
1791331200,1.7821,1.7894,1.6667,1.7237,1.704,227879.65163304,4200,kraken
1791417600,1.7235,1.8327,1.6464,1.7604,1.7566,469864.66138942,7064,kraken
