time,open,high,low,close,vwap,volume,count,source
1633996800,116.55,126.94,113.82,122.12,120.96,341403.832,0,coinbase
1634083200,122.04,124.9,117.41,121.7,121.33666666666666,136497.308,0,coinbase
1634169600,121.73,143.93,120.44,136.47,133.61333333333334,396697.459,0,coinbase
1634256000,136.32,145.77,124.41,125.62,131.93333333333334,368760.818,0,coinbase
1634342400,125.64,129.97,121.62,125.07,125.55333333333333,93619.371,0,coinbase
1634428800,125.05,129.53,121.55,124.65,125.24333333333334,112792.64,0,coinbase
1634515200,124.66,125.36,119.05,122.35,122.25333333333333,94216.153,0,coinbase
1634601600,122.37,123.52,120.13,122.26,121.96999999999998,62010.085,0,coinbase
1634688000,122.2,130.12,120.52,127.75,126.13,109336.914,0,coinbase
1634774400,127.84,134.06,115.44,119.7,123.06666666666666,222956.783,0,coinbase
1634860800,119.7,133.42,117.7,130.19,127.10333333333334,477369.79,0,coinbase
1634947200,130.2,133.72,123.26,125.57,127.51666666666667,171361.536,0,coinbase
1635033600,125.59,127.31,119.66,122.4,123.12333333333333,311308.659,0,coinbase
1635120000,122.43,141.53,121.89,131.82,131.74666666666667,247978.384,0,coinbase
1635206400,131.79,138.17,126.56,128.89,131.20666666666668,180578.34,0,coinbase
1635292800,128.95,132.45,120.23,121.49,124.72333333333334,198052.948,0,coinbase
1635379200,121.61,129.65,121.3,126.56,125.83666666666666,168571.39,0,coinbase
1635465600,126.6,164.22,125.73,143.15,144.36666666666667,765314.844,0,coinbase
1635552000,143.15,157.07,139.71,146.96,147.91333333333333,466121.367,0,coinbase
1635638400,146.82,150.31,132.44,138.22,140.32333333333335,289384.498,0,coinbase
1635724800,138.25,139.31,131.33,137.04,135.89333333333332,189573.525,0,coinbase
1635811200,136.97,144.0,135.68,140.49,140.05666666666667,202467.344,0,coinbase
1635897600,140.49,142.82,134.63,141.5,139.65,130248.99,0,coinbase
1635984000,141.62,164.02,141.62,145.0,150.21333333333334,470184.673,0,coinbase
1636070400,144.98,154.52,141.78,151.92,149.40666666666667,236707.606,0,coinbase
1636156800,151.9,165.93,148.63,157.33,157.29666666666665,306671.088,0,coinbase
1636243200,157.35,164.47,154.04,160.45,159.65333333333334,150190.967,0,coinbase
1636329600,160.39,160.82,150.61,153.38,154.93666666666667,324473.536,0,coinbase
1636416000,153.45,154.61,147.06,150.11,150.59333333333333,105238.296,0,coinbase
1636502400,150.16,153.8,133.31,142.1,143.07000000000002,160690.225,0,coinbase
1636588800,142.07,149.29,139.37,146.3,144.98666666666665,78998.536,0,coinbase
1636675200,146.23,148.53,138.62,143.39,143.51333333333332,85027.809,0,coinbase
1636761600,143.48,147.72,142.01,142.86,144.1966666666667,54512.225,0,coinbase
1636848000,142.87,146.13,140.05,142.38,142.85333333333332,53940.144,0,coinbase
1636934400,142.42,146.49,141.11,142.49,143.36333333333334,54605.549,0,coinbase
1637020800,142.48,142.58,121.89,133.51,132.66,173137.73,0,coinbase
1637107200,133.37,139.57,130.44,135.37,135.12666666666667,106272.693,0,coinbase
1637193600,135.35,136.99,120.36,123.93,127.09333333333335,146226.338,0,coinbase
1637280000,123.84,133.64,122.29,131.81,129.24666666666667,113441.315,0,coinbase
1637366400,131.79,133.28,126.29,132.67,130.74666666666667,92141.492,0,coinbase
1637452800,132.71,142.03,128.34,130.12,133.49666666666667,130000.597,0,coinbase
1637539200,130.21,132.81,126.03,128.12,128.98666666666668,90112.062,0,coinbase
1637625600,128.17,138.95,126.71,136.49,134.04999999999998,101964.721,0,coinbase
1637712000,136.48,145.23,132.65,140.24,139.37333333333333,320390.369,0,coinbase
1637798400,140.23,144.79,136.73,138.79,140.10333333333332,132154.037,0,coinbase
1637884800,138.89,140.33,122.51,125.58,129.47333333333333,309837.621,0,coinbase
1637971200,125.61,129.8,124.57,127.84,127.40333333333335,71672.018,0,coinbase
1638057600,127.62,134.92,123.21,133.15,130.42666666666665,82014.713,0,coinbase
1638144000,133.23,137.8,132.84,134.61,135.08333333333334,77317.052,0,coinbase
1638230400,134.63,139.48,131.73,137.05,136.08666666666667,82976.598,0,coinbase
1638316800,137.16,143.28,133.39,134.87,137.17999999999998,87683.898,0,coinbase
1638403200,134.93,136.12,131.48,135.26,134.28666666666666,54723.849,0,coinbase
1638489600,135.38,142.75,125.0,127.46,131.73666666666665,158359.199,0,coinbase
1638576000,127.48,128.08,100.94,118.0,115.67333333333333,209429.977,0,coinbase
1638662400,118.13,121.56,104.47,107.55,111.19333333333333,142143.776,0,coinbase
1638748800,107.59,107.79,95.17,105.97,102.97666666666667,185045.065,0,coinbase
1638835200,105.97,110.49,104.34,105.79,106.87333333333333,103101.965,0,coinbase
1638921600,105.72,121.97,105.02,113.46,113.48333333333333,139239.082,0,coinbase
1639008000,113.46,115.36,102.82,103.8,107.32666666666667,83832.07,0,coinbase
1639094400,103.71,106.73,97.15,97.58,100.48666666666666,60434.256,0,coinbase
1639180800,97.38,103.93,95.48,103.2,100.87,44952.32,0,coinbase
1639267200,103.33,105.94,100.52,104.14,103.53333333333332,27740.656,0,coinbase
1639353600,104.15,104.93,90.88,93.01,96.27333333333333,79247.228,0,coinbase
1639440000,93.01,97.47,92.06,96.25,95.25999999999999,64956.217,0,coinbase
1639526400,96.13,103.28,92.0,101.6,98.96,77087.216,0,coinbase
1639612800,101.66,103.97,97.33,97.98,99.76,46854.083,0,coinbase
1639699200,97.86,99.25,91.55,94.55,95.11666666666667,49657.06,0,coinbase
1639785600,94.53,97.49,92.71,96.3,95.5,34943.593,0,coinbase
1639872000,96.21,98.61,94.46,95.29,96.12,30991.858,0,coinbase
1639958400,95.26,96.09,89.58,92.85,92.83999999999999,51331.346,0,coinbase
1640044800,92.96,97.96,92.17,97.27,95.8,90737.284,0,coinbase
1640131200,97.35,104.52,96.0,101.47,100.66333333333334,155445.251,0,coinbase
1640217600,101.64,108.01,99.5,107.47,104.99333333333334,74640.235,0,coinbase
1640304000,107.47,109.72,103.68,104.62,106.00666666666666,60973.986,0,coinbase
1640390400,104.7,110.56,103.57,109.27,107.8,45814.289,0,coinbase
1640476800,109.25,109.32,105.49,107.62,107.47666666666667,38052.223,0,coinbase
1640563200,107.65,111.73,106.36,107.05,108.38,57797.768,0,coinbase
1640649600,106.9,107.84,98.53,99.74,102.03666666666668,84718.164,0,coinbase
1640736000,99.85,100.73,92.74,93.8,95.75666666666666,80911.756,0,coinbase
1640822400,93.78,96.69,91.84,95.03,94.52,48441.501,0,coinbase
1640908800,94.97,97.92,91.1,93.21,94.07666666666665,71217.002,0,coinbase
1640995200,93.17,95.25,91.34,94.19,93.59333333333332,56460.83,0,coinbase
1641081600,94.07,96.73,93.21,96.42,95.45333333333333,50592.568,0,coinbase
1641168000,96.34,97.93,92.0,94.38,94.77,128428.437,0,coinbase
1641254400,94.39,96.74,92.63,92.8,94.05666666666667,96826.112,0,coinbase
1641340800,92.85,94.91,75.0,80.37,83.42666666666666,248884.681,0,coinbase
1641427200,80.36,81.56,75.43,79.02,78.67,207340.583,0,coinbase
1641513600,79.05,79.12,70.31,73.54,74.32333333333334,171366.553,0,coinbase
1641600000,73.6,75.78,67.7,70.4,71.29333333333334,113416.547,0,coinbase
1641686400,70.33,74.21,69.01,71.89,71.70333333333333,78277.461,0,coinbase
1641772800,71.9,73.15,65.2,68.37,68.90666666666668,93637.262,0,coinbase
1641859200,68.37,73.46,67.55,72.75,71.25333333333333,85628.002,0,coinbase
1641945600,72.75,79.55,72.18,78.18,76.63666666666667,77333.13,0,coinbase
1642032000,78.1,78.75,72.85,73.12,74.90666666666667,66492.284,0,coinbase
1642118400,73.08,75.71,70.92,73.7,73.44333333333333,58902.407,0,coinbase
1642204800,73.87,76.26,73.01,75.35,74.87333333333333,35466.995,0,coinbase
1642291200,75.42,82.66,74.52,80.29,79.15666666666668,129187.929,0,coinbase
1642377600,80.3,83.65,75.17,76.55,78.45666666666666,110455.547,0,coinbase
1642464000,76.56,77.36,72.13,73.86,74.45,81378.269,0,coinbase
1642550400,73.91,74.17,70.52,71.78,72.15666666666667,55471.264,0,coinbase
1642636800,71.92,75.94,68.77,69.09,71.26666666666667,63045.709,0,coinbase
1642723200,68.97,69.28,56.95,58.39,61.54,194082.756,0,coinbase
1642809600,58.33,59.44,47.61,50.17,52.406666666666666,325946.961,0,coinbase
1642896000,50.18,54.82,49.66,54.81,53.096666666666664,180007.701,0,coinbase
1642982400,54.76,54.76,44.44,51.24,50.14666666666667,305866.946,0,coinbase
1643068800,51.23,52.0,49.26,50.79,50.68333333333333,157671.997,0,coinbase
1643155200,50.81,55.66,48.42,49.62,51.23333333333333,219141.419,0,coinbase
1643241600,49.63,50.59,44.92,47.47,47.660000000000004,158317.665,0,coinbase
1643328000,47.47,48.36,44.92,47.09,46.79,162113.553,0,coinbase
1643414400,46.99,50.17,46.43,49.58,48.72666666666667,124038.762,0,coinbase
1643500800,49.59,56.11,49.13,53.4,52.88,255690.847,0,coinbase
1643587200,53.41,55.1,49.71,52.33,52.379999999999995,365723.779,0,coinbase
1643673600,52.33,54.98,51.88,53.47,53.44333333333333,115734.341,0,coinbase
1643760000,53.48,54.18,48.18,49.12,50.49333333333333,168518.228,0,coinbase
1643846400,49.1,49.29,46.03,48.5,47.94,108860.563,0,coinbase
1643932800,48.5,51.67,47.54,51.33,50.18000000000001,192774.961,0,coinbase
1644019200,51.35,59.46,50.8,56.8,55.68666666666667,308176.841,0,coinbase
1644105600,56.83,68.96,56.83,68.32,64.70333333333333,534368.13,0,coinbase
1644192000,68.28,72.11,66.78,68.32,69.07,306577.487,0,coinbase
1644278400,68.41,69.37,62.3,66.79,66.15333333333335,228675.854,0,coinbase
1644364800,66.81,68.16,63.15,67.62,66.31,149827.901,0,coinbase
1644451200,67.6,68.33,62.21,63.35,64.63,143130.953,0,coinbase
1644537600,63.34,65.02,56.69,59.07,60.26,93145.453,0,coinbase
1644624000,59.09,61.6,56.71,59.18,59.163333333333334,105295.54,0,coinbase
1644710400,59.18,60.57,56.94,58.07,58.526666666666664,113243.68,0,coinbase
1644796800,58.11,58.27,55.08,56.86,56.73666666666666,74977.881,0,coinbase
1644883200,56.93,63.93,56.78,63.35,61.35333333333333,147631.478,0,coinbase
1644969600,63.38,66.27,61.84,63.47,63.86000000000001,153764.733,0,coinbase
1645056000,63.6,64.6,55.8,56.37,58.923333333333325,125871.461,0,coinbase
1645142400,56.39,58.08,53.84,55.57,55.830000000000005,83579.943,0,coinbase
1645228800,55.56,56.96,53.56,54.84,55.120000000000005,42981.766,0,coinbase
1645315200,54.89,54.91,49.66,52.16,52.24333333333333,111596.043,0,coinbase
1645401600,52.15,56.18,47.19,47.35,50.24,134719.544,0,coinbase
1645488000,47.37,51.45,46.05,51.15,49.550000000000004,104158.936,0,coinbase
1645574400,51.11,53.53,48.62,48.79,50.31333333333333,83480.417,0,coinbase
1645660800,48.82,49.97,41.9,48.82,46.89666666666667,171891.138,0,coinbase
1645747200,48.82,52.06,46.29,51.16,49.836666666666666,115973.171,0,coinbase
1645833600,51.14,53.0,49.95,50.44,51.129999999999995,124851.758,0,coinbase
1645920000,50.38,51.98,46.78,47.81,48.85666666666666,98356.048,0,coinbase
1646006400,47.78,56.97,47.09,54.42,52.826666666666675,123558.722,0,coinbase
1646092800,54.38,61.51,53.41,57.19,57.37,173962.02,0,coinbase
1646179200,57.22,59.08,54.44,55.52,56.346666666666664,88163.654,0,coinbase
1646265600,55.4,55.84,51.79,53.28,53.63666666666666,45058.301,0,coinbase
1646352000,53.2,53.38,49.02,49.83,50.74333333333334,92241.592,0,coinbase
1646438400,49.79,53.07,48.62,51.87,51.18666666666667,68052.495,0,coinbase
1646524800,51.87,52.32,48.51,48.79,49.873333333333335,57792.06,0,coinbase
1646611200,48.79,50.15,45.66,46.15,47.32,123276.464,0,coinbase
1646697600,46.14,47.64,45.71,46.39,46.580000000000005,75721.399,0,coinbase
1646784000,46.41,49.48,46.24,48.64,48.120000000000005,102360.629,0,coinbase
1646870400,48.71,48.93,45.01,46.68,46.873333333333335,115577.763,0,coinbase
1646956800,46.65,48.28,45.2,45.9,46.46,99204.718,0,coinbase
1647043200,45.9,48.6,45.79,46.56,46.98333333333333,76793.244,0,coinbase
1647129600,46.5,48.1,45.0,45.18,46.093333333333334,51578.316,0,coinbase
1647216000,45.2,48.06,44.6,47.85,46.836666666666666,113162.414,0,coinbase
1647302400,47.82,48.98,45.9,46.91,47.26333333333333,80888.761,0,coinbase
1647388800,46.9,50.84,46.33,50.46,49.21,130007.017,0,coinbase
1647475200,50.43,51.32,49.43,50.28,50.343333333333334,64867.948,0,coinbase
1647561600,50.27,51.45,48.54,50.47,50.153333333333336,64052.397,0,coinbase
1647648000,50.5,54.45,50.18,52.05,52.22666666666667,116458.553,0,coinbase
1647734400,52.02,52.59,49.2,49.87,50.553333333333335,71364.341,0,coinbase
1647820800,49.82,51.96,49.14,50.16,50.419999999999995,77759.711,0,coinbase
1647907200,50.15,53.55,49.78,52.46,51.93,97975.768,0,coinbase
1647993600,52.45,58.65,50.86,58.39,55.96666666666666,157064.226,0,coinbase
1648080000,58.41,71.84,58.41,70.34,66.86333333333333,426684.51,0,coinbase
1648166400,70.41,74.56,69.56,71.62,71.91333333333334,317393.226,0,coinbase
1648252800,71.62,73.0,66.45,66.96,68.80333333333333,169944.317,0,coinbase
1648339200,66.93,68.49,64.46,68.29,67.08,203351.736,0,coinbase
1648425600,68.3,72.39,65.29,66.44,68.04,236988.099,0,coinbase
1648512000,66.42,70.8,62.55,64.18,65.84333333333333,514214.285,0,coinbase
1648598400,64.2,66.71,61.96,64.42,64.36333333333333,284733.143,0,coinbase
1648684800,64.42,68.72,62.01,63.53,64.75333333333333,194640.854,0,coinbase
1648771200,63.52,67.37,60.25,66.2,64.60666666666667,163208.292,0,coinbase
1648857600,66.21,75.58,64.11,65.28,68.32333333333334,488345.279,0,coinbase
1648944000,65.24,68.52,64.03,66.65,66.4,202212.458,0,coinbase
1649030400,66.65,67.15,61.41,63.83,64.13,167315.683,0,coinbase
1649116800,63.84,65.34,61.38,61.71,62.81,124190.539,0,coinbase
1649203200,61.71,62.86,53.11,53.44,56.47,333627.294,0,coinbase
1649289600,53.38,55.89,52.12,54.76,54.25666666666666,146690.831,0,coinbase
1649376000,54.82,55.3,50.11,50.74,52.050000000000004,187033.976,0,coinbase
1649462400,50.74,52.67,50.62,51.77,51.68666666666667,65639.641,0,coinbase
1649548800,51.8,52.24,48.84,49.03,50.03666666666667,112879.973,0,coinbase
1649635200,49.04,49.14,44.11,45.19,46.14666666666667,184677.747,0,coinbase
1649721600,45.17,48.92,44.86,47.29,47.02333333333333,151746.387,0,coinbase
1649808000,47.36,48.95,46.66,48.44,48.01666666666667,93615.849,0,coinbase
1649894400,48.49,49.57,45.7,46.8,47.35666666666666,107433.69,0,coinbase
1649980800,46.8,50.2,46.75,47.96,48.303333333333335,82796.67,0,coinbase
1650067200,47.92,48.6,46.73,47.41,47.580000000000005,43940.441,0,coinbase
1650153600,47.45,47.91,45.16,45.49,46.18666666666667,54423.374,0,coinbase
1650240000,45.46,46.4,42.89,46.22,45.169999999999995,88392.188,0,coinbase
1650326400,46.23,47.98,45.48,47.42,46.96,53297.777,0,coinbase
1650412800,47.31,48.46,45.3,46.2,46.65333333333333,66997.004,0,coinbase
1650499200,46.22,48.08,44.39,44.95,45.80666666666667,79937.134,0,coinbase
1650585600,44.95,46.76,44.78,46.02,45.85333333333333,58238.045,0,coinbase
1650672000,45.98,46.13,44.97,45.13,45.41,25852.611,0,coinbase
1650758400,45.09,45.59,44.14,44.4,44.71,47731.642,0,coinbase
1650844800,44.44,44.46,39.88,42.89,42.410000000000004,106337.999,0,coinbase
1650931200,42.92,43.46,37.95,38.78,40.06333333333333,89479.007,0,coinbase
1651017600,38.76,40.15,37.15,38.81,38.70333333333333,69316.616,0,coinbase
1651104000,38.8,40.18,37.39,38.03,38.53333333333333,65758.833,0,coinbase
1651190400,38.05,38.69,33.42,34.35,35.48666666666667,123610.812,0,coinbase
1651276800,34.35,34.9,26.53,29.08,30.169999999999998,192881.844,0,coinbase
1651363200,29.04,32.55,27.81,31.79,30.71666666666667,166045.341,0,coinbase
1651449600,31.8,32.29,29.84,30.21,30.78,102339.379,0,coinbase
1651536000,30.19,30.88,28.64,29.1,29.540000000000003,111853.791,0,coinbase
1651622400,29.1,33.84,28.08,33.35,31.75666666666667,159754.997,0,coinbase
1651708800,33.37,35.22,27.95,28.93,30.7,228845.093,0,coinbase
1651795200,28.88,29.08,27.26,28.46,28.26666666666667,105858.457,0,coinbase
1651881600,28.49,29.56,27.44,28.6,28.53333333333333,80251.963,0,coinbase
1651968000,28.65,31.61,27.73,30.54,29.959999999999997,254830.841,0,coinbase
1652054400,30.59,31.6,24.48,24.81,26.963333333333335,319665.312,0,coinbase
1652140800,24.85,28.4,23.41,24.28,25.363333333333333,387011.109,0,coinbase
1652227200,24.27,25.16,16.68,19.2,20.346666666666668,543109.237,0,coinbase
1652313600,19.19,24.54,17.46,19.31,20.436666666666667,307611.136,0,coinbase
1652400000,19.34,24.93,19.14,20.45,21.506666666666664,278413.882,0,coinbase
1652486400,20.45,24.74,19.75,22.4,22.296666666666663,114241.489,0,coinbase
1652572800,22.36,24.15,20.97,24.12,23.08,129257.638,0,coinbase
1652659200,24.12,24.3,20.66,20.9,21.953333333333333,108689.244,0,coinbase
1652745600,20.94,23.06,20.76,22.4,22.073333333333334,132113.618,0,coinbase
1652832000,22.36,22.71,20.68,21.59,21.66,254701.27,0,coinbase
1652918400,21.57,22.11,19.76,21.79,21.220000000000002,142944.266,0,coinbase
1653004800,21.79,22.1,20.15,20.74,20.996666666666666,147458.784,0,coinbase
1653091200,20.73,21.3,20.15,21.03,20.826666666666668,68110.051,0,coinbase
1653177600,21.04,21.84,20.67,21.6,21.370000000000005,86346.274,0,coinbase
1653264000,21.6,23.56,20.64,20.98,21.72666666666667,161820.474,0,coinbase
1653350400,20.99,21.51,20.06,21.28,20.95,102575.031,0,coinbase
1653436800,21.26,21.48,20.28,20.89,20.883333333333336,51100.815,0,coinbase
1653523200,20.88,21.81,18.57,19.46,19.946666666666665,84104.046,0,coinbase
1653609600,19.5,19.8,17.79,18.27,18.62,97353.365,0,coinbase
1653696000,18.27,18.66,17.82,18.54,18.34,93359.28,0,coinbase
1653782400,18.55,18.59,17.62,18.44,18.21666666666667,52729.302,0,coinbase
1653868800,18.46,24.73,18.16,23.98,22.290000000000003,203432.18,0,coinbase
1653955200,23.99,28.22,22.6,23.86,24.893333333333334,445143.36,0,coinbase
1654041600,23.91,23.92,20.24,20.9,21.686666666666667,182676.462,0,coinbase
1654128000,20.9,21.47,19.7,21.06,20.743333333333336,124561.492,0,coinbase
1654214400,21.09,21.59,19.37,19.95,20.30333333333333,147832.852,0,coinbase
1654300800,19.98,21.12,19.97,20.6,20.563333333333336,77765.963,0,coinbase
1654387200,20.58,20.61,19.75,20.02,20.126666666666665,46501.364,0,coinbase
1654473600,20.01,22.77,19.98,20.69,21.146666666666665,156294.395,0,coinbase
1654560000,20.66,20.66,19.07,19.71,19.813333333333336,123492.141,0,coinbase
1654646400,19.72,20.0,19.14,19.46,19.533333333333335,55443.302,0,coinbase
1654732800,19.48,19.96,19.24,19.4,19.533333333333335,33908.317,0,coinbase
1654819200,19.37,19.57,17.75,18.03,18.45,58620.61,0,coinbase
1654905600,18.03,18.7,15.94,16.29,16.976666666666667,94459.901,0,coinbase
1654992000,16.31,16.43,14.4,14.43,15.086666666666666,161514.714,0,coinbase
1655078400,14.49,14.68,12.18,13.49,13.450000000000001,246787.274,0,coinbase
1655164800,13.49,15.32,12.34,14.07,13.910000000000002,253493.608,0,coinbase
1655251200,14.08,15.84,12.52,15.79,14.716666666666667,176167.029,0,coinbase
1655337600,15.77,16.36,13.23,13.61,14.4,156856.53,0,coinbase
1655424000,13.6,14.21,13.38,13.88,13.823333333333336,42594.243,0,coinbase
1655510400,13.86,14.11,11.81,12.91,12.943333333333333,119638.265,0,coinbase
1655596800,12.94,14.27,12.41,13.77,13.483333333333334,115527.593,0,coinbase
1655683200,13.79,15.16,13.04,14.5,14.233333333333334,142023.104,0,coinbase
1655769600,14.47,16.03,14.11,14.86,15.0,88609.788,0,coinbase
1655856000,14.83,15.02,13.71,13.97,14.233333333333334,105458.039,0,coinbase
1655942400,13.98,14.85,13.97,14.72,14.513333333333334,91357.688,0,coinbase
1656028800,14.67,17.77,14.67,17.1,16.513333333333332,221190.922,0,coinbase
1656115200,17.12,18.51,16.86,17.8,17.723333333333333,156896.117,0,coinbase
1656201600,17.76,17.99,16.08,16.17,16.746666666666666,81901.24,0,coinbase
1656288000,16.15,16.91,15.43,15.9,16.080000000000002,70032.803,0,coinbase
1656374400,15.87,16.82,15.09,15.27,15.726666666666667,107881.971,0,coinbase
1656460800,15.26,15.74,14.09,14.38,14.736666666666666,128001.353,0,coinbase
1656547200,14.38,14.65,13.1,14.58,14.11,99771.352,0,coinbase
1656633600,14.57,14.94,13.68,14.02,14.213333333333333,109589.228,0,coinbase
1656720000,14.02,14.16,13.44,13.91,13.836666666666668,51255.342,0,coinbase
1656806400,13.91,14.52,13.49,14.14,14.049999999999999,48094.849,0,coinbase
1656892800,14.14,15.0,13.7,14.86,14.520000000000001,56006.308,0,coinbase
1656979200,14.9,15.47,13.89,14.44,14.6,101895.576,0,coinbase
1657065600,14.43,15.01,14.04,14.78,14.61,81521.146,0,coinbase
1657152000,14.81,15.5,14.55,15.35,15.133333333333333,84433.064,0,coinbase
1657238400,15.34,15.76,14.52,14.83,15.036666666666667,90006.913,0,coinbase
1657324800,14.84,15.54,14.84,15.14,15.173333333333332,61069.968,0,coinbase
1657411200,15.12,15.16,14.23,14.41,14.6,44469.023,0,coinbase
1657497600,14.4,14.42,13.23,13.45,13.699999999999998,39340.854,0,coinbase
1657584000,13.42,13.51,12.81,12.85,13.056666666666667,37234.256,0,coinbase
1657670400,12.87,13.42,12.31,13.39,13.040000000000001,49559.554,0,coinbase
1657756800,13.38,13.98,13.0,13.97,13.65,55672.33,0,coinbase
1657843200,13.95,14.29,13.76,13.98,14.01,45348.28,0,coinbase
1657929600,13.98,14.47,13.59,14.37,14.143333333333333,45051.877,0,coinbase
1658016000,14.39,15.07,14.11,14.51,14.563333333333333,57172.168,0,coinbase
1658102400,14.5,16.52,14.38,16.35,15.75,142532.373,0,coinbase
1658188800,16.35,17.62,15.8,16.83,16.75,122480.282,0,coinbase
1658275200,16.83,17.62,15.32,15.59,16.176666666666666,116658.621,0,coinbase
1658361600,15.58,15.97,14.82,15.76,15.516666666666666,88462.402,0,coinbase
1658448000,15.75,16.51,15.04,15.38,15.643333333333333,88393.344,0,coinbase
1658534400,15.37,18.37,15.18,18.22,17.256666666666664,275594.104,0,coinbase
1658620800,18.21,18.85,17.0,17.23,17.69333333333333,175826.338,0,coinbase
1658707200,17.21,17.9,15.23,15.32,16.15,132628.333,0,coinbase
1658793600,15.32,15.48,14.45,15.18,15.036666666666667,46783.757,0,coinbase
1658880000,15.17,16.96,14.71,16.71,16.12666666666667,98555.613,0,coinbase
1658966400,16.7,17.55,16.06,17.17,16.926666666666666,145228.642,0,coinbase
1659052800,17.19,19.5,17.16,18.3,18.319999999999997,231961.36,0,coinbase
1659139200,18.44,20.58,18.44,19.12,19.38,179245.41,0,coinbase
1659225600,19.12,19.17,18.01,18.06,18.413333333333338,110523.24,0,coinbase
1659312000,18.07,18.43,17.29,17.83,17.849999999999998,109018.178,0,coinbase
1659398400,17.75,17.94,16.61,17.22,17.256666666666664,51682.047,0,coinbase
1659484800,17.24,18.0,16.6,17.17,17.256666666666668,50173.84,0,coinbase
1659571200,17.22,18.3,17.09,17.74,17.709999999999997,49352.517,0,coinbase
1659657600,17.73,18.62,17.63,18.43,18.226666666666667,101382.265,0,coinbase
1659744000,18.43,18.46,17.86,17.96,18.093333333333334,47569.991,0,coinbase
1659830400,17.93,18.98,17.74,18.46,18.393333333333334,90579.375,0,coinbase
1659916800,18.48,19.29,18.45,18.65,18.796666666666663,73040.427,0,coinbase
1660003200,18.64,18.72,17.24,17.56,17.84,73187.283,0,coinbase
1660089600,17.53,18.55,17.11,18.55,18.069999999999997,67565.083,0,coinbase
1660176000,18.53,19.12,18.28,18.44,18.613333333333333,54446.885,0,coinbase
1660262400,18.44,18.81,17.93,18.66,18.466666666666665,48555.607,0,coinbase
1660348800,18.62,19.93,18.53,19.26,19.24,124571.555,0,coinbase
1660435200,19.26,19.81,18.27,18.55,18.876666666666665,82690.603,0,coinbase
1660521600,18.54,19.14,17.89,18.18,18.403333333333332,92830.09,0,coinbase
1660608000,18.17,18.6,17.7,17.95,18.083333333333332,71763.671,0,coinbase
1660694400,17.94,18.37,16.66,16.99,17.34,65538.013,0,coinbase
1660780800,16.99,17.27,15.9,16.13,16.433333333333334,35670.166,0,coinbase
1660867200,16.12,16.14,14.01,14.23,14.793333333333331,97477.895,0,coinbase
1660953600,14.27,14.72,13.62,14.13,14.156666666666666,58961.274,0,coinbase
1661040000,14.13,14.67,13.94,14.49,14.366666666666667,40386.621,0,coinbase
1661126400,14.49,14.49,13.5,14.26,14.083333333333334,41211.062,0,coinbase
1661212800,14.27,14.89,13.72,14.68,14.43,56979.767,0,coinbase
1661299200,14.66,15.04,14.18,14.55,14.589999999999998,55189.685,0,coinbase
1661385600,14.55,14.99,14.43,14.73,14.716666666666669,27158.979,0,coinbase
1661472000,14.73,14.89,13.06,13.3,13.75,78083.688,0,coinbase
1661558400,13.3,13.97,12.99,13.81,13.590000000000002,66194.426,0,coinbase
1661644800,13.8,14.01,13.13,13.19,13.443333333333333,50589.955,0,coinbase
1661731200,13.19,13.9,13.03,13.8,13.576666666666668,42171.345,0,coinbase
1661817600,13.78,14.07,13.06,13.86,13.663333333333334,43254.529,0,coinbase
1661904000,13.88,14.65,13.87,14.12,14.213333333333333,129439.481,0,coinbase
1661990400,14.12,14.25,13.51,14.04,13.933333333333332,84741.033,0,coinbase
1662076800,14.02,14.44,13.78,14.03,14.083333333333334,47108.167,0,coinbase
1662163200,14.03,15.4,14.0,15.22,14.873333333333333,127438.917,0,coinbase
1662249600,15.2,15.37,14.34,14.56,14.756666666666668,97151.359,0,coinbase
1662336000,14.57,14.78,13.81,14.29,14.293333333333331,91147.643,0,coinbase
1662422400,14.3,14.58,12.99,13.13,13.566666666666668,71478.308,0,coinbase
1662508800,13.09,13.72,12.84,13.51,13.356666666666667,54073.499,0,coinbase
1662595200,13.54,14.07,13.35,13.85,13.756666666666668,59830.345,0,coinbase
1662681600,13.89,15.27,13.81,14.73,14.603333333333333,131115.55,0,coinbase
1662768000,14.75,14.95,14.32,14.71,14.660000000000002,65678.341,0,coinbase
1662854400,14.72,14.81,14.09,14.53,14.476666666666667,57184.27,0,coinbase
1662940800,14.5,15.06,14.09,14.22,14.456666666666665,91496.132,0,coinbase
1663027200,14.24,14.5,13.02,13.18,13.566666666666668,84240.266,0,coinbase
1663113600,13.18,13.45,12.83,13.3,13.193333333333333,32770.162,0,coinbase
1663200000,13.28,13.38,12.57,12.74,12.896666666666668,37329.322,0,coinbase
1663286400,12.73,12.92,12.44,12.83,12.729999999999999,32289.865,0,coinbase
1663372800,12.83,13.21,12.78,13.16,13.050000000000002,23699.777,0,coinbase
1663459200,13.16,13.27,11.91,12.03,12.403333333333334,27473.068,0,coinbase
1663545600,12.02,12.38,11.64,12.31,12.110000000000001,43273.193,0,coinbase
1663632000,12.33,12.87,12.04,12.39,12.433333333333332,45086.409,0,coinbase
1663718400,12.36,12.97,11.66,11.77,12.133333333333335,45133.463,0,coinbase
1663804800,11.81,12.49,11.69,12.37,12.183333333333332,48027.5,0,coinbase
1663891200,12.36,13.47,12.32,13.17,12.986666666666666,99224.538,0,coinbase
1663977600,13.17,13.7,12.63,12.68,13.003333333333332,59591.352,0,coinbase
1664064000,12.68,12.9,12.23,12.35,12.493333333333334,44735.871,0,coinbase
1664150400,12.35,12.5,12.11,12.48,12.363333333333335,34014.147,0,coinbase
1664236800,12.48,12.92,12.14,12.35,12.47,40799.068,0,coinbase
1664323200,12.34,12.64,11.87,12.58,12.363333333333332,22150.632,0,coinbase
1664409600,12.57,12.75,12.2,12.73,12.56,28185.18,0,coinbase
1664496000,12.76,12.93,12.42,12.56,12.636666666666668,67486.404,0,coinbase
1664582400,12.54,12.78,12.46,12.55,12.59666666666667,42859.779,0,coinbase
1664668800,12.54,12.61,12.09,12.13,12.276666666666666,18741.449,0,coinbase
1664755200,12.13,12.93,12.02,12.72,12.556666666666667,40961.163,0,coinbase
1664841600,12.69,13.06,12.61,12.98,12.883333333333335,50615.019,0,coinbase
1664928000,12.97,13.09,12.46,12.74,12.763333333333334,41482.162,0,coinbase
1665014400,12.74,13.03,12.61,12.68,12.773333333333333,31538.237,0,coinbase
1665100800,12.68,12.73,12.34,12.44,12.503333333333332,33909.287,0,coinbase
1665187200,12.44,12.55,12.24,12.35,12.38,11140.83,0,coinbase
1665273600,12.36,12.55,12.29,12.42,12.42,11970.918,0,coinbase
1665360000,12.41,12.61,11.93,11.93,12.156666666666666,30296.539,0,coinbase
1665446400,11.92,11.92,11.43,11.53,11.626666666666667,18911.126,0,coinbase
1665532800,11.55,11.74,11.44,11.54,11.573333333333332,15088.246,0,coinbase
1665619200,11.52,11.55,10.06,11.1,10.903333333333334,71309.871,0,coinbase
1665705600,11.08,11.52,10.62,10.83,10.99,25212.59,0,coinbase
1665792000,10.83,11.07,10.73,10.82,10.873333333333335,17816.777,0,coinbase
1665878400,10.81,11.2,10.81,11.06,11.023333333333333,20484.172,0,coinbase
1665964800,11.07,11.24,10.89,11.24,11.123333333333335,13535.787,0,coinbase
1666051200,11.21,11.29,10.73,10.95,10.99,23244.123,0,coinbase
1666137600,10.94,10.97,10.04,10.14,10.383333333333333,17963.897,0,coinbase
1666224000,10.15,10.18,9.46,9.57,9.736666666666666,40476.051,0,coinbase
1666310400,9.58,9.58,8.67,9.06,9.103333333333333,88404.849,0,coinbase
1666396800,9.04,9.27,8.81,9.0,9.026666666666666,63422.907,0,coinbase
1666483200,8.99,9.12,8.67,9.03,8.94,49245.833,0,coinbase
1666569600,9.04,9.04,8.2,8.4,8.546666666666667,94735.266,0,coinbase
1666656000,8.39,9.41,8.34,9.05,8.933333333333334,194286.314,0,coinbase
1666742400,9.06,9.46,8.98,9.14,9.193333333333333,80418.707,0,coinbase
1666828800,9.12,9.65,8.96,9.02,9.209999999999999,87645.825,0,coinbase
1666915200,9.01,9.24,8.71,9.13,9.026666666666669,66424.689,0,coinbase
1667001600,9.13,9.54,9.12,9.33,9.329999999999998,106304.866,0,coinbase
1667088000,9.34,10.32,9.05,9.25,9.540000000000001,84946.379,0,coinbase
1667174400,9.27,9.33,8.95,9.19,9.156666666666666,68339.667,0,coinbase
1667260800,9.19,9.3,9.01,9.11,9.14,30534.208,0,coinbase
1667347200,9.1,9.16,8.46,8.63,8.75,75472.685,0,coinbase
1667433600,8.63,9.06,8.59,8.79,8.813333333333333,64100.312,0,coinbase
1667520000,8.75,10.06,8.7,9.69,9.483333333333333,118884.245,0,coinbase
1667606400,9.7,11.83,9.7,10.63,10.72,496561.457,0,coinbase
1667692800,10.63,10.86,9.72,9.82,10.133333333333333,92114.722,0,coinbase
1667779200,9.83,10.36,9.49,9.78,9.876666666666667,101738.958,0,coinbase
1667865600,9.76,10.3,6.21,7.97,8.16,316325.716,0,coinbase
1667952000,7.97,8.03,5.75,6.02,6.599999999999999,184176.729,0,coinbase
1668038400,6.01,7.58,5.91,7.34,6.9433333333333325,206787.673,0,coinbase
1668124800,7.34,7.42,6.55,6.98,6.983333333333333,110239.224,0,coinbase
1668211200,6.98,7.01,6.43,6.5,6.646666666666666,56225.796,0,coinbase
1668297600,6.51,12.53,6.2,7.01,8.58,908763.637,0,coinbase
1668384000,7.0,7.64,6.81,7.27,7.239999999999999,260764.255,0,coinbase
1668470400,7.25,7.41,7.06,7.2,7.223333333333333,79341.118,0,coinbase
1668556800,7.2,7.34,6.84,7.08,7.086666666666666,51085.821,0,coinbase
1668643200,7.09,7.27,6.93,7.17,7.123333333333332,29088.159,0,coinbase
1668729600,7.19,7.29,6.99,7.19,7.156666666666667,45918.935,0,coinbase
1668816000,7.19,7.19,6.93,7.14,7.086666666666667,14553.239,0,coinbase
1668902400,7.14,7.17,6.52,6.55,6.746666666666666,34532.817,0,coinbase
1668988800,6.56,6.56,6.07,6.28,6.303333333333334,49221.115,0,coinbase
1669075200,6.3,7.04,6.12,6.88,6.68,96252.353,0,coinbase
1669161600,6.87,6.97,6.7,6.96,6.876666666666666,37034.141,0,coinbase
1669248000,6.96,6.96,6.6,6.76,6.773333333333333,33370.406,0,coinbase
1669334400,6.76,6.77,6.54,6.65,6.653333333333333,20423.319,0,coinbase
1669420800,6.65,6.78,6.56,6.64,6.66,47097.507,0,coinbase
1669507200,6.64,6.95,6.58,6.67,6.733333333333334,46135.492,0,coinbase
1669593600,6.68,6.84,6.37,6.53,6.580000000000001,36152.842,0,coinbase
1669680000,6.54,6.89,6.48,6.76,6.710000000000001,44574.016,0,coinbase
1669766400,6.76,7.05,6.69,7.04,6.926666666666667,83999.783,0,coinbase
1669852800,7.05,7.05,6.77,6.83,6.883333333333333,32364.056,0,coinbase
1669939200,6.84,7.07,6.74,7.03,6.946666666666666,74707.735,0,coinbase
1670025600,7.04,7.06,6.68,6.72,6.819999999999999,34046.928,0,coinbase
1670112000,6.71,6.91,6.71,6.88,6.833333333333333,41011.942,0,coinbase
1670198400,6.87,10.32,6.87,8.77,8.653333333333334,500392.21,0,coinbase
1670284800,8.8,9.84,8.28,8.75,8.956666666666665,313891.819,0,coinbase
1670371200,8.78,9.2,8.17,8.44,8.603333333333332,131205.001,0,coinbase
1670457600,8.45,8.47,7.93,8.27,8.223333333333333,116637.578,0,coinbase
1670544000,8.27,8.32,7.88,8.02,8.073333333333332,56913.596,0,coinbase
1670630400,8.02,8.68,7.87,8.3,8.283333333333333,132382.699,0,coinbase
1670716800,8.3,8.35,7.92,8.06,8.11,53838.48,0,coinbase
1670803200,8.04,8.06,7.53,7.73,7.773333333333333,57571.867,0,coinbase
1670889600,7.75,7.82,7.25,7.7,7.59,74278.468,0,coinbase
1670976000,7.7,8.16,7.49,7.74,7.796666666666667,105347.205,0,coinbase
1671062400,7.74,7.78,7.44,7.47,7.5633333333333335,43501.849,0,coinbase
1671148800,7.49,7.64,6.52,6.66,6.94,58613.025,0,coinbase
1671235200,6.66,7.01,6.54,6.96,6.836666666666667,36127.932,0,coinbase
1671321600,6.94,6.94,6.75,6.85,6.846666666666667,20891.009,0,coinbase
1671408000,6.85,7.13,6.33,6.53,6.663333333333334,49558.406,0,coinbase
1671494400,6.54,7.01,6.54,6.96,6.836666666666667,39682.863,0,coinbase
1671580800,6.96,6.98,6.73,6.83,6.846666666666667,25868.305,0,coinbase
1671667200,6.82,7.23,6.68,7.07,6.993333333333333,51692.172,0,coinbase
1671753600,7.06,7.18,6.95,7.08,7.07,81387.836,0,coinbase
1671840000,7.09,7.14,6.95,6.97,7.02,44453.514,0,coinbase
1671926400,6.98,7.04,6.76,6.88,6.8933333333333335,46253.863,0,coinbase
1672012800,6.89,6.96,6.76,6.9,6.873333333333332,27152.331,0,coinbase
1672099200,6.91,6.92,6.57,6.71,6.733333333333333,25826.297,0,coinbase
1672185600,6.73,6.73,6.18,6.28,6.396666666666667,40236.729,0,coinbase
1672272000,6.28,6.34,5.86,6.17,6.123333333333332,40355.424,0,coinbase
1672358400,6.14,6.19,5.85,5.98,6.006666666666667,50603.037,0,coinbase
1672444800,5.98,6.1,5.93,6.04,6.023333333333333,26424.744,0,coinbase
1672531200,6.04,6.5,5.94,6.31,6.25,49427.65,0,coinbase
1672617600,6.3,6.47,6.09,6.41,6.323333333333333,50253.246,0,coinbase
1672704000,6.42,6.56,6.32,6.53,6.47,43353.878,0,coinbase
1672790400,6.52,6.79,6.48,6.64,6.636666666666667,73016.324,0,coinbase
1672876800,6.64,7.12,6.6,6.77,6.829999999999999,88182.898,0,coinbase
1672963200,6.77,6.86,6.45,6.84,6.716666666666666,49203.353,0,coinbase
1673049600,6.84,7.13,6.77,6.88,6.926666666666666,83291.425,0,coinbase
1673136000,6.89,7.25,6.74,7.22,7.07,46157.215,0,coinbase
1673222400,7.23,7.87,7.19,7.33,7.463333333333334,149372.682,0,coinbase
1673308800,7.33,7.75,7.12,7.48,7.45,120953.225,0,coinbase
1673395200,7.48,7.55,7.11,7.55,7.403333333333333,43909.895,0,coinbase
1673481600,7.54,8.13,7.47,7.98,7.86,149746.836,0,coinbase
1673568000,7.98,9.35,7.8,9.08,8.743333333333332,184023.258,0,coinbase
1673654400,9.07,10.21,8.62,9.4,9.409999999999998,352858.831,0,coinbase
1673740800,9.4,9.49,8.71,9.27,9.156666666666668,184974.258,0,coinbase
1673827200,9.31,9.54,8.53,8.95,9.006666666666666,147749.751,0,coinbase
1673913600,8.92,9.2,8.64,8.83,8.89,83289.256,0,coinbase
1674000000,8.85,8.99,7.71,8.04,8.246666666666666,115974.006,0,coinbase
1674086400,8.07,8.5,8.03,8.32,8.283333333333333,41632.86,0,coinbase
1674172800,8.29,9.14,8.18,9.1,8.806666666666667,73015.357,0,coinbase
1674259200,9.11,9.65,8.87,8.96,9.16,160077.116,0,coinbase
1674345600,8.98,12.62,8.98,12.57,11.39,516981.263,0,coinbase
1674432000,12.55,13.93,12.01,12.26,12.733333333333333,581872.064,0,coinbase
1674518400,12.26,12.48,10.86,11.1,11.479999999999999,408109.136,0,coinbase
1674604800,11.09,12.31,10.79,11.72,11.606666666666667,790333.345,0,coinbase
1674691200,11.73,12.46,11.36,11.84,11.886666666666665,338311.152,0,coinbase
1674777600,11.87,11.98,11.04,11.52,11.513333333333334,225120.283,0,coinbase
1674864000,11.53,12.32,11.22,11.43,11.656666666666666,153469.055,0,coinbase
1674950400,11.44,12.36,11.25,12.21,11.94,210621.617,0,coinbase
1675036800,12.22,12.36,10.41,10.86,11.209999999999999,321304.645,0,coinbase
1675123200,10.86,11.01,10.47,10.91,10.796666666666667,396683.958,0,coinbase
1675209600,10.9,11.47,10.22,11.44,11.043333333333335,159722.076,0,coinbase
1675296000,11.43,12.02,11.04,11.2,11.42,206499.616,0,coinbase
1675382400,11.22,11.63,11.03,11.48,11.38,88319.023,0,coinbase
1675468800,11.46,11.78,11.19,11.41,11.459999999999999,86624.941,0,coinbase
1675555200,11.38,11.85,10.61,10.93,11.13,143277.178,0,coinbase
1675641600,10.95,11.18,10.57,10.65,10.799999999999999,89719.832,0,coinbase
1675728000,10.66,11.75,10.65,11.7,11.366666666666665,113223.989,0,coinbase
1675814400,11.73,12.34,11.31,11.95,11.866666666666665,268182.346,0,coinbase
1675900800,12.0,12.45,10.01,10.25,10.903333333333334,332303.051,0,coinbase
1675987200,10.23,10.34,9.92,10.11,10.123333333333333,123318.617,0,coinbase
1676073600,10.11,10.48,10.06,10.35,10.296666666666667,51609.428,0,coinbase
1676160000,10.36,10.37,9.7,9.91,9.993333333333334,51713.913,0,coinbase
1676246400,9.91,9.96,9.17,9.6,9.576666666666668,77522.025,0,coinbase
1676332800,9.6,9.99,9.32,9.97,9.76,80886.107,0,coinbase
1676419200,9.98,10.83,9.8,10.83,10.486666666666666,134199.424,0,coinbase
1676505600,10.81,11.2,10.09,10.12,10.469999999999999,256520.634,0,coinbase
1676592000,10.1,10.8,10.07,10.67,10.513333333333334,89491.997,0,coinbase
1676678400,10.66,11.37,10.64,10.92,10.976666666666667,82875.156,0,coinbase
1676764800,10.9,11.18,10.63,10.92,10.910000000000002,62604.831,0,coinbase
1676851200,10.93,11.4,10.48,11.26,11.046666666666667,162023.646,0,coinbase
1676937600,11.26,11.6,10.54,10.81,10.983333333333334,169259.511,0,coinbase
1677024000,10.82,10.84,10.1,10.56,10.5,105919.879,0,coinbase
1677110400,10.6,10.78,10.3,10.53,10.536666666666667,57684.852,0,coinbase
1677196800,10.5,10.64,9.79,10.03,10.153333333333334,68694.782,0,coinbase
1677283200,10.02,10.2,9.45,9.8,9.816666666666666,60219.83,0,coinbase
1677369600,9.81,10.04,9.71,10.01,9.92,40094.844,0,coinbase
1677456000,10.0,10.19,9.75,9.98,9.973333333333333,40206.371,0,coinbase
1677542400,9.98,10.01,9.56,9.59,9.72,28707.791,0,coinbase
1677628800,9.59,10.06,9.51,10.02,9.863333333333333,34647.889,0,coinbase
1677715200,10.03,10.03,9.55,9.74,9.773333333333333,30847.903,0,coinbase
1677801600,9.74,9.74,8.81,9.11,9.22,139173.857,0,coinbase
1677888000,9.11,9.26,8.7,8.8,8.92,31771.682,0,coinbase
1677974400,8.8,8.98,8.73,8.77,8.826666666666666,37712.441,0,coinbase
1678060800,8.77,8.98,8.5,8.9,8.793333333333335,75754.548,0,coinbase
1678147200,8.9,9.0,8.44,8.64,8.693333333333333,57095.636,0,coinbase
1678233600,8.65,8.67,7.77,7.93,8.123333333333333,98604.885,0,coinbase
1678320000,7.92,8.22,7.23,7.37,7.6066666666666665,103656.115,0,coinbase
1678406400,7.38,7.47,6.88,7.44,7.263333333333333,144514.234,0,coinbase
1678492800,7.44,7.74,7.01,7.34,7.363333333333333,150156.848,0,coinbase
1678579200,7.34,7.97,7.15,7.96,7.693333333333334,97934.729,0,coinbase
1678665600,7.96,8.46,7.72,8.35,8.176666666666668,257735.448,0,coinbase
1678752000,8.36,9.05,8.07,8.62,8.58,500156.387,0,coinbase
1678838400,8.64,8.82,7.65,7.85,8.106666666666667,264409.22,0,coinbase
1678924800,7.84,8.11,7.73,8.01,7.95,126726.132,0,coinbase
1679011200,8.01,9.0,7.9,8.96,8.62,87683.151,0,coinbase
1679097600,8.92,9.49,8.69,8.76,8.979999999999999,197852.808,0,coinbase
1679184000,8.77,9.84,8.77,9.14,9.25,169136.666,0,coinbase
1679270400,9.12,9.3,8.51,8.63,8.813333333333334,112140.519,0,coinbase
1679356800,8.66,8.92,8.26,8.87,8.683333333333332,171298.302,0,coinbase
1679443200,8.86,8.89,8.12,8.37,8.459999999999999,170612.84,0,coinbase
1679529600,8.38,8.83,8.25,8.72,8.6,85008.756,0,coinbase
1679616000,8.73,8.73,8.12,8.37,8.406666666666666,69275.219,0,coinbase
1679702400,8.38,8.66,8.14,8.28,8.36,42497.452,0,coinbase
1679788800,8.27,8.49,8.23,8.42,8.38,11468.97,0,coinbase
1679875200,8.42,8.42,7.81,8.03,8.086666666666666,43902.649,0,coinbase
1679961600,8.04,8.32,7.91,8.26,8.163333333333334,19850.322,0,coinbase
1680048000,8.25,8.61,8.21,8.53,8.450000000000001,45472.756,0,coinbase
1680134400,8.52,8.63,8.11,8.25,8.33,39696.73,0,coinbase
1680220800,8.26,8.43,8.06,8.41,8.3,34229.956,0,coinbase
1680307200,8.41,8.54,8.3,8.52,8.453333333333333,33861.027,0,coinbase
1680393600,8.53,8.62,8.19,8.31,8.373333333333333,38450.542,0,coinbase
1680480000,8.32,8.43,8.05,8.26,8.246666666666668,63963.801,0,coinbase
1680566400,8.28,8.51,8.17,8.43,8.37,43809.235,0,coinbase
1680652800,8.44,8.78,8.36,8.77,8.636666666666667,64750.416,0,coinbase
1680739200,8.73,8.77,8.39,8.56,8.573333333333332,32714.788,0,coinbase
1680825600,8.56,9.0,8.46,8.81,8.756666666666668,155216.707,0,coinbase
1680912000,8.84,8.94,8.44,8.51,8.63,131566.828,0,coinbase
1680998400,8.5,8.59,8.33,8.48,8.466666666666667,48360.516,0,coinbase
1681084800,8.47,8.69,8.37,8.67,8.576666666666666,69993.533,0,coinbase
1681171200,8.67,8.83,8.59,8.7,8.706666666666667,66560.183,0,coinbase
1681257600,8.7,8.74,8.28,8.61,8.543333333333333,114593.554,0,coinbase
1681344000,8.62,8.83,8.51,8.8,8.713333333333333,88402.922,0,coinbase
1681430400,8.8,9.26,8.78,9.05,9.03,182952.518,0,coinbase
1681516800,9.05,9.16,8.97,9.04,9.056666666666667,89557.231,0,coinbase
1681603200,9.03,9.35,8.85,9.26,9.153333333333334,82176.799,0,coinbase
1681689600,9.26,9.4,8.98,9.38,9.253333333333336,90678.815,0,coinbase
1681776000,9.36,9.6,9.21,9.38,9.396666666666668,135584.087,0,coinbase
1681862400,9.39,9.4,8.27,8.43,8.700000000000001,230664.635,0,coinbase
1681948800,8.42,8.52,8.11,8.21,8.28,84645.973,0,coinbase
1682035200,8.21,8.3,7.78,7.93,8.003333333333334,89020.343,0,coinbase
1682121600,7.92,8.08,7.82,8.08,7.993333333333333,17985.939,0,coinbase
1682208000,8.07,8.07,7.69,7.94,7.900000000000001,12407.838,0,coinbase
1682294400,7.91,8.03,7.66,7.85,7.846666666666667,52421.529,0,coinbase
1682380800,7.87,8.04,7.62,8.02,7.8933333333333335,41661.008,0,coinbase
1682467200,8.0,8.48,7.44,7.82,7.913333333333334,65791.238,0,coinbase
1682553600,7.82,8.03,7.77,7.93,7.909999999999999,29579.421,0,coinbase
1682640000,7.96,8.04,7.8,7.99,7.9433333333333325,26963.697,0,coinbase
1682726400,7.99,8.07,7.9,8.02,7.996666666666667,20347.385,0,coinbase
1682812800,8.01,8.13,7.86,7.9,7.963333333333334,29063.734,0,coinbase
1682899200,7.92,7.94,7.48,7.62,7.680000000000001,26677.174,0,coinbase
1682985600,7.6,7.67,7.52,7.62,7.603333333333333,29586.189,0,coinbase
1683072000,7.62,7.78,7.4,7.72,7.633333333333333,19527.523,0,coinbase
1683158400,7.72,7.72,7.51,7.57,7.6000000000000005,9068.142,0,coinbase
1683244800,7.57,7.81,7.49,7.73,7.676666666666667,10435.142,0,coinbase
1683331200,7.73,7.76,7.28,7.4,7.4799999999999995,25891.378,0,coinbase
1683417600,7.4,7.45,7.25,7.28,7.326666666666667,15791.646,0,coinbase
1683504000,7.26,7.31,6.51,6.82,6.88,62041.87,0,coinbase
1683590400,6.81,7.02,6.76,6.93,6.903333333333333,19121.921,0,coinbase
1683676800,6.93,7.08,6.61,6.98,6.890000000000001,53149.476,0,coinbase
1683763200,6.98,6.98,6.62,6.73,6.776666666666667,19502.759,0,coinbase
1683849600,6.71,6.81,6.48,6.78,6.69,19443.775,0,coinbase
1683936000,6.81,6.83,6.68,6.78,6.763333333333333,8550.262,0,coinbase
1684022400,6.77,6.83,6.69,6.82,6.78,12266.481,0,coinbase
1684108800,6.81,6.91,6.71,6.81,6.81,12316.114,0,coinbase
1684195200,6.81,6.85,6.72,6.83,6.8,36895.038,0,coinbase
1684281600,6.83,8.26,6.8,7.33,7.463333333333334,227750.17,0,coinbase
1684368000,7.34,7.57,6.9,7.03,7.166666666666667,113744.703,0,coinbase
1684454400,7.04,7.12,6.92,7.02,7.02,50910.339,0,coinbase
1684540800,7.02,7.07,6.94,7.05,7.0200000000000005,20656.932,0,coinbase
1684627200,7.05,7.05,6.76,6.83,6.88,32413.973,0,coinbase
1684713600,6.82,6.95,6.68,6.9,6.843333333333334,42016.202,0,coinbase
1684800000,6.9,7.05,6.84,6.93,6.94,23297.895,0,coinbase
1684886400,6.92,6.92,6.52,6.65,6.696666666666666,77401.688,0,coinbase
1684972800,6.66,7.19,6.49,6.92,6.866666666666667,91215.575,0,coinbase
1685059200,6.92,6.93,6.72,6.86,6.836666666666666,39130.089,0,coinbase
1685145600,6.88,7.03,6.81,7.01,6.95,20653.815,0,coinbase
1685232000,7.0,7.23,6.96,7.16,7.116666666666667,23188.981,0,coinbase
1685318400,7.14,7.26,7.05,7.17,7.159999999999999,34541.039,0,coinbase
1685404800,7.18,7.19,7.02,7.08,7.096666666666667,20192.057,0,coinbase
1685491200,7.07,7.11,6.82,6.86,6.93,43976.231,0,coinbase
1685577600,6.87,7.04,6.76,6.98,6.926666666666667,50288.27,0,coinbase
1685664000,6.97,7.15,6.93,7.14,7.073333333333333,21727.558,0,coinbase
1685750400,7.15,7.24,7.1,7.16,7.166666666666667,23817.995,0,coinbase
1685836800,7.18,7.33,7.15,7.24,7.239999999999999,33806.854,0,coinbase
1685923200,7.24,7.49,6.54,6.57,6.866666666666667,127981.923,0,coinbase
1686009600,6.58,6.81,6.43,6.76,6.666666666666667,69415.788,0,coinbase
1686096000,6.76,6.77,6.14,6.29,6.3999999999999995,43078.476,0,coinbase
1686182400,6.26,6.31,6.12,6.24,6.223333333333334,17133.78,0,coinbase
1686268800,6.24,6.31,5.96,6.03,6.1000000000000005,24539.425,0,coinbase
1686355200,6.01,6.02,4.73,4.98,5.243333333333333,117877.341,0,coinbase
1686441600,5.0,5.05,4.86,4.96,4.956666666666667,44773.484,0,coinbase
1686528000,4.96,4.99,4.75,4.91,4.883333333333334,44454.058,0,coinbase
1686614400,4.91,5.18,4.81,4.91,4.966666666666666,61842.368,0,coinbase
1686700800,4.9,5.12,4.61,4.71,4.8133333333333335,43434.753,0,coinbase
1686787200,4.7,4.85,4.6,4.78,4.743333333333333,35709.308,0,coinbase
1686873600,4.76,4.88,4.64,4.83,4.783333333333333,36535.562,0,coinbase
1686960000,4.83,5.03,4.81,4.91,4.916666666666667,32003.295,0,coinbase
1687046400,4.89,5.02,4.84,4.84,4.8999999999999995,20066.977,0,coinbase
1687132800,4.85,4.99,4.8,4.98,4.923333333333333,17764.877,0,coinbase
1687219200,4.97,5.24,4.87,5.23,5.113333333333333,27716.888,0,coinbase
1687305600,5.22,5.56,5.2,5.5,5.419999999999999,54817.509,0,coinbase
1687392000,5.49,5.7,5.34,5.36,5.466666666666666,45023.487,0,coinbase
1687478400,5.37,5.82,5.37,5.67,5.62,69376.335,0,coinbase
1687564800,5.67,6.45,5.64,5.91,6.0,113039.28,0,coinbase
1687651200,5.91,6.27,5.82,5.87,5.986666666666667,57466.914,0,coinbase
1687737600,5.87,5.87,5.57,5.79,5.743333333333333,46736.163,0,coinbase
1687824000,5.8,5.99,5.79,5.89,5.890000000000001,49802.881,0,coinbase
1687910400,5.88,5.89,5.45,5.53,5.623333333333334,26401.509,0,coinbase
1687996800,5.54,5.76,5.49,5.65,5.633333333333333,37318.917,0,coinbase
1688083200,5.66,6.0,5.42,5.95,5.79,82798.223,0,coinbase
1688169600,5.97,6.72,5.97,6.49,6.3933333333333335,114964.289,0,coinbase
1688256000,6.48,6.48,6.13,6.29,6.3,38011.585,0,coinbase
1688342400,6.27,6.43,6.19,6.32,6.3133333333333335,45952.249,0,coinbase
1688428800,6.32,6.45,6.11,6.15,6.236666666666667,26029.242,0,coinbase
1688515200,6.16,6.25,5.88,5.97,6.033333333333332,25643.325,0,coinbase
1688601600,5.96,6.17,5.78,5.8,5.916666666666667,36404.722,0,coinbase
1688688000,5.79,6.01,5.73,5.95,5.896666666666667,21828.79,0,coinbase
1688774400,5.94,5.98,5.7,5.85,5.843333333333334,23610.16,0,coinbase
1688860800,5.86,5.94,5.78,5.78,5.833333333333333,19722.403,0,coinbase
1688947200,5.79,5.91,5.65,5.79,5.783333333333334,20368.054,0,coinbase
1689033600,5.79,5.94,5.76,5.93,5.876666666666666,11411.046,0,coinbase
1689120000,5.92,6.04,5.88,5.99,5.97,18786.741,0,coinbase
1689206400,5.98,6.82,5.9,6.7,6.473333333333334,80209.12,0,coinbase
1689292800,6.72,6.89,6.19,6.4,6.493333333333333,62654.123,0,coinbase
1689379200,6.37,6.47,6.27,6.34,6.359999999999999,21422.717,0,coinbase
1689465600,6.33,6.35,6.16,6.19,6.233333333333333,14886.376,0,coinbase
1689552000,6.18,6.55,6.17,6.35,6.3566666666666665,27377.023,0,coinbase
1689638400,6.36,6.49,6.18,6.29,6.32,33613.291,0,coinbase
1689724800,6.3,6.44,6.27,6.38,6.363333333333333,18118.817,0,coinbase
1689811200,6.4,6.56,6.34,6.45,6.449999999999999,17258.685,0,coinbase
1689897600,6.48,6.56,6.37,6.47,6.466666666666666,14524.419,0,coinbase
1689984000,6.48,6.55,6.32,6.38,6.416666666666667,16120.969,0,coinbase
1690070400,6.38,6.53,6.3,6.49,6.44,25514.549,0,coinbase
1690156800,6.49,6.56,6.08,6.15,6.263333333333333,34279.929,0,coinbase
1690243200,6.14,6.14,5.94,6.04,6.04,37034.106,0,coinbase
1690329600,6.02,6.13,5.92,6.07,6.04,18979.078,0,coinbase
1690416000,6.06,6.14,5.97,6.05,6.053333333333334,23299.041,0,coinbase
1690502400,6.04,6.13,5.99,6.11,6.076666666666667,28303.633,0,coinbase
1690588800,6.1,6.32,6.08,6.22,6.206666666666667,23613.705,0,coinbase
1690675200,6.22,6.41,5.88,6.1,6.13,28833.048,0,coinbase
1690761600,6.09,6.17,5.94,6.02,6.043333333333333,21930.257,0,coinbase
1690848000,6.0,6.31,5.84,6.08,6.076666666666665,82626.67,0,coinbase
1690934400,6.07,6.12,5.86,5.92,5.966666666666666,21205.888,0,coinbase
1691020800,5.92,5.94,5.75,5.79,5.826666666666667,22894.902,0,coinbase
1691107200,5.78,5.81,5.64,5.72,5.723333333333333,21205.698,0,coinbase
1691193600,5.73,5.85,5.66,5.85,5.786666666666666,19702.13,0,coinbase
1691280000,5.83,5.96,5.77,5.79,5.84,14535.062,0,coinbase
1691366400,5.82,5.91,5.6,5.79,5.766666666666667,31860.94,0,coinbase
1691452800,5.79,6.04,5.76,5.94,5.913333333333334,33739.676,0,coinbase
1691539200,5.96,5.97,5.88,5.94,5.93,22236.486,0,coinbase
1691625600,5.94,5.99,5.87,5.93,5.93,18217.218,0,coinbase
1691712000,5.92,6.06,5.9,5.97,5.976666666666667,11466.162,0,coinbase
1691798400,5.97,6.14,5.95,6.05,6.046666666666667,9757.736,0,coinbase
1691884800,6.06,6.06,5.84,5.87,5.923333333333333,12633.617,0,coinbase
1691971200,5.86,5.92,5.81,5.84,5.8566666666666665,27271.115,0,coinbase
1692057600,5.84,5.84,5.36,5.57,5.59,33687.218,0,coinbase
1692144000,5.57,5.58,5.15,5.27,5.333333333333333,27893.353,0,coinbase
1692230400,5.25,5.38,4.43,4.85,4.886666666666666,38470.675,0,coinbase
1692316800,4.84,4.95,4.77,4.88,4.866666666666666,42528.178,0,coinbase
1692403200,4.87,4.97,4.85,4.95,4.923333333333333,22874.268,0,coinbase
1692489600,4.96,4.99,4.89,4.94,4.94,15253.651,0,coinbase
1692576000,4.93,4.98,4.77,4.89,4.88,31916.081,0,coinbase
1692662400,4.9,4.94,4.7,4.9,4.846666666666667,26960.289,0,coinbase
1692748800,4.9,5.05,4.85,4.97,4.956666666666666,18890.424,0,coinbase
1692835200,4.98,4.99,4.81,4.87,4.890000000000001,60091.824,0,coinbase
1692921600,4.88,4.88,4.75,4.85,4.826666666666666,14942.383,0,coinbase
1693008000,4.85,4.86,4.81,4.81,4.826666666666667,4708.089,0,coinbase
1693094400,4.83,4.9,4.81,4.87,4.86,20359.442,0,coinbase
1693180800,4.87,4.88,4.68,4.84,4.8,18367.981,0,coinbase
1693267200,4.85,5.03,4.7,5.0,4.91,39799.461,0,coinbase
1693353600,5.0,5.01,4.84,4.88,4.91,14430.207,0,coinbase
1693440000,4.88,4.9,4.58,4.67,4.716666666666667,87378.677,0,coinbase
1693526400,4.66,4.69,4.46,4.49,4.546666666666667,33864.118,0,coinbase
1693612800,4.5,4.55,4.42,4.5,4.489999999999999,46229.11,0,coinbase
1693699200,4.5,4.51,4.41,4.48,4.466666666666667,28629.324,0,coinbase
1693785600,4.47,4.57,4.43,4.51,4.503333333333333,33964.211,0,coinbase
1693872000,4.51,4.59,4.44,4.55,4.526666666666667,35123.758,0,coinbase
1693958400,4.55,4.63,4.42,4.53,4.526666666666667,26777.142,0,coinbase
1694044800,4.52,4.62,4.48,4.57,4.5566666666666675,27781.154,0,coinbase
1694131200,4.58,4.67,4.49,4.53,4.5633333333333335,28468.895,0,coinbase
1694217600,4.54,4.57,4.52,4.55,4.546666666666667,21479.301,0,coinbase
1694304000,4.53,4.53,4.33,4.38,4.413333333333333,22604.585,0,coinbase
1694390400,4.39,4.39,4.06,4.16,4.203333333333333,42031.761,0,coinbase
1694476800,4.16,4.3,4.14,4.18,4.206666666666666,37795.226,0,coinbase
1694563200,4.18,4.29,4.1,4.24,4.21,40372.569,0,coinbase
1694649600,4.26,5.16,4.22,4.77,4.716666666666666,156234.118,0,coinbase
1694736000,4.77,5.05,4.62,4.8,4.823333333333333,170766.505,0,coinbase
1694822400,4.79,4.97,4.66,4.74,4.79,80750.019,0,coinbase
1694908800,4.74,4.75,4.42,4.49,4.553333333333334,63729.299,0,coinbase
1694995200,4.49,4.6,4.43,4.52,4.516666666666667,45472.43,0,coinbase
1695081600,4.53,4.63,4.48,4.57,4.56,39602.455,0,coinbase
1695168000,4.56,4.6,4.46,4.55,4.536666666666666,46647.34,0,coinbase
1695254400,4.55,4.61,4.37,4.4,4.46,34873.171,0,coinbase
1695340800,4.41,4.45,4.35,4.44,4.413333333333334,20363.926,0,coinbase
1695427200,4.44,4.47,4.4,4.45,4.44,12104.536,0,coinbase
1695513600,4.43,4.8,4.4,4.49,4.5633333333333335,89724.427,0,coinbase
1695600000,4.52,4.69,4.52,4.6,4.6033333333333335,31018.649,0,coinbase
1695686400,4.6,4.68,4.43,4.52,4.543333333333333,24090.74,0,coinbase
1695772800,4.51,4.54,4.4,4.44,4.460000000000001,21591.3,0,coinbase
1695859200,4.44,4.53,4.42,4.51,4.486666666666666,11717.608,0,coinbase
1695945600,4.5,4.6,4.47,4.59,4.553333333333334,19414.052,0,coinbase
1696032000,4.61,4.63,4.52,4.59,4.579999999999999,9376.89,0,coinbase
1696118400,4.59,4.81,4.57,4.77,4.716666666666666,22226.258,0,coinbase
1696204800,4.79,4.8,4.48,4.58,4.62,27023.226,0,coinbase
1696291200,4.57,4.63,4.49,4.5,4.54,16808.634,0,coinbase
1696377600,4.5,4.51,4.34,4.49,4.446666666666666,15748.539,0,coinbase
1696464000,4.49,4.51,4.38,4.41,4.433333333333334,15289.48,0,coinbase
1696550400,4.42,4.54,4.41,4.52,4.489999999999999,37001.857,0,coinbase
1696636800,4.51,4.52,4.47,4.51,4.499999999999999,10244.088,0,coinbase
1696723200,4.51,4.53,4.43,4.45,4.47,21667.892,0,coinbase
1696809600,4.45,4.5,4.17,4.29,4.32,26256.269,0,coinbase
1696896000,4.3,4.32,4.2,4.26,4.26,9221.794,0,coinbase
1696982400,4.26,4.28,4.14,4.21,4.21,13748.932,0,coinbase
1697068800,4.21,4.26,4.15,4.23,4.213333333333334,13600.612,0,coinbase
1697155200,4.21,4.27,4.18,4.21,4.22,13890.397,0,coinbase
1697241600,4.22,4.41,4.21,4.3,4.3066666666666675,16724.129,0,coinbase
1697328000,4.3,4.33,4.25,4.28,4.286666666666666,13307.791,0,coinbase
1697414400,4.27,4.45,4.27,4.31,4.343333333333333,56561.825,0,coinbase
1697500800,4.31,4.37,4.17,4.22,4.253333333333333,29986.885,0,coinbase
1697587200,4.23,4.25,4.11,4.14,4.166666666666667,21215.663,0,coinbase
1697673600,4.15,4.18,4.06,4.13,4.123333333333332,26116.187,0,coinbase
1697760000,4.13,4.29,4.1,4.24,4.21,118852.053,0,coinbase
1697846400,4.24,4.49,4.22,4.4,4.37,38234.893,0,coinbase
1697932800,4.41,4.49,4.35,4.45,4.43,26486.818,0,coinbase
1698019200,4.45,4.72,4.41,4.68,4.603333333333333,55164.712,0,coinbase
1698105600,4.68,4.83,4.51,4.69,4.676666666666667,121752.92,0,coinbase
1698192000,4.68,4.77,4.55,4.72,4.68,33044.682,0,coinbase
1698278400,4.72,4.97,4.64,4.89,4.833333333333333,90510.111,0,coinbase
1698364800,4.88,4.88,4.66,4.7,4.746666666666666,56361.639,0,coinbase
1698451200,4.72,5.15,4.71,5.13,4.996666666666666,70942.188,0,coinbase
1698537600,5.11,5.86,4.95,5.66,5.489999999999999,226848.168,0,coinbase
1698624000,5.65,5.98,5.59,5.76,5.776666666666666,173356.64,0,coinbase
1698710400,5.75,5.76,5.27,5.48,5.503333333333333,67472.027,0,coinbase
1698796800,5.47,5.62,5.18,5.52,5.44,129780.25,0,coinbase
1698883200,5.52,5.74,5.3,5.45,5.496666666666666,90042.769,0,coinbase
1698969600,5.43,5.49,5.24,5.45,5.3933333333333335,76353.705,0,coinbase
1699056000,5.43,5.63,5.41,5.61,5.55,52421.841,0,coinbase
1699142400,5.6,5.88,5.6,5.72,5.733333333333333,66664.074,0,coinbase
1699228800,5.73,6.2,5.71,6.03,5.98,101050.759,0,coinbase
1699315200,6.02,6.07,5.64,5.87,5.86,57538.895,0,coinbase
1699401600,5.87,6.12,5.74,6.04,5.966666666666666,81772.065,0,coinbase
1699488000,6.02,6.26,5.34,5.96,5.853333333333333,145904.922,0,coinbase
1699574400,5.97,6.4,5.88,6.21,6.163333333333334,84977.895,0,coinbase
1699660800,6.23,6.61,5.94,6.39,6.3133333333333335,115876.232,0,coinbase
1699747200,6.38,6.53,6.13,6.36,6.34,126288.093,0,coinbase
1699833600,6.35,6.52,6.1,6.16,6.260000000000001,160304.012,0,coinbase
1699920000,6.15,6.35,5.78,6.08,6.07,94647.96,0,coinbase
1700006400,6.08,6.45,6.02,6.45,6.306666666666666,72894.915,0,coinbase
1700092800,6.42,6.59,6.14,6.3,6.343333333333334,88364.806,0,coinbase
1700179200,6.27,6.75,6.04,6.33,6.373333333333332,64419.734,0,coinbase
1700265600,6.3,6.33,5.78,6.06,6.056666666666666,42239.527,0,coinbase
1700352000,6.05,6.29,5.89,6.27,6.1499999999999995,40899.435,0,coinbase
1700438400,6.24,6.33,6.03,6.13,6.163333333333333,64007.075,0,coinbase
1700524800,6.11,6.31,5.46,5.48,5.75,63448.26,0,coinbase
1700611200,5.49,6.0,5.49,5.9,5.796666666666667,44781.226,0,coinbase
1700697600,5.91,5.95,5.76,5.86,5.8566666666666665,34136.486,0,coinbase
1700784000,5.85,6.07,5.82,5.96,5.95,36791.127,0,coinbase
1700870400,5.96,6.46,5.93,6.36,6.25,81361.38,0,coinbase
1700956800,6.36,7.06,6.18,6.73,6.656666666666666,193681.504,0,coinbase
1701043200,6.75,8.25,6.55,6.93,7.243333333333333,390994.882,0,coinbase
1701129600,6.92,7.08,6.41,6.8,6.763333333333333,152529.038,0,coinbase
1701216000,6.79,6.84,6.43,6.49,6.586666666666666,97342.618,0,coinbase
1701302400,6.5,6.5,6.26,6.37,6.376666666666666,78713.456,0,coinbase
1701388800,6.37,6.6,6.28,6.51,6.463333333333334,72908.36,0,coinbase
1701475200,6.5,6.72,6.5,6.66,6.626666666666666,81853.455,0,coinbase
1701561600,6.67,7.06,6.47,6.75,6.760000000000001,108786.549,0,coinbase
1701648000,6.75,6.93,6.43,6.76,6.706666666666666,81769.388,0,coinbase
1701734400,6.76,7.21,6.7,7.05,6.986666666666667,186387.139,0,coinbase
1701820800,7.06,7.51,6.89,6.93,7.109999999999999,169213.754,0,coinbase
1701907200,6.95,7.69,6.95,7.33,7.323333333333333,149738.011,0,coinbase
1701993600,7.35,7.9,7.17,7.68,7.583333333333333,112274.049,0,coinbase
1702080000,7.67,7.88,7.55,7.63,7.6866666666666665,118479.106,0,coinbase
1702166400,7.66,8.19,7.61,7.85,7.883333333333333,105672.072,0,coinbase
1702252800,7.84,7.85,6.84,7.09,7.260000000000001,186883.295,0,coinbase
1702339200,7.1,7.31,6.98,7.2,7.163333333333333,87032.036,0,coinbase
1702425600,7.22,7.3,6.73,7.27,7.1000000000000005,86677.34,0,coinbase
1702512000,7.27,7.51,7.1,7.43,7.346666666666667,92106.312,0,coinbase
1702598400,7.43,7.43,6.99,7.0,7.140000000000001,61633.579,0,coinbase
1702684800,7.0,7.34,6.91,7.23,7.16,68659.681,0,coinbase
1702771200,7.23,7.32,6.94,6.95,7.07,55768.367,0,coinbase
1702857600,6.95,7.03,6.46,6.94,6.81,141127.527,0,coinbase
1702944000,6.95,7.11,6.8,6.89,6.933333333333334,72184.342,0,coinbase
1703030400,6.89,7.56,6.83,7.28,7.223333333333334,115789.952,0,coinbase
1703116800,7.3,7.61,7.22,7.6,7.476666666666667,130903.361,0,coinbase
1703203200,7.6,7.67,7.32,7.62,7.536666666666666,77242.514,0,coinbase
1703289600,7.62,7.72,7.32,7.69,7.576666666666667,61501.887,0,coinbase
1703376000,7.71,9.61,7.61,9.14,8.786666666666667,438723.961,0,coinbase
1703462400,9.16,11.13,8.77,10.22,10.04,951333.682,0,coinbase
1703548800,10.23,11.11,9.14,9.88,10.043333333333335,497380.878,0,coinbase
1703635200,9.87,9.91,9.29,9.76,9.653333333333334,206755.864,0,coinbase
1703721600,9.7,9.86,8.62,9.1,9.193333333333333,216116.174,0,coinbase
1703808000,9.13,9.71,8.86,9.09,9.22,195421.777,0,coinbase
1703894400,9.09,9.34,8.81,9.06,9.07,121234.415,0,coinbase
1703980800,9.05,9.27,8.57,8.85,8.896666666666667,109101.076,0,coinbase
1704067200,8.84,9.31,8.61,9.26,9.06,104306.26,0,coinbase
1704153600,9.25,9.59,8.79,8.98,9.12,154513.879,0,coinbase
1704240000,8.96,9.12,7.26,7.94,8.106666666666667,232818.748,0,coinbase
1704326400,7.96,8.6,7.77,8.41,8.26,104166.145,0,coinbase
1704412800,8.42,8.51,7.65,7.96,8.040000000000001,106563.186,0,coinbase
1704499200,7.98,8.25,7.46,8.16,7.956666666666667,99622.95,0,coinbase
1704585600,8.15,8.25,7.38,7.5,7.71,69351.166,0,coinbase
1704672000,7.47,7.96,6.86,7.93,7.583333333333333,153378.009,0,coinbase
1704758400,7.93,7.96,7.2,7.49,7.55,86909.132,0,coinbase
1704844800,7.48,8.34,7.23,8.17,7.913333333333334,108678.572,0,coinbase
1704931200,8.2,8.77,8.1,8.51,8.459999999999999,213505.278,0,coinbase
1705017600,8.5,9.03,7.64,7.93,8.2,166042.099,0,coinbase
1705104000,7.95,8.28,7.66,8.19,8.043333333333333,88649.591,0,coinbase
1705190400,8.21,8.6,7.76,7.8,8.053333333333333,80738.49,0,coinbase
1705276800,7.79,8.04,7.75,7.86,7.883333333333333,58093.243,0,coinbase
1705363200,7.87,8.44,7.81,8.31,8.186666666666667,99461.408,0,coinbase
1705449600,8.31,8.45,7.9,8.09,8.146666666666667,89900.619,0,coinbase
1705536000,8.08,8.09,7.44,7.58,7.703333333333333,94918.106,0,coinbase
1705622400,7.57,7.83,7.11,7.58,7.506666666666668,133828.743,0,coinbase
1705708800,7.59,7.92,7.52,7.8,7.746666666666666,56949.045,0,coinbase
1705795200,7.78,8.01,7.7,7.79,7.833333333333333,32111.853,0,coinbase
1705881600,7.81,7.9,7.21,7.27,7.46,96136.708,0,coinbase
1705968000,7.26,7.41,6.72,7.06,7.063333333333333,172258.4,0,coinbase
1706054400,7.05,7.33,7.01,7.19,7.176666666666667,104690.642,0,coinbase
1706140800,7.2,7.2,6.95,7.1,7.083333333333333,101726.625,0,coinbase
1706227200,7.1,7.4,7.04,7.32,7.253333333333334,65929.017,0,coinbase
1706313600,7.33,7.43,7.2,7.37,7.333333333333333,45917.709,0,coinbase
1706400000,7.36,7.5,7.2,7.3,7.333333333333333,75856.905,0,coinbase
1706486400,7.29,7.51,7.17,7.49,7.390000000000001,44110.662,0,coinbase
1706572800,7.51,7.72,7.33,7.36,7.47,105960.174,0,coinbase
1706659200,7.37,7.44,6.87,6.97,7.093333333333334,137101.023,0,coinbase
1706745600,6.96,7.03,6.79,7.03,6.95,35568.563,0,coinbase
1706832000,7.01,7.17,6.98,7.12,7.09,38524.5,0,coinbase
1706918400,7.12,7.29,7.11,7.14,7.18,26905.643,0,coinbase
1707004800,7.13,7.13,6.92,6.96,7.003333333333334,25716.979,0,coinbase
1707091200,6.95,7.27,6.78,6.86,6.97,75053.171,0,coinbase
1707177600,6.87,6.99,6.81,6.94,6.913333333333334,24671.006,0,coinbase
1707264000,6.97,7.16,6.85,7.15,7.053333333333334,25750.631,0,coinbase
1707350400,7.14,7.59,7.11,7.25,7.316666666666666,31953.666,0,coinbase
1707436800,7.25,7.48,7.21,7.46,7.383333333333334,62066.388,0,coinbase
1707523200,7.49,7.55,7.3,7.44,7.43,27407.052,0,coinbase
1707609600,7.44,7.73,7.43,7.48,7.546666666666667,74180.07,0,coinbase
1707696000,7.5,7.93,7.44,7.85,7.739999999999999,123491.457,0,coinbase
1707782400,7.85,7.95,7.4,7.59,7.646666666666667,61447.146,0,coinbase
1707868800,7.58,7.93,7.52,7.88,7.776666666666666,65269.628,0,coinbase
1707955200,7.87,8.2,7.79,8.06,8.016666666666666,60271.437,0,coinbase
1708041600,8.08,8.35,7.87,8.1,8.106666666666667,56009.501,0,coinbase
1708128000,8.12,8.27,7.64,7.95,7.953333333333333,49986.306,0,coinbase
1708214400,7.96,8.29,7.85,8.18,8.106666666666667,64549.753,0,coinbase
1708300800,8.19,8.54,8.12,8.41,8.356666666666666,62787.532,0,coinbase
1708387200,8.43,8.52,7.77,8.18,8.156666666666666,72806.001,0,coinbase
1708473600,8.17,8.18,7.46,7.78,7.8066666666666675,40434.936,0,coinbase
1708560000,7.73,7.93,7.57,7.77,7.756666666666667,69103.104,0,coinbase
1708646400,7.78,7.94,7.57,7.8,7.7700000000000005,68991.581,0,coinbase
1708732800,7.78,8.12,7.66,8.08,7.953333333333333,57316.959,0,coinbase
1708819200,8.07,8.16,7.94,8.14,8.08,30609.442,0,coinbase
1708905600,8.13,8.71,8.04,8.66,8.47,126388.879,0,coinbase
1708992000,8.66,8.99,8.51,8.93,8.81,119350.848,0,coinbase
1709078400,8.9,9.51,8.29,9.05,8.95,184989.291,0,coinbase
1709164800,9.07,9.69,8.92,9.59,9.4,163724.002,0,coinbase
1709251200,9.6,9.99,9.25,9.91,9.716666666666667,174728.986,0,coinbase
1709337600,9.91,10.84,9.85,10.7,10.463333333333333,244951.043,0,coinbase
1709424000,10.69,11.7,9.79,10.3,10.596666666666666,318701.834,0,coinbase
1709510400,10.31,11.0,10.08,10.68,10.586666666666666,240362.267,0,coinbase
1709596800,10.69,11.09,8.61,9.74,9.813333333333333,251561.547,0,coinbase
1709683200,9.77,10.5,9.26,10.41,10.056666666666667,197598.538,0,coinbase
1709769600,10.4,10.89,10.3,10.71,10.633333333333335,210186.509,0,coinbase
1709856000,10.72,10.89,10.07,10.73,10.563333333333334,126561.92,0,coinbase
1709942400,10.73,12.86,10.59,12.44,11.963333333333333,505897.201,0,coinbase
1710028800,12.44,13.57,12.34,12.58,12.83,439326.762,0,coinbase
1710115200,12.56,13.3,11.68,12.56,12.513333333333334,408559.264,0,coinbase
1710201600,12.57,13.31,11.66,12.68,12.549999999999999,284486.81,0,coinbase
1710288000,12.69,13.04,12.23,12.68,12.65,168886.249,0,coinbase
1710374400,12.68,12.89,11.36,12.2,12.15,172438.718,0,coinbase
1710460800,12.23,12.28,10.35,11.33,11.32,180641.71,0,coinbase
1710547200,11.35,12.4,10.11,10.35,10.953333333333333,216204.453,0,coinbase
1710633600,10.41,10.98,9.83,10.83,10.546666666666667,174818.025,0,coinbase
1710720000,10.82,10.95,9.96,10.23,10.38,119880.165,0,coinbase
1710806400,10.22,10.34,8.96,9.31,9.536666666666667,175985.058,0,coinbase
1710892800,9.3,10.25,8.87,10.17,9.763333333333334,104910.968,0,coinbase
1710979200,10.16,10.34,9.79,10.12,10.083333333333334,80378.084,0,coinbase
1711065600,10.11,10.6,9.63,9.98,10.07,88253.557,0,coinbase
1711152000,9.97,10.66,9.81,10.34,10.27,97209.391,0,coinbase
1711238400,10.34,10.62,10.14,10.54,10.433333333333332,46127.549,0,coinbase
1711324800,10.55,11.03,10.45,10.84,10.773333333333332,141152.776,0,coinbase
1711411200,10.85,11.47,10.83,11.41,11.236666666666666,131376.562,0,coinbase
1711497600,11.41,11.94,10.74,10.93,11.203333333333333,182253.577,0,coinbase
1711584000,10.92,11.4,10.7,11.2,11.1,96635.819,0,coinbase
1711670400,11.19,11.42,10.77,11.17,11.12,137023.933,0,coinbase
1711756800,11.16,11.39,10.74,10.82,10.983333333333334,87335.72,0,coinbase
1711843200,10.8,11.04,10.77,11.04,10.949999999999998,54618.831,0,coinbase
1711929600,11.04,11.09,9.98,10.26,10.443333333333333,108734.802,0,coinbase
1712016000,10.25,10.25,9.45,9.5,9.733333333333333,123722.83,0,coinbase
1712102400,9.5,9.87,9.18,9.53,9.526666666666666,57914.416,0,coinbase
1712188800,9.52,9.97,9.27,9.77,9.67,28169.764,0,coinbase
1712275200,9.75,9.79,9.21,9.58,9.526666666666666,30526.568,0,coinbase
1712361600,9.57,9.79,9.54,9.72,9.683333333333332,25621.053,0,coinbase
1712448000,9.72,9.88,9.67,9.82,9.790000000000001,21807.766,0,coinbase
1712534400,9.82,10.66,9.59,10.46,10.236666666666666,58846.08,0,coinbase
1712620800,10.47,10.48,9.86,9.9,10.08,30686.183,0,coinbase
1712707200,9.88,9.97,9.2,9.7,9.623333333333333,91096.583,0,coinbase
1712793600,9.68,9.78,9.43,9.55,9.586666666666668,19749.711,0,coinbase
1712880000,9.53,9.68,7.77,8.03,8.493333333333332,171459.67,0,coinbase
1712966400,8.0,8.0,6.2,7.08,7.093333333333334,236467.099,0,coinbase
1713052800,7.05,7.42,6.55,7.34,7.103333333333333,97996.898,0,coinbase
1713139200,7.33,7.56,6.67,6.92,7.05,69759.561,0,coinbase
1713225600,6.91,7.09,6.63,7.02,6.913333333333333,76973.982,0,coinbase
1713312000,7.01,7.13,6.62,6.92,6.890000000000001,34012.841,0,coinbase
1713398400,6.91,7.16,6.74,7.09,6.996666666666667,50833.697,0,coinbase
1713484800,7.06,7.21,6.48,6.95,6.88,62702.668,0,coinbase
1713571200,6.94,7.68,6.84,7.65,7.390000000000001,71751.94,0,coinbase
1713657600,7.62,7.8,7.44,7.55,7.596666666666667,30318.992,0,coinbase
1713744000,7.56,7.86,7.55,7.76,7.723333333333334,41359.13,0,coinbase
1713830400,7.76,7.82,7.56,7.71,7.696666666666666,35001.328,0,coinbase
1713916800,7.72,8.42,7.41,7.51,7.78,108767.453,0,coinbase
1714003200,7.5,7.59,7.15,7.38,7.373333333333334,71120.212,0,coinbase
1714089600,7.36,7.4,7.14,7.29,7.276666666666666,28827.45,0,coinbase
1714176000,7.31,7.51,6.98,7.44,7.31,28263.803,0,coinbase
1714262400,7.45,7.61,7.25,7.28,7.38,19946.896,0,coinbase
1714348800,7.28,7.36,6.96,7.14,7.153333333333333,47597.424,0,coinbase
1714435200,7.11,7.25,6.47,6.74,6.82,71083.31,0,coinbase
1714521600,6.73,7.08,6.39,6.99,6.82,65002.552,0,coinbase
1714608000,6.98,7.38,6.78,7.29,7.1499999999999995,63098.232,0,coinbase
1714694400,7.3,7.6,7.18,7.5,7.426666666666667,32178.944,0,coinbase
1714780800,7.51,7.59,7.4,7.43,7.473333333333334,15963.05,0,coinbase
1714867200,7.42,7.6,7.3,7.49,7.463333333333334,17722.584,0,coinbase
1714953600,7.5,7.75,7.32,7.34,7.47,28212.526,0,coinbase
1715040000,7.35,7.48,7.17,7.2,7.283333333333334,31101.402,0,coinbase
1715126400,7.23,7.35,7.09,7.22,7.22,21473.581,0,coinbase
1715212800,7.22,7.48,7.04,7.45,7.323333333333333,25966.446,0,coinbase
1715299200,7.46,7.74,7.05,7.1,7.296666666666667,36545.68,0,coinbase
1715385600,7.08,7.18,7.01,7.01,7.066666666666666,9781.803,0,coinbase
1715472000,7.02,7.08,6.8,6.94,6.94,24914.618,0,coinbase
1715558400,6.94,7.08,6.65,6.81,6.846666666666667,36507.638,0,coinbase
1715644800,6.8,6.85,6.62,6.66,6.71,23511.797,0,coinbase
1715731200,6.67,7.31,6.64,7.2,7.05,34305.305,0,coinbase
1715817600,7.21,7.32,7.07,7.21,7.2,21125.437,0,coinbase
1715904000,7.19,7.52,7.13,7.45,7.366666666666666,26409.119,0,coinbase
1715990400,7.43,7.55,7.4,7.44,7.463333333333334,15654.328,0,coinbase
1716076800,7.43,7.48,7.06,7.07,7.203333333333333,15454.383,0,coinbase
1716163200,7.07,7.88,6.96,7.83,7.5566666666666675,40491.817,0,coinbase
1716249600,7.86,7.99,7.75,7.89,7.876666666666666,46216.901,0,coinbase
1716336000,7.9,7.91,7.6,7.77,7.760000000000001,23574.153,0,coinbase
1716422400,7.8,7.92,7.24,7.64,7.6000000000000005,52976.737,0,coinbase
1716508800,7.63,8.21,7.54,8.2,7.983333333333333,57756.544,0,coinbase
1716595200,8.2,8.23,7.93,7.97,8.043333333333333,42326.496,0,coinbase
1716681600,7.98,7.98,7.7,7.75,7.81,21514.554,0,coinbase
1716768000,7.74,8.09,7.66,7.9,7.883333333333333,41135.562,0,coinbase
1716854400,7.9,7.93,7.55,7.74,7.739999999999999,37927.655,0,coinbase
1716940800,7.74,8.04,7.65,7.82,7.836666666666666,59214.523,0,coinbase
1717027200,7.81,7.94,7.41,7.44,7.596666666666668,49742.865,0,coinbase
1717113600,7.42,7.51,7.24,7.4,7.383333333333333,26237.057,0,coinbase
1717200000,7.41,8.28,7.39,7.91,7.859999999999999,61690.473,0,coinbase
1717286400,7.9,8.34,7.74,7.76,7.946666666666665,109343.342,0,coinbase
1717372800,7.74,8.62,7.58,8.26,8.153333333333334,195691.531,0,coinbase
1717459200,8.28,8.39,7.95,8.17,8.17,44529.807,0,coinbase
1717545600,8.18,8.72,8.16,8.63,8.503333333333336,125561.63,0,coinbase
1717632000,8.62,8.7,8.37,8.44,8.503333333333332,85680.136,0,coinbase
1717718400,8.43,8.51,7.31,7.87,7.896666666666667,77560.151,0,coinbase
1717804800,7.86,7.89,7.33,7.38,7.533333333333332,30320.856,0,coinbase
1717891200,7.39,7.52,7.35,7.49,7.453333333333333,19858.953,0,coinbase
1717977600,7.48,7.64,7.1,7.18,7.306666666666666,696053.438,0,coinbase
1718064000,7.18,7.2,6.77,6.85,6.94,82468.767,0,coinbase
1718150400,6.87,7.31,6.75,7.18,7.079999999999999,29250.799,0,coinbase
1718236800,7.17,7.17,6.86,6.99,7.006666666666668,32977.768,0,coinbase
1718323200,6.97,7.09,6.5,6.66,6.75,56565.924,0,coinbase
1718409600,6.68,6.88,6.63,6.78,6.763333333333333,10464.775,0,coinbase
1718496000,6.77,6.78,6.66,6.72,6.72,25395.417,0,coinbase
1718582400,6.7,6.76,6.03,6.23,6.34,175710.773,0,coinbase
1718668800,6.25,6.25,5.51,5.78,5.846666666666667,106600.499,0,coinbase
1718755200,5.77,6.13,5.73,6.0,5.953333333333333,24969.675,0,coinbase
1718841600,6.0,6.26,5.92,5.97,6.05,19560.13,0,coinbase
1718928000,5.96,6.12,5.91,6.0,6.010000000000001,28218.071,0,coinbase
1719014400,5.98,6.09,5.91,6.05,6.016666666666667,9318.192,0,coinbase
1719100800,6.04,6.14,5.84,5.88,5.953333333333333,14626.421,0,coinbase
1719187200,5.89,6.0,5.63,5.98,5.87,45582.996,0,coinbase
1719273600,5.97,6.31,5.94,6.19,6.146666666666667,23826.598,0,coinbase
1719360000,6.18,6.28,6.04,6.07,6.13,9070.792,0,coinbase
1719446400,6.07,6.34,5.98,6.25,6.19,11579.695,0,coinbase
1719532800,6.25,6.35,6.02,6.05,6.14,20328.264,0,coinbase
1719619200,6.05,6.18,5.87,5.93,5.993333333333333,34386.475,0,coinbase
1719705600,5.94,6.09,5.87,6.03,5.996666666666667,19281.144,0,coinbase
1719792000,6.05,6.23,5.88,5.9,6.003333333333333,25548.64,0,coinbase
1719878400,5.89,6.01,5.81,5.97,5.93,22736.536,0,coinbase
1719964800,5.97,6.0,5.69,5.72,5.803333333333334,20021.313,0,coinbase
1720051200,5.71,5.74,5.02,5.06,5.273333333333333,42068.768,0,coinbase
1720137600,5.07,5.07,4.42,4.95,4.8133333333333335,65038.465,0,coinbase
1720224000,4.94,5.43,4.91,5.35,5.2299999999999995,33942.603,0,coinbase
1720310400,5.35,5.36,4.96,4.98,5.1000000000000005,13092.799,0,coinbase
1720396800,5.0,5.34,4.78,5.21,5.11,31054.585,0,coinbase
1720483200,5.19,5.34,5.17,5.28,5.263333333333333,15357.416,0,coinbase
1720569600,5.29,5.43,5.24,5.34,5.336666666666666,12753.277,0,coinbase
1720656000,5.35,5.52,5.28,5.29,5.363333333333333,16996.711,0,coinbase
1720742400,5.3,5.49,5.21,5.46,5.386666666666667,16257.519,0,coinbase
1720828800,5.46,5.61,5.44,5.56,5.536666666666666,10280.158,0,coinbase
1720915200,5.55,5.71,5.49,5.69,5.63,16856.741,0,coinbase
1721001600,5.69,5.99,5.68,5.96,5.876666666666666,32207.769,0,coinbase
1721088000,5.97,6.08,5.73,6.02,5.9433333333333325,41027.27,0,coinbase
1721174400,6.02,6.22,5.99,6.0,6.07,37018.75,0,coinbase
1721260800,6.0,6.38,5.96,6.05,6.13,48561.222,0,coinbase
1721347200,6.06,6.35,6.01,6.3,6.22,24660.703,0,coinbase
1721433600,6.31,6.42,6.26,6.4,6.359999999999999,12941.624,0,coinbase
1721520000,6.4,6.49,6.08,6.39,6.32,24137.988,0,coinbase
1721606400,6.4,6.46,6.07,6.12,6.216666666666668,30001.85,0,coinbase
1721692800,6.12,6.26,5.87,5.97,6.033333333333332,17099.602,0,coinbase
1721779200,5.96,6.4,5.86,5.89,6.050000000000001,27500.62,0,coinbase
1721865600,5.9,5.95,5.49,5.68,5.706666666666667,30318.404,0,coinbase
1721952000,5.67,6.1,5.67,6.08,5.95,22017.645,0,coinbase
1722038400,6.08,6.21,6.03,6.09,6.109999999999999,17972.18,0,coinbase
1722124800,6.09,6.11,5.89,5.92,5.973333333333334,9211.392,0,coinbase
1722211200,5.93,6.14,5.76,5.8,5.8999999999999995,16654.591,0,coinbase
1722297600,5.79,6.06,5.74,5.81,5.87,14919.826,0,coinbase
1722384000,5.79,5.92,5.62,5.65,5.7299999999999995,13368.817,0,coinbase
1722470400,5.65,5.72,5.26,5.66,5.546666666666667,33864.131,0,coinbase
1722556800,5.66,5.71,5.17,5.23,5.37,39828.038,0,coinbase
1722643200,5.23,5.36,4.9,5.01,5.090000000000001,35274.748,0,coinbase
1722729600,5.0,5.08,4.55,4.71,4.78,63605.674,0,coinbase
1722816000,4.72,4.74,3.84,4.32,4.3,164783.98,0,coinbase
1722902400,4.32,4.66,4.32,4.49,4.49,56341.491,0,coinbase
1722988800,4.49,4.64,4.26,4.32,4.406666666666666,50795.763,0,coinbase
1723075200,4.35,4.89,4.27,4.87,4.676666666666667,51463.348,0,coinbase
1723161600,4.85,4.91,4.71,4.81,4.81,32044.479,0,coinbase
1723248000,4.8,4.94,4.75,4.9,4.863333333333334,35338.85,0,coinbase
1723334400,4.9,4.91,4.5,4.53,4.646666666666667,25482.166,0,coinbase
1723420800,4.54,4.85,4.49,4.77,4.703333333333333,57033.343,0,coinbase
1723507200,4.76,4.98,4.62,4.89,4.830000000000001,13898.047,0,coinbase
1723593600,4.88,4.92,4.67,4.71,4.766666666666667,14046.017,0,coinbase
1723680000,4.74,4.84,4.49,4.59,4.64,12274.749,0,coinbase
1723766400,4.57,4.71,4.52,4.63,4.62,19486.211,0,coinbase
1723852800,4.63,4.68,4.56,4.65,4.63,10178.103,0,coinbase
1723939200,4.63,4.9,4.58,4.65,4.71,21759.202,0,coinbase
1724025600,4.63,4.66,4.52,4.66,4.613333333333333,16049.882,0,coinbase
1724112000,4.65,4.84,4.64,4.78,4.753333333333334,35647.165,0,coinbase
1724198400,4.77,4.97,4.72,4.93,4.873333333333333,18184.461,0,coinbase
1724284800,4.92,5.0,4.84,4.97,4.9366666666666665,51571.868,0,coinbase
1724371200,4.96,5.37,4.95,5.33,5.216666666666667,31629.86,0,coinbase
1724457600,5.31,5.46,5.24,5.35,5.349999999999999,22424.758,0,coinbase
1724544000,5.36,5.36,5.16,5.26,5.26,16482.084,0,coinbase
1724630400,5.25,5.37,4.93,4.98,5.093333333333334,28677.617,0,coinbase
1724716800,4.99,5.06,4.6,4.69,4.783333333333334,18302.136,0,coinbase
1724803200,4.69,4.8,4.5,4.64,4.646666666666667,26747.214,0,coinbase
1724889600,4.64,4.87,4.64,4.7,4.736666666666667,14527.457,0,coinbase
1724976000,4.71,4.85,4.54,4.8,4.73,16906.423,0,coinbase
1725062400,4.78,4.84,4.69,4.71,4.746666666666667,8747.082,0,coinbase
1725148800,4.72,4.73,4.4,4.45,4.526666666666667,10482.371,0,coinbase
1725235200,4.44,4.72,4.44,4.68,4.613333333333333,10827.904,0,coinbase
1725321600,4.67,4.72,4.44,4.45,4.536666666666666,16200.283,0,coinbase
1725408000,4.48,4.63,4.27,4.55,4.483333333333333,14485.264,0,coinbase
1725494400,4.55,4.56,4.39,4.45,4.466666666666666,18076.598,0,coinbase
1725580800,4.44,4.52,4.09,4.21,4.273333333333333,36447.296,0,coinbase
1725667200,4.2,4.34,4.17,4.25,4.253333333333333,9682.519,0,coinbase
1725753600,4.26,4.39,4.21,4.34,4.3133333333333335,5893.838,0,coinbase
1725840000,4.35,4.57,4.32,4.53,4.473333333333334,12693.572,0,coinbase
1725926400,4.52,4.58,4.46,4.56,4.533333333333332,11106.53,0,coinbase
1726012800,4.56,4.57,4.39,4.55,4.503333333333334,11982.012,0,coinbase
1726099200,4.56,4.74,4.55,4.72,4.669999999999999,13311.749,0,coinbase
1726185600,4.72,4.86,4.65,4.82,4.776666666666667,17195.536,0,coinbase
1726272000,4.83,4.85,4.7,4.76,4.7700000000000005,14233.373,0,coinbase
1726358400,4.76,4.77,4.55,4.59,4.636666666666667,8466.448,0,coinbase
1726444800,4.57,4.6,4.45,4.49,4.513333333333334,17471.62,0,coinbase
1726531200,4.49,4.73,4.47,4.66,4.62,23987.963,0,coinbase
1726617600,4.66,4.75,4.47,4.75,4.656666666666666,11117.597,0,coinbase
1726704000,4.76,4.99,4.76,4.91,4.886666666666667,29847.735,0,coinbase
1726790400,4.91,5.07,4.85,4.97,4.963333333333334,46114.644,0,coinbase
1726876800,4.96,5.13,4.93,5.12,5.06,32969.7,0,coinbase
1726963200,5.13,5.13,4.79,4.89,4.9366666666666665,15437.657,0,coinbase
1727049600,4.89,5.06,4.78,5.04,4.96,33895.355,0,coinbase
1727136000,5.06,5.19,4.98,5.16,5.11,27341.106,0,coinbase
1727222400,5.17,5.27,5.08,5.15,5.166666666666667,29098.173,0,coinbase
1727308800,5.18,5.4,5.08,5.32,5.266666666666667,44991.423,0,coinbase
1727395200,5.34,5.46,5.27,5.42,5.383333333333333,43647.726,0,coinbase
1727481600,5.41,5.52,5.26,5.39,5.39,27697.399,0,coinbase
1727568000,5.39,5.5,5.27,5.49,5.419999999999999,26062.081,0,coinbase
1727654400,5.48,5.54,5.0,5.05,5.196666666666666,45364.506,0,coinbase
1727740800,5.06,5.2,4.62,4.69,4.836666666666667,53350.896,0,coinbase
1727827200,4.67,4.84,4.49,4.57,4.633333333333334,27241.187,0,coinbase
1727913600,4.55,4.66,4.37,4.51,4.513333333333334,57172.773,0,coinbase
1728000000,4.51,4.7,4.48,4.68,4.62,54974.104,0,coinbase
1728086400,4.67,4.72,4.53,4.6,4.616666666666666,104268.544,0,coinbase
1728172800,4.6,4.7,4.58,4.7,4.66,15176.087,0,coinbase
1728259200,4.7,4.81,4.63,4.63,4.69,27317.74,0,coinbase
1728345600,4.64,4.69,4.54,4.59,4.6066666666666665,45990.988,0,coinbase
1728432000,4.6,4.64,4.4,4.45,4.496666666666666,41032.183,0,coinbase
1728518400,4.45,4.5,4.32,4.44,4.420000000000001,22260.356,0,coinbase
1728604800,4.45,4.69,4.43,4.66,4.593333333333334,25010.069,0,coinbase
1728691200,4.66,4.78,4.64,4.77,4.7299999999999995,21754.329,0,coinbase
1728777600,4.75,4.77,4.55,4.66,4.66,34131.277,0,coinbase
1728864000,4.67,4.93,4.61,4.9,4.8133333333333335,28334.502,0,coinbase
1728950400,4.9,4.95,4.64,4.84,4.81,36798.861,0,coinbase
1729036800,4.82,4.87,4.72,4.75,4.78,16650.001,0,coinbase
1729123200,4.75,4.79,4.539,4.601,4.6433333333333335,23617.626,0,coinbase
1729209600,4.6,4.857,4.58,4.857,4.764666666666667,30800.073,0,coinbase
1729296000,4.861,5.829,4.861,5.113,5.267666666666667,286898.355,0,coinbase
1729382400,5.11,5.331,5.11,5.189,5.21,184957.094,0,coinbase
1729468800,5.19,5.522,5.173,5.295,5.347,11598.49812768,3300,kraken
1729555200,5.294,5.441,5.064,5.375,5.166,7202.03663291,2565,kraken
1729641600,5.379,5.399,4.887,5.009,5.044,19061.70055524,3698,kraken
1729728000,5.007,5.075,4.872,4.973,4.975,7608.81459966,1776,kraken
1729814400,4.976,4.984,4.486,4.636,4.856,19488.22982243,4046,kraken
1729900800,4.635,4.691,4.533,4.65,4.63,5765.43801624,2093,kraken
1729987200,4.649,4.881,4.649,4.827,4.825,16364.79981291,2268,kraken
1730073600,4.826,4.88,4.649,4.862,4.788,5490.89590504,2338,kraken
1730160000,4.863,5.078,4.838,5.041,5.004,26293.09178709,1907,kraken
1730246400,5.042,5.087,4.891,5.08,4.997,14092.98671609,2092,kraken
1730332800,5.083,5.109,4.694,4.765,4.91,50531.90127308,3033,kraken
1730419200,4.762,4.804,4.611,4.67,4.729,4313.80405482,2403,kraken
1730505600,4.67,4.708,4.555,4.592,4.62,2926.91436721,853,kraken
1730592000,4.593,4.611,4.325,4.478,4.451,4862.09541554,2452,kraken
1730678400,4.476,4.592,4.274,4.326,4.388,13225.62961799,2908,kraken
1730764800,4.327,4.564,4.306,4.458,4.44,5186.78266633,2230,kraken
1730851200,4.459,4.908,4.459,4.877,4.76,40906.31828568,3535,kraken
1730937600,4.878,5.026,4.854,4.978,4.964,11652.17950676,3184,kraken
1731024000,4.979,5.226,4.922,5.175,5.103,11189.3962583,3056,kraken
1731110400,5.179,5.304,5.016,5.301,5.074,30549.01550145,1648,kraken
1731196800,5.304,5.76,5.208,5.516,5.506,26892.8954341,4939,kraken
1731283200,5.516,5.857,5.351,5.837,5.529,66879.21882236,4470,kraken
1731369600,5.835,5.981,5.257,5.484,5.528,28837.20471549,7861,kraken
1731456000,5.48,5.553,5.021,5.41,5.374,49144.95971785,7184,kraken
1731542400,5.412,5.646,4.93,4.993,5.27,40484.41870249,5331,kraken
1731628800,4.992,5.292,4.822,5.27,5.093,43846.1525847,5006,kraken
1731715200,5.272,6.241,5.233,6.108,5.71,24916.73890874,5377,kraken
1731801600,6.109,6.118,5.404,5.496,5.71,12466.01412577,4086,kraken
1731888000,5.494,6.211,5.478,5.951,5.804,16727.71699099,4768,kraken
1731974400,5.951,6.008,5.6,5.773,5.775,27090.74116879,3433,kraken
1732060800,5.771,5.777,5.387,5.525,5.572,9480.22118906,3525,kraken
1732147200,5.523,5.857,5.356,5.793,5.729,11983.15556848,3762,kraken
1732233600,5.795,6.354,5.667,6.341,5.947,18254.58480828,4807,kraken
1732320000,6.343,7.054,6.223,6.896,6.747,74041.71644316,8258,kraken
1732406400,6.894,8.948,6.814,8.376,7.816,112112.30326266,8793,kraken
1732492800,8.472,8.913,7.363,7.519,8.167,97039.5956782,8900,kraken
1732579200,7.521,7.653,6.887,7.255,7.285,44211.42266037,7328,kraken
1732665600,7.251,7.801,7.07,7.715,7.564,23667.18239025,4762,kraken
1732752000,7.713,8.075,7.333,7.855,7.557,127894.69812002,6140,kraken
1732838400,7.855,8.174,7.627,8.143,7.927,26979.28003384,4357,kraken
1732924800,8.141,8.391,7.919,8.185,8.221,25934.3096896,4045,kraken
1733011200,8.183,8.458,7.881,8.263,8.129,41792.52824482,3928,kraken
1733097600,8.261,9.381,7.631,9.258,8.587,65078.47374578,11096,kraken
1733184000,9.255,9.887,8.335,9.457,9.194,101350.19707483,8821,kraken
1733270400,9.46,10.349,9.116,9.569,9.762,63391.79976944,9478,kraken
1733356800,9.565,9.6,8.657,9.106,9.215,48626.98090686,6395,kraken
1733443200,9.103,9.684,8.83,9.549,9.443,35398.93451207,4229,kraken
1733529600,9.546,9.612,9.222,9.337,9.373,18852.55862464,2721,kraken
1733616000,9.334,9.493,8.952,9.467,9.278,14245.95822929,2442,kraken
1733702400,9.464,9.464,6.5,7.654,7.72,65423.72365219,7261,kraken
1733788800,7.651,7.741,6.591,7.369,7.238,44695.10254839,7447,kraken
1733875200,7.366,8.043,7.057,7.988,7.61,34275.5064282,3871,kraken
1733961600,7.992,8.325,7.82,7.944,8.073,22377.53505108,4568,kraken
1734048000,7.947,8.007,7.686,7.929,7.838,12770.87304423,2787,kraken
1734134400,7.926,8.06,7.411,7.524,7.664,10543.78633933,2191,kraken
1734220800,7.521,7.89,7.321,7.773,7.654,7920.83069165,2071,kraken
1734307200,7.779,7.953,7.294,7.59,7.597,11479.51765812,2779,kraken
1734393600,7.593,7.705,7.174,7.256,7.431,21364.17920022,3488,kraken
1734480000,7.259,7.417,6.57,6.594,6.962,34501.13949658,4338,kraken
1734566400,6.597,6.762,5.849,6.031,6.318,34688.86288217,8352,kraken
1734652800,6.033,6.435,5.287,6.416,5.754,47684.53151279,7421,kraken
1734739200,6.414,6.767,6.062,6.152,6.574,38045.93174416,4810,kraken
1734825600,6.154,6.246,5.836,6.0,6.074,12486.95057151,4280,kraken
1734912000,6.003,6.887,5.866,6.702,6.309,13842.02136522,4166,kraken
1734998400,6.703,7.0,6.5,6.879,6.791,23984.88623899,2204,kraken
1735084800,6.876,6.936,6.643,6.722,6.798,11271.87107512,1775,kraken
1735171200,6.726,6.785,6.2,6.291,6.443,8621.94144459,1814,kraken
1735257600,6.293,6.685,6.242,6.357,6.505,12747.70318524,2288,kraken
1735344000,6.359,6.679,6.305,6.599,6.473,4051.99324825,1291,kraken
1735430400,6.601,6.643,6.232,6.287,6.427,4474.86605072,1140,kraken
1735516800,6.282,6.491,6.018,6.235,6.243,6615.67098521,2347,kraken
1735603200,6.231,6.4,6.076,6.198,6.258,7012.122322,1927,kraken
1735689600,6.2,6.493,6.042,6.406,6.317,4318.6104284,1693,kraken
1735776000,6.412,6.765,6.412,6.725,6.604,7786.22150644,1738,kraken
1735862400,6.728,7.133,6.629,7.062,6.898,8821.84165364,1755,kraken
1735948800,7.061,7.153,6.934,7.015,7.044,5379.98616715,1236,kraken
1736035200,7.015,7.056,6.841,7.032,6.929,9757.05650236,1183,kraken
1736121600,7.035,7.458,6.93,7.291,7.219,18233.82497069,2505,kraken
1736208000,7.288,7.319,6.455,6.464,6.772,30903.1945211,2888,kraken
1736294400,6.462,6.529,5.874,6.196,6.209,41959.5661854,5158,kraken
1736380800,6.194,6.334,5.994,6.176,6.197,23862.34445295,3947,kraken
1736467200,6.178,6.397,6.082,6.346,6.262,12916.57853472,3030,kraken
1736553600,6.341,6.4,6.17,6.279,6.245,7955.99668142,1518,kraken
1736640000,6.282,6.344,6.069,6.15,6.208,35182.6492085,1885,kraken
1736726400,6.148,6.313,5.588,6.042,5.85,20453.73456036,4571,kraken
1736812800,6.037,6.302,6.006,6.25,6.188,12973.7835261,1960,kraken
1736899200,6.245,6.568,6.113,6.564,6.385,7918.12566615,1584,kraken
1736985600,6.568,6.604,6.285,6.404,6.444,7596.09736938,2002,kraken
1737072000,6.408,6.784,6.408,6.742,6.655,15335.94693208,1660,kraken
1737158400,6.754,6.802,6.163,6.285,6.33,7918.86566839,2337,kraken
1737244800,6.284,6.494,5.7,5.8,6.17,35082.64412341,5982,kraken
1737331200,5.798,6.336,5.603,5.94,5.884,24998.50197781,7541,kraken
1737417600,5.942,6.238,5.68,6.108,5.972,8096.59606843,3777,kraken
1737504000,6.11,6.146,5.916,5.918,6.019,4175.14464921,1841,kraken
1737590400,5.916,5.992,5.726,5.895,5.815,16706.53687775,2900,kraken
1737676800,5.896,6.05,5.702,5.727,5.913,14599.07143338,2132,kraken
1737763200,5.72,5.799,5.646,5.718,5.715,10275.89050802,943,kraken
1737849600,5.712,5.825,5.546,5.546,5.755,14157.73543673,1001,kraken
1737936000,5.544,5.554,5.051,5.46,5.225,25689.19319655,4310,kraken
1738022400,5.458,5.51,4.995,5.04,5.158,14698.4299858,1751,kraken
1738108800,5.039,5.312,4.995,5.154,5.167,6320.78587272,1893,kraken
1738195200,5.158,5.548,5.105,5.454,5.377,26030.86423778,2097,kraken
1738281600,5.456,5.674,5.36,5.41,5.485,29354.53683184,1911,kraken
1738368000,5.412,5.48,4.992,5.003,5.151,14533.67302109,1589,kraken
1738454400,5.003,5.102,4.11,4.338,4.506,31245.37864373,5090,kraken
1738540800,4.335,4.479,3.297,4.44,3.955,70481.07904378,6780,kraken
1738627200,4.442,4.506,3.975,4.116,4.152,41539.85575535,5247,kraken
1738713600,4.114,4.291,4.055,4.105,4.154,8607.87195622,2864,kraken
1738800000,4.106,4.206,3.889,3.918,4.024,15742.66654177,2811,kraken
1738886400,3.92,4.242,3.891,4.008,4.044,10434.82753839,2686,kraken
1738972800,4.006,4.205,3.976,4.185,4.056,4026.42804229,1319,kraken
1739059200,4.183,4.303,4.0,4.189,4.168,4667.63960885,1669,kraken
1739145600,4.188,4.364,4.06,4.322,4.256,5504.06045983,2106,kraken
1739232000,4.325,4.537,4.187,4.262,4.43,14730.26981725,1698,kraken
1739318400,4.26,4.496,4.202,4.445,4.362,10084.25981523,2106,kraken
1739404800,4.45,4.49,4.287,4.38,4.352,27388.79455292,1596,kraken
1739491200,4.384,4.643,4.361,4.543,4.498,20752.99716969,1773,kraken
1739577600,4.541,4.567,4.368,4.39,4.463,2051.18648359,774,kraken
1739664000,4.392,4.498,4.324,4.368,4.399,3705.80153981,1124,kraken
1739750400,4.368,4.567,4.299,4.461,4.45,12925.50821873,2031,kraken
1739836800,4.463,4.479,4.04,4.182,4.209,11951.6943422,2405,kraken
1739923200,4.181,4.31,4.106,4.283,4.227,4747.57542645,1268,kraken
1740009600,4.281,4.422,4.244,4.412,4.31,4153.33110735,1230,kraken
1740096000,4.414,4.609,4.146,4.194,4.485,24484.60996909,2064,kraken
1740182400,4.192,4.302,4.176,4.265,4.237,3001.60553916,668,kraken
1740268800,4.263,4.306,4.06,4.13,4.142,3454.04849135,730,kraken
1740355200,4.126,4.134,3.624,3.681,3.838,13985.30212985,2934,kraken
1740441600,3.682,3.733,3.339,3.673,3.555,56184.9483525,7439,kraken
1740528000,3.672,3.768,3.504,3.632,3.641,19586.08056369,3823,kraken
1740614400,3.633,3.796,3.563,3.658,3.686,7852.75583282,2532,kraken
1740700800,3.659,3.778,3.325,3.76,3.513,19880.4886256,4584,kraken
1740787200,3.758,3.779,3.611,3.718,3.693,3899.85956764,1505,kraken
1740873600,3.717,4.023,3.636,3.971,3.867,15372.74531574,2790,kraken
1740960000,3.972,3.992,3.396,3.449,3.648,16919.46160162,5350,kraken
1741046400,3.448,3.493,3.197,3.443,3.302,42087.07770411,6485,kraken
1741132800,3.442,3.614,3.356,3.593,3.482,10546.40418805,2845,kraken
1741219200,3.594,3.702,3.472,3.526,3.571,10084.18797821,2771,kraken
1741305600,3.527,3.65,3.34,3.52,3.529,11595.79758617,4376,kraken
1741392000,3.519,3.557,3.392,3.414,3.46,5163.5539382,1725,kraken
1741478400,3.415,3.437,3.041,3.09,3.205,25201.47909466,1919,kraken
1741564800,3.079,3.26,2.854,2.865,3.07,10961.13329051,1935,kraken
1741651200,2.868,3.14,2.717,3.107,2.91,13258.75575338,403,kraken
1741737600,3.092,3.296,3.046,3.189,3.139,15552.30978499,1938,kraken
1741824000,3.19,3.214,3.049,3.172,3.151,5160.51388182,1348,kraken
1741910400,3.171,3.287,3.16,3.208,3.208,7245.66147631,1334,kraken
1741996800,3.207,3.312,3.195,3.299,3.258,5227.99204358,849,kraken
1742083200,3.298,3.315,3.162,3.175,3.208,9635.9307015,1728,kraken
1742169600,3.174,3.479,3.173,3.434,3.385,18290.83685985,2438,kraken
1742256000,3.433,3.433,3.24,3.374,3.332,7660.04528187,1953,kraken
1742342400,3.375,3.507,3.372,3.474,3.444,9532.51016057,2259,kraken
1742428800,3.474,3.484,3.382,3.402,3.433,3709.4893101,1291,kraken
1742515200,3.403,3.532,3.291,3.314,3.412,9113.04466795,1400,kraken
1742601600,3.315,3.442,3.308,3.405,3.389,6522.56879653,757,kraken
1742688000,3.406,3.443,3.313,3.353,3.376,2258.63200557,753,kraken
1742774400,3.352,3.574,3.313,3.515,3.475,5749.32873478,1591,kraken
1742860800,3.514,3.61,3.47,3.587,3.544,5820.17074274,1499,kraken
1742947200,3.586,3.647,3.427,3.45,3.542,5948.17699451,1723,kraken
1743033600,3.451,3.507,3.335,3.391,3.391,16823.95492798,1381,kraken
1743120000,3.388,3.394,3.074,3.132,3.178,20303.68166909,1862,kraken
1743206400,3.131,3.137,2.89,2.913,2.985,11072.40777103,1642,kraken
1743292800,2.912,2.974,2.848,2.913,2.932,5440.65006877,1304,kraken
1743379200,2.915,2.961,2.819,2.925,2.886,7003.4615157,2081,kraken
1743465600,2.926,3.049,2.908,2.977,2.984,6521.09179815,1383,kraken
1743552000,2.976,2.976,2.67,2.693,2.861,11932.77007747,2805,kraken
1743638400,2.717,2.831,2.578,2.708,2.729,14421.53159957,1164,kraken
1743724800,2.707,2.775,2.655,2.757,2.713,4719.05743911,343,kraken
1743811200,2.758,2.789,2.702,2.737,2.732,3537.08737477,320,kraken
1743897600,2.723,2.723,2.405,2.466,2.519,7621.0797917,281,kraken
1743984000,2.435,2.567,2.237,2.401,2.397,22478.23229524,1296,kraken
1744070400,2.403,2.476,2.171,2.207,2.284,15544.42583148,2582,kraken
1744156800,2.206,2.441,2.14,2.416,2.298,20026.33419178,3137,kraken
1744243200,2.415,2.434,2.267,2.347,2.352,11792.64438481,1648,kraken
1744329600,2.346,2.449,2.326,2.402,2.399,15249.99018719,1293,kraken
1744416000,2.401,2.512,2.238,2.436,2.379,34660.56152082,2059,kraken
1744502400,2.437,2.441,2.232,2.265,2.344,14347.23046304,1593,kraken
1744588800,2.264,2.339,2.189,2.232,2.273,17908.38374191,2772,kraken
1744675200,2.232,2.261,2.166,2.171,2.224,8472.017929,1360,kraken
1744761600,2.172,2.221,2.101,2.155,2.158,11293.67604654,1938,kraken
1744848000,2.156,2.248,2.15,2.218,2.206,23683.53628708,1262,kraken
1744934400,2.219,2.303,2.208,2.251,2.27,4920.12499448,879,kraken
1745020800,2.252,2.345,2.252,2.319,2.323,15926.30613518,940,kraken
1745107200,2.319,2.384,2.242,2.312,2.301,9833.24485791,1473,kraken
1745193600,2.313,2.407,2.271,2.283,2.348,17852.57151778,1820,kraken
1745280000,2.282,2.475,2.199,2.464,2.359,17601.90041889,2165,kraken
1745366400,2.465,2.579,2.459,2.514,2.533,32558.4205541,2272,kraken
1745452800,2.515,2.597,2.419,2.594,2.505,13610.62356051,1887,kraken
1745539200,2.595,2.655,2.552,2.622,2.617,22039.33989649,2454,kraken
1745625600,2.623,2.699,2.557,2.648,2.635,18131.21890152,1653,kraken
1745712000,2.649,2.66,2.489,2.492,2.535,14130.23387704,1344,kraken
1745798400,2.493,2.611,2.432,2.586,2.533,8584.06731985,1910,kraken
1745884800,2.587,2.663,2.464,2.492,2.57,8641.38833562,1627,kraken
1745971200,2.489,2.554,2.402,2.495,2.473,12751.39448845,1620,kraken
1746057600,2.496,2.622,2.476,2.609,2.57,10229.70432034,1191,kraken
1746144000,2.61,2.684,2.564,2.604,2.626,15497.59601562,1452,kraken
1746230400,2.605,2.606,2.422,2.454,2.51,7637.2068719,881,kraken
1746316800,2.453,2.459,2.32,2.342,2.366,9146.06163138,1456,kraken
1746403200,2.343,2.368,2.294,2.331,2.341,12060.86844994,1387,kraken
1746489600,2.332,2.347,2.226,2.305,2.273,14628.36750299,1496,kraken
1746576000,2.304,2.37,2.292,2.356,2.325,5489.66958045,969,kraken
1746662400,2.357,2.775,2.357,2.738,2.588,25935.4144531,1959,kraken
1746748800,2.741,2.885,2.708,2.874,2.795,33868.37633931,3232,kraken
1746835200,2.875,3.191,2.845,3.185,3.009,21508.64246342,3422,kraken
1746921600,3.184,3.231,3.04,3.131,3.129,21457.84902501,2787,kraken
1747008000,3.133,3.241,2.986,3.139,3.148,19683.02542304,3535,kraken
1747094400,3.139,3.426,2.981,3.268,3.231,34590.15901138,3614,kraken
1747180800,3.27,3.698,3.27,3.426,3.489,93812.33765252,5291,kraken
1747267200,3.424,3.515,2.989,3.05,3.25,41617.59929432,3187,kraken
1747353600,3.048,3.148,2.991,3.02,3.088,10244.06337095,1491,kraken
1747440000,3.022,3.029,2.879,2.913,2.926,10567.86323774,2543,kraken
1747526400,2.912,3.104,2.823,3.052,2.953,14201.82442804,2281,kraken
1747612800,3.053,3.059,2.8,3.004,2.904,21562.43243478,2674,kraken
1747699200,3.002,3.058,2.903,3.004,2.987,10741.91425356,1735,kraken
1747785600,3.006,3.092,2.893,2.999,2.974,18684.39891851,2657,kraken
1747872000,3.0,3.169,2.997,3.159,3.08,24704.62481076,1489,kraken
1747958400,3.157,3.213,2.832,2.85,2.987,21161.2747606,2512,kraken
1748044800,2.849,2.903,2.823,2.841,2.867,10110.65077612,1505,kraken
1748131200,2.842,2.862,2.707,2.848,2.774,9029.86625869,1621,kraken
1748217600,2.847,2.89,2.787,2.811,2.842,9989.57996032,1384,kraken
1748304000,2.812,2.926,2.736,2.876,2.88,10724.40321557,1446,kraken
1748390400,2.875,2.936,2.773,2.879,2.849,8356.44421904,1653,kraken
1748476800,2.879,2.962,2.798,2.811,2.875,9723.50672827,1995,kraken
1748563200,2.812,2.825,2.475,2.485,2.628,20095.51037305,2988,kraken
1748649600,2.484,2.588,2.418,2.531,2.507,17834.55777256,2191,kraken
1748736000,2.53,2.574,2.466,2.565,2.543,11383.67662391,1082,kraken
1748822400,2.566,2.611,2.492,2.606,2.533,10229.88676709,1160,kraken
1748908800,2.605,2.662,2.566,2.577,2.624,16739.29805355,1047,kraken
1748995200,2.578,2.614,2.436,2.462,2.533,7513.28492613,1184,kraken
1749081600,2.463,2.514,2.284,2.325,2.4,16444.28246819,1759,kraken
1749168000,2.324,2.443,2.321,2.381,2.384,10741.44797271,1003,kraken
1749254400,2.382,2.463,2.379,2.453,2.436,6795.53698968,692,kraken
1749340800,2.453,2.453,2.384,2.404,2.411,24362.0081513,754,kraken
1749427200,2.405,2.559,2.37,2.557,2.435,8799.99393347,921,kraken
1749513600,2.558,2.776,2.528,2.696,2.713,74507.27593205,2725,kraken
1749600000,2.697,2.86,2.556,2.583,2.737,229917.28415516,6720,kraken
1749686400,2.582,2.584,2.405,2.431,2.48,47739.51345748,1961,kraken
1749772800,2.43,2.43,2.241,2.344,2.304,32640.34150661,3980,kraken
1749859200,2.343,2.355,2.274,2.331,2.328,15433.90058774,2714,kraken
1749945600,2.33,2.353,2.271,2.32,2.319,13191.29615869,2471,kraken
1750032000,2.319,2.458,2.294,2.358,2.401,30342.3528904,2526,kraken
1750118400,2.355,2.378,2.227,2.266,2.311,25674.20145145,1782,kraken
1750204800,2.267,2.306,2.195,2.264,2.256,11729.767793,1348,kraken
1750291200,2.265,2.292,2.204,2.241,2.241,9659.89532259,771,kraken
1750377600,2.242,2.311,2.138,2.196,2.202,6235.848111,1015,kraken
1750464000,2.195,2.232,2.039,2.101,2.109,15984.28746443,866,kraken
1750550400,2.102,2.123,1.928,2.042,2.005,143075.75221504,2574,kraken
1750636800,2.043,2.295,2.043,2.261,2.121,67356.67584103,2247,kraken
1750723200,2.262,2.308,2.249,2.287,2.273,29623.34303815,1217,kraken
1750809600,2.288,2.304,2.207,2.224,2.272,39014.89783499,1153,kraken
1750896000,2.227,2.284,2.149,2.165,2.196,15209.30175962,1121,kraken
1750982400,2.164,2.214,2.127,2.179,2.192,33010.53730562,1029,kraken
1751068800,2.178,2.218,2.158,2.214,2.186,3544.90467165,333,kraken
1751155200,2.215,2.359,2.198,2.338,2.282,6558.81740308,693,kraken
1751241600,2.339,2.354,2.212,2.26,2.268,13672.25904222,949,kraken
1751328000,2.259,2.261,2.12,2.127,2.205,25724.92769208,991,kraken
1751414400,2.128,2.387,2.117,2.324,2.284,15503.14117883,1552,kraken
1751500800,2.325,2.389,2.291,2.317,2.334,9163.77448069,988,kraken
1751587200,2.318,2.32,2.12,2.153,2.215,51796.71784344,1420,kraken
1751673600,2.152,2.174,2.111,2.152,2.154,12060.34288377,730,kraken
1751760000,2.151,2.216,2.14,2.175,2.178,20390.56593167,963,kraken
1751846400,2.177,2.202,2.112,2.133,2.161,9813.64343948,936,kraken
1751932800,2.134,2.187,2.107,2.164,2.154,44381.3645308,1378,kraken
1752019200,2.164,2.31,2.136,2.294,2.223,28563.03310294,1553,kraken
1752105600,2.294,2.473,2.275,2.462,2.346,34725.51766114,2655,kraken
1752192000,2.462,2.594,2.422,2.458,2.523,36640.93247674,4424,kraken
1752278400,2.459,2.523,2.385,2.458,2.47,23078.13639923,1817,kraken
1752364800,2.457,2.595,2.443,2.51,2.512,27529.76737937,1772,kraken
1752451200,2.51,2.629,2.376,2.45,2.507,17494.51278538,2341,kraken
1752537600,2.449,2.564,2.365,2.559,2.481,30523.40593693,2517,kraken
1752624000,2.56,2.687,2.521,2.625,2.601,35741.60126002,2105,kraken
1752710400,2.626,2.676,2.544,2.643,2.617,33660.45022373,3557,kraken
1752796800,2.645,2.821,2.588,2.641,2.729,54870.08617034,3627,kraken
1752883200,2.642,2.725,2.562,2.707,2.64,9394.61090102,1762,kraken
1752969600,2.706,2.883,2.701,2.824,2.789,41448.9354017,2236,kraken
1753056000,2.823,2.935,2.769,2.881,2.87,29761.34170964,2808,kraken
1753142400,2.88,2.895,2.701,2.894,2.819,32694.25106051,3250,kraken
1753228800,2.892,2.919,2.512,2.595,2.685,104453.5689542,3663,kraken
1753315200,2.595,2.624,2.418,2.512,2.555,31322.39245468,3054,kraken
1753401600,2.513,2.604,2.442,2.601,2.561,39290.32739679,2521,kraken
1753488000,2.601,2.63,2.582,2.594,2.59,10663.80898158,667,kraken
1753574400,2.593,2.67,2.584,2.652,2.615,9045.23687116,1045,kraken
1753660800,2.653,2.704,2.433,2.455,2.523,48720.27739971,2013,kraken
1753747200,2.456,2.527,2.368,2.421,2.439,24759.50869286,1885,kraken
1753833600,2.42,2.429,2.262,2.399,2.382,41291.79357267,1953,kraken
1753920000,2.398,2.468,2.264,2.273,2.366,20014.84416224,1302,kraken
1754006400,2.272,2.286,2.145,2.217,2.222,71812.90528729,3086,kraken
1754092800,2.216,2.243,2.121,2.165,2.159,32498.1485824,1602,kraken
1754179200,2.164,2.291,2.14,2.252,2.254,45497.44301959,878,kraken
1754265600,2.251,2.353,2.251,2.34,2.302,40267.98197325,1197,kraken
1754352000,2.341,2.346,2.212,2.261,2.282,23763.8858425,1384,kraken
1754438400,2.26,2.302,2.204,2.284,2.269,16526.76517845,1240,kraken
1754524800,2.283,2.401,2.265,2.393,2.351,23066.06359018,971,kraken
1754611200,2.394,2.474,2.367,2.445,2.404,32333.75526685,1875,kraken
1754697600,2.446,2.567,2.445,2.539,2.506,19342.99777943,1056,kraken
1754784000,2.54,2.598,2.459,2.528,2.515,23017.15225744,1483,kraken
1754870400,2.527,2.585,2.349,2.377,2.435,60591.66058472,2185,kraken
1754956800,2.376,2.553,2.337,2.528,2.414,30628.07317627,2180,kraken
1755043200,2.529,2.673,2.51,2.645,2.608,30376.72018394,2030,kraken
1755129600,2.646,2.674,2.334,2.378,2.472,26260.77675243,2448,kraken
1755216000,2.377,2.427,2.263,2.343,2.372,23560.02593544,1635,kraken
1755302400,2.344,2.466,2.344,2.426,2.411,21004.89261384,1785,kraken
1755388800,2.427,2.49,2.401,2.406,2.437,6704.7272572,871,kraken
1755475200,2.405,2.405,2.275,2.307,2.313,13166.03862716,1438,kraken
1755561600,2.308,2.337,2.214,2.215,2.266,14741.23164094,1480,kraken
1755648000,2.216,2.352,2.21,2.33,2.27,17435.90454231,4676,kraken
1755734400,2.331,2.347,2.26,2.274,2.284,16297.59703494,1413,kraken
1755820800,2.275,2.519,2.176,2.499,2.317,17926.71205333,1648,kraken
1755907200,2.5,2.51,2.424,2.48,2.471,8757.5813113,1304,kraken
1755993600,2.481,2.537,2.367,2.421,2.442,11328.43159647,1859,kraken
1756080000,2.422,2.458,2.162,2.207,2.274,30765.18644098,2530,kraken
1756166400,2.206,2.339,2.185,2.325,2.254,9720.44523171,1615,kraken
1756252800,2.324,2.363,2.295,2.302,2.323,9670.98293267,1255,kraken
1756339200,2.303,2.398,2.29,2.395,2.375,30785.38575578,1048,kraken
1756425600,2.396,2.408,2.216,2.252,2.282,16918.9675183,1481,kraken
1756512000,2.251,2.303,2.218,2.289,2.259,11317.71347619,596,kraken
1756598400,2.29,2.791,2.29,2.518,2.61,213206.77785003,8453,kraken
1756684800,2.517,2.536,2.296,2.327,2.415,25860.98011716,2020,kraken
1756771200,2.328,2.383,2.303,2.361,2.352,19770.94434463,1213,kraken
1756857600,2.36,2.426,2.332,2.404,2.374,13532.5968209,632,kraken
1756944000,2.405,2.413,2.279,2.308,2.352,26045.91121919,1045,kraken
1757030400,2.307,2.415,2.305,2.396,2.372,19618.70982384,865,kraken
1757116800,2.397,2.398,2.348,2.366,2.379,15645.05654511,467,kraken
1757203200,2.365,2.48,2.363,2.461,2.433,19054.91951902,707,kraken
1757289600,2.46,2.556,2.441,2.501,2.502,43875.88532989,1120,kraken
1757376000,2.502,2.571,2.461,2.485,2.501,25561.16069213,1529,kraken
1757462400,2.486,2.572,2.455,2.548,2.521,13958.90745858,944,kraken
1757548800,2.546,2.587,2.481,2.556,2.537,5694.47741104,727,kraken
1757635200,2.557,2.652,2.552,2.637,2.599,10789.78318025,1029,kraken
1757721600,2.638,2.698,2.607,2.685,2.644,19865.85480629,1154,kraken
1757808000,2.684,2.684,2.511,2.539,2.551,13203.00319244,1222,kraken
1757894400,2.541,2.577,2.386,2.423,2.478,18333.50275849,1539,kraken
1757980800,2.422,2.495,2.379,2.477,2.456,33535.51930889,1568,kraken
1758067200,2.476,2.536,2.389,2.519,2.457,16170.229187,1796,kraken
1758153600,2.522,2.603,2.51,2.59,2.542,18909.40554979,1348,kraken
1758240000,2.59,2.625,2.428,2.438,2.582,96497.82955162,1917,kraken
1758326400,2.437,2.476,2.415,2.429,2.431,21496.28431766,656,kraken
1758412800,2.43,2.465,2.377,2.38,2.42,8324.10045631,680,kraken
1758499200,2.379,2.386,2.128,2.207,2.233,159882.70780956,3209,kraken
1758585600,2.206,2.252,2.147,2.209,2.192,34097.31783758,1706,kraken
1758672000,2.208,2.253,2.166,2.21,2.225,18139.32240324,1377,kraken
1758758400,2.209,2.209,2.029,2.057,2.1,42070.04391711,2935,kraken
1758844800,2.058,2.158,2.047,2.158,2.093,21866.89174812,1857,kraken
1758931200,2.159,2.18,2.129,2.134,2.152,10717.89834953,600,kraken
1759017600,2.133,2.19,2.081,2.174,2.133,19064.2049277,832,kraken
1759104000,2.173,2.173,2.075,2.13,2.137,14761.72182347,885,kraken
1759190400,2.129,2.13,2.029,2.1,2.079,13571.22196641,1191,kraken
1759276800,2.101,2.241,2.079,2.229,2.182,39208.17723504,1376,kraken
1759363200,2.23,2.303,2.209,2.283,2.269,14227.93922864,850,kraken
1759449600,2.284,2.336,2.242,2.288,2.299,16864.91024695,1222,kraken
1759536000,2.287,2.288,2.185,2.204,2.215,6516.18684902,605,kraken
1759622400,2.206,2.297,2.173,2.184,2.233,14912.00794472,1291,kraken
1759708800,2.185,2.359,2.168,2.31,2.291,16867.12915738,1505,kraken
1759795200,2.311,2.321,2.138,2.142,2.182,23585.42797383,1651,kraken
1759881600,2.141,2.217,2.111,2.191,2.15,10819.04008277,1073,kraken
1759968000,2.19,2.252,2.075,2.211,2.145,38604.38442616,2109,kraken
1760054400,2.212,2.252,0.698,1.523,1.672,245406.94665288,4753,kraken
1760140800,1.534,1.698,1.48,1.531,1.588,94398.93278619,1117,kraken
1760227200,1.513,1.734,1.502,1.702,1.591,16542.19670909,1326,kraken
1760313600,1.701,1.833,1.685,1.814,1.756,35594.2050324,2565,kraken
1760400000,1.815,1.818,1.632,1.748,1.72,16951.1409387,2489,kraken
1760486400,1.747,1.793,1.634,1.654,1.703,13277.07503414,1818,kraken
1760572800,1.656,1.702,1.559,1.585,1.624,17628.25908434,2120,kraken
1760659200,1.586,1.608,1.468,1.549,1.516,47573.12349338,2698,kraken
1760745600,1.548,1.583,1.541,1.567,1.559,6725.65680603,547,kraken
1760832000,1.568,1.617,1.539,1.587,1.597,4551.46834771,662,kraken
1760918400,1.586,1.64,1.564,1.594,1.625,22979.78495983,948,kraken
1761004800,1.593,1.674,1.529,1.571,1.569,19183.13810797,1318,kraken
1761091200,1.57,1.582,1.476,1.514,1.543,18056.61945254,1421,kraken
1761177600,1.513,1.576,1.51,1.565,1.538,67632.52513677,782,kraken
1761264000,1.566,1.617,1.559,1.607,1.592,17213.59461289,556,kraken
1761350400,1.608,1.609,1.588,1.601,1.594,4045.73683199,251,kraken
1761436800,1.6,1.654,1.583,1.64,1.621,3125.58617327,370,kraken
1761523200,1.64,1.655,1.574,1.575,1.604,15650.55675837,843,kraken
1761609600,1.575,1.626,1.509,1.531,1.572,20890.71834509,1522,kraken
1761696000,1.53,1.585,1.51,1.524,1.549,26489.33053147,796,kraken
1761782400,1.524,1.534,1.352,1.403,1.397,39007.8016873,1353,kraken
1761868800,1.408,1.46,1.402,1.417,1.449,17610.82770763,735,kraken
1761955200,1.415,1.511,1.4,1.449,1.426,6196.5850587,425,kraken
1762041600,1.448,1.487,1.417,1.47,1.446,4193.15746033,618,kraken
1762128000,1.469,1.469,1.22,1.256,1.273,48147.2883846,391,kraken
1762214400,1.254,1.28,1.109,1.189,1.17,69281.81288762,595,kraken
1762300800,1.18,1.239,1.123,1.222,1.191,16258.55821458,124,kraken
1762387200,1.215,1.239,1.138,1.233,1.192,16311.4725064,989,kraken
1762473600,1.234,1.527,1.234,1.503,1.414,34927.7326392,2959,kraken
1762560000,1.505,1.556,1.399,1.481,1.463,40251.04995156,3639,kraken
1762646400,1.48,1.48,1.363,1.44,1.402,22325.53136349,1297,kraken
1762732800,1.439,1.487,1.409,1.469,1.454,11709.99360337,1379,kraken
1762819200,1.47,1.492,1.351,1.355,1.404,8008.61360835,1484,kraken
1762905600,1.356,1.424,1.293,1.317,1.385,14658.5806621,1289,kraken
1762992000,1.318,1.39,1.23,1.278,1.358,35210.06898786,1756,kraken
1763078400,1.277,1.291,1.212,1.249,1.263,32936.09305449,1930,kraken
1763164800,1.25,1.3,1.244,1.282,1.272,3173.27574797,641,kraken
1763251200,1.281,1.304,1.196,1.236,1.233,8225.15322453,996,kraken
1763337600,1.237,1.291,1.177,1.213,1.245,47948.16256884,1468,kraken
1763424000,1.212,1.545,1.192,1.307,1.312,103824.31170163,1896,kraken
1763510400,1.306,1.35,1.177,1.229,1.266,53682.44718073,1426,kraken
1763596800,1.227,1.379,1.181,1.201,1.276,40024.76784549,2163,kraken
1763683200,1.202,1.247,1.079,1.115,1.156,48678.13794561,2731,kraken
1763769600,1.114,1.114,1.067,1.099,1.089,8982.19431657,866,kraken
1763856000,1.1,1.124,1.093,1.096,1.108,25254.83576217,510,kraken
1763942400,1.095,1.165,1.08,1.147,1.142,209063.43987035,1000,kraken
1764028800,1.146,1.158,1.091,1.152,1.126,38837.56385439,754,kraken
1764115200,1.151,1.166,1.102,1.158,1.13,4802.75040659,161,kraken
1764201600,1.159,1.182,1.148,1.156,1.17,6689.87663354,59,kraken
1764288000,1.157,1.169,1.125,1.133,1.14,4944.43417671,101,kraken
1764374400,1.134,1.144,1.104,1.109,1.13,2884.13499939,29,kraken
1764460800,1.11,1.115,1.087,1.087,1.1,3124.27386479,42,kraken
1764547200,1.089,1.089,0.986,1.021,1.004,26108.93412405,224,kraken
1764633600,1.015,1.112,0.998,1.096,1.055,10278.63168274,102,kraken
1764720000,1.092,1.153,1.092,1.149,1.129,14087.04548941,85,kraken
1764806400,1.147,1.147,1.068,1.081,1.108,5403.4783987,152,kraken
1764892800,1.082,1.091,1.006,1.03,1.043,8339.14051581,177,kraken
1764979200,1.031,1.088,1.021,1.07,1.069,25324.66261142,196,kraken
1765065600,1.08,1.083,1.007,1.02,1.056,26188.74284476,121,kraken
1765152000,1.017,1.065,1.017,1.035,1.047,8180.11908894,67,kraken
1765238400,1.03,1.134,1.023,1.127,1.056,61974.082348,227,kraken
1765324800,1.125,1.132,1.07,1.092,1.105,27720.77208752,155,kraken
1765411200,1.082,1.084,1.015,1.051,1.034,16079.49007189,95,kraken
1765497600,1.041,1.053,0.979,1.009,1.006,9172.50662843,85,kraken
1765584000,1.008,1.019,1.003,1.01,1.012,1543.84886686,43,kraken
1765670400,1.009,1.013,0.951,0.951,0.969,5466.20298794,81,kraken
1765756800,0.966,0.992,0.9,0.924,0.955,22379.40342639,152,kraken
1765843200,0.916,0.932,0.891,0.92,0.912,8344.13588652,94,kraken
1765929600,0.912,0.94,0.856,0.869,0.88,61660.90589476,181,kraken
1766016000,0.864,0.876,0.795,0.807,0.83,40129.33676116,204,kraken
1766102400,0.809,0.885,0.791,0.876,0.859,45908.93958838,145,kraken
1766188800,0.875,0.882,0.869,0.879,0.873,23101.70443895,63,kraken
1766275200,0.878,0.878,0.832,0.853,0.849,11422.90147788,54,kraken
1766361600,0.864,0.872,0.835,0.848,0.856,53924.84340126,144,kraken
1766448000,0.85,0.868,0.815,0.858,0.832,63831.64489747,158,kraken
1766534400,0.855,0.855,0.824,0.843,0.83,9816.48018749,45,kraken
1766620800,0.841,0.86,0.824,0.824,0.84,20841.38580675,72,kraken
1766707200,0.824,0.859,0.821,0.832,0.829,8117.88806767,51,kraken
1766793600,0.832,0.874,0.832,0.873,0.857,19982.71550745,61,kraken
1766880000,0.874,0.912,0.845,0.858,0.86,39452.40827268,110,kraken
1766966400,0.852,0.874,0.825,0.828,0.837,11391.08441379,56,kraken
1767052800,0.823,0.841,0.819,0.827,0.829,18916.15373073,45,kraken
1767139200,0.829,0.83,0.788,0.804,0.815,37443.10079689,141,kraken
1767225600,0.809,0.871,0.792,0.866,0.835,14680.59338993,69,kraken
1767312000,0.869,0.927,0.869,0.916,0.902,51626.32470722,107,kraken
1767398400,0.91,0.928,0.893,0.906,0.916,22105.10240751,38,kraken
1767484800,0.927,0.981,0.921,0.964,0.96,13334.95540946,80,kraken
1767571200,0.965,0.993,0.94,0.986,0.971,19304.86371955,83,kraken
1767657600,0.982,1.013,0.95,0.997,0.983,64309.78636785,154,kraken
1767744000,0.993,0.993,0.94,0.953,0.957,16172.85269262,48,kraken
1767830400,0.952,0.963,0.917,0.952,0.945,24159.5077092,58,kraken
1767916800,0.952,0.97,0.938,0.946,0.949,6137.97849271,39,kraken
1768003200,0.943,0.977,0.934,0.954,0.964,26617.38615956,43,kraken
1768089600,0.959,0.975,0.943,0.954,0.96,58713.24120774,130,kraken
1768176000,0.956,0.984,0.903,0.903,0.945,27190.87831532,79,kraken
1768262400,0.915,1.125,0.911,1.056,1.038,198847.33501511,753,kraken
1768348800,1.051,1.52,1.051,1.227,1.258,455958.41952685,2972,kraken
1768435200,1.22,1.226,1.057,1.085,1.129,150611.69650799,1318,kraken
1768521600,1.085,1.332,1.068,1.313,1.235,207786.50694807,1495,kraken
1768608000,1.323,2.5,1.294,1.952,1.835,890729.39408491,6688,kraken
1768694400,1.982,2.44,1.791,1.883,1.996,749496.14651389,12658,kraken
1768780800,1.881,1.991,1.638,1.65,1.802,377501.11117062,10399,kraken
1768867200,1.65,2.4,1.65,2.101,2.031,1016503.30471224,19659,kraken
1768953600,2.091,2.729,2.021,2.364,2.333,1084813.75146284,22516,kraken
1769040000,2.366,2.834,2.364,2.673,2.535,701707.12224616,15571,kraken
1769126400,2.677,3.342,2.5,2.931,2.825,1048236.83066274,12680,kraken
1769212800,2.93,2.986,2.525,2.632,2.707,787464.26828585,9498,kraken
1769299200,2.631,2.637,1.986,2.042,2.205,876243.91158102,14732,kraken
1769385600,2.042,2.565,1.883,2.491,2.277,768747.31769597,27199,kraken
1769472000,2.49,2.84,2.337,2.638,2.557,643747.90576712,20452,kraken
1769558400,2.637,2.689,2.256,2.283,2.407,367312.39088266,13665,kraken
1769644800,2.282,2.426,2.069,2.274,2.2,392719.15109052,13789,kraken
1769731200,2.262,2.286,2.055,2.075,2.128,605342.50240248,10315,kraken
1769817600,2.073,2.111,1.75,1.819,1.885,592418.07618312,6444,kraken
1769904000,1.808,1.907,1.647,1.73,1.757,460861.16911801,6626,kraken
1769990400,1.729,1.797,1.626,1.689,1.703,503280.26180716,7934,kraken
1770076800,1.69,1.704,1.499,1.613,1.588,581989.51298306,9824,kraken
1770163200,1.612,1.627,1.496,1.523,1.559,284921.67760203,4345,kraken
1770249600,1.523,1.667,1.289,1.298,1.482,648635.51224533,6457,kraken
1770336000,1.299,1.463,1.172,1.374,1.344,318056.43128362,3575,kraken
1770422400,1.373,1.412,1.278,1.326,1.345,242946.70469287,3628,kraken
1770508800,1.325,1.325,1.249,1.263,1.285,101090.04469243,1842,kraken
1770595200,1.263,1.591,1.253,1.478,1.462,826790.66105723,14526,kraken
1770681600,1.477,1.648,1.441,1.572,1.546,1270580.46400671,16470,kraken
1770768000,1.571,1.626,1.456,1.545,1.506,521481.40600004,10539,kraken
1770854400,1.544,1.544,1.364,1.416,1.42,205522.05813833,4050,kraken
1770940800,1.415,1.415,1.325,1.409,1.361,140159.08413405,2518,kraken
1771027200,1.408,1.569,1.403,1.507,1.493,224044.83112804,6272,kraken
1771113600,1.505,1.512,1.376,1.404,1.423,123867.98790006,2831,kraken
1771200000,1.403,1.403,1.342,1.369,1.358,236250.47989281,3900,kraken
1771286400,1.368,1.412,1.322,1.369,1.374,271856.8734086,3365,kraken
1771372800,1.368,1.368,1.274,1.295,1.313,79468.73227246,1637,kraken
1771459200,1.293,1.293,1.205,1.273,1.234,211944.91169288,2601,kraken
1771545600,1.272,1.383,1.255,1.341,1.332,191667.65171344,5153,kraken
1771632000,1.341,1.424,1.3,1.338,1.363,134718.29833653,3172,kraken
1771718400,1.339,1.367,1.279,1.309,1.324,48902.00295904,1391,kraken
1771804800,1.308,1.308,1.209,1.23,1.241,109027.140961,2590,kraken
1771891200,1.231,1.26,1.191,1.259,1.227,90732.29939895,2569,kraken
1771977600,1.258,1.465,1.246,1.388,1.356,230535.81554855,4378,kraken
1772064000,1.386,1.386,1.318,1.36,1.35,76711.66491669,2438,kraken
1772150400,1.359,1.422,1.275,1.3,1.37,112318.99631249,2709,kraken
1772236800,1.299,1.331,1.218,1.319,1.285,113212.65379253,2936,kraken
1772323200,1.32,1.354,1.235,1.265,1.309,135639.72654912,3181,kraken
1772409600,1.264,1.318,1.245,1.254,1.278,85539.86026383,2300,kraken
1772496000,1.253,1.261,1.203,1.218,1.219,98922.02204092,2532,kraken
1772582400,1.217,1.264,1.172,1.222,1.22,103966.41001063,2638,kraken
1772668800,1.223,1.237,1.171,1.215,1.213,133506.32822817,2233,kraken
1772755200,1.214,1.226,1.148,1.155,1.174,143651.02768587,1982,kraken
1772841600,1.156,1.162,1.098,1.111,1.132,39633.28818474,917,kraken
1772928000,1.112,1.149,1.09,1.112,1.123,45127.8441507,1501,kraken
1773014400,1.113,1.141,1.104,1.108,1.122,33730.08937283,1662,kraken
1773100800,1.106,1.155,1.099,1.123,1.136,144685.44929556,1882,kraken
1773187200,1.121,1.186,1.103,1.126,1.143,71630.72552248,2303,kraken
1773273600,1.127,1.172,1.097,1.137,1.133,191438.72986423,1723,kraken
1773360000,1.136,1.178,1.133,1.156,1.158,76760.54243544,1478,kraken
1773446400,1.155,1.31,1.15,1.242,1.257,476502.62757869,7488,kraken
1773532800,1.241,1.299,1.206,1.244,1.245,90365.59790002,2640,kraken
1773619200,1.245,1.289,1.21,1.28,1.245,135253.91225939,2233,kraken
1773705600,1.279,1.285,1.219,1.232,1.249,131516.45174733,1898,kraken
1773792000,1.233,1.338,1.186,1.198,1.251,235284.83611681,4205,kraken
1773878400,1.197,1.229,1.16,1.2,1.192,128549.93034464,2458,kraken
1773964800,1.199,1.274,1.196,1.213,1.233,73291.65958168,1718,kraken
1774051200,1.212,1.216,1.143,1.154,1.187,21753.13197809,575,kraken
1774137600,1.153,1.16,1.084,1.087,1.123,40445.94276236,1078,kraken
1774224000,1.088,1.139,1.039,1.115,1.1,72966.14359534,1913,kraken
1774310400,1.116,1.15,1.096,1.122,1.118,39336.59335769,1272,kraken
1774396800,1.123,1.137,1.107,1.126,1.118,90794.40531714,1069,kraken
1774483200,1.127,1.169,1.051,1.114,1.108,208129.33820351,2205,kraken
1774569600,1.113,1.161,1.088,1.112,1.116,88015.64029752,2165,kraken
1774656000,1.113,1.185,1.09,1.148,1.143,145613.4158102,2448,kraken
1774742400,1.147,1.153,1.093,1.118,1.129,40635.83989166,1013,kraken
1774828800,1.117,1.161,1.112,1.122,1.139,32394.45309595,930,kraken
1774915200,1.121,1.133,1.093,1.128,1.107,25422.26841805,895,kraken
1775001600,1.127,1.168,1.127,1.132,1.15,58876.23964032,2021,kraken
1775088000,1.132,1.138,1.059,1.108,1.083,60154.04758974,3639,kraken
1775174400,1.109,1.15,1.107,1.116,1.126,65220.62223967,1506,kraken
1775260800,1.117,1.129,1.096,1.123,1.113,35234.00975945,735,kraken
1775347200,1.124,1.125,1.079,1.104,1.096,72905.24970504,2230,kraken
1775433600,1.105,1.142,1.097,1.103,1.117,115978.26316612,1322,kraken
1775520000,1.102,1.155,1.076,1.148,1.11,117709.09648282,1372,kraken
1775606400,1.149,1.162,1.093,1.096,1.14,64992.01310238,1002,kraken
1775692800,1.095,1.154,1.09,1.131,1.117,47449.33966511,987,kraken
1775779200,1.132,1.146,1.11,1.133,1.129,26978.48959103,731,kraken
1775865600,1.132,1.14,1.107,1.124,1.126,19412.30760838,450,kraken
1775952000,1.123,1.129,1.068,1.077,1.098,28424.07980595,563,kraken
1776038400,1.076,1.132,1.061,1.125,1.086,41565.0532607,822,kraken
1776124800,1.126,1.137,1.09,1.097,1.116,44155.94421074,787,kraken
1776211200,1.098,1.151,1.098,1.131,1.132,40389.80559219,772,kraken
1776297600,1.13,1.19,1.126,1.186,1.151,45436.16251223,1283,kraken
1776384000,1.185,1.222,1.15,1.186,1.192,39100.09314852,1159,kraken
1776470400,1.185,1.234,1.118,1.124,1.169,63411.18046679,1664,kraken
1776556800,1.123,1.128,1.084,1.088,1.104,33557.47045671,955,kraken
1776643200,1.089,1.123,1.088,1.106,1.104,21457.27887005,649,kraken
1776729600,1.107,1.12,1.087,1.106,1.1,49192.02300545,725,kraken
1776816000,1.106,1.139,1.099,1.102,1.122,17631.34249548,588,kraken
1776902400,1.103,1.115,1.087,1.104,1.098,27318.59166893,559,kraken
1776988800,1.105,1.147,1.093,1.134,1.123,28502.44779889,709,kraken
1777075200,1.135,1.78,1.127,1.58,1.506,991645.51033261,7436,kraken
1777161600,1.578,1.588,1.362,1.422,1.423,537675.2573846,6196,kraken
1777248000,1.422,1.491,1.349,1.437,1.411,312279.17593267,7602,kraken
1777334400,1.438,1.552,1.41,1.508,1.464,222220.49583847,5631,kraken
1777420800,1.506,1.557,1.363,1.395,1.463,145715.07497631,2699,kraken
1777507200,1.394,1.41,1.346,1.369,1.372,52127.74502491,1396,kraken
1777593600,1.368,1.429,1.359,1.391,1.402,105455.14310516,1698,kraken
1777680000,1.391,1.443,1.369,1.377,1.408,63558.55154771,1240,kraken
1777766400,1.376,1.376,1.314,1.325,1.336,50695.39885271,824,kraken
1777852800,1.324,1.341,1.295,1.317,1.318,60094.86829183,1630,kraken
1777939200,1.318,1.378,1.316,1.357,1.351,34979.48898737,957,kraken
1778025600,1.356,1.403,1.339,1.396,1.366,43883.12084926,1233,kraken
1778112000,1.395,1.417,1.347,1.379,1.379,52962.8802792,1889,kraken
1778198400,1.378,1.447,1.359,1.442,1.406,58348.74248557,1298,kraken
1778284800,1.443,1.477,1.427,1.435,1.452,57240.14450515,1311,kraken
1778371200,1.434,1.457,1.398,1.434,1.433,93495.20882687,1282,kraken
1778457600,1.435,1.441,1.395,1.429,1.419,46138.40797514,1936,kraken
1778544000,1.428,1.43,1.331,1.342,1.376,62909.52971861,2614,kraken
1778630400,1.341,1.371,1.249,1.269,1.309,41965.9104717,1919,kraken
1778716800,1.27,1.291,1.247,1.266,1.266,54463.24933739,1472,kraken
1778803200,1.265,1.275,1.178,1.197,1.225,25846.87621594,975,kraken
1778889600,1.196,1.208,1.146,1.171,1.176,19311.98156771,575,kraken
1778976000,1.171,1.173,1.096,1.127,1.142,20494.20017215,517,kraken
1779062400,1.126,1.21,1.117,1.204,1.159,60002.79400761,1828,kraken
1779148800,1.203,1.215,1.156,1.168,1.18,30771.69603015,1154,kraken
1779235200,1.167,1.223,1.16,1.201,1.192,32155.7726195,798,kraken
1779321600,1.202,1.219,1.177,1.203,1.196,66735.36436718,926,kraken
1779408000,1.202,1.226,1.142,1.149,1.189,40410.93283415,1178,kraken
1779494400,1.148,1.208,1.118,1.197,1.155,27997.32126521,1030,kraken
1779580800,1.196,1.199,1.128,1.15,1.165,10635.47467289,415,kraken
1779667200,1.152,1.172,1.143,1.147,1.162,42528.53077576,529,kraken
1779753600,1.148,1.162,1.125,1.146,1.139,39126.96523469,914,kraken
1779840000,1.146,1.188,1.131,1.144,1.157,35989.47774675,1323,kraken
1779926400,1.143,1.179,1.067,1.152,1.108,59928.99924244,1586,kraken
1780012800,1.153,1.191,1.13,1.174,1.161,36817.05106815,1248,kraken
1780099200,1.175,1.31,1.17,1.192,1.242,119995.96421268,2665,kraken
1780185600,1.191,1.263,1.146,1.184,1.197,55957.12283242,1630,kraken
1780272000,1.183,1.204,1.158,1.174,1.176,39606.12660624,1347,kraken
1780358400,1.175,1.21,1.094,1.121,1.153,67491.17513211,2273,kraken
1780444800,1.122,1.18,1.099,1.121,1.135,37653.39064726,1444,kraken
1780531200,1.122,1.13,0.986,1.022,1.035,90499.69880169,2839,kraken
1780617600,1.021,1.022,0.895,0.932,0.949,102562.55551486,3190,kraken
1780704000,0.933,0.945,0.868,0.923,0.907,27195.24395404,503,kraken
1780790400,0.924,0.97,0.911,0.947,0.938,36819.1396056,1080,kraken
1780876800,0.945,0.966,0.931,0.948,0.95,26630.58995783,1699,kraken
1780963200,0.948,0.948,0.906,0.924,0.93,40972.36846293,2446,kraken
1781049600,0.923,0.929,0.883,0.898,0.909,35419.49734034,1448,kraken
1781136000,0.899,0.952,0.899,0.942,0.929,43623.58080139,1189,kraken
1781222400,0.941,0.968,0.936,0.947,0.949,31154.81158149,699,kraken
1781308800,0.948,0.98,0.945,0.974,0.967,18240.88076449,532,kraken
1781395200,0.973,0.983,0.939,0.977,0.954,38336.39147368,552,kraken
1781481600,0.977,1.038,0.972,1.002,1.004,38773.9347301,864,kraken
1781568000,1.003,1.025,0.98,1.008,1.004,24037.2039548,846,kraken
1781654400,1.007,1.024,0.969,0.989,1.008,153235.46206158,1586,kraken
1781740800,0.99,0.996,0.92,0.957,0.956,66887.42519945,1101,kraken
1781827200,0.956,0.965,0.93,0.952,0.946,17117.59954266,607,kraken
1781913600,0.952,1.236,0.952,1.163,1.138,866894.62197847,12180,kraken
1782000000,1.164,1.277,1.052,1.052,1.176,252077.16695039,4892,kraken
1782086400,1.053,1.086,1.027,1.073,1.049,67964.28823637,1656,kraken
1782172800,1.072,1.11,1.005,1.014,1.043,170926.3380613,2839,kraken
1782259200,1.015,1.061,0.968,1.005,1.01,128969.17349248,2931,kraken
1782345600,1.004,1.054,0.969,1.02,1.021,65466.75121464,1789,kraken
1782432000,1.021,1.026,0.981,1.003,1.004,61939.88696806,1387,kraken
1782518400,1.004,1.005,0.965,0.974,0.991,31471.64016614,412,kraken
1782604800,0.973,1.004,0.961,0.991,0.983,23913.41127694,685,kraken
1782691200,0.99,1.01,0.975,1.005,0.991,28643.13823162,762,kraken
1782777600,1.006,1.017,0.957,0.962,0.984,30537.02910373,720,kraken
1782864000,0.963,1.022,0.946,1.009,0.995,45387.49582945,1112,kraken
1782950400,1.008,1.04,0.998,1.019,1.02,37207.24210458,682,kraken
1783036800,1.018,1.075,1.003,1.058,1.037,49158.17330168,977,kraken
1783123200,1.057,1.065,1.032,1.042,1.054,40298.20619376,749,kraken
1783209600,1.04,1.069,1.013,1.023,1.036,19240.38714336,580,kraken
1783296000,1.023,1.031,0.985,1.013,1.01,19854.06547595,639,kraken
1783382400,1.014,1.022,0.977,0.986,1.0,13488.64594773,411,kraken
1783468800,0.987,0.999,0.957,0.996,0.981,42269.38764512,861,kraken
1783555200,0.997,1.016,0.995,1.005,1.004,14188.70274474,428,kraken
1783641600,1.004,1.015,0.994,1.006,1.004,9801.68604187,301,kraken
1783728000,1.007,1.023,0.991,0.991,1.009,13912.5141591,244,kraken
1783814400,0.99,1.006,0.982,0.988,0.993,15674.78886264,261,kraken
1783900800,0.987,1.001,0.969,0.981,0.981,13512.33198507,455,kraken
1783987200,0.982,1.003,0.971,0.999,0.985,15801.91464343,405,kraken
1784073600,1.0,1.007,0.979,0.99,0.991,22240.6741103,467,kraken
1784160000,0.991,1.014,0.975,0.978,1.0,19206.82984117,1041,kraken
1784246400,0.979,0.983,0.912,0.944,0.941,28111.69524506,643,kraken
1784332800,0.943,0.946,0.927,0.933,0.935,8109.83376035,319,kraken
1784419200,0.932,0.938,0.914,0.927,0.928,9303.46707327,222,kraken
1784505600,0.928,0.96,0.906,0.927,0.928,76483.03362577,679,kraken
1784592000,0.926,0.943,0.923,0.929,0.931,8739.73216413,256,kraken
1784678400,0.93,0.938,0.918,0.921,0.928,11598.38070236,224,kraken
1784764800,0.92,0.923,0.895,0.9,0.906,7565.52740479,227,kraken
1784851200,0.899,0.9,0.874,0.888,0.885,11475.69887209,332,kraken
1784937600,0.889,0.9,0.884,0.891,0.893,8484.99504464,222,kraken
1785024000,0.891,0.898,0.883,0.896,0.891,8061.64612148,158,kraken
1785110400,0.896,0.897,0.837,0.842,0.861,24339.29115899,333,kraken
1785196800,0.846,0.849,0.827,0.838,0.839,38863.61233231,356,kraken
1785283200,0.839,0.841,0.802,0.819,0.82,24415.66931369,671,kraken
1785369600,0.82,0.834,0.816,0.829,0.824,10997.79280824,370,kraken
1785456000,0.83,0.846,0.819,0.843,0.834,21529.26069389,462,kraken
1785542400,0.844,0.845,0.818,0.826,0.834,5664.33798285,206,kraken
1785628800,0.827,0.835,0.825,0.833,0.829,4272.43383478,158,kraken
1785715200,0.832,0.835,0.814,0.83,0.826,20462.38610352,228,kraken
1785801600,0.831,0.831,0.821,0.823,0.826,4034.77850335,115,kraken
1785888000,0.822,0.871,0.821,0.87,0.847,33381.42640268,675,kraken
1785974400,0.871,0.916,0.866,0.892,0.891,93723.00887834,1817,kraken
1786060800,0.891,0.912,0.877,0.886,0.891,63342.32195946,1017,kraken
1786147200,0.885,0.928,0.881,0.919,0.903,14936.18540826,493,kraken
1786233600,0.918,0.928,0.897,0.897,0.912,13968.45770237,394,kraken
1786320000,0.898,0.939,0.889,0.911,0.917,34536.80847526,816,kraken
1786406400,0.91,0.918,0.878,0.893,0.895,48298.25879556,605,kraken
1786492800,0.892,0.927,0.852,0.86,0.892,27067.97562803,774,kraken
1786579200,0.86,0.878,0.857,0.866,0.863,18698.93469733,334,kraken
1786665600,0.865,0.912,0.853,0.891,0.886,44962.8714949,825,kraken
1786752000,0.89,0.9,0.866,0.866,0.881,10835.76381007,312,kraken
1786838400,0.867,0.882,0.857,0.865,0.872,11350.8468388,307,kraken
1786924800,0.866,0.875,0.848,0.851,0.858,9556.92454031,198,kraken
1787011200,0.852,0.852,0.835,0.838,0.842,6808.07469843,193,kraken
1787097600,0.837,0.911,0.837,0.899,0.879,32509.65863299,510,kraken
1787184000,0.9,0.963,0.897,0.962,0.933,78349.13836949,1086,kraken
1787270400,0.961,1.067,0.961,1.067,1.002,115534.17204722,2407,kraken
1787356800,1.068,1.127,0.947,0.991,1.039,161951.60106293,3723,kraken
1787443200,0.99,1.026,0.938,1.011,0.986,65373.8480913,1473,kraken
1787529600,1.012,1.012,0.953,0.968,0.98,50712.64599699,1546,kraken
1787616000,0.969,0.994,0.928,0.944,0.963,98960.9912688,1391,kraken
1787702400,0.943,0.962,0.917,0.95,0.932,83873.81738454,792,kraken
1787788800,0.949,0.957,0.929,0.942,0.942,66838.24112298,590,kraken
1787875200,0.942,0.958,0.88,0.905,0.909,79769.80947773,884,kraken
1787961600,0.906,0.907,0.89,0.9,0.9,17945.19858062,181,kraken
1788048000,0.901,0.921,0.861,0.875,0.895,70080.48676958,606,kraken
1788134400,0.874,0.911,0.874,0.898,0.894,61564.63000933,676,kraken
1788220800,0.899,0.956,0.899,0.91,0.925,139228.10677713,1462,kraken
1788307200,0.909,0.946,0.902,0.922,0.92,128306.4057465,1310,kraken
1788393600,0.922,0.964,0.911,0.956,0.944,109190.44416346,930,kraken
1788480000,0.957,0.958,0.907,0.931,0.927,196578.96964378,1127,kraken
1788566400,0.93,0.956,0.929,0.951,0.943,91277.34174855,551,kraken
1788652800,0.95,0.965,0.939,0.964,0.951,62516.6077454,609,kraken
1788739200,0.965,0.986,0.947,0.968,0.968,127196.63151127,1065,kraken
1788825600,0.967,0.978,0.944,0.955,0.964,85956.78145014,902,kraken
1788912000,0.955,0.977,0.905,0.928,0.937,92121.44118939,1105,kraken
1788998400,0.927,0.927,0.888,0.892,0.909,148300.00267562,1302,kraken
1789084800,0.893,0.938,0.89,0.915,0.912,62037.16803772,1272,kraken
1789171200,0.916,0.943,0.913,0.933,0.927,77370.58321944,697,kraken
1789257600,0.932,0.959,0.931,0.937,0.947,142957.74472862,1325,kraken
1789344000,0.938,0.967,0.927,0.952,0.951,121102.99387183,1152,kraken
1789430400,0.951,0.956,0.894,0.91,0.922,67901.25722327,998,kraken
1789516800,0.909,0.926,0.882,0.926,0.898,85790.93929798,1053,kraken
1789603200,0.926,0.949,0.915,0.949,0.932,69489.13829617,527,kraken
1789689600,0.95,1.028,0.95,1.021,0.996,220636.17818115,1741,kraken
1789776000,1.022,1.057,0.996,1.028,1.02,26361.73436336,163,kraken
1789862400,1.02,1.022,0.974,1.015,1.003,37611.77300753,285,kraken
1789948800,1.022,1.087,1.001,1.083,1.051,59495.39125027,284,kraken
1790035200,1.079,1.147,1.052,1.126,1.098,54772.60614014,438,kraken
1790121600,1.134,1.156,1.031,1.033,1.08,51744.84597737,276,kraken
1790208000,1.034,1.095,1.015,1.076,1.063,38628.05406389,245,kraken
1790294400,1.081,1.222,1.08,1.191,1.181,376304.1460048,2131,kraken
1790380800,1.181,1.234,1.157,1.168,1.19,144929.2070783,1064,kraken
1790467200,1.167,1.188,1.155,1.174,1.173,54227.53568372,242,kraken
1790553600,1.167,1.176,1.082,1.113,1.109,97947.91078216,1704,kraken
1790640000,1.112,1.164,1.083,1.145,1.132,85018.67853993,1919,kraken
1790726400,1.145,1.185,1.133,1.155,1.158,60306.58156152,1766,kraken
1790812800,1.155,1.167,1.119,1.147,1.146,102828.49503694,1781,kraken
1790899200,1.146,1.3,1.134,1.236,1.222,406139.07380042,5749,kraken
1790985600,1.236,1.307,1.194,1.199,1.243,213328.90029574,3726,kraken
1791072000,1.198,1.453,1.198,1.36,1.341,388712.73643464,8102,kraken
1791158400,1.361,1.398,1.263,1.293,1.316,147649.53765607,2542,kraken
1791244800,1.292,1.312,1.242,1.247,1.277,46885.96205653,1370,kraken
1791331200,1.246,1.264,1.163,1.248,1.214,167492.46597165,4051,kraken
1791417600,1.247,1.247,1.119,1.156,1.179,139074.50096953,3788,kraken
1791504000,1.157,1.207,1.146,1.201,1.165,55146.97361576,1713,kraken
1791590400,1.2,1.271,1.193,1.243,1.243,192423.60912807,2832,kraken
