time,open,high,low,close,vwap,volume,count,source
1633651200,53805.46,56113.0,53634.41,53963.82,54570.41,12416.9019906,0,coinbase
1633737600,53965.18,55500.0,53675.0,54962.29,54712.43,7123.05512404,0,coinbase
1633824000,54963.29,56545.24,54112.95,54690.53,55116.24,9370.1912382,0,coinbase
1633910400,54683.09,57833.23,54411.54,57487.44,56577.40333333334,13422.42081815,0,coinbase
1633996800,57485.97,57674.55,53873.78,56005.1,55851.14333333333,15457.00896085,0,coinbase
1634083200,56005.1,57771.33,54236.09,57367.32,56458.246666666666,14691.01338574,0,coinbase
1634169600,57367.32,58520.71,56832.32,57359.51,57570.84666666667,12198.02457938,0,coinbase
1634256000,57359.51,62910.0,56867.11,61695.39,60490.833333333336,27105.19764492,0,coinbase
1634342400,61690.32,62350.0,60139.01,60877.42,61122.14333333333,10161.25819825,0,coinbase
1634428800,60867.05,61744.17,58943.83,61527.11,60738.369999999995,9153.32273471,0,coinbase
1634515200,61530.07,62675.19,59887.74,62042.41,61535.113333333335,19798.1489024,0,coinbase
1634601600,62042.4,64500.0,61333.0,64303.14,63378.71333333334,17380.30486176,0,coinbase
1634688000,64303.14,66999.0,63525.0,66026.54,65516.84666666666,19194.45410878,0,coinbase
1634774400,66021.26,66650.85,62050.0,62204.02,63634.956666666665,23474.39133313,0,coinbase
1634860800,62204.01,63750.0,60000.0,60687.64,61479.21333333334,17217.70765017,0,coinbase
1634947200,60682.88,61750.0,59650.0,61300.01,60900.003333333334,6708.15013802,0,coinbase
1635033600,61300.02,61491.96,59522.89,60854.48,60623.11000000001,8573.72719199,0,coinbase
1635120000,60847.91,63726.58,60653.5,63083.54,62487.87333333333,10496.58058683,0,coinbase
1635206400,63081.96,63290.49,59837.07,60337.62,61155.06,12181.48144997,0,coinbase
1635292800,60333.19,61488.0,58100.0,58455.47,59347.823333333334,18856.68565412,0,coinbase
1635379200,58462.73,62477.47,57653.88,60591.65,60241.0,19354.49897509,0,coinbase
1635465600,60591.63,62974.0,60188.73,62276.72,61813.15,15497.01101939,0,coinbase
1635552000,62287.95,62379.2,60725.01,61892.41,61665.54,6793.59698552,0,coinbase
1635638400,61896.38,62427.02,60001.0,61343.68,61257.23333333333,8371.1698899,0,coinbase
1635724800,61346.17,62500.0,59500.0,60949.54,60983.18,11724.34161877,0,coinbase
1635811200,60956.4,64300.0,60672.16,63266.51,62746.223333333335,13694.11539462,0,coinbase
1635897600,63266.5,63568.36,60070.0,62935.41,62191.256666666675,12951.87181247,0,coinbase
1635984000,62935.4,63114.14,60728.77,61444.5,61762.47,11051.75853921,0,coinbase
1636070400,61444.49,62638.59,60777.0,61006.15,61473.91333333333,10598.79620286,0,coinbase
1636156800,61006.14,61599.25,60125.0,61539.31,61087.85333333333,6366.43859189,0,coinbase
1636243200,61539.3,63327.96,61397.86,63309.13,62678.31666666667,5596.02460734,0,coinbase
1636329600,63309.12,67792.77,63309.12,67554.84,66218.91,17661.87297159,0,coinbase
1636416000,67554.13,68568.85,66261.79,66944.66,67258.43333333333,14996.62508818,0,coinbase
1636502400,66938.76,69000.0,62800.0,64912.2,65570.73333333334,19030.24517744,0,coinbase
1636588800,64912.2,65600.0,64133.78,64807.59,64847.12333333333,10259.51472415,0,coinbase
1636675200,64807.73,65477.06,62300.0,64147.9,63974.986666666664,13658.626579,0,coinbase
1636761600,64144.42,64990.0,63394.17,64400.01,64261.39333333333,5968.10354833,0,coinbase
1636848000,64400.01,65525.0,63596.9,65505.02,64875.63999999999,6081.57225975,0,coinbase
1636934400,65505.03,66339.9,63371.0,63624.59,64445.16333333333,10426.55522646,0,coinbase
1637020800,63621.05,63624.6,58638.0,60107.98,60790.193333333336,24910.15267457,0,coinbase
1637107200,60101.56,60824.38,58380.0,60351.51,59851.96333333334,20907.21545076,0,coinbase
1637193600,60351.51,60977.21,56514.13,56898.0,58129.78,26749.21203012,0,coinbase
1637280000,56898.46,58412.12,55625.0,58122.16,57386.426666666666,18554.56064192,0,coinbase
1637366400,58122.15,59900.0,57423.35,59760.76,59028.036666666674,7584.65241653,0,coinbase
1637452800,59760.76,60070.0,58509.69,58671.21,59083.63333333333,6661.36635434,0,coinbase
1637539200,58671.22,59526.51,55641.03,56280.81,57149.450000000004,15889.22078935,0,coinbase
1637625600,56280.81,57886.03,55377.0,57566.85,56943.293333333335,14019.78167156,0,coinbase
1637712000,57562.65,57607.97,55875.01,57162.66,56881.880000000005,12509.25971944,0,coinbase
1637798400,57158.58,59445.99,57037.04,58987.27,58490.1,10668.67680723,0,coinbase
1637884800,58994.72,59194.0,53533.0,53757.67,55494.88999999999,25946.30174683,0,coinbase
1637971200,53757.67,55316.67,53642.58,54759.05,54572.76666666666,7899.30349126,0,coinbase
1638057600,54759.04,57490.0,53327.0,57317.17,56044.72333333333,8222.42493442,0,coinbase
1638144000,57318.51,58908.27,56730.0,57838.06,57825.44333333333,13454.23335496,0,coinbase
1638230400,57838.06,59249.77,55910.33,56987.97,57382.69,18038.78770838,0,coinbase
1638316800,56998.35,59118.84,56465.75,57226.5,57603.69666666666,16607.30872879,0,coinbase
1638403200,57226.51,57423.69,55845.0,56521.46,56596.71666666667,12969.21952648,0,coinbase
1638489600,56521.45,57670.68,51640.0,53638.04,54316.24,19567.63113833,0,coinbase
1638576000,53633.02,53876.09,42333.0,49241.12,48483.40333333333,39023.32978526,0,coinbase
1638662400,49235.26,49783.0,47827.0,49484.22,49031.40666666667,21727.13821193,0,coinbase
1638748800,49484.21,51105.0,47200.0,50529.56,49611.52,23082.30465624,0,coinbase
1638835200,50529.56,51995.0,50067.1,50625.48,50895.86000000001,14107.33216632,0,coinbase
1638921600,50625.24,51250.0,48650.02,50519.68,50139.899999999994,13138.99183299,0,coinbase
1639008000,50520.94,50844.86,47323.23,47568.43,48578.84,15749.4243393,0,coinbase
1639094400,47568.43,50148.49,46900.0,47170.94,48073.14333333333,15689.5742182,0,coinbase
1639180800,47170.94,49517.18,46786.78,49407.75,48570.57,11045.22374119,0,coinbase
1639267200,49424.47,50828.13,48665.43,50089.64,49861.06666666667,10411.08180306,0,coinbase
1639353600,50089.64,50218.42,45727.92,46727.89,47558.07666666666,20797.28834629,0,coinbase
1639440000,46727.89,48686.91,46300.0,48367.43,47784.78,17107.0342879,0,coinbase
1639526400,48359.23,49500.0,46530.0,48884.78,48304.926666666666,21621.70983741,0,coinbase
1639612800,48878.83,49459.39,47524.66,47634.22,48206.090000000004,12731.23681745,0,coinbase
1639699200,47634.2,48000.0,45469.32,46166.5,46545.27333333334,18556.07900007,0,coinbase
1639785600,46159.87,47368.73,45515.72,46859.46,46581.30333333334,8170.85303229,0,coinbase
1639872000,46857.49,48351.92,46440.11,46687.19,47159.74,9518.7071282,0,coinbase
1639958400,46687.2,47548.93,45568.0,46926.07,46681.0,16039.38510407,0,coinbase
1640044800,46926.07,49339.31,46645.05,48914.7,48299.68666666667,15461.4105731,0,coinbase
1640131200,48914.7,49595.0,48450.0,48608.62,48884.54,10753.4990677,0,coinbase
1640217600,48608.61,51397.82,48032.16,50842.2,50090.72666666666,16627.04627954,0,coinbase
1640304000,50842.06,51878.6,50445.55,50851.38,51058.51,11690.45418179,0,coinbase
1640390400,50852.31,51171.68,50191.84,50428.31,50597.276666666665,5550.57153185,0,coinbase
1640476800,50428.31,51295.33,49460.0,50801.79,50519.04,6863.39473781,0,coinbase
1640563200,50804.33,52100.0,50480.0,50717.77,51099.25666666666,11596.91468191,0,coinbase
1640649600,50720.35,50720.35,47300.23,47543.09,48521.22333333333,23116.75583707,0,coinbase
1640736000,47542.2,48149.58,46094.02,46471.24,46904.94666666666,20326.32142372,0,coinbase
1640822400,46471.24,47926.15,45938.44,47122.08,46995.556666666664,27413.65364976,0,coinbase
1640908800,47122.09,48574.7,45650.0,46211.24,46811.98,19010.24134509,0,coinbase
1640995200,46211.24,47967.12,46205.0,47733.43,47301.85,9463.6617111,0,coinbase
1641081600,47733.43,47990.0,46633.36,47299.07,47307.47666666666,6833.49845548,0,coinbase
1641168000,47299.06,47583.33,45700.0,46459.56,46580.96333333334,10841.81020453,0,coinbase
1641254400,46459.57,47532.89,45515.0,45814.61,46287.5,16320.32712866,0,coinbase
1641340800,45817.13,47076.55,42500.0,43436.04,44337.53,25067.67476765,0,coinbase
1641427200,43446.34,43794.5,42432.99,43083.76,43103.75,20780.04784989,0,coinbase
1641513600,43081.79,43144.72,40571.53,41565.18,41760.47666666666,26122.19990673,0,coinbase
1641600000,41564.57,42318.97,40505.3,41684.84,41503.03666666667,15454.11315131,0,coinbase
1641686400,41684.84,42831.12,41209.53,41876.52,41972.38999999999,11074.22498167,0,coinbase
1641772800,41876.52,42250.0,39650.0,41824.07,41241.35666666667,25232.35739583,0,coinbase
1641859200,41824.06,43130.0,41274.8,42753.44,42386.08,19697.46613255,0,coinbase
1641945600,42749.84,44342.83,42459.21,43920.37,43574.136666666665,16250.21469714,0,coinbase
1642032000,43921.21,44453.22,42325.0,42581.65,43119.956666666665,14772.09478571,0,coinbase
1642118400,42576.27,43473.98,41752.0,43090.72,42772.23333333334,13545.75086459,0,coinbase
1642204800,43090.72,43819.39,42577.35,43098.2,43164.979999999996,6318.38550193,0,coinbase
1642291200,43098.2,43497.24,42600.0,43104.34,43067.19333333333,6481.6580227,0,coinbase
1642377600,43104.34,43200.0,41567.64,42218.01,42328.549999999996,10963.85191034,0,coinbase
1642464000,42214.66,42692.71,41287.79,42369.74,42116.746666666666,13658.50365699,0,coinbase
1642550400,42372.15,42586.03,41126.0,41674.27,41795.43333333333,15642.41727542,0,coinbase
1642636800,41672.14,43511.99,40555.0,40670.97,41579.32,17860.82318928,0,coinbase
1642723200,40671.77,41127.79,35422.0,36456.94,37668.91,50742.89616126,0,coinbase
1642809600,36456.67,36835.93,34017.56,35066.43,35306.63999999999,30044.12486365,0,coinbase
1642896000,35075.7,36555.55,34625.0,36282.47,35821.00666666667,17440.22740453,0,coinbase
1642982400,36275.28,37574.63,32933.33,36693.32,35733.76,38776.29020908,0,coinbase
1643068800,36687.58,37579.81,35716.15,36980.0,36758.65333333333,21597.52201359,0,coinbase
1643155200,36980.0,38960.0,36254.97,36840.63,37351.86666666667,27403.99125336,0,coinbase
1643241600,36846.22,37249.0,35526.36,37188.37,36654.57666666667,23601.4620954,0,coinbase
1643328000,37188.37,38023.74,36162.48,37741.9,37309.37333333333,22716.16494796,0,coinbase
1643414400,37741.9,38748.43,37300.0,38191.1,38079.84333333333,13103.19076443,0,coinbase
1643500800,38189.82,38384.07,37365.31,37901.35,37883.57666666667,10632.53591257,0,coinbase
1643587200,37904.99,38785.04,36640.94,38491.93,37972.636666666665,19654.98487168,0,coinbase
1643673600,38492.53,39300.0,38021.53,38716.88,38679.47,16379.93141492,0,coinbase
1643760000,38714.27,38888.88,36584.29,36923.39,37465.52,13787.58718711,0,coinbase
1643846400,36923.39,37450.75,36259.01,37329.91,37013.223333333335,13283.28624677,0,coinbase
1643932800,37324.61,41788.81,37051.36,41614.64,40151.60333333333,22537.5582634,0,coinbase
1644019200,41613.75,41970.0,40955.4,41404.85,41443.416666666664,11187.20118795,0,coinbase
1644105600,41411.59,42719.93,41135.39,42415.16,42090.16,6447.88488893,0,coinbase
1644192000,42416.06,44533.0,41678.79,43868.07,43359.95333333334,20040.49860442,0,coinbase
1644278400,43868.08,45519.24,42688.0,44085.59,44097.60999999999,20387.64565183,0,coinbase
1644364800,44087.58,44865.46,43155.5,44416.35,44145.77,12785.8117079,0,coinbase
1644451200,44416.39,45855.0,43210.0,43527.71,44197.57,20024.52326862,0,coinbase
1644537600,43521.88,43962.13,42000.0,42386.47,42782.86666666667,19367.4151999,0,coinbase
1644624000,42386.47,43050.0,41750.0,42244.97,42348.323333333334,8664.419567,0,coinbase
1644710400,42244.91,42781.96,41885.61,42074.99,42247.52,6208.94093653,0,coinbase
1644796800,42073.37,42876.15,41570.0,42548.71,42331.619999999995,14805.98338836,0,coinbase
1644883200,42548.71,44775.96,42433.28,44583.52,43930.91999999999,14154.73452625,0,coinbase
1644969600,44580.73,44585.69,43330.59,43895.56,43937.28,9663.44040395,0,coinbase
1645056000,43895.55,44195.62,40099.99,40536.73,41610.78,18630.10842181,0,coinbase
1645142400,40537.94,40990.9,39425.07,39983.56,40133.176666666666,16491.0130588,0,coinbase
1645228800,39993.64,40469.82,39655.0,40101.94,40075.58666666667,6277.30201343,0,coinbase
1645315200,40101.93,40146.07,38000.0,38389.03,38845.03333333333,10972.32175685,0,coinbase
1645401600,38395.99,39506.91,36811.0,37023.0,37780.30333333334,20970.76378699,0,coinbase
1645488000,37022.11,38469.06,36350.0,38251.48,37690.18,22767.08772002,0,coinbase
1645574400,38251.67,39276.85,37055.0,37268.19,37866.68,15510.11329997,0,coinbase
1645660800,37268.18,39720.0,34322.0,38347.3,37463.1,42124.51876077,0,coinbase
1645747200,38347.3,39716.0,38016.44,39238.48,38990.30666666667,20761.66924479,0,coinbase
1645833600,39242.71,40300.5,38592.04,39137.8,39343.44666666667,8601.67109728,0,coinbase
1645920000,39146.97,39875.71,37020.0,37717.08,38204.26333333333,14440.23638182,0,coinbase
1646006400,37716.57,44240.77,37455.71,43192.66,41629.71333333333,25699.68423401,0,coinbase
1646092800,43189.61,44993.12,42850.0,44439.95,44094.35666666667,22596.96095342,0,coinbase
1646179200,44440.0,45426.45,43342.16,43912.34,44226.98333333334,17466.98591437,0,coinbase
1646265600,43916.47,44096.45,41811.0,42464.41,42790.62,19278.28224695,0,coinbase
1646352000,42464.41,42524.87,38577.01,39166.51,40089.46333333334,24080.60599433,0,coinbase
1646438400,39166.5,39600.0,38587.27,39402.43,39196.56666666666,8440.51638896,0,coinbase
1646524800,39407.87,39730.5,38091.02,38408.38,38743.299999999996,10099.98545246,0,coinbase
1646611200,38406.82,39556.58,37161.88,37994.0,38237.486666666664,19544.28414901,0,coinbase
1646697600,37991.05,39376.65,37851.54,38749.38,38659.19,19132.76914326,0,coinbase
1646784000,38749.16,42597.84,38655.98,41953.97,41069.263333333336,24651.67344036,0,coinbase
1646870400,41949.28,42053.84,38560.85,39433.71,40016.13333333333,20814.01456026,0,coinbase
1646956800,39431.4,40251.51,38234.08,38732.04,39072.543333333335,15908.57521389,0,coinbase
1647043200,38732.33,39472.17,38654.02,38813.02,38979.736666666664,5644.14686801,0,coinbase
1647129600,38815.56,39318.19,37580.86,37793.01,38230.68666666667,8046.37612453,0,coinbase
1647216000,37793.4,39906.39,37560.4,39674.17,39046.98666666667,13566.81093809,0,coinbase
1647302400,39678.51,39900.0,38135.0,39298.1,39111.03333333333,14924.67641882,0,coinbase
1647388800,39298.11,41717.67,38850.0,41127.97,40565.21333333333,22805.48259593,0,coinbase
1647475200,41127.96,41486.0,40521.0,40950.33,40985.776666666665,15717.77421989,0,coinbase
1647561600,40950.23,42396.04,40130.0,41774.98,41433.67333333334,17181.15226772,0,coinbase
1647648000,41781.37,42429.0,41534.89,42232.26,42065.38333333333,8630.97283924,0,coinbase
1647734400,42232.05,42330.1,40918.72,41287.24,41512.02,7621.03036678,0,coinbase
1647820800,41287.24,41578.33,40509.0,41017.71,41035.013333333336,10996.47661055,0,coinbase
1647907200,41017.7,43389.79,40885.19,42378.26,42217.74666666667,19913.28660924,0,coinbase
1647993600,42376.03,43036.95,41766.79,42899.71,42567.81666666666,13745.27563632,0,coinbase
1648080000,42899.71,44241.0,42627.48,44012.29,43626.92333333334,21827.93263859,0,coinbase
1648166400,44012.36,45130.91,43605.8,44331.85,44356.18666666667,19128.13735444,0,coinbase
1648252800,44336.19,44820.58,44091.09,44539.42,44483.69666666666,7305.17827992,0,coinbase
1648339200,44538.21,46950.0,44437.22,46850.01,46079.07666666667,10356.10317002,0,coinbase
1648425600,46850.01,48240.0,46662.28,47144.92,47349.06666666667,18787.66318707,0,coinbase
1648512000,47146.92,48124.94,46589.0,47454.19,47389.37666666667,15776.65108647,0,coinbase
1648598400,47448.41,47717.01,46544.89,47078.03,47113.31,12672.44584707,0,coinbase
1648684800,47078.02,47624.09,45211.0,45528.45,46121.17999999999,17454.79144251,0,coinbase
1648771200,45525.25,46739.24,44232.86,46296.34,45756.14666666667,18111.13598043,0,coinbase
1648857600,46296.36,47219.46,45642.89,45826.27,46229.54,8380.14274375,0,coinbase
1648944000,45826.24,47469.4,45552.07,46422.16,46481.21,8773.77185888,0,coinbase
1649030400,46420.08,46900.0,45129.93,46596.83,46208.920000000006,13802.44111729,0,coinbase
1649116800,46594.39,47200.0,45371.16,45506.5,46025.886666666665,14390.57308541,0,coinbase
1649203200,45509.92,45523.25,43115.26,43166.7,43935.07000000001,24250.37283725,0,coinbase
1649289600,43166.71,43908.58,42734.69,43452.18,43365.15,13245.36612438,0,coinbase
1649376000,43444.71,44000.0,42112.0,42262.02,42791.34,11929.52123708,0,coinbase
1649462400,42261.9,42816.38,42118.96,42766.93,42567.42333333333,4805.71689778,0,coinbase
1649548800,42766.46,43443.32,41885.86,42165.96,42498.38,5770.49368126,0,coinbase
1649635200,42165.96,42424.14,39204.59,39535.87,40388.200000000004,17229.3729009,0,coinbase
1649721600,39535.88,40705.68,39250.0,40086.23,40013.97,13866.41847396,0,coinbase
1649808000,40086.7,41570.88,39550.0,41146.68,40755.85333333333,11457.63380548,0,coinbase
1649894400,41147.15,41512.43,39573.8,39954.08,40346.770000000004,11020.37202049,0,coinbase
1649980800,39953.62,40850.0,39770.22,40554.58,40391.6,6448.01134712,0,coinbase
1650067200,40554.6,40699.99,40005.0,40387.6,40364.19666666666,4084.16565112,0,coinbase
1650153600,40387.6,40605.46,39553.07,39683.54,39947.35666666667,4833.31493601,0,coinbase
1650240000,39681.11,41100.0,38550.0,40803.58,40151.193333333336,13090.79423386,0,coinbase
1650326400,40810.87,41772.94,40571.99,41503.85,41282.926666666666,10218.113707,0,coinbase
1650412800,41501.56,42209.58,40900.0,41377.61,41495.73,14609.28392672,0,coinbase
1650499200,41371.88,43109.47,39744.75,40480.81,41111.676666666666,17204.35326683,0,coinbase
1650585600,40483.38,40802.65,39174.8,39712.25,39896.56666666667,16871.32104798,0,coinbase
1650672000,39712.2,39993.82,39296.19,39465.87,39585.293333333335,6957.16710365,0,coinbase
1650758400,39459.63,39945.74,39000.0,39464.56,39470.1,6436.45656858,0,coinbase
1650844800,39463.75,40605.3,38210.24,40439.22,39751.58666666667,20515.87532995,0,coinbase
1650931200,40440.9,40817.16,37700.0,38113.82,38876.99333333334,21648.1142493,0,coinbase
1651017600,38118.43,39470.0,37882.83,39251.11,38867.98,20832.19649199,0,coinbase
1651104000,39251.02,40400.0,38883.83,39743.22,39675.683333333334,16718.83057299,0,coinbase
1651190400,39741.21,39926.8,38161.85,38593.1,38893.916666666664,14282.25993546,0,coinbase
1651276800,38592.27,38795.0,37590.0,37644.1,38009.700000000004,6931.07200088,0,coinbase
1651363200,37640.35,38675.37,37401.0,38473.05,38183.14,7980.89975954,0,coinbase
1651449600,38469.49,39181.27,38041.0,38510.89,38577.719999999994,17946.98346298,0,coinbase
1651536000,38510.88,38643.48,37505.01,37719.59,37956.026666666665,17946.99450089,0,coinbase
1651622400,37719.58,40038.27,37651.38,39669.56,39119.736666666664,21513.95419034,0,coinbase
1651708800,39669.56,39864.55,35568.0,36537.22,37323.25666666667,28832.99792317,0,coinbase
1651795200,36537.22,36664.4,35255.4,35999.1,35972.96666666667,28626.6487821,0,coinbase
1651881600,35999.1,36125.0,34785.0,35458.0,35456.0,11372.45319184,0,coinbase
1651968000,35458.0,35499.93,33701.0,34027.91,34409.613333333335,22357.51152059,0,coinbase
1652054400,34033.49,34231.54,30010.0,30078.27,31439.936666666665,55136.45332765,0,coinbase
1652140800,30078.27,32645.49,29735.05,31002.39,31127.64333333333,55818.01900282,0,coinbase
1652227200,31002.39,32185.9,27682.38,28972.34,29613.539999999997,61128.25296303,0,coinbase
1652313600,28977.75,30091.2,25338.53,28941.95,28123.89333333333,70702.60931849,0,coinbase
1652400000,28941.95,30990.0,28662.7,29232.18,29628.293333333335,34643.05118869,0,coinbase
1652486400,29234.73,30287.58,28564.38,30041.88,29631.280000000002,15245.46818403,0,coinbase
1652572800,30041.9,31418.35,29436.06,31290.05,30714.820000000003,16440.89298551,0,coinbase
1652659200,31290.02,31293.31,29055.0,29839.89,30062.733333333334,22646.18507353,0,coinbase
1652745600,29839.89,30750.0,29415.01,30412.12,30192.376666666663,19833.30676705,0,coinbase
1652832000,30412.1,30675.92,28605.0,28672.94,29317.953333333335,28348.42643576,0,coinbase
1652918400,28671.5,30500.0,28645.2,30274.59,29806.596666666665,29009.9710577,0,coinbase
1653004800,30274.59,30729.83,28690.92,29155.75,29525.5,34328.18791921,0,coinbase
1653091200,29155.74,29613.34,28913.26,29408.26,29311.62,9998.48360206,0,coinbase
1653177600,29407.4,30457.9,29211.0,30260.87,29976.59,11774.13662231,0,coinbase
1653264000,30258.04,30635.39,28847.72,29082.52,29521.876666666667,25413.0825529,0,coinbase
1653350400,29079.31,29802.0,28611.0,29626.44,29346.48,17077.03870179,0,coinbase
1653436800,29627.61,30192.08,29296.12,29503.49,29663.896666666667,17180.56600794,0,coinbase
1653523200,29503.48,29850.0,28000.0,29166.06,29005.353333333333,26598.58606063,0,coinbase
1653609600,29166.06,29355.4,28220.0,28598.31,28724.570000000003,21035.53736928,0,coinbase
1653696000,28598.31,29239.52,28500.0,29008.99,28916.170000000002,7717.34367577,0,coinbase
1653782400,29008.99,29550.0,28809.84,29447.07,29268.97,6727.92770357,0,coinbase
1653868800,29447.08,32232.16,29273.65,31711.42,31072.41,24915.37275974,0,coinbase
1653955200,31716.67,32383.96,31195.9,31784.05,31787.97,21187.77667355,0,coinbase
1654041600,31784.18,31964.56,29308.01,29788.79,30353.786666666667,26857.46263482,0,coinbase
1654128000,29789.19,30655.0,29558.61,30433.75,30215.786666666667,18519.12608247,0,coinbase
1654214400,30429.12,30674.95,29213.47,29670.85,29853.089999999997,15016.78184772,0,coinbase
1654300800,29672.77,29952.0,29454.14,29843.18,29749.773333333334,6390.75942952,0,coinbase
1654387200,29837.56,30158.44,29505.65,29901.54,29855.210000000003,5482.4963235,0,coinbase
1654473600,29899.62,31745.0,29866.44,31343.61,30985.016666666666,20384.91220986,0,coinbase
1654560000,31349.59,31549.21,29200.0,31106.9,30618.703333333335,23234.0811685,0,coinbase
1654646400,31111.0,31306.32,29829.98,30177.0,30437.766666666666,16775.53319148,0,coinbase
1654732800,30182.92,30679.72,29904.0,30079.62,30221.11333333333,13334.23491125,0,coinbase
1654819200,30079.59,30337.83,28821.15,29063.11,29407.36333333333,23208.77056569,0,coinbase
1654905600,29058.79,29411.11,28080.01,28388.63,28626.583333333332,13276.76193059,0,coinbase
1654992000,28395.03,28516.33,26532.95,26555.2,27201.493333333332,18661.94193886,0,coinbase
1655078400,26555.17,26869.35,21920.0,22460.97,23750.10666666667,81724.84469418,0,coinbase
1655164800,22460.97,23299.22,20816.4,22120.25,22078.623333333333,47382.80135514,0,coinbase
1655251200,22120.23,22769.12,20071.0,22562.33,21800.816666666666,62040.45345538,0,coinbase
1655337600,22562.33,22974.1,20200.0,20372.0,21182.033333333333,37587.2170128,0,coinbase
1655424000,20371.96,21338.7,20209.73,20447.86,20665.43,25560.04919013,0,coinbase
1655510400,20447.86,20750.0,17567.45,18948.89,19088.78,52894.97568032,0,coinbase
1655596800,18944.66,20795.11,17934.26,20552.44,19760.603333333333,29383.34368967,0,coinbase
1655683200,20552.39,21041.62,19603.8,20549.75,20398.39,24904.11647858,0,coinbase
1655769600,20547.68,21711.0,20328.03,20696.96,20911.996666666666,23770.75139634,0,coinbase
1655856000,20699.63,20873.52,19751.51,19968.46,20197.829999999998,26569.63207564,0,coinbase
1655942400,19970.07,21211.97,19869.41,21104.45,20728.61,21460.76883515,0,coinbase
1656028800,21104.45,21537.46,20712.54,21223.72,21157.906666666666,21361.7652594,0,coinbase
1656115200,21221.13,21594.5,20900.0,21478.04,21324.18,12877.9734191,0,coinbase
1656201600,21474.14,21866.0,20944.68,21027.92,21279.533333333333,11145.88852674,0,coinbase
1656288000,21024.85,21520.0,20500.0,20725.17,20915.056666666667,17440.94268269,0,coinbase
1656374400,20722.95,21189.99,20164.7,20252.89,20535.86,17658.6604167,0,coinbase
1656460800,20253.5,20410.91,19823.43,20094.79,20109.71,18278.45185883,0,coinbase
1656547200,20098.0,20143.53,18603.0,19985.62,19577.38333333333,28361.45876221,0,coinbase
1656633600,19985.62,20879.99,18938.33,19252.76,19690.36,32977.00052272,0,coinbase
1656720000,19252.76,19422.02,18955.02,19224.03,19200.356666666667,10707.74160684,0,coinbase
1656806400,19225.54,19622.33,18755.75,19291.33,19223.13666666667,11826.36538269,0,coinbase
1656892800,19291.35,20331.76,19029.33,20211.35,19857.48,14462.57230204,0,coinbase
1656979200,20212.42,20734.89,19274.95,20153.51,20054.449999999997,21938.40185419,0,coinbase
1657065600,20153.74,20650.0,19743.0,20542.67,20311.89,18489.12900774,0,coinbase
1657152000,20542.66,21855.72,20224.8,21614.6,21231.70666666667,25211.332802,0,coinbase
1657238400,21618.04,22490.54,21172.0,21582.2,21748.24666666667,25311.00378887,0,coinbase
1657324800,21582.28,21959.3,21311.04,21583.99,21618.11,9424.31410235,0,coinbase
1657411200,21582.23,21595.75,20636.53,20850.65,21027.643333333333,9610.90399408,0,coinbase
1657497600,20850.65,20854.32,19860.12,19942.43,20218.95666666667,16061.45339697,0,coinbase
1657584000,19942.44,20037.46,19226.47,19303.65,19522.52666666667,21631.52226271,0,coinbase
1657670400,19304.71,20330.71,18892.0,20220.23,19814.313333333335,28211.91563971,0,coinbase
1657756800,20219.69,20893.73,19607.14,20577.02,20359.296666666665,24371.50910244,0,coinbase
1657843200,20574.96,21196.37,20368.67,20827.55,20797.53,17731.34162095,0,coinbase
1657929600,20823.06,21582.71,20475.94,21189.68,21082.776666666665,12479.60342503,0,coinbase
1658016000,21189.23,21667.1,20750.1,20791.74,21069.646666666667,11450.67396279,0,coinbase
1658102400,20791.74,22777.0,20755.95,22427.56,21986.836666666666,31445.5132866,0,coinbase
1658188800,22434.97,23800.0,21578.57,23395.06,22924.543333333335,34808.90125305,0,coinbase
1658275200,23398.46,24287.13,22899.0,23226.99,23471.040000000005,34094.81155381,0,coinbase
1658361600,23225.24,23434.65,22340.07,23153.96,22976.226666666666,24113.43095206,0,coinbase
1658448000,23152.76,23763.55,22505.56,22687.68,22985.596666666668,20884.25890814,0,coinbase
1658534400,22688.85,23006.16,21941.01,22450.69,22465.953333333335,12592.30066753,0,coinbase
1658620800,22451.36,23036.46,22263.85,22583.43,22627.91333333333,9132.96152481,0,coinbase
1658707200,22583.37,22665.74,21254.97,21313.41,21744.70666666667,22277.31378773,0,coinbase
1658793600,21312.06,21344.43,20715.0,21261.57,21107.0,19333.35688939,0,coinbase
1658880000,21260.22,23110.73,21045.73,22962.59,22373.016666666666,24206.7301153,0,coinbase
1658966400,22960.74,24206.11,22580.86,23851.7,23546.22333333333,25681.25351287,0,coinbase
1659052800,23851.66,24450.0,23429.71,23784.5,23888.069999999996,18431.00204878,0,coinbase
1659139200,23787.84,24666.0,23516.11,23650.13,23944.08,13265.47821461,0,coinbase
1659225600,23648.15,24192.18,23240.01,23307.44,23579.876666666667,7969.64723008,0,coinbase
1659312000,23307.44,23518.89,22850.0,23273.86,23214.25,12543.48560075,0,coinbase
1659398400,23273.85,23464.97,22659.06,22989.4,23037.809999999998,15013.77828925,0,coinbase
1659484800,22994.78,23650.96,22694.56,22825.0,23056.84,23966.78092491,0,coinbase
1659571200,22824.88,23234.29,22392.88,22623.94,22750.37,21755.96366822,0,coinbase
1659657600,22624.44,23478.58,22589.83,23320.81,23129.74,26745.91293062,0,coinbase
1659744000,23320.71,23357.19,22917.49,22960.93,23078.536666666667,9285.19244923,0,coinbase
1659830400,22960.86,23405.02,22852.13,23177.39,23144.846666666668,8297.19227173,0,coinbase
1659916800,23180.26,24251.08,23158.32,23815.65,23741.683333333334,24093.33217697,0,coinbase
1660003200,23815.68,23929.35,22871.66,23158.27,23319.76,22349.07822206,0,coinbase
1660089600,23158.32,24224.67,22666.23,23962.18,23617.69333333333,25974.49772434,0,coinbase
1660176000,23959.3,24929.99,23862.66,23944.86,24245.83666666667,29681.35922757,0,coinbase
1660262400,23944.85,24463.01,23600.01,24415.18,24159.399999999998,17244.15100332,0,coinbase
1660348800,24415.08,24898.91,24302.36,24456.49,24552.58666666667,13678.30446343,0,coinbase
1660435200,24456.17,25054.1,24151.63,24316.71,24507.48,23306.17100393,0,coinbase
1660521600,24316.58,25214.57,23777.0,24097.82,24363.13,27821.25610894,0,coinbase
1660608000,24099.7,24253.98,23668.0,23857.93,23926.63666666667,19601.90580439,0,coinbase
1660694400,23857.89,24448.49,23180.14,23341.17,23656.600000000002,22747.43895287,0,coinbase
1660780800,23344.42,23600.0,23107.27,23189.46,23298.910000000003,13825.6308966,0,coinbase
1660867200,23188.94,23206.76,20782.39,20834.94,21608.03,45962.7257428,0,coinbase
1660953600,20834.94,21372.93,20760.93,21139.23,21091.03,21809.4048831,0,coinbase
1661040000,21139.22,21795.08,21067.33,21518.62,21460.343333333334,16024.82128336,0,coinbase
1661126400,21514.45,21540.0,20889.69,21398.25,21275.98,26215.93682469,0,coinbase
1661212800,21396.37,21679.52,20889.69,21528.34,21365.850000000002,22744.05096265,0,coinbase
1661299200,21526.74,21925.0,21147.41,21367.12,21479.843333333334,22538.91385671,0,coinbase
1661385600,21367.12,21818.32,21307.32,21561.86,21562.5,17065.2835044,0,coinbase
1661472000,21561.49,21878.05,20112.78,20240.72,20743.850000000002,37169.02639568,0,coinbase
1661558400,20240.63,20389.14,19800.0,20036.69,20075.27666666667,22160.97938125,0,coinbase
1661644800,20035.3,20164.26,19513.74,19554.03,19744.01,17117.31912737,0,coinbase
1661731200,19552.31,20427.19,19545.57,20286.97,20086.576666666664,33436.35652183,0,coinbase
1661817600,20286.95,20582.64,19540.14,19813.17,19978.649999999998,46462.27938622,0,coinbase
1661904000,19813.97,20489.0,19799.97,20048.26,20112.41,36587.60323535,0,coinbase
1661990400,20048.27,20205.53,19561.01,20133.65,19966.73,23858.64862602,0,coinbase
1662076800,20132.67,20444.0,19755.0,19953.74,20050.913333333334,19929.54590305,0,coinbase
1662163200,19953.4,20053.9,19655.0,19835.47,19848.123333333333,9538.49811675,0,coinbase
1662249600,19833.59,20026.2,19588.27,20004.73,19873.066666666666,10670.60766559,0,coinbase
1662336000,20003.85,20060.0,19633.11,19794.58,19829.23,13935.11385555,0,coinbase
1662422400,19794.59,20179.86,18663.25,18790.91,19211.34,34029.11126955,0,coinbase
1662508800,18790.77,19466.09,18527.0,19293.52,19095.536666666667,25583.39915964,0,coinbase
1662595200,19293.03,19460.7,19014.43,19321.87,19265.666666666668,20327.61614165,0,coinbase
1662681600,19322.56,21616.21,19294.49,21364.5,20758.399999999998,39579.81208118,0,coinbase
1662768000,21366.61,21815.15,21127.1,21651.52,21531.256666666668,17750.76003376,0,coinbase
1662854400,21656.03,21865.66,21356.37,21831.72,21684.583333333332,14386.63340528,0,coinbase
1662940800,21830.16,22490.05,21555.0,22402.71,22149.253333333338,28404.49469955,0,coinbase
1663027200,22402.58,22800.0,19855.0,20174.78,20943.26,37351.56014939,0,coinbase
1663113600,20174.78,20545.0,19625.0,20227.77,20132.59,25139.52734416,0,coinbase
1663200000,20227.7,20336.42,19500.0,19703.67,19846.696666666667,21124.30384367,0,coinbase
1663286400,19703.65,19890.95,19305.0,19801.04,19665.663333333334,24863.81492556,0,coinbase
1663372800,19800.26,20183.14,19748.89,20113.37,20015.13333333333,11557.14724341,0,coinbase
1663459200,20113.37,20119.08,19335.57,19417.64,19624.096666666668,16437.90668757,0,coinbase
1663545600,19417.56,19689.62,18255.0,19540.38,19161.666666666668,30961.4463315,0,coinbase
1663632000,19538.31,19638.46,18722.0,18876.91,19079.123333333333,27437.23361358,0,coinbase
1663718400,18876.14,19949.97,18153.13,18462.64,18855.24666666667,44344.46282424,0,coinbase
1663804800,18462.66,19521.8,18358.63,19401.25,19093.893333333333,41006.95212665,0,coinbase
1663891200,19399.93,19500.0,18529.0,19286.01,19105.00333333333,30781.38249694,0,coinbase
1663977600,19286.03,19311.4,18808.13,18923.2,19014.243333333332,17644.76169841,0,coinbase
1664064000,18920.93,19184.3,18619.88,18808.61,18870.93,14499.16320537,0,coinbase
1664150400,18806.3,19320.86,18681.02,19228.0,19076.626666666667,33108.05445715,0,coinbase
1664236800,19226.94,20383.15,18821.55,19077.57,19427.423333333332,51860.03004114,0,coinbase
1664323200,19077.56,19773.67,18487.0,19412.07,19224.246666666666,43710.30467197,0,coinbase
1664409600,19412.37,19646.66,18845.3,19595.57,19362.51,34783.53737085,0,coinbase
1664496000,19595.59,20182.72,19154.38,19426.11,19587.736666666668,34243.66392923,0,coinbase
1664582400,19423.57,19486.43,19160.0,19315.27,19320.566666666666,7337.45595566,0,coinbase
1664668800,19315.26,19398.94,18923.81,19059.17,19127.306666666667,12951.42404465,0,coinbase
1664755200,19059.1,19717.67,18958.29,19633.46,19436.47333333333,28571.64018677,0,coinbase
1664841600,19632.43,20479.43,19495.32,20345.19,20106.646666666667,32685.41637125,0,coinbase
1664928000,20345.27,20371.15,19750.0,20161.62,20094.256666666668,33542.20736149,0,coinbase
1665014400,20162.15,20455.79,19855.19,19965.64,20092.206666666665,44044.43606305,0,coinbase
1665100800,19963.75,20065.26,19325.0,19533.05,19641.103333333333,34938.97272677,0,coinbase
1665187200,19531.68,19628.78,19250.0,19419.39,19432.72333333333,9745.2545363,0,coinbase
1665273600,19421.49,19563.28,19321.0,19443.47,19442.583333333332,12537.63788265,0,coinbase
1665360000,19442.7,19528.04,19028.08,19132.83,19229.65,26596.56843638,0,coinbase
1665446400,19130.8,19265.69,18855.19,19058.11,19059.663333333334,36248.01909763,0,coinbase
1665532800,19058.42,19235.26,18971.51,19155.92,19120.896666666664,24862.65344825,0,coinbase
1665619200,19153.97,19509.23,18131.0,19378.65,19006.29333333333,49160.49651762,0,coinbase
1665705600,19375.55,19954.14,19076.83,19178.0,19402.99,46208.33260444,0,coinbase
1665792000,19179.15,19229.12,18983.0,19070.24,19094.12,9062.82835275,0,coinbase
1665878400,19070.62,19425.49,19065.23,19264.44,19251.72,8310.92834083,0,coinbase
1665964800,19261.62,19679.46,19154.72,19550.4,19461.52666666667,24137.12482696,0,coinbase
1666051200,19550.39,19702.73,19091.77,19328.76,19374.42,27645.59742478,0,coinbase
1666137600,19328.75,19361.0,19062.1,19124.18,19182.426666666666,22284.13292808,0,coinbase
1666224000,19123.77,19349.04,18905.0,19042.48,19098.84,28405.7559743,0,coinbase
1666310400,19043.66,19254.52,18659.0,19166.45,19026.656666666666,24206.36088454,0,coinbase
1666396800,19164.92,19257.66,19110.46,19209.1,19192.406666666666,7044.99034028,0,coinbase
1666483200,19209.09,19698.1,19070.92,19572.44,19447.153333333332,12086.31175412,0,coinbase
1666569600,19572.2,19603.57,19159.35,19330.41,19364.443333333333,29432.58356293,0,coinbase
1666656000,19332.11,20420.88,19240.76,20086.28,19915.97333333333,42452.33701168,0,coinbase
1666742400,20086.27,21022.81,20055.85,20775.4,20618.02,43618.9919315,0,coinbase
1666828800,20773.59,20878.17,20196.01,20296.97,20457.05,34123.58255469,0,coinbase
1666915200,20295.77,20755.09,20000.0,20597.91,20451.0,29581.75150226,0,coinbase
1667001600,20597.34,21080.0,20561.2,20823.53,20821.576666666664,19822.75126022,0,coinbase
1667088000,20822.38,20939.35,20523.92,20630.68,20697.983333333334,13737.38848362,0,coinbase
1667174400,20629.21,20837.68,20237.0,20489.94,20521.539999999997,22222.73611567,0,coinbase
1667260800,20489.55,20691.0,20326.55,20479.63,20499.06,21147.00854592,0,coinbase
1667347200,20480.34,20805.0,20059.53,20151.4,20338.643333333333,43913.21904186,0,coinbase
1667433600,20151.29,20390.82,20032.02,20206.88,20209.906666666666,26837.37211156,0,coinbase
1667520000,20208.02,21298.76,20181.61,21144.2,20874.856666666663,42027.16281295,0,coinbase
1667606400,21149.03,21478.8,21082.54,21300.45,21287.263333333332,14076.70487828,0,coinbase
1667692800,21300.45,21365.89,20886.26,20909.17,21053.77333333333,10958.4932636,0,coinbase
1667779200,20908.15,21069.46,20394.34,20593.49,20685.763333333336,25279.82916936,0,coinbase
1667865600,20593.34,20675.0,17500.0,18550.25,18908.416666666668,84056.63082724,0,coinbase
1667952000,18546.07,18590.34,15512.0,15891.96,16664.766666666666,119633.96194081,0,coinbase
1668038400,15894.77,18140.62,15720.0,17553.89,17138.17,91496.98548059,0,coinbase
1668124800,17555.44,17641.32,16336.05,17013.62,16996.996666666662,64776.6547934,0,coinbase
1668211200,17014.78,17067.7,16595.25,16783.33,16815.426666666666,23830.0578576,0,coinbase
1668297600,16783.32,16926.57,16214.95,16301.39,16480.97,23266.69734743,0,coinbase
1668384000,16298.75,17169.68,15790.25,16590.73,16516.88666666667,55601.93469977,0,coinbase
1668470400,16588.41,17107.88,16502.85,16877.93,16829.553333333333,48155.32053543,0,coinbase
1668556800,16879.37,16994.31,16358.66,16645.24,16666.070000000003,37249.70414522,0,coinbase
1668643200,16646.58,16736.7,16396.0,16680.47,16604.39,22484.77507436,0,coinbase
1668729600,16680.47,16984.08,16526.28,16680.59,16730.316666666666,26970.34405749,0,coinbase
1668816000,16678.85,16802.0,16534.83,16683.02,16673.283333333336,9396.04770097,0,coinbase
1668902400,16680.7,16733.19,16154.65,16252.53,16380.123333333331,16685.1909604,0,coinbase
1668988800,16252.43,16279.99,15460.0,15760.14,15833.376666666665,43799.91803333,0,coinbase
1669075200,15758.96,16294.5,15596.22,16199.71,16030.143333333333,44555.90690195,0,coinbase
1669161600,16201.15,16700.0,16142.99,16587.0,16476.663333333334,37143.06609396,0,coinbase
1669248000,16585.83,16797.28,16450.62,16587.61,16611.836666666666,21819.50497344,0,coinbase
1669334400,16587.6,16610.08,16333.0,16510.9,16484.66,20800.91157317,0,coinbase
1669420800,16510.9,16693.18,16376.1,16450.93,16506.736666666668,12308.57070713,0,coinbase
1669507200,16450.32,16589.43,16395.0,16419.88,16468.103333333333,10825.69525321,0,coinbase
1669593600,16421.63,16478.32,15992.64,16206.3,16225.753333333332,30336.24756667,0,coinbase
1669680000,16206.23,16541.72,16092.53,16438.0,16357.416666666666,21901.9847881,0,coinbase
1669766400,16437.94,17259.37,16423.37,17167.33,16950.023333333334,42517.61172285,0,coinbase
1669852800,17165.44,17317.8,16855.0,16980.08,17050.960000000003,31798.99151828,0,coinbase
1669939200,16980.07,17108.25,16791.02,17094.71,16997.993333333336,23096.43686725,0,coinbase
1670025600,17094.25,17158.42,16863.58,16888.53,16970.176666666666,14081.4506716,0,coinbase
1670112000,16889.17,17199.99,16882.86,17108.9,17063.916666666668,16961.10828839,0,coinbase
1670198400,17108.9,17424.59,16865.22,16966.05,17085.286666666667,33618.45109026,0,coinbase
1670284800,16966.05,17111.35,16904.04,17089.05,17034.813333333335,26693.6101171,0,coinbase
1670371200,17089.18,17140.22,16679.52,16840.0,16886.58,22635.46848793,0,coinbase
1670457600,16839.76,17300.59,16738.0,17226.01,17088.199999999997,23533.23453743,0,coinbase
1670544000,17226.03,17352.62,17060.69,17130.59,17181.3,20976.63699864,0,coinbase
1670630400,17130.49,17227.64,17093.42,17128.1,17149.719999999998,7860.58687575,0,coinbase
1670716800,17128.1,17271.92,17073.19,17085.21,17143.44,9948.85267032,0,coinbase
1670803200,17085.62,17244.63,16875.83,17211.66,17110.70666666667,20659.65709227,0,coinbase
1670889600,17212.9,17999.99,17089.17,17773.18,17620.780000000002,38316.03172467,0,coinbase
1670976000,17772.98,18385.36,17660.93,17804.97,17950.420000000002,49295.42072146,0,coinbase
1671062400,17805.36,17856.26,17275.02,17357.96,17496.413333333334,37834.73808374,0,coinbase
1671148800,17359.1,17525.0,16529.53,16632.64,16895.72333333333,47159.86300655,0,coinbase
1671235200,16634.29,16799.99,16585.64,16782.25,16722.626666666667,18446.6836015,0,coinbase
1671321600,16782.23,16875.0,16663.76,16741.16,16759.97333333333,11073.43886205,0,coinbase
1671408000,16742.33,16822.84,16273.4,16439.74,16511.993333333332,26856.08598724,0,coinbase
1671494400,16439.98,17060.86,16398.22,16897.65,16785.576666666668,34330.28235168,0,coinbase
1671580800,16896.17,16926.05,16725.78,16826.56,16826.13,16743.62189364,0,coinbase
1671667200,16825.18,16868.82,16560.84,16815.51,16748.39,21269.7673979,0,coinbase
1671753600,16815.28,16943.29,16719.57,16777.21,16813.356666666667,21958.88697726,0,coinbase
1671840000,16777.88,16863.62,16775.88,16837.12,16825.539999999997,9502.80320659,0,coinbase
1671926400,16837.24,16853.88,16720.89,16829.02,16801.263333333336,7065.21656572,0,coinbase
1672012800,16829.19,16939.81,16787.97,16917.96,16881.913333333334,8493.27661167,0,coinbase
1672099200,16916.66,16967.0,16585.97,16698.73,16750.566666666666,17482.09318834,0,coinbase
1672185600,16698.31,16777.35,16460.0,16539.66,16592.336666666666,23345.55126307,0,coinbase
1672272000,16539.66,16654.81,16479.5,16627.54,16587.283333333333,20088.46487471,0,coinbase
1672358400,16627.36,16649.99,16326.16,16600.1,16525.416666666668,26532.28003447,0,coinbase
1672444800,16599.98,16634.42,16462.49,16530.35,16542.420000000002,15414.5294044,0,coinbase
1672531200,16531.83,16621.0,16490.0,16611.58,16574.193333333333,10668.73697739,0,coinbase
1672617600,16611.9,16789.99,16542.52,16666.95,16666.486666666668,13560.46017964,0,coinbase
1672704000,16666.86,16772.3,16600.0,16669.47,16680.59,17612.35527749,0,coinbase
1672790400,16668.95,16988.0,16645.87,16844.42,16826.096666666665,25922.70680625,0,coinbase
1672876800,16844.4,16872.13,16750.07,16825.69,16815.963333333333,14918.22913349,0,coinbase
1672963200,16825.53,17027.11,16670.82,16948.06,16881.99666666667,24235.38704157,0,coinbase
1673049600,16948.0,16977.76,16903.58,16942.37,16941.236666666664,5680.11799379,0,coinbase
1673136000,16942.37,17167.52,16910.41,17125.18,17067.703333333335,9195.45985397,0,coinbase
1673222400,17125.17,17396.25,17102.97,17177.98,17225.733333333334,33252.15435855,0,coinbase
1673308800,17177.94,17494.37,17145.1,17443.5,17360.99,24901.57485784,0,coinbase
1673395200,17443.5,17998.0,17315.08,17944.27,17752.45,27251.01602186,0,coinbase
1673481600,17944.15,19115.85,17904.83,18847.75,18622.81,61938.44269045,0,coinbase
1673568000,18847.77,20000.0,18714.8,19934.88,19549.893333333337,55049.6223488,0,coinbase
1673654400,19934.07,21321.98,19893.25,20957.02,20724.083333333332,58239.87328811,0,coinbase
1673740800,20956.2,21057.3,20560.16,20879.7,20832.38666666667,25709.30241812,0,coinbase
1673827200,20879.67,21465.62,20611.45,21187.5,21088.19,41151.35428763,0,coinbase
1673913600,21191.46,21595.0,20844.73,21136.33,21192.02,32656.47978348,0,coinbase
1674000000,21135.01,21650.21,20370.01,20674.29,20898.170000000002,34600.25647175,0,coinbase
1674086400,20674.03,21197.0,20656.52,21084.22,20979.24666666667,23436.75404601,0,coinbase
1674172800,21084.05,22754.73,20865.64,22669.81,22096.726666666666,32810.59587882,0,coinbase
1674259200,22671.09,23375.6,22432.45,22789.37,22865.806666666667,32657.60500465,0,coinbase
1674345600,22789.34,23082.82,22298.15,22714.87,22698.61333333333,25548.28914044,0,coinbase
1674432000,22714.81,23180.55,22500.01,22920.29,22866.95,32380.77464386,0,coinbase
1674518400,22920.67,23165.56,22460.17,22636.17,22753.966666666664,39180.10567306,0,coinbase
1674604800,22636.19,23824.66,22326.24,23062.36,23071.08666666667,38496.91631901,0,coinbase
1674691200,23062.36,23287.38,22853.61,23010.47,23050.486666666668,30187.01702655,0,coinbase
1674777600,23011.37,23511.9,22540.76,23084.4,23045.686666666665,27185.13487749,0,coinbase
1674864000,23084.38,23196.99,22884.0,23028.95,23036.646666666667,7466.33930339,0,coinbase
1674950400,23029.56,23966.0,22974.75,23745.8,23562.183333333334,20952.76361397,0,coinbase
1675036800,23744.34,23802.99,22500.0,22836.03,23046.34,34312.28644397,0,coinbase
1675123200,22836.03,23313.23,22719.68,23128.86,23053.923333333336,22721.77475761,0,coinbase
1675209600,23127.15,23813.57,22760.0,23735.97,23436.513333333336,20292.22416962,0,coinbase
1675296000,23735.97,24262.18,23367.87,23493.84,23707.963333333333,16368.92138269,0,coinbase
1675382400,23497.29,23720.0,23208.01,23433.54,23453.849999999995,14215.66842983,0,coinbase
1675468800,23433.47,23589.67,23257.71,23328.87,23392.083333333332,3567.13007478,0,coinbase
1675555200,23329.47,23433.2,22758.01,22936.34,23042.516666666666,6574.34533251,0,coinbase
1675641600,22936.34,23163.05,22637.51,22764.07,22854.876666666667,12149.94486314,0,coinbase
1675728000,22763.42,23348.73,22748.11,23244.67,23113.836666666666,9803.34759825,0,coinbase
1675814400,23244.64,23451.01,22669.09,22964.38,23028.16,7693.59195866,0,coinbase
1675900800,22963.91,23011.18,21700.0,21800.63,22170.603333333333,19277.239648,0,coinbase
1675987200,21800.62,21942.41,21467.43,21628.97,21679.603333333333,12641.59512641,0,coinbase
1676073600,21628.97,21904.0,21605.35,21863.73,21791.02666666667,4695.91143894,0,coinbase
1676160000,21863.73,22091.88,21631.0,21789.8,21837.56,5990.68642903,0,coinbase
1676246400,21789.79,21903.03,21366.45,21789.14,21686.206666666665,13246.3049252,0,coinbase
1676332800,21789.0,22331.76,21545.67,22206.27,22027.899999999998,14879.72784164,0,coinbase
1676419200,22206.26,24386.5,22054.17,24329.04,23589.903333333332,23427.35072192,0,coinbase
1676505600,24326.95,25256.83,23510.73,23516.15,24094.569999999996,30034.93494269,0,coinbase
1676592000,23516.95,25025.0,23344.12,24577.6,24315.573333333334,22795.35234631,0,coinbase
1676678400,24577.6,24879.33,24407.67,24636.23,24641.076666666664,6191.17379627,0,coinbase
1676764800,24635.85,25200.0,24192.7,24281.31,24558.00333333333,9733.21021005,0,coinbase
1676851200,24278.81,25128.11,23841.08,24844.97,24604.72,13977.17943437,0,coinbase
1676937600,24844.21,25288.88,24153.96,24454.43,24632.42333333333,16495.25564236,0,coinbase
1677024000,24454.08,24480.0,23581.64,24184.44,24082.02666666667,17390.31077874,0,coinbase
1677110400,24184.9,24600.95,23612.59,23943.32,24052.286666666667,16847.70433307,0,coinbase
1677196800,23943.32,24132.67,22520.0,23186.88,23279.850000000002,20933.97488913,0,coinbase
1677283200,23186.88,23220.56,22716.47,23159.71,23032.246666666662,5937.43847794,0,coinbase
1677369600,23159.71,23689.77,23052.78,23556.83,23433.126666666667,6063.45918348,0,coinbase
1677456000,23556.83,23895.51,23109.06,23489.52,23498.03,12098.67253518,0,coinbase
1677542400,23490.01,23597.98,23027.24,23145.32,23256.846666666668,9516.02766667,0,coinbase
1677628800,23144.37,23999.99,23025.17,23631.52,23552.22666666667,12151.84539817,0,coinbase
1677715200,23632.12,23798.62,23196.09,23468.24,23487.649999999998,9239.93644458,0,coinbase
1677801600,23468.79,23477.28,21988.02,22358.18,22607.82666666667,21715.09355721,0,coinbase
1677888000,22358.18,22409.82,22150.71,22350.95,22303.826666666664,2266.21497947,0,coinbase
1677974400,22349.74,22654.64,22195.13,22432.69,22427.486666666668,5291.96467583,0,coinbase
1678060800,22431.99,22599.99,22264.73,22410.31,22425.01,10660.04864303,0,coinbase
1678147200,22410.13,22557.03,21932.74,22198.48,22229.416666666668,10381.24422759,0,coinbase
1678233600,22198.09,22281.55,21580.84,21698.37,21853.586666666666,13343.72575834,0,coinbase
1678320000,21699.41,21825.53,20050.0,20367.01,20747.513333333332,21326.08097071,0,coinbase
1678406400,20366.97,20369.78,19568.52,20230.08,20056.126666666667,32126.59207482,0,coinbase
1678492800,20230.07,20964.5,19900.5,20620.54,20495.18,18920.85100043,0,coinbase
1678579200,20619.34,22276.69,20446.24,22219.08,21647.336666666666,19165.53317335,0,coinbase
1678665600,22216.02,24710.0,21882.63,24220.0,23604.210000000003,38654.82408388,0,coinbase
1678752000,24220.0,26553.9,24052.0,24762.65,25122.850000000002,44100.36444555,0,coinbase
1678838400,24761.61,25300.0,23931.01,24377.16,24536.056666666667,30128.4276161,0,coinbase
1678924800,24377.16,25235.28,24207.54,25051.85,24831.556666666667,20754.42573365,0,coinbase
1679011200,25052.11,27834.54,24946.86,27453.62,26745.006666666668,40752.19373629,0,coinbase
1679097600,27453.75,27780.0,26652.45,26980.35,27137.599999999995,18096.24372219,0,coinbase
1679184000,26980.35,28478.0,26904.0,28054.46,27812.153333333332,16897.41761964,0,coinbase
1679270400,28058.15,28578.63,27218.36,27823.32,27873.436666666665,23782.6567676,0,coinbase
1679356800,27822.85,28605.32,27414.77,28207.33,28075.806666666667,16193.18924882,0,coinbase
1679443200,28201.22,28937.73,26678.16,27325.15,27647.013333333336,33974.43697526,0,coinbase
1679529600,27324.05,28839.68,27189.19,28352.94,28127.27,26698.29660165,0,coinbase
1679616000,28352.95,28433.34,27027.88,27489.24,27650.153333333335,22190.91292623,0,coinbase
1679702400,27489.24,27818.67,27184.78,27488.18,27497.210000000003,9655.9494554,0,coinbase
1679788800,27489.56,28230.32,27445.04,27992.9,27889.420000000002,9800.64299441,0,coinbase
1679875200,27995.27,28053.26,26525.0,27142.87,27240.376666666663,17268.16335715,0,coinbase
1679961600,27142.85,27519.99,26640.0,27274.15,27144.713333333337,14103.92919115,0,coinbase
1680048000,27274.18,28654.06,27255.42,28359.54,28089.67333333333,17710.8595857,0,coinbase
1680134400,28359.54,29190.04,27693.7,28035.48,28306.406666666666,20972.43924037,0,coinbase
1680220800,28034.88,28650.2,27512.97,28474.4,28212.523333333334,18917.3621471,0,coinbase
1680307200,28475.41,28826.45,28223.76,28471.46,28507.22333333333,6988.04239657,0,coinbase
1680393600,28471.03,28544.21,27862.69,28188.34,28198.41333333333,6707.97702984,0,coinbase
1680480000,28188.34,28525.0,27227.61,27811.77,27854.793333333335,16192.03702141,0,coinbase
1680566400,27809.55,28450.0,27670.24,28179.64,28099.960000000003,13261.95025317,0,coinbase
1680652800,28178.66,28799.99,27817.32,28175.37,28264.226666666666,15066.72449529,0,coinbase
1680739200,28175.27,28199.11,27716.77,28053.46,27989.78,10291.80646097,0,coinbase
1680825600,28052.74,28120.71,27790.21,27931.94,27947.62,5847.77200458,0,coinbase
1680912000,27930.12,28175.89,27881.01,27958.81,28005.236666666664,3854.33490363,0,coinbase
1680998400,27958.19,28547.67,27814.0,28340.99,28234.22,6136.4286229,0,coinbase
1681084800,28342.28,29794.47,28162.49,29660.41,29205.790000000005,15752.30418782,0,coinbase
1681171200,29657.7,30584.58,29612.3,30227.19,30141.35666666667,18637.22157812,0,coinbase
1681257600,30227.18,30517.0,29675.0,29912.2,30034.733333333334,14961.08403219,0,coinbase
1681344000,29912.2,30627.05,29878.08,30406.78,30303.97,12505.27274115,0,coinbase
1681430400,30410.03,31050.0,30000.0,30492.92,30514.306666666667,19793.55777592,0,coinbase
1681516800,30492.91,30622.38,30231.76,30324.11,30392.75,5486.7222394,0,coinbase
1681603200,30325.07,30572.1,30148.28,30326.09,30348.823333333334,6230.24911461,0,coinbase
1681689600,30321.41,30340.21,29251.71,29449.91,29680.61,13418.0380446,0,coinbase
1681776000,29449.91,30500.0,29103.89,30393.4,29999.096666666668,12649.52217446,0,coinbase
1681862400,30394.5,30430.72,28595.28,28809.72,29278.573333333334,20951.87851572,0,coinbase
1681948800,28809.71,29102.69,27991.32,28248.18,28447.396666666667,17007.31210311,0,coinbase
1682035200,28248.18,28371.88,27133.0,27253.85,27586.243333333336,19665.99126045,0,coinbase
1682121600,27252.96,27887.78,27133.0,27821.41,27614.063333333335,7556.85769964,0,coinbase
1682208000,27820.99,27820.99,27333.2,27592.98,27582.39,6255.76778325,0,coinbase
1682294400,27592.7,28000.0,26965.14,27515.05,27493.396666666667,12258.59093046,0,coinbase
1682380800,27513.85,28400.0,27194.51,28304.42,27966.309999999998,12013.57991051,0,coinbase
1682467200,28304.42,30050.66,27230.77,28426.08,28569.170000000002,31636.39150463,0,coinbase
1682553600,28428.86,29900.0,28387.07,29483.72,29256.930000000004,24310.36359778,0,coinbase
1682640000,29486.97,29606.45,28900.0,29338.63,29281.693333333333,14184.03938836,0,coinbase
1682726400,29339.47,29470.0,29057.3,29249.35,29258.88333333333,4909.72717806,0,coinbase
1682812800,29249.24,29969.99,29095.92,29247.14,29437.683333333334,6837.06831371,0,coinbase
1682899200,29240.49,29348.6,27664.31,28077.27,28363.393333333337,17953.11670042,0,coinbase
1682985600,28077.44,28899.99,27871.44,28684.4,28485.27666666667,13258.60505694,0,coinbase
1683072000,28683.41,29276.12,28122.0,29038.75,28812.289999999997,15605.28754268,0,coinbase
1683158400,29039.36,29383.5,28674.58,28857.23,28971.77,10407.16067489,0,coinbase
1683244800,28857.88,29706.57,28810.0,29536.76,29351.11,14691.1261171,0,coinbase
1683331200,29538.87,29850.0,28394.0,28902.66,29048.88666666667,8546.79874854,0,coinbase
1683417600,28901.3,29189.71,28429.12,28474.53,28697.786666666667,5884.67007423,0,coinbase
1683504000,28472.68,28676.38,27279.66,27695.06,27883.7,15859.41839592,0,coinbase
1683590400,27693.24,27833.64,27367.01,27647.29,27615.98,8888.42683618,0,coinbase
1683676800,27647.29,28334.75,26800.0,27624.01,27586.25333333333,18590.96989908,0,coinbase
1683763200,27621.5,27649.85,26702.0,26986.56,27112.803333333333,13438.74631738,0,coinbase
1683849600,26986.79,27099.21,25810.0,26808.84,26572.683333333334,18458.49543497,0,coinbase
1683936000,26808.8,27060.24,26700.0,26789.48,26849.906666666666,4782.64422745,0,coinbase
1684022400,26786.99,27221.51,26581.52,26929.98,26911.00333333333,4393.20531359,0,coinbase
1684108800,26929.98,27678.73,26740.95,27171.13,27196.936666666665,11889.94842508,0,coinbase
1684195200,27165.26,27302.99,26860.12,27037.68,27066.930000000004,11209.90767959,0,coinbase
1684281600,27037.72,27516.58,26543.87,27407.77,27156.073333333334,13308.63176925,0,coinbase
1684368000,27407.76,27487.71,26361.52,26820.49,26889.906666666666,12604.94858584,0,coinbase
1684454400,26819.64,27190.35,26632.73,26890.27,26904.45,7587.52629065,0,coinbase
1684540800,26890.27,27178.99,26836.21,27113.61,27042.936666666665,3127.42757901,0,coinbase
1684627200,27113.97,27288.02,26667.63,26752.65,26902.766666666666,5534.52475759,0,coinbase
1684713600,26751.0,27105.63,26536.99,26854.73,26832.45,8554.42214009,0,coinbase
1684800000,26854.09,27500.0,26803.46,27223.22,27175.559999999998,11594.53703302,0,coinbase
1684886400,27222.86,27225.0,26070.04,26321.4,26538.813333333335,17340.61730838,0,coinbase
1684972800,26321.42,26625.93,25864.35,26479.06,26323.11333333333,12094.45706071,0,coinbase
1685059200,26479.15,26950.0,26334.33,26714.86,26666.396666666667,9858.60032184,0,coinbase
1685145600,26711.56,26943.6,26559.96,26867.99,26790.516666666666,3348.37908169,0,coinbase
1685232000,26870.13,28277.56,26780.11,28070.04,27709.236666666664,9725.64198967,0,coinbase
1685318400,28070.04,28473.93,27534.81,27744.82,27917.853333333333,11355.24110493,0,coinbase
1685404800,27744.81,28057.23,27555.0,27700.15,27770.793333333335,12024.45830459,0,coinbase
1685491200,27700.68,27844.89,26842.94,27223.08,27303.63666666667,15163.06255735,0,coinbase
1685577600,27221.54,27360.31,26615.0,26828.42,26934.576666666664,11927.59445097,0,coinbase
1685664000,26827.73,27307.44,26508.0,27250.69,27022.043333333335,12206.16873203,0,coinbase
1685750400,27252.67,27341.13,26923.35,27077.6,27114.02666666666,3589.32341986,0,coinbase
1685836800,27078.27,27466.83,26958.98,27122.04,27182.61666666667,4115.09881956,0,coinbase
1685923200,27122.03,27137.75,25391.43,25741.5,26090.226666666666,16641.46931851,0,coinbase
1686009600,25741.5,27368.67,25351.92,27243.63,26654.74,18531.05925936,0,coinbase
1686096000,27243.45,27402.79,26121.06,26346.41,26623.420000000002,16094.37567105,0,coinbase
1686182400,26347.09,26820.3,26212.63,26508.32,26513.75,8160.84833962,0,coinbase
1686268800,26505.71,26780.4,26283.5,26482.81,26515.570000000003,10536.83247431,0,coinbase
1686355200,26482.8,26534.95,25385.52,25856.1,25925.523333333334,16967.73205546,0,coinbase
1686441600,25856.1,26219.1,25648.0,25937.02,25934.706666666665,8653.83803604,0,coinbase
1686528000,25936.98,26108.64,25616.98,25905.82,25877.146666666667,10491.06768405,0,coinbase
1686614400,25905.99,26435.81,25710.78,25930.23,26025.606666666663,14396.74678337,0,coinbase
1686700800,25929.35,26090.0,24821.0,25123.34,25344.78,14480.51749351,0,coinbase
1686787200,25123.41,25749.99,24750.0,25569.99,25356.660000000003,18601.18891862,0,coinbase
1686873600,25569.99,26486.56,25143.24,26329.6,25986.466666666664,16632.7425402,0,coinbase
1686960000,26329.6,26783.2,26165.98,26506.56,26485.24666666667,7209.4251028,0,coinbase
1687046400,26507.97,26693.11,26245.27,26336.46,26424.946666666667,5233.68378154,0,coinbase
1687132800,26336.46,27040.64,26250.0,26837.78,26709.47333333333,9643.06748389,0,coinbase
1687219200,26839.04,28417.11,26637.41,28320.43,27791.650000000005,28704.55295587,0,coinbase
1687305600,28320.41,30800.0,28271.67,29995.08,29688.916666666668,31445.78143275,0,coinbase
1687392000,29999.85,30513.25,29539.57,29886.31,29979.710000000003,18457.66785815,0,coinbase
1687478400,29886.25,31443.67,29802.65,30707.61,30651.309999999998,22659.54058513,0,coinbase
1687564800,30709.59,30815.92,30265.88,30547.18,30542.993333333336,6883.28318615,0,coinbase
1687651200,30547.3,31057.86,30288.33,30480.24,30608.81,6265.47434464,0,coinbase
1687737600,30480.24,30662.66,29900.0,30272.18,30278.28,12491.83081677,0,coinbase
1687824000,30272.24,31020.54,30228.44,30697.38,30648.786666666667,11995.526853,0,coinbase
1687910400,30696.06,30716.93,29840.0,30074.94,30210.623333333333,9391.66542094,0,coinbase
1687996800,30074.93,30838.0,30036.18,30446.47,30440.216666666664,12261.34048625,0,coinbase
1688083200,30445.67,31277.0,29417.14,30466.72,30386.953333333335,26013.22734909,0,coinbase
1688169600,30466.73,30659.33,30312.8,30587.21,30519.78,4012.76538882,0,coinbase
1688256000,30587.22,30791.75,30165.39,30613.51,30523.55,4829.83871313,0,coinbase
1688342400,30613.57,31399.08,30569.0,31161.8,31043.293333333335,11391.98257522,0,coinbase
1688428800,31162.71,31333.0,30628.3,30771.25,30910.850000000002,7233.95188576,0,coinbase
1688515200,30772.93,30882.95,30189.56,30499.27,30523.926666666666,8782.6192239,0,coinbase
1688601600,30499.27,31525.1,29850.0,29899.38,30424.826666666664,17229.92231032,0,coinbase
1688688000,29895.6,30456.0,29715.87,30352.08,30174.649999999998,11137.14221055,0,coinbase
1688774400,30350.35,30388.91,30047.78,30291.69,30242.793333333335,3856.11078847,0,coinbase
1688860800,30291.69,30451.78,30066.95,30168.38,30229.036666666667,3884.04687903,0,coinbase
1688947200,30168.26,31055.75,29955.0,30419.89,30476.88,12703.78162563,0,coinbase
1689033600,30419.89,30811.65,30304.45,30626.55,30580.883333333335,10653.5761104,0,coinbase
1689120000,30624.65,31000.0,30200.0,30381.81,30527.27,14881.70511963,0,coinbase
1689206400,30383.26,31862.21,30250.73,31471.83,31194.923333333336,26135.6192364,0,coinbase
1689292800,31471.83,31645.66,29920.31,30330.52,30632.163333333334,19272.20339271,0,coinbase
1689379200,30330.93,30406.27,30254.67,30301.65,30320.86333333333,2559.07232743,0,coinbase
1689465600,30302.01,30457.03,30075.93,30247.64,30260.2,4021.41012275,0,coinbase
1689552000,30247.56,30345.45,29668.58,30143.08,30052.37,10632.8066781,0,coinbase
1689638400,30143.08,30249.3,29525.0,29861.93,29878.743333333336,11124.83936583,0,coinbase
1689724800,29861.92,30196.24,29757.44,29916.72,29956.8,8804.54675154,0,coinbase
1689811200,29916.69,30421.29,29564.19,29809.13,29931.536666666667,11494.95348803,0,coinbase
1689897600,29809.13,30060.28,29729.48,29907.98,29899.246666666662,7598.61053359,0,coinbase
1689984000,29907.15,30002.38,29626.86,29795.03,29808.09,3629.48251055,0,coinbase
1690070400,29793.62,30350.7,29733.55,30081.61,30055.286666666667,4513.83214295,0,coinbase
1690156800,30081.61,30099.99,28850.0,29176.98,29375.656666666666,14484.27557634,0,coinbase
1690243200,29176.98,29376.51,29046.0,29225.14,29215.88333333333,7140.85368901,0,coinbase
1690329600,29225.11,29686.41,29089.54,29353.23,29376.39333333333,9635.09206614,0,coinbase
1690416000,29350.88,29571.42,29075.0,29214.92,29287.11333333333,7327.4507106,0,coinbase
1690502400,29214.93,29532.45,29115.32,29316.15,29321.30666666667,7105.49434797,0,coinbase
1690588800,29316.05,29411.09,29253.44,29355.71,29340.079999999998,2893.05298823,0,coinbase
1690675200,29356.65,29450.0,29033.0,29281.39,29254.796666666665,4387.57256615,0,coinbase
1690761600,29280.41,29526.99,29102.65,29230.67,29286.77,8793.83887155,0,coinbase
1690848000,29230.61,29726.73,28477.0,29697.27,29300.333333333332,17751.31113096,0,coinbase
1690934400,29699.25,30033.0,28903.79,29164.22,29367.003333333338,17967.34799565,0,coinbase
1691020800,29163.87,29399.97,28938.93,29174.18,29171.02666666667,8920.01477716,0,coinbase
1691107200,29174.84,29312.28,28747.1,29076.48,29045.286666666667,7291.14687702,0,coinbase
1691193600,29077.04,29111.87,28946.17,29047.12,29035.05333333333,2490.84710469,0,coinbase
1691280000,29047.33,29163.24,28955.0,29040.01,29052.75,2461.64012073,0,coinbase
1691366400,29040.01,29246.0,28660.53,29179.21,29028.579999999998,9200.08523317,0,coinbase
1691452800,29179.28,30222.0,29104.65,29770.01,29698.88666666667,15610.25491294,0,coinbase
1691539200,29770.01,30128.88,29344.16,29562.76,29678.600000000002,10451.45167511,0,coinbase
1691625600,29562.76,29709.38,29306.0,29424.03,29479.803333333333,7104.55622213,0,coinbase
1691712000,29424.04,29534.14,29213.59,29400.45,29382.726666666666,5961.21744691,0,coinbase
1691798400,29400.45,29477.31,29349.98,29416.96,29414.75,1906.1707986,0,coinbase
1691884800,29417.19,29447.6,29247.15,29275.94,29323.563333333335,2128.37437697,0,coinbase
1691971200,29275.78,29665.27,29072.96,29405.49,29381.24,7063.46806345,0,coinbase
1692057600,29405.49,29464.62,29046.58,29170.14,29227.11333333333,5815.32226178,0,coinbase
1692144000,29170.13,29231.92,28690.37,28700.51,28874.266666666663,9669.42535941,0,coinbase
1692230400,28700.51,28751.84,25234.76,26627.57,26871.39,27723.2108711,0,coinbase
1692316800,26627.21,26834.37,25610.0,26048.89,26164.42,21190.13041519,0,coinbase
1692403200,26048.9,26269.11,25793.11,26096.42,26052.88,6554.05344759,0,coinbase
1692489600,26096.4,26296.78,25975.01,26189.14,26153.64333333333,4345.07228674,0,coinbase
1692576000,26189.36,26260.25,25814.0,26125.18,26066.476666666666,9936.98111023,0,coinbase
1692662400,26125.16,26137.99,25350.0,26042.11,25843.36666666667,12418.87289323,0,coinbase
1692748800,26041.94,26818.28,25796.47,26427.54,26347.430000000004,15743.86437208,0,coinbase
1692835200,26427.73,26567.38,25850.0,26163.49,26193.623333333337,10002.33992977,0,coinbase
1692921600,26163.49,26294.53,25750.0,26049.39,26031.306666666667,10926.33773703,0,coinbase
1693008000,26049.4,26115.44,25971.44,26009.61,26032.16333333333,1862.15021008,0,coinbase
1693094400,26009.62,26171.87,25961.81,26091.16,26074.946666666667,2069.84831133,0,coinbase
1693180800,26091.16,26232.88,25850.0,26101.04,26061.30666666667,5460.42038393,0,coinbase
1693267200,26101.03,28184.89,25903.18,27717.98,27268.683333333334,21402.10102797,0,coinbase
1693353600,27717.15,27775.0,27015.75,27306.06,27365.603333333333,9793.95679478,0,coinbase
1693440000,27306.06,27576.99,25660.61,25932.45,26390.016666666666,14462.02738125,0,coinbase
1693526400,25931.51,26142.28,25307.37,25794.88,25748.176666666666,14995.72610123,0,coinbase
1693612800,25795.61,25982.48,25707.3,25867.83,25852.536666666667,3810.77429103,0,coinbase
1693699200,25867.82,26123.0,25792.29,25969.83,25961.706666666665,3434.5195669,0,coinbase
1693785600,25969.83,26093.07,25627.0,25816.13,25845.399999999998,4635.8154655,0,coinbase
1693872000,25816.14,25884.04,25551.36,25783.91,25739.77,6051.14811848,0,coinbase
1693958400,25782.49,26025.78,25358.0,25747.63,25710.47,9374.33792185,0,coinbase
1694044800,25747.63,26440.55,25595.8,26276.3,26104.216666666664,10885.13902329,0,coinbase
1694131200,26276.38,26460.41,25640.1,25906.34,26002.28333333333,11149.95850667,0,coinbase
1694217600,25906.33,25942.69,25791.45,25897.82,25877.319999999996,2225.82211069,0,coinbase
1694304000,25897.82,26023.89,25578.01,25831.76,25811.219999999998,4361.60285333,0,coinbase
1694390400,25831.77,25891.6,24900.0,25152.14,25314.579999999998,13404.11510617,0,coinbase
1694476800,25152.13,26556.91,25120.76,25840.61,25839.426666666666,19789.48058328,0,coinbase
1694563200,25839.95,26413.59,25763.43,26226.65,26134.55666666667,10099.7383701,0,coinbase
1694649600,26227.16,26869.06,26128.25,26532.76,26510.02333333333,12929.08237721,0,coinbase
1694736000,26532.5,26892.65,26213.96,26602.42,26569.676666666666,9345.93913701,0,coinbase
1694822400,26601.71,26777.0,26453.32,26569.69,26600.00333333333,4132.04817572,0,coinbase
1694908800,26569.69,26626.49,26405.04,26530.95,26520.826666666664,3252.26976131,0,coinbase
1694995200,26530.96,27427.34,26382.13,26764.49,26857.986666666668,17493.70820354,0,coinbase
1695081600,26764.03,27500.0,26666.93,27216.13,27127.686666666665,14386.07884728,0,coinbase
1695168000,27216.52,27393.78,26798.98,27123.94,27105.566666666666,11590.24027633,0,coinbase
1695254400,27122.65,27163.48,26359.7,26564.54,26695.906666666666,11801.98943642,0,coinbase
1695340800,26564.54,26742.86,26467.94,26578.4,26596.400000000005,8563.0523313,0,coinbase
1695427200,26578.4,26638.58,26513.0,26579.6,26577.059999999998,2597.25705711,0,coinbase
1695513600,26579.59,26731.1,26118.86,26250.24,26366.733333333334,4587.80529114,0,coinbase
1695600000,26248.17,26444.95,25983.78,26296.08,26241.603333333333,10762.98401397,0,coinbase
1695686400,26296.07,26397.59,26080.0,26208.44,26228.676666666666,7016.42122845,0,coinbase
1695772800,26208.43,26830.0,26088.37,26357.62,26425.329999999998,14123.89690964,0,coinbase
1695859200,26357.56,27313.86,26321.37,27027.14,26887.456666666665,18975.87763693,0,coinbase
1695945600,27027.44,27238.9,26661.71,26907.0,26935.87,12712.27177691,0,coinbase
1696032000,26905.57,27097.25,26884.86,26961.0,26981.036666666667,4413.30948101,0,coinbase
1696118400,26961.0,28062.62,26955.25,27995.46,27671.109999999997,8747.06888783,0,coinbase
1696204800,27995.46,28613.37,27302.3,27504.04,27806.569999999996,25148.25341854,0,coinbase
1696291200,27504.03,27672.12,27160.47,27428.96,27420.516666666663,14334.10857629,0,coinbase
1696377600,27428.96,27842.38,27208.65,27786.75,27612.593333333334,10238.17053376,0,coinbase
1696464000,27786.12,28140.0,27358.05,27412.96,27637.003333333338,14136.04783544,0,coinbase
1696550400,27413.15,28288.88,27173.41,27945.17,27802.486666666664,12908.75146274,0,coinbase
1696636800,27945.17,28040.84,27861.2,27976.43,27959.49,3489.91595717,0,coinbase
1696723200,27976.44,28109.94,27708.6,27933.55,27917.36333333333,4118.56381073,0,coinbase
1696809600,27933.54,28003.7,27268.63,27596.67,27623.0,10218.62556021,0,coinbase
1696896000,27596.67,27739.94,27291.81,27393.29,27475.013333333336,10265.79357936,0,coinbase
1696982400,27393.28,27478.61,26521.32,26869.19,26956.373333333333,16466.26612207,0,coinbase
1697068800,26867.97,26939.55,26537.72,26750.51,26742.593333333334,7881.21504857,0,coinbase
1697155200,26752.06,27122.24,26662.62,26863.53,26882.796666666665,8694.60097059,0,coinbase
1697241600,26863.54,26988.12,26797.0,26851.71,26878.94333333333,2786.76009652,0,coinbase
1697328000,26851.71,27301.37,26806.06,27186.13,27097.853333333333,6215.85130529,0,coinbase
1697414400,27186.13,30000.0,27135.92,28520.24,28552.053333333333,36471.7502374,0,coinbase
1697500800,28520.24,28637.21,28083.19,28408.83,28376.41,14171.43180714,0,coinbase
1697587200,28408.51,28999.98,28151.6,28326.51,28492.696666666667,11820.68114047,0,coinbase
1697673600,28326.24,28938.96,28122.57,28735.34,28598.956666666665,12662.68000489,0,coinbase
1697760000,28734.51,30248.0,28591.85,29684.73,29508.193333333333,20095.91529217,0,coinbase
1697846400,29684.73,30369.0,29475.06,29924.84,29922.966666666664,6369.9347533,0,coinbase
1697932800,29925.91,30275.0,29670.0,30004.15,29983.05,5720.28965895,0,coinbase
1698019200,30004.14,35000.0,29890.89,33087.58,32659.49,33228.46734771,0,coinbase
1698105600,33079.72,35157.23,32851.45,33922.52,33977.06666666666,38506.35962554,0,coinbase
1698192000,33921.66,35144.0,33690.91,34506.35,34447.08666666667,18668.45817435,0,coinbase
1698278400,34504.33,34843.04,33735.86,34154.71,34244.53666666666,15867.44697165,0,coinbase
1698364800,34153.35,34249.99,33400.0,33906.09,33852.026666666665,13879.04330119,0,coinbase
1698451200,33905.96,34500.0,33867.38,34085.42,34150.933333333334,4372.52724873,0,coinbase
1698537600,34085.42,34763.0,33937.31,34534.48,34411.59666666667,5547.09585659,0,coinbase
1698624000,34534.48,34871.0,34077.9,34493.79,34480.89666666667,10183.77616922,0,coinbase
1698710400,34493.51,34732.18,34038.79,34656.4,34475.79,9282.02866788,0,coinbase
1698796800,34656.38,35647.19,34079.46,35440.1,35055.583333333336,16197.45981756,0,coinbase
1698883200,35440.1,35997.8,34311.73,34950.0,35086.51,13455.65527035,0,coinbase
1698969600,34947.92,34954.6,34100.0,34731.27,34595.29,13961.70014519,0,coinbase
1699056000,34730.32,35278.4,34599.85,35087.01,34988.420000000006,4696.70148339,0,coinbase
1699142400,35087.43,35410.0,34500.0,35035.42,34981.806666666664,5892.67329337,0,coinbase
1699228800,35035.79,35294.12,34753.66,35059.46,35035.746666666666,7088.27153194,0,coinbase
1699315200,35059.46,35963.0,34530.67,35416.28,35303.316666666666,13841.59195597,0,coinbase
1699401600,35416.63,36113.59,35103.14,35639.13,35618.619999999995,12253.15808483,0,coinbase
1699488000,35639.13,37999.0,35555.16,36706.59,36753.583333333336,29045.85195583,0,coinbase
1699574400,36704.01,37548.8,36334.46,37324.83,37069.363333333335,15183.168535,0,coinbase
1699660800,37324.84,37424.03,36701.5,37139.12,37088.21666666667,5344.45382766,0,coinbase
1699747200,37139.94,37247.0,36740.9,37086.03,37024.64333333333,3317.50278576,0,coinbase
1699833600,37086.5,37442.48,36351.0,36475.67,36756.38333333334,10543.29564712,0,coinbase
1699920000,36475.68,36756.16,34758.64,35554.09,35689.63,16008.49077729,0,coinbase
1700006400,35554.1,37987.0,35358.45,37885.35,37076.93333333333,19941.6757032,0,coinbase
1700092800,37885.35,37958.75,35511.11,36161.15,36543.670000000006,18455.96829165,0,coinbase
1700179200,36161.15,36831.99,35869.0,36630.38,36443.79,12218.85138403,0,coinbase
1700265600,36631.56,36857.15,36205.89,36594.89,36552.64333333333,3468.39821362,0,coinbase
1700352000,36596.14,37546.62,36404.52,37391.19,37114.11,4366.44892344,0,coinbase
1700438400,37389.06,37784.07,36720.0,37475.64,37326.57,14114.01039926,0,coinbase
1700524800,37472.76,37675.77,35744.9,35751.89,36390.85333333333,20837.73934338,0,coinbase
1700611200,35755.33,37875.0,35633.0,37424.31,36977.43666666667,17606.97239528,0,coinbase
1700697600,37424.31,37653.67,36888.0,37304.05,37281.90666666667,7211.31754936,0,coinbase
1700784000,37304.04,38454.0,37257.56,37745.84,37819.13333333333,17507.8900414,0,coinbase
1700870400,37746.29,37920.27,37615.91,37805.99,37780.72333333333,3567.42244915,0,coinbase
1700956800,37806.84,37842.17,37156.72,37462.79,37487.22666666666,6113.0562518,0,coinbase
1701043200,37462.01,37578.42,36715.1,37241.63,37178.38333333333,13510.45476059,0,coinbase
1701129600,37241.64,38425.96,36873.55,37838.26,37712.590000000004,18156.47258233,0,coinbase
1701216000,37838.26,38480.0,37581.93,37863.84,37975.25666666666,15162.68883049,0,coinbase
1701302400,37864.79,38152.18,37500.0,37732.27,37794.81666666666,8081.19248391,0,coinbase
1701388800,37732.27,39000.0,37618.25,38703.54,38440.59666666667,16395.90197806,0,coinbase
1701475200,38706.55,39740.0,38660.03,39478.95,39292.99333333333,7540.7688183,0,coinbase
1701561600,39467.42,40221.22,39293.02,39984.81,39833.01666666666,7153.15663784,0,coinbase
1701648000,39984.81,42410.46,39983.6,41987.24,41460.43333333333,21993.05995554,0,coinbase
1701734400,41985.53,45000.0,41384.03,44084.39,43489.473333333335,24018.76035474,0,coinbase
1701820800,44086.33,44290.37,43369.0,43764.05,43807.806666666664,15977.55938336,0,coinbase
1701907200,43766.41,44057.23,42846.53,43280.95,43394.903333333335,13055.36691088,0,coinbase
1701993600,43281.11,44754.99,43087.17,44192.87,44011.676666666666,13579.40860176,0,coinbase
1702080000,44192.86,44384.68,43586.14,43723.25,43898.02333333334,5469.40708431,0,coinbase
1702166400,43722.84,44049.51,43562.06,43793.68,43801.75,3919.09423649,0,coinbase
1702252800,43793.67,43811.81,40150.0,41229.61,41730.473333333335,25524.67094691,0,coinbase
1702339200,41229.61,42088.56,40636.51,41477.39,41400.82,13414.86773655,0,coinbase
1702425600,41477.6,43475.0,40553.15,42885.54,42304.56333333333,15798.66423037,0,coinbase
1702512000,42887.39,43442.15,41426.76,43027.77,42632.22666666666,15434.25971384,0,coinbase
1702598400,43027.77,43095.71,41640.51,41933.89,42223.37,10861.72864667,0,coinbase
1702684800,41934.84,42680.2,41626.66,42237.29,42181.38333333333,5315.65582307,0,coinbase
1702771200,42235.23,42367.82,41222.0,41349.59,41646.47,6649.06495765,0,coinbase
1702857600,41349.59,42754.79,40508.01,42650.01,41970.93666666667,13394.33474824,0,coinbase
1702944000,42650.01,43461.86,41780.0,42266.22,42502.693333333336,13403.93447528,0,coinbase
1703030400,42266.25,44324.86,42184.48,43674.77,43394.70333333333,19307.1089644,0,coinbase
1703116800,43673.11,44250.0,43295.78,43875.32,43807.03333333333,13170.9728222,0,coinbase
1703203200,43875.56,44424.36,43412.82,44013.73,43950.30333333334,10733.55348079,0,coinbase
1703289600,44013.65,44033.84,43333.35,43726.35,43697.84666666667,4075.08953972,0,coinbase
1703376000,43728.36,43985.67,42614.17,43025.03,43208.29,4947.00165569,0,coinbase
1703462400,43025.02,43818.29,42755.35,43589.67,43387.77,4799.73104807,0,coinbase
1703548800,43589.67,43605.0,41600.67,42515.53,42573.73333333333,13035.02745535,0,coinbase
1703635200,42521.21,43709.98,42111.47,43474.4,43098.61666666667,12917.48404475,0,coinbase
1703721600,43469.06,43830.34,42265.08,42581.23,42892.21666666667,13583.91599843,0,coinbase
1703808000,42581.23,43137.1,41300.0,42063.45,42166.85,16756.43323881,0,coinbase
1703894400,42064.22,42593.73,41518.19,42141.03,42084.31666666667,11609.82377015,0,coinbase
1703980800,42139.32,42850.0,41964.68,42288.06,42367.579999999994,11397.57303743,0,coinbase
1704067200,42288.58,44240.8,42175.65,44220.78,43545.74333333334,7977.72851143,0,coinbase
1704153600,44220.78,45925.82,44195.13,44972.8,45031.25,29583.38407747,0,coinbase
1704240000,44972.81,45519.32,40625.68,42862.44,43002.48,32281.85234351,0,coinbase
1704326400,42860.58,44800.0,42650.0,44193.29,43881.09666666667,18193.81684353,0,coinbase
1704412800,44198.35,44443.37,42450.0,44186.59,43693.32,18073.09561495,0,coinbase
1704499200,44187.76,44260.95,43436.5,43992.44,43896.630000000005,5691.43460343,0,coinbase
1704585600,43992.79,44510.01,43629.7,43950.28,44029.996666666666,5931.34650683,0,coinbase
1704672000,43954.52,47330.0,43200.44,46995.1,45841.84666666667,26447.17326625,0,coinbase
1704758400,46995.09,47901.0,44701.54,46124.08,46242.206666666665,26305.56366042,0,coinbase
1704844800,46120.79,47732.5,44320.01,46666.11,46239.54,36534.39765866,0,coinbase
1704931200,46678.54,49102.29,45555.55,46342.66,47000.166666666664,38150.89478822,0,coinbase
1705017600,46344.96,46522.2,41444.97,42773.03,43580.066666666666,46862.43347199,0,coinbase
1705104000,42775.1,43250.0,42427.0,42839.33,42838.776666666665,10998.76404264,0,coinbase
1705190400,42839.32,43064.13,41680.73,41697.33,42147.39666666667,7834.26155365,0,coinbase
1705276800,41698.13,43331.91,41680.0,42490.16,42500.69,10869.45830576,0,coinbase
1705363200,42481.69,43569.23,42028.02,43130.45,42909.23333333333,18180.4405406,0,coinbase
1705449600,43130.35,43185.47,42160.0,42739.49,42694.986666666664,16381.8407159,0,coinbase
1705536000,42737.68,42877.22,40600.05,41293.5,41590.25666666667,25097.42399202,0,coinbase
1705622400,41290.57,42159.52,40236.49,41624.07,41340.026666666665,22745.55271173,0,coinbase
1705708800,41623.94,41846.15,41418.55,41666.67,41643.79,4836.63124969,0,coinbase
1705795200,41666.67,41858.59,41472.49,41554.05,41628.37666666666,3138.26294449,0,coinbase
1705881600,41553.92,41658.0,39372.44,39524.27,40184.90333333333,26539.34338688,0,coinbase
1705968000,39524.27,40144.49,38501.0,39878.3,39507.93,21966.56334645,0,coinbase
1706054400,39878.28,40527.26,39382.15,40077.78,39995.73,17438.97734668,0,coinbase
1706140800,40079.87,40282.87,39503.0,39941.66,39909.176666666666,12978.7331205,0,coinbase
1706227200,39941.66,42243.14,39805.95,41814.8,41287.96333333333,19359.37921096,0,coinbase
1706313600,41814.96,42199.99,41383.94,42126.55,41903.49333333333,3774.45056434,0,coinbase
1706400000,42126.55,42839.07,41617.53,42034.59,42163.73,4298.44263812,0,coinbase
1706486400,42034.57,43326.77,41787.35,43306.18,42806.76666666666,12529.09255982,0,coinbase
1706572800,43303.3,43872.99,42680.2,42942.78,43165.323333333334,16384.61219735,0,coinbase
1706659200,42937.72,43741.94,42265.77,42548.08,42851.93,15320.62044085,0,coinbase
1706745600,42545.47,43276.19,41846.04,43078.81,42733.68,11526.63383073,0,coinbase
1706832000,43080.38,43700.0,42527.58,43181.66,43136.41333333334,12202.24125895,0,coinbase
1706918400,43183.62,43358.13,42863.58,43010.67,43077.46,2254.45335539,0,coinbase
1707004800,43007.82,43100.0,42228.01,42568.55,42632.18666666667,2643.251649,0,coinbase
1707091200,42571.91,43520.0,42235.0,42657.67,42804.223333333335,8756.87806894,0,coinbase
1707177600,42658.3,43372.79,42516.07,43095.79,42994.88333333333,7940.36830921,0,coinbase
1707264000,43097.16,44430.0,42760.44,44343.61,43844.68333333333,12440.36853251,0,coinbase
1707350400,44345.94,45637.38,44335.0,45305.2,45092.52666666667,19283.80580787,0,coinbase
1707436800,45304.83,48230.02,45252.93,47160.41,46881.119999999995,22108.85067543,0,coinbase
1707523200,47157.01,48179.43,46889.53,47767.06,47612.00666666666,5663.309891,0,coinbase
1707609600,47767.06,48614.0,47590.3,48316.3,48173.53333333333,5243.1260706,0,coinbase
1707696000,48321.14,50363.42,47715.67,49941.81,49340.299999999996,18545.08725852,0,coinbase
1707782400,49941.95,50423.42,48327.81,49725.36,49492.19666666666,20471.56790372,0,coinbase
1707868800,49724.55,52111.0,49253.92,51858.59,51074.503333333334,20249.94369733,0,coinbase
1707955200,51858.51,52890.0,51353.49,51934.29,52059.26,18465.04404385,0,coinbase
1708041600,51935.23,52608.2,51597.87,52162.64,52122.90333333334,13816.27351282,0,coinbase
1708128000,52162.65,52214.05,50642.36,51666.22,51507.543333333335,5387.3486576,0,coinbase
1708214400,51666.23,52400.0,51174.38,52153.63,51909.33666666667,3997.17143898,0,coinbase
1708300800,52153.63,52501.01,51687.98,51787.05,51992.013333333336,6009.01451962,0,coinbase
1708387200,51787.05,53000.0,50764.01,52277.52,52013.84333333333,15888.87599974,0,coinbase
1708473600,52277.53,52394.91,50628.6,51851.67,51625.06,13735.03407249,0,coinbase
1708560000,51851.46,52076.0,50905.65,51258.7,51413.44999999999,13104.51408087,0,coinbase
1708646400,51260.29,51512.68,50513.01,50747.05,50924.246666666666,11679.16625824,0,coinbase
1708732800,50746.98,51696.19,50576.55,51570.65,51281.130000000005,3448.96576791,0,coinbase
1708819200,51568.63,51967.82,51275.01,51731.0,51657.943333333336,3617.40106809,0,coinbase
1708905600,51730.96,54980.0,50901.23,54533.48,53471.57000000001,22422.38763854,0,coinbase
1708992000,54530.32,57646.81,54490.8,57077.07,56404.89333333333,28791.48651731,0,coinbase
1709078400,57077.08,64100.0,56723.48,62518.9,61114.12666666667,48265.6721171,0,coinbase
1709164800,62520.06,63675.48,60355.61,61179.03,61736.706666666665,36825.89535085,0,coinbase
1709251200,61179.03,63267.18,60788.33,62436.72,62164.07666666667,24696.65692545,0,coinbase
1709337600,62439.74,62500.0,61623.39,62045.78,62056.38999999999,6882.38410251,0,coinbase
1709424000,62045.78,63260.0,61388.0,63154.49,62600.829999999994,7314.17629968,0,coinbase
1709510400,63155.74,68602.98,62300.0,68360.14,66421.04,40600.36656889,0,coinbase
1709596800,68356.7,69324.58,59224.68,63800.78,64116.68,65575.09537327,0,coinbase
1709683200,63802.15,67654.06,62832.39,66122.28,65536.24333333333,34655.98799427,0,coinbase
1709769600,66115.48,68098.09,65599.63,66938.21,66878.64333333333,22228.36739914,0,coinbase
1709856000,66938.21,70199.0,66157.09,68289.16,68215.08333333333,33749.52797544,0,coinbase
1709942400,68289.16,68700.41,68047.62,68480.0,68409.34333333334,9005.50992187,0,coinbase
1710028800,68480.01,70000.0,68221.13,69032.12,69084.41666666667,12163.05713369,0,coinbase
1710115200,69032.8,72943.98,67112.21,72110.98,70722.39,32332.72583229,0,coinbase
1710201600,72110.98,73027.63,68603.0,71475.93,71035.52,29420.19277654,0,coinbase
1710288000,71473.43,73709.99,71337.3,73135.04,72727.44333333334,21455.92195688,0,coinbase
1710374400,73135.04,73835.57,68454.47,71364.58,71218.20666666667,34226.602618,0,coinbase
1710460800,71364.58,72414.96,65565.7,69506.88,69162.51333333334,40195.84231178,0,coinbase
1710547200,69514.87,70050.0,64774.05,65254.22,66692.75666666667,16532.825303,0,coinbase
1710633600,65254.22,68877.82,64505.0,68343.64,67242.15333333334,12631.85084112,0,coinbase
1710720000,68354.29,68933.71,66562.65,67613.04,67703.13333333332,20057.37580028,0,coinbase
1710806400,67609.39,68136.39,61506.0,61906.27,63849.55333333334,40111.97553957,0,coinbase
1710892800,61902.57,68150.0,60771.14,67858.8,65593.31333333334,38590.78345488,0,coinbase
1710979200,67855.88,68234.56,64525.0,65484.7,66081.42,18523.96247162,0,coinbase
1711065600,65478.98,66651.1,62258.36,63814.56,64241.340000000004,17807.65930238,0,coinbase
1711152000,63814.56,66029.09,63013.19,63998.86,64347.04666666667,7395.08270425,0,coinbase
1711238400,63998.87,67637.6,63785.57,67204.93,66209.36666666667,6535.8276512,0,coinbase
1711324800,67212.69,71269.92,66381.84,69890.28,69180.68000000001,22228.13803338,0,coinbase
1711411200,69895.6,71582.96,69269.69,69992.4,70281.68333333333,15697.73440865,0,coinbase
1711497600,69994.9,71789.85,68369.62,69435.96,69865.14333333333,18703.73738295,0,coinbase
1711584000,69437.16,71635.99,68841.01,70801.18,70426.06,15224.17928189,0,coinbase
1711670400,70804.06,70941.7,69036.95,69903.75,69960.8,7365.03204354,0,coinbase
1711756800,69903.74,70363.25,69569.03,69626.87,69853.05,3262.62331859,0,coinbase
1711843200,69623.86,71399.91,69587.86,71288.9,70758.89,4424.66955382,0,coinbase
1711929600,71291.5,71313.8,68055.15,69681.82,69683.59000000001,13916.60016523,0,coinbase
1712016000,69681.85,69711.0,64521.61,65464.14,66565.58333333333,23496.58634089,0,coinbase
1712102400,65472.0,66944.06,64500.0,65987.92,65810.65999999999,14506.55934744,0,coinbase
1712188800,65984.18,69367.19,65073.95,68525.23,67655.45666666667,18624.08140025,0,coinbase
1712275200,68528.69,68783.99,66000.0,67856.51,67546.83333333333,15515.82134206,0,coinbase
1712361600,67856.51,69685.0,67469.19,68919.89,68691.36,3985.44167764,0,coinbase
1712448000,68919.57,70312.0,68846.23,69350.34,69502.85666666666,5766.41938443,0,coinbase
1712534400,69350.36,72777.0,69037.33,71622.53,71145.62000000001,16648.69284289,0,coinbase
1712620800,71616.31,71761.37,68200.0,69117.01,69692.79333333333,15143.52341376,0,coinbase
1712707200,69115.79,71159.6,67463.07,70634.04,69752.23666666668,16655.987797,0,coinbase
1712793600,70638.4,71305.86,69530.0,70020.73,70285.52999999998,11001.16448135,0,coinbase
1712880000,70020.71,71265.74,65110.31,67148.61,67841.55333333333,23509.75554216,0,coinbase
1712966400,67148.62,69100.0,60822.01,64024.77,64648.926666666666,27548.47240557,0,coinbase
1713052800,64021.36,65890.91,62150.0,65777.05,64605.98666666667,21604.05147827,0,coinbase
1713139200,65764.56,66928.82,62315.08,63452.18,64232.02666666667,21672.73701332,0,coinbase
1713225600,63452.18,64400.0,61645.09,63814.94,63286.676666666666,17710.28213211,0,coinbase
1713312000,63814.94,64524.14,59648.33,61279.36,61817.27666666667,21812.15297865,0,coinbase
1713398400,61275.73,64210.0,60816.07,63513.85,62846.64000000001,15249.84211445,0,coinbase
1713484800,63514.84,65498.99,59573.32,63848.37,62973.56,22838.07934159,0,coinbase
1713571200,63841.96,65463.08,63121.15,64968.87,64517.700000000004,5157.40726514,0,coinbase
1713657600,64960.82,65725.81,64250.0,64952.92,64976.243333333325,4487.48723219,0,coinbase
1713744000,64952.92,67272.73,64520.0,66859.17,66217.29999999999,10977.05178637,0,coinbase
1713830400,66856.07,67225.66,65823.66,66414.16,66487.82666666668,8840.16749844,0,coinbase
1713916800,66418.0,67077.97,63542.56,64255.78,64958.77,15083.5524347,0,coinbase
1714003200,64255.77,65287.69,62747.18,64484.44,64173.10333333333,13256.29877715,0,coinbase
1714089600,64484.44,64810.0,63287.76,63742.39,63946.716666666674,10151.96247701,0,coinbase
1714176000,63742.39,63900.0,62389.0,63422.0,63237.0,5312.16741262,0,coinbase
1714262400,63422.34,64333.33,62743.81,63108.94,63395.36000000001,4415.96831554,0,coinbase
1714348800,63109.76,64200.0,61741.01,63844.85,63261.95333333334,10712.13554316,0,coinbase
1714435200,63845.01,64727.81,59040.3,60622.1,61463.40333333333,21106.65540758,0,coinbase
1714521600,60621.2,60785.49,56500.0,58265.59,58517.026666666665,26611.9312734,0,coinbase
1714608000,58267.81,59641.03,56903.79,59071.89,58538.90333333334,13593.00905888,0,coinbase
1714694400,59070.3,63365.72,58821.05,62913.03,61699.93333333333,15954.29032707,0,coinbase
1714780800,62913.03,64546.0,62565.82,63902.88,63671.56666666667,6414.57464352,0,coinbase
1714867200,63902.88,64636.75,62908.34,64023.45,63856.17999999999,4474.5195919,0,coinbase
1714953600,64023.45,65523.44,62704.48,63162.24,63796.72,11241.77217344,0,coinbase
1715040000,63161.35,64415.06,62252.64,62315.76,62994.486666666664,8994.93773002,0,coinbase
1715126400,62315.75,63013.05,60851.04,61169.53,61677.87333333333,7486.42596849,0,coinbase
1715212800,61169.53,63424.14,60601.6,63073.57,62366.43666666667,8360.0553824,0,coinbase
1715299200,63073.55,63470.0,60150.0,60787.47,61469.15666666667,11511.12990976,0,coinbase
1715385600,60787.99,61482.0,60450.13,60814.63,60915.58666666667,2338.06810837,0,coinbase
1715472000,60814.64,61843.45,60576.05,61453.02,61290.84,2694.97577935,0,coinbase
1715558400,61453.01,63456.18,60738.51,62932.37,62375.68666666667,9170.80865115,0,coinbase
1715644800,62927.44,63103.02,61024.51,61539.84,61889.12333333333,13456.61307634,0,coinbase
1715731200,61539.7,66480.0,61299.57,66244.69,64674.753333333334,21821.38858725,0,coinbase
1715817600,66244.68,66772.83,64588.5,65252.18,65537.83666666667,12012.70197182,0,coinbase
1715904000,65252.17,67500.0,65113.46,67046.33,66553.26333333332,11710.00723895,0,coinbase
1715990400,67046.34,67407.79,66624.06,66923.87,66985.23999999999,3880.58113972,0,coinbase
1716076800,66923.87,67701.91,65852.02,66261.62,66605.18333333333,3565.11346165,0,coinbase
1716163200,66260.04,71560.9,66057.03,71432.17,69683.36666666665,20415.88691709,0,coinbase
1716249600,71432.16,71980.0,69146.01,70142.84,70422.95,16102.06132545,0,coinbase
1716336000,70142.88,70659.99,68887.52,69109.93,69552.48,10889.10300904,0,coinbase
1716422400,69109.93,70066.95,66259.0,67940.45,68088.8,14340.27843589,0,coinbase
1716508800,67932.79,69278.75,66587.91,68547.8,68138.15333333334,10374.95988085,0,coinbase
1716595200,68545.52,69605.03,68487.44,69289.67,69127.38,2501.11901959,0,coinbase
1716681600,69289.69,69522.0,68097.38,68473.72,68697.7,2037.67329089,0,coinbase
1716768000,68470.8,70613.39,68210.12,69368.72,69397.41,5384.62278063,0,coinbase
1716854400,69366.31,69533.96,67194.59,68321.98,68350.17666666665,11975.93086328,0,coinbase
1716940800,68321.99,68864.11,67081.66,67569.45,67838.40666666668,8970.02059069,0,coinbase
1717027200,67569.44,69536.89,67092.91,68338.58,68322.79333333333,11841.26381893,0,coinbase
1717113600,68338.58,69024.71,66584.47,67472.41,67693.86333333333,10690.85876224,0,coinbase
1717200000,67473.07,67837.33,67371.28,67719.29,67642.63333333332,1949.57008052,0,coinbase
1717286400,67719.29,68411.0,67260.0,67735.52,67802.17333333334,2997.15241527,0,coinbase
1717372800,67731.14,70295.78,67568.0,68791.0,68884.92666666667,11884.90882705,0,coinbase
1717459200,68791.04,71108.9,68542.37,70542.32,70064.53,18042.19396496,0,coinbase
1717545600,70541.68,71804.13,70356.49,71121.11,71093.90999999999,10123.1802918,0,coinbase
1717632000,71120.65,71650.56,70093.98,70773.64,70839.39333333333,7716.5079994,0,coinbase
1717718400,70773.63,71974.04,68298.55,69324.53,69865.70666666667,13768.98185265,0,coinbase
1717804800,69326.71,69546.58,69126.22,69304.05,69325.61666666665,2631.94610412,0,coinbase
1717891200,69303.8,69848.94,69123.99,69637.87,69536.93333333333,1826.03995531,0,coinbase
1717977600,69641.08,70187.53,69141.51,69497.73,69608.92333333332,6088.40363232,0,coinbase
1718064000,69495.97,69547.82,66018.69,67316.53,67627.68000000001,17354.68915468,0,coinbase
1718150400,67316.52,70032.0,66883.32,68248.6,68387.97333333334,17140.01139413,0,coinbase
1718236800,68248.59,68474.49,66200.0,66738.85,67137.78,11916.13211129,0,coinbase
1718323200,66746.46,67322.72,65005.0,66004.39,66110.70333333332,11520.15791899,0,coinbase
1718409600,66004.36,66428.57,65800.86,66192.0,66140.47666666667,2004.1421548,0,coinbase
1718496000,66192.0,66931.18,65999.0,66628.75,66519.64333333333,2118.65163435,0,coinbase
1718582400,66629.38,67274.96,65050.0,66481.81,66268.92333333334,14487.64060903,0,coinbase
1718668800,66481.81,66574.33,64010.01,65152.8,65245.71333333334,15937.73176483,0,coinbase
1718755200,65150.9,65709.26,64635.48,64943.79,65096.176666666666,4958.38361329,0,coinbase
1718841600,64945.67,66455.52,64500.0,64840.88,65265.46666666667,9346.70807899,0,coinbase
1718928000,64840.89,65017.1,63300.93,64120.28,64146.10333333333,9816.79599936,0,coinbase
1719014400,64120.28,64523.91,63910.01,64235.01,64222.97666666668,2324.21500373,0,coinbase
1719100800,64235.0,64499.95,63125.75,63171.43,63599.043333333335,2054.79092364,0,coinbase
1719187200,63169.36,63343.91,58414.28,60263.0,60673.73,21418.04594647,0,coinbase
1719273600,60262.16,62400.0,60217.36,61789.71,61469.02333333334,15201.5824773,0,coinbase
1719360000,61794.47,62470.0,60656.8,60816.68,61314.49333333334,11392.79835017,0,coinbase
1719446400,60818.86,62346.16,60546.94,61615.39,61502.829999999994,10530.35898848,0,coinbase
1719532800,61611.43,62170.62,59868.0,60313.35,60783.99,11381.0258738,0,coinbase
1719619200,60312.36,61122.66,60273.8,60885.67,60760.71,3199.03650127,0,coinbase
1719705600,60884.44,62942.67,60611.01,62668.26,62073.98,4263.22924826,0,coinbase
1719792000,62669.14,63801.26,62448.46,62830.13,63026.61666666667,12326.70696465,0,coinbase
1719878400,62830.94,63223.57,61000.0,62040.22,62087.93,10688.64132628,0,coinbase
1719964800,62039.44,62197.01,59332.76,60145.01,60558.26,12066.71677065,0,coinbase
1720051200,60145.01,60429.27,56709.73,57042.14,58060.380000000005,17969.35692426,0,coinbase
1720137600,57036.45,57515.6,53499.9,56639.43,55884.97666666666,28052.41501655,0,coinbase
1720224000,56634.53,58481.97,56020.32,58244.75,57582.34666666667,6449.32501293,0,coinbase
1720310400,58240.36,58448.89,55717.23,55854.09,56673.40333333333,5320.91645368,0,coinbase
1720396800,55852.61,58200.0,54278.93,56699.43,56392.78666666666,19043.04861272,0,coinbase
1720483200,56701.18,58295.31,56276.37,58047.86,57539.84666666666,11757.76025902,0,coinbase
1720569600,58047.86,59481.93,57157.28,57712.59,58117.26666666666,11619.63229345,0,coinbase
1720656000,57713.4,59533.06,57036.41,57340.77,57970.079999999994,11433.53379518,0,coinbase
1720742400,57343.66,58550.0,56538.33,57909.03,57665.78666666666,10516.60400149,0,coinbase
1720828800,57908.61,59875.0,57770.92,59224.58,58956.833333333336,4255.10545721,0,coinbase
1720915200,59224.58,61428.67,59209.2,60808.42,60482.09666666666,6132.37403058,0,coinbase
1721001600,60804.97,64943.61,60666.59,64757.16,63455.78666666666,20601.73387957,0,coinbase
1721088000,64757.16,65405.89,62410.33,65088.99,64301.736666666664,14691.92002303,0,coinbase
1721174400,65086.55,66139.0,63853.99,64085.81,64692.93333333333,10647.79709095,0,coinbase
1721260800,64085.82,65130.88,63222.6,63982.86,64112.113333333335,7637.52760383,0,coinbase
1721347200,63977.64,67504.22,63289.15,66707.61,65833.65999999999,15163.05745737,0,coinbase
1721433600,66707.61,67635.0,66271.0,67163.83,67023.27666666667,4671.38885135,0,coinbase
1721520000,67163.82,68380.0,65820.18,68181.28,67460.48666666666,6027.86201344,0,coinbase
1721606400,68181.16,68495.0,66569.42,67558.22,67540.87999999999,11844.79119584,0,coinbase
1721692800,67560.03,67786.84,65444.3,65939.24,66390.12666666666,10791.03782177,0,coinbase
1721779200,65939.24,67131.17,65090.61,65366.4,65862.72666666667,7702.25551129,0,coinbase
1721865600,65358.86,66161.98,63412.46,65795.42,65123.28666666666,10452.25571747,0,coinbase
1721952000,65795.52,68216.66,65705.6,67924.08,67282.11333333334,9315.20918753,0,coinbase
1722038400,67921.46,69418.15,66635.28,67899.41,67984.28,10233.62198513,0,coinbase
1722124800,67901.81,68308.82,67021.8,68244.3,67858.30666666666,3505.5483691,0,coinbase
1722211200,68244.3,70000.0,66400.01,66771.45,67723.82,13641.48475825,0,coinbase
1722297600,66767.14,66994.15,65283.68,66169.68,66149.17,8733.57157991,0,coinbase
1722384000,66169.68,66837.4,64500.0,64609.62,65315.67333333333,8986.37529253,0,coinbase
1722470400,64609.61,65593.56,62212.81,65288.18,64364.85,15636.72205775,0,coinbase
1722556800,65293.48,65557.86,61150.0,61418.06,62708.63999999999,15390.00963957,0,coinbase
1722643200,61418.06,62171.58,59819.13,60674.93,60888.54666666666,8019.39450918,0,coinbase
1722729600,60674.93,61082.3,57123.0,58130.95,58778.75,10319.01091658,0,coinbase
1722816000,58131.31,58282.83,49050.01,54029.12,53787.32,59125.78926672,0,coinbase
1722902400,54037.9,57091.16,53965.57,56048.08,55701.60333333333,16897.67519536,0,coinbase
1722988800,56048.07,57757.15,54564.15,55148.1,55823.13333333333,13971.5151871,0,coinbase
1723075200,55144.14,62755.24,54737.32,61705.58,59732.71333333334,20623.04985861,0,coinbase
1723161600,61704.05,61764.38,59552.46,60862.13,60726.323333333334,11569.80744379,0,coinbase
1723248000,60864.71,61500.0,60255.61,60935.02,60896.87666666667,3157.63609699,0,coinbase
1723334400,60935.01,61868.69,58312.63,58722.49,59634.60333333333,5229.37008498,0,coinbase
1723420800,58717.44,60721.77,57653.31,59358.78,59244.619999999995,12183.92944247,0,coinbase
1723507200,59358.78,61615.43,58402.01,60603.19,60206.87666666667,10879.76363828,0,coinbase
1723593600,60603.19,61827.2,58453.56,58690.62,59657.12666666667,12938.61473824,0,coinbase
1723680000,58690.62,59883.49,56120.0,57543.61,57849.033333333326,14506.63316989,0,coinbase
1723766400,57543.57,59871.61,57096.56,58888.99,58619.05333333334,11930.21788221,0,coinbase
1723852800,58888.99,59711.02,58803.45,59497.49,59337.32,2787.56355634,0,coinbase
1723939200,59497.49,60284.99,58422.0,58437.9,59048.29666666666,4325.64817169,0,coinbase
1724025600,58436.2,59639.81,57820.0,59452.67,58970.82666666666,8539.29378706,0,coinbase
1724112000,59455.81,61457.03,58571.96,59017.59,59682.19333333333,11062.05279919,0,coinbase
1724198400,59017.59,61849.98,58793.89,61163.28,60602.38333333333,13380.11101719,0,coinbase
1724284800,61167.54,61430.48,59750.0,60383.29,60521.256666666675,9608.6955368,0,coinbase
1724371200,60383.28,64987.0,60343.2,64086.72,63138.97333333333,17852.77117167,0,coinbase
1724457600,64091.63,64529.78,63564.22,64179.63,64091.21,5020.91676004,0,coinbase
1724544000,64179.63,65050.08,63793.74,64251.93,64365.25,4012.30764642,0,coinbase
1724630400,64250.01,64509.36,62806.8,62840.0,63385.386666666665,10741.96651081,0,coinbase
1724716800,62840.09,63226.26,58025.49,59439.64,60230.46333333334,14195.89496578,0,coinbase
1724803200,59437.68,60236.98,57851.62,59045.88,59044.82666666667,10001.12169866,0,coinbase
1724889600,59047.94,61194.09,58729.39,59364.47,59762.65,10933.22040343,0,coinbase
1724976000,59353.12,59929.63,57700.0,59112.77,58914.13333333333,9382.9124508,0,coinbase
1725062400,59117.59,59446.99,58739.31,58968.37,59051.556666666664,1368.21775121,0,coinbase
1725148800,58968.37,59070.55,57200.0,57299.0,57856.51666666666,4411.05388122,0,coinbase
1725235200,57291.21,59423.0,57119.01,59139.83,58560.61333333334,4318.6544603,0,coinbase
1725321600,59138.89,59825.7,57394.49,57468.84,58229.676666666666,8264.44971184,0,coinbase
1725408000,57460.5,58531.25,55555.0,57971.0,57352.416666666664,13715.96171494,0,coinbase
1725494400,57971.0,58326.12,55628.04,56156.82,56703.66,12281.57828747,0,coinbase
1725580800,56156.82,56995.0,52530.0,53950.01,54491.670000000006,18495.45064356,0,coinbase
1725667200,53950.0,54847.0,53733.1,54156.33,54245.47666666666,3284.57722628,0,coinbase
1725753600,54159.6,55315.95,53623.95,54881.11,54607.003333333334,3684.86816392,0,coinbase
1725840000,54881.1,58119.97,54565.56,57053.9,56579.81,10203.03329517,0,coinbase
1725926400,57047.82,58050.35,56377.76,57645.59,57357.9,6433.21371111,0,coinbase
1726012800,57641.15,58014.35,55534.41,57352.79,56967.18333333334,11678.94297124,0,coinbase
1726099200,57352.92,58600.0,57311.15,58137.54,58016.23,10175.62390483,0,coinbase
1726185600,58137.33,60670.0,57630.01,60543.35,59614.45333333334,11935.95544754,0,coinbase
1726272000,60543.35,60660.0,59436.8,60012.35,60036.38333333333,3147.39019631,0,coinbase
1726358400,60012.34,60402.34,58695.75,59122.33,59406.806666666664,3975.3568185,0,coinbase
1726444800,59122.7,59214.15,57477.0,58208.75,58299.96666666667,7654.10991835,0,coinbase
1726531200,58209.76,61373.41,57620.27,60312.6,59768.76,11701.89074715,0,coinbase
1726617600,60317.38,61800.0,59174.5,61769.18,60914.56,11471.50683029,0,coinbase
1726704000,61770.38,63891.82,61569.16,62960.14,62807.04,15075.86835522,0,coinbase
1726790400,62956.04,64140.67,62340.0,63210.69,63230.45333333333,10636.1082809,0,coinbase
1726876800,63210.94,63575.63,62755.0,63362.74,63231.12333333333,1960.85712028,0,coinbase
1726963200,63362.74,64000.0,62380.55,63577.66,63319.40333333334,2882.2341982,0,coinbase
1727049600,63580.39,64739.67,62566.28,63338.87,63548.27333333334,7014.74459935,0,coinbase
1727136000,63338.85,64700.0,62689.15,64272.93,63887.35999999999,8933.46473574,0,coinbase
1727222400,64272.93,64811.0,62932.8,63130.89,63624.89666666667,5909.09510453,0,coinbase
1727308800,63131.13,65865.0,62652.99,65177.21,64565.06666666666,12789.85035505,0,coinbase
1727395200,65176.39,66550.0,64827.85,65789.0,65722.28333333334,9529.0168808,0,coinbase
1727481600,65787.53,66266.39,65400.0,65858.99,65841.79333333333,2755.22680581,0,coinbase
1727568000,65857.33,66059.0,65433.29,65600.01,65697.43333333333,2721.35197741,0,coinbase
1727654400,65600.01,65624.95,62833.95,63301.25,63920.049999999996,10629.74147917,0,coinbase
1727740800,63305.52,64106.75,60150.89,60790.0,61682.54666666667,15970.80295516,0,coinbase
1727827200,60792.63,62380.34,59969.2,60631.37,60993.636666666665,8764.03050337,0,coinbase
1727913600,60631.36,61474.92,59824.87,60744.99,60681.59333333333,7834.55718072,0,coinbase
1728000000,60745.0,62481.0,60454.5,62090.71,61675.40333333333,7884.21831808,0,coinbase
1728086400,62090.7,62380.04,61686.34,62051.29,62039.223333333335,1783.56564961,0,coinbase
1728172800,62051.29,62978.75,61805.85,62810.86,62531.82000000001,2086.21821773,0,coinbase
1728259200,62810.93,64467.02,62113.28,62200.28,62926.85999999999,10707.1500015,0,coinbase
1728345600,62203.82,63191.05,61824.48,62122.02,62379.18333333333,6566.33034742,0,coinbase
1728432000,62118.44,62507.68,60255.0,60578.28,61113.65333333333,7582.36723494,0,coinbase
1728518400,60578.28,61271.59,58863.9,60279.53,60138.34,10462.57962276,0,coinbase
1728604800,60279.53,63416.7,60029.98,62518.75,61988.47666666666,11454.9900534,0,coinbase
1728691200,62518.75,63474.25,62464.15,63187.47,63041.956666666665,3943.90648994,0,coinbase
1728777600,63183.08,63270.18,62033.0,62845.3,62716.159999999996,2257.61460657,0,coinbase
1728864000,62847.89,66500.0,62426.67,66065.65,64997.44,13638.71106556,0,coinbase
1728950400,66065.64,67944.76,64778.44,67056.6,66593.26666666668,16324.01191342,0,coinbase
1729036800,67056.62,68399.0,66743.0,67608.44,67583.48,12465.75691229,0,coinbase
1729123200,67590.0,67899.9,66644.5,67407.8,67208.4,1581.80315377,31915,kraken
1729209600,67407.8,68980.3,67189.9,68440.3,68262.2,1519.44740947,32011,kraken
1729296000,68440.2,68632.7,68062.2,68374.9,68291.9,402.00012426,15819,kraken
1729382400,68375.0,69315.0,68129.4,69010.5,68665.6,696.12320319,20673,kraken
1729468800,69010.5,69447.8,66838.6,67385.1,67857.8,2249.69267837,42900,kraken
1729555200,67385.1,67750.0,66564.4,67387.6,67223.0,1332.15318315,33260,kraken
1729641600,67384.2,67407.5,65199.0,66633.4,66212.5,1637.67388406,38619,kraken
1729728000,66630.5,68794.2,66452.2,68170.1,67708.6,1711.06407067,37956,kraken
1729814400,68170.1,68699.0,65531.0,66606.8,67272.8,1962.900885,46344,kraken
1729900800,66606.8,67348.4,66364.0,67026.0,66949.2,551.1168065,19066,kraken
1729987200,67026.1,68196.0,66850.4,67941.2,67532.6,669.93058797,16686,kraken
1730073600,67941.3,70200.0,67535.0,69911.9,69066.4,2663.61172521,41072,kraken
1730160000,69912.0,73574.9,69720.1,72661.0,71932.3,3112.48180118,60478,kraken
1730246400,72661.0,72887.9,71400.0,72331.1,72180.5,1750.94496989,41109,kraken
1730332800,72331.1,72662.0,69602.0,70250.1,71115.7,1855.72917608,34927,kraken
1730419200,70250.1,71576.0,68810.0,69490.1,69793.3,2425.4916887,42761,kraken
1730505600,69490.1,69858.8,69060.0,69300.0,69444.7,803.13883973,19256,kraken
1730592000,69300.9,69363.3,67483.7,68748.7,68293.5,2115.26348924,35315,kraken
1730678400,68748.7,69430.6,66836.0,67783.3,68181.7,1544.56123278,30935,kraken
1730764800,67787.8,70482.0,67481.4,69382.7,69409.3,2008.23627213,30812,kraken
1730851200,69382.7,76457.6,69341.0,75642.0,73794.8,8946.48732813,69815,kraken
1730937600,75642.1,76937.5,74500.0,75949.2,75634.4,3152.67539089,41516,kraken
1731024000,75949.3,77242.0,75713.0,76550.4,76473.4,2322.42184749,32788,kraken
1731110400,76550.5,76911.0,75785.2,76728.3,76430.8,1025.99230375,23283,kraken
1731196800,76728.3,81480.7,76569.9,80423.3,79484.9,4998.42665424,64789,kraken
1731283200,80423.3,89600.0,80299.9,88737.6,85246.6,7092.85736454,93436,kraken
1731369600,88737.5,89920.0,85136.0,88087.3,87946.7,6817.99545766,85465,kraken
1731456000,88087.3,93435.0,86258.0,90490.9,90290.9,7626.54566803,77561,kraken
1731542400,90496.8,91780.0,86621.9,87313.2,89304.9,6252.08697742,61715,kraken
1731628800,87314.4,91850.0,87135.0,91062.0,89507.4,3879.47146166,48562,kraken
1731715200,91062.0,91750.0,90149.0,90555.1,91055.2,1466.32281088,32817,kraken
1731801600,90567.7,91399.0,88728.6,89850.0,90074.6,1823.63907979,31062,kraken
1731888000,89850.0,92607.2,89400.0,90507.9,91095.2,3681.7495448,49941,kraken
1731974400,90508.0,94000.0,90424.6,92376.1,92538.5,4118.94491548,53877,kraken
1732060800,92376.1,94925.0,91636.1,94364.5,93840.6,3479.27477537,55062,kraken
1732147200,94356.8,98999.0,94135.0,98496.0,97273.1,4985.84908294,79873,kraken
1732233600,98496.0,99650.0,97218.3,99000.0,98798.5,3342.09282648,62203,kraken
1732320000,99000.0,99000.0,97219.2,97759.1,98254.7,1822.84995162,44494,kraken
1732406400,97759.1,98607.4,95751.2,97994.1,97321.1,1713.90019572,42023,kraken
1732492800,97994.1,98880.0,92550.0,93000.0,95745.7,4287.35322125,55562,kraken
1732579200,93000.1,94995.0,90736.0,91914.5,92714.5,3988.70968177,53132,kraken
1732665600,91914.6,97387.9,91818.3,95952.9,95222.0,3676.00390362,45972,kraken
1732752000,95946.8,96652.0,94653.6,95637.8,95402.0,1141.15914588,29180,kraken
1732838400,95637.8,98670.1,95385.7,97478.7,97171.8,2810.05076582,39756,kraken
1732924800,97478.7,97491.2,96185.0,96456.2,96780.0,724.351026,25479,kraken
1733011200,96456.3,97850.0,95754.4,97244.6,97032.8,790.57085383,23454,kraken
1733097600,97245.0,98135.3,94450.0,95853.3,95999.1,2076.03930234,45724,kraken
1733184000,95853.3,96267.2,93565.1,95917.5,95229.8,1750.12703242,45943,kraken
1733270400,95917.5,99213.9,94656.9,98757.1,97143.5,4007.40945935,61942,kraken
1733356800,98757.1,104015.5,91800.0,97087.3,100544.9,8398.16065969,124693,kraken
1733443200,97087.3,101995.0,96510.3,99872.9,99498.0,2727.15514037,51565,kraken
1733529600,99873.0,100501.4,99000.0,99899.9,99808.4,829.88174542,29512,kraken
1733616000,99900.0,101400.0,98699.7,101170.0,99953.9,1101.24140085,30667,kraken
1733702400,101170.0,101214.3,94140.9,97399.9,97783.0,2874.85666097,66973,kraken
1733788800,97337.0,98267.9,94314.1,96655.1,96577.8,2459.10248253,54424,kraken
1733875200,96655.1,101900.0,95754.0,101177.0,99772.0,2523.39702118,49508,kraken
1733961600,101177.1,102500.0,99296.6,100050.1,100804.3,1955.43808408,48609,kraken
1734048000,100050.1,101905.2,99250.0,101483.1,100874.7,1358.12451422,36197,kraken
1734134400,101483.1,102637.2,100666.0,101400.1,101606.7,926.63654907,27948,kraken
1734220800,101400.1,105000.0,101222.5,104355.2,103100.5,2036.39517524,36649,kraken
1734307200,104355.3,107777.0,103319.4,106067.2,105762.5,4525.54878744,69654,kraken
1734393600,106070.2,108297.6,105124.0,106151.9,106666.1,4684.88958375,51877,kraken
1734480000,106152.0,106489.3,100027.8,100166.1,102962.4,3014.79303894,56882,kraken
1734566400,100166.1,102750.0,95586.4,97431.4,99042.3,3582.99338433,76206,kraken
1734652800,97431.5,98064.7,92159.0,97781.8,95648.3,3145.57762405,61835,kraken
1734739200,97781.8,99575.4,96359.8,97232.6,97786.6,1158.06359574,35915,kraken
1734825600,97232.7,97321.3,94201.1,95101.9,95729.4,843.50640738,26527,kraken
1734912000,95101.9,96403.0,92417.0,94699.4,94202.2,1608.13292536,44002,kraken
1734998400,94699.4,99400.0,93500.0,98647.2,96925.7,1533.79982235,39941,kraken
1735084800,98647.2,99411.6,97600.0,99310.8,98493.5,681.61047112,30576,kraken
1735171200,99328.2,99821.8,95139.1,95645.0,96427.2,1286.63045412,35677,kraken
1735257600,95660.9,97308.6,93300.0,94148.9,95369.6,1781.17817466,45144,kraken
1735344000,94147.6,95497.0,94033.5,95204.1,94625.4,447.87195123,21419,kraken
1735430400,95204.1,95204.1,92860.7,93551.0,94069.1,698.54712674,22934,kraken
1735516800,93551.0,94858.7,91256.6,92611.3,92857.6,2168.29172819,42406,kraken
1735603200,92611.3,96040.0,91934.1,93370.9,94050.7,1697.95041413,34489,kraken
1735689600,93370.8,94888.0,92588.1,94380.8,93775.3,576.16221881,25886,kraken
1735776000,94380.9,97719.9,94167.2,96805.2,96494.6,1727.87834504,40932,kraken
1735862400,96805.3,98888.0,96034.1,98111.1,97693.7,1520.22829624,32349,kraken
1735948800,98111.1,98714.8,97548.4,98208.9,97996.0,630.75266227,23359,kraken
1736035200,98208.9,98750.0,97250.0,98306.2,97970.2,437.30434173,18687,kraken
1736121600,98306.3,102479.6,97974.0,102222.0,100991.5,2276.11065977,50951,kraken
1736208000,102222.0,102759.3,96100.0,96932.2,98488.5,2322.87122789,46693,kraken
1736294400,96932.2,97232.8,92501.0,95060.4,94834.8,2675.62697608,54862,kraken
1736380800,95060.1,95251.1,91168.5,92531.7,92924.8,2567.92194993,46660,kraken
1736467200,92523.5,95771.2,92200.0,94698.8,94075.7,2409.34482421,48670,kraken
1736553600,94698.9,94986.6,93865.0,94562.1,94437.8,315.42363614,18922,kraken
1736640000,94562.1,95300.0,93652.2,94449.9,94576.1,432.7113658,22557,kraken
1736726400,94450.0,95808.2,89005.8,94487.1,91915.9,3303.02566784,69218,kraken
1736812800,94487.1,97302.9,94313.0,96560.1,96139.8,1407.26000359,43145,kraken
1736899200,96560.1,100731.7,96500.0,100496.4,98844.9,2160.29010015,46331,kraken
1736985600,100496.5,100700.0,97333.0,99976.7,99508.6,1764.68463636,40996,kraken
1737072000,99976.7,105883.0,99952.8,104089.8,103572.2,3507.92883752,60471,kraken
1737158400,104089.8,104907.3,102222.0,104382.0,103738.3,1776.25333653,36012,kraken
1737244800,104382.0,106246.6,99538.2,101191.1,103853.3,4231.21213917,73121,kraken
1737331200,101191.0,109112.0,99500.0,102162.8,104549.7,6144.71011387,104134,kraken
1737417600,102142.1,107200.0,100114.2,106162.8,104482.0,2766.17867975,57011,kraken
1737504000,106162.8,106293.4,103271.3,103648.5,104664.0,1391.42072629,36254,kraken
1737590400,103648.6,106833.2,101281.7,103920.2,104188.7,4692.19078465,64479,kraken
1737676800,103920.2,107080.6,102800.0,104840.4,105315.2,1795.72253619,36250,kraken
1737763200,104840.4,105194.1,104250.0,104705.2,104662.4,643.54540419,19139,kraken
1737849600,104705.3,105380.0,102544.1,102596.5,104290.1,949.0648101,22008,kraken
1737936000,102596.5,103200.0,97688.7,102133.3,100393.9,3883.43048284,68012,kraken
1738022400,102133.3,103728.0,100200.0,101299.8,102126.3,1817.06633,35792,kraken
1738108800,101299.9,104749.1,101277.6,103708.0,102863.8,2068.76411452,35819,kraken
1738195200,103708.1,106414.4,103252.5,104750.1,105132.9,2010.23973624,32805,kraken
1738281600,104750.1,106000.0,101500.0,102406.0,103785.3,1755.91946054,36579,kraken
1738368000,102406.0,102748.6,100147.0,100624.2,101689.6,1188.3889118,25176,kraken
1738454400,100624.3,101415.5,96100.0,97696.1,98561.4,2816.31259953,48029,kraken
1738540800,97696.0,102500.0,91000.0,101425.1,96614.4,5541.67940806,90351,kraken
1738627200,101425.1,101721.9,96250.0,97868.5,98983.0,3162.38590831,45835,kraken
1738713600,97868.4,99125.0,96191.0,96623.8,97658.8,1343.73465352,24709,kraken
1738800000,96613.4,99100.0,95700.0,96559.2,97564.3,2017.20689834,26468,kraken
1738886400,96558.5,100181.7,95634.1,96547.5,97703.3,1926.56834175,43481,kraken
1738972800,96547.5,96860.1,95656.9,96496.5,96339.6,383.81280043,16339,kraken
1739059200,96496.5,97291.2,94763.1,96473.0,96216.3,702.74391142,20517,kraken
1739145600,96473.0,98300.0,95326.7,97441.2,97196.3,1163.37216215,21718,kraken
1739232000,97441.2,98442.3,94899.2,95767.1,96684.3,1329.40106338,28438,kraken
1739318400,95767.1,98042.8,94111.0,97874.0,96200.3,1463.18182995,29336,kraken
1739404800,97874.0,98077.1,95273.7,96628.0,96085.7,1291.44841164,21526,kraken
1739491200,96628.0,98826.0,96340.7,97464.0,97366.2,1523.91696415,28343,kraken
1739577600,97464.0,97902.0,97279.3,97588.2,97582.2,375.80330877,14594,kraken
1739664000,97588.2,97700.0,96112.6,96144.1,96951.9,311.46490458,14039,kraken
1739750400,96144.1,97032.6,95224.7,95772.8,96020.6,1005.28486366,20654,kraken
1739836800,95772.8,96650.9,93388.7,95600.0,94912.6,1472.41908125,33221,kraken
1739923200,95600.0,96875.0,94996.8,96625.7,95930.4,1116.70166311,26149,kraken
1740009600,96625.7,98744.0,96405.7,98339.1,97627.6,1280.02593709,28613,kraken
1740096000,98339.1,99481.1,94858.0,96099.5,97442.3,2181.18505022,37938,kraken
1740182400,96099.5,96900.0,95791.3,96600.1,96428.8,484.13874675,14465,kraken
1740268800,96600.1,96621.6,95300.0,96303.4,95977.9,359.68758804,13477,kraken
1740355200,96303.4,96483.0,91400.0,91534.4,94035.6,2273.50832688,43024,kraken
1740441600,91534.4,92487.3,86000.0,88632.6,88983.8,5210.26309616,84846,kraken
1740528000,88632.6,89271.0,80525.0,84089.8,85422.7,5878.70103157,77746,kraken
1740614400,84089.9,86951.2,82611.0,84691.4,84888.4,2506.41796058,46638,kraken
1740700800,84668.4,85061.0,78219.0,84309.2,81562.9,4498.77887051,77842,kraken
1740787200,84309.2,86515.9,83799.3,86020.8,85167.0,1112.34047277,25856,kraken
1740873600,86020.8,95000.0,84500.1,94285.0,90983.0,5152.5358943,62645,kraken
1740960000,94285.0,94401.6,85055.0,86144.7,89968.5,5136.27936399,63117,kraken
1741046400,86144.7,88888.0,81434.5,87250.0,84629.5,4690.09095506,61737,kraken
1741132800,87250.0,90975.1,86378.4,90610.4,89224.7,3795.41190016,49992,kraken
1741219200,90610.4,92741.5,87836.3,89916.8,90197.8,2992.56395797,44486,kraken
1741305600,89925.3,91227.4,84665.7,86762.3,87910.5,4534.10086304,56830,kraken
1741392000,86762.3,86809.4,85230.0,86164.1,86115.6,816.51310316,20983,kraken
1741478400,86164.1,86435.2,80006.7,80684.0,82956.4,2019.63804496,39533,kraken
1741564800,80709.9,83971.5,77414.3,78558.8,80090.9,3411.3441324,64265,kraken
1741651200,78558.9,83607.9,76615.7,82900.0,80669.6,3925.04144014,52739,kraken
1741737600,82900.0,84482.0,80628.9,83673.4,82589.7,2515.76502183,36613,kraken
1741824000,83673.4,84282.4,79930.7,81112.3,81997.4,1998.70930581,31403,kraken
1741910400,81112.3,85278.7,80847.2,83997.6,83719.1,2075.86273147,31189,kraken
1741996800,83997.7,84659.4,83666.9,84332.9,84209.5,584.76838101,16525,kraken
1742083200,84333.0,85021.0,82009.8,82599.9,83231.2,842.27980256,23323,kraken
1742169600,82600.0,84700.0,82500.0,84015.2,83518.2,1262.16112303,22150,kraken
1742256000,84015.2,84015.2,81166.0,82705.4,82212.7,1526.03270747,25866,kraken
1742342400,82705.4,87000.0,82553.3,86879.5,84476.4,2673.46536757,31949,kraken
1742428800,86879.6,87433.9,83609.1,84178.6,85473.1,2156.72058329,30576,kraken
1742515200,84178.6,84771.3,83179.3,84034.3,84062.7,1018.69958284,21597,kraken
1742601600,84034.3,84450.0,83667.4,83800.0,84055.2,440.24781187,13004,kraken
1742688000,83800.0,86100.0,83799.9,86076.5,84983.0,588.42498116,14834,kraken
1742774400,86076.5,88750.0,85558.1,87505.3,87461.1,2187.05354124,31475,kraken
1742860800,87511.9,88500.0,86306.7,87458.1,87419.8,1275.81713678,23990,kraken
1742947200,87458.1,88263.0,85853.7,86899.0,87101.7,1808.20481963,27058,kraken
1743033600,86899.0,87755.8,85838.9,87209.9,87098.3,1018.98407902,22803,kraken
1743120000,87209.9,87441.7,83530.1,84373.9,84711.6,2052.98377273,33755,kraken
1743206400,84373.9,84559.8,81655.0,82613.8,82968.1,1157.08426174,25276,kraken
1743292800,82613.8,83500.0,81588.7,82325.4,82804.3,916.37403895,21788,kraken
1743379200,82325.4,83870.8,81270.3,82523.0,82644.7,1694.68667333,34525,kraken
1743465600,82523.0,85500.0,82415.9,85201.1,84407.5,1757.72329983,32168,kraken
1743552000,85201.2,89042.7,82141.5,82508.1,85365.3,3582.61285579,60894,kraken
1743638400,82508.1,83911.0,81177.7,83132.9,82525.0,1942.46384857,43968,kraken
1743724800,83133.0,84709.7,81657.9,83840.8,83300.7,1986.99314277,51567,kraken
1743811200,83840.8,84200.0,82400.0,83508.9,83259.6,660.17840044,17803,kraken
1743897600,83508.9,83680.0,77057.7,78363.4,79741.0,3692.97635392,55566,kraken
1743984000,78364.8,81323.6,74409.1,79130.1,77488.6,5198.34711859,108467,kraken
1744070400,79130.1,80800.0,76164.6,76276.5,78394.7,2455.53545248,54687,kraken
1744156800,76276.5,83548.9,74572.5,82556.3,79306.2,5271.68867973,81398,kraken
1744243200,82556.3,82676.5,78451.2,79552.1,80756.2,2270.09893668,43657,kraken
1744329600,79552.1,84261.7,78914.7,83420.1,82322.9,3024.32123334,44081,kraken
1744416000,83420.1,85850.9,82750.0,85284.1,84536.5,1932.99267705,27815,kraken
1744502400,85284.1,86037.9,83025.5,83719.0,84338.0,1742.3412712,31815,kraken
1744588800,83719.8,85792.1,83708.2,84530.7,84691.0,2420.34075325,33858,kraken
1744675200,84530.7,86401.0,83600.0,83633.5,85053.5,1433.04466,30919,kraken
1744761600,83633.5,85419.7,83146.0,84023.8,84115.0,1861.93037475,34648,kraken
1744848000,84027.5,85444.0,83777.2,84910.1,84589.9,931.39734032,25008,kraken
1744934400,84910.1,85087.9,84295.4,84472.5,84622.0,450.65472146,17835,kraken
1745020800,84472.5,85611.7,84384.6,85121.3,85112.0,405.53513245,17697,kraken
1745107200,85121.3,85309.2,84007.4,85150.1,84810.8,517.72668291,15671,kraken
1745193600,85150.0,88490.0,85150.0,87500.6,87265.6,1901.27490018,35012,kraken
1745280000,87500.7,93888.0,87100.0,93472.0,90814.6,2972.04826005,55130,kraken
1745366400,93472.0,94635.1,91949.5,93677.0,93453.9,2009.60322068,48047,kraken
1745452800,93677.0,94000.0,91711.0,93999.9,93011.6,1079.24734065,28565,kraken
1745539200,94000.0,95837.7,92900.0,94717.1,94536.3,2253.19370406,39718,kraken
1745625600,94717.2,95189.5,93907.5,94663.5,94444.7,499.11003555,22248,kraken
1745712000,94663.5,95348.5,93621.5,93817.0,94208.2,532.00913019,17412,kraken
1745798400,93817.0,95600.0,92900.0,94998.1,94444.4,1257.55300882,32846,kraken
1745884800,94998.1,95469.2,93809.5,94269.6,94878.4,1566.10548205,28586,kraken
1745971200,94269.7,95195.0,92970.5,94205.4,94157.6,1082.84442265,32434,kraken
1746057600,94205.4,97407.8,94148.3,96469.9,96040.0,1646.02664605,33027,kraken
1746144000,96469.9,97885.0,96386.7,96920.7,97119.7,1190.74799924,29094,kraken
1746230400,96920.7,96922.3,95785.9,95869.9,96257.3,632.75891805,20316,kraken
1746316800,95869.9,96298.0,94153.2,94303.1,95477.6,754.03636157,20904,kraken
1746403200,94303.1,95173.9,93570.1,94727.0,94243.6,1059.28534793,28463,kraken
1746489600,94727.0,96877.8,93398.5,96816.7,94662.4,1231.56700197,27555,kraken
1746576000,96816.7,97650.0,95824.0,97031.4,96853.5,1362.55596122,32050,kraken
1746662400,97031.4,104082.5,96874.9,103228.0,100467.9,2992.17010376,52489,kraken
1746748800,103228.0,104319.1,102344.7,102976.9,103070.0,1329.71839936,33114,kraken
1746835200,102977.0,104943.7,102833.3,104800.0,103707.7,696.03309136,23133,kraken
1746921600,104799.9,104919.7,103326.8,104119.0,104278.0,779.51384444,23208,kraken
1747008000,104119.0,105728.8,100772.6,102825.0,103324.7,1868.93678433,44929,kraken
1747094400,102825.1,104980.0,101525.1,104156.7,103655.7,1104.39123118,33512,kraken
1747180800,104156.8,104280.1,102591.5,103589.7,103547.7,1023.73775034,26016,kraken
1747267200,103589.7,104123.0,101441.6,103761.7,102771.3,982.20702525,32884,kraken
1747353600,103761.7,104500.0,103130.0,103500.1,103907.8,933.96180688,22845,kraken
1747440000,103500.1,103697.1,102690.0,103169.1,103049.9,407.46473368,17841,kraken
1747526400,103169.1,106631.8,103148.2,106525.6,104781.9,1948.9635636,27890,kraken
1747612800,106525.6,107042.1,102100.0,105637.7,104246.8,2055.76779214,35834,kraken
1747699200,105637.7,107262.6,104269.0,106855.6,105972.5,1713.73055867,30638,kraken
1747785600,106855.6,110698.0,106155.0,109675.1,108028.1,3333.80572063,57004,kraken
1747872000,109675.1,111983.2,109287.2,111711.1,111056.4,2139.00157259,42994,kraken
1747958400,111711.1,111785.3,106824.0,107333.5,109476.8,2574.58399048,45888,kraken
1748044800,107333.5,109503.4,106905.8,107824.2,108423.4,519.31653454,23116,kraken
1748131200,107824.2,109300.5,106672.9,109040.4,107633.8,625.52457767,23777,kraken
1748217600,109040.4,110352.0,108780.0,109468.6,109659.2,988.86666387,23186,kraken
1748304000,109468.6,110742.6,107600.0,109004.9,109537.7,1023.08446766,27976,kraken
1748390400,109004.9,109250.0,106805.1,107811.7,108040.1,958.88789718,25679,kraken
1748476800,107811.7,108888.0,105348.4,105632.4,106980.5,1219.04523124,32855,kraken
1748563200,105632.5,106333.8,103641.3,104019.7,104874.8,1368.35162927,36409,kraken
1748649600,104019.7,104933.2,103169.0,104662.0,103990.2,513.90701088,22339,kraken
1748736000,104662.0,105879.7,103850.0,105712.4,104830.8,576.91217477,18375,kraken
1748822400,105712.4,105927.2,103737.7,105920.3,104824.0,948.96006617,25005,kraken
1748908800,105920.4,106820.0,104984.1,105446.0,105984.3,774.51639796,23379,kraken
1748995200,105446.0,106000.0,104279.0,104745.4,105153.7,613.1507945,20721,kraken
1749081600,104745.4,105948.1,100400.0,101579.7,102868.5,1744.4000448,39399,kraken
1749168000,101579.7,105360.1,101211.5,104376.0,103738.0,877.21259649,30933,kraken
1749254400,104376.0,105929.0,104000.1,105654.5,105280.0,492.00974469,17352,kraken
1749340800,105654.6,106477.0,105082.3,105754.2,105777.2,568.50781065,16520,kraken
1749427200,105754.2,110550.0,105392.3,110280.0,108078.0,1264.78416755,34364,kraken
1749513600,110280.0,110373.0,108342.2,110273.6,109426.8,1180.06772837,34244,kraken
1749600000,110273.6,110411.0,108139.5,108702.0,109416.0,810.07191598,31080,kraken
1749686400,108701.9,108790.2,105760.0,105760.1,107426.4,1512.14504927,31559,kraken
1749772800,105760.1,106137.5,102812.3,106122.3,104573.3,2109.12032495,45219,kraken
1749859200,106122.3,106172.3,104400.0,105479.4,105008.5,392.68291073,15535,kraken
1749945600,105479.4,106090.0,104529.0,105581.4,105309.0,334.89355425,16175,kraken
1750032000,105581.5,108924.6,105019.3,106800.1,107271.0,1209.9618599,28439,kraken
1750118400,106800.1,107725.1,103400.0,104622.4,105370.0,1348.24204708,34408,kraken
1750204800,104622.5,105529.9,103567.6,104892.0,104611.5,808.40984268,29962,kraken
1750291200,104891.9,105226.5,103931.6,104675.2,104705.2,1124.90399547,19859,kraken
1750377600,104675.2,106470.0,102388.9,103292.0,104326.5,1051.84794845,31462,kraken
1750464000,103300.0,103995.5,100933.5,102144.0,102402.8,938.91408133,24154,kraken
1750550400,102153.0,103380.5,98277.2,100987.9,100656.6,2331.29507485,49313,kraken
1750636800,100987.9,106022.4,99700.0,105382.0,103024.9,2634.94718822,44740,kraken
1750723200,105382.1,106309.1,104777.0,106100.0,105474.1,1570.51099254,34329,kraken
1750809600,106100.0,108165.5,105888.2,107360.0,107124.2,1754.36948813,29218,kraken
1750896000,107360.0,108289.0,106677.4,106945.0,107443.2,853.71800679,25837,kraken
1750982400,106945.1,107712.1,106477.2,107115.4,107005.2,641.63539679,23816,kraken
1751068800,107115.4,107544.2,106918.4,107325.1,107301.1,426.13417634,14416,kraken
1751155200,107325.1,108460.7,107228.2,108387.2,107922.4,500.30910662,18794,kraken
1751241600,108387.3,108792.0,106800.0,107120.3,107733.0,1284.90327778,28289,kraken
1751328000,107120.3,107540.2,105312.0,105700.1,106400.4,1563.00869422,32566,kraken
1751414400,105700.1,109794.7,105116.4,108846.9,107968.2,1536.06930747,37180,kraken
1751500800,108846.9,110547.2,108600.0,109631.0,109718.1,1217.20713722,33634,kraken
1751587200,109631.0,109746.6,107299.9,108018.9,108314.8,767.00000078,30504,kraken
1751673600,108018.9,108379.0,107829.7,108249.5,108142.3,162.62986088,15788,kraken
1751760000,108249.5,109650.0,107825.2,109223.2,108785.3,429.83917537,18738,kraken
1751846400,109223.2,109700.0,107520.3,108282.1,108319.1,700.49319689,25284,kraken
1751932800,108282.1,109199.3,107500.0,108931.9,108631.7,644.78003062,26005,kraken
1752019200,108932.0,112000.0,108375.3,111323.7,110333.0,1496.22692802,35426,kraken
1752105600,111323.7,116800.0,110600.0,115990.2,113437.3,2132.2188503,49731,kraken
1752192000,115990.2,118818.4,115212.5,117532.6,117446.7,1812.50787842,54355,kraken
1752278400,117532.6,118235.6,116977.1,117461.0,117614.5,511.21582262,22884,kraken
1752364800,117461.0,119499.0,117277.3,119102.1,118637.2,881.15155301,27528,kraken
1752451200,119102.2,123140.0,118961.2,119855.0,120989.0,2308.79159766,58297,kraken
1752537600,119855.0,119900.0,115712.2,117741.0,117320.5,2166.686747,54750,kraken
1752624000,117741.0,120049.5,117094.0,118712.6,118875.8,1159.57587636,41246,kraken
1752710400,118712.6,120999.6,117527.0,119321.0,119033.4,1135.01654311,41635,kraken
1752796800,119321.0,120833.7,116929.6,118011.9,118861.1,1203.98745899,47701,kraken
1752883200,118011.9,118550.0,117382.5,117909.1,118096.4,310.77654865,22654,kraken
1752969600,117909.1,118867.0,116600.0,117319.1,117945.1,583.194393,28139,kraken
1753056000,117319.0,119630.4,116623.7,117461.0,118113.7,1065.22315704,38151,kraken
1753142400,117461.0,120237.5,116260.0,119977.5,118635.4,1256.61089025,36977,kraken
1753228800,119977.5,120100.0,117411.0,118735.3,118213.6,1088.89687083,35883,kraken
1753315200,118735.3,119489.8,117316.0,118386.9,118494.4,946.99617232,30740,kraken
1753401600,118387.5,118452.0,114733.1,117628.1,116140.8,1610.09496959,55911,kraken
1753488000,117628.1,118276.6,117197.6,117937.5,117834.7,458.69314606,19558,kraken
1753574400,117937.6,119793.4,117863.8,119455.0,118792.1,543.22792339,21777,kraken
1753660800,119455.1,119779.9,117425.9,117979.7,118296.0,842.48589207,30618,kraken
1753747200,117979.7,119200.0,117000.0,117923.0,117870.7,892.9516111,30776,kraken
1753833600,117916.9,118749.4,115800.0,117820.7,117316.9,1013.24696846,34622,kraken
1753920000,117820.7,118918.9,115500.0,115762.3,117647.8,1086.55871649,36555,kraken
1754006400,115762.4,116000.0,112688.1,113290.2,114697.5,1962.106786,67648,kraken
1754092800,113290.1,114008.2,112000.0,112525.2,113013.8,897.37152839,32176,kraken
1754179200,112525.2,114742.9,111897.1,114224.1,113897.2,584.59505722,23993,kraken
1754265600,114224.1,115700.0,114137.1,115092.1,114925.4,916.35580203,30583,kraken
1754352000,115092.1,115092.1,112629.7,114115.0,113831.9,839.84002204,30838,kraken
1754438400,114115.0,115713.6,113400.0,115010.0,114641.0,745.22602982,23867,kraken
1754524800,115010.0,117643.3,114280.0,117498.1,116434.4,968.96659582,31279,kraken
1754611200,117498.1,117663.0,115946.0,116676.0,116748.7,639.05095743,34626,kraken
1754697600,116676.0,117869.4,116282.1,116467.4,116800.8,698.46357348,24014,kraken
1754784000,116467.4,119288.4,116467.3,119288.4,118307.1,1143.03812644,26695,kraken
1754870400,119288.4,122273.5,118100.0,118724.5,120435.5,2083.44714105,48486,kraken
1754956800,118724.5,120303.2,118255.0,120172.0,119308.3,1114.87548358,32273,kraken
1755043200,120172.1,123724.7,118918.3,123354.3,121581.6,2664.42357041,48756,kraken
1755129600,123354.3,124420.0,117250.0,118383.1,119792.3,3457.59102418,57912,kraken
1755216000,118383.1,119312.7,116560.9,117426.7,118123.6,1280.98937196,35538,kraken
1755302400,117426.7,117947.4,117284.0,117487.5,117675.2,325.52589508,21263,kraken
1755388800,117487.5,118550.2,117295.3,117441.3,118040.9,441.38200244,24736,kraken
1755475200,117441.3,117593.3,114715.9,116260.0,115802.7,1270.68039197,45017,kraken
1755561600,116259.9,116766.0,112750.0,112830.3,114341.3,1574.02335208,41393,kraken
1755648000,112830.4,114612.1,112400.0,114262.7,113496.5,1251.42753344,33417,kraken
1755734400,114273.8,114738.6,112036.0,112462.5,113000.6,767.13809096,29275,kraken
1755820800,112475.0,117354.0,111676.0,116817.9,115185.2,1700.58599553,45164,kraken
1755907200,116817.9,116975.0,114551.1,115344.1,115328.9,684.74320783,22197,kraken
1755993600,115344.1,115530.9,110692.2,113456.1,113331.4,1245.12925903,35433,kraken
1756080000,113456.1,113619.8,109304.8,110144.9,111154.3,2518.48438133,51073,kraken
1756166400,110145.0,112395.6,108734.6,111829.3,110258.9,1340.09425419,41684,kraken
1756252800,111829.3,112603.4,110434.3,111268.6,111592.6,1107.07602036,32837,kraken
1756339200,111268.6,113457.9,110902.6,112563.7,112533.4,1322.35665031,28145,kraken
1756425600,112563.7,112570.0,107505.0,108400.1,109606.1,1709.81321643,53833,kraken
1756512000,108400.1,108926.8,107352.6,108750.0,108466.4,819.57478239,24357,kraken
1756598400,108750.0,109490.8,108113.5,108250.0,108787.4,668.71621126,23625,kraken
1756684800,108250.1,109813.2,107255.0,109263.5,108601.9,1327.31244841,36902,kraken
1756771200,109258.5,111737.8,108457.0,111196.9,110541.0,1796.73871506,34847,kraken
1756857600,111196.9,112537.6,110600.0,111771.1,111696.0,1459.83901213,30457,kraken
1756944000,111771.1,112193.7,109369.8,110744.3,110469.3,1058.26938089,29104,kraken
1757030400,110744.4,113372.1,110231.4,110647.8,111620.8,1534.28592621,44528,kraken
1757116800,110647.8,111243.0,110036.7,110254.9,110604.9,278.567386,19873,kraken
1757203200,110254.9,111526.8,110239.0,111152.8,111070.2,343.94637098,20132,kraken
1757289600,111152.8,112864.4,110667.7,112050.1,111783.1,896.74722811,31097,kraken
1757376000,112050.1,113200.0,110815.3,111541.0,111732.3,1503.08477297,37596,kraken
1757462400,111541.0,114300.0,110934.0,113952.8,113302.3,2308.60066981,39925,kraken
1757548800,113952.8,115500.0,113400.0,115500.0,114278.4,1616.99923963,37146,kraken
1757635200,115500.0,116743.3,114813.3,116111.7,115650.9,1729.63497907,44075,kraken
1757721600,116111.7,116350.8,115251.1,115949.1,115819.1,764.35719246,26555,kraken
1757808000,115949.1,116149.9,115238.9,115390.6,115666.2,527.96758749,24762,kraken
1757894400,115390.6,116700.0,114158.2,115374.9,115153.8,1347.05158134,35356,kraken
1757980800,115375.0,116961.3,114800.0,116764.2,115974.0,1041.15556181,43550,kraken
1758067200,116764.2,117291.9,114799.9,116469.0,116070.4,1663.59699611,41558,kraken
1758153600,116469.1,117920.0,116201.1,117135.7,117372.7,1527.81928211,41956,kraken
1758240000,117135.8,117441.2,115180.4,115677.2,116254.9,731.0220763,32159,kraken
1758326400,115677.2,116176.8,115511.0,115739.1,115883.8,198.73713023,24027,kraken
1758412800,115739.1,115874.6,115259.4,115298.9,115540.0,339.56591394,19622,kraken
1758499200,115299.0,115410.0,111730.3,112747.8,113255.2,1845.8941639,43901,kraken
1758585600,112747.8,113318.9,111557.0,112001.5,112364.4,1221.74758455,31305,kraken
1758672000,112001.5,113954.3,111111.0,113300.0,112955.7,1184.7203654,27600,kraken
1758758400,113300.0,113500.0,108680.5,109049.8,110642.4,2101.93860055,44926,kraken
1758844800,109049.8,110354.8,108677.5,109706.3,109356.3,1454.36483037,37281,kraken
1758931200,109706.4,109760.5,109177.6,109720.5,109478.1,210.26162005,17630,kraken
1759017600,109720.5,112367.8,109225.4,112127.8,110404.9,610.65036389,23820,kraken
1759104000,112127.8,114413.4,111628.0,114365.2,113049.8,994.12194934,32044,kraken
1759190400,114365.3,114798.0,112764.3,113995.0,113666.7,1135.44627222,29719,kraken
1759276800,113995.0,118708.6,113971.1,118599.9,116727.4,1533.21740736,42089,kraken
1759363200,118600.0,121008.9,118344.4,120649.9,119606.3,1979.7734196,43463,kraken
1759449600,120650.0,123930.9,119350.0,122259.5,121740.7,2007.82821478,48734,kraken
1759536000,122259.5,122843.7,121620.0,122426.4,122223.9,641.28281174,25563,kraken
1759622400,122426.4,125670.0,122250.0,123542.1,123932.3,1545.18801848,41840,kraken
1759708800,123542.1,126198.1,123144.1,124766.5,124924.9,2341.31910603,50258,kraken
1759795200,124765.9,125207.2,120694.6,121419.8,123098.9,2070.45487331,59378,kraken
1759881600,121419.8,124150.0,121104.2,123329.7,122652.9,1020.41603294,41382,kraken
1759968000,123329.8,123750.9,119750.0,121699.0,121552.0,1924.89637846,51169,kraken
1760054400,121699.0,122498.0,100000.0,113000.1,114483.1,5796.16318469,147239,kraken
1760140800,113000.0,113423.0,109760.0,110775.1,111649.9,2186.21310184,70277,kraken
1760227200,110775.2,115780.0,109694.9,115125.3,113272.2,1868.03446925,57078,kraken
1760313600,115125.3,115977.7,113705.8,115165.5,115082.0,1579.52366955,48835,kraken
1760400000,115176.9,115457.2,110000.0,113106.2,112339.2,2781.92775819,59318,kraken
1760486400,113106.3,113600.0,110252.0,110781.9,111471.5,1561.98170243,49217,kraken
1760572800,110781.9,111950.0,107483.0,108182.3,109608.0,2981.42761229,64701,kraken
1760659200,108182.3,109245.0,103583.2,106451.0,106159.9,3500.65355169,84562,kraken
1760745600,106451.0,107492.6,106365.2,107199.0,107016.4,667.21371697,28629,kraken
1760832000,107199.0,109444.0,106125.2,108669.8,108056.3,1094.24797232,62853,kraken
1760918400,108669.8,111700.1,107466.8,110574.4,110692.6,2444.93609142,49897,kraken
1761004800,110574.4,114000.0,107500.0,108406.1,110557.5,2574.39483883,91402,kraken
1761091200,108406.1,109156.4,106717.0,107644.1,107982.5,2289.04304972,54932,kraken
1761177600,107644.1,111296.0,107556.3,110080.0,109718.6,1567.70405963,39410,kraken
1761264000,110080.0,112400.0,109757.8,111000.0,110932.1,1671.40522006,41259,kraken
1761350400,111000.0,111925.9,110700.0,111645.2,111480.7,592.60922744,25538,kraken
1761436800,111645.2,115400.0,111274.3,114509.9,113059.8,1123.19813736,31927,kraken
1761523200,114510.0,116309.8,113801.4,114153.0,115173.4,1240.02265074,34746,kraken
1761609600,114153.1,116023.4,112278.2,112918.0,114195.2,1429.37148677,37581,kraken
1761696000,112918.0,113601.0,109251.0,110104.2,111575.9,2290.14839646,45532,kraken
1761782400,110104.2,111561.5,106280.5,108302.7,108552.9,2746.36016547,63032,kraken
1761868800,108302.7,111000.0,108302.6,109552.7,109665.5,1397.85674081,44064,kraken
1761955200,109552.7,110421.0,109370.0,110018.0,109949.8,493.03956937,16773,kraken
1762041600,110018.0,111058.9,109428.7,110589.6,110469.2,1606.34489563,27557,kraken
1762128000,110589.6,110699.6,105200.2,106538.3,107272.0,3041.49432533,63833,kraken
1762214400,106538.3,107258.7,98900.0,101537.3,102229.3,4042.67872336,107509,kraken
1762300800,101537.2,104499.9,98943.9,103900.0,102548.9,2345.09075062,57097,kraken
1762387200,103900.0,104115.9,100266.0,101290.1,102122.6,1620.67070443,51975,kraken
1762473600,101290.1,103995.0,99222.0,103279.9,101365.1,4524.16031077,84042,kraken
1762560000,103279.9,103320.0,101489.9,102282.1,102309.8,689.5326863,28780,kraken
1762646400,102282.1,105431.9,101430.0,104729.8,103550.6,1150.90927058,34551,kraken
1762732800,104729.9,106593.5,104300.0,105973.3,105740.0,1420.28427243,43168,kraken
1762819200,105973.3,107400.0,102469.8,103011.5,104540.9,1263.88999948,39519,kraken
1762905600,103011.5,105274.0,100796.0,101666.6,103137.3,1526.21906105,42892,kraken
1762992000,101666.7,103999.0,98000.0,99680.1,100253.1,2416.1486576,71617,kraken
1763078400,99680.1,99806.9,94000.0,94517.3,96309.5,3754.7643923,93685,kraken
1763164800,94500.1,96700.0,94478.5,95537.9,95925.8,1370.48193522,34520,kraken
1763251200,95538.0,96498.8,92890.6,94190.1,94629.4,1369.02836588,45704,kraken
1763337600,94190.1,95888.0,91150.0,92101.3,93194.0,3115.7091102,61320,kraken
1763424000,92101.3,93747.3,89251.9,92966.1,91528.0,2990.39820727,64917,kraken
1763510400,92966.1,92966.1,88547.0,91427.7,90136.3,3784.02281506,61358,kraken
1763596800,91427.7,93003.7,86000.0,86503.0,88316.1,5152.09873658,70290,kraken
1763683200,86503.0,87331.7,80595.2,85069.4,83963.1,6608.84974064,97219,kraken
1763769600,85069.4,85555.0,83432.8,84679.9,84226.7,1599.92840458,34886,kraken
1763856000,84679.9,88061.8,84679.8,86777.4,86700.9,2076.34614304,40458,kraken
1763942400,86777.5,89200.0,85250.0,88275.0,87304.2,2265.94813353,50798,kraken
1764028800,88275.0,88432.1,86100.0,87326.3,87335.5,1646.42577746,46324,kraken
1764115200,87326.4,90600.0,86299.5,90535.7,88648.6,2015.49856533,53655,kraken
1764201600,90535.7,91878.9,90088.8,91281.4,91267.3,1551.69050701,42954,kraken
1764288000,91281.4,93050.0,90250.0,90912.7,91602.8,1616.69780823,46210,kraken
1764374400,90912.7,91179.5,90247.4,90833.6,90734.8,377.98142984,24355,kraken
1764460800,90833.6,91928.1,90351.0,90373.9,91164.7,546.48402173,26223,kraken
1764547200,90373.9,90378.7,83870.8,86300.0,86140.2,3761.14154886,73049,kraken
1764633600,86300.0,92308.4,86203.8,91313.5,89681.4,2388.52099006,55570,kraken
1764720000,91313.5,94051.6,91033.4,93457.9,92940.5,2163.37929928,63646,kraken
1764806400,93458.0,94000.0,90924.8,92142.6,92572.8,1479.64182353,48176,kraken
1764892800,92142.6,92679.3,88095.2,89332.4,90352.1,1629.54516777,45614,kraken
1764979200,89332.4,90274.4,88999.9,89240.1,89573.0,536.1612964,24750,kraken
1765065600,89240.1,91713.7,87777.0,90435.1,89873.7,894.06391491,33275,kraken
1765152000,90435.1,92269.6,89615.8,90650.1,90832.3,1726.41292912,42989,kraken
1765238400,90650.1,94583.7,89545.1,92702.2,92059.9,2110.94087663,49865,kraken
1765324800,92702.2,94489.0,91599.0,92019.8,92619.3,2098.01694668,52909,kraken
1765411200,92019.8,93561.8,89281.4,92541.0,90903.2,2303.45862775,64612,kraken
1765497600,92541.0,92751.0,89500.0,90277.2,91134.8,1638.12524986,55481,kraken
1765584000,90277.2,90629.9,89797.1,90254.1,90230.2,397.33060557,25335,kraken
1765670400,90254.2,90467.7,87582.5,88163.0,89180.7,1251.18023926,42891,kraken
1765756800,88163.0,90038.8,85151.5,86434.3,87600.2,2526.0594853,79915,kraken
1765843200,86434.3,88121.3,85263.6,87840.7,86986.2,2424.7891104,64059,kraken
1765929600,87840.7,90318.3,85282.2,86207.8,87466.5,3098.54777664,74074,kraken
1766016000,86205.5,89437.1,84421.4,85462.5,86886.2,3072.2876982,83736,kraken
1766102400,85461.0,89335.0,85077.0,88105.2,87556.0,2580.22787773,72330,kraken
1766188800,88105.2,88513.3,87800.0,88338.1,88174.0,589.89326073,27207,kraken
1766275200,88338.1,89013.9,87601.8,88622.2,88231.3,783.03583975,34510,kraken
1766361600,88623.7,90552.6,87863.6,88544.2,89347.9,2230.94698942,71053,kraken
1766448000,88550.5,88888.8,86553.3,87416.4,87648.4,1607.29163674,54950,kraken
1766534400,87416.4,87973.3,86271.4,87613.7,87237.8,1468.66888146,42582,kraken
1766620800,87613.7,88547.9,86944.9,87198.0,87850.4,574.28492676,28085,kraken
1766707200,87183.0,89484.6,86611.7,87303.6,87962.7,1634.02144466,52356,kraken
1766793600,87303.6,87913.3,87177.5,87802.6,87439.2,416.75063851,25005,kraken
1766880000,87814.4,87998.9,87364.3,87853.3,87730.1,659.23011207,24776,kraken
1766966400,87865.9,90298.9,86700.0,87135.1,88408.0,2800.12927258,66805,kraken
1767052800,87135.1,89298.0,86736.5,88401.9,88088.7,1179.54982826,50854,kraken
1767139200,88400.1,89067.4,87101.5,87500.1,87956.7,1496.3046063,51205,kraken
1767225600,87500.2,88779.3,87400.0,88731.8,87859.4,1157.56340883,30709,kraken
1767312000,88730.0,90900.0,88273.3,89934.0,89680.5,1901.8826812,69404,kraken
1767398400,89934.0,90677.5,89300.0,90590.1,90019.9,1113.01038596,36169,kraken
1767484800,90590.1,91768.3,90590.0,91507.0,91253.4,843.08377896,36243,kraken
1767571200,91507.0,94783.9,91489.5,93866.9,93229.4,2070.65294098,70820,kraken
1767657600,93866.9,94401.8,91230.8,93711.8,93009.8,1922.19143894,64655,kraken
1767744000,93711.8,93712.5,90591.9,91273.3,91606.5,1459.64933288,54362,kraken
1767830400,91273.3,91584.7,89225.0,91029.1,90418.9,1420.71893835,56236,kraken
1767916800,91029.1,91955.9,89603.4,90513.2,90814.5,1421.7801819,55767,kraken
1768003200,90513.3,90699.7,90285.2,90375.2,90469.4,321.48562471,22420,kraken
1768089600,90375.2,91132.3,90100.0,90849.8,90682.0,530.87904628,28579,kraken
1768176000,90861.1,92364.1,89995.2,91190.9,91276.6,2284.21126004,60464,kraken
1768262400,91191.0,96476.1,90938.2,95358.1,93534.7,2717.43674662,72166,kraken
1768348800,95358.2,97899.7,94509.0,96933.3,96345.5,3358.96494088,75046,kraken
1768435200,96933.4,97151.1,95101.0,95559.4,96071.0,1870.71045174,60044,kraken
1768521600,95559.5,95800.0,94260.4,95510.9,95263.8,1432.87811291,50358,kraken
1768608000,95510.3,95600.0,95002.6,95089.9,95286.9,334.73351982,24047,kraken
1768694400,95089.9,95480.8,93554.6,93632.6,94737.9,792.58979663,27682,kraken
1768780800,93626.8,93626.8,91866.0,92546.5,92652.9,1735.79435983,49740,kraken
1768867200,92546.5,92805.9,87784.4,88309.9,90050.9,2628.22252262,79549,kraken
1768953600,88309.9,91111.7,87200.0,89372.9,89068.7,3765.13002971,90105,kraken
1769040000,89372.9,90261.7,88422.6,89454.2,89363.3,1500.85044825,57433,kraken
1769126400,89454.2,91099.5,88470.9,89495.0,89582.9,1485.49059313,59936,kraken
1769212800,89495.0,89786.3,89038.1,89079.6,89375.3,303.01299688,22602,kraken
1769299200,89079.6,89177.0,86007.0,86572.3,87452.5,2608.90318078,58709,kraken
1769385600,86572.3,88747.4,86430.5,88247.4,87780.0,2077.30597333,56017,kraken
1769472000,88247.4,89436.2,87206.2,89124.1,88396.3,1473.555003,49580,kraken
1769558400,89124.1,90438.3,88719.2,89159.6,89447.0,1530.59557618,55108,kraken
1769644800,89159.7,89202.7,83220.3,84515.1,85752.0,3560.06626516,97061,kraken
1769731200,84515.1,84596.4,81000.1,84124.7,82763.3,3530.88387558,103763,kraken
1769817600,84124.7,84124.7,75600.0,78648.4,79526.6,5384.83063733,110483,kraken
1769904000,78648.4,79315.2,75665.8,76882.2,77519.5,3709.28873436,69081,kraken
1769990400,76892.4,79250.0,74543.0,78669.2,77291.8,3577.16204272,100333,kraken
1770076800,78669.2,79120.2,72865.2,75662.0,76250.7,6511.58528902,110875,kraken
1770163200,75662.0,76866.2,71722.0,73013.6,74073.1,5077.1789466,99607,kraken
1770249600,73008.9,73156.8,62308.2,62858.1,67091.9,12178.16328649,221728,kraken
1770336000,62858.0,71695.7,60500.0,70527.4,66733.4,7947.79594576,163709,kraken
1770422400,70527.4,71631.2,67343.8,69268.8,69017.4,3089.77802979,70942,kraken
1770508800,69249.9,72256.1,68855.4,70305.0,70651.4,1952.32923557,50700,kraken
1770595200,70300.5,71369.9,68242.5,70087.2,69861.0,3069.03393327,62647,kraken
1770681600,70103.9,70468.6,67875.1,68785.5,69035.2,2629.71508706,61978,kraken
1770768000,68796.3,69228.6,65727.7,67052.3,67223.7,3232.30919447,67163,kraken
1770854400,67039.6,68353.3,65072.2,66203.8,66747.8,3093.30565991,54321,kraken
1770940800,66208.5,69437.4,65825.8,68837.0,68088.1,2236.61754178,59501,kraken
1771027200,68820.1,70540.0,68709.7,69758.4,69648.6,2083.68571457,41266,kraken
1771113600,69777.8,70935.2,68049.8,68780.0,69307.0,1337.85598017,39436,kraken
1771200000,68780.0,70073.2,67271.1,68860.0,68313.0,1823.8505683,40680,kraken
1771286400,68860.0,69191.0,66592.4,67475.4,67704.4,2425.06462747,46109,kraken
1771372800,67475.4,68418.9,65838.5,66425.7,66980.9,2104.3613064,44962,kraken
1771459200,66425.7,67296.2,65620.1,66955.3,66613.5,1822.739641,50126,kraken
1771545600,66955.3,68266.3,66450.0,67998.2,67506.6,2693.11013022,59678,kraken
1771632000,67998.2,68678.8,67538.0,67966.6,68304.9,1234.38506544,30035,kraken
1771718400,67966.7,68214.5,67180.0,67612.1,67702.4,1136.42486701,28800,kraken
1771804800,67612.1,67653.3,63888.0,64624.1,65178.2,3467.93376553,76148,kraken
1771891200,64624.1,64971.0,62500.0,64061.9,63651.6,2664.92969011,68076,kraken
1771977600,64062.0,70000.0,63921.3,67978.6,67275.6,3343.99123188,77458,kraken
1772064000,67978.6,68855.4,66513.0,67461.5,67548.7,2028.81096764,63692,kraken
1772150400,67484.2,68202.3,64925.0,65869.7,66240.5,2390.83995539,67031,kraken
1772236800,65869.7,67725.2,63030.0,66985.6,65336.8,3124.02919913,80255,kraken
1772323200,66985.7,68181.2,65056.4,65748.8,66464.9,2173.00247697,73551,kraken
1772409600,65764.3,70100.0,65269.2,68808.4,67874.0,3242.04604694,93337,kraken
1772496000,68810.8,69236.5,66164.3,68336.7,67747.8,2941.9613343,86976,kraken
1772582400,68336.7,74062.1,67419.7,72684.8,71703.0,4884.24293756,114022,kraken
1772668800,72684.8,73585.9,70612.7,70877.4,71864.8,3526.53835545,85359,kraken
1772755200,70877.4,71386.4,67748.0,68128.0,69338.3,3227.19805329,80339,kraken
1772841600,68111.4,68541.5,66962.1,67270.1,67669.2,1278.00093723,40531,kraken
1772928000,67270.1,68177.4,65646.2,65978.7,66925.4,2434.33204494,54995,kraken
1773014400,65978.7,69513.0,65839.6,68446.9,68293.7,2268.82364236,75288,kraken
1773100800,68447.0,71781.1,68399.9,69955.4,70355.2,3264.28910205,77848,kraken
1773187200,69955.4,71345.2,68971.6,70200.4,70291.3,2574.28260227,65186,kraken
1773273600,70200.4,70787.1,69228.2,70520.8,70128.4,1860.65379355,54497,kraken
1773360000,70526.3,73928.5,70200.0,70953.0,71936.5,3864.97387263,77741,kraken
1773446400,70953.1,71300.0,70293.9,71210.6,70820.4,574.11245902,32538,kraken
1773532800,71210.6,73200.0,70885.7,72835.7,71876.4,1109.99825898,40852,kraken
1773619200,72826.7,74901.3,72304.0,74887.7,73793.5,3388.45307847,76038,kraken
1773705600,74887.7,75998.1,73455.9,73929.9,74449.4,2902.67372253,66356,kraken
1773792000,73930.0,74682.3,70500.0,71270.9,72203.8,2889.81549304,67068,kraken
1773878400,71270.9,71623.9,68782.0,69911.9,70001.5,2809.93145539,64423,kraken
1773964800,69916.6,71340.6,69400.0,70515.6,70230.6,1865.14043112,56755,kraken
1774051200,70515.6,71071.7,68538.3,68907.7,70236.1,938.65954744,29737,kraken
1774137600,68907.7,69569.5,67343.1,67857.1,68383.9,1438.32852543,48641,kraken
1774224000,67857.1,71816.6,67443.2,70887.2,70204.8,2852.64979631,72531,kraken
1774310400,70887.2,71369.0,68902.0,70515.6,70027.5,2158.45608189,58863,kraken
1774396800,70515.6,71985.0,70374.0,71309.6,71203.0,1615.72178768,54706,kraken
1774483200,71302.2,71406.2,68115.8,68780.4,69497.0,2565.93690916,60886,kraken
1774569600,68780.4,69112.0,65519.7,66358.3,66736.4,2925.58018132,62960,kraken
1774656000,66360.4,67237.8,65889.0,66321.7,66520.5,1188.30845698,37762,kraken
1774742400,66321.8,67066.2,64960.0,65950.3,66128.6,1510.05083824,40486,kraken
1774828800,65950.4,68105.1,65733.2,66725.0,67018.7,2721.49624973,54089,kraken
1774915200,66725.0,68500.0,65939.0,68219.7,67282.7,2941.58055909,60710,kraken
1775001600,68219.7,69250.0,67546.2,68098.5,68413.4,1845.16490076,59549,kraken
1775088000,68098.5,68632.7,65688.2,66880.8,66835.8,2041.73883296,59549,kraken
1775174400,66885.7,67369.0,66288.0,66933.0,66801.9,1402.96443343,39020,kraken
1775260800,66932.9,67534.0,66790.0,67283.8,67133.0,850.49526169,25428,kraken
1775347200,67283.8,69098.9,66618.0,68983.7,67475.8,1129.36541848,33690,kraken
1775433600,68983.8,70463.7,68350.0,68861.4,69535.9,2039.17432787,52179,kraken
1775520000,68861.3,72728.0,67734.9,71925.0,69783.3,2176.37959276,64261,kraken
1775606400,71925.0,72850.0,70703.0,71109.0,71615.3,1764.62548909,61588,kraken
1775692800,71090.2,73130.5,70465.1,71803.5,71782.6,1623.23385044,58002,kraken
1775779200,71803.5,73455.0,71429.8,72973.8,72493.0,1873.50973218,53503,kraken
1775865600,72973.8,73800.0,72578.8,73060.6,73044.3,1073.00848553,38809,kraken
1775952000,73060.6,73150.0,70517.7,70754.1,71424.1,1417.83489267,45748,kraken
1776038400,70754.1,74966.2,70595.6,74441.7,72524.6,2194.42895802,67604,kraken
1776124800,74441.2,76088.3,73858.9,74171.4,74903.4,3104.76504059,72128,kraken
1776211200,74171.4,75438.8,73558.1,74810.1,74370.6,1995.39439006,62720,kraken
1776297600,74810.1,75500.0,73310.6,75162.9,74532.9,2462.98214823,62954,kraken
1776384000,75162.9,78343.6,74569.8,77117.4,76914.3,2994.99390869,73639,kraken
1776470400,77117.4,77432.1,75500.0,75728.8,76330.1,873.62953918,43830,kraken
1776556800,75728.8,76274.6,73809.7,73827.6,75007.0,1154.32176776,43366,kraken
1776643200,73827.6,76588.0,73637.3,75848.3,75402.5,1806.24256924,55950,kraken
1776729600,75848.3,77169.6,74850.0,76351.9,75964.6,2016.42495624,55151,kraken
1776816000,76350.3,79490.7,76151.3,78204.0,78379.4,2385.07653286,65343,kraken
1776902400,78204.0,78690.1,76984.3,78283.6,77894.5,1348.27125024,50456,kraken
1776988800,78283.1,78580.7,77282.6,77455.0,77861.8,1515.52816204,46929,kraken
1777075200,77455.0,77876.3,77145.3,77648.5,77543.3,464.66865149,25041,kraken
1777161600,77648.5,78964.8,77356.2,78653.8,78132.7,726.37495163,32971,kraken
1777248000,78653.8,79481.2,76480.4,77374.7,77684.1,2180.49916282,54128,kraken
1777334400,77374.7,77799.0,75652.1,76331.9,76445.0,1632.88839135,46268,kraken
1777420800,76331.9,77888.0,74940.0,75750.3,76297.5,1865.5271538,54718,kraken
1777507200,75752.7,76634.1,75290.9,76313.0,76128.5,1029.73817744,43259,kraken
1777593600,76312.9,78900.0,76284.2,78235.3,77942.6,1781.33231631,51739,kraken
1777680000,78235.3,79140.0,78045.0,78660.0,78530.7,772.4480455,27360,kraken
1777766400,78660.0,79400.0,78078.7,78547.4,78655.0,925.84557408,31631,kraken
1777852800,78547.4,80770.7,78209.2,79843.7,79745.5,2899.88446138,68669,kraken
1777939200,79843.8,81765.8,79808.0,80900.8,81156.2,2055.14321446,48300,kraken
1778025600,80900.1,82790.9,80728.1,81438.0,81797.4,2205.62908287,60685,kraken
1778112000,81438.0,81705.0,79368.7,80011.5,80413.1,1605.26480467,56504,kraken
1778198400,80011.5,80465.8,79168.1,80196.9,80015.5,1280.4083388,51767,kraken
1778284800,80196.9,81050.0,80124.0,80670.1,80477.9,762.80638847,31978,kraken
1778371200,80670.1,82436.6,80301.0,82171.8,81193.6,1744.15466638,44481,kraken
1778457600,82171.9,82345.1,80421.5,81730.5,81377.6,1924.14735607,51346,kraken
1778544000,81730.6,81760.4,79844.4,80492.3,80759.5,1357.67660984,46047,kraken
1778630400,80492.4,81277.0,78720.9,79292.1,79813.9,1610.02722336,51777,kraken
1778716800,79292.1,82017.4,78901.6,81070.1,80718.0,2233.97174442,55511,kraken
1778803200,81070.1,81646.5,78620.0,79062.5,79831.2,1689.20725007,55828,kraken
1778889600,79062.6,79175.0,77624.4,78122.8,78342.8,1218.88774813,38255,kraken
1778976000,78122.9,78579.1,76642.3,77410.0,77858.0,1099.43633193,38628,kraken
1779062400,77410.1,77745.5,76020.8,76946.5,76838.1,2170.56474743,63231,kraken
1779148800,76946.4,77336.2,76093.6,76756.3,76730.4,2344.29356303,48201,kraken
1779235200,76756.3,77750.0,76459.6,77479.4,77251.7,1295.09079589,48705,kraken
1779321600,77477.5,78100.0,76652.5,77549.7,77510.1,1290.67700341,46971,kraken
1779408000,77549.8,77809.9,75288.0,75456.5,76550.5,1503.44384552,51748,kraken
1779494400,75456.6,77308.2,74209.4,76670.1,75717.7,1857.31788983,49625,kraken
1779580800,76670.1,77421.2,76020.5,76984.9,76687.2,1090.2285074,36184,kraken
1779667200,76980.7,77809.9,76833.8,77265.9,77404.1,876.4068902,35623,kraken
1779753600,77265.9,77989.3,75555.3,75824.0,76504.3,2237.16429574,52848,kraken
1779840000,75827.7,76041.7,74121.0,74337.1,75153.2,1593.44279877,48223,kraken
1779926400,74337.0,74467.1,72470.0,73515.7,73230.3,2818.74516591,68369,kraken
1780012800,73516.5,74200.0,72362.8,73370.7,73440.5,1633.66134845,61116,kraken
1780099200,73370.7,74004.4,73131.0,73753.7,73650.5,606.09662277,33120,kraken
1780185600,73778.8,74161.0,73272.9,73570.0,73693.3,438.52447399,31674,kraken
1780272000,73569.9,73960.0,70581.5,71317.5,71797.2,2307.83132762,73716,kraken
1780358400,71315.5,71315.5,66111.8,66669.7,68289.1,4728.61636012,106261,kraken
1780444800,66669.7,67420.0,64000.0,64035.8,65959.5,3778.14458938,110180,kraken
1780531200,64036.1,64686.1,61255.9,63814.0,63270.6,6745.49591932,136369,kraken
1780617600,63811.1,63905.3,59070.6,61037.9,61173.7,8748.4468822,134925,kraken
1780704000,61038.3,61496.2,59493.5,60855.7,60679.0,1841.87204538,67887,kraken
1780790400,60858.0,64613.0,60714.4,63307.6,62313.3,2781.57362874,69832,kraken
1780876800,63305.6,64189.0,62388.2,63076.4,63439.0,1837.84295763,66088,kraken
1780963200,63068.5,63467.9,60740.9,61690.4,61832.1,3294.57413716,65438,kraken
1781049600,61688.1,62800.0,60746.8,61464.4,61685.1,2863.41349846,63681,kraken
1781136000,61459.1,63845.9,61459.0,63552.3,62905.3,1801.96999257,61795,kraken
1781222400,63553.7,64333.0,62765.3,63543.2,63610.7,1577.39459696,55712,kraken
1781308800,63543.3,64750.0,63418.5,64404.0,64091.3,782.31446436,33209,kraken
1781395200,64415.6,65750.0,63643.3,65715.1,64723.5,1447.74205034,41621,kraken
1781481600,65715.1,67263.5,65321.7,66284.3,66350.5,2571.36957686,63401,kraken
1781568000,66284.3,66922.4,65289.8,65609.5,65986.4,1910.33813579,51031,kraken
1781654400,65609.6,66370.9,63866.5,64454.8,65116.4,2485.03796601,59619,kraken
1781740800,64452.0,64740.9,62187.0,62885.6,63320.6,2147.48432694,55883,kraken
1781827200,62885.7,63590.9,62236.1,63486.4,62810.0,1647.79110882,43379,kraken
1781913600,63486.3,64336.4,63141.3,64250.1,63716.8,847.30245859,32078,kraken
1782000000,64250.1,64493.6,63214.0,63234.0,63916.8,1086.93977784,33689,kraken
1782086400,63234.0,65542.1,63234.0,63953.6,64524.4,2098.68271649,48237,kraken
1782172800,63953.6,64200.0,61881.1,62650.3,62577.7,2531.14555716,52536,kraken
1782259200,62650.3,63138.7,59001.0,60980.8,60790.3,4422.38865387,76040,kraken
1782345600,60984.3,61858.8,58033.0,59707.1,59811.9,4068.93387631,76243,kraken
1782432000,59721.1,60666.0,58265.0,60009.2,59580.5,3463.57667373,69226,kraken
1782518400,60013.1,60856.3,59763.1,59941.5,60311.1,1015.47250919,41468,kraken
1782604800,59941.5,60441.1,58832.8,59489.5,59642.5,1025.97277463,39558,kraken
1782691200,59488.9,60687.0,58818.6,60157.3,59829.3,2317.26630008,56838,kraken
1782777600,60169.7,60172.5,58100.0,58531.9,58773.5,3506.31909256,57292,kraken
1782864000,58531.9,61270.0,57740.0,59959.4,59402.9,3535.11938684,63918,kraken
1782950400,59964.3,62137.2,59529.6,61484.4,61174.5,2890.67347299,58356,kraken
1783036800,61484.5,62881.7,61173.9,62546.8,62032.2,1787.84946612,47009,kraken
1783123200,62539.0,63443.4,62290.9,63085.8,62887.5,1317.15941434,34953,kraken
1783209600,63085.4,63925.9,62393.3,63593.0,62987.8,930.25476619,33810,kraken
1783296000,63593.0,64675.0,61271.2,64005.1,62852.1,3265.61269774,55025,kraken
1783382400,64005.1,64258.0,62613.3,63304.0,63443.7,2234.53210027,46604,kraken
1783468800,63319.7,63706.4,61472.9,62241.1,62239.5,1860.35141068,46710,kraken
1783555200,62236.6,63490.3,61650.0,63174.0,62779.9,1742.80464036,41813,kraken
1783641600,63174.0,64635.0,62895.1,64126.4,64010.9,1736.67920256,47118,kraken
1783728000,64126.5,64442.5,63779.5,63779.5,64135.7,562.27382136,27603,kraken
1783814400,63779.6,64240.9,63600.8,63737.4,63922.9,555.1197029,28950,kraken
1783900800,63737.8,64364.6,61765.0,62253.5,62567.3,1867.93942294,54647,kraken
1783987200,62253.4,65056.3,62203.4,64977.2,64020.2,2508.40579622,54577,kraken
1784073600,64983.5,65513.8,64433.3,64709.4,64965.9,1783.89725287,53560,kraken
1784160000,64709.4,64939.3,63705.1,63789.5,64233.6,1630.83056577,48510,kraken
1784246400,63789.6,64334.3,62490.0,63907.0,63408.4,1696.59110387,55433,kraken
1784332800,63907.0,64806.8,63844.7,64796.7,64245.4,704.6970239,30548,kraken
1784419200,64796.7,64928.0,64256.0,64678.1,64569.7,630.126775,32158,kraken
1784505600,64678.1,65757.0,63691.6,65215.7,64846.9,2077.44642701,63656,kraken
1784592000,65215.7,66907.3,65115.2,66511.7,66282.7,1414.75679309,55486,kraken
1784678400,66511.7,66698.4,65504.5,66072.5,65953.2,1211.24188866,53811,kraken
1784764800,66072.4,66275.8,64603.4,65050.1,65173.0,1426.77012881,51540,kraken
1784851200,65052.4,65766.9,63657.0,64087.8,64425.1,1403.74408857,51562,kraken
1784937600,64088.2,64379.7,63760.0,64312.9,64131.3,333.75029048,24840,kraken
1785024000,64312.9,65500.0,64230.9,65336.6,64741.9,614.32111676,30995,kraken
1785110400,65336.6,65682.6,63550.0,63697.1,64700.7,1692.98381597,58319,kraken
1785196800,63697.1,64018.6,62684.4,63859.6,63417.0,1216.08557941,58784,kraken
1785283200,63844.5,64643.8,63208.4,63901.0,64019.4,1297.23763108,64491,kraken
1785369600,63901.0,65078.5,63536.5,64723.0,64559.4,1152.65107659,47872,kraken
1785456000,64723.0,65369.8,62344.0,62822.0,63455.9,2267.72385038,59705,kraken
1785542400,62821.8,63091.0,62200.5,62760.0,62774.9,521.46054051,30723,kraken
1785628800,62760.0,63712.1,62740.2,63500.0,63181.0,873.18646678,37660,kraken
1785715200,63500.0,64008.2,62218.4,63461.7,63336.1,1589.83272853,54305,kraken
1785801600,63461.8,64464.9,63270.3,64053.7,63928.9,1289.95032243,46208,kraken
1785888000,64053.7,64954.6,63823.0,64599.2,64484.3,1250.02393192,50626,kraken
1785974400,64599.3,64936.4,64100.9,64259.2,64518.3,984.15033936,41292,kraken
1786060800,64267.1,65322.2,64114.3,64886.1,64848.1,1327.08154231,43714,kraken
1786147200,64886.2,65141.9,64800.0,64901.1,64985.3,408.98379809,21555,kraken
1786233600,64901.2,65425.5,64674.2,64860.0,65095.9,565.80949993,22566,kraken
1786320000,64860.0,65328.8,63750.0,63922.1,64372.1,1224.68579174,46090,kraken
1786406400,63922.1,64437.6,63137.2,63541.1,63672.9,992.06303805,38946,kraken
1786492800,63541.1,64409.2,63247.4,63412.0,63676.1,947.17193091,46358,kraken
1786579200,63412.5,63929.8,62800.0,63423.3,63476.7,1032.73993624,42018,kraken
1786665600,63423.3,63557.7,62490.0,62979.4,62919.7,1529.72460697,47985,kraken
1786752000,62979.4,63111.0,62855.8,63024.3,63010.3,339.06130219,25800,kraken
1786838400,63024.3,63310.0,62660.0,62819.1,62994.6,487.07316814,23475,kraken
1786924800,62819.1,64562.3,62683.4,64471.7,63692.9,1853.52856452,53588,kraken
1787011200,64471.7,64995.2,63985.7,64677.2,64478.2,1222.33905044,40732,kraken
1787097600,64677.2,70001.8,64115.9,69285.0,67832.5,5973.21592703,96952,kraken
1787184000,69285.0,73387.0,68850.9,73001.1,71735.9,5148.24143001,102987,kraken
1787270400,73001.2,79511.1,73001.1,78327.2,76888.4,6535.9801127,147191,kraken
1787356800,78327.7,78800.0,76016.3,77082.6,77560.2,3663.42657137,76820,kraken
1787443200,77082.7,78035.3,75568.1,77737.5,77043.4,2414.30167703,57614,kraken
1787529600,77737.3,79978.6,76686.2,78966.1,78614.0,3320.44478946,91369,kraken
1787616000,78966.1,81200.0,77850.0,78509.4,79538.6,3852.04309499,102222,kraken
1787702400,78509.5,79221.6,77628.8,79008.6,78460.5,2226.8536228,70910,kraken
1787788800,79020.7,80848.4,78588.2,80265.9,79882.0,2723.80517973,89034,kraken
1787875200,80265.9,81461.0,76853.0,77841.8,78757.2,4692.77501429,118356,kraken
1787961600,77841.8,78316.0,77379.7,78227.8,77905.4,761.3821587,44174,kraken
1788048000,78227.8,79371.5,77000.0,77681.6,78262.3,1603.48060334,61184,kraken
1788134400,77681.6,79252.6,77255.3,78566.1,78278.7,1958.61712867,93530,kraken
1788220800,78563.0,79198.3,76398.4,77398.1,77636.1,2586.97347546,105324,kraken
1788307200,77398.1,77736.2,76236.9,77305.1,77095.6,2156.10163275,101460,kraken
1788393600,77304.9,82288.1,76949.6,81276.1,80025.5,4664.17589594,144243,kraken
1788480000,81276.1,81431.1,78632.3,79676.4,80067.9,2760.43605305,109457,kraken
1788566400,79676.5,80206.7,79462.0,79828.4,79782.3,1015.0852444,53532,kraken
1788652800,79828.4,80541.2,79237.1,80334.3,79830.5,1697.21429072,62578,kraken
1788739200,80334.4,80435.0,78673.1,79090.3,79369.5,1523.68826533,76426,kraken
1788825600,79090.4,79498.0,77609.4,78449.6,78497.4,2055.16557954,94309,kraken
1788912000,78449.6,79739.1,77754.9,78288.6,78698.4,2266.05936475,97727,kraken
1788998400,78288.6,78500.0,76466.0,76542.0,77388.3,2625.56074813,109159,kraken
1789084800,76542.0,79832.3,76000.0,77210.9,77679.8,3351.64549242,115480,kraken
1789171200,77210.9,77490.0,77050.0,77264.9,77284.1,573.61980879,46781,kraken
1789257600,77264.2,77400.0,76459.7,76800.2,76892.5,1082.45260614,62890,kraken
1789344000,76800.2,79581.2,76349.8,78193.1,78302.5,3875.65840124,126800,kraken
1789430400,78184.2,78242.1,74891.5,75585.1,76393.0,3929.44425693,132668,kraken
1789516800,75585.1,76475.0,74957.2,76146.1,75766.5,2837.98106161,111874,kraken
1789603200,76146.2,77095.3,75936.5,76354.8,76489.0,1857.39349184,95504,kraken
1789689600,76354.7,81373.8,76231.0,80878.1,79785.0,4498.72182339,141368,kraken
1789776000,80878.1,81915.0,80823.7,81226.5,81263.7,1676.12921419,81976,kraken
1789862400,81234.9,81458.4,80101.0,81164.0,80817.9,1573.99717196,87351,kraken
1789948800,81164.0,87446.7,80839.5,86593.8,84801.9,5026.76127235,180996,kraken
1790035200,86598.0,86705.3,85100.0,86196.7,86029.6,3199.34411042,139876,kraken
1790121600,86199.4,87274.4,83501.0,84384.6,85115.1,3504.64548619,145001,kraken
1790208000,84384.5,84914.8,82832.3,84380.0,84060.4,3362.85864323,139286,kraken
1790294400,84380.0,85247.4,83163.6,84090.5,84110.3,3084.16569499,131352,kraken
1790380800,84090.5,84451.3,83777.0,84426.7,84067.1,950.99825725,60361,kraken
1790467200,84426.8,85142.8,84122.8,84444.2,84592.5,1317.7453689,78886,kraken
1790553600,84444.2,85060.8,82566.4,83462.7,83453.1,3143.19416898,153717,kraken
1790640000,83462.7,84527.1,82735.1,83633.4,83561.7,2167.13703048,142236,kraken
1790726400,83633.5,85604.0,82920.1,83564.7,84051.4,2715.90924755,147967,kraken
1790812800,83564.7,85238.6,83124.8,84849.1,84111.0,3339.26436249,146484,kraken
1790899200,84849.2,87229.0,83860.7,84503.7,85592.9,5170.8105186,176138,kraken
1790985600,84503.7,85025.9,84431.7,84740.0,84743.2,772.65873551,53101,kraken
1791072000,84740.1,86778.1,84706.5,86510.4,85615.2,993.86683545,70155,kraken
1791158400,86506.6,86973.6,84965.7,85751.5,85884.7,2531.71421762,133401,kraken
1791244800,85751.5,86683.4,85110.1,85542.1,85859.8,2145.39290006,103047,kraken
