time,open,high,low,close,vwap,volume,count,source
1633651200,2.8137,2.9647,2.7517,2.9579,2.8914333333333335,3408119.57,0,coinbase
1633737600,2.9606,3.0959,2.8667,2.9105,2.9577000000000004,5102920.02,0,coinbase
1633824000,2.9108,2.9108,2.6794,2.6976,2.7625999999999995,3181525.89,0,coinbase
1633910400,2.696,2.812,2.6348,2.6948,2.7138666666666666,2409447.43,0,coinbase
1633996800,2.696,2.705,2.52,2.6875,2.6374999999999997,2415969.67,0,coinbase
1634083200,2.6852,3.0011,2.647,2.9601,2.8694,7298042.21,0,coinbase
1634169600,2.9604,3.1541,2.8564,2.8902,2.9669000000000003,4742026.98,0,coinbase
1634256000,2.8902,3.014,2.8046,2.8979,2.9055,3479955.13,0,coinbase
1634342400,2.8972,3.0813,2.881,2.9073,2.9565333333333332,2507537.77,0,coinbase
1634428800,2.9042,2.9179,2.725,2.8699,2.8376,2232197.57,0,coinbase
1634515200,2.8699,2.8741,2.722,2.7943,2.7967999999999997,2013572.36,0,coinbase
1634601600,2.7957,2.846,2.6829,2.7962,2.775033333333333,2255232.02,0,coinbase
1634688000,2.7928,2.9716,2.7914,2.9381,2.9003666666666668,3697090.35,0,coinbase
1634774400,2.9389,3.0605,2.8371,2.8585,2.9187,4269584.34,0,coinbase
1634860800,2.8584,3.3744,2.857,3.3353,3.1889000000000003,7243572.64,0,coinbase
1634947200,3.3392,3.7966,3.1732,3.6941,3.5546333333333333,8518948.39,0,coinbase
1635033600,3.6941,3.948,3.456,3.5013,3.6351,8644943.0,0,coinbase
1635120000,3.5015,4.8836,3.4829,4.8092,4.3919,16717886.88,0,coinbase
1635206400,4.8079,5.7,4.5162,4.6339,4.950033333333334,16818593.68,0,coinbase
1635292800,4.6357,4.7167,4.0513,4.4468,4.404933333333333,8750041.4,0,coinbase
1635379200,4.4478,5.51,4.4427,4.7527,4.901800000000001,17525835.6,0,coinbase
1635465600,4.7579,5.0093,4.5602,4.6737,4.747733333333334,6096572.91,0,coinbase
1635552000,4.6715,5.3236,4.56,4.7422,4.875266666666667,8301547.11,0,coinbase
1635638400,4.7434,4.7459,4.2972,4.4262,4.489766666666666,6968338.16,0,coinbase
1635724800,4.4267,4.59,4.1637,4.5077,4.420466666666667,5574581.23,0,coinbase
1635811200,4.5118,4.6382,4.035,4.2925,4.3219,4265226.31,0,coinbase
1635897600,4.2937,4.6108,4.0344,4.3977,4.3476333333333335,6393709.55,0,coinbase
1635984000,4.398,4.5398,3.71,4.1582,4.136,4770431.84,0,coinbase
1636070400,4.1581,4.2223,4.0227,4.0748,4.1066,2310606.42,0,coinbase
1636156800,4.0741,4.2957,3.8784,4.1137,4.095933333333333,3386897.25,0,coinbase
1636243200,4.1138,4.7543,4.0844,4.4973,4.445333333333333,6990477.28,0,coinbase
1636329600,4.4978,4.6769,4.3018,4.639,4.539233333333333,4389068.46,0,coinbase
1636416000,4.6403,5.0067,4.4302,4.5215,4.6528,5426592.61,0,coinbase
1636502400,4.5243,4.595,3.7001,4.0865,4.127199999999999,5016846.39,0,coinbase
1636588800,4.0847,4.4227,4.046,4.168,4.212233333333334,3867260.38,0,coinbase
1636675200,4.167,4.2929,3.8719,4.0307,4.065166666666666,3125087.1,0,coinbase
1636761600,4.0303,4.3826,4.0303,4.2247,4.212533333333334,2629362.77,0,coinbase
1636848000,4.2257,4.376,4.0328,4.1286,4.179133333333333,2018511.32,0,coinbase
1636934400,4.1295,4.1621,3.894,3.9362,3.9974333333333334,1968627.64,0,coinbase
1637020800,3.936,3.9584,3.291,3.7117,3.6537,4379831.41,0,coinbase
1637107200,3.708,4.0587,3.6848,4.032,3.925166666666667,6359439.54,0,coinbase
1637193600,4.0336,4.2525,3.5702,4.1225,3.981733333333333,7281678.14,0,coinbase
1637280000,4.1228,4.3094,3.8792,3.9729,4.053833333333333,6115074.91,0,coinbase
1637366400,3.9746,4.1847,3.8385,3.9422,3.988466666666666,3049855.07,0,coinbase
1637452800,3.9448,3.9448,3.7464,3.8008,3.830666666666667,2352089.89,0,coinbase
1637539200,3.8023,4.5406,3.714,4.2601,4.171566666666667,10016447.89,0,coinbase
1637625600,4.2623,5.105,4.1157,5.0597,4.760133333333333,12982462.74,0,coinbase
1637712000,5.0608,6.1878,4.5307,5.8535,5.524000000000001,14735912.05,0,coinbase
1637798400,5.8515,6.4099,5.4808,5.9364,5.9423666666666675,12817223.84,0,coinbase
1637884800,5.9395,6.11,4.6525,4.9294,5.2306333333333335,13758463.47,0,coinbase
1637971200,4.9294,5.3686,4.666,4.8423,4.958966666666667,7984737.5,0,coinbase
1638057600,4.842,4.9019,4.19,4.8862,4.659366666666667,6816562.28,0,coinbase
1638144000,4.883,5.0446,4.6011,4.7,4.7819,5213156.42,0,coinbase
1638230400,4.6957,5.0723,4.52,5.0295,4.8739333333333335,5864659.49,0,coinbase
1638316800,5.0311,5.48,4.8023,4.9932,5.091833333333333,8138972.86,0,coinbase
1638403200,4.9932,4.9932,4.645,4.7451,4.794433333333333,4472478.45,0,coinbase
1638489600,4.7459,4.8228,4.014,4.3688,4.401866666666667,5799301.19,0,coinbase
1638576000,4.3669,4.4318,3.132,3.7552,3.773,10016569.42,0,coinbase
1638662400,3.7628,3.9671,3.3342,3.6251,3.6421333333333332,8109513.9,0,coinbase
1638748800,3.6302,3.8519,3.2112,3.715,3.5927000000000002,8731973.12,0,coinbase
1638835200,3.714,4.201,3.6731,4.1636,4.012566666666666,7770129.56,0,coinbase
1638921600,4.1631,4.221,3.79,4.1901,4.067033333333334,6732169.39,0,coinbase
1639008000,4.1862,4.2736,3.6021,3.68,3.8519,5141440.26,0,coinbase
1639094400,3.67,3.78,3.32,3.34,3.48,2758369.05,0,coinbase
1639180800,3.35,3.78,3.29,3.74,3.6033333333333335,2609972.36,0,coinbase
1639267200,3.72,3.89,3.57,3.84,3.766666666666667,2399744.98,0,coinbase
1639353600,3.84,3.91,3.25,3.32,3.4933333333333336,5108741.94,0,coinbase
1639440000,3.32,3.47,3.23,3.44,3.3800000000000003,2775201.9,0,coinbase
1639526400,3.43,3.88,3.23,3.71,3.606666666666667,4905013.05,0,coinbase
1639612800,3.7,4.1,3.7,3.83,3.8766666666666665,4775903.29,0,coinbase
1639699200,3.83,4.4545,3.71,4.27,4.144833333333334,6908269.82,0,coinbase
1639785600,4.28,4.62,4.1,4.51,4.409999999999999,6438595.54,0,coinbase
1639872000,4.53,4.6,4.11,4.17,4.293333333333334,2680993.02,0,coinbase
1639958400,4.17,4.31,3.79,4.13,4.076666666666667,5269356.94,0,coinbase
1640044800,4.12,4.64,4.03,4.61,4.426666666666667,4577088.08,0,coinbase
1640131200,4.62,5.29,4.62,5.06,4.989999999999999,9667536.66,0,coinbase
1640217600,5.05,5.4377,4.91,5.19,5.179233333333333,6745029.06,0,coinbase
1640304000,5.2,5.63,5.03,5.19,5.283333333333334,6014556.23,0,coinbase
1640390400,5.19,5.91,5.13,5.84,5.626666666666666,5561884.9,0,coinbase
1640476800,5.85,6.08,5.64,5.75,5.823333333333333,5930363.19,0,coinbase
1640563200,5.74,5.8,5.25,5.28,5.443333333333334,4244725.67,0,coinbase
1640649600,5.28,5.29,4.63,4.72,4.88,10203021.95,0,coinbase
1640736000,4.73,5.2,4.71,4.85,4.92,7034061.97,0,coinbase
1640822400,4.86,5.28,4.66,5.11,5.016666666666667,5707106.49,0,coinbase
1640908800,5.12,5.73,4.99,5.32,5.346666666666667,7232272.26,0,coinbase
1640995200,5.32,6.33,5.32,6.21,5.953333333333333,10101684.96,0,coinbase
1641081600,6.22,6.46,5.91,6.05,6.140000000000001,6963440.67,0,coinbase
1641168000,6.03,6.73,5.72,6.53,6.326666666666667,9454925.81,0,coinbase
1641254400,6.53,6.8,6.03,6.08,6.303333333333334,8759664.31,0,coinbase
1641340800,6.08,6.43,4.99,5.4,5.6066666666666665,8949083.28,0,coinbase
1641427200,5.4,5.54,5.07,5.41,5.34,6294544.48,0,coinbase
1641513600,5.41,5.42,4.72,5.0,5.046666666666667,8399098.28,0,coinbase
1641600000,5.0,5.27,4.35,4.61,4.743333333333333,5453442.02,0,coinbase
1641686400,4.61,4.87,4.49,4.49,4.616666666666666,4057889.87,0,coinbase
1641772800,4.5,4.62,4.02,4.32,4.32,6121636.42,0,coinbase
1641859200,4.32,4.7,4.25,4.61,4.52,4328506.5,0,coinbase
1641945600,4.61,5.02,4.58,4.91,4.836666666666667,4922825.67,0,coinbase
1642032000,4.91,5.19,4.75,5.03,4.990000000000001,6424675.55,0,coinbase
1642118400,5.03,5.39,4.65,5.35,5.13,6608470.48,0,coinbase
1642204800,5.35,5.49,5.25,5.28,5.34,3472043.19,0,coinbase
1642291200,5.29,5.37,5.05,5.13,5.183333333333334,5081319.92,0,coinbase
1642377600,5.14,5.17,4.6,4.78,4.8500000000000005,4968475.04,0,coinbase
1642464000,4.78,4.85,4.4,4.56,4.603333333333333,4036829.37,0,coinbase
1642550400,4.56,4.58,4.18,4.19,4.316666666666666,4994264.81,0,coinbase
1642636800,4.19,4.56,3.94,3.97,4.156666666666667,5768750.11,0,coinbase
1642723200,3.96,4.06,3.2,3.31,3.5233333333333334,10744095.28,0,coinbase
1642809600,3.31,3.45,2.56,2.89,2.966666666666667,12292561.71,0,coinbase
1642896000,2.89,3.15,2.82,3.02,2.9966666666666666,5469389.3,0,coinbase
1642982400,3.01,3.03,2.36,2.82,2.7366666666666664,7655336.67,0,coinbase
1643068800,2.82,3.12,2.7,3.01,2.9433333333333334,6871150.1,0,coinbase
1643155200,3.02,3.31,2.81,2.87,2.9966666666666666,8695831.32,0,coinbase
1643241600,2.87,2.94,2.65,2.79,2.793333333333333,6491415.72,0,coinbase
1643328000,2.79,2.96,2.69,2.93,2.86,5597785.85,0,coinbase
1643414400,2.93,3.08,2.9,2.99,2.99,3363197.31,0,coinbase
1643500800,3.0,3.26,2.92,3.18,3.1199999999999997,6390204.28,0,coinbase
1643587200,3.19,3.33,2.94,3.27,3.1799999999999997,7949626.57,0,coinbase
1643673600,3.28,3.51,3.26,3.47,3.4133333333333336,6297455.96,0,coinbase
1643760000,3.47,3.51,3.05,3.11,3.223333333333333,6350336.83,0,coinbase
1643846400,3.11,3.14,2.99,3.11,3.08,4947203.95,0,coinbase
1643932800,3.12,3.45,3.06,3.43,3.313333333333333,4218161.93,0,coinbase
1644019200,3.44,3.58,3.38,3.42,3.4599999999999995,4530822.91,0,coinbase
1644105600,3.43,3.54,3.27,3.39,3.4000000000000004,3508321.78,0,coinbase
1644192000,3.38,3.64,3.32,3.56,3.5066666666666664,7636896.46,0,coinbase
1644278400,3.56,3.72,3.3,3.43,3.483333333333333,3861848.15,0,coinbase
1644364800,3.43,3.55,3.34,3.5,3.4633333333333334,3166983.59,0,coinbase
1644451200,3.5,3.5,3.17,3.2,3.2900000000000005,4092464.67,0,coinbase
1644537600,3.2,3.25,2.81,2.89,2.983333333333334,4961687.0,0,coinbase
1644624000,2.89,3.03,2.79,2.88,2.9,2288826.36,0,coinbase
1644710400,2.88,2.93,2.72,2.75,2.8000000000000003,2160983.81,0,coinbase
1644796800,2.75,2.91,2.66,2.91,2.8266666666666667,3257338.95,0,coinbase
1644883200,2.91,3.19,2.91,3.18,3.0933333333333333,2789273.73,0,coinbase
1644969600,3.19,3.28,3.05,3.17,3.1666666666666665,3713015.3,0,coinbase
1645056000,3.17,3.3,2.88,2.91,3.03,5032527.28,0,coinbase
1645142400,2.91,3.0,2.79,2.81,2.8666666666666667,2878646.4,0,coinbase
1645228800,2.81,2.87,2.71,2.8,2.793333333333333,1412866.2,0,coinbase
1645315200,2.81,2.81,2.51,2.55,2.6233333333333335,2583099.02,0,coinbase
1645401600,2.54,2.69,2.32,2.34,2.4499999999999997,3471391.09,0,coinbase
1645488000,2.35,2.43,2.22,2.395,2.348333333333333,4123000.23,0,coinbase
1645574400,2.396,2.517,2.275,2.285,2.359,5406684.87,0,coinbase
1645660800,2.285,2.311,1.891,2.244,2.1486666666666667,11249653.16,0,coinbase
1645747200,2.242,2.413,2.191,2.365,2.323,7512252.81,0,coinbase
1645833600,2.367,2.462,2.316,2.394,2.3906666666666667,5845063.76,0,coinbase
1645920000,2.396,2.396,2.154,2.179,2.243,6917927.36,0,coinbase
1646006400,2.178,2.449,2.12,2.442,2.337,7002790.63,0,coinbase
1646092800,2.442,2.601,2.401,2.546,2.516,8409035.84,0,coinbase
1646179200,2.546,2.759,2.463,2.649,2.6236666666666664,7828955.28,0,coinbase
1646265600,2.648,2.673,2.447,2.504,2.5413333333333337,3618247.15,0,coinbase
1646352000,2.501,2.521,2.222,2.252,2.3316666666666666,3939290.69,0,coinbase
1646438400,2.253,2.285,2.18,2.247,2.2373333333333334,2426553.54,0,coinbase
1646524800,2.246,2.268,2.053,2.06,2.1270000000000002,4559290.6,0,coinbase
1646611200,2.058,2.136,1.924,1.98,2.0133333333333336,5443738.09,0,coinbase
1646697600,1.977,2.125,1.97,2.035,2.0433333333333334,4679461.26,0,coinbase
1646784000,2.034,2.214,2.025,2.157,2.132,4241102.68,0,coinbase
1646870400,2.16,2.164,1.951,2.044,2.0530000000000004,5205755.81,0,coinbase
1646956800,2.043,2.106,1.945,1.966,2.005666666666667,4581320.18,0,coinbase
1647043200,1.967,2.06,1.966,1.977,2.001,2266790.28,0,coinbase
1647129600,1.978,2.032,1.892,1.919,1.9476666666666667,3189289.82,0,coinbase
1647216000,1.922,2.001,1.896,1.953,1.95,3753808.72,0,coinbase
1647302400,1.952,2.003,1.869,1.952,1.9413333333333334,2957560.54,0,coinbase
1647388800,1.955,2.098,1.88,2.093,2.0236666666666667,4885256.14,0,coinbase
1647475200,2.093,2.181,2.04,2.129,2.1166666666666667,4263726.64,0,coinbase
1647561600,2.129,2.267,2.079,2.251,2.199,6351477.88,0,coinbase
1647648000,2.252,2.329,2.224,2.286,2.279666666666667,4285617.46,0,coinbase
1647734400,2.288,2.302,2.118,2.15,2.19,3746684.96,0,coinbase
1647820800,2.15,2.242,2.11,2.193,2.1816666666666666,3340716.88,0,coinbase
1647907200,2.193,2.328,2.178,2.268,2.258,3201116.07,0,coinbase
1647993600,2.268,2.394,2.236,2.385,2.3383333333333334,2467959.4,0,coinbase
1648080000,2.386,2.436,2.332,2.382,2.3833333333333333,2200726.87,0,coinbase
1648166400,2.381,2.435,2.258,2.284,2.3256666666666663,2545826.94,0,coinbase
1648252800,2.284,2.421,2.279,2.413,2.371,1533220.97,0,coinbase
1648339200,2.414,2.66,2.392,2.617,2.5563333333333333,3980743.12,0,coinbase
1648425600,2.619,2.74,2.539,2.585,2.6213333333333333,5674494.41,0,coinbase
1648512000,2.578,2.894,2.577,2.81,2.7603333333333335,6738430.8,0,coinbase
1648598400,2.812,2.91,2.678,2.814,2.800666666666667,4313161.57,0,coinbase
1648684800,2.812,2.943,2.589,2.638,2.723333333333333,5612158.74,0,coinbase
1648771200,2.638,2.84,2.558,2.797,2.731666666666667,3466149.96,0,coinbase
1648857600,2.796,2.96,2.781,2.896,2.879,4393866.84,0,coinbase
1648944000,2.898,3.054,2.827,2.95,2.9436666666666667,3113241.56,0,coinbase
1649030400,2.95,2.995,2.748,2.921,2.888,4559903.81,0,coinbase
1649116800,2.92,2.966,2.796,2.806,2.8560000000000003,3441090.86,0,coinbase
1649203200,2.806,2.808,2.487,2.497,2.5973333333333333,4500222.03,0,coinbase
1649289600,2.497,2.569,2.438,2.538,2.515,2890119.73,0,coinbase
1649376000,2.537,2.582,2.321,2.34,2.4143333333333334,3652592.73,0,coinbase
1649462400,2.341,2.486,2.309,2.476,2.4236666666666666,2091286.1,0,coinbase
1649548800,2.476,2.525,2.395,2.406,2.442,2097907.77,0,coinbase
1649635200,2.406,2.447,2.14,2.169,2.2520000000000002,3836355.93,0,coinbase
1649721600,2.168,2.285,2.155,2.22,2.22,2965909.7,0,coinbase
1649808000,2.223,2.313,2.18,2.297,2.2633333333333336,1555864.05,0,coinbase
1649894400,2.298,2.327,2.202,2.226,2.2516666666666665,1635178.45,0,coinbase
1649980800,2.225,2.271,2.186,2.223,2.2266666666666666,828754.08,0,coinbase
1650067200,2.225,2.256,2.187,2.235,2.2259999999999995,736967.5,0,coinbase
1650153600,2.237,2.349,2.192,2.194,2.245,1573381.06,0,coinbase
1650240000,2.193,2.195,2.051,2.185,2.143666666666667,2102585.33,0,coinbase
1650326400,2.186,2.346,2.158,2.31,2.271333333333333,1570298.82,0,coinbase
1650412800,2.308,2.418,2.262,2.331,2.3369999999999997,2010334.83,0,coinbase
1650499200,2.331,2.411,2.171,2.197,2.2596666666666665,2446057.38,0,coinbase
1650585600,2.195,2.595,2.187,2.483,2.421666666666667,6655889.59,0,coinbase
1650672000,2.482,2.75,2.462,2.668,2.6266666666666665,4115502.58,0,coinbase
1650758400,2.665,2.78,2.591,2.703,2.691333333333333,3083696.89,0,coinbase
1650844800,2.704,2.774,2.487,2.747,2.669333333333333,3893075.69,0,coinbase
1650931200,2.744,2.774,2.346,2.366,2.4953333333333334,2916455.03,0,coinbase
1651017600,2.369,2.545,2.357,2.492,2.4646666666666666,2018714.32,0,coinbase
1651104000,2.49,2.55,2.376,2.395,2.4403333333333332,1884523.85,0,coinbase
1651190400,2.397,2.428,2.202,2.232,2.287333333333333,2111602.64,0,coinbase
1651276800,2.233,2.251,1.985,1.994,2.0766666666666667,2180197.94,0,coinbase
1651363200,1.994,2.087,1.95,2.067,2.034666666666667,1664102.45,0,coinbase
1651449600,2.065,2.141,1.988,2.102,2.077,2203820.1,0,coinbase
1651536000,2.101,2.215,2.037,2.157,2.1363333333333334,2419528.32,0,coinbase
1651622400,2.159,2.646,2.143,2.597,2.4619999999999997,5204857.91,0,coinbase
1651708800,2.597,2.669,2.27,2.457,2.465333333333333,4666748.18,0,coinbase
1651795200,2.462,2.515,2.19,2.288,2.331,4761999.05,0,coinbase
1651881600,2.291,2.369,2.177,2.227,2.2576666666666667,2816319.71,0,coinbase
1651968000,2.226,2.458,2.173,2.348,2.3263333333333334,5715707.0,0,coinbase
1652054400,2.349,2.385,1.903,1.912,2.066666666666667,6390618.22,0,coinbase
1652140800,1.912,2.151,1.854,1.977,1.994,9999552.62,0,coinbase
1652227200,1.974,2.031,1.379,1.502,1.6373333333333333,14143048.98,0,coinbase
1652313600,1.505,1.588,1.046,1.304,1.3126666666666669,10371775.33,0,coinbase
1652400000,1.303,1.594,1.277,1.312,1.3943333333333332,5733236.36,0,coinbase
1652486400,1.315,1.428,1.246,1.413,1.3623333333333332,5330128.88,0,coinbase
1652572800,1.414,1.515,1.362,1.507,1.4613333333333332,3282022.82,0,coinbase
1652659200,1.508,1.508,1.314,1.361,1.3943333333333332,4437116.95,0,coinbase
1652745600,1.361,1.464,1.292,1.391,1.3823333333333334,3513728.08,0,coinbase
1652832000,1.391,1.42,1.201,1.228,1.2830000000000001,5882319.44,0,coinbase
1652918400,1.228,1.268,0.993,1.079,1.1133333333333333,15320348.48,0,coinbase
1653004800,1.08,1.184,1.062,1.125,1.1236666666666666,8903795.09,0,coinbase
1653091200,1.129,1.239,1.099,1.211,1.183,6325620.68,0,coinbase
1653177600,1.211,1.289,1.188,1.273,1.25,4503924.64,0,coinbase
1653264000,1.272,1.417,1.247,1.296,1.32,5756279.65,0,coinbase
1653350400,1.295,1.304,1.183,1.256,1.2476666666666667,4622219.92,0,coinbase
1653436800,1.255,1.282,1.202,1.233,1.239,2855859.21,0,coinbase
1653523200,1.234,1.26,1.088,1.205,1.1843333333333332,5294669.01,0,coinbase
1653609600,1.204,1.224,1.109,1.172,1.1683333333333332,4453899.88,0,coinbase
1653696000,1.172,1.295,1.165,1.218,1.226,3117257.1,0,coinbase
1653782400,1.218,1.26,1.176,1.255,1.2303333333333333,1695289.13,0,coinbase
1653868800,1.254,1.399,1.235,1.386,1.34,3738471.94,0,coinbase
1653955200,1.385,1.468,1.318,1.383,1.3896666666666668,3469100.68,0,coinbase
1654041600,1.379,1.434,1.226,1.265,1.3083333333333333,5099968.0,0,coinbase
1654128000,1.265,1.266,1.2,1.256,1.2406666666666668,3390507.93,0,coinbase
1654214400,1.255,1.267,1.161,1.173,1.2003333333333333,2609455.13,0,coinbase
1654300800,1.173,1.188,1.146,1.18,1.1713333333333331,1104714.84,0,coinbase
1654387200,1.179,1.244,1.149,1.209,1.2006666666666665,1229173.44,0,coinbase
1654473600,1.211,1.332,1.206,1.286,1.2746666666666668,2850942.89,0,coinbase
1654560000,1.286,1.288,1.156,1.187,1.2103333333333335,3777888.84,0,coinbase
1654646400,1.188,1.214,1.135,1.159,1.1693333333333333,2007391.88,0,coinbase
1654732800,1.159,1.178,1.131,1.146,1.1516666666666666,3060561.54,0,coinbase
1654819200,1.145,1.166,1.013,1.026,1.0683333333333334,3409541.46,0,coinbase
1654905600,1.027,1.06,0.885,0.908,0.9510000000000001,6362427.72,0,coinbase
1654992000,0.91,0.955,0.841,0.864,0.8866666666666666,6343505.09,0,coinbase
1655078400,0.864,0.873,0.626,0.718,0.739,12320775.76,0,coinbase
1655164800,0.718,0.745,0.637,0.731,0.7043333333333334,5157124.42,0,coinbase
1655251200,0.731,0.771,0.606,0.768,0.715,7079633.75,0,coinbase
1655337600,0.767,0.788,0.645,0.664,0.699,5344461.09,0,coinbase
1655424000,0.664,0.695,0.65,0.66,0.6683333333333333,2978939.7,0,coinbase
1655510400,0.658,0.675,0.534,0.585,0.598,6181912.23,0,coinbase
1655596800,0.584,0.664,0.552,0.645,0.6203333333333334,3151821.94,0,coinbase
1655683200,0.646,0.736,0.606,0.702,0.6813333333333333,5227044.48,0,coinbase
1655769600,0.701,0.794,0.687,0.723,0.7346666666666667,7012404.14,0,coinbase
1655856000,0.725,0.783,0.682,0.698,0.7210000000000001,6597185.33,0,coinbase
1655942400,0.698,0.837,0.692,0.831,0.7866666666666666,10447999.4,0,coinbase
1656028800,0.83,0.871,0.798,0.841,0.8366666666666666,3404225.7,0,coinbase
1656115200,0.843,0.853,0.783,0.819,0.8183333333333334,2733230.3,0,coinbase
1656201600,0.82,0.85,0.746,0.748,0.7813333333333334,3893212.5,0,coinbase
1656288000,0.748,0.79,0.721,0.736,0.749,2812686.9,0,coinbase
1656374400,0.7351,0.775,0.688,0.6951,0.7193666666666667,7403487.14,0,coinbase
1656460800,0.6957,0.7251,0.6807,0.7084,0.7047333333333333,7331210.25,0,coinbase
1656547200,0.7092,0.7159,0.6341,0.6867,0.6789000000000001,8949320.0,0,coinbase
1656633600,0.6866,0.831,0.6644,0.7458,0.7470666666666667,10947132.31,0,coinbase
1656720000,0.746,0.7996,0.7266,0.7773,0.7678333333333334,5540223.0,0,coinbase
1656806400,0.7779,0.8166,0.753,0.7954,0.7883333333333332,5453048.86,0,coinbase
1656892800,0.7954,0.8864,0.7739,0.8653,0.8418666666666667,8903410.88,0,coinbase
1656979200,0.8643,1.0117,0.8273,0.9543,0.9310999999999999,12791539.51,0,coinbase
1657065600,0.9547,1.0046,0.9156,0.96,0.9600666666666666,5292001.23,0,coinbase
1657152000,0.9602,1.0632,0.9372,1.0505,1.0169666666666666,4508800.12,0,coinbase
1657238400,1.0489,1.0718,0.9848,1.0095,1.0220333333333333,3981756.45,0,coinbase
1657324800,1.0091,1.0584,1.0027,1.0155,1.0255333333333334,2516597.81,0,coinbase
1657411200,1.0151,1.0218,0.9476,0.9547,0.9747,1831242.85,0,coinbase
1657497600,0.9534,0.9537,0.8756,0.8866,0.9053,1956656.42,0,coinbase
1657584000,0.8861,0.922,0.8694,0.8758,0.8890666666666666,2887877.27,0,coinbase
1657670400,0.875,1.058,0.8632,1.0471,0.9894333333333334,6890958.46,0,coinbase
1657756800,1.0487,1.1897,1.0049,1.168,1.1208666666666665,5768208.9,0,coinbase
1657843200,1.1674,1.1855,1.097,1.1092,1.1305666666666665,2863980.36,0,coinbase
1657929600,1.1099,1.1982,1.0851,1.1736,1.1522999999999999,2111262.19,0,coinbase
1658016000,1.1722,1.1841,1.0749,1.0786,1.1125333333333334,1685673.38,0,coinbase
1658102400,1.0775,1.3942,1.0729,1.3413,1.2694666666666667,7320407.19,0,coinbase
1658188800,1.3421,1.384,1.2327,1.2504,1.2890333333333333,5438841.78,0,coinbase
1658275200,1.2502,1.2792,1.1357,1.1584,1.1910999999999998,4079987.62,0,coinbase
1658361600,1.1582,1.4351,1.1021,1.4031,1.3134333333333335,8329844.22,0,coinbase
1658448000,1.4032,1.5529,1.3766,1.4326,1.4540333333333333,7731101.84,0,coinbase
1658534400,1.4333,1.5038,1.3417,1.3969,1.4141333333333332,4327430.22,0,coinbase
1658620800,1.3981,1.4499,1.3592,1.3757,1.3949333333333334,2204608.49,0,coinbase
1658707200,1.3759,1.3925,1.1749,1.1763,1.2479,5864236.5,0,coinbase
1658793600,1.1767,1.193,1.0929,1.1682,1.1513666666666664,5856110.44,0,coinbase
1658880000,1.1703,1.3349,1.1258,1.3251,1.2619333333333334,6269464.07,0,coinbase
1658966400,1.3259,1.5852,1.2454,1.5448,1.4584666666666666,8975066.82,0,coinbase
1659052800,1.5442,1.582,1.402,1.4256,1.4698666666666667,5784090.18,0,coinbase
1659139200,1.4281,1.483,1.3391,1.3586,1.3935666666666666,5717974.13,0,coinbase
1659225600,1.3597,1.4321,1.3056,1.3179,1.3518666666666668,3925967.88,0,coinbase
1659312000,1.318,1.3627,1.2652,1.3062,1.3113666666666668,3627420.22,0,coinbase
1659398400,1.3062,1.3908,1.2169,1.3359,1.3145333333333336,7664355.32,0,coinbase
1659484800,1.3356,1.433,1.2814,1.3328,1.3490666666666666,5232921.88,0,coinbase
1659571200,1.331,1.3979,1.2942,1.3286,1.3402333333333332,3032543.94,0,coinbase
1659657600,1.3288,1.4485,1.3218,1.4417,1.404,5185798.2,0,coinbase
1659744000,1.4432,1.4522,1.3674,1.3742,1.3979333333333333,1118186.11,0,coinbase
1659830400,1.3714,1.424,1.3512,1.4037,1.3929666666666665,1566723.69,0,coinbase
1659916800,1.4026,1.4942,1.395,1.4281,1.4390999999999998,3034149.68,0,coinbase
1660003200,1.428,1.4319,1.2348,1.2926,1.3197666666666665,5658925.38,0,coinbase
1660089600,1.2922,1.395,1.2416,1.3914,1.342666666666667,4798097.85,0,coinbase
1660176000,1.3911,1.4462,1.3487,1.3604,1.3851000000000002,3416951.45,0,coinbase
1660262400,1.3601,1.4231,1.335,1.4212,1.3930999999999998,1750793.96,0,coinbase
1660348800,1.4224,1.4714,1.4078,1.4349,1.4380333333333333,1345570.45,0,coinbase
1660435200,1.4349,1.4922,1.3655,1.3903,1.4160000000000001,2498178.04,0,coinbase
1660521600,1.3895,1.46,1.3085,1.3341,1.3675333333333333,3299870.3,0,coinbase
1660608000,1.334,1.3441,1.2806,1.2854,1.3033666666666666,1760885.52,0,coinbase
1660694400,1.2853,1.3345,1.16,1.1821,1.2255333333333331,3633562.93,0,coinbase
1660780800,1.1823,1.2205,1.0889,1.1146,1.1413333333333335,3173187.99,0,coinbase
1660867200,1.1131,1.1156,1.0101,1.0504,1.0587,5671376.47,0,coinbase
1660953600,1.0505,1.0926,0.9696,0.9985,1.0202333333333333,4580442.49,0,coinbase
1661040000,0.9994,1.051,0.9875,1.0251,1.0212,2297297.18,0,coinbase
1661126400,1.0248,1.1059,0.9751,1.0995,1.0601666666666667,4658643.41,0,coinbase
1661212800,1.1018,1.1995,1.0649,1.1837,1.1493666666666666,5283065.48,0,coinbase
1661299200,1.1847,1.2244,1.1363,1.178,1.1795666666666667,5635446.99,0,coinbase
1661385600,1.1773,1.2371,1.1631,1.18,1.1933999999999998,4495808.41,0,coinbase
1661472000,1.1788,1.2148,1.0421,1.0529,1.1032666666666666,5015225.37,0,coinbase
1661558400,1.0525,1.0666,1.0199,1.0484,1.0449666666666666,3344862.12,0,coinbase
1661644800,1.0484,1.0665,0.9886,0.9934,1.0161666666666667,3251340.32,0,coinbase
1661731200,0.9932,1.0868,0.975,1.0799,1.0472333333333335,4108670.07,0,coinbase
1661817600,1.0797,1.1187,1.0235,1.0664,1.0695333333333332,5716644.79,0,coinbase
1661904000,1.0664,1.1891,1.0654,1.1463,1.1336000000000002,7454124.42,0,coinbase
1661990400,1.1473,1.1665,1.0628,1.1541,1.1278,4811753.71,0,coinbase
1662076800,1.155,1.1852,1.08,1.0936,1.1196,4669313.89,0,coinbase
1662163200,1.0939,1.1092,1.06,1.0732,1.0808,1942062.31,0,coinbase
1662249600,1.0731,1.1028,1.0483,1.0935,1.0815333333333335,1852386.26,0,coinbase
1662336000,1.0934,1.1597,1.06,1.1527,1.1241333333333332,2536872.54,0,coinbase
1662422400,1.1521,1.1991,1.019,1.0368,1.0849666666666666,5811916.29,0,coinbase
1662508800,1.0377,1.1888,1.0139,1.1669,1.1232,5797635.17,0,coinbase
1662595200,1.1667,1.1765,1.1048,1.1314,1.1375666666666666,3461545.04,0,coinbase
1662681600,1.1304,1.2485,1.1258,1.2051,1.1931333333333332,4209181.48,0,coinbase
1662768000,1.2077,1.2771,1.1655,1.2442,1.2289333333333332,2693364.28,0,coinbase
1662854400,1.2461,1.2554,1.155,1.183,1.1978,2059256.67,0,coinbase
1662940800,1.1824,1.2054,1.1228,1.1425,1.1569,3305439.01,0,coinbase
1663027200,1.1426,1.1528,1.03,1.0523,1.0783666666666667,5601520.02,0,coinbase
1663113600,1.0518,1.1292,1.029,1.0703,1.0761666666666667,3946653.75,0,coinbase
1663200000,1.0729,1.0916,1.0163,1.0528,1.0535666666666665,3354276.04,0,coinbase
1663286400,1.0539,1.0836,1.0219,1.0589,1.0548,3102042.47,0,coinbase
1663372800,1.0589,1.0877,1.0447,1.0834,1.0719333333333332,812936.4,0,coinbase
1663459200,1.0844,1.0886,0.9,0.935,0.9745333333333334,2614819.32,0,coinbase
1663545600,0.9353,0.9914,0.8887,0.9824,0.9541666666666667,3316182.94,0,coinbase
1663632000,0.9825,0.9873,0.938,0.9445,0.9566,1746758.16,0,coinbase
1663718400,0.9428,0.9796,0.8374,0.8625,0.8931666666666667,5904224.11,0,coinbase
1663804800,0.8615,0.9299,0.8609,0.9165,0.9024333333333333,1784446.34,0,coinbase
1663891200,0.9162,0.9757,0.8682,0.9441,0.9293333333333335,3140167.0,0,coinbase
1663977600,0.9441,0.9506,0.9125,0.9197,0.9276,583752.31,0,coinbase
1664064000,0.9202,0.9316,0.8771,0.8884,0.8990333333333332,916103.0,0,coinbase
1664150400,0.8883,0.935,0.872,0.9302,0.9124,2673812.31,0,coinbase
1664236800,0.9304,0.982,0.9045,0.9128,0.9330999999999999,2327585.03,0,coinbase
1664323200,0.9132,0.9432,0.8646,0.9401,0.9159666666666667,2278416.64,0,coinbase
1664409600,0.9381,0.9455,0.8982,0.9263,0.9233333333333333,1459695.0,0,coinbase
1664496000,0.9264,0.9458,0.9053,0.9171,0.9227333333333334,1618493.45,0,coinbase
1664582400,0.9166,0.9297,0.8854,0.8918,0.9023,1007877.11,0,coinbase
1664668800,0.8917,0.9077,0.8538,0.859,0.8734999999999999,742183.92,0,coinbase
1664755200,0.8589,0.9062,0.8475,0.8979,0.8838666666666667,1409482.6,0,coinbase
1664841600,0.898,0.9199,0.8874,0.9119,0.9064000000000001,1571380.56,0,coinbase
1664928000,0.9121,0.9156,0.874,0.9064,0.8986666666666667,1711747.43,0,coinbase
1665014400,0.9065,0.9384,0.888,0.8902,0.9055333333333334,2963231.92,0,coinbase
1665100800,0.8908,0.9025,0.8698,0.8972,0.8898333333333334,906910.04,0,coinbase
1665187200,0.8964,0.9121,0.875,0.8838,0.8903,962407.52,0,coinbase
1665273600,0.8839,0.8911,0.8752,0.883,0.8831000000000001,314031.08,0,coinbase
1665360000,0.8827,0.8918,0.8476,0.8489,0.8627666666666668,906264.96,0,coinbase
1665446400,0.849,0.849,0.8094,0.8195,0.8259666666666666,1623171.11,0,coinbase
1665532800,0.8196,0.8413,0.8163,0.8199,0.8258333333333333,1432738.77,0,coinbase
1665619200,0.8201,0.8244,0.7246,0.8006,0.7831999999999999,5070345.83,0,coinbase
1665705600,0.7999,0.8477,0.7952,0.814,0.8189666666666667,3092667.55,0,coinbase
1665792000,0.8141,0.8263,0.7972,0.8048,0.8094333333333333,1797158.8,0,coinbase
1665878400,0.8049,0.8237,0.8004,0.8167,0.8136,681732.24,0,coinbase
1665964800,0.8169,0.9045,0.8095,0.8907,0.8682333333333334,3468074.13,0,coinbase
1666051200,0.8922,0.9224,0.8671,0.9119,0.9004666666666666,3657609.49,0,coinbase
1666137600,0.9115,0.9159,0.8459,0.849,0.8702666666666667,3554974.49,0,coinbase
1666224000,0.8493,0.8857,0.8346,0.8467,0.8556666666666667,2465329.75,0,coinbase
1666310400,0.846,0.9062,0.837,0.8949,0.8793666666666665,2907391.83,0,coinbase
1666396800,0.8952,0.8966,0.869,0.8779,0.8811666666666667,731952.06,0,coinbase
1666483200,0.8779,0.9248,0.8498,0.9173,0.8973,1513282.22,0,coinbase
1666569600,0.9174,0.9286,0.8732,0.8766,0.8927999999999999,2690495.28,0,coinbase
1666656000,0.8765,0.9569,0.8625,0.9064,0.9086,3194230.9,0,coinbase
1666742400,0.9068,0.9609,0.9068,0.9337,0.9338000000000001,4162082.3,0,coinbase
1666828800,0.9338,0.958,0.8973,0.909,0.9214333333333333,3188383.85,0,coinbase
1666915200,0.9091,0.9658,0.8992,0.9444,0.9364666666666667,4135067.83,0,coinbase
1667001600,0.9448,0.98,0.9198,0.9351,0.9449666666666667,2936450.17,0,coinbase
1667088000,0.9353,0.9471,0.8856,0.9073,0.9133333333333334,1960137.91,0,coinbase
1667174400,0.9072,0.92,0.8744,0.8852,0.8931999999999999,2069083.12,0,coinbase
1667260800,0.8849,0.9031,0.8766,0.8916,0.8904333333333333,1333655.47,0,coinbase
1667347200,0.8916,0.9182,0.8512,0.8659,0.8784333333333333,3948341.97,0,coinbase
1667433600,0.8652,0.9268,0.8608,0.9007,0.8961,4275125.77,0,coinbase
1667520000,0.9009,1.0687,0.8958,1.0269,0.9971333333333333,7359147.81,0,coinbase
1667606400,1.0276,1.0415,0.986,0.9969,1.0081333333333333,3114124.54,0,coinbase
1667692800,0.9963,1.0279,0.9477,0.9492,0.9749333333333334,2632267.4,0,coinbase
1667779200,0.9492,1.032,0.9315,1.0026,0.9887,4002396.17,0,coinbase
1667865600,1.0032,1.0193,0.691,0.7711,0.8271333333333334,10658315.09,0,coinbase
1667952000,0.7706,0.7791,0.53,0.5523,0.6204666666666666,11956628.51,0,coinbase
1668038400,0.5491,0.7251,0.5446,0.6853,0.6516666666666666,3295185.3,0,coinbase
1668124800,0.6851,0.6997,0.621,0.6691,0.6632666666666667,1229909.65,0,coinbase
1668211200,0.6688,0.6688,0.5952,0.6057,0.6232333333333333,1084971.21,0,coinbase
1668297600,0.6065,0.641,0.592,0.6285,0.6204999999999999,1346184.83,0,coinbase
1668384000,0.6338,0.64,0.5838,0.6092,0.611,1801725.93,0,coinbase
1668470400,0.6094,0.6342,0.5971,0.6061,0.6124666666666667,1993124.68,0,coinbase
1668556800,0.6056,0.6176,0.5725,0.5862,0.5921000000000001,2232278.86,0,coinbase
1668643200,0.5856,0.5886,0.5328,0.5521,0.5578333333333333,2989303.08,0,coinbase
1668729600,0.5522,0.5678,0.5413,0.5516,0.5535666666666667,1472573.55,0,coinbase
1668816000,0.5516,0.5558,0.5382,0.5422,0.5454,964511.73,0,coinbase
1668902400,0.5422,0.5475,0.5043,0.5118,0.5212,4245588.64,0,coinbase
1668988800,0.5102,0.5197,0.4704,0.5003,0.49679999999999996,3895285.78,0,coinbase
1669075200,0.5015,0.7437,0.4014,0.6321,0.5924,23658016.1,0,coinbase
1669161600,0.6323,0.7327,0.6085,0.687,0.6760666666666667,13971304.87,0,coinbase
1669248000,0.6868,0.7281,0.6612,0.6879,0.6924,11395045.91,0,coinbase
1669334400,0.6881,0.7013,0.655,0.6782,0.6781666666666667,5220670.14,0,coinbase
1669420800,0.6776,0.7584,0.6754,0.7034,0.7124,5835034.84,0,coinbase
1669507200,0.7038,0.7195,0.6798,0.6851,0.6948,3116038.11,0,coinbase
1669593600,0.6853,0.6914,0.6267,0.6449,0.6543333333333333,6017644.0,0,coinbase
1669680000,0.6448,0.6828,0.6356,0.6615,0.6599666666666667,5517243.9,0,coinbase
1669766400,0.6621,0.6923,0.6462,0.6705,0.6696666666666666,4600457.37,0,coinbase
1669852800,0.6706,0.6731,0.6374,0.6426,0.6510333333333334,3124910.01,0,coinbase
1669939200,0.6427,0.6601,0.6233,0.6601,0.6478333333333333,2607073.91,0,coinbase
1670025600,0.6583,0.6633,0.6332,0.6352,0.6439,1197254.61,0,coinbase
1670112000,0.6352,0.6758,0.635,0.6706,0.6604666666666666,2306614.08,0,coinbase
1670198400,0.6711,0.6964,0.6645,0.6747,0.6785333333333333,4150344.02,0,coinbase
1670284800,0.6754,0.6957,0.6665,0.6794,0.6805333333333333,3514303.3,0,coinbase
1670371200,0.6789,0.6896,0.6468,0.6526,0.6629999999999999,2626612.31,0,coinbase
1670457600,0.6526,0.6721,0.6451,0.6678,0.6616666666666667,2765488.68,0,coinbase
1670544000,0.6686,0.6871,0.6363,0.6451,0.6561666666666667,2596047.53,0,coinbase
1670630400,0.6451,0.6514,0.6345,0.6385,0.6414666666666666,1507517.25,0,coinbase
1670716800,0.638,0.6485,0.6234,0.6286,0.6335000000000001,2025049.3,0,coinbase
1670803200,0.628,0.6291,0.591,0.6192,0.6131,4739146.84,0,coinbase
1670889600,0.6192,0.6676,0.5959,0.6544,0.6393,6071138.36,0,coinbase
1670976000,0.6545,0.6666,0.6379,0.6461,0.6502,3657905.24,0,coinbase
1671062400,0.6472,0.6493,0.6137,0.617,0.6266666666666666,1949056.61,0,coinbase
1671148800,0.6166,0.6242,0.5321,0.5467,0.5676666666666667,4425505.55,0,coinbase
1671235200,0.5464,0.5638,0.5314,0.5602,0.5518,3072137.34,0,coinbase
1671321600,0.5603,0.5632,0.5437,0.5495,0.5521333333333334,1463968.86,0,coinbase
1671408000,0.5496,0.5724,0.5137,0.5167,0.5342666666666668,3847238.33,0,coinbase
1671494400,0.5171,0.5387,0.5147,0.5277,0.5270333333333332,2082030.71,0,coinbase
1671580800,0.5277,0.5358,0.5083,0.5177,0.5206000000000001,3510599.28,0,coinbase
1671667200,0.5177,0.5286,0.5028,0.5243,0.5185666666666667,3453821.92,0,coinbase
1671753600,0.5243,0.5301,0.5175,0.5278,0.5251333333333333,2454171.09,0,coinbase
1671840000,0.5278,0.5287,0.5173,0.5243,0.5234333333333333,1746903.08,0,coinbase
1671926400,0.5243,0.5302,0.5155,0.5218,0.5225000000000001,2314009.68,0,coinbase
1672012800,0.5214,0.5379,0.5182,0.5371,0.5310666666666667,2472234.08,0,coinbase
1672099200,0.5373,0.541,0.5164,0.5297,0.5290333333333334,3105116.8,0,coinbase
1672185600,0.5297,0.5318,0.5073,0.5096,0.5162333333333333,4354119.71,0,coinbase
1672272000,0.5099,0.5242,0.5035,0.5108,0.5128333333333334,3549573.87,0,coinbase
1672358400,0.5108,0.5311,0.4874,0.5279,0.5154666666666666,6031844.45,0,coinbase
1672444800,0.5279,0.5342,0.5216,0.5251,0.5269666666666667,2264537.3,0,coinbase
1672531200,0.5255,0.5294,0.5193,0.5267,0.5251333333333333,1691850.48,0,coinbase
1672617600,0.5268,0.5494,0.5192,0.5336,0.5340666666666666,3938398.19,0,coinbase
1672704000,0.5335,0.5373,0.5218,0.5299,0.5296666666666666,2711231.94,0,coinbase
1672790400,0.5301,0.5665,0.5279,0.5546,0.5496666666666666,6222420.54,0,coinbase
1672876800,0.5546,0.5597,0.5395,0.5436,0.5476,3588703.51,0,coinbase
1672963200,0.5436,0.5481,0.5224,0.5467,0.5390666666666667,3060054.0,0,coinbase
1673049600,0.547,0.5533,0.5456,0.5508,0.5498999999999999,1928754.33,0,coinbase
1673136000,0.5508,0.5769,0.5423,0.5769,0.5653666666666667,2422559.14,0,coinbase
1673222400,0.5766,0.705,0.5715,0.6422,0.6395666666666666,10928188.2,0,coinbase
1673308800,0.6427,0.6605,0.6339,0.6511,0.6485,3772868.04,0,coinbase
1673395200,0.6513,0.6778,0.6474,0.6725,0.6659,8815023.49,0,coinbase
1673481600,0.6723,0.6975,0.6364,0.6877,0.6738666666666666,8119166.68,0,coinbase
1673568000,0.6876,0.8358,0.6801,0.8058,0.7738999999999999,9585912.53,0,coinbase
1673654400,0.8054,0.8534,0.7573,0.8138,0.8081666666666667,9689998.93,0,coinbase
1673740800,0.8136,0.8759,0.7822,0.8333,0.8304666666666667,6804182.24,0,coinbase
1673827200,0.8332,0.94,0.8227,0.8803,0.8809999999999999,8944633.71,0,coinbase
1673913600,0.8806,0.9497,0.8524,0.911,0.9043666666666667,10549786.12,0,coinbase
1674000000,0.9122,0.9569,0.85,0.8937,0.9002,10653648.89,0,coinbase
1674086400,0.892,0.9323,0.8744,0.8992,0.9019666666666666,7884249.12,0,coinbase
1674172800,0.8992,1.04,0.8911,1.0321,0.9877333333333334,9516073.39,0,coinbase
1674259200,1.0323,1.0442,0.9757,0.9972,1.0056999999999998,7369425.2,0,coinbase
1674345600,0.997,1.17,0.9885,1.0737,1.0774000000000001,8907764.15,0,coinbase
1674432000,1.0745,1.1204,1.0645,1.0679,1.0842666666666665,6146409.41,0,coinbase
1674518400,1.0694,1.1084,0.9583,0.9957,1.0208000000000002,5963381.21,0,coinbase
1674604800,0.9957,1.0621,0.9731,1.0309,1.0220333333333333,6712440.15,0,coinbase
1674691200,1.0319,1.127,1.0229,1.0503,1.0667333333333333,7006325.44,0,coinbase
1674777600,1.0505,1.1443,1.0024,1.1333,1.0933333333333335,4957271.65,0,coinbase
1674864000,1.1332,1.1382,1.0457,1.0729,1.0856000000000001,3501790.59,0,coinbase
1674950400,1.0731,1.1088,1.0561,1.0882,1.0843666666666667,2249761.62,0,coinbase
1675036800,1.0876,1.0976,0.9517,0.9936,1.0142999999999998,2848569.21,0,coinbase
1675123200,0.9947,1.0449,0.9856,1.0204,1.0169666666666666,2370701.14,0,coinbase
1675209600,1.02,1.1261,0.9741,1.1112,1.0704666666666667,4110655.64,0,coinbase
1675296000,1.1118,1.1792,1.048,1.0608,1.0959999999999999,7671442.54,0,coinbase
1675382400,1.0621,1.15,1.0596,1.1158,1.1084666666666667,6470872.03,0,coinbase
1675468800,1.1136,1.1304,1.0881,1.1094,1.1093,3464903.54,0,coinbase
1675555200,1.1096,1.1183,1.0148,1.0528,1.0619666666666665,4039468.84,0,coinbase
1675641600,1.0527,1.0909,1.0255,1.0467,1.0543666666666667,2838023.0,0,coinbase
1675728000,1.0466,1.0994,1.0377,1.0919,1.0763333333333334,3905208.82,0,coinbase
1675814400,1.0926,1.2396,1.0765,1.1411,1.1524,9811823.09,0,coinbase
1675900800,1.1411,1.1592,0.9448,0.9742,1.0260666666666667,8260700.13,0,coinbase
1675987200,0.9734,0.9968,0.9364,0.9604,0.9645333333333334,5050561.95,0,coinbase
1676073600,0.9603,0.9713,0.9287,0.9584,0.9528,1887397.17,0,coinbase
1676160000,0.9585,0.9863,0.9162,0.9283,0.9436,2741186.91,0,coinbase
1676246400,0.9291,1.0882,0.8965,1.056,1.0135666666666667,15367292.75,0,coinbase
1676332800,1.056,1.1171,1.001,1.0801,1.0660666666666667,8979666.6,0,coinbase
1676419200,1.0788,1.1646,1.0588,1.1472,1.1235333333333333,8370691.93,0,coinbase
1676505600,1.1474,1.22,1.0857,1.0953,1.1336666666666666,9211311.82,0,coinbase
1676592000,1.096,1.2434,1.0883,1.2158,1.1825,6416347.83,0,coinbase
1676678400,1.2151,1.2717,1.1659,1.2533,1.2303,4479596.01,0,coinbase
1676764800,1.2539,1.2756,1.1926,1.2045,1.2242333333333335,3319213.5,0,coinbase
1676851200,1.2059,1.2889,1.1521,1.2705,1.2371666666666667,4945483.45,0,coinbase
1676937600,1.2698,1.2983,1.1423,1.1617,1.2007666666666665,4659985.23,0,coinbase
1677024000,1.1624,1.1632,1.0668,1.1087,1.1129,5380604.88,0,coinbase
1677110400,1.1084,1.1374,1.0681,1.0808,1.0954333333333333,2456631.56,0,coinbase
1677196800,1.0786,1.089,0.9801,0.9969,1.022,4892785.07,0,coinbase
1677283200,0.9969,1.0008,0.9487,0.9873,0.9789333333333333,2756564.02,0,coinbase
1677369600,0.9869,1.0254,0.9774,1.0223,1.0083666666666666,2096923.8,0,coinbase
1677456000,1.0202,1.0496,0.9835,1.017,1.0167,3500798.83,0,coinbase
1677542400,1.0175,1.0427,0.9855,0.9961,1.0081,4523487.65,0,coinbase
1677628800,0.9961,1.06,0.9871,1.0334,1.0268333333333333,3132786.37,0,coinbase
1677715200,1.0335,1.04,0.9716,0.9909,1.0008333333333332,2338958.92,0,coinbase
1677801600,0.9905,0.9957,0.8951,0.935,0.9419333333333334,2511325.37,0,coinbase
1677888000,0.9352,0.9446,0.896,0.9103,0.9169666666666667,802659.28,0,coinbase
1677974400,0.9099,0.9423,0.9069,0.9302,0.9264666666666668,2226449.65,0,coinbase
1678060800,0.9299,0.9729,0.916,0.9484,0.9457666666666666,2322103.05,0,coinbase
1678147200,0.9485,1.0,0.9433,0.9737,0.9723333333333333,4027624.66,0,coinbase
1678233600,0.9754,0.9847,0.8818,0.8901,0.9188666666666667,2165913.18,0,coinbase
1678320000,0.8904,0.9208,0.8185,0.8393,0.8595333333333334,2601326.55,0,coinbase
1678406400,0.8398,0.8929,0.8108,0.8905,0.8647333333333332,5772037.37,0,coinbase
1678492800,0.8899,0.943,0.7979,0.8658,0.8689,3596485.73,0,coinbase
1678579200,0.8639,0.9716,0.8474,0.9577,0.9255666666666666,4217623.45,0,coinbase
1678665600,0.9585,1.0176,0.9099,0.9822,0.9699,8472421.09,0,coinbase
1678752000,0.9813,1.052,0.959,0.9912,1.0007333333333335,4876125.72,0,coinbase
1678838400,0.9933,1.0179,0.8682,0.8933,0.9264666666666667,5812228.12,0,coinbase
1678924800,0.8941,0.9244,0.8783,0.9151,0.9059333333333334,3017443.26,0,coinbase
1679011200,0.9149,1.0169,0.9008,1.0048,0.9741666666666666,3509494.56,0,coinbase
1679097600,1.0051,1.0498,0.9846,0.9898,1.0080666666666669,5953473.88,0,coinbase
1679184000,0.9907,1.07,0.9901,1.0217,1.0272666666666668,4812026.53,0,coinbase
1679270400,1.0232,1.0265,0.9612,0.9648,0.9841666666666667,3742166.31,0,coinbase
1679356800,0.9649,1.0133,0.9406,0.9985,0.9841333333333333,3863661.59,0,coinbase
1679443200,0.9989,1.0104,0.9243,0.9427,0.9591333333333333,5906838.81,0,coinbase
1679529600,0.9426,0.9911,0.9341,0.9697,0.9649666666666666,2661617.97,0,coinbase
1679616000,0.9699,0.9726,0.8936,0.9073,0.9245000000000001,3286322.53,0,coinbase
1679702400,0.9068,0.9377,0.8988,0.9177,0.9180666666666667,2881368.7,0,coinbase
1679788800,0.9177,0.946,0.9147,0.9331,0.9312666666666667,2015764.52,0,coinbase
1679875200,0.9337,0.9373,0.8713,0.89,0.8995333333333333,2839215.51,0,coinbase
1679961600,0.8899,0.9311,0.8779,0.9205,0.9098333333333334,2049436.51,0,coinbase
1680048000,0.9209,0.9838,0.9171,0.9408,0.9472333333333333,2337001.65,0,coinbase
1680134400,0.9409,0.9634,0.9092,0.9218,0.9314666666666667,2019868.99,0,coinbase
1680220800,0.922,0.9524,0.9047,0.9358,0.9309666666666666,2327801.41,0,coinbase
1680307200,0.9357,0.9486,0.9158,0.9239,0.9294333333333333,1174206.86,0,coinbase
1680393600,0.9237,0.9259,0.8892,0.9081,0.9077333333333333,1654963.94,0,coinbase
1680480000,0.9065,0.9357,0.8824,0.9243,0.9141333333333334,2724725.81,0,coinbase
1680566400,0.9243,1.0101,0.9118,0.9965,0.9728,4895123.29,0,coinbase
1680652800,0.9964,1.0354,0.9844,1.0026,1.0074666666666667,3020532.74,0,coinbase
1680739200,1.003,1.0177,0.986,1.01,1.0045666666666666,2991409.52,0,coinbase
1680825600,1.0098,1.0279,0.9952,1.0218,1.0149666666666668,5141408.31,0,coinbase
1680912000,1.0212,1.0481,1.0022,1.0245,1.0249333333333333,4765627.21,0,coinbase
1680998400,1.0248,1.0387,0.9875,1.0113,1.0125000000000002,2998372.49,0,coinbase
1681084800,1.0113,1.0304,0.9906,1.029,1.0166666666666666,1952263.17,0,coinbase
1681171200,1.0296,1.0459,1.0135,1.0186,1.026,2274508.38,0,coinbase
1681257600,1.0187,1.0468,0.9791,1.0289,1.0182666666666667,3641635.26,0,coinbase
1681344000,1.029,1.0759,1.0148,1.0668,1.0525,3962341.32,0,coinbase
1681430400,1.0667,1.1126,1.0655,1.0911,1.0897333333333332,4970815.47,0,coinbase
1681516800,1.0913,1.1062,1.0765,1.0935,1.0920666666666667,3401754.83,0,coinbase
1681603200,1.0929,1.1117,1.0669,1.105,1.0945333333333334,3418814.45,0,coinbase
1681689600,1.1049,1.1052,1.0476,1.0511,1.0679666666666667,4467052.19,0,coinbase
1681776000,1.0511,1.1122,1.0376,1.0744,1.0747333333333333,5892178.87,0,coinbase
1681862400,1.0748,1.075,0.9371,0.9582,0.9901000000000001,6906950.65,0,coinbase
1681948800,0.9575,0.9797,0.9349,0.9433,0.9526333333333333,6886909.94,0,coinbase
1682035200,0.9432,0.9582,0.9066,0.9212,0.9286666666666666,10593370.73,0,coinbase
1682121600,0.9218,0.9394,0.9132,0.937,0.9298666666666667,1943905.85,0,coinbase
1682208000,0.9372,0.9861,0.9202,0.9452,0.9504999999999999,3159456.99,0,coinbase
1682294400,0.944,0.9654,0.9138,0.9268,0.9353333333333333,3473271.64,0,coinbase
1682380800,0.9274,0.9477,0.8957,0.9392,0.9275333333333333,2470153.76,0,coinbase
1682467200,0.9399,0.9771,0.8827,0.9194,0.9264,2319688.64,0,coinbase
1682553600,0.9185,0.959,0.9147,0.9451,0.9396,1681222.5,0,coinbase
1682640000,0.9451,0.9491,0.9157,0.9256,0.9301333333333334,1491632.42,0,coinbase
1682726400,0.9261,0.945,0.9221,0.9312,0.9327666666666667,1352419.12,0,coinbase
1682812800,0.9313,0.9479,0.9022,0.9088,0.9196333333333332,1337219.97,0,coinbase
1682899200,0.9086,0.9148,0.8736,0.8838,0.8907333333333334,2124009.73,0,coinbase
1682985600,0.8834,0.9097,0.8779,0.9052,0.8976000000000001,1671992.34,0,coinbase
1683072000,0.9051,0.9872,0.8797,0.9694,0.9454333333333333,5520926.01,0,coinbase
1683158400,0.9694,0.9729,0.9168,0.9292,0.9396333333333334,2892875.56,0,coinbase
1683244800,0.9294,0.989,0.9265,0.9552,0.9569000000000001,4311014.77,0,coinbase
1683331200,0.955,0.9641,0.8934,0.9031,0.9202,2922609.14,0,coinbase
1683417600,0.9034,0.9171,0.8846,0.8885,0.8967333333333333,1767063.97,0,coinbase
1683504000,0.8873,0.8901,0.799,0.8332,0.8407666666666667,3600560.05,0,coinbase
1683590400,0.8333,0.846,0.8272,0.8376,0.8369333333333334,2526431.14,0,coinbase
1683676800,0.8382,0.8566,0.8034,0.8404,0.8334666666666667,3478675.94,0,coinbase
1683763200,0.8392,0.8404,0.7841,0.801,0.8085,2488464.4,0,coinbase
1683849600,0.7995,0.8173,0.7717,0.8162,0.8017333333333333,1940690.11,0,coinbase
1683936000,0.8161,0.8228,0.798,0.8038,0.8081999999999999,1612486.06,0,coinbase
1684022400,0.804,0.819,0.795,0.8075,0.8071666666666667,973843.78,0,coinbase
1684108800,0.8073,0.8339,0.7967,0.8276,0.8193999999999999,1725444.16,0,coinbase
1684195200,0.8272,0.8361,0.8167,0.8305,0.8277666666666667,2095570.66,0,coinbase
1684281600,0.8306,0.8387,0.803,0.8325,0.8247333333333334,3452721.89,0,coinbase
1684368000,0.8325,0.8351,0.7995,0.827,0.8205333333333332,2323460.89,0,coinbase
1684454400,0.8272,0.8345,0.8166,0.8296,0.8269000000000001,1607572.86,0,coinbase
1684540800,0.829,0.8343,0.8218,0.8301,0.8287333333333332,1284570.29,0,coinbase
1684627200,0.8304,0.8439,0.819,0.8358,0.8329,1206362.5,0,coinbase
1684713600,0.8353,0.8569,0.8231,0.8506,0.8435333333333334,2894706.17,0,coinbase
1684800000,0.8508,0.883,0.8467,0.864,0.8645666666666667,1977379.19,0,coinbase
1684886400,0.8643,0.8847,0.8091,0.8308,0.8415333333333334,2754503.64,0,coinbase
1684972800,0.8303,0.8361,0.8161,0.8237,0.8253,1262708.19,0,coinbase
1685059200,0.8238,0.8717,0.8195,0.8539,0.8483666666666667,1549891.71,0,coinbase
1685145600,0.8533,0.8576,0.8435,0.8487,0.8499333333333334,1091927.66,0,coinbase
1685232000,0.849,0.8734,0.8451,0.8611,0.8598666666666667,1211399.17,0,coinbase
1685318400,0.8615,0.8681,0.8479,0.8546,0.8568666666666666,1682705.52,0,coinbase
1685404800,0.8544,0.8654,0.8264,0.837,0.8429333333333333,1964846.33,0,coinbase
1685491200,0.8369,0.8398,0.8088,0.8179,0.8221666666666666,1493318.52,0,coinbase
1685577600,0.8177,0.8228,0.8035,0.8126,0.8129666666666667,1063584.96,0,coinbase
1685664000,0.8126,0.8595,0.8086,0.8535,0.8405333333333332,2349784.48,0,coinbase
1685750400,0.8538,0.8611,0.8435,0.8513,0.8519666666666668,1138208.93,0,coinbase
1685836800,0.8519,0.8629,0.8468,0.8484,0.8527,1063244.05,0,coinbase
1685923200,0.8479,0.8492,0.768,0.7747,0.7973,2676229.43,0,coinbase
1686009600,0.7745,0.8025,0.7578,0.8025,0.7876,1604611.93,0,coinbase
1686096000,0.8014,0.8016,0.7511,0.7555,0.7694,976107.77,0,coinbase
1686182400,0.7556,0.7708,0.7488,0.761,0.7602000000000001,828171.31,0,coinbase
1686268800,0.761,0.7654,0.7474,0.7588,0.7572,1102441.19,0,coinbase
1686355200,0.7574,0.7574,0.6297,0.6721,0.6864,2710830.85,0,coinbase
1686441600,0.6718,0.681,0.6635,0.6702,0.6715666666666666,831516.85,0,coinbase
1686528000,0.6701,0.6715,0.6277,0.6363,0.6451666666666666,2051758.42,0,coinbase
1686614400,0.6363,0.6656,0.6348,0.6507,0.6503666666666666,1729474.03,0,coinbase
1686700800,0.6506,0.6563,0.5656,0.5698,0.5972333333333334,2754891.38,0,coinbase
1686787200,0.5697,0.6223,0.5592,0.6057,0.5957333333333333,5065628.62,0,coinbase
1686873600,0.6063,0.638,0.5999,0.6217,0.6198666666666667,4321634.64,0,coinbase
1686960000,0.6217,0.6399,0.6173,0.62,0.6257333333333334,841409.61,0,coinbase
1687046400,0.6202,0.635,0.6142,0.6227,0.6239666666666667,1057704.16,0,coinbase
1687132800,0.6229,0.6387,0.6093,0.6326,0.6268666666666667,1193865.86,0,coinbase
1687219200,0.6326,0.6694,0.6212,0.6632,0.6512666666666667,2202436.4,0,coinbase
1687305600,0.6638,0.6957,0.6601,0.6886,0.6814666666666667,1783617.23,0,coinbase
1687392000,0.6886,0.7077,0.6657,0.6703,0.6812333333333332,1708724.99,0,coinbase
1687478400,0.6693,0.7043,0.6674,0.6925,0.6880666666666667,2160929.15,0,coinbase
1687564800,0.6927,0.702,0.659,0.6708,0.6772666666666667,2069412.42,0,coinbase
1687651200,0.6708,0.7435,0.6677,0.7038,0.7050000000000001,3470064.43,0,coinbase
1687737600,0.7038,0.7039,0.6612,0.6804,0.6818333333333334,3373176.4,0,coinbase
1687824000,0.6791,0.701,0.6728,0.6927,0.6888333333333333,2254794.65,0,coinbase
1687910400,0.6933,0.6937,0.6387,0.6596,0.664,2134329.56,0,coinbase
1687996800,0.6598,0.7265,0.6551,0.71,0.6972,2074915.76,0,coinbase
1688083200,0.7097,0.7839,0.6919,0.7616,0.7458,3097267.07,0,coinbase
1688169600,0.7631,0.7814,0.7566,0.7785,0.7721666666666667,776267.93,0,coinbase
1688256000,0.7788,0.7791,0.7474,0.7648,0.7637666666666667,451927.46,0,coinbase
1688342400,0.7643,0.7927,0.757,0.7854,0.7783666666666668,1815587.6,0,coinbase
1688428800,0.7841,0.8253,0.78,0.8058,0.8037000000000001,2542909.1,0,coinbase
1688515200,0.806,0.8112,0.7659,0.781,0.7860333333333335,2143164.56,0,coinbase
1688601600,0.781,0.8029,0.7251,0.7266,0.7515333333333333,2665399.41,0,coinbase
1688688000,0.7256,0.7919,0.7181,0.7881,0.7660333333333332,2337852.2,0,coinbase
1688774400,0.7896,0.7943,0.7625,0.7805,0.7791,1512445.14,0,coinbase
1688860800,0.7803,0.8191,0.7797,0.7988,0.7991999999999999,2073698.07,0,coinbase
1688947200,0.7982,0.8268,0.7833,0.8063,0.8054666666666668,3053221.53,0,coinbase
1689033600,0.8064,0.8141,0.7879,0.7934,0.7984666666666667,1633370.38,0,coinbase
1689120000,0.7945,0.8097,0.7794,0.7863,0.7918,2228482.4,0,coinbase
1689206400,0.7859,0.8576,0.7749,0.8458,0.8261,2801155.49,0,coinbase
1689292800,0.8449,0.879,0.8029,0.8218,0.8345666666666666,2882816.75,0,coinbase
1689379200,0.8218,0.8326,0.8102,0.8225,0.8217666666666666,1367900.97,0,coinbase
1689465600,0.8223,0.8257,0.8056,0.8083,0.8132,865079.87,0,coinbase
1689552000,0.8077,0.8185,0.785,0.8099,0.8044666666666666,1335730.7,0,coinbase
1689638400,0.8107,0.8139,0.7754,0.7843,0.7911999999999999,1025864.48,0,coinbase
1689724800,0.784,0.7972,0.7744,0.7781,0.7832333333333334,1203745.91,0,coinbase
1689811200,0.7774,0.8033,0.7743,0.7864,0.7879999999999999,1773797.58,0,coinbase
1689897600,0.7867,0.7957,0.7654,0.7699,0.777,3174343.52,0,coinbase
1689984000,0.7696,0.7726,0.7437,0.7517,0.7559999999999999,900050.59,0,coinbase
1690070400,0.7518,0.768,0.7478,0.7591,0.7583000000000001,754459.52,0,coinbase
1690156800,0.7582,0.7617,0.7101,0.7285,0.7334333333333333,2235796.21,0,coinbase
1690243200,0.7286,0.7328,0.7207,0.7256,0.7263666666666667,1649870.99,0,coinbase
1690329600,0.7256,0.7401,0.7161,0.7302,0.7288,1399147.86,0,coinbase
1690416000,0.7299,0.7444,0.7231,0.7299,0.7324666666666667,1494829.38,0,coinbase
1690502400,0.7299,0.7333,0.7187,0.73,0.7273333333333333,1174702.53,0,coinbase
1690588800,0.7288,0.7409,0.7259,0.7372,0.7346666666666667,443874.01,0,coinbase
1690675200,0.7371,0.7396,0.5833,0.6321,0.6516666666666667,13464383.41,0,coinbase
1690761600,0.6321,0.6571,0.5252,0.5666,0.5829666666666667,38245657.44,0,coinbase
1690848000,0.5668,0.6246,0.4782,0.6136,0.5721333333333334,24319880.06,0,coinbase
1690934400,0.6137,0.6137,0.5437,0.5824,0.5799333333333333,15573616.18,0,coinbase
1691020800,0.5818,0.611,0.5727,0.5798,0.5878333333333333,8410658.03,0,coinbase
1691107200,0.5794,0.6354,0.5667,0.6112,0.6044333333333333,7754458.92,0,coinbase
1691193600,0.6111,0.7,0.6012,0.6213,0.6408333333333333,8143199.61,0,coinbase
1691280000,0.6208,0.6317,0.6067,0.6102,0.6162,3636848.41,0,coinbase
1691366400,0.6108,0.6293,0.5851,0.6139,0.6094333333333334,4852740.15,0,coinbase
1691452800,0.6142,0.6169,0.5959,0.6011,0.6046333333333334,4460997.43,0,coinbase
1691539200,0.6018,0.6184,0.5978,0.6147,0.6103,2261353.79,0,coinbase
1691625600,0.6147,0.656,0.6045,0.6085,0.623,4063186.72,0,coinbase
1691712000,0.6083,0.6127,0.5888,0.5967,0.5994,3026188.43,0,coinbase
1691798400,0.5967,0.5979,0.5759,0.5857,0.5865,2258942.55,0,coinbase
1691884800,0.5853,0.599,0.5661,0.577,0.5807,1840255.06,0,coinbase
1691971200,0.5771,0.5881,0.5714,0.5805,0.58,1814348.02,0,coinbase
1692057600,0.5806,0.5867,0.5324,0.5556,0.5582333333333334,4179343.84,0,coinbase
1692144000,0.5548,0.5648,0.5258,0.5406,0.5437333333333333,3786164.39,0,coinbase
1692230400,0.5405,0.5518,0.4555,0.4949,0.5007333333333333,5055992.01,0,coinbase
1692316800,0.4941,0.5066,0.4876,0.4949,0.4963666666666667,3644538.62,0,coinbase
1692403200,0.4946,0.5137,0.4894,0.5033,0.5021333333333334,2587876.43,0,coinbase
1692489600,0.503,0.5048,0.4928,0.4989,0.4988333333333334,1625394.45,0,coinbase
1692576000,0.4978,0.5019,0.4688,0.4782,0.4829666666666667,3777882.76,0,coinbase
1692662400,0.4786,0.4812,0.4403,0.4746,0.4653666666666667,7091077.39,0,coinbase
1692748800,0.4753,0.4813,0.4599,0.4682,0.4698,4418726.3,0,coinbase
1692835200,0.4683,0.4686,0.4454,0.4546,0.4562,3228437.24,0,coinbase
1692921600,0.4544,0.4602,0.4398,0.4548,0.4516,3727627.64,0,coinbase
1693008000,0.4542,0.4605,0.4498,0.4522,0.45416666666666666,1152092.0,0,coinbase
1693094400,0.452,0.4619,0.4494,0.4601,0.45713333333333334,1135970.27,0,coinbase
1693180800,0.4601,0.4932,0.4557,0.4863,0.4784,3401020.87,0,coinbase
1693267200,0.4863,0.4994,0.4574,0.4837,0.4801666666666667,10164031.28,0,coinbase
1693353600,0.4844,0.486,0.4661,0.4733,0.47513333333333335,2088540.64,0,coinbase
1693440000,0.4736,0.4777,0.4411,0.4529,0.4572333333333334,1763735.83,0,coinbase
1693526400,0.4529,0.4564,0.4269,0.4386,0.44063333333333327,3887048.65,0,coinbase
1693612800,0.4378,0.4434,0.4308,0.4371,0.43710000000000004,1697900.19,0,coinbase
1693699200,0.4378,0.4414,0.4321,0.4348,0.4361,1081975.8,0,coinbase
1693785600,0.4346,0.4448,0.4317,0.4367,0.4377333333333333,1162800.2,0,coinbase
1693872000,0.4371,0.4472,0.4334,0.4448,0.4418,1154978.66,0,coinbase
1693958400,0.4434,0.4528,0.4346,0.4508,0.44606666666666667,1037812.27,0,coinbase
1694044800,0.4506,0.4506,0.4371,0.4466,0.4447666666666666,1049828.68,0,coinbase
1694131200,0.4465,0.4514,0.4345,0.4412,0.44236666666666663,735409.86,0,coinbase
1694217600,0.4413,0.4456,0.4379,0.443,0.44216666666666665,643265.3,0,coinbase
1694304000,0.4434,0.4435,0.414,0.4275,0.4283333333333333,1948079.68,0,coinbase
1694390400,0.4265,0.4278,0.3999,0.4081,0.4119333333333333,1692502.43,0,coinbase
1694476800,0.4078,0.4206,0.3986,0.4018,0.407,1986123.15,0,coinbase
1694563200,0.4016,0.4192,0.3864,0.4173,0.40763333333333335,4616588.84,0,coinbase
1694649600,0.4177,0.4283,0.4104,0.4195,0.4194,1839003.89,0,coinbase
1694736000,0.4197,0.4386,0.4143,0.4357,0.4295333333333333,1181075.59,0,coinbase
1694822400,0.4372,0.4428,0.429,0.4379,0.4365666666666667,915713.5,0,coinbase
1694908800,0.4376,0.4425,0.4233,0.4318,0.4325333333333334,1167529.96,0,coinbase
1694995200,0.4318,0.4479,0.4243,0.4254,0.4325333333333334,1512738.95,0,coinbase
1695081600,0.4257,0.452,0.4233,0.4438,0.4397,1533941.13,0,coinbase
1695168000,0.4439,0.4474,0.4336,0.4422,0.44106666666666666,1402054.12,0,coinbase
1695254400,0.4418,0.4566,0.4324,0.4446,0.4445333333333334,1604685.24,0,coinbase
1695340800,0.4446,0.5012,0.4366,0.4911,0.4763,3802540.55,0,coinbase
1695427200,0.4911,0.4968,0.4656,0.4738,0.4787333333333333,1856370.65,0,coinbase
1695513600,0.4743,0.549,0.4703,0.5148,0.5113666666666666,6066019.23,0,coinbase
1695600000,0.514,0.5337,0.5059,0.5208,0.5201333333333333,1465103.92,0,coinbase
1695686400,0.5211,0.5279,0.5077,0.5238,0.5198,1026130.82,0,coinbase
1695772800,0.5234,0.5357,0.5125,0.5167,0.5216333333333334,1523228.09,0,coinbase
1695859200,0.5173,0.5285,0.5096,0.5161,0.5180666666666667,1224044.61,0,coinbase
1695945600,0.5161,0.5317,0.5125,0.523,0.5224000000000001,1230253.54,0,coinbase
1696032000,0.5227,0.54,0.5151,0.519,0.5247,937318.92,0,coinbase
1696118400,0.5178,0.5454,0.5167,0.5388,0.5336333333333333,699953.66,0,coinbase
1696204800,0.538,0.538,0.4848,0.4992,0.5073333333333334,1086764.74,0,coinbase
1696291200,0.4993,0.5025,0.4805,0.4873,0.4901,735549.62,0,coinbase
1696377600,0.4875,0.4895,0.468,0.4824,0.47996666666666665,752025.95,0,coinbase
1696464000,0.4819,0.4824,0.4652,0.4661,0.47123333333333334,599255.88,0,coinbase
1696550400,0.4672,0.4827,0.4672,0.474,0.4746333333333333,587104.69,0,coinbase
1696636800,0.4735,0.4799,0.4684,0.4719,0.4734,492868.37,0,coinbase
1696723200,0.4722,0.4745,0.462,0.4743,0.47026666666666667,578751.49,0,coinbase
1696809600,0.4738,0.4744,0.4387,0.4494,0.45416666666666666,1225145.03,0,coinbase
1696896000,0.4488,0.4509,0.4314,0.4344,0.4389,886065.99,0,coinbase
1696982400,0.4355,0.4365,0.4212,0.4338,0.43050000000000005,1484418.8,0,coinbase
1697068800,0.4339,0.4339,0.4181,0.4244,0.4254666666666667,990396.77,0,coinbase
1697155200,0.4244,0.4525,0.424,0.4415,0.43933333333333335,1375459.23,0,coinbase
1697241600,0.4407,0.4446,0.4372,0.4378,0.43986666666666663,608776.75,0,coinbase
1697328000,0.4376,0.4432,0.4353,0.44,0.4395,1006836.42,0,coinbase
1697414400,0.4411,0.4574,0.4379,0.4478,0.4477,1657017.51,0,coinbase
1697500800,0.4476,0.4513,0.4285,0.4334,0.4377333333333333,2543167.28,0,coinbase
1697587200,0.4328,0.4491,0.424,0.4248,0.43263333333333337,1405303.54,0,coinbase
1697673600,0.4246,0.4279,0.4109,0.4149,0.4179,710538.14,0,coinbase
1697760000,0.4155,0.4309,0.4119,0.4206,0.4211333333333333,757127.06,0,coinbase
1697846400,0.4219,0.4419,0.419,0.4386,0.4331666666666667,634600.68,0,coinbase
1697932800,0.439,0.4538,0.4359,0.4512,0.4469666666666667,345835.25,0,coinbase
1698019200,0.4516,0.4732,0.4486,0.472,0.46459999999999996,1800191.79,0,coinbase
1698105600,0.4722,0.4897,0.4598,0.4794,0.4763,1424678.86,0,coinbase
1698192000,0.4794,0.4888,0.4671,0.4773,0.47773333333333334,711063.6,0,coinbase
1698278400,0.4788,0.4993,0.4579,0.4775,0.47823333333333334,1294297.14,0,coinbase
1698364800,0.4785,0.4785,0.4572,0.4667,0.4674666666666667,584197.0,0,coinbase
1698451200,0.4657,0.4838,0.4654,0.4811,0.4767666666666667,578316.64,0,coinbase
1698537600,0.4801,0.4978,0.4751,0.4934,0.48876666666666674,1018271.39,0,coinbase
1698624000,0.4942,0.506,0.4831,0.4887,0.4926,1027314.63,0,coinbase
1698710400,0.4877,0.4964,0.4625,0.4797,0.47953333333333337,861337.88,0,coinbase
1698796800,0.4794,0.5263,0.4666,0.5199,0.5042666666666666,2047722.26,0,coinbase
1698883200,0.5207,0.5399,0.4989,0.5097,0.5161666666666668,2016233.23,0,coinbase
1698969600,0.509,0.5372,0.4957,0.5327,0.5218666666666666,1614663.84,0,coinbase
1699056000,0.5326,0.5616,0.5248,0.5539,0.5467666666666666,1342629.76,0,coinbase
1699142400,0.5541,0.5782,0.5439,0.5654,0.5625,1774967.1,0,coinbase
1699228800,0.5666,0.5796,0.5563,0.5742,0.5700333333333333,1155566.24,0,coinbase
1699315200,0.5727,0.5919,0.5401,0.5577,0.5632333333333334,1399902.42,0,coinbase
1699401600,0.5583,0.5794,0.551,0.5698,0.5667333333333334,1352433.01,0,coinbase
1699488000,0.5683,0.5931,0.4537,0.5521,0.5329666666666667,5309102.17,0,coinbase
1699574400,0.5511,0.6232,0.5485,0.604,0.5919,3647867.6,0,coinbase
1699660800,0.6047,0.6511,0.5838,0.624,0.6196333333333334,5336142.72,0,coinbase
1699747200,0.6239,0.6548,0.6002,0.6311,0.6286999999999999,7179679.43,0,coinbase
1699833600,0.6322,0.65,0.5712,0.5753,0.5988333333333333,4511449.65,0,coinbase
1699920000,0.5754,0.5889,0.5331,0.5718,0.5646,2783648.57,0,coinbase
1700006400,0.5737,0.6211,0.5684,0.6117,0.6004,2413953.88,0,coinbase
1700092800,0.6123,0.6235,0.563,0.5716,0.5860333333333334,1310706.39,0,coinbase
1700179200,0.5718,0.5946,0.5425,0.57,0.5690333333333334,1166530.54,0,coinbase
1700265600,0.5689,0.5694,0.5365,0.5627,0.5562,696770.74,0,coinbase
1700352000,0.56,0.5776,0.5491,0.5751,0.5672666666666667,509249.64,0,coinbase
1700438400,0.5736,0.5888,0.5601,0.5668,0.5719,1323372.7,0,coinbase
1700524800,0.5679,0.5828,0.5154,0.5211,0.5397666666666666,1122402.59,0,coinbase
1700611200,0.5201,0.5863,0.5201,0.5857,0.5640333333333333,1434427.05,0,coinbase
1700697600,0.5864,0.5939,0.5668,0.5791,0.5799333333333333,456216.03,0,coinbase
1700784000,0.5794,0.6026,0.5755,0.5901,0.5894,933057.97,0,coinbase
1700870400,0.588,0.6035,0.5848,0.5985,0.5956,562336.52,0,coinbase
1700956800,0.5983,0.6079,0.5698,0.5808,0.5861666666666666,479255.58,0,coinbase
1701043200,0.5818,0.5877,0.5469,0.5591,0.5645666666666668,576330.85,0,coinbase
1701129600,0.5592,0.5717,0.5497,0.5619,0.5611,848298.45,0,coinbase
1701216000,0.5619,0.5726,0.5463,0.5496,0.5561666666666666,918256.31,0,coinbase
1701302400,0.5495,0.5613,0.5435,0.5586,0.5544666666666667,502597.59,0,coinbase
1701388800,0.5582,0.5736,0.5538,0.5718,0.5663999999999999,826903.43,0,coinbase
1701475200,0.5719,0.6137,0.57,0.6088,0.5975,822369.23,0,coinbase
1701561600,0.6089,0.6145,0.589,0.6016,0.6017,663935.0,0,coinbase
1701648000,0.6035,0.6174,0.575,0.6057,0.5993666666666666,1202237.62,0,coinbase
1701734400,0.6053,0.6359,0.5833,0.6306,0.6166,3048791.45,0,coinbase
1701820800,0.6303,0.6422,0.5992,0.6028,0.6147333333333334,2394504.37,0,coinbase
1701907200,0.6067,0.6612,0.6039,0.6474,0.6375,3021765.83,0,coinbase
1701993600,0.6474,0.6985,0.6474,0.6894,0.6784333333333333,5317067.05,0,coinbase
1702080000,0.6893,0.7043,0.6625,0.6734,0.6800666666666667,2360835.99,0,coinbase
1702166400,0.6742,0.7234,0.6677,0.72,0.7037,2129802.44,0,coinbase
1702252800,0.7217,0.7229,0.6303,0.6551,0.6694333333333334,4824528.12,0,coinbase
1702339200,0.6562,0.6733,0.6225,0.6457,0.6471666666666667,2518586.6,0,coinbase
1702425600,0.6461,0.647,0.6095,0.6414,0.6326333333333333,1523189.47,0,coinbase
1702512000,0.6418,0.6506,0.6035,0.647,0.6337,1916783.76,0,coinbase
1702598400,0.6472,0.6586,0.626,0.6329,0.6391666666666667,2354780.21,0,coinbase
1702684800,0.6329,0.6567,0.6217,0.6371,0.6385,1557097.05,0,coinbase
1702771200,0.6384,0.6788,0.6218,0.6577,0.6527666666666666,2174535.41,0,coinbase
1702857600,0.6589,0.6589,0.5742,0.6188,0.6173000000000001,2484157.2,0,coinbase
1702944000,0.6193,0.6287,0.5634,0.5791,0.5903999999999999,5177576.43,0,coinbase
1703030400,0.5784,0.5983,0.5626,0.5811,0.5806666666666667,2051442.08,0,coinbase
1703116800,0.58,0.6019,0.5742,0.5977,0.5912666666666667,1384044.61,0,coinbase
1703203200,0.598,0.6197,0.5978,0.6162,0.6112333333333333,2170854.22,0,coinbase
1703289600,0.6175,0.625,0.5924,0.6187,0.6120333333333333,2457320.0,0,coinbase
1703376000,0.6189,0.6525,0.6059,0.6177,0.6253666666666667,2621221.33,0,coinbase
1703462400,0.6191,0.6598,0.6167,0.6458,0.6407666666666666,1958062.19,0,coinbase
1703548800,0.6446,0.6836,0.6029,0.634,0.6401666666666667,2373355.06,0,coinbase
1703635200,0.6349,0.6817,0.6067,0.672,0.6534666666666666,2967922.72,0,coinbase
1703721600,0.6723,0.711,0.6414,0.7005,0.6842999999999999,2850524.81,0,coinbase
1703808000,0.7009,0.7081,0.616,0.6282,0.6507666666666667,2778625.84,0,coinbase
1703894400,0.6281,0.6424,0.6169,0.6225,0.6272666666666668,1406273.45,0,coinbase
1703980800,0.6222,0.6355,0.5872,0.6054,0.6093666666666667,1213257.69,0,coinbase
1704067200,0.6042,0.6294,0.5936,0.6284,0.6171333333333333,1309282.88,0,coinbase
1704153600,0.6295,0.6471,0.6191,0.6292,0.6318,1845747.06,0,coinbase
1704240000,0.6295,0.638,0.4755,0.5819,0.5651333333333333,4399428.14,0,coinbase
1704326400,0.5787,0.5952,0.5683,0.5835,0.5823333333333333,870467.49,0,coinbase
1704412800,0.5839,0.5929,0.5509,0.5762,0.5733333333333334,1970354.11,0,coinbase
1704499200,0.5755,0.5761,0.5292,0.5451,0.5501333333333333,959218.69,0,coinbase
1704585600,0.5448,0.5551,0.5103,0.5168,0.5274,1117620.02,0,coinbase
1704672000,0.5167,0.5519,0.4881,0.5494,0.5297999999999999,1265401.57,0,coinbase
1704758400,0.5487,0.5508,0.4953,0.5217,0.5226000000000001,2854738.56,0,coinbase
1704844800,0.521,0.5784,0.5102,0.565,0.5512,1836313.62,0,coinbase
1704931200,0.5663,0.5938,0.5568,0.5842,0.5782666666666666,2084920.29,0,coinbase
1705017600,0.5853,0.6038,0.5302,0.5512,0.5617333333333333,2725789.09,0,coinbase
1705104000,0.5515,0.5658,0.5339,0.559,0.5529000000000001,911894.86,0,coinbase
1705190400,0.5588,0.5598,0.5305,0.5316,0.5406333333333334,537131.61,0,coinbase
1705276800,0.5323,0.5486,0.5323,0.5397,0.5402,647511.17,0,coinbase
1705363200,0.5404,0.5556,0.5357,0.5513,0.5475333333333333,1305137.05,0,coinbase
1705449600,0.5516,0.553,0.5316,0.54,0.5415333333333333,775670.24,0,coinbase
1705536000,0.5409,0.5507,0.5001,0.5098,0.5202,735389.88,0,coinbase
1705622400,0.5096,0.531,0.4939,0.531,0.5186333333333334,1086497.86,0,coinbase
1705708800,0.5315,0.5351,0.5216,0.5272,0.5279666666666666,1084390.38,0,coinbase
1705795200,0.5272,0.542,0.5232,0.5341,0.5331,450224.66,0,coinbase
1705881600,0.5354,0.5367,0.4913,0.4994,0.5091333333333333,714211.62,0,coinbase
1705968000,0.4992,0.5087,0.458,0.4688,0.4785000000000001,1519713.58,0,coinbase
1706054400,0.4684,0.4723,0.4349,0.4478,0.45166666666666666,2933908.35,0,coinbase
1706140800,0.4478,0.4548,0.432,0.4526,0.4464666666666666,2018964.54,0,coinbase
1706227200,0.4528,0.467,0.4459,0.4621,0.4583333333333333,1973451.15,0,coinbase
1706313600,0.4624,0.4831,0.4579,0.4787,0.47323333333333334,1340074.59,0,coinbase
1706400000,0.4781,0.4803,0.4621,0.4688,0.4704,965734.9,0,coinbase
1706486400,0.4674,0.4824,0.457,0.4808,0.4734,1307078.16,0,coinbase
1706572800,0.4796,0.4892,0.4714,0.4776,0.47940000000000005,1199188.23,0,coinbase
1706659200,0.4774,0.4832,0.4504,0.4542,0.46259999999999996,1084818.24,0,coinbase
1706745600,0.4542,0.4682,0.4365,0.4463,0.4503333333333333,975299.63,0,coinbase
1706832000,0.445,0.4635,0.4422,0.4621,0.4559333333333333,1002647.14,0,coinbase
1706918400,0.4621,0.5069,0.4547,0.4762,0.4792666666666667,2392726.93,0,coinbase
1707004800,0.4762,0.4767,0.4407,0.4527,0.45669999999999994,3238273.84,0,coinbase
1707091200,0.4531,0.4756,0.4464,0.4682,0.46340000000000003,1633285.85,0,coinbase
1707177600,0.4694,0.4797,0.4658,0.4659,0.47046666666666664,1135226.24,0,coinbase
1707264000,0.4668,0.4946,0.4657,0.4852,0.48183333333333334,1269927.53,0,coinbase
1707350400,0.4856,0.4898,0.4769,0.4806,0.4824333333333333,710997.36,0,coinbase
1707436800,0.4804,0.5049,0.4798,0.5021,0.49560000000000004,1204952.51,0,coinbase
1707523200,0.5028,0.508,0.4887,0.4936,0.49676666666666663,558974.8,0,coinbase
1707609600,0.4938,0.5059,0.4892,0.4907,0.49526666666666674,1269981.48,0,coinbase
1707696000,0.491,0.5362,0.4871,0.5205,0.5146,1141389.11,0,coinbase
1707782400,0.5204,0.5218,0.5,0.5113,0.5110333333333333,820781.46,0,coinbase
1707868800,0.5105,0.5286,0.5069,0.5245,0.5199999999999999,634290.28,0,coinbase
1707955200,0.5241,0.5426,0.5226,0.5416,0.5356,950418.85,0,coinbase
1708041600,0.5428,0.5542,0.5238,0.5421,0.5400333333333334,952396.83,0,coinbase
1708128000,0.5422,0.5433,0.5105,0.5278,0.5272,742999.62,0,coinbase
1708214400,0.5286,0.5418,0.518,0.5388,0.5328666666666667,1604804.64,0,coinbase
1708300800,0.5392,0.567,0.5363,0.5626,0.5553,2269894.92,0,coinbase
1708387200,0.5632,0.5778,0.5297,0.5582,0.5552333333333334,2093852.1,0,coinbase
1708473600,0.5589,0.56,0.5124,0.5486,0.5403333333333333,1398091.46,0,coinbase
1708560000,0.549,0.5625,0.5349,0.5508,0.5494,1707031.75,0,coinbase
1708646400,0.5529,0.6194,0.5415,0.5904,0.5837666666666667,4548170.32,0,coinbase
1708732800,0.5916,0.65,0.5838,0.6003,0.6113666666666666,4496825.32,0,coinbase
1708819200,0.5997,0.6099,0.5867,0.599,0.5985333333333334,2137408.6,0,coinbase
1708905600,0.6001,0.605,0.5706,0.5979,0.5911666666666666,2307594.65,0,coinbase
1708992000,0.5982,0.61,0.5715,0.5936,0.5917,2859310.58,0,coinbase
1709078400,0.594,0.6568,0.5379,0.5993,0.598,5252203.33,0,coinbase
1709164800,0.6001,0.6536,0.581,0.5989,0.6111666666666666,12456720.12,0,coinbase
1709251200,0.5994,0.68,0.5985,0.6537,0.6440666666666667,5636893.35,0,coinbase
1709337600,0.6535,0.6909,0.6396,0.6905,0.6736666666666666,5439924.54,0,coinbase
1709424000,0.6903,0.695,0.6011,0.6685,0.6548666666666666,5885608.95,0,coinbase
1709510400,0.6693,0.7788,0.6607,0.7734,0.7376333333333333,14299058.99,0,coinbase
1709596800,0.7715,0.8019,0.5947,0.6745,0.6903666666666667,20475106.97,0,coinbase
1709683200,0.6739,0.8499,0.645,0.8001,0.765,8484904.62,0,coinbase
1709769600,0.8011,0.814,0.7632,0.7929,0.7900333333333333,7463414.3,0,coinbase
1709856000,0.7941,0.8163,0.7343,0.7644,0.7716666666666666,4692211.46,0,coinbase
1709942400,0.7654,0.8396,0.7623,0.7835,0.7951333333333334,3671069.52,0,coinbase
1710028800,0.7837,0.82,0.7674,0.82,0.8024666666666667,2829738.31,0,coinbase
1710115200,0.8202,0.8604,0.7625,0.855,0.8259666666666666,5126493.83,0,coinbase
1710201600,0.8564,0.8564,0.7592,0.8311,0.8155666666666667,4416825.89,0,coinbase
1710288000,0.8317,0.878,0.8226,0.8642,0.8549333333333333,5952676.73,0,coinbase
1710374400,0.8639,0.878,0.7833,0.8313,0.8308666666666666,4031586.86,0,coinbase
1710460800,0.8323,0.8436,0.7106,0.7704,0.7748666666666667,2690721.73,0,coinbase
1710547200,0.7701,0.7786,0.677,0.6916,0.7157333333333332,3207020.89,0,coinbase
1710633600,0.6941,0.7157,0.6537,0.6896,0.6863333333333334,1850374.57,0,coinbase
1710720000,0.6896,0.7,0.639,0.6555,0.6648333333333333,2984584.58,0,coinbase
1710806400,0.6559,0.6609,0.5762,0.6029,0.6133333333333334,3544339.7,0,coinbase
1710892800,0.6024,0.6752,0.5875,0.6714,0.6447,2436739.45,0,coinbase
1710979200,0.6693,0.685,0.65,0.6739,0.6696333333333334,1632188.7,0,coinbase
1711065600,0.6717,0.6877,0.6378,0.6685,0.6646666666666666,2255915.98,0,coinbase
1711152000,0.669,0.6807,0.6533,0.6645,0.6661666666666667,715662.09,0,coinbase
1711238400,0.6659,0.6845,0.6523,0.6803,0.6723666666666667,1334408.37,0,coinbase
1711324800,0.6819,0.7198,0.6771,0.7074,0.7014333333333335,2072361.49,0,coinbase
1711411200,0.7072,0.7262,0.6914,0.7128,0.7101333333333333,1765205.54,0,coinbase
1711497600,0.7138,0.7222,0.6759,0.6916,0.6965666666666666,1327847.12,0,coinbase
1711584000,0.6937,0.7074,0.6784,0.7015,0.6957666666666666,1035894.84,0,coinbase
1711670400,0.7022,0.7264,0.6906,0.7078,0.7082666666666667,1159552.93,0,coinbase
1711756800,0.709,0.7124,0.6803,0.6832,0.6919666666666666,563480.89,0,coinbase
1711843200,0.683,0.6994,0.6805,0.6918,0.6905666666666667,399502.7,0,coinbase
1711929600,0.6946,0.6961,0.6343,0.6549,0.6617666666666667,1351553.06,0,coinbase
1712016000,0.6554,0.6555,0.5956,0.6072,0.6194333333333334,1199166.42,0,coinbase
1712102400,0.6073,0.6209,0.5839,0.6033,0.6027,1222533.53,0,coinbase
1712188800,0.603,0.6387,0.5929,0.6283,0.6199666666666667,1278738.0,0,coinbase
1712275200,0.6264,0.6302,0.5966,0.6149,0.6139,1256136.58,0,coinbase
1712361600,0.6148,0.628,0.6122,0.6219,0.6206999999999999,466316.18,0,coinbase
1712448000,0.6227,0.6447,0.6211,0.6363,0.6340333333333333,1304868.18,0,coinbase
1712534400,0.6356,0.6729,0.6242,0.6549,0.6506666666666666,1355641.8,0,coinbase
1712620800,0.6552,0.6561,0.6188,0.6207,0.6318666666666667,1388669.59,0,coinbase
1712707200,0.6222,0.6229,0.5875,0.6182,0.6095333333333333,1006779.92,0,coinbase
1712793600,0.6173,0.6219,0.5955,0.6054,0.6076,540883.14,0,coinbase
1712880000,0.6037,0.6109,0.4201,0.4811,0.5040333333333333,4972334.37,0,coinbase
1712966400,0.4802,0.4921,0.3598,0.4246,0.4255,4655428.91,0,coinbase
1713052800,0.424,0.4565,0.4107,0.4514,0.43953333333333333,2175753.99,0,coinbase
1713139200,0.4532,0.4639,0.4086,0.4282,0.43356666666666666,1973678.81,0,coinbase
1713225600,0.4259,0.4394,0.4117,0.4323,0.42779999999999996,1773060.79,0,coinbase
1713312000,0.4319,0.4365,0.4066,0.4253,0.4228,1088405.8,0,coinbase
1713398400,0.4261,0.4383,0.4145,0.4318,0.42819999999999997,1790146.47,0,coinbase
1713484800,0.4309,0.4442,0.3982,0.4326,0.425,2455962.01,0,coinbase
1713571200,0.433,0.465,0.4262,0.4626,0.4512666666666667,597584.03,0,coinbase
1713657600,0.4605,0.4668,0.4439,0.4534,0.45470000000000005,489164.37,0,coinbase
1713744000,0.4551,0.4767,0.4531,0.4675,0.46576666666666666,887450.67,0,coinbase
1713830400,0.4672,0.4719,0.4565,0.462,0.4634666666666667,660693.79,0,coinbase
1713916800,0.4627,0.4779,0.4306,0.4369,0.4484666666666666,1262949.2,0,coinbase
1714003200,0.4363,0.4479,0.4244,0.4418,0.43803333333333333,1017432.25,0,coinbase
1714089600,0.4415,0.4474,0.4295,0.4395,0.4388,493037.45,0,coinbase
1714176000,0.4397,0.447,0.4191,0.4441,0.43673333333333336,555136.77,0,coinbase
1714262400,0.4441,0.4538,0.4374,0.44,0.4437333333333333,580943.94,0,coinbase
1714348800,0.4394,0.4461,0.4216,0.4345,0.43406666666666666,570465.72,0,coinbase
1714435200,0.4346,0.4383,0.3924,0.4088,0.4131666666666667,1252114.68,0,coinbase
1714521600,0.4088,0.4436,0.3868,0.4189,0.4164333333333334,1813960.75,0,coinbase
1714608000,0.4184,0.4286,0.4066,0.4231,0.4194333333333333,773044.84,0,coinbase
1714694400,0.4239,0.4427,0.4198,0.4397,0.43406666666666666,1571413.41,0,coinbase
1714780800,0.4395,0.4455,0.429,0.4378,0.43743333333333334,973017.53,0,coinbase
1714867200,0.4371,0.4501,0.4274,0.4478,0.44176666666666664,2228932.79,0,coinbase
1714953600,0.4467,0.4739,0.4328,0.4328,0.44650000000000006,9047474.19,0,coinbase
1715040000,0.4339,0.456,0.4152,0.4233,0.4315,3417331.34,0,coinbase
1715126400,0.4235,0.4477,0.4173,0.4413,0.43543333333333334,2660794.46,0,coinbase
1715212800,0.4416,0.4513,0.4313,0.4467,0.4431,2181888.0,0,coinbase
1715299200,0.4463,0.4524,0.4155,0.4219,0.42993333333333333,2677323.36,0,coinbase
1715385600,0.4219,0.4342,0.4191,0.4229,0.4254,795262.02,0,coinbase
1715472000,0.4229,0.428,0.4153,0.4185,0.42060000000000003,325897.86,0,coinbase
1715558400,0.419,0.4273,0.4026,0.4153,0.4150666666666667,2161386.41,0,coinbase
1715644800,0.4153,0.4183,0.397,0.4001,0.40513333333333335,3737721.57,0,coinbase
1715731200,0.4004,0.4493,0.3909,0.423,0.4210666666666667,4178960.07,0,coinbase
1715817600,0.423,0.4254,0.4064,0.4203,0.41736666666666666,1874289.14,0,coinbase
1715904000,0.4207,0.4382,0.4153,0.431,0.42816666666666664,987259.77,0,coinbase
1715990400,0.4309,0.4362,0.4253,0.4355,0.4323333333333333,890608.09,0,coinbase
1716076800,0.4351,0.4379,0.4132,0.4196,0.42356666666666665,2096084.94,0,coinbase
1716163200,0.4196,0.4746,0.4136,0.4629,0.45036666666666675,5969150.85,0,coinbase
1716249600,0.4629,0.4947,0.4614,0.483,0.47969999999999996,3213122.8,0,coinbase
1716336000,0.4824,0.4835,0.4633,0.4675,0.4714333333333333,2510556.33,0,coinbase
1716422400,0.4673,0.4735,0.4298,0.4627,0.45533333333333337,2172884.47,0,coinbase
1716508800,0.4622,0.4951,0.4501,0.4923,0.4791666666666667,2216529.46,0,coinbase
1716595200,0.4919,0.5152,0.4918,0.4968,0.5012666666666666,2053995.53,0,coinbase
1716681600,0.4966,0.4997,0.4781,0.4808,0.4862,1402754.3,0,coinbase
1716768000,0.4807,0.5021,0.4752,0.4963,0.4912,1278537.32,0,coinbase
1716854400,0.4958,0.5057,0.4722,0.4898,0.48923333333333335,2023732.64,0,coinbase
1716940800,0.49,0.505,0.4804,0.4814,0.4889333333333334,1274990.02,0,coinbase
1717027200,0.4813,0.4866,0.4627,0.4688,0.47269999999999995,1224953.87,0,coinbase
1717113600,0.4683,0.4757,0.454,0.4637,0.46446666666666664,1125931.04,0,coinbase
1717200000,0.4621,0.4744,0.4594,0.4713,0.46836666666666665,487299.29,0,coinbase
1717286400,0.4708,0.475,0.4498,0.4535,0.4594333333333333,640292.82,0,coinbase
1717372800,0.4531,0.4777,0.4469,0.4559,0.46016666666666667,1032577.22,0,coinbase
1717459200,0.4558,0.4762,0.4536,0.4649,0.4648999999999999,3821979.41,0,coinbase
1717545600,0.4643,0.4735,0.4584,0.4722,0.4680333333333333,1178616.63,0,coinbase
1717632000,0.4718,0.4739,0.4549,0.4607,0.46316666666666667,1027910.08,0,coinbase
1717718400,0.4607,0.4646,0.3656,0.4196,0.4166,2897644.43,0,coinbase
1717804800,0.419,0.421,0.3954,0.4007,0.4057,1239134.78,0,coinbase
1717891200,0.3998,0.4243,0.3967,0.4172,0.41273333333333334,733668.06,0,coinbase
1717977600,0.4169,0.4227,0.3753,0.3826,0.39353333333333335,3038246.67,0,coinbase
1718064000,0.3826,0.3846,0.3487,0.351,0.36143333333333333,3286923.72,0,coinbase
1718150400,0.3511,0.3759,0.3468,0.3606,0.3611,2966101.05,0,coinbase
1718236800,0.3601,0.3602,0.2202,0.2866,0.289,44262722.23,0,coinbase
1718323200,0.2864,0.298,0.2655,0.2828,0.2821,15271469.92,0,coinbase
1718409600,0.2826,0.3287,0.277,0.3124,0.3060333333333333,14566112.24,0,coinbase
1718496000,0.3124,0.345,0.305,0.3291,0.32636666666666664,16637703.61,0,coinbase
1718582400,0.3282,0.358,0.3001,0.3153,0.3244666666666666,26860600.93,0,coinbase
1718668800,0.3154,0.3366,0.2652,0.3342,0.312,21918491.18,0,coinbase
1718755200,0.3341,0.3765,0.3209,0.3253,0.3409,18029140.83,0,coinbase
1718841600,0.3251,0.3499,0.3222,0.3444,0.3388333333333333,10655460.85,0,coinbase
1718928000,0.3443,0.3672,0.3269,0.3274,0.3405,21651624.41,0,coinbase
1719014400,0.3274,0.3455,0.3248,0.3436,0.3379666666666667,8736192.72,0,coinbase
1719100800,0.3434,0.3491,0.3209,0.3343,0.33476666666666666,6302122.56,0,coinbase
1719187200,0.3336,0.3499,0.3034,0.3265,0.3266,13630116.36,0,coinbase
1719273600,0.3264,0.333,0.3148,0.324,0.32393333333333335,8504036.52,0,coinbase
1719360000,0.3242,0.3255,0.2955,0.2973,0.3061,7360727.55,0,coinbase
1719446400,0.2974,0.3005,0.2832,0.2912,0.29163333333333336,6592859.43,0,coinbase
1719532800,0.2908,0.2973,0.2743,0.2789,0.28350000000000003,6217884.86,0,coinbase
1719619200,0.279,0.2855,0.2713,0.2756,0.2774666666666667,2608707.52,0,coinbase
1719705600,0.2753,0.2875,0.2723,0.2854,0.28173333333333334,2608043.63,0,coinbase
1719792000,0.2854,0.293,0.2698,0.2829,0.2819,6518120.61,0,coinbase
1719878400,0.283,0.2901,0.2764,0.2849,0.2838,5159888.23,0,coinbase
1719964800,0.2845,0.2848,0.2566,0.2718,0.2710666666666666,5289102.48,0,coinbase
1720051200,0.2717,0.2752,0.2405,0.2423,0.25266666666666665,7397083.2,0,coinbase
1720137600,0.2421,0.2426,0.2187,0.2358,0.2323666666666667,9661778.24,0,coinbase
1720224000,0.2361,0.2657,0.2342,0.2652,0.25503333333333333,4159054.24,0,coinbase
1720310400,0.2653,0.269,0.252,0.2543,0.25843333333333335,3364419.68,0,coinbase
1720396800,0.255,0.2968,0.2466,0.288,0.2771333333333333,6704499.28,0,coinbase
1720483200,0.2877,0.2934,0.2782,0.2841,0.28523333333333334,3762825.47,0,coinbase
1720569600,0.2838,0.2951,0.2783,0.2928,0.2887333333333333,5324119.36,0,coinbase
1720656000,0.2927,0.2967,0.267,0.2677,0.2771333333333334,5372639.99,0,coinbase
1720742400,0.2675,0.2819,0.2673,0.2812,0.2768,6591281.3,0,coinbase
1720828800,0.2813,0.2932,0.2779,0.2885,0.2865333333333333,4766648.09,0,coinbase
1720915200,0.2895,0.2968,0.2807,0.2859,0.2878,5049174.57,0,coinbase
1721001600,0.2857,0.3425,0.2836,0.3053,0.3104666666666667,6502012.67,0,coinbase
1721088000,0.3053,0.3053,0.2808,0.2882,0.2914333333333334,9241688.07,0,coinbase
1721174400,0.2884,0.2989,0.2819,0.2828,0.28786666666666666,6955331.76,0,coinbase
1721260800,0.2828,0.2914,0.2711,0.2777,0.2800666666666667,4679556.78,0,coinbase
1721347200,0.2775,0.2997,0.2696,0.298,0.28909999999999997,8050062.81,0,coinbase
1721433600,0.298,0.2998,0.292,0.2932,0.295,4257646.09,0,coinbase
1721520000,0.2931,0.2934,0.2736,0.2905,0.28583333333333333,8030543.6,0,coinbase
1721606400,0.2906,0.2912,0.2677,0.271,0.27663333333333334,5677084.25,0,coinbase
1721692800,0.2711,0.2864,0.2625,0.2726,0.2738333333333333,8385319.03,0,coinbase
1721779200,0.2722,0.2737,0.2568,0.2599,0.2634666666666667,7039672.05,0,coinbase
1721865600,0.2601,0.2628,0.244,0.2529,0.2532333333333333,16458228.4,0,coinbase
1721952000,0.2524,0.2687,0.2524,0.2665,0.26253333333333334,2530299.47,0,coinbase
1722038400,0.2662,0.2713,0.2606,0.2679,0.2666,3271202.13,0,coinbase
1722124800,0.2675,0.2706,0.2603,0.2639,0.2649333333333333,2088880.61,0,coinbase
1722211200,0.2635,0.2689,0.2554,0.2589,0.26106666666666667,4192577.08,0,coinbase
1722297600,0.2594,0.2786,0.2528,0.2571,0.26283333333333336,5704013.3,0,coinbase
1722384000,0.2559,0.2717,0.2503,0.2609,0.2609666666666667,7440698.67,0,coinbase
1722470400,0.2614,0.2937,0.2535,0.2865,0.2779,17342526.8,0,coinbase
1722556800,0.2861,0.3,0.2613,0.2903,0.28386666666666666,14281774.41,0,coinbase
1722643200,0.2899,0.2905,0.246,0.2529,0.26313333333333333,14714535.6,0,coinbase
1722729600,0.2527,0.275,0.2318,0.2448,0.25053333333333333,14188958.81,0,coinbase
1722816000,0.2448,0.2475,0.18,0.209,0.21216666666666664,28510723.2,0,coinbase
1722902400,0.2089,0.2402,0.2088,0.2291,0.22603333333333334,17174757.17,0,coinbase
1722988800,0.2291,0.2455,0.2247,0.2326,0.23426666666666665,12155002.13,0,coinbase
1723075200,0.2325,0.2573,0.2258,0.256,0.24636666666666665,14108597.31,0,coinbase
1723161600,0.256,0.2562,0.2411,0.2522,0.24983333333333332,15676503.78,0,coinbase
1723248000,0.2519,0.2603,0.2491,0.2567,0.2553666666666667,4731652.37,0,coinbase
1723334400,0.2564,0.2605,0.244,0.2457,0.25006666666666666,6279359.88,0,coinbase
1723420800,0.2457,0.3207,0.2457,0.3036,0.29,35722776.46,0,coinbase
1723507200,0.303,0.3258,0.2981,0.3063,0.31006666666666666,21239836.05,0,coinbase
1723593600,0.3062,0.3284,0.2943,0.3242,0.3156333333333334,16031417.37,0,coinbase
1723680000,0.3242,0.3315,0.3035,0.3165,0.31716666666666665,30998166.58,0,coinbase
1723766400,0.3166,0.3389,0.2965,0.3301,0.32183333333333336,24973582.11,0,coinbase
1723852800,0.3296,0.3303,0.3086,0.3151,0.318,16265760.26,0,coinbase
1723939200,0.3151,0.3299,0.305,0.3084,0.31443333333333334,12422588.21,0,coinbase
1724025600,0.3084,0.318,0.2917,0.3035,0.3044,11410669.09,0,coinbase
1724112000,0.3039,0.3448,0.2938,0.33,0.3228666666666667,11370618.18,0,coinbase
1724198400,0.3307,0.3477,0.3152,0.3366,0.33316666666666667,22613748.17,0,coinbase
1724284800,0.3365,0.3377,0.325,0.327,0.3299,8634525.8,0,coinbase
1724371200,0.327,0.3463,0.3184,0.3399,0.33486666666666665,10494786.28,0,coinbase
1724457600,0.3397,0.3684,0.3326,0.3515,0.35083333333333333,20449629.58,0,coinbase
1724544000,0.3512,0.3512,0.3255,0.3343,0.337,13134034.2,0,coinbase
1724630400,0.3343,0.3418,0.3099,0.3146,0.3221,12764696.9,0,coinbase
1724716800,0.3147,0.3199,0.2856,0.2954,0.3003,13191986.84,0,coinbase
1724803200,0.2956,0.3277,0.2871,0.2928,0.3025333333333333,13086877.26,0,coinbase
1724889600,0.2931,0.3055,0.2795,0.2897,0.2915666666666667,7873448.86,0,coinbase
1724976000,0.2893,0.2937,0.2726,0.2925,0.28626666666666667,7211397.52,0,coinbase
1725062400,0.2923,0.2956,0.2806,0.2831,0.2864333333333334,6394087.94,0,coinbase
1725148800,0.2831,0.2835,0.2627,0.2658,0.27066666666666667,8208839.33,0,coinbase
1725235200,0.2653,0.2842,0.2653,0.2801,0.27653333333333335,6441931.77,0,coinbase
1725321600,0.28,0.2833,0.2607,0.2607,0.2682333333333333,6923027.95,0,coinbase
1725408000,0.2619,0.299,0.2483,0.2905,0.27926666666666666,12551063.72,0,coinbase
1725494400,0.2905,0.2965,0.2776,0.279,0.2843666666666667,9615252.25,0,coinbase
1725580800,0.2788,0.2938,0.2565,0.2612,0.2705,7701551.35,0,coinbase
1725667200,0.2612,0.2676,0.2549,0.2566,0.2597,5396730.53,0,coinbase
1725753600,0.2567,0.2783,0.2548,0.2759,0.26966666666666667,7721640.8,0,coinbase
1725840000,0.2758,0.2893,0.2724,0.2822,0.2813,9087674.39,0,coinbase
1725926400,0.2825,0.2874,0.2705,0.2801,0.2793333333333334,6151564.43,0,coinbase
1726012800,0.2793,0.2853,0.2661,0.2754,0.2756,8809071.33,0,coinbase
1726099200,0.2758,0.285,0.2709,0.2839,0.2799333333333333,7189992.28,0,coinbase
1726185600,0.2842,0.2873,0.2743,0.2843,0.28196666666666664,4478175.9,0,coinbase
1726272000,0.2844,0.2844,0.2731,0.2753,0.2776,4169063.54,0,coinbase
1726358400,0.2751,0.279,0.261,0.2651,0.2683666666666667,4428665.65,0,coinbase
1726444800,0.2645,0.2681,0.2578,0.2631,0.263,3829324.88,0,coinbase
1726531200,0.2629,0.2769,0.2597,0.2701,0.2689,6323198.52,0,coinbase
1726617600,0.2696,0.2844,0.2546,0.2837,0.27423333333333333,11481943.0,0,coinbase
1726704000,0.2839,0.2889,0.2774,0.2789,0.28173333333333334,13096605.22,0,coinbase
1726790400,0.279,0.31,0.2734,0.3065,0.2966333333333333,15001514.61,0,coinbase
1726876800,0.3064,0.3079,0.2917,0.2982,0.2992666666666667,8603915.3,0,coinbase
1726963200,0.2979,0.307,0.2865,0.2963,0.2966,7181287.87,0,coinbase
1727049600,0.2964,0.3058,0.2867,0.2963,0.2962666666666667,7911902.41,0,coinbase
1727136000,0.2966,0.3114,0.2908,0.3062,0.3028,8042444.09,0,coinbase
1727222400,0.306,0.3136,0.2993,0.3027,0.30519999999999997,7175392.57,0,coinbase
1727308800,0.3027,0.3121,0.29,0.2999,0.30066666666666664,16038285.52,0,coinbase
1727395200,0.3003,0.3204,0.2976,0.3186,0.3122,8526798.88,0,coinbase
1727481600,0.3185,0.3217,0.2994,0.3062,0.3091,4273188.02,0,coinbase
1727568000,0.3058,0.3079,0.2959,0.2999,0.3012333333333333,3756404.79,0,coinbase
1727654400,0.3001,0.304,0.271,0.277,0.284,14723917.31,0,coinbase
1727740800,0.2769,0.2869,0.2514,0.259,0.26576666666666665,9783992.05,0,coinbase
1727827200,0.2586,0.2666,0.246,0.2538,0.2554666666666667,6826964.93,0,coinbase
1727913600,0.2537,0.261,0.2466,0.2595,0.25570000000000004,7824076.81,0,coinbase
1728000000,0.2594,0.2653,0.2529,0.2589,0.25903333333333334,7939363.39,0,coinbase
1728086400,0.2587,0.26,0.2506,0.2537,0.25476666666666664,2777807.52,0,coinbase
1728172800,0.2532,0.2625,0.2513,0.26,0.25793333333333335,3869791.39,0,coinbase
1728259200,0.26,0.2675,0.2544,0.2556,0.2591666666666667,6320307.63,0,coinbase
1728345600,0.2558,0.26,0.2488,0.2528,0.2538666666666667,4696416.96,0,coinbase
1728432000,0.2529,0.2606,0.2442,0.2575,0.2541,7417514.42,0,coinbase
1728518400,0.2574,0.266,0.2509,0.2582,0.2583666666666667,5125537.95,0,coinbase
1728604800,0.2582,0.2656,0.2549,0.2587,0.2597333333333333,4685137.25,0,coinbase
1728691200,0.2586,0.2636,0.2564,0.2603,0.2601,5327292.03,0,coinbase
1728777600,0.2602,0.2607,0.2517,0.2568,0.25639999999999996,2177313.0,0,coinbase
1728864000,0.2572,0.2695,0.2544,0.2686,0.26416666666666666,3771764.6,0,coinbase
1728950400,0.2687,0.2737,0.2568,0.2624,0.2643,5782025.79,0,coinbase
1729036800,0.2625,0.2652,0.2568,0.2574,0.25980000000000003,3122504.66,0,coinbase
1729123200,0.257,0.261,0.25,0.259,0.25741,1109325.10653616,430,kraken
1729209600,0.259,0.267,0.258,0.265,0.26427,540577.36848208,1673,kraken
1729296000,0.265,0.273,0.264,0.267,0.26958,287368.89197624,6206,kraken
1729382400,0.268,0.284,0.264,0.275,0.27309,1586214.2733041,6498,kraken
1729468800,0.275,0.276,0.263,0.263,0.26934,733329.98187099,5534,kraken
1729555200,0.263,0.265,0.256,0.26,0.25973,480444.65439844,324,kraken
1729641600,0.259,0.259,0.246,0.254,0.2521,1730210.93718704,499,kraken
1729728000,0.254,0.256,0.249,0.25,0.25143,481611.65729022,265,kraken
1729814400,0.25,0.253,0.224,0.235,0.24344,2310966.47123724,644,kraken
1729900800,0.235,0.242,0.232,0.24,0.23919,295599.93821931,257,kraken
1729987200,0.239,0.244,0.238,0.242,0.2406,223389.96771078,115,kraken
1730073600,0.242,0.248,0.235,0.245,0.2446,1450286.43466587,432,kraken
1730160000,0.244,0.259,0.243,0.259,0.25242,2610545.03721554,750,kraken
1730246400,0.26,0.266,0.253,0.26,0.26026,1162623.34697144,606,kraken
1730332800,0.259,0.259,0.242,0.253,0.25148,3857397.51661954,1037,kraken
1730419200,0.253,0.259,0.244,0.248,0.25287,2159652.84674814,4287,kraken
1730505600,0.248,0.249,0.236,0.236,0.23888,614629.43505341,309,kraken
1730592000,0.239,0.239,0.222,0.231,0.23068,2639520.40138475,663,kraken
1730678400,0.228,0.234,0.219,0.224,0.22825,1972446.04041452,511,kraken
1730764800,0.224,0.239,0.224,0.237,0.23278,801965.48932324,298,kraken
1730851200,0.237,0.264,0.237,0.258,0.25104,6485700.26978032,2899,kraken
1730937600,0.258,0.269,0.257,0.261,0.26408,2643693.33472645,6458,kraken
1731024000,0.262,0.27,0.258,0.27,0.26379,1253719.1299243,6413,kraken
1731110400,0.27,0.283,0.263,0.277,0.27307,1858371.04429524,4218,kraken
1731196800,0.277,0.294,0.272,0.284,0.28461,3064912.43521143,5384,kraken
1731283200,0.285,0.296,0.274,0.294,0.28541,4083379.0105852,7306,kraken
1731369600,0.294,0.295,0.263,0.278,0.27559,5323698.96052259,6748,kraken
1731456000,0.277,0.326,0.255,0.315,0.30078,11907829.41889435,9470,kraken
1731542400,0.315,0.315,0.284,0.289,0.29399,7444841.37216972,8059,kraken
1731628800,0.289,0.297,0.276,0.29,0.2896,4329328.4028624,7029,kraken
1731715200,0.29,0.377,0.287,0.336,0.32822,9612262.63546396,9314,kraken
1731801600,0.336,0.347,0.315,0.319,0.32942,5211512.38004404,2702,kraken
1731888000,0.318,0.397,0.318,0.373,0.3614,8375086.92247643,3153,kraken
1731974400,0.376,0.445,0.369,0.41,0.41176,10800685.2670372,4525,kraken
1732060800,0.409,0.409,0.361,0.374,0.38588,6971311.11726658,2501,kraken
1732147200,0.373,0.424,0.355,0.406,0.39008,8764817.24776268,4202,kraken
1732233600,0.406,0.475,0.395,0.473,0.43003,6307224.98917591,3583,kraken
1732320000,0.472,0.54,0.454,0.495,0.49089,8576569.83967967,4567,kraken
1732406400,0.492,0.533,0.468,0.506,0.4974,5505219.72102115,3005,kraken
1732492800,0.504,0.577,0.48,0.518,0.52443,12293499.36547591,5639,kraken
1732579200,0.518,0.532,0.467,0.482,0.49552,5669453.0411745,2714,kraken
1732665600,0.48,0.522,0.469,0.511,0.49594,6500894.83004801,2962,kraken
1732752000,0.506,0.516,0.475,0.496,0.49207,3453405.62618323,1599,kraken
1732838400,0.497,0.546,0.487,0.542,0.51787,6108827.41079568,2780,kraken
1732924800,0.54,0.81,0.535,0.679,0.62438,10277496.76789149,7523,kraken
1733011200,0.681,0.736,0.596,0.671,0.67172,8546850.88705444,6857,kraken
1733097600,0.672,0.8,0.67,0.731,0.73182,12639106.05376735,9387,kraken
1733184000,0.732,0.975,0.725,0.879,0.86629,14628466.23940103,13563,kraken
1733270400,0.879,1.249,0.866,1.093,1.09962,18476276.24484161,18431,kraken
1733356800,1.094,1.19,0.967,1.058,1.08693,10211927.69710041,10001,kraken
1733443200,1.056,1.308,1.045,1.249,1.17256,8729380.68758757,12143,kraken
1733529600,1.25,1.338,1.161,1.177,1.22169,5467705.21711784,7051,kraken
1733616000,1.176,1.248,1.147,1.204,1.19551,2950296.16560877,4029,kraken
1733702400,1.203,1.211,0.865,1.064,1.06585,9999465.24576878,9524,kraken
1733788800,1.056,1.216,0.984,1.075,1.08228,14018666.38887336,10883,kraken
1733875200,1.07,1.147,0.975,1.136,1.06482,4213935.76455832,4304,kraken
1733961600,1.124,1.205,1.08,1.194,1.15489,5227140.70208487,5386,kraken
1734048000,1.194,1.248,1.102,1.137,1.17446,5124019.57012761,5581,kraken
1734134400,1.137,1.298,1.114,1.149,1.20136,4026217.61219869,5517,kraken
1734220800,1.144,1.175,1.068,1.129,1.12619,2204754.02345091,2903,kraken
1734307200,1.125,1.17,1.05,1.071,1.10031,3074087.48478826,3775,kraken
1734393600,1.07,1.158,1.048,1.102,1.1142,2819595.00952141,2827,kraken
1734480000,1.113,1.118,0.925,0.954,1.02876,5810605.74803304,6131,kraken
1734566400,0.953,0.971,0.811,0.839,0.889,7260782.21029885,5464,kraken
1734652800,0.844,0.865,0.687,0.835,0.7673,8415109.30665471,6625,kraken
1734739200,0.834,0.938,0.78,0.791,0.85034,4015499.96549636,3175,kraken
1734825600,0.784,0.843,0.76,0.818,0.80455,4877982.97954048,3121,kraken
1734912000,0.82,0.991,0.797,0.951,0.88226,11103231.02645896,7402,kraken
1734998400,0.943,1.06,0.907,1.013,0.98165,5471844.97759184,4596,kraken
1735084800,1.016,1.066,1.003,1.025,1.03036,6114460.93639772,4598,kraken
1735171200,1.02,1.026,0.893,0.948,0.93641,5240011.60040882,4356,kraken
1735257600,0.949,1.013,0.894,0.9,0.96176,7299349.66457048,6535,kraken
1735344000,0.899,1.047,0.882,1.019,0.96831,5029722.76259549,4542,kraken
1735430400,1.023,1.029,0.927,0.947,0.97411,3805896.74365022,2968,kraken
1735516800,0.947,0.994,0.895,0.93,0.94463,4111399.37012006,3451,kraken
1735603200,0.927,0.949,0.873,0.894,0.91424,4533211.96852387,2956,kraken
1735689600,0.891,0.98,0.865,0.955,0.93154,4964474.02981137,3713,kraken
1735776000,0.955,1.04,0.955,1.009,1.00627,5911638.37823043,4397,kraken
1735862400,1.006,1.11,0.972,1.084,1.04446,3515806.42792348,3343,kraken
1735948800,1.086,1.106,1.045,1.05,1.07156,1969958.89535389,2079,kraken
1736035200,1.05,1.053,1.018,1.027,1.03223,1133352.35850767,1147,kraken
1736121600,1.03,1.057,0.977,0.999,1.00568,8102507.26583645,5970,kraken
1736208000,0.993,1.004,0.892,0.892,0.93446,3901789.15468234,2929,kraken
1736294400,0.895,0.906,0.78,0.859,0.85004,4139620.70166776,3717,kraken
1736380800,0.861,0.887,0.785,0.807,0.82624,4313879.65228984,2815,kraken
1736467200,0.812,0.863,0.799,0.828,0.82895,3582916.08720829,2255,kraken
1736553600,0.827,0.867,0.794,0.847,0.81829,1781262.92734796,1397,kraken
1736640000,0.847,0.849,0.806,0.821,0.8342,480289.44815583,664,kraken
1736726400,0.823,0.848,0.727,0.811,0.77445,5082906.93619588,3683,kraken
1736812800,0.81,0.872,0.806,0.866,0.83774,3182116.84534286,2291,kraken
1736899200,0.864,0.964,0.835,0.963,0.88727,4852851.78326453,3512,kraken
1736985600,0.963,0.98,0.919,0.933,0.95412,2688166.47233969,2870,kraken
1737072000,0.932,1.056,0.932,1.043,0.99346,3435287.82134938,3721,kraken
1737158400,1.047,1.068,0.89,0.917,0.94628,3350199.64932886,3225,kraken
1737244800,0.916,0.976,0.795,0.816,0.89799,6697849.23708405,6306,kraken
1737331200,0.814,0.949,0.783,0.854,0.87116,6485396.53875423,6314,kraken
1737417600,0.851,0.887,0.814,0.857,0.84661,2478941.60774788,2269,kraken
1737504000,0.856,0.866,0.782,0.787,0.81759,2423606.19216005,2032,kraken
1737590400,0.787,0.812,0.747,0.79,0.77627,4006970.56001925,3087,kraken
1737676800,0.795,0.864,0.756,0.796,0.82028,2268232.2252515,2332,kraken
1737763200,0.793,0.824,0.772,0.798,0.80459,2354448.40758572,1741,kraken
1737849600,0.796,0.83,0.765,0.767,0.80252,1037288.72227022,1137,kraken
1737936000,0.768,0.773,0.672,0.739,0.721,4143680.45169494,3108,kraken
1738022400,0.746,0.751,0.669,0.677,0.70715,2061222.42771558,1713,kraken
1738108800,0.676,0.745,0.668,0.699,0.69988,2306037.223201,1970,kraken
1738195200,0.701,0.806,0.694,0.785,0.76964,2763977.11519024,2637,kraken
1738281600,0.794,0.831,0.764,0.782,0.79044,2731987.7304324,2386,kraken
1738368000,0.779,0.788,0.68,0.689,0.73257,2174727.67339217,2184,kraken
1738454400,0.685,0.708,0.513,0.556,0.58895,6130724.81420146,4212,kraken
1738540800,0.556,0.6,0.402,0.578,0.50703,15662990.71503864,8014,kraken
1738627200,0.576,0.581,0.5,0.525,0.53147,5590325.82702299,3327,kraken
1738713600,0.525,0.542,0.506,0.512,0.52454,1829656.60001253,1383,kraken
1738800000,0.515,0.53,0.465,0.47,0.49813,1947138.5752606,1346,kraken
1738886400,0.471,0.519,0.454,0.477,0.48469,2860647.97169393,1905,kraken
1738972800,0.477,0.518,0.473,0.512,0.49185,1504220.59239813,1400,kraken
1739059200,0.509,0.532,0.493,0.526,0.51176,1537077.96418358,1385,kraken
1739145600,0.527,0.571,0.501,0.534,0.53331,2083303.48065683,1631,kraken
1739232000,0.534,0.601,0.526,0.532,0.55863,2466619.6049315,1988,kraken
1739318400,0.531,0.568,0.496,0.555,0.52982,2714928.08135157,2176,kraken
1739404800,0.552,0.565,0.503,0.53,0.52406,2578796.52403437,1899,kraken
1739491200,0.531,0.553,0.517,0.528,0.53366,3106222.57753537,1792,kraken
1739577600,0.525,0.538,0.506,0.511,0.51693,1520183.41307287,1001,kraken
1739664000,0.514,0.517,0.494,0.51,0.5023,1156535.98212338,811,kraken
1739750400,0.51,0.545,0.504,0.517,0.52822,2045622.09702874,1658,kraken
1739836800,0.518,0.518,0.469,0.495,0.49726,3987555.11502766,2017,kraken
1739923200,0.496,0.525,0.491,0.516,0.5119,4986478.27001734,1893,kraken
1740009600,0.515,0.533,0.511,0.532,0.52344,1476262.6676738,1066,kraken
1740096000,0.532,0.551,0.487,0.498,0.5217,2126461.88945116,1652,kraken
1740182400,0.497,0.511,0.494,0.505,0.50192,369710.7512047,373,kraken
1740268800,0.505,0.528,0.5,0.511,0.51255,609921.55461581,710,kraken
1740355200,0.51,0.517,0.422,0.431,0.4695,3080836.01393997,2381,kraken
1740441600,0.436,0.47,0.403,0.453,0.42863,3102173.24662259,2216,kraken
1740528000,0.455,0.476,0.446,0.46,0.46147,2285334.00766558,1415,kraken
1740614400,0.463,0.473,0.444,0.453,0.45727,2167046.89570947,1055,kraken
1740700800,0.455,0.455,0.417,0.45,0.43416,3437277.94892361,1914,kraken
1740787200,0.449,0.455,0.422,0.435,0.43102,1433834.16862075,945,kraken
1740873600,0.436,0.513,0.42,0.501,0.4818,5960485.21124831,3562,kraken
1740960000,0.501,0.504,0.404,0.412,0.4785,4523288.3585588,3313,kraken
1741046400,0.414,0.426,0.369,0.419,0.40307,5097684.5126652,2578,kraken
1741132800,0.416,0.45,0.416,0.438,0.43354,2841427.02707771,1487,kraken
1741219200,0.438,0.451,0.417,0.419,0.43675,2778593.71676169,1323,kraken
1741305600,0.421,0.529,0.402,0.429,0.44017,5540801.7803219,2106,kraken
1741392000,0.428,0.437,0.406,0.428,0.42382,2692326.78761674,872,kraken
1741478400,0.427,0.432,0.375,0.377,0.38552,2756983.18550401,1220,kraken
1741564800,0.377,0.454,0.351,0.365,0.37523,4288691.26123825,2203,kraken
1741651200,0.366,0.416,0.346,0.401,0.38517,5182707.2092618,2679,kraken
1741737600,0.402,0.433,0.39,0.406,0.40816,1696968.24166589,1726,kraken
1741824000,0.406,0.418,0.377,0.393,0.39607,5501248.40395826,2008,kraken
1741910400,0.394,0.418,0.393,0.409,0.40563,4530390.05155875,1682,kraken
1741996800,0.41,0.424,0.408,0.419,0.4131,1327101.20033136,737,kraken
1742083200,0.42,0.44,0.404,0.412,0.42031,2674764.15653464,1549,kraken
1742169600,0.412,0.448,0.412,0.433,0.43227,3887730.40554067,1828,kraken
1742256000,0.434,0.452,0.424,0.45,0.43361,3848653.42587674,1538,kraken
1742342400,0.45,0.48,0.44,0.469,0.46666,2435173.94834314,1727,kraken
1742428800,0.468,0.471,0.435,0.44,0.44986,1874019.76632211,1114,kraken
1742515200,0.441,0.444,0.43,0.439,0.43869,1061851.43178414,605,kraken
1742601600,0.439,0.498,0.438,0.492,0.47268,1730398.45059726,1755,kraken
1742688000,0.491,0.519,0.481,0.502,0.50498,2181396.29165953,1606,kraken
1742774400,0.504,0.529,0.493,0.509,0.50637,2648004.01747301,1625,kraken
1742860800,0.51,0.531,0.493,0.501,0.50773,2453404.05186665,1710,kraken
1742947200,0.502,0.572,0.501,0.549,0.54085,5750097.04966616,3523,kraken
1743033600,0.55,0.69,0.547,0.58,0.58718,5636571.14698187,3402,kraken
1743120000,0.581,0.596,0.488,0.504,0.52697,5679793.90163942,2682,kraken
1743206400,0.503,0.521,0.47,0.493,0.48743,3561941.06052916,1652,kraken
1743292800,0.487,0.497,0.464,0.467,0.47753,2792795.92505431,1276,kraken
1743379200,0.469,0.505,0.447,0.502,0.47806,4737136.60429687,2303,kraken
1743465600,0.503,0.549,0.499,0.54,0.52874,2737725.13721035,2124,kraken
1743552000,0.537,0.559,0.481,0.491,0.52087,4049938.56783071,2877,kraken
1743638400,0.487,0.54,0.484,0.521,0.51035,3969229.87548362,2349,kraken
1743724800,0.521,0.548,0.49,0.499,0.50863,4405466.34068478,2351,kraken
1743811200,0.497,0.507,0.471,0.493,0.48486,1881989.53771512,1195,kraken
1743897600,0.494,0.494,0.414,0.423,0.44871,5669279.9881734,2370,kraken
1743984000,0.422,0.586,0.395,0.46,0.45235,18238220.52572064,6212,kraken
1744070400,0.459,0.489,0.443,0.452,0.46062,9451402.7488888,3208,kraken
1744156800,0.454,0.544,0.434,0.522,0.48707,15630356.81801288,6301,kraken
1744243200,0.522,0.565,0.497,0.56,0.51975,6868102.58829266,4073,kraken
1744329600,0.56,0.635,0.555,0.607,0.60866,8701876.63251391,7874,kraken
1744416000,0.605,0.653,0.592,0.623,0.61618,5886338.5014551,4409,kraken
1744502400,0.626,0.639,0.583,0.597,0.60443,3008415.82040034,2519,kraken
1744588800,0.6,0.625,0.585,0.588,0.60107,2032930.01262818,2288,kraken
1744675200,0.587,0.61,0.569,0.584,0.59031,3625726.42570555,2542,kraken
1744761600,0.586,0.666,0.578,0.632,0.6249,7012697.07900489,6041,kraken
1744848000,0.632,0.64,0.596,0.601,0.61232,5014803.69618327,2974,kraken
1744934400,0.601,0.608,0.579,0.597,0.59429,1718602.02071216,1215,kraken
1745020800,0.599,0.626,0.595,0.612,0.61276,1638615.63226455,1518,kraken
1745107200,0.613,0.62,0.589,0.6,0.60025,717660.02585472,803,kraken
1745193600,0.601,0.64,0.578,0.59,0.61182,2855803.39241144,2416,kraken
1745280000,0.589,0.7,0.587,0.688,0.64837,6840674.10762397,5146,kraken
1745366400,0.687,0.705,0.644,0.654,0.66939,3208542.9130923,2804,kraken
1745452800,0.654,0.707,0.648,0.679,0.67769,3117968.46536773,3051,kraken
1745539200,0.678,0.705,0.663,0.677,0.68404,1900093.3771514,1757,kraken
1745625600,0.682,0.71,0.655,0.673,0.68411,2225128.50396278,1686,kraken
1745712000,0.67,0.691,0.641,0.654,0.65812,4012063.41942159,2104,kraken
1745798400,0.655,0.682,0.624,0.646,0.64889,4282856.17287832,2588,kraken
1745884800,0.648,0.677,0.64,0.648,0.6569,2059473.79368922,1336,kraken
1745971200,0.646,0.731,0.644,0.712,0.69023,4642756.74057967,3197,kraken
1746057600,0.718,0.757,0.701,0.707,0.73183,3548756.99163233,2890,kraken
1746144000,0.71,0.748,0.709,0.735,0.72795,1868369.72544517,1772,kraken
1746230400,0.735,0.737,0.695,0.702,0.70881,943801.11294501,922,kraken
1746316800,0.702,0.707,0.683,0.693,0.69259,936787.71160543,910,kraken
1746403200,0.69,0.721,0.663,0.691,0.69127,2330958.49346297,1690,kraken
1746489600,0.69,0.691,0.638,0.672,0.65859,3005521.47421172,1978,kraken
1746576000,0.675,0.702,0.651,0.667,0.67802,2841633.07280754,1878,kraken
1746662400,0.666,0.7616,0.665,0.7611,0.72886,10034692.02369957,5940,kraken
1746748800,0.7601,0.804,0.7453,0.764,0.76998,8005986.13885332,5695,kraken
1746835200,0.7644,0.819,0.7595,0.8182,0.78314,3499156.59855314,3349,kraken
1746921600,0.8181,0.829,0.7484,0.7807,0.79129,4591834.25106395,4060,kraken
1747008000,0.7818,0.8256,0.727,0.7532,0.77665,6061306.65635125,6101,kraken
1747094400,0.7539,0.79,0.707,0.7623,0.74163,4038145.20722294,4123,kraken
1747180800,0.7707,0.7816,0.685,0.7303,0.7369,4203773.07864866,3348,kraken
1747267200,0.7326,0.7398,0.6732,0.6944,0.70092,2721379.80788857,3361,kraken
1747353600,0.6984,0.7279,0.6787,0.697,0.70837,1800497.10633299,2421,kraken
1747440000,0.6954,0.6984,0.6667,0.6744,0.68195,900461.91347603,1433,kraken
1747526400,0.6761,0.7188,0.6487,0.6983,0.69161,3527083.42685708,3714,kraken
1747612800,0.6992,0.7062,0.6363,0.6723,0.66394,5627395.13543701,3422,kraken
1747699200,0.6708,0.7514,0.67,0.7083,0.71417,12795656.57983729,9355,kraken
1747785600,0.7096,0.7635,0.7074,0.7445,0.73863,5116975.25264107,6352,kraken
1747872000,0.7441,0.828,0.7419,0.825,0.80329,6537225.56874227,7293,kraken
1747958400,0.8251,0.859,0.7674,0.7812,0.81769,7203908.75161362,8118,kraken
1748044800,0.7811,0.7985,0.7604,0.7676,0.78192,1397709.93792488,2598,kraken
1748131200,0.7676,0.7739,0.727,0.7605,0.74835,2085150.30251697,2670,kraken
1748217600,0.7654,0.7881,0.7461,0.758,0.76869,1561112.82863924,2376,kraken
1748304000,0.7586,0.8067,0.7378,0.7599,0.77704,2118660.94727306,3187,kraken
1748390400,0.7589,0.7762,0.7343,0.7614,0.75939,2161734.37745416,2345,kraken
1748476800,0.7636,0.8032,0.7322,0.7416,0.75667,4239356.11898148,3705,kraken
1748563200,0.742,0.7527,0.6591,0.6621,0.69125,4333603.60561116,3926,kraken
1748649600,0.6625,0.675,0.6397,0.666,0.65428,1207493.63942232,1851,kraken
1748736000,0.6654,0.6845,0.6484,0.6797,0.66724,1203698.82757243,1555,kraken
1748822400,0.6794,0.6939,0.655,0.6884,0.67317,835830.3086698,1287,kraken
1748908800,0.6872,0.7099,0.68,0.6845,0.69651,1356676.0958625,1581,kraken
1748995200,0.6843,0.6989,0.6281,0.6375,0.67635,5724538.88064348,3718,kraken
1749081600,0.6373,0.6538,0.604,0.6112,0.63045,2894509.45758412,3489,kraken
1749168000,0.6118,0.6503,0.607,0.626,0.63077,1935815.09507278,2012,kraken
1749254400,0.6263,0.6662,0.6263,0.6613,0.65769,1440152.76522676,1596,kraken
1749340800,0.6599,0.6685,0.6429,0.6448,0.65524,1498254.50892987,1468,kraken
1749427200,0.6455,0.6962,0.6383,0.695,0.66664,2144604.78907869,2874,kraken
1749513600,0.6948,0.7544,0.6827,0.7357,0.72036,3956146.08831184,4413,kraken
1749600000,0.7348,0.7379,0.6615,0.6753,0.6932,4056042.15756037,4245,kraken
1749686400,0.6709,0.6734,0.6225,0.6233,0.6443,5354553.52342374,5008,kraken
1749772800,0.6223,0.6235,0.56,0.6187,0.58703,6975963.97012351,8146,kraken
1749859200,0.6169,0.6176,0.5817,0.5942,0.59804,3918821.25768816,2656,kraken
1749945600,0.5964,0.6,0.5751,0.5951,0.58713,583801.2217052,813,kraken
1750032000,0.5949,0.647,0.5893,0.6048,0.61581,5387953.65913027,4891,kraken
1750118400,0.6038,0.616,0.5557,0.5807,0.58477,2655900.70653832,4346,kraken
1750204800,0.5836,0.6171,0.5584,0.5969,0.59106,4668710.72278958,6715,kraken
1750291200,0.5983,0.6084,0.5748,0.59,0.59082,1487140.2970227,2058,kraken
1750377600,0.59,0.5985,0.5435,0.5674,0.56885,3529829.06044123,3655,kraken
1750464000,0.566,0.5802,0.5273,0.555,0.55257,4264230.992788,3770,kraken
1750550400,0.5557,0.5579,0.5052,0.5352,0.52663,5514209.74756794,4278,kraken
1750636800,0.537,0.5827,0.5068,0.58,0.54395,4676628.33925496,5615,kraken
1750723200,0.5804,0.5943,0.5632,0.5698,0.57774,2054790.11065595,3323,kraken
1750809600,0.5697,0.584,0.5184,0.5229,0.55339,2831142.30501527,3799,kraken
1750896000,0.523,0.543,0.4924,0.5054,0.51138,5236375.02557272,4953,kraken
1750982400,0.5048,0.523,0.4967,0.5095,0.51013,3032641.04615057,2557,kraken
1751068800,0.5118,0.5188,0.5034,0.5173,0.51316,936072.80413081,1138,kraken
1751155200,0.5179,0.5393,0.5069,0.5335,0.52294,1774115.67580058,1713,kraken
1751241600,0.5338,0.5346,0.5005,0.5227,0.51503,4777446.58788758,3266,kraken
1751328000,0.5236,0.5258,0.4961,0.5008,0.50691,3106884.29646283,2498,kraken
1751414400,0.5006,0.5382,0.495,0.5276,0.5217,2496137.25503556,2650,kraken
1751500800,0.5274,0.5499,0.5267,0.5324,0.53768,2154576.5903683,2313,kraken
1751587200,0.5329,0.5366,0.4894,0.5058,0.50576,2015406.18134246,1815,kraken
1751673600,0.5056,0.5068,0.4913,0.4981,0.49886,933477.44498235,860,kraken
1751760000,0.4977,0.511,0.4902,0.5008,0.49715,1633095.24603456,1004,kraken
1751846400,0.5009,0.5147,0.4987,0.5112,0.50684,825390.99345072,908,kraken
1751932800,0.511,0.5237,0.5011,0.5154,0.51162,1853238.97857009,2126,kraken
1752019200,0.5168,0.5654,0.5137,0.5566,0.54598,2919940.72140564,3375,kraken
1752105600,0.5576,0.6079,0.5566,0.5998,0.57131,3165282.66736057,3318,kraken
1752192000,0.5998,0.6599,0.5928,0.6304,0.63572,4265918.71800178,5021,kraken
1752278400,0.6306,0.6422,0.6034,0.6155,0.62448,1919194.27051269,2043,kraken
1752364800,0.6154,0.6787,0.6138,0.6547,0.66122,4231049.52493929,4345,kraken
1752451200,0.6526,0.7291,0.6525,0.7052,0.69656,7722828.83409333,7976,kraken
1752537600,0.7053,0.7669,0.6864,0.7589,0.72165,8189963.87251195,12781,kraken
1752624000,0.7588,0.9491,0.7479,0.9212,0.84107,9213031.17513912,13628,kraken
1752710400,0.9246,1.047,0.9035,1.0049,0.97524,10409069.91923681,18563,kraken
1752796800,1.0094,1.08,0.9118,0.9838,0.98501,17784965.89608491,18805,kraken
1752883200,0.9845,1.0044,0.9181,0.9813,0.96319,6533392.58609205,8891,kraken
1752969600,0.98,1.0303,0.9567,0.9662,0.99105,7089969.28134614,10263,kraken
1753056000,0.966,1.007,0.9425,0.9574,0.97559,4805083.60899324,6647,kraken
1753142400,0.9575,0.9966,0.9084,0.9951,0.95295,7719522.61888505,10358,kraken
1753228800,0.9935,1.0481,0.905,0.9396,0.96161,6348965.30706343,9934,kraken
1753315200,0.937,1.0353,0.9083,0.9473,0.97706,8628943.79351208,12016,kraken
1753401600,0.9473,1.093,0.9306,1.0335,1.01484,13419366.82811547,19651,kraken
1753488000,1.0343,1.14,1.0128,1.0988,1.07144,7346528.30381428,12843,kraken
1753574400,1.0998,1.163,1.0092,1.0231,1.05795,8073138.8839238,10931,kraken
1753660800,1.0239,1.0368,0.9665,1.0101,1.00558,9642860.90698616,11222,kraken
1753747200,1.0112,1.0449,0.96,0.9899,0.99229,13654751.26181734,18654,kraken
1753833600,0.9863,1.062,0.9552,1.0276,0.97991,10206283.59923964,17429,kraken
1753920000,1.0265,1.0554,0.9315,0.9356,0.99377,4851820.28394735,5470,kraken
1754006400,0.9373,0.9642,0.8599,0.8792,0.90941,4405247.86352574,5929,kraken
1754092800,0.8791,0.9262,0.8499,0.862,0.87816,2739868.88636763,3876,kraken
1754179200,0.8629,0.9285,0.8463,0.9086,0.89747,2239060.86561925,3014,kraken
1754265600,0.9098,0.9548,0.8875,0.9356,0.91773,8185073.14762051,7207,kraken
1754352000,0.9317,0.9382,0.8724,0.9045,0.90276,3990513.5135945,5173,kraken
1754438400,0.9055,0.9341,0.8815,0.9183,0.90767,1435836.33595638,2239,kraken
1754524800,0.9181,0.9566,0.8857,0.9494,0.9069,4651818.69786029,8290,kraken
1754611200,0.9491,0.9721,0.9067,0.9513,0.94691,4952622.7347971,6845,kraken
1754697600,0.9545,1.0152,0.942,0.9862,0.98651,3638360.35977631,4733,kraken
1754784000,0.9852,1.0068,0.9433,0.9742,0.9726,1679058.80237667,2707,kraken
1754870400,0.9749,1.0284,0.9084,0.9216,0.97025,4274022.89423779,5400,kraken
1754956800,0.9207,0.9975,0.895,0.9788,0.94685,4472071.42834887,5039,kraken
1755043200,0.9772,1.0617,0.9642,1.0402,1.03017,5174183.24069938,6795,kraken
1755129600,1.0402,1.05,0.9012,0.9122,0.95324,7190344.68683586,7527,kraken
1755216000,0.9122,0.9308,0.8544,0.8687,0.89138,5467250.17197948,5268,kraken
1755302400,0.868,0.8805,0.85,0.867,0.86792,1474226.11414399,2328,kraken
1755388800,0.8663,0.9085,0.86,0.8798,0.87958,1290641.48106339,2377,kraken
1755475200,0.8791,0.9031,0.835,0.8731,0.87368,3348194.08748042,4386,kraken
1755561600,0.8734,0.884,0.8182,0.8209,0.84804,3606949.29562451,3758,kraken
1755648000,0.8214,0.8952,0.8205,0.8826,0.86425,1698290.04828852,2559,kraken
1755734400,0.8836,0.8855,0.8504,0.8591,0.86402,2046964.5942748,1706,kraken
1755820800,0.8623,0.9408,0.8268,0.9358,0.8963,2828266.30087516,3888,kraken
1755907200,0.9359,0.9369,0.8804,0.9005,0.90248,1209808.24792279,2035,kraken
1755993600,0.9036,0.9407,0.86,0.9111,0.89897,3006629.81350679,4589,kraken
1756080000,0.9148,0.9149,0.7624,0.7818,0.81156,6154554.22050628,6035,kraken
1756166400,0.7831,0.82,0.7675,0.807,0.78893,2584185.43282681,2956,kraken
1756252800,0.806,0.8376,0.8019,0.808,0.81489,1214269.35890512,1670,kraken
1756339200,0.808,0.8266,0.7882,0.805,0.80569,1676955.91374793,1599,kraken
1756425600,0.8059,0.8113,0.7482,0.764,0.76344,1727404.06878721,2526,kraken
1756512000,0.7638,0.7818,0.7528,0.7774,0.77217,665466.17110393,886,kraken
1756598400,0.7787,0.7949,0.7567,0.757,0.77905,1154956.03424828,1369,kraken
1756684800,0.7563,0.782,0.7179,0.7419,0.74535,1351133.19185676,2045,kraken
1756771200,0.7435,0.7761,0.7419,0.7659,0.75918,983199.81734688,1347,kraken
1756857600,0.766,0.7955,0.7559,0.7909,0.77577,730697.99907129,1195,kraken
1756944000,0.7945,0.7957,0.737,0.7528,0.76042,1069647.46735623,1431,kraken
1757030400,0.7524,0.7796,0.7389,0.7605,0.75795,864272.32515139,1422,kraken
1757116800,0.7605,0.7876,0.7481,0.7604,0.7641,549094.94796852,859,kraken
1757203200,0.7618,0.7781,0.759,0.7692,0.76807,489029.24001274,655,kraken
1757289600,0.7667,0.7987,0.7584,0.7877,0.78724,1999703.93641286,1675,kraken
1757376000,0.7892,0.8174,0.769,0.7784,0.801,3383490.77746881,3956,kraken
1757462400,0.7752,0.8103,0.7697,0.7817,0.79174,1163795.8457294,1657,kraken
1757548800,0.7815,0.8325,0.7739,0.8287,0.80036,1791962.08357297,2530,kraken
1757635200,0.83,0.8425,0.8144,0.8424,0.83077,2489300.9416619,2345,kraken
1757721600,0.8425,0.862,0.8199,0.829,0.84179,2196872.8022909,2601,kraken
1757808000,0.8313,0.8313,0.7873,0.7918,0.8055,1491029.46036844,2073,kraken
1757894400,0.7928,0.8042,0.7328,0.7485,0.76524,1936135.08777199,2916,kraken
1757980800,0.7479,0.7483,0.7154,0.7302,0.7326,1353450.35384096,1790,kraken
1758067200,0.7302,0.7892,0.719,0.782,0.74747,2695033.83895932,3458,kraken
1758153600,0.7834,0.8287,0.6296,0.8192,0.78727,6119145.72356847,5714,kraken
1758240000,0.8197,0.8285,0.7686,0.7826,0.78682,2407348.97100251,2607,kraken
1758326400,0.7802,0.8109,0.7668,0.8017,0.7856,658636.18192262,956,kraken
1758412800,0.8014,0.8117,0.7789,0.7792,0.79351,621001.30008804,920,kraken
1758499200,0.7784,0.7796,0.66,0.6986,0.69811,3608968.68327939,4167,kraken
1758585600,0.6967,0.7,0.6629,0.6675,0.68328,2699318.42102125,3034,kraken
1758672000,0.6673,0.7172,0.6433,0.6942,0.67532,2539776.94630289,3046,kraken
1758758400,0.6941,0.6963,0.6294,0.6327,0.65877,2948859.50112024,3049,kraken
1758844800,0.637,0.6763,0.637,0.6632,0.65602,3065918.18755066,2174,kraken
1758931200,0.6627,0.676,0.6538,0.6691,0.66427,643077.34566259,871,kraken
1759017600,0.6665,0.706,0.6472,0.7052,0.6781,1272658.90093543,1585,kraken
1759104000,0.7039,0.7087,0.6729,0.684,0.69039,3511168.52064001,2717,kraken
1759190400,0.6834,0.6931,0.6559,0.6879,0.6693,1383315.11367919,1713,kraken
1759276800,0.6889,0.7371,0.6801,0.734,0.71792,2755201.95357685,2408,kraken
1759363200,0.7343,0.7643,0.7191,0.7446,0.73926,2729118.76063201,3096,kraken
1759449600,0.7446,0.8,0.7349,0.7842,0.76969,2764159.20960468,3626,kraken
1759536000,0.7835,0.7953,0.765,0.7791,0.77694,1617220.41923657,2216,kraken
1759622400,0.7774,0.8055,0.7591,0.7674,0.78336,1632423.76437671,2091,kraken
1759708800,0.7663,0.801,0.7649,0.7774,0.7867,2207493.52190121,2304,kraken
1759795200,0.777,0.8058,0.7443,0.7468,0.77886,2398559.92273416,3467,kraken
1759881600,0.7476,0.7672,0.7233,0.7419,0.74243,1580231.72147254,2149,kraken
1759968000,0.7421,0.7424,0.6901,0.7316,0.7168,2098475.24976962,2145,kraken
1760054400,0.7308,0.7592,0.32,0.598,0.59034,15204008.20946493,16356,kraken
1760140800,0.6019,0.697,0.4008,0.4855,0.50061,24620838.93593925,18792,kraken
1760227200,0.4843,0.5946,0.4747,0.5628,0.53073,6399838.20273706,7037,kraken
1760313600,0.5608,0.6386,0.5388,0.6335,0.59035,4153350.39237502,5248,kraken
1760400000,0.634,0.6363,0.5436,0.5931,0.58266,5658812.61856497,10479,kraken
1760486400,0.5926,0.6384,0.5435,0.5559,0.58126,4280605.83305534,5750,kraken
1760572800,0.5542,0.5999,0.5287,0.5384,0.55879,4680555.95380346,6710,kraken
1760659200,0.5389,0.547,0.4903,0.5104,0.51573,6497673.41116694,5442,kraken
1760745600,0.5108,0.5357,0.5091,0.527,0.52489,2028595.25688326,2306,kraken
1760832000,0.5268,0.5676,0.5161,0.5525,0.54123,3103722.77306982,5968,kraken
1760918400,0.5526,0.577,0.541,0.5521,0.55862,1862949.38650068,2467,kraken
1761004800,0.5506,0.5876,0.5279,0.5311,0.55314,2136458.87065911,3261,kraken
1761091200,0.5311,0.54,0.5007,0.5234,0.52414,3604762.26637523,4237,kraken
1761177600,0.522,0.5355,0.5139,0.5254,0.52388,911360.88033865,1515,kraken
1761264000,0.5258,0.5514,0.5219,0.5388,0.53119,2489562.72900276,2206,kraken
1761350400,0.5398,0.5407,0.5241,0.5356,0.53259,658190.08883563,797,kraken
1761436800,0.5341,0.5866,0.525,0.5802,0.55983,3216983.06947674,2889,kraken
1761523200,0.5791,0.5962,0.5515,0.5563,0.57688,1885772.46813348,4242,kraken
1761609600,0.5563,0.5707,0.5214,0.5298,0.55136,1803980.20665599,2860,kraken
1761696000,0.5291,0.561,0.5067,0.5394,0.53196,1825168.30963339,2944,kraken
1761782400,0.5401,0.5515,0.4725,0.4936,0.50232,2598630.76161687,3819,kraken
1761868800,0.4931,0.5023,0.4675,0.4793,0.48343,2429034.96677023,2799,kraken
1761955200,0.4799,0.4868,0.4736,0.479,0.47958,396803.58181747,617,kraken
1762041600,0.4782,0.4866,0.4568,0.4789,0.4723,2016121.56216998,1931,kraken
1762128000,0.479,0.4797,0.4064,0.4295,0.4347,3190286.43669263,4021,kraken
1762214400,0.4302,0.4384,0.388,0.4237,0.41545,5546760.59662341,7381,kraken
1762300800,0.4228,0.4416,0.4021,0.4373,0.42917,2567243.59923072,3192,kraken
1762387200,0.4372,0.4389,0.4041,0.4203,0.42311,1957075.81819304,2748,kraken
1762473600,0.421,0.588,0.421,0.4852,0.47136,8258852.49641962,8466,kraken
1762560000,0.4869,0.4928,0.4647,0.4793,0.47591,2413622.2068059,2396,kraken
1762646400,0.4797,0.4884,0.4651,0.4798,0.48024,3695810.82466337,2569,kraken
1762732800,0.4793,0.546,0.4761,0.5217,0.50587,3997215.73981988,4938,kraken
1762819200,0.5242,0.5356,0.4654,0.4681,0.4953,2948463.88518675,4277,kraken
1762905600,0.4683,0.4918,0.4448,0.4503,0.47058,3634048.36422892,3675,kraken
1762992000,0.4508,0.481,0.4454,0.4595,0.46349,2491066.62808648,3648,kraken
1763078400,0.4579,0.4623,0.4221,0.4292,0.43712,4467787.57075923,4556,kraken
1763164800,0.4291,0.4511,0.4282,0.4305,0.44236,1474292.49302056,1804,kraken
1763251200,0.4305,0.4434,0.4078,0.4201,0.42073,2155107.38990821,2800,kraken
1763337600,0.4208,0.4389,0.3999,0.4069,0.41504,2392784.61796918,3570,kraken
1763424000,0.4065,0.4534,0.4018,0.4352,0.43189,2655976.72951014,4720,kraken
1763510400,0.4354,0.4409,0.4081,0.4303,0.42471,2582392.41614234,3060,kraken
1763596800,0.4287,0.4515,0.4014,0.4102,0.43071,3188658.81073543,3715,kraken
1763683200,0.4102,0.4175,0.365,0.379,0.38319,7332821.27315122,7597,kraken
1763769600,0.3795,0.3834,0.3635,0.3706,0.3702,1373306.75529006,1522,kraken
1763856000,0.371,0.3972,0.371,0.3831,0.38206,1763507.42438556,2243,kraken
1763942400,0.3826,0.4169,0.3796,0.4105,0.402,3282997.57066287,4384,kraken
1764028800,0.4106,0.4278,0.401,0.4166,0.41197,2098591.28635129,2603,kraken
1764115200,0.4165,0.4465,0.4037,0.4409,0.42242,3559157.91003663,2889,kraken
1764201600,0.4423,0.4451,0.4284,0.4394,0.43821,1418825.5070093,1620,kraken
1764288000,0.4404,0.4499,0.4271,0.4274,0.44042,1158563.56337988,1546,kraken
1764374400,0.4271,0.4332,0.421,0.4227,0.42598,678690.56536718,938,kraken
1764460800,0.4222,0.4293,0.4145,0.4146,0.42259,584124.58440102,1126,kraken
1764547200,0.4146,0.4156,0.3734,0.387,0.38786,4813277.84282645,4428,kraken
1764633600,0.3874,0.4123,0.3742,0.3872,0.38723,4201355.40270654,3499,kraken
1764720000,0.3868,0.4245,0.3775,0.4209,0.39374,2887559.998235,3837,kraken
1764806400,0.4211,0.4314,0.4044,0.4054,0.41839,2109961.88935676,3440,kraken
1764892800,0.4056,0.4153,0.3783,0.3894,0.39031,2764726.69771318,2503,kraken
1764979200,0.3879,0.3919,0.38,0.384,0.38527,898367.98762408,1082,kraken
1765065600,0.3837,0.4033,0.3712,0.3818,0.38716,1718213.68706647,2694,kraken
1765152000,0.3815,0.4042,0.3802,0.3922,0.39415,1148044.32345547,2007,kraken
1765238400,0.3925,0.4233,0.385,0.4115,0.40794,1922405.68542784,4123,kraken
1765324800,0.4118,0.4302,0.4027,0.4064,0.41192,2031729.0609819,3483,kraken
1765411200,0.4063,0.4081,0.3805,0.3947,0.3932,2827902.60480915,3996,kraken
1765497600,0.3955,0.4101,0.3809,0.3944,0.39863,4058225.61236898,3878,kraken
1765584000,0.3947,0.4086,0.391,0.3985,0.40076,1029402.73959195,1642,kraken
1765670400,0.3978,0.3986,0.3704,0.3754,0.38286,1275475.66748047,2235,kraken
1765756800,0.3752,0.3867,0.3507,0.3537,0.3628,2437417.96361246,4547,kraken
1765843200,0.3534,0.3718,0.3494,0.3665,0.36005,2134717.59793986,3267,kraken
1765929600,0.3659,0.3727,0.3466,0.3544,0.35755,4078044.29207833,4308,kraken
1766016000,0.3534,0.365,0.3318,0.3388,0.34856,4682381.7766985,4614,kraken
1766102400,0.3385,0.356,0.335,0.3506,0.34664,2509194.33921325,2059,kraken
1766188800,0.3506,0.3569,0.3456,0.356,0.35261,1210103.74732809,1000,kraken
1766275200,0.3556,0.3574,0.3393,0.3485,0.34641,1155935.95543404,997,kraken
1766361600,0.3495,0.3841,0.3456,0.3773,0.36911,4526500.75792099,3298,kraken
1766448000,0.3776,0.3839,0.362,0.3734,0.37302,2417120.36573779,1852,kraken
1766534400,0.373,0.3858,0.3619,0.3778,0.37691,2678792.31133981,3116,kraken
1766620800,0.3767,0.4029,0.3753,0.3872,0.38958,3188446.90803873,3728,kraken
1766707200,0.3873,0.4037,0.3795,0.3801,0.39488,3268411.29852099,2372,kraken
1766793600,0.3801,0.404,0.3796,0.403,0.39036,2217499.541439,2360,kraken
1766880000,0.4033,0.4053,0.3868,0.3917,0.39833,1782638.04090496,1641,kraken
1766966400,0.3919,0.4047,0.3815,0.3868,0.39442,1569410.88238722,1766,kraken
1767052800,0.3872,0.3878,0.3734,0.3771,0.37895,1634760.5472217,1412,kraken
1767139200,0.3768,0.3768,0.3585,0.3592,0.36579,3446677.70923099,2177,kraken
1767225600,0.3591,0.3928,0.3573,0.3928,0.37178,1470322.06159387,1542,kraken
1767312000,0.3932,0.4132,0.3904,0.4051,0.40016,1939403.47966146,2502,kraken
1767398400,0.4054,0.4364,0.3961,0.4248,0.41957,2848931.28543683,3315,kraken
1767484800,0.4251,0.4326,0.4168,0.4266,0.42382,1913421.73644077,1839,kraken
1767571200,0.4273,0.4369,0.4175,0.4339,0.42811,2274390.74532418,2691,kraken
1767657600,0.4337,0.4384,0.4089,0.4275,0.42565,2338747.00229264,3652,kraken
1767744000,0.4271,0.4271,0.4029,0.4215,0.41697,2788101.59333516,2803,kraken
1767830400,0.4219,0.4303,0.4007,0.4071,0.41621,2884233.50339684,3461,kraken
1767916800,0.4069,0.4222,0.3996,0.4076,0.40926,1725288.78622863,2148,kraken
1768003200,0.4067,0.4174,0.4036,0.4067,0.4118,432957.11332277,857,kraken
1768089600,0.4063,0.4088,0.3941,0.4001,0.40239,838314.4445735,1014,kraken
1768176000,0.3999,0.4095,0.3867,0.3907,0.3979,1176877.49128521,1790,kraken
1768262400,0.3902,0.4403,0.3894,0.433,0.41779,1643254.23363576,2732,kraken
1768348800,0.4336,0.4399,0.4222,0.4282,0.43121,2764536.32994444,3193,kraken
1768435200,0.4272,0.4389,0.4107,0.4384,0.42579,2714880.85548596,3082,kraken
1768521600,0.4384,0.4429,0.4164,0.4264,0.42863,1671374.63738786,2154,kraken
1768608000,0.4262,0.4595,0.4094,0.417,0.43707,5295528.8077512,4955,kraken
1768694400,0.4164,0.4238,0.3989,0.4006,0.41417,1692469.58358684,1893,kraken
1768780800,0.3996,0.3996,0.353,0.3862,0.38212,3200978.92208179,4342,kraken
1768867200,0.3863,0.3912,0.3623,0.3654,0.37654,2177870.52544769,3069,kraken
1768953600,0.3655,0.3793,0.3599,0.3681,0.37229,3840434.01605284,2717,kraken
1769040000,0.3679,0.3745,0.3526,0.3627,0.3618,1898060.44559186,2333,kraken
1769126400,0.3627,0.3767,0.3596,0.3614,0.36805,1138503.2189664,1657,kraken
1769212800,0.3619,0.3646,0.3533,0.3586,0.35796,1928997.21696242,1409,kraken
1769299200,0.3589,0.3638,0.3335,0.3433,0.34722,2406153.00117462,2557,kraken
1769385600,0.3432,0.3585,0.3432,0.3553,0.35111,559796.36990321,1016,kraken
1769472000,0.3536,0.3548,0.334,0.3458,0.34327,2392905.28825253,2694,kraken
1769558400,0.3455,0.3571,0.3415,0.3528,0.34899,1391212.26786406,1631,kraken
1769644800,0.3532,0.3534,0.3189,0.3291,0.33091,4964745.65300591,3717,kraken
1769731200,0.3297,0.3299,0.31,0.317,0.31868,3423063.75522471,2859,kraken
1769817600,0.3167,0.3173,0.26,0.2886,0.28738,8766938.68669555,6057,kraken
1769904000,0.2896,0.2925,0.2724,0.2797,0.28223,2340027.41235585,2272,kraken
1769990400,0.2797,0.2913,0.2658,0.2878,0.28014,3277675.37737903,2700,kraken
1770076800,0.2859,0.2909,0.2671,0.2749,0.28199,3311897.41453946,2599,kraken
1770163200,0.2759,0.2861,0.2699,0.2748,0.27805,2182767.12300717,1733,kraken
1770249600,0.2745,0.2758,0.2281,0.2303,0.25404,8217331.45918088,5119,kraken
1770336000,0.2309,0.264,0.2025,0.2578,0.23811,7263774.79557965,5060,kraken
1770422400,0.2571,0.2634,0.2489,0.2573,0.25725,2548680.06021771,1702,kraken
1770508800,0.2561,0.2596,0.2487,0.2531,0.25477,1285144.17168672,925,kraken
1770595200,0.2522,0.2573,0.2431,0.2536,0.25103,3356579.73788367,1604,kraken
1770681600,0.253,0.2549,0.228,0.2324,0.2381,4675226.90667603,2878,kraken
1770768000,0.2327,0.2406,0.2246,0.2314,0.23059,1688087.63124188,1799,kraken
1770854400,0.2318,0.2461,0.2298,0.2384,0.23731,3036346.45978813,1656,kraken
1770940800,0.2384,0.2537,0.2331,0.2515,0.24323,1964890.24289237,1740,kraken
1771027200,0.2515,0.2694,0.2498,0.266,0.25717,3525520.30130281,2498,kraken
1771113600,0.2662,0.2707,0.2461,0.2494,0.25749,2417845.80258512,1483,kraken
1771200000,0.25,0.2594,0.2484,0.2546,0.25383,1725071.5345732,1477,kraken
1771286400,0.2546,0.2571,0.2481,0.2523,0.25234,1690174.01933078,1197,kraken
1771372800,0.2526,0.2579,0.2422,0.2442,0.24909,2645865.81435966,1816,kraken
1771459200,0.244,0.2484,0.2338,0.2393,0.23936,2149551.46657725,1433,kraken
1771545600,0.2403,0.2519,0.2367,0.2461,0.24367,2784975.89647564,1709,kraken
1771632000,0.2468,0.2473,0.2385,0.2395,0.24376,660211.27266911,655,kraken
1771718400,0.2392,0.2394,0.2269,0.2326,0.23131,2624090.86727046,1520,kraken
1771804800,0.2322,0.2325,0.2188,0.2219,0.22341,2632091.5058743,1911,kraken
1771891200,0.2224,0.2271,0.2161,0.2251,0.22042,4288530.93808816,1499,kraken
1771977600,0.2247,0.2645,0.2244,0.2534,0.24816,4198274.13743427,2977,kraken
1772064000,0.2537,0.2567,0.2453,0.2502,0.25089,3574408.56471459,1864,kraken
1772150400,0.2502,0.2574,0.2377,0.242,0.2478,3721986.41396597,1594,kraken
1772236800,0.2417,0.2552,0.2276,0.2511,0.24134,2793542.25025223,2461,kraken
1772323200,0.2511,0.2586,0.2362,0.2422,0.24631,2513425.06491927,1673,kraken
1772409600,0.2419,0.2623,0.2382,0.2496,0.24899,2118118.90322009,1927,kraken
1772496000,0.25,0.2571,0.2432,0.2519,0.24926,3890788.47728749,2130,kraken
1772582400,0.252,0.2677,0.2503,0.2554,0.25921,3005217.34900261,2017,kraken
1772668800,0.2552,0.2581,0.2488,0.2504,0.2531,1564621.32748175,1160,kraken
1772755200,0.25,0.255,0.2406,0.2436,0.24806,1022861.79257841,977,kraken
1772841600,0.2444,0.2444,0.2316,0.2343,0.23774,1270023.63395543,962,kraken
1772928000,0.2343,0.2395,0.2302,0.2327,0.23467,1933340.17861847,1493,kraken
1773014400,0.2328,0.2487,0.2311,0.242,0.24113,1450177.37945705,1402,kraken
1773100800,0.242,0.2546,0.2405,0.2415,0.2477,2003330.93170851,1629,kraken
1773187200,0.2412,0.2446,0.233,0.2335,0.23853,1600568.88280953,1347,kraken
1773273600,0.2333,0.2376,0.2289,0.2353,0.23343,2060767.16576713,1735,kraken
1773360000,0.2353,0.2495,0.233,0.2353,0.2425,1808507.71901492,1660,kraken
1773446400,0.2348,0.2356,0.2252,0.2348,0.2294,2846595.4513404,2041,kraken
1773532800,0.2345,0.2486,0.2321,0.2432,0.24051,3445905.59761248,2979,kraken
1773619200,0.2441,0.2577,0.2412,0.2549,0.24905,1834930.62194332,1745,kraken
1773705600,0.2547,0.26,0.2495,0.2504,0.25292,3646603.59832808,1853,kraken
1773792000,0.2507,0.2546,0.2375,0.2402,0.24617,3037940.88530178,1792,kraken
1773878400,0.2395,0.244,0.23,0.2361,0.23609,3552334.70230244,1889,kraken
1773964800,0.2372,0.2409,0.2311,0.2357,0.23752,2145299.76227413,1001,kraken
1774051200,0.2353,0.2365,0.226,0.2275,0.23084,1321084.03246921,651,kraken
1774137600,0.2267,0.2303,0.2138,0.2165,0.22046,2066325.29755795,1826,kraken
1774224000,0.2173,0.2293,0.212,0.2195,0.22039,3018004.39837365,2466,kraken
1774310400,0.2197,0.2274,0.2166,0.2262,0.2231,3881184.31963291,1841,kraken
1774396800,0.2264,0.2411,0.2264,0.2344,0.23509,2608062.51901752,1965,kraken
1774483200,0.2345,0.2348,0.2163,0.2202,0.22384,4364144.59177456,1890,kraken
1774569600,0.2201,0.231,0.2062,0.2073,0.21748,5622158.63443915,2298,kraken
1774656000,0.2077,0.218,0.2071,0.209,0.21191,1337850.64091773,1028,kraken
1774742400,0.2094,0.2128,0.202,0.208,0.20817,1491315.07841839,884,kraken
1774828800,0.2083,0.2221,0.2075,0.2146,0.21632,3401578.91484953,1297,kraken
1774915200,0.2148,0.2211,0.2096,0.2175,0.21575,4821543.68719237,1896,kraken
1775001600,0.2173,0.2273,0.214,0.2176,0.21905,3433429.53583812,1505,kraken
1775088000,0.2177,0.22,0.2027,0.2082,0.20786,2216431.69495484,1398,kraken
1775174400,0.2086,0.2153,0.2074,0.2093,0.21228,1264104.91775172,741,kraken
1775260800,0.2092,0.2156,0.2082,0.2144,0.21072,919613.58914129,671,kraken
1775347200,0.2145,0.2146,0.2054,0.2132,0.20871,1628954.3670591,1174,kraken
1775433600,0.2134,0.2205,0.2056,0.2085,0.21329,2106186.30265815,1548,kraken
1775520000,0.2087,0.2262,0.2016,0.2244,0.21071,5271684.18725574,3040,kraken
1775606400,0.2246,0.2321,0.2169,0.2174,0.22491,3276584.09559331,1609,kraken
1775692800,0.2168,0.2286,0.2129,0.2201,0.22077,5278225.15884468,2203,kraken
1775779200,0.2203,0.2243,0.2158,0.2173,0.22073,2431230.09036598,1562,kraken
1775865600,0.2177,0.2238,0.2157,0.2192,0.21983,1402097.6559407,1136,kraken
1775952000,0.2193,0.2195,0.2084,0.2091,0.2121,1998601.70653429,1157,kraken
1776038400,0.21,0.2218,0.2079,0.2207,0.21299,2550297.56068928,1446,kraken
1776124800,0.2215,0.2239,0.2112,0.2167,0.21853,4028377.93826491,1806,kraken
1776211200,0.2166,0.2277,0.215,0.2227,0.21887,3731989.53150822,1681,kraken
1776297600,0.2231,0.2352,0.2216,0.2335,0.2293,2915311.23721442,2134,kraken
1776384000,0.2329,0.2451,0.2281,0.2393,0.23716,2053352.67786637,2269,kraken
1776470400,0.2395,0.244,0.2286,0.2291,0.23308,3047327.72147808,2165,kraken
1776556800,0.229,0.2361,0.2203,0.2223,0.22689,6581190.50193592,4019,kraken
1776643200,0.2226,0.2356,0.2223,0.2319,0.22874,5273390.63858327,2302,kraken
1776729600,0.2318,0.2369,0.225,0.2306,0.23095,1404527.21486408,1262,kraken
1776816000,0.2312,0.2392,0.227,0.2277,0.23505,1584128.60769098,1301,kraken
1776902400,0.2264,0.2285,0.2173,0.2222,0.22204,5216461.502147,1880,kraken
1776988800,0.2225,0.228,0.2209,0.2245,0.22482,839717.9743116,673,kraken
1777075200,0.2248,0.2317,0.2226,0.2258,0.2257,1334438.71195065,958,kraken
1777161600,0.2257,0.2319,0.2243,0.2303,0.22802,718643.29878253,684,kraken
1777248000,0.2302,0.2357,0.2233,0.2324,0.22845,1351535.68604731,1319,kraken
1777334400,0.2325,0.233,0.2246,0.2275,0.22859,1045232.32111224,968,kraken
1777420800,0.2276,0.2352,0.2185,0.2306,0.22842,2452402.39289895,1425,kraken
1777507200,0.2304,0.239,0.2274,0.2356,0.23325,720443.92881407,744,kraken
1777593600,0.2353,0.2393,0.2297,0.2308,0.23608,1040440.65518868,788,kraken
1777680000,0.2308,0.239,0.2292,0.237,0.23291,796189.141843,591,kraken
1777766400,0.2367,0.2372,0.2329,0.2336,0.2351,216873.50621866,351,kraken
1777852800,0.2334,0.244,0.232,0.236,0.23827,4102785.22696543,1963,kraken
1777939200,0.2365,0.2424,0.2359,0.2407,0.24008,2153788.89040679,973,kraken
1778025600,0.2402,0.2529,0.2392,0.2498,0.2474,2299506.88609298,1399,kraken
1778112000,0.2496,0.25,0.2371,0.241,0.24148,2603463.7500831,1271,kraken
1778198400,0.2413,0.2609,0.2381,0.2561,0.24973,2982644.77683429,1502,kraken
1778284800,0.2568,0.2588,0.2464,0.2502,0.2518,2577525.52641166,1174,kraken
1778371200,0.25,0.2659,0.2474,0.2605,0.25621,3861801.26786069,1852,kraken
1778457600,0.2608,0.2985,0.2534,0.2814,0.27475,9637904.92022567,5877,kraken
1778544000,0.2813,0.2907,0.2702,0.276,0.28199,6543021.22520523,3973,kraken
1778630400,0.2759,0.2887,0.2627,0.2666,0.2771,4960919.02471948,2628,kraken
1778716800,0.2655,0.2834,0.2628,0.2765,0.27432,4333573.34533041,2145,kraken
1778803200,0.2771,0.278,0.2494,0.2552,0.25965,3814881.77338146,1996,kraken
1778889600,0.2549,0.2553,0.2381,0.2406,0.2441,2452540.00775184,1295,kraken
1778976000,0.2408,0.2413,0.2232,0.2298,0.23319,2305376.24859988,1269,kraken
1779062400,0.2294,0.2398,0.2277,0.238,0.23288,2816684.20323188,1173,kraken
1779148800,0.2374,0.2382,0.2298,0.231,0.23424,2058536.6871248,1024,kraken
1779235200,0.2312,0.2408,0.2303,0.2359,0.23717,1559828.18051925,885,kraken
1779321600,0.2364,0.2439,0.2304,0.239,0.23711,2428419.47220566,1623,kraken
1779408000,0.238,0.2463,0.2267,0.2277,0.23739,3823946.3592768,1941,kraken
1779494400,0.2278,0.2393,0.2207,0.2341,0.22762,1661039.9131978,1052,kraken
1779580800,0.2336,0.2349,0.2219,0.2267,0.22917,858307.57602531,638,kraken
1779667200,0.2265,0.23,0.2215,0.2231,0.22609,843685.24695433,550,kraken
1779753600,0.2231,0.2277,0.2154,0.2194,0.2211,1509692.10102641,1074,kraken
1779840000,0.2185,0.2225,0.2106,0.2152,0.21628,2201909.66483184,1325,kraken
1779926400,0.2151,0.2152,0.2076,0.212,0.21064,1739923.79974801,1146,kraken
1780012800,0.212,0.2157,0.2063,0.2117,0.21199,1602793.6621525,878,kraken
1780099200,0.2127,0.2172,0.2124,0.2143,0.21546,944791.94064666,571,kraken
1780185600,0.2148,0.2174,0.212,0.2156,0.21373,704666.24439445,457,kraken
1780272000,0.2159,0.2174,0.2094,0.2154,0.21368,2225690.19135341,1083,kraken
1780358400,0.2159,0.2162,0.1964,0.2,0.20505,3597592.61091946,1809,kraken
1780444800,0.2005,0.211,0.1976,0.2043,0.2046,1970678.27337766,1210,kraken
1780531200,0.2042,0.2057,0.1874,0.19342,0.19457,4579078.2020582,2736,kraken
1780617600,0.19347,0.1945,0.17227,0.18207,0.18147,9503669.92501623,5110,kraken
1780704000,0.18229,0.18741,0.16933,0.18674,0.17951,4218448.90527748,2066,kraken
1780790400,0.18692,0.2013,0.186,0.19654,0.19145,2476977.07848273,1540,kraken
1780876800,0.19651,0.20283,0.1943,0.19786,0.19942,1701965.58814151,1280,kraken
1780963200,0.19855,0.20562,0.19451,0.2013,0.19988,2996350.56337755,1523,kraken
1781049600,0.20185,0.2222,0.20137,0.21114,0.2117,5829879.84035383,2983,kraken
1781136000,0.21189,0.259,0.21178,0.25487,0.24218,14655838.80708786,9113,kraken
1781222400,0.2558,0.26524,0.235,0.23592,0.2489,6148091.50649777,4346,kraken
1781308800,0.23604,0.246,0.23223,0.23716,0.23773,3253739.14304994,2378,kraken
1781395200,0.23706,0.23842,0.22664,0.23557,0.23288,2311340.09152594,1863,kraken
1781481600,0.23538,0.24336,0.2346,0.23871,0.23885,4527623.66491493,2836,kraken
1781568000,0.23808,0.25065,0.23427,0.23874,0.24398,5600828.19361827,3964,kraken
1781654400,0.23928,0.2523,0.22415,0.22756,0.23917,9006389.83141208,7039,kraken
1781740800,0.2281,0.22957,0.2158,0.2251,0.22336,5994748.87672108,3836,kraken
1781827200,0.22472,0.2254,0.21193,0.2155,0.21733,2422310.98230925,1762,kraken
1781913600,0.21499,0.21731,0.2083,0.21459,0.21201,2937187.97705726,2206,kraken
1782000000,0.21466,0.21645,0.20651,0.2068,0.21032,1683026.22861644,1275,kraken
1782086400,0.20703,0.21446,0.20592,0.20859,0.2101,1899005.58155743,1614,kraken
1782172800,0.20902,0.21252,0.19908,0.2042,0.20477,2306262.47158845,1666,kraken
1782259200,0.20521,0.20521,0.18668,0.1952,0.19436,3828272.13882449,3119,kraken
1782345600,0.19511,0.19781,0.18211,0.19312,0.19151,4384367.59463432,3500,kraken
1782432000,0.19302,0.19563,0.18626,0.19333,0.19152,5724518.86686642,4000,kraken
1782518400,0.19321,0.19644,0.18969,0.19165,0.19278,1779005.51447903,1592,kraken
1782604800,0.19148,0.19416,0.1872,0.18929,0.19068,2461154.99534137,1600,kraken
1782691200,0.18917,0.19536,0.18759,0.19198,0.19131,3129333.04637407,2333,kraken
1782777600,0.1918,0.19259,0.184,0.1845,0.18834,2133521.2250876,1734,kraken
1782864000,0.18451,0.20865,0.18134,0.20492,0.19556,3564178.87567375,3005,kraken
1782950400,0.20724,0.21262,0.19884,0.20523,0.20622,2874183.43826489,3266,kraken
1783036800,0.20556,0.21197,0.20348,0.2092,0.20773,3036793.50903076,3352,kraken
1783123200,0.20989,0.2193,0.20357,0.21206,0.21165,2904712.0637463,2877,kraken
1783209600,0.21176,0.21515,0.20792,0.21481,0.21145,2732609.7010899,2803,kraken
1783296000,0.21437,0.21808,0.19893,0.21539,0.20973,3685408.41195534,3114,kraken
1783382400,0.21569,0.21872,0.2047,0.20659,0.20996,3564453.74058138,3003,kraken
1783468800,0.2069,0.21017,0.1978,0.19962,0.20414,4837743.30323176,3541,kraken
1783555200,0.20064,0.20495,0.19898,0.20349,0.20119,1137687.54158598,1083,kraken
1783641600,0.20361,0.2134,0.20231,0.20568,0.2073,2490303.31992549,1978,kraken
1783728000,0.20515,0.21726,0.2043,0.20827,0.21072,2239215.70246705,2078,kraken
1783814400,0.20892,0.21089,0.20386,0.20766,0.20729,1585449.25684398,1282,kraken
1783900800,0.20702,0.22021,0.20029,0.2133,0.21268,3392509.10544956,2907,kraken
1783987200,0.21401,0.22957,0.21073,0.22304,0.22277,3519050.13638912,3386,kraken
1784073600,0.22421,0.22795,0.21262,0.21521,0.21871,2174279.49501426,2119,kraken
1784160000,0.21516,0.22391,0.21155,0.21988,0.21647,1428215.4289451,1877,kraken
1784246400,0.21966,0.22167,0.20685,0.21803,0.21339,2406364.49831852,2675,kraken
1784332800,0.21836,0.21837,0.21115,0.21201,0.21333,1294530.04346132,1319,kraken
1784419200,0.21213,0.21491,0.2094,0.2113,0.21226,1357693.07942494,1199,kraken
1784505600,0.21101,0.21994,0.206,0.21508,0.21293,1584633.47406811,2280,kraken
1784592000,0.21495,0.21777,0.21235,0.21429,0.2143,1795502.76904843,1714,kraken
1784678400,0.21396,0.21937,0.21115,0.21203,0.21501,1571647.8117837,1615,kraken
1784764800,0.21233,0.21312,0.2077,0.20888,0.21088,1461430.47920153,1258,kraken
1784851200,0.20879,0.20952,0.20058,0.20336,0.20277,1746584.78230602,1291,kraken
1784937600,0.20345,0.20457,0.202,0.20305,0.20308,1171457.73140106,822,kraken
1785024000,0.20279,0.2104,0.20165,0.21033,0.20474,3143371.66171386,1861,kraken
1785110400,0.20982,0.21171,0.20095,0.20746,0.20738,2398291.60096659,2093,kraken
1785196800,0.20751,0.21683,0.20681,0.21129,0.2119,2133038.60720552,2218,kraken
1785283200,0.2121,0.21356,0.20326,0.20895,0.2082,2014271.92833967,2177,kraken
1785369600,0.20877,0.2154,0.20839,0.21212,0.21086,2362203.53740314,1768,kraken
1785456000,0.2118,0.21407,0.20567,0.20805,0.20848,1364031.8103811,2003,kraken
1785542400,0.20788,0.20861,0.19861,0.20005,0.20185,3332875.33272392,2673,kraken
1785628800,0.20005,0.20688,0.19996,0.20266,0.20416,1355380.81479914,1827,kraken
1785715200,0.20275,0.20628,0.20007,0.20576,0.20386,920570.14724449,1209,kraken
1785801600,0.20562,0.20706,0.20153,0.20526,0.2043,1338712.47509835,1115,kraken
1785888000,0.20507,0.207,0.20288,0.20523,0.205,3388245.78394062,1121,kraken
1785974400,0.20519,0.2215,0.20382,0.21465,0.214,2966790.23031651,2616,kraken
1786060800,0.21466,0.21856,0.21,0.21268,0.21419,3252884.0511065,1912,kraken
1786147200,0.21284,0.22976,0.21207,0.22653,0.22523,4377364.86348235,3467,kraken
1786233600,0.22657,0.24787,0.22494,0.23679,0.2371,6863860.5925219,5375,kraken
1786320000,0.23662,0.26733,0.23662,0.26254,0.25535,9625900.25202176,8606,kraken
1786406400,0.26286,0.27348,0.25867,0.27034,0.26682,10109148.07171215,8987,kraken
1786492800,0.26921,0.286,0.26034,0.26701,0.27172,14237208.15384696,11012,kraken
1786579200,0.26707,0.26901,0.24693,0.25378,0.25537,11387619.87291673,6797,kraken
1786665600,0.25387,0.25514,0.2378,0.2385,0.24549,4010484.00749743,3222,kraken
1786752000,0.23844,0.24369,0.2378,0.24231,0.24095,1813678.18609771,1661,kraken
1786838400,0.24013,0.25525,0.23944,0.24916,0.2496,2419782.0298839,2412,kraken
1786924800,0.24852,0.25383,0.2405,0.24172,0.24586,3328192.41820473,3021,kraken
1787011200,0.24127,0.24877,0.23594,0.2418,0.24164,1543261.1104988,1864,kraken
1787097600,0.24153,0.3,0.2348,0.25362,0.24711,10713679.26536239,6704,kraken
1787184000,0.25412,0.2887,0.25412,0.28499,0.26953,9438118.83536006,7725,kraken
1787270400,0.28544,0.34815,0.28236,0.34373,0.3146,28005377.85881926,18144,kraken
1787356800,0.34276,0.3554,0.28707,0.33683,0.32935,22893403.57723452,17492,kraken
1787443200,0.33622,0.34617,0.31087,0.32998,0.32979,10064519.11573161,8697,kraken
1787529600,0.32938,0.34083,0.32,0.33978,0.32849,3729681.48812466,3843,kraken
1787616000,0.33892,0.34343,0.31035,0.31455,0.33036,5641376.39183094,4873,kraken
1787702400,0.3143,0.32396,0.30191,0.3172,0.3105,4250499.9777225,2953,kraken
1787788800,0.31678,0.33785,0.3119,0.32672,0.33006,10114138.82601391,5048,kraken
1787875200,0.32668,0.33304,0.30027,0.30561,0.31033,2300821.56610791,2127,kraken
1787961600,0.30559,0.30976,0.30051,0.30419,0.30517,912838.45830163,873,kraken
1788048000,0.30421,0.31277,0.29011,0.29574,0.30161,2420856.43124225,2389,kraken
1788134400,0.295,0.34087,0.295,0.33838,0.31988,4765773.62886967,4027,kraken
1788220800,0.33882,0.38,0.33882,0.37124,0.36079,21130991.15933162,12827,kraken
1788307200,0.37051,0.4,0.35224,0.36321,0.37132,16062711.81642417,11482,kraken
1788393600,0.36268,0.38207,0.35438,0.36458,0.36713,10492434.98509095,7614,kraken
1788480000,0.36434,0.38193,0.3,0.35206,0.35774,9359109.83657201,7303,kraken
1788566400,0.35185,0.3869,0.34758,0.37893,0.36767,4696159.83412665,5274,kraken
1788652800,0.37895,0.39054,0.36147,0.38197,0.3737,8072964.36953658,7236,kraken
1788739200,0.38201,0.40859,0.36429,0.3696,0.38456,4783440.32909435,5811,kraken
1788825600,0.36933,0.37285,0.35571,0.36336,0.36306,4100305.70722703,4081,kraken
1788912000,0.36313,0.3669,0.34926,0.35564,0.35872,2061613.05698804,3238,kraken
1788998400,0.35593,0.35856,0.33422,0.33663,0.34042,7157913.36160756,6666,kraken
1789084800,0.3365,0.35838,0.33086,0.33524,0.34027,4866063.66953842,5123,kraken
1789171200,0.33522,0.34247,0.33044,0.33328,0.33617,1316076.73281666,2424,kraken
1789257600,0.33349,0.35555,0.32971,0.345,0.34549,4622001.56864863,6724,kraken
1789344000,0.34497,0.36353,0.34385,0.34695,0.35351,3190712.69725993,4907,kraken
1789430400,0.34727,0.35537,0.30912,0.32032,0.33462,8038983.63733065,8360,kraken
1789516800,0.31939,0.3218,0.3012,0.3208,0.31102,4065050.24338062,3965,kraken
1789603200,0.32041,0.33827,0.30974,0.32722,0.32377,6999281.22943155,6649,kraken
1789689600,0.32791,0.34759,0.32648,0.34433,0.33848,7445859.11002306,6331,kraken
1789776000,0.34432,0.34968,0.33397,0.34528,0.34036,4313689.43222776,5337,kraken
1789862400,0.34491,0.36579,0.32634,0.35485,0.34552,7670371.52819268,5009,kraken
1789948800,0.35429,0.3727,0.34182,0.36792,0.35553,19476061.83860134,11835,kraken
1790035200,0.3677,0.37124,0.34836,0.36386,0.35982,8439689.2212606,5558,kraken
1790121600,0.36235,0.37055,0.321,0.32523,0.34393,5951034.11985954,6753,kraken
1790208000,0.32516,0.35576,0.32516,0.34568,0.34434,6398524.44924457,4891,kraken
1790294400,0.34592,0.35612,0.33425,0.35505,0.34598,5709851.01491999,4792,kraken
1790380800,0.35622,0.35983,0.338,0.34784,0.34818,4290611.74473436,2834,kraken
1790467200,0.34784,0.35519,0.3411,0.35333,0.34952,6050929.10098216,4308,kraken
1790553600,0.35328,0.3844,0.32163,0.37941,0.35138,15020325.61802774,10642,kraken
1790640000,0.37924,0.4156,0.36824,0.381,0.39018,18740393.0308276,16833,kraken
1790726400,0.38128,0.41234,0.37469,0.3938,0.39577,8129263.59401084,6578,kraken
1790812800,0.39363,0.39981,0.37221,0.37389,0.3845,7255919.79869185,5730,kraken
1790899200,0.37438,0.38912,0.35504,0.37032,0.37142,4673065.4814933,3635,kraken
1790985600,0.37146,0.385,0.3674,0.38103,0.37689,3054961.55603375,3674,kraken
1791072000,0.38107,0.38148,0.36645,0.37975,0.37312,2452340.05613605,2406,kraken
1791158400,0.37886,0.38645,0.36856,0.37302,0.37927,4744047.75065835,3727,kraken
1791244800,0.37289,0.37457,0.35758,0.36067,0.3624,4044021.45075461,3789,kraken
1791331200,0.36055,0.38271,0.34595,0.38151,0.35534,5864913.63660072,6215,kraken
1791417600,0.3816,0.39899,0.32707,0.33581,0.36305,14256673.26357964,14688,kraken
1791504000,0.33607,0.36566,0.33402,0.35917,0.35108,9833305.40415073,8713,kraken
