time,open,high,low,close,vwap,volume,count,source
1633651200,189.147,198.25,186.453,189.66,191.45433333333332,10849.00020826,0,coinbase
1633737600,189.636,194.525,186.587,193.612,191.57466666666664,6738.05679292,0,coinbase
1633824000,193.753,195.69,181.383,182.022,186.365,8435.6224834,0,coinbase
1633910400,182.022,190.988,178.286,182.596,183.95666666666668,8606.11230274,0,coinbase
1633996800,182.798,182.798,170.571,180.709,178.02599999999998,13796.20290905,0,coinbase
1634083200,180.585,183.804,173.166,183.386,180.11866666666666,24089.13154606,0,coinbase
1634169600,183.69,189.699,182.6,186.692,186.33033333333333,9367.18200572,0,coinbase
1634256000,186.713,194.722,181.834,193.853,190.13633333333337,14670.90389031,0,coinbase
1634342400,193.91,198.25,189.76,190.016,192.67533333333333,9903.17891925,0,coinbase
1634428800,190.312,192.631,179.272,186.194,186.03233333333333,6821.43938363,0,coinbase
1634515200,186.142,190.323,180.5,186.833,185.8853333333333,7176.75152677,0,coinbase
1634601600,186.776,194.864,186.248,194.247,191.78633333333332,9450.99464046,0,coinbase
1634688000,194.187,205.804,189.348,201.799,198.98366666666666,17638.18797734,0,coinbase
1634774400,201.785,207.99,193.35,196.812,199.38400000000001,21552.61564951,0,coinbase
1634860800,196.65,203.261,192.389,195.285,196.97833333333332,14486.35811516,0,coinbase
1634947200,195.128,198.786,191.5,197.588,195.958,7178.89643581,0,coinbase
1635033600,197.686,214.0,196.785,202.584,204.4563333333333,23660.99154573,0,coinbase
1635120000,202.85,209.6,201.209,208.315,206.37466666666668,9802.58316141,0,coinbase
1635206400,208.316,208.488,195.269,198.646,200.80100000000002,14493.18551923,0,coinbase
1635292800,198.846,201.994,172.036,175.19,183.07333333333335,27803.66083722,0,coinbase
1635379200,175.339,186.619,172.808,183.525,180.984,20567.91001762,0,coinbase
1635465600,183.549,189.094,181.906,187.698,186.23266666666666,11749.54283736,0,coinbase
1635552000,187.61,189.429,179.544,183.888,184.287,15009.2410012,0,coinbase
1635638400,183.727,199.803,183.486,192.75,192.013,19483.9152329,0,coinbase
1635724800,192.829,194.655,183.915,189.299,189.28966666666668,13449.94990397,0,coinbase
1635811200,189.131,203.099,187.668,200.284,197.01699999999997,23979.98843135,0,coinbase
1635897600,200.414,205.412,193.209,201.843,200.15466666666666,22778.81991341,0,coinbase
1635984000,201.843,204.717,193.69,199.129,199.1786666666667,24231.6636031,0,coinbase
1636070400,199.039,200.131,191.775,194.443,195.44966666666667,10801.84115839,0,coinbase
1636156800,194.397,197.776,185.588,191.224,191.5293333333333,11560.70665039,0,coinbase
1636243200,191.175,193.951,189.885,193.951,192.5956666666667,10119.6306479,0,coinbase
1636329600,193.917,213.909,193.415,212.245,206.523,25238.87060032,0,coinbase
1636416000,212.098,239.084,211.369,234.216,228.22299999999998,63402.65966712,0,coinbase
1636502400,234.216,247.483,208.53,217.028,224.347,39279.24682785,0,coinbase
1636588800,217.185,235.281,213.322,232.1,226.90099999999998,19013.76262035,0,coinbase
1636675200,232.0,236.026,212.34,221.242,223.20266666666666,21226.01893457,0,coinbase
1636761600,221.398,232.292,217.306,228.956,226.18466666666666,13424.11911083,0,coinbase
1636848000,228.956,231.904,220.183,229.204,227.09699999999998,7918.22917371,0,coinbase
1636934400,229.204,240.049,223.961,224.196,229.40200000000002,14601.92041343,0,coinbase
1637020800,224.18,224.18,190.0,198.55,204.24333333333334,31454.60460459,0,coinbase
1637107200,198.757,200.576,185.0,189.5,191.692,17570.41003046,0,coinbase
1637193600,189.56,191.281,170.09,175.899,179.09,25794.68935224,0,coinbase
1637280000,176.012,189.606,174.001,189.415,184.34066666666664,15476.13901665,0,coinbase
1637366400,189.424,198.203,186.201,193.65,192.68466666666666,10438.99196213,0,coinbase
1637452800,193.65,208.688,187.512,207.27,201.15666666666667,13912.85885939,0,coinbase
1637539200,207.676,209.479,188.855,197.921,198.75166666666667,22118.7969269,0,coinbase
1637625600,197.921,200.88,184.584,187.543,191.00233333333335,12476.74906677,0,coinbase
1637712000,187.636,204.999,184.528,204.409,197.97866666666664,26196.28953146,0,coinbase
1637798400,204.329,215.642,202.5,214.758,210.96666666666667,18752.28395337,0,coinbase
1637884800,214.805,215.526,180.241,183.696,193.15433333333337,23173.56367238,0,coinbase
1637971200,183.636,189.92,180.837,182.528,184.4283333333333,11967.64894928,0,coinbase
1638057600,182.578,182.994,164.157,178.896,175.34900000000002,19478.49271853,0,coinbase
1638144000,178.801,184.597,176.0,182.269,180.95533333333333,11464.46295164,0,coinbase
1638230400,182.268,186.557,174.94,179.99,180.49566666666666,13755.2482953,0,coinbase
1638316800,180.117,185.698,176.769,178.345,180.27066666666667,10596.67351071,0,coinbase
1638403200,178.391,178.391,172.6,176.418,175.803,10298.42812289,0,coinbase
1638489600,176.392,180.404,160.458,167.271,169.37766666666664,16414.74760244,0,coinbase
1638576000,167.274,167.712,117.77,142.583,142.6883333333333,59676.06481674,0,coinbase
1638662400,142.614,144.915,127.25,134.714,135.62633333333332,20919.07928338,0,coinbase
1638748800,134.454,139.98,122.068,137.519,133.189,26622.47360493,0,coinbase
1638835200,137.5,144.678,135.777,138.28,139.57833333333335,16691.67756356,0,coinbase
1638921600,138.249,149.192,135.403,147.664,144.08633333333333,19818.68455256,0,coinbase
1639008000,147.76,151.481,135.79,136.265,141.17866666666666,21038.45860598,0,coinbase
1639094400,136.69,141.65,131.46,132.97,135.36,14328.16926773,0,coinbase
1639180800,133.5,141.73,130.81,140.6,137.71333333333334,8490.42488604,0,coinbase
1639267200,140.84,140.96,134.09,138.08,137.71,7972.75791109,0,coinbase
1639353600,138.1,139.9,123.45,126.44,129.93,14206.01199019,0,coinbase
1639440000,126.56,134.25,124.68,131.65,130.19333333333336,9691.39269213,0,coinbase
1639526400,131.63,136.74,124.2,134.03,131.65666666666667,12113.49117027,0,coinbase
1639612800,134.37,135.96,129.86,130.15,131.99,8372.38914829,0,coinbase
1639699200,130.62,132.31,124.15,128.25,128.23666666666668,10661.33289745,0,coinbase
1639785600,128.49,132.58,126.42,129.54,129.51333333333332,4310.89873738,0,coinbase
1639872000,129.7,133.21,128.67,129.18,130.35333333333332,12006.11238268,0,coinbase
1639958400,129.07,130.07,122.59,127.33,126.66333333333334,13371.22895774,0,coinbase
1640044800,127.49,134.94,125.57,133.6,131.37,16023.97199926,0,coinbase
1640131200,133.66,142.84,131.3,135.16,136.4333333333333,21286.43608598,0,coinbase
1640217600,135.16,147.4,131.6,146.65,141.88333333333333,20946.29883903,0,coinbase
1640304000,146.65,156.689,144.69,149.49,150.28966666666668,32626.70966675,0,coinbase
1640390400,149.41,153.82,148.25,150.0,150.69,9200.24474243,0,coinbase
1640476800,150.12,150.97,145.07,149.09,148.37666666666667,9609.87600476,0,coinbase
1640563200,149.31,158.58,148.99,151.04,152.87,13557.10899946,0,coinbase
1640649600,151.08,151.46,134.63,134.66,140.25,23359.88582064,0,coinbase
1640736000,134.79,137.0,131.17,133.39,133.85333333333332,21056.55556683,0,coinbase
1640822400,133.39,135.76,129.54,133.04,132.77999999999997,21439.50989949,0,coinbase
1640908800,132.99,142.53,131.0,133.71,135.74666666666667,31029.16156553,0,coinbase
1640995200,133.88,139.39,133.67,138.03,137.02999999999997,12568.52833165,0,coinbase
1641081600,138.17,143.23,136.36,141.99,140.52666666666667,8961.08431696,0,coinbase
1641168000,141.93,142.86,136.17,139.05,139.35999999999999,7396.51829777,0,coinbase
1641254400,139.15,139.88,133.26,134.45,135.86333333333332,22271.71767544,0,coinbase
1641340800,134.45,136.98,117.05,122.47,125.5,22623.54420209,0,coinbase
1641427200,122.5,125.32,117.91,124.32,122.51666666666665,18685.40896132,0,coinbase
1641513600,124.38,134.99,115.52,134.68,128.39666666666668,39705.01619073,0,coinbase
1641600000,134.68,146.99,131.52,141.87,140.12666666666667,47771.55176504,0,coinbase
1641686400,142.09,157.38,140.46,153.16,150.33333333333334,44145.85751813,0,coinbase
1641772800,153.18,154.79,140.09,147.98,147.62,40816.92205215,0,coinbase
1641859200,148.18,156.02,141.06,141.72,146.26666666666668,36410.38158846,0,coinbase
1641945600,141.89,144.77,138.45,143.44,142.22,22157.27267396,0,coinbase
1642032000,143.36,144.84,137.22,141.37,141.14333333333335,20542.28099207,0,coinbase
1642118400,141.48,146.97,139.11,141.12,142.4,31017.87154399,0,coinbase
1642204800,141.15,142.58,138.62,141.33,140.84333333333336,12624.20064835,0,coinbase
1642291200,141.42,142.85,135.61,137.39,138.61666666666667,10099.43740312,0,coinbase
1642377600,137.5,138.31,132.82,135.76,135.63,15854.32772715,0,coinbase
1642464000,135.86,136.97,127.3,130.54,131.60333333333332,17260.78692072,0,coinbase
1642550400,130.6,132.12,126.25,126.79,128.38666666666668,16335.78500243,0,coinbase
1642636800,126.74,133.63,120.58,121.15,125.12,14648.71019283,0,coinbase
1642723200,121.03,122.32,102.79,105.73,110.28000000000002,49771.21089638,0,coinbase
1642809600,105.69,107.83,85.83,97.07,96.91000000000001,112376.21549745,0,coinbase
1642896000,97.13,100.91,93.0,99.39,97.76666666666667,48181.72043334,0,coinbase
1642982400,99.42,100.24,80.58,90.49,90.43666666666667,83322.02313353,0,coinbase
1643068800,90.49,92.51,87.8,89.59,89.96666666666665,40876.44046768,0,coinbase
1643155200,89.61,99.36,88.45,93.16,93.65666666666668,48555.76005143,0,coinbase
1643241600,93.13,94.28,87.12,91.73,91.04333333333334,32287.63357256,0,coinbase
1643328000,91.71,96.1,89.72,95.59,93.80333333333333,25472.31900969,0,coinbase
1643414400,95.46,97.98,93.39,96.55,95.97333333333334,15041.29156369,0,coinbase
1643500800,96.53,98.17,91.99,92.77,94.31,14912.47508606,0,coinbase
1643587200,92.85,95.04,88.34,94.18,92.52,16043.98621121,0,coinbase
1643673600,94.07,97.77,93.87,97.23,96.29,15551.28929683,0,coinbase
1643760000,97.36,99.59,92.11,92.91,94.87,15314.80472946,0,coinbase
1643846400,92.8,95.35,90.35,95.23,93.64333333333333,12529.99902195,0,coinbase
1643932800,95.12,103.22,94.37,103.07,100.21999999999998,21468.95227079,0,coinbase
1644019200,103.09,109.0,101.34,103.6,104.64666666666666,25398.4342061,0,coinbase
1644105600,103.72,109.1,102.5,108.97,106.85666666666667,14046.67586428,0,coinbase
1644192000,109.01,117.14,106.06,115.9,113.03333333333335,20168.55401151,0,coinbase
1644278400,116.08,119.63,109.52,112.75,113.96666666666665,19155.02644254,0,coinbase
1644364800,112.91,118.35,110.3,115.05,114.56666666666666,12837.09951574,0,coinbase
1644451200,115.05,117.66,109.8,111.66,113.04,13939.23425792,0,coinbase
1644537600,111.73,114.64,102.66,103.82,107.04,13329.94606912,0,coinbase
1644624000,103.51,106.91,100.12,104.19,103.74000000000001,10561.74524848,0,coinbase
1644710400,104.07,106.24,100.84,102.03,103.03666666666668,19258.59693727,0,coinbase
1644796800,102.1,104.77,98.74,103.91,102.47333333333331,7345.32616132,0,coinbase
1644883200,103.92,109.98,103.65,109.33,107.65333333333332,7266.85251212,0,coinbase
1644969600,109.15,116.16,106.1,115.33,112.52999999999999,13018.8700993,0,coinbase
1645056000,115.27,118.77,103.28,104.76,108.93666666666667,17040.59611833,0,coinbase
1645142400,104.71,110.62,103.63,105.23,106.49333333333334,12070.33760442,0,coinbase
1645228800,105.13,106.71,99.96,102.4,103.02333333333333,9272.15992235,0,coinbase
1645315200,102.52,102.56,95.0,98.1,98.55333333333333,13021.40816466,0,coinbase
1645401600,98.02,101.53,86.41,87.06,91.66666666666667,27671.41355966,0,coinbase
1645488000,87.08,93.8,84.47,93.66,90.64333333333332,28260.4409235,0,coinbase
1645574400,93.68,96.27,88.12,88.37,90.92,36666.45220016,0,coinbase
1645660800,88.38,90.96,77.08,88.06,85.36666666666667,45494.65191136,0,coinbase
1645747200,88.08,94.05,86.19,92.9,91.04666666666667,15647.09522128,0,coinbase
1645833600,92.83,96.0,91.62,93.68,93.76666666666667,7729.42160642,0,coinbase
1645920000,93.77,95.63,86.24,88.26,90.04333333333334,12414.97618005,0,coinbase
1646006400,88.19,100.64,86.73,100.51,95.96,14138.14541701,0,coinbase
1646092800,100.6,102.98,96.49,100.1,99.85666666666667,17628.41916674,0,coinbase
1646179200,99.65,103.68,96.64,100.88,100.39999999999999,17036.61183812,0,coinbase
1646265600,100.77,102.92,94.82,96.75,98.16333333333334,16010.21158024,0,coinbase
1646352000,96.79,97.0,87.88,89.59,91.49000000000001,14855.99492829,0,coinbase
1646438400,89.64,90.8,86.8,89.56,89.05333333333333,19356.60148275,0,coinbase
1646524800,89.56,90.69,84.92,85.63,87.08,10954.41234413,0,coinbase
1646611200,85.53,93.17,83.55,85.9,87.54,15930.60430987,0,coinbase
1646697600,85.96,97.46,85.31,96.39,93.05333333333333,19700.01831559,0,coinbase
1646784000,96.4,101.81,95.46,100.02,99.09666666666665,51876.29681887,0,coinbase
1646870400,100.05,105.59,92.92,104.65,101.05333333333333,99421.24328275,0,coinbase
1646956800,104.61,104.61,94.77,94.95,98.11,35242.17982549,0,coinbase
1647043200,94.99,101.17,94.93,99.07,98.39,18642.04931508,0,coinbase
1647129600,99.07,103.01,91.97,93.67,96.21666666666668,25828.28702228,0,coinbase
1647216000,93.56,98.79,92.25,98.23,96.42333333333335,17053.42576642,0,coinbase
1647302400,98.29,98.37,92.85,95.14,95.45333333333333,10826.06080999,0,coinbase
1647388800,95.23,99.82,94.5,98.33,97.55,17054.72523541,0,coinbase
1647475200,98.22,100.54,96.18,96.41,97.71,10575.40333839,0,coinbase
1647561600,96.49,99.68,93.18,98.92,97.26,19465.62162367,0,coinbase
1647648000,99.08,104.76,98.8,103.03,102.19666666666667,20055.10434487,0,coinbase
1647734400,103.08,118.16,101.3,115.63,111.69666666666666,66217.22828954,0,coinbase
1647820800,115.73,124.17,112.28,123.68,120.04333333333334,55182.84706179,0,coinbase
1647907200,123.55,133.0,121.48,130.82,128.43333333333334,45593.23008691,0,coinbase
1647993600,130.82,138.74,126.49,129.78,131.67,45662.61484905,0,coinbase
1648080000,129.76,134.04,123.61,129.93,129.19333333333333,28751.79903175,0,coinbase
1648166400,129.93,132.48,121.85,126.28,126.87,24356.75100439,0,coinbase
1648252800,126.1,131.87,125.5,128.2,128.52333333333334,24550.72592502,0,coinbase
1648339200,128.2,133.28,125.01,133.07,130.45333333333335,13529.79344759,0,coinbase
1648425600,132.89,138.11,125.97,127.73,130.60333333333335,35862.30350356,0,coinbase
1648512000,127.7,135.85,127.16,130.31,131.10666666666665,19300.75690389,0,coinbase
1648598400,130.29,136.88,126.32,132.97,132.05666666666664,21175.71326986,0,coinbase
1648684800,132.92,137.26,125.35,127.34,129.98333333333335,28568.99419823,0,coinbase
1648771200,127.37,130.72,121.23,128.12,126.69,18527.22424056,0,coinbase
1648857600,128.19,131.56,126.55,127.43,128.51333333333335,25045.13039058,0,coinbase
1648944000,127.41,135.14,124.61,132.61,130.78666666666666,19307.92712501,0,coinbase
1649030400,132.54,134.47,125.7,133.3,131.15666666666667,26921.7571885,0,coinbase
1649116800,133.51,136.47,126.62,127.12,130.07000000000002,12550.97226084,0,coinbase
1649203200,127.01,127.14,113.21,113.65,118.0,33703.96150143,0,coinbase
1649289600,113.83,117.7,111.07,116.82,115.19666666666666,13322.9440611,0,coinbase
1649376000,116.8,118.1,108.52,110.93,112.51666666666667,14630.6391271,0,coinbase
1649462400,110.92,117.93,110.53,114.99,114.48333333333333,11754.80591164,0,coinbase
1649548800,115.0,115.91,110.45,110.98,112.44666666666667,12839.60100234,0,coinbase
1649635200,110.82,112.05,98.74,100.94,103.91000000000001,23097.37404552,0,coinbase
1649721600,100.94,105.4,99.53,102.38,102.43666666666667,10359.69399249,0,coinbase
1649808000,102.41,107.11,101.08,105.28,104.49000000000001,14283.50834164,0,coinbase
1649894400,105.21,108.25,101.53,106.24,105.33999999999999,16387.09602031,0,coinbase
1649980800,106.38,111.1,105.88,109.25,108.74333333333334,12890.24598357,0,coinbase
1650067200,109.28,110.42,106.41,108.28,108.37,6278.33753735,0,coinbase
1650153600,108.32,109.75,104.18,104.4,106.11000000000001,5886.05203445,0,coinbase
1650240000,104.29,108.86,100.8,108.7,106.12,10730.77313323,0,coinbase
1650326400,108.78,110.75,106.0,109.57,108.77333333333333,6108.55657323,0,coinbase
1650412800,109.48,109.74,105.33,107.0,107.35666666666667,10768.12347497,0,coinbase
1650499200,106.97,109.81,100.07,102.03,103.96999999999998,16317.45419426,0,coinbase
1650585600,101.94,106.04,101.39,103.28,103.57000000000001,9906.47644902,0,coinbase
1650672000,103.32,104.49,101.17,101.77,102.47666666666667,8340.51435482,0,coinbase
1650758400,101.86,102.46,98.71,99.95,100.37333333333333,10442.41532812,0,coinbase
1650844800,100.11,100.18,93.27,99.57,97.67333333333333,13093.02342301,0,coinbase
1650931200,99.44,101.28,91.57,93.18,95.34333333333332,9820.35080057,0,coinbase
1651017600,93.16,96.28,92.4,95.64,94.77333333333333,6103.56266507,0,coinbase
1651104000,95.62,99.94,94.77,96.43,97.04666666666667,6956.52522266,0,coinbase
1651190400,96.46,99.69,90.45,92.04,94.06,9704.17866226,0,coinbase
1651276800,92.11,94.47,80.75,84.6,86.60666666666667,14737.68800232,0,coinbase
1651363200,84.76,90.58,83.79,89.89,88.08666666666666,12944.96983551,0,coinbase
1651449600,89.92,91.0,86.36,89.28,88.88,6045.0642987,0,coinbase
1651536000,89.06,90.76,86.43,88.05,88.41333333333334,5310.28674675,0,coinbase
1651622400,88.11,95.93,87.79,95.89,93.20333333333333,7049.98631648,0,coinbase
1651708800,95.88,97.45,85.22,87.45,90.04,16183.71504192,0,coinbase
1651795200,87.38,88.32,84.35,87.8,86.82333333333332,17992.16676739,0,coinbase
1651881600,87.67,87.77,81.48,83.59,84.28,6967.66150487,0,coinbase
1651968000,83.54,85.4,79.82,83.2,82.80666666666667,12350.56714088,0,coinbase
1652054400,83.23,85.62,69.0,69.89,74.83666666666666,25116.37034484,0,coinbase
1652140800,69.78,79.01,68.18,73.37,73.52,38288.44212892,0,coinbase
1652227200,73.33,74.58,52.99,58.06,61.876666666666665,64507.78791794,0,coinbase
1652313600,57.97,61.4,43.02,53.75,52.723333333333336,57548.00831923,0,coinbase
1652400000,53.54,62.62,52.56,58.26,57.81333333333333,31326.11625453,0,coinbase
1652486400,58.24,61.46,55.14,60.86,59.15333333333333,20610.88685484,0,coinbase
1652572800,60.9,63.07,58.3,63.07,61.48,21908.61979391,0,coinbase
1652659200,63.14,63.17,55.33,57.82,58.77333333333333,24643.34854044,0,coinbase
1652745600,57.91,61.02,56.48,60.11,59.20333333333334,16367.59455009,0,coinbase
1652832000,60.07,61.62,55.09,55.76,57.49,17426.91094952,0,coinbase
1652918400,55.77,59.3,53.34,58.55,57.06333333333333,14701.96160941,0,coinbase
1653004800,58.75,60.17,55.7,57.22,57.696666666666665,15477.42218246,0,coinbase
1653091200,57.33,58.14,55.73,56.96,56.943333333333335,14569.79681146,0,coinbase
1653177600,57.1,61.82,56.51,61.41,59.913333333333334,20372.34107455,0,coinbase
1653264000,61.39,64.75,58.84,59.83,61.14000000000001,22230.09398381,0,coinbase
1653350400,59.73,62.46,58.09,62.33,60.96,24018.90815143,0,coinbase
1653436800,62.27,64.11,60.7,62.12,62.31,14157.67081368,0,coinbase
1653523200,62.21,63.44,55.74,58.05,59.076666666666675,20716.26127659,0,coinbase
1653609600,58.18,58.78,54.05,54.82,55.88333333333333,12613.45067808,0,coinbase
1653696000,54.86,56.99,54.08,56.47,55.846666666666664,10046.73901576,0,coinbase
1653782400,56.41,57.85,55.07,57.85,56.92333333333334,8452.8083683,0,coinbase
1653868800,57.83,63.53,57.31,63.18,61.34,12492.6100928,0,coinbase
1653955200,63.1,65.36,60.27,64.63,63.419999999999995,9195.40188169,0,coinbase
1654041600,64.59,68.04,58.63,59.13,61.93333333333334,15715.94188256,0,coinbase
1654128000,59.14,60.57,57.95,59.85,59.45666666666667,12909.14370803,0,coinbase
1654214400,59.78,60.01,56.25,58.07,58.10999999999999,10351.92268313,0,coinbase
1654300800,58.19,59.15,57.14,58.68,58.32333333333333,4575.6478218,0,coinbase
1654387200,58.58,59.19,57.66,58.54,58.46333333333333,4320.94723342,0,coinbase
1654473600,58.53,61.96,58.35,60.01,60.10666666666666,6103.72068187,0,coinbase
1654560000,59.94,60.75,56.0,58.33,58.35999999999999,12582.32890116,0,coinbase
1654646400,58.33,59.33,57.34,58.04,58.23666666666667,6979.58631269,0,coinbase
1654732800,58.0,58.56,57.11,57.62,57.76333333333333,4884.99664002,0,coinbase
1654819200,57.73,57.96,53.02,53.81,54.93000000000001,12124.30463636,0,coinbase
1654905600,53.81,54.6,48.4,49.06,50.68666666666667,24044.02882421,0,coinbase
1654992000,48.97,49.77,45.48,46.05,47.1,31247.80071192,0,coinbase
1655078400,46.05,46.5,39.34,42.59,42.81,73635.96725774,0,coinbase
1655164800,42.47,44.53,38.94,43.47,42.31333333333333,49218.75144566,0,coinbase
1655251200,43.38,46.15,38.46,45.86,43.49,49565.36168406,0,coinbase
1655337600,45.85,46.4,41.06,41.86,43.10666666666666,27398.43922019,0,coinbase
1655424000,41.77,44.29,41.27,43.53,43.03,17088.42392414,0,coinbase
1655510400,43.53,44.23,38.49,41.55,41.42333333333333,31188.70152049,0,coinbase
1655596800,41.62,45.23,39.84,44.29,43.12,28013.38063959,0,coinbase
1655683200,44.19,46.17,43.03,45.3,44.833333333333336,39613.80201787,0,coinbase
1655769600,45.26,48.56,44.57,47.09,46.74,18381.81385764,0,coinbase
1655856000,46.97,47.21,44.37,45.08,45.553333333333335,16892.0269165,0,coinbase
1655942400,45.1,48.85,44.99,48.6,47.48,12860.42332567,0,coinbase
1656028800,48.62,52.58,48.44,51.69,50.90333333333333,22664.09973659,0,coinbase
1656115200,51.69,52.77,49.53,52.34,51.546666666666674,12077.81875686,0,coinbase
1656201600,52.3,53.29,49.15,49.3,50.580000000000005,7858.30468041,0,coinbase
1656288000,49.3,51.65,48.49,49.13,49.75666666666667,8428.60709355,0,coinbase
1656374400,49.06,49.78,45.8,46.22,47.26666666666667,8210.01356956,0,coinbase
1656460800,46.23,46.94,43.92,44.58,45.14666666666667,17352.21074437,0,coinbase
1656547200,44.56,44.88,40.21,42.03,42.373333333333335,42004.4021889,0,coinbase
1656633600,42.09,43.42,40.7,41.7,41.940000000000005,15265.43037243,0,coinbase
1656720000,41.6,43.21,40.62,42.83,42.22,6471.52719484,0,coinbase
1656806400,42.81,43.37,41.45,42.81,42.54333333333333,5550.17197892,0,coinbase
1656892800,42.73,44.6,41.52,44.3,43.473333333333336,6740.10067444,0,coinbase
1656979200,44.29,44.8,41.74,43.04,43.19333333333333,7893.77491193,0,coinbase
1657065600,43.1,44.71,42.4,44.16,43.75666666666666,9164.07806537,0,coinbase
1657152000,44.29,46.32,43.68,46.1,45.36666666666667,9711.92303892,0,coinbase
1657238400,46.1,47.27,44.93,45.79,45.99666666666667,13622.38494653,0,coinbase
1657324800,46.05,48.12,46.01,47.75,47.29333333333333,12850.18112176,0,coinbase
1657411200,47.74,47.79,44.72,45.08,45.86333333333332,16261.43569873,0,coinbase
1657497600,44.99,45.04,41.27,41.51,42.60666666666666,15705.32587747,0,coinbase
1657584000,41.43,42.1,39.66,39.79,40.51666666666666,15020.80838107,0,coinbase
1657670400,39.84,42.47,39.32,42.43,41.406666666666666,14556.64491827,0,coinbase
1657756800,42.41,43.87,40.57,43.66,42.699999999999996,7097.59845816,0,coinbase
1657843200,43.69,44.77,43.0,43.3,43.69,12676.94332337,0,coinbase
1657929600,43.37,45.05,42.06,44.86,43.99,9945.69098693,0,coinbase
1658016000,44.89,47.1,44.13,46.02,45.75,12868.02276333,0,coinbase
1658102400,45.91,49.75,45.91,48.86,48.173333333333325,23613.46539465,0,coinbase
1658188800,48.91,50.99,47.34,50.07,49.46666666666667,13560.91598174,0,coinbase
1658275200,50.08,50.88,46.72,47.12,48.24,17695.86879501,0,coinbase
1658361600,47.13,48.47,45.39,48.2,47.35333333333333,8750.48770781,0,coinbase
1658448000,48.21,50.78,47.65,48.36,48.93000000000001,19613.59824162,0,coinbase
1658534400,48.43,50.24,46.64,47.73,48.203333333333326,8773.08774657,0,coinbase
1658620800,47.74,50.16,47.58,48.93,48.88999999999999,6861.3935136,0,coinbase
1658707200,49.08,49.23,44.87,44.88,46.32666666666666,9625.18791974,0,coinbase
1658793600,44.95,45.03,42.43,43.99,43.81666666666667,11060.60419769,0,coinbase
1658880000,44.01,48.1,42.88,48.1,46.36000000000001,14816.8135344,0,coinbase
1658966400,48.1,53.74,47.61,52.51,51.28666666666666,19003.2622611,0,coinbase
1659052800,52.56,54.67,50.0,50.78,51.81666666666666,14391.83552602,0,coinbase
1659139200,50.77,53.58,50.13,50.71,51.473333333333336,10961.00869444,0,coinbase
1659225600,50.72,53.85,50.29,50.96,51.699999999999996,13732.17886545,0,coinbase
1659312000,50.95,52.51,48.5,49.61,50.20666666666667,8147.61569087,0,coinbase
1659398400,49.56,50.22,47.05,48.53,48.6,11130.95688615,0,coinbase
1659484800,48.62,50.49,46.97,48.77,48.74333333333334,6110.81954011,0,coinbase
1659571200,48.78,50.39,48.41,49.42,49.406666666666666,4535.83845804,0,coinbase
1659657600,49.61,52.4,49.43,52.4,51.41,6201.39240599,0,coinbase
1659744000,52.34,53.5,51.74,52.57,52.60333333333333,6838.83909041,0,coinbase
1659830400,52.52,54.71,51.69,53.35,53.25,8540.92330936,0,coinbase
1659916800,53.35,56.24,53.2,56.15,55.196666666666665,11803.0166862,0,coinbase
1660003200,56.25,58.48,52.19,52.87,54.51333333333333,18974.13466485,0,coinbase
1660089600,52.82,55.15,51.0,54.56,53.57,13829.59263437,0,coinbase
1660176000,54.57,57.24,54.52,55.64,55.800000000000004,11384.95785593,0,coinbase
1660262400,55.67,56.49,54.07,56.17,55.576666666666675,8368.40816432,0,coinbase
1660348800,56.16,57.68,55.48,57.07,56.74333333333333,20261.2972014,0,coinbase
1660435200,57.01,58.12,54.55,55.07,55.91333333333333,14363.61742619,0,coinbase
1660521600,55.03,56.86,52.32,53.17,54.116666666666674,7379.93115532,0,coinbase
1660608000,53.14,53.74,52.0,52.46,52.73333333333334,16483.42358158,0,coinbase
1660694400,52.47,55.28,51.67,53.04,53.330000000000005,9472.66176334,0,coinbase
1660780800,52.96,54.29,49.57,50.36,51.406666666666666,6586.03685322,0,coinbase
1660867200,50.35,50.48,44.31,44.84,46.54333333333333,13205.66084537,0,coinbase
1660953600,44.95,47.27,44.34,45.79,45.800000000000004,9180.6421597,0,coinbase
1661040000,45.81,47.51,45.38,46.8,46.56333333333333,8905.49533461,0,coinbase
1661126400,46.79,47.29,44.19,47.23,46.23666666666666,6199.2012199,0,coinbase
1661212800,47.25,48.76,45.67,48.5,47.64333333333334,10456.28333875,0,coinbase
1661299200,48.56,51.1,47.26,49.11,49.156666666666666,9385.60742758,0,coinbase
1661385600,49.08,50.21,48.66,49.07,49.31333333333333,3751.41787401,0,coinbase
1661472000,49.09,49.09,43.73,44.25,45.69,13500.90133319,0,coinbase
1661558400,44.25,45.31,43.64,45.05,44.666666666666664,5724.18293449,0,coinbase
1661644800,44.99,45.99,44.05,44.19,44.74333333333333,3200.13921731,0,coinbase
1661731200,44.23,47.59,43.57,47.46,46.20666666666667,3434.83334818,0,coinbase
1661817600,47.5,48.18,45.1,45.66,46.31333333333333,4936.62807067,0,coinbase
1661904000,45.68,46.4,44.23,44.48,45.03666666666666,6872.6711569,0,coinbase
1661990400,44.48,45.44,43.18,44.77,44.46333333333334,7664.41074352,0,coinbase
1662076800,44.76,46.48,44.24,45.64,45.45333333333334,7087.87948487,0,coinbase
1662163200,45.58,46.94,45.12,46.75,46.27,4698.16383251,0,coinbase
1662249600,46.78,47.65,46.05,47.65,47.11666666666667,5600.54618105,0,coinbase
1662336000,47.68,48.6,46.33,47.62,47.51666666666667,5932.12864024,0,coinbase
1662422400,47.63,48.78,42.64,42.68,44.699999999999996,7539.68076351,0,coinbase
1662508800,42.65,45.63,42.2,44.94,44.25666666666667,6066.99329297,0,coinbase
1662595200,45.01,46.53,44.16,46.3,45.663333333333334,4348.94066049,0,coinbase
1662681600,46.31,49.9,46.26,49.03,48.39666666666667,7912.11731755,0,coinbase
1662768000,49.04,50.17,48.49,48.73,49.129999999999995,3873.35740521,0,coinbase
1662854400,48.87,49.05,47.15,48.33,48.176666666666655,4644.13514131,0,coinbase
1662940800,48.29,49.87,46.84,47.09,47.93333333333334,5143.57188247,0,coinbase
1663027200,47.07,48.19,43.26,43.86,45.10333333333333,11183.36778629,0,coinbase
1663113600,43.86,45.78,43.61,45.56,44.98333333333333,3135.9101906,0,coinbase
1663200000,45.55,45.63,43.24,43.87,44.24666666666667,8029.07614907,0,coinbase
1663286400,43.91,44.47,42.66,43.8,43.64333333333334,4469.55636906,0,coinbase
1663372800,43.83,44.76,43.79,44.32,44.29,2522.44359082,0,coinbase
1663459200,44.32,44.61,39.88,40.29,41.593333333333334,5560.89682538,0,coinbase
1663545600,40.32,41.09,39.09,40.74,40.30666666666667,9145.67270752,0,coinbase
1663632000,40.81,41.54,40.01,40.62,40.72333333333333,3781.50021299,0,coinbase
1663718400,40.49,42.81,39.18,39.66,40.550000000000004,13680.84606572,0,coinbase
1663804800,39.7,42.31,39.55,41.96,41.27333333333333,2668.44726873,0,coinbase
1663891200,41.95,42.88,40.56,42.18,41.873333333333335,4690.30494187,0,coinbase
1663977600,42.27,42.77,41.4,41.61,41.92666666666667,4769.40777184,0,coinbase
1664064000,41.56,42.36,40.6,41.16,41.373333333333335,2998.41974676,0,coinbase
1664150400,41.13,41.82,40.23,41.73,41.26,2675.3067705,0,coinbase
1664236800,41.72,43.72,41.05,41.55,42.10666666666666,8603.32838772,0,coinbase
1664323200,41.62,41.86,39.85,41.41,41.04,6213.27392143,0,coinbase
1664409600,41.53,42.36,40.71,42.31,41.79333333333333,2762.17188726,0,coinbase
1664496000,42.3,42.84,41.59,42.06,42.163333333333334,6990.59104978,0,coinbase
1664582400,42.09,42.47,41.64,41.66,41.92333333333333,2012.95140827,0,coinbase
1664668800,41.68,41.95,39.62,39.86,40.47666666666667,3470.58631089,0,coinbase
1664755200,39.86,41.34,39.29,41.27,40.63333333333333,6191.80179293,0,coinbase
1664841600,41.28,42.73,41.1,42.37,42.06666666666666,4479.0666956,0,coinbase
1664928000,42.35,43.0,41.31,42.2,42.17,5363.77426327,0,coinbase
1665014400,42.19,43.21,41.93,42.04,42.39333333333334,10089.87583363,0,coinbase
1665100800,42.06,42.44,41.3,42.25,41.99666666666666,3999.93733224,0,coinbase
1665187200,42.27,42.91,41.87,42.38,42.38666666666666,5006.20370885,0,coinbase
1665273600,42.36,43.18,42.2,42.92,42.76666666666667,3737.69485381,0,coinbase
1665360000,42.94,43.5,41.76,41.76,42.339999999999996,6224.36434179,0,coinbase
1665446400,41.76,41.76,40.6,41.3,41.22,4679.59019571,0,coinbase
1665532800,41.29,42.49,41.22,41.67,41.79333333333334,3760.64370703,0,coinbase
1665619200,41.68,41.7,38.05,40.4,40.050000000000004,12687.8079529,0,coinbase
1665705600,40.36,41.69,39.63,40.24,40.52,4305.96599047,0,coinbase
1665792000,40.27,41.15,39.97,40.49,40.53666666666667,5913.50467596,0,coinbase
1665878400,40.45,42.15,40.36,41.74,41.416666666666664,4990.18588319,0,coinbase
1665964800,41.77,41.88,40.97,41.57,41.47333333333333,4240.31158841,0,coinbase
1666051200,41.6,41.81,40.13,40.75,40.89666666666667,6533.03459157,0,coinbase
1666137600,40.78,40.9,39.24,39.68,39.94,6409.51395325,0,coinbase
1666224000,39.63,40.68,39.17,39.56,39.803333333333335,3675.45997343,0,coinbase
1666310400,39.61,40.94,38.6,40.69,40.07666666666666,5398.92896954,0,coinbase
1666396800,40.63,41.2,40.1,40.87,40.723333333333336,2407.95923721,0,coinbase
1666483200,40.84,41.89,39.97,41.74,41.199999999999996,7253.71238966,0,coinbase
1666569600,41.7,41.94,39.77,40.15,40.620000000000005,10298.36008098,0,coinbase
1666656000,40.09,42.09,39.64,41.47,41.06666666666667,6987.05220506,0,coinbase
1666742400,41.52,42.88,41.14,41.97,41.99666666666667,7988.22393046,0,coinbase
1666828800,41.98,43.53,41.12,41.27,41.973333333333336,7348.6905582,0,coinbase
1666915200,41.31,42.61,41.01,42.49,42.03666666666667,5512.12132552,0,coinbase
1667001600,42.48,44.02,42.42,42.92,43.120000000000005,11123.8624641,0,coinbase
1667088000,42.96,43.64,41.39,41.96,42.330000000000005,5777.58083109,0,coinbase
1667174400,42.07,42.72,41.27,42.09,42.02666666666667,3367.13691653,0,coinbase
1667260800,42.13,42.35,41.06,41.1,41.50333333333333,3642.01163594,0,coinbase
1667347200,41.08,41.96,39.89,40.82,40.88999999999999,10008.19019512,0,coinbase
1667433600,40.83,42.89,40.82,41.82,41.843333333333334,30361.31463579,0,coinbase
1667520000,41.81,45.13,41.66,44.63,43.806666666666665,38538.5564474,0,coinbase
1667606400,44.67,46.09,44.53,45.46,45.36000000000001,16903.5903906,0,coinbase
1667692800,45.46,45.99,43.46,43.65,44.36666666666667,9967.36369061,0,coinbase
1667779200,43.65,47.41,43.37,45.73,45.50333333333333,21423.81272046,0,coinbase
1667865600,45.8,47.19,34.61,38.31,40.03666666666667,39354.77644785,0,coinbase
1667952000,38.35,38.53,30.72,32.11,33.78666666666667,38034.56409172,0,coinbase
1668038400,32.08,37.18,31.55,36.82,35.18333333333334,17556.0911634,0,coinbase
1668124800,36.93,37.53,34.29,35.7,35.839999999999996,9591.24639105,0,coinbase
1668211200,35.74,35.74,33.29,33.68,34.23666666666667,4288.93051256,0,coinbase
1668297600,33.66,34.65,32.69,33.24,33.52666666666667,9832.93697237,0,coinbase
1668384000,33.42,34.51,31.45,34.4,33.453333333333326,7766.69476655,0,coinbase
1668470400,34.34,35.28,33.8,34.27,34.449999999999996,6385.9081471,0,coinbase
1668556800,34.2,34.51,32.88,33.8,33.73,4847.77325759,0,coinbase
1668643200,33.9,34.0,33.0,33.72,33.57333333333333,3004.66824066,0,coinbase
1668729600,33.71,34.62,33.35,34.4,34.123333333333335,5400.38901541,0,coinbase
1668816000,34.35,35.89,33.91,35.55,35.11666666666667,7048.24216815,0,coinbase
1668902400,35.6,36.05,34.35,34.51,34.97,6192.90314356,0,coinbase
1668988800,34.46,34.98,33.56,34.4,34.31333333333333,6494.31938218,0,coinbase
1669075200,34.38,37.29,34.19,37.23,36.23666666666666,13628.42203394,0,coinbase
1669161600,37.25,44.06,36.8,43.04,41.300000000000004,47728.66080032,0,coinbase
1669248000,43.19,43.31,41.38,41.96,42.21666666666667,9448.21456661,0,coinbase
1669334400,41.82,42.39,40.2,40.5,41.03,6270.63983576,0,coinbase
1669420800,40.45,42.21,40.39,41.1,41.23333333333333,11446.79628657,0,coinbase
1669507200,41.14,42.11,40.41,40.74,41.086666666666666,6523.59417876,0,coinbase
1669593600,40.78,40.85,38.64,39.92,39.803333333333335,7808.43755471,0,coinbase
1669680000,39.95,43.5,39.6,43.23,42.10999999999999,21677.95467496,0,coinbase
1669766400,43.28,44.79,41.93,43.22,43.31333333333333,14571.78724275,0,coinbase
1669852800,43.18,46.43,42.65,45.52,44.86666666666667,21977.30225831,0,coinbase
1669939200,45.55,46.29,44.13,45.68,45.36666666666667,8911.68801758,0,coinbase
1670025600,45.75,46.35,44.62,45.06,45.343333333333334,6975.98458422,0,coinbase
1670112000,45.06,45.59,44.14,44.71,44.81333333333333,3943.94556884,0,coinbase
1670198400,44.73,48.63,44.6,46.95,46.72666666666667,15535.27462218,0,coinbase
1670284800,46.95,48.02,45.45,46.27,46.580000000000005,11728.86707661,0,coinbase
1670371200,46.21,47.66,43.65,44.02,45.11000000000001,8575.63193054,0,coinbase
1670457600,43.96,45.31,43.41,45.19,44.63666666666666,8960.94026222,0,coinbase
1670544000,45.19,47.41,44.61,46.54,46.18666666666667,6765.41643145,0,coinbase
1670630400,46.51,48.01,46.18,46.51,46.9,5339.56850307,0,coinbase
1670716800,46.51,47.68,46.43,46.57,46.89333333333334,3567.38213824,0,coinbase
1670803200,46.48,49.91,44.58,48.89,47.79333333333333,11441.87379427,0,coinbase
1670889600,48.9,50.3,47.08,48.28,48.553333333333335,8554.12276367,0,coinbase
1670976000,48.36,49.94,48.07,48.67,48.89333333333334,7623.64423562,0,coinbase
1671062400,48.76,49.0,46.33,46.54,47.29,10350.44244107,0,coinbase
1671148800,46.53,47.16,42.24,43.35,44.25,14068.29573076,0,coinbase
1671235200,43.19,43.84,41.37,43.05,42.75333333333333,7500.54942212,0,coinbase
1671321600,42.98,43.37,42.07,42.44,42.626666666666665,3528.62690227,0,coinbase
1671408000,42.47,43.6,40.41,41.23,41.74666666666666,6316.78084806,0,coinbase
1671494400,41.28,43.14,40.99,42.15,42.093333333333334,6014.6251445,0,coinbase
1671580800,42.16,43.23,41.36,42.57,42.38666666666666,5417.11844837,0,coinbase
1671667200,42.51,43.34,41.4,42.86,42.53333333333334,6710.14364349,0,coinbase
1671753600,42.84,43.44,42.51,43.27,43.07333333333333,4474.41449083,0,coinbase
1671840000,43.29,44.29,43.03,43.77,43.696666666666665,4414.80939326,0,coinbase
1671926400,43.8,44.8,43.59,44.5,44.29666666666666,8155.80135845,0,coinbase
1672012800,44.48,45.73,44.19,45.03,44.98333333333333,4739.02803234,0,coinbase
1672099200,45.12,45.52,43.28,44.05,44.28333333333334,5531.54623327,0,coinbase
1672185600,44.09,44.15,42.42,42.95,43.173333333333325,9776.20803549,0,coinbase
1672272000,42.92,43.6,41.82,42.48,42.63333333333333,7814.88160323,0,coinbase
1672358400,42.53,42.69,41.24,41.96,41.96333333333334,5811.50072565,0,coinbase
1672444800,41.94,43.23,40.78,41.99,42.0,10806.35521785,0,coinbase
1672531200,42.0,42.42,41.08,42.23,41.91,5417.77654568,0,coinbase
1672617600,42.23,44.01,41.48,43.54,43.01,8195.65218288,0,coinbase
1672704000,43.61,43.91,42.22,42.83,42.98666666666666,4154.7816008,0,coinbase
1672790400,42.75,47.38,42.69,45.93,45.333333333333336,9546.14483055,0,coinbase
1672876800,45.97,46.2,43.4,44.93,44.843333333333334,8790.01759006,0,coinbase
1672963200,44.9,46.07,43.85,45.92,45.28,6452.76278119,0,coinbase
1673049600,45.91,46.97,45.88,46.32,46.38999999999999,5735.444499,0,coinbase
1673136000,46.31,48.13,45.7,47.81,47.21333333333334,6831.84873174,0,coinbase
1673222400,47.84,50.71,47.78,48.88,49.123333333333335,10096.38323397,0,coinbase
1673308800,48.96,49.66,47.62,48.3,48.526666666666664,5898.67557421,0,coinbase
1673395200,48.32,49.22,46.64,49.13,48.330000000000005,5924.26355813,0,coinbase
1673481600,49.07,49.96,47.17,49.32,48.81666666666666,7516.59594218,0,coinbase
1673568000,49.42,52.52,48.61,51.43,50.85333333333333,12166.6986615,0,coinbase
1673654400,51.43,54.26,49.69,51.64,51.86333333333332,11593.8966774,0,coinbase
1673740800,51.66,52.47,49.8,51.94,51.40333333333333,5878.94383417,0,coinbase
1673827200,51.75,52.92,48.0,49.15,50.02333333333333,10563.14486665,0,coinbase
1673913600,49.11,50.42,48.36,49.43,49.403333333333336,6437.8620841,0,coinbase
1674000000,49.52,50.07,45.85,46.87,47.596666666666664,8538.60102145,0,coinbase
1674086400,46.86,49.15,46.66,49.03,48.28,2301.40836882,0,coinbase
1674172800,49.03,51.93,48.92,51.83,50.89333333333334,13629.73892887,0,coinbase
1674259200,51.86,54.0,50.75,52.47,52.406666666666666,8376.35130045,0,coinbase
1674345600,52.41,53.44,50.38,51.38,51.73333333333333,4269.13206771,0,coinbase
1674432000,51.5,53.87,51.5,51.94,52.43666666666667,5623.13035121,0,coinbase
1674518400,51.92,52.9,48.16,48.95,50.00333333333333,4433.32337574,0,coinbase
1674604800,48.98,52.0,48.34,50.58,50.30666666666667,3994.41484229,0,coinbase
1674691200,50.75,51.17,49.29,50.91,50.45666666666667,2562.826274,0,coinbase
1674777600,50.9,52.17,49.57,51.83,51.19,5996.42987845,0,coinbase
1674864000,51.86,52.35,49.99,50.6,50.98,2949.01838177,0,coinbase
1674950400,50.55,58.21,50.51,56.7,55.14000000000001,21480.79795282,0,coinbase
1675036800,56.69,60.7,55.48,59.28,58.48666666666667,19702.13241135,0,coinbase
1675123200,59.32,62.5,58.69,60.25,60.48,16030.18133015,0,coinbase
1675209600,60.35,63.72,57.98,62.94,61.54666666666666,11380.58754263,0,coinbase
1675296000,62.98,64.0,60.4,61.7,62.03333333333334,10417.51484722,0,coinbase
1675382400,61.67,64.69,60.97,62.84,62.833333333333336,12161.24747719,0,coinbase
1675468800,62.83,63.29,61.1,61.57,61.98666666666667,4312.71217974,0,coinbase
1675555200,61.44,61.63,58.27,59.63,59.843333333333334,5598.68095448,0,coinbase
1675641600,59.65,64.19,59.0,61.73,61.63999999999999,11857.60743397,0,coinbase
1675728000,61.78,66.37,61.78,65.75,64.63333333333334,16587.64174649,0,coinbase
1675814400,65.83,66.66,62.32,64.17,64.38333333333333,11774.94674563,0,coinbase
1675900800,64.22,64.6,55.62,57.31,59.17666666666667,16504.92375745,0,coinbase
1675987200,57.17,58.71,56.79,57.79,57.76333333333333,9451.33873994,0,coinbase
1676073600,57.9,62.7,57.68,62.05,60.81,6301.75603731,0,coinbase
1676160000,62.09,63.34,60.57,62.7,62.20333333333334,5589.96935682,0,coinbase
1676246400,62.72,64.51,60.54,63.28,62.77666666666667,8902.48577145,0,coinbase
1676332800,63.35,69.49,62.12,68.19,66.6,12815.53941621,0,coinbase
1676419200,68.05,74.1,67.6,73.32,71.67333333333333,12410.70046497,0,coinbase
1676505600,73.3,77.83,71.62,73.94,74.46333333333332,15835.77093911,0,coinbase
1676592000,73.59,75.13,70.72,73.34,73.06333333333333,11786.27524232,0,coinbase
1676678400,73.17,75.5,71.76,72.25,73.17,12692.3266633,0,coinbase
1676764800,72.27,73.42,70.01,70.55,71.32666666666667,9150.98856894,0,coinbase
1676851200,70.54,74.25,70.2,72.42,72.29,12272.47420627,0,coinbase
1676937600,72.44,73.02,68.65,70.8,70.82333333333334,9036.70153409,0,coinbase
1677024000,70.86,76.35,68.29,73.52,72.71999999999998,21487.57925699,0,coinbase
1677110400,73.54,74.05,70.28,71.0,71.77666666666666,10767.8143027,0,coinbase
1677196800,70.9,71.41,67.3,70.34,69.68333333333332,9639.5092107,0,coinbase
1677283200,70.4,70.55,66.89,69.41,68.95,8842.49474678,0,coinbase
1677369600,69.38,74.71,69.01,74.05,72.58999999999999,6457.31952125,0,coinbase
1677456000,74.09,74.99,72.08,74.23,73.76666666666667,15504.10011108,0,coinbase
1677542400,74.23,74.65,71.17,71.66,72.49333333333333,21577.56405061,0,coinbase
1677628800,71.67,74.07,71.14,74.06,73.08999999999999,12082.43656914,0,coinbase
1677715200,74.06,74.37,70.73,72.25,72.45,5460.5194354,0,coinbase
1677801600,72.25,72.25,66.38,69.38,69.33666666666666,10308.14139653,0,coinbase
1677888000,69.31,69.86,66.72,67.29,67.95666666666666,2563.51677623,0,coinbase
1677974400,67.14,68.79,64.6,65.31,66.23333333333333,4474.06511722,0,coinbase
1678060800,65.18,65.82,61.26,62.39,63.15666666666666,8993.09949469,0,coinbase
1678147200,62.33,63.37,60.21,62.07,61.88333333333333,8458.47950295,0,coinbase
1678233600,62.06,62.47,57.36,58.16,59.330000000000005,10545.39165944,0,coinbase
1678320000,58.16,60.33,53.13,54.76,56.07333333333333,13917.90566227,0,coinbase
1678406400,54.7,54.82,46.95,50.07,50.61333333333334,22208.71277469,0,coinbase
1678492800,50.09,52.18,43.84,47.1,47.70666666666667,23323.06620506,0,coinbase
1678579200,47.11,54.05,45.85,53.48,51.126666666666665,12830.82903834,0,coinbase
1678665600,53.44,57.75,51.2,56.71,55.22,16832.53306333,0,coinbase
1678752000,56.72,60.69,54.52,58.8,58.00333333333333,15391.08941115,0,coinbase
1678838400,58.6,59.72,50.81,52.17,54.23333333333333,12060.73799719,0,coinbase
1678924800,52.17,53.79,51.5,52.95,52.74666666666667,13210.71125932,0,coinbase
1679011200,52.96,58.58,52.32,58.4,56.43333333333334,10023.13005049,0,coinbase
1679097600,58.4,60.29,55.27,56.02,57.193333333333335,11006.02993525,0,coinbase
1679184000,56.02,58.74,55.22,57.81,57.25666666666667,5136.08812441,0,coinbase
1679270400,57.8,59.2,55.4,55.74,56.78,14116.36796721,0,coinbase
1679356800,55.73,59.01,54.03,58.5,57.18,11068.90562275,0,coinbase
1679443200,58.52,59.48,53.72,59.07,57.423333333333325,27135.1428345,0,coinbase
1679529600,58.99,64.28,55.71,63.71,61.23333333333334,36770.70798403,0,coinbase
1679616000,63.82,64.8,59.65,61.61,62.02,14620.35390334,0,coinbase
1679702400,61.75,62.48,57.39,58.25,59.373333333333335,10862.78937278,0,coinbase
1679788800,58.16,60.41,57.43,59.19,59.01,7808.46900295,0,coinbase
1679875200,59.14,59.3,54.53,56.23,56.68666666666667,10652.49330936,0,coinbase
1679961600,56.02,56.86,54.72,56.56,56.04666666666666,3646.09617631,0,coinbase
1680048000,56.49,58.94,56.45,58.07,57.82,4596.05131063,0,coinbase
1680134400,58.08,59.12,55.17,56.54,56.94333333333333,5177.47141938,0,coinbase
1680220800,56.67,58.64,55.41,58.54,57.53,3656.90924708,0,coinbase
1680307200,58.55,60.16,58.14,58.7,59.0,7551.65232201,0,coinbase
1680393600,58.68,59.41,56.07,57.08,57.52,7713.81665947,0,coinbase
1680480000,57.04,58.95,55.3,57.79,57.346666666666664,6433.34137815,0,coinbase
1680566400,57.9,58.2,56.66,57.61,57.49,5720.09662364,0,coinbase
1680652800,57.61,59.05,56.5,57.8,57.78333333333333,5389.01751222,0,coinbase
1680739200,57.83,57.83,55.93,56.64,56.79999999999999,2774.5371093,0,coinbase
1680825600,56.64,56.74,55.43,56.09,56.086666666666666,2885.48685592,0,coinbase
1680912000,56.08,56.48,55.33,55.7,55.836666666666666,1645.34568605,0,coinbase
1680998400,55.61,56.18,54.52,55.71,55.47,2888.14778219,0,coinbase
1681084800,55.71,57.86,55.07,57.69,56.873333333333335,4556.94212767,0,coinbase
1681171200,57.7,58.42,56.82,56.99,57.410000000000004,6213.87839693,0,coinbase
1681257600,57.1,57.16,54.6,55.9,55.88666666666666,4682.5571218,0,coinbase
1681344000,55.99,57.69,55.43,57.31,56.81,4723.82702455,0,coinbase
1681430400,57.32,60.16,56.79,60.08,59.00999999999999,8456.10170047,0,coinbase
1681516800,59.94,60.64,58.85,59.79,59.76,5707.58431059,0,coinbase
1681603200,59.65,62.05,58.28,61.02,60.449999999999996,9912.70921779,0,coinbase
1681689600,61.02,61.09,57.64,58.45,59.06,10366.48595516,0,coinbase
1681776000,58.52,60.26,57.64,59.69,59.196666666666665,5552.79469965,0,coinbase
1681862400,59.68,59.68,51.75,52.99,54.80666666666667,8387.41658091,0,coinbase
1681948800,52.94,53.58,50.51,51.64,51.910000000000004,4138.03938509,0,coinbase
1682035200,51.65,52.31,48.04,48.92,49.75666666666666,4534.89345087,0,coinbase
1682121600,49.01,50.44,48.57,50.2,49.73666666666666,2132.77702664,0,coinbase
1682208000,50.24,51.11,48.84,50.22,50.05666666666667,3550.67421856,0,coinbase
1682294400,50.22,51.03,48.8,50.12,49.98333333333333,1731.3702369,0,coinbase
1682380800,50.16,51.67,49.08,51.52,50.75666666666667,2259.3444696,0,coinbase
1682467200,51.58,53.42,47.21,49.72,50.11666666666667,9921.07036666,0,coinbase
1682553600,49.66,51.36,49.22,50.63,50.403333333333336,3506.05667171,0,coinbase
1682640000,50.69,50.7,49.35,50.08,50.04333333333333,3464.0774643,0,coinbase
1682726400,50.12,51.45,49.85,51.07,50.79,1784.17169234,0,coinbase
1682812800,51.06,51.06,49.33,49.76,50.050000000000004,1532.82001477,0,coinbase
1682899200,49.82,49.96,47.75,48.31,48.67333333333334,3228.04069043,0,coinbase
1682985600,48.23,48.88,47.61,48.57,48.35333333333333,1321.06516975,0,coinbase
1683072000,48.68,49.47,46.97,49.25,48.56333333333333,1889.8944304,0,coinbase
1683158400,49.28,49.45,48.34,48.69,48.826666666666675,1480.07644739,0,coinbase
1683244800,48.71,49.41,47.87,48.77,48.68333333333334,2276.78867029,0,coinbase
1683331200,48.77,48.97,44.83,45.33,46.376666666666665,3696.57335693,0,coinbase
1683417600,45.47,46.31,45.4,45.4,45.70333333333334,1808.87731908,0,coinbase
1683504000,45.47,45.84,40.6,41.71,42.71666666666667,7956.73496269,0,coinbase
1683590400,41.64,42.17,40.17,42.17,41.50333333333334,3428.60111309,0,coinbase
1683676800,42.06,43.94,40.65,43.12,42.57,6334.09827717,0,coinbase
1683763200,43.09,43.09,39.4,40.89,41.12666666666667,4602.53822669,0,coinbase
1683849600,40.83,41.06,38.7,40.9,40.22,5185.15970993,0,coinbase
1683936000,40.94,41.0,40.04,40.7,40.58,1681.02678083,0,coinbase
1684022400,40.59,42.5,40.21,41.26,41.32333333333333,2079.821767,0,coinbase
1684108800,41.24,42.83,40.33,42.03,41.73,3661.8118971,0,coinbase
1684195200,42.01,43.58,41.51,43.27,42.78666666666667,1720.38033493,0,coinbase
1684281600,43.14,45.49,43.01,44.32,44.27333333333333,2319.76725244,0,coinbase
1684368000,44.34,44.56,42.42,43.21,43.39666666666667,917.62402001,0,coinbase
1684454400,43.2,44.86,43.18,44.53,44.19,1459.91776447,0,coinbase
1684540800,44.49,44.49,43.76,44.3,44.18333333333334,887.8284433,0,coinbase
1684627200,44.3,44.32,43.06,44.0,43.79333333333333,986.71212463,0,coinbase
1684713600,43.95,44.21,43.06,43.41,43.56,1271.15736567,0,coinbase
1684800000,43.45,44.55,43.09,43.43,43.69,2222.39284306,0,coinbase
1684886400,43.29,43.3,40.35,41.18,41.61000000000001,4039.38173333,0,coinbase
1684972800,41.12,41.59,39.73,40.96,40.76,2029.11466201,0,coinbase
1685059200,40.94,42.3,40.81,41.94,41.68333333333333,2027.89144674,0,coinbase
1685145600,41.85,42.47,41.59,42.22,42.093333333333334,772.97998873,0,coinbase
1685232000,42.17,44.25,42.17,43.89,43.43666666666667,1175.81669772,0,coinbase
1685318400,43.84,44.12,42.88,43.2,43.4,1131.0361293,0,coinbase
1685404800,43.32,44.1,42.9,43.82,43.60666666666666,2708.28255902,0,coinbase
1685491200,43.79,44.31,41.35,41.76,42.47333333333333,2498.0519622,0,coinbase
1685577600,41.8,42.31,40.89,41.9,41.699999999999996,2611.76198585,0,coinbase
1685664000,41.97,42.9,41.4,42.74,42.346666666666664,2151.99990331,0,coinbase
1685750400,42.63,43.4,42.24,42.59,42.74333333333334,790.6137592,0,coinbase
1685836800,42.6,43.48,42.3,42.52,42.76666666666667,1142.75051956,0,coinbase
1685923200,42.53,42.64,37.79,39.2,39.87666666666667,8241.55660497,0,coinbase
1686009600,39.11,40.24,37.8,40.05,39.36333333333333,4258.66581171,0,coinbase
1686096000,40.0,40.08,38.01,38.47,38.85333333333333,3245.50164558,0,coinbase
1686182400,38.36,39.21,37.55,38.82,38.526666666666664,3468.66884612,0,coinbase
1686268800,38.87,39.23,37.48,38.42,38.376666666666665,3513.91769968,0,coinbase
1686355200,38.41,38.52,25.0,29.81,31.11,29499.92736255,0,coinbase
1686441600,29.83,30.02,28.56,29.15,29.24333333333333,7754.92783838,0,coinbase
1686528000,29.11,29.91,28.06,29.15,29.040000000000003,4098.24719805,0,coinbase
1686614400,29.12,31.1,28.58,29.72,29.8,9802.53782118,0,coinbase
1686700800,29.68,31.27,28.16,29.03,29.486666666666668,9806.08431163,0,coinbase
1686787200,29.01,29.93,28.75,29.64,29.439999999999998,6037.20760655,0,coinbase
1686873600,29.68,31.04,29.43,30.65,30.373333333333335,3330.32730936,0,coinbase
1686960000,30.65,31.45,30.43,31.13,31.00333333333333,1805.67399628,0,coinbase
1687046400,31.09,31.22,30.0,30.17,30.463333333333335,2483.75793335,0,coinbase
1687132800,30.26,31.1,29.99,30.76,30.61666666666667,2075.06982218,0,coinbase
1687219200,30.8,32.99,30.74,32.82,32.18333333333334,6030.17005116,0,coinbase
1687305600,32.83,34.28,32.63,33.49,33.46666666666667,3713.45258671,0,coinbase
1687392000,33.56,34.6,32.42,32.95,33.32333333333334,3780.05062054,0,coinbase
1687478400,32.91,35.7,32.8,34.65,34.38333333333333,5595.62334408,0,coinbase
1687564800,34.7,35.79,33.99,35.13,34.97,3764.83140835,0,coinbase
1687651200,35.2,36.94,34.91,35.45,35.766666666666666,3533.29865226,0,coinbase
1687737600,35.3,37.05,33.98,36.03,35.68666666666667,7414.95870377,0,coinbase
1687824000,36.06,37.24,35.23,36.1,36.19,4208.43913414,0,coinbase
1687910400,35.94,35.97,32.78,33.79,34.18,6780.2933379,0,coinbase
1687996800,33.79,34.64,33.61,34.24,34.163333333333334,3509.65966937,0,coinbase
1688083200,34.34,38.93,33.92,37.78,36.876666666666665,12155.82873949,0,coinbase
1688169600,37.89,39.4,37.46,38.1,38.32,4139.60130791,0,coinbase
1688256000,38.1,38.37,36.69,38.31,37.79,4640.05164938,0,coinbase
1688342400,38.26,38.46,37.26,37.75,37.82333333333333,5158.70095592,0,coinbase
1688428800,37.61,38.16,35.87,36.16,36.73,3093.69411674,0,coinbase
1688515200,36.21,36.66,34.44,35.08,35.39333333333333,5424.88994128,0,coinbase
1688601600,35.03,36.26,33.48,33.48,34.406666666666666,6075.46028265,0,coinbase
1688688000,33.42,34.1,33.2,33.86,33.720000000000006,2713.73440909,0,coinbase
1688774400,33.86,34.19,32.93,33.71,33.61000000000001,3769.34964524,0,coinbase
1688860800,33.66,33.89,33.14,33.4,33.47666666666667,3465.88569361,0,coinbase
1688947200,33.25,34.18,32.53,33.61,33.440000000000005,3383.00852534,0,coinbase
1689033600,33.63,33.8,33.1,33.48,33.46,3361.1092714,0,coinbase
1689120000,33.54,34.03,33.06,33.41,33.5,2982.02729943,0,coinbase
1689206400,33.48,36.17,32.92,35.97,35.02,8395.89622285,0,coinbase
1689292800,36.0,36.51,33.16,34.22,34.629999999999995,7478.11936481,0,coinbase
1689379200,34.3,34.81,33.74,34.06,34.20333333333334,3048.25172596,0,coinbase
1689465600,34.0,34.18,32.56,32.72,33.153333333333336,3811.494582,0,coinbase
1689552000,32.73,33.54,32.23,33.05,32.94,4640.62256449,0,coinbase
1689638400,33.08,33.69,31.37,32.07,32.376666666666665,5568.974178,0,coinbase
1689724800,32.06,32.78,31.93,32.11,32.27333333333333,6122.63033528,0,coinbase
1689811200,32.03,33.2,32.0,32.57,32.59,3775.36751653,0,coinbase
1689897600,32.66,33.18,32.38,33.18,32.913333333333334,3661.50543253,0,coinbase
1689984000,33.19,33.67,32.38,32.53,32.86000000000001,6188.02293178,0,coinbase
1690070400,32.65,34.03,32.42,33.67,33.373333333333335,5289.67104682,0,coinbase
1690156800,33.72,33.81,31.49,32.01,32.43666666666667,4907.90887955,0,coinbase
1690243200,32.02,33.33,31.12,31.43,31.959999999999997,6867.65637712,0,coinbase
1690329600,31.43,31.97,30.77,31.62,31.453333333333333,3456.22947268,0,coinbase
1690416000,31.62,32.0,31.35,31.88,31.743333333333336,3438.14441173,0,coinbase
1690502400,31.85,32.58,31.0,32.19,31.923333333333332,6689.24067261,0,coinbase
1690588800,32.18,32.58,32.15,32.52,32.416666666666664,1984.37814028,0,coinbase
1690675200,32.57,32.75,31.18,32.2,32.04333333333333,1562.74116229,0,coinbase
1690761600,32.14,32.34,31.29,31.61,31.74666666666667,1920.51048785,0,coinbase
1690848000,31.59,31.8,30.29,31.8,31.296666666666667,2609.39545423,0,coinbase
1690934400,31.76,32.3,31.49,31.94,31.909999999999997,3793.75108892,0,coinbase
1691020800,31.89,32.13,31.25,31.33,31.570000000000004,3450.33412898,0,coinbase
1691107200,31.3,31.45,30.5,30.81,30.92,2864.59195594,0,coinbase
1691193600,30.76,31.02,30.14,30.9,30.686666666666667,3615.51373447,0,coinbase
1691280000,30.82,32.84,30.78,32.46,32.02666666666667,3657.02982142,0,coinbase
1691366400,32.45,33.48,31.85,32.46,32.596666666666664,4616.47984632,0,coinbase
1691452800,32.39,33.28,32.21,32.93,32.80666666666667,6393.9283399,0,coinbase
1691539200,32.93,33.31,32.63,32.85,32.93,7480.59616682,0,coinbase
1691625600,32.81,32.95,32.22,32.31,32.49333333333333,2273.23638107,0,coinbase
1691712000,32.32,32.84,32.13,32.48,32.48333333333333,4977.23835142,0,coinbase
1691798400,32.46,32.53,32.1,32.28,32.303333333333335,2322.91469968,0,coinbase
1691884800,32.22,32.43,31.82,31.98,32.07666666666667,1918.03632029,0,coinbase
1691971200,31.9,32.34,31.77,31.91,32.00666666666667,4954.25495913,0,coinbase
1692057600,31.89,31.89,28.69,29.85,30.143333333333334,7508.13367086,0,coinbase
1692144000,29.85,29.88,27.46,28.38,28.573333333333334,7610.60966561,0,coinbase
1692230400,28.34,29.24,23.1,25.76,26.033333333333335,10398.18279877,0,coinbase
1692316800,25.74,27.4,25.7,26.48,26.526666666666667,8490.73559999,0,coinbase
1692403200,26.45,26.81,26.27,26.76,26.613333333333333,5410.15394428,0,coinbase
1692489600,26.73,27.24,26.63,27.0,26.956666666666667,2165.56965318,0,coinbase
1692576000,26.97,27.05,25.86,26.38,26.429999999999996,4576.08882126,0,coinbase
1692662400,26.41,26.82,25.64,26.29,26.25,5091.51162587,0,coinbase
1692748800,26.3,26.88,25.76,26.49,26.376666666666665,7287.78765861,0,coinbase
1692835200,26.52,26.58,24.85,25.18,25.536666666666665,8020.28428653,0,coinbase
1692921600,25.19,25.61,24.35,25.6,25.186666666666667,5037.12268896,0,coinbase
1693008000,25.6,25.7,25.19,25.3,25.396666666666665,3200.26148862,0,coinbase
1693094400,25.32,25.94,25.15,25.84,25.643333333333334,1779.07918545,0,coinbase
1693180800,25.76,26.4,25.33,26.08,25.936666666666667,3752.89898497,0,coinbase
1693267200,26.06,27.42,25.44,27.09,26.650000000000002,4490.08259486,0,coinbase
1693353600,27.15,27.19,26.63,26.93,26.916666666666668,2629.75207654,0,coinbase
1693440000,26.98,27.15,25.55,26.04,26.24666666666667,3628.48051473,0,coinbase
1693526400,26.03,26.2,25.04,25.26,25.5,5415.07874412,0,coinbase
1693612800,25.25,25.46,25.0,25.35,25.27,1790.24260763,0,coinbase
1693699200,25.3,25.8,25.3,25.57,25.55666666666667,2108.94647156,0,coinbase
1693785600,25.59,25.94,25.21,25.59,25.580000000000002,4009.50074535,0,coinbase
1693872000,25.59,25.92,25.28,25.75,25.650000000000002,1950.62509715,0,coinbase
1693958400,25.78,25.87,25.11,25.64,25.540000000000003,2952.05079581,0,coinbase
1694044800,25.63,26.26,25.56,26.07,25.963333333333335,3343.93746439,0,coinbase
1694131200,26.13,26.49,25.72,26.19,26.13333333333333,3359.31384291,0,coinbase
1694217600,26.21,26.58,26.13,26.55,26.419999999999998,2173.19341713,0,coinbase
1694304000,26.56,26.57,25.16,25.6,25.77666666666667,2492.5549503,0,coinbase
1694390400,25.61,25.65,24.28,24.74,24.89,5785.12948233,0,coinbase
1694476800,24.74,25.85,24.67,25.2,25.24,2852.10298338,0,coinbase
1694563200,25.19,25.86,25.02,25.55,25.476666666666663,2295.3011809,0,coinbase
1694649600,25.6,25.91,25.31,25.62,25.613333333333333,2534.05860789,0,coinbase
1694736000,25.61,26.79,25.48,26.49,26.25333333333333,3521.6638214,0,coinbase
1694822400,26.59,27.2,26.46,26.78,26.813333333333333,2014.08819858,0,coinbase
1694908800,26.76,26.76,25.57,25.85,26.060000000000002,1390.54552107,0,coinbase
1694995200,25.88,26.78,25.53,25.96,26.090000000000003,4356.7064448,0,coinbase
1695081600,26.01,26.53,25.78,26.36,26.223333333333333,1637.60528721,0,coinbase
1695168000,26.42,26.55,26.07,26.53,26.383333333333336,1899.58636022,0,coinbase
1695254400,26.5,26.76,25.86,26.24,26.286666666666665,1917.52702113,0,coinbase
1695340800,26.19,26.83,26.01,26.72,26.52,2054.54061462,0,coinbase
1695427200,26.74,26.95,26.52,26.81,26.76,872.24614842,0,coinbase
1695513600,26.72,26.89,26.27,26.38,26.513333333333332,2233.25221364,0,coinbase
1695600000,26.33,27.13,26.1,26.99,26.74,5056.37425512,0,coinbase
1695686400,26.96,27.38,26.29,26.54,26.736666666666668,3006.08547199,0,coinbase
1695772800,26.57,27.18,26.18,26.38,26.58,2559.6271349,0,coinbase
1695859200,26.35,27.18,26.25,26.94,26.790000000000003,2698.53295398,0,coinbase
1695945600,26.93,27.89,26.83,27.39,27.37,5644.71108154,0,coinbase
1696032000,27.35,28.28,27.15,27.77,27.733333333333334,2226.57133858,0,coinbase
1696118400,27.75,28.61,27.42,28.17,28.066666666666666,3471.36375393,0,coinbase
1696204800,28.23,28.61,26.91,27.43,27.649999999999995,5146.18070013,0,coinbase
1696291200,27.38,27.94,26.9,27.09,27.310000000000002,4230.94333328,0,coinbase
1696377600,27.11,27.2,26.17,27.02,26.796666666666667,2641.52377483,0,coinbase
1696464000,27.0,27.57,26.7,26.9,27.05666666666666,2420.48641065,0,coinbase
1696550400,26.94,27.21,26.76,26.9,26.956666666666667,1411.38670905,0,coinbase
1696636800,26.89,27.3,26.71,26.78,26.930000000000003,1203.81527456,0,coinbase
1696723200,26.79,26.96,26.42,26.56,26.646666666666665,1259.1489547,0,coinbase
1696809600,26.6,26.73,25.16,25.98,25.956666666666667,1921.40169542,0,coinbase
1696896000,25.93,26.27,25.45,25.61,25.776666666666667,2080.78409544,0,coinbase
1696982400,25.62,25.8,25.13,25.52,25.483333333333334,1838.21811379,0,coinbase
1697068800,25.45,25.45,24.82,25.03,25.099999999999998,2644.90863268,0,coinbase
1697155200,25.02,25.74,24.9,25.39,25.343333333333334,1635.38705935,0,coinbase
1697241600,25.36,25.7,25.36,25.48,25.513333333333335,901.41105298,0,coinbase
1697328000,25.48,25.82,25.36,25.61,25.596666666666664,1559.7739729,0,coinbase
1697414400,25.63,26.81,25.61,25.76,26.060000000000002,2700.3441504,0,coinbase
1697500800,25.74,25.85,24.72,25.03,25.2,4763.44505769,0,coinbase
1697587200,25.01,25.35,24.64,24.82,24.936666666666667,3075.20800169,0,coinbase
1697673600,24.76,25.07,24.43,24.9,24.8,3204.52099504,0,coinbase
1697760000,24.92,25.93,24.87,25.28,25.36,6717.57296126,0,coinbase
1697846400,25.34,26.51,25.28,26.09,25.960000000000004,3871.84435168,0,coinbase
1697932800,26.05,26.38,25.61,26.29,26.093333333333334,2314.16513386,0,coinbase
1698019200,26.26,27.97,26.06,27.64,27.223333333333333,6417.96254165,0,coinbase
1698105600,27.71,28.8,27.13,28.06,27.996666666666666,7107.81499051,0,coinbase
1698192000,28.06,28.39,27.26,27.71,27.786666666666672,5167.22867683,0,coinbase
1698278400,27.72,28.81,27.03,27.98,27.94,6044.75713916,0,coinbase
1698364800,27.99,28.81,27.05,27.67,27.843333333333334,9034.51436204,0,coinbase
1698451200,27.6,28.56,27.6,28.45,28.203333333333333,4261.21301875,0,coinbase
1698537600,28.47,28.86,28.12,28.66,28.546666666666667,4452.75263432,0,coinbase
1698624000,28.66,29.52,28.22,29.51,29.083333333333332,4601.39236014,0,coinbase
1698710400,29.55,30.94,28.31,29.35,29.53333333333333,6339.39119718,0,coinbase
1698796800,29.38,30.22,28.34,29.91,29.49,6986.46769729,0,coinbase
1698883200,30.0,30.28,28.08,28.65,29.00333333333333,9099.80124527,0,coinbase
1698969600,28.52,29.08,27.74,28.98,28.599999999999998,5739.16704136,0,coinbase
1699056000,28.89,30.05,28.79,29.82,29.55333333333333,3854.48463515,0,coinbase
1699142400,29.89,30.72,29.73,30.44,30.296666666666667,6280.10915782,0,coinbase
1699228800,30.51,31.31,29.98,31.11,30.8,8362.40039695,0,coinbase
1699315200,31.01,31.85,30.04,30.83,30.906666666666666,9445.69324105,0,coinbase
1699401600,30.89,31.69,30.66,31.38,31.243333333333336,4191.07662984,0,coinbase
1699488000,31.36,32.71,27.89,30.5,30.366666666666664,16267.01214735,0,coinbase
1699574400,30.55,32.32,30.08,32.1,31.5,10759.4926029,0,coinbase
1699660800,32.15,33.4,31.13,33.06,32.53,6734.35732345,0,coinbase
1699747200,33.12,33.99,31.75,33.67,33.13666666666667,9059.43033273,0,coinbase
1699833600,33.64,34.62,31.76,32.14,32.839999999999996,10045.3511075,0,coinbase
1699920000,32.04,32.54,30.01,30.9,31.149999999999995,7196.74922063,0,coinbase
1700006400,30.91,32.82,30.91,32.27,32.0,6824.61713003,0,coinbase
1700092800,32.31,32.64,30.04,30.57,31.083333333333332,6084.36918863,0,coinbase
1700179200,30.65,31.31,29.51,30.74,30.52,5415.25981953,0,coinbase
1700265600,30.71,30.78,29.05,29.92,29.916666666666668,6063.52280561,0,coinbase
1700352000,29.9,30.7,29.24,30.63,30.189999999999998,8052.54401861,0,coinbase
1700438400,30.54,31.47,30.27,30.62,30.786666666666665,6925.56441239,0,coinbase
1700524800,30.71,31.25,27.68,28.03,28.986666666666668,9161.58200625,0,coinbase
1700611200,27.99,29.54,27.95,29.16,28.88333333333333,11497.77119246,0,coinbase
1700697600,29.19,29.79,28.97,29.69,29.483333333333334,6201.3772651,0,coinbase
1700784000,29.54,30.53,29.54,30.12,30.063333333333333,7432.02623935,0,coinbase
1700870400,30.01,31.28,29.99,31.17,30.813333333333333,4038.26769809,0,coinbase
1700956800,31.19,31.26,29.83,30.8,30.63,5769.97559135,0,coinbase
1701043200,30.8,30.98,29.07,29.83,29.959999999999997,6230.622949,0,coinbase
1701129600,29.82,30.5,29.13,29.99,29.87333333333333,5182.96277993,0,coinbase
1701216000,30.03,30.44,29.53,30.02,29.996666666666666,9249.42603247,0,coinbase
1701302400,30.02,30.3,29.11,30.18,29.863333333333333,6851.57989668,0,coinbase
1701388800,30.21,30.73,30.06,30.7,30.496666666666666,4458.4833177,0,coinbase
1701475200,30.67,32.38,30.67,31.9,31.650000000000002,7342.78534824,0,coinbase
1701561600,31.89,32.01,31.05,31.52,31.526666666666667,5869.20308831,0,coinbase
1701648000,31.58,33.33,30.74,32.4,32.156666666666666,13854.44382149,0,coinbase
1701734400,32.44,32.75,31.44,32.57,32.25333333333333,9463.9452655,0,coinbase
1701820800,32.61,32.97,31.24,32.01,32.07333333333333,11900.99766837,0,coinbase
1701907200,32.05,34.13,31.8,33.29,33.07333333333333,18317.74941076,0,coinbase
1701993600,33.27,35.69,32.99,34.67,34.45,14590.00917981,0,coinbase
1702080000,34.69,36.0,34.34,34.84,35.06,14110.28216473,0,coinbase
1702166400,35.03,36.39,34.47,34.83,35.23,10075.10771174,0,coinbase
1702252800,34.91,35.03,30.4,32.38,32.60333333333333,12492.95980474,0,coinbase
1702339200,32.38,33.4,32.1,32.92,32.806666666666665,7355.77713356,0,coinbase
1702425600,33.0,33.69,31.66,33.27,32.873333333333335,8172.57102347,0,coinbase
1702512000,33.36,35.12,32.32,34.0,33.81333333333333,7302.07842208,0,coinbase
1702598400,34.02,34.06,31.86,31.98,32.63333333333333,5836.19437031,0,coinbase
1702684800,32.04,33.01,31.62,32.83,32.486666666666665,10468.44764426,0,coinbase
1702771200,32.81,34.76,31.73,31.83,32.77333333333333,6223.18035071,0,coinbase
1702857600,31.84,32.13,29.65,31.48,31.08666666666667,6736.49509567,0,coinbase
1702944000,31.43,32.11,30.18,30.5,30.929999999999996,7446.09356851,0,coinbase
1703030400,30.47,31.82,29.92,31.18,30.973333333333333,7375.44277826,0,coinbase
1703116800,31.22,32.39,30.91,32.17,31.823333333333334,9524.7476612,0,coinbase
1703203200,32.21,34.56,31.9,33.16,33.20666666666667,9893.81872937,0,coinbase
1703289600,33.16,33.4,31.92,33.37,32.89666666666667,9968.90442807,0,coinbase
1703376000,33.4,35.5,32.67,34.43,34.199999999999996,21566.45230747,0,coinbase
1703462400,34.51,35.7,34.14,35.34,35.06,16718.42121237,0,coinbase
1703548800,35.35,37.0,33.85,36.16,35.669999999999995,15819.73666735,0,coinbase
1703635200,36.25,39.0,34.5,38.49,37.330000000000005,13819.36261919,0,coinbase
1703721600,38.46,38.61,36.32,36.89,37.27333333333333,10124.85581013,0,coinbase
1703808000,36.9,37.2,32.09,33.04,34.11000000000001,39415.00686902,0,coinbase
1703894400,32.93,33.53,32.57,32.88,32.99333333333333,13351.92594671,0,coinbase
1703980800,32.95,33.11,30.75,31.73,31.863333333333333,14380.45679732,0,coinbase
1704067200,31.74,33.61,30.7,33.3,32.53666666666667,16680.49657353,0,coinbase
1704153600,33.32,34.01,32.31,32.82,33.04666666666666,14734.83671448,0,coinbase
1704240000,32.82,33.8,27.57,29.0,30.123333333333335,26435.64389713,0,coinbase
1704326400,29.0,31.45,28.42,30.02,29.963333333333335,15956.04927493,0,coinbase
1704412800,30.07,30.6,28.2,29.53,29.44333333333333,9772.63928552,0,coinbase
1704499200,29.58,29.58,27.65,28.79,28.673333333333332,5891.4515626,0,coinbase
1704585600,28.74,29.36,26.81,27.12,27.763333333333335,6063.22382026,0,coinbase
1704672000,27.16,28.51,25.32,28.47,27.433333333333334,11711.14303269,0,coinbase
1704758400,28.39,28.6,26.37,27.33,27.433333333333334,9602.72653738,0,coinbase
1704844800,27.38,29.99,26.85,29.43,28.75666666666667,12023.69890628,0,coinbase
1704931200,29.46,30.81,29.21,30.05,30.02333333333333,12869.6814584,0,coinbase
1705017600,30.08,31.23,28.0,29.0,29.41,8643.58477508,0,coinbase
1705104000,29.0,30.04,28.08,29.49,29.203333333333333,4196.73980748,0,coinbase
1705190400,29.49,29.62,28.21,28.25,28.69333333333333,4184.19897377,0,coinbase
1705276800,28.29,29.8,28.21,29.2,29.070000000000004,4748.81454307,0,coinbase
1705363200,29.2,29.9,28.87,29.48,29.416666666666668,5873.77658654,0,coinbase
1705449600,29.46,29.59,28.51,28.79,28.963333333333335,4347.77361964,0,coinbase
1705536000,28.83,29.14,27.33,27.87,28.113333333333333,4911.0262093,0,coinbase
1705622400,27.85,28.0,25.71,27.57,27.093333333333334,8071.31990328,0,coinbase
1705708800,27.56,28.91,27.33,28.75,28.33,5605.7673406,0,coinbase
1705795200,28.75,29.81,28.47,28.47,28.916666666666668,10577.38638785,0,coinbase
1705881600,28.61,28.77,27.28,27.53,27.86,4104.29901138,0,coinbase
1705968000,27.7,28.29,25.78,26.93,27.0,8334.38393457,0,coinbase
1706054400,26.88,27.67,25.8,27.09,26.853333333333335,6634.43432586,0,coinbase
1706140800,27.06,27.24,26.38,26.99,26.87,3762.62393559,0,coinbase
1706227200,26.96,28.13,26.85,27.71,27.563333333333333,3839.9054353,0,coinbase
1706313600,27.73,28.1,27.54,28.08,27.906666666666666,1618.13042421,0,coinbase
1706400000,28.1,28.57,27.35,27.6,27.840000000000003,4364.92906574,0,coinbase
1706486400,27.53,28.18,27.13,28.1,27.80333333333333,4173.06470964,0,coinbase
1706572800,28.07,28.67,27.4,27.48,27.849999999999998,3827.89280094,0,coinbase
1706659200,27.55,27.68,26.3,26.63,26.87,3686.72817024,0,coinbase
1706745600,26.63,27.38,26.03,27.27,26.89333333333333,4820.19136455,0,coinbase
1706832000,27.22,27.65,26.96,27.61,27.406666666666666,3198.43104675,0,coinbase
1706918400,27.62,27.9,27.26,27.74,27.63333333333333,2277.15339046,0,coinbase
1707004800,27.65,27.71,26.68,26.83,27.073333333333334,2557.31516171,0,coinbase
1707091200,26.77,27.49,26.53,27.25,27.09,3237.54435776,0,coinbase
1707177600,27.21,27.46,26.27,26.32,26.683333333333337,4977.25959788,0,coinbase
1707264000,26.31,27.09,26.0,26.94,26.676666666666666,7777.74297602,0,coinbase
1707350400,26.99,27.1,26.45,26.89,26.813333333333333,5168.54459731,0,coinbase
1707436800,26.89,27.73,26.85,27.49,27.356666666666666,4216.81204347,0,coinbase
1707523200,27.59,27.67,26.78,27.53,27.326666666666668,4600.01148956,0,coinbase
1707609600,27.52,28.39,27.02,27.54,27.649999999999995,15507.06178768,0,coinbase
1707696000,27.55,28.71,27.04,28.23,27.993333333333336,5052.60471703,0,coinbase
1707782400,28.27,28.46,27.13,27.89,27.826666666666668,4377.91590747,0,coinbase
1707868800,27.95,28.58,27.5,28.09,28.05666666666667,8250.86237975,0,coinbase
1707955200,28.17,29.77,27.97,29.06,28.933333333333334,11731.33730115,0,coinbase
1708041600,29.07,29.44,28.16,29.03,28.876666666666665,9674.16605942,0,coinbase
1708128000,29.06,30.29,28.4,30.23,29.64,7423.4911517,0,coinbase
1708214400,30.26,30.59,29.41,29.73,29.91,7621.04726551,0,coinbase
1708300800,29.78,30.35,29.51,30.09,29.983333333333334,7255.90966099,0,coinbase
1708387200,30.16,30.86,28.73,29.89,29.826666666666668,9431.77204972,0,coinbase
1708473600,29.81,30.09,28.25,29.46,29.26666666666667,5056.38997794,0,coinbase
1708560000,29.41,30.97,28.83,29.65,29.816666666666663,8047.00777607,0,coinbase
1708646400,29.66,30.28,28.79,29.49,29.52,5826.90120148,0,coinbase
1708732800,29.56,31.0,29.11,30.48,30.19666666666667,11198.18148293,0,coinbase
1708819200,30.47,31.01,29.72,30.96,30.563333333333333,6988.12003481,0,coinbase
1708905600,30.94,33.09,29.95,31.82,31.620000000000005,27149.13859712,0,coinbase
1708992000,31.81,32.93,31.3,32.07,32.1,20385.18948095,0,coinbase
1709078400,32.09,33.03,28.61,31.25,30.963333333333335,34303.39008186,0,coinbase
1709164800,31.25,33.84,30.91,31.97,32.24,19249.51399488,0,coinbase
1709251200,32.09,35.25,32.02,33.97,33.74666666666667,13987.73558299,0,coinbase
1709337600,33.94,41.05,33.77,39.92,38.24666666666666,36356.1221687,0,coinbase
1709424000,39.85,40.08,34.25,38.08,37.47,26162.11662769,0,coinbase
1709510400,38.07,41.89,37.04,39.27,39.400000000000006,28152.3272486,0,coinbase
1709596800,39.32,41.6,30.56,35.45,35.87,57220.24295276,0,coinbase
1709683200,35.46,39.04,34.76,38.58,37.46,21457.60388292,0,coinbase
1709769600,38.7,39.85,37.63,39.2,38.89333333333334,23657.10646329,0,coinbase
1709856000,39.21,42.2,37.38,40.62,40.06666666666667,30690.54913761,0,coinbase
1709942400,40.62,41.49,39.78,40.48,40.583333333333336,14977.30935568,0,coinbase
1710028800,40.48,43.64,39.25,40.35,41.080000000000005,17682.05958541,0,coinbase
1710115200,40.27,45.95,37.94,43.12,42.336666666666666,36810.4217122,0,coinbase
1710201600,43.13,43.94,39.73,42.57,42.07999999999999,22797.07621822,0,coinbase
1710288000,42.54,44.1,41.97,42.91,42.99333333333333,15376.35694466,0,coinbase
1710374400,42.95,42.95,38.3,40.63,40.626666666666665,16890.33859892,0,coinbase
1710460800,40.65,41.23,35.61,38.91,38.583333333333336,19648.85692406,0,coinbase
1710547200,38.92,39.45,35.29,36.07,36.93666666666667,10915.31458847,0,coinbase
1710633600,36.19,38.7,34.14,37.13,36.656666666666666,13419.07799734,0,coinbase
1710720000,37.04,37.42,34.0,35.42,35.61333333333334,15138.26690274,0,coinbase
1710806400,35.42,35.8,31.51,32.66,33.32333333333333,21699.3251254,0,coinbase
1710892800,32.79,36.23,31.61,35.82,34.553333333333335,10620.21446331,0,coinbase
1710979200,35.78,36.31,34.79,35.71,35.60333333333333,8634.70890235,0,coinbase
1711065600,35.63,36.73,34.04,35.07,35.28,9910.92214489,0,coinbase
1711152000,35.04,36.36,34.56,35.72,35.54666666666667,7560.754832,0,coinbase
1711238400,35.66,37.39,35.45,37.01,36.61666666666667,5202.34275862,0,coinbase
1711324800,37.04,38.36,36.6,38.01,37.656666666666666,8158.66089641,0,coinbase
1711411200,38.0,39.53,37.5,38.73,38.586666666666666,13811.21422448,0,coinbase
1711497600,38.75,39.17,36.44,37.92,37.843333333333334,8421.993192,0,coinbase
1711584000,37.96,39.05,37.35,38.31,38.23666666666667,7328.39644752,0,coinbase
1711670400,38.32,40.82,37.86,39.87,39.51666666666667,11878.35576275,0,coinbase
1711756800,39.85,40.31,38.47,38.78,39.18666666666667,7154.06135286,0,coinbase
1711843200,38.71,40.52,38.67,40.03,39.74,7403.01349678,0,coinbase
1711929600,40.0,40.53,36.76,37.8,38.36333333333333,10873.2366247,0,coinbase
1712016000,37.75,37.75,34.0,36.04,35.93,9472.97743462,0,coinbase
1712102400,36.07,37.0,34.86,35.65,35.836666666666666,7377.64496793,0,coinbase
1712188800,35.6,37.59,35.14,37.07,36.6,6300.68446156,0,coinbase
1712275200,37.01,37.28,35.23,35.98,36.16333333333333,8085.33491733,0,coinbase
1712361600,35.85,37.5,35.83,37.12,36.81666666666666,3874.15463568,0,coinbase
1712448000,37.13,37.97,36.89,37.45,37.43666666666667,4917.6483442,0,coinbase
1712534400,37.43,39.59,37.03,39.19,38.60333333333333,7112.86927657,0,coinbase
1712620800,39.27,39.39,36.88,37.05,37.77333333333333,8968.80685949,0,coinbase
1712707200,36.96,37.25,35.25,37.0,36.5,6327.32984668,0,coinbase
1712793600,37.01,37.72,36.29,36.86,36.95666666666666,5041.1857123,0,coinbase
1712880000,36.78,38.49,28.26,31.87,32.873333333333335,37267.8006917,0,coinbase
1712966400,31.83,32.34,25.24,28.24,28.606666666666666,28274.97428378,0,coinbase
1713052800,28.29,30.39,27.27,30.19,29.28333333333333,18937.51952514,0,coinbase
1713139200,30.15,31.44,27.23,28.44,29.036666666666665,10722.92777701,0,coinbase
1713225600,28.36,29.1,26.8,28.26,28.053333333333338,12963.2606023,0,coinbase
1713312000,28.19,29.05,26.59,27.6,27.74666666666667,8154.15557561,0,coinbase
1713398400,27.61,29.33,27.06,29.06,28.483333333333334,8670.72780664,0,coinbase
1713484800,29.02,30.39,26.99,29.62,29.0,8383.58620623,0,coinbase
1713571200,29.6,31.55,29.34,31.53,30.80666666666667,4736.95443524,0,coinbase
1713657600,31.52,31.64,30.1,30.68,30.80666666666667,3799.41951475,0,coinbase
1713744000,30.84,31.95,30.65,31.74,31.446666666666662,5923.22120798,0,coinbase
1713830400,31.71,32.1,31.04,31.26,31.46666666666667,5871.91225361,0,coinbase
1713916800,31.29,32.27,29.61,30.04,30.64,8146.18638811,0,coinbase
1714003200,30.1,30.97,29.46,30.54,30.323333333333334,4424.57349595,0,coinbase
1714089600,30.5,31.25,29.61,30.25,30.37,5928.489443,0,coinbase
1714176000,30.35,31.82,28.85,29.63,30.099999999999998,7922.59499266,0,coinbase
1714262400,29.62,30.21,29.2,29.33,29.58,4266.6813344,0,coinbase
1714348800,29.35,29.62,28.33,29.44,29.13,4219.2540038,0,coinbase
1714435200,29.46,29.71,26.98,28.09,28.26,7987.70330546,0,coinbase
1714521600,28.05,28.97,26.45,28.58,28.0,8756.1155498,0,coinbase
1714608000,28.57,29.45,27.81,29.13,28.796666666666667,6159.97728261,0,coinbase
1714694400,29.2,30.16,28.78,29.73,29.55666666666667,6222.41835586,0,coinbase
1714780800,29.7,30.8,29.2,29.21,29.736666666666668,4295.70785466,0,coinbase
1714867200,29.26,29.54,28.7,29.22,29.153333333333332,4636.31684993,0,coinbase
1714953600,29.27,30.06,28.64,29.09,29.263333333333335,8458.94255242,0,coinbase
1715040000,29.08,29.36,28.52,28.61,28.83,4466.51643655,0,coinbase
1715126400,28.64,29.67,28.22,29.44,29.11,4697.43663582,0,coinbase
1715212800,29.41,30.23,28.8,30.02,29.683333333333334,5143.10601931,0,coinbase
1715299200,29.91,30.32,28.79,29.15,29.419999999999998,5241.54693796,0,coinbase
1715385600,29.15,29.38,28.57,28.58,28.843333333333334,2362.76282811,0,coinbase
1715472000,28.6,28.7,27.68,27.82,28.066666666666663,2314.29076633,0,coinbase
1715558400,27.83,28.48,27.0,28.14,27.873333333333335,6202.44628814,0,coinbase
1715644800,28.12,28.26,27.3,27.37,27.643333333333334,3789.86415889,0,coinbase
1715731200,27.46,29.18,27.4,29.04,28.540000000000003,5311.74169049,0,coinbase
1715817600,29.05,29.56,28.63,29.42,29.203333333333333,4003.7435559,0,coinbase
1715904000,29.44,30.03,29.15,29.9,29.69333333333333,3554.42529379,0,coinbase
1715990400,29.81,30.02,29.29,29.8,29.703333333333333,2716.53995539,0,coinbase
1716076800,29.77,29.88,28.83,28.83,29.179999999999996,3632.43239501,0,coinbase
1716163200,28.82,32.0,28.3,31.01,30.436666666666667,9002.26774781,0,coinbase
1716249600,30.99,31.84,30.6,31.1,31.179999999999996,5435.75039615,0,coinbase
1716336000,31.12,31.19,30.35,30.71,30.75,4625.12038032,0,coinbase
1716422400,30.8,31.04,29.01,30.23,30.093333333333334,3877.62519678,0,coinbase
1716508800,30.33,32.49,29.09,30.64,30.74,9088.17860625,0,coinbase
1716595200,30.55,30.95,30.15,30.57,30.55666666666666,2491.88650191,0,coinbase
1716681600,30.57,30.59,29.69,29.79,30.02333333333333,3085.28040489,0,coinbase
1716768000,29.8,30.9,29.75,30.75,30.46666666666667,3500.50018944,0,coinbase
1716854400,30.79,30.81,29.89,30.0,30.233333333333334,6982.95503653,0,coinbase
1716940800,30.0,30.39,29.04,29.8,29.743333333333336,5947.24130764,0,coinbase
1717027200,29.98,30.71,29.14,29.94,29.930000000000003,4916.02863564,0,coinbase
1717113600,29.94,30.28,29.64,30.19,30.036666666666665,3837.80602278,0,coinbase
1717200000,30.15,30.36,29.92,29.98,30.08666666666667,2731.38717367,0,coinbase
1717286400,30.0,30.51,29.31,29.31,29.709999999999997,3059.13540554,0,coinbase
1717372800,29.31,29.94,29.2,29.59,29.576666666666668,5136.33165414,0,coinbase
1717459200,29.56,30.09,29.22,30.0,29.77,4496.35602686,0,coinbase
1717545600,29.97,30.59,29.95,30.33,30.290000000000003,3221.10958774,0,coinbase
1717632000,30.28,30.46,29.7,30.18,30.113333333333333,2822.78953014,0,coinbase
1717718400,30.18,30.39,26.16,27.95,28.166666666666668,7391.44824413,0,coinbase
1717804800,27.95,28.13,26.4,26.5,27.01,7738.60814794,0,coinbase
1717891200,26.42,27.21,25.86,26.84,26.636666666666667,30591.82680541,0,coinbase
1717977600,26.86,26.94,25.96,26.19,26.363333333333333,41267.68693126,0,coinbase
1718064000,26.24,26.35,24.7,25.59,25.546666666666667,13619.50358811,0,coinbase
1718150400,25.53,26.93,25.0,26.5,26.143333333333334,8219.44254129,0,coinbase
1718236800,26.53,26.65,25.81,25.99,26.149999999999995,2908.43067582,0,coinbase
1718323200,25.98,26.64,25.05,25.94,25.876666666666665,5410.44815958,0,coinbase
1718409600,25.9,26.26,25.69,26.04,25.99666666666667,2024.28714877,0,coinbase
1718496000,26.05,26.4,25.45,25.67,25.84,1775.20790034,0,coinbase
1718582400,25.8,25.9,24.3,24.93,25.043333333333333,8081.52169184,0,coinbase
1718668800,24.94,24.96,21.71,23.11,23.26,17059.16464091,0,coinbase
1718755200,23.06,23.99,22.82,23.64,23.483333333333334,4208.44521194,0,coinbase
1718841600,23.64,24.32,22.88,23.58,23.593333333333334,16386.44125189,0,coinbase
1718928000,23.57,24.15,23.42,23.73,23.766666666666666,4466.41379026,0,coinbase
1719014400,23.68,24.29,23.57,24.09,23.983333333333334,1821.04851956,0,coinbase
1719100800,24.11,24.47,23.42,23.49,23.793333333333333,2327.33741283,0,coinbase
1719187200,23.51,23.65,22.1,23.12,22.956666666666667,10727.4277361,0,coinbase
1719273600,23.17,24.36,23.05,24.27,23.89333333333333,4310.75015283,0,coinbase
1719360000,24.27,24.36,23.43,23.86,23.883333333333336,8000.02706369,0,coinbase
1719446400,23.87,24.71,23.69,24.65,24.350000000000005,5464.28801573,0,coinbase
1719532800,24.56,25.13,24.45,24.66,24.746666666666666,2997.57297555,0,coinbase
1719619200,24.62,25.07,24.33,24.33,24.576666666666664,2208.09225702,0,coinbase
1719705600,24.33,24.86,23.56,24.83,24.416666666666668,2280.33675329,0,coinbase
1719792000,24.81,24.97,23.91,24.0,24.293333333333333,2951.01069347,0,coinbase
1719878400,23.98,24.7,23.83,24.64,24.39,4218.9147734,0,coinbase
1719964800,24.66,25.03,23.35,24.55,24.310000000000002,8539.19736333,0,coinbase
1720051200,24.56,25.13,21.81,21.96,22.96666666666667,10786.66150427,0,coinbase
1720137600,21.97,23.14,19.47,22.88,21.83,12156.17089907,0,coinbase
1720224000,22.86,23.8,22.47,23.38,23.216666666666665,4798.21591747,0,coinbase
1720310400,23.38,23.65,21.85,21.86,22.453333333333333,3621.03606846,0,coinbase
1720396800,21.99,23.59,21.0,23.0,22.53,6049.77591927,0,coinbase
1720483200,23.0,24.41,22.83,24.09,23.776666666666667,6618.77654049,0,coinbase
1720569600,24.08,24.14,23.23,23.87,23.74666666666667,4067.27043491,0,coinbase
1720656000,23.84,24.48,23.24,23.94,23.886666666666667,9574.85958862,0,coinbase
1720742400,23.85,24.82,23.6,24.56,24.326666666666668,6381.69456995,0,coinbase
1720828800,24.59,26.18,24.44,26.02,25.546666666666667,7808.22699932,0,coinbase
1720915200,26.09,27.76,25.55,27.03,26.78,8059.91209652,0,coinbase
1721001600,27.2,27.99,26.59,27.37,27.316666666666666,6792.95991799,0,coinbase
1721088000,27.35,28.09,25.97,28.0,27.353333333333335,8648.82392321,0,coinbase
1721174400,27.95,28.9,27.4,27.47,27.923333333333332,5272.82674355,0,coinbase
1721260800,27.56,28.11,26.69,27.32,27.373333333333335,3778.98147399,0,coinbase
1721347200,27.29,27.99,26.33,27.53,27.28333333333333,4952.41754131,0,coinbase
1721433600,27.54,28.38,27.32,28.0,27.900000000000002,3487.03517824,0,coinbase
1721520000,28.11,28.88,27.62,28.28,28.26,6291.10094689,0,coinbase
1721606400,28.4,28.64,26.61,26.81,27.353333333333335,7858.39462437,0,coinbase
1721692800,26.81,27.34,26.31,26.52,26.723333333333333,6281.31002151,0,coinbase
1721779200,26.52,27.42,26.43,26.73,26.86,2798.19219279,0,coinbase
1721865600,26.68,26.75,24.76,25.73,25.74666666666667,5362.00727939,0,coinbase
1721952000,25.72,27.18,25.72,26.9,26.599999999999998,3122.62437947,0,coinbase
1722038400,26.87,27.26,26.49,26.88,26.876666666666665,2394.81097813,0,coinbase
1722124800,26.87,27.1,26.45,26.68,26.74333333333333,2131.90062615,0,coinbase
1722211200,26.76,27.78,26.69,26.75,27.073333333333334,5151.57258084,0,coinbase
1722297600,26.77,27.13,26.15,26.21,26.49666666666667,5883.20331774,0,coinbase
1722384000,26.2,27.32,26.08,26.68,26.69333333333333,5656.15763138,0,coinbase
1722470400,26.69,27.14,24.01,25.72,25.623333333333335,7999.09336097,0,coinbase
1722556800,25.77,25.91,24.18,24.37,24.820000000000004,4422.37381415,0,coinbase
1722643200,24.37,25.0,22.52,23.36,23.626666666666665,6424.6781267,0,coinbase
1722729600,23.34,23.59,21.48,22.24,22.436666666666667,4590.88168323,0,coinbase
1722816000,22.33,23.01,19.0,22.09,21.36666666666667,16097.72592614,0,coinbase
1722902400,22.06,22.94,21.95,22.43,22.439999999999998,6732.50014551,0,coinbase
1722988800,22.43,23.25,21.83,22.14,22.406666666666666,4175.03018215,0,coinbase
1723075200,22.23,24.01,21.9,23.75,23.22,5311.79369556,0,coinbase
1723161600,23.76,24.55,23.61,24.44,24.2,6557.68345717,0,coinbase
1723248000,24.35,24.61,24.07,24.5,24.393333333333334,4472.53349302,0,coinbase
1723334400,24.6,25.07,24.0,24.35,24.473333333333333,4198.26885869,0,coinbase
1723420800,24.29,25.5,23.57,25.44,24.83666666666667,6516.40286025,0,coinbase
1723507200,25.45,25.96,25.04,25.45,25.483333333333334,6640.84244525,0,coinbase
1723593600,25.41,25.88,25.09,25.73,25.566666666666666,4171.17722657,0,coinbase
1723680000,25.71,25.81,24.14,25.12,25.023333333333337,4468.62247975,0,coinbase
1723766400,25.1,26.05,24.75,25.27,25.356666666666666,5115.29736149,0,coinbase
1723852800,25.25,26.47,24.94,26.13,25.846666666666664,2834.08042827,0,coinbase
1723939200,26.11,26.46,25.77,25.84,26.023333333333337,3234.69952667,0,coinbase
1724025600,25.81,26.75,25.28,26.02,26.016666666666666,4669.86086307,0,coinbase
1724112000,26.04,26.32,24.16,25.24,25.24,5036.62143656,0,coinbase
1724198400,25.25,26.02,24.81,25.83,25.55333333333333,3736.2467781,0,coinbase
1724284800,25.95,26.52,25.65,26.21,26.126666666666665,2393.11823104,0,coinbase
1724371200,26.14,27.17,25.74,27.1,26.669999999999998,5528.91086823,0,coinbase
1724457600,27.04,27.38,26.56,26.79,26.909999999999997,3612.68408988,0,coinbase
1724544000,26.88,27.08,26.0,26.33,26.47,3377.45984498,0,coinbase
1724630400,26.43,26.43,24.76,24.85,25.346666666666664,4704.24458503,0,coinbase
1724716800,24.8,24.96,23.39,23.97,24.106666666666666,3463.24074313,0,coinbase
1724803200,23.84,24.37,23.04,23.66,23.689999999999998,4040.6151087,0,coinbase
1724889600,23.71,24.14,23.12,23.33,23.53,2504.83576838,0,coinbase
1724976000,23.37,23.86,22.9,23.8,23.52,3547.5751456,0,coinbase
1725062400,23.82,23.96,23.18,23.48,23.540000000000003,3932.82134976,0,coinbase
1725148800,23.44,23.45,22.62,22.73,22.933333333333334,3560.56111502,0,coinbase
1725235200,22.75,23.91,22.63,23.91,23.483333333333334,3579.03092195,0,coinbase
1725321600,23.85,25.24,23.85,24.21,24.433333333333337,8639.65370469,0,coinbase
1725408000,24.24,24.74,23.28,24.07,24.03,11050.74329747,0,coinbase
1725494400,24.07,24.13,23.07,24.0,23.733333333333334,5429.34818664,0,coinbase
1725580800,23.87,24.14,22.59,23.18,23.30333333333333,5760.65754288,0,coinbase
1725667200,23.25,23.8,22.9,23.54,23.413333333333338,2874.17233584,0,coinbase
1725753600,23.58,24.31,23.46,23.93,23.899999999999995,2426.34663172,0,coinbase
1725840000,23.95,24.4,23.72,24.22,24.113333333333333,4324.47856149,0,coinbase
1725926400,24.15,24.23,23.87,24.04,24.046666666666667,2360.58211943,0,coinbase
1726012800,23.98,24.09,23.34,23.89,23.77333333333333,2808.34795392,0,coinbase
1726099200,23.95,24.31,23.83,24.01,24.05,2491.61778378,0,coinbase
1726185600,24.02,24.5,23.67,24.4,24.189999999999998,2472.90499494,0,coinbase
1726272000,24.41,24.6,24.09,24.49,24.39333333333333,2579.02578393,0,coinbase
1726358400,24.6,24.71,23.44,23.66,23.936666666666667,2306.1318467,0,coinbase
1726444800,23.54,23.6,23.06,23.41,23.356666666666666,3706.35056027,0,coinbase
1726531200,23.37,24.25,23.18,23.97,23.8,3861.7167542,0,coinbase
1726617600,23.98,24.7,23.26,24.7,24.22,5990.991094,0,coinbase
1726704000,24.71,25.49,24.71,25.03,25.076666666666668,6049.81697106,0,coinbase
1726790400,25.09,25.41,24.56,25.13,25.03333333333333,4385.10504699,0,coinbase
1726876800,25.15,25.54,24.91,25.48,25.310000000000002,2892.0836798,0,coinbase
1726963200,25.48,25.49,24.39,24.89,24.923333333333332,3980.8627726,0,coinbase
1727049600,24.92,25.55,24.67,25.08,25.099999999999998,4544.73770707,0,coinbase
1727136000,25.1,25.95,24.9,25.86,25.569999999999997,11038.1174277,0,coinbase
1727222400,25.83,26.15,25.45,25.56,25.72,5516.15747618,0,coinbase
1727308800,25.54,26.21,25.3,25.95,25.820000000000004,6020.5922494,0,coinbase
1727395200,25.96,26.67,25.8,26.01,26.16,10033.32572955,0,coinbase
1727481600,26.06,26.74,25.31,25.76,25.936666666666667,6334.05850793,0,coinbase
1727568000,25.75,25.89,25.2,25.51,25.533333333333335,5188.71232822,0,coinbase
1727654400,25.52,25.91,24.23,24.43,24.856666666666666,4057.25904271,0,coinbase
1727740800,24.32,24.88,22.19,22.6,23.223333333333333,11442.4373764,0,coinbase
1727827200,22.56,23.54,22.45,22.92,22.97,6307.0288053,0,coinbase
1727913600,22.93,23.3,22.2,23.1,22.866666666666664,4748.44723404,0,coinbase
1728000000,23.08,23.72,22.9,23.7,23.439999999999998,5860.12721201,0,coinbase
1728086400,23.7,24.05,23.49,23.84,23.793333333333333,7020.677115,0,coinbase
1728172800,23.8,24.43,23.8,24.21,24.146666666666665,3079.56180716,0,coinbase
1728259200,24.24,24.49,23.65,23.67,23.936666666666667,2904.39945209,0,coinbase
1728345600,23.68,24.02,23.07,23.17,23.42,2521.46899309,0,coinbase
1728432000,23.2,23.37,22.56,22.68,22.87,2111.4249514,0,coinbase
1728518400,22.68,23.04,22.2,22.96,22.73333333333333,8117.96045831,0,coinbase
1728604800,22.96,23.85,22.96,23.6,23.47,3026.01015691,0,coinbase
1728691200,23.61,24.14,23.56,23.98,23.893333333333334,1384.04833578,0,coinbase
1728777600,24.01,24.21,23.3,23.73,23.74666666666667,3192.38285915,0,coinbase
1728864000,23.76,24.48,23.41,24.43,24.106666666666666,2694.04864841,0,coinbase
1728950400,24.43,24.61,23.57,24.21,24.13,4168.08170495,0,coinbase
1729036800,24.19,24.45,23.89,24.04,24.126666666666665,2496.0758424,0,coinbase
1729123200,24.148,24.148,23.49,23.683,23.743,899.32025644,81,kraken
1729209600,23.704,24.25,23.494,23.709,23.788,1118.80143268,122,kraken
1729296000,23.832,24.15,23.811,24.067,23.988,381.56562471,57,kraken
1729382400,24.142,24.66,23.88,24.6,24.474,2104.47010497,157,kraken
1729468800,24.716,24.716,23.54,23.928,23.919,2962.94134773,210,kraken
1729555200,23.65,23.868,23.172,23.503,23.474,419.4015924,149,kraken
1729641600,23.339,23.423,22.657,23.323,23.001,692.63509581,125,kraken
1729728000,23.283,23.5,22.959,23.455,23.344,793.20453435,111,kraken
1729814400,23.377,23.419,21.1,21.839,22.753,838.97152097,255,kraken
1729900800,21.711,22.315,21.682,22.053,21.979,562.17256801,107,kraken
1729987200,22.2,22.367,21.966,22.111,22.19,132.21276596,43,kraken
1730073600,22.353,22.767,22.075,22.593,22.385,732.06040702,105,kraken
1730160000,22.714,23.37,22.703,23.303,23.086,3396.67248685,326,kraken
1730246400,23.302,23.422,22.839,23.192,23.154,1849.29033331,133,kraken
1730332800,23.105,23.143,22.123,22.27,22.612,402.69791973,72,kraken
1730419200,22.224,22.684,21.826,22.294,22.284,473.78651902,95,kraken
1730505600,22.43,22.671,22.11,22.215,22.38,1846.57615414,140,kraken
1730592000,22.222,22.222,21.089,21.885,21.597,2233.56341316,180,kraken
1730678400,21.771,22.145,21.339,21.433,21.806,969.94135458,78,kraken
1730764800,21.558,22.131,21.542,22.057,21.871,532.45601985,68,kraken
1730851200,22.261,23.377,22.261,23.33,22.983,2059.1774233,220,kraken
1730937600,23.3,24.0,23.089,23.491,23.735,13977.91538695,685,kraken
1731024000,23.516,23.751,23.297,23.722,23.495,2720.42873064,273,kraken
1731110400,23.829,26.022,23.804,24.951,24.331,10685.35192275,487,kraken
1731196800,24.8,27.392,24.658,25.952,26.25,11484.83560022,1250,kraken
1731283200,25.965,26.795,25.324,26.771,26.021,7633.30820454,639,kraken
1731369600,26.585,27.283,24.713,26.342,26.154,6016.97565403,873,kraken
1731456000,26.599,26.6,24.553,25.505,25.474,2845.69849257,551,kraken
1731542400,25.583,26.434,24.655,25.077,25.614,2401.56688085,321,kraken
1731628800,25.205,28.113,24.813,27.837,26.457,3281.70028349,463,kraken
1731715200,27.84,30.501,27.695,30.008,29.16,41831.10062977,2023,kraken
1731801600,29.977,30.342,27.018,27.326,28.418,4283.55594799,629,kraken
1731888000,27.434,30.5,27.434,29.58,28.551,8819.71516494,1094,kraken
1731974400,29.589,30.035,28.13,28.589,29.3,15573.44650107,1147,kraken
1732060800,28.436,28.436,26.904,27.345,27.415,12552.55679398,855,kraken
1732147200,27.395,29.525,27.058,28.756,28.993,3997.27748016,470,kraken
1732233600,28.957,29.885,28.38,29.842,28.967,2302.7362576,390,kraken
1732320000,29.898,35.427,29.448,33.811,33.213,21254.75571742,2260,kraken
1732406400,33.704,36.602,31.846,34.146,34.342,17856.18152191,2498,kraken
1732492800,34.113,35.162,32.321,33.236,33.826,6576.73483544,751,kraken
1732579200,33.093,35.378,31.005,33.245,32.721,9567.41059123,962,kraken
1732665600,32.942,38.6,32.921,38.179,36.985,26563.37476172,2575,kraken
1732752000,37.507,37.572,35.334,36.796,36.407,9891.86056823,1421,kraken
1732838400,36.728,37.582,35.28,37.557,36.369,5573.84312345,802,kraken
1732924800,37.304,40.29,36.898,39.495,39.43,17045.92496576,2604,kraken
1733011200,39.35,46.787,37.919,46.085,42.764,28351.91465166,3919,kraken
1733097600,46.328,58.5,46.328,52.338,53.298,59759.43996902,11392,kraken
1733184000,52.345,62.142,42.598,57.425,55.594,43653.93576806,8677,kraken
1733270400,57.452,62.9,55.001,58.53,58.976,28913.95892221,6214,kraken
1733356800,58.493,71.631,55.599,64.941,66.205,34742.65408362,7787,kraken
1733443200,64.883,65.621,59.103,61.894,61.723,17264.7119949,4983,kraken
1733529600,61.505,63.014,58.55,60.036,60.475,5341.75887855,1544,kraken
1733616000,60.025,60.325,57.552,58.389,58.763,5680.17236514,1829,kraken
1733702400,58.065,58.07,41.4,47.297,49.575,16449.43369056,4147,kraken
1733788800,47.257,47.788,40.011,45.603,43.55,12532.31416979,3403,kraken
1733875200,45.536,50.118,43.513,49.186,46.591,13383.93080506,2771,kraken
1733961600,48.856,51.343,47.689,48.698,49.498,4789.88303672,1564,kraken
1734048000,48.81,49.635,47.666,48.81,48.355,1943.28643325,795,kraken
1734134400,48.549,49.0,45.107,46.145,46.759,4944.28230369,773,kraken
1734220800,46.103,47.631,44.593,47.473,45.889,2929.62543685,872,kraken
1734307200,47.102,48.039,43.455,44.836,45.412,6630.28577341,1103,kraken
1734393600,44.852,46.954,43.676,44.27,44.813,3666.41845028,733,kraken
1734480000,44.363,44.654,37.701,38.815,41.016,5304.24406901,1064,kraken
1734566400,38.787,40.501,34.636,36.485,37.92,6589.0892335,1667,kraken
1734652800,36.068,38.478,31.466,38.019,35.963,11009.15515147,1274,kraken
1734739200,38.266,40.565,35.183,35.331,36.984,6481.19366869,745,kraken
1734825600,35.514,37.149,34.611,35.276,35.846,4314.49164233,475,kraken
1734912000,35.248,39.665,34.726,38.88,37.706,5429.42659409,703,kraken
1734998400,39.002,45.653,38.263,43.74,42.095,13367.37171517,1767,kraken
1735084800,43.503,49.517,43.503,45.748,46.549,12287.2530378,1824,kraken
1735171200,45.93,46.39,40.367,40.416,42.184,7435.11407237,1001,kraken
1735257600,40.553,42.209,37.883,39.223,39.773,10784.97704092,1227,kraken
1735344000,39.243,43.738,38.586,43.393,40.173,9374.95518716,1329,kraken
1735430400,43.472,43.703,39.34,39.743,40.579,5500.28399062,1278,kraken
1735516800,39.668,41.586,37.478,38.489,39.247,7572.56750683,865,kraken
1735603200,38.31,39.46,37.484,37.842,38.18,3693.2823635,1065,kraken
1735689600,37.883,40.621,37.23,39.408,39.295,5900.09266519,676,kraken
1735776000,39.535,41.153,38.631,40.207,39.78,4444.11907636,804,kraken
1735862400,40.129,43.924,39.166,43.015,42.278,7942.2564945,1442,kraken
1735948800,43.26,43.602,42.117,42.677,42.709,4822.85042011,495,kraken
1736035200,42.662,44.513,42.046,43.762,43.739,3806.4006559,755,kraken
1736121600,43.588,44.731,42.423,43.748,43.485,4713.47534271,637,kraken
1736208000,43.4,43.543,38.644,38.764,41.431,3761.60546654,588,kraken
1736294400,38.664,39.139,35.347,37.537,37.249,4858.06297065,581,kraken
1736380800,37.666,38.036,35.696,36.863,36.687,3441.60029815,398,kraken
1736467200,36.964,37.729,36.239,37.54,37.144,4473.51844562,457,kraken
1736553600,37.595,37.876,36.741,37.285,37.156,1852.00766467,337,kraken
1736640000,37.262,37.547,36.332,36.576,36.921,1527.2802995,208,kraken
1736726400,36.868,37.705,33.017,35.213,34.706,2680.52821917,387,kraken
1736812800,35.399,37.931,35.232,37.931,36.557,2336.58053177,370,kraken
1736899200,37.675,40.275,36.762,40.23,38.591,5603.0079165,896,kraken
1736985600,40.106,40.656,38.396,39.277,39.587,3209.76644862,491,kraken
1737072000,39.554,44.408,39.554,43.575,43.131,7785.81506522,1182,kraken
1737158400,43.77,44.255,39.038,40.037,40.582,2591.60673576,486,kraken
1737244800,39.841,40.446,35.01,35.696,37.47,8866.86794659,1956,kraken
1737331200,35.662,39.098,34.768,36.447,36.5,3130.99478608,926,kraken
1737417600,36.412,38.063,34.526,36.721,36.453,1359.661567,565,kraken
1737504000,36.74,37.511,35.7,35.815,36.674,2985.76808183,613,kraken
1737590400,35.841,36.429,34.55,35.473,35.191,1357.58239955,603,kraken
1737676800,35.568,36.023,34.332,34.871,35.214,4432.97935374,523,kraken
1737763200,34.844,35.66,34.7,35.194,35.16,1474.95237276,409,kraken
1737849600,35.142,35.586,33.803,33.803,35.063,4091.54960241,772,kraken
1737936000,33.733,33.835,30.611,33.211,32.028,4159.36640023,1017,kraken
1738022400,33.48,33.515,30.8,31.034,32.264,1626.67827291,563,kraken
1738108800,30.916,33.048,30.634,32.131,31.518,3927.6424829,806,kraken
1738195200,32.085,34.931,31.88,34.064,33.743,3522.09880915,498,kraken
1738281600,34.176,35.053,33.112,33.761,33.7,5856.79603602,1200,kraken
1738368000,33.815,34.79,30.5,30.5,32.603,4905.53657245,559,kraken
1738454400,30.483,31.246,25.181,26.782,28.192,6446.35174444,1250,kraken
1738540800,26.175,27.094,20.096,26.886,24.403,10969.63057633,1661,kraken
1738627200,26.917,27.221,24.262,25.716,25.076,11898.0962952,1145,kraken
1738713600,25.755,26.305,25.056,25.283,25.891,2016.75275365,613,kraken
1738800000,25.34,25.76,23.986,24.56,24.561,3104.44289325,613,kraken
1738886400,24.541,26.214,24.231,25.037,25.44,6601.03418745,838,kraken
1738972800,24.977,25.795,24.442,25.768,24.845,1717.37494413,555,kraken
1739059200,25.774,26.621,24.818,25.819,26.062,3542.60746412,638,kraken
1739145600,25.852,27.041,25.035,27.041,26.489,1055.97805888,651,kraken
1739232000,27.041,28.292,26.418,26.997,27.393,1699.97615505,626,kraken
1739318400,26.824,27.941,25.7,27.903,26.964,2083.45340622,372,kraken
1739404800,27.94,28.58,26.985,27.685,27.504,1640.85236632,236,kraken
1739491200,27.709,29.003,27.195,27.914,28.306,6410.65446035,723,kraken
1739577600,27.93,28.237,26.917,27.137,27.481,801.51973371,359,kraken
1739664000,27.116,27.376,26.624,26.803,26.933,1053.62988518,318,kraken
1739750400,26.786,27.388,25.962,26.481,26.573,1677.84912629,542,kraken
1739836800,26.511,26.554,24.959,25.743,25.581,1280.80365635,420,kraken
1739923200,25.75,26.831,25.492,26.519,26.217,5400.15197516,929,kraken
1740009600,26.494,27.899,26.389,27.686,26.873,1604.26517782,365,kraken
1740096000,27.65,28.566,26.347,26.6,27.414,2457.22280447,676,kraken
1740182400,26.602,27.568,26.602,27.378,27.096,1987.16483247,426,kraken
1740268800,27.381,27.752,26.824,27.133,27.246,2193.50052575,456,kraken
1740355200,27.084,27.136,24.12,24.12,25.171,9616.99343923,1421,kraken
1740441600,24.142,25.37,22.825,25.31,24.115,5531.65766133,969,kraken
1740528000,25.359,26.869,24.957,26.357,25.755,4339.42134071,740,kraken
1740614400,26.465,27.076,25.176,26.225,26.321,2702.8108227,619,kraken
1740700800,26.182,26.228,23.509,25.914,24.42,9895.19480904,805,kraken
1740787200,25.907,26.414,24.797,25.447,25.337,2263.30318601,592,kraken
1740873600,25.335,27.941,25.171,27.287,26.505,3235.72654688,636,kraken
1740960000,27.378,27.453,23.75,24.057,25.034,3136.2064377,656,kraken
1741046400,23.943,24.497,22.217,24.153,23.255,4601.4075608,780,kraken
1741132800,24.212,24.999,23.82,24.933,24.29,1184.28278657,363,kraken
1741219200,24.67,25.372,24.206,24.53,24.862,889.19210045,233,kraken
1741305600,24.621,24.941,23.352,24.181,24.244,1681.42531275,334,kraken
1741392000,24.149,24.463,23.8,24.065,24.094,674.35458894,235,kraken
1741478400,24.097,24.242,21.72,22.129,22.452,3007.14182003,390,kraken
1741564800,22.222,23.172,20.589,21.0,21.524,4355.22715448,522,kraken
1741651200,21.0,22.323,20.0,21.747,21.206,9179.68262708,908,kraken
1741737600,21.796,22.388,21.111,22.168,21.925,3389.99184603,516,kraken
1741824000,22.154,22.319,21.572,22.114,21.852,2225.92378953,255,kraken
1741910400,22.154,23.076,22.154,22.697,22.512,1723.50191269,258,kraken
1741996800,22.635,23.254,22.566,23.126,22.985,851.45376517,206,kraken
1742083200,23.051,23.301,22.415,22.728,22.73,599.07344493,127,kraken
1742169600,22.669,23.52,22.669,23.351,23.205,1576.24351736,246,kraken
1742256000,23.31,24.184,22.61,24.03,23.072,2244.16858999,377,kraken
1742342400,24.13,24.613,23.81,24.219,24.123,531.34826147,187,kraken
1742428800,24.413,24.413,23.606,23.648,24.188,900.19867073,111,kraken
1742515200,23.76,23.793,22.844,22.97,23.172,609.71477174,167,kraken
1742601600,22.962,23.527,22.962,23.342,23.262,413.55800437,83,kraken
1742688000,23.201,25.653,22.587,23.36,23.761,3999.58362478,568,kraken
1742774400,23.401,24.105,23.196,23.847,23.946,2186.47100876,251,kraken
1742860800,23.976,24.205,23.552,23.893,24.011,3043.35551527,297,kraken
1742947200,24.1,24.595,23.851,23.987,24.236,2847.81761385,336,kraken
1743033600,23.948,24.371,23.683,24.011,23.992,762.02337088,139,kraken
1743120000,23.888,24.026,22.596,22.809,23.078,1064.51508596,200,kraken
1743206400,22.925,22.926,21.05,21.359,21.619,3913.73204748,342,kraken
1743292800,21.4,22.089,21.4,22.055,21.849,1150.59370386,174,kraken
1743379200,22.097,22.539,21.56,22.265,22.013,1718.50263658,165,kraken
1743465600,22.418,23.04,22.377,22.665,22.621,456.79846769,122,kraken
1743552000,22.599,22.78,21.232,21.553,22.106,810.23373898,171,kraken
1743638400,21.816,22.003,20.671,21.604,21.416,2986.55605504,216,kraken
1743724800,21.648,21.88,21.105,21.636,21.587,918.11613195,152,kraken
1743811200,21.678,21.735,21.243,21.26,21.612,275.81057597,57,kraken
1743897600,21.358,21.392,19.54,19.812,20.394,1826.42032296,277,kraken
1743984000,19.858,20.218,17.697,19.665,19.225,9247.02978212,751,kraken
1744070400,19.672,20.177,18.892,18.969,19.561,4579.50406165,563,kraken
1744156800,19.041,20.978,18.646,20.774,19.417,3597.37684437,342,kraken
1744243200,20.842,20.858,19.636,19.895,20.29,1452.82803146,190,kraken
1744329600,19.98,20.921,19.918,20.506,20.358,550.95138094,107,kraken
1744416000,20.478,21.376,20.405,21.32,20.943,1157.46733756,144,kraken
1744502400,21.342,21.445,20.47,20.587,21.045,1180.5241744,137,kraken
1744588800,20.84,21.082,20.563,20.563,20.826,186.0455112,84,kraken
1744675200,20.601,20.8,20.282,20.285,20.497,1239.14490891,136,kraken
1744761600,20.207,20.511,19.95,20.147,20.132,4542.15217678,363,kraken
1744848000,20.225,20.556,20.074,20.361,20.338,702.55490609,98,kraken
1744934400,20.364,21.153,20.355,20.825,20.833,556.47449252,114,kraken
1745020800,20.866,21.282,20.864,21.113,21.04,476.59055554,54,kraken
1745107200,21.061,21.437,20.985,21.251,21.37,3300.14004001,328,kraken
1745193600,21.255,21.676,20.826,20.973,21.155,4192.49266812,174,kraken
1745280000,20.974,22.281,20.566,22.142,21.112,13597.11632236,863,kraken
1745366400,22.191,22.757,22.059,22.303,22.425,1501.47734292,312,kraken
1745452800,22.21,22.337,21.579,22.212,22.075,468.87738105,121,kraken
1745539200,22.229,22.674,22.014,22.409,22.422,974.99453326,182,kraken
1745625600,22.503,22.809,22.25,22.53,22.494,1635.06084771,218,kraken
1745712000,22.495,22.576,21.349,21.397,21.977,2667.57499425,262,kraken
1745798400,21.327,25.0,20.961,23.572,23.69,12579.85337883,1362,kraken
1745884800,23.578,24.118,22.929,23.176,23.704,5417.86811414,468,kraken
1745971200,23.125,24.545,22.865,23.499,23.606,3925.90164952,487,kraken
1746057600,23.421,23.673,23.018,23.026,23.44,2966.30133249,254,kraken
1746144000,23.165,24.0,23.042,23.701,23.373,3893.4699445,342,kraken
1746230400,23.713,23.713,22.116,22.524,22.954,935.6010753,231,kraken
1746316800,22.566,22.566,21.693,21.859,21.988,1111.17073913,184,kraken
1746403200,21.97,22.121,21.617,21.797,21.917,844.09296918,154,kraken
1746489600,21.753,22.021,20.5,21.191,21.229,1621.94408401,256,kraken
1746576000,21.184,21.578,20.894,21.473,21.277,1591.77163344,208,kraken
1746662400,21.481,23.286,21.416,23.175,22.613,3685.98413807,367,kraken
1746748800,23.042,24.278,23.042,23.984,23.983,2719.90949453,400,kraken
1746835200,24.034,25.221,23.834,25.221,24.441,1608.9334793,304,kraken
1746921600,25.203,25.29,24.141,24.585,24.815,1654.26663692,264,kraken
1747008000,24.627,25.662,23.918,24.847,24.883,7118.53812604,526,kraken
1747094400,24.807,25.825,23.53,25.724,24.945,2128.3099409,269,kraken
1747180800,25.707,26.069,24.741,24.804,25.435,1095.06000084,224,kraken
1747267200,24.808,25.28,22.791,23.648,23.551,6930.76435614,538,kraken
1747353600,23.632,24.141,23.328,23.438,23.695,1861.4028961,263,kraken
1747440000,23.495,23.495,22.695,22.916,22.921,391.04722764,96,kraken
1747526400,22.869,24.0,22.727,23.737,23.343,950.1477226,129,kraken
1747612800,23.785,23.785,22.572,23.434,23.104,2879.18824058,364,kraken
1747699200,23.437,23.884,23.01,23.529,23.375,3811.27116118,317,kraken
1747785600,23.542,24.302,23.196,24.053,23.754,3184.09596621,300,kraken
1747872000,24.106,25.594,24.098,25.04,25.095,6748.53342152,439,kraken
1747958400,25.104,25.611,23.348,23.348,24.686,2621.68757945,312,kraken
1748044800,23.342,23.684,23.131,23.151,23.449,1406.49891799,222,kraken
1748131200,23.278,23.69,22.632,23.69,23.021,2022.84825745,152,kraken
1748217600,23.689,24.008,23.431,23.431,23.761,905.50124551,113,kraken
1748304000,23.543,24.226,23.146,23.981,24.009,714.38474789,170,kraken
1748390400,23.955,24.216,23.372,23.803,23.875,2089.08540486,207,kraken
1748476800,23.82,24.228,23.131,23.181,23.643,2730.69868016,446,kraken
1748563200,23.324,23.324,21.809,21.917,22.349,22009.33001824,1732,kraken
1748649600,21.838,22.119,21.381,21.948,21.726,576.84284172,135,kraken
1748736000,21.838,22.202,21.59,22.133,21.859,674.66004398,149,kraken
1748822400,22.112,22.323,21.624,22.279,21.83,2024.38614456,218,kraken
1748908800,22.382,22.633,22.152,22.317,22.387,2359.80361243,304,kraken
1748995200,22.301,22.548,21.516,21.533,21.828,2963.38997701,271,kraken
1749081600,21.585,21.717,20.262,20.7,20.917,903.13715908,235,kraken
1749168000,20.569,21.515,20.302,21.291,20.971,370.19301276,149,kraken
1749254400,21.313,21.766,21.313,21.614,21.552,950.22922083,98,kraken
1749340800,21.626,21.801,21.243,21.476,21.514,875.03962176,83,kraken
1749427200,21.405,22.287,21.224,22.287,21.689,3246.13626387,231,kraken
1749513600,22.288,22.915,21.926,22.69,22.617,1209.9537276,147,kraken
1749600000,22.544,22.663,21.717,21.813,22.316,1358.92951708,170,kraken
1749686400,21.783,21.789,20.685,20.809,21.197,1393.30457753,164,kraken
1749772800,20.509,20.54,19.575,20.537,20.09,3890.80150465,322,kraken
1749859200,20.495,20.526,20.072,20.284,20.308,2472.9889195,181,kraken
1749945600,20.241,20.405,19.944,20.119,20.19,1084.68410247,139,kraken
1750032000,20.124,20.909,19.954,20.168,20.562,1702.53317517,237,kraken
1750118400,20.109,20.444,19.437,19.599,19.925,2134.75538613,321,kraken
1750204800,19.636,20.032,19.198,19.8,19.49,2173.55264346,165,kraken
1750291200,19.943,20.025,19.625,19.818,19.773,1304.04496069,108,kraken
1750377600,19.938,20.237,19.051,19.497,19.767,3213.24170539,230,kraken
1750464000,19.524,19.719,18.46,18.777,19.085,1407.59516319,175,kraken
1750550400,18.842,19.041,17.441,18.292,18.425,4838.81850697,358,kraken
1750636800,18.319,19.808,18.101,19.763,18.749,7134.72943472,483,kraken
1750723200,19.788,20.221,19.71,20.072,19.903,1885.94565954,174,kraken
1750809600,20.16,20.314,19.662,19.707,19.979,1875.71888368,158,kraken
1750896000,19.784,20.154,19.168,19.297,19.444,1708.52193979,134,kraken
1750982400,19.286,19.502,19.213,19.456,19.363,2351.47455458,155,kraken
1751068800,19.524,19.903,19.443,19.847,19.66,807.09424262,82,kraken
1751155200,19.841,20.459,19.74,20.342,19.895,2146.0446055,164,kraken
1751241600,20.341,20.498,19.749,20.043,20.248,4794.92524858,409,kraken
1751328000,20.047,20.047,19.077,19.255,19.415,1073.63776129,211,kraken
1751414400,19.317,20.59,19.142,20.59,19.735,5642.42842122,356,kraken
1751500800,20.532,20.965,20.289,20.463,20.639,1844.51718764,164,kraken
1751587200,20.472,20.472,19.711,19.768,19.897,1627.67660101,173,kraken
1751673600,19.846,19.908,19.657,19.836,19.865,994.78378062,107,kraken
1751760000,19.738,20.282,19.698,20.026,20.052,3460.35102035,263,kraken
1751846400,20.106,20.185,19.748,19.837,20.059,575.78472338,80,kraken
1751932800,19.819,20.174,19.662,20.001,19.956,366.44118576,173,kraken
1752019200,19.984,20.874,19.795,20.797,20.025,1737.90766237,229,kraken
1752105600,20.686,21.66,20.664,21.466,21.121,3362.59212862,463,kraken
1752192000,21.364,22.528,21.32,21.823,22.064,3128.3493797,537,kraken
1752278400,21.749,22.115,21.207,21.757,21.722,3348.13163266,332,kraken
1752364800,21.78,23.096,21.702,22.33,22.498,2518.99363694,446,kraken
1752451200,22.353,23.147,21.927,22.146,22.602,10140.1375422,1040,kraken
1752537600,22.182,22.305,21.061,22.304,21.618,3587.56920293,400,kraken
1752624000,22.366,23.538,21.782,22.755,22.723,6645.1580488,796,kraken
1752710400,22.7,22.975,22.224,22.675,22.702,3139.88346921,444,kraken
1752796800,22.846,24.878,22.846,23.591,23.889,3250.25946896,489,kraken
1752883200,23.658,24.753,23.085,24.33,24.034,2048.64828413,262,kraken
1752969600,24.253,25.967,24.249,25.199,25.153,6316.83965156,788,kraken
1753056000,25.172,25.887,24.715,25.032,25.155,3873.16653329,433,kraken
1753142400,24.97,25.739,24.273,25.434,24.749,3132.39190029,793,kraken
1753228800,25.364,25.733,22.902,23.271,24.434,2199.52126631,404,kraken
1753315200,23.281,23.545,22.084,22.75,22.888,1290.25075528,350,kraken
1753401600,22.66,23.051,22.085,22.715,22.573,2536.8161538,412,kraken
1753488000,22.786,22.943,22.293,22.55,22.583,1228.92843226,312,kraken
1753574400,22.489,23.286,22.396,23.09,22.923,882.48482418,200,kraken
1753660800,23.174,23.763,21.711,21.751,22.824,2807.41845655,340,kraken
1753747200,21.841,22.059,20.935,21.236,21.404,2018.2838272,560,kraken
1753833600,21.021,21.408,20.273,21.408,20.912,981.44944868,174,kraken
1753920000,21.473,21.932,20.473,20.54,20.944,829.74976137,165,kraken
1754006400,20.534,21.053,20.058,20.399,20.672,6837.60994859,560,kraken
1754092800,20.383,20.546,19.694,20.023,19.906,1862.48926986,392,kraken
1754179200,19.988,20.8,19.935,20.644,20.69,5558.29300568,305,kraken
1754265600,20.654,21.767,20.654,21.737,21.272,2385.76527104,323,kraken
1754352000,21.747,21.748,20.751,21.079,21.24,2124.48846854,286,kraken
1754438400,21.135,21.465,20.67,21.093,20.958,4178.38391006,485,kraken
1754524800,21.126,22.029,20.95,21.916,21.542,1705.00061432,319,kraken
1754611200,22.041,22.89,21.785,22.55,22.21,6131.04173241,739,kraken
1754697600,22.595,23.364,22.595,23.203,23.141,3006.90570561,391,kraken
1754784000,23.287,23.537,22.576,23.072,23.102,2654.14126049,334,kraken
1754870400,23.095,23.73,22.37,22.657,23.096,6536.45580342,444,kraken
1754956800,22.532,23.697,22.072,23.447,22.95,3237.88787127,344,kraken
1755043200,23.496,24.016,23.1,23.985,23.438,5759.68610292,420,kraken
1755129600,23.927,24.273,21.977,22.203,22.62,4957.23864284,374,kraken
1755216000,22.205,22.665,21.545,22.198,22.21,5528.44735008,399,kraken
1755302400,22.322,23.463,22.322,23.231,23.28,2870.82971673,220,kraken
1755388800,23.225,23.545,22.965,23.104,23.22,667.96672392,155,kraken
1755475200,22.926,22.935,21.997,22.01,22.349,7294.78996644,604,kraken
1755561600,22.2,22.329,21.306,21.306,21.76,5015.87858787,290,kraken
1755648000,21.412,22.34,21.148,22.163,21.847,1346.17405775,190,kraken
1755734400,22.179,22.404,21.772,21.977,22.061,3146.40211743,313,kraken
1755820800,22.046,23.27,21.16,23.161,22.86,9548.31334186,802,kraken
1755907200,23.232,23.707,22.784,23.266,23.234,7452.30807297,815,kraken
1755993600,23.294,23.651,22.515,22.958,22.991,1846.75055358,230,kraken
1756080000,22.868,23.24,21.473,21.708,22.187,4661.40532387,562,kraken
1756166400,21.638,23.632,21.616,23.094,22.753,4403.5112339,937,kraken
1756252800,23.221,23.705,22.82,23.544,23.156,4637.33698837,329,kraken
1756339200,23.727,23.884,23.0,23.503,23.639,1267.88941938,187,kraken
1756425600,23.374,23.601,22.35,22.771,22.85,5323.16813812,367,kraken
1756512000,22.695,24.408,22.455,24.26,22.912,6350.70414842,447,kraken
1756598400,24.274,24.825,23.624,23.624,24.168,5224.56457387,455,kraken
1756684800,23.611,23.611,22.324,22.636,22.9,6661.60509724,431,kraken
1756771200,22.742,23.346,22.511,23.261,23.055,1422.51085567,150,kraken
1756857600,23.326,24.139,23.182,24.028,23.897,7683.22289616,387,kraken
1756944000,24.01,24.066,23.11,23.304,23.275,2265.65460295,159,kraken
1757030400,23.25,24.384,23.25,23.9,23.829,4228.78806529,319,kraken
1757116800,24.046,24.068,23.46,23.527,23.699,2805.05193968,177,kraken
1757203200,23.643,25.423,23.643,24.767,24.598,7557.48318405,406,kraken
1757289600,24.554,25.523,24.554,25.088,25.226,6560.3896661,415,kraken
1757376000,25.339,25.616,24.543,24.879,24.999,3536.2859742,276,kraken
1757462400,24.675,25.264,24.298,24.66,24.68,2142.20575589,208,kraken
1757548800,24.66,24.935,24.233,24.58,24.516,2275.0191778,283,kraken
1757635200,24.615,24.999,24.273,24.956,24.759,1398.05085313,232,kraken
1757721600,25.0,25.58,24.818,25.371,25.278,758.95977182,179,kraken
1757808000,25.363,25.363,23.96,24.273,24.615,2015.54117826,238,kraken
1757894400,24.281,24.455,22.718,23.231,23.366,6986.26490346,815,kraken
1757980800,23.23,23.924,23.017,23.658,23.501,1590.80755739,239,kraken
1758067200,23.687,24.091,23.207,24.04,23.605,5741.0155088,352,kraken
1758153600,24.028,24.47,23.934,24.39,24.287,6133.86669077,366,kraken
1758240000,24.384,24.636,23.085,23.192,23.658,5375.80217024,389,kraken
1758326400,23.201,23.545,23.052,23.275,23.316,3439.39324439,362,kraken
1758412800,23.27,23.313,22.863,22.943,23.122,2616.728234,256,kraken
1758499200,22.874,23.206,20.253,21.08,21.327,21397.35550188,1983,kraken
1758585600,21.08,21.312,20.649,21.203,21.035,6174.74044105,410,kraken
1758672000,21.075,21.571,20.785,21.185,21.301,5632.8097636,500,kraken
1758758400,21.133,21.133,19.933,20.039,20.557,2738.27176265,363,kraken
1758844800,20.178,20.715,19.944,20.58,20.194,2980.69401709,256,kraken
1758931200,20.627,21.288,20.567,20.903,21.024,4407.67531292,254,kraken
1759017600,20.915,21.345,20.663,21.279,20.971,1038.51615583,96,kraken
1759104000,21.31,23.0,21.31,22.716,22.304,5633.11407813,498,kraken
1759190400,22.678,23.098,22.016,22.389,22.532,14628.45022987,1318,kraken
1759276800,22.334,34.399,22.192,31.246,28.369,63376.90388604,5567,kraken
1759363200,31.396,38.9,29.644,32.681,34.23,71128.23821812,8314,kraken
1759449600,32.711,35.822,31.431,31.7,33.449,36992.26532118,3274,kraken
1759536000,31.581,37.317,29.655,34.309,33.966,45617.07742211,5262,kraken
1759622400,34.277,37.21,33.636,35.598,35.309,56385.49857242,8278,kraken
1759708800,35.454,35.964,34.271,34.507,34.806,22970.09484928,3058,kraken
1759795200,34.562,34.615,29.709,30.032,31.371,33541.56272653,1686,kraken
1759881600,30.079,34.61,28.508,32.999,31.408,40498.29366614,4534,kraken
1759968000,33.11,36.322,30.064,35.227,32.779,51293.55808885,6070,kraken
1760054400,35.233,49.951,29.0,37.674,42.115,255903.84419079,35727,kraken
1760140800,37.696,43.553,32.483,39.637,38.066,65071.41035606,7356,kraken
1760227200,39.558,59.439,37.009,53.36,51.431,152433.39645714,19822,kraken
1760313600,53.201,61.414,49.381,50.688,54.364,92496.46282582,12509,kraken
1760400000,50.798,51.943,43.499,45.272,46.329,56481.56506605,5463,kraken
1760486400,45.303,52.924,44.47,45.645,48.93,45737.69497418,7283,kraken
1760572800,45.542,49.905,41.894,42.169,46.029,47751.59553207,5674,kraken
1760659200,42.156,47.047,38.809,43.13,42.45,75599.68007534,7977,kraken
1760745600,43.05,48.402,42.055,42.585,44.78,26008.08127468,3286,kraken
1760832000,42.67,45.707,41.838,43.715,43.868,19422.12747567,2488,kraken
1760918400,43.61,52.0,41.349,48.805,47.085,38933.61239521,5522,kraken
1761004800,49.002,51.221,44.512,45.247,46.486,29372.36428028,4028,kraken
1761091200,45.27,47.646,40.762,41.638,43.403,18947.13543179,2500,kraken
1761177600,41.589,43.498,41.0,41.68,41.996,8843.2806497,1485,kraken
1761264000,41.838,43.429,39.4,42.041,41.572,18444.529947,2772,kraken
1761350400,41.915,42.804,40.588,41.962,41.7,11111.44857556,1684,kraken
1761436800,42.031,52.162,41.215,49.901,47.68,59681.04669245,7754,kraken
1761523200,49.909,54.383,47.799,48.584,50.718,50448.93425352,7659,kraken
1761609600,48.656,49.626,45.137,45.785,47.584,31862.53166872,3914,kraken
1761696000,45.716,49.42,45.396,46.351,47.142,24346.03603808,4075,kraken
1761782400,46.335,47.593,41.141,43.953,44.625,28729.83448521,3740,kraken
1761868800,43.822,53.283,43.719,52.765,48.032,48039.78020343,7486,kraken
1761955200,52.767,76.641,51.744,74.105,65.998,200484.14335204,25349,kraken
1762041600,73.914,96.3,70.168,89.634,86.489,176961.44641548,30987,kraken
1762128000,89.766,119.826,80.0,119.085,99.423,247661.4900435,39620,kraken
1762214400,118.739,150.0,108.011,121.095,128.497,353745.25491879,86172,kraken
1762300800,121.201,123.079,100.0,104.164,109.046,195195.68097149,39085,kraken
1762387200,104.164,134.139,97.044,112.823,113.764,263227.00520602,54719,kraken
1762473600,112.659,125.0,99.477,101.201,111.557,190170.90571807,36404,kraken
1762560000,101.282,103.157,75.102,81.506,83.2,198501.57802087,25213,kraken
1762646400,81.4,97.972,72.674,81.41,84.945,169839.88895278,25090,kraken
1762732800,81.537,85.9,71.244,72.791,79.739,106159.2479113,15048,kraken
1762819200,72.685,77.27,65.01,67.066,70.41,60041.02526339,7869,kraken
1762905600,67.086,72.291,63.519,67.168,68.42,86771.07620372,10092,kraken
1762992000,67.059,71.368,61.588,63.654,66.067,48134.66786873,5537,kraken
1763078400,63.616,78.107,61.543,74.222,71.668,102497.48863245,11964,kraken
1763164800,74.337,105.0,70.158,97.785,84.565,225270.17815378,28898,kraken
1763251200,97.293,104.0,82.473,85.543,92.588,200558.38115237,30324,kraken
1763337600,85.47,91.205,78.53,82.219,83.656,94230.20705376,13136,kraken
1763424000,82.104,82.104,73.176,77.738,76.736,92261.51194673,12188,kraken
1763510400,77.054,82.861,72.549,79.675,76.903,80644.43884205,10060,kraken
1763596800,78.95,85.844,72.523,72.676,79.47,88102.905449,12470,kraken
1763683200,72.787,74.169,58.465,60.449,65.981,69842.88625778,8914,kraken
1763769600,60.461,61.416,52.689,56.869,56.439,62679.04712508,6658,kraken
1763856000,56.988,62.599,56.388,56.388,59.548,59805.51286389,7412,kraken
1763942400,56.431,60.769,54.864,56.604,57.765,29616.7193871,4652,kraken
1764028800,56.651,57.605,54.271,57.242,56.144,37007.00213836,4715,kraken
1764115200,57.269,70.0,57.269,70.0,62.712,111525.25690818,12832,kraken
1764201600,69.795,71.479,61.356,61.806,65.371,41763.37780848,6978,kraken
1764288000,61.774,61.787,57.209,58.28,59.052,22136.14613434,4114,kraken
1764374400,58.371,58.725,55.893,56.652,57.013,15045.1984809,2978,kraken
1764460800,56.614,57.436,53.248,53.39,55.329,12153.86540036,2192,kraken
1764547200,53.405,53.428,46.7,48.346,49.023,32583.03009552,5880,kraken
1764633600,48.384,51.118,46.12,47.568,48.181,26914.73485739,4321,kraken
1764720000,47.417,52.647,46.218,48.773,49.483,38211.46290186,7230,kraken
1764806400,48.745,51.127,47.102,49.476,48.577,28233.06350718,4006,kraken
1764892800,49.536,53.091,46.497,47.011,49.624,45399.53462345,6278,kraken
1764979200,47.014,48.994,45.871,47.597,47.099,26975.14414039,3534,kraken
1765065600,47.434,47.579,43.449,44.612,45.514,45200.960815,4432,kraken
1765152000,44.608,52.641,44.396,49.674,49.97,41419.67276156,6610,kraken
1765238400,49.657,51.374,47.312,50.45,49.706,49806.63018596,7330,kraken
1765324800,50.431,53.317,46.271,46.842,50.19,35002.54891036,5825,kraken
1765411200,46.78,49.735,45.524,48.032,47.649,21426.28612956,4003,kraken
1765497600,48.056,48.638,45.665,46.616,47.075,13200.65359809,2957,kraken
1765584000,46.576,47.168,44.377,44.983,45.831,9770.53068569,2118,kraken
1765670400,44.933,45.487,40.78,41.111,42.654,12011.69656753,2043,kraken
1765756800,41.034,43.667,39.113,40.901,41.51,19193.18851203,3699,kraken
1765843200,40.801,42.645,39.267,41.047,40.967,19738.33478797,3481,kraken
1765929600,41.064,41.489,37.961,38.062,39.105,16062.22681695,2751,kraken
1766016000,38.062,39.152,35.163,35.735,36.788,14622.79128942,2586,kraken
1766102400,35.712,39.7,35.074,38.55,37.612,21094.37176374,3447,kraken
1766188800,38.636,41.197,38.407,40.067,39.804,8786.10193413,2185,kraken
1766275200,40.043,40.043,37.0,38.257,37.91,41729.55666438,4247,kraken
1766361600,38.324,39.303,37.364,38.382,38.286,12068.1193456,2116,kraken
1766448000,38.303,38.956,36.737,37.716,37.584,7529.2140616,1603,kraken
1766534400,37.773,38.471,35.928,38.233,37.148,12949.15083777,1776,kraken
1766620800,38.324,40.351,37.858,37.918,39.381,22112.07376183,3046,kraken
1766707200,37.973,39.789,37.822,39.247,39.111,5885.09020246,1340,kraken
1766793600,39.26,47.254,39.055,44.672,43.684,55766.77188383,8009,kraken
1766880000,44.628,45.823,43.452,43.984,44.339,28353.8666461,3391,kraken
1766966400,43.994,45.107,41.955,42.349,43.625,20263.91147442,3247,kraken
1767052800,42.36,43.606,42.136,42.571,42.878,6599.14235882,994,kraken
1767139200,42.59,43.366,40.711,41.6,41.757,9712.71899124,1455,kraken
1767225600,41.61,44.41,40.969,43.178,42.644,8538.99237575,1322,kraken
1767312000,43.233,43.375,41.111,42.717,42.073,8597.95615703,1128,kraken
1767398400,42.796,45.146,42.253,43.298,43.425,6933.44850358,1321,kraken
1767484800,43.19,44.07,42.31,43.328,43.016,7280.27112948,1482,kraken
1767571200,43.443,44.472,42.356,44.082,43.345,13768.04311409,2344,kraken
1767657600,44.001,46.7,42.918,44.658,44.929,11094.52933189,2730,kraken
1767744000,44.543,44.588,40.382,40.935,42.034,10410.20485644,1962,kraken
1767830400,40.833,41.367,37.596,38.757,38.877,12486.13698118,2564,kraken
1767916800,38.756,39.586,37.538,37.847,38.501,8863.82114668,2002,kraken
1768003200,37.736,37.901,36.667,37.343,37.142,7574.48693611,1422,kraken
1768089600,37.203,38.103,36.578,37.231,37.533,5473.84379984,1224,kraken
1768176000,37.207,39.411,36.77,39.411,38.281,19889.29043012,3584,kraken
1768262400,39.321,69.908,39.188,58.875,56.181,341433.41815511,34969,kraken
1768348800,58.804,89.204,55.808,79.924,76.247,333731.68594247,51504,kraken
1768435200,79.912,87.308,75.149,80.953,81.517,198318.44045891,29013,kraken
1768521600,80.828,96.783,79.721,85.52,89.447,218059.09166669,31710,kraken
1768608000,85.494,85.868,73.105,74.598,78.31,121033.0255437,17290,kraken
1768694400,74.626,92.41,71.553,78.778,81.738,168205.56990092,29343,kraken
1768780800,78.771,88.4,73.214,75.292,80.208,121520.20856437,19237,kraken
1768867200,75.38,76.001,67.602,69.805,71.861,184155.80551713,19805,kraken
1768953600,69.714,72.31,66.167,67.265,69.012,85702.4700887,12564,kraken
1769040000,67.292,68.306,62.253,62.697,65.106,40330.46810732,6384,kraken
1769126400,62.746,72.917,62.524,67.466,68.855,109901.91942935,16439,kraken
1769212800,67.426,67.486,62.891,63.229,65.325,46472.9004311,9866,kraken
1769299200,63.305,65.98,58.638,58.72,61.804,51086.97066371,7766,kraken
1769385600,58.712,61.559,57.792,59.84,59.439,39269.35888438,6465,kraken
1769472000,59.858,65.557,59.594,62.337,62.384,71096.96334729,9885,kraken
1769558400,62.415,63.588,57.496,58.399,60.534,45356.0691102,6860,kraken
1769644800,58.316,59.02,53.5,54.514,55.842,31512.73779365,5524,kraken
1769731200,54.558,55.282,49.563,51.237,52.023,34237.39586904,5616,kraken
1769817600,51.24,51.358,41.111,44.255,46.389,52837.99627127,6473,kraken
1769904000,44.265,46.695,42.123,43.939,44.454,32603.13064667,4593,kraken
1769990400,43.966,45.592,42.096,44.081,44.358,20530.19880538,3790,kraken
1770076800,44.064,44.825,40.0,41.36,41.895,49713.80648879,6093,kraken
1770163200,41.41,42.546,39.355,39.477,40.973,19174.89532017,4277,kraken
1770249600,39.468,40.681,33.578,34.061,37.038,39555.65706849,7194,kraken
1770336000,34.045,39.755,30.923,37.766,36.228,37240.87506334,7863,kraken
1770422400,37.791,38.021,35.024,36.935,36.477,23927.79446234,5407,kraken
1770508800,36.764,38.421,35.52,37.287,36.855,18617.86673947,3219,kraken
1770595200,37.114,37.43,33.7,36.525,35.6,36393.32270317,3633,kraken
1770681600,36.537,37.172,34.271,35.138,35.173,14607.03515497,2553,kraken
1770768000,35.212,35.867,32.273,33.908,34.004,26157.00368431,3482,kraken
1770854400,33.916,35.128,33.088,34.314,34.128,14010.6972521,2660,kraken
1770940800,34.361,39.144,33.86,37.021,37.154,31372.18457502,4653,kraken
1771027200,37.0,41.513,36.897,40.082,39.443,55037.65161328,6691,kraken
1771113600,40.136,41.402,36.78,37.583,39.105,25174.8750865,4413,kraken
1771200000,37.528,39.219,36.78,38.119,37.724,18196.05992997,3008,kraken
1771286400,38.038,38.729,36.625,37.287,37.676,11759.12609097,1906,kraken
1771372800,37.328,38.242,35.22,35.526,36.327,15542.78159094,2000,kraken
1771459200,35.501,36.392,34.141,34.552,34.858,10706.69282828,1811,kraken
1771545600,34.581,35.356,32.81,35.191,33.864,18100.77521779,2567,kraken
1771632000,35.203,35.955,33.875,34.011,34.629,14108.60022679,1941,kraken
1771718400,33.968,34.563,32.76,33.123,33.626,11727.85239647,1495,kraken
1771804800,33.175,33.862,31.107,31.939,32.017,23889.07093473,3080,kraken
1771891200,31.952,33.461,31.314,32.414,32.327,13410.02795765,2192,kraken
1771977600,32.383,36.157,32.198,34.791,34.835,18398.90017811,2619,kraken
1772064000,34.759,36.275,33.674,34.125,34.939,8577.02178868,2027,kraken
1772150400,34.178,35.71,32.5,33.21,33.986,6027.07496882,1724,kraken
1772236800,33.279,33.476,30.701,32.883,31.69,19846.00875153,2866,kraken
1772323200,32.942,34.52,31.1,31.827,32.739,10257.87587128,2487,kraken
1772409600,31.897,35.228,31.464,34.779,33.666,9958.27174192,2630,kraken
1772496000,34.806,34.911,32.466,34.199,33.54,6929.35839841,2081,kraken
1772582400,34.207,36.282,33.599,35.1,35.141,15134.17437395,2986,kraken
1772668800,34.949,35.438,33.743,34.31,34.578,20535.88344781,3257,kraken
1772755200,34.345,34.765,32.155,32.504,33.496,11267.60422171,2081,kraken
1772841600,32.501,32.853,31.596,31.803,32.297,5659.45061646,1488,kraken
1772928000,31.827,31.827,30.149,30.425,30.983,6919.81362226,1303,kraken
1773014400,30.421,32.9,30.217,32.094,31.873,7532.59194481,2009,kraken
1773100800,32.117,33.5,32.082,32.347,32.817,6328.25887887,1532,kraken
1773187200,32.337,32.781,31.683,32.544,32.424,10936.68160115,1155,kraken
1773273600,32.45,32.943,31.812,32.904,32.322,20857.25357572,1494,kraken
1773360000,32.907,34.192,32.12,32.36,33.488,28145.93846734,2692,kraken
1773446400,32.311,33.311,32.203,32.679,32.576,6319.46436754,1090,kraken
1773532800,32.575,34.158,32.41,33.83,33.57,16180.84244635,1839,kraken
1773619200,33.887,37.02,33.685,35.949,35.52,48737.09587292,3800,kraken
1773705600,35.858,36.319,34.354,35.211,35.268,14291.58221212,2351,kraken
1773792000,35.331,35.832,32.021,32.511,33.848,20097.37248828,2738,kraken
1773878400,32.579,32.841,31.15,31.33,31.678,10607.9277014,1538,kraken
1773964800,31.366,32.213,31.35,32.068,31.752,7959.80704404,1209,kraken
1774051200,32.124,33.355,31.129,31.461,32.502,8744.72647557,1293,kraken
1774137600,31.364,32.686,30.784,32.337,31.666,7007.75362127,1178,kraken
1774224000,32.325,34.841,32.236,34.513,34.01,41029.9688367,3495,kraken
1774310400,34.473,35.174,33.511,34.286,34.322,4423.10609596,1028,kraken
1774396800,34.344,34.992,33.656,34.081,34.226,3118.15406052,696,kraken
1774483200,34.082,34.372,32.01,32.304,32.785,6688.04965298,934,kraken
1774569600,32.252,32.859,31.412,31.631,32.162,9533.53737789,1106,kraken
1774656000,31.67,32.701,31.115,31.726,31.778,5391.41142961,743,kraken
1774742400,31.631,32.322,30.862,31.77,31.572,6541.05088121,772,kraken
1774828800,31.796,32.926,31.622,31.992,32.463,5524.78827737,793,kraken
1774915200,32.062,33.261,31.698,32.663,32.666,9484.5138009,1031,kraken
1775001600,32.654,33.095,31.586,31.657,32.252,9167.98548229,987,kraken
1775088000,31.628,31.878,29.412,30.125,30.285,12960.33506352,1350,kraken
1775174400,30.176,30.651,29.707,29.884,30.134,5129.51720614,762,kraken
1775260800,29.879,30.959,29.56,30.808,29.959,6366.27932951,770,kraken
1775347200,30.835,30.966,29.798,30.404,30.103,6190.50409866,665,kraken
1775433600,30.502,31.24,29.899,30.073,30.616,15415.41724855,1275,kraken
1775520000,30.183,34.059,29.975,33.545,31.569,19767.95972707,1765,kraken
1775606400,33.746,33.881,31.868,32.175,32.939,19473.54392875,1927,kraken
1775692800,31.969,37.813,31.57,35.911,35.545,29021.05741195,3280,kraken
1775779200,35.868,46.248,35.604,45.757,41.976,105805.3070017,13917,kraken
1775865600,45.793,48.539,43.261,46.352,45.781,58892.12256601,7532,kraken
1775952000,46.26,47.68,40.733,40.983,43.128,82138.74305419,7018,kraken
1776038400,41.006,43.65,39.778,41.352,41.427,43837.73383551,4469,kraken
1776124800,41.375,41.619,37.604,38.308,39.904,27395.4984668,2468,kraken
1776211200,38.385,39.081,37.796,38.016,38.27,13491.11646703,1582,kraken
1776297600,38.074,38.557,36.4,36.979,37.363,20831.33489776,2627,kraken
1776384000,37.015,38.24,36.241,36.901,37.161,17345.39722463,2101,kraken
1776470400,36.99,37.385,34.191,34.515,35.711,13268.20245784,1843,kraken
1776556800,34.511,35.867,33.388,33.568,34.592,19103.76404178,1810,kraken
1776643200,33.684,34.778,33.4,34.234,34.144,10779.21952066,1179,kraken
1776729600,34.32,37.211,34.128,36.704,35.807,21173.82667872,3492,kraken
1776816000,36.762,37.641,35.364,35.364,36.547,27205.20785402,2867,kraken
1776902400,35.351,36.8,34.556,36.515,35.763,20097.77454632,2055,kraken
1776988800,36.68,37.405,35.478,36.67,36.554,21030.2908417,2672,kraken
1777075200,36.688,36.688,35.79,36.145,36.262,5056.82681504,632,kraken
1777161600,36.1,37.07,35.84,36.261,36.655,5473.70589756,755,kraken
1777248000,36.294,37.16,34.414,35.496,35.503,8288.38667497,1114,kraken
1777334400,35.487,35.704,34.653,34.867,35.124,7744.15225585,715,kraken
1777420800,34.82,35.749,33.325,34.452,34.59,14402.19875869,1288,kraken
1777507200,34.561,35.529,34.051,35.416,34.758,5841.53938344,837,kraken
1777593600,35.355,38.858,34.96,37.734,37.205,22628.39561774,2342,kraken
1777680000,37.69,38.61,36.68,37.092,37.559,13406.21903981,1577,kraken
1777766400,37.051,39.665,36.875,39.204,38.49,52028.12157079,3579,kraken
1777852800,39.149,51.116,39.07,47.556,47.144,171969.64182303,15918,kraken
1777939200,47.466,50.268,44.508,49.037,46.799,54836.28813133,5889,kraken
1778025600,49.278,58.04,47.671,51.342,53.609,133558.87548831,11727,kraken
1778112000,51.419,54.228,49.405,52.127,51.259,69216.29544232,6023,kraken
1778198400,52.144,52.555,47.29,50.311,49.551,52896.18408566,5654,kraken
1778284800,50.202,52.737,48.751,49.095,50.344,32024.32825927,3204,kraken
1778371200,48.948,49.89,45.924,47.597,48.469,27395.1844009,2963,kraken
1778457600,47.555,47.751,46.022,46.759,46.895,20823.57508502,2211,kraken
1778544000,46.731,47.118,44.664,46.392,45.85,13401.02785186,1874,kraken
1778630400,46.407,47.56,43.395,43.74,45.409,13904.40530478,1795,kraken
1778716800,43.811,46.989,43.132,46.157,45.139,12625.80185298,1690,kraken
1778803200,46.381,46.382,42.673,43.372,44.119,11886.86814167,1290,kraken
1778889600,43.271,43.534,40.51,41.31,41.445,6905.71358693,902,kraken
1778976000,41.331,42.694,40.429,40.885,41.476,14870.01042196,1420,kraken
1779062400,40.743,43.467,40.126,42.727,41.702,17468.50651656,2503,kraken
1779148800,42.869,43.387,41.712,42.145,42.628,10349.68752985,1660,kraken
1779235200,42.277,50.705,41.625,50.705,47.416,81831.58648981,8556,kraken
1779321600,50.68,54.404,46.994,48.836,49.45,58243.23061582,6112,kraken
1779408000,48.722,49.562,42.474,42.701,45.146,34785.87123567,4301,kraken
1779494400,42.7,46.732,41.675,45.994,44.703,55540.25529518,5456,kraken
1779580800,46.058,47.208,44.56,45.853,45.811,18513.4255741,2715,kraken
1779667200,45.862,47.367,44.4,44.725,45.896,28800.10339654,3013,kraken
1779753600,44.725,45.598,42.96,43.483,44.155,21482.37259002,2137,kraken
1779840000,43.484,44.28,42.125,42.523,43.358,17952.07510326,1843,kraken
1779926400,42.534,42.61,38.398,39.941,40.048,31422.70425899,2323,kraken
1780012800,40.093,40.89,38.925,39.394,40.094,18112.92311239,1318,kraken
1780099200,39.318,40.227,38.496,39.314,39.24,18664.9900102,1358,kraken
1780185600,39.378,40.527,38.751,40.188,39.508,11259.31822617,1188,kraken
1780272000,40.183,41.465,38.097,39.531,39.439,30739.37577323,2379,kraken
1780358400,39.568,40.513,36.835,37.833,38.99,35619.67955789,2178,kraken
1780444800,37.887,40.301,37.887,39.304,39.465,26732.86665463,1872,kraken
1780531200,39.443,39.655,33.203,34.346,35.236,48276.30029366,3206,kraken
1780617600,34.224,34.224,29.39,31.49,31.556,66004.26566215,4539,kraken
1780704000,31.595,32.851,29.613,32.636,31.481,31877.68982873,2676,kraken
1780790400,32.758,38.252,32.427,36.901,36.227,51276.39868714,3959,kraken
1780876800,36.917,37.591,36.238,36.875,37.039,25915.69460097,1852,kraken
1780963200,36.808,38.423,35.086,35.208,36.51,31849.41361393,2254,kraken
1781049600,35.218,35.615,33.324,33.809,34.451,13628.01186227,1167,kraken
1781136000,33.813,36.141,33.807,35.618,35.1,20069.90964221,1887,kraken
1781222400,35.667,35.826,34.227,34.338,35.058,14596.74525926,1829,kraken
1781308800,34.34,35.692,34.277,35.492,35.204,6026.132859,793,kraken
1781395200,35.48,38.257,34.616,38.257,36.268,12324.70479373,1402,kraken
1781481600,38.44,40.18,37.455,38.261,39.182,29943.75804519,2945,kraken
1781568000,38.235,38.818,36.907,37.494,37.615,18334.86995196,2099,kraken
1781654400,37.502,38.13,35.78,36.244,36.783,7197.08839372,929,kraken
1781740800,36.318,36.596,34.4,35.405,35.35,10331.43389372,977,kraken
1781827200,35.441,37.434,34.432,37.434,35.524,4430.10603987,578,kraken
1781913600,37.609,38.221,36.004,36.927,36.811,12215.42751015,1384,kraken
1782000000,36.936,37.283,34.592,34.596,36.197,7506.41632608,894,kraken
1782086400,34.728,35.722,34.143,34.413,34.939,10369.49646546,966,kraken
1782172800,34.523,36.509,33.554,36.217,35.174,21915.09538379,2191,kraken
1782259200,36.417,36.975,32.003,33.626,33.978,14875.59774588,1926,kraken
1782345600,33.692,35.426,32.1,33.987,33.824,11819.38404099,1820,kraken
1782432000,33.917,34.964,32.75,34.239,33.863,12164.52426369,1475,kraken
1782518400,34.189,34.466,32.782,32.964,33.959,5123.88514768,658,kraken
1782604800,32.937,33.119,31.753,32.238,32.396,6295.47112753,583,kraken
1782691200,32.031,33.784,31.779,33.223,32.841,15514.61138275,1323,kraken
1782777600,33.259,33.493,32.284,32.518,33.004,14859.70540412,1592,kraken
1782864000,32.532,34.74,31.726,33.098,32.94,6308.30971562,1058,kraken
1782950400,33.063,36.147,33.0,34.515,34.134,17000.66197963,1881,kraken
1783036800,34.523,36.492,34.523,35.831,35.664,13228.02007024,1489,kraken
1783123200,35.885,36.589,34.943,35.681,35.649,3158.74694121,606,kraken
1783209600,35.52,35.698,34.619,35.685,35.172,2204.71993413,471,kraken
1783296000,35.656,35.779,34.018,35.112,34.812,5333.32742887,725,kraken
1783382400,35.133,37.3,34.589,35.409,36.274,10764.91753298,1174,kraken
1783468800,35.325,35.735,33.261,34.294,34.113,7733.24386638,1162,kraken
1783555200,34.415,34.566,33.66,34.075,34.209,6569.1165509,868,kraken
1783641600,34.073,35.523,33.99,34.87,34.743,10643.31303965,1441,kraken
1783728000,34.826,35.356,33.848,33.945,34.63,2659.52267015,551,kraken
1783814400,33.876,35.479,33.778,34.371,34.48,4165.27137174,622,kraken
1783900800,34.456,35.144,32.57,32.854,33.554,7443.22042424,1013,kraken
1783987200,32.886,34.18,32.386,34.082,33.529,10797.64646373,1199,kraken
1784073600,34.125,35.497,33.935,34.5,34.699,13308.1837155,1855,kraken
1784160000,34.546,34.739,33.138,33.282,33.795,5917.14026342,856,kraken
1784246400,33.303,34.484,33.059,34.271,33.697,8888.4806929,1347,kraken
1784332800,34.279,34.416,33.546,34.164,33.965,5803.79882245,836,kraken
1784419200,34.172,34.987,33.699,34.353,34.319,4361.32649321,713,kraken
1784505600,34.308,34.665,33.587,34.14,34.238,3862.60695942,614,kraken
1784592000,34.088,35.128,33.853,34.883,34.666,7170.03554065,1060,kraken
1784678400,34.863,35.017,33.241,33.481,33.841,16114.81236819,1289,kraken
1784764800,33.45,33.762,32.698,32.883,33.298,9439.25655719,1009,kraken
1784851200,32.848,33.199,31.873,32.091,32.495,9323.33201904,886,kraken
1784937600,32.013,32.804,31.936,32.429,32.243,4193.91215239,512,kraken
1785024000,32.463,33.199,32.343,32.898,32.666,5649.7864578,692,kraken
1785110400,32.907,33.005,31.043,31.222,32.278,10785.2909707,1294,kraken
1785196800,31.232,31.782,29.929,31.401,30.647,21299.19810779,2104,kraken
1785283200,31.477,31.551,28.8,29.653,30.058,13949.91996282,1667,kraken
1785369600,29.637,30.58,29.245,30.254,30.056,16470.77478527,1568,kraken
1785456000,30.247,30.95,29.565,30.755,30.279,12428.67931769,1271,kraken
1785542400,30.876,32.206,30.58,31.099,31.397,12815.33174116,1751,kraken
1785628800,31.127,31.687,31.109,31.498,31.343,6147.45146456,714,kraken
1785715200,31.416,31.49,30.728,31.073,31.171,6037.07070316,600,kraken
1785801600,31.2,31.629,30.95,31.261,31.331,4613.81537973,572,kraken
1785888000,31.245,31.645,30.724,30.86,31.288,12148.82061115,1599,kraken
1785974400,30.832,31.44,30.059,31.175,30.854,9181.71319007,1085,kraken
1786060800,31.16,32.85,30.696,30.774,31.114,17105.62834772,1839,kraken
1786147200,30.751,32.266,30.504,31.936,31.448,24888.21518759,2363,kraken
1786233600,31.952,32.048,30.95,31.09,31.598,12538.33537947,1515,kraken
1786320000,31.007,31.279,30.805,30.84,31.077,5699.26020578,715,kraken
1786406400,30.724,30.927,30.268,30.648,30.654,8505.00250199,1218,kraken
1786492800,30.614,30.75,29.919,29.976,30.47,3085.03316607,527,kraken
1786579200,30.039,30.478,29.879,30.397,30.245,4429.93617661,586,kraken
1786665600,30.428,30.597,29.612,30.12,29.892,3670.3666471,566,kraken
1786752000,30.126,30.214,29.687,29.716,30.032,3196.32792242,470,kraken
1786838400,29.685,30.393,29.484,29.927,30.014,8644.09330735,1088,kraken
1786924800,29.954,30.625,29.87,30.453,30.365,6537.91652796,602,kraken
1787011200,30.461,30.629,29.726,29.817,29.93,5152.86360768,642,kraken
1787097600,29.788,32.285,29.585,31.665,30.794,18826.2033171,1849,kraken
1787184000,31.825,33.578,31.398,32.719,32.393,28812.16882438,2122,kraken
1787270400,32.678,39.589,32.639,38.67,36.005,40673.14521133,4610,kraken
1787356800,38.68,48.147,35.45,41.121,42.1,113096.49826821,12795,kraken
1787443200,41.136,43.823,38.316,42.425,42.179,73356.09656865,6308,kraken
1787529600,42.396,43.432,40.594,41.562,41.822,31341.22468179,3222,kraken
1787616000,41.522,43.995,37.55,37.902,41.256,35804.95263094,4204,kraken
1787702400,37.895,39.5,36.939,39.302,38.232,17513.6981556,2001,kraken
1787788800,39.233,41.294,38.154,39.595,39.605,15914.29584772,2212,kraken
1787875200,39.569,40.086,36.923,38.459,38.404,18476.49289921,1889,kraken
1787961600,38.476,42.591,38.307,41.305,40.607,27563.1634338,3133,kraken
1788048000,41.241,44.555,40.502,41.708,42.734,37498.08731387,3990,kraken
1788134400,41.809,48.6,40.527,44.774,45.848,92683.41561767,8720,kraken
1788220800,44.806,47.46,42.817,43.909,45.111,29638.22652118,3831,kraken
1788307200,43.885,43.921,41.12,42.656,42.387,22892.89784049,3269,kraken
1788393600,42.726,47.884,42.091,47.4,45.519,42368.18991772,4248,kraken
1788480000,47.44,64.598,46.08,62.504,53.802,156492.90147269,22161,kraken
1788566400,62.704,74.0,61.677,65.3,68.16,150895.85572499,21172,kraken
1788652800,65.444,82.887,65.276,71.307,70.565,93273.80074478,12575,kraken
1788739200,71.332,72.412,62.346,62.931,66.607,47590.79248602,6748,kraken
1788825600,62.707,64.984,61.392,62.48,62.88,33392.21043346,3736,kraken
1788912000,62.533,66.337,58.05,58.539,62.98,44650.28115656,5074,kraken
1788998400,58.697,58.938,53.916,54.003,56.569,29832.39921572,3656,kraken
1789084800,54.03,59.521,54.03,56.861,56.473,29826.567792,4192,kraken
1789171200,56.85,57.229,54.624,54.76,55.921,13805.29054028,2033,kraken
1789257600,54.704,56.156,52.522,52.966,54.238,16200.28973446,2205,kraken
1789344000,53.017,56.301,52.642,53.772,54.561,16121.29653651,2323,kraken
1789430400,53.841,54.145,49.386,50.531,51.645,19210.93637275,2633,kraken
1789516800,50.536,57.537,49.93,55.994,54.597,42870.25234617,4390,kraken
1789603200,55.947,62.51,55.772,61.097,59.535,42639.0345942,5854,kraken
1789689600,61.109,65.063,57.5,63.459,60.13,60793.00310345,6787,kraken
1789776000,63.45,64.144,57.591,58.734,60.611,30353.94661492,5497,kraken
1789862400,58.689,58.86,54.333,57.528,56.411,30953.48171153,4034,kraken
1789948800,57.729,61.59,56.293,59.046,59.229,25092.55698345,4554,kraken
1790035200,59.39,65.574,58.001,64.187,61.987,51861.75751454,6269,kraken
1790121600,64.004,66.0,57.321,57.685,61.282,84964.83160319,10663,kraken
1790208000,57.771,64.155,57.02,63.612,61.331,60594.84829627,6915,kraken
1790294400,63.54,65.65,61.305,63.966,63.325,37434.05432324,5093,kraken
1790380800,63.823,73.63,62.06,71.872,69.655,97781.45691937,8852,kraken
1790467200,71.854,73.202,66.5,68.49,69.932,38579.66547723,5902,kraken
1790553600,68.532,68.947,63.0,65.585,65.346,42386.72362503,4592,kraken
1790640000,65.502,65.649,59.06,60.621,60.816,47967.06794031,6058,kraken
1790726400,60.831,63.387,59.59,60.508,61.202,22585.53066434,2385,kraken
1790812800,60.5,61.019,57.836,58.227,59.017,19130.09960972,2794,kraken
1790899200,58.189,60.55,55.642,58.842,58.358,26847.22996623,2943,kraken
1790985600,58.874,59.879,58.367,59.284,59.095,13604.86926421,1698,kraken
1791072000,59.324,59.82,58.747,59.728,59.327,9950.69952567,1189,kraken
1791158400,59.629,60.935,57.237,57.884,59.133,55948.3955195,7755,kraken
1791244800,57.93,58.061,55.34,55.691,56.736,101313.59862036,17803,kraken
