time,open,high,low,close,vwap,volume,count,source
1633651200,3588.83,3670.0,3535.0,3563.96,3589.653333333333,146564.44707403,0,coinbase
1633737600,3563.96,3634.13,3538.61,3575.83,3582.8566666666666,88782.58533301,0,coinbase
1633824000,3575.2,3605.49,3406.44,3415.0,3475.6433333333334,112835.1020128,0,coinbase
1633910400,3414.75,3625.0,3373.45,3542.37,3513.6066666666666,142525.70987846,0,coinbase
1633996800,3542.2,3549.0,3403.51,3490.61,3481.0400000000004,176617.45185163,0,coinbase
1634083200,3490.17,3614.48,3412.45,3608.21,3545.0466666666666,158955.26821205,0,coinbase
1634169600,3608.43,3828.84,3588.55,3791.66,3736.35,216569.69208772,0,coinbase
1634256000,3791.06,3900.0,3734.44,3869.73,3834.7233333333334,204682.20802319,0,coinbase
1634342400,3869.73,3968.49,3802.0,3829.66,3866.7166666666667,130674.36831436,0,coinbase
1634428800,3829.7,3919.0,3643.0,3847.18,3803.06,134515.91092357,0,coinbase
1634515200,3847.38,3894.7,3676.35,3745.48,3772.1766666666663,187448.53280815,0,coinbase
1634601600,3745.13,3890.36,3700.0,3878.17,3822.8433333333337,154012.15326702,0,coinbase
1634688000,3878.35,4169.0,3829.59,4161.94,4053.5099999999998,235728.75520251,0,coinbase
1634774400,4161.83,4374.95,4010.22,4053.9,4146.356666666667,286201.83773073,0,coinbase
1634860800,4053.97,4169.72,3885.25,3971.55,4008.84,187484.20093549,0,coinbase
1634947200,3971.89,4172.04,3935.92,4168.56,4092.1733333333336,109253.57167984,0,coinbase
1635033600,4168.53,4188.42,3962.05,4082.64,4077.7033333333334,126731.47064484,0,coinbase
1635120000,4082.09,4236.27,4069.22,4220.93,4175.473333333333,145753.84102089,0,coinbase
1635206400,4221.16,4297.0,4091.31,4131.47,4173.259999999999,169619.87486465,0,coinbase
1635292800,4132.19,4314.63,3911.0,3923.94,4049.856666666667,279555.38152718,0,coinbase
1635379200,3925.26,4299.0,3889.05,4288.26,4158.77,257149.82955488,0,coinbase
1635465600,4288.25,4461.96,4266.91,4421.23,4383.366666666666,257148.94601167,0,coinbase
1635552000,4421.23,4435.0,4236.99,4324.67,4332.22,123410.59442713,0,coinbase
1635638400,4325.55,4395.99,4168.1,4290.16,4284.75,148206.08981334,0,coinbase
1635724800,4290.31,4385.16,4151.0,4322.89,4286.349999999999,165298.66872401,0,coinbase
1635811200,4322.89,4604.99,4287.32,4595.01,4495.7733333333335,217839.79309642,0,coinbase
1635897600,4594.27,4671.0,4456.0,4606.07,4577.69,213935.75674438,0,coinbase
1635984000,4606.07,4610.24,4423.01,4537.15,4523.466666666666,182872.96131449,0,coinbase
1636070400,4537.14,4574.0,4446.01,4479.47,4499.826666666667,142403.14739608,0,coinbase
1636156800,4479.47,4534.43,4329.21,4523.16,4462.266666666666,107961.55343832,0,coinbase
1636243200,4523.73,4639.8,4506.99,4617.02,4587.936666666667,85312.85613745,0,coinbase
1636329600,4617.27,4825.0,4616.5,4811.9,4751.133333333333,163884.29350308,0,coinbase
1636416000,4811.89,4842.54,4697.9,4731.59,4757.343333333333,154525.60456333,0,coinbase
1636502400,4731.58,4867.81,4460.0,4632.22,4653.343333333334,249949.62441734,0,coinbase
1636588800,4632.23,4783.05,4578.05,4721.87,4694.323333333334,112248.30258781,0,coinbase
1636675200,4721.07,4809.27,4508.42,4667.34,4661.676666666667,160383.45748095,0,coinbase
1636761600,4667.79,4708.6,4586.8,4644.44,4646.613333333334,76568.33646209,0,coinbase
1636848000,4644.43,4695.07,4516.05,4627.03,4612.716666666666,96933.07064437,0,coinbase
1636934400,4626.61,4770.0,4541.0,4565.06,4625.3533333333335,121693.76091856,0,coinbase
1637020800,4564.34,4564.98,4108.0,4209.5,4294.16,309826.45957038,0,coinbase
1637107200,4209.89,4300.01,4068.24,4289.4,4219.216666666666,197969.47328462,0,coinbase
1637193600,4289.4,4346.42,3960.0,3997.93,4101.45,291477.64786245,0,coinbase
1637280000,3998.57,4314.82,3975.24,4299.55,4196.536666666667,191232.56135587,0,coinbase
1637366400,4299.55,4438.96,4206.03,4416.69,4353.893333333333,96882.12097892,0,coinbase
1637452800,4416.36,4427.72,4246.07,4262.99,4312.26,83775.31676078,0,coinbase
1637539200,4263.04,4322.86,4024.45,4089.16,4145.49,174572.98932477,0,coinbase
1637625600,4089.17,4389.95,4062.28,4341.62,4264.616666666666,159935.23797902,0,coinbase
1637712000,4341.58,4359.88,4168.99,4270.74,4266.536666666666,120268.67729032,0,coinbase
1637798400,4270.93,4555.11,4250.0,4525.87,4443.66,132338.28173546,0,coinbase
1637884800,4527.03,4555.53,3915.0,4043.67,4171.4,324817.57682312,0,coinbase
1637971200,4043.62,4186.97,4031.56,4098.31,4105.613333333334,93299.56271946,0,coinbase
1638057600,4098.53,4303.35,3950.0,4298.38,4183.91,124752.71262005,0,coinbase
1638144000,4298.38,4466.0,4282.07,4449.42,4399.163333333333,170935.20731881,0,coinbase
1638230400,4449.42,4759.0,4350.91,4634.95,4581.62,312105.05293146,0,coinbase
1638316800,4636.43,4784.5,4526.94,4586.95,4632.796666666666,241301.695591,0,coinbase
1638403200,4586.87,4637.39,4435.0,4514.59,4528.993333333333,171913.60834148,0,coinbase
1638489600,4514.54,4662.75,4035.0,4216.93,4304.893333333333,312836.25058642,0,coinbase
1638576000,4216.3,4240.0,3575.0,4123.13,3979.376666666667,512946.90714235,0,coinbase
1638662400,4123.13,4257.0,4038.13,4203.22,4166.116666666668,250275.13989584,0,coinbase
1638748800,4203.22,4380.8,3913.0,4354.22,4216.006666666667,349333.84787974,0,coinbase
1638835200,4354.09,4433.99,4260.0,4310.19,4334.7266666666665,198306.85854675,0,coinbase
1638921600,4310.21,4456.36,4226.88,4440.51,4374.583333333333,186740.13696568,0,coinbase
1639008000,4440.94,4490.72,4076.15,4106.06,4224.31,222048.28315781,0,coinbase
1639094400,4105.99,4232.38,3889.42,3900.91,4007.5699999999997,273780.7217072,0,coinbase
1639180800,3899.97,4099.87,3835.0,4091.18,4008.683333333333,166327.13830459,0,coinbase
1639267200,4091.17,4186.16,3989.41,4132.92,4102.83,108368.85746466,0,coinbase
1639353600,4132.91,4146.1,3660.0,3783.81,3863.3033333333333,305712.33000025,0,coinbase
1639440000,3784.0,3884.08,3686.49,3860.74,3810.4366666666665,197099.24204846,0,coinbase
1639526400,3860.72,4097.0,3643.43,4021.53,3920.6533333333336,319094.24570016,0,coinbase
1639612800,4021.41,4116.39,3952.81,3957.28,4008.8266666666673,174285.93324831,0,coinbase
1639699200,3957.12,3994.81,3699.0,3876.02,3856.61,209823.26509135,0,coinbase
1639785600,3876.37,3999.0,3768.14,3961.92,3909.6866666666665,113485.77521903,0,coinbase
1639872000,3961.93,4039.73,3886.03,3925.79,3950.5166666666664,102078.81232557,0,coinbase
1639958400,3925.78,3984.08,3754.8,3946.16,3895.013333333334,172027.91571974,0,coinbase
1640044800,3946.59,4063.89,3908.13,4017.11,3996.376666666667,137991.50149241,0,coinbase
1640131200,4017.35,4075.0,3933.74,3981.12,3996.6200000000003,110316.26044274,0,coinbase
1640217600,3980.82,4157.82,3895.7,4113.08,4055.533333333333,180980.07790929,0,coinbase
1640304000,4113.64,4138.71,4005.0,4049.65,4064.4533333333334,109472.89747679,0,coinbase
1640390400,4049.81,4143.13,4021.31,4097.43,4087.2900000000004,68854.05530395,0,coinbase
1640476800,4098.67,4106.5,4008.01,4065.91,4060.14,66848.08372392,0,coinbase
1640563200,4066.14,4128.9,4027.56,4038.64,4065.033333333333,108344.57109844,0,coinbase
1640649600,4038.18,4038.68,3760.01,3793.67,3864.1200000000003,203399.82203323,0,coinbase
1640736000,3793.66,3828.18,3603.0,3630.59,3687.2566666666667,167709.4231065,0,coinbase
1640822400,3630.18,3769.99,3585.85,3710.02,3688.6200000000003,155011.95096414,0,coinbase
1640908800,3710.01,3815.04,3619.78,3675.8,3703.5399999999995,171634.96154996,0,coinbase
1640995200,3675.81,3777.82,3674.02,3765.72,3739.1866666666665,98353.62552826,0,coinbase
1641081600,3765.98,3855.77,3718.2,3828.87,3800.9466666666667,78466.35113548,0,coinbase
1641168000,3828.93,3851.66,3681.62,3766.04,3766.44,106574.13357834,0,coinbase
1641254400,3766.01,3894.12,3714.22,3785.0,3797.78,148752.52638971,0,coinbase
1641340800,3785.0,3848.2,3414.88,3539.0,3600.693333333333,240345.13859808,0,coinbase
1641427200,3539.0,3550.02,3300.0,3406.03,3418.683333333334,282771.63777278,0,coinbase
1641513600,3405.66,3415.52,3065.0,3198.82,3226.4466666666667,376752.15627171,0,coinbase
1641600000,3198.96,3247.89,3000.0,3080.48,3109.4566666666665,231676.12058726,0,coinbase
1641686400,3080.92,3212.46,3057.82,3151.66,3140.646666666667,131897.75381912,0,coinbase
1641772800,3151.65,3180.29,2928.69,3083.51,3064.1633333333334,260769.14044553,0,coinbase
1641859200,3083.51,3265.98,3052.19,3240.83,3186.3333333333335,158466.70742447,0,coinbase
1641945600,3240.83,3420.08,3206.72,3373.64,3333.4799999999996,165432.46044549,0,coinbase
1642032000,3373.25,3413.36,3233.67,3241.88,3296.3033333333333,130378.3015897,0,coinbase
1642118400,3241.6,3346.81,3188.34,3310.45,3281.8666666666663,110175.14720879,0,coinbase
1642204800,3309.98,3373.56,3260.0,3328.12,3320.56,58794.17252061,0,coinbase
1642291200,3327.81,3394.45,3275.0,3349.46,3339.6366666666668,58643.37423357,0,coinbase
1642377600,3349.88,3360.07,3142.39,3210.98,3237.8133333333335,128212.72032287,0,coinbase
1642464000,3211.08,3246.2,3083.68,3160.81,3163.563333333333,151969.48482665,0,coinbase
1642550400,3160.78,3176.81,3047.0,3085.27,3103.0266666666666,159240.24960598,0,coinbase
1642636800,3084.49,3273.32,2986.0,3000.94,3086.7533333333336,185761.37491937,0,coinbase
1642723200,3000.99,3034.7,2467.11,2569.01,2690.273333333333,603711.8291189,0,coinbase
1642809600,2568.12,2628.36,2301.6,2411.9,2447.286666666667,457765.04354891,0,coinbase
1642896000,2411.91,2551.3,2371.58,2541.19,2488.023333333333,248046.68461556,0,coinbase
1642982400,2541.19,2541.74,2159.0,2441.74,2380.8266666666664,583901.18061678,0,coinbase
1643068800,2441.6,2509.87,2351.18,2460.68,2440.5766666666664,268705.41724115,0,coinbase
1643155200,2460.4,2724.0,2400.0,2465.0,2529.6666666666665,409131.34465566,0,coinbase
1643241600,2464.99,2521.96,2315.72,2425.82,2421.1666666666665,272971.5127865,0,coinbase
1643328000,2425.01,2559.55,2358.63,2546.84,2488.34,231189.51401633,0,coinbase
1643414400,2546.84,2640.0,2521.72,2603.74,2588.486666666666,138968.35714717,0,coinbase
1643500800,2603.39,2642.0,2542.66,2602.89,2595.85,103353.36641229,0,coinbase
1643587200,2602.63,2708.98,2478.31,2689.72,2625.67,193802.14585439,0,coinbase
1643673600,2689.87,2815.49,2675.99,2789.66,2760.3799999999997,212782.90255881,0,coinbase
1643760000,2789.62,2814.1,2613.42,2682.66,2703.3933333333334,256394.56721487,0,coinbase
1643846400,2683.09,2729.01,2572.66,2697.59,2666.42,197429.85205996,0,coinbase
1643932800,2697.59,2999.0,2672.84,2998.19,2890.01,275254.72885163,0,coinbase
1644019200,2997.63,3063.48,2957.98,3014.5,3011.986666666666,159547.93620619,0,coinbase
1644105600,3014.83,3076.25,2950.26,3058.22,3028.2433333333333,80118.01843273,0,coinbase
1644192000,3058.21,3199.08,2995.22,3141.89,3112.063333333333,232464.2844524,0,coinbase
1644278400,3141.84,3234.67,3027.56,3119.57,3127.2666666666664,215565.05621758,0,coinbase
1644364800,3119.91,3274.0,3057.16,3246.22,3192.4599999999996,159305.14378693,0,coinbase
1644451200,3246.28,3284.75,3057.81,3074.85,3139.1366666666668,221267.33665333,0,coinbase
1644537600,3074.84,3140.86,2879.34,2929.08,2983.0933333333337,268537.66433701,0,coinbase
1644624000,2929.09,2987.62,2857.11,2919.99,2921.5733333333333,113168.17322545,0,coinbase
1644710400,2919.86,2955.65,2836.47,2872.84,2888.3199999999997,82968.08334438,0,coinbase
1644796800,2872.83,2966.53,2830.01,2931.01,2909.183333333334,176105.13710553,0,coinbase
1644883200,2931.17,3199.0,2911.87,3186.24,3099.036666666667,180355.80323661,0,coinbase
1644969600,3186.24,3190.0,3043.41,3124.45,3119.286666666667,148463.93058713,0,coinbase
1645056000,3124.44,3162.35,2853.0,2893.56,2969.6366666666668,210090.91381776,0,coinbase
1645142400,2894.52,2945.98,2752.67,2780.08,2826.2433333333333,197402.29756962,0,coinbase
1645228800,2780.05,2833.3,2696.39,2764.44,2764.7100000000005,111215.14420451,0,coinbase
1645315200,2764.53,2765.24,2575.75,2622.47,2654.486666666666,165033.10298905,0,coinbase
1645401600,2622.47,2760.71,2559.77,2569.0,2629.8266666666664,235808.75914421,0,coinbase
1645488000,2569.6,2667.28,2500.74,2637.98,2602.0,241082.81650581,0,coinbase
1645574400,2638.2,2756.9,2576.69,2580.97,2638.1866666666665,189232.9352146,0,coinbase
1645660800,2580.54,2750.0,2300.0,2597.42,2549.14,495732.46045534,0,coinbase
1645747200,2597.39,2837.23,2572.23,2769.52,2726.3266666666664,232940.26531533,0,coinbase
1645833600,2769.24,2880.0,2728.53,2780.71,2796.413333333334,118737.45939774,0,coinbase
1645920000,2780.76,2836.26,2558.48,2618.01,2670.9166666666665,193491.83696032,0,coinbase
1646006400,2617.79,2960.25,2570.0,2923.08,2817.7766666666666,273216.3610563,0,coinbase
1646092800,2922.87,3040.7,2855.29,2977.72,2957.903333333333,249644.25411598,0,coinbase
1646179200,2977.72,3045.0,2914.9,2948.56,2969.486666666666,231625.47605833,0,coinbase
1646265600,2948.58,2972.07,2785.01,2833.66,2863.58,191801.94423344,0,coinbase
1646352000,2833.71,2835.95,2575.0,2623.07,2678.0066666666667,264628.67091773,0,coinbase
1646438400,2623.08,2685.93,2589.93,2665.77,2647.2099999999996,74795.81490054,0,coinbase
1646524800,2665.94,2677.0,2536.4,2550.77,2588.056666666667,81556.05091403,0,coinbase
1646611200,2550.46,2649.81,2445.0,2491.58,2528.7966666666666,209566.73792961,0,coinbase
1646697600,2491.29,2626.16,2480.33,2576.72,2561.0699999999997,192900.83723166,0,coinbase
1646784000,2577.11,2774.26,2567.98,2727.6,2689.9466666666667,178230.29132363,0,coinbase
1646870400,2727.86,2734.33,2553.42,2608.22,2631.99,181463.07885867,0,coinbase
1646956800,2608.46,2679.56,2523.28,2556.42,2586.42,155353.98026641,0,coinbase
1647043200,2556.39,2617.83,2552.52,2569.3,2579.8833333333337,56451.09317314,0,coinbase
1647129600,2569.09,2603.56,2492.98,2516.41,2537.65,71303.49491982,0,coinbase
1647216000,2516.42,2609.56,2499.0,2590.23,2566.263333333333,133881.30167965,0,coinbase
1647302400,2590.12,2670.53,2508.05,2619.15,2599.2433333333333,161601.50858275,0,coinbase
1647388800,2619.01,2789.58,2604.32,2774.89,2722.93,211196.06612638,0,coinbase
1647475200,2775.16,2839.59,2747.77,2814.67,2800.6766666666667,228315.81827779,0,coinbase
1647561600,2814.62,2987.0,2768.25,2939.17,2898.14,226096.28101747,0,coinbase
1647648000,2939.18,2988.89,2895.37,2952.16,2945.4733333333334,101087.67252083,0,coinbase
1647734400,2952.35,2965.94,2819.18,2862.44,2882.52,103674.36633811,0,coinbase
1647820800,2862.44,2965.26,2832.97,2891.08,2896.4366666666665,148907.41126764,0,coinbase
1647907200,2890.78,3053.98,2887.79,2970.51,2970.76,192172.55035781,0,coinbase
1647993600,2970.51,3046.99,2920.64,3038.93,3002.1866666666665,212170.39198444,0,coinbase
1648080000,3037.82,3130.41,3003.51,3112.52,3082.146666666667,248655.86785905,0,coinbase
1648166400,3112.95,3195.0,3076.18,3104.15,3125.11,220943.39724511,0,coinbase
1648252800,3103.91,3154.47,3086.2,3146.22,3128.963333333333,69714.86952634,0,coinbase
1648339200,3146.33,3299.99,3127.74,3296.29,3241.34,122475.83176341,0,coinbase
1648425600,3296.24,3437.24,3275.57,3334.47,3349.093333333333,237110.16743972,0,coinbase
1648512000,3334.19,3483.87,3331.23,3401.71,3405.603333333334,174573.96933975,0,coinbase
1648598400,3401.7,3448.62,3333.87,3386.68,3389.7233333333334,135283.45551922,0,coinbase
1648684800,3386.69,3447.03,3260.99,3283.08,3330.366666666667,168597.71177893,0,coinbase
1648771200,3283.08,3482.42,3211.66,3456.48,3383.52,213450.79609118,0,coinbase
1648857600,3456.25,3532.85,3433.31,3445.38,3470.513333333334,117055.44343232,0,coinbase
1648944000,3445.25,3581.6,3413.66,3522.78,3506.013333333334,100873.78414588,0,coinbase
1649030400,3522.51,3548.51,3405.79,3520.66,3491.653333333333,155953.23125025,0,coinbase
1649116800,3520.5,3555.48,3395.8,3407.0,3452.76,166478.13322904,0,coinbase
1649203200,3406.99,3408.0,3161.64,3168.52,3246.0533333333333,311364.33037265,0,coinbase
1649289600,3168.1,3269.56,3143.07,3227.56,3213.396666666667,157725.46332848,0,coinbase
1649376000,3227.26,3313.79,3173.48,3192.54,3226.603333333334,137312.60396565,0,coinbase
1649462400,3192.54,3269.74,3181.8,3258.99,3236.843333333333,48962.32688662,0,coinbase
1649548800,3259.45,3309.28,3189.92,3203.05,3234.0833333333335,58700.63987676,0,coinbase
1649635200,3203.05,3214.88,2950.0,2979.55,3048.1433333333334,238180.41734881,0,coinbase
1649721600,2979.32,3089.87,2950.35,3027.82,3022.68,201291.80136702,0,coinbase
1649808000,3028.27,3129.92,2997.5,3119.0,3082.14,135126.03200322,0,coinbase
1649894400,3119.01,3145.19,2976.0,3021.78,3047.656666666667,131077.99214911,0,coinbase
1649980800,3021.68,3058.99,2993.29,3040.19,3030.8233333333333,75091.03161864,0,coinbase
1650067200,3040.41,3086.83,3010.67,3060.35,3052.616666666667,46446.22013313,0,coinbase
1650153600,3060.35,3082.96,2981.52,2988.4,3017.6266666666666,67328.66942615,0,coinbase
1650240000,2988.09,3071.26,2880.0,3056.19,3002.4833333333336,165766.83949602,0,coinbase
1650326400,3055.86,3132.47,3029.58,3102.26,3088.103333333333,117657.24244335,0,coinbase
1650412800,3102.44,3169.29,3032.72,3077.06,3093.023333333333,117310.39372033,0,coinbase
1650499200,3077.16,3179.74,2940.0,2983.94,3034.56,173634.26729666,0,coinbase
1650585600,2983.72,3033.76,2933.13,2963.05,2976.646666666667,147896.5340014,0,coinbase
1650672000,2963.03,2979.57,2917.34,2933.44,2943.4500000000003,50757.61746238,0,coinbase
1650758400,2933.45,2968.31,2911.9,2921.96,2934.056666666667,47964.59818886,0,coinbase
1650844800,2921.7,3026.93,2797.51,3007.22,2943.8866666666668,231201.08128973,0,coinbase
1650931200,3007.24,3038.6,2766.77,2809.26,2871.5433333333335,191167.43185373,0,coinbase
1651017600,2809.5,2920.0,2794.23,2889.78,2868.0033333333336,172782.71761809,0,coinbase
1651104000,2889.78,2980.36,2853.83,2935.91,2923.366666666667,167061.01272126,0,coinbase
1651190400,2935.97,2946.68,2775.51,2816.94,2846.376666666667,204389.17477782,0,coinbase
1651276800,2816.77,2842.08,2716.4,2726.59,2761.69,98131.72028071,0,coinbase
1651363200,2726.37,2849.0,2716.79,2824.86,2796.883333333333,98806.09499191,0,coinbase
1651449600,2824.79,2883.0,2776.26,2856.21,2838.4900000000002,205159.66957242,0,coinbase
1651536000,2856.3,2861.73,2753.66,2780.34,2798.5766666666664,156812.90555596,0,coinbase
1651622400,2780.35,2969.86,2770.02,2939.98,2893.286666666667,173451.30953603,0,coinbase
1651708800,2939.98,2953.73,2687.88,2747.43,2796.346666666667,194599.9120659,0,coinbase
1651795200,2747.46,2757.78,2631.97,2691.72,2693.8233333333333,184926.26187383,0,coinbase
1651881600,2691.89,2703.61,2585.79,2634.8,2641.4,75304.26885485,0,coinbase
1651968000,2634.57,2641.4,2482.0,2519.1,2547.5,136224.22284735,0,coinbase
1652054400,2518.82,2529.47,2222.22,2228.5,2326.73,470978.69055761,0,coinbase
1652140800,2227.74,2458.09,2198.24,2340.51,2332.28,464832.53812722,0,coinbase
1652227200,2340.66,2451.12,2000.0,2075.93,2175.683333333333,562341.54813863,0,coinbase
1652313600,2075.55,2188.14,1701.0,1954.39,1947.8433333333332,803672.07576455,0,coinbase
1652400000,1954.27,2145.56,1934.61,2005.48,2028.55,336488.21225639,0,coinbase
1652486400,2005.69,2066.4,1941.57,2053.33,2020.4333333333334,118520.23264436,0,coinbase
1652572800,2053.43,2164.17,1997.44,2142.69,2101.433333333334,100927.05806766,0,coinbase
1652659200,2142.74,2142.82,1976.22,2020.58,2046.54,188600.42878138,0,coinbase
1652745600,2020.57,2120.0,2005.0,2088.96,2071.32,153232.48671811,0,coinbase
1652832000,2088.95,2108.8,1905.24,1911.98,1975.3400000000001,180708.34004634,0,coinbase
1652918400,1912.04,2039.52,1900.1,2017.57,1985.7299999999998,206357.25885445,0,coinbase
1653004800,2017.36,2062.45,1919.56,1956.58,1979.53,197708.34053418,0,coinbase
1653091200,1956.57,1988.3,1935.0,1972.64,1965.3133333333335,54572.49166422,0,coinbase
1653177600,1972.64,2054.01,1963.4,2040.92,2019.4433333333334,81822.31011257,0,coinbase
1653264000,2040.91,2087.6,1954.4,1971.06,2004.3533333333332,202518.25742473,0,coinbase
1653350400,1970.85,1991.51,1909.51,1978.15,1959.7233333333334,163986.41926361,0,coinbase
1653436800,1977.94,2020.0,1932.12,1940.83,1964.3166666666666,164438.55615099,0,coinbase
1653523200,1940.48,1963.68,1734.5,1790.65,1829.61,289942.90063136,0,coinbase
1653609600,1790.08,1820.84,1702.53,1724.83,1749.3999999999999,341796.6398698,0,coinbase
1653696000,1724.8,1807.68,1719.76,1790.23,1772.5566666666666,107501.25754592,0,coinbase
1653782400,1790.22,1825.22,1760.32,1811.1,1798.8799999999999,84009.43387178,0,coinbase
1653868800,1811.27,2013.0,1801.21,1998.3,1937.5033333333333,218864.05954827,0,coinbase
1653955200,1998.29,2015.54,1924.17,1940.59,1960.1000000000001,242245.22269345,0,coinbase
1654041600,1940.49,1972.5,1761.59,1816.05,1850.0466666666669,266690.7084996,0,coinbase
1654128000,1816.06,1852.01,1780.0,1832.45,1821.4866666666667,174506.82421008,0,coinbase
1654214400,1832.62,1842.43,1735.79,1773.25,1783.8233333333335,190669.34154148,0,coinbase
1654300800,1773.11,1814.4,1746.6,1803.35,1788.1166666666668,64987.78039249,0,coinbase
1654387200,1803.47,1829.16,1771.77,1804.7,1801.8766666666668,59938.51406164,0,coinbase
1654473600,1804.78,1918.47,1802.52,1858.21,1859.7333333333333,184600.86286202,0,coinbase
1654560000,1858.44,1872.82,1725.0,1811.89,1803.2366666666667,212923.71432914,0,coinbase
1654646400,1812.17,1838.0,1763.69,1790.72,1797.47,170731.58092776,0,coinbase
1654732800,1790.63,1832.31,1775.67,1787.55,1798.51,124180.46274382,0,coinbase
1654819200,1787.44,1802.85,1654.15,1660.78,1705.9266666666665,236039.72064137,0,coinbase
1654905600,1660.77,1680.43,1499.79,1531.09,1570.4366666666667,295048.58494874,0,coinbase
1654992000,1531.23,1545.5,1423.0,1433.19,1467.2300000000002,308514.54263385,0,coinbase
1655078400,1432.97,1452.97,1163.31,1207.82,1274.6999999999998,954717.177807,0,coinbase
1655164800,1207.9,1266.34,1074.64,1207.58,1182.8533333333332,681419.51063789,0,coinbase
1655251200,1207.58,1247.0,1012.72,1236.45,1165.39,827548.41393819,0,coinbase
1655337600,1236.45,1257.04,1050.39,1066.87,1124.7666666666667,411463.97783225,0,coinbase
1655424000,1067.07,1117.43,1049.19,1085.76,1084.1266666666668,323648.95266925,0,coinbase
1655510400,1085.65,1096.64,879.8,993.64,990.0266666666666,581590.08416866,0,coinbase
1655596800,993.64,1156.99,933.6,1126.9,1072.4966666666667,435976.06851744,0,coinbase
1655683200,1126.97,1168.18,1051.3,1126.84,1115.4399999999998,314649.45956811,0,coinbase
1655769600,1127.04,1193.0,1107.87,1124.85,1141.9066666666665,303835.07141015,0,coinbase
1655856000,1124.9,1126.44,1042.36,1048.96,1072.5866666666668,270475.56973113,0,coinbase
1655942400,1048.93,1153.01,1043.68,1144.0,1113.5633333333333,250147.3059031,0,coinbase
1656028800,1144.01,1244.78,1131.02,1224.47,1200.0900000000001,252255.18809433,0,coinbase
1656115200,1224.26,1255.0,1178.77,1241.33,1225.0333333333333,152145.87815948,0,coinbase
1656201600,1241.14,1280.0,1194.01,1197.13,1223.7133333333334,151784.21006562,0,coinbase
1656288000,1196.99,1237.83,1171.88,1191.27,1200.3266666666666,196439.99342204,0,coinbase
1656374400,1191.27,1236.21,1134.9,1142.65,1171.2533333333333,217739.97338483,0,coinbase
1656460800,1142.47,1155.21,1085.41,1099.15,1113.2566666666667,287668.03810615,0,coinbase
1656547200,1099.09,1105.61,997.02,1070.08,1057.57,338995.29713713,0,coinbase
1656633600,1070.08,1115.0,1031.86,1057.57,1068.1433333333332,324097.48129585,0,coinbase
1656720000,1058.3,1077.5,1025.95,1065.61,1056.3533333333332,114219.74455559,0,coinbase
1656806400,1065.58,1087.33,1039.55,1072.88,1066.5866666666668,110714.6004927,0,coinbase
1656892800,1072.9,1160.0,1043.47,1149.98,1117.8166666666668,205563.79288557,0,coinbase
1656979200,1149.98,1172.38,1075.7,1131.26,1126.4466666666667,267186.05683546,0,coinbase
1657065600,1131.16,1203.2,1110.56,1185.61,1166.4566666666667,284112.14163333,0,coinbase
1657152000,1185.61,1254.04,1162.32,1237.13,1217.83,347073.16202279,0,coinbase
1657238400,1237.55,1275.51,1192.16,1213.19,1226.9533333333334,321436.46883666,0,coinbase
1657324800,1213.38,1233.54,1203.7,1216.78,1218.0066666666664,94148.28233858,0,coinbase
1657411200,1216.78,1219.41,1153.15,1167.68,1180.0800000000002,110105.33274633,0,coinbase
1657497600,1167.66,1170.47,1079.8,1095.56,1115.2766666666666,229708.48705223,0,coinbase
1657584000,1095.48,1097.35,1031.92,1037.34,1055.5366666666666,334310.07377997,0,coinbase
1657670400,1037.5,1118.0,1005.25,1114.26,1079.17,448221.83579622,0,coinbase
1657756800,1114.06,1213.26,1071.1,1192.7,1159.0199999999998,340272.00761286,0,coinbase
1657843200,1192.67,1288.88,1180.16,1231.1,1233.3799999999999,439762.06228135,0,coinbase
1657929600,1231.07,1423.31,1190.9,1355.7,1323.3033333333333,281556.54770912,0,coinbase
1658016000,1355.5,1386.55,1318.79,1338.2,1347.8466666666666,287292.9117132,0,coinbase
1658102400,1338.03,1597.58,1335.35,1581.34,1504.7566666666664,586368.76273009,0,coinbase
1658188800,1581.09,1631.32,1492.66,1542.63,1555.5366666666669,531595.12469671,0,coinbase
1658275200,1542.6,1621.44,1485.17,1522.12,1542.9099999999999,399979.02882551,0,coinbase
1658361600,1521.88,1606.42,1463.26,1575.68,1548.4533333333336,333578.08401554,0,coinbase
1658448000,1575.44,1646.13,1516.75,1535.84,1566.24,301049.38716503,0,coinbase
1658534400,1535.68,1596.87,1487.14,1549.15,1544.3866666666665,179754.71211316,0,coinbase
1658620800,1549.16,1664.41,1546.7,1597.72,1602.9433333333334,181245.88687987,0,coinbase
1658707200,1598.12,1610.0,1433.91,1440.75,1494.8866666666665,309771.90005337,0,coinbase
1658793600,1440.63,1454.56,1356.3,1449.63,1420.1633333333332,283778.37687636,0,coinbase
1658880000,1449.6,1645.46,1420.66,1636.4,1567.506666666667,388150.08353335,0,coinbase
1658966400,1636.53,1792.55,1592.36,1725.19,1703.3666666666668,446776.87871545,0,coinbase
1659052800,1725.19,1766.56,1655.47,1722.25,1714.76,311510.53584064,0,coinbase
1659139200,1722.46,1745.05,1674.05,1698.01,1705.7033333333331,180720.73885884,0,coinbase
1659225600,1698.02,1754.25,1667.7,1679.31,1700.42,130340.37729581,0,coinbase
1659312000,1679.31,1705.0,1606.9,1630.82,1647.5733333333335,180669.82560511,0,coinbase
1659398400,1630.81,1679.28,1560.0,1631.28,1623.5199999999998,246683.06058859,0,coinbase
1659484800,1631.1,1685.87,1590.0,1618.82,1631.5633333333333,328786.47691824,0,coinbase
1659571200,1618.78,1663.35,1580.5,1608.16,1617.3366666666668,323547.74502974,0,coinbase
1659657600,1608.16,1742.52,1605.55,1736.79,1694.9533333333331,415383.76775755,0,coinbase
1659744000,1737.12,1750.0,1685.99,1690.81,1708.9333333333332,206524.40782357,0,coinbase
1659830400,1691.18,1730.26,1668.87,1700.42,1699.8500000000001,177400.97769802,0,coinbase
1659916800,1700.52,1818.25,1693.41,1777.36,1763.0066666666664,345585.00729302,0,coinbase
1660003200,1777.36,1791.33,1668.8,1703.35,1721.1599999999999,353991.64333061,0,coinbase
1660089600,1703.35,1886.36,1656.0,1854.12,1798.8266666666666,491866.38496074,0,coinbase
1660176000,1854.42,1946.21,1850.95,1881.04,1892.7333333333333,451248.19043761,0,coinbase
1660262400,1880.96,1966.89,1850.51,1959.91,1925.7700000000002,301803.38654781,0,coinbase
1660348800,1959.94,2020.73,1947.19,1984.75,1984.2233333333334,282479.09097599,0,coinbase
1660435200,1984.72,2031.39,1906.51,1935.85,1957.9166666666667,263413.87030944,0,coinbase
1660521600,1936.0,2013.47,1866.51,1899.39,1926.4566666666667,473905.07822533,0,coinbase
1660608000,1899.05,1915.51,1852.85,1876.57,1881.6433333333332,362478.81254801,0,coinbase
1660694400,1877.06,1957.59,1815.0,1834.61,1869.0666666666666,450374.826949,0,coinbase
1660780800,1834.52,1883.35,1821.02,1845.9,1850.0900000000001,270253.66533006,0,coinbase
1660867200,1846.15,1848.29,1602.28,1608.72,1686.43,731158.98936189,0,coinbase
1660953600,1608.64,1658.14,1523.54,1575.76,1585.8133333333335,450361.01659576,0,coinbase
1661040000,1575.76,1646.69,1562.27,1617.84,1608.9333333333334,397164.81880075,0,coinbase
1661126400,1617.88,1629.61,1528.93,1624.78,1594.4399999999998,518834.55819815,0,coinbase
1661212800,1624.89,1674.12,1563.29,1665.93,1634.4466666666667,445250.58071281,0,coinbase
1661299200,1665.95,1694.89,1604.6,1656.74,1652.0766666666666,508562.94204632,0,coinbase
1661385600,1656.54,1722.18,1653.57,1695.27,1690.3400000000001,300950.83219719,0,coinbase
1661472000,1695.16,1706.41,1485.94,1508.02,1566.7900000000002,570455.80622658,0,coinbase
1661558400,1508.04,1519.11,1446.62,1491.22,1485.6499999999999,368067.50483068,0,coinbase
1661644800,1490.87,1511.12,1423.85,1426.63,1453.8666666666668,292543.93479078,0,coinbase
1661731200,1426.29,1560.37,1420.74,1551.65,1510.92,488169.79068986,0,coinbase
1661817600,1551.51,1606.34,1474.14,1524.81,1535.0966666666666,544379.70835677,0,coinbase
1661904000,1524.61,1619.99,1524.12,1554.0,1566.0366666666666,511240.91582582,0,coinbase
1661990400,1554.25,1599.51,1512.83,1586.23,1566.1899999999998,327753.13141002,0,coinbase
1662076800,1586.1,1650.0,1546.2,1575.69,1590.6299999999999,321184.07570982,0,coinbase
1662163200,1575.81,1582.69,1534.54,1557.7,1558.3100000000002,129300.81242992,0,coinbase
1662249600,1557.55,1583.52,1540.59,1579.04,1567.7166666666665,100143.24859449,0,coinbase
1662336000,1578.97,1631.44,1557.04,1618.01,1602.1633333333332,183163.38342493,0,coinbase
1662422400,1617.87,1686.82,1554.03,1559.28,1600.0433333333333,440790.49644997,0,coinbase
1662508800,1558.92,1657.68,1489.98,1629.92,1592.5266666666666,335894.82441078,0,coinbase
1662595200,1629.61,1664.52,1594.31,1635.73,1631.5199999999998,321019.10969844,0,coinbase
1662681600,1635.72,1746.87,1630.51,1719.21,1698.8633333333335,343757.70988125,0,coinbase
1662768000,1719.38,1789.86,1706.94,1774.69,1757.1633333333332,175467.88521982,0,coinbase
1662854400,1774.73,1789.98,1719.01,1766.95,1758.6466666666665,153045.89168193,0,coinbase
1662940800,1766.97,1783.56,1692.45,1716.71,1730.9066666666668,257983.67681215,0,coinbase
1663027200,1716.65,1761.04,1561.06,1574.71,1632.2699999999998,456961.84966513,0,coinbase
1663113600,1574.4,1649.44,1552.88,1639.14,1613.82,311641.00945194,0,coinbase
1663200000,1639.12,1655.55,1457.69,1472.68,1528.64,415068.57662522,0,coinbase
1663286400,1472.85,1483.21,1404.31,1433.73,1440.4166666666667,391498.26827311,0,coinbase
1663372800,1433.64,1476.22,1408.79,1468.97,1451.3266666666668,193158.36959142,0,coinbase
1663459200,1468.9,1470.15,1325.48,1334.72,1376.7833333333335,310480.68847119,0,coinbase
1663545600,1334.71,1392.94,1279.0,1376.17,1349.3700000000001,381868.12870185,0,coinbase
1663632000,1376.23,1385.0,1312.4,1322.8,1340.0666666666666,419548.01749631,0,coinbase
1663718400,1322.74,1412.0,1220.0,1245.65,1292.55,569985.27204919,0,coinbase
1663804800,1245.36,1348.87,1237.0,1326.43,1304.1000000000001,563572.08233165,0,coinbase
1663891200,1326.14,1359.99,1261.9,1326.82,1316.2366666666667,519153.45184389,0,coinbase
1663977600,1327.24,1349.31,1306.29,1317.25,1324.2833333333333,206779.39938562,0,coinbase
1664064000,1317.49,1337.26,1269.41,1294.63,1300.4333333333334,185703.74947364,0,coinbase
1664150400,1294.65,1341.0,1278.24,1336.61,1318.6166666666666,416561.97805353,0,coinbase
1664236800,1336.45,1400.51,1303.66,1327.92,1344.03,457125.64604668,0,coinbase
1664323200,1327.87,1355.34,1253.65,1336.93,1315.3066666666666,488408.68270425,0,coinbase
1664409600,1336.92,1351.85,1288.12,1336.02,1325.33,409208.96175042,0,coinbase
1664496000,1336.04,1373.46,1315.0,1328.95,1339.1366666666665,423994.58067369,0,coinbase
1664582400,1328.74,1333.99,1302.65,1311.76,1316.1333333333334,98845.97328111,0,coinbase
1664668800,1311.79,1318.0,1269.69,1277.02,1288.2366666666667,150803.12600735,0,coinbase
1664755200,1276.84,1330.24,1262.45,1323.31,1305.3333333333333,341841.34001978,0,coinbase
1664841600,1323.44,1370.43,1318.82,1362.06,1350.4366666666667,265741.94725719,0,coinbase
1664928000,1362.1,1364.93,1316.54,1352.48,1344.65,297201.24863549,0,coinbase
1665014400,1352.37,1384.41,1345.0,1352.24,1360.55,437205.23026817,0,coinbase
1665100800,1352.18,1362.14,1317.54,1331.14,1336.9400000000003,268128.07428348,0,coinbase
1665187200,1331.12,1337.61,1303.76,1315.71,1319.0266666666666,85052.24063383,0,coinbase
1665273600,1315.71,1329.33,1307.21,1323.41,1319.9833333333333,98670.85008504,0,coinbase
1665360000,1323.27,1338.41,1287.66,1290.06,1305.3766666666668,248135.48630736,0,coinbase
1665446400,1289.94,1297.95,1267.0,1279.94,1281.6299999999999,361513.38640616,0,coinbase
1665532800,1279.87,1306.72,1274.73,1294.33,1291.9266666666665,257271.51091194,0,coinbase
1665619200,1294.21,1301.85,1190.0,1286.96,1259.6033333333332,533160.99117969,0,coinbase
1665705600,1286.89,1344.4,1283.26,1296.36,1308.0066666666664,483178.87927368,0,coinbase
1665792000,1296.42,1302.14,1263.6,1275.09,1280.2766666666666,146252.46427666,0,coinbase
1665878400,1275.16,1315.62,1274.61,1306.04,1298.7566666666664,160206.63331032,0,coinbase
1665964800,1305.89,1338.69,1295.36,1331.49,1321.8466666666666,274413.38632897,0,coinbase
1666051200,1331.57,1342.28,1286.67,1310.78,1313.243333333333,375586.2181984,0,coinbase
1666137600,1310.79,1313.8,1280.02,1284.76,1292.86,249903.49640293,0,coinbase
1666224000,1284.92,1311.1,1270.34,1282.6,1288.013333333333,310500.82723664,0,coinbase
1666310400,1282.59,1307.18,1254.0,1299.83,1287.0033333333333,307346.53371619,0,coinbase
1666396800,1299.94,1320.56,1294.17,1313.88,1309.5366666666666,98142.700874,0,coinbase
1666483200,1313.82,1370.66,1299.47,1364.06,1344.73,182202.51780535,0,coinbase
1666569600,1363.93,1370.9,1324.04,1343.71,1346.2166666666667,330219.49579837,0,coinbase
1666656000,1343.74,1525.38,1335.12,1460.34,1440.28,738604.66673918,0,coinbase
1666742400,1460.34,1595.44,1457.41,1566.37,1539.74,867339.4350063,0,coinbase
1666828800,1566.46,1580.0,1502.8,1514.09,1532.2966666666669,768442.493559,0,coinbase
1666915200,1514.2,1577.89,1479.41,1554.83,1537.3766666666668,517416.22097988,0,coinbase
1667001600,1554.81,1664.29,1547.79,1620.09,1610.7233333333334,371454.96971093,0,coinbase
1667088000,1620.18,1640.41,1576.24,1590.89,1602.5133333333333,262404.11149452,0,coinbase
1667174400,1590.88,1635.7,1546.31,1572.67,1584.8933333333334,442623.55124963,0,coinbase
1667260800,1572.58,1612.74,1563.05,1578.24,1584.6766666666665,338781.998348,0,coinbase
1667347200,1578.35,1622.24,1502.0,1518.04,1547.4266666666665,597803.71672197,0,coinbase
1667433600,1518.15,1558.95,1515.0,1530.81,1534.92,417983.19723455,0,coinbase
1667520000,1530.81,1677.0,1528.01,1644.61,1616.54,595048.87785607,0,coinbase
1667606400,1644.84,1667.03,1621.05,1627.0,1638.36,191562.15441931,0,coinbase
1667692800,1627.17,1638.72,1564.17,1568.34,1590.41,206626.51589598,0,coinbase
1667779200,1568.27,1608.66,1545.97,1568.34,1574.3233333333335,420305.13392561,0,coinbase
1667865600,1568.45,1580.0,1227.4,1334.25,1380.55,1191644.98913668,0,coinbase
1667952000,1333.97,1337.49,1071.11,1099.9,1169.5,1483345.10339453,0,coinbase
1668038400,1099.9,1347.62,1083.95,1295.36,1242.3099999999997,898160.51223308,0,coinbase
1668124800,1295.55,1307.36,1197.9,1285.29,1263.5166666666667,807406.05368993,0,coinbase
1668211200,1285.57,1289.16,1235.53,1255.14,1259.9433333333334,252702.81256691,0,coinbase
1668297600,1254.98,1272.0,1198.99,1219.43,1230.14,245429.7415013,0,coinbase
1668384000,1219.4,1289.17,1169.4,1241.56,1233.3766666666668,524054.26384295,0,coinbase
1668470400,1241.58,1289.78,1232.56,1251.74,1258.0266666666666,417549.56093034,0,coinbase
1668556800,1251.95,1266.99,1185.2,1215.21,1222.4666666666667,430253.13724259,0,coinbase
1668643200,1215.2,1227.34,1181.02,1199.44,1202.6,347569.96062493,0,coinbase
1668729600,1199.39,1232.37,1198.01,1210.93,1213.7700000000002,276244.25355508,0,coinbase
1668816000,1210.73,1231.62,1196.27,1216.12,1214.6699999999998,154207.57456321,0,coinbase
1668902400,1216.31,1225.26,1130.2,1140.07,1165.1766666666665,309725.68130629,0,coinbase
1668988800,1140.04,1145.0,1080.0,1105.91,1110.3033333333333,645537.15248314,0,coinbase
1669075200,1105.68,1141.26,1073.42,1138.17,1117.6166666666668,571006.86329332,0,coinbase
1669161600,1138.25,1189.51,1126.22,1183.53,1166.42,488293.70716425,0,coinbase
1669248000,1183.55,1216.1,1179.1,1202.81,1199.3366666666666,347857.6927724,0,coinbase
1669334400,1202.78,1206.84,1170.17,1198.66,1191.89,255469.51018685,0,coinbase
1669420800,1198.65,1234.97,1195.54,1204.8,1211.7700000000002,194599.63009605,0,coinbase
1669507200,1204.89,1222.81,1188.31,1193.3,1201.4733333333334,160395.219962,0,coinbase
1669593600,1193.46,1198.87,1150.09,1167.24,1172.0666666666666,336303.06814697,0,coinbase
1669680000,1167.22,1227.08,1157.37,1215.91,1200.12,334230.25859657,0,coinbase
1669766400,1216.04,1311.76,1212.0,1294.77,1272.8433333333335,513868.94915466,0,coinbase
1669852800,1294.68,1302.0,1262.85,1276.48,1280.4433333333334,341051.44664941,0,coinbase
1669939200,1276.48,1297.57,1265.56,1295.63,1286.2533333333333,312335.42943569,0,coinbase
1670025600,1295.63,1308.89,1236.42,1240.91,1262.0733333333335,233057.32789248,0,coinbase
1670112000,1240.91,1287.44,1240.27,1279.68,1269.13,195680.27732029,0,coinbase
1670198400,1279.67,1305.75,1246.73,1259.23,1270.57,334071.84681319,0,coinbase
1670284800,1259.32,1274.57,1241.83,1271.19,1262.53,310591.43275838,0,coinbase
1670371200,1271.36,1277.49,1215.0,1231.56,1241.35,294892.06525655,0,coinbase
1670457600,1231.49,1292.58,1221.72,1280.33,1264.8766666666668,305010.10153789,0,coinbase
1670544000,1280.15,1296.55,1255.61,1262.95,1271.7033333333331,268613.51750162,0,coinbase
1670630400,1262.75,1283.4,1259.59,1266.45,1269.8133333333333,127080.35178923,0,coinbase
1670716800,1266.45,1284.68,1255.7,1262.92,1267.7666666666667,136453.26405627,0,coinbase
1670803200,1263.08,1279.22,1240.0,1275.72,1264.9800000000002,244239.65101571,0,coinbase
1670889600,1275.74,1351.05,1255.67,1320.47,1309.0633333333335,340963.9356146,0,coinbase
1670976000,1320.47,1351.87,1300.85,1307.47,1320.0633333333333,490007.78017941,0,coinbase
1671062400,1307.42,1311.5,1259.37,1266.48,1279.1166666666666,394788.38073718,0,coinbase
1671148800,1266.48,1279.99,1155.55,1166.98,1200.84,529307.05569583,0,coinbase
1671235200,1166.98,1190.0,1161.83,1187.06,1179.6299999999999,227688.40724908,0,coinbase
1671321600,1187.17,1196.6,1172.43,1183.32,1184.1166666666666,174291.58481891,0,coinbase
1671408000,1183.37,1195.34,1150.34,1167.6,1171.0933333333332,324622.25840589,0,coinbase
1671494400,1167.59,1231.28,1163.02,1216.69,1203.6633333333334,341462.57912696,0,coinbase
1671580800,1216.76,1222.99,1203.06,1213.7,1213.25,237732.89806607,0,coinbase
1671667200,1213.7,1238.76,1182.43,1217.5,1212.8966666666668,316565.60833412,0,coinbase
1671753600,1217.48,1231.7,1210.6,1219.92,1220.74,287942.04914518,0,coinbase
1671840000,1219.99,1227.47,1213.7,1220.51,1220.5600000000002,135682.63966273,0,coinbase
1671926400,1220.49,1224.1,1193.17,1218.37,1211.8799999999999,167839.6524151,0,coinbase
1672012800,1218.41,1230.92,1209.0,1227.58,1222.5,133431.00775547,0,coinbase
1672099200,1227.66,1233.75,1199.58,1210.99,1214.7733333333333,214552.81999638,0,coinbase
1672185600,1211.06,1215.38,1180.04,1189.24,1194.8866666666665,301571.06009872,0,coinbase
1672272000,1189.33,1206.07,1186.13,1199.74,1197.3133333333333,240611.27081058,0,coinbase
1672358400,1199.73,1201.64,1180.44,1199.1,1193.7266666666667,228129.48726539,0,coinbase
1672444800,1199.19,1208.0,1191.01,1195.25,1198.0866666666668,144035.63835908,0,coinbase
1672531200,1195.25,1204.17,1190.03,1199.92,1198.04,110146.33985965,0,coinbase
1672617600,1199.97,1224.59,1192.41,1213.69,1210.23,181181.02038691,0,coinbase
1672704000,1213.77,1219.79,1204.04,1214.21,1212.68,185992.27832726,0,coinbase
1672790400,1214.21,1272.01,1212.17,1256.34,1246.8400000000001,339875.39832487,0,coinbase
1672876800,1256.35,1259.77,1239.97,1250.88,1250.2066666666667,236940.93295139,0,coinbase
1672963200,1250.87,1276.6,1234.2,1268.84,1259.88,290563.27086874,0,coinbase
1673049600,1268.94,1270.83,1260.75,1263.94,1265.1733333333334,105755.0768252,0,coinbase
1673136000,1263.84,1295.38,1257.34,1289.92,1280.88,158918.85227266,0,coinbase
1673222400,1289.73,1345.87,1285.0,1320.02,1316.9633333333334,422757.66914599,0,coinbase
1673308800,1320.0,1348.19,1316.63,1335.56,1333.46,312409.22657272,0,coinbase
1673395200,1335.69,1397.98,1319.81,1389.24,1369.01,323378.0899808,0,coinbase
1673481600,1389.21,1438.55,1361.39,1416.05,1405.33,498193.37603557,0,coinbase
1673568000,1416.05,1466.0,1400.75,1451.78,1439.51,360619.22951853,0,coinbase
1673654400,1451.7,1597.99,1449.38,1550.06,1532.4766666666667,416565.15549879,0,coinbase
1673740800,1550.06,1567.37,1516.06,1552.89,1545.4399999999998,239830.62852681,0,coinbase
1673827200,1552.83,1603.91,1521.01,1576.85,1567.256666666667,358689.23697211,0,coinbase
1673913600,1577.01,1608.65,1540.49,1565.68,1571.6066666666668,305156.24219933,0,coinbase
1674000000,1565.52,1612.66,1500.32,1510.83,1541.2699999999998,448866.83667712,0,coinbase
1674086400,1510.9,1564.61,1508.87,1550.98,1541.4866666666665,301311.86624594,0,coinbase
1674172800,1550.96,1668.0,1541.94,1658.25,1622.7300000000002,384319.56762063,0,coinbase
1674259200,1658.36,1680.0,1617.29,1626.8,1641.3633333333335,279483.48492139,0,coinbase
1674345600,1626.83,1664.42,1603.39,1627.88,1631.8966666666668,260032.85446371,0,coinbase
1674432000,1628.01,1648.56,1584.43,1626.55,1619.8466666666666,318174.33544585,0,coinbase
1674518400,1626.71,1641.72,1528.95,1556.09,1575.5866666666668,328086.36249044,0,coinbase
1674604800,1556.1,1640.92,1513.77,1612.54,1589.0766666666666,400283.96163126,0,coinbase
1674691200,1612.64,1633.55,1577.61,1601.1,1604.0866666666668,287943.16630833,0,coinbase
1674777600,1601.14,1622.32,1550.0,1598.18,1590.1666666666667,268869.68835868,0,coinbase
1674864000,1598.14,1606.99,1556.21,1572.3,1578.5,157162.92260998,0,coinbase
1674950400,1572.4,1661.0,1566.61,1644.89,1624.1666666666667,248495.16574301,0,coinbase
1675036800,1644.79,1647.73,1534.71,1566.23,1582.89,338686.64935097,0,coinbase
1675123200,1566.23,1605.01,1561.43,1585.39,1583.9433333333334,260524.32481966,0,coinbase
1675209600,1585.32,1647.75,1556.83,1642.05,1615.5433333333333,249363.55705356,0,coinbase
1675296000,1642.06,1714.83,1625.86,1643.19,1661.293333333333,247393.67193925,0,coinbase
1675382400,1643.14,1676.53,1625.0,1663.69,1655.073333333333,174700.87440617,0,coinbase
1675468800,1663.63,1695.0,1645.33,1666.83,1669.0533333333333,87920.78907165,0,coinbase
1675555200,1666.83,1673.81,1608.91,1629.37,1637.3633333333335,98366.95792608,0,coinbase
1675641600,1629.44,1658.41,1605.0,1614.5,1625.97,127337.9625051,0,coinbase
1675728000,1614.57,1678.57,1613.26,1671.28,1654.37,160326.3142596,0,coinbase
1675814400,1671.27,1699.66,1630.33,1650.65,1660.2133333333331,160919.28668196,0,coinbase
1675900800,1650.65,1656.02,1524.31,1545.54,1575.29,208804.37359024,0,coinbase
1675987200,1545.64,1554.89,1491.44,1513.04,1519.79,208821.85745678,0,coinbase
1676073600,1513.04,1543.61,1505.05,1538.86,1529.1733333333332,45695.84884336,0,coinbase
1676160000,1538.85,1548.2,1493.77,1515.25,1519.0733333333335,63658.2777464,0,coinbase
1676246400,1515.24,1526.64,1462.0,1506.29,1498.3100000000002,184081.98744754,0,coinbase
1676332800,1506.29,1569.16,1490.23,1556.67,1538.6866666666667,166683.0389409,0,coinbase
1676419200,1556.52,1682.45,1540.85,1674.88,1632.7266666666667,194454.22724882,0,coinbase
1676505600,1674.8,1742.5,1633.63,1637.83,1671.32,265109.62279703,0,coinbase
1676592000,1637.88,1722.07,1630.2,1694.37,1682.2133333333331,193779.10526277,0,coinbase
1676678400,1694.32,1713.75,1680.14,1691.82,1695.2366666666667,83934.5636202,0,coinbase
1676764800,1691.81,1727.0,1666.67,1680.23,1691.3,125069.25929165,0,coinbase
1676851200,1680.42,1720.02,1650.72,1703.63,1691.4566666666667,128111.15414263,0,coinbase
1676937600,1703.62,1716.82,1636.42,1659.76,1671.0,165366.23058318,0,coinbase
1677024000,1659.76,1667.14,1594.84,1642.95,1634.9766666666667,225280.02772351,0,coinbase
1677110400,1642.99,1679.03,1629.3,1650.62,1652.9833333333333,193711.79800745,0,coinbase
1677196800,1650.62,1664.65,1575.44,1607.57,1615.8866666666665,220198.199975,0,coinbase
1677283200,1607.64,1609.05,1557.89,1594.51,1587.1499999999999,101537.791246,0,coinbase
1677369600,1594.5,1651.6,1587.64,1641.41,1626.8833333333332,102165.02620752,0,coinbase
1677456000,1641.34,1665.29,1608.23,1633.26,1635.5933333333332,168619.95684808,0,coinbase
1677542400,1633.22,1647.6,1597.32,1605.4,1616.7733333333333,121647.07726004,0,coinbase
1677628800,1605.59,1669.9,1595.0,1665.2,1643.3666666666668,159957.7634787,0,coinbase
1677715200,1665.2,1678.14,1619.0,1647.87,1648.3366666666668,142104.54557876,0,coinbase
1677801600,1647.82,1649.28,1547.54,1569.54,1588.7866666666666,215881.09939694,0,coinbase
1677888000,1569.55,1577.6,1550.0,1566.72,1564.7733333333333,30134.44715405,0,coinbase
1677974400,1566.72,1588.35,1553.5,1564.81,1568.8866666666665,63988.35247481,0,coinbase
1678060800,1564.8,1583.19,1554.8,1565.85,1567.9466666666667,110665.70266199,0,coinbase
1678147200,1565.82,1584.23,1535.7,1561.67,1560.5333333333335,159584.17283139,0,coinbase
1678233600,1561.61,1570.77,1522.73,1532.17,1541.89,167130.97340169,0,coinbase
1678320000,1532.11,1546.09,1407.0,1437.41,1463.5,275519.01763011,0,coinbase
1678406400,1437.39,1438.7,1369.79,1432.15,1413.5466666666664,378169.2201289,0,coinbase
1678492800,1432.15,1499.0,1416.98,1483.68,1466.5533333333333,237241.39320646,0,coinbase
1678579200,1483.62,1612.0,1459.79,1592.31,1554.7,173448.47788935,0,coinbase
1678665600,1592.04,1702.6,1571.0,1681.93,1651.8433333333332,327008.79604186,0,coinbase
1678752000,1681.93,1787.74,1650.45,1704.95,1714.38,396668.70615898,0,coinbase
1678838400,1704.9,1722.79,1613.7,1656.8,1664.43,307749.31182138,0,coinbase
1678924800,1656.7,1696.0,1637.72,1677.24,1670.32,176868.38336715,0,coinbase
1679011200,1677.36,1803.73,1666.16,1793.66,1754.5166666666667,329141.08281765,0,coinbase
1679097600,1793.61,1846.0,1752.52,1763.68,1787.3999999999999,235521.57569177,0,coinbase
1679184000,1763.88,1846.77,1762.62,1786.4,1798.5966666666666,191354.71647603,0,coinbase
1679270400,1786.37,1809.1,1728.52,1739.42,1759.0133333333333,249197.06842683,0,coinbase
1679356800,1739.28,1839.99,1724.37,1807.23,1790.53,215769.94317511,0,coinbase
1679443200,1806.79,1823.8,1715.17,1739.18,1759.3833333333334,196097.23997699,0,coinbase
1679529600,1738.99,1861.67,1733.77,1817.49,1804.3100000000002,182879.51736378,0,coinbase
1679616000,1817.27,1822.55,1728.27,1751.93,1767.5833333333333,193658.46405908,0,coinbase
1679702400,1751.79,1764.93,1715.23,1743.8,1741.32,80639.99683541,0,coinbase
1679788800,1743.69,1801.02,1741.01,1775.86,1772.6299999999999,81741.29679602,0,coinbase
1679875200,1775.85,1782.19,1688.0,1716.42,1728.8700000000001,120123.69610665,0,coinbase
1679961600,1716.13,1795.54,1701.81,1773.7,1757.0166666666667,126114.46205033,0,coinbase
1680048000,1773.82,1827.7,1772.99,1793.41,1798.0333333333335,124064.2834112,0,coinbase
1680134400,1793.4,1829.82,1762.94,1793.68,1795.4800000000002,136706.00627233,0,coinbase
1680220800,1793.68,1847.12,1779.47,1822.01,1816.2,150470.34252747,0,coinbase
1680307200,1822.11,1843.0,1809.12,1821.73,1824.6166666666668,75499.214378,0,coinbase
1680393600,1821.69,1825.97,1773.25,1795.37,1798.1966666666667,53524.50081719,0,coinbase
1680480000,1795.41,1839.99,1763.58,1810.92,1804.83,156367.81692427,0,coinbase
1680566400,1810.91,1892.1,1802.76,1871.36,1855.4066666666665,160288.10821587,0,coinbase
1680652800,1871.19,1943.64,1865.24,1908.9,1905.926666666667,159154.20039336,0,coinbase
1680739200,1908.89,1910.59,1854.06,1873.29,1879.3133333333333,106044.61222348,0,coinbase
1680825600,1873.28,1883.35,1842.25,1865.02,1863.54,59267.01815764,0,coinbase
1680912000,1865.02,1880.56,1848.21,1850.06,1859.61,38479.70792157,0,coinbase
1680998400,1849.83,1874.78,1823.11,1859.84,1852.5766666666666,57884.00934696,0,coinbase
1681084800,1859.85,1920.0,1847.5,1911.23,1892.9099999999999,100746.45225435,0,coinbase
1681171200,1911.22,1938.85,1883.24,1891.82,1904.6366666666665,115741.82211523,0,coinbase
1681257600,1891.78,1934.08,1855.79,1918.91,1902.9266666666665,156466.30398029,0,coinbase
1681344000,1918.9,2025.0,1901.12,2013.98,1980.0333333333335,199544.51674204,0,coinbase
1681430400,2014.12,2131.2,2011.2,2101.85,2081.4166666666665,261883.28915686,0,coinbase
1681516800,2101.81,2112.88,2073.79,2092.45,2093.04,82555.5452833,0,coinbase
1681603200,2092.44,2142.85,2074.32,2120.07,2112.4133333333334,87897.67238295,0,coinbase
1681689600,2120.01,2122.02,2058.0,2075.63,2085.2166666666667,111821.36109573,0,coinbase
1681776000,2075.63,2125.0,2052.52,2104.61,2094.0433333333335,98463.83447004,0,coinbase
1681862400,2104.54,2105.9,1923.33,1934.8,1988.01,180156.78946917,0,coinbase
1681948800,1934.63,1983.34,1914.16,1943.16,1946.8866666666665,127783.1585988,0,coinbase
1682035200,1942.91,1956.81,1824.67,1848.16,1876.5466666666669,184098.48749579,0,coinbase
1682121600,1848.21,1887.88,1842.11,1874.48,1868.1566666666665,58568.76361222,0,coinbase
1682208000,1874.48,1882.6,1837.3,1861.9,1860.5999999999997,59392.15616391,0,coinbase
1682294400,1861.91,1890.0,1805.38,1842.17,1845.8500000000001,151059.34701623,0,coinbase
1682380800,1842.11,1878.16,1801.46,1866.23,1848.6166666666668,121957.82152629,0,coinbase
1682467200,1866.22,1965.04,1785.51,1866.73,1872.426666666667,220757.79257172,0,coinbase
1682553600,1866.73,1939.56,1862.08,1908.92,1903.5199999999998,173658.77646459,0,coinbase
1682640000,1908.92,1924.79,1875.0,1892.54,1897.4433333333334,102737.14594464,0,coinbase
1682726400,1892.43,1919.15,1884.58,1908.96,1904.2300000000002,43424.36883267,0,coinbase
1682812800,1908.96,1939.76,1866.5,1870.76,1892.3400000000001,68260.39204639,0,coinbase
1682899200,1870.67,1887.12,1805.95,1831.41,1841.493333333333,123062.84388793,0,coinbase
1682985600,1831.36,1882.55,1823.21,1871.26,1859.006666666667,96998.09681491,0,coinbase
1683072000,1871.27,1917.16,1843.52,1905.89,1888.8566666666668,104714.67015513,0,coinbase
1683158400,1905.89,1918.34,1867.71,1878.01,1888.0200000000002,69495.9189541,0,coinbase
1683244800,1878.25,2000.0,1876.36,1995.76,1957.3733333333332,181402.98639087,0,coinbase
1683331200,1995.77,2020.0,1864.06,1900.12,1928.0600000000002,112739.21557998,0,coinbase
1683417600,1900.12,1936.45,1870.61,1873.27,1893.4433333333334,74231.15468325,0,coinbase
1683504000,1873.28,1886.87,1810.0,1849.11,1848.6599999999999,168218.43505268,0,coinbase
1683590400,1849.11,1862.57,1832.0,1847.7,1847.4233333333332,93273.22792235,0,coinbase
1683676800,1847.5,1888.97,1789.75,1842.47,1840.3966666666668,176402.42399244,0,coinbase
1683763200,1842.33,1843.62,1772.26,1795.24,1803.7066666666667,133802.64396645,0,coinbase
1683849600,1795.22,1817.25,1737.76,1808.35,1787.7866666666669,138780.08409832,0,coinbase
1683936000,1808.24,1817.32,1786.44,1795.99,1799.9166666666667,51855.71796261,0,coinbase
1684022400,1796.01,1824.67,1790.49,1800.03,1805.0633333333333,46196.57094705,0,coinbase
1684108800,1800.0,1848.05,1785.52,1816.79,1816.7866666666666,117667.19574722,0,coinbase
1684195200,1816.8,1833.25,1796.86,1824.64,1818.25,82503.84666329,0,coinbase
1684281600,1824.57,1837.15,1783.59,1822.49,1814.4099999999999,94085.03920847,0,coinbase
1684368000,1822.46,1831.84,1770.88,1800.61,1801.11,80676.45327688,0,coinbase
1684454400,1800.61,1830.0,1797.08,1812.84,1813.3066666666666,64344.11418462,0,coinbase
1684540800,1812.84,1829.85,1807.26,1819.96,1819.0233333333333,33384.79974843,0,coinbase
1684627200,1819.9,1829.53,1797.19,1805.28,1810.6666666666667,33106.35974055,0,coinbase
1684713600,1805.35,1829.51,1791.99,1817.76,1813.0866666666668,65551.70673749,0,coinbase
1684800000,1817.76,1873.7,1815.59,1854.41,1847.8999999999999,86046.40887122,0,coinbase
1684886400,1854.42,1854.75,1774.56,1799.75,1809.6866666666665,91642.89182667,0,coinbase
1684972800,1799.79,1818.94,1759.45,1805.83,1794.74,83744.8701424,0,coinbase
1685059200,1805.76,1838.96,1796.75,1828.43,1821.38,69736.78276535,0,coinbase
1685145600,1828.32,1837.0,1812.92,1830.67,1826.8633333333335,28429.50747639,0,coinbase
1685232000,1830.6,1921.0,1823.86,1909.25,1884.7033333333331,81609.20883023,0,coinbase
1685318400,1909.1,1928.51,1874.14,1893.2,1898.6166666666668,91048.58194716,0,coinbase
1685404800,1893.18,1917.61,1881.93,1901.11,1900.2166666666665,96724.93469207,0,coinbase
1685491200,1901.1,1908.04,1847.61,1874.04,1876.5633333333333,93058.72475908,0,coinbase
1685577600,1874.08,1889.29,1839.72,1862.43,1863.8133333333335,96470.72304438,0,coinbase
1685664000,1862.33,1911.31,1847.66,1907.41,1888.7933333333333,87806.05449698,0,coinbase
1685750400,1907.44,1909.63,1882.42,1892.62,1894.89,33883.00307554,0,coinbase
1685836800,1892.62,1914.83,1884.72,1890.23,1896.5933333333335,32506.25336073,0,coinbase
1685923200,1890.22,1891.34,1777.25,1811.21,1826.6000000000001,133729.38796529,0,coinbase
1686009600,1811.21,1898.25,1796.52,1884.95,1859.9066666666668,117911.62779482,0,coinbase
1686096000,1884.93,1898.0,1820.0,1832.49,1850.1633333333332,126979.80361204,0,coinbase
1686182400,1832.43,1861.59,1828.63,1845.99,1845.4033333333334,53739.2409447,0,coinbase
1686268800,1846.21,1855.44,1826.92,1840.46,1840.9399999999998,61326.07108796,0,coinbase
1686355200,1840.46,1845.19,1716.24,1752.32,1771.25,180377.32723936,0,coinbase
1686441600,1752.32,1778.65,1739.0,1753.1,1756.9166666666667,67320.65838212,0,coinbase
1686528000,1753.1,1759.58,1719.74,1742.66,1740.6599999999999,104213.35741918,0,coinbase
1686614400,1742.69,1766.23,1723.68,1739.54,1743.1499999999999,112831.26060085,0,coinbase
1686700800,1739.51,1749.85,1630.0,1650.84,1676.8966666666665,124654.02551192,0,coinbase
1686787200,1650.84,1678.91,1620.15,1665.28,1654.78,137062.43019777,0,coinbase
1686873600,1665.17,1727.8,1648.29,1716.8,1697.63,88651.50050649,0,coinbase
1686960000,1716.71,1769.08,1712.96,1727.09,1736.3766666666668,45580.87620723,0,coinbase
1687046400,1727.15,1747.4,1712.61,1720.43,1726.8133333333335,37169.42339912,0,coinbase
1687132800,1720.4,1750.71,1698.53,1736.58,1728.6066666666666,64986.67973263,0,coinbase
1687219200,1736.45,1797.24,1713.79,1792.86,1767.9633333333331,131094.31127116,0,coinbase
1687305600,1792.71,1901.86,1787.4,1889.57,1859.61,205714.82101311,0,coinbase
1687392000,1889.46,1933.72,1866.57,1872.13,1890.8066666666666,136777.14234797,0,coinbase
1687478400,1872.13,1936.68,1861.37,1893.66,1897.2366666666667,112622.71955974,0,coinbase
1687564800,1893.74,1906.86,1865.64,1875.87,1882.79,44081.47507327,0,coinbase
1687651200,1875.88,1930.66,1869.88,1899.73,1900.0900000000001,67353.84099709,0,coinbase
1687737600,1899.8,1908.95,1836.25,1859.19,1868.1299999999999,89749.72763224,0,coinbase
1687824000,1859.19,1912.6,1855.41,1889.82,1885.9433333333334,92097.01330236,0,coinbase
1687910400,1889.77,1890.49,1816.0,1827.37,1844.62,101759.55539935,0,coinbase
1687996800,1827.3,1879.6,1826.43,1852.11,1852.7133333333331,72773.6432135,0,coinbase
1688083200,1851.98,1946.75,1823.2,1933.57,1901.1733333333332,211965.83457331,0,coinbase
1688169600,1933.7,1944.32,1908.65,1924.14,1925.7033333333336,56737.84297268,0,coinbase
1688256000,1924.14,1959.7,1885.33,1937.26,1927.43,85221.98862426,0,coinbase
1688342400,1937.28,1976.99,1933.46,1955.76,1955.4033333333334,104013.30517861,0,coinbase
1688428800,1955.76,1967.07,1931.7,1936.42,1945.0633333333335,61516.63477519,0,coinbase
1688515200,1936.44,1942.66,1894.18,1910.14,1915.66,70482.06535559,0,coinbase
1688601600,1910.15,1957.76,1845.7,1845.8,1883.0866666666668,124378.76917782,0,coinbase
1688688000,1846.04,1878.09,1825.38,1870.93,1858.1333333333334,86368.39903159,0,coinbase
1688774400,1870.9,1873.23,1842.57,1865.56,1860.4533333333336,49501.03716728,0,coinbase
1688860800,1865.56,1879.35,1856.62,1863.01,1866.3266666666666,34389.84936597,0,coinbase
1688947200,1862.99,1905.83,1846.99,1880.62,1877.8133333333333,90689.06095885,0,coinbase
1689033600,1880.62,1891.7,1862.23,1878.66,1877.53,58861.84428148,0,coinbase
1689120000,1878.58,1905.0,1864.17,1871.65,1880.2733333333333,91650.67609635,0,coinbase
1689206400,1871.65,2014.26,1862.44,2005.95,1960.8833333333332,217841.38411854,0,coinbase
1689292800,2005.95,2029.34,1898.88,1938.91,1955.71,164795.03146848,0,coinbase
1689379200,1938.99,1947.04,1926.92,1931.9,1935.2866666666669,40675.73037046,0,coinbase
1689465600,1931.89,1944.15,1914.75,1923.38,1927.426666666667,39618.81522884,0,coinbase
1689552000,1923.21,1936.93,1873.61,1911.38,1907.3066666666666,132065.00633478,0,coinbase
1689638400,1911.26,1917.49,1876.01,1897.72,1897.0733333333335,129808.3219303,0,coinbase
1689724800,1897.72,1922.33,1882.15,1888.73,1897.7366666666667,111607.1389253,0,coinbase
1689811200,1888.65,1929.03,1877.77,1891.72,1899.506666666667,100239.01603496,0,coinbase
1689897600,1891.76,1905.41,1884.43,1891.92,1893.92,55235.39533058,0,coinbase
1689984000,1891.92,1897.62,1851.35,1866.69,1871.8866666666665,42352.40590843,0,coinbase
1690070400,1866.61,1905.24,1858.19,1888.65,1884.0266666666666,61563.29015459,0,coinbase
1690156800,1888.64,1890.93,1832.83,1849.69,1857.8166666666668,127978.18134477,0,coinbase
1690243200,1849.68,1868.14,1844.69,1857.28,1856.7033333333331,57419.42710699,0,coinbase
1690329600,1857.29,1887.75,1848.03,1871.92,1869.2333333333333,72684.14808293,0,coinbase
1690416000,1871.92,1886.15,1854.39,1860.88,1867.14,53353.05426066,0,coinbase
1690502400,1860.87,1882.77,1856.18,1874.05,1871.0,52759.67579773,0,coinbase
1690588800,1874.01,1886.26,1869.1,1880.71,1878.6899999999998,23628.03151224,0,coinbase
1690675200,1880.88,1885.46,1848.81,1861.65,1865.3066666666666,49111.67488831,0,coinbase
1690761600,1861.65,1876.82,1850.55,1856.0,1861.1233333333332,84251.92423923,0,coinbase
1690848000,1856.09,1874.88,1812.0,1872.89,1853.256666666667,160513.30855928,0,coinbase
1690934400,1872.78,1878.86,1820.1,1838.92,1845.96,102912.60761585,0,coinbase
1691020800,1838.91,1857.6,1824.0,1834.34,1838.6466666666665,70134.44959281,0,coinbase
1691107200,1834.34,1849.99,1813.45,1827.3,1830.2466666666667,72934.78259447,0,coinbase
1691193600,1827.3,1837.16,1824.45,1834.66,1832.0900000000001,24788.06790609,0,coinbase
1691280000,1834.66,1836.92,1823.7,1827.5,1829.3733333333332,25736.92637861,0,coinbase
1691366400,1827.49,1844.11,1800.0,1826.9,1823.67,80578.46482025,0,coinbase
1691452800,1826.9,1876.1,1824.0,1855.71,1851.9366666666665,90813.36288326,0,coinbase
1691539200,1855.71,1870.85,1843.35,1854.09,1856.0966666666666,67061.64786301,0,coinbase
1691625600,1854.09,1864.35,1844.07,1850.38,1852.9333333333334,47379.82288863,0,coinbase
1691712000,1850.38,1855.54,1836.41,1846.76,1846.2366666666667,51401.34991694,0,coinbase
1691798400,1846.77,1852.7,1844.93,1849.09,1848.9066666666668,20642.38300552,0,coinbase
1691884800,1849.08,1859.99,1833.03,1838.98,1844.0,28666.82026917,0,coinbase
1691971200,1838.98,1854.19,1833.27,1844.01,1843.8233333333335,50098.05830532,0,coinbase
1692057600,1844.0,1845.65,1811.34,1827.19,1828.0600000000002,50058.31066665,0,coinbase
1692144000,1827.19,1829.39,1795.15,1805.51,1810.0166666666667,67033.53900372,0,coinbase
1692230400,1805.51,1808.18,1540.0,1681.42,1676.5333333333335,189703.49281099,0,coinbase
1692316800,1681.46,1699.33,1640.18,1661.4,1666.97,160133.36341664,0,coinbase
1692403200,1661.28,1696.0,1653.84,1669.65,1673.1633333333332,54692.61607557,0,coinbase
1692489600,1669.65,1694.48,1661.83,1685.39,1680.5666666666666,46426.8880623,0,coinbase
1692576000,1685.36,1688.1,1648.65,1667.2,1667.9833333333333,79186.37606678,0,coinbase
1692662400,1667.2,1669.11,1579.34,1634.33,1627.5933333333332,110850.76953958,0,coinbase
1692748800,1634.32,1700.46,1628.81,1679.22,1669.4966666666667,111905.50727937,0,coinbase
1692835200,1679.21,1683.16,1634.73,1660.36,1659.4166666666667,77217.23328739,0,coinbase
1692921600,1660.41,1676.19,1634.54,1652.75,1654.493333333333,83010.44896333,0,coinbase
1693008000,1652.77,1654.74,1643.0,1646.25,1647.9966666666667,18986.91545465,0,coinbase
1693094400,1646.26,1659.43,1645.38,1657.51,1654.1066666666668,22244.70853004,0,coinbase
1693180800,1657.5,1662.7,1621.04,1651.94,1645.2266666666667,60673.32488256,0,coinbase
1693267200,1651.93,1745.88,1639.04,1729.34,1704.7533333333333,122275.58410558,0,coinbase
1693353600,1729.26,1730.96,1694.98,1705.47,1710.47,61097.35135783,0,coinbase
1693440000,1705.46,1726.16,1629.76,1645.58,1667.1666666666667,116578.15874188,0,coinbase
1693526400,1645.58,1654.27,1601.69,1628.46,1628.14,92601.69188977,0,coinbase
1693612800,1628.46,1644.64,1627.43,1636.83,1636.3,30753.43898001,0,coinbase
1693699200,1636.83,1646.97,1624.93,1635.68,1635.86,36069.9532434,0,coinbase
1693785600,1635.65,1644.57,1615.85,1629.75,1630.0566666666666,43034.41180385,0,coinbase
1693872000,1629.75,1646.66,1608.85,1633.85,1629.7866666666669,54592.69579861,0,coinbase
1693958400,1633.85,1669.0,1608.17,1632.08,1636.4166666666667,64159.11336815,0,coinbase
1694044800,1632.09,1659.1,1622.41,1647.44,1642.9833333333336,60902.59005054,0,coinbase
1694131200,1647.44,1658.29,1615.65,1635.94,1636.6266666666668,58305.48970523,0,coinbase
1694217600,1635.94,1637.14,1629.32,1635.14,1633.8666666666668,13173.50160468,0,coinbase
1694304000,1635.15,1635.66,1596.78,1616.65,1616.3633333333335,46891.05891276,0,coinbase
1694390400,1616.68,1618.61,1530.6,1551.36,1566.8566666666666,122138.1334909,0,coinbase
1694476800,1551.33,1624.99,1549.21,1593.07,1589.09,92121.78663878,0,coinbase
1694563200,1592.92,1618.56,1581.65,1608.06,1602.756666666667,71432.28132924,0,coinbase
1694649600,1608.06,1644.4,1607.48,1627.18,1626.3533333333335,84810.57469743,0,coinbase
1694736000,1627.17,1653.52,1611.52,1641.49,1635.51,46587.30736974,0,coinbase
1694822400,1641.48,1652.54,1631.88,1634.87,1639.7633333333333,25839.72626893,0,coinbase
1694908800,1634.87,1635.66,1612.35,1622.83,1623.6133333333335,28240.63467229,0,coinbase
1694995200,1622.93,1669.43,1603.55,1636.94,1636.64,82672.75437174,0,coinbase
1695081600,1636.93,1661.05,1626.77,1643.42,1643.7466666666667,53665.4341842,0,coinbase
1695168000,1643.41,1649.57,1604.91,1622.27,1625.5833333333333,69413.64809618,0,coinbase
1695254400,1622.26,1625.23,1567.81,1583.86,1592.3,70280.57355242,0,coinbase
1695340800,1583.86,1602.43,1576.52,1593.03,1590.6599999999999,49010.24393275,0,coinbase
1695427200,1593.04,1598.19,1587.97,1593.85,1593.3366666666668,17727.34147545,0,coinbase
1695513600,1593.84,1600.89,1570.35,1580.64,1583.96,32773.52822928,0,coinbase
1695600000,1580.59,1597.12,1563.0,1587.75,1582.6233333333332,62583.93066252,0,coinbase
1695686400,1587.75,1598.84,1579.47,1593.0,1590.4366666666665,49000.89806179,0,coinbase
1695772800,1593.0,1632.94,1582.38,1597.65,1604.3233333333335,80254.4465463,0,coinbase
1695859200,1597.65,1668.55,1596.93,1652.94,1639.4733333333334,136755.38213349,0,coinbase
1695945600,1652.94,1688.16,1648.33,1667.21,1667.8999999999999,96959.81985572,0,coinbase
1696032000,1667.2,1694.25,1665.98,1670.84,1677.0233333333333,52608.92316992,0,coinbase
1696118400,1670.84,1755.2,1668.51,1733.4,1719.0366666666669,75393.93444956,0,coinbase
1696204800,1733.42,1743.84,1637.82,1662.62,1681.4266666666665,158288.87222448,0,coinbase
1696291200,1662.62,1670.61,1643.56,1656.91,1657.0266666666666,75294.23778427,0,coinbase
1696377600,1656.91,1657.91,1626.01,1646.58,1643.5,80420.09102569,0,coinbase
1696464000,1646.58,1655.28,1608.0,1611.63,1624.97,88002.97784141,0,coinbase
1696550400,1611.83,1662.23,1611.78,1645.95,1639.9866666666667,71144.41944879,0,coinbase
1696636800,1645.9,1648.7,1631.01,1634.65,1638.1200000000001,27241.91429218,0,coinbase
1696723200,1634.64,1642.33,1617.31,1633.78,1631.14,38081.14823402,0,coinbase
1696809600,1633.77,1636.51,1548.22,1580.13,1588.2866666666669,102399.55980653,0,coinbase
1696896000,1580.13,1595.15,1550.18,1567.63,1570.9866666666667,79103.82961904,0,coinbase
1696982400,1567.63,1578.53,1545.5,1566.46,1563.4966666666667,79781.25310923,0,coinbase
1697068800,1566.45,1568.05,1520.85,1539.25,1542.7166666666665,68485.99935697,0,coinbase
1697155200,1539.26,1574.66,1537.31,1552.04,1554.67,63935.58299379,0,coinbase
1697241600,1552.03,1561.53,1544.65,1554.87,1553.6833333333334,20369.55429181,0,coinbase
1697328000,1554.98,1566.92,1548.3,1558.01,1557.7433333333336,28564.73003903,0,coinbase
1697414400,1558.01,1641.41,1555.2,1600.02,1598.8766666666668,140896.46861986,0,coinbase
1697500800,1600.03,1601.44,1552.74,1565.24,1573.14,63796.87989577,0,coinbase
1697587200,1565.25,1586.27,1556.01,1563.67,1568.6499999999999,57059.23546765,0,coinbase
1697673600,1563.66,1576.25,1542.36,1567.48,1562.03,59230.76611412,0,coinbase
1697760000,1567.5,1632.11,1562.0,1604.96,1599.6899999999998,110280.40281731,0,coinbase
1697846400,1604.94,1644.77,1593.06,1629.38,1622.4033333333334,63605.34688817,0,coinbase
1697932800,1629.37,1668.28,1622.36,1664.43,1651.6899999999998,64860.7669214,0,coinbase
1698019200,1664.43,1799.55,1657.95,1766.27,1741.256666666667,191320.15916936,0,coinbase
1698105600,1766.24,1854.62,1725.79,1785.28,1788.5633333333333,261859.90084142,0,coinbase
1698192000,1785.06,1818.29,1760.2,1787.58,1788.6899999999998,126450.2986493,0,coinbase
1698278400,1787.58,1865.86,1762.67,1803.57,1810.6999999999998,162066.45814023,0,coinbase
1698364800,1803.56,1804.29,1745.05,1779.81,1776.3833333333332,90425.04228072,0,coinbase
1698451200,1779.78,1803.48,1770.8,1776.48,1783.5866666666668,34085.17268661,0,coinbase
1698537600,1776.48,1811.68,1763.25,1795.74,1790.2233333333334,48201.56051951,0,coinbase
1698624000,1795.63,1830.64,1778.24,1809.69,1806.1899999999998,80444.07174014,0,coinbase
1698710400,1809.67,1820.0,1781.62,1815.14,1805.5866666666668,80270.49772666,0,coinbase
1698796800,1815.14,1859.0,1783.48,1847.74,1830.0733333333335,139857.49667144,0,coinbase
1698883200,1847.74,1875.0,1785.03,1801.31,1820.4466666666667,110389.55551632,0,coinbase
1698969600,1801.31,1836.16,1777.0,1833.76,1815.64,79637.2413367,0,coinbase
1699056000,1833.64,1870.32,1825.11,1857.23,1850.8866666666665,38916.34595206,0,coinbase
1699142400,1857.17,1913.57,1847.46,1893.16,1884.7299999999998,82496.39953529,0,coinbase
1699228800,1893.13,1916.13,1870.64,1901.68,1896.1500000000003,97625.94820106,0,coinbase
1699315200,1901.67,1908.07,1851.01,1885.93,1881.67,122337.33944691,0,coinbase
1699401600,1885.93,1905.3,1873.55,1888.84,1889.2299999999998,74827.09163576,0,coinbase
1699488000,1888.86,2131.91,1882.84,2121.3,2045.3500000000001,290571.52840203,0,coinbase
1699574400,2120.88,2136.53,2066.0,2078.57,2093.7000000000003,148151.5915368,0,coinbase
1699660800,2078.57,2091.61,2032.14,2053.83,2059.193333333333,84815.43690608,0,coinbase
1699747200,2053.94,2066.93,2013.5,2046.06,2042.1633333333332,50912.23589705,0,coinbase
1699833600,2046.06,2118.65,2029.28,2053.99,2067.306666666667,144429.20318696,0,coinbase
1699920000,2054.31,2065.48,1933.0,1979.61,1992.6966666666667,136319.6702245,0,coinbase
1700006400,1979.45,2063.58,1967.19,2059.38,2030.05,152595.88274792,0,coinbase
1700092800,2059.46,2100.0,1909.37,1961.76,1990.3766666666668,178044.63341731,0,coinbase
1700179200,1961.66,1991.25,1906.15,1961.57,1952.99,125667.83736351,0,coinbase
1700265600,1961.53,1972.38,1917.96,1963.76,1951.3666666666668,45737.12941532,0,coinbase
1700352000,1963.75,2016.6,1944.65,2012.29,1991.18,55072.30287312,0,coinbase
1700438400,2012.68,2067.79,1993.59,2022.55,2027.9766666666667,146484.68418925,0,coinbase
1700524800,2022.56,2035.77,1930.86,1933.45,1966.6933333333334,136174.20007133,0,coinbase
1700611200,1933.52,2092.66,1929.26,2063.94,2028.6200000000001,146760.1198297,0,coinbase
1700697600,2063.95,2089.18,2040.23,2062.78,2064.0633333333335,84629.71524463,0,coinbase
1700784000,2062.51,2134.16,2059.7,2082.61,2092.1566666666663,127130.6016511,0,coinbase
1700870400,2082.74,2091.72,2067.11,2084.02,2080.9500000000003,32637.81834342,0,coinbase
1700956800,2084.0,2095.16,2037.8,2063.09,2065.35,57167.2638941,0,coinbase
1701043200,2063.13,2072.0,1985.72,2027.47,2028.3966666666668,125768.15951531,0,coinbase
1701129600,2027.46,2076.0,1995.29,2049.08,2040.1233333333332,100207.915287,0,coinbase
1701216000,2048.94,2075.84,2019.63,2029.11,2041.5266666666666,75542.21726307,0,coinbase
1701302400,2029.14,2055.74,2020.96,2053.1,2043.2666666666664,75775.80126746,0,coinbase
1701388800,2053.08,2112.09,2045.99,2088.4,2082.16,142736.12841928,0,coinbase
1701475200,2088.43,2190.48,2086.97,2165.76,2147.7366666666667,83470.66010767,0,coinbase
1701561600,2165.85,2217.78,2150.3,2194.13,2187.403333333333,78192.25684803,0,coinbase
1701648000,2194.12,2274.95,2192.41,2243.29,2236.883333333333,156712.86675745,0,coinbase
1701734400,2243.25,2309.82,2187.97,2293.97,2263.92,167077.77250219,0,coinbase
1701820800,2293.96,2312.75,2219.61,2232.8,2255.0533333333337,134193.65734318,0,coinbase
1701907200,2233.08,2384.0,2222.58,2356.57,2321.0499999999997,159654.71681372,0,coinbase
1701993600,2356.4,2392.35,2338.25,2358.59,2363.0633333333335,130139.81922754,0,coinbase
1702080000,2359.01,2403.37,2329.35,2341.28,2358.0,69627.48310609,0,coinbase
1702166400,2341.48,2377.61,2322.53,2352.29,2350.81,44645.61294931,0,coinbase
1702252800,2352.71,2354.99,2127.36,2224.06,2235.47,193291.06535168,0,coinbase
1702339200,2224.15,2243.23,2164.82,2202.34,2203.4633333333336,128295.68890567,0,coinbase
1702425600,2202.39,2284.98,2144.52,2260.69,2230.0633333333335,141516.28789964,0,coinbase
1702512000,2260.69,2332.39,2229.9,2315.95,2292.7466666666664,142369.02286482,0,coinbase
1702598400,2315.81,2318.39,2199.76,2220.31,2246.153333333333,122773.57046315,0,coinbase
1702684800,2220.44,2262.0,2209.68,2227.29,2232.9900000000002,49598.43029094,0,coinbase
1702771200,2227.19,2247.08,2189.89,2194.75,2210.5733333333333,56323.1405293,0,coinbase
1702857600,2194.45,2223.31,2115.22,2218.71,2185.7466666666664,103052.23127627,0,coinbase
1702944000,2218.58,2254.14,2134.43,2177.27,2188.6133333333332,122574.02370214,0,coinbase
1703030400,2177.32,2264.85,2156.96,2202.0,2207.9366666666665,164826.68035353,0,coinbase
1703116800,2201.93,2279.65,2182.83,2239.92,2234.133333333333,136641.48600479,0,coinbase
1703203200,2239.92,2344.26,2230.66,2326.35,2300.4233333333336,173481.66487576,0,coinbase
1703289600,2326.49,2332.69,2266.79,2309.58,2303.02,71690.42077486,0,coinbase
1703376000,2309.51,2327.66,2244.79,2265.33,2279.2599999999998,66756.02178328,0,coinbase
1703462400,2265.45,2304.93,2253.96,2271.53,2276.806666666667,46049.01449884,0,coinbase
1703548800,2271.42,2275.2,2148.1,2230.91,2218.0699999999997,112774.77130849,0,coinbase
1703635200,2230.93,2393.39,2212.12,2380.66,2328.7233333333334,167830.74188422,0,coinbase
1703721600,2380.54,2448.25,2336.7,2344.94,2376.6299999999997,187887.79244123,0,coinbase
1703808000,2345.08,2386.99,2255.78,2299.37,2314.0466666666666,155499.37553718,0,coinbase
1703894400,2299.17,2322.86,2267.63,2291.15,2293.8799999999997,66344.10814823,0,coinbase
1703980800,2291.51,2320.48,2259.1,2281.07,2286.883333333333,94453.26052695,0,coinbase
1704067200,2281.03,2353.33,2264.86,2352.76,2323.65,65735.83712724,0,coinbase
1704153600,2352.8,2433.19,2342.19,2356.16,2377.18,146957.41838868,0,coinbase
1704240000,2356.27,2385.66,2100.0,2210.49,2232.0499999999997,238855.87311254,0,coinbase
1704326400,2210.49,2297.64,2203.1,2269.47,2256.736666666666,139871.10592444,0,coinbase
1704412800,2269.48,2278.84,2207.6,2270.35,2252.263333333334,103166.13797897,0,coinbase
1704499200,2270.29,2271.72,2217.0,2241.87,2243.5299999999997,43380.28085198,0,coinbase
1704585600,2241.81,2258.57,2206.66,2222.69,2229.306666666667,44609.45118075,0,coinbase
1704672000,2222.86,2360.81,2167.68,2332.51,2287.0,124227.66088047,0,coinbase
1704758400,2332.52,2376.1,2228.42,2344.93,2316.4833333333336,180275.73765795,0,coinbase
1704844800,2344.97,2644.42,2340.77,2584.77,2523.32,317568.89216896,0,coinbase
1704931200,2584.85,2691.07,2567.08,2618.31,2625.486666666666,237306.47182505,0,coinbase
1705017600,2618.37,2717.89,2455.0,2522.03,2564.9733333333334,254977.63549268,0,coinbase
1705104000,2522.02,2589.97,2496.41,2578.12,2554.833333333333,121668.19007134,0,coinbase
1705190400,2578.13,2578.96,2467.97,2470.66,2505.8633333333332,103969.50283893,0,coinbase
1705276800,2470.65,2551.77,2468.6,2509.94,2510.103333333333,72919.16160111,0,coinbase
1705363200,2509.85,2614.04,2498.25,2586.83,2566.3733333333334,98820.86634244,0,coinbase
1705449600,2586.46,2592.5,2505.19,2527.94,2541.876666666667,78118.40218361,0,coinbase
1705536000,2528.02,2547.67,2423.43,2468.82,2479.9733333333334,128802.61780602,0,coinbase
1705622400,2468.82,2502.14,2412.4,2490.13,2468.2233333333334,96947.20379828,0,coinbase
1705708800,2489.98,2489.98,2452.02,2470.44,2470.8133333333335,27547.90442945,0,coinbase
1705795200,2470.51,2480.69,2451.26,2455.52,2462.4900000000002,20818.01056422,0,coinbase
1705881600,2455.09,2464.33,2301.0,2311.34,2358.89,152916.39516189,0,coinbase
1705968000,2311.52,2349.07,2165.01,2240.81,2251.6299999999997,186226.75172366,0,coinbase
1706054400,2241.1,2262.88,2195.32,2234.06,2230.7533333333336,72772.97341402,0,coinbase
1706140800,2234.34,2241.35,2169.47,2217.3,2209.3733333333334,75539.58539235,0,coinbase
1706227200,2217.29,2281.72,2194.88,2267.34,2247.98,94910.54129622,0,coinbase
1706313600,2267.47,2282.54,2250.9,2268.07,2267.17,30982.52441099,0,coinbase
1706400000,2268.12,2307.97,2239.3,2256.51,2267.9266666666667,39248.46860701,0,coinbase
1706486400,2256.47,2322.55,2233.15,2317.42,2291.0400000000004,63329.25489388,0,coinbase
1706572800,2317.63,2391.91,2296.86,2342.96,2343.9100000000003,96526.62504443,0,coinbase
1706659200,2342.96,2352.17,2262.47,2281.6,2298.7466666666664,85201.8639706,0,coinbase
1706745600,2281.55,2310.97,2239.04,2303.61,2284.5400000000004,62864.78139733,0,coinbase
1706832000,2303.66,2323.4,2280.43,2308.03,2303.9533333333334,50538.33300083,0,coinbase
1706918400,2308.06,2328.42,2292.29,2295.97,2305.56,17826.99315399,0,coinbase
1707004800,2295.97,2309.45,2266.14,2288.82,2288.1366666666668,29623.64332388,0,coinbase
1707091200,2288.82,2336.1,2268.0,2298.91,2301.0033333333336,44870.36550212,0,coinbase
1707177600,2298.93,2392.65,2295.79,2372.09,2353.51,102729.57926297,0,coinbase
1707264000,2372.09,2446.9,2352.34,2424.55,2407.93,81310.98318267,0,coinbase
1707350400,2424.71,2462.69,2410.77,2419.78,2431.08,111654.90807514,0,coinbase
1707436800,2419.78,2524.11,2418.79,2487.84,2476.9133333333334,121261.76511101,0,coinbase
1707523200,2487.87,2518.02,2473.32,2501.08,2497.4733333333334,33777.58281582,0,coinbase
1707609600,2501.08,2540.57,2494.42,2508.11,2514.366666666667,37979.95085055,0,coinbase
1707696000,2508.49,2666.66,2472.17,2661.03,2599.9533333333334,115679.36286012,0,coinbase
1707782400,2661.13,2687.13,2590.41,2641.63,2639.7233333333334,128589.09309863,0,coinbase
1707868800,2641.84,2788.95,2619.36,2777.56,2728.623333333333,110804.3856468,0,coinbase
1707955200,2777.37,2868.68,2761.9,2825.94,2818.84,123679.76881122,0,coinbase
1708041600,2825.88,2860.28,2745.48,2803.89,2803.2166666666667,108579.83594863,0,coinbase
1708128000,2804.09,2806.8,2719.73,2786.83,2771.1200000000003,50463.18174055,0,coinbase
1708214400,2787.12,2896.74,2765.55,2882.06,2848.116666666667,64492.75636679,0,coinbase
1708300800,2881.91,2985.0,2857.33,2945.43,2929.2533333333336,102810.47000218,0,coinbase
1708387200,2944.94,3033.53,2873.82,3015.56,2974.3033333333333,162450.24960627,0,coinbase
1708473600,3015.53,3017.99,2868.32,2968.37,2951.56,168311.07685356,0,coinbase
1708560000,2968.37,3035.84,2906.13,2969.77,2970.58,159019.68302075,0,coinbase
1708646400,2969.75,2991.94,2905.71,2921.79,2939.813333333333,95313.32394229,0,coinbase
1708732800,2921.76,3005.28,2906.2,2992.66,2968.0466666666666,46828.0872104,0,coinbase
1708819200,2992.41,3121.04,2983.45,3113.17,3072.5533333333333,86028.2084838,0,coinbase
1708905600,3113.37,3198.77,3036.62,3178.34,3137.91,149112.056773,0,coinbase
1708992000,3178.28,3291.36,3167.8,3243.84,3234.3333333333335,144336.78996453,0,coinbase
1709078400,3244.35,3492.31,3185.0,3386.64,3354.6499999999996,231321.85685237,0,coinbase
1709164800,3386.64,3521.99,3302.1,3341.78,3388.6233333333334,184874.52035185,0,coinbase
1709251200,3341.78,3454.95,3340.15,3436.0,3410.366666666667,108273.12334217,0,coinbase
1709337600,3436.37,3462.0,3398.14,3424.04,3428.06,59797.37297303,0,coinbase
1709424000,3423.77,3493.78,3363.59,3489.53,3448.966666666667,65187.6206346,0,coinbase
1709510400,3489.95,3650.0,3430.0,3633.23,3571.0766666666664,152726.49937298,0,coinbase
1709596800,3632.92,3829.93,3205.0,3557.41,3530.78,365410.47754845,0,coinbase
1709683200,3557.42,3903.42,3502.0,3821.82,3742.4133333333334,219365.56854364,0,coinbase
1709769600,3822.1,3941.57,3736.5,3875.28,3851.116666666667,137053.14296446,0,coinbase
1709856000,3875.42,4000.0,3826.37,3892.6,3906.3233333333333,165705.35869307,0,coinbase
1709942400,3892.62,3951.37,3880.0,3913.55,3914.9733333333334,62180.56431897,0,coinbase
1710028800,3913.84,3972.17,3800.01,3881.96,3884.713333333333,84572.21007878,0,coinbase
1710115200,3882.48,4091.67,3730.72,4066.21,3962.8666666666663,189041.07032596,0,coinbase
1710201600,4066.95,4093.88,3828.83,3980.34,3967.683333333333,174639.81824993,0,coinbase
1710288000,3980.31,4085.57,3934.52,4007.7,4009.263333333334,133886.82772964,0,coinbase
1710374400,4007.79,4013.25,3714.53,3880.45,3869.41,190612.34558486,0,coinbase
1710460800,3880.45,3932.39,3566.38,3742.95,3747.2400000000002,252124.79920745,0,coinbase
1710547200,3743.29,3781.4,3466.55,3520.1,3589.3500000000004,116692.68177422,0,coinbase
1710633600,3520.24,3676.76,3410.78,3641.02,3576.186666666667,109583.54224228,0,coinbase
1710720000,3641.51,3642.56,3454.3,3520.66,3539.1733333333336,119847.05230624,0,coinbase
1710806400,3520.52,3547.97,3147.81,3156.97,3284.25,257986.0718834,0,coinbase
1710892800,3156.94,3536.72,3057.5,3516.68,3370.2999999999997,324768.03382929,0,coinbase
1710979200,3517.02,3586.59,3410.45,3491.78,3496.273333333333,148636.00452543,0,coinbase
1711065600,3491.78,3542.56,3250.33,3337.41,3376.7666666666664,163488.1093582,0,coinbase
1711152000,3337.38,3436.39,3271.47,3330.05,3345.97,94959.72106776,0,coinbase
1711238400,3330.28,3471.22,3300.0,3454.67,3408.6299999999997,60606.08564157,0,coinbase
1711324800,3454.88,3661.7,3418.61,3591.02,3557.11,119411.57116768,0,coinbase
1711411200,3590.61,3681.9,3544.0,3587.67,3604.523333333333,97999.11894572,0,coinbase
1711497600,3587.5,3665.95,3458.0,3499.56,3541.17,113287.84057127,0,coinbase
1711584000,3499.62,3612.3,3462.44,3561.1,3545.28,82506.6359203,0,coinbase
1711670400,3561.12,3584.9,3473.42,3511.08,3523.133333333333,60142.83951755,0,coinbase
1711756800,3511.21,3568.13,3488.08,3507.51,3521.2400000000002,49286.0694304,0,coinbase
1711843200,3507.31,3654.87,3505.76,3645.48,3602.036666666667,53825.13202391,0,coinbase
1711929600,3645.55,3646.38,3413.86,3505.85,3522.03,97053.82915967,0,coinbase
1712016000,3505.95,3507.69,3211.41,3279.64,3332.9133333333334,148814.96574824,0,coinbase
1712102400,3279.71,3369.43,3202.8,3312.43,3294.8866666666668,99323.0886667,0,coinbase
1712188800,3312.42,3444.95,3251.91,3329.39,3342.0833333333335,108312.21150232,0,coinbase
1712275200,3329.41,3348.33,3210.99,3319.26,3292.86,82464.50869563,0,coinbase
1712361600,3319.1,3398.8,3308.7,3352.66,3353.3866666666668,35789.96297357,0,coinbase
1712448000,3352.87,3459.52,3345.36,3453.67,3419.5166666666664,40642.58459362,0,coinbase
1712534400,3453.69,3729.16,3406.93,3694.56,3610.2166666666667,117580.32397415,0,coinbase
1712620800,3694.26,3726.79,3450.6,3504.58,3560.6566666666663,104295.66540925,0,coinbase
1712707200,3504.24,3562.51,3411.59,3546.0,3506.7000000000003,83472.76785832,0,coinbase
1712793600,3546.07,3617.97,3473.6,3503.06,3531.543333333333,73843.06830002,0,coinbase
1712880000,3503.06,3553.03,3100.0,3239.31,3297.4466666666667,158974.418562,0,coinbase
1712966400,3238.98,3302.32,2850.0,3011.39,3054.5699999999997,241260.34609045,0,coinbase
1713052800,3012.01,3175.72,2911.23,3158.06,3081.67,160742.93293593,0,coinbase
1713139200,3158.2,3281.21,3025.0,3103.13,3136.4466666666667,129021.87609399,0,coinbase
1713225600,3103.4,3128.28,2990.0,3085.25,3067.8433333333337,117411.00495166,0,coinbase
1713312000,3085.41,3124.03,2914.01,2984.98,3007.6733333333336,122585.77561348,0,coinbase
1713398400,2984.9,3100.8,2952.53,3065.82,3039.7166666666667,91513.42190694,0,coinbase
1713484800,3065.8,3128.99,2865.71,3057.93,3017.543333333333,126465.06248187,0,coinbase
1713571200,3057.9,3172.3,3019.11,3157.01,3116.14,42703.49658553,0,coinbase
1713657600,3156.62,3198.46,3117.46,3148.1,3154.6733333333336,34111.84839622,0,coinbase
1713744000,3148.06,3237.41,3129.68,3201.46,3189.5166666666664,70530.52584425,0,coinbase
1713830400,3201.67,3266.4,3153.41,3219.49,3213.1,69940.4136472,0,coinbase
1713916800,3219.42,3293.4,3102.62,3138.91,3178.31,88784.32655222,0,coinbase
1714003200,3139.27,3191.94,3071.79,3155.36,3139.6966666666667,95350.39968519,0,coinbase
1714089600,3155.27,3166.66,3101.01,3130.0,3132.556666666667,69330.93637665,0,coinbase
1714176000,3130.04,3281.92,3067.27,3253.04,3200.7433333333333,65631.20199995,0,coinbase
1714262400,3253.04,3356.31,3239.72,3262.6,3286.2099999999996,66716.10732189,0,coinbase
1714348800,3262.99,3287.15,3114.56,3215.53,3205.7466666666664,85704.21545809,0,coinbase
1714435200,3215.89,3249.66,2916.34,3011.4,3059.133333333333,122376.47890903,0,coinbase
1714521600,3011.24,3020.26,2814.12,2968.12,2934.1666666666665,148775.73927121,0,coinbase
1714608000,2968.18,3016.07,2890.28,2986.32,2964.2233333333334,74253.44635959,0,coinbase
1714694400,2986.12,3128.04,2958.55,3103.27,3063.286666666667,82328.62907159,0,coinbase
1714780800,3104.11,3167.85,3093.87,3117.41,3126.3766666666666,37445.2105609,0,coinbase
1714867200,3117.52,3171.64,3073.7,3136.95,3127.4300000000003,38526.42777835,0,coinbase
1714953600,3136.77,3221.41,3045.59,3062.69,3109.896666666667,79596.65949657,0,coinbase
1715040000,3062.69,3129.9,3000.0,3005.78,3045.226666666667,62108.80446702,0,coinbase
1715126400,3006.09,3038.17,2937.09,2972.82,2982.693333333333,52553.55510881,0,coinbase
1715212800,2972.81,3058.43,2949.52,3035.92,3014.623333333333,56610.30197974,0,coinbase
1715299200,3035.92,3053.53,2878.38,2909.43,2947.1133333333332,79016.14737388,0,coinbase
1715385600,2909.38,2943.64,2885.8,2911.75,2913.73,26841.15468691,0,coinbase
1715472000,2911.77,2954.16,2900.59,2927.75,2927.5,23851.53354001,0,coinbase
1715558400,2927.72,2994.74,2864.35,2950.21,2936.433333333333,81949.54698641,0,coinbase
1715644800,2950.09,2988.0,2858.76,2880.4,2909.0533333333333,84843.49382255,0,coinbase
1715731200,2880.39,3041.53,2862.36,3033.2,2979.03,102425.75517286,0,coinbase
1715817600,3033.23,3041.71,2923.73,2945.11,2970.183333333334,79847.19015756,0,coinbase
1715904000,2944.86,3122.08,2932.68,3093.39,3049.383333333333,80378.06214215,0,coinbase
1715990400,3093.2,3148.0,3085.07,3123.99,3119.02,35887.59340775,0,coinbase
1716076800,3123.76,3137.64,3053.74,3070.9,3087.4266666666663,36279.72976482,0,coinbase
1716163200,3070.83,3695.0,3048.58,3661.52,3468.366666666667,280881.20562155,0,coinbase
1716249600,3661.51,3841.24,3625.58,3789.37,3752.063333333333,253191.48042776,0,coinbase
1716336000,3789.41,3813.25,3653.11,3735.99,3734.116666666667,152993.45828385,0,coinbase
1716422400,3736.02,3947.0,3521.24,3780.83,3749.69,309961.25314343,0,coinbase
1716508800,3780.42,3827.99,3627.53,3726.89,3727.47,112184.8378011,0,coinbase
1716595200,3726.87,3777.78,3707.41,3749.06,3744.75,33301.97878165,0,coinbase
1716681600,3749.23,3882.82,3731.03,3823.83,3812.56,57883.65812154,0,coinbase
1716768000,3823.55,3973.9,3821.01,3890.72,3895.2099999999996,71151.44619506,0,coinbase
1716854400,3890.72,3926.6,3769.47,3839.98,3845.35,100613.04720901,0,coinbase
1716940800,3840.18,3884.24,3740.75,3762.11,3795.7000000000003,108846.32940744,0,coinbase
1717027200,3762.07,3824.07,3700.4,3746.74,3757.0699999999997,96742.8620579,0,coinbase
1717113600,3746.64,3846.0,3720.52,3758.44,3774.986666666667,83743.90660225,0,coinbase
1717200000,3758.44,3829.99,3748.31,3812.48,3796.9266666666663,33739.89750423,0,coinbase
1717286400,3812.49,3835.0,3750.59,3778.88,3788.156666666667,44725.20926266,0,coinbase
1717372800,3778.88,3850.06,3757.32,3766.09,3791.156666666667,66419.59243831,0,coinbase
1717459200,3766.12,3832.56,3730.56,3810.29,3791.1366666666668,57771.03645715,0,coinbase
1717545600,3810.24,3888.9,3777.25,3866.57,3844.24,67943.79281961,0,coinbase
1717632000,3866.42,3879.15,3758.19,3812.09,3816.476666666667,53756.6117727,0,coinbase
1717718400,3812.04,3839.71,3575.23,3676.35,3697.096666666667,110370.11489481,0,coinbase
1717804800,3676.31,3707.99,3658.0,3680.84,3682.2766666666666,28751.32754441,0,coinbase
1717891200,3680.89,3721.16,3666.2,3706.27,3697.8766666666666,19656.41005708,0,coinbase
1717977600,3706.4,3712.6,3643.02,3665.86,3673.8266666666664,43724.86169828,0,coinbase
1718064000,3665.86,3671.47,3381.0,3497.31,3516.593333333333,137575.16363517,0,coinbase
1718150400,3497.27,3657.05,3461.52,3559.14,3559.236666666666,98483.84286884,0,coinbase
1718236800,3559.14,3560.6,3425.87,3467.65,3484.7066666666665,108846.17560996,0,coinbase
1718323200,3467.9,3529.83,3360.62,3479.53,3456.66,102617.12125958,0,coinbase
1718409600,3479.53,3591.87,3470.96,3566.69,3543.1733333333336,56700.50673905,0,coinbase
1718496000,3566.82,3651.51,3538.74,3622.1,3604.116666666667,44147.59671264,0,coinbase
1718582400,3622.53,3640.0,3463.38,3509.55,3537.6433333333334,111781.88622712,0,coinbase
1718668800,3509.81,3515.87,3351.0,3482.06,3449.6433333333334,129044.70825538,0,coinbase
1718755200,3482.07,3585.77,3464.44,3559.14,3536.4500000000003,103693.89596402,0,coinbase
1718841600,3559.24,3624.28,3483.5,3510.73,3539.5033333333336,108383.66568546,0,coinbase
1718928000,3510.73,3545.99,3444.7,3517.19,3502.6266666666666,103321.37276566,0,coinbase
1719014400,3517.18,3520.03,3473.78,3494.09,3495.966666666667,30077.22258147,0,coinbase
1719100800,3494.09,3519.79,3405.07,3418.42,3447.76,43942.98809967,0,coinbase
1719187200,3418.42,3432.5,3233.75,3350.59,3338.9466666666667,171526.13894959,0,coinbase
1719273600,3350.6,3430.6,3334.79,3393.6,3386.33,105747.82411729,0,coinbase
1719360000,3393.59,3425.44,3323.0,3369.31,3372.5833333333335,82891.50854776,0,coinbase
1719446400,3369.76,3474.12,3359.23,3445.58,3426.31,76984.49380219,0,coinbase
1719532800,3445.57,3484.72,3360.01,3373.62,3406.1166666666663,102502.65124597,0,coinbase
1719619200,3373.75,3403.09,3366.21,3373.26,3380.853333333334,24185.37815898,0,coinbase
1719705600,3373.34,3453.93,3347.21,3432.37,3411.1699999999996,33619.80014887,0,coinbase
1719792000,3432.37,3518.85,3420.5,3438.59,3459.3133333333335,61636.24032048,0,coinbase
1719878400,3438.59,3460.56,3396.76,3416.17,3424.4966666666664,43494.06793371,0,coinbase
1719964800,3416.17,3427.04,3248.0,3291.73,3322.2566666666667,87308.24050746,0,coinbase
1720051200,3291.88,3309.58,3050.0,3058.89,3139.49,128764.42789612,0,coinbase
1720137600,3059.08,3108.7,2809.41,2981.74,2966.6166666666663,246354.98758317,0,coinbase
1720224000,2981.74,3082.05,2955.67,3067.39,3035.036666666667,53153.51902767,0,coinbase
1720310400,3067.38,3073.49,2921.13,2930.78,2975.133333333333,43012.58338564,0,coinbase
1720396800,2930.78,3095.94,2822.64,3018.48,2979.02,142216.07981425,0,coinbase
1720483200,3018.47,3113.5,3003.55,3066.51,3061.186666666667,59915.93941771,0,coinbase
1720569600,3066.35,3150.72,3023.8,3100.3,3091.6066666666666,67608.08879775,0,coinbase
1720656000,3100.35,3220.48,3055.0,3099.29,3124.9233333333336,77797.90457066,0,coinbase
1720742400,3099.35,3158.3,3045.8,3135.05,3113.0500000000006,49238.51060916,0,coinbase
1720828800,3134.84,3203.05,3114.15,3176.71,3164.6366666666668,26046.02798174,0,coinbase
1720915200,3176.61,3270.12,3164.66,3246.38,3227.0533333333333,38866.26158568,0,coinbase
1721001600,3246.38,3496.03,3233.86,3485.87,3405.2533333333336,110069.74915363,0,coinbase
1721088000,3485.35,3499.99,3348.0,3446.67,3431.5533333333333,90433.49001457,0,coinbase
1721174400,3446.67,3518.38,3376.92,3387.45,3427.5833333333335,69258.00394095,0,coinbase
1721260800,3387.1,3490.0,3367.65,3425.58,3427.7433333333333,62188.79112524,0,coinbase
1721347200,3425.58,3541.85,3375.99,3505.75,3474.53,82780.35096942,0,coinbase
1721433600,3505.83,3540.79,3482.03,3519.06,3513.9599999999996,29367.4769642,0,coinbase
1721520000,3518.99,3547.57,3413.01,3536.2,3498.9266666666663,41195.37901679,0,coinbase
1721606400,3536.21,3563.02,3423.94,3441.1,3476.02,55522.37465033,0,coinbase
1721692800,3441.09,3541.2,3390.0,3482.9,3471.366666666667,134627.15575407,0,coinbase
1721779200,3482.89,3488.05,3299.16,3334.99,3374.066666666667,108661.70978004,0,coinbase
1721865600,3335.0,3342.07,3086.13,3174.3,3200.8333333333335,201536.44580506,0,coinbase
1721952000,3174.3,3286.65,3169.59,3274.95,3243.7299999999996,88789.0006109,0,coinbase
1722038400,3274.84,3327.6,3190.57,3249.25,3255.806666666667,55872.3354621,0,coinbase
1722124800,3249.24,3283.98,3198.23,3269.98,3250.73,30497.48961316,0,coinbase
1722211200,3270.15,3396.61,3256.68,3317.55,3323.6133333333332,111549.61997732,0,coinbase
1722297600,3317.42,3365.68,3232.55,3278.27,3292.1666666666665,86408.39509467,0,coinbase
1722384000,3278.42,3348.0,3213.0,3231.81,3264.27,87723.99196968,0,coinbase
1722470400,3231.81,3242.14,3077.17,3200.54,3173.283333333333,115192.55494313,0,coinbase
1722556800,3200.53,3215.75,2964.01,2985.84,3055.2000000000003,124022.20884018,0,coinbase
1722643200,2985.88,3016.19,2857.35,2901.72,2925.0866666666666,77878.90239055,0,coinbase
1722729600,2901.98,2933.13,2626.17,2688.31,2749.2033333333334,110939.31000409,0,coinbase
1722816000,2688.38,2696.41,2116.02,2420.37,2410.9333333333334,750156.04400364,0,coinbase
1722902400,2420.79,2556.62,2415.69,2462.52,2478.2766666666666,240973.21880433,0,coinbase
1722988800,2462.26,2552.77,2308.94,2343.66,2401.79,212737.26981056,0,coinbase
1723075200,2342.82,2725.35,2321.07,2683.59,2576.67,223682.42122768,0,coinbase
1723161600,2683.33,2708.87,2553.08,2599.94,2620.6299999999997,119799.43778503,0,coinbase
1723248000,2600.1,2645.74,2577.61,2610.69,2611.346666666667,32933.24488872,0,coinbase
1723334400,2610.38,2720.0,2539.86,2555.58,2605.146666666667,54293.38934167,0,coinbase
1723420800,2555.09,2750.0,2509.58,2723.0,2660.86,117387.83172402,0,coinbase
1723507200,2723.23,2739.0,2611.59,2703.49,2684.693333333333,87846.22008954,0,coinbase
1723593600,2703.49,2782.61,2633.76,2661.67,2692.6800000000003,127821.69398089,0,coinbase
1723680000,2661.98,2675.79,2516.07,2570.5,2587.4533333333334,112161.44239141,0,coinbase
1723766400,2570.22,2631.06,2551.29,2593.75,2592.0333333333333,73034.64702326,0,coinbase
1723852800,2593.75,2627.67,2588.17,2614.64,2610.16,16028.49990746,0,coinbase
1723939200,2614.64,2687.92,2594.34,2612.68,2631.646666666667,43718.56501864,0,coinbase
1724025600,2612.33,2648.71,2563.98,2637.15,2616.6133333333332,54465.58022979,0,coinbase
1724112000,2637.63,2697.11,2555.26,2573.04,2608.4700000000003,83115.06804761,0,coinbase
1724198400,2572.69,2664.7,2536.49,2631.14,2610.7766666666666,68713.01543658,0,coinbase
1724284800,2631.18,2645.42,2584.59,2623.3,2617.77,45949.34305893,0,coinbase
1724371200,2623.26,2800.89,2621.38,2764.73,2729.0,97692.03219144,0,coinbase
1724457600,2764.89,2820.86,2732.75,2769.0,2774.2033333333334,52952.63243867,0,coinbase
1724544000,2768.95,2793.09,2734.52,2747.57,2758.3933333333334,28841.52308192,0,coinbase
1724630400,2747.06,2763.51,2667.25,2680.77,2703.8433333333337,60514.38739416,0,coinbase
1724716800,2680.75,2700.29,2393.38,2458.22,2517.2966666666666,110269.50067621,0,coinbase
1724803200,2457.84,2555.23,2418.63,2528.51,2500.7900000000004,115962.75554378,0,coinbase
1724889600,2528.76,2597.0,2503.09,2527.71,2542.6,78636.42412331,0,coinbase
1724976000,2527.76,2551.26,2430.25,2525.74,2502.4166666666665,85657.73143674,0,coinbase
1725062400,2525.7,2533.92,2492.03,2512.62,2512.856666666667,14398.21727088,0,coinbase
1725148800,2512.49,2516.27,2399.2,2425.9,2447.123333333333,40597.47657667,0,coinbase
1725235200,2425.78,2564.02,2423.56,2537.81,2508.463333333333,52519.15338901,0,coinbase
1725321600,2537.99,2553.75,2410.52,2424.18,2462.816666666667,59281.30494802,0,coinbase
1725408000,2424.16,2490.21,2307.12,2450.46,2415.93,112229.09718802,0,coinbase
1725494400,2450.26,2465.98,2347.19,2367.8,2393.6566666666668,73779.98448771,0,coinbase
1725580800,2367.5,2409.19,2150.0,2224.46,2261.2166666666667,158686.218366,0,coinbase
1725667200,2224.55,2311.27,2221.01,2272.88,2268.3866666666668,48605.25284293,0,coinbase
1725753600,2273.03,2334.03,2240.82,2297.47,2290.773333333333,48917.56725194,0,coinbase
1725840000,2297.35,2381.46,2273.0,2360.1,2338.1866666666665,91965.44801791,0,coinbase
1725926400,2359.71,2399.99,2320.91,2388.26,2369.72,63305.03364559,0,coinbase
1726012800,2388.71,2389.58,2276.66,2340.54,2335.5933333333332,83110.11059986,0,coinbase
1726099200,2340.24,2392.13,2314.76,2361.63,2356.1733333333336,67554.09932317,0,coinbase
1726185600,2361.75,2466.49,2336.57,2440.96,2414.673333333333,84983.24145206,0,coinbase
1726272000,2440.99,2442.56,2378.8,2418.19,2413.183333333334,29335.9983637,0,coinbase
1726358400,2418.3,2430.91,2285.0,2316.37,2344.0933333333332,48995.2967581,0,coinbase
1726444800,2316.01,2335.18,2251.99,2295.21,2294.1266666666666,83080.821853,0,coinbase
1726531200,2295.35,2394.0,2263.05,2342.1,2333.0499999999997,87006.28326236,0,coinbase
1726617600,2342.09,2376.26,2277.05,2374.59,2342.6333333333337,95717.21636064,0,coinbase
1726704000,2374.78,2495.27,2372.73,2465.84,2444.6133333333332,110765.46794849,0,coinbase
1726790400,2465.79,2573.26,2437.49,2562.02,2524.2566666666667,95098.81621245,0,coinbase
1726876800,2562.1,2623.26,2528.75,2613.16,2588.39,45981.75244353,0,coinbase
1726963200,2612.77,2632.92,2525.0,2580.92,2579.6133333333332,40733.97945098,0,coinbase
1727049600,2580.93,2704.62,2539.64,2646.72,2630.3266666666664,103739.53519625,0,coinbase
1727136000,2646.93,2671.85,2591.67,2653.31,2638.943333333333,101399.56360844,0,coinbase
1727222400,2653.53,2673.77,2553.93,2579.25,2602.3166666666666,75241.26087497,0,coinbase
1727308800,2579.84,2667.81,2558.84,2632.53,2619.726666666667,76698.05571684,0,coinbase
1727395200,2632.63,2729.39,2615.45,2695.37,2680.07,100248.85127199,0,coinbase
1727481600,2695.37,2705.26,2650.16,2675.79,2677.07,24386.06817246,0,coinbase
1727568000,2675.88,2683.77,2634.38,2657.89,2658.68,27101.55183847,0,coinbase
1727654400,2657.9,2663.97,2573.89,2601.27,2613.043333333333,73292.74710664,0,coinbase
1727740800,2601.33,2657.98,2413.11,2447.55,2506.2133333333336,155891.69082296,0,coinbase
1727827200,2447.54,2498.47,2351.92,2363.76,2404.7166666666667,91854.68404245,0,coinbase
1727913600,2363.51,2403.08,2309.17,2349.97,2354.0733333333333,75055.04033974,0,coinbase
1728000000,2349.73,2440.96,2338.96,2414.43,2398.116666666667,63427.16619712,0,coinbase
1728086400,2414.43,2428.22,2389.68,2414.51,2410.8033333333333,17445.77099774,0,coinbase
1728172800,2414.89,2457.57,2406.0,2439.84,2434.47,17368.14003888,0,coinbase
1728259200,2439.36,2520.39,2402.32,2421.68,2448.1299999999997,73870.56676745,0,coinbase
1728345600,2421.68,2464.51,2399.24,2439.48,2434.41,60536.06425091,0,coinbase
1728432000,2439.47,2472.09,2349.63,2368.66,2396.7933333333335,69323.07080214,0,coinbase
1728518400,2368.35,2418.41,2327.83,2384.32,2376.853333333333,87146.39549393,0,coinbase
1728604800,2384.42,2471.1,2379.84,2438.77,2429.9033333333336,79629.60253014,0,coinbase
1728691200,2439.15,2489.67,2433.43,2475.79,2466.2966666666666,26831.83205704,0,coinbase
1728777600,2475.79,2484.44,2435.88,2467.67,2462.6633333333334,28115.6827349,0,coinbase
1728864000,2467.95,2653.03,2442.42,2628.74,2574.73,134863.19504511,0,coinbase
1728950400,2628.75,2687.63,2536.47,2606.63,2610.2433333333333,147272.65006204,0,coinbase
1729036800,2606.73,2646.91,2588.05,2610.54,2615.1666666666665,97943.12619857,0,coinbase
1729123200,2610.43,2646.75,2576.01,2603.04,2613.4,5990.24615467,12971,kraken
1729209600,2603.05,2673.41,2595.53,2641.79,2635.95,9171.54260113,14848,kraken
1729296000,2641.79,2660.99,2630.99,2648.53,2643.56,1715.12505085,6781,kraken
1729382400,2648.53,2756.35,2635.22,2745.32,2692.79,9009.9964662,13701,kraken
1729468800,2745.33,2765.98,2656.61,2665.78,2699.54,10285.41903824,16779,kraken
1729555200,2665.78,2670.0,2605.57,2618.99,2630.0,10716.22471274,17778,kraken
1729641600,2618.99,2624.11,2445.86,2523.56,2541.66,10395.38099713,20460,kraken
1729728000,2523.57,2558.0,2506.13,2534.07,2531.49,7382.40051698,14798,kraken
1729814400,2534.23,2562.34,2379.82,2436.72,2494.52,14622.96341449,23716,kraken
1729900800,2436.73,2502.82,2427.61,2478.86,2460.16,8984.90587036,12309,kraken
1729987200,2478.87,2522.03,2462.49,2505.42,2483.33,8143.44768851,9064,kraken
1730073600,2505.42,2590.0,2470.37,2564.97,2524.93,24682.31945481,19296,kraken
1730160000,2564.97,2680.0,2560.0,2636.08,2611.68,31063.37398671,26766,kraken
1730246400,2636.09,2719.3,2594.97,2656.19,2669.14,14019.85246324,29049,kraken
1730332800,2656.2,2666.3,2500.97,2515.07,2578.88,9461.35526235,21317,kraken
1730419200,2515.09,2582.98,2465.47,2512.19,2519.69,15913.89051429,22234,kraken
1730505600,2512.19,2520.07,2470.69,2491.03,2492.49,7076.79370887,9832,kraken
1730592000,2491.78,2494.38,2411.88,2455.53,2444.12,13563.17589015,18043,kraken
1730678400,2455.54,2487.67,2357.77,2395.92,2427.72,10987.46331593,15346,kraken
1730764800,2395.92,2478.28,2379.9,2422.26,2437.11,12245.98320682,9518,kraken
1730851200,2422.26,2746.07,2421.56,2723.26,2619.87,33314.8654034,22409,kraken
1730937600,2723.26,2919.01,2701.38,2896.87,2840.22,25284.36024055,19771,kraken
1731024000,2896.95,2984.21,2889.29,2962.95,2932.05,24964.20014945,17340,kraken
1731110400,2963.1,3157.2,2957.24,3129.5,3047.05,24026.7700887,16578,kraken
1731196800,3128.19,3249.64,3070.82,3186.05,3176.82,36672.83164995,22949,kraken
1731283200,3186.18,3390.87,3108.67,3375.78,3263.69,44592.90884882,28551,kraken
1731369600,3375.76,3443.97,3208.13,3248.11,3314.49,38576.85720388,30115,kraken
1731456000,3247.87,3340.17,3122.24,3190.95,3217.63,26257.44240136,24980,kraken
1731542400,3191.47,3241.47,3031.47,3059.32,3167.32,24270.44099623,18177,kraken
1731628800,3059.55,3130.32,3015.98,3090.47,3065.25,15814.78802707,16280,kraken
1731715200,3090.48,3218.81,3075.0,3133.41,3142.66,11598.28805158,14860,kraken
1731801600,3133.66,3160.6,3038.53,3075.21,3106.64,9933.0625243,12105,kraken
1731888000,3075.21,3224.82,3051.95,3210.32,3132.98,19573.62843733,16344,kraken
1731974400,3209.5,3223.32,3069.47,3110.92,3121.87,14244.07826118,13758,kraken
1732060800,3111.78,3159.9,3033.9,3072.09,3088.81,12058.71046643,13222,kraken
1732147200,3072.07,3387.65,3036.0,3360.9,3279.2,38093.33593934,26825,kraken
1732233600,3360.9,3427.98,3261.11,3331.54,3329.57,26226.08428019,21947,kraken
1732320000,3332.12,3499.0,3318.18,3397.28,3406.2,36034.97990308,22889,kraken
1732406400,3397.44,3451.0,3288.0,3364.84,3360.46,16030.12625862,15952,kraken
1732492800,3364.53,3545.69,3305.12,3413.65,3456.14,42966.56496076,27943,kraken
1732579200,3413.65,3459.47,3254.78,3323.32,3346.29,20877.38539144,20120,kraken
1732665600,3323.34,3688.0,3302.49,3657.55,3518.03,40846.83247125,25927,kraken
1732752000,3657.17,3665.12,3531.36,3578.35,3605.42,22961.62647675,16798,kraken
1732838400,3579.53,3647.0,3535.69,3593.87,3591.01,14000.20890224,13130,kraken
1732924800,3593.83,3737.46,3572.0,3706.1,3674.11,21891.23238662,17585,kraken
1733011200,3706.12,3748.14,3662.94,3712.6,3709.25,27446.79418845,15962,kraken
1733097600,3712.61,3762.46,3557.13,3644.76,3653.99,27789.95248097,22380,kraken
1733184000,3644.76,3670.0,3505.1,3617.8,3595.27,19421.30580643,19730,kraken
1733270400,3617.22,3895.0,3617.22,3844.31,3788.35,36297.72930158,30981,kraken
1733356800,3844.1,3956.0,3680.0,3791.3,3868.44,45516.40677417,35855,kraken
1733443200,3790.01,4093.0,3782.72,4005.25,3972.16,37314.07520426,28588,kraken
1733529600,4005.21,4029.99,3973.54,4000.49,4001.4,14085.46081657,16239,kraken
1733616000,4000.28,4017.61,3928.0,4006.8,3984.71,12535.50822325,13212,kraken
1733702400,4006.79,4007.96,3488.0,3717.0,3760.3,39318.74127727,33743,kraken
1733788800,3716.27,3780.0,3519.1,3630.45,3645.4,28694.48186077,24302,kraken
1733875200,3630.25,3850.04,3567.0,3834.0,3751.44,23438.70084201,17848,kraken
1733961600,3834.0,3988.55,3802.28,3882.68,3918.69,23810.36525335,22750,kraken
1734048000,3882.69,3967.21,3855.0,3907.75,3915.88,13770.34861,14485,kraken
1734134400,3907.89,3943.52,3825.0,3869.81,3880.83,8039.67605465,11412,kraken
1734220800,3869.32,3972.06,3832.13,3954.5,3899.58,9797.00938306,11840,kraken
1734307200,3955.82,4107.0,3884.69,3987.53,3999.53,26144.73709648,27963,kraken
1734393600,3987.53,4041.23,3850.0,3893.52,3971.61,18353.90909475,19833,kraken
1734480000,3893.42,3903.21,3615.38,3624.84,3765.5,33305.02750252,27283,kraken
1734566400,3624.85,3718.46,3324.01,3414.63,3512.46,34443.16226905,33274,kraken
1734652800,3414.61,3496.75,3096.65,3472.0,3327.92,45125.3897113,42473,kraken
1734739200,3472.01,3553.48,3293.51,3337.39,3425.14,15465.74991821,16879,kraken
1734825600,3337.39,3398.08,3220.0,3276.69,3320.57,9760.97846811,13560,kraken
1734912000,3276.7,3460.96,3216.33,3417.84,3352.01,16085.34859588,17554,kraken
1734998400,3418.13,3534.69,3354.91,3490.91,3440.47,15220.98989849,14909,kraken
1735084800,3490.91,3543.46,3440.0,3494.01,3481.4,4523.22040883,9481,kraken
1735171200,3494.01,3509.19,3301.9,3331.04,3378.43,8591.10196181,13899,kraken
1735257600,3330.89,3435.0,3302.0,3327.59,3360.38,12708.40357759,16907,kraken
1735344000,3327.94,3418.35,3316.91,3398.39,3361.8,5730.59986135,9180,kraken
1735430400,3397.9,3406.86,3322.72,3349.5,3374.73,7692.09326016,9537,kraken
1735516800,3349.5,3430.01,3296.67,3355.59,3370.54,14071.05075894,15606,kraken
1735603200,3355.59,3444.97,3312.09,3333.3,3371.63,7580.74283203,9143,kraken
1735689600,3333.3,3365.0,3310.0,3354.0,3342.07,7408.39893614,7848,kraken
1735776000,3354.01,3502.89,3348.09,3451.94,3439.7,14594.91641574,13242,kraken
1735862400,3452.31,3626.87,3422.19,3607.57,3539.57,17530.98129415,13758,kraken
1735948800,3607.28,3668.77,3574.25,3657.58,3620.58,7867.50006327,10516,kraken
1736035200,3657.59,3673.97,3593.37,3635.44,3628.42,6286.78894375,8013,kraken
1736121600,3635.45,3742.25,3611.12,3688.57,3674.95,10772.97666662,13292,kraken
1736208000,3688.58,3698.95,3356.69,3380.7,3530.32,25663.18930499,18728,kraken
1736294400,3380.67,3414.55,3210.73,3326.34,3317.8,23962.3462754,18590,kraken
1736380800,3326.4,3355.0,3159.16,3219.04,3241.3,22821.45019896,15176,kraken
1736467200,3218.8,3320.0,3194.91,3266.05,3272.41,12562.09592819,13013,kraken
1736553600,3266.06,3317.8,3220.26,3282.32,3269.23,5421.8910703,8380,kraken
1736640000,3281.68,3295.83,3225.29,3264.98,3267.23,3855.18908716,7909,kraken
1736726400,3265.24,3335.86,2920.0,3136.15,3085.48,27425.86934353,25459,kraken
1736812800,3136.15,3255.25,3126.06,3222.73,3202.89,9781.12405623,15609,kraken
1736899200,3222.73,3473.02,3186.61,3451.43,3313.58,14326.57736837,19427,kraken
1736985600,3451.43,3456.84,3265.46,3307.25,3343.85,17898.4520615,18978,kraken
1737072000,3307.26,3526.0,3306.82,3473.69,3421.84,22178.63796414,19928,kraken
1737158400,3473.69,3494.68,3227.9,3306.14,3317.56,26305.19765281,22064,kraken
1737244800,3306.14,3445.01,3125.4,3210.68,3318.68,52361.86316029,42807,kraken
1737331200,3209.3,3444.0,3141.8,3278.11,3303.33,45616.72080957,36869,kraken
1737417600,3279.03,3364.82,3202.14,3327.15,3294.22,22864.05226624,20923,kraken
1737504000,3327.23,3363.77,3222.41,3239.35,3288.1,15768.57457524,15318,kraken
1737590400,3239.35,3346.92,3181.79,3337.96,3243.9,25785.02087467,21267,kraken
1737676800,3338.84,3427.0,3276.45,3309.92,3362.59,22297.82490878,19109,kraken
1737763200,3309.92,3349.75,3270.0,3316.31,3305.31,9849.69436275,10704,kraken
1737849600,3316.32,3359.15,3230.74,3233.47,3313.88,8183.49911064,10947,kraken
1737936000,3231.55,3250.83,3021.8,3179.98,3122.97,24056.68910148,27068,kraken
1738022400,3179.99,3220.64,3039.96,3076.6,3148.41,12733.58583337,17842,kraken
1738108800,3075.4,3179.53,3054.61,3113.22,3119.26,21359.32739738,13233,kraken
1738195200,3113.32,3283.43,3092.59,3247.77,3224.22,16347.91998744,14138,kraken
1738281600,3247.77,3438.0,3215.0,3300.25,3333.2,25242.92596014,18043,kraken
1738368000,3300.25,3327.76,3105.0,3116.46,3216.28,16345.39875732,12212,kraken
1738454400,3116.47,3161.49,2750.0,2869.46,2958.73,35348.07475767,25843,kraken
1738540800,2869.4,2923.0,2127.94,2883.26,2614.08,112739.38214815,66916,kraken
1738627200,2883.04,2892.22,2634.95,2735.22,2764.86,43404.5374032,24078,kraken
1738713600,2732.21,2825.94,2700.0,2788.76,2765.82,34975.34295561,15077,kraken
1738800000,2788.62,2856.38,2655.61,2687.08,2765.91,24086.10928625,14021,kraken
1738886400,2687.06,2797.73,2562.36,2623.39,2697.39,21082.50956463,14073,kraken
1738972800,2622.97,2665.53,2590.0,2632.79,2616.2,10461.92244461,7674,kraken
1739059200,2633.01,2696.99,2524.7,2628.76,2617.29,8383.24542496,9261,kraken
1739145600,2628.76,2692.4,2561.82,2661.24,2643.98,11291.55565388,9554,kraken
1739232000,2661.25,2756.91,2561.17,2603.04,2667.05,15012.59462073,11448,kraken
1739318400,2602.06,2794.68,2550.0,2737.85,2651.33,18843.03292884,13802,kraken
1739404800,2737.86,2756.0,2614.28,2676.18,2659.89,18000.83509342,10952,kraken
1739491200,2676.26,2790.13,2666.92,2725.81,2718.9,12478.71274275,11416,kraken
1739577600,2725.87,2738.58,2666.0,2693.0,2704.94,5810.02779489,7098,kraken
1739664000,2693.0,2725.85,2652.76,2663.01,2693.35,7272.5984052,6934,kraken
1739750400,2663.01,2847.0,2640.0,2742.99,2759.24,20062.85356388,14890,kraken
1739836800,2743.0,2754.29,2605.12,2669.75,2670.78,21941.00370776,17782,kraken
1739923200,2669.75,2736.28,2655.73,2715.01,2710.98,15173.023464,10397,kraken
1740009600,2715.01,2768.86,2708.26,2739.33,2737.11,8658.94442664,9630,kraken
1740096000,2739.34,2843.9,2616.73,2658.99,2719.38,20116.9627884,18995,kraken
1740182400,2660.13,2797.5,2653.58,2763.33,2751.73,16470.65952973,10736,kraken
1740268800,2763.34,3021.6,2746.2,2819.49,2810.3,36877.20437329,14290,kraken
1740355200,2819.49,2838.33,2473.34,2514.21,2652.25,35867.26546741,22358,kraken
1740441600,2513.2,2530.28,2309.99,2491.74,2435.06,50736.0339776,30414,kraken
1740528000,2492.86,2502.95,2251.92,2332.44,2379.62,31849.82794725,21306,kraken
1740614400,2333.12,2378.09,2229.66,2304.85,2313.01,16320.28156931,18277,kraken
1740700800,2305.4,2310.11,2075.01,2236.31,2157.25,36263.41763858,26159,kraken
1740787200,2236.42,2278.76,2142.38,2215.6,2213.48,13210.69235355,8567,kraken
1740873600,2216.67,2550.0,2173.62,2519.77,2413.68,44524.3059821,29980,kraken
1740960000,2519.77,2525.23,2095.0,2147.28,2292.88,29964.46930938,21403,kraken
1741046400,2147.59,2221.8,1990.68,2170.99,2095.35,32023.38959899,23340,kraken
1741132800,2170.96,2273.18,2155.03,2241.22,2205.98,21291.35977264,13773,kraken
1741219200,2241.56,2319.2,2176.44,2202.2,2243.23,16571.33272778,14479,kraken
1741305600,2202.2,2257.45,2103.67,2139.49,2172.09,19972.92728282,17074,kraken
1741392000,2139.49,2232.35,2105.76,2203.01,2183.86,12444.07216529,8942,kraken
1741478400,2203.18,2210.62,1991.13,2019.51,2087.89,22145.70272612,14954,kraken
1741564800,2019.51,2152.15,1810.66,1863.51,1967.59,44650.75065639,26524,kraken
1741651200,1863.51,1962.0,1753.01,1922.11,1889.81,27955.88379175,20757,kraken
1741737600,1923.08,1955.52,1830.42,1907.97,1891.34,22627.89635978,15342,kraken
1741824000,1908.05,1920.8,1822.12,1862.99,1874.89,16264.56652363,12246,kraken
1741910400,1862.99,1944.13,1861.71,1910.01,1908.61,12153.97178796,12015,kraken
1741996800,1910.01,1957.6,1904.03,1936.8,1930.34,5868.36741711,9391,kraken
1742083200,1936.81,1939.79,1862.26,1887.1,1896.71,7434.08897205,11350,kraken
1742169600,1887.1,1951.23,1881.0,1926.26,1918.71,10018.43074833,10670,kraken
1742256000,1926.26,1934.06,1872.31,1931.66,1902.08,10578.2727335,10293,kraken
1742342400,1931.28,2068.99,1927.77,2057.01,2004.6,22377.91926825,17606,kraken
1742428800,2056.71,2066.99,1951.96,1981.55,1989.11,15477.38407813,12035,kraken
1742515200,1981.61,1993.93,1935.91,1964.29,1962.92,9119.37103192,9076,kraken
1742601600,1964.29,2004.66,1964.28,1980.15,1989.59,6396.27396696,7965,kraken
1742688000,1980.15,2019.99,1977.27,2005.13,2000.61,6546.97274361,7026,kraken
1742774400,2005.13,2104.11,1978.12,2081.86,2067.47,17932.4584707,11278,kraken
1742860800,2081.37,2097.82,2038.61,2066.35,2065.36,8602.29900806,9245,kraken
1742947200,2066.36,2078.7,1982.36,2009.22,2025.36,15485.38165328,10116,kraken
1743033600,2009.64,2036.93,1987.86,2002.08,2013.29,9482.79110463,7919,kraken
1743120000,2002.09,2015.8,1860.0,1895.61,1902.56,17157.66261686,13667,kraken
1743206400,1896.0,1911.99,1796.04,1827.62,1846.14,9150.65068788,9194,kraken
1743292800,1827.69,1847.43,1767.65,1806.21,1813.93,13130.84375911,8303,kraken
1743379200,1806.21,1852.64,1777.72,1822.8,1817.12,18053.95407815,9352,kraken
1743465600,1822.06,1927.19,1819.01,1905.28,1883.39,22687.98123522,17300,kraken
1743552000,1905.28,1955.0,1781.97,1792.97,1874.96,21161.26935611,15305,kraken
1743638400,1794.85,1843.76,1750.0,1815.63,1786.72,21584.19549121,14005,kraken
1743724800,1815.62,1834.03,1759.59,1815.21,1795.89,18589.8883563,14367,kraken
1743811200,1815.99,1826.0,1765.01,1805.58,1793.86,5388.08485084,6019,kraken
1743897600,1805.58,1815.38,1537.26,1578.98,1646.9,37137.71528388,24214,kraken
1743984000,1578.99,1636.43,1410.7,1551.65,1523.42,60654.67367592,37729,kraken
1744070400,1551.85,1617.6,1445.07,1471.99,1532.27,29537.8196441,18207,kraken
1744156800,1471.99,1687.44,1384.17,1668.81,1545.86,47468.49329403,26234,kraken
1744243200,1668.79,1668.8,1472.9,1521.26,1560.42,30538.52318617,18429,kraken
1744329600,1521.32,1591.01,1505.17,1566.21,1558.06,26750.80820519,15988,kraken
1744416000,1566.22,1668.28,1546.42,1643.34,1627.17,18654.6026718,12559,kraken
1744502400,1643.35,1647.99,1562.5,1596.65,1606.84,19812.68534242,12925,kraken
1744588800,1596.65,1690.88,1595.39,1622.99,1642.72,19362.566898,15799,kraken
1744675200,1622.99,1659.87,1583.03,1588.98,1623.99,14022.83226789,12673,kraken
1744761600,1588.62,1613.59,1538.85,1577.06,1583.07,20623.02779052,14538,kraken
1744848000,1577.29,1615.66,1564.02,1582.34,1594.14,12557.77157116,12214,kraken
1744934400,1582.48,1599.27,1574.11,1588.4,1588.47,6990.22817809,8451,kraken
1745020800,1588.34,1630.0,1585.54,1613.14,1603.69,9780.41289465,9607,kraken
1745107200,1613.14,1618.62,1566.55,1587.49,1591.5,10671.15100835,7795,kraken
1745193600,1587.3,1657.12,1564.32,1580.07,1616.46,19686.26581742,12709,kraken
1745280000,1580.07,1777.77,1538.02,1757.59,1676.05,28963.5706252,18986,kraken
1745366400,1757.59,1834.44,1746.54,1796.05,1792.07,27727.02451984,18283,kraken
1745452800,1796.05,1802.39,1723.73,1770.0,1761.57,16118.01056901,13418,kraken
1745539200,1770.0,1827.85,1740.27,1786.61,1787.9,22180.9216731,14049,kraken
1745625600,1786.6,1840.0,1779.91,1820.85,1805.91,13976.64962844,8187,kraken
1745712000,1821.62,1857.05,1784.49,1791.82,1817.84,12195.27327963,8940,kraken
1745798400,1791.82,1826.99,1746.58,1799.56,1785.81,14783.75446982,13764,kraken
1745884800,1799.56,1842.0,1782.31,1798.99,1813.57,12274.23844826,11248,kraken
1745971200,1798.98,1816.56,1733.43,1793.92,1781.27,11976.03629869,11820,kraken
1746057600,1793.87,1872.85,1792.79,1838.84,1841.61,15053.62660473,12826,kraken
1746144000,1838.73,1869.99,1814.41,1843.01,1842.8,16850.30790356,9188,kraken
1746230400,1843.01,1847.5,1811.86,1833.85,1831.73,7731.59587612,6450,kraken
1746316800,1833.83,1850.62,1803.72,1809.09,1833.08,11790.49663962,7469,kraken
1746403200,1808.95,1832.44,1783.04,1819.9,1808.97,9463.6040202,9429,kraken
1746489600,1819.9,1820.11,1752.41,1816.54,1784.38,11568.08885054,9779,kraken
1746576000,1816.55,1848.62,1788.72,1811.43,1824.55,21448.50222974,10373,kraken
1746662400,1811.43,2223.0,1809.0,2208.36,2037.96,59326.67961335,27732,kraken
1746748800,2208.06,2488.8,2186.57,2345.79,2323.65,52184.32087583,32811,kraken
1746835200,2345.61,2598.7,2318.83,2585.0,2463.42,47052.677501,24973,kraken
1746921600,2584.99,2606.65,2434.8,2515.58,2518.97,30980.70594058,20869,kraken
1747008000,2515.12,2624.0,2408.57,2495.4,2528.67,49251.47190927,25111,kraken
1747094400,2495.41,2736.66,2416.26,2680.2,2583.43,38626.79991585,23100,kraken
1747180800,2680.2,2725.0,2548.63,2610.35,2628.79,28788.83353871,19598,kraken
1747267200,2610.49,2645.09,2473.8,2547.87,2558.32,29236.09193957,18429,kraken
1747353600,2548.66,2647.09,2530.0,2537.43,2584.98,25868.89746586,13799,kraken
1747440000,2537.43,2537.43,2447.63,2475.74,2479.36,12931.52955548,12897,kraken
1747526400,2475.75,2585.0,2308.0,2497.69,2464.68,24528.63851369,18765,kraken
1747612800,2498.98,2547.21,2350.33,2528.52,2452.6,22509.22919583,16982,kraken
1747699200,2528.75,2588.0,2445.05,2524.81,2513.57,23681.98556185,15824,kraken
1747785600,2524.82,2615.25,2442.69,2552.1,2541.27,43029.89905163,23309,kraken
1747872000,2551.67,2692.01,2545.44,2664.5,2643.29,43979.95800464,23302,kraken
1747958400,2664.31,2731.8,2501.6,2526.82,2630.15,55401.77039659,26215,kraken
1748044800,2526.82,2577.19,2516.23,2531.68,2547.89,9579.74025327,10833,kraken
1748131200,2531.67,2554.18,2463.62,2551.43,2503.6,14295.08985297,12080,kraken
1748217600,2550.95,2599.0,2526.98,2563.64,2563.57,13032.46589986,11511,kraken
1748304000,2563.64,2711.0,2512.11,2663.04,2634.24,33095.51883955,19582,kraken
1748390400,2663.03,2689.57,2610.6,2682.41,2646.38,29047.88806406,16082,kraken
1748476800,2682.4,2787.34,2620.2,2631.26,2700.59,37646.85288669,23742,kraken
1748563200,2631.27,2647.13,2508.57,2531.46,2581.05,24705.7642487,18892,kraken
1748649600,2531.45,2550.0,2479.01,2529.11,2522.6,25473.20040508,11980,kraken
1748736000,2529.33,2547.35,2470.54,2538.28,2512.71,21623.94398572,11295,kraken
1748822400,2540.63,2615.52,2476.05,2608.13,2522.73,37110.87920838,16137,kraken
1748908800,2608.14,2654.99,2579.1,2594.64,2618.48,19787.50307988,14111,kraken
1748995200,2594.64,2680.0,2585.39,2608.18,2633.41,21974.52746449,14123,kraken
1749081600,2608.17,2641.35,2393.21,2416.63,2531.53,31471.18301037,20584,kraken
1749168000,2416.64,2530.85,2385.58,2478.03,2470.75,30881.09778721,17406,kraken
1749254400,2478.02,2543.18,2458.83,2525.68,2503.65,17238.40598937,8580,kraken
1749340800,2525.54,2547.1,2494.02,2511.12,2518.16,11564.90582193,7650,kraken
1749427200,2511.12,2696.49,2480.0,2681.57,2574.38,29817.26697285,15124,kraken
1749513600,2681.06,2825.42,2655.59,2816.32,2732.44,38449.84035993,24102,kraken
1749600000,2816.36,2880.51,2744.37,2771.98,2809.76,33951.42377047,20882,kraken
1749686400,2771.98,2784.93,2618.64,2643.89,2719.18,30849.00191076,18611,kraken
1749772800,2643.89,2645.0,2440.77,2579.64,2526.28,37424.0436697,27107,kraken
1749859200,2579.52,2580.2,2489.95,2533.18,2531.14,10299.39541591,9674,kraken
1749945600,2531.43,2558.18,2493.47,2546.96,2531.13,12347.54670408,10177,kraken
1750032000,2547.47,2679.0,2515.87,2541.11,2613.82,27186.99114229,17019,kraken
1750118400,2545.53,2617.47,2455.85,2510.11,2531.36,21808.47946107,15919,kraken
1750204800,2510.11,2547.17,2466.05,2525.79,2512.29,20806.14277384,15158,kraken
1750291200,2525.5,2546.37,2485.77,2521.43,2519.26,7224.27630446,8124,kraken
1750377600,2521.43,2568.09,2366.73,2406.04,2459.68,23313.04595301,16701,kraken
1750464000,2406.71,2448.51,2217.24,2296.29,2337.23,19934.82597032,14535,kraken
1750550400,2296.43,2314.0,2114.63,2227.41,2227.79,42446.83668109,22182,kraken
1750636800,2227.41,2442.18,2190.68,2413.73,2308.49,34637.51728752,21321,kraken
1750723200,2413.32,2481.81,2378.37,2448.24,2421.58,27590.12403842,16824,kraken
1750809600,2448.24,2469.38,2391.43,2419.12,2426.17,20293.04951264,12855,kraken
1750896000,2419.11,2520.0,2396.67,2416.21,2447.05,16998.2426506,13724,kraken
1750982400,2416.22,2463.09,2380.39,2424.18,2423.64,13650.80119555,11523,kraken
1751068800,2424.35,2447.98,2405.8,2437.56,2430.4,4071.75859584,6847,kraken
1751155200,2437.56,2523.77,2415.0,2501.2,2460.06,7261.83494912,8864,kraken
1751241600,2501.2,2522.45,2435.45,2486.1,2485.07,14104.19724421,12997,kraken
1751328000,2486.1,2499.95,2386.2,2405.76,2431.84,17164.01401404,13663,kraken
1751414400,2405.76,2618.09,2373.31,2570.49,2527.58,28822.71769168,26170,kraken
1751500800,2570.5,2636.65,2557.22,2591.13,2591.25,30532.87412442,21262,kraken
1751587200,2591.36,2602.74,2475.22,2508.0,2527.96,17856.72977104,20461,kraken
1751673600,2508.0,2529.0,2489.37,2516.99,2512.17,6819.52152058,12185,kraken
1751760000,2516.99,2605.0,2505.0,2572.17,2552.3,11571.11065475,16877,kraken
1751846400,2572.17,2589.22,2515.0,2542.52,2546.12,17369.4695563,14738,kraken
1751932800,2542.52,2627.0,2525.01,2615.74,2581.57,23272.28666038,15517,kraken
1752019200,2615.75,2795.41,2592.19,2770.33,2702.23,55374.4515272,28647,kraken
1752105600,2770.33,3000.3,2757.68,2951.71,2846.99,58201.39172132,32449,kraken
1752192000,2951.72,3039.25,2916.07,2958.01,2984.46,42294.37759959,32525,kraken
1752278400,2958.01,2980.68,2905.34,2942.64,2947.57,10959.83647228,14962,kraken
1752364800,2942.64,3019.71,2938.61,2973.24,2977.5,19663.44594076,19826,kraken
1752451200,2973.25,3081.76,2964.59,3014.59,3027.19,48232.60517518,37101,kraken
1752537600,3014.29,3144.09,2935.0,3140.01,3035.84,45854.02613509,30225,kraken
1752624000,3140.01,3423.0,3101.92,3372.67,3272.08,52537.04504199,37306,kraken
1752710400,3372.46,3524.0,3312.11,3479.33,3427.1,60830.26089768,38899,kraken
1752796800,3479.34,3675.93,3461.76,3549.05,3586.28,69989.80709475,42919,kraken
1752883200,3549.18,3609.01,3512.07,3596.18,3566.34,12575.8898475,15841,kraken
1752969600,3596.18,3822.85,3581.4,3760.07,3722.67,42201.77821032,30751,kraken
1753056000,3759.0,3859.67,3706.71,3764.17,3785.19,42037.6390746,29026,kraken
1753142400,3764.17,3800.0,3618.0,3749.04,3700.17,45507.00439243,28234,kraken
1753228800,3749.04,3765.91,3530.0,3629.0,3646.06,52061.58452841,27332,kraken
1753315200,3629.0,3773.86,3515.0,3706.09,3666.18,44719.16823416,24026,kraken
1753401600,3709.34,3745.0,3575.0,3725.52,3668.35,28434.19767673,23843,kraken
1753488000,3725.52,3793.2,3701.31,3742.2,3744.41,14354.99607502,14784,kraken
1753574400,3742.45,3878.86,3732.49,3875.0,3817.57,15864.4542278,17579,kraken
1753660800,3875.01,3939.3,3755.33,3797.08,3853.99,31592.83688576,25171,kraken
1753747200,3798.36,3885.48,3716.23,3792.87,3790.46,28769.35921188,21956,kraken
1753833600,3792.86,3831.5,3663.75,3806.85,3775.07,25998.77571475,21246,kraken
1753920000,3808.01,3877.25,3685.49,3698.08,3789.59,32435.26236521,21230,kraken
1754006400,3697.68,3722.99,3429.88,3485.96,3601.53,57910.06943977,36600,kraken
1754092800,3485.96,3536.0,3369.0,3392.97,3445.82,33364.78385669,19599,kraken
1754179200,3392.97,3518.23,3350.0,3496.8,3457.33,18341.30157739,15582,kraken
1754265600,3496.95,3736.1,3490.84,3719.99,3614.7,36905.20713242,22427,kraken
1754352000,3720.0,3720.0,3544.32,3611.38,3615.65,58255.79486687,22939,kraken
1754438400,3611.38,3698.6,3565.35,3683.56,3639.06,25721.15483636,16753,kraken
1754524800,3683.56,3927.5,3650.36,3912.74,3820.6,50916.50482268,27222,kraken
1754611200,3912.75,4070.0,3880.42,4008.37,3973.77,78958.7836631,37509,kraken
1754697600,4008.37,4323.41,4008.0,4262.91,4194.47,57341.33857955,35773,kraken
1754784000,4262.91,4329.93,4161.83,4251.61,4226.22,56525.261058,25299,kraken
1754870400,4251.62,4362.74,4168.3,4225.0,4277.98,62555.98522514,38588,kraken
1754956800,4225.01,4634.45,4221.44,4590.0,4462.5,74155.29673329,50035,kraken
1755043200,4590.01,4782.99,4565.31,4750.83,4685.08,80090.90291867,55419,kraken
1755129600,4750.83,4790.39,4446.98,4549.29,4614.74,91899.43327771,54790,kraken
1755216000,4549.3,4669.23,4368.45,4443.2,4530.17,52885.57152723,36070,kraken
1755302400,4443.2,4491.81,4374.88,4424.21,4429.61,22809.93090601,19739,kraken
1755388800,4423.99,4581.39,4400.0,4472.99,4508.75,19422.38550301,21162,kraken
1755475200,4472.99,4482.35,4228.77,4312.56,4327.71,47317.32654038,34719,kraken
1755561600,4312.56,4353.36,4067.32,4074.66,4209.47,53618.70862734,32827,kraken
1755648000,4074.64,4378.12,4065.0,4334.99,4238.5,54336.99414559,28700,kraken
1755734400,4335.0,4337.29,4205.0,4223.73,4270.02,25886.95038826,18520,kraken
1755820800,4224.57,4889.93,4207.02,4830.0,4638.1,119591.52706168,55683,kraken
1755907200,4830.01,4830.53,4659.21,4776.69,4736.87,37064.65115903,21617,kraken
1755993600,4776.67,4956.01,4710.0,4779.18,4834.38,56659.31072111,35715,kraken
1756080000,4779.81,4796.28,4335.28,4377.69,4539.62,69124.74799836,39867,kraken
1756166400,4377.59,4633.0,4310.0,4600.83,4489.93,48504.99152468,31030,kraken
1756252800,4601.11,4661.12,4480.15,4506.04,4585.68,42494.71089709,27000,kraken
1756339200,4506.12,4629.55,4430.0,4512.18,4524.16,31189.68398612,19279,kraken
1756425600,4512.13,4513.98,4265.0,4359.78,4367.02,42283.10155559,25849,kraken
1756512000,4360.76,4413.53,4261.15,4374.39,4354.17,14195.08019999,12476,kraken
1756598400,4374.39,4497.84,4374.38,4391.93,4452.13,24949.71122985,14238,kraken
1756684800,4392.91,4491.18,4213.21,4314.38,4358.72,30777.72273799,21589,kraken
1756771200,4314.55,4416.48,4258.4,4325.58,4326.41,35363.59751947,19515,kraken
1756857600,4326.88,4488.63,4285.92,4450.0,4407.11,44006.54067604,20652,kraken
1756944000,4450.0,4480.0,4269.0,4299.15,4352.21,26427.24561653,18225,kraken
1757030400,4299.15,4491.84,4256.47,4307.02,4357.25,42318.26958483,23342,kraken
1757116800,4307.69,4328.95,4233.14,4274.96,4280.5,10750.98319083,10337,kraken
1757203200,4274.96,4335.74,4270.02,4305.19,4296.57,9710.56009947,10089,kraken
1757289600,4305.19,4383.22,4280.0,4307.5,4327.93,22526.89162831,17605,kraken
1757376000,4306.85,4387.48,4268.83,4308.23,4324.54,18285.2311497,20891,kraken
1757462400,4308.23,4450.0,4286.62,4349.81,4359.31,38559.64417855,20969,kraken
1757548800,4350.27,4479.62,4341.39,4462.85,4417.8,38122.54532015,20760,kraken
1757635200,4462.85,4750.0,4453.59,4716.93,4577.27,44737.37449077,28783,kraken
1757721600,4716.93,4765.45,4610.0,4666.17,4695.57,21391.2119141,19481,kraken
1757808000,4666.17,4692.31,4581.0,4608.76,4626.66,19067.21647891,14315,kraken
1757894400,4608.77,4670.13,4467.79,4527.02,4546.94,20497.93123278,18107,kraken
1757980800,4527.03,4536.9,4416.7,4504.6,4481.88,27190.62670602,17005,kraken
1758067200,4504.6,4641.8,4429.17,4592.34,4519.26,42363.37888803,23964,kraken
1758153600,4592.21,4644.29,4555.45,4589.52,4598.68,21422.29410136,20007,kraken
1758240000,4589.52,4620.0,4441.03,4471.11,4516.8,14558.03552665,16114,kraken
1758326400,4471.12,4508.31,4460.0,4481.59,4484.59,8786.63728483,8807,kraken
1758412800,4481.59,4500.58,4444.59,4447.0,4480.98,16208.45729364,10275,kraken
1758499200,4447.01,4456.92,4000.0,4203.07,4211.89,61164.06654304,36645,kraken
1758585600,4203.07,4234.65,4117.81,4165.01,4179.43,26096.35733319,17557,kraken
1758672000,4165.01,4275.48,4075.0,4154.62,4161.74,36881.01867094,17135,kraken
1758758400,4154.42,4161.74,3825.2,3872.63,3957.57,56697.8339456,32465,kraken
1758844800,3872.63,4070.64,3871.69,4035.39,3969.78,36427.48319993,20997,kraken
1758931200,4035.39,4040.4,3974.04,4019.11,4005.8,6643.06393079,8977,kraken
1759017600,4019.64,4150.26,3965.78,4145.33,4059.63,25503.59737578,12220,kraken
1759104000,4145.33,4237.67,4084.97,4218.01,4153.59,21726.84825565,17443,kraken
1759190400,4218.01,4246.0,4093.11,4146.97,4155.09,35033.02446656,17527,kraken
1759276800,4146.98,4359.72,4124.4,4350.03,4298.87,29073.31194622,20622,kraken
1759363200,4349.96,4530.85,4336.22,4487.47,4434.2,32776.89856049,23429,kraken
1759449600,4487.48,4593.82,4430.88,4514.89,4505.67,35317.95354726,22921,kraken
1759536000,4514.89,4520.0,4442.55,4489.0,4491.37,14091.77128201,12357,kraken
1759622400,4489.0,4616.47,4472.49,4516.68,4538.48,22569.8121634,18155,kraken
1759708800,4516.68,4759.01,4491.44,4688.96,4653.54,44942.59095068,27362,kraken
1759795200,4687.59,4757.08,4435.01,4450.01,4578.22,43032.90671788,29981,kraken
1759881600,4450.01,4558.2,4414.17,4526.57,4487.92,18580.10900842,23429,kraken
1759968000,4526.58,4528.47,4269.2,4370.28,4360.51,35929.19076205,29191,kraken
1760054400,4370.28,4395.0,3423.26,3837.22,3920.78,132001.7663482,96157,kraken
1760140800,3837.11,3883.3,3650.0,3749.47,3794.5,32571.61542712,36615,kraken
1760227200,3750.02,4200.0,3700.0,4156.74,4043.29,64164.86926318,37649,kraken
1760313600,4156.74,4293.6,4042.17,4244.36,4184.0,35145.60603277,30115,kraken
1760400000,4244.36,4264.58,3890.78,4125.99,4055.77,59476.16484645,38490,kraken
1760486400,4125.99,4216.33,3932.0,3987.78,4030.51,22055.55541692,24705,kraken
1760572800,3987.78,4087.62,3828.0,3895.24,3950.61,30292.7230202,27562,kraken
1760659200,3895.24,3949.0,3677.0,3833.11,3797.45,30698.31567156,35179,kraken
1760745600,3833.11,3929.2,3821.43,3889.37,3881.69,7962.64852878,11445,kraken
1760832000,3889.37,4028.63,3826.4,3984.67,3955.63,19463.65152194,17936,kraken
1760918400,3984.47,4085.3,3909.93,3981.32,3999.06,19184.10595721,22014,kraken
1761004800,3981.32,4110.0,3842.0,3874.68,3988.98,27378.91471289,25514,kraken
1761091200,3874.69,3891.38,3708.51,3805.71,3814.73,23651.30898938,23085,kraken
1761177600,3805.71,3933.0,3797.77,3858.33,3862.47,12330.0718371,15573,kraken
1761264000,3858.34,4021.75,3850.0,3935.68,3941.87,15595.79038715,18059,kraken
1761350400,3935.68,3968.91,3914.34,3954.29,3944.87,6398.61014376,10439,kraken
1761436800,3954.29,4177.73,3916.74,4158.73,4068.6,21125.78723594,19332,kraken
1761523200,4158.83,4252.57,4095.47,4118.66,4173.81,24468.44344254,24855,kraken
1761609600,4118.66,4174.82,3926.42,3980.25,4049.4,30960.94808476,23891,kraken
1761696000,3980.15,4035.79,3840.0,3902.54,3970.26,32679.24745774,23709,kraken
1761782400,3902.54,3948.66,3678.76,3802.67,3810.92,34893.75741998,31199,kraken
1761868800,3803.69,3900.0,3796.49,3846.73,3846.42,15811.4862328,20519,kraken
1761955200,3846.73,3881.41,3830.69,3872.37,3863.01,6061.64651082,7540,kraken
1762041600,3872.37,3916.6,3837.92,3907.44,3874.47,6173.84733877,9616,kraken
1762128000,3906.81,3913.33,3558.19,3601.99,3660.91,40458.0743398,37311,kraken
1762214400,3601.99,3649.9,3058.27,3288.88,3383.68,74643.28172729,61292,kraken
1762300800,3286.58,3480.0,3168.13,3424.01,3362.96,39185.08980965,29379,kraken
1762387200,3424.01,3454.94,3243.78,3313.54,3338.3,26409.95548581,21957,kraken
1762473600,3313.53,3488.32,3178.39,3433.9,3310.82,96651.64758615,58600,kraken
1762560000,3434.51,3485.22,3356.95,3400.21,3422.99,10474.0316675,12853,kraken
1762646400,3400.21,3621.0,3360.0,3584.2,3510.16,24297.31626342,18897,kraken
1762732800,3584.21,3658.0,3508.0,3565.64,3586.52,33867.64543702,20050,kraken
1762819200,3566.47,3644.2,3404.17,3414.42,3516.81,33968.15847659,18099,kraken
1762905600,3416.34,3586.3,3372.02,3413.51,3461.56,26839.60831944,19658,kraken
1762992000,3414.75,3561.69,3153.33,3230.34,3342.08,44868.13615712,29587,kraken
1763078400,3230.24,3252.0,3067.18,3109.23,3154.12,58982.09457119,37890,kraken
1763164800,3109.81,3227.5,3109.81,3167.37,3173.96,14057.54959132,13232,kraken
1763251200,3167.37,3244.75,3003.32,3093.51,3122.94,30206.85567438,20251,kraken
1763337600,3092.44,3217.79,2955.78,3025.5,3056.14,34962.0608538,30925,kraken
1763424000,3026.65,3168.86,2941.02,3122.0,3074.86,43756.47394556,32319,kraken
1763510400,3121.81,3123.16,2870.83,3022.4,2965.31,52001.59895066,33388,kraken
1763596800,3022.4,3058.46,2788.37,2830.0,2900.83,43132.2473082,38169,kraken
1763683200,2830.95,2881.24,2621.08,2765.39,2739.19,45681.70906242,44670,kraken
1763769600,2765.39,2797.32,2704.51,2767.09,2746.18,6962.53498869,14313,kraken
1763856000,2767.09,2856.78,2767.08,2801.0,2819.56,11792.90653389,18739,kraken
1763942400,2801.0,2983.98,2762.75,2951.88,2881.1,22346.21426151,29405,kraken
1764028800,2951.88,2977.85,2856.2,2959.04,2915.36,22133.71475348,26581,kraken
1764115200,2959.04,3044.02,2888.11,3026.95,2963.02,28108.61947289,24634,kraken
1764201600,3026.95,3070.59,2986.2,3014.85,3027.96,10653.44095957,16695,kraken
1764288000,3014.85,3097.0,2995.62,3032.32,3051.23,13157.22527129,20780,kraken
1764374400,3032.33,3052.04,2964.9,2990.01,3005.59,7456.26655312,14190,kraken
1764460800,2990.01,3052.2,2977.36,2991.95,3023.14,7419.65171797,13404,kraken
1764547200,2992.16,2996.68,2718.8,2799.79,2808.67,49179.38203832,34279,kraken
1764633600,2799.8,3034.42,2784.31,2997.97,2906.53,26073.42022328,27026,kraken
1764720000,2997.97,3213.0,2986.81,3189.39,3107.0,30837.58301078,34353,kraken
1764806400,3189.14,3239.96,3069.6,3133.94,3167.13,29031.86227151,28853,kraken
1764892800,3133.95,3192.73,2985.0,3023.8,3084.99,25915.39266655,29926,kraken
1764979200,3023.8,3069.61,3012.87,3040.62,3039.59,5928.65290106,13597,kraken
1765065600,3040.57,3149.11,2914.0,3060.35,3039.11,17037.3830401,23012,kraken
1765152000,3060.19,3179.21,3042.24,3124.35,3122.61,23079.79665474,28671,kraken
1765238400,3124.35,3396.98,3091.74,3318.37,3295.81,42587.41106955,36263,kraken
1765324800,3318.37,3448.32,3289.82,3324.64,3361.17,44390.89126879,34478,kraken
1765411200,3324.8,3327.67,3146.51,3236.85,3210.34,40659.41144982,31426,kraken
1765497600,3237.17,3266.0,3046.15,3085.09,3147.03,31634.82058594,32995,kraken
1765584000,3085.23,3135.0,3078.83,3115.15,3105.05,9109.74933775,14043,kraken
1765670400,3115.0,3129.0,3026.11,3062.77,3089.46,23134.98621619,20297,kraken
1765756800,3063.51,3175.7,2894.06,2964.51,3037.03,41002.61711673,42015,kraken
1765843200,2964.75,2980.81,2875.91,2961.9,2940.81,26976.25378803,32617,kraken
1765929600,2961.9,3028.78,2790.66,2833.01,2892.64,45806.76927186,38149,kraken
1766016000,2832.46,2993.92,2775.0,2826.65,2880.35,56208.14177952,37240,kraken
1766102400,2827.19,3016.58,2807.51,2977.94,2932.54,40968.60150326,35511,kraken
1766188800,2977.94,2992.0,2965.91,2977.08,2978.98,10118.90063902,12990,kraken
1766275200,2977.08,3012.11,2944.28,3001.35,2981.48,27591.86823606,17221,kraken
1766361600,3001.36,3075.51,2963.26,3007.03,3027.61,27858.83080499,31738,kraken
1766448000,3007.29,3032.8,2900.35,2963.44,2956.22,20946.68264799,24743,kraken
1766534400,2963.44,2976.12,2888.0,2945.49,2934.05,15426.89606787,17954,kraken
1766620800,2945.42,2968.66,2890.0,2902.89,2932.55,8474.79039716,12816,kraken
1766707200,2902.88,2990.83,2893.72,2925.71,2953.82,22126.58054645,20757,kraken
1766793600,2925.72,2958.0,2916.37,2947.1,2929.41,6742.19639745,11318,kraken
1766880000,2946.85,2957.25,2923.7,2948.59,2938.55,8796.21768475,13513,kraken
1766966400,2948.91,3053.42,2907.38,2934.84,2968.04,37652.96039268,28931,kraken
1767052800,2934.31,3004.08,2915.54,2970.49,2972.17,33048.24581834,19874,kraken
1767139200,2970.31,3023.0,2955.79,2967.13,2976.76,16878.67450477,19775,kraken
1767225600,2967.13,3006.0,2967.13,2999.8,2984.69,9252.15614608,12884,kraken
1767312000,3000.22,3147.65,2989.3,3124.04,3075.77,33453.81358317,26452,kraken
1767398400,3124.04,3135.3,3075.13,3125.5,3112.24,15637.74766073,17102,kraken
1767484800,3125.5,3164.79,3116.41,3143.42,3141.02,11752.41165471,14250,kraken
1767571200,3143.18,3264.6,3133.98,3224.67,3194.78,31644.49754788,26828,kraken
1767657600,3224.83,3308.21,3181.17,3295.29,3253.8,26560.53317884,25616,kraken
1767744000,3295.36,3295.36,3123.0,3166.37,3178.89,19088.05814799,20424,kraken
1767830400,3166.38,3180.0,3050.33,3103.77,3112.98,21281.33657319,22324,kraken
1767916800,3103.83,3145.45,3056.63,3084.39,3099.32,22378.77270875,19922,kraken
1768003200,3084.39,3099.28,3074.11,3081.4,3087.37,5831.10900588,9515,kraken
1768089600,3081.4,3142.42,3080.42,3118.03,3109.75,19918.71094677,13247,kraken
1768176000,3118.54,3166.62,3061.56,3091.93,3111.1,28404.17599181,21782,kraken
1768262400,3091.93,3374.84,3088.58,3323.63,3193.3,43164.01029425,29176,kraken
1768348800,3323.57,3402.64,3279.18,3354.58,3345.07,48970.99010147,34818,kraken
1768435200,3354.59,3382.71,3272.92,3317.62,3316.47,26521.03392474,24080,kraken
1768521600,3317.62,3325.9,3251.53,3295.01,3287.01,17904.44560292,19425,kraken
1768608000,3295.01,3328.38,3283.21,3308.93,3308.73,19420.62934768,13025,kraken
1768694400,3308.93,3367.0,3277.46,3282.62,3323.93,9632.86037768,14494,kraken
1768780800,3281.96,3281.96,3163.19,3187.31,3206.46,32744.31456823,25212,kraken
1768867200,3187.28,3198.01,2910.0,2936.29,3060.51,49800.93857625,37056,kraken
1768953600,2936.29,3067.1,2864.1,2979.9,2962.27,57345.92874278,41752,kraken
1769040000,2979.54,3034.21,2903.92,2948.85,2966.83,14842.09589638,22859,kraken
1769126400,2949.42,3015.33,2888.29,2953.01,2952.39,24716.68765208,24697,kraken
1769212800,2953.01,2965.72,2940.13,2948.77,2955.45,7158.69798256,10304,kraken
1769299200,2948.77,2955.55,2784.3,2814.76,2872.62,30963.01621037,26631,kraken
1769385600,2814.54,2946.79,2809.92,2926.63,2895.65,27441.15537858,25327,kraken
1769472000,2926.64,3030.78,2896.11,3022.12,2966.92,27420.91998543,23301,kraken
1769558400,3022.19,3040.36,2979.32,3006.19,3005.93,32313.77204271,22663,kraken
1769644800,3006.13,3007.84,2750.67,2817.93,2850.83,35842.60042572,40302,kraken
1769731200,2817.64,2823.79,2631.54,2702.42,2722.4,50039.61241725,48892,kraken
1769817600,2702.42,2710.35,2230.0,2448.6,2475.39,75646.8231494,60992,kraken
1769904000,2449.17,2473.24,2220.0,2267.31,2347.87,42793.47493094,43060,kraken
1769990400,2268.18,2394.3,2155.79,2344.99,2289.08,74617.20664058,62781,kraken
1770076800,2344.83,2357.83,2107.48,2230.61,2251.68,57033.08472657,45299,kraken
1770163200,2230.57,2293.8,2073.0,2142.84,2180.35,71385.15966819,43294,kraken
1770249600,2143.46,2168.33,1812.68,1823.85,1979.22,99367.2168208,88716,kraken
1770336000,1823.49,2091.99,1744.56,2062.18,1939.96,76069.1321254,69912,kraken
1770422400,2062.19,2129.48,1993.48,2086.26,2060.82,49236.62918371,40023,kraken
1770508800,2086.13,2150.0,2064.97,2088.62,2103.38,17573.76121343,20844,kraken
1770595200,2088.49,2168.59,2008.0,2103.7,2086.96,35179.00215434,27125,kraken
1770681600,2103.9,2123.64,1986.64,2021.58,2021.69,29865.75078421,27532,kraken
1770768000,2021.56,2030.35,1902.5,1940.52,1961.01,38425.14597795,27407,kraken
1770854400,1940.2,2000.0,1895.7,1946.08,1945.95,17836.54106485,20311,kraken
1770940800,1946.38,2071.71,1923.57,2047.86,2003.04,18734.68478563,20224,kraken
1771027200,2047.68,2106.0,2041.95,2085.56,2079.84,11709.62835817,13356,kraken
1771113600,2085.86,2101.87,1928.0,1965.46,2018.04,27179.95203938,23434,kraken
1771200000,1965.82,2021.74,1937.5,1997.94,1982.07,14849.73289497,15445,kraken
1771286400,1997.64,2014.02,1941.24,1991.84,1981.78,17937.82218533,17309,kraken
1771372800,1991.2,2038.21,1922.94,1955.31,1970.93,19249.58659536,18379,kraken
1771459200,1955.29,1986.0,1905.46,1948.33,1943.37,16461.34755152,16860,kraken
1771545600,1948.37,1980.76,1922.66,1968.71,1960.51,45804.61848077,19626,kraken
1771632000,1968.35,1994.97,1955.34,1973.59,1973.13,13441.24446861,11468,kraken
1771718400,1973.19,1982.0,1934.72,1957.4,1956.7,9422.48145371,10192,kraken
1771804800,1957.41,1957.8,1837.22,1856.01,1882.1,34900.92200182,27484,kraken
1771891200,1855.62,1868.77,1792.8,1851.81,1835.05,36710.90780893,21549,kraken
1771977600,1851.81,2158.6,1846.74,2056.79,2003.59,46034.51377776,33711,kraken
1772064000,2057.65,2083.12,1975.33,2027.58,2028.56,34373.51447236,24572,kraken
1772150400,2027.82,2063.0,1886.52,1929.13,1968.52,31174.48774578,24388,kraken
1772236800,1929.86,1984.14,1836.0,1965.0,1899.35,33735.7900782,26734,kraken
1772323200,1964.78,2054.51,1907.66,1939.3,1983.59,31669.88983146,27915,kraken
1772409600,1939.3,2089.38,1921.25,2027.17,2005.86,27974.04478762,32053,kraken
1772496000,2027.85,2041.11,1929.03,1983.19,1977.96,32094.14675062,30081,kraken
1772582400,1982.99,2200.0,1945.0,2129.35,2104.74,56571.39376173,34399,kraken
1772668800,2127.96,2163.65,2055.06,2073.24,2109.83,31824.95639654,31134,kraken
1772755200,2073.24,2092.84,1956.45,1978.92,2017.74,24622.79387962,23328,kraken
1772841600,1978.91,1996.03,1948.22,1969.38,1976.89,23183.82685385,15137,kraken
1772928000,1969.75,1979.54,1912.79,1937.24,1947.03,27440.02511888,22558,kraken
1773014400,1937.2,2054.96,1930.26,1994.57,2006.09,31901.81682418,26662,kraken
1773100800,1993.39,2088.25,1991.4,2037.16,2049.62,38128.78492317,23393,kraken
1773187200,2036.97,2086.22,2007.5,2052.18,2051.67,25958.15743176,18927,kraken
1773273600,2052.29,2094.56,2018.19,2073.83,2062.01,23170.34424708,19284,kraken
1773360000,2073.36,2209.88,2070.66,2093.25,2136.44,56106.88563855,33105,kraken
1773446400,2093.05,2105.96,2062.22,2096.52,2087.38,11306.68319533,12408,kraken
1773532800,2096.52,2202.98,2084.01,2178.97,2136.76,27232.68997194,17782,kraken
1773619200,2178.84,2385.4,2165.91,2352.65,2278.8,61583.21250208,36740,kraken
1773705600,2352.65,2376.21,2297.65,2318.03,2331.54,49209.90364393,27507,kraken
1773792000,2318.12,2350.41,2153.94,2203.68,2241.13,32609.53023895,30194,kraken
1773878400,2203.61,2233.8,2100.0,2137.77,2144.66,53465.50369722,32221,kraken
1773964800,2137.75,2176.58,2117.15,2146.26,2140.76,38028.16397224,26890,kraken
1774051200,2146.05,2167.31,2071.1,2085.46,2134.87,13367.86742191,15591,kraken
1774137600,2085.44,2126.95,2025.3,2053.71,2064.03,38466.27158639,21776,kraken
1774224000,2053.7,2197.22,2022.58,2151.36,2111.04,64536.70319786,34988,kraken
1774310400,2151.63,2174.85,2099.58,2155.73,2133.26,45980.92930353,30963,kraken
1774396800,2155.78,2199.03,2146.29,2168.53,2170.86,38275.58641877,22242,kraken
1774483200,2168.17,2173.0,2032.8,2059.17,2090.26,40218.14731691,25887,kraken
1774569600,2059.28,2075.55,1969.4,1991.66,2007.69,33988.25734752,24246,kraken
1774656000,1991.48,2045.1,1981.78,1993.71,2007.33,19226.35585004,14883,kraken
1774742400,1993.06,2017.85,1936.7,1983.07,1986.46,18707.19080284,16999,kraken
1774828800,1983.08,2086.7,1978.77,2024.67,2034.79,36538.81602378,31558,kraken
1774915200,2024.73,2121.39,2011.2,2103.97,2072.91,29058.39638047,24389,kraken
1775001600,2103.25,2167.25,2080.87,2140.1,2131.15,25056.87302193,22688,kraken
1775088000,2140.06,2158.95,2016.68,2056.93,2062.5,28382.99242238,23868,kraken
1775174400,2056.94,2080.8,2041.3,2053.54,2056.6,9727.36864559,13457,kraken
1775260800,2053.54,2083.58,2044.88,2065.03,2057.41,9628.68019657,11402,kraken
1775347200,2065.19,2121.77,2021.71,2108.25,2060.12,14230.77004469,16814,kraken
1775433600,2109.71,2174.24,2087.95,2107.24,2139.54,29991.75792881,25031,kraken
1775520000,2107.22,2273.51,2059.82,2240.22,2151.27,34420.90869064,27407,kraken
1775606400,2240.01,2270.0,2180.61,2190.38,2227.21,26895.02566283,26023,kraken
1775692800,2190.39,2246.17,2157.17,2189.56,2197.54,17306.70804359,24146,kraken
1775779200,2190.6,2258.47,2176.49,2245.89,2226.72,22278.93312349,24218,kraken
1775865600,2245.89,2329.85,2229.78,2285.62,2273.8,16085.95579684,23885,kraken
1775952000,2285.67,2288.99,2176.15,2191.77,2213.67,15830.68717616,22915,kraken
1776038400,2191.74,2395.05,2175.0,2369.39,2264.14,32684.27899875,28531,kraken
1776124800,2370.0,2417.01,2303.97,2323.21,2357.95,30757.33193904,33543,kraken
1776211200,2323.07,2386.01,2309.86,2360.32,2347.83,18796.41114484,25464,kraken
1776297600,2360.64,2369.1,2285.92,2348.89,2333.56,19936.44924442,23918,kraken
1776384000,2348.89,2465.91,2317.48,2420.5,2411.96,32578.10291826,36448,kraken
1776470400,2420.01,2428.0,2340.47,2351.31,2376.95,17998.60337233,19353,kraken
1776556800,2351.26,2355.99,2253.84,2263.67,2315.81,24890.98369639,23114,kraken
1776643200,2263.48,2347.25,2261.09,2315.0,2310.38,16105.35216663,21686,kraken
1776729600,2315.01,2339.44,2285.23,2328.11,2311.3,22372.73616115,22893,kraken
1776816000,2327.76,2424.05,2313.75,2374.95,2391.58,28808.89272417,44103,kraken
1776902400,2374.96,2382.24,2286.81,2330.81,2326.87,20386.00129257,33781,kraken
1776988800,2331.06,2337.88,2300.5,2315.72,2317.19,12546.94179811,19309,kraken
1777075200,2315.74,2323.41,2298.25,2319.82,2311.39,5879.2183788,13280,kraken
1777161600,2319.82,2380.0,2307.57,2369.5,2351.0,13245.98845533,21050,kraken
1777248000,2369.5,2404.07,2264.68,2303.5,2318.83,23601.62797383,24772,kraken
1777334400,2303.59,2310.0,2256.63,2289.05,2279.17,14381.6478794,22445,kraken
1777420800,2288.78,2345.9,2220.0,2252.11,2276.76,22909.3772199,24872,kraken
1777507200,2252.12,2277.64,2230.78,2256.51,2254.16,14310.08288425,18470,kraken
1777593600,2256.99,2325.18,2256.77,2295.4,2299.51,12873.79217032,19026,kraken
1777680000,2295.4,2341.44,2293.16,2316.62,2311.75,4707.14047212,11922,kraken
1777766400,2316.81,2355.95,2297.35,2322.47,2329.92,25752.0444582,17835,kraken
1777852800,2322.56,2398.34,2308.95,2345.82,2356.85,21779.66994297,26936,kraken
1777939200,2347.06,2399.48,2344.67,2360.63,2377.63,18562.40244639,23757,kraken
1778025600,2360.64,2423.0,2335.54,2351.0,2374.27,19258.94362011,25230,kraken
1778112000,2351.01,2351.95,2280.22,2290.77,2307.58,20311.06951181,24235,kraken
1778198400,2290.8,2320.44,2265.02,2307.12,2292.93,9744.4596393,20329,kraken
1778284800,2307.11,2337.42,2299.0,2326.17,2317.08,8302.63546693,13890,kraken
1778371200,2326.17,2382.07,2312.06,2370.56,2348.92,23318.92857449,20350,kraken
1778457600,2371.13,2373.91,2303.59,2339.4,2341.91,12836.58465113,18864,kraken
1778544000,2339.26,2340.2,2256.0,2274.63,2287.28,18376.45770159,21649,kraken
1778630400,2274.53,2322.57,2233.1,2257.79,2277.68,15165.27541941,20438,kraken
1778716800,2257.79,2318.43,2238.0,2282.72,2282.15,12988.78184618,21048,kraken
1778803200,2282.71,2299.78,2203.5,2223.6,2236.23,16293.27427396,21016,kraken
1778889600,2223.6,2229.99,2162.11,2179.99,2191.95,8492.94556715,15853,kraken
1778976000,2179.95,2197.01,1914.69,2129.74,2144.7,17975.00055062,23030,kraken
1779062400,2129.31,2155.79,2075.0,2128.63,2118.9,38904.65498703,27250,kraken
1779148800,2128.81,2145.12,2092.13,2109.86,2120.73,19012.58636116,18180,kraken
1779235200,2109.86,2147.16,2101.24,2127.3,2128.82,14535.35678225,15569,kraken
1779321600,2127.39,2155.0,2103.07,2131.98,2129.28,14988.2178899,17361,kraken
1779408000,2131.85,2138.91,2055.64,2063.58,2099.42,14937.98693568,18986,kraken
1779494400,2063.54,2147.52,2001.74,2115.28,2065.73,16846.0479314,21189,kraken
1779580800,2115.28,2127.85,2060.78,2097.46,2099.34,14344.5515354,16168,kraken
1779667200,2097.36,2139.33,2089.92,2111.05,2110.61,19435.96574167,19371,kraken
1779753600,2110.97,2138.18,2052.53,2070.8,2095.31,13866.1422349,18690,kraken
1779840000,2070.91,2093.43,2013.0,2021.81,2055.6,14274.5966377,18289,kraken
1779926400,2021.72,2027.41,1964.34,2006.96,1994.54,26734.4613182,27394,kraken
1780012800,2006.93,2043.0,1974.05,2011.61,2012.79,28707.05971903,27223,kraken
1780099200,2011.65,2028.94,1999.65,2019.12,2017.12,8526.51614109,13541,kraken
1780185600,2019.32,2034.71,1991.58,2004.09,2012.13,8060.38616269,16609,kraken
1780272000,2004.07,2017.99,1955.14,2003.99,1985.88,21466.91636513,29561,kraken
1780358400,2003.94,2004.1,1836.76,1857.22,1923.9,38673.30887867,37399,kraken
1780444800,1857.22,1889.46,1767.33,1810.58,1841.35,33470.42536076,39996,kraken
1780531200,1810.52,1818.41,1716.0,1768.9,1767.16,33532.20339354,41867,kraken
1780617600,1768.61,1772.18,1539.72,1583.16,1621.14,66700.82844973,60306,kraken
1780704000,1582.96,1600.42,1505.75,1568.99,1555.82,22103.71540299,33111,kraken
1780790400,1568.94,1719.0,1563.3,1690.22,1634.02,44987.45928642,36719,kraken
1780876800,1689.82,1713.33,1644.64,1689.91,1684.45,31204.53486914,32233,kraken
1780963200,1689.81,1695.94,1613.08,1638.31,1652.82,41897.78092637,33540,kraken
1781049600,1638.31,1666.74,1602.91,1620.37,1631.52,36549.51157386,29222,kraken
1781136000,1620.01,1691.84,1620.01,1671.53,1656.54,25111.9154623,30118,kraken
1781222400,1671.6,1689.66,1650.35,1665.21,1668.13,16218.20525265,24239,kraken
1781308800,1665.32,1696.32,1661.49,1680.48,1674.05,14512.52128495,18218,kraken
1781395200,1680.35,1731.63,1653.69,1725.08,1693.82,14390.09829183,20062,kraken
1781481600,1725.1,1848.02,1708.57,1795.36,1792.92,46079.96102871,34293,kraken
1781568000,1795.37,1837.9,1757.74,1791.29,1788.19,40095.94351382,35336,kraken
1781654400,1792.17,1808.8,1724.8,1748.99,1762.18,24083.72742766,21784,kraken
1781740800,1748.97,1761.2,1669.56,1709.09,1709.21,17963.14918184,18839,kraken
1781827200,1709.03,1717.71,1678.0,1709.67,1699.66,10026.07446913,13250,kraken
1781913600,1709.46,1747.05,1702.42,1739.0,1726.12,8522.4614689,11536,kraken
1782000000,1739.0,1739.2,1700.2,1704.98,1725.61,14713.65432101,11788,kraken
1782086400,1704.99,1777.82,1704.99,1726.64,1745.8,18430.98829246,15548,kraken
1782172800,1726.12,1734.46,1633.1,1665.12,1670.92,26416.54323505,17090,kraken
1782259200,1665.12,1689.37,1551.12,1619.85,1626.39,43974.36180782,24488,kraken
1782345600,1619.86,1657.06,1530.0,1565.05,1586.41,29904.39359662,22007,kraken
1782432000,1565.17,1591.7,1510.0,1576.45,1549.51,39047.09880434,26137,kraken
1782518400,1576.47,1608.55,1560.01,1571.61,1584.91,19478.36239923,13408,kraken
1782604800,1571.67,1585.8,1546.26,1569.49,1570.28,19022.57235191,12277,kraken
1782691200,1569.72,1634.48,1549.0,1610.44,1596.97,25763.85698571,19384,kraken
1782777600,1610.83,1611.82,1548.31,1569.91,1569.76,25788.94404852,16513,kraken
1782864000,1569.79,1643.71,1551.13,1607.9,1598.71,45273.97299538,24609,kraken
1782950400,1607.64,1723.01,1595.71,1698.69,1662.93,32401.09043666,28871,kraken
1783036800,1699.07,1773.11,1692.83,1757.04,1728.87,28836.15731458,21176,kraken
1783123200,1756.3,1805.52,1742.93,1778.72,1777.37,15588.01759742,16101,kraken
1783209600,1778.72,1806.34,1747.15,1784.48,1776.02,17099.52283744,25851,kraken
1783296000,1784.41,1834.73,1727.93,1798.55,1780.68,25788.85720064,24695,kraken
1783382400,1798.49,1810.52,1756.4,1769.69,1783.77,22577.58684377,22068,kraken
1783468800,1769.7,1783.52,1711.44,1742.03,1739.32,26542.81446613,25299,kraken
1783555200,1742.0,1760.53,1720.74,1743.93,1740.85,14571.88540689,18926,kraken
1783641600,1743.94,1809.93,1735.0,1795.54,1783.8,22286.61668207,19236,kraken
1783728000,1795.63,1828.44,1785.53,1786.52,1808.12,23449.62887545,16076,kraken
1783814400,1786.67,1824.99,1778.61,1805.53,1805.82,16515.69409049,13816,kraken
1783900800,1805.57,1845.0,1749.14,1774.65,1786.29,37361.83543477,27450,kraken
1783987200,1774.48,1895.43,1771.52,1890.06,1847.1,30525.67066081,24942,kraken
1784073600,1890.49,1944.54,1863.29,1916.61,1911.61,31687.28078656,24523,kraken
1784160000,1916.62,1927.52,1856.5,1863.33,1885.43,32058.34124013,23252,kraken
1784246400,1863.19,1868.87,1800.9,1840.56,1830.9,27578.44924521,22998,kraken
1784332800,1840.56,1865.28,1836.56,1861.54,1849.0,10202.83964946,11417,kraken
1784419200,1861.7,1878.09,1842.61,1871.33,1864.81,14622.93234989,13731,kraken
1784505600,1871.33,1916.83,1842.3,1903.56,1879.47,25975.2324024,24796,kraken
1784592000,1903.36,1950.79,1899.64,1928.41,1927.6,19518.14363049,23550,kraken
1784678400,1928.87,1955.41,1909.29,1933.37,1931.14,23317.97544904,22646,kraken
1784764800,1933.37,1940.27,1867.5,1877.03,1896.16,18462.31803847,21764,kraken
1784851200,1877.05,1907.69,1845.48,1860.28,1867.73,16108.40552229,17607,kraken
1784937600,1859.61,1878.16,1849.83,1873.37,1868.52,8400.96006411,10385,kraken
1785024000,1873.4,1964.99,1872.46,1953.47,1918.18,14792.25167561,16255,kraken
1785110400,1953.5,1978.99,1881.5,1891.1,1936.78,32203.76430959,26908,kraken
1785196800,1890.79,1927.74,1855.0,1919.88,1887.94,22730.8630392,22366,kraken
1785283200,1919.78,1932.98,1872.17,1908.21,1902.52,18113.32643439,22260,kraken
1785369600,1908.48,1934.88,1891.64,1916.66,1916.06,10320.4636683,15383,kraken
1785456000,1916.66,1933.76,1846.93,1860.49,1873.34,17437.19794964,19774,kraken
1785542400,1860.8,1873.56,1821.0,1843.51,1849.97,11191.90924275,12939,kraken
1785628800,1843.5,1896.06,1841.87,1882.88,1870.54,14398.41906464,14343,kraken
1785715200,1883.16,1883.63,1827.01,1858.77,1858.64,20193.61221237,18549,kraken
1785801600,1858.77,1879.84,1847.16,1868.45,1867.94,23266.58552087,17486,kraken
1785888000,1868.3,1925.48,1852.67,1907.01,1888.51,22057.28416984,21268,kraken
1785974400,1907.18,1918.0,1890.72,1902.26,1905.06,13724.1139069,17051,kraken
1786060800,1902.02,1940.0,1891.39,1913.0,1913.23,10782.32139636,16717,kraken
1786147200,1913.01,1924.85,1911.29,1915.15,1918.69,5614.3526411,10265,kraken
1786233600,1915.11,1935.85,1906.16,1908.63,1917.15,7529.03875432,12022,kraken
1786320000,1908.99,1929.19,1866.61,1871.15,1894.84,13693.13704852,18145,kraken
1786406400,1871.31,1895.7,1852.43,1881.01,1874.51,12351.63605987,16558,kraken
1786492800,1881.0,1923.16,1872.01,1878.32,1895.55,16537.0157336,17128,kraken
1786579200,1877.84,1897.98,1861.89,1884.56,1881.74,8533.11716552,13333,kraken
1786665600,1884.56,1889.28,1862.1,1880.21,1875.85,7739.74911793,15857,kraken
1786752000,1880.37,1884.72,1874.21,1881.19,1881.31,4147.09410247,9477,kraken
1786838400,1881.19,1889.96,1868.03,1873.89,1879.74,3802.5232245,9580,kraken
1786924800,1874.09,1916.84,1870.8,1912.46,1901.73,11644.23882223,15631,kraken
1787011200,1912.45,1921.53,1884.01,1916.04,1905.78,8515.74389347,13547,kraken
1787097600,1916.38,2334.0,1905.01,2251.9,2133.77,71698.48072296,59184,kraken
1787184000,2251.5,2357.88,2221.35,2326.33,2292.63,64322.08447679,48445,kraken
1787270400,2326.21,2546.62,2324.05,2515.72,2416.07,58121.7233863,52420,kraken
1787356800,2515.73,2529.06,2375.09,2422.94,2442.82,31194.9748246,29834,kraken
1787443200,2422.29,2484.0,2355.47,2462.4,2433.84,31290.35030293,27904,kraken
1787529600,2462.86,2532.59,2424.23,2482.69,2487.54,33118.14777347,29418,kraken
1787616000,2481.79,2531.92,2415.31,2442.55,2478.63,22527.41698416,30153,kraken
1787702400,2442.55,2514.64,2432.08,2507.08,2468.26,19929.82848667,26833,kraken
1787788800,2506.99,2565.3,2482.04,2511.32,2516.0,30911.11770171,39075,kraken
1787875200,2512.02,2534.5,2406.16,2442.73,2473.22,35098.72608516,51210,kraken
1787961600,2442.83,2460.39,2430.6,2457.38,2444.34,6099.23121233,19846,kraken
1788048000,2457.4,2533.96,2386.17,2416.95,2468.75,21095.34747154,37376,kraken
1788134400,2416.75,2489.0,2400.6,2467.12,2449.14,12816.86251654,42766,kraken
1788220800,2467.12,2484.42,2381.99,2417.26,2432.31,21875.96299203,48812,kraken
1788307200,2417.26,2427.59,2355.48,2390.98,2390.71,21717.48807396,51962,kraken
1788393600,2390.96,2529.43,2369.61,2507.42,2475.56,37079.07191404,70895,kraken
1788480000,2507.37,2546.4,2431.71,2456.27,2481.2,25297.18306177,51866,kraken
1788566400,2456.45,2493.1,2445.18,2480.62,2465.71,17245.7680611,33427,kraken
1788652800,2480.36,2525.75,2462.79,2514.35,2496.59,23374.19606271,41880,kraken
1788739200,2514.35,2535.53,2465.84,2489.67,2490.94,19219.48118014,43551,kraken
1788825600,2489.75,2507.05,2441.0,2484.92,2481.93,24765.90899834,45626,kraken
1788912000,2485.04,2522.8,2443.0,2468.02,2489.42,27826.90160188,45650,kraken
1788998400,2467.64,2483.95,2404.95,2437.29,2448.48,30753.26389537,45404,kraken
1789084800,2437.32,2664.81,2432.05,2515.99,2546.21,60658.9901404,70430,kraken
1789171200,2516.22,2545.0,2508.54,2525.44,2525.07,17417.04547586,30128,kraken
1789257600,2525.44,2527.23,2461.69,2475.94,2493.41,21848.78680706,33453,kraken
1789344000,2475.95,2613.99,2465.0,2515.81,2527.11,46270.44864329,65841,kraken
1789430400,2515.27,2519.59,2356.45,2396.41,2437.0,75625.8433105,79203,kraken
1789516800,2396.78,2431.11,2367.0,2416.61,2399.04,51085.9812762,58889,kraken
1789603200,2416.59,2481.58,2411.8,2445.34,2449.43,31858.55492294,54266,kraken
1789689600,2445.24,2646.63,2434.85,2611.32,2548.39,66151.34001084,76744,kraken
1789776000,2611.32,2665.0,2602.47,2631.55,2634.12,27959.65706417,43130,kraken
1789862400,2631.99,2649.29,2563.33,2645.06,2613.27,33381.1660481,52987,kraken
1789948800,2644.67,2806.69,2641.76,2775.84,2724.81,76713.68496018,96489,kraken
1790035200,2775.49,2776.79,2715.34,2753.25,2745.63,34588.33900026,62173,kraken
1790121600,2753.49,2787.89,2635.3,2683.99,2700.67,47615.04113433,63425,kraken
1790208000,2683.99,2704.82,2627.68,2687.24,2673.81,27133.01750177,53831,kraken
1790294400,2687.22,2742.42,2667.23,2691.35,2694.12,26890.20032781,53828,kraken
1790380800,2691.35,2697.17,2663.17,2695.35,2685.17,11850.21898384,27246,kraken
1790467200,2695.38,2722.39,2669.07,2688.02,2696.45,14904.21847069,35812,kraken
1790553600,2688.02,2719.04,2635.57,2687.45,2676.54,35889.04361318,61657,kraken
1790640000,2687.48,2747.95,2651.1,2676.7,2693.98,35800.7326877,66381,kraken
1790726400,2676.7,2737.61,2656.5,2684.11,2688.88,38030.60307173,58761,kraken
1790812800,2684.11,2719.98,2672.35,2705.61,2694.95,34343.3241801,55046,kraken
1790899200,2705.62,2776.46,2650.41,2668.1,2715.17,50389.39687144,67944,kraken
1790985600,2668.1,2689.77,2665.01,2687.02,2682.13,11146.73576903,30454,kraken
1791072000,2687.03,2738.82,2686.23,2726.49,2710.22,21481.96127687,34127,kraken
1791158400,2726.03,2737.16,2678.88,2709.39,2710.19,27046.07280872,40955,kraken
1791244800,2709.72,2724.02,2683.07,2697.24,2703.71,24820.6010288,37002,kraken
1791331200,2697.15,2699.33,2533.1,2572.75,2590.4,51613.64440102,75045,kraken
1791417600,2572.82,2585.31,2405.35,2472.9,2490.74,57642.6819662,81759,kraken
1791504000,2472.9,2518.11,2469.04,2485.34,2490.72,21334.47582816,47441,kraken
1791590400,2485.34,2516.65,2483.64,2504.09,2498.43,12440.12667533,29231,kraken
