time,open,high,low,close,vwap,volume,count,source
1633651200,0.7135,0.7986,0.6885,0.7564,0.7478333333333333,26342723.9,0,coinbase
1633737600,0.7561,0.8876,0.745,0.7816,0.8047333333333334,38004089.1,0,coinbase
1633824000,0.7816,0.8732,0.7638,0.7749,0.8039666666666667,19457675.8,0,coinbase
1633910400,0.7745,0.8145,0.7241,0.7446,0.7610666666666667,19721186.2,0,coinbase
1633996800,0.7436,0.7511,0.6877,0.726,0.7216,19185616.9,0,coinbase
1634083200,0.726,0.7449,0.7001,0.7342,0.7263999999999999,12462510.9,0,coinbase
1634169600,0.7346,0.7599,0.7156,0.7322,0.7359,10530404.6,0,coinbase
1634256000,0.7322,0.7579,0.7076,0.7522,0.7392333333333333,16659618.4,0,coinbase
1634342400,0.7525,0.845,0.7391,0.767,0.7837,26690007.0,0,coinbase
1634428800,0.7676,0.7901,0.729,0.741,0.7533666666666666,12368826.8,0,coinbase
1634515200,0.741,0.7638,0.7152,0.7272,0.7353999999999999,11648974.4,0,coinbase
1634601600,0.7269,0.7386,0.6954,0.7131,0.7157,14501257.2,0,coinbase
1634688000,0.7129,0.7603,0.7029,0.7393,0.7341666666666667,14081551.4,0,coinbase
1634774400,0.7385,0.7608,0.717,0.7174,0.7317333333333332,14065383.1,0,coinbase
1634860800,0.7174,0.7739,0.7129,0.7568,0.7478666666666668,14785662.0,0,coinbase
1634947200,0.7568,0.8001,0.7447,0.7655,0.7700999999999999,20127913.1,0,coinbase
1635033600,0.7654,0.785,0.7262,0.7314,0.7475333333333335,14034207.2,0,coinbase
1635120000,0.7316,0.7835,0.7287,0.7673,0.7598333333333334,11178373.8,0,coinbase
1635206400,0.7673,0.844,0.7577,0.7949,0.7988666666666667,27684817.0,0,coinbase
1635292800,0.7949,0.8355,0.7185,0.7212,0.7584,20611348.6,0,coinbase
1635379200,0.7205,0.7648,0.705,0.7387,0.7361666666666666,17860285.1,0,coinbase
1635465600,0.7384,0.7706,0.7353,0.7429,0.7496,12071975.1,0,coinbase
1635552000,0.7425,0.7669,0.7233,0.7539,0.7480333333333334,11728966.2,0,coinbase
1635638400,0.7538,1.0069,0.7531,0.7808,0.8469333333333333,42892081.0,0,coinbase
1635724800,0.7808,0.7899,0.74,0.7889,0.7729333333333334,12052988.8,0,coinbase
1635811200,0.7897,1.0,0.7828,0.8597,0.8808333333333334,34808829.8,0,coinbase
1635897600,0.8599,0.98,0.8433,0.8746,0.8993000000000001,50392955.1,0,coinbase
1635984000,0.8745,0.9017,0.8172,0.8333,0.8507333333333333,17844302.8,0,coinbase
1636070400,0.8333,0.9355,0.8158,0.8752,0.8755000000000001,25178805.0,0,coinbase
1636156800,0.8752,0.91,0.8152,0.865,0.8634000000000001,10224178.3,0,coinbase
1636243200,0.8656,0.8767,0.8153,0.828,0.84,9296452.3,0,coinbase
1636329600,0.8281,0.92,0.8188,0.8606,0.8664666666666667,14381281.5,0,coinbase
1636416000,0.8606,0.9355,0.8406,0.9286,0.9015666666666666,18419896.9,0,coinbase
1636502400,0.9286,1.0797,0.8512,0.8681,0.9329999999999999,32202803.7,0,coinbase
1636588800,0.8682,0.9645,0.8506,0.8994,0.9048333333333334,15165434.2,0,coinbase
1636675200,0.8991,0.9282,0.848,0.88,0.8854000000000001,7823107.8,0,coinbase
1636761600,0.88,0.8899,0.8464,0.8589,0.8650666666666668,5183847.3,0,coinbase
1636848000,0.8589,0.8771,0.8317,0.858,0.8556,5933578.5,0,coinbase
1636934400,0.858,0.8896,0.8385,0.8822,0.8701,7046899.6,0,coinbase
1637020800,0.8822,0.8829,0.7301,0.7589,0.7906333333333334,16382459.4,0,coinbase
1637107200,0.7587,0.8114,0.7283,0.7803,0.7733333333333333,11326247.1,0,coinbase
1637193600,0.7803,0.7874,0.6599,0.6819,0.7097333333333333,13148775.5,0,coinbase
1637280000,0.6825,0.789,0.6682,0.7214,0.7262000000000001,15276398.1,0,coinbase
1637366400,0.7206,0.8438,0.7189,0.8316,0.7980999999999999,15844312.3,0,coinbase
1637452800,0.8324,0.9099,0.7895,0.901,0.8668,12917584.5,0,coinbase
1637539200,0.9029,0.982,0.8125,0.8454,0.8799666666666667,28112918.4,0,coinbase
1637625600,0.8455,0.8592,0.8113,0.8217,0.8307333333333333,7081340.9,0,coinbase
1637712000,0.8217,0.8639,0.7804,0.7909,0.8117333333333333,7315444.3,0,coinbase
1637798400,0.791,0.826,0.7749,0.8248,0.8085666666666667,8778880.2,0,coinbase
1637884800,0.8261,0.84,0.7074,0.7311,0.7595000000000001,10891718.9,0,coinbase
1637971200,0.7311,0.8161,0.7238,0.7535,0.7644666666666667,6192940.9,0,coinbase
1638057600,0.7531,0.77,0.6959,0.7612,0.7423666666666667,9925509.7,0,coinbase
1638144000,0.7614,0.7696,0.7308,0.7494,0.7499333333333333,4048973.5,0,coinbase
1638230400,0.7491,0.7627,0.7251,0.73,0.7392666666666666,6163588.7,0,coinbase
1638316800,0.7297,0.7979,0.7282,0.7566,0.7609,8712541.7,0,coinbase
1638403200,0.7567,0.7706,0.7291,0.7365,0.7454,5822644.9,0,coinbase
1638489600,0.7363,0.8235,0.7211,0.7596,0.7680666666666666,15298728.6,0,coinbase
1638576000,0.7598,0.764,0.5951,0.6789,0.6793333333333332,14760721.2,0,coinbase
1638662400,0.6781,0.6919,0.5937,0.6055,0.6303666666666667,10027447.7,0,coinbase
1638748800,0.6058,0.6226,0.5166,0.6054,0.5815333333333333,14808333.3,0,coinbase
1638835200,0.6051,0.6326,0.5702,0.579,0.5939333333333333,6043066.4,0,coinbase
1638921600,0.579,0.6167,0.5525,0.6144,0.5945333333333332,6126663.5,0,coinbase
1639008000,0.6146,0.6174,0.5329,0.5337,0.5613333333333334,5807953.9,0,coinbase
1639094400,0.5337,0.5767,0.5059,0.5103,0.5309666666666667,4878666.9,0,coinbase
1639180800,0.5097,0.544,0.4988,0.5322,0.525,5611820.7,0,coinbase
1639267200,0.5323,0.5541,0.5205,0.549,0.5412,4499175.7,0,coinbase
1639353600,0.549,0.5545,0.4619,0.4792,0.49853333333333333,7487923.8,0,coinbase
1639440000,0.4785,0.5052,0.465,0.4861,0.48543333333333333,5846139.0,0,coinbase
1639526400,0.4862,0.5058,0.4511,0.5038,0.48690000000000005,5631189.9,0,coinbase
1639612800,0.5038,0.5357,0.4923,0.4994,0.5091333333333333,3753787.6,0,coinbase
1639699200,0.4992,0.5069,0.4578,0.472,0.47890000000000005,3832957.6,0,coinbase
1639785600,0.472,0.4924,0.4601,0.4767,0.4764,4272909.5,0,coinbase
1639872000,0.4767,0.4869,0.4615,0.4647,0.47103333333333336,3532014.7,0,coinbase
1639958400,0.4645,0.4728,0.4308,0.4718,0.45846666666666663,5942489.6,0,coinbase
1640044800,0.4718,0.6045,0.4718,0.5623,0.5462,33705484.9,0,coinbase
1640131200,0.5627,0.5856,0.5475,0.5551,0.5627333333333334,7115398.3,0,coinbase
1640217600,0.555,0.59,0.5387,0.5734,0.5673666666666666,6328121.0,0,coinbase
1640304000,0.5734,0.6132,0.5711,0.5734,0.5859,4520525.6,0,coinbase
1640390400,0.5735,0.588,0.5531,0.5683,0.5698,3167205.3,0,coinbase
1640476800,0.5685,0.5709,0.5461,0.5582,0.5584,3079181.6,0,coinbase
1640563200,0.5584,0.5978,0.5538,0.5686,0.5734,5637071.4,0,coinbase
1640649600,0.5682,0.5797,0.5129,0.5192,0.5372666666666667,6326409.9,0,coinbase
1640736000,0.5194,0.5308,0.4954,0.5002,0.5088,3848212.3,0,coinbase
1640822400,0.5003,0.5171,0.4884,0.4944,0.49996666666666667,3558206.6,0,coinbase
1640908800,0.4944,0.5396,0.4857,0.5022,0.5091666666666667,5340647.9,0,coinbase
1640995200,0.5022,0.5277,0.5003,0.5229,0.5169666666666667,3082063.8,0,coinbase
1641081600,0.5234,0.5697,0.52,0.5664,0.5520333333333334,6206347.8,0,coinbase
1641168000,0.5664,0.5697,0.5241,0.5348,0.5428666666666667,4416551.7,0,coinbase
1641254400,0.5347,0.5652,0.5209,0.5408,0.5423,3598434.1,0,coinbase
1641340800,0.5408,0.65,0.5217,0.5685,0.5800666666666666,22848529.2,0,coinbase
1641427200,0.569,0.636,0.5323,0.5454,0.5712333333333333,18612775.3,0,coinbase
1641513600,0.545,0.5465,0.4943,0.4952,0.512,10203520.4,0,coinbase
1641600000,0.4955,0.5369,0.4566,0.4741,0.4892,6752043.7,0,coinbase
1641686400,0.4742,0.4889,0.4499,0.4647,0.4678333333333334,5235701.7,0,coinbase
1641772800,0.4649,0.4772,0.4171,0.4508,0.44836666666666664,6652977.3,0,coinbase
1641859200,0.4506,0.477,0.4347,0.4696,0.4604333333333333,7759282.7,0,coinbase
1641945600,0.4696,0.5183,0.4563,0.5118,0.49546666666666667,6216284.1,0,coinbase
1642032000,0.5124,0.5442,0.482,0.4862,0.5041333333333333,8026324.9,0,coinbase
1642118400,0.4852,0.5095,0.4686,0.5056,0.49456666666666665,4052630.9,0,coinbase
1642204800,0.5056,0.51,0.4837,0.4964,0.4967,3088778.0,0,coinbase
1642291200,0.4961,0.5085,0.48,0.4834,0.4906333333333333,4613630.4,0,coinbase
1642377600,0.4834,0.4839,0.4505,0.4631,0.4658333333333333,5091215.2,0,coinbase
1642464000,0.4631,0.476,0.4374,0.4723,0.4619,4616653.9,0,coinbase
1642550400,0.4723,0.4887,0.441,0.4635,0.4644,7049545.7,0,coinbase
1642636800,0.4636,0.5426,0.4576,0.4604,0.4868666666666666,13516127.5,0,coinbase
1642723200,0.4605,0.4754,0.367,0.3769,0.40643333333333337,12886689.4,0,coinbase
1642809600,0.3772,0.3917,0.311,0.3354,0.34603333333333336,13093527.6,0,coinbase
1642896000,0.3351,0.3698,0.3261,0.3544,0.3501,10899197.5,0,coinbase
1642982400,0.3542,0.3552,0.2837,0.3272,0.32203333333333334,13378985.8,0,coinbase
1643068800,0.3271,0.3385,0.313,0.3245,0.3253333333333333,4929094.2,0,coinbase
1643155200,0.3243,0.354,0.308,0.3165,0.32616666666666666,6730810.7,0,coinbase
1643241600,0.3165,0.3283,0.2977,0.3133,0.3131,4445458.3,0,coinbase
1643328000,0.3135,0.3212,0.2997,0.3152,0.31203333333333333,4857379.5,0,coinbase
1643414400,0.3151,0.3316,0.3128,0.3163,0.32023333333333337,5829677.7,0,coinbase
1643500800,0.3165,0.3297,0.3025,0.3108,0.31433333333333335,6932703.5,0,coinbase
1643587200,0.3106,0.3329,0.2925,0.3206,0.3153333333333333,6053701.7,0,coinbase
1643673600,0.3206,0.3336,0.3176,0.3254,0.32553333333333334,6716191.3,0,coinbase
1643760000,0.3254,0.3298,0.3002,0.3033,0.3111,4981973.3,0,coinbase
1643846400,0.3033,0.3156,0.2979,0.3148,0.3094333333333333,6240108.9,0,coinbase
1643932800,0.3147,0.338,0.3098,0.3373,0.3283666666666667,5187133.7,0,coinbase
1644019200,0.3371,0.3545,0.3334,0.3436,0.34383333333333327,6734215.4,0,coinbase
1644105600,0.3444,0.3556,0.337,0.3487,0.3471,4239725.8,0,coinbase
1644192000,0.3489,0.4261,0.3418,0.3898,0.38589999999999997,10994495.5,0,coinbase
1644278400,0.3898,0.4348,0.3659,0.3866,0.39576666666666666,13798017.6,0,coinbase
1644364800,0.3866,0.4311,0.3785,0.4196,0.40973333333333334,6885168.8,0,coinbase
1644451200,0.4198,0.4298,0.3789,0.3955,0.4014,10229431.0,0,coinbase
1644537600,0.3952,0.4064,0.3504,0.3638,0.37353333333333333,6121120.6,0,coinbase
1644624000,0.3635,0.3698,0.3418,0.3461,0.3525666666666667,3259265.2,0,coinbase
1644710400,0.3461,0.366,0.3355,0.3357,0.3457333333333333,4407917.7,0,coinbase
1644796800,0.3355,0.3513,0.3209,0.3442,0.3388,4589833.2,0,coinbase
1644883200,0.3441,0.3673,0.3421,0.3598,0.3564,4545456.5,0,coinbase
1644969600,0.3603,0.3876,0.3541,0.3731,0.3716,11621053.6,0,coinbase
1645056000,0.3729,0.3779,0.3295,0.3336,0.347,8216087.8,0,coinbase
1645142400,0.3336,0.3481,0.3246,0.3278,0.3335000000000001,4965195.2,0,coinbase
1645228800,0.3275,0.3503,0.3177,0.334,0.334,4830557.7,0,coinbase
1645315200,0.3344,0.3412,0.2964,0.3069,0.3148333333333333,8004250.5,0,coinbase
1645401600,0.3072,0.3345,0.2745,0.2758,0.2949333333333333,7285737.4,0,coinbase
1645488000,0.2758,0.2972,0.26,0.2923,0.2831666666666667,6957735.0,0,coinbase
1645574400,0.2923,0.3035,0.2715,0.2721,0.28236666666666665,4881471.5,0,coinbase
1645660800,0.2721,0.2751,0.2257,0.2605,0.2537666666666667,12100700.4,0,coinbase
1645747200,0.2606,0.2867,0.257,0.2783,0.274,7938769.4,0,coinbase
1645833600,0.2779,0.291,0.2726,0.2761,0.2799,6151878.1,0,coinbase
1645920000,0.2765,0.2908,0.2507,0.2621,0.26786666666666664,10251626.8,0,coinbase
1646006400,0.2623,0.2854,0.2592,0.283,0.27586666666666665,8909294.7,0,coinbase
1646092800,0.283,0.4197,0.2806,0.3669,0.3557333333333334,34670661.3,0,coinbase
1646179200,0.367,0.4371,0.3332,0.3395,0.3699333333333333,55797717.6,0,coinbase
1646265600,0.3395,0.3508,0.314,0.3208,0.32853333333333334,10480614.8,0,coinbase
1646352000,0.3208,0.3693,0.3062,0.3093,0.32826666666666665,20771340.4,0,coinbase
1646438400,0.3093,0.3576,0.3025,0.3427,0.33426666666666666,17444329.1,0,coinbase
1646524800,0.3427,0.3759,0.3131,0.3158,0.33493333333333336,19654370.5,0,coinbase
1646611200,0.3157,0.3466,0.3053,0.3239,0.32526666666666665,13927351.0,0,coinbase
1646697600,0.3239,0.335,0.3152,0.3199,0.32336666666666664,6783151.3,0,coinbase
1646784000,0.3202,0.3733,0.3178,0.3564,0.3491666666666667,14522188.7,0,coinbase
1646870400,0.3566,0.3614,0.3181,0.3583,0.34593333333333337,11540327.5,0,coinbase
1646956800,0.3573,0.368,0.3358,0.3397,0.34783333333333327,10853387.6,0,coinbase
1647043200,0.3397,0.3548,0.3327,0.3372,0.34156666666666663,5837115.4,0,coinbase
1647129600,0.3372,0.3452,0.3138,0.3155,0.32483333333333336,8036117.1,0,coinbase
1647216000,0.3152,0.3408,0.3123,0.3238,0.32563333333333333,5437745.0,0,coinbase
1647302400,0.3234,0.3341,0.3154,0.3267,0.32539999999999997,8056069.1,0,coinbase
1647388800,0.3266,0.3366,0.3154,0.3292,0.32706666666666667,5761586.4,0,coinbase
1647475200,0.3292,0.3413,0.323,0.3297,0.3313333333333333,3650641.0,0,coinbase
1647561600,0.33,0.3378,0.3193,0.3312,0.3294333333333333,3440549.8,0,coinbase
1647648000,0.3312,0.35,0.3297,0.3434,0.3410333333333333,6346352.6,0,coinbase
1647734400,0.3437,0.3511,0.3216,0.3274,0.33336666666666676,4456721.0,0,coinbase
1647820800,0.3276,0.3483,0.3223,0.3403,0.33696666666666664,4205078.0,0,coinbase
1647907200,0.34,0.4259,0.3391,0.3752,0.3800666666666667,20006994.3,0,coinbase
1647993600,0.3749,0.4558,0.3585,0.3987,0.4043333333333334,18047106.0,0,coinbase
1648080000,0.3989,0.4544,0.3958,0.4406,0.43026666666666663,17636554.1,0,coinbase
1648166400,0.4408,0.4463,0.4024,0.4047,0.4178,6876818.2,0,coinbase
1648252800,0.4047,0.4352,0.3982,0.432,0.42179999999999995,4361143.3,0,coinbase
1648339200,0.4325,0.4485,0.415,0.4454,0.43629999999999997,4915994.1,0,coinbase
1648425600,0.4447,0.4652,0.4287,0.4296,0.4411666666666667,8494458.2,0,coinbase
1648512000,0.4304,0.495,0.4298,0.4706,0.46513333333333334,8916090.0,0,coinbase
1648598400,0.4713,0.4799,0.4503,0.4701,0.4667666666666666,6051858.6,0,coinbase
1648684800,0.4699,0.4833,0.4413,0.4563,0.4603,6249269.6,0,coinbase
1648771200,0.4563,0.4899,0.4294,0.4769,0.4654,9316056.4,0,coinbase
1648857600,0.4772,0.4909,0.4591,0.4592,0.46973333333333334,3732295.1,0,coinbase
1648944000,0.4592,0.4774,0.4558,0.4716,0.46826666666666666,3491403.4,0,coinbase
1649030400,0.4713,0.4845,0.4481,0.4798,0.47079999999999994,5865739.9,0,coinbase
1649116800,0.4803,0.5428,0.4787,0.5038,0.5084333333333334,15784706.8,0,coinbase
1649203200,0.5046,0.5102,0.4378,0.4487,0.4655666666666667,10344049.3,0,coinbase
1649289600,0.4478,0.4666,0.4343,0.449,0.4499666666666667,3999988.7,0,coinbase
1649376000,0.449,0.4656,0.3983,0.4023,0.42206666666666665,6922438.0,0,coinbase
1649462400,0.4019,0.419,0.3904,0.4027,0.4040333333333333,3500585.0,0,coinbase
1649548800,0.4028,0.4139,0.3751,0.3761,0.3883666666666666,3692285.2,0,coinbase
1649635200,0.3759,0.3802,0.3344,0.3366,0.3504,6821157.4,0,coinbase
1649721600,0.3366,0.3725,0.3303,0.3471,0.3499666666666667,7345872.5,0,coinbase
1649808000,0.3465,0.3647,0.3365,0.3516,0.3509333333333333,5010680.0,0,coinbase
1649894400,0.3518,0.3583,0.3277,0.3323,0.3394333333333333,6620960.2,0,coinbase
1649980800,0.332,0.3405,0.3275,0.334,0.334,4105973.6,0,coinbase
1650067200,0.3342,0.3415,0.3289,0.3354,0.33526666666666666,1776481.5,0,coinbase
1650153600,0.335,0.3546,0.328,0.3289,0.33716666666666667,4477085.5,0,coinbase
1650240000,0.3287,0.3495,0.3099,0.3433,0.3342333333333333,6823908.9,0,coinbase
1650326400,0.3433,0.3526,0.3374,0.3481,0.34603333333333336,2757992.0,0,coinbase
1650412800,0.348,0.3549,0.3297,0.3359,0.3401666666666667,3991888.0,0,coinbase
1650499200,0.3362,0.3487,0.317,0.3229,0.3295333333333333,4003720.8,0,coinbase
1650585600,0.3226,0.3322,0.3163,0.3215,0.32333333333333336,2342164.9,0,coinbase
1650672000,0.3211,0.3388,0.3148,0.3188,0.32413333333333333,3039048.7,0,coinbase
1650758400,0.3193,0.3592,0.3165,0.3445,0.3400666666666667,12890252.1,0,coinbase
1650844800,0.3448,0.3559,0.3201,0.335,0.33699999999999997,13159086.5,0,coinbase
1650931200,0.335,0.3468,0.2988,0.3037,0.31643333333333334,6552680.9,0,coinbase
1651017600,0.3033,0.336,0.3015,0.3136,0.31703333333333333,2866041.4,0,coinbase
1651104000,0.3131,0.3208,0.303,0.3082,0.31066666666666665,2769777.1,0,coinbase
1651190400,0.3084,0.309,0.2778,0.2854,0.29073333333333334,4930264.1,0,coinbase
1651276800,0.2851,0.29,0.2581,0.2588,0.26896666666666663,3584396.0,0,coinbase
1651363200,0.2584,0.2745,0.2509,0.2701,0.2651666666666667,4778263.2,0,coinbase
1651449600,0.2704,0.2781,0.2538,0.2635,0.2651333333333334,3481677.0,0,coinbase
1651536000,0.2632,0.2925,0.2595,0.2676,0.27320000000000005,5871786.3,0,coinbase
1651622400,0.2676,0.311,0.2669,0.2884,0.28876666666666667,12820067.9,0,coinbase
1651708800,0.2887,0.2969,0.2564,0.2695,0.27426666666666666,6680696.7,0,coinbase
1651795200,0.2691,0.2701,0.256,0.2604,0.26216666666666666,4173918.8,0,coinbase
1651881600,0.26,0.2698,0.25,0.2571,0.2589666666666667,2731301.5,0,coinbase
1651968000,0.2572,0.2606,0.2407,0.2424,0.2479,2777900.0,0,coinbase
1652054400,0.2425,0.2468,0.194,0.1945,0.21176666666666666,10388182.5,0,coinbase
1652140800,0.1944,0.2228,0.1878,0.1981,0.2029,9311375.3,0,coinbase
1652227200,0.198,0.2017,0.1216,0.134,0.15243333333333334,20529767.4,0,coinbase
1652313600,0.134,0.1857,0.1299,0.1412,0.15226666666666666,20595888.8,0,coinbase
1652400000,0.1412,0.1899,0.1392,0.1585,0.16253333333333334,8645405.1,0,coinbase
1652486400,0.1583,0.1882,0.145,0.1722,0.16846666666666665,11987346.0,0,coinbase
1652572800,0.1725,0.1845,0.1683,0.1809,0.17790000000000003,8276892.2,0,coinbase
1652659200,0.1805,0.1875,0.167,0.1846,0.1797,7474085.8,0,coinbase
1652745600,0.1847,0.2007,0.1781,0.19,0.1896,9136581.5,0,coinbase
1652832000,0.1901,0.1928,0.1668,0.1685,0.17603333333333335,5857187.8,0,coinbase
1652918400,0.1682,0.1835,0.1607,0.1792,0.17446666666666666,6747317.5,0,coinbase
1653004800,0.1798,0.1825,0.1653,0.1671,0.17163333333333333,5676612.6,0,coinbase
1653091200,0.1672,0.1737,0.1645,0.1727,0.1703,2574388.1,0,coinbase
1653177600,0.1731,0.1754,0.1671,0.1729,0.17180000000000004,2469849.2,0,coinbase
1653264000,0.1727,0.1794,0.1622,0.1644,0.16866666666666666,3939351.5,0,coinbase
1653350400,0.1644,0.168,0.1532,0.1633,0.1615,3795528.6,0,coinbase
1653436800,0.1635,0.1658,0.1571,0.1591,0.16066666666666665,2149357.6,0,coinbase
1653523200,0.1591,0.1625,0.1391,0.144,0.14853333333333332,4632114.4,0,coinbase
1653609600,0.1441,0.1516,0.135,0.1396,0.14206666666666667,5570706.8,0,coinbase
1653696000,0.1401,0.1672,0.1384,0.1565,0.15403333333333333,10273191.9,0,coinbase
1653782400,0.1564,0.1704,0.1539,0.1588,0.16103333333333333,9563474.9,0,coinbase
1653868800,0.1588,0.1734,0.1577,0.1669,0.166,6054069.1,0,coinbase
1653955200,0.1666,0.174,0.1615,0.1693,0.16826666666666668,5587514.5,0,coinbase
1654041600,0.1692,0.1737,0.1495,0.1533,0.15883333333333333,6266841.4,0,coinbase
1654128000,0.1532,0.1648,0.1502,0.1631,0.15936666666666666,3233311.1,0,coinbase
1654214400,0.1633,0.166,0.151,0.1532,0.15673333333333334,3975514.2,0,coinbase
1654300800,0.1533,0.1541,0.1489,0.1528,0.15193333333333334,2721022.9,0,coinbase
1654387200,0.1528,0.1535,0.1438,0.1466,0.14796666666666666,2848200.5,0,coinbase
1654473600,0.1469,0.1572,0.1468,0.1486,0.15086666666666668,4494939.9,0,coinbase
1654560000,0.1484,0.1656,0.1388,0.1529,0.15243333333333334,12800755.0,0,coinbase
1654646400,0.153,0.1737,0.1488,0.1501,0.15753333333333333,7499130.9,0,coinbase
1654732800,0.1507,0.1667,0.1489,0.1542,0.1566,8521743.1,0,coinbase
1654819200,0.1538,0.1677,0.1434,0.144,0.15169999999999997,9438896.7,0,coinbase
1654905600,0.144,0.1501,0.1336,0.1361,0.13993333333333333,5112835.0,0,coinbase
1654992000,0.1361,0.1378,0.1132,0.1134,0.12146666666666667,10356424.6,0,coinbase
1655078400,0.1131,0.1178,0.1033,0.1097,0.11026666666666668,13958508.4,0,coinbase
1655164800,0.1098,0.1145,0.1016,0.1093,0.10846666666666667,7671301.4,0,coinbase
1655251200,0.1093,0.1107,0.0855,0.1075,0.10123333333333334,20436469.1,0,coinbase
1655337600,0.1077,0.1089,0.0808,0.083,0.0909,14072871.4,0,coinbase
1655424000,0.0832,0.0852,0.0763,0.08,0.0805,15528034.8,0,coinbase
1655510400,0.08,0.0907,0.0661,0.075,0.07726666666666666,22158563.8,0,coinbase
1655596800,0.0748,0.0808,0.0705,0.0791,0.0768,10342742.9,0,coinbase
1655683200,0.0788,0.0829,0.0742,0.0799,0.079,7700823.7,0,coinbase
1655769600,0.0799,0.088,0.0798,0.0816,0.08313333333333334,9731114.1,0,coinbase
1655856000,0.0817,0.088,0.0791,0.0815,0.08286666666666666,12005516.3,0,coinbase
1655942400,0.0816,0.084,0.0795,0.082,0.08183333333333333,10199095.5,0,coinbase
1656028800,0.0818,0.0915,0.0806,0.0904,0.08750000000000001,11336319.7,0,coinbase
1656115200,0.0902,0.0955,0.0865,0.0889,0.0903,9193236.7,0,coinbase
1656201600,0.0891,0.1031,0.081,0.0811,0.08839999999999999,17664981.3,0,coinbase
1656288000,0.0812,0.0841,0.0795,0.0821,0.0819,22427061.9,0,coinbase
1656374400,0.0821,0.0846,0.0752,0.0762,0.07866666666666666,7092559.9,0,coinbase
1656460800,0.0762,0.0799,0.0734,0.0766,0.07663333333333333,10034399.5,0,coinbase
1656547200,0.0766,0.0768,0.0688,0.0744,0.07333333333333333,7017238.1,0,coinbase
1656633600,0.0745,0.0777,0.0727,0.0738,0.07473333333333333,7190668.7,0,coinbase
1656720000,0.074,0.0821,0.0722,0.0761,0.0768,8447803.2,0,coinbase
1656806400,0.0759,0.0779,0.0714,0.0739,0.0744,6735653.7,0,coinbase
1656892800,0.0739,0.0775,0.0723,0.0771,0.07563333333333333,4083407.4,0,coinbase
1656979200,0.077,0.0778,0.0716,0.0741,0.0745,7378724.2,0,coinbase
1657065600,0.0742,0.0784,0.073,0.0755,0.07563333333333333,6769807.9,0,coinbase
1657152000,0.0756,0.0841,0.0749,0.0812,0.08006666666666666,9821608.4,0,coinbase
1657238400,0.0814,0.0831,0.0761,0.0792,0.07946666666666667,7351294.1,0,coinbase
1657324800,0.0793,0.0836,0.079,0.0816,0.0814,4764274.8,0,coinbase
1657411200,0.0818,0.0821,0.0753,0.0769,0.0781,12177978.9,0,coinbase
1657497600,0.0768,0.077,0.0715,0.0719,0.07346666666666667,9997731.3,0,coinbase
1657584000,0.0717,0.0748,0.0681,0.0682,0.07036666666666667,7156320.2,0,coinbase
1657670400,0.0684,0.0748,0.0664,0.0743,0.07183333333333333,10640937.3,0,coinbase
1657756800,0.0743,0.0808,0.0734,0.0767,0.07696666666666667,9741024.3,0,coinbase
1657843200,0.0766,0.0798,0.0751,0.0767,0.07719999999999999,8585734.4,0,coinbase
1657929600,0.0767,0.0854,0.076,0.0811,0.08083333333333333,12425505.8,0,coinbase
1658016000,0.0813,0.0829,0.0787,0.0794,0.08033333333333334,5551858.7,0,coinbase
1658102400,0.0796,0.086,0.0796,0.0843,0.0833,7805795.0,0,coinbase
1658188800,0.0843,0.0911,0.0831,0.0879,0.08736666666666666,12879080.7,0,coinbase
1658275200,0.0877,0.0933,0.0816,0.0836,0.08616666666666667,12018269.9,0,coinbase
1658361600,0.0837,0.0868,0.08,0.0849,0.08390000000000002,5914508.1,0,coinbase
1658448000,0.085,0.0889,0.0818,0.0822,0.0843,5109597.0,0,coinbase
1658534400,0.0826,0.0852,0.0808,0.0836,0.0832,3518892.7,0,coinbase
1658620800,0.0836,0.0876,0.0821,0.0843,0.08466666666666667,5257058.6,0,coinbase
1658707200,0.0843,0.0848,0.0765,0.0766,0.0793,4914070.4,0,coinbase
1658793600,0.0767,0.0769,0.0734,0.0767,0.07566666666666666,3490111.2,0,coinbase
1658880000,0.0767,0.0816,0.0752,0.0812,0.07933333333333333,6994790.9,0,coinbase
1658966400,0.0811,0.092,0.0798,0.0869,0.08623333333333334,7962851.4,0,coinbase
1659052800,0.0868,0.0899,0.0836,0.0858,0.08643333333333332,7937769.6,0,coinbase
1659139200,0.0862,0.0942,0.0858,0.0871,0.08903333333333334,8549195.4,0,coinbase
1659225600,0.087,0.1056,0.087,0.096,0.0962,19638142.3,0,coinbase
1659312000,0.096,0.1124,0.0904,0.0946,0.09913333333333334,18098490.2,0,coinbase
1659398400,0.0948,0.0971,0.0915,0.0925,0.0937,12286727.2,0,coinbase
1659484800,0.0925,0.0982,0.0905,0.0956,0.09476666666666667,5069663.3,0,coinbase
1659571200,0.0956,0.1058,0.093,0.0964,0.0984,15026730.9,0,coinbase
1659657600,0.0964,0.1024,0.0964,0.1009,0.0999,5800622.8,0,coinbase
1659744000,0.1009,0.1039,0.1,0.1023,0.10206666666666668,4248071.2,0,coinbase
1659830400,0.1022,0.1052,0.0998,0.1042,0.10306666666666668,6537967.3,0,coinbase
1659916800,0.1044,0.1069,0.101,0.1018,0.10323333333333333,6918392.8,0,coinbase
1660003200,0.1018,0.103,0.0936,0.0957,0.09743333333333333,10210076.2,0,coinbase
1660089600,0.0953,0.1001,0.0922,0.1001,0.09746666666666666,7899640.4,0,coinbase
1660176000,0.1,0.1066,0.0959,0.097,0.09983333333333333,7816257.1,0,coinbase
1660262400,0.0969,0.1049,0.0949,0.1036,0.10113333333333334,9320609.3,0,coinbase
1660348800,0.1036,0.1058,0.1002,0.1005,0.10216666666666667,6112877.3,0,coinbase
1660435200,0.1005,0.1052,0.0966,0.0991,0.1003,10635967.8,0,coinbase
1660521600,0.0991,0.1055,0.0955,0.1003,0.10043333333333333,7609724.2,0,coinbase
1660608000,0.1005,0.1177,0.1005,0.1074,0.10853333333333333,33282579.4,0,coinbase
1660694400,0.1076,0.1133,0.0987,0.1023,0.10476666666666667,10426868.3,0,coinbase
1660780800,0.1024,0.1029,0.0935,0.0938,0.09673333333333334,7390537.7,0,coinbase
1660867200,0.0938,0.0942,0.0833,0.0842,0.08723333333333333,10560102.4,0,coinbase
1660953600,0.0838,0.0883,0.0822,0.0856,0.08536666666666666,3842904.4,0,coinbase
1661040000,0.0856,0.0958,0.085,0.0888,0.08986666666666666,14527003.3,0,coinbase
1661126400,0.0888,0.0897,0.0845,0.0895,0.08790000000000002,5978849.5,0,coinbase
1661212800,0.0895,0.0965,0.0879,0.0917,0.09203333333333334,9343147.2,0,coinbase
1661299200,0.0917,0.0936,0.0891,0.0908,0.09116666666666667,4722511.8,0,coinbase
1661385600,0.091,0.0931,0.0897,0.0913,0.09136666666666667,3357560.1,0,coinbase
1661472000,0.0913,0.0913,0.0844,0.0857,0.08713333333333334,7537683.0,0,coinbase
1661558400,0.0857,0.0864,0.0831,0.0849,0.08479999999999999,3633655.8,0,coinbase
1661644800,0.0849,0.0851,0.0775,0.0778,0.08013333333333333,5939745.5,0,coinbase
1661731200,0.0779,0.0849,0.0775,0.0843,0.08223333333333332,4391793.1,0,coinbase
1661817600,0.0843,0.0854,0.0787,0.0804,0.0815,3943153.7,0,coinbase
1661904000,0.0805,0.0842,0.0801,0.0811,0.0818,6900421.1,0,coinbase
1661990400,0.0813,0.0824,0.0792,0.082,0.08120000000000001,6505819.3,0,coinbase
1662076800,0.0818,0.0855,0.0802,0.0806,0.0821,6048974.0,0,coinbase
1662163200,0.0806,0.0845,0.08,0.0826,0.08236666666666667,1894037.9,0,coinbase
1662249600,0.0826,0.0833,0.0804,0.0831,0.08226666666666667,3226454.1,0,coinbase
1662336000,0.083,0.0834,0.0808,0.0821,0.0821,1799017.4,0,coinbase
1662422400,0.082,0.0842,0.0757,0.0771,0.079,7330542.7,0,coinbase
1662508800,0.0771,0.1067,0.0758,0.0974,0.0933,60229890.6,0,coinbase
1662595200,0.0974,0.0994,0.0892,0.0931,0.0939,26385043.5,0,coinbase
1662681600,0.093,0.0968,0.0903,0.0956,0.09423333333333334,14056046.6,0,coinbase
1662768000,0.0954,0.1044,0.0934,0.0988,0.09886666666666666,11394853.1,0,coinbase
1662854400,0.0992,0.1013,0.0936,0.0945,0.09646666666666666,13212128.3,0,coinbase
1662940800,0.0942,0.0986,0.0894,0.0911,0.09303333333333334,11770099.8,0,coinbase
1663027200,0.091,0.0918,0.0845,0.0865,0.08760000000000001,8915203.6,0,coinbase
1663113600,0.0864,0.098,0.0835,0.0915,0.09100000000000001,16966675.9,0,coinbase
1663200000,0.0917,0.0987,0.087,0.0918,0.09249999999999999,20994446.5,0,coinbase
1663286400,0.0918,0.092,0.0857,0.0867,0.08813333333333333,7316309.5,0,coinbase
1663372800,0.0871,0.0903,0.0871,0.0885,0.08863333333333334,1731045.3,0,coinbase
1663459200,0.0887,0.0895,0.0804,0.0809,0.08360000000000001,9037188.0,0,coinbase
1663545600,0.0808,0.0846,0.0798,0.0826,0.08233333333333333,5202305.4,0,coinbase
1663632000,0.0828,0.0851,0.0812,0.0822,0.08283333333333333,6528259.0,0,coinbase
1663718400,0.0822,0.087,0.0779,0.0792,0.08136666666666666,20027147.8,0,coinbase
1663804800,0.0793,0.0846,0.0789,0.0826,0.08203333333333333,6207918.1,0,coinbase
1663891200,0.0828,0.0878,0.0818,0.0848,0.0848,18230509.9,0,coinbase
1663977600,0.085,0.0858,0.0819,0.082,0.08323333333333334,5308413.4,0,coinbase
1664064000,0.0821,0.0833,0.0798,0.08,0.08103333333333333,3636135.7,0,coinbase
1664150400,0.0801,0.0816,0.0784,0.0816,0.08053333333333333,5627611.8,0,coinbase
1664236800,0.0814,0.085,0.0798,0.0815,0.0821,8753083.5,0,coinbase
1664323200,0.0815,0.0906,0.0792,0.0851,0.08496666666666668,23126359.5,0,coinbase
1664409600,0.0849,0.0859,0.081,0.0831,0.08333333333333333,3848284.4,0,coinbase
1664496000,0.0832,0.0841,0.0814,0.0828,0.08276666666666666,2487175.1,0,coinbase
1664582400,0.0828,0.0836,0.0805,0.0807,0.08159999999999999,3038621.1,0,coinbase
1664668800,0.0809,0.0812,0.078,0.0789,0.07936666666666667,2837250.7,0,coinbase
1664755200,0.0785,0.0822,0.0781,0.0806,0.0803,2826485.7,0,coinbase
1664841600,0.0806,0.0833,0.0802,0.0826,0.08203333333333333,3470332.1,0,coinbase
1664928000,0.0824,0.0834,0.0799,0.0815,0.0816,2112147.5,0,coinbase
1665014400,0.0816,0.0835,0.0803,0.0809,0.08156666666666666,1436687.2,0,coinbase
1665100800,0.0807,0.0815,0.0789,0.0798,0.08006666666666666,1175253.7,0,coinbase
1665187200,0.0798,0.0861,0.0798,0.081,0.0823,6137104.1,0,coinbase
1665273600,0.081,0.0851,0.0797,0.0826,0.08246666666666667,4027040.4,0,coinbase
1665360000,0.0826,0.0843,0.0797,0.0799,0.0813,6121252.9,0,coinbase
1665446400,0.0797,0.0836,0.0788,0.0792,0.08053333333333333,6057524.9,0,coinbase
1665532800,0.0793,0.0808,0.0789,0.0794,0.07970000000000001,2904630.0,0,coinbase
1665619200,0.0796,0.0845,0.0732,0.0822,0.07996666666666667,8102978.4,0,coinbase
1665705600,0.0821,0.0845,0.0794,0.0806,0.0815,4090715.3,0,coinbase
1665792000,0.0808,0.0845,0.0803,0.0822,0.08233333333333333,4740662.7,0,coinbase
1665878400,0.0822,0.0943,0.0812,0.0857,0.08706666666666667,11425154.7,0,coinbase
1665964800,0.0856,0.0889,0.0827,0.0877,0.08643333333333332,6466119.6,0,coinbase
1666051200,0.0878,0.089,0.0829,0.0843,0.08539999999999999,4202652.1,0,coinbase
1666137600,0.0844,0.0852,0.0811,0.0811,0.08246666666666667,2193314.3,0,coinbase
1666224000,0.0811,0.0821,0.0792,0.0806,0.08063333333333333,2642067.0,0,coinbase
1666310400,0.0807,0.0835,0.0773,0.0803,0.08036666666666666,4165115.2,0,coinbase
1666396800,0.0803,0.0832,0.0802,0.0815,0.08163333333333334,1827298.2,0,coinbase
1666483200,0.0816,0.0826,0.0799,0.0815,0.08133333333333333,1357751.2,0,coinbase
1666569600,0.0815,0.0818,0.0795,0.0803,0.08053333333333333,1769677.6,0,coinbase
1666656000,0.0805,0.0828,0.0795,0.0819,0.0814,2274592.2,0,coinbase
1666742400,0.0819,0.0847,0.0813,0.0817,0.08256666666666666,2941927.6,0,coinbase
1666828800,0.0815,0.0848,0.0806,0.0808,0.08206666666666666,3186498.6,0,coinbase
1666915200,0.081,0.0836,0.0803,0.0822,0.08203333333333333,1720690.2,0,coinbase
1667001600,0.0822,0.0876,0.082,0.0841,0.08456666666666666,3190084.3,0,coinbase
1667088000,0.0841,0.087,0.0813,0.0841,0.08413333333333334,4435349.1,0,coinbase
1667174400,0.0844,0.0865,0.0834,0.0852,0.08503333333333334,3223450.8,0,coinbase
1667260800,0.0852,0.0858,0.0808,0.0828,0.08313333333333334,6189293.5,0,coinbase
1667347200,0.0829,0.0842,0.0791,0.0802,0.08116666666666666,4377946.1,0,coinbase
1667433600,0.0801,0.0908,0.08,0.0873,0.08603333333333334,8657093.4,0,coinbase
1667520000,0.0873,0.0924,0.0863,0.0903,0.08966666666666667,5835218.9,0,coinbase
1667606400,0.0904,0.0941,0.0883,0.0886,0.09033333333333333,2153202.7,0,coinbase
1667692800,0.0888,0.1012,0.088,0.0887,0.09263333333333333,8404714.2,0,coinbase
1667779200,0.0887,0.0911,0.0859,0.0879,0.0883,2335300.8,0,coinbase
1667865600,0.088,0.089,0.0721,0.0769,0.07933333333333333,7566279.8,0,coinbase
1667952000,0.0769,0.0772,0.0576,0.0597,0.06483333333333334,12512707.7,0,coinbase
1668038400,0.0597,0.0709,0.059,0.0689,0.06626666666666668,4565226.9,0,coinbase
1668124800,0.0688,0.0694,0.0618,0.0647,0.06530000000000001,2696409.0,0,coinbase
1668211200,0.0646,0.0652,0.0609,0.0611,0.06239999999999999,2677497.2,0,coinbase
1668297600,0.0611,0.0633,0.0587,0.0599,0.06063333333333334,2148308.4,0,coinbase
1668384000,0.0601,0.0636,0.0567,0.0634,0.061233333333333334,3332777.5,0,coinbase
1668470400,0.0632,0.0656,0.0609,0.0628,0.0631,2527134.7,0,coinbase
1668556800,0.0628,0.0642,0.0595,0.0607,0.06146666666666666,1401836.8,0,coinbase
1668643200,0.0607,0.0615,0.0592,0.06,0.06023333333333333,1616824.9,0,coinbase
1668729600,0.06,0.0617,0.0591,0.0597,0.06016666666666667,1570576.9,0,coinbase
1668816000,0.0597,0.0605,0.0591,0.0596,0.05973333333333333,1591743.9,0,coinbase
1668902400,0.0596,0.062,0.0567,0.0569,0.05853333333333333,2435989.1,0,coinbase
1668988800,0.057,0.057,0.0542,0.0547,0.055299999999999995,4578415.6,0,coinbase
1669075200,0.0547,0.0578,0.0524,0.0572,0.055799999999999995,8666035.5,0,coinbase
1669161600,0.0574,0.0771,0.0565,0.0639,0.06583333333333334,51436623.2,0,coinbase
1669248000,0.064,0.0694,0.0605,0.0628,0.06423333333333334,23650719.5,0,coinbase
1669334400,0.0626,0.0636,0.0586,0.0618,0.06133333333333333,9470377.6,0,coinbase
1669420800,0.062,0.065,0.0605,0.0608,0.062099999999999995,5967399.1,0,coinbase
1669507200,0.0607,0.0661,0.0607,0.0618,0.06286666666666667,6698278.5,0,coinbase
1669593600,0.0619,0.0634,0.0586,0.061,0.061,4797111.4,0,coinbase
1669680000,0.0609,0.0637,0.0605,0.0622,0.06213333333333334,2312486.1,0,coinbase
1669766400,0.0621,0.0641,0.0616,0.0631,0.06293333333333334,6840736.2,0,coinbase
1669852800,0.0631,0.0645,0.0617,0.0621,0.06276666666666668,5116090.8,0,coinbase
1669939200,0.0621,0.0659,0.0617,0.0639,0.06383333333333334,2841831.7,0,coinbase
1670025600,0.0641,0.065,0.0619,0.0626,0.06316666666666666,1595649.4,0,coinbase
1670112000,0.0626,0.0656,0.0626,0.0633,0.06383333333333334,4202480.8,0,coinbase
1670198400,0.0633,0.0799,0.0624,0.0684,0.07023333333333333,26677108.6,0,coinbase
1670284800,0.0685,0.08,0.0672,0.07,0.0724,20786791.3,0,coinbase
1670371200,0.0699,0.0844,0.0651,0.0825,0.07733333333333335,28372419.7,0,coinbase
1670457600,0.0823,0.0986,0.0738,0.0887,0.08703333333333334,54110088.2,0,coinbase
1670544000,0.089,0.1289,0.0887,0.12,0.11253333333333333,103448950.8,0,coinbase
1670630400,0.12,0.1277,0.0928,0.0933,0.10459999999999998,57057599.5,0,coinbase
1670716800,0.0933,0.115,0.0923,0.1047,0.104,44840357.4,0,coinbase
1670803200,0.1046,0.1097,0.0935,0.0952,0.09946666666666666,27858572.3,0,coinbase
1670889600,0.0952,0.0985,0.0886,0.0909,0.09266666666666666,14785412.7,0,coinbase
1670976000,0.091,0.1133,0.09,0.0995,0.10093333333333332,31932701.9,0,coinbase
1671062400,0.0995,0.1058,0.0957,0.1025,0.10133333333333333,14942723.1,0,coinbase
1671148800,0.1024,0.1069,0.0894,0.0904,0.09556666666666665,21887916.7,0,coinbase
1671235200,0.0905,0.0942,0.0859,0.0894,0.08983333333333333,8812026.7,0,coinbase
1671321600,0.0894,0.0931,0.086,0.0879,0.08900000000000001,8255027.3,0,coinbase
1671408000,0.088,0.0915,0.0831,0.0841,0.08623333333333333,8105471.6,0,coinbase
1671494400,0.0841,0.0894,0.0841,0.0859,0.08646666666666665,6833123.3,0,coinbase
1671580800,0.0859,0.097,0.0821,0.0934,0.09083333333333334,23125429.2,0,coinbase
1671667200,0.0934,0.1008,0.0883,0.0944,0.09449999999999999,23522820.1,0,coinbase
1671753600,0.0943,0.0964,0.0895,0.0903,0.09206666666666667,8982627.8,0,coinbase
1671840000,0.0903,0.0954,0.0894,0.0933,0.0927,8483299.9,0,coinbase
1671926400,0.0932,0.0984,0.0914,0.0953,0.09503333333333334,9878379.1,0,coinbase
1672012800,0.0951,0.1056,0.0936,0.0991,0.09943333333333333,24097466.4,0,coinbase
1672099200,0.0992,0.1024,0.0962,0.098,0.09886666666666666,13640078.7,0,coinbase
1672185600,0.0979,0.1028,0.0933,0.0957,0.09726666666666667,13680686.5,0,coinbase
1672272000,0.0957,0.0992,0.0898,0.0927,0.0939,13423440.5,0,coinbase
1672358400,0.0925,0.0955,0.0892,0.0938,0.09283333333333332,7508170.1,0,coinbase
1672444800,0.0937,0.0945,0.0909,0.0916,0.09233333333333334,3183901.3,0,coinbase
1672531200,0.0916,0.0925,0.0898,0.0912,0.09116666666666667,3476632.3,0,coinbase
1672617600,0.0912,0.1014,0.0902,0.0967,0.0961,11437442.4,0,coinbase
1672704000,0.0966,0.1035,0.0963,0.1028,0.10086666666666666,13200889.9,0,coinbase
1672790400,0.1028,0.1169,0.1015,0.1121,0.11016666666666668,22195969.5,0,coinbase
1672876800,0.1121,0.1142,0.1057,0.1067,0.10886666666666667,10024046.4,0,coinbase
1672963200,0.1067,0.1342,0.1064,0.1237,0.12143333333333334,37547637.5,0,coinbase
1673049600,0.1237,0.1656,0.1232,0.158,0.14893333333333333,60622852.1,0,coinbase
1673136000,0.1578,0.1693,0.1385,0.1397,0.14916666666666667,50057030.5,0,coinbase
1673222400,0.1396,0.1711,0.1383,0.1533,0.15423333333333333,36541727.2,0,coinbase
1673308800,0.1531,0.1969,0.1462,0.1889,0.17733333333333334,53291279.3,0,coinbase
1673395200,0.1886,0.2067,0.1732,0.1808,0.18689999999999998,47823834.5,0,coinbase
1673481600,0.1814,0.2174,0.1787,0.203,0.1997,38758222.6,0,coinbase
1673568000,0.203,0.2523,0.2017,0.2404,0.23146666666666668,53511892.4,0,coinbase
1673654400,0.2405,0.2659,0.218,0.2377,0.24053333333333335,46769209.0,0,coinbase
1673740800,0.238,0.247,0.2108,0.2275,0.22843333333333335,30164184.2,0,coinbase
1673827200,0.2275,0.25,0.2176,0.2288,0.23213333333333333,20643743.1,0,coinbase
1673913600,0.2291,0.284,0.2237,0.2799,0.26253333333333334,51028877.3,0,coinbase
1674000000,0.2793,0.298,0.2368,0.2486,0.2611333333333333,58391041.9,0,coinbase
1674086400,0.2486,0.28,0.2441,0.2724,0.2655,28635437.5,0,coinbase
1674172800,0.272,0.295,0.2587,0.2828,0.2788333333333333,42578777.8,0,coinbase
1674259200,0.2829,0.3067,0.2669,0.2677,0.2804333333333333,39811998.7,0,coinbase
1674345600,0.2675,0.2841,0.2575,0.2662,0.2692666666666667,28540236.4,0,coinbase
1674432000,0.2663,0.3056,0.2644,0.2848,0.2849333333333333,48917103.8,0,coinbase
1674518400,0.2846,0.2956,0.2584,0.2657,0.2732333333333334,24865292.1,0,coinbase
1674604800,0.2656,0.2795,0.2531,0.2701,0.2675666666666667,24957908.2,0,coinbase
1674691200,0.2711,0.2798,0.2605,0.2634,0.2679,17673917.5,0,coinbase
1674777600,0.2634,0.2977,0.2563,0.281,0.2783333333333334,25578395.7,0,coinbase
1674864000,0.2812,0.31,0.2799,0.2947,0.29486666666666667,32923858.5,0,coinbase
1674950400,0.2943,0.2969,0.2833,0.2895,0.2899,16329864.9,0,coinbase
1675036800,0.2895,0.2895,0.259,0.2661,0.27153333333333335,20913767.5,0,coinbase
1675123200,0.2662,0.295,0.259,0.2751,0.2763666666666667,21488527.3,0,coinbase
1675209600,0.275,0.2992,0.2581,0.2896,0.2823,28946262.9,0,coinbase
1675296000,0.2898,0.2986,0.2723,0.2744,0.28176666666666667,28813643.7,0,coinbase
1675382400,0.2742,0.3372,0.2684,0.3305,0.31203333333333333,50571362.5,0,coinbase
1675468800,0.3304,0.3507,0.3147,0.3319,0.3324333333333333,32963695.3,0,coinbase
1675555200,0.3323,0.4628,0.3273,0.4493,0.41313333333333335,67160743.9,0,coinbase
1675641600,0.4492,0.475,0.4063,0.4332,0.43816666666666665,57585772.6,0,coinbase
1675728000,0.4333,0.5889,0.4333,0.5408,0.521,92251189.7,0,coinbase
1675814400,0.5406,0.608,0.4426,0.4773,0.5093,92952297.8,0,coinbase
1675900800,0.4773,0.4974,0.3645,0.3887,0.41686666666666666,83833781.1,0,coinbase
1675987200,0.389,0.46,0.3788,0.422,0.4202666666666666,51995925.8,0,coinbase
1676073600,0.4227,0.453,0.3981,0.4168,0.42263333333333336,22656403.8,0,coinbase
1676160000,0.417,0.4392,0.3914,0.3983,0.4096333333333333,26416752.7,0,coinbase
1676246400,0.3984,0.4092,0.3652,0.3852,0.38653333333333334,31604610.9,0,coinbase
1676332800,0.3851,0.4648,0.3782,0.4528,0.4319333333333333,52544949.8,0,coinbase
1676419200,0.4526,0.4794,0.4126,0.4737,0.4552333333333333,35184652.4,0,coinbase
1676505600,0.4738,0.483,0.4115,0.4135,0.43599999999999994,42705359.5,0,coinbase
1676592000,0.4138,0.4499,0.4125,0.4432,0.43520000000000003,25752575.9,0,coinbase
1676678400,0.4431,0.4549,0.4291,0.4322,0.43873333333333336,15067819.3,0,coinbase
1676764800,0.4321,0.4429,0.4079,0.4152,0.422,14656079.6,0,coinbase
1676851200,0.4147,0.4298,0.4039,0.4173,0.417,16451612.9,0,coinbase
1676937600,0.4174,0.5,0.4143,0.4345,0.4496,64081858.2,0,coinbase
1677024000,0.4341,0.4416,0.4045,0.4382,0.4281,23172065.9,0,coinbase
1677110400,0.4382,0.4719,0.426,0.4363,0.44473333333333337,27879552.0,0,coinbase
1677196800,0.4364,0.4803,0.4316,0.4742,0.4620333333333333,40094694.3,0,coinbase
1677283200,0.4734,0.4825,0.405,0.4266,0.4380333333333333,24963025.4,0,coinbase
1677369600,0.4265,0.4372,0.4169,0.4337,0.42926666666666663,9171180.5,0,coinbase
1677456000,0.4346,0.451,0.4206,0.4345,0.4353666666666666,12656344.7,0,coinbase
1677542400,0.4345,0.4914,0.4323,0.4397,0.45446666666666663,42973516.2,0,coinbase
1677628800,0.4396,0.4938,0.4387,0.4841,0.47219999999999995,35081894.0,0,coinbase
1677715200,0.4837,0.4886,0.4494,0.4684,0.46879999999999994,20131743.6,0,coinbase
1677801600,0.4683,0.4702,0.405,0.4403,0.43850000000000006,31792093.8,0,coinbase
1677888000,0.4402,0.4444,0.4087,0.4299,0.42766666666666664,9003163.6,0,coinbase
1677974400,0.43,0.4447,0.4236,0.4317,0.4333333333333333,11713683.8,0,coinbase
1678060800,0.4316,0.4316,0.4115,0.4198,0.42096666666666666,11939339.7,0,coinbase
1678147200,0.4193,0.4264,0.3858,0.4005,0.4042333333333334,18901457.0,0,coinbase
1678233600,0.4012,0.4057,0.3388,0.3474,0.3639666666666666,19932571.5,0,coinbase
1678320000,0.3476,0.3724,0.3128,0.3201,0.3351,27263545.9,0,coinbase
1678406400,0.3206,0.3393,0.2961,0.3357,0.3237,37728450.1,0,coinbase
1678492800,0.3351,0.3457,0.305,0.3177,0.32280000000000003,23450801.9,0,coinbase
1678579200,0.3176,0.3882,0.3114,0.383,0.36086666666666667,23723049.3,0,coinbase
1678665600,0.3827,0.404,0.3549,0.3903,0.38306666666666667,46007826.0,0,coinbase
1678752000,0.3905,0.4838,0.3766,0.4519,0.43743333333333334,58686194.8,0,coinbase
1678838400,0.4515,0.4829,0.38,0.4112,0.4247,48246584.9,0,coinbase
1678924800,0.4109,0.4388,0.3975,0.4216,0.4193,29352733.6,0,coinbase
1679011200,0.4216,0.4522,0.4109,0.452,0.4383666666666666,24888685.9,0,coinbase
1679097600,0.4522,0.4622,0.4133,0.4184,0.43129999999999996,24795846.6,0,coinbase
1679184000,0.4187,0.4363,0.4129,0.4205,0.4232333333333333,18252756.1,0,coinbase
1679270400,0.4207,0.4233,0.3848,0.3936,0.4005666666666667,20895453.6,0,coinbase
1679356800,0.3936,0.4162,0.3807,0.3969,0.3979333333333333,13182395.3,0,coinbase
1679443200,0.3969,0.4047,0.361,0.3802,0.38196666666666673,19628655.4,0,coinbase
1679529600,0.3801,0.3947,0.3739,0.3873,0.3853,10395387.8,0,coinbase
1679616000,0.3875,0.389,0.3596,0.3681,0.37223333333333325,11205665.7,0,coinbase
1679702400,0.3684,0.3781,0.3576,0.3644,0.3667,6599913.0,0,coinbase
1679788800,0.3643,0.3787,0.3612,0.3727,0.3708666666666667,5111763.6,0,coinbase
1679875200,0.3727,0.3747,0.3335,0.3463,0.3515,11035300.9,0,coinbase
1679961600,0.3461,0.359,0.3329,0.3564,0.3494333333333333,8945581.2,0,coinbase
1680048000,0.3564,0.4036,0.3542,0.3852,0.381,19229226.5,0,coinbase
1680134400,0.3854,0.3903,0.3554,0.3655,0.3704,9467081.0,0,coinbase
1680220800,0.3655,0.3709,0.3543,0.3668,0.36400000000000005,7460383.3,0,coinbase
1680307200,0.3668,0.3765,0.3589,0.3628,0.3660666666666667,3259208.4,0,coinbase
1680393600,0.363,0.3643,0.3433,0.3495,0.35236666666666666,9015343.6,0,coinbase
1680480000,0.3495,0.3605,0.3359,0.3513,0.3492333333333333,10596477.2,0,coinbase
1680566400,0.3531,0.3636,0.3451,0.361,0.3565666666666667,9149138.5,0,coinbase
1680652800,0.3609,0.3753,0.3526,0.3637,0.3638666666666667,12079651.9,0,coinbase
1680739200,0.364,0.3644,0.3489,0.3523,0.3552,7566651.5,0,coinbase
1680825600,0.3526,0.3537,0.3419,0.3453,0.34696666666666665,5671459.7,0,coinbase
1680912000,0.3453,0.3482,0.3357,0.3396,0.3411666666666666,4090173.7,0,coinbase
1680998400,0.3396,0.3521,0.326,0.344,0.3407,7905815.9,0,coinbase
1681084800,0.344,0.3578,0.3365,0.3556,0.3499666666666667,8579582.0,0,coinbase
1681171200,0.3556,0.3646,0.3508,0.3526,0.35600000000000004,10290890.1,0,coinbase
1681257600,0.3526,0.3551,0.3325,0.3419,0.3431666666666667,9505115.4,0,coinbase
1681344000,0.3421,0.365,0.3383,0.3616,0.35496666666666665,10773122.0,0,coinbase
1681430400,0.3616,0.4145,0.3608,0.4053,0.39353333333333335,39632472.0,0,coinbase
1681516800,0.4055,0.4255,0.3913,0.4077,0.4081666666666666,23520321.7,0,coinbase
1681603200,0.4077,0.4126,0.3952,0.4054,0.40440000000000004,10369672.3,0,coinbase
1681689600,0.4054,0.4484,0.3916,0.4267,0.4222333333333334,32308886.0,0,coinbase
1681776000,0.4266,0.4448,0.4124,0.4246,0.4272666666666667,26830851.6,0,coinbase
1681862400,0.4246,0.428,0.3653,0.3732,0.38883333333333336,28559703.5,0,coinbase
1681948800,0.3729,0.381,0.3508,0.3637,0.36516666666666664,17767301.6,0,coinbase
1682035200,0.3637,0.3667,0.3297,0.3336,0.3433333333333333,19026837.1,0,coinbase
1682121600,0.3336,0.3485,0.3292,0.3481,0.34193333333333337,5329415.5,0,coinbase
1682208000,0.348,0.348,0.3245,0.3356,0.33603333333333335,4483716.9,0,coinbase
1682294400,0.3353,0.345,0.3245,0.3319,0.33379999999999993,5544612.1,0,coinbase
1682380800,0.3319,0.3482,0.3186,0.3447,0.33716666666666667,8236575.0,0,coinbase
1682467200,0.3453,0.38,0.3129,0.3347,0.34253333333333336,15446495.6,0,coinbase
1682553600,0.3339,0.3483,0.33,0.3445,0.3409333333333333,7668917.1,0,coinbase
1682640000,0.3441,0.3474,0.33,0.333,0.3368,7507196.4,0,coinbase
1682726400,0.3335,0.3446,0.3316,0.3413,0.33916666666666667,4005949.5,0,coinbase
1682812800,0.3409,0.3413,0.3268,0.3275,0.33186666666666664,4837716.8,0,coinbase
1682899200,0.3275,0.3306,0.3137,0.3185,0.32093333333333335,6617808.1,0,coinbase
1682985600,0.318,0.3215,0.3115,0.3189,0.31729999999999997,7079465.7,0,coinbase
1683072000,0.3189,0.3289,0.299,0.325,0.3176333333333334,7838115.2,0,coinbase
1683158400,0.3255,0.326,0.3071,0.3106,0.31456666666666666,5719293.8,0,coinbase
1683244800,0.3106,0.3139,0.2995,0.311,0.3081333333333333,6222575.6,0,coinbase
1683331200,0.3109,0.3139,0.2772,0.2886,0.2932333333333333,9504635.4,0,coinbase
1683417600,0.2886,0.2992,0.2876,0.29,0.2922666666666667,5074456.2,0,coinbase
1683504000,0.2899,0.2933,0.2429,0.26,0.2654,10976477.3,0,coinbase
1683590400,0.2593,0.2652,0.2475,0.2636,0.25876666666666664,9285411.7,0,coinbase
1683676800,0.2633,0.2736,0.2472,0.2629,0.2612333333333334,12056443.1,0,coinbase
1683763200,0.2629,0.263,0.2329,0.2416,0.24583333333333335,11072937.0,0,coinbase
1683849600,0.2416,0.2468,0.2279,0.2454,0.24003333333333332,9330536.4,0,coinbase
1683936000,0.2458,0.246,0.237,0.2385,0.24050000000000002,4044854.3,0,coinbase
1684022400,0.2377,0.2476,0.2332,0.2415,0.24076666666666666,4076244.4,0,coinbase
1684108800,0.2413,0.2534,0.2353,0.2467,0.24513333333333334,7503622.7,0,coinbase
1684195200,0.2466,0.2489,0.2392,0.2447,0.24426666666666666,5881511.1,0,coinbase
1684281600,0.2448,0.2607,0.2367,0.2569,0.25143333333333334,9114776.7,0,coinbase
1684368000,0.2568,0.2589,0.2406,0.2468,0.2487666666666667,6785423.1,0,coinbase
1684454400,0.2467,0.2842,0.2419,0.2652,0.26376666666666665,17469482.4,0,coinbase
1684540800,0.2648,0.2666,0.2545,0.2588,0.2599666666666667,8436649.8,0,coinbase
1684627200,0.2589,0.2591,0.2405,0.243,0.2475333333333333,8147370.4,0,coinbase
1684713600,0.2427,0.2454,0.2343,0.2395,0.23973333333333335,5254410.2,0,coinbase
1684800000,0.2395,0.2485,0.2371,0.2453,0.24363333333333334,5355818.4,0,coinbase
1684886400,0.2452,0.2453,0.2201,0.2317,0.23236666666666664,8625672.4,0,coinbase
1684972800,0.2314,0.2469,0.223,0.2373,0.23573333333333335,10051441.1,0,coinbase
1685059200,0.2374,0.2502,0.2308,0.2453,0.24209999999999998,13641850.1,0,coinbase
1685145600,0.245,0.2636,0.2417,0.2554,0.25356666666666666,14277549.0,0,coinbase
1685232000,0.2553,0.2726,0.2536,0.2684,0.26486666666666664,13175300.5,0,coinbase
1685318400,0.2682,0.2711,0.2562,0.2609,0.2627333333333333,8138616.5,0,coinbase
1685404800,0.2612,0.2858,0.2566,0.2765,0.27296666666666664,17652946.2,0,coinbase
1685491200,0.2764,0.29,0.2583,0.264,0.27076666666666666,27841529.4,0,coinbase
1685577600,0.264,0.2695,0.2525,0.2627,0.26156666666666667,15616362.9,0,coinbase
1685664000,0.2626,0.2798,0.2573,0.2732,0.27009999999999995,9949061.2,0,coinbase
1685750400,0.2733,0.2751,0.2654,0.2688,0.26976666666666665,5267033.1,0,coinbase
1685836800,0.2688,0.2797,0.2651,0.2709,0.2719,7998887.4,0,coinbase
1685923200,0.2711,0.2719,0.2259,0.2414,0.24639999999999998,18879118.6,0,coinbase
1686009600,0.2415,0.252,0.2325,0.2459,0.2434666666666667,9123783.5,0,coinbase
1686096000,0.2457,0.2474,0.223,0.2287,0.23303333333333334,8648964.1,0,coinbase
1686182400,0.2286,0.2323,0.2219,0.2275,0.22723333333333331,5203495.5,0,coinbase
1686268800,0.2275,0.23,0.2156,0.2191,0.22156666666666666,7543273.1,0,coinbase
1686355200,0.2192,0.2196,0.1727,0.1881,0.19346666666666668,19396884.1,0,coinbase
1686441600,0.1881,0.1898,0.1791,0.1829,0.18393333333333337,20321780.9,0,coinbase
1686528000,0.1827,0.1899,0.1758,0.1851,0.18359999999999999,11569769.0,0,coinbase
1686614400,0.1853,0.1945,0.183,0.1895,0.18899999999999997,15186271.6,0,coinbase
1686700800,0.1895,0.1932,0.174,0.1799,0.18236666666666665,18094411.4,0,coinbase
1686787200,0.1799,0.1884,0.1725,0.1818,0.18089999999999998,20350218.9,0,coinbase
1686873600,0.1821,0.1953,0.1801,0.1905,0.18863333333333335,14048374.2,0,coinbase
1686960000,0.1905,0.2004,0.1889,0.1976,0.19563333333333333,5356096.8,0,coinbase
1687046400,0.1974,0.1974,0.18,0.1831,0.18683333333333332,16345034.3,0,coinbase
1687132800,0.1829,0.193,0.181,0.1896,0.18786666666666665,12186263.7,0,coinbase
1687219200,0.1893,0.1997,0.182,0.1997,0.19379999999999997,10107144.1,0,coinbase
1687305600,0.1996,0.229,0.1991,0.2217,0.21660000000000001,22191332.7,0,coinbase
1687392000,0.2217,0.2538,0.2216,0.2291,0.23483333333333334,30110424.7,0,coinbase
1687478400,0.2291,0.2494,0.2291,0.2384,0.2389666666666667,17222171.3,0,coinbase
1687564800,0.2384,0.2405,0.2215,0.2298,0.2306,9059216.5,0,coinbase
1687651200,0.2301,0.24,0.2254,0.2279,0.2311,8339045.7,0,coinbase
1687737600,0.2275,0.233,0.2155,0.2201,0.22286666666666666,9632819.7,0,coinbase
1687824000,0.2202,0.2375,0.219,0.234,0.23016666666666666,10894723.7,0,coinbase
1687910400,0.2342,0.2348,0.2053,0.2138,0.21796666666666667,9874240.0,0,coinbase
1687996800,0.2143,0.2247,0.2138,0.2182,0.2189,5180337.1,0,coinbase
1688083200,0.218,0.2313,0.2054,0.2271,0.22126666666666664,19092123.1,0,coinbase
1688169600,0.2277,0.241,0.2219,0.2368,0.23323333333333332,7137371.9,0,coinbase
1688256000,0.2367,0.2387,0.2258,0.2363,0.23360000000000003,9297774.8,0,coinbase
1688342400,0.2362,0.2509,0.2361,0.2451,0.24403333333333332,10065673.4,0,coinbase
1688428800,0.2453,0.2494,0.2336,0.2383,0.24043333333333336,8640439.4,0,coinbase
1688515200,0.2387,0.2427,0.2226,0.2266,0.23063333333333333,6849068.7,0,coinbase
1688601600,0.2259,0.2362,0.2125,0.2131,0.2206,7382797.6,0,coinbase
1688688000,0.213,0.2239,0.211,0.2234,0.21943333333333329,5935573.3,0,coinbase
1688774400,0.2234,0.2259,0.2147,0.2191,0.21989999999999998,1957466.7,0,coinbase
1688860800,0.2192,0.2208,0.2161,0.217,0.21796666666666664,3277148.4,0,coinbase
1688947200,0.2173,0.2189,0.2073,0.2153,0.21383333333333332,6357038.8,0,coinbase
1689033600,0.2157,0.219,0.2115,0.2137,0.21473333333333333,4407681.9,0,coinbase
1689120000,0.2139,0.2215,0.2101,0.22,0.21719999999999998,9343510.6,0,coinbase
1689206400,0.2199,0.2379,0.2153,0.2332,0.2288,19482281.8,0,coinbase
1689292800,0.2332,0.2559,0.2246,0.2374,0.23929999999999998,24161265.0,0,coinbase
1689379200,0.2373,0.2465,0.2308,0.2415,0.2396,7950954.5,0,coinbase
1689465600,0.2417,0.2487,0.2342,0.2358,0.23956666666666668,8661469.6,0,coinbase
1689552000,0.2353,0.246,0.2284,0.2361,0.23683333333333334,10463346.4,0,coinbase
1689638400,0.2361,0.239,0.2208,0.2253,0.2283666666666667,11386816.7,0,coinbase
1689724800,0.2253,0.2313,0.2235,0.2249,0.22656666666666667,5881721.4,0,coinbase
1689811200,0.225,0.2317,0.2188,0.2228,0.22443333333333335,8324875.7,0,coinbase
1689897600,0.2222,0.2264,0.2201,0.2247,0.22373333333333334,4313789.2,0,coinbase
1689984000,0.225,0.2273,0.2172,0.2196,0.22136666666666668,3787677.3,0,coinbase
1690070400,0.2195,0.2258,0.2176,0.2236,0.22233333333333336,3587619.3,0,coinbase
1690156800,0.2238,0.2259,0.2082,0.2122,0.21543333333333334,9691833.1,0,coinbase
1690243200,0.2122,0.2135,0.2077,0.2099,0.21036666666666667,5272043.7,0,coinbase
1690329600,0.2101,0.2149,0.2048,0.2119,0.21053333333333335,3247287.9,0,coinbase
1690416000,0.212,0.2178,0.2099,0.2145,0.21406666666666666,2745027.5,0,coinbase
1690502400,0.2146,0.2174,0.2126,0.2158,0.2152666666666667,3213740.6,0,coinbase
1690588800,0.2159,0.2179,0.2138,0.2147,0.21546666666666667,2518508.3,0,coinbase
1690675200,0.2149,0.2151,0.2042,0.2098,0.2097,3396704.8,0,coinbase
1690761600,0.2098,0.2123,0.2064,0.2078,0.20883333333333332,2299516.4,0,coinbase
1690848000,0.2078,0.2106,0.2005,0.2103,0.2071333333333333,5735546.8,0,coinbase
1690934400,0.2106,0.2148,0.2033,0.204,0.20736666666666667,6080024.7,0,coinbase
1691020800,0.2037,0.206,0.2002,0.2014,0.20253333333333334,3051502.8,0,coinbase
1691107200,0.2014,0.2033,0.1965,0.1977,0.1991666666666667,4252695.5,0,coinbase
1691193600,0.1976,0.1978,0.1914,0.1941,0.19443333333333332,3061981.9,0,coinbase
1691280000,0.1942,0.1998,0.1937,0.1969,0.1968,2649006.9,0,coinbase
1691366400,0.197,0.1998,0.1904,0.1952,0.19513333333333335,3302464.5,0,coinbase
1691452800,0.1952,0.202,0.1929,0.2002,0.19836666666666666,3130645.2,0,coinbase
1691539200,0.2003,0.2034,0.1954,0.1988,0.19920000000000002,3118590.6,0,coinbase
1691625600,0.1989,0.2037,0.1963,0.2006,0.20020000000000002,3816847.5,0,coinbase
1691712000,0.2005,0.2033,0.1998,0.2023,0.2018,2756344.5,0,coinbase
1691798400,0.2021,0.2035,0.1995,0.2004,0.20113333333333336,2873595.5,0,coinbase
1691884800,0.2003,0.2224,0.1995,0.2188,0.21356666666666668,11952003.9,0,coinbase
1691971200,0.2189,0.2345,0.2122,0.2199,0.22219999999999998,21262598.0,0,coinbase
1692057600,0.2199,0.222,0.195,0.2028,0.2066,10873669.3,0,coinbase
1692144000,0.2026,0.2053,0.1919,0.196,0.19773333333333332,7286960.8,0,coinbase
1692230400,0.1961,0.201,0.182,0.1884,0.19046666666666667,13426993.0,0,coinbase
1692316800,0.1882,0.2056,0.1827,0.1995,0.19593333333333332,15781908.7,0,coinbase
1692403200,0.1997,0.2198,0.1993,0.2097,0.2096,12496823.5,0,coinbase
1692489600,0.2095,0.2127,0.203,0.2047,0.2068,4720927.6,0,coinbase
1692576000,0.2052,0.2088,0.1966,0.2014,0.20226666666666668,9912200.1,0,coinbase
1692662400,0.2015,0.2044,0.1859,0.196,0.19543333333333335,11004889.3,0,coinbase
1692748800,0.1961,0.2101,0.1954,0.2085,0.20466666666666666,10231437.0,0,coinbase
1692835200,0.2085,0.2169,0.2039,0.2089,0.2099,10772471.7,0,coinbase
1692921600,0.2089,0.2178,0.2001,0.2171,0.21166666666666667,10178632.9,0,coinbase
1693008000,0.2168,0.2176,0.2059,0.2075,0.21033333333333334,4588931.1,0,coinbase
1693094400,0.2075,0.2144,0.2063,0.2099,0.21020000000000003,5285664.0,0,coinbase
1693180800,0.2099,0.2119,0.2026,0.2067,0.20706666666666665,4820933.9,0,coinbase
1693267200,0.2068,0.2176,0.2019,0.216,0.21183333333333332,8729231.8,0,coinbase
1693353600,0.216,0.2352,0.2133,0.2339,0.22746666666666668,15152437.3,0,coinbase
1693440000,0.2333,0.2568,0.224,0.2293,0.2367,23875959.7,0,coinbase
1693526400,0.2292,0.2392,0.2221,0.2303,0.23053333333333334,14611968.6,0,coinbase
1693612800,0.2301,0.2536,0.2248,0.2517,0.24336666666666665,19076341.1,0,coinbase
1693699200,0.2515,0.2735,0.2475,0.2589,0.2599666666666667,28454837.2,0,coinbase
1693785600,0.2595,0.2697,0.2525,0.2673,0.26316666666666666,15415510.9,0,coinbase
1693872000,0.2672,0.2713,0.2489,0.2499,0.2567,13587415.9,0,coinbase
1693958400,0.2502,0.2614,0.2453,0.2564,0.2543666666666667,13569184.2,0,coinbase
1694044800,0.2565,0.2576,0.2407,0.2491,0.24913333333333332,8079457.4,0,coinbase
1694131200,0.2489,0.2552,0.2364,0.2384,0.24333333333333332,10366380.5,0,coinbase
1694217600,0.2387,0.2406,0.2334,0.2349,0.23629999999999998,6307480.4,0,coinbase
1694304000,0.2346,0.2346,0.2154,0.2308,0.22693333333333335,14277146.1,0,coinbase
1694390400,0.2307,0.2363,0.2132,0.2229,0.22413333333333332,13472169.0,0,coinbase
1694476800,0.2229,0.2374,0.2214,0.2254,0.22806666666666664,9572754.9,0,coinbase
1694563200,0.2252,0.2302,0.2214,0.2237,0.2251,7001473.6,0,coinbase
1694649600,0.2238,0.2312,0.2232,0.2296,0.228,6702225.6,0,coinbase
1694736000,0.2297,0.2378,0.2273,0.2372,0.2341,6240776.2,0,coinbase
1694822400,0.2372,0.2411,0.2342,0.236,0.2371,4226026.9,0,coinbase
1694908800,0.236,0.236,0.2235,0.2256,0.2283666666666667,4689689.4,0,coinbase
1694995200,0.2258,0.2347,0.2234,0.227,0.22836666666666663,4475701.8,0,coinbase
1695081600,0.227,0.2359,0.2255,0.2336,0.2316666666666667,6967607.6,0,coinbase
1695168000,0.2338,0.2365,0.225,0.228,0.22983333333333333,4563202.1,0,coinbase
1695254400,0.2278,0.2371,0.223,0.2237,0.22793333333333332,10210968.1,0,coinbase
1695340800,0.2234,0.2236,0.2185,0.2235,0.22186666666666666,5574789.5,0,coinbase
1695427200,0.2236,0.2249,0.216,0.2213,0.2207333333333333,4228510.7,0,coinbase
1695513600,0.2217,0.2217,0.2127,0.2154,0.21660000000000001,5778070.2,0,coinbase
1695600000,0.2154,0.2192,0.2129,0.216,0.21603333333333333,4109777.1,0,coinbase
1695686400,0.2159,0.2175,0.2104,0.2138,0.21389999999999998,2953399.7,0,coinbase
1695772800,0.2137,0.216,0.2093,0.2109,0.21206666666666665,3321216.4,0,coinbase
1695859200,0.211,0.2195,0.2098,0.2181,0.2158,5036641.6,0,coinbase
1695945600,0.2183,0.2215,0.2151,0.2193,0.21863333333333332,4770851.6,0,coinbase
1696032000,0.2191,0.2239,0.2185,0.2228,0.22173333333333334,3372490.0,0,coinbase
1696118400,0.2231,0.2369,0.2226,0.2349,0.23146666666666668,8195517.4,0,coinbase
1696204800,0.235,0.2393,0.2197,0.2219,0.22696666666666668,7646526.4,0,coinbase
1696291200,0.2218,0.228,0.2155,0.2182,0.22056666666666666,6437487.0,0,coinbase
1696377600,0.2182,0.223,0.211,0.2195,0.21783333333333332,5015530.1,0,coinbase
1696464000,0.2195,0.2215,0.2133,0.2154,0.21673333333333333,2673658.5,0,coinbase
1696550400,0.2161,0.2279,0.2158,0.2252,0.22296666666666667,5540432.6,0,coinbase
1696636800,0.2253,0.227,0.22,0.2206,0.22253333333333333,2033239.7,0,coinbase
1696723200,0.2207,0.2224,0.2172,0.2188,0.21946666666666667,2818718.6,0,coinbase
1696809600,0.2186,0.2217,0.2023,0.2075,0.21050000000000002,11487326.1,0,coinbase
1696896000,0.2073,0.2127,0.2013,0.2044,0.20613333333333336,2954648.6,0,coinbase
1696982400,0.204,0.2066,0.1996,0.2058,0.204,3582716.0,0,coinbase
1697068800,0.2053,0.2064,0.1993,0.2027,0.2028,2700189.8,0,coinbase
1697155200,0.2026,0.2109,0.2021,0.2091,0.2073666666666667,2592453.3,0,coinbase
1697241600,0.2085,0.2171,0.2085,0.2128,0.2128,3280634.0,0,coinbase
1697328000,0.2129,0.215,0.2109,0.2118,0.21256666666666665,2677220.7,0,coinbase
1697414400,0.2119,0.2229,0.2102,0.2139,0.21566666666666667,6131890.7,0,coinbase
1697500800,0.2139,0.216,0.2033,0.206,0.20843333333333333,3004654.2,0,coinbase
1697587200,0.206,0.2099,0.2021,0.2031,0.20503333333333332,2739067.2,0,coinbase
1697673600,0.2032,0.2066,0.1994,0.2037,0.20323333333333335,5030458.1,0,coinbase
1697760000,0.2039,0.2233,0.2038,0.2186,0.21523333333333336,10863888.6,0,coinbase
1697846400,0.2188,0.2336,0.2168,0.227,0.2258,11116338.4,0,coinbase
1697932800,0.2269,0.2344,0.22,0.2327,0.22903333333333334,7246653.9,0,coinbase
1698019200,0.2326,0.2524,0.226,0.2518,0.24340000000000003,21215468.1,0,coinbase
1698105600,0.2519,0.2874,0.2455,0.275,0.2693,41416330.7,0,coinbase
1698192000,0.2755,0.319,0.2692,0.3027,0.29696666666666666,37773027.7,0,coinbase
1698278400,0.3027,0.311,0.2765,0.2968,0.2947666666666667,24042516.5,0,coinbase
1698364800,0.2966,0.3244,0.286,0.3181,0.30950000000000005,26272178.6,0,coinbase
1698451200,0.3182,0.3644,0.3133,0.3518,0.3431666666666667,30367950.1,0,coinbase
1698537600,0.3524,0.3901,0.3471,0.3659,0.36769999999999997,34045109.7,0,coinbase
1698624000,0.3665,0.3789,0.3562,0.3586,0.3645666666666667,16370160.0,0,coinbase
1698710400,0.3587,0.3785,0.3374,0.3635,0.35979999999999995,20122260.3,0,coinbase
1698796800,0.3633,0.3865,0.339,0.3856,0.3703666666666667,27597474.3,0,coinbase
1698883200,0.3854,0.3889,0.3405,0.348,0.3591333333333333,16819679.3,0,coinbase
1698969600,0.3475,0.3686,0.33,0.3571,0.35189999999999994,17168014.7,0,coinbase
1699056000,0.3567,0.3662,0.3506,0.3609,0.35923333333333335,7936098.9,0,coinbase
1699142400,0.3612,0.3749,0.3462,0.3655,0.3622,12870546.8,0,coinbase
1699228800,0.3658,0.407,0.3567,0.3912,0.3849666666666667,22507095.2,0,coinbase
1699315200,0.3908,0.3943,0.3481,0.3636,0.36866666666666664,19669684.8,0,coinbase
1699401600,0.3638,0.3835,0.3586,0.3718,0.3713,11409937.2,0,coinbase
1699488000,0.3715,0.4111,0.3396,0.391,0.3805666666666667,31260885.6,0,coinbase
1699574400,0.3911,0.444,0.3721,0.4438,0.41996666666666665,30613939.5,0,coinbase
1699660800,0.4435,0.4538,0.4179,0.4263,0.4326666666666667,25826071.4,0,coinbase
1699747200,0.4263,0.4348,0.3947,0.4298,0.4197666666666667,23801058.2,0,coinbase
1699833600,0.4301,0.4394,0.3728,0.3738,0.3953333333333333,20027352.9,0,coinbase
1699920000,0.3738,0.397,0.3598,0.3843,0.3803666666666667,19710754.3,0,coinbase
1700006400,0.3844,0.449,0.3787,0.4464,0.4247,24952551.3,0,coinbase
1700092800,0.4463,0.4541,0.4125,0.4321,0.4329,25900514.2,0,coinbase
1700179200,0.4333,0.4792,0.413,0.4416,0.44460000000000005,29205759.9,0,coinbase
1700265600,0.4415,0.4668,0.3958,0.4625,0.4417,17369408.2,0,coinbase
1700352000,0.4627,0.5176,0.4481,0.5,0.48856666666666665,30265277.2,0,coinbase
1700438400,0.4999,0.5792,0.4975,0.5196,0.5320999999999999,37454790.3,0,coinbase
1700524800,0.5197,0.55,0.46,0.4602,0.49006666666666665,35667940.5,0,coinbase
1700611200,0.4607,0.549,0.4607,0.5159,0.5085333333333334,28631347.8,0,coinbase
1700697600,0.5163,0.522,0.485,0.4965,0.5011666666666666,12790729.9,0,coinbase
1700784000,0.4971,0.5674,0.4941,0.5326,0.5313666666666667,20147635.5,0,coinbase
1700870400,0.5317,0.5416,0.518,0.533,0.5308666666666667,10767021.8,0,coinbase
1700956800,0.5322,0.5439,0.5056,0.5339,0.5278,9706575.8,0,coinbase
1701043200,0.534,0.5539,0.498,0.5137,0.5218666666666666,16195575.0,0,coinbase
1701129600,0.5144,0.5463,0.4891,0.5403,0.5252333333333333,17194677.5,0,coinbase
1701216000,0.5407,0.5599,0.5207,0.5227,0.5344333333333333,10922797.3,0,coinbase
1701302400,0.5223,0.5373,0.5154,0.5283,0.527,8405126.6,0,coinbase
1701388800,0.5285,0.5645,0.5225,0.5547,0.5472333333333333,16190795.4,0,coinbase
1701475200,0.555,0.5797,0.541,0.5587,0.5598,16533347.6,0,coinbase
1701561600,0.5588,0.5842,0.5503,0.5581,0.5642,17916063.2,0,coinbase
1701648000,0.5587,0.5688,0.5008,0.5426,0.5374,30813620.4,0,coinbase
1701734400,0.5432,0.5475,0.5158,0.5324,0.5318999999999999,21161493.9,0,coinbase
1701820800,0.5327,0.5437,0.5016,0.5049,0.5167333333333334,22057847.3,0,coinbase
1701907200,0.5044,0.5369,0.4877,0.5268,0.5171333333333333,15449122.3,0,coinbase
1701993600,0.5269,0.545,0.52,0.5382,0.5344,17179414.2,0,coinbase
1702080000,0.538,0.555,0.5055,0.5128,0.5244333333333334,17633214.6,0,coinbase
1702166400,0.5134,0.53,0.5013,0.5282,0.5198333333333333,13476008.7,0,coinbase
1702252800,0.5289,0.5353,0.4681,0.4917,0.4983666666666667,26664056.1,0,coinbase
1702339200,0.4923,0.605,0.4909,0.6032,0.5663666666666666,56050654.4,0,coinbase
1702425600,0.6038,0.6578,0.566,0.6278,0.6172,63096663.4,0,coinbase
1702512000,0.6288,0.72,0.6231,0.7054,0.6828333333333333,39397770.8,0,coinbase
1702598400,0.7062,0.75,0.6661,0.6687,0.6949333333333333,37971258.6,0,coinbase
1702684800,0.669,0.6962,0.6362,0.6464,0.6596000000000001,33717967.7,0,coinbase
1702771200,0.6467,0.6618,0.6179,0.6377,0.6391333333333334,15604055.2,0,coinbase
1702857600,0.6378,0.7093,0.589,0.7085,0.6689333333333334,30352858.7,0,coinbase
1702944000,0.7086,0.7442,0.6875,0.708,0.7132333333333333,29200810.3,0,coinbase
1703030400,0.708,0.7895,0.6904,0.7365,0.7388,35906984.3,0,coinbase
1703116800,0.7365,0.767,0.6995,0.7642,0.7435666666666666,21690903.8,0,coinbase
1703203200,0.765,0.78,0.7,0.7209,0.7336333333333332,27121906.7,0,coinbase
1703289600,0.7219,0.7501,0.7018,0.7361,0.7293333333333333,14179013.1,0,coinbase
1703376000,0.7365,0.7518,0.6971,0.7104,0.7197666666666667,14635005.7,0,coinbase
1703462400,0.7103,0.75,0.704,0.7399,0.7313000000000001,16634614.5,0,coinbase
1703548800,0.7402,0.7967,0.7022,0.7667,0.7552,35390686.9,0,coinbase
1703635200,0.768,0.7695,0.7138,0.7387,0.7406666666666667,16512989.9,0,coinbase
1703721600,0.7388,0.7562,0.6733,0.6846,0.7047,19703595.2,0,coinbase
1703808000,0.6844,0.7236,0.6617,0.687,0.6907666666666668,22001700.3,0,coinbase
1703894400,0.687,0.7011,0.667,0.6899,0.6859999999999999,10220669.9,0,coinbase
1703980800,0.6911,0.7063,0.6653,0.6718,0.6811333333333334,9116538.4,0,coinbase
1704067200,0.672,0.737,0.6706,0.7325,0.7133666666666666,13642915.6,0,coinbase
1704153600,0.7328,0.7595,0.7018,0.7328,0.7313666666666667,18399144.4,0,coinbase
1704240000,0.7329,0.7401,0.5709,0.658,0.6563333333333333,32474067.2,0,coinbase
1704326400,0.6582,0.7306,0.6426,0.7268,0.7000000000000001,18560423.7,0,coinbase
1704412800,0.7275,0.7474,0.6664,0.6901,0.7012999999999999,16717024.5,0,coinbase
1704499200,0.6903,0.6908,0.6199,0.6485,0.6530666666666667,10721006.7,0,coinbase
1704585600,0.6493,0.6621,0.6101,0.6219,0.6313666666666666,7473725.3,0,coinbase
1704672000,0.6219,0.6847,0.5665,0.683,0.6447333333333333,20527968.1,0,coinbase
1704758400,0.6828,0.6912,0.6233,0.6478,0.6541,12811421.0,0,coinbase
1704844800,0.6471,0.7375,0.6298,0.7168,0.6947000000000001,16304122.5,0,coinbase
1704931200,0.7181,0.78,0.6969,0.7262,0.7343666666666667,23724676.0,0,coinbase
1705017600,0.7263,0.7309,0.6556,0.6851,0.6905333333333333,20911839.2,0,coinbase
1705104000,0.6851,0.6996,0.6559,0.6882,0.6812333333333335,8927047.8,0,coinbase
1705190400,0.6881,0.6933,0.65,0.651,0.6647666666666667,7360343.4,0,coinbase
1705276800,0.6516,0.6938,0.6502,0.685,0.6763333333333333,8647573.2,0,coinbase
1705363200,0.6859,0.7289,0.665,0.6897,0.6945333333333332,13415199.0,0,coinbase
1705449600,0.6897,0.698,0.6677,0.6771,0.6809333333333333,10535664.9,0,coinbase
1705536000,0.6768,0.6788,0.606,0.6185,0.6344333333333333,18595417.5,0,coinbase
1705622400,0.6186,0.6339,0.58,0.6182,0.6107,12488073.5,0,coinbase
1705708800,0.6176,0.624,0.5969,0.6124,0.6111,6529674.3,0,coinbase
1705795200,0.6124,0.6186,0.5906,0.5927,0.6006333333333334,3768606.2,0,coinbase
1705881600,0.5925,0.5974,0.5494,0.5589,0.5685666666666667,15128902.6,0,coinbase
1705968000,0.5591,0.574,0.5255,0.5708,0.5567666666666666,12944096.4,0,coinbase
1706054400,0.5706,0.6019,0.558,0.6005,0.5868,10921467.8,0,coinbase
1706140800,0.6,0.6022,0.5657,0.5788,0.5822333333333333,8149275.6,0,coinbase
1706227200,0.5794,0.6192,0.5735,0.6097,0.6008,8488550.2,0,coinbase
1706313600,0.6101,0.6244,0.6053,0.6235,0.6177333333333332,6006601.0,0,coinbase
1706400000,0.6234,0.6324,0.5936,0.6019,0.6093000000000001,8476897.1,0,coinbase
1706486400,0.6016,0.6322,0.5916,0.6283,0.6173666666666667,8494250.4,0,coinbase
1706572800,0.6281,0.6408,0.5937,0.5993,0.6112666666666667,9093318.5,0,coinbase
1706659200,0.6,0.6026,0.5625,0.5657,0.5769333333333333,9496828.5,0,coinbase
1706745600,0.5655,0.5758,0.5384,0.5416,0.5519333333333333,17242032.1,0,coinbase
1706832000,0.5415,0.5793,0.5387,0.5687,0.5622333333333333,11300599.2,0,coinbase
1706918400,0.5692,0.5742,0.5532,0.5617,0.5630333333333334,5528618.9,0,coinbase
1707004800,0.5615,0.562,0.5199,0.5236,0.5351666666666667,11433476.2,0,coinbase
1707091200,0.524,0.5421,0.5083,0.5264,0.5256,11149831.8,0,coinbase
1707177600,0.5265,0.5414,0.5201,0.5285,0.53,5445243.9,0,coinbase
1707264000,0.53,0.5642,0.5241,0.5585,0.5489333333333334,8830482.6,0,coinbase
1707350400,0.5583,0.5644,0.5472,0.5591,0.5569000000000001,7345121.7,0,coinbase
1707436800,0.559,0.6182,0.5565,0.6086,0.5944333333333334,14768173.3,0,coinbase
1707523200,0.6096,0.6351,0.6016,0.6286,0.6217666666666667,9402448.5,0,coinbase
1707609600,0.6286,0.6489,0.6221,0.6315,0.6341666666666667,9586785.2,0,coinbase
1707696000,0.632,0.6744,0.6224,0.668,0.6549333333333333,12394110.6,0,coinbase
1707782400,0.6675,0.6869,0.65,0.6678,0.6682333333333332,13845587.9,0,coinbase
1707868800,0.6675,0.6861,0.6518,0.6822,0.6733666666666668,10788831.7,0,coinbase
1707955200,0.6825,0.6893,0.6431,0.6539,0.6621,12892767.7,0,coinbase
1708041600,0.6545,0.7328,0.6489,0.7074,0.6963666666666667,23973222.4,0,coinbase
1708128000,0.7068,0.7904,0.6868,0.7878,0.7549999999999999,23622912.8,0,coinbase
1708214400,0.7872,0.8746,0.7827,0.8238,0.8270333333333334,33468400.9,0,coinbase
1708300800,0.8242,0.9955,0.8242,0.9795,0.9330666666666666,34286770.5,0,coinbase
1708387200,0.9798,1.1255,0.871,1.0559,1.0174666666666667,50131019.0,0,coinbase
1708473600,1.0546,1.1637,0.9384,1.145,1.0823666666666667,44782595.7,0,coinbase
1708560000,1.1457,1.2117,1.0323,1.1055,1.1165,49485669.5,0,coinbase
1708646400,1.1047,1.239,1.0328,1.0581,1.1099666666666665,32832713.3,0,coinbase
1708732800,1.0585,1.1016,0.9792,1.0782,1.053,24147999.0,0,coinbase
1708819200,1.0792,1.1418,1.0745,1.1028,1.1063666666666665,20823447.6,0,coinbase
1708905600,1.1031,1.15,1.0517,1.1168,1.1061666666666665,20235088.7,0,coinbase
1708992000,1.1166,1.1235,1.058,1.0761,1.0858666666666668,18422399.2,0,coinbase
1709078400,1.0759,1.3827,1.068,1.3511,1.2672666666666668,48593249.7,0,coinbase
1709164800,1.3506,1.5275,1.285,1.4726,1.4283666666666666,35361518.1,0,coinbase
1709251200,1.4724,1.84,1.4722,1.7281,1.6801000000000001,47543756.4,0,coinbase
1709337600,1.7282,1.94,1.5734,1.8036,1.7723333333333333,34840319.5,0,coinbase
1709424000,1.8045,1.9739,1.71,1.7709,1.8182666666666665,25413034.2,0,coinbase
1709510400,1.7728,1.9165,1.6947,1.7271,1.7794333333333334,26762321.3,0,coinbase
1709596800,1.7281,1.945,1.2978,1.7378,1.6602,41793096.6,0,coinbase
1709683200,1.7371,2.5177,1.6955,2.4294,2.2142,58630825.9,0,coinbase
1709769600,2.4299,2.85,2.4047,2.5803,2.6116666666666664,52898115.9,0,coinbase
1709856000,2.5815,2.96,2.4585,2.7537,2.724066666666667,35429809.7,0,coinbase
1709942400,2.7516,3.13,2.7005,3.0816,2.9706999999999995,30670135.9,0,coinbase
1710028800,3.0827,3.1305,2.6736,2.7696,2.8579000000000003,26382300.0,0,coinbase
1710115200,2.7705,2.9577,2.654,2.7026,2.771433333333333,21102646.0,0,coinbase
1710201600,2.7045,2.8169,2.5129,2.675,2.6682666666666663,22718502.4,0,coinbase
1710288000,2.675,2.8588,2.5906,2.6584,2.7026,14600854.1,0,coinbase
1710374400,2.6581,3.0,2.5435,2.8489,2.7974666666666668,24313349.4,0,coinbase
1710460800,2.8481,2.8682,2.3554,2.6836,2.635733333333333,28736943.9,0,coinbase
1710547200,2.684,2.6903,2.2755,2.42,2.461933333333333,20654576.4,0,coinbase
1710633600,2.42,3.0194,2.3471,2.8058,2.7241,30213307.2,0,coinbase
1710720000,2.8058,2.8866,2.4563,2.4893,2.6107333333333336,20824761.9,0,coinbase
1710806400,2.4874,2.6018,2.1604,2.3777,2.379966666666667,32589854.9,0,coinbase
1710892800,2.3777,2.85,2.346,2.7465,2.6475,29424735.7,0,coinbase
1710979200,2.7465,2.7678,2.5,2.5165,2.5947666666666667,16700096.4,0,coinbase
1711065600,2.5155,2.5882,2.3641,2.4302,2.4608333333333334,12789256.8,0,coinbase
1711152000,2.4282,2.551,2.385,2.4195,2.4518333333333335,9481577.2,0,coinbase
1711238400,2.4181,2.6493,2.3851,2.5811,2.5385,11277600.8,0,coinbase
1711324800,2.5847,2.7316,2.4876,2.6669,2.6287,16395845.5,0,coinbase
1711411200,2.6655,3.048,2.6575,2.8287,2.8447333333333336,26061694.5,0,coinbase
1711497600,2.8287,3.3416,2.8113,3.1033,3.0854,44042330.4,0,coinbase
1711584000,3.1018,3.485,3.0065,3.2603,3.2506,32546894.2,0,coinbase
1711670400,3.2626,3.3752,3.08,3.1054,3.1868666666666665,19218393.0,0,coinbase
1711756800,3.1039,3.2358,2.9535,3.2052,3.1314999999999995,18541306.1,0,coinbase
1711843200,3.2055,3.2707,2.9996,3.0509,3.107066666666667,15340142.3,0,coinbase
1711929600,3.0505,3.0831,2.825,2.882,2.9300333333333337,15965740.6,0,coinbase
1712016000,2.883,2.883,2.5915,2.6714,2.7153000000000005,23848283.9,0,coinbase
1712102400,2.6715,2.7684,2.5083,2.5825,2.619733333333333,19437688.2,0,coinbase
1712188800,2.5816,2.8863,2.526,2.6991,2.7037999999999998,17062785.0,0,coinbase
1712275200,2.6992,2.728,2.512,2.6116,2.6172,11022493.5,0,coinbase
1712361600,2.6104,2.6854,2.5517,2.63,2.6223666666666667,7865574.6,0,coinbase
1712448000,2.6301,2.7979,2.623,2.7063,2.7090666666666667,9183386.9,0,coinbase
1712534400,2.7061,2.8496,2.6288,2.807,2.7618000000000005,11170545.9,0,coinbase
1712620800,2.8066,2.8466,2.5538,2.5858,2.6620666666666666,9669933.4,0,coinbase
1712707200,2.5849,2.7,2.4052,2.6641,2.5897666666666663,14280022.7,0,coinbase
1712793600,2.6648,2.7389,2.5103,2.5485,2.5992333333333337,11192974.8,0,coinbase
1712880000,2.5485,2.5874,1.8755,2.1431,2.202,30590829.5,0,coinbase
1712966400,2.1419,2.2536,1.6005,1.956,1.9367,59759419.3,0,coinbase
1713052800,1.9517,2.2537,1.8527,2.2289,2.1117666666666666,56676219.2,0,coinbase
1713139200,2.2276,2.3891,2.0,2.0499,2.146333333333333,33281338.3,0,coinbase
1713225600,2.0513,2.1257,1.9303,2.1137,2.056566666666667,16314189.2,0,coinbase
1713312000,2.1138,2.1378,1.8715,1.9855,1.9982666666666666,14714826.9,0,coinbase
1713398400,1.9871,2.0919,1.8853,2.0492,2.0088,11448666.8,0,coinbase
1713484800,2.0488,2.19,1.852,2.1077,2.0498999999999996,19130326.7,0,coinbase
1713571200,2.1088,2.5029,2.0718,2.4935,2.3560666666666665,17456778.8,0,coinbase
1713657600,2.4939,2.5652,2.3626,2.4211,2.4496333333333333,10448730.8,0,coinbase
1713744000,2.4207,2.5319,2.3777,2.4728,2.4607999999999994,11143364.5,0,coinbase
1713830400,2.4713,2.56,2.396,2.4505,2.468833333333333,9585015.5,0,coinbase
1713916800,2.4501,2.6345,2.2227,2.2714,2.3762000000000003,19052844.3,0,coinbase
1714003200,2.2718,2.43,2.2031,2.2975,2.3102,13174024.5,0,coinbase
1714089600,2.2983,2.3096,2.135,2.1578,2.2007999999999996,9120549.2,0,coinbase
1714176000,2.1586,2.2051,2.0629,2.1863,2.1514333333333333,7758016.0,0,coinbase
1714262400,2.1863,2.2851,2.1404,2.1594,2.1949666666666663,7873059.1,0,coinbase
1714348800,2.1589,2.2086,2.084,2.1662,2.1529333333333334,8755712.8,0,coinbase
1714435200,2.167,2.1999,1.9157,2.0211,2.0455666666666663,13455895.4,0,coinbase
1714521600,2.0227,2.0602,1.8586,2.012,1.9769333333333332,15238701.7,0,coinbase
1714608000,2.0116,2.0556,1.926,2.0029,1.9948333333333335,10231842.7,0,coinbase
1714694400,2.002,2.2183,1.9558,2.172,2.1153666666666666,10525817.4,0,coinbase
1714780800,2.1718,2.2471,2.1346,2.1595,2.1804,6592790.7,0,coinbase
1714867200,2.1604,2.3836,2.1056,2.3606,2.2832666666666666,10734273.1,0,coinbase
1714953600,2.3594,2.5239,2.3156,2.3777,2.405733333333333,13710317.7,0,coinbase
1715040000,2.3801,2.5,2.3339,2.3355,2.3897999999999997,9060849.1,0,coinbase
1715126400,2.3358,2.4071,2.1226,2.1522,2.2273,9854078.5,0,coinbase
1715212800,2.151,2.3095,2.127,2.2609,2.232466666666667,10477283.1,0,coinbase
1715299200,2.2626,2.3634,2.1331,2.208,2.2348333333333334,8820829.7,0,coinbase
1715385600,2.2082,2.2617,2.1786,2.1909,2.2104,3988426.2,0,coinbase
1715472000,2.1891,2.2396,2.1505,2.1676,2.1859,2766979.3,0,coinbase
1715558400,2.1668,2.2223,2.0223,2.122,2.1222,6589921.3,0,coinbase
1715644800,2.1197,2.1375,1.98,2.0026,2.040033333333333,5432175.4,0,coinbase
1715731200,2.0029,2.2745,1.9756,2.2569,2.169,10715747.9,0,coinbase
1715817600,2.2601,2.35,2.1601,2.2815,2.2638666666666665,8730554.6,0,coinbase
1715904000,2.2835,2.3887,2.2227,2.3468,2.3194,7156791.8,0,coinbase
1715990400,2.3476,2.4251,2.26,2.2767,2.3206,4531701.5,0,coinbase
1716076800,2.2779,2.3106,2.1762,2.2,2.2289333333333334,4950313.1,0,coinbase
1716163200,2.2003,2.442,2.1632,2.4264,2.3438666666666665,9829616.6,0,coinbase
1716249600,2.4277,2.5667,2.3764,2.5271,2.4900666666666664,12492987.0,0,coinbase
1716336000,2.5271,2.7051,2.4748,2.5388,2.5729,13443047.9,0,coinbase
1716422400,2.5394,2.5608,2.2244,2.3628,2.3826666666666667,10789925.9,0,coinbase
1716508800,2.362,2.4096,2.251,2.3078,2.3228000000000004,6402948.1,0,coinbase
1716595200,2.3063,2.3621,2.2786,2.2951,2.3119333333333336,2599009.7,0,coinbase
1716681600,2.2939,2.3061,2.1985,2.2344,2.2463333333333333,3245135.2,0,coinbase
1716768000,2.2356,2.3327,2.22,2.3012,2.2846333333333333,5058351.2,0,coinbase
1716854400,2.2997,2.3046,2.1766,2.2322,2.2378,6525963.6,0,coinbase
1716940800,2.2322,2.3428,2.1833,2.1904,2.2388333333333335,7023913.3,0,coinbase
1717027200,2.1907,2.2936,2.106,2.1845,2.1946999999999997,6867610.4,0,coinbase
1717113600,2.1842,2.2084,2.0891,2.1369,2.1448,4925167.0,0,coinbase
1717200000,2.1382,2.1454,2.0906,2.1091,2.1150333333333333,2981804.4,0,coinbase
1717286400,2.1085,2.1354,2.0458,2.0835,2.0882333333333336,3514168.9,0,coinbase
1717372800,2.0832,2.2799,2.05,2.1383,2.156066666666667,6519285.2,0,coinbase
1717459200,2.1383,2.1731,2.0796,2.1248,2.125833333333333,4754026.9,0,coinbase
1717545600,2.1248,2.2199,2.1248,2.1554,2.1667,5520101.8,0,coinbase
1717632000,2.1595,2.1721,2.0136,2.0433,2.076333333333333,7013284.1,0,coinbase
1717718400,2.0424,2.058,1.73,1.8547,1.8808999999999998,18686507.7,0,coinbase
1717804800,1.8529,1.8637,1.69,1.7441,1.7659333333333336,11459181.4,0,coinbase
1717891200,1.7444,1.785,1.705,1.7375,1.7425,6217540.3,0,coinbase
1717977600,1.7372,1.749,1.6242,1.6581,1.6771,10875589.5,0,coinbase
1718064000,1.6587,1.7168,1.5001,1.536,1.5843,13900001.6,0,coinbase
1718150400,1.537,1.7547,1.4628,1.7171,1.644866666666667,14489400.1,0,coinbase
1718236800,1.716,1.7287,1.5621,1.5873,1.6260333333333332,8661367.0,0,coinbase
1718323200,1.5889,1.65,1.4054,1.4785,1.5112999999999996,13950397.3,0,coinbase
1718409600,1.4784,1.5066,1.425,1.459,1.4635333333333334,3721161.1,0,coinbase
1718496000,1.4594,1.4927,1.42,1.472,1.461566666666667,3727748.0,0,coinbase
1718582400,1.4721,1.4911,1.2151,1.3192,1.3417999999999999,20029215.9,0,coinbase
1718668800,1.32,1.3267,1.1,1.1949,1.2072,31677935.8,0,coinbase
1718755200,1.1948,1.55,1.1751,1.5085,1.4112,29008743.4,0,coinbase
1718841600,1.5084,1.745,1.4726,1.6072,1.6082666666666665,32544881.5,0,coinbase
1718928000,1.6073,1.6278,1.5265,1.5876,1.5806333333333333,17280569.9,0,coinbase
1719014400,1.5879,1.5884,1.46,1.4701,1.5061666666666664,9120180.7,0,coinbase
1719100800,1.4702,1.5259,1.3948,1.3995,1.4400666666666666,8913580.9,0,coinbase
1719187200,1.4001,1.7129,1.3451,1.6295,1.5625,20322906.2,0,coinbase
1719273600,1.631,1.7133,1.5673,1.5872,1.6226,12595613.1,0,coinbase
1719360000,1.5864,1.8589,1.5821,1.7709,1.7373,20320498.3,0,coinbase
1719446400,1.77,1.78,1.4,1.541,1.5736666666666668,42650302.8,0,coinbase
1719532800,1.5405,1.5542,1.385,1.4053,1.4481666666666666,17364272.2,0,coinbase
1719619200,1.4055,1.4448,1.3328,1.3433,1.3736333333333333,7781188.5,0,coinbase
1719705600,1.3433,1.45,1.311,1.429,1.3966666666666667,10353356.6,0,coinbase
1719792000,1.4296,1.519,1.2836,1.2951,1.3659,11786214.5,0,coinbase
1719878400,1.2931,1.3658,1.2266,1.3162,1.3028666666666666,11096512.7,0,coinbase
1719964800,1.3164,1.3304,1.208,1.249,1.2624666666666668,8291052.6,0,coinbase
1720051200,1.2493,1.2981,1.1544,1.2308,1.2277666666666667,9972344.4,0,coinbase
1720137600,1.2297,1.2297,1.0531,1.1636,1.1487999999999998,18798567.4,0,coinbase
1720224000,1.1633,1.2856,1.1432,1.231,1.2199333333333333,9738611.8,0,coinbase
1720310400,1.2323,1.24,1.1069,1.1135,1.1534666666666666,6973290.8,0,coinbase
1720396800,1.1135,1.249,1.0578,1.159,1.1552666666666667,11008524.4,0,coinbase
1720483200,1.1589,1.2118,1.1345,1.2043,1.1835333333333333,6355181.4,0,coinbase
1720569600,1.2043,1.24,1.1751,1.195,1.2033666666666667,6562512.2,0,coinbase
1720656000,1.1946,1.2344,1.1373,1.1465,1.1727333333333332,7057026.5,0,coinbase
1720742400,1.1468,1.197,1.1013,1.1914,1.1632333333333333,5110283.7,0,coinbase
1720828800,1.1922,1.2167,1.1361,1.1648,1.1725333333333334,4287159.3,0,coinbase
1720915200,1.1652,1.2684,1.164,1.248,1.2268,4787131.1,0,coinbase
1721001600,1.2489,1.4342,1.2387,1.4238,1.3655666666666668,12627343.5,0,coinbase
1721088000,1.4244,1.482,1.3148,1.431,1.4092666666666667,11334143.6,0,coinbase
1721174400,1.4318,1.57,1.4184,1.4528,1.4804000000000002,10417178.6,0,coinbase
1721260800,1.4531,1.5013,1.3694,1.4033,1.4246666666666667,6410842.3,0,coinbase
1721347200,1.4039,1.4949,1.3607,1.4726,1.4427333333333332,6848172.7,0,coinbase
1721433600,1.4735,1.509,1.4273,1.4602,1.4654999999999998,4887271.5,0,coinbase
1721520000,1.4611,1.493,1.373,1.4891,1.4517,5103590.9,0,coinbase
1721606400,1.49,1.5,1.3655,1.3713,1.4122666666666666,4874806.8,0,coinbase
1721692800,1.3701,1.3992,1.2732,1.2895,1.3206333333333333,5739941.3,0,coinbase
1721779200,1.2904,1.3045,1.2,1.2137,1.2394,6954116.2,0,coinbase
1721865600,1.2142,1.2263,1.1508,1.1974,1.1915,5950593.9,0,coinbase
1721952000,1.1974,1.2908,1.19,1.2809,1.2539,5400402.7,0,coinbase
1722038400,1.2798,1.35,1.2419,1.2743,1.2887333333333333,4935675.5,0,coinbase
1722124800,1.2742,1.2742,1.2268,1.2459,1.2489666666666668,2256886.7,0,coinbase
1722211200,1.2458,1.3196,1.212,1.2137,1.2484333333333335,5747634.8,0,coinbase
1722297600,1.2132,1.2484,1.164,1.1886,1.2003333333333333,3375186.4,0,coinbase
1722384000,1.1901,1.2103,1.1399,1.1548,1.1683333333333332,3880187.1,0,coinbase
1722470400,1.1544,1.1595,1.0701,1.1449,1.1248333333333334,7406684.0,0,coinbase
1722556800,1.1448,1.1523,1.0522,1.0656,1.0900333333333334,6443796.2,0,coinbase
1722643200,1.0662,1.0854,0.9663,0.9903,1.014,8344355.1,0,coinbase
1722729600,0.9912,1.018,0.8726,0.9243,0.9383,9915984.6,0,coinbase
1722816000,0.9244,0.9334,0.702,0.7911,0.8088333333333333,42180128.2,0,coinbase
1722902400,0.7911,0.9029,0.7885,0.8484,0.8466,15531754.2,0,coinbase
1722988800,0.8478,0.9264,0.79,0.8049,0.8404333333333334,11740182.2,0,coinbase
1723075200,0.8048,0.8939,0.7842,0.8872,0.8551000000000001,10793999.3,0,coinbase
1723161600,0.8869,0.9034,0.8309,0.8515,0.8619333333333333,8493710.3,0,coinbase
1723248000,0.8515,0.9216,0.8331,0.8984,0.8843666666666666,6841896.6,0,coinbase
1723334400,0.8982,0.9472,0.8122,0.8159,0.8584333333333333,10369410.5,0,coinbase
1723420800,0.8158,0.8971,0.8009,0.8622,0.8534,10175410.1,0,coinbase
1723507200,0.8627,0.8894,0.8265,0.8785,0.8647999999999999,6725252.0,0,coinbase
1723593600,0.8792,0.924,0.8567,0.8748,0.8851666666666667,8463482.2,0,coinbase
1723680000,0.8739,0.8962,0.8137,0.8276,0.8458333333333333,7708858.6,0,coinbase
1723766400,0.826,0.8754,0.8064,0.8276,0.8364666666666666,7325455.0,0,coinbase
1723852800,0.827,0.8522,0.8165,0.8399,0.8361999999999999,3610431.0,0,coinbase
1723939200,0.8392,0.8485,0.8145,0.8161,0.8263666666666666,4528624.1,0,coinbase
1724025600,0.8163,0.9317,0.8006,0.9137,0.882,10469701.0,0,coinbase
1724112000,0.9139,0.9307,0.8636,0.8717,0.8886666666666666,9141987.5,0,coinbase
1724198400,0.8717,0.979,0.8587,0.9618,0.9331666666666667,11507798.3,0,coinbase
1724284800,0.9623,1.0496,0.9434,1.0156,1.0028666666666668,14060656.0,0,coinbase
1724371200,1.0152,1.2203,1.0112,1.2077,1.1464,24661690.8,0,coinbase
1724457600,1.2073,1.3016,1.2,1.2659,1.2558333333333334,15526616.7,0,coinbase
1724544000,1.2657,1.4029,1.1697,1.3649,1.3125,21084282.9,0,coinbase
1724630400,1.3641,1.3922,1.2813,1.3354,1.3363000000000003,17263997.1,0,coinbase
1724716800,1.3354,1.4765,1.2405,1.2874,1.3347999999999998,30372981.5,0,coinbase
1724803200,1.2862,1.356,1.16,1.195,1.237,26703964.0,0,coinbase
1724889600,1.1959,1.2497,1.1045,1.1241,1.1594333333333333,17416515.5,0,coinbase
1724976000,1.1241,1.2017,1.044,1.1969,1.1475333333333335,20290830.2,0,coinbase
1725062400,1.197,1.2458,1.124,1.1299,1.1665666666666665,12607686.4,0,coinbase
1725148800,1.1324,1.2197,1.125,1.1391,1.1612666666666667,13418327.9,0,coinbase
1725235200,1.1384,1.243,1.1041,1.2345,1.1938666666666666,14681943.8,0,coinbase
1725321600,1.2338,1.2688,1.1059,1.1209,1.1651999999999998,14938085.8,0,coinbase
1725408000,1.1223,1.1859,1.0648,1.14,1.1302333333333332,22564922.3,0,coinbase
1725494400,1.1401,1.1504,1.0693,1.0799,1.0998666666666665,15961231.0,0,coinbase
1725580800,1.0806,1.1176,1.0028,1.0671,1.0625,17895351.1,0,coinbase
1725667200,1.0669,1.0892,1.048,1.0655,1.0675666666666668,7861587.8,0,coinbase
1725753600,1.066,1.117,1.0579,1.1017,1.0922,6868079.6,0,coinbase
1725840000,1.1015,1.2362,1.0937,1.2047,1.1782000000000001,16483112.0,0,coinbase
1725926400,1.205,1.3725,1.192,1.3378,1.3007666666666666,23734079.0,0,coinbase
1726012800,1.3379,1.3746,1.2724,1.353,1.3333333333333333,20793337.9,0,coinbase
1726099200,1.3525,1.45,1.3461,1.3824,1.3928333333333331,22586580.4,0,coinbase
1726185600,1.3826,1.4011,1.2982,1.376,1.3584333333333334,17273687.7,0,coinbase
1726272000,1.3759,1.414,1.3301,1.4073,1.3838,8060461.2,0,coinbase
1726358400,1.407,1.4342,1.3231,1.3351,1.3641333333333332,11417726.4,0,coinbase
1726444800,1.3356,1.336,1.2464,1.2631,1.2818333333333332,15275780.1,0,coinbase
1726531200,1.2631,1.3779,1.237,1.3502,1.3217,16102489.3,0,coinbase
1726617600,1.3494,1.456,1.3091,1.4521,1.4057333333333333,20197580.1,0,coinbase
1726704000,1.4539,1.5797,1.4451,1.4883,1.5043666666666666,27979464.1,0,coinbase
1726790400,1.4873,1.6537,1.4685,1.6307,1.5843,21645736.7,0,coinbase
1726876800,1.6305,1.678,1.5701,1.6307,1.6262666666666667,10714321.2,0,coinbase
1726963200,1.631,1.6449,1.5536,1.6131,1.6038666666666668,9050494.3,0,coinbase
1727049600,1.614,1.723,1.5568,1.646,1.6419333333333332,18523851.6,0,coinbase
1727136000,1.6463,1.7365,1.6012,1.7028,1.6801666666666666,18952566.2,0,coinbase
1727222400,1.7023,1.7389,1.6218,1.6339,1.6648666666666665,11561995.8,0,coinbase
1727308800,1.6353,1.6994,1.603,1.629,1.6438,10439581.8,0,coinbase
1727395200,1.6288,1.7413,1.6144,1.6797,1.6784666666666668,15037624.3,0,coinbase
1727481600,1.6803,1.6978,1.5648,1.6002,1.6209333333333333,9133863.2,0,coinbase
1727568000,1.6015,1.6454,1.5586,1.6209,1.6082999999999998,7632113.9,0,coinbase
1727654400,1.6218,1.6445,1.501,1.5235,1.5563333333333336,13393154.9,0,coinbase
1727740800,1.5224,1.6752,1.4115,1.4854,1.5240333333333334,23220481.5,0,coinbase
1727827200,1.484,1.5525,1.389,1.4196,1.4537000000000002,16704342.4,0,coinbase
1727913600,1.4191,1.467,1.3291,1.3713,1.3891333333333333,11461917.3,0,coinbase
1728000000,1.3698,1.4685,1.3524,1.4667,1.4291999999999998,12639214.0,0,coinbase
1728086400,1.4662,1.4839,1.3614,1.4051,1.4168,9173594.8,0,coinbase
1728172800,1.4057,1.4736,1.3754,1.4733,1.4407666666666668,6132517.5,0,coinbase
1728259200,1.4731,1.5768,1.458,1.4691,1.5012999999999999,16809457.8,0,coinbase
1728345600,1.4695,1.5088,1.4058,1.4214,1.4453333333333334,8255518.8,0,coinbase
1728432000,1.4225,1.4518,1.3152,1.3418,1.3696000000000002,8937141.6,0,coinbase
1728518400,1.3408,1.3671,1.2615,1.3182,1.3156,11569573.1,0,coinbase
1728604800,1.318,1.43,1.3064,1.4113,1.3825666666666665,8650654.8,0,coinbase
1728691200,1.4107,1.5018,1.3944,1.4759,1.457366666666667,8274409.3,0,coinbase
1728777600,1.4759,1.4911,1.35,1.4164,1.4191666666666667,8121987.9,0,coinbase
1728864000,1.4178,1.5304,1.3987,1.5166,1.4819000000000002,13232013.4,0,coinbase
1728950400,1.5173,1.5342,1.4105,1.4648,1.4698333333333335,12303663.3,0,coinbase
1729036800,1.4654,1.4777,1.4045,1.4275,1.4365666666666668,7711890.6,0,coinbase
1729123200,1.4274,1.4401,1.338,1.3589,1.3819,974757.07749128,2146,kraken
1729209600,1.3603,1.457,1.352,1.4308,1.3988,1318619.24101432,2293,kraken
1729296000,1.4323,1.4501,1.388,1.4037,1.4197,815451.47792733,1538,kraken
1729382400,1.4044,1.4671,1.3685,1.4628,1.4363,788515.34644175,1878,kraken
1729468800,1.4635,1.4743,1.3672,1.385,1.4209,558481.34982942,1772,kraken
1729555200,1.3851,1.41,1.3344,1.3522,1.3585,721302.47879387,1967,kraken
1729641600,1.3552,1.3554,1.2736,1.3226,1.3159,960972.2487266,2113,kraken
1729728000,1.323,1.3895,1.3154,1.3418,1.3489,1073581.81983427,2403,kraken
1729814400,1.3416,1.346,1.128,1.21,1.2664,1539759.90519133,3680,kraken
1729900800,1.2067,1.2497,1.1832,1.2343,1.2187,829498.27887211,1851,kraken
1729987200,1.235,1.2845,1.2239,1.2696,1.2607,429681.33844244,1094,kraken
1730073600,1.2728,1.2913,1.1844,1.2756,1.2458,1171629.50910177,2233,kraken
1730160000,1.2795,1.44,1.2728,1.3333,1.3331,2111789.21081772,4416,kraken
1730246400,1.3382,1.3399,1.2752,1.2977,1.3029,849415.50096392,2345,kraken
1730332800,1.2974,1.3308,1.245,1.2951,1.2939,1156123.08506727,3458,kraken
1730419200,1.2951,1.3144,1.2121,1.2308,1.2578,842379.41267314,2452,kraken
1730505600,1.2311,1.2418,1.1655,1.1879,1.1935,766255.47083317,1382,kraken
1730592000,1.1896,1.1933,1.0895,1.1415,1.1293,1083032.97547042,2569,kraken
1730678400,1.1422,1.1619,1.091,1.1311,1.1325,436039.96909653,1391,kraken
1730764800,1.1331,1.2706,1.1163,1.2522,1.1978,1329911.07512656,2411,kraken
1730851200,1.2571,1.4388,1.2559,1.4171,1.3702,2834024.52016979,5767,kraken
1730937600,1.4114,1.45,1.372,1.41,1.4091,1236223.81732752,3442,kraken
1731024000,1.412,1.434,1.3434,1.3978,1.3898,1156250.87798248,3102,kraken
1731110400,1.3967,1.4714,1.3662,1.4667,1.4123,918313.96828307,2782,kraken
1731196800,1.4685,1.5677,1.3943,1.444,1.4899,2840035.48828443,7758,kraken
1731283200,1.4425,1.6013,1.4343,1.5825,1.5273,3655150.67886149,9150,kraken
1731369600,1.5842,1.6496,1.3607,1.3791,1.4719,5860775.76984558,13688,kraken
1731456000,1.3779,1.3931,1.2091,1.2677,1.2984,6129118.04135054,11559,kraken
1731542400,1.2676,1.4073,1.2138,1.2311,1.2912,2832904.17513124,7007,kraken
1731628800,1.232,1.2974,1.1915,1.2843,1.245,2240661.27837196,3886,kraken
1731715200,1.2835,1.3536,1.2534,1.322,1.3072,2653618.20546593,5337,kraken
1731801600,1.3232,1.3332,1.2352,1.2578,1.2854,1909089.34792192,4686,kraken
1731888000,1.2575,1.4029,1.253,1.3655,1.3233,3241202.51108068,7263,kraken
1731974400,1.3629,1.3662,1.2709,1.2953,1.3052,2000708.98692548,3859,kraken
1732060800,1.2943,1.3186,1.2119,1.2367,1.2677,1267365.25195541,4251,kraken
1732147200,1.2329,1.3027,1.178,1.2788,1.2465,1994992.84001156,5109,kraken
1732233600,1.2777,1.2941,1.2158,1.2845,1.2521,1657816.56486712,4737,kraken
1732320000,1.2849,1.4987,1.2644,1.4258,1.3744,6100210.21943012,15321,kraken
1732406400,1.427,1.5715,1.3713,1.5344,1.4795,4394564.47082848,12762,kraken
1732492800,1.531,1.5718,1.3972,1.4337,1.4883,1810852.28903148,6756,kraken
1732579200,1.4273,1.4697,1.313,1.3772,1.3768,1465013.91269386,5356,kraken
1732665600,1.3773,1.5146,1.3515,1.5111,1.4523,1816672.15880781,4890,kraken
1732752000,1.5088,1.7509,1.4521,1.6779,1.6077,5119168.834151,13185,kraken
1732838400,1.677,1.728,1.5902,1.7257,1.6344,2502297.01712267,7317,kraken
1732924800,1.7226,1.9564,1.6963,1.9144,1.8451,3955427.3912229,13551,kraken
1733011200,1.9137,1.9142,1.7864,1.841,1.8506,2033082.22256897,7264,kraken
1733097600,1.841,1.95,1.7083,1.9447,1.8135,2486299.02047353,11738,kraken
1733184000,1.9412,2.065,1.7749,1.9118,1.8919,2763991.37921247,14375,kraken
1733270400,1.9164,2.0275,1.8373,1.8639,1.9345,2130941.50540397,11459,kraken
1733356800,1.8517,2.0852,1.7779,1.9533,1.9208,3907283.89709816,13525,kraken
1733443200,1.9559,2.1988,1.9203,2.1368,2.0847,2631836.20328971,12335,kraken
1733529600,2.1346,2.1419,2.0622,2.0635,2.0948,783826.96079886,4384,kraken
1733616000,2.0663,2.2,2.0051,2.0586,2.0524,961050.05727867,5377,kraken
1733702400,2.0573,2.0573,1.5,1.714,1.7825,3164089.37444205,14225,kraken
1733788800,1.7089,1.8,1.55,1.6824,1.6596,2001733.088179,8978,kraken
1733875200,1.6837,1.8366,1.6282,1.816,1.7823,1160208.1322708,4706,kraken
1733961600,1.8101,1.9033,1.7593,1.7864,1.8295,1415517.80092755,5393,kraken
1734048000,1.7871,1.808,1.7362,1.8035,1.783,603884.27961784,3379,kraken
1734134400,1.7979,1.8218,1.682,1.73,1.7385,563935.11251013,3604,kraken
1734220800,1.7269,1.8156,1.6647,1.8082,1.7572,670171.58461838,3526,kraken
1734307200,1.8122,1.8242,1.6876,1.7131,1.7355,651356.03276265,3570,kraken
1734393600,1.7135,1.7191,1.5857,1.6084,1.652,1118094.84694116,3580,kraken
1734480000,1.6116,1.6233,1.42,1.4325,1.5208,1161031.67232342,4261,kraken
1734566400,1.4325,1.4517,1.2462,1.3026,1.3549,3151544.25521267,7132,kraken
1734652800,1.3022,1.3908,1.1231,1.3751,1.2551,1839327.71020187,5394,kraken
1734739200,1.3753,1.4316,1.2335,1.2666,1.3269,638309.7702135,2478,kraken
1734825600,1.26,1.3033,1.2156,1.2517,1.2552,635899.4484201,1838,kraken
1734912000,1.2542,1.3944,1.2256,1.3698,1.3158,964103.06672102,2564,kraken
1734998400,1.3693,1.4245,1.3278,1.3949,1.374,877101.96740328,2195,kraken
1735084800,1.3937,1.398,1.3278,1.3468,1.354,1008457.20135227,1693,kraken
1735171200,1.3495,1.361,1.2484,1.2644,1.2782,952625.8419432,1569,kraken
1735257600,1.265,1.3655,1.2566,1.313,1.3244,1436476.96528231,2928,kraken
1735344000,1.3142,1.372,1.2817,1.3587,1.3339,448814.47427234,1507,kraken
1735430400,1.3638,1.3787,1.2854,1.295,1.3286,745480.68329994,1536,kraken
1735516800,1.2925,1.3588,1.2322,1.2855,1.2924,821520.31137796,2543,kraken
1735603200,1.2816,1.3297,1.2516,1.2694,1.2795,379522.25365453,1901,kraken
1735689600,1.2765,1.3244,1.2335,1.3165,1.2798,539620.08664905,1754,kraken
1735776000,1.32,1.4211,1.3151,1.383,1.3845,1328800.90109732,3210,kraken
1735862400,1.3831,1.5118,1.3752,1.4978,1.4553,817402.85078743,2865,kraken
1735948800,1.499,1.5231,1.4659,1.4908,1.4895,571678.06304046,1883,kraken
1736035200,1.489,1.6254,1.4483,1.6093,1.5425,983002.57950469,3580,kraken
1736121600,1.6118,1.6528,1.5576,1.5733,1.5984,870571.71162747,3348,kraken
1736208000,1.5702,1.5791,1.4064,1.4133,1.495,909026.69886779,3607,kraken
1736294400,1.4132,1.4289,1.2646,1.3342,1.3428,1378119.22711441,3423,kraken
1736380800,1.3365,1.3522,1.2557,1.2934,1.3012,861777.63930541,2631,kraken
1736467200,1.294,1.3706,1.2729,1.3278,1.3198,782923.53254511,2458,kraken
1736553600,1.3277,1.36,1.2915,1.3181,1.3212,708014.10876682,1946,kraken
1736640000,1.3183,1.3276,1.2771,1.2985,1.303,354231.32170867,1317,kraken
1736726400,1.2988,1.3381,1.1415,1.2421,1.2105,1444920.56209922,4791,kraken
1736812800,1.2426,1.3128,1.2339,1.303,1.2749,336602.29646313,1582,kraken
1736899200,1.303,1.387,1.2563,1.369,1.3266,838049.67349486,2893,kraken
1736985600,1.3691,1.3729,1.3041,1.3355,1.342,931835.24431444,2949,kraken
1737072000,1.3347,1.44,1.3342,1.4072,1.3919,778395.39499744,2614,kraken
1737158400,1.4064,1.4352,1.2804,1.3082,1.326,899410.394749,3285,kraken
1737244800,1.3083,1.3263,1.1492,1.1733,1.2324,2218444.7564072,6147,kraken
1737331200,1.1728,1.3364,1.117,1.1847,1.2117,1552318.51076414,5954,kraken
1737417600,1.1827,1.328,1.1286,1.3085,1.2535,1592872.43741271,4305,kraken
1737504000,1.3068,1.3417,1.2677,1.2775,1.304,822587.43570025,3303,kraken
1737590400,1.2746,1.2785,1.194,1.2429,1.2333,1119640.8246104,2989,kraken
1737676800,1.244,1.2715,1.1968,1.225,1.2345,1195794.84027467,2321,kraken
1737763200,1.2252,1.2414,1.1714,1.2071,1.2056,369467.03669784,1277,kraken
1737849600,1.2075,1.2355,1.1783,1.1783,1.2036,359683.57948206,1392,kraken
1737936000,1.1783,1.1854,1.055,1.1165,1.1062,1263160.05094163,3271,kraken
1738022400,1.1206,1.1278,0.9609,0.9792,1.0444,2070118.51823024,3632,kraken
1738108800,0.9699,1.0349,0.9492,0.9903,0.9877,924926.70366699,3243,kraken
1738195200,0.9926,1.0664,0.9783,1.0457,1.0379,740574.72050554,2031,kraken
1738281600,1.0466,1.0869,1.0192,1.0272,1.0536,637136.63028089,1850,kraken
1738368000,1.0287,1.0514,0.9341,0.9341,1.0026,552781.39418954,1856,kraken
1738454400,0.9348,0.9563,0.7717,0.8234,0.8477,2044234.24536838,5900,kraken
1738540800,0.8236,0.883,0.6001,0.8638,0.7329,4059980.25913654,8642,kraken
1738627200,0.868,0.868,0.7559,0.7878,0.8037,2311997.86589157,3586,kraken
1738713600,0.788,0.8044,0.7448,0.762,0.7729,597586.05765949,1487,kraken
1738800000,0.7625,0.7799,0.7076,0.7134,0.7397,753986.49916126,1589,kraken
1738886400,0.7135,0.792,0.6992,0.7317,0.741,580405.79223464,2196,kraken
1738972800,0.7277,0.7401,0.6881,0.7351,0.7098,508151.27939301,1414,kraken
1739059200,0.7353,0.7801,0.723,0.7693,0.7544,590489.01708861,2163,kraken
1739145600,0.7694,0.8069,0.7412,0.7681,0.782,716361.68715088,2215,kraken
1739232000,0.7687,0.8274,0.7508,0.7583,0.7865,786660.89672086,2155,kraken
1739318400,0.7574,0.8369,0.7144,0.8204,0.7861,1048182.98992379,3052,kraken
1739404800,0.823,0.8332,0.762,0.7767,0.7937,485772.17650635,1675,kraken
1739491200,0.7776,0.8398,0.7706,0.8088,0.81,802526.3071665,2062,kraken
1739577600,0.8062,0.8121,0.76,0.7718,0.776,632071.2914117,1305,kraken
1739664000,0.7717,0.811,0.7564,0.7796,0.7861,436572.73402658,1388,kraken
1739750400,0.7796,0.8113,0.7384,0.7564,0.7798,585444.35211193,1884,kraken
1739836800,0.7592,0.7777,0.707,0.7308,0.7262,997533.00107025,2076,kraken
1739923200,0.7311,0.7477,0.7123,0.7229,0.7267,479084.72801985,1244,kraken
1740009600,0.7224,0.7896,0.72,0.7744,0.7589,715279.55630254,1726,kraken
1740096000,0.7755,0.82,0.74,0.7533,0.7822,1157686.97849268,2515,kraken
1740182400,0.7519,0.8044,0.7463,0.7874,0.7886,315732.88338091,1496,kraken
1740268800,0.7889,0.7892,0.7468,0.7581,0.7674,272304.53379678,1042,kraken
1740355200,0.7576,0.7773,0.658,0.6671,0.7113,895459.42336343,2466,kraken
1740441600,0.6706,0.6756,0.6183,0.6652,0.6523,1869253.54330998,3681,kraken
1740528000,0.661,0.6815,0.6292,0.6583,0.6579,1032815.8431501,2246,kraken
1740614400,0.66,0.6744,0.6271,0.6547,0.6574,1087184.36868598,1587,kraken
1740700800,0.656,0.658,0.5982,0.6527,0.6239,1083437.42377442,2207,kraken
1740787200,0.6512,0.6607,0.6235,0.6398,0.6387,221083.38892818,837,kraken
1740873600,0.6406,0.7762,0.6371,0.7463,0.7061,1351248.88247981,2993,kraken
1740960000,0.7482,0.7497,0.6055,0.6157,0.6636,1136904.3074777,2621,kraken
1741046400,0.615,0.618,0.5516,0.5866,0.5853,1390514.98345583,3086,kraken
1741132800,0.5862,0.619,0.5804,0.6186,0.601,648625.47501269,1268,kraken
1741219200,0.6192,0.66,0.6131,0.6292,0.6368,1423383.77172463,2338,kraken
1741305600,0.6297,0.6378,0.5769,0.5836,0.6078,1283298.04695911,2268,kraken
1741392000,0.5803,0.6277,0.5721,0.6025,0.5992,720454.46494971,1906,kraken
1741478400,0.6023,0.6029,0.5013,0.5287,0.5388,1904219.13558287,4047,kraken
1741564800,0.529,0.5578,0.4605,0.4605,0.5169,3001278.71309966,3987,kraken
1741651200,0.4615,0.4974,0.4213,0.4815,0.4602,3188179.09635796,5178,kraken
1741737600,0.4817,0.5207,0.4591,0.502,0.4944,2081443.17247521,3192,kraken
1741824000,0.5027,0.5132,0.4741,0.4965,0.4927,1138091.92257634,2364,kraken
1741910400,0.4971,0.5246,0.4939,0.5178,0.5122,1398852.90210757,1962,kraken
1741996800,0.5179,0.5337,0.5058,0.5252,0.521,1138366.97816813,2128,kraken
1742083200,0.5254,0.5438,0.5011,0.507,0.5181,932751.88745288,2412,kraken
1742169600,0.5061,0.5359,0.5059,0.5234,0.5199,878049.49921359,2376,kraken
1742256000,0.5235,0.5242,0.4915,0.5138,0.5038,680280.05075274,2360,kraken
1742342400,0.5145,0.5496,0.5114,0.5492,0.5343,885433.18199502,2048,kraken
1742428800,0.5497,0.5525,0.5178,0.522,0.5301,785340.05508663,1822,kraken
1742515200,0.5232,0.5331,0.4987,0.5006,0.513,553998.42848713,1537,kraken
1742601600,0.5026,0.5248,0.5019,0.5129,0.5129,497447.08969593,1394,kraken
1742688000,0.5134,0.5218,0.5043,0.5197,0.5137,931939.98145961,1069,kraken
1742774400,0.5198,0.5572,0.512,0.5501,0.5423,855402.27089374,1721,kraken
1742860800,0.5522,0.5704,0.5449,0.5654,0.5609,813174.18096489,1353,kraken
1742947200,0.5659,0.5837,0.5427,0.5506,0.5657,963536.9632734,1674,kraken
1743033600,0.5518,0.565,0.5356,0.5489,0.5504,418344.390068,911,kraken
1743120000,0.5486,0.5542,0.5004,0.5094,0.5127,1897123.34616883,1689,kraken
1743206400,0.5095,0.5128,0.4635,0.4709,0.4863,1076753.92044906,1033,kraken
1743292800,0.4705,0.4821,0.4605,0.4682,0.4726,2202679.6436982,1445,kraken
1743379200,0.4686,0.4735,0.4438,0.4529,0.4568,738115.67835114,1753,kraken
1743465600,0.4535,0.4883,0.4535,0.4695,0.4742,899409.37792638,1728,kraken
1743552000,0.4694,0.4783,0.4254,0.4307,0.4576,1642038.37790039,2439,kraken
1743638400,0.4307,0.4518,0.4108,0.4348,0.4284,640748.45525216,1920,kraken
1743724800,0.4354,0.4476,0.421,0.4429,0.436,673083.91196089,1689,kraken
1743811200,0.4435,0.4484,0.4261,0.4336,0.433,762219.71993349,1173,kraken
1743897600,0.4333,0.4333,0.3764,0.3843,0.3953,1115799.31886005,2452,kraken
1743984000,0.3841,0.405,0.3449,0.3926,0.3751,2343205.16916934,3891,kraken
1744070400,0.3921,0.404,0.3759,0.3777,0.39,1202269.15629865,1536,kraken
1744156800,0.379,0.4454,0.3623,0.4445,0.4129,2259890.65271781,2523,kraken
1744243200,0.4449,0.4449,0.4067,0.4205,0.4253,1204577.12247297,1528,kraken
1744329600,0.4201,0.4526,0.4199,0.4478,0.441,1138420.16364406,1465,kraken
1744416000,0.4475,0.4908,0.4435,0.4857,0.4783,870760.18219318,1119,kraken
1744502400,0.4855,0.54,0.4751,0.4964,0.5112,2939075.24593804,3044,kraken
1744588800,0.4958,0.5165,0.4818,0.4856,0.4981,2040220.37560522,2450,kraken
1744675200,0.4859,0.4904,0.4551,0.4601,0.468,881443.26373935,1446,kraken
1744761600,0.4601,0.4684,0.4443,0.4591,0.461,563206.10058053,1216,kraken
1744848000,0.4586,0.5068,0.4574,0.4972,0.4868,823667.4629748,1367,kraken
1744934400,0.4972,0.5209,0.4917,0.5058,0.5087,896426.31890403,1462,kraken
1745020800,0.5046,0.5716,0.5046,0.5568,0.5471,1581266.95196826,2130,kraken
1745107200,0.5581,0.6235,0.5529,0.6019,0.5937,2780273.12392619,3808,kraken
1745193600,0.6013,0.6555,0.5864,0.6054,0.6185,2896881.12802897,4112,kraken
1745280000,0.6059,0.6402,0.5789,0.6401,0.6095,2749887.22691802,3395,kraken
1745366400,0.6409,0.6467,0.6065,0.623,0.6294,2038603.19546734,2603,kraken
1745452800,0.623,0.7207,0.6074,0.7157,0.669,2397419.64609329,4303,kraken
1745539200,0.7151,0.7545,0.6721,0.754,0.7099,1254100.49195743,2833,kraken
1745625600,0.7523,0.8042,0.7387,0.7803,0.7751,2028371.85802032,2964,kraken
1745712000,0.7807,0.7994,0.711,0.7127,0.7562,1376723.0685663,2458,kraken
1745798400,0.7127,0.7397,0.6874,0.7175,0.7181,1097713.33734356,2501,kraken
1745884800,0.7173,0.7441,0.6879,0.7034,0.7065,1092395.75402503,1814,kraken
1745971200,0.7035,0.7415,0.68,0.7392,0.7122,1436738.08981223,2430,kraken
1746057600,0.7376,0.7874,0.7277,0.7313,0.7555,2192317.06536003,2797,kraken
1746144000,0.7314,0.7404,0.7022,0.711,0.7147,854852.80272271,1569,kraken
1746230400,0.711,0.7141,0.6734,0.6873,0.6931,808651.78437903,1434,kraken
1746316800,0.6846,0.6957,0.648,0.6573,0.6736,795141.30906374,1415,kraken
1746403200,0.6578,0.6785,0.6432,0.6636,0.6578,736614.80377429,1396,kraken
1746489600,0.6636,0.6902,0.6326,0.6806,0.6582,1339035.11985852,1808,kraken
1746576000,0.6812,0.7148,0.6583,0.6752,0.6831,1881494.8885777,2753,kraken
1746662400,0.6757,0.7913,0.6757,0.7783,0.7407,2479984.00677324,4731,kraken
1746748800,0.7794,0.88,0.7593,0.8271,0.8345,3213417.49788235,6520,kraken
1746835200,0.8279,0.9072,0.8251,0.9072,0.8662,1638875.15386468,3845,kraken
1746921600,0.9065,0.908,0.8322,0.8485,0.866,1746238.0311176,3527,kraken
1747008000,0.8511,0.9132,0.7976,0.8312,0.8601,2233780.33706321,5295,kraken
1747094400,0.8313,0.905,0.7909,0.8919,0.8482,1673586.10710431,3927,kraken
1747180800,0.8916,0.8916,0.8217,0.8298,0.8494,1269048.12626446,2841,kraken
1747267200,0.8305,0.8399,0.7509,0.7809,0.7873,1510187.81469882,4130,kraken
1747353600,0.7814,0.8076,0.755,0.7643,0.7852,976589.98444183,2147,kraken
1747440000,0.7645,0.7667,0.7356,0.7473,0.7509,916558.79320328,2278,kraken
1747526400,0.7472,0.7999,0.7223,0.778,0.7558,1626073.45038511,2964,kraken
1747612800,0.7778,0.7834,0.7006,0.7369,0.7206,1816659.91293172,2793,kraken
1747699200,0.7369,0.7576,0.7118,0.7517,0.7307,1085042.16515078,2594,kraken
1747785600,0.7548,0.8323,0.7446,0.807,0.7946,1880861.46588781,4899,kraken
1747872000,0.8066,0.99,0.8054,0.8834,0.8612,4339404.2315022,7743,kraken
1747958400,0.885,0.99,0.8424,0.8469,0.9211,5198079.36066397,11742,kraken
1748044800,0.8452,0.8753,0.8384,0.855,0.861,1373016.02573165,2849,kraken
1748131200,0.8553,0.8669,0.7951,0.8471,0.8198,1206376.08075184,3102,kraken
1748217600,0.8495,0.9379,0.841,0.8691,0.895,2619944.66049494,5344,kraken
1748304000,0.8698,0.9309,0.848,0.8918,0.8945,1901574.3791064,4202,kraken
1748390400,0.8895,0.9246,0.8586,0.9153,0.8935,2073005.61098098,4154,kraken
1748476800,0.9147,0.9307,0.8479,0.849,0.8916,1506446.35604688,3229,kraken
1748563200,0.8534,0.8547,0.74,0.7452,0.8008,2560445.29823167,4501,kraken
1748649600,0.7466,0.866,0.7117,0.7563,0.7419,1986725.30739835,4288,kraken
1748736000,0.7564,0.7742,0.7219,0.7615,0.75,957251.11784012,2172,kraken
1748822400,0.7625,0.7865,0.7243,0.7817,0.7535,1219672.75329703,2735,kraken
1748908800,0.7828,0.8468,0.774,0.8221,0.8095,2312233.7104735,4463,kraken
1748995200,0.8223,0.8422,0.7857,0.7954,0.819,845759.66654228,2153,kraken
1749081600,0.7981,0.8165,0.7139,0.7232,0.7633,2057121.2666335,3845,kraken
1749168000,0.7232,0.7573,0.7102,0.7199,0.7326,1071359.43926616,2437,kraken
1749254400,0.72,0.7768,0.7193,0.7687,0.7567,1052007.96901643,1606,kraken
1749340800,0.7708,0.7753,0.7365,0.7432,0.7576,505611.95061148,1409,kraken
1749427200,0.7428,0.8065,0.7313,0.7946,0.7803,2023679.23083208,3496,kraken
1749513600,0.7947,0.8236,0.7769,0.8176,0.8003,1075398.33114543,2861,kraken
1749600000,0.8177,0.84,0.7667,0.7771,0.7979,2487264.02747665,4739,kraken
1749686400,0.7767,0.777,0.7153,0.7188,0.741,1513707.08398829,3118,kraken
1749772800,0.7187,0.7188,0.6476,0.6772,0.669,3102847.00960395,4629,kraken
1749859200,0.6779,0.6819,0.6501,0.6658,0.6688,1167754.35293914,1751,kraken
1749945600,0.6683,0.7055,0.6666,0.698,0.6812,1391924.99242275,2207,kraken
1750032000,0.698,0.7406,0.6906,0.6921,0.7218,2073164.42536364,2717,kraken
1750118400,0.6938,0.6954,0.6412,0.6545,0.6733,4366986.15995156,4553,kraken
1750204800,0.6538,0.74,0.6347,0.6734,0.6585,1492883.01260953,2873,kraken
1750291200,0.6735,0.7043,0.6659,0.6779,0.6823,1442043.24854976,2330,kraken
1750377600,0.6796,0.6994,0.6333,0.647,0.6692,2319056.86683844,2922,kraken
1750464000,0.6498,0.6611,0.5939,0.6125,0.6237,1086181.20481308,1796,kraken
1750550400,0.6107,0.6218,0.5493,0.5837,0.5832,2473708.0431435,3518,kraken
1750636800,0.5846,0.6928,0.5767,0.6865,0.6343,2843163.09809806,4314,kraken
1750723200,0.6868,0.7167,0.6596,0.6779,0.6844,2251751.49240563,3451,kraken
1750809600,0.6785,0.6842,0.65,0.6578,0.666,824904.68733465,1523,kraken
1750896000,0.6582,0.6834,0.6443,0.6629,0.6628,607462.06750899,1856,kraken
1750982400,0.6649,0.6833,0.6502,0.6728,0.6691,685859.27358318,1929,kraken
1751068800,0.6732,0.6906,0.662,0.686,0.6769,417809.88826471,958,kraken
1751155200,0.6846,0.7214,0.6738,0.7128,0.697,876834.09771852,1717,kraken
1751241600,0.7124,0.7136,0.6637,0.6777,0.6839,1398691.64857899,2650,kraken
1751328000,0.6772,0.6844,0.6545,0.6672,0.6653,573538.92023932,1678,kraken
1751414400,0.6674,0.7265,0.6557,0.7127,0.7017,721303.45663767,2286,kraken
1751500800,0.7162,0.7482,0.7,0.7226,0.7221,898494.19434944,2218,kraken
1751587200,0.725,0.7302,0.6667,0.6752,0.6869,648935.72445594,1647,kraken
1751673600,0.6754,0.679,0.6534,0.662,0.6634,507660.33389457,1023,kraken
1751760000,0.6635,0.6956,0.6467,0.6814,0.6736,612837.7251037,1353,kraken
1751846400,0.6807,0.6889,0.6583,0.6714,0.6709,540308.38645534,1208,kraken
1751932800,0.6713,0.6861,0.6622,0.6744,0.6714,584855.1456934,1423,kraken
1752019200,0.6747,0.73,0.6637,0.7039,0.6981,1271126.48100128,2409,kraken
1752105600,0.7061,0.753,0.6902,0.7461,0.7177,749200.51895276,2061,kraken
1752192000,0.7463,0.7723,0.7043,0.7169,0.7433,1298672.54306269,3529,kraken
1752278400,0.7159,0.7268,0.6704,0.6882,0.6963,1340170.05346511,2676,kraken
1752364800,0.6887,0.74,0.6854,0.7335,0.723,1750388.31838791,2888,kraken
1752451200,0.733,0.7552,0.7018,0.7098,0.7317,1903142.44418821,3930,kraken
1752537600,0.7105,0.7552,0.6783,0.7503,0.7206,1822462.52677931,4731,kraken
1752624000,0.7505,0.7894,0.731,0.7774,0.7651,1599612.09431452,3935,kraken
1752710400,0.7789,0.7871,0.7467,0.7698,0.7674,3228348.59123114,5599,kraken
1752796800,0.7695,0.8394,0.7407,0.7587,0.7941,2854192.16724139,6103,kraken
1752883200,0.7589,0.7974,0.74,0.7827,0.7673,1033595.83802021,2154,kraken
1752969600,0.7832,0.8182,0.7766,0.8017,0.7988,1148694.35193472,2945,kraken
1753056000,0.7994,0.8852,0.7805,0.8425,0.8424,2646966.15182275,5567,kraken
1753142400,0.8438,0.855,0.7777,0.8246,0.8066,2887815.26176586,5593,kraken
1753228800,0.8219,0.8219,0.722,0.7485,0.7689,1960449.41397057,4459,kraken
1753315200,0.7463,0.7773,0.7115,0.7246,0.743,2514591.72276659,4721,kraken
1753401600,0.7247,0.7418,0.7034,0.7405,0.7241,1618236.4637104,3231,kraken
1753488000,0.7407,0.7423,0.7275,0.7323,0.7351,1161739.11078852,1713,kraken
1753574400,0.7322,0.7591,0.7277,0.7564,0.74,1066069.98541935,2018,kraken
1753660800,0.7561,0.7861,0.7045,0.7167,0.7403,1406708.35785481,3706,kraken
1753747200,0.7181,0.7321,0.6907,0.7091,0.7049,2420381.17214738,3401,kraken
1753833600,0.7083,0.7161,0.6555,0.6868,0.683,1918250.15359472,3483,kraken
1753920000,0.6859,0.7072,0.6649,0.671,0.6864,815407.20361319,2001,kraken
1754006400,0.6698,0.6736,0.6206,0.6378,0.6485,1944215.37171069,3364,kraken
1754092800,0.6361,0.6433,0.6031,0.6174,0.6221,1750584.03109295,1778,kraken
1754179200,0.6157,0.638,0.6086,0.6356,0.6306,468988.58821633,1083,kraken
1754265600,0.6351,0.6689,0.6351,0.6668,0.6538,818681.03154975,1583,kraken
1754352000,0.6671,0.6671,0.6291,0.6456,0.6497,1367680.11406329,2396,kraken
1754438400,0.6455,0.6559,0.6298,0.6477,0.6428,579326.03936158,1442,kraken
1754524800,0.6491,0.6906,0.6463,0.688,0.6787,778229.28298153,1625,kraken
1754611200,0.6887,0.7095,0.6814,0.7041,0.694,1339348.4992362,2403,kraken
1754697600,0.7045,0.7266,0.7007,0.72,0.7146,1013823.79327448,1806,kraken
1754784000,0.7188,0.73,0.6938,0.7162,0.7091,768439.50115687,1629,kraken
1754870400,0.7144,0.7435,0.679,0.6872,0.7053,1810314.44123788,3202,kraken
1754956800,0.6862,0.7322,0.6778,0.7239,0.7075,893934.70843675,2484,kraken
1755043200,0.7239,0.7651,0.716,0.7508,0.7423,1855797.53092707,2844,kraken
1755129600,0.7504,0.7693,0.6878,0.7068,0.7259,1693769.86214022,3380,kraken
1755216000,0.7059,0.7186,0.6766,0.6994,0.6932,1223134.72368994,1763,kraken
1755302400,0.6999,0.7107,0.6919,0.7062,0.7026,337065.98144014,860,kraken
1755388800,0.7064,0.733,0.7015,0.7023,0.7165,633897.57651323,1405,kraken
1755475200,0.7019,0.731,0.669,0.6787,0.6844,1593816.67973868,3023,kraken
1755561600,0.679,0.6886,0.6586,0.6606,0.673,1153846.56277013,1945,kraken
1755648000,0.662,0.6885,0.6531,0.6846,0.6672,485666.56219311,4911,kraken
1755734400,0.6845,0.6859,0.6616,0.6625,0.676,1239949.38668525,1966,kraken
1755820800,0.6633,0.7117,0.6372,0.7009,0.6843,2036564.75203905,3342,kraken
1755907200,0.701,0.701,0.6745,0.69,0.6917,1347115.64290762,1454,kraken
1755993600,0.6903,0.7016,0.6646,0.6783,0.68,668392.97642024,1595,kraken
1756080000,0.6806,0.6846,0.6143,0.6235,0.6436,2491589.8903543,2524,kraken
1756166400,0.622,0.6502,0.6201,0.6471,0.6353,1056714.55685387,1886,kraken
1756252800,0.6464,0.6514,0.6335,0.6373,0.6424,897756.24713539,1870,kraken
1756339200,0.6385,0.6571,0.6353,0.6501,0.646,1238362.58106374,1682,kraken
1756425600,0.6493,0.6523,0.6095,0.6186,0.623,1005396.58023797,1509,kraken
1756512000,0.6182,0.6267,0.6077,0.625,0.6217,186846.59367525,532,kraken
1756598400,0.6249,0.6343,0.6118,0.6128,0.6231,307077.31134967,654,kraken
1756684800,0.6127,0.6226,0.578,0.5894,0.594,1359455.66457507,1690,kraken
1756771200,0.5906,0.6174,0.587,0.6165,0.6037,775001.12961318,1192,kraken
1756857600,0.6173,0.6281,0.6137,0.6199,0.621,301484.64654297,840,kraken
1756944000,0.62,0.6226,0.59,0.5939,0.6033,321897.49611346,918,kraken
1757030400,0.595,0.6217,0.5943,0.6098,0.6113,394633.73672747,1023,kraken
1757116800,0.6103,0.6139,0.5982,0.6041,0.6039,321799.73830256,623,kraken
1757203200,0.6038,0.636,0.6032,0.6246,0.6233,787192.69258585,975,kraken
1757289600,0.6252,0.6606,0.624,0.6482,0.6461,924655.80493428,1605,kraken
1757376000,0.6495,0.6837,0.6397,0.6444,0.6611,639161.90228322,1708,kraken
1757462400,0.6444,0.6627,0.639,0.6566,0.6516,559474.22438615,1278,kraken
1757548800,0.657,0.6718,0.6518,0.6696,0.6615,496354.74669356,1030,kraken
1757635200,0.6703,0.6841,0.6597,0.6818,0.6723,992285.08695824,1491,kraken
1757721600,0.6819,0.6984,0.6745,0.6873,0.6881,777697.41158782,1457,kraken
1757808000,0.6871,0.6881,0.652,0.66,0.6662,447927.81777523,1062,kraken
1757894400,0.66,0.6706,0.6294,0.639,0.6436,909205.57370918,1491,kraken
1757980800,0.6386,0.6496,0.6278,0.6437,0.6408,810092.8031551,1122,kraken
1758067200,0.6441,0.6735,0.6295,0.6678,0.6421,467899.02267509,1597,kraken
1758153600,0.6682,0.6797,0.6621,0.6735,0.6715,644983.51394417,1544,kraken
1758240000,0.6739,0.6853,0.6408,0.6453,0.6659,761997.44819705,1666,kraken
1758326400,0.6451,0.6552,0.6392,0.6425,0.644,375238.80851289,784,kraken
1758412800,0.6426,0.6484,0.6338,0.6347,0.6406,395523.162801,958,kraken
1758499200,0.6355,0.6363,0.5692,0.5995,0.5955,1315200.37792374,2455,kraken
1758585600,0.5981,0.6048,0.5848,0.5859,0.5967,571162.12991717,1130,kraken
1758672000,0.5861,0.6023,0.5765,0.5915,0.5901,301921.71617759,863,kraken
1758758400,0.5917,0.5923,0.5534,0.5587,0.5755,941899.95652505,1803,kraken
1758844800,0.5597,0.5857,0.5564,0.5829,0.571,538456.34966232,1100,kraken
1758931200,0.5818,0.5821,0.5715,0.5732,0.5763,342886.30592988,655,kraken
1759017600,0.573,0.583,0.56,0.5802,0.5705,353077.28969836,703,kraken
1759104000,0.5798,0.5813,0.5623,0.5739,0.5726,724305.58271824,1111,kraken
1759190400,0.5738,0.5758,0.5334,0.5444,0.5509,1349676.27977648,1582,kraken
1759276800,0.5446,0.5951,0.5237,0.5938,0.5625,1098395.7714022,2314,kraken
1759363200,0.5942,0.777,0.5813,0.6079,0.6237,2703930.22864504,3549,kraken
1759449600,0.6078,0.614,0.5887,0.5999,0.5992,849441.07249748,1618,kraken
1759536000,0.5993,0.6011,0.5758,0.5879,0.5864,766492.88230163,851,kraken
1759622400,0.5879,0.6161,0.5779,0.5783,0.5957,805327.2870241,2001,kraken
1759708800,0.5785,0.5989,0.5731,0.5851,0.5846,1387803.06415322,1790,kraken
1759795200,0.585,0.5882,0.5563,0.5589,0.5705,2044114.85961395,2376,kraken
1759881600,0.5582,0.5636,0.5472,0.5548,0.555,1215985.23593568,1333,kraken
1759968000,0.5548,0.5557,0.4879,0.4911,0.5099,3267999.68877054,3657,kraken
1760054400,0.491,0.5014,0.1908,0.3463,0.3942,9138096.11075308,11012,kraken
1760140800,0.3469,0.4288,0.3468,0.3683,0.3863,5366658.12586103,6856,kraken
1760227200,0.3663,0.405,0.3564,0.3804,0.3844,2779818.40091342,3734,kraken
1760313600,0.3787,0.3879,0.3625,0.3698,0.3741,4385569.04835209,5278,kraken
1760400000,0.3704,0.371,0.3063,0.3148,0.3357,7546863.70013174,5899,kraken
1760486400,0.3161,0.3254,0.2875,0.2909,0.3059,3329026.295153,3642,kraken
1760572800,0.2908,0.3007,0.2694,0.2736,0.2855,3307933.38161755,3649,kraken
1760659200,0.2733,0.2782,0.2537,0.2686,0.2658,2597848.45868965,3175,kraken
1760745600,0.2689,0.2727,0.2523,0.2609,0.2614,2894170.61658203,1452,kraken
1760832000,0.261,0.3077,0.2548,0.2904,0.2893,5096107.91298041,4406,kraken
1760918400,0.2903,0.3003,0.269,0.2696,0.2861,5141394.59050609,3095,kraken
1761004800,0.2695,0.2726,0.2438,0.2441,0.2591,3358393.98629443,3238,kraken
1761091200,0.2444,0.249,0.2256,0.2365,0.2396,2960297.96258126,2665,kraken
1761177600,0.2363,0.2575,0.2334,0.2516,0.248,4753674.56871345,3783,kraken
1761264000,0.2519,0.2725,0.2514,0.2657,0.2638,3789598.57361467,3028,kraken
1761350400,0.2651,0.2651,0.2547,0.2592,0.2595,1551486.81581111,1196,kraken
1761436800,0.2596,0.2799,0.2556,0.2789,0.2726,2932003.56557607,2215,kraken
1761523200,0.2799,0.2819,0.2626,0.2643,0.2714,2078258.96700284,2000,kraken
1761609600,0.2636,0.2765,0.2515,0.2577,0.2649,3184395.17155006,2419,kraken
1761696000,0.2578,0.2736,0.2558,0.2617,0.2637,2378376.63450176,2201,kraken
1761782400,0.2624,0.268,0.2312,0.2402,0.2457,3673786.54026768,2179,kraken
1761868800,0.2401,0.244,0.2315,0.2364,0.2376,1302754.56127795,1432,kraken
1761955200,0.2367,0.26,0.2323,0.2598,0.2437,1468018.41053673,1373,kraken
1762041600,0.2591,0.2739,0.2372,0.2463,0.2534,2549700.70555375,2119,kraken
1762128000,0.246,0.246,0.202,0.2089,0.2176,4337084.51580663,3121,kraken
1762214400,0.2091,0.2159,0.1943,0.2118,0.2054,3993215.61499234,4072,kraken
1762300800,0.2118,0.2262,0.2016,0.2237,0.2157,3884516.23650786,2577,kraken
1762387200,0.2237,0.2339,0.2108,0.2317,0.2207,2800765.3904531,2266,kraken
1762473600,0.2315,0.465,0.2307,0.3652,0.336,56953510.40999351,39993,kraken
1762560000,0.3656,0.4093,0.3184,0.3407,0.3556,24945657.9825948,22278,kraken
1762646400,0.3408,0.4259,0.2847,0.3496,0.323,17455120.7187082,15344,kraken
1762732800,0.3486,0.435,0.3237,0.3511,0.3495,14134363.12688825,13698,kraken
1762819200,0.3525,0.3895,0.3288,0.3297,0.3596,14514631.26743109,11543,kraken
1762905600,0.3317,0.3604,0.3087,0.3118,0.3313,5861573.56642868,4420,kraken
1762992000,0.3115,0.3217,0.2782,0.2901,0.295,8258153.18175139,4372,kraken
1763078400,0.2902,0.2905,0.265,0.2703,0.2809,9011304.79807575,3957,kraken
1763164800,0.2704,0.3029,0.2702,0.2863,0.2892,4694534.16344504,3064,kraken
1763251200,0.2859,0.2944,0.2637,0.2731,0.2757,3021387.76068179,2454,kraken
1763337600,0.2735,0.285,0.2614,0.2681,0.2749,3192179.52080232,3225,kraken
1763424000,0.2681,0.3235,0.2652,0.3006,0.2995,9231735.86635581,5580,kraken
1763510400,0.3007,0.375,0.2793,0.3298,0.3099,18410619.55339153,8934,kraken
1763596800,0.3301,0.3417,0.3015,0.3146,0.3193,12778776.5227585,8042,kraken
1763683200,0.3148,0.3173,0.2646,0.2951,0.2869,10669380.36584493,6370,kraken
1763769600,0.2943,0.2992,0.2655,0.278,0.2783,3740988.28441568,2533,kraken
1763856000,0.2793,0.335,0.2747,0.2753,0.2884,5688485.42353267,3119,kraken
1763942400,0.275,0.2885,0.2685,0.2776,0.2803,5676614.74994419,2922,kraken
1764028800,0.2771,0.2836,0.2623,0.2799,0.2743,7850763.47229616,3148,kraken
1764115200,0.2797,0.3417,0.2517,0.2674,0.2667,9290496.87783897,4586,kraken
1764201600,0.267,0.2711,0.2611,0.2614,0.2666,2580508.09228406,1513,kraken
1764288000,0.263,0.2805,0.258,0.2669,0.2701,3125972.20609456,2220,kraken
1764374400,0.2678,0.2774,0.2574,0.2598,0.2651,1975118.75376208,1631,kraken
1764460800,0.2598,0.2662,0.2545,0.2559,0.2589,1121272.16908161,1169,kraken
1764547200,0.2559,0.256,0.2255,0.2316,0.2349,7118193.49962137,3669,kraken
1764633600,0.2312,0.2726,0.2259,0.2559,0.2531,10014330.63319834,5615,kraken
1764720000,0.2566,0.2717,0.2541,0.2613,0.2595,3981164.35073567,2643,kraken
1764806400,0.2616,0.2639,0.2456,0.2494,0.254,1680497.17858308,1540,kraken
1764892800,0.2498,0.252,0.2243,0.2349,0.2353,4007208.09374594,2544,kraken
1764979200,0.2345,0.2384,0.2318,0.2352,0.2349,1247898.31986576,1123,kraken
1765065600,0.2353,0.2539,0.224,0.236,0.2365,2662521.19591419,2863,kraken
1765152000,0.2363,0.2488,0.2337,0.2403,0.2394,1693231.30134847,1792,kraken
1765238400,0.2408,0.2683,0.2359,0.2633,0.2566,2972973.00276954,3135,kraken
1765324800,0.2644,0.2719,0.2525,0.2527,0.2598,2908363.15715679,3020,kraken
1765411200,0.2524,0.2529,0.2329,0.2419,0.2436,3653771.41340761,2309,kraken
1765497600,0.2419,0.2473,0.23,0.239,0.2398,3528567.94326542,2401,kraken
1765584000,0.2392,0.254,0.2379,0.2455,0.2456,1179072.41750753,1388,kraken
1765670400,0.2455,0.2462,0.23,0.2338,0.239,1903524.73156779,1498,kraken
1765756800,0.2341,0.2428,0.217,0.2235,0.228,3895068.88998774,2596,kraken
1765843200,0.2235,0.2299,0.2172,0.2205,0.2232,1608467.28092736,1570,kraken
1765929600,0.2206,0.2238,0.2026,0.2035,0.2126,1974144.91892392,2273,kraken
1766016000,0.2033,0.2132,0.1921,0.1951,0.2002,3168655.9487106,3162,kraken
1766102400,0.1952,0.2168,0.192,0.2113,0.2071,1771038.82588957,1938,kraken
1766188800,0.2113,0.2142,0.2075,0.2118,0.2096,1471751.68147699,993,kraken
1766275200,0.2118,0.2123,0.201,0.2052,0.2052,674551.71823154,953,kraken
1766361600,0.2063,0.2127,0.2022,0.2078,0.2072,1362769.53743904,1317,kraken
1766448000,0.208,0.2151,0.202,0.2102,0.2074,1791860.51633057,1500,kraken
1766534400,0.2104,0.2116,0.2016,0.2104,0.2069,2013614.44925956,1361,kraken
1766620800,0.2105,0.2139,0.2013,0.2016,0.208,2207070.91894451,1300,kraken
1766707200,0.2013,0.2122,0.2013,0.2111,0.2082,1069452.44119282,1116,kraken
1766793600,0.2113,0.2191,0.2103,0.2177,0.2139,1008220.66680567,1196,kraken
1766880000,0.2177,0.2204,0.2119,0.215,0.2154,1968737.52850314,1469,kraken
1766966400,0.2146,0.2222,0.208,0.2089,0.2157,2062315.19314272,1640,kraken
1767052800,0.2088,0.2114,0.2059,0.2075,0.2082,1215406.1495598,977,kraken
1767139200,0.2068,0.2103,0.1981,0.1981,0.2039,2431961.83248856,1423,kraken
1767225600,0.1985,0.2151,0.1976,0.213,0.2054,1221121.70161722,1102,kraken
1767312000,0.2136,0.2312,0.2113,0.2302,0.2202,2297046.34517216,1789,kraken
1767398400,0.2302,0.241,0.2257,0.2405,0.2323,1146549.1099665,1368,kraken
1767484800,0.2405,0.2699,0.2391,0.2658,0.2532,5862407.69929567,5069,kraken
1767571200,0.2662,0.295,0.2646,0.2905,0.2855,6429769.76871136,6968,kraken
1767657600,0.29,0.3146,0.282,0.2955,0.2989,7658313.59171455,6879,kraken
1767744000,0.295,0.2951,0.2732,0.2747,0.2835,3759314.15151294,3200,kraken
1767830400,0.2747,0.2972,0.2657,0.285,0.2771,5691931.5544916,5192,kraken
1767916800,0.285,0.295,0.2765,0.2854,0.2827,4078647.69326853,2822,kraken
1768003200,0.2857,0.2857,0.2775,0.2802,0.2815,2826542.77010623,1862,kraken
1768089600,0.28,0.3063,0.2786,0.292,0.2924,4626278.92098945,3561,kraken
1768176000,0.2913,0.3137,0.2795,0.2807,0.2948,5988403.36549601,5946,kraken
1768262400,0.2813,0.3002,0.2804,0.2935,0.2882,3749832.70072212,3166,kraken
1768348800,0.2937,0.3023,0.2839,0.2896,0.292,4368773.03918826,3102,kraken
1768435200,0.289,0.2943,0.2705,0.2781,0.2803,3871246.1914143,2629,kraken
1768521600,0.2778,0.283,0.2689,0.2794,0.2771,1852158.26912126,1751,kraken
1768608000,0.2793,0.2856,0.2764,0.2778,0.2798,2218631.84231874,1530,kraken
1768694400,0.278,0.2801,0.252,0.2523,0.2693,2327251.13244143,1891,kraken
1768780800,0.2517,0.2523,0.2155,0.249,0.2411,3146359.67925731,3748,kraken
1768867200,0.2486,0.2494,0.229,0.2318,0.239,2941714.59441256,2302,kraken
1768953600,0.2318,0.2476,0.2311,0.2381,0.2391,2844672.74941879,2006,kraken
1769040000,0.2384,0.245,0.233,0.2364,0.2397,2445226.02484242,1626,kraken
1769126400,0.2369,0.2434,0.2309,0.2319,0.237,1102491.65876478,1610,kraken
1769212800,0.232,0.2357,0.2284,0.2306,0.2315,1140094.95206368,795,kraken
1769299200,0.2305,0.231,0.212,0.2177,0.2235,2599868.8353816,1748,kraken
1769385600,0.2178,0.2253,0.2174,0.2206,0.2219,1282002.91064517,1269,kraken
1769472000,0.2207,0.2293,0.2184,0.2283,0.2239,1320740.50721321,1225,kraken
1769558400,0.2276,0.2391,0.2234,0.2316,0.2284,2501253.10634842,1962,kraken
1769644800,0.233,0.233,0.2073,0.2123,0.2174,2601233.10407044,2923,kraken
1769731200,0.2126,0.2129,0.2013,0.2062,0.2071,3358605.06493456,2648,kraken
1769817600,0.2063,0.2077,0.1697,0.1879,0.1891,6599650.57423385,4717,kraken
1769904000,0.1877,0.1917,0.1766,0.1809,0.1869,2007199.19210892,1654,kraken
1769990400,0.1803,0.1904,0.1738,0.1853,0.1843,2690129.43793138,2339,kraken
1770076800,0.1847,0.1877,0.1714,0.1797,0.1805,3380851.26204958,2305,kraken
1770163200,0.1795,0.1865,0.1741,0.1779,0.179,1741378.62205626,1649,kraken
1770249600,0.1779,0.1798,0.1469,0.1476,0.161,7078186.29678661,4454,kraken
1770336000,0.1481,0.1727,0.1341,0.169,0.1536,8113393.44614979,4548,kraken
1770422400,0.1682,0.1714,0.1609,0.1655,0.1672,1951070.83860981,1526,kraken
1770508800,0.1654,0.1676,0.161,0.1624,0.1644,772710.03992318,915,kraken
1770595200,0.1628,0.1643,0.1554,0.1613,0.1594,1301648.786976,1125,kraken
1770681600,0.1611,0.1622,0.1549,0.1568,0.1572,1738501.1065111,1159,kraken
1770768000,0.1568,0.16,0.1505,0.1541,0.1544,4255858.87083902,1771,kraken
1770854400,0.1546,0.1627,0.1534,0.1592,0.1574,2364881.23515513,1220,kraken
1770940800,0.1594,0.1683,0.1559,0.1649,0.1613,2735425.32576064,1481,kraken
1771027200,0.1652,0.185,0.165,0.181,0.175,2699443.24280798,1934,kraken
1771113600,0.1811,0.1819,0.1683,0.1734,0.1746,2150393.6709245,1484,kraken
1771200000,0.1738,0.1762,0.1693,0.1732,0.1721,2228991.57183947,1260,kraken
1771286400,0.173,0.1741,0.1678,0.1707,0.1709,2894843.88780474,1214,kraken
1771372800,0.1709,0.1739,0.1633,0.1639,0.1696,3099078.77864188,2013,kraken
1771459200,0.1637,0.167,0.1587,0.1627,0.1623,1456101.73769963,1151,kraken
1771545600,0.1628,0.1705,0.1603,0.168,0.1655,4025431.57579716,1770,kraken
1771632000,0.1675,0.1702,0.1648,0.1648,0.1666,1030721.57454531,810,kraken
1771718400,0.1647,0.1647,0.1575,0.1596,0.1605,984496.7289142,926,kraken
1771804800,0.1594,0.16,0.1512,0.1539,0.1557,1536487.59965076,1293,kraken
1771891200,0.1542,0.1568,0.1502,0.1529,0.1532,2679606.50520774,1584,kraken
1771977600,0.1529,0.1756,0.1525,0.1675,0.1634,2169182.87301151,2239,kraken
1772064000,0.1672,0.169,0.1579,0.162,0.1617,2385853.41940458,1464,kraken
1772150400,0.1621,0.167,0.1533,0.1561,0.1608,1940679.78680922,1458,kraken
1772236800,0.1562,0.1584,0.1445,0.1568,0.1513,2287682.7106119,1965,kraken
1772323200,0.1568,0.1621,0.1479,0.1506,0.1535,1996267.9015192,1516,kraken
1772409600,0.151,0.1597,0.1467,0.1516,0.1536,4427192.56495228,1815,kraken
1772496000,0.1518,0.1524,0.1446,0.1479,0.1487,4735899.04460659,2532,kraken
1772582400,0.1482,0.1588,0.147,0.1556,0.1536,3209849.38685504,1788,kraken
1772668800,0.1553,0.1572,0.1496,0.1526,0.1531,2252319.97253019,1573,kraken
1772755200,0.1528,0.1548,0.1442,0.146,0.1482,2432169.96178224,2005,kraken
1772841600,0.1464,0.1466,0.1415,0.143,0.1442,833948.32848034,766,kraken
1772928000,0.1432,0.1447,0.1397,0.1412,0.1418,702289.48399736,816,kraken
1773014400,0.1419,0.1465,0.1409,0.1433,0.1435,1522303.69448588,1108,kraken
1773100800,0.1432,0.1573,0.1431,0.1545,0.1505,3251118.83670797,2010,kraken
1773187200,0.1546,0.165,0.1531,0.1605,0.1595,3612630.64497669,2575,kraken
1773273600,0.161,0.1781,0.1566,0.1772,0.1671,4509278.9439129,3601,kraken
1773360000,0.1776,0.1944,0.1735,0.1781,0.1831,9652577.16860682,6648,kraken
1773446400,0.1779,0.1847,0.1731,0.1794,0.1786,1728265.7182976,1498,kraken
1773532800,0.1789,0.2055,0.178,0.1971,0.1942,11896429.09339227,8754,kraken
1773619200,0.1974,0.2566,0.1941,0.2382,0.2287,20233343.99756701,16065,kraken
1773705600,0.2374,0.2456,0.2267,0.2406,0.2347,9821299.12743418,9417,kraken
1773792000,0.2409,0.2439,0.2147,0.2232,0.226,9530721.40734886,6060,kraken
1773878400,0.223,0.2288,0.2011,0.2125,0.2122,7031683.26293896,4644,kraken
1773964800,0.2124,0.2424,0.212,0.2262,0.2278,7328598.54047949,6309,kraken
1774051200,0.2263,0.2373,0.2167,0.2185,0.2251,5153296.02092541,4136,kraken
1774137600,0.2185,0.2235,0.2033,0.2058,0.2114,5406152.22844511,2949,kraken
1774224000,0.2064,0.2291,0.2024,0.2276,0.2181,5516451.57581483,3719,kraken
1774310400,0.2272,0.2517,0.2229,0.2427,0.2373,11470974.94419947,9387,kraken
1774396800,0.243,0.2685,0.2414,0.2599,0.2555,13976302.87460504,11495,kraken
1774483200,0.2602,0.2615,0.2356,0.242,0.245,7245758.00158172,4582,kraken
1774569600,0.2416,0.2453,0.2262,0.2307,0.2335,7121024.07741741,4071,kraken
1774656000,0.2307,0.2563,0.2244,0.2364,0.2414,9302231.31166664,5984,kraken
1774742400,0.2365,0.2468,0.2222,0.2293,0.2362,5640862.47218854,3768,kraken
1774828800,0.2296,0.2505,0.226,0.2297,0.2378,7021649.90887949,4612,kraken
1774915200,0.2297,0.2383,0.2251,0.2323,0.2316,4805692.24976158,3412,kraken
1775001600,0.2312,0.2484,0.2283,0.24,0.2415,3842031.38327354,3364,kraken
1775088000,0.24,0.2463,0.223,0.2282,0.2304,6168004.93371263,4514,kraken
1775174400,0.2284,0.2418,0.2257,0.2376,0.2349,4360889.59640649,3306,kraken
1775260800,0.2378,0.2414,0.2347,0.236,0.2382,2705058.18418129,2131,kraken
1775347200,0.2358,0.2358,0.2248,0.2355,0.2285,3185144.01893864,2611,kraken
1775433600,0.2356,0.2497,0.2244,0.2266,0.2374,3691764.97660089,3409,kraken
1775520000,0.2265,0.2564,0.2249,0.2498,0.239,6923297.23651144,4714,kraken
1775606400,0.2506,0.2585,0.2388,0.242,0.2495,6107644.89523824,3891,kraken
1775692800,0.2413,0.2526,0.2325,0.2445,0.2437,4804910.76396037,3599,kraken
1775779200,0.2447,0.2455,0.233,0.2388,0.2403,8042332.24276081,5157,kraken
1775865600,0.2387,0.2501,0.2345,0.2448,0.2419,2854163.20266943,2249,kraken
1775952000,0.2437,0.2446,0.2287,0.2295,0.2349,2861354.20196848,2596,kraken
1776038400,0.2298,0.242,0.2265,0.2386,0.2337,2973069.41327716,2641,kraken
1776124800,0.2386,0.2394,0.2259,0.2269,0.232,2418334.25225351,2690,kraken
1776211200,0.2284,0.2337,0.2238,0.2291,0.2286,1946476.36865002,2555,kraken
1776297600,0.2297,0.2437,0.227,0.2396,0.2325,5636801.58671096,3178,kraken
1776384000,0.2399,0.2419,0.2288,0.2305,0.2353,3728124.42939911,3223,kraken
1776470400,0.2302,0.2321,0.2152,0.2152,0.2235,8466396.97000727,3705,kraken
1776556800,0.2153,0.2222,0.2089,0.2093,0.2146,3976992.4020032,2263,kraken
1776643200,0.2098,0.2157,0.206,0.2108,0.2112,3988577.99382565,2212,kraken
1776729600,0.211,0.2155,0.2046,0.2098,0.2104,3635824.97671478,1905,kraken
1776816000,0.2102,0.2176,0.2067,0.2068,0.213,2732258.49038183,1671,kraken
1776902400,0.207,0.2119,0.2039,0.2098,0.2073,3020137.8354415,1756,kraken
1776988800,0.2102,0.2117,0.2075,0.2088,0.2096,1349162.41407163,1422,kraken
1777075200,0.2084,0.2111,0.2056,0.2088,0.2081,988280.18393905,875,kraken
1777161600,0.2088,0.2127,0.207,0.2121,0.2105,1335708.18402888,1078,kraken
1777248000,0.2124,0.2156,0.204,0.2062,0.2093,3815382.13936515,2511,kraken
1777334400,0.2061,0.2061,0.1937,0.1959,0.1986,3675175.07110826,2268,kraken
1777420800,0.1966,0.2051,0.1911,0.1984,0.1964,3596840.16114855,2006,kraken
1777507200,0.1988,0.201,0.1949,0.1955,0.1969,2664943.95750773,1609,kraken
1777593600,0.1956,0.2018,0.1955,0.1981,0.1992,1635778.17426641,1227,kraken
1777680000,0.1986,0.2099,0.1979,0.2072,0.2041,1698135.38064806,1376,kraken
1777766400,0.2078,0.2115,0.2033,0.2057,0.2076,2086893.04366811,1460,kraken
1777852800,0.2058,0.2113,0.201,0.2038,0.2051,3490153.38154302,2317,kraken
1777939200,0.2042,0.222,0.2039,0.215,0.2125,6257734.8517776,4006,kraken
1778025600,0.2151,0.2274,0.2128,0.226,0.2228,5109816.95923158,3494,kraken
1778112000,0.2259,0.2328,0.218,0.2211,0.2227,3581654.39549857,2353,kraken
1778198400,0.2209,0.2368,0.2198,0.2338,0.2284,3044129.49556806,2283,kraken
1778284800,0.2338,0.2434,0.2283,0.2325,0.2358,4576475.31958206,3625,kraken
1778371200,0.2324,0.2487,0.2291,0.2404,0.2411,5986258.32644695,3732,kraken
1778457600,0.2411,0.2414,0.227,0.2351,0.2351,3800115.61014444,2586,kraken
1778544000,0.2347,0.2362,0.2206,0.2237,0.2286,2713565.89641081,2022,kraken
1778630400,0.2236,0.2291,0.2128,0.2139,0.221,2302083.89244217,1842,kraken
1778716800,0.2137,0.2205,0.208,0.2138,0.2156,2859388.40013961,1939,kraken
1778803200,0.214,0.2152,0.201,0.2033,0.2064,2425636.26982932,1557,kraken
1778889600,0.2033,0.2054,0.1931,0.1952,0.1974,1879975.48841226,1471,kraken
1778976000,0.1954,0.1983,0.1847,0.1911,0.1936,3385520.29741685,2169,kraken
1779062400,0.1908,0.1944,0.1865,0.1939,0.1887,5527054.24082698,1837,kraken
1779148800,0.194,0.1955,0.1878,0.1889,0.1916,2222570.82243499,1363,kraken
1779235200,0.1888,0.1942,0.1873,0.1922,0.1906,3189428.40098624,1309,kraken
1779321600,0.192,0.197,0.1906,0.1938,0.1937,5131828.92015102,2426,kraken
1779408000,0.1939,0.223,0.1933,0.1975,0.2082,13032267.8909866,6185,kraken
1779494400,0.1977,0.2131,0.1912,0.208,0.1998,5516361.49987042,3193,kraken
1779580800,0.208,0.2179,0.2052,0.2082,0.2114,3965572.97184094,3052,kraken
1779667200,0.2086,0.2361,0.2073,0.2317,0.2251,11696267.87241188,6415,kraken
1779753600,0.2318,0.2615,0.2243,0.2498,0.2466,21174725.26244009,10592,kraken
1779840000,0.2504,0.2587,0.2366,0.2428,0.2445,8900718.78503954,5022,kraken
1779926400,0.2428,0.244,0.2164,0.2297,0.2261,8460759.6037537,5278,kraken
1780012800,0.2299,0.2643,0.2295,0.2443,0.244,12254257.98315792,8442,kraken
1780099200,0.244,0.2833,0.234,0.2789,0.266,19574940.34864642,11525,kraken
1780185600,0.2791,0.2832,0.2578,0.2683,0.2705,16036860.25626392,8332,kraken
1780272000,0.2684,0.2935,0.2553,0.2737,0.2729,21168610.07881102,12045,kraken
1780358400,0.2736,0.2828,0.2403,0.2411,0.262,23981614.14537639,12506,kraken
1780444800,0.2415,0.2729,0.2415,0.2537,0.2602,10458731.56612658,6477,kraken
1780531200,0.2536,0.2575,0.2128,0.2161,0.2329,19030100.52436625,9235,kraken
1780617600,0.2161,0.2181,0.183,0.1972,0.1992,13859179.87749757,6258,kraken
1780704000,0.198,0.2038,0.1846,0.2003,0.1964,5818297.03577444,3449,kraken
1780790400,0.1998,0.2175,0.1994,0.2128,0.2085,6625451.86247287,3640,kraken
1780876800,0.2122,0.218,0.2039,0.2094,0.2122,4724052.4162053,2977,kraken
1780963200,0.2091,0.2121,0.197,0.1999,0.2031,3694104.64203918,2154,kraken
1781049600,0.1996,0.2019,0.1823,0.184,0.1931,5098879.74231607,2820,kraken
1781136000,0.1839,0.1963,0.1832,0.1924,0.1894,4997059.53361525,2825,kraken
1781222400,0.1929,0.1947,0.1849,0.186,0.1901,2774880.82268816,1966,kraken
1781308800,0.186,0.2117,0.1836,0.2081,0.2001,6664567.91608727,3924,kraken
1781395200,0.2082,0.215,0.198,0.2114,0.2085,5643935.43863957,3225,kraken
1781481600,0.2113,0.2225,0.2083,0.2132,0.2163,8585815.07939403,4396,kraken
1781568000,0.2139,0.2177,0.2039,0.2049,0.2105,3680951.22145281,2300,kraken
1781654400,0.2048,0.212,0.196,0.2,0.2047,4804103.85897497,2582,kraken
1781740800,0.1998,0.2024,0.1886,0.1975,0.1951,3961856.59253577,2278,kraken
1781827200,0.1974,0.2002,0.1896,0.1927,0.1935,2058699.98613017,1315,kraken
1781913600,0.1926,0.1935,0.1852,0.1881,0.1888,2240014.16446588,1482,kraken
1782000000,0.1875,0.1905,0.1774,0.1793,0.1844,2168622.86669849,1947,kraken
1782086400,0.1792,0.1895,0.1787,0.1815,0.1845,3273319.05159792,1677,kraken
1782172800,0.1818,0.1861,0.1691,0.1743,0.1742,3188658.97130701,2050,kraken
1782259200,0.1743,0.1777,0.1621,0.1734,0.169,3510899.98444373,2197,kraken
1782345600,0.1739,0.1784,0.1598,0.1681,0.1687,2642244.7504784,1938,kraken
1782432000,0.1685,0.1777,0.161,0.1776,0.1724,5098485.95921206,3668,kraken
1782518400,0.1777,0.1826,0.1719,0.1725,0.1781,2026078.06582491,1486,kraken
1782604800,0.1725,0.1794,0.1701,0.1781,0.1739,1618176.3355917,1789,kraken
1782691200,0.1774,0.1823,0.1741,0.1768,0.1775,2051456.4657269,1494,kraken
1782777600,0.1769,0.177,0.1676,0.1717,0.1717,2061855.14211422,1374,kraken
1782864000,0.1719,0.1822,0.1678,0.1776,0.1773,2544176.44314217,1571,kraken
1782950400,0.1781,0.1874,0.1771,0.1832,0.1831,3432546.81043876,1998,kraken
1783036800,0.1833,0.1906,0.1825,0.1879,0.1868,3111965.14141805,1872,kraken
1783123200,0.1877,0.1894,0.1825,0.1825,0.1861,2041982.93215779,1488,kraken
1783209600,0.1827,0.1827,0.1739,0.179,0.1774,3435903.67776592,1732,kraken
1783296000,0.1796,0.1796,0.1654,0.1714,0.1714,2027285.42825692,1732,kraken
1783382400,0.1713,0.1731,0.1622,0.1637,0.1668,1658126.55617405,1409,kraken
1783468800,0.1638,0.1642,0.1546,0.1597,0.1579,4181551.10196691,2436,kraken
1783555200,0.1599,0.1632,0.1576,0.1595,0.1602,2319447.68329435,1683,kraken
1783641600,0.1596,0.1648,0.1587,0.1622,0.1617,1555695.1743618,1303,kraken
1783728000,0.1621,0.1641,0.158,0.1585,0.1617,1789489.83263238,1127,kraken
1783814400,0.1585,0.1612,0.1569,0.1582,0.1591,1418468.01995672,972,kraken
1783900800,0.1583,0.1611,0.1551,0.1578,0.159,2589509.62186844,1292,kraken
1783987200,0.1576,0.1636,0.1573,0.1625,0.1608,3094069.16317243,1386,kraken
1784073600,0.162,0.1641,0.1601,0.1607,0.1616,1810306.90571722,1063,kraken
1784160000,0.161,0.1617,0.1573,0.1579,0.1593,1499817.86260067,1055,kraken
1784246400,0.158,0.1616,0.1562,0.1596,0.159,1283872.24086073,1212,kraken
1784332800,0.1595,0.1602,0.1563,0.1586,0.1577,707508.20017339,725,kraken
1784419200,0.1584,0.1591,0.1558,0.1567,0.1569,1388968.66266348,700,kraken
1784505600,0.1566,0.1577,0.1503,0.1539,0.153,3744018.32625394,1925,kraken
1784592000,0.1537,0.1609,0.1537,0.1575,0.1576,2051514.70893436,1376,kraken
1784678400,0.1577,0.1579,0.1537,0.1562,0.1555,3230117.51577382,1458,kraken
1784764800,0.156,0.1567,0.1513,0.1521,0.1532,941348.07045218,735,kraken
1784851200,0.1522,0.1558,0.1502,0.1518,0.1529,2338335.13944504,1107,kraken
1784937600,0.1516,0.1599,0.1502,0.1582,0.1544,1113711.53367386,853,kraken
1785024000,0.1583,0.1609,0.156,0.1586,0.1579,1397150.83838837,966,kraken
1785110400,0.1586,0.1611,0.1416,0.1438,0.1524,4235362.8748057,2352,kraken
1785196800,0.1438,0.1438,0.1375,0.139,0.1404,5012384.30645327,2438,kraken
1785283200,0.1394,0.1401,0.1321,0.1378,0.1359,4525180.305499,2220,kraken
1785369600,0.1379,0.1458,0.1364,0.144,0.14,3798383.81118128,1645,kraken
1785456000,0.1441,0.1464,0.1402,0.1406,0.1417,2074793.00550375,1315,kraken
1785542400,0.1409,0.1429,0.1368,0.1386,0.14,1992664.04668449,1191,kraken
1785628800,0.1389,0.1429,0.1389,0.1417,0.1418,969926.80506657,750,kraken
1785715200,0.1417,0.146,0.1387,0.1452,0.141,1545376.97159479,1317,kraken
1785801600,0.1452,0.1484,0.1439,0.1469,0.1459,2063737.72179213,1351,kraken
1785888000,0.1472,0.1538,0.1416,0.1418,0.1473,4937078.25859389,2243,kraken
1785974400,0.1418,0.1437,0.1344,0.1354,0.1385,5084154.92032754,3290,kraken
1786060800,0.1353,0.1373,0.1311,0.1372,0.1342,3192468.03161107,1668,kraken
1786147200,0.1376,0.1398,0.1363,0.137,0.138,2710051.23199938,1417,kraken
1786233600,0.1369,0.1384,0.1354,0.1357,0.1369,2526192.67075386,1204,kraken
1786320000,0.1352,0.1394,0.1336,0.1346,0.137,2168519.66089952,1416,kraken
1786406400,0.1345,0.1354,0.1318,0.1338,0.1336,3364635.64133361,1777,kraken
1786492800,0.1337,0.136,0.1322,0.1337,0.1343,922238.7917635,725,kraken
1786579200,0.1341,0.1372,0.1335,0.1352,0.1351,1990778.58940687,1126,kraken
1786665600,0.1358,0.1381,0.1327,0.1339,0.1351,1585444.72528255,1127,kraken
1786752000,0.1339,0.1343,0.1266,0.1278,0.1297,4154112.826585,1988,kraken
1786838400,0.1278,0.1278,0.1208,0.1215,0.1245,4359124.17017296,3072,kraken
1786924800,0.1215,0.1245,0.1192,0.1237,0.1214,4222881.38511808,2339,kraken
1787011200,0.1237,0.1239,0.1194,0.1222,0.1215,3436996.11586706,1927,kraken
1787097600,0.1221,0.1321,0.1205,0.131,0.1265,4681900.80844043,2603,kraken
1787184000,0.1312,0.1449,0.1287,0.1432,0.137,7756735.39430536,3688,kraken
1787270400,0.1433,0.1751,0.1428,0.1714,0.1589,16602535.23424277,8369,kraken
1787356800,0.1711,0.185,0.1439,0.162,0.1658,13247801.51710366,9074,kraken
1787443200,0.1617,0.17,0.1522,0.1667,0.1632,8301738.22483252,4542,kraken
1787529600,0.1668,0.1804,0.1603,0.1737,0.1716,9097027.01759933,6326,kraken
1787616000,0.1735,0.18,0.1601,0.1626,0.1688,7991712.10305404,4588,kraken
1787702400,0.1627,0.1701,0.1579,0.169,0.1643,4937650.83772977,2644,kraken
1787788800,0.1684,0.1705,0.1622,0.1643,0.1665,6718146.11935972,3248,kraken
1787875200,0.1644,0.1698,0.1498,0.1498,0.1567,5130787.82522111,2774,kraken
1787961600,0.1499,0.1525,0.1455,0.1495,0.1489,7373683.68586415,3639,kraken
1788048000,0.1494,0.1604,0.146,0.1487,0.1552,5586099.34790248,3216,kraken
1788134400,0.1478,0.1543,0.1477,0.1535,0.1516,3643767.52289656,2327,kraken
1788220800,0.1536,0.1578,0.1505,0.1546,0.1541,3022359.18606026,3143,kraken
1788307200,0.1546,0.1557,0.1498,0.1519,0.1522,2593487.13426479,3278,kraken
1788393600,0.1518,0.1608,0.1514,0.1573,0.1568,7492682.76321373,4675,kraken
1788480000,0.1574,0.1601,0.1513,0.1551,0.1565,3675268.65833457,3381,kraken
1788566400,0.155,0.1689,0.1549,0.1647,0.1645,3710526.94282635,4484,kraken
1788652800,0.1647,0.1805,0.164,0.1776,0.1711,8887262.33656036,6525,kraken
1788739200,0.1766,0.195,0.171,0.1838,0.1816,5023031.93696807,5073,kraken
1788825600,0.1834,0.199,0.1763,0.1796,0.1835,4890348.12942078,5640,kraken
1788912000,0.1802,0.1819,0.1672,0.1703,0.1757,3599944.67852936,3570,kraken
1788998400,0.1704,0.1713,0.162,0.1634,0.1663,1899685.89599868,2896,kraken
1789084800,0.164,0.1954,0.1638,0.1685,0.1714,2205981.77435115,3380,kraken
1789171200,0.1685,0.1731,0.1677,0.1697,0.17,930475.32664048,1629,kraken
1789257600,0.1698,0.1817,0.1675,0.1699,0.1744,2074711.11969001,1795,kraken
1789344000,0.1692,0.1757,0.1675,0.1675,0.1705,1314054.09745817,1934,kraken
1789430400,0.1681,0.1765,0.1534,0.156,0.1603,2288049.24855642,2481,kraken
1789516800,0.1558,0.1662,0.1506,0.1636,0.1564,2047746.59502965,3882,kraken
1789603200,0.1637,0.1747,0.1557,0.174,0.1655,7043938.12303835,5320,kraken
1789689600,0.1739,0.1887,0.1716,0.1856,0.1829,6844849.20159331,7167,kraken
1789776000,0.1855,0.1867,0.1746,0.1775,0.1803,4982260.84839767,3219,kraken
1789862400,0.1769,0.1818,0.1671,0.1771,0.1734,7186990.10555408,4424,kraken
1789948800,0.1773,0.2132,0.174,0.2074,0.1942,9415872.47296373,5929,kraken
1790035200,0.2074,0.2258,0.1981,0.2154,0.2112,6192171.52574752,6936,kraken
1790121600,0.2162,0.2451,0.2025,0.204,0.2174,6818723.89813771,5655,kraken
1790208000,0.2045,0.275,0.2025,0.2479,0.2326,9172929.48027484,9822,kraken
1790294400,0.248,0.2675,0.2347,0.2467,0.2484,9014542.57174005,9704,kraken
1790380800,0.2468,0.26,0.2391,0.2438,0.2488,9752011.28451377,8012,kraken
1790467200,0.2438,0.2491,0.24,0.2474,0.2448,7081791.32594925,3353,kraken
1790553600,0.2473,0.2489,0.2237,0.2264,0.2348,12385540.29965563,7841,kraken
1790640000,0.2277,0.2404,0.2185,0.2225,0.2278,14852274.34456176,8358,kraken
1790726400,0.2224,0.2311,0.2125,0.2285,0.223,11115659.10176663,6593,kraken
1790812800,0.2287,0.2455,0.2231,0.2304,0.233,17713546.61178717,6651,kraken
1790899200,0.2303,0.2415,0.2147,0.2191,0.2286,12236056.12876902,6827,kraken
1790985600,0.2187,0.231,0.2162,0.2256,0.225,8698226.54869656,3615,kraken
1791072000,0.2257,0.2604,0.221,0.2535,0.2411,17048518.23147405,9733,kraken
1791158400,0.2532,0.2724,0.2434,0.2545,0.2578,13169036.65771031,6719,kraken
1791244800,0.2544,0.2566,0.2385,0.239,0.2465,7182705.57646356,5198,kraken
1791331200,0.2389,0.2407,0.2222,0.2299,0.2294,8962462.51896742,7740,kraken
1791417600,0.2298,0.2361,0.2048,0.2158,0.2202,14481721.6253414,9585,kraken
1791504000,0.2162,0.2245,0.2107,0.2168,0.218,7903781.66227057,4991,kraken
