time,open,high,low,close,vwap,volume,count,source
1681430400,0.03479,0.0362,0.034,0.0352,0.03513333333333334,23943783.0,0,coinbase
1681516800,0.03507,0.0365,0.0345,0.0347,0.03523333333333334,60739178.0,0,coinbase
1681603200,0.03471,0.03578,0.03347,0.03502,0.034756666666666665,25237586.0,0,coinbase
1681689600,0.03502,0.03562,0.03434,0.03451,0.03482333333333333,21756533.0,0,coinbase
1681776000,0.03452,0.0356,0.03383,0.03465,0.03469333333333333,23960517.0,0,coinbase
1681862400,0.03459,0.03509,0.03222,0.03231,0.03320666666666667,24559816.0,0,coinbase
1681948800,0.03224,0.03282,0.03109,0.03172,0.031876666666666664,12788013.0,0,coinbase
1682035200,0.03174,0.03399,0.0312,0.03141,0.0322,20016828.0,0,coinbase
1682121600,0.03149,0.03295,0.03116,0.03199,0.03203333333333333,8503415.0,0,coinbase
1682208000,0.03199,0.03257,0.03141,0.03154,0.03184,7554784.0,0,coinbase
1682294400,0.03154,0.0325,0.03137,0.03187,0.03191333333333334,8222950.0,0,coinbase
1682380800,0.03187,0.03224,0.03143,0.0321,0.03192333333333333,7257859.0,0,coinbase
1682467200,0.03207,0.03262,0.03127,0.03168,0.031856666666666665,8693694.0,0,coinbase
1682553600,0.03166,0.03219,0.03112,0.03167,0.03166,5700838.0,0,coinbase
1682640000,0.03167,0.03169,0.03106,0.03107,0.031273333333333334,7202135.0,0,coinbase
1682726400,0.03108,0.03229,0.03101,0.03136,0.03155333333333333,9602344.0,0,coinbase
1682812800,0.0315,0.03187,0.03092,0.03092,0.031236666666666666,6514544.0,0,coinbase
1682899200,0.03093,0.03113,0.03009,0.03018,0.030466666666666666,5315431.0,0,coinbase
1682985600,0.03018,0.0302,0.0292,0.02944,0.029613333333333335,6186625.0,0,coinbase
1683072000,0.02948,0.02972,0.02885,0.02941,0.029326666666666668,12746424.0,0,coinbase
1683158400,0.02943,0.03086,0.0288,0.02884,0.0295,10982425.0,0,coinbase
1683244800,0.02885,0.02909,0.02839,0.02849,0.028656666666666667,8238436.0,0,coinbase
1683331200,0.02847,0.03158,0.02736,0.02911,0.029349999999999998,10546161.0,0,coinbase
1683417600,0.02917,0.03143,0.0278,0.02876,0.02933,12785173.0,0,coinbase
1683504000,0.02864,0.03055,0.02743,0.028,0.02866,10076255.0,0,coinbase
1683590400,0.02797,0.02982,0.02754,0.02761,0.02832333333333333,7156403.0,0,coinbase
1683676800,0.02761,0.02859,0.02756,0.02794,0.02803,5760986.0,0,coinbase
1683763200,0.02799,0.02894,0.02701,0.02739,0.02778,8494255.0,0,coinbase
1683849600,0.02739,0.02774,0.02697,0.02747,0.027393333333333336,6068376.0,0,coinbase
1683936000,0.02747,0.02804,0.02723,0.02783,0.027700000000000002,6179733.0,0,coinbase
1684022400,0.02774,0.02857,0.0275,0.0279,0.02799,8161738.0,0,coinbase
1684108800,0.02792,0.02892,0.02783,0.02817,0.028306666666666664,5843606.0,0,coinbase
1684195200,0.02823,0.02872,0.0269,0.02695,0.027523333333333334,6178046.0,0,coinbase
1684281600,0.02695,0.02869,0.0269,0.02785,0.027813333333333332,7871178.0,0,coinbase
1684368000,0.02787,0.02858,0.02724,0.02778,0.027866666666666668,5780511.0,0,coinbase
1684454400,0.02777,0.0285,0.02738,0.02768,0.02785333333333333,6986038.0,0,coinbase
1684540800,0.02768,0.02865,0.0274,0.02782,0.027956666666666668,6794053.0,0,coinbase
1684627200,0.02785,0.02889,0.02731,0.02733,0.02784333333333333,6869746.0,0,coinbase
1684713600,0.02733,0.02813,0.02719,0.02786,0.027726666666666663,5714142.0,0,coinbase
1684800000,0.02787,0.0282,0.0277,0.02777,0.027889999999999998,5692908.0,0,coinbase
1684886400,0.02776,0.02809,0.0271,0.0271,0.02743,5369517.0,0,coinbase
1684972800,0.0271,0.0271,0.02579,0.02586,0.02625,8658103.0,0,coinbase
1685059200,0.02586,0.02607,0.02549,0.02589,0.025816666666666665,8013259.0,0,coinbase
1685145600,0.02594,0.02594,0.02534,0.02552,0.0256,6749222.0,0,coinbase
1685232000,0.02552,0.02635,0.02542,0.02602,0.025929999999999998,8000309.0,0,coinbase
1685318400,0.02601,0.02612,0.02424,0.02441,0.024923333333333336,7688413.0,0,coinbase
1685404800,0.02442,0.02512,0.02423,0.02461,0.024653333333333333,6677041.0,0,coinbase
1685491200,0.02464,0.02479,0.02301,0.02327,0.02369,8666722.0,0,coinbase
1685577600,0.02327,0.02345,0.02272,0.02311,0.023093333333333337,7377452.0,0,coinbase
1685664000,0.02309,0.02334,0.02288,0.0233,0.023173333333333334,4641868.0,0,coinbase
1685750400,0.0233,0.02338,0.02294,0.02301,0.023110000000000002,4566282.0,0,coinbase
1685836800,0.023,0.02327,0.02291,0.02295,0.023043333333333332,5667615.0,0,coinbase
1685923200,0.02293,0.02319,0.02054,0.02088,0.021536666666666666,17883801.0,0,coinbase
1686009600,0.02088,0.02146,0.01999,0.02055,0.020666666666666667,9412344.0,0,coinbase
1686096000,0.02053,0.021,0.01868,0.01875,0.019476666666666666,12219852.0,0,coinbase
1686182400,0.0187,0.02016,0.01786,0.0185,0.01884,8973765.0,0,coinbase
1686268800,0.01849,0.01954,0.01817,0.01846,0.01872333333333333,6568674.0,0,coinbase
1686355200,0.01849,0.01856,0.01555,0.01616,0.016756666666666666,16693376.0,0,coinbase
1686441600,0.01612,0.01681,0.01577,0.01627,0.016283333333333334,4552955.0,0,coinbase
1686528000,0.01632,0.01702,0.01601,0.01625,0.01642666666666667,4998160.0,0,coinbase
1686614400,0.01632,0.01644,0.01544,0.01557,0.015816666666666666,12125903.0,0,coinbase
1686700800,0.01561,0.01589,0.01449,0.01487,0.015083333333333332,7387333.0,0,coinbase
1686787200,0.01489,0.01494,0.01344,0.01437,0.01425,14409268.0,0,coinbase
1686873600,0.01437,0.01489,0.01381,0.01449,0.014396666666666667,8237773.0,0,coinbase
1686960000,0.01451,0.01568,0.01437,0.01452,0.014856666666666666,5414584.0,0,coinbase
1687046400,0.01452,0.015,0.01424,0.01432,0.01452,5107002.0,0,coinbase
1687132800,0.01434,0.01691,0.01432,0.01471,0.015313333333333333,10548906.0,0,coinbase
1687219200,0.01471,0.01592,0.01454,0.01534,0.015266666666666666,10505163.0,0,coinbase
1687305600,0.01532,0.01668,0.01525,0.01563,0.015853333333333334,9799651.0,0,coinbase
1687392000,0.01565,0.01653,0.01499,0.01523,0.015583333333333333,8990014.0,0,coinbase
1687478400,0.01523,0.01957,0.01517,0.01687,0.017203333333333334,16819720.0,0,coinbase
1687564800,0.01692,0.01798,0.01586,0.01647,0.016769999999999997,16074987.0,0,coinbase
1687651200,0.01648,0.01689,0.01608,0.01667,0.016546666666666668,8809879.0,0,coinbase
1687737600,0.01667,0.01667,0.01577,0.01578,0.016073333333333332,6786273.0,0,coinbase
1687824000,0.01578,0.01592,0.01556,0.01559,0.01569,5710930.0,0,coinbase
1687910400,0.01559,0.01623,0.01452,0.01458,0.015109999999999998,11413193.0,0,coinbase
1687996800,0.01458,0.01509,0.01453,0.01464,0.014753333333333334,7091624.0,0,coinbase
1688083200,0.01463,0.01501,0.01453,0.01469,0.014743333333333332,8663160.0,0,coinbase
1688169600,0.01469,0.01481,0.01457,0.01466,0.014679999999999999,6586860.0,0,coinbase
1688256000,0.01466,0.01473,0.01453,0.01467,0.014643333333333335,3517072.0,0,coinbase
1688342400,0.01467,0.0151,0.01466,0.01484,0.014866666666666667,6388734.0,0,coinbase
1688428800,0.01484,0.01485,0.01462,0.01463,0.0147,4521891.0,0,coinbase
1688515200,0.01462,0.01465,0.01378,0.01385,0.014093333333333333,7659161.0,0,coinbase
1688601600,0.01386,0.01442,0.01371,0.01374,0.013956666666666668,12392179.0,0,coinbase
1688688000,0.01374,0.01376,0.01301,0.01332,0.013363333333333333,11498652.0,0,coinbase
1688774400,0.01334,0.01334,0.01288,0.0131,0.013106666666666668,7055013.0,0,coinbase
1688860800,0.01311,0.01423,0.01305,0.0133,0.013526666666666666,8150472.0,0,coinbase
1688947200,0.0133,0.01424,0.01294,0.01358,0.013586666666666665,10555041.0,0,coinbase
1689033600,0.01358,0.01418,0.01332,0.01332,0.013606666666666668,7780543.0,0,coinbase
1689120000,0.01333,0.01402,0.01315,0.01323,0.013466666666666667,5024378.0,0,coinbase
1689206400,0.01322,0.01679,0.01304,0.0156,0.015143333333333333,50175659.0,0,coinbase
1689292800,0.0156,0.01711,0.01347,0.01386,0.014813333333333333,45151563.0,0,coinbase
1689379200,0.01384,0.01464,0.0137,0.01391,0.014083333333333335,11674981.0,0,coinbase
1689465600,0.01392,0.01429,0.01376,0.01404,0.01403,10778321.0,0,coinbase
1689552000,0.01403,0.01477,0.01358,0.01374,0.01403,19048044.0,0,coinbase
1689638400,0.01373,0.01399,0.01334,0.01357,0.013633333333333332,12624169.0,0,coinbase
1689724800,0.01357,0.01411,0.01342,0.01352,0.013683333333333334,18000296.0,0,coinbase
1689811200,0.01351,0.01519,0.01342,0.01396,0.01419,20189353.0,0,coinbase
1689897600,0.014,0.01509,0.01398,0.01438,0.014483333333333334,12479421.0,0,coinbase
1689984000,0.01439,0.01574,0.0143,0.01434,0.014793333333333334,20123652.0,0,coinbase
1690070400,0.01432,0.0147,0.01394,0.01452,0.014386666666666666,5671796.0,0,coinbase
1690156800,0.01452,0.01479,0.0137,0.01409,0.014193333333333334,10907950.0,0,coinbase
1690243200,0.01411,0.01464,0.01373,0.01391,0.014093333333333333,9064497.0,0,coinbase
1690329600,0.0139,0.01421,0.01385,0.01417,0.014076666666666668,8123298.0,0,coinbase
1690416000,0.01419,0.01473,0.01395,0.01411,0.014263333333333334,12378129.0,0,coinbase
1690502400,0.01412,0.0158,0.01412,0.01539,0.015103333333333335,17140128.0,0,coinbase
1690588800,0.01537,0.01537,0.01455,0.01499,0.014970000000000002,11442573.0,0,coinbase
1690675200,0.01509,0.01525,0.01469,0.01491,0.01495,8302130.0,0,coinbase
1690761600,0.01488,0.01559,0.01442,0.01448,0.014830000000000001,11263144.0,0,coinbase
1690848000,0.0145,0.01511,0.01441,0.01487,0.014796666666666666,15447656.0,0,coinbase
1690934400,0.01486,0.01499,0.01439,0.01447,0.014616666666666667,12334040.0,0,coinbase
1691020800,0.01444,0.01482,0.01424,0.01466,0.014573333333333332,10584118.0,0,coinbase
1691107200,0.01465,0.01475,0.01437,0.0144,0.014506666666666668,10653156.0,0,coinbase
1691193600,0.01442,0.01463,0.01421,0.01434,0.014393333333333334,5800341.0,0,coinbase
1691280000,0.01436,0.0146,0.01427,0.01455,0.014473333333333333,9364101.0,0,coinbase
1691366400,0.01451,0.01489,0.01436,0.01482,0.01469,6209350.0,0,coinbase
1691452800,0.01485,0.01492,0.01427,0.01476,0.014650000000000002,6343378.0,0,coinbase
1691539200,0.01475,0.016,0.01461,0.01483,0.015146666666666664,8634852.0,0,coinbase
1691625600,0.01485,0.01537,0.01485,0.0153,0.015173333333333332,5974411.0,0,coinbase
1691712000,0.0153,0.01576,0.01499,0.01507,0.015273333333333333,9483082.0,0,coinbase
1691798400,0.01509,0.01522,0.01469,0.01517,0.015026666666666666,5084701.0,0,coinbase
1691884800,0.01512,0.01543,0.01492,0.01501,0.01512,7462270.0,0,coinbase
1691971200,0.01503,0.01513,0.01472,0.01505,0.014966666666666668,13875463.0,0,coinbase
1692057600,0.01503,0.01512,0.01414,0.01434,0.014533333333333334,20146612.0,0,coinbase
1692144000,0.01436,0.01461,0.01356,0.01368,0.013949999999999999,11131117.0,0,coinbase
1692230400,0.01365,0.01406,0.01237,0.01258,0.013003333333333334,18475720.0,0,coinbase
1692316800,0.01257,0.01335,0.01219,0.01319,0.01291,12579007.0,0,coinbase
1692403200,0.01318,0.01354,0.01305,0.01322,0.013270000000000002,8037591.0,0,coinbase
1692489600,0.01324,0.0134,0.01306,0.01328,0.013246666666666665,5116986.0,0,coinbase
1692576000,0.01327,0.01355,0.01309,0.01324,0.013293333333333332,8235056.0,0,coinbase
1692662400,0.01326,0.01337,0.01274,0.01317,0.013093333333333334,7327658.0,0,coinbase
1692748800,0.01316,0.01382,0.01305,0.01346,0.013443333333333335,9239234.0,0,coinbase
1692835200,0.01347,0.01359,0.01305,0.01319,0.013276666666666668,5402216.0,0,coinbase
1692921600,0.01318,0.01363,0.01314,0.01362,0.013463333333333334,7647537.0,0,coinbase
1693008000,0.01362,0.01412,0.01336,0.01393,0.013803333333333334,8728855.0,0,coinbase
1693094400,0.01392,0.01399,0.01336,0.01377,0.013706666666666666,4526734.0,0,coinbase
1693180800,0.01378,0.0139,0.01342,0.01385,0.013723333333333332,2983163.0,0,coinbase
1693267200,0.01386,0.01416,0.01349,0.01414,0.01393,5227912.0,0,coinbase
1693353600,0.01414,0.01428,0.013,0.01379,0.013689999999999999,6605799.0,0,coinbase
1693440000,0.01379,0.01385,0.013,0.01322,0.013356666666666668,7123383.0,0,coinbase
1693526400,0.01322,0.0139,0.01314,0.01378,0.013606666666666668,9522670.0,0,coinbase
1693612800,0.01379,0.01389,0.01309,0.01312,0.013366666666666666,5237075.0,0,coinbase
1693699200,0.01313,0.01333,0.01301,0.01322,0.013186666666666668,5231811.0,0,coinbase
1693785600,0.01322,0.01334,0.01301,0.01308,0.013143333333333333,4477520.0,0,coinbase
1693872000,0.01306,0.0132,0.01302,0.01306,0.013093333333333334,3776243.0,0,coinbase
1693958400,0.01307,0.01309,0.0126,0.01278,0.012823333333333332,9194626.0,0,coinbase
1694044800,0.01279,0.01292,0.01264,0.01284,0.0128,5454120.0,0,coinbase
1694131200,0.0129,0.01337,0.0126,0.01272,0.012896666666666667,9473191.0,0,coinbase
1694217600,0.01271,0.01295,0.01252,0.01274,0.012736666666666667,7160841.0,0,coinbase
1694304000,0.01275,0.01277,0.012,0.0123,0.012356666666666667,12676199.0,0,coinbase
1694390400,0.01229,0.01248,0.01166,0.01174,0.01196,9084708.0,0,coinbase
1694476800,0.01173,0.01193,0.01163,0.0117,0.011753333333333333,10258450.0,0,coinbase
1694563200,0.01172,0.01192,0.01108,0.01122,0.011406666666666667,16472563.0,0,coinbase
1694649600,0.01122,0.01145,0.01112,0.01122,0.011263333333333334,11457783.0,0,coinbase
1694736000,0.01121,0.01128,0.01101,0.01117,0.011153333333333335,10690869.0,0,coinbase
1694822400,0.01117,0.01144,0.01109,0.01123,0.011253333333333332,7027215.0,0,coinbase
1694908800,0.01121,0.01144,0.01105,0.01105,0.01118,8020410.0,0,coinbase
1694995200,0.01106,0.01153,0.01095,0.01109,0.01119,8809823.0,0,coinbase
1695081600,0.0111,0.01268,0.01097,0.01168,0.011776666666666666,21406033.0,0,coinbase
1695168000,0.01167,0.01191,0.01124,0.01134,0.011496666666666667,14513198.0,0,coinbase
1695254400,0.01136,0.01137,0.011,0.01108,0.01115,13600998.0,0,coinbase
1695340800,0.01108,0.01123,0.011,0.01105,0.011093333333333335,6900560.0,0,coinbase
1695427200,0.01107,0.01116,0.01094,0.01103,0.011043333333333334,4448498.0,0,coinbase
1695513600,0.01103,0.01114,0.01091,0.01105,0.011033333333333334,5871485.0,0,coinbase
1695600000,0.01106,0.01123,0.01074,0.01101,0.010993333333333334,10226434.0,0,coinbase
1695686400,0.011,0.01114,0.0108,0.0109,0.010946666666666667,6255340.0,0,coinbase
1695772800,0.01089,0.01115,0.01077,0.01082,0.010913333333333336,7410204.0,0,coinbase
1695859200,0.0108,0.01113,0.01072,0.01091,0.01092,12126281.0,0,coinbase
1695945600,0.01093,0.01104,0.01084,0.01094,0.01094,5030828.0,0,coinbase
1696032000,0.01094,0.01129,0.01086,0.01098,0.011043333333333334,5237653.0,0,coinbase
1696118400,0.01099,0.01124,0.01087,0.0111,0.011069999999999998,7222508.0,0,coinbase
1696204800,0.01112,0.01113,0.0108,0.01094,0.010956666666666665,4237819.0,0,coinbase
1696291200,0.01094,0.01098,0.01066,0.0109,0.010846666666666666,7447674.0,0,coinbase
1696377600,0.01089,0.01135,0.01071,0.01071,0.010923333333333335,9354652.0,0,coinbase
1696464000,0.01072,0.01122,0.01071,0.01078,0.010903333333333334,6286743.0,0,coinbase
1696550400,0.01078,0.01136,0.01069,0.01072,0.010923333333333334,8156433.0,0,coinbase
1696636800,0.01072,0.01074,0.01062,0.01067,0.010676666666666666,3728150.0,0,coinbase
1696723200,0.01065,0.01071,0.01032,0.01041,0.010480000000000001,5844487.0,0,coinbase
1696809600,0.01043,0.01043,0.00961,0.00971,0.009916666666666667,31085339.0,0,coinbase
1696896000,0.00969,0.00991,0.00938,0.0096,0.00963,13348206.0,0,coinbase
1696982400,0.0096,0.00981,0.00883,0.00936,0.009333333333333332,27918497.0,0,coinbase
1697068800,0.00935,0.00939,0.00884,0.00909,0.009106666666666667,11106033.0,0,coinbase
1697155200,0.00909,0.00987,0.00899,0.00907,0.00931,23216105.0,0,coinbase
1697241600,0.00908,0.00937,0.00908,0.00916,0.009203333333333334,9051216.0,0,coinbase
1697328000,0.00916,0.00937,0.00909,0.00922,0.009226666666666668,5949400.0,0,coinbase
1697414400,0.00921,0.00932,0.00906,0.00913,0.00917,10179351.0,0,coinbase
1697500800,0.00915,0.00917,0.00885,0.00887,0.008963333333333334,5083110.0,0,coinbase
1697587200,0.00886,0.00905,0.00867,0.0087,0.008806666666666666,11372548.0,0,coinbase
1697673600,0.00869,0.00869,0.00819,0.00835,0.008409999999999999,28501488.0,0,coinbase
1697760000,0.00835,0.00877,0.00828,0.00864,0.008563333333333333,18676945.0,0,coinbase
1697846400,0.00864,0.00881,0.00848,0.00869,0.00866,13311414.0,0,coinbase
1697932800,0.00869,0.00968,0.00861,0.00921,0.009166666666666667,21378351.0,0,coinbase
1698019200,0.0092,0.00954,0.00894,0.00927,0.00925,19928554.0,0,coinbase
1698105600,0.00927,0.00967,0.00915,0.00927,0.009363333333333333,25276103.0,0,coinbase
1698192000,0.00927,0.00964,0.00922,0.00943,0.009430000000000001,12587874.0,0,coinbase
1698278400,0.00944,0.01006,0.0093,0.00994,0.009766666666666667,20664498.0,0,coinbase
1698364800,0.00994,0.01235,0.00958,0.01051,0.010813333333333333,69197291.0,0,coinbase
1698451200,0.01051,0.01127,0.0101,0.01063,0.010666666666666666,39396270.0,0,coinbase
1698537600,0.01061,0.01091,0.01049,0.01064,0.01068,11943594.0,0,coinbase
1698624000,0.01063,0.01097,0.0105,0.0108,0.01075666666666667,20963797.0,0,coinbase
1698710400,0.01079,0.0108,0.01024,0.01047,0.010503333333333335,14317415.0,0,coinbase
1698796800,0.01046,0.01065,0.01002,0.01051,0.010393333333333333,20141132.0,0,coinbase
1698883200,0.01052,0.01096,0.01033,0.01051,0.0106,17522907.0,0,coinbase
1698969600,0.01051,0.01069,0.01015,0.01058,0.010473333333333333,8150668.0,0,coinbase
1699056000,0.01059,0.01125,0.01053,0.01078,0.010853333333333333,11840641.0,0,coinbase
1699142400,0.01079,0.01153,0.01063,0.01091,0.011023333333333335,24383298.0,0,coinbase
1699228800,0.01092,0.01194,0.01086,0.01139,0.011396666666666666,26616046.0,0,coinbase
1699315200,0.01139,0.01238,0.01107,0.01189,0.011779999999999999,23192298.0,0,coinbase
1699401600,0.01189,0.01299,0.01159,0.01249,0.012356666666666667,31082851.0,0,coinbase
1699488000,0.01249,0.01326,0.01172,0.01178,0.012253333333333333,31737110.0,0,coinbase
1699574400,0.01184,0.01264,0.01175,0.01217,0.012186666666666667,19617919.0,0,coinbase
1699660800,0.01218,0.01298,0.01179,0.01213,0.0123,13831452.0,0,coinbase
1699747200,0.01215,0.01246,0.01168,0.0118,0.01198,12689985.0,0,coinbase
1699833600,0.01186,0.01198,0.01096,0.01111,0.011349999999999999,21741295.0,0,coinbase
1699920000,0.01107,0.01131,0.01052,0.01066,0.010830000000000001,17931999.0,0,coinbase
1700006400,0.01066,0.01145,0.01051,0.01135,0.011103333333333333,13986074.0,0,coinbase
1700092800,0.01134,0.01186,0.01067,0.01075,0.011093333333333335,13575794.0,0,coinbase
1700179200,0.01074,0.0119,0.01058,0.01093,0.011136666666666668,23112525.0,0,coinbase
1700265600,0.01095,0.01156,0.0106,0.01078,0.010979999999999998,13793552.0,0,coinbase
1700352000,0.01082,0.01164,0.01071,0.01095,0.0111,5531972.0,0,coinbase
1700438400,0.01096,0.0113,0.01077,0.01078,0.01095,10569305.0,0,coinbase
1700524800,0.01081,0.01128,0.0103,0.0103,0.010626666666666668,10289735.0,0,coinbase
1700611200,0.01031,0.01109,0.0103,0.01082,0.010736666666666667,10468180.0,0,coinbase
1700697600,0.01081,0.01231,0.01071,0.01113,0.011383333333333334,12963125.0,0,coinbase
1700784000,0.01113,0.01196,0.01106,0.01174,0.011586666666666667,17007635.0,0,coinbase
1700870400,0.01172,0.01189,0.01091,0.01171,0.011503333333333332,12522974.0,0,coinbase
1700956800,0.01171,0.01289,0.01149,0.01202,0.012133333333333335,27863570.0,0,coinbase
1701043200,0.01203,0.01262,0.01127,0.01158,0.011823333333333333,15731445.0,0,coinbase
1701129600,0.01157,0.01231,0.01157,0.01184,0.011906666666666668,9701229.0,0,coinbase
1701216000,0.01187,0.01222,0.01178,0.01182,0.011940000000000001,7307491.0,0,coinbase
1701302400,0.01181,0.0125,0.01175,0.01237,0.012206666666666666,11014965.0,0,coinbase
1701388800,0.01234,0.01597,0.01222,0.01463,0.014273333333333332,89823973.0,0,coinbase
1701475200,0.01463,0.01509,0.01354,0.01449,0.014373333333333333,80085044.0,0,coinbase
1701561600,0.01451,0.01473,0.01371,0.01386,0.014100000000000001,25670546.0,0,coinbase
1701648000,0.01384,0.01451,0.01379,0.0143,0.014199999999999999,37876565.0,0,coinbase
1701734400,0.0143,0.01536,0.01409,0.01455,0.014666666666666666,47518468.0,0,coinbase
1701820800,0.01453,0.01549,0.01395,0.01401,0.014483333333333334,43685648.0,0,coinbase
1701907200,0.01401,0.0144,0.01397,0.01431,0.014226666666666665,25429427.0,0,coinbase
1701993600,0.01434,0.01508,0.01432,0.01461,0.01467,36557212.0,0,coinbase
1702080000,0.0146,0.0227,0.0145,0.02048,0.01922666666666667,315219151.0,0,coinbase
1702166400,0.02049,0.02079,0.01776,0.01817,0.018906666666666665,173485128.0,0,coinbase
1702252800,0.01817,0.01832,0.01586,0.01636,0.016846666666666666,105743442.0,0,coinbase
1702339200,0.01639,0.01749,0.01595,0.01652,0.016653333333333332,93722986.0,0,coinbase
1702425600,0.01654,0.01786,0.01562,0.01708,0.016853333333333335,67899056.0,0,coinbase
1702512000,0.01707,0.01813,0.01677,0.01734,0.017413333333333333,58421976.0,0,coinbase
1702598400,0.01734,0.01743,0.01632,0.01636,0.016703333333333334,27279434.0,0,coinbase
1702684800,0.01633,0.0208,0.01611,0.01802,0.01831,81553571.0,0,coinbase
1702771200,0.01804,0.01868,0.01613,0.01721,0.017339999999999998,42034669.0,0,coinbase
1702857600,0.01718,0.01804,0.01604,0.01693,0.017003333333333332,52043394.0,0,coinbase
1702944000,0.01693,0.01745,0.01655,0.01706,0.01702,36298791.0,0,coinbase
1703030400,0.01706,0.0176,0.01656,0.01677,0.016976666666666664,35867464.0,0,coinbase
1703116800,0.01679,0.0172,0.01669,0.01702,0.016970000000000002,21272988.0,0,coinbase
1703203200,0.01703,0.01716,0.01665,0.01691,0.01690666666666667,24039798.0,0,coinbase
1703289600,0.01688,0.01784,0.01655,0.01703,0.017140000000000002,33320897.0,0,coinbase
1703376000,0.01707,0.01724,0.0168,0.01685,0.016963333333333334,15109831.0,0,coinbase
1703462400,0.01682,0.01728,0.0167,0.01709,0.01702333333333333,16138884.0,0,coinbase
1703548800,0.0171,0.01731,0.0165,0.01672,0.01684333333333333,26543666.0,0,coinbase
1703635200,0.01674,0.01731,0.01651,0.01717,0.01699666666666667,21476819.0,0,coinbase
1703721600,0.01716,0.01734,0.0168,0.0169,0.017013333333333335,12185977.0,0,coinbase
1703808000,0.01692,0.01732,0.01672,0.01706,0.017033333333333334,17178165.0,0,coinbase
1703894400,0.01699,0.01919,0.01692,0.01887,0.018326666666666668,52299845.0,0,coinbase
1703980800,0.01885,0.01892,0.01718,0.01752,0.017873333333333335,66910824.0,0,coinbase
1704067200,0.01754,0.01878,0.0173,0.01871,0.018263333333333336,36518023.0,0,coinbase
1704153600,0.01871,0.01942,0.01818,0.01871,0.01877,45340410.0,0,coinbase
1704240000,0.0187,0.01951,0.01676,0.01754,0.017936666666666667,47676022.0,0,coinbase
1704326400,0.01752,0.01897,0.01749,0.01825,0.018236666666666665,30848093.0,0,coinbase
1704412800,0.01825,0.01868,0.01696,0.01795,0.017863333333333332,46978211.0,0,coinbase
1704499200,0.01797,0.0188,0.01718,0.01813,0.018036666666666666,23132042.0,0,coinbase
1704585600,0.01813,0.01853,0.01746,0.01762,0.01787,14018597.0,0,coinbase
1704672000,0.0176,0.0179,0.01699,0.01782,0.017570000000000002,27609556.0,0,coinbase
1704758400,0.01783,0.01823,0.0171,0.01742,0.017583333333333336,34465781.0,0,coinbase
1704844800,0.01744,0.01813,0.01684,0.0177,0.01755666666666667,32224448.0,0,coinbase
1704931200,0.01773,0.01809,0.01719,0.01781,0.017696666666666666,28992655.0,0,coinbase
1705017600,0.01781,0.01807,0.0169,0.01699,0.017320000000000002,29513569.0,0,coinbase
1705104000,0.01698,0.01774,0.01695,0.01766,0.017449999999999997,11406821.0,0,coinbase
1705190400,0.01767,0.018,0.01721,0.01721,0.01747333333333333,17447522.0,0,coinbase
1705276800,0.0172,0.0246,0.0171,0.02343,0.021709999999999997,403357034.0,0,coinbase
1705363200,0.0234,0.02429,0.01987,0.02143,0.021863333333333332,240948486.0,0,coinbase
1705449600,0.02138,0.02341,0.02019,0.02109,0.021563333333333334,119006497.0,0,coinbase
1705536000,0.02107,0.02445,0.02085,0.02345,0.02291666666666667,206798955.0,0,coinbase
1705622400,0.02345,0.02377,0.02157,0.02221,0.022516666666666667,124908836.0,0,coinbase
1705708800,0.02221,0.02411,0.02177,0.02285,0.02291,54280102.0,0,coinbase
1705795200,0.0228,0.02313,0.02179,0.02234,0.02242,39188607.0,0,coinbase
1705881600,0.02238,0.02249,0.02065,0.02099,0.021376666666666665,51557994.0,0,coinbase
1705968000,0.021,0.02356,0.02005,0.02179,0.0218,45543809.0,0,coinbase
1706054400,0.02182,0.0225,0.02042,0.02099,0.02130333333333333,36268745.0,0,coinbase
1706140800,0.02102,0.02161,0.02093,0.02109,0.021210000000000003,18224867.0,0,coinbase
1706227200,0.02111,0.02242,0.02092,0.0217,0.02168,36759034.0,0,coinbase
1706313600,0.02174,0.02176,0.02108,0.02131,0.021383333333333334,23462375.0,0,coinbase
1706400000,0.02132,0.02349,0.02113,0.02247,0.022363333333333332,59999520.0,0,coinbase
1706486400,0.02244,0.02275,0.02162,0.02263,0.022333333333333334,28302312.0,0,coinbase
1706572800,0.02265,0.02435,0.0225,0.02281,0.02322,51979347.0,0,coinbase
1706659200,0.02282,0.02415,0.02263,0.0237,0.023493333333333335,51853867.0,0,coinbase
1706745600,0.0237,0.02412,0.02219,0.02237,0.022893333333333335,34124456.0,0,coinbase
1706832000,0.02239,0.02629,0.02233,0.02626,0.02496,100311801.0,0,coinbase
1706918400,0.02625,0.02835,0.02558,0.02765,0.027193333333333333,122685967.0,0,coinbase
1707004800,0.0276,0.03459,0.02694,0.0322,0.031243333333333335,306269569.0,0,coinbase
1707091200,0.03218,0.03401,0.02901,0.03021,0.031076666666666666,153650803.0,0,coinbase
1707177600,0.03021,0.031,0.028,0.02817,0.029056666666666665,101122742.0,0,coinbase
1707264000,0.02818,0.03033,0.0272,0.02967,0.029066666666666668,67106905.0,0,coinbase
1707350400,0.02971,0.03093,0.02911,0.02942,0.02982,51297453.0,0,coinbase
1707436800,0.02942,0.0316,0.02871,0.03007,0.030126666666666666,50953680.0,0,coinbase
1707523200,0.03006,0.03034,0.0293,0.02974,0.029793333333333335,45856510.0,0,coinbase
1707609600,0.02978,0.03425,0.02972,0.0334,0.03245666666666667,94776409.0,0,coinbase
1707696000,0.03331,0.03512,0.03063,0.03256,0.03277,78565465.0,0,coinbase
1707782400,0.03258,0.03303,0.03082,0.0317,0.031849999999999996,60985861.0,0,coinbase
1707868800,0.0317,0.03385,0.03133,0.03322,0.032799999999999996,45564299.0,0,coinbase
1707955200,0.03318,0.03397,0.03132,0.03154,0.03227666666666667,61008797.0,0,coinbase
1708041600,0.03158,0.03273,0.03131,0.03198,0.03200666666666666,35506810.0,0,coinbase
1708128000,0.03201,0.0342,0.0319,0.0327,0.032933333333333335,45657591.0,0,coinbase
1708214400,0.03263,0.03509,0.0325,0.03419,0.03392666666666667,38734601.0,0,coinbase
1708300800,0.0342,0.03625,0.03402,0.03428,0.03485,55347070.0,0,coinbase
1708387200,0.03428,0.03491,0.03321,0.03389,0.03400333333333334,36187409.0,0,coinbase
1708473600,0.0339,0.03604,0.03163,0.03256,0.03341,58302563.0,0,coinbase
1708560000,0.0326,0.035,0.03235,0.03459,0.03398,34049524.0,0,coinbase
1708646400,0.03465,0.04299,0.03462,0.04061,0.039406666666666666,202664172.0,0,coinbase
1708732800,0.0405,0.04272,0.03917,0.04085,0.040913333333333336,75995005.0,0,coinbase
1708819200,0.04092,0.04825,0.03858,0.04685,0.04456000000000001,117564785.0,0,coinbase
1708905600,0.04667,0.056,0.04492,0.0522,0.05104,233529077.0,0,coinbase
1708992000,0.0521,0.05293,0.04639,0.04744,0.04892,122699361.0,0,coinbase
1709078400,0.04746,0.05407,0.04573,0.0482,0.04933333333333333,107366192.0,0,coinbase
1709164800,0.04824,0.04947,0.04525,0.04602,0.046913333333333335,97344573.0,0,coinbase
1709251200,0.04606,0.04758,0.04527,0.04638,0.04641,59012347.0,0,coinbase
1709337600,0.04638,0.04785,0.04494,0.04617,0.04632,79560332.0,0,coinbase
1709424000,0.0461,0.04706,0.04364,0.04423,0.044976666666666665,55561229.0,0,coinbase
1709510400,0.04426,0.04545,0.04005,0.04153,0.04234333333333332,112060475.0,0,coinbase
1709596800,0.04152,0.0452,0.035,0.03911,0.03977,117947139.0,0,coinbase
1709683200,0.03907,0.04211,0.03806,0.04083,0.04033333333333333,51785903.0,0,coinbase
1709769600,0.04083,0.04251,0.04004,0.04198,0.04151,43805229.0,0,coinbase
1709856000,0.04201,0.04249,0.03987,0.04132,0.04122666666666667,48025884.0,0,coinbase
1709942400,0.04133,0.04226,0.04063,0.04111,0.04133333333333333,26128015.0,0,coinbase
1710028800,0.04115,0.044,0.04034,0.04101,0.04178333333333333,45703098.0,0,coinbase
1710115200,0.04098,0.044,0.03976,0.04098,0.04158,78782279.0,0,coinbase
1710201600,0.04098,0.04144,0.03789,0.03885,0.039393333333333336,47002427.0,0,coinbase
1710288000,0.03891,0.04043,0.03833,0.03965,0.03947,39874096.0,0,coinbase
1710374400,0.03976,0.0416,0.0369,0.03845,0.038983333333333335,42137038.0,0,coinbase
1710460800,0.03845,0.03899,0.035,0.03654,0.03684333333333333,49759471.0,0,coinbase
1710547200,0.03659,0.03693,0.03173,0.0324,0.03368666666666666,43646683.0,0,coinbase
1710633600,0.03252,0.03913,0.03141,0.03594,0.03549333333333333,37674623.0,0,coinbase
1710720000,0.03595,0.03595,0.03187,0.03237,0.033396666666666665,38408410.0,0,coinbase
1710806400,0.03238,0.03499,0.02808,0.03088,0.031316666666666666,71546483.0,0,coinbase
1710892800,0.03088,0.03444,0.02923,0.03384,0.032503333333333335,33884363.0,0,coinbase
1710979200,0.03385,0.03463,0.03257,0.03352,0.03357333333333334,30070636.0,0,coinbase
1711065600,0.03354,0.03396,0.03121,0.032,0.03239,17277673.0,0,coinbase
1711152000,0.032,0.03467,0.03181,0.03316,0.03321333333333334,31547621.0,0,coinbase
1711238400,0.03315,0.03681,0.03278,0.0361,0.035230000000000004,32460381.0,0,coinbase
1711324800,0.03608,0.03832,0.03541,0.03778,0.03717,39108737.0,0,coinbase
1711411200,0.03778,0.03867,0.03601,0.03672,0.03713333333333333,29834860.0,0,coinbase
1711497600,0.03671,0.03765,0.03382,0.03416,0.03521,48509404.0,0,coinbase
1711584000,0.03408,0.0359,0.03371,0.03574,0.035116666666666664,26319068.0,0,coinbase
1711670400,0.03569,0.03591,0.03359,0.03413,0.034543333333333336,29769173.0,0,coinbase
1711756800,0.03413,0.03962,0.03394,0.03821,0.03725666666666667,68392673.0,0,coinbase
1711843200,0.03818,0.04554,0.03649,0.04074,0.04092333333333333,205256658.0,0,coinbase
1711929600,0.04078,0.04116,0.0363,0.03691,0.038123333333333335,59467970.0,0,coinbase
1712016000,0.03693,0.04971,0.03381,0.04087,0.04146333333333333,197324025.0,0,coinbase
1712102400,0.04086,0.0475,0.0382,0.04096,0.04222,352210751.0,0,coinbase
1712188800,0.04086,0.04214,0.0378,0.03885,0.03959666666666667,103402601.0,0,coinbase
1712275200,0.0388,0.04093,0.03764,0.03907,0.03921333333333333,95097701.0,0,coinbase
1712361600,0.03907,0.04725,0.03799,0.04131,0.04218333333333333,213844815.0,0,coinbase
1712448000,0.0413,0.04482,0.04046,0.04103,0.042103333333333326,100238232.0,0,coinbase
1712534400,0.04105,0.0422,0.04041,0.04095,0.04118666666666667,52867610.0,0,coinbase
1712620800,0.04099,0.04136,0.03865,0.03962,0.039876666666666664,56681134.0,0,coinbase
1712707200,0.03966,0.04029,0.03753,0.03894,0.03892,48362187.0,0,coinbase
1712793600,0.03893,0.03918,0.0373,0.03752,0.038,39342751.0,0,coinbase
1712880000,0.03752,0.0378,0.02825,0.03419,0.03341333333333333,131268459.0,0,coinbase
1712966400,0.03418,0.03466,0.02779,0.03209,0.03151333333333334,125396354.0,0,coinbase
1713052800,0.03207,0.03584,0.0314,0.03363,0.03362333333333333,88740941.0,0,coinbase
1713139200,0.03361,0.03537,0.03109,0.03236,0.03294,54027812.0,0,coinbase
1713225600,0.0324,0.03315,0.03023,0.03157,0.03165,31853515.0,0,coinbase
1713312000,0.03159,0.03311,0.03054,0.0319,0.031849999999999996,32873750.0,0,coinbase
1713398400,0.03182,0.03287,0.03103,0.032,0.031966666666666664,24018502.0,0,coinbase
1713484800,0.032,0.03292,0.03071,0.03222,0.03195,33150836.0,0,coinbase
1713571200,0.03221,0.03472,0.032,0.03406,0.033593333333333336,51644776.0,0,coinbase
1713657600,0.03407,0.03464,0.03319,0.03362,0.03381666666666667,23134953.0,0,coinbase
1713744000,0.03356,0.03424,0.03241,0.03287,0.03317333333333333,23062305.0,0,coinbase
1713830400,0.03287,0.03325,0.03169,0.03201,0.03231666666666667,27680083.0,0,coinbase
1713916800,0.032,0.03265,0.03059,0.03076,0.03133333333333333,28251322.0,0,coinbase
1714003200,0.03076,0.03138,0.03,0.03091,0.030763333333333334,24314873.0,0,coinbase
1714089600,0.03092,0.0325,0.0302,0.03118,0.03129333333333333,24283696.0,0,coinbase
1714176000,0.03126,0.03126,0.02971,0.03087,0.030613333333333336,15432064.0,0,coinbase
1714262400,0.03094,0.0316,0.02993,0.03012,0.030550000000000004,11578979.0,0,coinbase
1714348800,0.03006,0.03041,0.02932,0.02993,0.029886666666666662,11472307.0,0,coinbase
1714435200,0.02991,0.03048,0.027,0.02863,0.028703333333333334,26936594.0,0,coinbase
1714521600,0.02869,0.0305,0.02716,0.02966,0.02910666666666667,45954951.0,0,coinbase
1714608000,0.02969,0.03188,0.02863,0.03056,0.030356666666666667,17385089.0,0,coinbase
1714694400,0.0306,0.03169,0.02998,0.03119,0.030953333333333333,16966641.0,0,coinbase
1714780800,0.03118,0.03182,0.03026,0.03083,0.030969999999999998,16785121.0,0,coinbase
1714867200,0.03093,0.03113,0.03018,0.03077,0.030693333333333333,6262110.0,0,coinbase
1714953600,0.03074,0.03134,0.0297,0.02975,0.030263333333333333,13188079.0,0,coinbase
1715040000,0.02977,0.0302,0.0286,0.0287,0.02916666666666667,12622714.0,0,coinbase
1715126400,0.02866,0.02904,0.02769,0.02814,0.02829,13207754.0,0,coinbase
1715212800,0.02811,0.03105,0.0278,0.02958,0.029476666666666665,44426552.0,0,coinbase
1715299200,0.02959,0.03025,0.02801,0.02825,0.028836666666666667,20231090.0,0,coinbase
1715385600,0.02824,0.02896,0.02784,0.02811,0.028303333333333333,19664706.0,0,coinbase
1715472000,0.02812,0.0282,0.0276,0.02786,0.027886666666666667,11456426.0,0,coinbase
1715558400,0.02786,0.02818,0.02693,0.02714,0.02741666666666667,21869916.0,0,coinbase
1715644800,0.02711,0.02738,0.02566,0.0258,0.02628,22118634.0,0,coinbase
1715731200,0.0258,0.02825,0.0258,0.02766,0.02723666666666667,35101697.0,0,coinbase
1715817600,0.02765,0.02941,0.02745,0.02801,0.02829,24690305.0,0,coinbase
1715904000,0.02805,0.02901,0.02686,0.02823,0.028033333333333337,27588573.0,0,coinbase
1715990400,0.02819,0.02877,0.02758,0.02798,0.02811,11284588.0,0,coinbase
1716076800,0.02798,0.02846,0.02691,0.027,0.027456666666666667,15781869.0,0,coinbase
1716163200,0.02696,0.02859,0.02649,0.02835,0.02781,18834450.0,0,coinbase
1716249600,0.02839,0.0291,0.02806,0.02852,0.028560000000000002,20896974.0,0,coinbase
1716336000,0.02851,0.02945,0.0279,0.02826,0.028536666666666665,20155869.0,0,coinbase
1716422400,0.02824,0.02878,0.02618,0.02737,0.02744333333333333,21208853.0,0,coinbase
1716508800,0.02734,0.02789,0.02668,0.02778,0.027450000000000002,12848522.0,0,coinbase
1716595200,0.02778,0.02883,0.02726,0.02764,0.02791,12575052.0,0,coinbase
1716681600,0.02755,0.02801,0.027,0.02725,0.02742,9812593.0,0,coinbase
1716768000,0.02725,0.02849,0.0271,0.02779,0.027793333333333333,22810469.0,0,coinbase
1716854400,0.02779,0.02793,0.02707,0.02766,0.027553333333333332,12708057.0,0,coinbase
1716940800,0.02763,0.02948,0.02729,0.02761,0.028126666666666664,28061802.0,0,coinbase
1717027200,0.02757,0.02846,0.02698,0.02761,0.027683333333333334,20168817.0,0,coinbase
1717113600,0.02754,0.028,0.02694,0.02724,0.027393333333333336,18266895.0,0,coinbase
1717200000,0.02724,0.02739,0.02692,0.02705,0.027120000000000002,16332546.0,0,coinbase
1717286400,0.02701,0.0295,0.0268,0.02922,0.028506666666666666,44813093.0,0,coinbase
1717372800,0.02925,0.02971,0.02774,0.02861,0.028686666666666666,39344179.0,0,coinbase
1717459200,0.02861,0.02934,0.02803,0.02843,0.0286,31949990.0,0,coinbase
1717545600,0.0284,0.0293,0.02823,0.02868,0.028736666666666664,25731327.0,0,coinbase
1717632000,0.02863,0.03252,0.02839,0.03003,0.03031333333333333,113992416.0,0,coinbase
1717718400,0.03,0.0311,0.02607,0.02803,0.028399999999999998,69696567.0,0,coinbase
1717804800,0.02801,0.0293,0.02692,0.0276,0.027940000000000003,28116837.0,0,coinbase
1717891200,0.0276,0.02796,0.02671,0.02711,0.027259999999999996,23161068.0,0,coinbase
1717977600,0.02714,0.03,0.0269,0.02774,0.02821333333333333,47119969.0,0,coinbase
1718064000,0.0277,0.02896,0.02681,0.02747,0.02774666666666667,49250653.0,0,coinbase
1718150400,0.02744,0.02857,0.02647,0.02824,0.027760000000000003,42378612.0,0,coinbase
1718236800,0.02827,0.02858,0.02704,0.02741,0.02767666666666667,14278858.0,0,coinbase
1718323200,0.02744,0.02776,0.02602,0.02642,0.02673333333333333,33622882.0,0,coinbase
1718409600,0.02644,0.0271,0.02639,0.02709,0.02686,13159402.0,0,coinbase
1718496000,0.02709,0.02733,0.0267,0.02719,0.027073333333333335,9218894.0,0,coinbase
1718582400,0.02717,0.02753,0.02494,0.02596,0.026143333333333334,21990816.0,0,coinbase
1718668800,0.02595,0.02608,0.02254,0.02429,0.024303333333333333,53266716.0,0,coinbase
1718755200,0.02428,0.02732,0.02425,0.02643,0.026,39408810.0,0,coinbase
1718841600,0.0263,0.02754,0.02471,0.02477,0.025673333333333336,34332626.0,0,coinbase
1718928000,0.0248,0.02652,0.02415,0.02449,0.025053333333333334,25393004.0,0,coinbase
1719014400,0.02453,0.02473,0.02344,0.02353,0.0239,15875825.0,0,coinbase
1719100800,0.0235,0.02466,0.02322,0.02327,0.023716666666666667,16620236.0,0,coinbase
1719187200,0.02325,0.0233,0.02169,0.02283,0.022606666666666667,30209219.0,0,coinbase
1719273600,0.0228,0.02421,0.0228,0.0237,0.023569999999999997,22667006.0,0,coinbase
1719360000,0.02371,0.02484,0.02325,0.02424,0.024110000000000003,30550344.0,0,coinbase
1719446400,0.02427,0.02509,0.02394,0.02461,0.02454666666666667,27390563.0,0,coinbase
1719532800,0.02464,0.02511,0.02393,0.024,0.024346666666666666,23888470.0,0,coinbase
1719619200,0.02398,0.02468,0.02317,0.02355,0.0238,33687376.0,0,coinbase
1719705600,0.02353,0.02463,0.02325,0.02439,0.02409,13042206.0,0,coinbase
1719792000,0.02436,0.02484,0.02356,0.02389,0.024096666666666666,15209272.0,0,coinbase
1719878400,0.02389,0.02414,0.02305,0.02346,0.02355,28373426.0,0,coinbase
1719964800,0.02345,0.02358,0.02241,0.02307,0.023020000000000002,21471212.0,0,coinbase
1720051200,0.02301,0.02304,0.02075,0.02081,0.021533333333333335,29827107.0,0,coinbase
1720137600,0.02083,0.0218,0.01842,0.02086,0.02036,132500569.0,0,coinbase
1720224000,0.02086,0.02209,0.0203,0.02184,0.02141,43000566.0,0,coinbase
1720310400,0.02186,0.0219,0.02007,0.02013,0.0207,22304459.0,0,coinbase
1720396800,0.02011,0.02134,0.01953,0.01987,0.020246666666666666,27558964.0,0,coinbase
1720483200,0.01986,0.02076,0.01929,0.01989,0.01998,27400445.0,0,coinbase
1720569600,0.01989,0.02061,0.01874,0.01874,0.019363333333333333,36802915.0,0,coinbase
1720656000,0.01876,0.02031,0.01817,0.01888,0.01912,62768850.0,0,coinbase
1720742400,0.01888,0.01945,0.01845,0.01933,0.01907666666666667,42327723.0,0,coinbase
1720828800,0.01932,0.02023,0.01918,0.01986,0.01975666666666667,31953326.0,0,coinbase
1720915200,0.01985,0.02047,0.0197,0.02041,0.02019333333333333,17991103.0,0,coinbase
1721001600,0.02042,0.021,0.02028,0.02092,0.020733333333333333,32288170.0,0,coinbase
1721088000,0.02092,0.02141,0.0202,0.02079,0.0208,49180559.0,0,coinbase
1721174400,0.02077,0.0219,0.02076,0.02085,0.021170000000000005,40448795.0,0,coinbase
1721260800,0.02085,0.02115,0.01969,0.02,0.020280000000000003,33165268.0,0,coinbase
1721347200,0.02,0.02087,0.01957,0.02044,0.020293333333333333,34092341.0,0,coinbase
1721433600,0.02044,0.02064,0.02005,0.02014,0.020276666666666665,20050596.0,0,coinbase
1721520000,0.02012,0.02063,0.01955,0.02031,0.020163333333333335,37853114.0,0,coinbase
1721606400,0.02031,0.02056,0.01969,0.02002,0.020089999999999997,28790936.0,0,coinbase
1721692800,0.02001,0.02032,0.01901,0.01941,0.01958,56142654.0,0,coinbase
1721779200,0.01939,0.01992,0.01883,0.01916,0.019303333333333336,35503459.0,0,coinbase
1721865600,0.01914,0.01915,0.01768,0.01878,0.01853666666666667,94048277.0,0,coinbase
1721952000,0.01879,0.01948,0.01875,0.01927,0.019166666666666665,39407679.0,0,coinbase
1722038400,0.01932,0.01938,0.01877,0.01897,0.01904,22799737.0,0,coinbase
1722124800,0.01899,0.01915,0.01855,0.0187,0.0188,17260922.0,0,coinbase
1722211200,0.01869,0.01926,0.0181,0.01823,0.01853,34784311.0,0,coinbase
1722297600,0.01823,0.01862,0.01786,0.01804,0.018173333333333333,32039046.0,0,coinbase
1722384000,0.01804,0.01814,0.01714,0.01734,0.01754,42740709.0,0,coinbase
1722470400,0.01729,0.01758,0.01648,0.01715,0.01707,48599954.0,0,coinbase
1722556800,0.01715,0.01813,0.01649,0.01682,0.017146666666666668,91270016.0,0,coinbase
1722643200,0.0168,0.01729,0.01614,0.01661,0.01668,49753950.0,0,coinbase
1722729600,0.01662,0.017,0.01519,0.0156,0.01593,47076963.0,0,coinbase
1722816000,0.01561,0.01563,0.01341,0.01505,0.014696666666666669,149181451.0,0,coinbase
1722902400,0.01506,0.01809,0.01505,0.01667,0.01660333333333333,74382101.0,0,coinbase
1722988800,0.01671,0.01753,0.01514,0.01571,0.016126666666666668,51937289.0,0,coinbase
1723075200,0.01571,0.01663,0.01549,0.01658,0.016233333333333332,70934028.0,0,coinbase
1723161600,0.01658,0.01662,0.01591,0.01603,0.01618666666666667,24535266.0,0,coinbase
1723248000,0.01604,0.01629,0.01585,0.01591,0.01601666666666667,17443799.0,0,coinbase
1723334400,0.01589,0.01638,0.01496,0.01509,0.015476666666666666,23462856.0,0,coinbase
1723420800,0.01508,0.01555,0.01492,0.01528,0.01525,23670558.0,0,coinbase
1723507200,0.01528,0.01541,0.01484,0.01516,0.015136666666666666,21170386.0,0,coinbase
1723593600,0.01516,0.01809,0.01497,0.01555,0.016203333333333333,120576819.0,0,coinbase
1723680000,0.01553,0.01647,0.01508,0.01527,0.015606666666666665,91380969.0,0,coinbase
1723766400,0.01527,0.01538,0.01486,0.01518,0.01514,29162019.0,0,coinbase
1723852800,0.01517,0.01554,0.01506,0.01543,0.015343333333333334,14699079.0,0,coinbase
1723939200,0.01545,0.01578,0.01528,0.01539,0.015483333333333333,18923547.0,0,coinbase
1724025600,0.01537,0.01544,0.01497,0.01531,0.015239999999999998,22887607.0,0,coinbase
1724112000,0.01531,0.01557,0.01511,0.01519,0.01529,21125313.0,0,coinbase
1724198400,0.0152,0.01547,0.01502,0.01541,0.0153,26800546.0,0,coinbase
1724284800,0.0154,0.01719,0.01529,0.01622,0.016233333333333332,63602540.0,0,coinbase
1724371200,0.01621,0.01703,0.01569,0.01674,0.016486666666666667,87243129.0,0,coinbase
1724457600,0.01672,0.01713,0.01633,0.01649,0.01665,47458967.0,0,coinbase
1724544000,0.01648,0.01649,0.01601,0.01615,0.016216666666666667,17631894.0,0,coinbase
1724630400,0.01613,0.01648,0.01542,0.01557,0.01582333333333333,27678809.0,0,coinbase
1724716800,0.01558,0.01581,0.01458,0.01535,0.015246666666666667,31486134.0,0,coinbase
1724803200,0.01533,0.0155,0.01484,0.0153,0.015213333333333334,34335210.0,0,coinbase
1724889600,0.01531,0.01719,0.01529,0.01611,0.016196666666666668,101108439.0,0,coinbase
1724976000,0.01607,0.01691,0.01582,0.01601,0.01624666666666667,37791198.0,0,coinbase
1725062400,0.01603,0.01619,0.01589,0.01599,0.016023333333333334,14172146.0,0,coinbase
1725148800,0.01601,0.01622,0.015,0.01514,0.015453333333333333,19321439.0,0,coinbase
1725235200,0.01511,0.01586,0.01504,0.01577,0.015556666666666665,18551048.0,0,coinbase
1725321600,0.01577,0.01595,0.01511,0.01513,0.015396666666666664,12330738.0,0,coinbase
1725408000,0.01517,0.01523,0.01436,0.01495,0.014846666666666666,53171151.0,0,coinbase
1725494400,0.01495,0.01506,0.0144,0.01445,0.014636666666666666,22919252.0,0,coinbase
1725580800,0.01446,0.01473,0.0138,0.01434,0.014289999999999999,28658142.0,0,coinbase
1725667200,0.01434,0.01463,0.01426,0.01441,0.014433333333333333,12907787.0,0,coinbase
1725753600,0.01441,0.01466,0.0143,0.01442,0.01446,15655311.0,0,coinbase
1725840000,0.01442,0.01502,0.01422,0.01497,0.014736666666666667,22985570.0,0,coinbase
1725926400,0.01496,0.01504,0.01457,0.01482,0.014809999999999999,23550308.0,0,coinbase
1726012800,0.01483,0.01486,0.01421,0.01452,0.01453,23400810.0,0,coinbase
1726099200,0.01449,0.0148,0.01437,0.01477,0.014646666666666667,15391576.0,0,coinbase
1726185600,0.01477,0.01514,0.01461,0.01506,0.014936666666666668,13104801.0,0,coinbase
1726272000,0.01509,0.0156,0.01496,0.0152,0.015253333333333332,16441735.0,0,coinbase
1726358400,0.01523,0.01569,0.01488,0.01495,0.015173333333333332,17114005.0,0,coinbase
1726444800,0.01493,0.01493,0.01435,0.01451,0.014596666666666668,12741480.0,0,coinbase
1726531200,0.01446,0.01493,0.01436,0.01462,0.014636666666666666,23181743.0,0,coinbase
1726617600,0.01462,0.01502,0.01399,0.01449,0.014499999999999999,31242778.0,0,coinbase
1726704000,0.01451,0.01534,0.01445,0.01492,0.014903333333333333,26394269.0,0,coinbase
1726790400,0.01492,0.01536,0.01472,0.01497,0.01501666666666667,19377036.0,0,coinbase
1726876800,0.01497,0.0153,0.01491,0.0152,0.015136666666666666,12605471.0,0,coinbase
1726963200,0.01519,0.01527,0.01466,0.01493,0.014953333333333332,19085756.0,0,coinbase
1727049600,0.01488,0.01584,0.01468,0.01513,0.015216666666666665,34471523.0,0,coinbase
1727136000,0.01513,0.01564,0.01479,0.01529,0.015239999999999998,25638459.0,0,coinbase
1727222400,0.0153,0.01546,0.01475,0.0149,0.015036666666666665,26367274.0,0,coinbase
1727308800,0.0149,0.01599,0.01472,0.01583,0.015513333333333332,40738471.0,0,coinbase
1727395200,0.01581,0.01614,0.01548,0.01584,0.01582,36298090.0,0,coinbase
1727481600,0.01581,0.01727,0.01534,0.01656,0.01639,97946200.0,0,coinbase
1727568000,0.01654,0.01718,0.01603,0.01615,0.016453333333333334,44005868.0,0,coinbase
1727654400,0.01611,0.0162,0.01523,0.01528,0.01557,23819573.0,0,coinbase
1727740800,0.01527,0.01575,0.01425,0.01437,0.01479,30840596.0,0,coinbase
1727827200,0.01438,0.01742,0.01425,0.0173,0.016323333333333332,133498585.0,0,coinbase
1727913600,0.01729,0.01804,0.01512,0.01564,0.01626666666666667,223092422.0,0,coinbase
1728000000,0.01565,0.01636,0.01532,0.01575,0.01581,44733101.0,0,coinbase
1728086400,0.01577,0.01604,0.01512,0.01524,0.015466666666666665,30114936.0,0,coinbase
1728172800,0.01524,0.01572,0.01516,0.01549,0.015456666666666667,14789124.0,0,coinbase
1728259200,0.01548,0.01587,0.01498,0.01503,0.015293333333333332,29261245.0,0,coinbase
1728345600,0.01501,0.01522,0.01472,0.01477,0.014903333333333333,15891645.0,0,coinbase
1728432000,0.01477,0.0149,0.01437,0.01444,0.01457,19320627.0,0,coinbase
1728518400,0.01445,0.01457,0.01387,0.0143,0.014246666666666666,31069158.0,0,coinbase
1728604800,0.01431,0.01476,0.01403,0.01469,0.014493333333333335,20707464.0,0,coinbase
1728691200,0.01466,0.01492,0.01466,0.01472,0.014766666666666666,16557681.0,0,coinbase
1728777600,0.01473,0.01478,0.01429,0.01449,0.01452,16825898.0,0,coinbase
1728864000,0.01449,0.01587,0.01439,0.01542,0.015226666666666666,33015279.0,0,coinbase
1728950400,0.01543,0.01575,0.01484,0.01494,0.015176666666666666,19528266.0,0,coinbase
1729036800,0.01493,0.01525,0.01472,0.01473,0.014900000000000002,20332633.0,0,coinbase
1729123200,0.01476,0.01501,0.01425,0.01456,0.014606666666666665,23132800.0,0,coinbase
1729209600,0.01455,0.01483,0.01438,0.01483,0.014679999999999999,9214592.0,0,coinbase
1729296000,0.01483,0.015,0.01459,0.01469,0.01476,7662963.0,0,coinbase
1729382400,0.0147,0.0153,0.01463,0.01521,0.01496,9837241.64590468,803,kraken
1729468800,0.01528,0.01588,0.01457,0.01492,0.01509,32432281.87222858,2430,kraken
1729555200,0.01488,0.01583,0.01431,0.01468,0.015,25205187.96205949,2049,kraken
1729641600,0.01468,0.01478,0.01394,0.01414,0.01434,10456710.80725151,715,kraken
1729728000,0.01414,0.01451,0.01396,0.01439,0.01419,14146177.20983774,1234,kraken
1729814400,0.01443,0.01446,0.01312,0.01377,0.01364,15919591.64491525,931,kraken
1729900800,0.01363,0.01382,0.01342,0.0136,0.0136,7966637.12365733,532,kraken
1729987200,0.01363,0.01437,0.01356,0.01412,0.01392,24233871.70725795,1228,kraken
1730073600,0.01408,0.01419,0.01341,0.01395,0.01377,11672157.28216364,629,kraken
1730160000,0.01394,0.01429,0.01373,0.01398,0.01393,23112870.41180203,1376,kraken
1730246400,0.01399,0.01413,0.01367,0.01377,0.01381,7153794.78546908,493,kraken
1730332800,0.01379,0.01382,0.0131,0.01329,0.01338,15332711.58394827,887,kraken
1730419200,0.01329,0.01358,0.013,0.01307,0.01317,15735130.57224364,656,kraken
1730505600,0.01312,0.01386,0.01306,0.01324,0.01325,9598537.09240926,974,kraken
1730592000,0.01327,0.01334,0.01218,0.01254,0.01257,16993429.27268505,936,kraken
1730678400,0.01257,0.01261,0.012,0.01218,0.01225,13622061.70161188,744,kraken
1730764800,0.01216,0.01257,0.01216,0.01242,0.01242,7146424.63126147,407,kraken
1730851200,0.01246,0.01351,0.01236,0.0131,0.01308,24208396.31898234,1227,kraken
1730937600,0.0131,0.01336,0.01299,0.01318,0.01313,21387035.60953202,924,kraken
1731024000,0.01319,0.01417,0.013,0.01353,0.01362,26173236.92355281,1613,kraken
1731110400,0.01349,0.01405,0.01343,0.01396,0.01377,16416549.24467759,840,kraken
1731196800,0.01397,0.01498,0.01362,0.01432,0.01433,43429580.23226689,2019,kraken
1731283200,0.01434,0.01475,0.01389,0.01471,0.0143,30363234.21927324,1655,kraken
1731369600,0.01464,0.01575,0.014,0.01524,0.01479,56264638.73115825,3927,kraken
1731456000,0.01523,0.01589,0.0143,0.01455,0.01498,40960036.86299061,2835,kraken
1731542400,0.01455,0.01475,0.01404,0.01417,0.01429,26360425.95853221,1790,kraken
1731628800,0.01423,0.02256,0.01407,0.01821,0.01855,195318062.76014945,11777,kraken
1731715200,0.01817,0.02681,0.01796,0.02216,0.02199,215647111.77949393,15448,kraken
1731801600,0.02219,0.02436,0.01924,0.01996,0.02109,91552868.92003281,6073,kraken
1731888000,0.0199,0.02293,0.01955,0.02045,0.02067,60046152.50997216,4245,kraken
1731974400,0.02039,0.02124,0.01985,0.02018,0.02025,40503073.84459194,2151,kraken
1732060800,0.02013,0.0211,0.0194,0.01984,0.01996,28061777.30238272,2097,kraken
1732147200,0.01982,0.02111,0.01949,0.02027,0.02014,33911809.39278783,2368,kraken
1732233600,0.02027,0.02325,0.02026,0.02236,0.0221,97610067.27918,6841,kraken
1732320000,0.02229,0.02498,0.02219,0.02284,0.02325,73603870.78255455,5939,kraken
1732406400,0.02277,0.02509,0.0213,0.0238,0.02309,57625801.21853902,4826,kraken
1732492800,0.02373,0.02439,0.02181,0.02252,0.02316,47138360.69619399,3695,kraken
1732579200,0.02236,0.02382,0.021,0.02229,0.0221,52943373.38113564,3737,kraken
1732665600,0.02213,0.02354,0.02119,0.02342,0.02246,32116609.66821249,2447,kraken
1732752000,0.02325,0.02377,0.0226,0.02327,0.02325,22941958.02588915,1416,kraken
1732838400,0.02319,0.03036,0.023,0.0281,0.02587,85100722.74213833,7076,kraken
1732924800,0.0282,0.0318,0.02621,0.02812,0.02872,75000773.12294316,7853,kraken
1733011200,0.02809,0.0315,0.02659,0.03096,0.02876,47297983.5532265,4645,kraken
1733097600,0.03088,0.03632,0.02816,0.03387,0.03273,97389594.66697526,11033,kraken
1733184000,0.03395,0.03837,0.03196,0.03521,0.03462,92548280.59175684,11316,kraken
1733270400,0.03514,0.03615,0.0316,0.03186,0.03378,47540885.44989809,6861,kraken
1733356800,0.03196,0.03413,0.0311,0.03242,0.03261,30533165.88824379,3615,kraken
1733443200,0.03237,0.03312,0.03026,0.03309,0.03178,37551362.73444352,4764,kraken
1733529600,0.03309,0.03439,0.03117,0.03209,0.03226,27331943.09617126,3386,kraken
1733616000,0.03201,0.0324,0.03111,0.03188,0.03166,22621263.02695324,2553,kraken
1733702400,0.03183,0.03186,0.02484,0.02845,0.02877,51219168.40413096,4441,kraken
1733788800,0.02848,0.03076,0.02579,0.02871,0.02838,47288960.6206278,5354,kraken
1733875200,0.02854,0.03187,0.02737,0.02985,0.02974,51066744.33598896,4681,kraken
1733961600,0.0298,0.03104,0.02848,0.0294,0.02982,38009584.928663,3395,kraken
1734048000,0.02939,0.032,0.02937,0.03071,0.0302,34140565.76703614,4261,kraken
1734134400,0.03065,0.03264,0.02918,0.02967,0.03085,34277855.10608682,3640,kraken
1734220800,0.02962,0.03085,0.02921,0.03022,0.03016,18734955.81422165,2677,kraken
1734307200,0.03019,0.0309,0.0297,0.02997,0.03021,23238759.27044712,2616,kraken
1734393600,0.02999,0.03245,0.02974,0.03057,0.03102,35766590.0164282,3800,kraken
1734480000,0.03065,0.03116,0.02762,0.02801,0.02949,29195792.92906745,2786,kraken
1734566400,0.02798,0.02901,0.02561,0.0268,0.0273,43251511.67304645,4001,kraken
1734652800,0.02684,0.02908,0.02484,0.02819,0.02649,60135170.85599352,4394,kraken
1734739200,0.02822,0.02907,0.02684,0.0272,0.02777,14943258.33208876,1761,kraken
1734825600,0.02698,0.02735,0.02579,0.02638,0.0267,12524962.77702411,1380,kraken
1734912000,0.0264,0.02706,0.02551,0.02685,0.02625,17081043.47615089,1750,kraken
1734998400,0.02693,0.0287,0.02632,0.02818,0.02773,17369597.22408352,2207,kraken
1735084800,0.02805,0.02824,0.02723,0.02738,0.02774,6931703.61110737,947,kraken
1735171200,0.02741,0.02749,0.0258,0.02651,0.02644,7417584.28421775,1319,kraken
1735257600,0.02646,0.02762,0.0263,0.02647,0.02679,19357337.62237895,1655,kraken
1735344000,0.02645,0.02749,0.02611,0.02668,0.02664,16590305.29094486,1687,kraken
1735430400,0.02667,0.02693,0.02519,0.02528,0.02603,16555939.83140744,1533,kraken
1735516800,0.02525,0.02597,0.02453,0.02558,0.02517,34032080.95650053,2226,kraken
1735603200,0.02559,0.0265,0.02485,0.02597,0.02556,21600530.72688663,2106,kraken
1735689600,0.02602,0.0278,0.02597,0.02745,0.02682,37571209.2181942,3775,kraken
1735776000,0.02747,0.02867,0.02725,0.02783,0.02789,27991212.80618507,2893,kraken
1735862400,0.02783,0.02898,0.02699,0.02862,0.02777,24562567.86548629,2009,kraken
1735948800,0.02868,0.02908,0.02773,0.02785,0.0282,22830194.66601126,2188,kraken
1736035200,0.02783,0.02783,0.0263,0.02699,0.02715,19039057.71389288,2708,kraken
1736121600,0.02703,0.02768,0.02644,0.02681,0.02704,24229324.38808917,3732,kraken
1736208000,0.02681,0.02738,0.02494,0.02508,0.02606,33103600.74577858,2891,kraken
1736294400,0.02496,0.02561,0.02366,0.02426,0.02445,33249684.0915057,2742,kraken
1736380800,0.02421,0.02423,0.02261,0.02283,0.02333,19968359.03744649,1644,kraken
1736467200,0.02283,0.02407,0.02275,0.02338,0.02346,16980534.6533104,1536,kraken
1736553600,0.0234,0.02557,0.02287,0.02487,0.02395,19186269.78796543,2002,kraken
1736640000,0.02484,0.02546,0.02401,0.02419,0.02478,24229490.91721164,2197,kraken
1736726400,0.02418,0.02438,0.02212,0.02337,0.02336,24461433.47654972,2148,kraken
1736812800,0.02339,0.02456,0.02318,0.02453,0.02401,12364228.04967356,1420,kraken
1736899200,0.02453,0.027,0.02423,0.0268,0.02536,35058921.11657797,3123,kraken
1736985600,0.02687,0.02907,0.02542,0.02774,0.02699,50445172.74258964,3906,kraken
1737072000,0.0277,0.03229,0.02742,0.02997,0.03003,57718791.03051553,5747,kraken
1737158400,0.02993,0.03278,0.02685,0.03017,0.02979,62101038.39954253,5289,kraken
1737244800,0.03015,0.03143,0.02602,0.0262,0.02864,44894640.70800468,5130,kraken
1737331200,0.0263,0.02859,0.02559,0.0272,0.02695,40841612.68572585,3817,kraken
1737417600,0.02726,0.03076,0.02701,0.02957,0.029,61830238.0431119,5916,kraken
1737504000,0.02968,0.03001,0.02737,0.02793,0.02844,30217609.98638147,2607,kraken
1737590400,0.02793,0.02802,0.026,0.02655,0.02695,18045129.45834823,1568,kraken
1737676800,0.02654,0.02771,0.02614,0.0266,0.02688,22857084.13050854,1629,kraken
1737763200,0.02647,0.02685,0.0255,0.02628,0.02633,14875323.24835027,1432,kraken
1737849600,0.02621,0.02656,0.02493,0.02499,0.02593,18903904.95403532,1583,kraken
1737936000,0.025,0.02506,0.02305,0.02463,0.02386,22875562.39788095,2262,kraken
1738022400,0.02462,0.02562,0.02347,0.02383,0.02454,25418027.63028325,2486,kraken
1738108800,0.02378,0.02452,0.02265,0.02382,0.02371,16020327.05059728,1664,kraken
1738195200,0.02379,0.02899,0.02371,0.02703,0.02629,52612815.71547841,7130,kraken
1738281600,0.02703,0.0276,0.02505,0.02528,0.02635,35251143.57018963,3959,kraken
1738368000,0.02529,0.02544,0.02347,0.02364,0.02439,22532660.10244223,2238,kraken
1738454400,0.02371,0.02428,0.0197,0.02115,0.02238,31232586.47174638,3589,kraken
1738540800,0.02116,0.023,0.01685,0.02241,0.0204,72941925.56444825,6668,kraken
1738627200,0.02247,0.02327,0.02034,0.02105,0.02171,31248831.1727812,3446,kraken
1738713600,0.02106,0.02156,0.01944,0.02001,0.02049,30163731.2881104,2890,kraken
1738800000,0.02004,0.02061,0.019,0.01936,0.01966,40079468.0287255,4030,kraken
1738886400,0.01936,0.02409,0.01915,0.022,0.02186,65726255.47346896,7882,kraken
1738972800,0.02202,0.02256,0.02101,0.02146,0.02157,30206665.71593007,4050,kraken
1739059200,0.02143,0.02256,0.0204,0.02121,0.02158,17681216.52015728,2894,kraken
1739145600,0.02116,0.02154,0.02076,0.02124,0.02105,9685316.65686876,1798,kraken
1739232000,0.02133,0.02239,0.02031,0.02038,0.02121,33741726.06568079,3090,kraken
1739318400,0.02035,0.02152,0.01984,0.02107,0.02053,16427720.05021495,1813,kraken
1739404800,0.02105,0.02176,0.02,0.02152,0.02102,53029288.63694323,5177,kraken
1739491200,0.02157,0.02198,0.02069,0.02148,0.02129,25167955.99557203,2703,kraken
1739577600,0.02139,0.02308,0.02113,0.02144,0.02187,12032564.86377353,2323,kraken
1739664000,0.02152,0.02174,0.02112,0.02169,0.02145,4956527.1408221,910,kraken
1739750400,0.02166,0.02187,0.02059,0.02069,0.02116,8294703.17405914,1345,kraken
1739836800,0.02065,0.02079,0.01944,0.01998,0.01997,24951916.88129986,2595,kraken
1739923200,0.01997,0.02079,0.01983,0.0204,0.02029,13375301.88425514,1415,kraken
1740009600,0.02042,0.02049,0.0195,0.01995,0.02007,20467336.28636518,1623,kraken
1740096000,0.01995,0.02065,0.01947,0.01994,0.01994,16969636.92939433,2301,kraken
1740182400,0.01993,0.02065,0.0195,0.02005,0.01992,9301284.01740343,1680,kraken
1740268800,0.02005,0.0202,0.0193,0.01956,0.01966,9554925.62410099,1145,kraken
1740355200,0.01967,0.01987,0.01736,0.01741,0.01868,17275113.34570105,2176,kraken
1740441600,0.01747,0.0179,0.01614,0.01736,0.017,26591142.66316583,3012,kraken
1740528000,0.01747,0.01798,0.01611,0.017,0.01706,19320653.79420025,1809,kraken
1740614400,0.017,0.01734,0.0165,0.01702,0.01696,13574179.71179987,1234,kraken
1740700800,0.01696,0.0172,0.0154,0.01657,0.01626,21379570.33496369,2033,kraken
1740787200,0.0165,0.0172,0.01602,0.0172,0.01654,9767497.03525121,1150,kraken
1740873600,0.01717,0.01906,0.01654,0.01878,0.01791,28072089.30225706,3035,kraken
1740960000,0.01885,0.01956,0.01739,0.01744,0.01833,31992169.61059711,3531,kraken
1741046400,0.01755,0.01773,0.01551,0.01695,0.01663,20020441.46974711,1902,kraken
1741132800,0.01684,0.01754,0.01575,0.01745,0.01703,21921822.09709242,1317,kraken
1741219200,0.01735,0.01792,0.01632,0.01672,0.0172,18649998.29314261,1802,kraken
1741305600,0.01671,0.01721,0.01615,0.01668,0.01676,23354584.09457866,1791,kraken
1741392000,0.01676,0.01772,0.01616,0.01666,0.0167,11487377.88547344,1060,kraken
1741478400,0.01675,0.01683,0.01528,0.01542,0.01582,17720832.48129549,1529,kraken
1741564800,0.0155,0.01578,0.01382,0.01415,0.01484,16866973.07973447,1873,kraken
1741651200,0.01413,0.01589,0.01366,0.01546,0.01491,17252805.87823245,2102,kraken
1741737600,0.01546,0.01563,0.0145,0.01509,0.01501,10731454.40064652,1213,kraken
1741824000,0.01495,0.0152,0.01382,0.01421,0.01443,17000067.0404992,1574,kraken
1741910400,0.01417,0.01637,0.01416,0.015,0.01525,19882975.24933845,2251,kraken
1741996800,0.01502,0.01627,0.01499,0.01582,0.01552,12272262.16674406,2041,kraken
1742083200,0.01571,0.01571,0.01491,0.01498,0.01513,6579576.52095289,919,kraken
1742169600,0.01499,0.01535,0.01488,0.01509,0.0151,7188870.40873524,959,kraken
1742256000,0.01513,0.01531,0.01444,0.01488,0.01481,8151774.73419633,1159,kraken
1742342400,0.01489,0.01544,0.0148,0.01534,0.01511,11968357.43887389,1771,kraken
1742428800,0.01534,0.01535,0.01458,0.01469,0.01491,10672258.39565268,1132,kraken
1742515200,0.01466,0.01525,0.01448,0.0148,0.01474,15813322.44206236,1683,kraken
1742601600,0.01478,0.0155,0.01453,0.01453,0.01496,17066578.39398331,2265,kraken
1742688000,0.0146,0.01477,0.01441,0.01466,0.01456,8799432.11941267,1146,kraken
1742774400,0.01472,0.01501,0.01444,0.01462,0.01473,15603023.53785391,1577,kraken
1742860800,0.01465,0.01489,0.01441,0.0146,0.01462,20450648.62666679,1499,kraken
1742947200,0.0146,0.01515,0.01448,0.01466,0.01475,17599656.68701282,1552,kraken
1743033600,0.01465,0.01479,0.01387,0.01401,0.01435,15204767.10500872,1394,kraken
1743120000,0.01409,0.01421,0.01346,0.01371,0.01379,19033482.8988935,1489,kraken
1743206400,0.01369,0.01427,0.01278,0.01314,0.01332,26760717.65556703,2658,kraken
1743292800,0.01309,0.01483,0.013,0.01381,0.01356,12391417.69413218,1311,kraken
1743379200,0.01387,0.01426,0.01296,0.01368,0.01359,31260927.76851594,2585,kraken
1743465600,0.01373,0.01411,0.01338,0.0137,0.01383,16749112.41089795,919,kraken
1743552000,0.01356,0.01372,0.01276,0.01296,0.01324,33069431.25831027,1996,kraken
1743638400,0.01295,0.01367,0.01284,0.01304,0.01322,48565466.0659752,3036,kraken
1743724800,0.01304,0.01354,0.01272,0.01337,0.01309,31031783.64068643,2662,kraken
1743811200,0.01336,0.01371,0.0129,0.01318,0.01326,17840331.22824457,2047,kraken
1743897600,0.01318,0.0132,0.01193,0.01212,0.01264,25644820.69821986,2617,kraken
1743984000,0.01214,0.01214,0.01086,0.0118,0.01158,46108402.87784244,4292,kraken
1744070400,0.01178,0.012,0.01098,0.01118,0.01169,26806523.25541307,2249,kraken
1744156800,0.0112,0.01875,0.01113,0.01469,0.01461,114976256.12178688,8648,kraken
1744243200,0.01471,0.01576,0.01355,0.01392,0.01443,67744935.45702302,7125,kraken
1744329600,0.01398,0.01553,0.01382,0.01506,0.01473,45642828.65385581,4684,kraken
1744416000,0.015,0.01658,0.0149,0.01568,0.01548,33255030.85728128,3418,kraken
1744502400,0.01574,0.01915,0.0152,0.01641,0.01732,64565936.16218777,7390,kraken
1744588800,0.01652,0.01835,0.01637,0.01658,0.01713,46010063.36887597,5855,kraken
1744675200,0.01661,0.01676,0.01529,0.01537,0.01597,17895285.56033729,2205,kraken
1744761600,0.01531,0.01577,0.01416,0.01461,0.01479,28649293.5996638,2696,kraken
1744848000,0.01457,0.01559,0.01454,0.01517,0.01486,15154455.06481941,1423,kraken
1744934400,0.01512,0.01736,0.01492,0.01586,0.01604,31169183.76357027,3993,kraken
1745020800,0.01581,0.01698,0.0156,0.01645,0.01636,37596739.52452702,3296,kraken
1745107200,0.01652,0.01721,0.01589,0.01615,0.01643,19112448.71419992,1888,kraken
1745193600,0.01624,0.01714,0.0158,0.01623,0.01638,22472052.29445127,1841,kraken
1745280000,0.01625,0.01675,0.01599,0.01651,0.01628,29828087.27527526,1620,kraken
1745366400,0.01655,0.0171,0.01629,0.01657,0.01671,28317231.42248951,2007,kraken
1745452800,0.01657,0.0168,0.01616,0.01654,0.01654,15524309.95616466,1314,kraken
1745539200,0.01656,0.01806,0.01602,0.01647,0.01681,42967046.53674383,2298,kraken
1745625600,0.01649,0.01707,0.01634,0.01673,0.01658,26441741.83624223,1219,kraken
1745712000,0.01679,0.0169,0.01612,0.01664,0.01652,19522502.09630272,1494,kraken
1745798400,0.01666,0.01998,0.01647,0.01813,0.01836,72698528.3862731,5964,kraken
1745884800,0.0182,0.01969,0.01778,0.01817,0.0185,34712835.52087116,3521,kraken
1745971200,0.01819,0.01898,0.01718,0.01823,0.01778,45351702.51729633,2641,kraken
1746057600,0.01816,0.01849,0.0177,0.01794,0.01804,19365682.46596582,1819,kraken
1746144000,0.01794,0.01816,0.0168,0.01791,0.01755,52283913.52337909,2581,kraken
1746230400,0.0179,0.01925,0.01778,0.019,0.01841,50787788.93654495,3704,kraken
1746316800,0.01902,0.02223,0.01831,0.01973,0.01986,84402163.177153,7662,kraken
1746403200,0.0197,0.02097,0.01851,0.01891,0.01949,32079435.54708176,3384,kraken
1746489600,0.01886,0.02046,0.01781,0.0189,0.01857,34918577.89441224,2929,kraken
1746576000,0.01879,0.01977,0.01857,0.01924,0.01907,28695706.25630612,2401,kraken
1746662400,0.01923,0.02028,0.01909,0.02001,0.01959,32244358.39021405,2890,kraken
1746748800,0.02003,0.02079,0.01939,0.02007,0.0199,47600690.11023373,3477,kraken
1746835200,0.02021,0.02088,0.02,0.02045,0.02033,17855304.92181422,2179,kraken
1746921600,0.02047,0.0207,0.01941,0.01966,0.01994,28280115.40966938,2353,kraken
1747008000,0.01965,0.02057,0.01948,0.01982,0.01992,24118642.49645098,2493,kraken
1747094400,0.01983,0.02051,0.01933,0.02022,0.01996,15272624.42676109,1844,kraken
1747180800,0.0202,0.02041,0.01959,0.01999,0.01994,21886153.54224903,1764,kraken
1747267200,0.01999,0.02006,0.0191,0.01929,0.01957,14098567.18799804,1394,kraken
1747353600,0.01928,0.0204,0.01924,0.01971,0.01994,20948458.80562359,2260,kraken
1747440000,0.01973,0.02004,0.0188,0.01902,0.01931,8376441.2719498,1167,kraken
1747526400,0.01905,0.021,0.01897,0.01952,0.01973,42775764.11288445,2271,kraken
1747612800,0.01952,0.01959,0.01849,0.01917,0.0189,22389909.50978528,1406,kraken
1747699200,0.01922,0.01929,0.01872,0.01893,0.01895,8320957.95897818,1000,kraken
1747785600,0.01893,0.0193,0.01872,0.019,0.01902,17624781.60902018,1452,kraken
1747872000,0.01917,0.01972,0.01907,0.01957,0.01938,15421510.03010133,1378,kraken
1747958400,0.01957,0.01972,0.01841,0.01855,0.01906,14226244.40832916,1598,kraken
1748044800,0.01851,0.019,0.01845,0.01852,0.01875,7082181.64705269,792,kraken
1748131200,0.01859,0.01888,0.01834,0.01888,0.0186,5959438.07909478,752,kraken
1748217600,0.01889,0.01895,0.01802,0.01866,0.01853,10186036.95374889,1122,kraken
1748304000,0.01858,0.01886,0.01838,0.01872,0.01859,11501763.16880736,1064,kraken
1748390400,0.01872,0.01902,0.01828,0.0185,0.01862,7658587.8919264,846,kraken
1748476800,0.01851,0.01868,0.01789,0.01792,0.01826,10389084.19271852,999,kraken
1748563200,0.01798,0.01872,0.01721,0.0178,0.01771,19279691.75878793,2184,kraken
1748649600,0.01773,0.01776,0.01629,0.01744,0.01698,26690112.47701005,2423,kraken
1748736000,0.01748,0.01918,0.01725,0.01918,0.01821,25669547.55777506,2991,kraken
1748822400,0.01918,0.02022,0.0186,0.01861,0.01936,28654382.43091546,3686,kraken
1748908800,0.01861,0.01869,0.01815,0.01818,0.01842,11666138.33057909,1296,kraken
1748995200,0.0182,0.0184,0.01775,0.01778,0.01803,13858094.13729403,1213,kraken
1749081600,0.01776,0.01858,0.01708,0.01745,0.01782,18274597.30787599,1839,kraken
1749168000,0.01743,0.01834,0.01736,0.01791,0.01778,17030652.80575696,1808,kraken
1749254400,0.01788,0.01821,0.01777,0.0178,0.018,6680575.45091356,568,kraken
1749340800,0.01783,0.01876,0.01769,0.01836,0.01822,12935938.77397491,1338,kraken
1749427200,0.0184,0.01879,0.0179,0.01871,0.01827,10975339.89675911,1157,kraken
1749513600,0.0187,0.01893,0.0183,0.0187,0.01859,19658359.67148862,1501,kraken
1749600000,0.01871,0.01952,0.01836,0.01897,0.01894,18838674.30552092,2170,kraken
1749686400,0.01898,0.019,0.01794,0.01827,0.01867,24702020.65894225,1809,kraken
1749772800,0.01813,0.0187,0.01744,0.01833,0.01804,22378444.96850484,1717,kraken
1749859200,0.01828,0.01895,0.01808,0.0182,0.01849,11489967.1835744,1265,kraken
1749945600,0.01822,0.01832,0.01795,0.01801,0.01817,6256326.57383563,686,kraken
1750032000,0.01805,0.01867,0.01794,0.018,0.01825,24560376.3826306,1522,kraken
1750118400,0.018,0.01805,0.01725,0.01787,0.01781,9875875.35221738,968,kraken
1750204800,0.01786,0.01826,0.01714,0.01742,0.01758,7675530.24486516,1004,kraken
1750291200,0.0175,0.01788,0.01739,0.0178,0.01764,7083930.97302316,880,kraken
1750377600,0.01777,0.01791,0.01663,0.01726,0.01737,12880070.51512069,1434,kraken
1750464000,0.01723,0.01737,0.01644,0.01673,0.01696,5690539.96877261,851,kraken
1750550400,0.01673,0.01694,0.01501,0.01599,0.01573,25859476.98271915,2015,kraken
1750636800,0.01592,0.01724,0.01588,0.01717,0.01658,20422954.45162672,1782,kraken
1750723200,0.01714,0.0175,0.01681,0.01726,0.0172,30005496.73850913,2019,kraken
1750809600,0.01726,0.01811,0.01688,0.01745,0.01745,23033531.68804613,1922,kraken
1750896000,0.01747,0.01815,0.0168,0.01699,0.01736,25241514.44804388,1894,kraken
1750982400,0.01697,0.01816,0.01688,0.01719,0.01744,28435075.72040626,2219,kraken
1751068800,0.01717,0.01791,0.01677,0.01751,0.01731,18298577.65648345,1150,kraken
1751155200,0.0175,0.01763,0.01713,0.01743,0.01742,9937098.41155613,856,kraken
1751241600,0.01743,0.01769,0.01709,0.01731,0.01735,11047039.43954474,973,kraken
1751328000,0.01732,0.01776,0.01663,0.01678,0.01719,24907788.64501607,1348,kraken
1751414400,0.01676,0.01745,0.01671,0.01724,0.01702,19039804.10106255,1363,kraken
1751500800,0.01726,0.01729,0.01683,0.01683,0.01703,17664223.90597228,982,kraken
1751587200,0.01689,0.01704,0.01645,0.01659,0.01666,21133175.96208197,1380,kraken
1751673600,0.01661,0.0168,0.01651,0.01651,0.01663,7724876.91943241,774,kraken
1751760000,0.01657,0.01698,0.0164,0.01652,0.01666,27392697.34574704,1605,kraken
1751846400,0.01653,0.01674,0.01623,0.0163,0.01642,18126689.88834996,1135,kraken
1751932800,0.01628,0.01631,0.01502,0.01615,0.01584,41825893.81292991,1860,kraken
1752019200,0.01617,0.01649,0.01578,0.01623,0.01605,27863269.79198519,1193,kraken
1752105600,0.01623,0.017,0.01616,0.01692,0.01653,15232715.11686104,1125,kraken
1752192000,0.01692,0.01788,0.01659,0.01683,0.01706,36178640.94095259,2584,kraken
1752278400,0.01688,0.01719,0.0166,0.01673,0.01689,12831492.67771575,1305,kraken
1752364800,0.01669,0.01753,0.01661,0.01698,0.01706,24250583.9375249,2064,kraken
1752451200,0.01693,0.0178,0.01689,0.01745,0.01736,36964709.37207295,2421,kraken
1752537600,0.01745,0.0176,0.0169,0.01751,0.01727,23147527.54928916,1746,kraken
1752624000,0.01744,0.01836,0.01717,0.01813,0.01774,28426390.3620065,2190,kraken
1752710400,0.01813,0.022,0.01783,0.02116,0.02004,72602555.29576153,7422,kraken
1752796800,0.02118,0.022,0.01974,0.02,0.02058,47332311.95736304,4490,kraken
1752883200,0.01996,0.02105,0.01977,0.02029,0.02031,17612959.50423212,1760,kraken
1752969600,0.02026,0.02104,0.0201,0.02056,0.02051,19416578.85380106,1918,kraken
1753056000,0.02053,0.02097,0.02021,0.02078,0.02052,27443641.21586143,2503,kraken
1753142400,0.0207,0.02402,0.02057,0.02383,0.02249,64424927.14087131,7799,kraken
1753228800,0.02379,0.02804,0.02226,0.02295,0.0249,133136172.58443682,12577,kraken
1753315200,0.02292,0.0252,0.0215,0.02298,0.02308,44938587.4439512,4402,kraken
1753401600,0.02302,0.02302,0.02191,0.02247,0.02239,17305704.10953064,1975,kraken
1753488000,0.02244,0.0259,0.02227,0.02511,0.02423,34465694.49525363,4208,kraken
1753574400,0.02507,0.02568,0.0242,0.02491,0.0249,20463453.23005543,2662,kraken
1753660800,0.02488,0.0253,0.02402,0.02434,0.02467,17599412.8047716,2048,kraken
1753747200,0.02436,0.02614,0.02405,0.02486,0.02503,40798727.18889439,4150,kraken
1753833600,0.0248,0.0253,0.02371,0.02443,0.02444,15860904.60243071,2047,kraken
1753920000,0.0244,0.02491,0.02287,0.02297,0.02386,24334545.04403818,2143,kraken
1754006400,0.023,0.02348,0.02212,0.02215,0.02284,26643712.17325669,2333,kraken
1754092800,0.02215,0.02266,0.02138,0.0223,0.02204,21165290.4937882,2053,kraken
1754179200,0.02229,0.02328,0.022,0.02313,0.02274,21728746.20153223,1866,kraken
1754265600,0.02317,0.02445,0.02278,0.02383,0.02364,26249045.27699729,2349,kraken
1754352000,0.0238,0.02391,0.02257,0.02298,0.02324,18189216.26245758,1813,kraken
1754438400,0.02279,0.0237,0.02233,0.02334,0.02291,17613234.0591171,2209,kraken
1754524800,0.0233,0.02407,0.02267,0.02399,0.02317,17255063.97034975,2189,kraken
1754611200,0.02398,0.02434,0.02291,0.02329,0.02352,24275714.41873391,2676,kraken
1754697600,0.02328,0.02392,0.02256,0.02283,0.02314,41147217.10542461,2685,kraken
1754784000,0.02283,0.02318,0.02238,0.02286,0.02275,13828282.01358309,1817,kraken
1754870400,0.0228,0.02286,0.02224,0.02228,0.02262,18366303.64795514,2005,kraken
1754956800,0.02221,0.0232,0.02171,0.02293,0.0226,25171391.1776157,3125,kraken
1755043200,0.02299,0.0238,0.0226,0.02364,0.02321,32076370.66524854,3458,kraken
1755129600,0.02364,0.02436,0.02232,0.02285,0.02346,53350695.30112694,5098,kraken
1755216000,0.02283,0.02574,0.02257,0.02431,0.02412,48412815.81169715,6401,kraken
1755302400,0.02432,0.02542,0.0238,0.02443,0.02456,37604081.27392781,5153,kraken
1755388800,0.02442,0.02584,0.02423,0.02513,0.02502,22578744.23759382,3722,kraken
1755475200,0.0251,0.02517,0.02337,0.02435,0.02424,42297203.68429628,4393,kraken
1755561600,0.0243,0.02447,0.02297,0.02306,0.02363,33603469.07533047,3876,kraken
1755648000,0.02315,0.02357,0.0229,0.02345,0.02325,21797270.31792634,2706,kraken
1755734400,0.02341,0.02349,0.02283,0.02284,0.02312,8330747.1390447,1334,kraken
1755820800,0.02285,0.02429,0.02245,0.0239,0.02357,20369667.98950345,2759,kraken
1755907200,0.0239,0.02404,0.02314,0.0235,0.02348,12388483.75174383,1510,kraken
1755993600,0.02349,0.02408,0.02304,0.02349,0.02359,22903831.63336776,2510,kraken
1756080000,0.02348,0.02374,0.0221,0.02239,0.02287,28556525.58762658,2456,kraken
1756166400,0.02234,0.0226,0.02213,0.02225,0.02234,11205364.7384878,1645,kraken
1756252800,0.02224,0.02249,0.021,0.02113,0.02199,17761851.66632249,2194,kraken
1756339200,0.02115,0.02237,0.02115,0.0219,0.02196,14215518.34922881,1936,kraken
1756425600,0.02189,0.022,0.0208,0.021,0.02115,24221624.66062052,2913,kraken
1756512000,0.02099,0.0214,0.02087,0.02128,0.02115,11779340.58999379,1642,kraken
1756598400,0.02128,0.02249,0.02118,0.02153,0.02174,19392498.1578263,3141,kraken
1756684800,0.02152,0.02175,0.02068,0.02108,0.02113,13253479.90795168,1998,kraken
1756771200,0.02111,0.02125,0.02059,0.02068,0.02089,15594433.87437197,2041,kraken
1756857600,0.02066,0.02084,0.02041,0.02044,0.0206,13612229.71756362,1949,kraken
1756944000,0.02046,0.02068,0.01994,0.02003,0.02028,25042492.98343965,2151,kraken
1757030400,0.02002,0.02102,0.01996,0.02083,0.02038,23482511.03439974,2556,kraken
1757116800,0.02084,0.0221,0.0205,0.02133,0.02122,14641603.44223272,2782,kraken
1757203200,0.02133,0.02181,0.02119,0.02133,0.0215,15355050.99369229,2922,kraken
1757289600,0.0213,0.02249,0.02127,0.02206,0.02207,19698193.9641861,2985,kraken
1757376000,0.02206,0.02263,0.02194,0.02211,0.0223,15226299.71792319,2468,kraken
1757462400,0.02212,0.02252,0.02198,0.02251,0.02226,23248831.2295067,2612,kraken
1757548800,0.02251,0.02273,0.02205,0.0227,0.02243,20054843.47512179,2510,kraken
1757635200,0.02266,0.02294,0.02243,0.02279,0.02267,17141685.62946295,2649,kraken
1757721600,0.02282,0.0235,0.0226,0.0231,0.02303,18641108.1793001,3434,kraken
1757808000,0.02308,0.0254,0.02262,0.02384,0.02401,40439502.81040339,6263,kraken
1757894400,0.02381,0.02512,0.02273,0.02364,0.0236,37348534.67102749,4868,kraken
1757980800,0.02364,0.02365,0.02279,0.02317,0.02311,10606525.3339871,1888,kraken
1758067200,0.02316,0.0248,0.0229,0.02396,0.02373,33790042.91408872,4825,kraken
1758153600,0.02394,0.02424,0.02357,0.0237,0.02396,24444942.27244163,2684,kraken
1758240000,0.02369,0.02388,0.02306,0.02318,0.02341,7981480.90916341,1713,kraken
1758326400,0.02318,0.02506,0.02301,0.02499,0.02391,29104145.33574861,3677,kraken
1758412800,0.02505,0.02511,0.02416,0.02499,0.02471,21078165.05048563,3962,kraken
1758499200,0.02502,0.02507,0.02321,0.0236,0.02382,22867900.25296017,3253,kraken
1758585600,0.02355,0.02508,0.02337,0.02489,0.024,20624527.32637858,2994,kraken
1758672000,0.0249,0.02866,0.02446,0.02726,0.02667,90089497.21842197,12291,kraken
1758758400,0.02725,0.02815,0.0235,0.02372,0.02523,50498034.99872579,6298,kraken
1758844800,0.02375,0.0263,0.02318,0.02579,0.02445,43520176.01921021,5543,kraken
1758931200,0.02576,0.02634,0.02518,0.02543,0.02569,23994480.2879943,2835,kraken
1759017600,0.02541,0.0265,0.02448,0.02637,0.02516,29785979.22408852,2780,kraken
1759104000,0.02634,0.02678,0.02507,0.02647,0.02589,30166415.84931485,3910,kraken
1759190400,0.02644,0.02651,0.02497,0.02548,0.02553,26493436.46265165,2850,kraken
1759276800,0.02549,0.02695,0.02525,0.02651,0.02593,43498588.56236853,3313,kraken
1759363200,0.02649,0.02676,0.0255,0.02591,0.02598,29910727.08732647,3309,kraken
1759449600,0.02595,0.02595,0.02472,0.02502,0.02506,22973164.13545029,3495,kraken
1759536000,0.02499,0.02509,0.0239,0.02423,0.0246,25938171.64914145,2385,kraken
1759622400,0.02422,0.02479,0.0239,0.0242,0.02437,29023014.30024088,3071,kraken
1759708800,0.02418,0.02475,0.02391,0.02422,0.02433,28873300.24948509,2580,kraken
1759795200,0.02413,0.0246,0.02311,0.02352,0.02383,34805091.85199462,3267,kraken
1759881600,0.02352,0.02401,0.02286,0.02321,0.02336,24417107.85824019,1774,kraken
1759968000,0.02321,0.02322,0.02183,0.02218,0.02228,44367024.79590089,3719,kraken
1760054400,0.02228,0.02288,0.01536,0.01932,0.01986,83358432.8667723,11557,kraken
1760140800,0.01923,0.0199,0.01868,0.01938,0.01945,44492383.76423254,6576,kraken
1760227200,0.01938,0.02041,0.01902,0.02005,0.01983,34643248.68838057,2872,kraken
1760313600,0.02,0.02074,0.0198,0.02062,0.02039,42694431.23226235,3188,kraken
1760400000,0.02066,0.02084,0.01862,0.01931,0.01927,24173593.29155329,2686,kraken
1760486400,0.01935,0.02003,0.01852,0.01884,0.01916,25460750.78383846,2580,kraken
1760572800,0.01884,0.01914,0.0152,0.01747,0.01754,72236767.47720015,5795,kraken
1760659200,0.01743,0.01766,0.01633,0.01673,0.01677,46569658.87623538,5006,kraken
1760745600,0.01678,0.0183,0.01672,0.01826,0.01745,30183824.76119224,3019,kraken
1760832000,0.01821,0.01823,0.01708,0.01744,0.0176,22543246.57303797,2680,kraken
1760918400,0.01745,0.01791,0.017,0.01755,0.01757,16315825.59929269,1820,kraken
1761004800,0.01755,0.01853,0.01713,0.01771,0.01782,22966372.60615311,2641,kraken
1761091200,0.01767,0.01778,0.01663,0.01726,0.0172,23927953.47048386,2579,kraken
1761177600,0.01728,0.01739,0.01668,0.01711,0.01706,14971800.52498441,1900,kraken
1761264000,0.01711,0.01805,0.01649,0.01738,0.01707,24895687.79594293,2774,kraken
1761350400,0.01737,0.01774,0.0166,0.01706,0.01718,33161480.32488395,3558,kraken
1761436800,0.01706,0.01769,0.01684,0.01758,0.01724,9954142.78654831,1400,kraken
1761523200,0.01752,0.01789,0.01631,0.01711,0.01749,23994325.72867714,2085,kraken
1761609600,0.01704,0.01721,0.01622,0.01659,0.01681,25462636.04996599,2382,kraken
1761696000,0.01663,0.01713,0.01657,0.01684,0.01683,19587307.68696427,2043,kraken
1761782400,0.01681,0.01715,0.0156,0.01596,0.01639,76800612.28247453,4557,kraken
1761868800,0.01597,0.01839,0.01593,0.01613,0.01634,40462163.74152389,3517,kraken
1761955200,0.01615,0.01632,0.01578,0.016,0.01605,23476954.91715524,1489,kraken
1762041600,0.016,0.01659,0.0155,0.01604,0.01598,41677734.24658153,2501,kraken
1762128000,0.01604,0.01609,0.0135,0.01355,0.0148,83357496.91445084,4887,kraken
1762214400,0.01355,0.01417,0.01318,0.01361,0.01366,87884298.67896935,6001,kraken
1762300800,0.01362,0.01537,0.01301,0.015,0.01456,62095487.06530213,5066,kraken
1762387200,0.01496,0.01527,0.01456,0.01485,0.01487,29528430.71691472,2333,kraken
1762473600,0.01485,0.0161,0.01457,0.01552,0.01527,52524995.37856863,2938,kraken
1762560000,0.01552,0.01598,0.01531,0.0155,0.01566,24743410.92695039,1958,kraken
1762646400,0.0155,0.01626,0.01514,0.01599,0.0157,22550699.09955758,1530,kraken
1762732800,0.01597,0.01667,0.0158,0.01626,0.01626,33781090.76140387,2932,kraken
1762819200,0.01622,0.01655,0.0153,0.01544,0.01575,22660752.01442771,1556,kraken
1762905600,0.01548,0.01596,0.0151,0.01538,0.01548,18479303.01868071,1382,kraken
1762992000,0.01537,0.01554,0.01412,0.01455,0.01478,25955187.9604714,1816,kraken
1763078400,0.01454,0.01457,0.01379,0.01393,0.01419,77805461.36067049,2936,kraken
1763164800,0.01395,0.01432,0.01383,0.01426,0.01407,32757082.87101162,1498,kraken
1763251200,0.01426,0.01503,0.01378,0.01412,0.01431,53884806.73602491,1956,kraken
1763337600,0.01409,0.01447,0.01356,0.01375,0.01386,35836285.77645869,1829,kraken
1763424000,0.01376,0.01409,0.01344,0.01371,0.0137,32286316.9663389,2015,kraken
1763510400,0.01366,0.0138,0.013,0.01339,0.01333,23573899.53686728,1761,kraken
1763596800,0.01338,0.01356,0.01273,0.01296,0.01307,43519901.63063485,2268,kraken
1763683200,0.01296,0.01308,0.01195,0.0126,0.01255,45391184.43146283,3193,kraken
1763769600,0.0126,0.0126,0.01215,0.01234,0.01236,15790443.40797969,1287,kraken
1763856000,0.01234,0.0138,0.01233,0.01306,0.0131,39022299.46576812,2571,kraken
1763942400,0.01309,0.0138,0.01287,0.01361,0.01334,31228546.17157446,1735,kraken
1764028800,0.01361,0.0139,0.01332,0.01365,0.01351,31671788.55473676,1702,kraken
1764115200,0.01365,0.0148,0.01333,0.01427,0.01388,21816683.12262707,1912,kraken
1764201600,0.01428,0.01598,0.01427,0.01495,0.01498,59797340.91701965,4929,kraken
1764288000,0.01496,0.01555,0.01477,0.01496,0.01511,24593702.45958597,1607,kraken
1764374400,0.01494,0.01554,0.01484,0.01504,0.01515,18012987.51467395,1557,kraken
1764460800,0.01507,0.01524,0.01465,0.01465,0.01505,11491315.92712363,1219,kraken
1764547200,0.01465,0.01465,0.01324,0.01339,0.01367,29932812.92838647,2571,kraken
1764633600,0.01342,0.01416,0.01316,0.01389,0.01379,38991744.15294192,2527,kraken
1764720000,0.01389,0.0144,0.01359,0.01401,0.014,47505657.27474509,2929,kraken
1764806400,0.01398,0.01428,0.01326,0.01326,0.01383,34707564.53129993,2357,kraken
1764892800,0.01331,0.0137,0.0128,0.01306,0.01313,30939350.5512755,2802,kraken
1764979200,0.01304,0.0132,0.0129,0.01307,0.01305,12352313.38669624,1047,kraken
1765065600,0.01309,0.01329,0.01277,0.01293,0.01304,14671577.18065198,1323,kraken
1765152000,0.01294,0.01333,0.01291,0.013,0.01311,11339344.96772769,1126,kraken
1765238400,0.01302,0.01344,0.01283,0.01297,0.0131,29066104.57701475,1988,kraken
1765324800,0.013,0.0131,0.01269,0.01279,0.01291,17215659.63144901,1440,kraken
1765411200,0.01276,0.0128,0.01226,0.01259,0.01252,23553566.25605825,1801,kraken
1765497600,0.01261,0.01275,0.01222,0.01234,0.01249,15489515.22194861,1391,kraken
1765584000,0.01235,0.01271,0.01234,0.01248,0.0125,23053062.02361602,1506,kraken
1765670400,0.01244,0.01246,0.01205,0.01212,0.01224,22952020.54077291,1426,kraken
1765756800,0.01212,0.01229,0.01138,0.01169,0.01172,46745504.18687648,2567,kraken
1765843200,0.01169,0.0117,0.01134,0.01168,0.01154,32702903.46804676,2052,kraken
1765929600,0.01165,0.01208,0.01125,0.01149,0.01162,41981196.28708526,2798,kraken
1766016000,0.0115,0.01158,0.01095,0.01105,0.01122,44736533.26064518,2505,kraken
1766102400,0.01103,0.01154,0.01082,0.01151,0.01125,24374403.38828604,1688,kraken
1766188800,0.01152,0.01176,0.01145,0.01156,0.01155,30741558.60869759,1600,kraken
1766275200,0.01158,0.01175,0.01134,0.01142,0.01147,15290592.1477579,1078,kraken
1766361600,0.01146,0.01219,0.0114,0.01172,0.0117,38240167.77195296,2185,kraken
1766448000,0.01173,0.0118,0.01126,0.0113,0.01142,15031801.90855703,1172,kraken
1766534400,0.01131,0.01148,0.01115,0.01134,0.01128,13624312.07409108,1137,kraken
1766620800,0.01135,0.01152,0.01116,0.01119,0.01132,14849671.18157076,1325,kraken
1766707200,0.01118,0.01144,0.01109,0.0112,0.01127,27422100.78982294,1677,kraken
1766793600,0.01119,0.0114,0.01117,0.01134,0.01128,21774922.27443602,1250,kraken
1766880000,0.01133,0.0114,0.01115,0.01127,0.01126,28322039.97030351,1677,kraken
1766966400,0.01128,0.0114,0.01103,0.01117,0.0112,28448160.54835279,1528,kraken
1767052800,0.01117,0.01118,0.01072,0.01081,0.01097,45218173.17510216,2246,kraken
1767139200,0.01081,0.01091,0.01003,0.01018,0.01041,65242780.6747751,3573,kraken
1767225600,0.01021,0.01162,0.01017,0.01088,0.01059,39960634.73612197,2752,kraken
1767312000,0.0109,0.011,0.01051,0.01091,0.01078,44151394.18921273,2345,kraken
1767398400,0.01091,0.01143,0.0108,0.01115,0.01107,42251983.62841678,2589,kraken
1767484800,0.01115,0.01189,0.0111,0.01176,0.01145,57692501.9060455,3244,kraken
1767571200,0.01178,0.01257,0.01165,0.01252,0.01214,50917526.33547725,3653,kraken
1767657600,0.01254,0.01324,0.01214,0.01262,0.01276,67184292.25891107,4190,kraken
1767744000,0.0126,0.01268,0.01176,0.01182,0.01212,21639061.04400608,2084,kraken
1767830400,0.01178,0.01231,0.01123,0.01139,0.01154,36502599.1635132,2681,kraken
1767916800,0.01137,0.01166,0.01119,0.01131,0.01138,16817957.90273118,1500,kraken
1768003200,0.01131,0.01132,0.01112,0.0112,0.0112,13720661.76295947,1227,kraken
1768089600,0.01119,0.01144,0.011,0.01107,0.01116,18162721.27871751,1445,kraken
1768176000,0.0111,0.01174,0.0109,0.01133,0.01122,30006886.31703763,2035,kraken
1768262400,0.01132,0.01227,0.01115,0.0116,0.01146,49301257.67663673,3242,kraken
1768348800,0.0116,0.01178,0.01138,0.01149,0.01159,21890764.00985016,1590,kraken
1768435200,0.01149,0.01149,0.01102,0.01114,0.01124,25806179.41507126,1433,kraken
1768521600,0.01111,0.01116,0.01081,0.01104,0.01101,34535342.33897444,1676,kraken
1768608000,0.01101,0.01114,0.0107,0.01105,0.01098,30058087.27407867,1864,kraken
1768694400,0.01105,0.0111,0.01048,0.01049,0.01083,34852039.62272234,2311,kraken
1768780800,0.01047,0.01132,0.01,0.01054,0.01043,82395504.79766625,4944,kraken
1768867200,0.01053,0.01053,0.00982,0.00999,0.01005,52685598.76440939,2836,kraken
1768953600,0.01001,0.01046,0.00985,0.01028,0.01008,36408491.82390682,2319,kraken
1769040000,0.01036,0.01069,0.01,0.01047,0.01033,60517823.56360156,3294,kraken
1769126400,0.01044,0.01055,0.01022,0.01039,0.01038,32262803.74165346,1703,kraken
1769212800,0.01037,0.01063,0.0103,0.01059,0.01044,34237748.07828679,1826,kraken
1769299200,0.01057,0.01066,0.00992,0.01015,0.0103,108800078.335894,3328,kraken
1769385600,0.01016,0.01055,0.01015,0.01049,0.01042,68103028.43272445,1816,kraken
1769472000,0.01049,0.01068,0.01026,0.01062,0.01053,89838707.59809662,2614,kraken
1769558400,0.01062,0.01089,0.01057,0.01062,0.01073,147391288.66778147,2762,kraken
1769644800,0.01062,0.01063,0.0101,0.01024,0.01038,67502402.68145812,2585,kraken
1769731200,0.01026,0.01033,0.00993,0.01011,0.01009,54815620.35032915,2912,kraken
1769817600,0.01011,0.01014,0.009,0.00967,0.00951,83567525.44704667,3848,kraken
1769904000,0.00968,0.0102,0.00963,0.01008,0.00992,70043164.55440865,3946,kraken
1769990400,0.01004,0.01015,0.00958,0.00997,0.00993,74799517.18528582,3320,kraken
1770076800,0.00998,0.01015,0.00965,0.00999,0.00998,72129023.44554462,3022,kraken
1770163200,0.00996,0.01003,0.00955,0.00973,0.00982,53761766.80359771,2317,kraken
1770249600,0.00974,0.00974,0.00855,0.00897,0.00896,180186179.0283814,7675,kraken
1770336000,0.00897,0.01073,0.0085,0.00986,0.00964,315543586.61721736,9499,kraken
1770422400,0.00986,0.01003,0.00936,0.00955,0.00959,48559403.87616302,2867,kraken
1770508800,0.00955,0.00984,0.00948,0.0096,0.00964,26715827.67438449,1868,kraken
1770595200,0.00962,0.0098,0.00938,0.00962,0.00961,19507151.01518043,1378,kraken
1770681600,0.00962,0.00994,0.00948,0.00955,0.00967,15534570.80827266,1503,kraken
1770768000,0.00956,0.00971,0.00916,0.00944,0.00941,31355525.16474962,2434,kraken
1770854400,0.00944,0.00977,0.00929,0.00942,0.00953,38697541.44431807,2580,kraken
1770940800,0.00938,0.00963,0.00926,0.00951,0.00943,20327547.62636374,1621,kraken
1771027200,0.00949,0.00998,0.00946,0.00993,0.00974,31476007.98289881,2107,kraken
1771113600,0.00989,0.01044,0.00969,0.0098,0.01003,35457564.04143243,2548,kraken
1771200000,0.00977,0.0099,0.00967,0.00982,0.00976,20080179.53903763,1411,kraken
1771286400,0.00982,0.00982,0.00949,0.00976,0.00965,28791413.87486786,2271,kraken
1771372800,0.00976,0.0098,0.00936,0.00943,0.00961,20146159.98412747,1725,kraken
1771459200,0.00943,0.00943,0.00906,0.00927,0.00926,29154290.64337827,2107,kraken
1771545600,0.00926,0.00963,0.0092,0.00943,0.00938,33055630.42776854,2133,kraken
1771632000,0.00942,0.00963,0.0093,0.00952,0.00947,38805477.54395035,2014,kraken
1771718400,0.00952,0.00959,0.00923,0.00925,0.00936,19734330.27488385,1733,kraken
1771804800,0.00928,0.00936,0.00902,0.00909,0.00915,28453841.2411311,2174,kraken
1771891200,0.00908,0.00924,0.00887,0.00913,0.00902,31326376.14100518,2056,kraken
1771977600,0.00914,0.013,0.00913,0.00972,0.00973,101852817.25511897,4280,kraken
1772064000,0.00971,0.00986,0.00943,0.00957,0.00963,36522704.59843561,2513,kraken
1772150400,0.00956,0.0097,0.0092,0.00928,0.00945,38883652.90930517,2748,kraken
1772236800,0.00928,0.00948,0.00875,0.00942,0.00908,60024542.75676709,3372,kraken
1772323200,0.00941,0.00971,0.00918,0.00932,0.0094,33834855.64230691,2196,kraken
1772409600,0.00931,0.00953,0.00908,0.00927,0.00929,48247407.85912159,2850,kraken
1772496000,0.00925,0.00935,0.00905,0.00926,0.00918,51784060.76365583,2364,kraken
1772582400,0.00926,0.00957,0.00909,0.00936,0.00935,54562082.50058653,2535,kraken
1772668800,0.00939,0.0094,0.00915,0.00922,0.00926,37251030.29554859,1837,kraken
1772755200,0.00925,0.00928,0.00877,0.00889,0.00892,49196760.85612228,2613,kraken
1772841600,0.00888,0.009,0.00882,0.00894,0.00892,11950312.82827085,897,kraken
1772928000,0.00895,0.00908,0.0088,0.00888,0.00891,32316957.81842239,1933,kraken
1773014400,0.00889,0.00903,0.00883,0.00898,0.00891,38474004.18784258,1883,kraken
1773100800,0.00897,0.00929,0.00895,0.00903,0.00908,27634087.71755746,1877,kraken
1773187200,0.00902,0.00906,0.00879,0.00894,0.00893,46517813.36424904,2892,kraken
1773273600,0.00893,0.00904,0.00881,0.00889,0.00891,40638377.93416997,2837,kraken
1773360000,0.00888,0.00917,0.00877,0.0088,0.00898,39440104.72693803,2814,kraken
1773446400,0.00879,0.00885,0.00865,0.00869,0.00874,34668422.13094835,1752,kraken
1773532800,0.00867,0.00884,0.00864,0.00878,0.00871,25880179.82404166,2262,kraken
1773619200,0.00879,0.00901,0.00863,0.00892,0.00882,43109249.08915531,2876,kraken
1773705600,0.00891,0.00911,0.00868,0.00871,0.00884,46146069.24609887,3444,kraken
1773792000,0.00871,0.00899,0.00827,0.00841,0.00851,75826643.65618135,4149,kraken
1773878400,0.00841,0.0085,0.00823,0.00835,0.00837,31230809.25959428,2179,kraken
1773964800,0.00834,0.0085,0.00826,0.00832,0.00836,29627359.998196,1515,kraken
1774051200,0.0083,0.00837,0.00817,0.00818,0.0083,22083449.59807041,1445,kraken
1774137600,0.00817,0.00826,0.00797,0.008,0.00807,35380629.88415063,2647,kraken
1774224000,0.008,0.00831,0.00793,0.00817,0.00811,22914003.97239162,2487,kraken
1774310400,0.00817,0.00823,0.00799,0.0081,0.00808,29866492.22353606,2604,kraken
1774396800,0.0081,0.00813,0.00797,0.00804,0.00804,31669439.16300321,2395,kraken
1774483200,0.00803,0.00806,0.00777,0.00795,0.00788,38346696.58653487,2805,kraken
1774569600,0.00794,0.00797,0.00764,0.00766,0.00778,42657667.591066,1841,kraken
1774656000,0.00766,0.00789,0.00761,0.0078,0.00775,18488224.57517314,1379,kraken
1774742400,0.00779,0.00782,0.00753,0.00767,0.00771,31323289.29512314,1640,kraken
1774828800,0.00766,0.0079,0.00763,0.00783,0.00779,38583543.73184871,2433,kraken
1774915200,0.00783,0.00793,0.00771,0.00784,0.0078,18177283.62850112,1942,kraken
1775001600,0.00783,0.00799,0.00762,0.00762,0.00783,33509900.73972191,2285,kraken
1775088000,0.00761,0.00819,0.00736,0.0077,0.00767,142769547.4099714,5558,kraken
1775174400,0.0077,0.00772,0.00752,0.00757,0.00758,31696659.78002937,1845,kraken
1775260800,0.00756,0.0076,0.00752,0.00753,0.00754,16673894.72141455,1224,kraken
1775347200,0.00753,0.00756,0.00738,0.00749,0.00744,25722721.53593395,1753,kraken
1775433600,0.00748,0.0076,0.00739,0.00744,0.00749,33905246.37192006,2207,kraken
1775520000,0.00743,0.00765,0.00724,0.0076,0.00738,61591992.17101015,3156,kraken
1775606400,0.0076,0.00767,0.0074,0.00746,0.00749,90287653.64876528,3518,kraken
1775692800,0.00745,0.00772,0.00734,0.00755,0.00746,62758699.19256604,2506,kraken
1775779200,0.00753,0.00781,0.00752,0.00764,0.00761,50644140.4467455,3085,kraken
1775865600,0.00763,0.00798,0.00759,0.00791,0.00781,61577674.19323265,2892,kraken
1775952000,0.00792,0.00794,0.00767,0.0077,0.00776,37584583.55835521,1832,kraken
1776038400,0.00771,0.0081,0.00767,0.00805,0.00782,63807620.92784754,2383,kraken
1776124800,0.00806,0.00825,0.00797,0.00802,0.00805,48426873.13097771,2455,kraken
1776211200,0.00802,0.00814,0.00792,0.00811,0.00801,41599477.00453393,2160,kraken
1776297600,0.0081,0.00842,0.00808,0.00827,0.00819,44225503.16828139,2883,kraken
1776384000,0.00826,0.0086,0.00805,0.00846,0.00832,38898813.92824925,2700,kraken
1776470400,0.00846,0.00849,0.00808,0.00817,0.00827,32279104.14164262,2034,kraken
1776556800,0.00816,0.00823,0.00787,0.00794,0.00809,29130230.65537661,2046,kraken
1776643200,0.00793,0.00819,0.00791,0.00812,0.00804,38315859.00923549,2373,kraken
1776729600,0.00811,0.00816,0.00793,0.00805,0.00806,30950325.80531172,2189,kraken
1776816000,0.00805,0.00815,0.00792,0.008,0.00803,48814473.88046101,2877,kraken
1776902400,0.00799,0.00804,0.00787,0.00792,0.00794,31534666.11404115,2059,kraken
1776988800,0.00792,0.00797,0.00781,0.00793,0.00791,13426764.05216817,1371,kraken
1777075200,0.00793,0.00826,0.00779,0.00791,0.00798,32269673.21031649,2280,kraken
1777161600,0.0079,0.00801,0.00773,0.00791,0.00789,13213413.21365724,1270,kraken
1777248000,0.00792,0.00799,0.00763,0.00776,0.00777,21158780.54618896,1768,kraken
1777334400,0.00775,0.00777,0.00747,0.0076,0.0076,27533745.80885627,1712,kraken
1777420800,0.00759,0.00768,0.00743,0.00753,0.00755,25190122.09440564,1630,kraken
1777507200,0.00752,0.00762,0.00743,0.00746,0.00749,23721561.42014241,1598,kraken
1777593600,0.00746,0.00758,0.00745,0.00752,0.0075,35469239.57353825,1764,kraken
1777680000,0.00751,0.00758,0.00743,0.00758,0.00751,20101874.21191495,1280,kraken
1777766400,0.00757,0.00761,0.00745,0.00753,0.00753,19515117.12599125,1098,kraken
1777852800,0.00753,0.00763,0.00749,0.00753,0.00757,18213385.94436057,1397,kraken
1777939200,0.00753,0.00767,0.00752,0.00763,0.00761,20938783.13847104,1278,kraken
1778025600,0.00762,0.00803,0.00761,0.00781,0.00778,47266316.62257047,2244,kraken
1778112000,0.00781,0.00792,0.00769,0.00782,0.0078,39006428.21386668,1916,kraken
1778198400,0.00781,0.00806,0.00777,0.00802,0.0079,61274185.07562883,2362,kraken
1778284800,0.00801,0.00826,0.00797,0.00816,0.00808,36635113.11785035,1918,kraken
1778371200,0.00816,0.00911,0.00815,0.00867,0.00861,69251334.0785126,3652,kraken
1778457600,0.00869,0.00886,0.00851,0.00873,0.00867,34130154.66050843,2110,kraken
1778544000,0.00873,0.00896,0.00857,0.00869,0.00874,49341864.55329044,3206,kraken
1778630400,0.00868,0.00887,0.00856,0.00864,0.0087,26871878.27298541,1917,kraken
1778716800,0.00863,0.00942,0.00856,0.00937,0.00895,43223412.50276888,2766,kraken
1778803200,0.00937,0.01006,0.0093,0.00933,0.00955,108986122.07124887,5743,kraken
1778889600,0.00933,0.00939,0.0091,0.0092,0.00923,33978286.40683102,2193,kraken
1778976000,0.0092,0.00928,0.00897,0.00905,0.00917,32765951.46628124,1831,kraken
1779062400,0.00905,0.00914,0.00835,0.00844,0.00872,82735508.59080718,2740,kraken
1779148800,0.00845,0.00845,0.0082,0.00826,0.00831,22061328.03390707,1347,kraken
1779235200,0.00828,0.0085,0.00821,0.00842,0.00834,22359257.94462311,1320,kraken
1779321600,0.00843,0.00854,0.00835,0.00843,0.00844,18023295.46622203,1113,kraken
1779408000,0.00844,0.00848,0.00826,0.00828,0.00837,42325295.0904261,1695,kraken
1779494400,0.00826,0.00849,0.00816,0.00841,0.00828,32800382.65412131,1320,kraken
1779580800,0.00843,0.00848,0.00821,0.00829,0.0083,24573324.76727729,1076,kraken
1779667200,0.0083,0.00838,0.00826,0.00827,0.00831,16554673.84183682,873,kraken
1779753600,0.00828,0.00837,0.00815,0.00816,0.00822,26850823.93664989,1169,kraken
1779840000,0.00815,0.00823,0.00799,0.008,0.00813,22814220.52138701,1096,kraken
1779926400,0.00799,0.00799,0.00771,0.0078,0.00782,34638514.38090299,1810,kraken
1780012800,0.0078,0.00792,0.00768,0.00775,0.00778,58196202.15352704,2069,kraken
1780099200,0.00775,0.0078,0.00765,0.00773,0.00773,26989209.49447755,1468,kraken
1780185600,0.00773,0.00779,0.00763,0.00771,0.0077,35180285.44347242,1462,kraken
1780272000,0.00771,0.00773,0.00742,0.00754,0.00752,65567082.35727636,2301,kraken
1780358400,0.00753,0.00753,0.00706,0.00716,0.00731,81372613.17797431,2900,kraken
1780444800,0.00715,0.00736,0.00709,0.00719,0.00724,42438769.14402972,2007,kraken
1780531200,0.00717,0.00731,0.00688,0.00712,0.00709,89961050.59659638,3986,kraken
1780617600,0.00712,0.00713,0.0066,0.00671,0.00679,79693490.291833,3784,kraken
1780704000,0.0067,0.00676,0.00647,0.00675,0.00664,41456609.04772115,1974,kraken
1780790400,0.00674,0.00721,0.00673,0.00717,0.00697,29953041.97591773,1655,kraken
1780876800,0.00715,0.00738,0.00701,0.00728,0.00715,35616003.71254339,1780,kraken
1780963200,0.00728,0.0073,0.00692,0.007,0.00707,32589561.87036996,1818,kraken
1781049600,0.00699,0.00702,0.00679,0.00683,0.00689,28625000.31601811,1490,kraken
1781136000,0.00685,0.00761,0.00685,0.00752,0.00726,108388664.20810205,3514,kraken
1781222400,0.00751,0.00822,0.00735,0.00793,0.00777,115003592.56878248,3871,kraken
1781308800,0.00792,0.00804,0.00779,0.00789,0.0079,42479647.34759449,1958,kraken
1781395200,0.00788,0.00813,0.00775,0.00805,0.00794,55064567.59884663,2145,kraken
1781481600,0.00804,0.00825,0.00793,0.00799,0.00811,52115289.15995451,2368,kraken
1781568000,0.00798,0.00824,0.00766,0.00774,0.0079,76538529.37018953,2870,kraken
1781654400,0.00773,0.00779,0.00751,0.00754,0.00764,25977656.49202206,1621,kraken
1781740800,0.00753,0.0076,0.00726,0.00738,0.00742,26216717.8030645,1683,kraken
1781827200,0.00737,0.00743,0.0073,0.00739,0.00737,19075354.20735145,1266,kraken
1781913600,0.00738,0.00749,0.00732,0.00742,0.00737,15322027.37419055,1159,kraken
1782000000,0.00741,0.00752,0.00736,0.00741,0.00743,18122775.37960654,1134,kraken
1782086400,0.00739,0.00748,0.00728,0.00735,0.00739,25755436.64745649,1481,kraken
1782172800,0.00734,0.00736,0.00692,0.00706,0.00708,32830237.99987189,1907,kraken
1782259200,0.00706,0.00709,0.0067,0.00696,0.00688,49131491.54668683,2456,kraken
1782345600,0.00696,0.00709,0.00673,0.00681,0.0069,63476347.82995779,2279,kraken
1782432000,0.00681,0.0069,0.0066,0.00681,0.00674,57921669.78188458,1953,kraken
1782518400,0.0068,0.00686,0.00658,0.00668,0.00672,36538421.83277274,1362,kraken
1782604800,0.00667,0.00673,0.00655,0.0066,0.00664,38333757.1525922,1508,kraken
1782691200,0.00659,0.00664,0.0065,0.00657,0.00656,39069803.66286025,1543,kraken
1782777600,0.00657,0.00667,0.00634,0.00641,0.00648,54468874.97844636,2167,kraken
1782864000,0.00641,0.0065,0.00633,0.00644,0.00641,29941220.92323715,1962,kraken
1782950400,0.00644,0.00677,0.00633,0.00668,0.00662,41124299.96953469,2010,kraken
1783036800,0.00667,0.00709,0.00664,0.00699,0.00688,43624223.34376884,1873,kraken
1783123200,0.007,0.00717,0.00693,0.00706,0.00707,21411313.51835606,1461,kraken
1783209600,0.00705,0.00705,0.0068,0.00703,0.00696,27120911.25926333,1715,kraken
1783296000,0.00702,0.00708,0.00674,0.0069,0.00687,23422679.55618111,1177,kraken
1783382400,0.00688,0.00691,0.00674,0.00674,0.0068,25632185.0491952,1280,kraken
1783468800,0.00674,0.00675,0.00646,0.00657,0.00654,23962891.70107947,1315,kraken
1783555200,0.00657,0.00665,0.0065,0.00662,0.0066,20116437.93233456,1065,kraken
1783641600,0.00661,0.0067,0.00661,0.00665,0.00665,28383879.33115379,1287,kraken
1783728000,0.00665,0.00679,0.00661,0.00665,0.00666,21976010.95873774,1208,kraken
1783814400,0.00664,0.00664,0.00642,0.00647,0.00653,33491988.07274727,1514,kraken
1783900800,0.00648,0.00653,0.00633,0.0064,0.00639,13994272.62951077,1121,kraken
1783987200,0.0064,0.00721,0.0064,0.00664,0.00664,98756017.60218722,3746,kraken
1784073600,0.00666,0.00677,0.00659,0.00662,0.00665,19278069.44308204,1313,kraken
1784160000,0.00662,0.00676,0.00653,0.00664,0.00663,18594621.35716706,1306,kraken
1784246400,0.00663,0.00664,0.00646,0.00654,0.00653,33189412.57964566,1447,kraken
1784332800,0.00654,0.00657,0.00646,0.00657,0.00651,11325396.15320083,963,kraken
1784419200,0.00657,0.0066,0.00641,0.00651,0.00649,27460513.68861621,1272,kraken
1784505600,0.00651,0.00654,0.00638,0.00646,0.00644,20713497.44476355,1149,kraken
1784592000,0.00646,0.00717,0.00645,0.00679,0.00682,62569694.45817579,3412,kraken
1784678400,0.00679,0.00681,0.00658,0.00665,0.00666,12631637.13945058,958,kraken
1784764800,0.00666,0.00671,0.00643,0.00646,0.00652,20311637.92576473,2273,kraken
1784851200,0.00647,0.00651,0.00637,0.00641,0.00643,12626051.54067252,885,kraken
1784937600,0.00641,0.00645,0.00636,0.00642,0.0064,10441142.85812674,756,kraken
1785024000,0.00642,0.00644,0.00636,0.00643,0.0064,8793249.43440766,685,kraken
1785110400,0.00644,0.00645,0.00626,0.00627,0.00635,13533454.49993042,1089,kraken
1785196800,0.00628,0.00628,0.00616,0.00625,0.00622,23938188.52437986,1384,kraken
1785283200,0.00625,0.00634,0.0062,0.00631,0.00626,17777003.78596084,1032,kraken
1785369600,0.00631,0.00636,0.00623,0.0063,0.00629,15577906.78793083,1002,kraken
1785456000,0.0063,0.00657,0.00619,0.00625,0.00629,20175990.25075905,1446,kraken
1785542400,0.00626,0.0063,0.00616,0.00625,0.0062,18616164.8714638,1087,kraken
1785628800,0.00625,0.00635,0.00623,0.00633,0.00627,10873221.65551358,818,kraken
1785715200,0.00634,0.00634,0.00625,0.0063,0.00628,15819276.76328044,1009,kraken
1785801600,0.0063,0.0063,0.00605,0.00611,0.00611,35511327.53230151,1435,kraken
1785888000,0.00611,0.00614,0.00586,0.00599,0.00596,40323686.5741187,1476,kraken
1785974400,0.00599,0.00602,0.00594,0.00596,0.00597,26346361.02394976,952,kraken
1786060800,0.00596,0.00602,0.00591,0.00601,0.00596,37051354.68570312,1118,kraken
1786147200,0.00601,0.00612,0.00597,0.00609,0.00605,26044302.86298679,878,kraken
1786233600,0.00609,0.00613,0.00605,0.0061,0.00608,22165264.78279978,776,kraken
1786320000,0.00611,0.00617,0.00599,0.00606,0.00607,44576265.34462465,1098,kraken
1786406400,0.00606,0.00616,0.00599,0.00607,0.00605,56209306.70891796,1517,kraken
1786492800,0.00606,0.00608,0.00598,0.00602,0.00602,31146232.97716965,876,kraken
1786579200,0.00602,0.00604,0.00591,0.00601,0.00597,28017267.12924056,1071,kraken
1786665600,0.00601,0.00603,0.00592,0.00598,0.00597,24306059.07455201,922,kraken
1786752000,0.00598,0.006,0.00591,0.00597,0.00595,19647049.63059754,849,kraken
1786838400,0.00597,0.00599,0.00589,0.00591,0.00592,18630725.48730052,966,kraken
1786924800,0.00591,0.00596,0.00588,0.00596,0.0059,17749015.28461398,757,kraken
1787011200,0.00595,0.00596,0.00587,0.00588,0.00588,15330949.62790351,702,kraken
1787097600,0.00588,0.00652,0.00585,0.00639,0.0062,86331165.78083412,2212,kraken
1787184000,0.00639,0.00705,0.00629,0.00695,0.00663,117133562.04825284,3337,kraken
1787270400,0.00695,0.00763,0.00692,0.0076,0.00725,97187481.7604404,3222,kraken
1787356800,0.00761,0.00789,0.00701,0.00714,0.00733,91068015.53681728,3410,kraken
1787443200,0.00715,0.00727,0.00698,0.00721,0.00714,22110896.72295843,1496,kraken
1787529600,0.00721,0.00721,0.0069,0.00692,0.00702,45688157.22085351,1813,kraken
1787616000,0.00692,0.00699,0.00654,0.0066,0.0068,51137800.29553875,1907,kraken
1787702400,0.00659,0.00662,0.00631,0.00649,0.00649,55960057.25416386,2629,kraken
1787788800,0.00649,0.00675,0.00632,0.0067,0.00659,64529232.04723423,2125,kraken
1787875200,0.00669,0.00669,0.00623,0.00634,0.00643,35226675.35638324,1564,kraken
1787961600,0.00634,0.00637,0.00618,0.0063,0.00627,32337811.48097826,1031,kraken
1788048000,0.00631,0.0075,0.00624,0.00632,0.00645,49760789.00244875,1892,kraken
1788134400,0.00632,0.0082,0.0063,0.00706,0.00701,178872822.51285726,6613,kraken
1788220800,0.00705,0.0073,0.0066,0.00667,0.00695,68747025.88510364,2847,kraken
1788307200,0.00666,0.0068,0.0065,0.00674,0.00663,44781041.22343713,2249,kraken
1788393600,0.00676,0.00708,0.00668,0.00695,0.00683,38837943.67808858,1843,kraken
1788480000,0.00695,0.00696,0.00665,0.00673,0.0068,26743278.7623037,1643,kraken
1788566400,0.00673,0.00676,0.0066,0.00672,0.00667,36589471.5779528,1319,kraken
1788652800,0.00672,0.0068,0.00656,0.0067,0.00666,54029747.08075366,1653,kraken
1788739200,0.0067,0.00673,0.00653,0.00656,0.00662,102515882.18295623,2061,kraken
1788825600,0.00657,0.00664,0.00646,0.00655,0.00653,38619474.66000744,1376,kraken
1788912000,0.00655,0.00661,0.00633,0.00642,0.00646,69488432.98482184,1728,kraken
1788998400,0.00641,0.00647,0.00629,0.00631,0.00635,17720297.95161845,1401,kraken
1789084800,0.00631,0.00646,0.00625,0.00638,0.00631,27594453.29080312,1221,kraken
1789171200,0.00638,0.00653,0.00634,0.00651,0.00643,12187816.63661836,840,kraken
1789257600,0.00651,0.00654,0.00639,0.0064,0.00646,12799086.00117724,1018,kraken
1789344000,0.0064,0.00685,0.0064,0.00663,0.00662,41249284.99823144,1723,kraken
1789430400,0.00663,0.0076,0.00623,0.00629,0.00661,135400541.44452327,3012,kraken
1789516800,0.00629,0.00636,0.00621,0.00633,0.00627,20924860.65412767,762,kraken
1789603200,0.00633,0.00642,0.00627,0.00641,0.00633,27986756.83273915,1154,kraken
1789689600,0.00642,0.00669,0.00636,0.00662,0.00653,43375610.56894406,1295,kraken
1789776000,0.00662,0.0067,0.00654,0.00665,0.00662,46947655.56110293,1467,kraken
1789862400,0.00664,0.00664,0.00642,0.0066,0.00651,19473171.57062216,748,kraken
1789948800,0.00661,0.00699,0.00652,0.00694,0.00681,65494991.8378825,2429,kraken
1790035200,0.00695,0.00725,0.00679,0.00721,0.00706,50920089.79898372,1618,kraken
1790121600,0.00721,0.0076,0.00697,0.00712,0.00731,77178503.29618452,3482,kraken
1790208000,0.0071,0.00725,0.00695,0.00718,0.00711,62727215.08186726,1697,kraken
1790294400,0.00718,0.00739,0.0071,0.00733,0.00721,62054159.80037356,2521,kraken
1790380800,0.00733,0.00742,0.00721,0.00735,0.00729,59869010.60223859,1384,kraken
1790467200,0.00736,0.0074,0.00701,0.00715,0.00724,41828897.3658257,2171,kraken
1790553600,0.00715,0.0072,0.00694,0.00716,0.00708,40568392.4471782,1769,kraken
1790640000,0.00717,0.00759,0.007,0.00754,0.00735,78760697.03145729,3209,kraken
1790726400,0.00754,0.00763,0.00735,0.00737,0.0075,62071416.53401043,1950,kraken
1790812800,0.00737,0.00752,0.00731,0.0074,0.00738,48364146.82941417,2229,kraken
1790899200,0.0074,0.00748,0.0071,0.00721,0.00732,63474524.11431496,2549,kraken
1790985600,0.0072,0.00726,0.00712,0.00718,0.00719,17386652.24976051,1154,kraken
1791072000,0.00717,0.0073,0.00667,0.0073,0.00717,47461337.00026202,1299,kraken
1791158400,0.00729,0.00733,0.00718,0.00722,0.00724,31142615.81172085,1784,kraken
1791244800,0.00723,0.00731,0.00716,0.00728,0.00722,18776703.33105581,1357,kraken
1791331200,0.00727,0.00731,0.00693,0.00697,0.00705,32494643.78054933,1753,kraken
1791417600,0.00697,0.00699,0.00666,0.0068,0.00685,45380687.25173319,2072,kraken
1791504000,0.00682,0.0074,0.0068,0.00706,0.00704,50217321.85065954,2292,kraken
