time,open,high,low,close,vwap,volume,count,source
1633737600,7.873,8.393,7.787,8.055,8.078333333333333,92206.69,0,coinbase
1633824000,8.041,8.153,7.414,7.452,7.672999999999999,148399.71,0,coinbase
1633910400,7.43,7.773,7.222,7.451,7.482,98488.05,0,coinbase
1633996800,7.451,7.454,6.814,7.094,7.120666666666668,118045.98,0,coinbase
1634083200,7.099,7.5,6.913,7.384,7.265666666666667,158657.43,0,coinbase
1634169600,7.385,7.974,7.36,7.519,7.6176666666666675,154249.63,0,coinbase
1634256000,7.534,8.833,7.326,7.988,8.049,377142.82,0,coinbase
1634342400,7.992,8.636,7.917,8.198,8.250333333333332,219209.96,0,coinbase
1634428800,8.199,15.979,8.013,10.103,11.365,2447071.0,0,coinbase
1634515200,10.079,11.89,9.285,9.566,10.247,1154482.35,0,coinbase
1634601600,9.565,13.444,9.348,11.212,11.334666666666669,1675443.76,0,coinbase
1634688000,11.216,11.911,10.434,10.778,11.040999999999999,652208.46,0,coinbase
1634774400,10.789,11.0,9.821,10.254,10.358333333333333,363891.6,0,coinbase
1634860800,10.273,10.824,10.129,10.209,10.387333333333332,209204.82,0,coinbase
1634947200,10.208,10.265,9.861,10.023,10.049666666666667,144909.12,0,coinbase
1635033600,10.012,10.103,9.318,9.519,9.646666666666667,147344.19,0,coinbase
1635120000,9.519,10.44,9.415,10.002,9.952333333333334,189524.48,0,coinbase
1635206400,10.01,10.084,9.071,9.18,9.445,203670.72,0,coinbase
1635292800,9.183,9.358,7.753,8.009,8.373333333333333,606486.57,0,coinbase
1635379200,8.039,8.678,7.936,8.574,8.396,302316.79,0,coinbase
1635465600,8.561,9.111,8.493,9.025,8.876333333333333,202049.79,0,coinbase
1635552000,9.037,9.076,8.488,8.546,8.703333333333333,331330.48,0,coinbase
1635638400,8.549,8.64,8.061,8.53,8.410333333333334,244627.24,0,coinbase
1635724800,8.537,10.0,8.305,9.251,9.185333333333332,574532.56,0,coinbase
1635811200,9.249,10.0,9.136,9.822,9.652666666666667,171679.32,0,coinbase
1635897600,9.822,9.826,9.013,9.797,9.545333333333334,173322.0,0,coinbase
1635984000,9.793,10.268,9.098,9.157,9.507666666666667,306835.46,0,coinbase
1636070400,9.153,9.175,8.568,8.646,8.796333333333335,221551.48,0,coinbase
1636156800,8.641,9.39,8.536,8.876,8.934,233171.38,0,coinbase
1636243200,8.844,9.398,8.844,9.391,9.210999999999999,272656.47,0,coinbase
1636329600,9.391,9.717,9.092,9.717,9.508666666666668,206270.01,0,coinbase
1636416000,9.717,10.973,9.616,9.95,10.179666666666666,404905.68,0,coinbase
1636502400,9.986,10.54,7.997,9.052,9.196333333333333,318430.5,0,coinbase
1636588800,9.052,9.525,8.813,9.456,9.264666666666667,105361.67,0,coinbase
1636675200,9.447,9.802,8.829,9.211,9.280666666666667,76302.99,0,coinbase
1636761600,9.253,9.552,9.054,9.187,9.264333333333333,51724.29,0,coinbase
1636848000,9.193,9.799,9.122,9.347,9.422666666666666,95402.8,0,coinbase
1636934400,9.35,9.795,8.86,8.932,9.195666666666668,121623.68,0,coinbase
1637020800,8.932,8.932,7.699,8.02,8.217,169364.43,0,coinbase
1637107200,8.054,8.336,7.716,8.289,8.113666666666667,76208.35,0,coinbase
1637193600,8.299,8.399,7.144,7.291,7.6113333333333335,154887.93,0,coinbase
1637280000,7.291,7.913,7.124,7.89,7.642333333333333,91470.22,0,coinbase
1637366400,7.908,8.284,7.593,7.875,7.9173333333333344,107063.53,0,coinbase
1637452800,7.875,8.338,7.652,7.786,7.925333333333332,101854.73,0,coinbase
1637539200,7.811,8.47,7.513,8.002,7.995,253277.15,0,coinbase
1637625600,8.002,9.49,7.885,9.027,8.800666666666666,340823.07,0,coinbase
1637712000,9.03,9.236,8.445,8.985,8.888666666666667,113077.65,0,coinbase
1637798400,8.985,10.439,8.82,9.57,9.609666666666667,255860.26,0,coinbase
1637884800,9.565,27.929,9.35,24.4,20.559666666666665,4731043.32,0,coinbase
1637971200,24.602,28.993,19.53,20.35,22.957666666666665,5092913.2,0,coinbase
1638057600,20.348,22.425,17.404,18.627,19.485333333333333,1350475.54,0,coinbase
1638144000,18.62,21.637,17.42,17.856,18.971,619655.79,0,coinbase
1638230400,17.881,18.74,15.836,17.293,17.289666666666665,425590.91,0,coinbase
1638316800,17.31,18.393,15.485,16.512,16.796666666666667,680083.96,0,coinbase
1638403200,16.457,16.563,14.845,15.46,15.622666666666667,351171.48,0,coinbase
1638489600,15.439,17.257,13.149,13.639,14.681666666666667,768534.62,0,coinbase
1638576000,13.633,13.695,10.765,12.093,12.184333333333333,306118.67,0,coinbase
1638662400,12.123,12.282,10.347,11.416,11.348333333333334,313508.78,0,coinbase
1638748800,11.43,12.724,10.136,11.202,11.354,755545.73,0,coinbase
1638835200,11.193,14.922,11.078,13.695,13.231666666666667,1098613.47,0,coinbase
1638921600,13.674,13.939,11.875,12.263,12.692333333333332,398207.87,0,coinbase
1639008000,12.271,12.361,10.47,10.48,11.103666666666669,279517.37,0,coinbase
1639094400,10.56,11.886,9.94,10.02,10.615333333333334,446615.87,0,coinbase
1639180800,10.02,10.63,9.71,10.47,10.270000000000001,118030.48,0,coinbase
1639267200,10.49,10.86,9.96,10.56,10.46,132203.74,0,coinbase
1639353600,10.56,10.8,8.7,8.89,9.463333333333333,189984.93,0,coinbase
1639440000,8.89,9.32,8.6,9.08,9.0,209916.22,0,coinbase
1639526400,9.05,9.45,8.38,9.33,9.053333333333333,168121.49,0,coinbase
1639612800,9.35,10.97,9.28,9.93,10.06,392352.16,0,coinbase
1639699200,9.93,11.4,9.54,10.21,10.383333333333333,525541.12,0,coinbase
1639785600,10.23,10.84,9.85,9.87,10.186666666666666,227036.53,0,coinbase
1639872000,9.89,9.99,9.2,9.2,9.463333333333333,109374.75,0,coinbase
1639958400,9.2,9.31,8.51,9.01,8.943333333333333,116217.52,0,coinbase
1640044800,9.01,9.75,8.76,9.54,9.35,135527.81,0,coinbase
1640131200,9.54,18.15,9.45,10.62,12.74,2500126.8,0,coinbase
1640217600,10.63,12.47,10.42,11.89,11.593333333333334,862576.37,0,coinbase
1640304000,11.89,15.92,11.43,15.7,14.35,1128092.44,0,coinbase
1640390400,15.7,19.655,14.72,16.14,16.838333333333335,2195820.18,0,coinbase
1640476800,16.06,16.83,14.89,15.2,15.64,482695.09,0,coinbase
1640563200,15.17,15.79,14.09,14.16,14.68,281916.87,0,coinbase
1640649600,14.16,15.45,13.41,14.64,14.5,419093.6,0,coinbase
1640736000,14.62,16.88,13.33,13.54,14.583333333333334,709994.6,0,coinbase
1640822400,13.54,13.58,12.72,12.93,13.076666666666668,178480.86,0,coinbase
1640908800,12.92,13.72,12.34,12.7,12.920000000000002,138397.44,0,coinbase
1640995200,12.69,14.35,12.69,13.58,13.54,191528.31,0,coinbase
1641081600,13.6,15.17,13.47,14.77,14.469999999999999,287957.67,0,coinbase
1641168000,14.77,14.99,13.26,13.76,14.003333333333332,133996.09,0,coinbase
1641254400,13.77,16.11,13.45,15.7,15.086666666666666,477117.55,0,coinbase
1641340800,15.69,15.82,12.44,13.31,13.856666666666667,353513.14,0,coinbase
1641427200,13.29,13.91,12.44,13.1,13.15,236116.32,0,coinbase
1641513600,13.08,13.34,11.53,12.12,12.329999999999998,207779.5,0,coinbase
1641600000,12.13,12.48,10.39,10.73,11.200000000000001,238553.8,0,coinbase
1641686400,10.75,11.71,10.58,11.38,11.223333333333334,269955.99,0,coinbase
1641772800,11.36,11.73,10.15,10.7,10.86,176373.93,0,coinbase
1641859200,10.7,11.29,10.51,11.23,11.01,100744.62,0,coinbase
1641945600,11.24,12.17,11.06,12.01,11.746666666666668,152702.11,0,coinbase
1642032000,11.99,12.21,11.02,11.07,11.433333333333332,137037.93,0,coinbase
1642118400,11.08,11.18,10.57,10.99,10.913333333333334,109309.2,0,coinbase
1642204800,11.0,11.59,10.94,11.14,11.223333333333334,137258.47,0,coinbase
1642291200,11.12,11.43,10.82,11.39,11.213333333333333,83576.69,0,coinbase
1642377600,11.39,12.62,10.99,12.55,12.053333333333333,459012.57,0,coinbase
1642464000,12.59,13.28,11.03,11.41,11.906666666666666,385821.52,0,coinbase
1642550400,11.41,11.61,10.2,10.24,10.683333333333332,174999.52,0,coinbase
1642636800,10.25,10.92,9.44,9.51,9.956666666666665,335752.27,0,coinbase
1642723200,9.51,9.61,7.67,7.94,8.406666666666668,447999.68,0,coinbase
1642809600,7.95,8.14,6.13,6.99,7.086666666666666,289862.49,0,coinbase
1642896000,6.98,7.43,6.78,7.33,7.18,193235.03,0,coinbase
1642982400,7.3,7.36,5.87,6.7,6.6433333333333335,248282.1,0,coinbase
1643068800,6.69,7.07,6.5,6.91,6.826666666666667,248414.16,0,coinbase
1643155200,6.88,7.7,6.75,7.03,7.16,276677.43,0,coinbase
1643241600,7.03,7.11,6.43,6.75,6.763333333333333,137392.32,0,coinbase
1643328000,6.74,7.26,6.59,7.11,6.986666666666667,172470.86,0,coinbase
1643414400,7.11,7.7,7.08,7.35,7.376666666666668,128283.97,0,coinbase
1643500800,7.36,7.8,7.09,7.3,7.396666666666667,171354.0,0,coinbase
1643587200,7.28,7.4,6.8,7.33,7.176666666666667,79992.42,0,coinbase
1643673600,7.32,8.49,7.27,8.06,7.94,322233.78,0,coinbase
1643760000,8.08,8.44,7.5,7.54,7.826666666666667,196728.71,0,coinbase
1643846400,7.57,7.61,7.05,7.27,7.31,64664.21,0,coinbase
1643932800,7.27,8.02,7.24,8.02,7.760000000000001,72425.91,0,coinbase
1644019200,8.02,8.74,8.0,8.15,8.296666666666667,160497.37,0,coinbase
1644105600,8.17,8.77,8.08,8.6,8.483333333333334,204412.38,0,coinbase
1644192000,8.59,9.41,8.29,9.09,8.93,301865.22,0,coinbase
1644278400,9.09,9.53,8.18,8.65,8.786666666666667,203420.96,0,coinbase
1644364800,8.66,9.79,8.41,9.33,9.176666666666668,262741.12,0,coinbase
1644451200,9.32,9.42,8.41,8.54,8.79,300319.62,0,coinbase
1644537600,8.53,9.3,7.83,7.96,8.363333333333335,364923.31,0,coinbase
1644624000,7.94,8.17,7.58,7.8,7.8500000000000005,236628.69,0,coinbase
1644710400,7.79,7.98,7.24,7.29,7.503333333333334,187586.65,0,coinbase
1644796800,7.29,7.35,6.79,7.18,7.1066666666666665,104819.27,0,coinbase
1644883200,7.19,8.0,7.15,8.0,7.716666666666666,176104.87,0,coinbase
1644969600,7.97,8.35,7.74,8.2,8.096666666666666,277323.45,0,coinbase
1645056000,8.18,8.24,7.08,7.15,7.489999999999999,133258.68,0,coinbase
1645142400,7.15,7.44,6.86,6.92,7.073333333333333,76358.7,0,coinbase
1645228800,6.92,7.2,6.75,7.0,6.983333333333333,89827.55,0,coinbase
1645315200,6.98,7.01,6.31,6.59,6.636666666666667,81657.37,0,coinbase
1645401600,6.56,7.02,5.91,5.95,6.293333333333333,147667.63,0,coinbase
1645488000,5.96,6.28,5.69,6.26,6.076666666666667,149855.41,0,coinbase
1645574400,6.23,6.47,5.82,5.85,6.046666666666667,69553.19,0,coinbase
1645660800,5.84,5.95,4.91,5.89,5.583333333333333,286371.29,0,coinbase
1645747200,5.89,6.38,5.79,6.33,6.166666666666667,87557.46,0,coinbase
1645833600,6.35,6.57,6.19,6.28,6.346666666666668,59042.93,0,coinbase
1645920000,6.3,6.35,5.76,5.9,6.003333333333333,73800.83,0,coinbase
1646006400,5.9,6.86,5.79,6.8,6.483333333333333,84578.27,0,coinbase
1646092800,6.8,7.07,6.54,6.81,6.806666666666666,105494.53,0,coinbase
1646179200,6.82,6.92,6.55,6.67,6.713333333333334,67997.65,0,coinbase
1646265600,6.67,6.82,6.26,6.35,6.476666666666667,54817.3,0,coinbase
1646352000,6.35,6.46,5.79,5.82,6.023333333333333,133844.75,0,coinbase
1646438400,5.8,6.09,5.69,6.02,5.933333333333334,49598.99,0,coinbase
1646524800,6.02,6.09,5.56,5.58,5.743333333333332,50301.21,0,coinbase
1646611200,5.6,5.96,5.35,5.58,5.63,57124.91,0,coinbase
1646697600,5.6,5.88,5.54,5.72,5.713333333333334,65597.79,0,coinbase
1646784000,5.74,6.72,5.73,6.29,6.246666666666666,208554.12,0,coinbase
1646870400,6.31,6.35,5.59,5.72,5.886666666666667,105572.05,0,coinbase
1646956800,5.72,5.88,5.48,5.59,5.6499999999999995,83464.65,0,coinbase
1647043200,5.58,5.76,5.3,5.33,5.463333333333334,60120.67,0,coinbase
1647129600,5.33,5.48,5.18,5.23,5.296666666666667,77739.47,0,coinbase
1647216000,5.22,5.6,5.19,5.44,5.41,60028.46,0,coinbase
1647302400,5.44,5.46,5.16,5.38,5.333333333333333,67226.01,0,coinbase
1647388800,5.4,5.81,5.36,5.8,5.656666666666666,69260.73,0,coinbase
1647475200,5.79,5.88,5.57,5.64,5.696666666666666,65221.19,0,coinbase
1647561600,5.6,6.02,5.49,5.95,5.82,60197.35,0,coinbase
1647648000,5.97,7.9,5.92,7.03,6.95,942296.4,0,coinbase
1647734400,7.03,7.53,6.46,6.49,6.826666666666667,244270.26,0,coinbase
1647820800,6.5,7.21,6.38,6.56,6.716666666666666,189190.68,0,coinbase
1647907200,6.56,7.27,6.48,6.98,6.91,123694.89,0,coinbase
1647993600,6.97,7.21,6.71,7.16,7.026666666666666,99207.11,0,coinbase
1648080000,7.17,8.03,7.05,7.49,7.523333333333333,216913.99,0,coinbase
1648166400,7.47,7.66,6.91,7.02,7.196666666666666,135284.1,0,coinbase
1648252800,7.02,7.26,6.94,7.19,7.13,49794.23,0,coinbase
1648339200,7.2,7.43,6.96,7.39,7.260000000000001,59505.9,0,coinbase
1648425600,7.38,8.2,7.12,7.37,7.5633333333333335,228345.26,0,coinbase
1648512000,7.36,7.96,7.35,7.9,7.736666666666667,90430.65,0,coinbase
1648598400,7.88,8.15,7.36,7.86,7.79,86759.85,0,coinbase
1648684800,7.84,8.17,7.12,7.31,7.533333333333332,102373.23,0,coinbase
1648771200,7.32,8.78,6.84,8.1,7.906666666666666,301815.0,0,coinbase
1648857600,8.09,8.41,7.72,7.8,7.976666666666667,108592.37,0,coinbase
1648944000,7.81,8.71,7.67,8.19,8.19,141096.19,0,coinbase
1649030400,8.18,8.21,7.32,7.74,7.756666666666668,75749.29,0,coinbase
1649116800,7.73,8.21,7.31,7.35,7.623333333333332,87556.11,0,coinbase
1649203200,7.33,7.36,6.42,6.46,6.746666666666667,135587.73,0,coinbase
1649289600,6.46,7.03,6.32,6.83,6.726666666666667,84032.99,0,coinbase
1649376000,6.83,6.94,6.2,6.27,6.47,36203.51,0,coinbase
1649462400,6.28,6.72,6.28,6.66,6.553333333333334,41461.18,0,coinbase
1649548800,6.65,6.79,6.31,6.33,6.476666666666667,34288.48,0,coinbase
1649635200,6.33,6.39,5.5,5.64,5.843333333333334,75487.94,0,coinbase
1649721600,5.66,6.14,5.6,5.95,5.896666666666666,91499.68,0,coinbase
1649808000,5.94,6.2,5.71,6.2,6.036666666666666,54492.04,0,coinbase
1649894400,6.18,6.3,5.74,5.84,5.96,58379.6,0,coinbase
1649980800,5.85,6.13,5.84,6.1,6.023333333333333,54579.7,0,coinbase
1650067200,6.12,6.24,5.9,6.12,6.086666666666667,54001.36,0,coinbase
1650153600,6.13,6.38,5.78,5.84,6.0,45411.51,0,coinbase
1650240000,5.83,6.04,5.58,5.95,5.8566666666666665,42092.56,0,coinbase
1650326400,5.97,6.22,5.89,6.16,6.09,42891.34,0,coinbase
1650412800,6.17,6.77,6.06,6.29,6.373333333333332,93192.41,0,coinbase
1650499200,6.31,6.62,5.71,5.84,6.0566666666666675,82201.41,0,coinbase
1650585600,5.83,6.09,5.79,5.98,5.953333333333333,31502.44,0,coinbase
1650672000,5.98,6.11,5.84,5.95,5.966666666666666,32018.85,0,coinbase
1650758400,5.97,6.09,5.78,5.85,5.906666666666666,17997.61,0,coinbase
1650844800,5.86,5.87,5.32,5.8,5.663333333333334,87891.46,0,coinbase
1650931200,5.8,6.07,5.18,5.27,5.506666666666667,120781.53,0,coinbase
1651017600,5.27,5.61,5.2,5.49,5.433333333333334,38086.82,0,coinbase
1651104000,5.48,5.62,5.33,5.47,5.473333333333333,40335.48,0,coinbase
1651190400,5.46,5.57,5.03,5.19,5.2633333333333345,41700.3,0,coinbase
1651276800,5.18,5.37,4.25,4.5,4.706666666666667,125523.59,0,coinbase
1651363200,4.5,4.81,4.35,4.74,4.633333333333334,78261.45,0,coinbase
1651449600,4.75,4.99,4.44,4.67,4.7,82337.81,0,coinbase
1651536000,4.66,5.41,4.63,4.74,4.926666666666667,279298.81,0,coinbase
1651622400,4.74,5.2,4.7,5.15,5.016666666666667,106609.94,0,coinbase
1651708800,5.15,5.24,4.36,4.57,4.723333333333334,102868.74,0,coinbase
1651795200,4.57,4.77,4.4,4.69,4.62,87916.87,0,coinbase
1651881600,4.67,4.73,4.33,4.53,4.53,46147.56,0,coinbase
1651968000,4.53,4.56,4.29,4.47,4.44,46949.94,0,coinbase
1652054400,4.48,4.6,3.26,3.33,3.73,145690.93,0,coinbase
1652140800,3.34,3.94,3.21,3.4,3.516666666666667,125437.21,0,coinbase
1652227200,3.42,3.56,2.08,2.35,2.6633333333333336,468195.85,0,coinbase
1652313600,2.37,2.5,1.58,2.17,2.0833333333333335,641097.52,0,coinbase
1652400000,2.16,2.72,2.13,2.33,2.393333333333333,319482.37,0,coinbase
1652486400,2.33,2.59,2.09,2.58,2.42,129742.88,0,coinbase
1652572800,2.56,2.58,2.3,2.52,2.466666666666667,70640.79,0,coinbase
1652659200,2.52,2.52,2.18,2.26,2.32,174706.51,0,coinbase
1652745600,2.26,2.62,2.26,2.58,2.486666666666667,103705.67,0,coinbase
1652832000,2.57,2.68,2.22,2.24,2.3800000000000003,121801.42,0,coinbase
1652918400,2.24,2.7,2.12,2.65,2.49,116967.62,0,coinbase
1653004800,2.65,2.78,2.35,2.47,2.533333333333333,124806.12,0,coinbase
1653091200,2.48,3.01,2.41,2.9,2.7733333333333334,174635.0,0,coinbase
1653177600,2.9,3.19,2.68,2.8,2.89,192057.22,0,coinbase
1653264000,2.78,2.92,2.5,2.57,2.6633333333333336,80463.13,0,coinbase
1653350400,2.58,2.7,2.45,2.67,2.606666666666667,47019.82,0,coinbase
1653436800,2.67,2.75,2.56,2.61,2.64,38918.22,0,coinbase
1653523200,2.62,2.7,2.25,2.31,2.42,98097.44,0,coinbase
1653609600,2.32,2.38,2.14,2.25,2.2566666666666664,50953.46,0,coinbase
1653696000,2.27,2.37,2.19,2.35,2.3033333333333332,68887.61,0,coinbase
1653782400,2.36,2.52,2.22,2.52,2.42,75465.88,0,coinbase
1653868800,2.52,2.88,2.48,2.85,2.7366666666666664,73287.63,0,coinbase
1653955200,2.85,3.82,2.73,3.45,3.3333333333333335,792475.99,0,coinbase
1654041600,3.44,3.49,2.57,2.69,2.9166666666666665,268393.71,0,coinbase
1654128000,2.68,2.79,2.54,2.77,2.6999999999999997,104901.04,0,coinbase
1654214400,2.76,2.82,2.6,2.73,2.716666666666667,80046.65,0,coinbase
1654300800,2.73,2.85,2.57,2.81,2.7433333333333336,75757.92,0,coinbase
1654387200,2.8,2.83,2.67,2.72,2.74,57590.56,0,coinbase
1654473600,2.71,2.96,2.71,2.84,2.8366666666666664,104932.35,0,coinbase
1654560000,2.83,3.23,2.56,2.81,2.8666666666666667,251823.01,0,coinbase
1654646400,2.82,3.72,2.73,3.11,3.186666666666667,621012.75,0,coinbase
1654732800,3.12,3.25,3.0,3.17,3.14,273998.73,0,coinbase
1654819200,3.18,3.6,2.99,3.49,3.36,382878.56,0,coinbase
1654905600,3.49,3.55,2.59,2.63,2.9233333333333333,251798.28,0,coinbase
1654992000,2.63,2.8,2.35,2.42,2.5233333333333334,320598.23,0,coinbase
1655078400,2.44,2.47,1.96,2.19,2.2066666666666666,534991.91,0,coinbase
1655164800,2.19,2.39,1.99,2.26,2.2133333333333334,291242.41,0,coinbase
1655251200,2.26,2.47,1.99,2.46,2.3066666666666666,186405.55,0,coinbase
1655337600,2.46,2.6,2.22,2.3,2.3733333333333335,331822.34,0,coinbase
1655424000,2.3,2.41,2.26,2.36,2.3433333333333333,123606.79,0,coinbase
1655510400,2.37,2.42,1.96,2.15,2.1766666666666663,140677.16,0,coinbase
1655596800,2.16,2.4,2.05,2.39,2.28,106686.72,0,coinbase
1655683200,2.39,2.44,2.24,2.42,2.3666666666666667,47205.81,0,coinbase
1655769600,2.41,2.76,2.35,2.61,2.573333333333333,192156.46,0,coinbase
1655856000,2.6,2.6,2.36,2.37,2.4433333333333334,66267.92,0,coinbase
1655942400,2.37,2.64,2.36,2.59,2.53,69851.3,0,coinbase
1656028800,2.59,2.92,2.57,2.81,2.766666666666667,159817.63,0,coinbase
1656115200,2.81,3.03,2.74,2.99,2.92,64592.51,0,coinbase
1656201600,2.97,3.19,2.81,2.83,2.9433333333333334,96388.93,0,coinbase
1656288000,2.83,3.05,2.83,2.96,2.9466666666666668,38193.54,0,coinbase
1656374400,2.96,3.02,2.68,2.7,2.8000000000000003,79408.47,0,coinbase
1656460800,2.69,3.15,2.69,3.04,2.9599999999999995,148788.25,0,coinbase
1656547200,3.01,3.1,2.77,2.96,2.9433333333333334,108624.35,0,coinbase
1656633600,2.94,3.08,2.56,2.59,2.7433333333333336,98826.44,0,coinbase
1656720000,2.59,2.64,2.47,2.52,2.5433333333333334,86088.22,0,coinbase
1656806400,2.52,2.58,2.44,2.52,2.513333333333333,31407.42,0,coinbase
1656892800,2.55,2.64,2.46,2.63,2.5766666666666667,29140.13,0,coinbase
1656979200,2.63,2.65,2.45,2.5,2.533333333333333,44566.49,0,coinbase
1657065600,2.5,2.55,2.45,2.51,2.5033333333333334,46284.02,0,coinbase
1657152000,2.52,2.61,2.48,2.57,2.5533333333333332,49637.85,0,coinbase
1657238400,2.57,2.73,2.48,2.59,2.6,74888.41,0,coinbase
1657324800,2.61,2.76,2.6,2.65,2.67,40299.68,0,coinbase
1657411200,2.67,2.67,2.38,2.4,2.483333333333333,91244.42,0,coinbase
1657497600,2.4,2.45,2.19,2.22,2.286666666666667,126929.71,0,coinbase
1657584000,2.22,2.27,2.11,2.12,2.1666666666666665,54673.26,0,coinbase
1657670400,2.11,2.23,1.99,2.2,2.14,140895.9,0,coinbase
1657756800,2.2,2.28,2.12,2.26,2.22,45481.58,0,coinbase
1657843200,2.26,2.52,2.22,2.34,2.36,154050.11,0,coinbase
1657929600,2.32,2.46,2.26,2.45,2.39,62372.18,0,coinbase
1658016000,2.44,2.62,2.4,2.53,2.516666666666666,178781.66,0,coinbase
1658102400,2.53,2.75,2.53,2.7,2.6599999999999997,175599.66,0,coinbase
1658188800,2.68,2.76,2.57,2.68,2.67,297870.68,0,coinbase
1658275200,2.7,2.81,2.44,2.5,2.5833333333333335,136904.76,0,coinbase
1658361600,2.49,2.54,2.38,2.49,2.47,62977.69,0,coinbase
1658448000,2.48,2.58,2.35,2.39,2.44,103211.42,0,coinbase
1658534400,2.38,2.5,2.35,2.46,2.4366666666666665,55797.26,0,coinbase
1658620800,2.47,2.52,2.42,2.45,2.4633333333333334,65240.3,0,coinbase
1658707200,2.46,2.47,2.24,2.25,2.3200000000000003,77261.88,0,coinbase
1658793600,2.25,2.3,2.16,2.26,2.2399999999999998,65393.42,0,coinbase
1658880000,2.27,2.55,2.22,2.55,2.44,74595.33,0,coinbase
1658966400,2.54,3.17,2.52,2.87,2.853333333333333,449993.55,0,coinbase
1659052800,2.86,3.12,2.8,2.97,2.9633333333333334,188813.13,0,coinbase
1659139200,2.98,3.38,2.84,2.87,3.03,272047.03,0,coinbase
1659225600,2.88,3.43,2.84,3.2,3.1566666666666663,316009.71,0,coinbase
1659312000,3.2,3.32,2.81,2.86,2.9966666666666666,155343.92,0,coinbase
1659398400,2.86,2.91,2.65,2.73,2.7633333333333336,74252.04,0,coinbase
1659484800,2.72,2.94,2.62,2.81,2.7900000000000005,65506.6,0,coinbase
1659571200,2.81,3.14,2.81,3.12,3.0233333333333334,127407.4,0,coinbase
1659657600,3.09,3.18,2.99,3.17,3.1133333333333333,92024.21,0,coinbase
1659744000,3.18,3.18,3.01,3.03,3.073333333333333,44815.14,0,coinbase
1659830400,3.03,3.25,2.97,3.06,3.0933333333333337,37992.24,0,coinbase
1659916800,3.06,3.18,2.98,3.02,3.06,49202.11,0,coinbase
1660003200,3.02,3.07,2.82,2.89,2.9266666666666663,71506.12,0,coinbase
1660089600,2.88,3.07,2.81,3.04,2.973333333333333,157669.43,0,coinbase
1660176000,3.04,3.36,3.04,3.12,3.1733333333333333,652684.15,0,coinbase
1660262400,3.13,3.3,3.06,3.24,3.1999999999999997,267270.76,0,coinbase
1660348800,3.24,3.32,3.17,3.24,3.2433333333333336,73944.26,0,coinbase
1660435200,3.24,3.31,3.01,3.06,3.126666666666667,77572.56,0,coinbase
1660521600,3.05,3.4,3.04,3.33,3.2566666666666664,260333.34,0,coinbase
1660608000,3.33,3.33,3.11,3.27,3.2366666666666664,243517.03,0,coinbase
1660694400,3.27,3.32,2.87,2.93,3.0399999999999996,179486.3,0,coinbase
1660780800,2.92,3.01,2.61,2.69,2.7699999999999996,99945.28,0,coinbase
1660867200,2.69,2.73,2.23,2.31,2.4233333333333333,291101.41,0,coinbase
1660953600,2.31,2.41,2.25,2.36,2.34,96453.5,0,coinbase
1661040000,2.37,2.53,2.34,2.47,2.4466666666666668,124053.84,0,coinbase
1661126400,2.47,2.47,2.28,2.4,2.3833333333333333,25142.97,0,coinbase
1661212800,2.41,2.48,2.34,2.44,2.42,126690.27,0,coinbase
1661299200,2.44,2.49,2.37,2.42,2.4266666666666667,80475.6,0,coinbase
1661385600,2.42,2.52,2.41,2.46,2.4633333333333334,83428.63,0,coinbase
1661472000,2.45,2.48,2.14,2.16,2.2600000000000002,81683.08,0,coinbase
1661558400,2.15,2.22,2.07,2.1,2.1300000000000003,59671.34,0,coinbase
1661644800,2.1,2.13,1.95,1.96,2.013333333333333,82907.29,0,coinbase
1661731200,1.97,2.16,1.95,2.15,2.0866666666666664,55646.71,0,coinbase
1661817600,2.14,2.18,2.0,2.08,2.0866666666666664,77334.15,0,coinbase
1661904000,2.09,2.3,2.09,2.15,2.1799999999999997,84290.97,0,coinbase
1661990400,2.15,2.3,2.13,2.28,2.2366666666666664,101210.72,0,coinbase
1662076800,2.29,2.29,2.14,2.2,2.21,103662.7,0,coinbase
1662163200,2.19,2.31,2.17,2.25,2.2433333333333336,61660.22,0,coinbase
1662249600,2.26,2.33,2.25,2.31,2.296666666666667,27160.24,0,coinbase
1662336000,2.32,2.36,2.25,2.35,2.32,49988.61,0,coinbase
1662422400,2.34,2.41,2.09,2.09,2.1966666666666668,149642.97,0,coinbase
1662508800,2.08,2.42,2.07,2.38,2.29,197814.77,0,coinbase
1662595200,2.38,2.41,2.23,2.26,2.3000000000000003,104199.2,0,coinbase
1662681600,2.27,2.46,2.27,2.37,2.3666666666666667,148937.18,0,coinbase
1662768000,2.37,2.44,2.29,2.34,2.356666666666667,96185.8,0,coinbase
1662854400,2.34,2.45,2.29,2.34,2.36,64890.2,0,coinbase
1662940800,2.33,2.43,2.17,2.17,2.2566666666666664,152292.6,0,coinbase
1663027200,2.17,2.23,2.0,2.02,2.0833333333333335,131783.56,0,coinbase
1663113600,2.02,2.07,1.96,2.04,2.023333333333333,68186.12,0,coinbase
1663200000,2.03,2.04,1.92,1.95,1.97,66117.85,0,coinbase
1663286400,1.94,1.95,1.85,1.93,1.91,56297.35,0,coinbase
1663372800,1.93,1.99,1.93,1.98,1.9666666666666668,43043.83,0,coinbase
1663459200,1.98,2.0,1.72,1.79,1.8366666666666667,89034.96,0,coinbase
1663545600,1.79,1.89,1.73,1.88,1.8333333333333333,99521.18,0,coinbase
1663632000,1.88,1.9,1.78,1.82,1.8333333333333333,61994.87,0,coinbase
1663718400,1.82,1.91,1.75,1.78,1.8133333333333335,93973.86,0,coinbase
1663804800,1.79,1.89,1.77,1.89,1.8499999999999999,114177.41,0,coinbase
1663891200,1.89,2.0,1.79,1.88,1.89,184070.17,0,coinbase
1663977600,1.88,1.9,1.8,1.8,1.8333333333333333,25359.61,0,coinbase
1664064000,1.81,1.84,1.7,1.74,1.76,66407.46,0,coinbase
1664150400,1.73,1.8,1.7,1.8,1.7666666666666666,55060.57,0,coinbase
1664236800,1.79,1.87,1.74,1.78,1.7966666666666669,77194.41,0,coinbase
1664323200,1.77,1.79,1.7,1.77,1.7533333333333332,35073.56,0,coinbase
1664409600,1.77,1.8,1.73,1.79,1.7733333333333334,42774.28,0,coinbase
1664496000,1.79,1.86,1.78,1.81,1.8166666666666667,58053.61,0,coinbase
1664582400,1.82,1.86,1.81,1.84,1.8366666666666667,31532.9,0,coinbase
1664668800,1.83,1.85,1.74,1.75,1.78,74499.25,0,coinbase
1664755200,1.75,1.88,1.73,1.84,1.8166666666666667,62309.3,0,coinbase
1664841600,1.85,1.89,1.83,1.87,1.8633333333333333,50807.91,0,coinbase
1664928000,1.87,1.88,1.79,1.84,1.8366666666666667,17192.37,0,coinbase
1665014400,1.84,1.9,1.81,1.82,1.8433333333333335,41170.46,0,coinbase
1665100800,1.83,1.85,1.79,1.82,1.82,51608.23,0,coinbase
1665187200,1.82,1.84,1.78,1.8,1.8066666666666666,20421.33,0,coinbase
1665273600,1.8,1.82,1.75,1.79,1.7866666666666668,27631.87,0,coinbase
1665360000,1.8,1.81,1.72,1.72,1.75,42261.23,0,coinbase
1665446400,1.72,1.72,1.63,1.69,1.6799999999999997,54269.53,0,coinbase
1665532800,1.7,1.71,1.66,1.68,1.6833333333333333,33205.61,0,coinbase
1665619200,1.66,1.67,1.46,1.61,1.58,96239.62,0,coinbase
1665705600,1.61,1.69,1.56,1.6,1.6166666666666665,49012.52,0,coinbase
1665792000,1.6,1.65,1.58,1.65,1.6266666666666667,30285.95,0,coinbase
1665878400,1.65,1.72,1.64,1.72,1.6933333333333334,60223.97,0,coinbase
1665964800,1.71,1.72,1.67,1.71,1.7,30203.24,0,coinbase
1666051200,1.72,1.73,1.62,1.66,1.67,24647.31,0,coinbase
1666137600,1.66,1.66,1.54,1.55,1.5833333333333333,28358.56,0,coinbase
1666224000,1.55,1.6,1.52,1.54,1.5533333333333335,33681.2,0,coinbase
1666310400,1.54,1.58,1.49,1.57,1.5466666666666669,18906.97,0,coinbase
1666396800,1.57,1.6,1.54,1.58,1.5733333333333335,11204.84,0,coinbase
1666483200,1.59,1.64,1.56,1.62,1.6066666666666667,28615.13,0,coinbase
1666569600,1.61,1.64,1.55,1.56,1.5833333333333333,100544.82,0,coinbase
1666656000,1.56,1.64,1.55,1.61,1.5999999999999999,116056.93,0,coinbase
1666742400,1.62,1.67,1.61,1.64,1.64,78044.55,0,coinbase
1666828800,1.65,1.77,1.64,1.64,1.6833333333333333,104898.47,0,coinbase
1666915200,1.65,1.97,1.61,1.89,1.8233333333333333,318738.87,0,coinbase
1667001600,1.89,2.25,1.84,1.95,2.013333333333333,999413.85,0,coinbase
1667088000,1.95,2.15,1.89,1.94,1.9933333333333334,160254.45,0,coinbase
1667174400,1.94,1.96,1.79,1.81,1.8533333333333335,73753.77,0,coinbase
1667260800,1.82,1.88,1.72,1.75,1.7833333333333332,86682.35,0,coinbase
1667347200,1.74,2.2,1.72,1.95,1.9566666666666668,1037479.63,0,coinbase
1667433600,1.95,3.35,1.92,2.91,2.7266666666666666,3685548.51,0,coinbase
1667520000,2.91,2.92,2.38,2.58,2.6266666666666665,726179.73,0,coinbase
1667606400,2.59,2.8,2.46,2.58,2.6133333333333333,740495.19,0,coinbase
1667692800,2.57,2.81,2.34,2.35,2.5,329644.66,0,coinbase
1667779200,2.35,2.51,2.24,2.33,2.36,190956.75,0,coinbase
1667865600,2.34,2.54,1.62,1.84,2.0,596812.99,0,coinbase
1667952000,1.84,1.91,1.4,1.44,1.5833333333333333,507784.67,0,coinbase
1668038400,1.43,1.88,1.42,1.8,1.7,309267.1,0,coinbase
1668124800,1.8,2.27,1.68,1.84,1.93,643951.87,0,coinbase
1668211200,1.82,1.82,1.59,1.7,1.7033333333333334,192793.1,0,coinbase
1668297600,1.67,1.82,1.63,1.69,1.7133333333333336,142508.41,0,coinbase
1668384000,1.7,1.84,1.55,1.8,1.7300000000000002,298195.8,0,coinbase
1668470400,1.8,1.85,1.71,1.75,1.7700000000000002,175128.05,0,coinbase
1668556800,1.75,1.86,1.65,1.7,1.7366666666666666,108318.25,0,coinbase
1668643200,1.7,1.76,1.65,1.69,1.7,43952.88,0,coinbase
1668729600,1.69,1.71,1.67,1.7,1.6933333333333334,25553.03,0,coinbase
1668816000,1.7,1.74,1.67,1.71,1.7066666666666668,36399.17,0,coinbase
1668902400,1.7,1.71,1.53,1.53,1.59,61217.11,0,coinbase
1668988800,1.53,1.73,1.46,1.53,1.5733333333333333,180572.09,0,coinbase
1669075200,1.52,1.63,1.46,1.61,1.5666666666666667,79373.88,0,coinbase
1669161600,1.61,1.68,1.59,1.68,1.6500000000000001,119042.05,0,coinbase
1669248000,1.69,1.74,1.62,1.65,1.67,55966.1,0,coinbase
1669334400,1.66,1.79,1.58,1.68,1.6833333333333333,93455.35,0,coinbase
1669420800,1.67,1.73,1.61,1.63,1.6566666666666665,27060.97,0,coinbase
1669507200,1.64,1.72,1.64,1.67,1.6766666666666665,29744.77,0,coinbase
1669593600,1.67,1.7,1.58,1.68,1.6533333333333333,73954.45,0,coinbase
1669680000,1.68,1.77,1.64,1.74,1.7166666666666668,65230.21,0,coinbase
1669766400,1.74,1.89,1.72,1.87,1.8266666666666669,59924.71,0,coinbase
1669852800,1.87,2.03,1.79,1.84,1.8866666666666667,147552.45,0,coinbase
1669939200,1.84,1.88,1.77,1.86,1.8366666666666667,64503.0,0,coinbase
1670025600,1.86,1.88,1.78,1.81,1.8233333333333335,45122.87,0,coinbase
1670112000,1.81,1.86,1.76,1.8,1.8066666666666666,24627.89,0,coinbase
1670198400,1.81,1.85,1.74,1.81,1.8,70601.3,0,coinbase
1670284800,1.8,1.81,1.74,1.78,1.7766666666666666,44807.03,0,coinbase
1670371200,1.77,1.79,1.67,1.75,1.7366666666666666,54131.41,0,coinbase
1670457600,1.74,1.8,1.71,1.77,1.7599999999999998,28791.6,0,coinbase
1670544000,1.77,1.83,1.76,1.8,1.7966666666666666,85743.06,0,coinbase
1670630400,1.8,1.8,1.76,1.78,1.78,37080.22,0,coinbase
1670716800,1.79,1.79,1.7,1.71,1.7333333333333334,60496.8,0,coinbase
1670803200,1.71,1.71,1.61,1.65,1.656666666666667,67700.47,0,coinbase
1670889600,1.64,1.7,1.56,1.69,1.6499999999999997,66381.8,0,coinbase
1670976000,1.69,1.7,1.59,1.63,1.64,40037.83,0,coinbase
1671062400,1.64,1.64,1.59,1.61,1.6133333333333333,25745.77,0,coinbase
1671148800,1.61,1.63,1.35,1.37,1.45,87587.23,0,coinbase
1671235200,1.37,1.41,1.31,1.4,1.373333333333333,148057.3,0,coinbase
1671321600,1.4,1.41,1.34,1.37,1.3733333333333333,35821.6,0,coinbase
1671408000,1.38,1.43,1.31,1.33,1.3566666666666667,85761.02,0,coinbase
1671494400,1.33,1.41,1.33,1.4,1.3800000000000001,27326.61,0,coinbase
1671580800,1.4,1.4,1.33,1.35,1.36,31664.2,0,coinbase
1671667200,1.36,1.37,1.32,1.36,1.3500000000000003,43053.02,0,coinbase
1671753600,1.35,1.37,1.34,1.36,1.3566666666666667,31340.17,0,coinbase
1671840000,1.36,1.37,1.33,1.34,1.3466666666666667,35817.51,0,coinbase
1671926400,1.33,1.35,1.27,1.29,1.3033333333333335,25821.76,0,coinbase
1672012800,1.3,1.34,1.3,1.34,1.3266666666666669,50701.63,0,coinbase
1672099200,1.34,1.34,1.26,1.3,1.3,51183.68,0,coinbase
1672185600,1.28,1.3,1.22,1.27,1.2633333333333334,14201.07,0,coinbase
1672272000,1.27,1.31,1.22,1.26,1.2633333333333334,40032.6,0,coinbase
1672358400,1.26,1.29,1.23,1.26,1.26,27866.83,0,coinbase
1672444800,1.27,1.31,1.27,1.29,1.29,46237.08,0,coinbase
1672531200,1.28,1.32,1.27,1.31,1.3,50562.15,0,coinbase
1672617600,1.31,1.34,1.29,1.33,1.32,10624.01,0,coinbase
1672704000,1.34,1.35,1.27,1.28,1.3,74410.9,0,coinbase
1672790400,1.29,1.37,1.29,1.34,1.3333333333333333,73454.6,0,coinbase
1672876800,1.35,1.38,1.32,1.32,1.34,53288.38,0,coinbase
1672963200,1.33,1.35,1.25,1.33,1.31,62830.21,0,coinbase
1673049600,1.33,1.37,1.33,1.35,1.3500000000000003,25260.84,0,coinbase
1673136000,1.35,1.39,1.31,1.38,1.36,27593.41,0,coinbase
1673222400,1.39,1.49,1.38,1.44,1.4366666666666668,250225.39,0,coinbase
1673308800,1.44,1.47,1.42,1.44,1.4433333333333334,52753.95,0,coinbase
1673395200,1.45,1.48,1.37,1.48,1.4433333333333334,46522.12,0,coinbase
1673481600,1.48,1.52,1.42,1.5,1.4799999999999998,73330.92,0,coinbase
1673568000,1.5,1.56,1.48,1.56,1.5333333333333332,84012.53,0,coinbase
1673654400,1.56,1.7,1.49,1.65,1.6133333333333333,74905.18,0,coinbase
1673740800,1.66,1.68,1.57,1.67,1.64,90598.11,0,coinbase
1673827200,1.67,1.72,1.52,1.6,1.6133333333333333,110123.94,0,coinbase
1673913600,1.6,1.63,1.54,1.54,1.57,67846.03,0,coinbase
1674000000,1.55,1.6,1.41,1.43,1.4799999999999998,75166.39,0,coinbase
1674086400,1.43,1.47,1.42,1.46,1.45,90059.67,0,coinbase
1674172800,1.46,1.67,1.45,1.65,1.5899999999999999,134650.41,0,coinbase
1674259200,1.65,1.69,1.59,1.6,1.626666666666667,159221.79,0,coinbase
1674345600,1.61,1.76,1.61,1.73,1.7,238978.79,0,coinbase
1674432000,1.74,1.79,1.62,1.72,1.71,136127.09,0,coinbase
1674518400,1.73,1.84,1.62,1.66,1.7066666666666668,192026.01,0,coinbase
1674604800,1.66,1.82,1.64,1.77,1.7433333333333334,129442.58,0,coinbase
1674691200,1.76,1.84,1.75,1.79,1.7933333333333332,71967.1,0,coinbase
1674777600,1.79,1.81,1.73,1.81,1.7833333333333332,79330.25,0,coinbase
1674864000,1.81,1.89,1.77,1.83,1.83,173838.85,0,coinbase
1674950400,1.83,2.04,1.82,1.96,1.9400000000000002,149292.95,0,coinbase
1675036800,1.95,1.97,1.76,1.84,1.8566666666666667,144502.81,0,coinbase
1675123200,1.84,2.04,1.84,1.92,1.9333333333333333,255672.56,0,coinbase
1675209600,1.91,2.18,1.82,2.0,2.0,252920.17,0,coinbase
1675296000,2.01,2.09,1.94,1.94,1.9899999999999995,167246.65,0,coinbase
1675382400,1.95,2.06,1.92,2.01,1.9966666666666668,48569.99,0,coinbase
1675468800,2.02,2.12,1.98,2.07,2.0566666666666666,102692.31,0,coinbase
1675555200,2.06,2.15,1.92,2.09,2.0533333333333332,131500.62,0,coinbase
1675641600,2.1,2.14,1.91,1.99,2.013333333333333,164883.99,0,coinbase
1675728000,1.99,2.25,1.98,2.19,2.14,119174.8,0,coinbase
1675814400,2.21,2.25,1.99,2.05,2.0966666666666667,206982.65,0,coinbase
1675900800,2.06,2.07,1.71,1.78,1.8533333333333333,80665.11,0,coinbase
1675987200,1.77,1.79,1.68,1.7,1.7233333333333334,56741.12,0,coinbase
1676073600,1.68,1.77,1.68,1.75,1.7333333333333334,38434.02,0,coinbase
1676160000,1.76,1.85,1.7,1.76,1.7699999999999998,46571.68,0,coinbase
1676246400,1.76,1.79,1.6,1.74,1.71,94000.43,0,coinbase
1676332800,1.73,1.84,1.7,1.84,1.7933333333333332,34946.3,0,coinbase
1676419200,1.85,1.97,1.81,1.97,1.9166666666666667,51504.14,0,coinbase
1676505600,1.97,2.18,1.95,2.03,2.0533333333333332,144540.58,0,coinbase
1676592000,2.03,2.15,2.03,2.12,2.1,48914.87,0,coinbase
1676678400,2.13,2.58,2.08,2.3,2.32,270602.56,0,coinbase
1676764800,2.28,2.45,2.1,2.16,2.236666666666667,124561.83,0,coinbase
1676851200,2.16,2.26,2.01,2.26,2.1766666666666663,97830.09,0,coinbase
1676937600,2.26,2.36,2.15,2.23,2.2466666666666666,317555.79,0,coinbase
1677024000,2.23,2.39,2.02,2.11,2.1733333333333333,166289.9,0,coinbase
1677110400,2.11,2.23,2.1,2.17,2.1666666666666665,53584.67,0,coinbase
1677196800,2.18,2.18,1.94,2.01,2.0433333333333334,44030.91,0,coinbase
1677283200,2.0,2.15,1.93,2.1,2.06,79010.38,0,coinbase
1677369600,2.09,2.12,2.02,2.1,2.08,11595.2,0,coinbase
1677456000,2.09,2.59,2.06,2.37,2.3400000000000003,504374.06,0,coinbase
1677542400,2.36,2.47,2.26,2.3,2.3433333333333333,187910.93,0,coinbase
1677628800,2.29,2.32,2.16,2.19,2.223333333333333,68790.6,0,coinbase
1677715200,2.19,2.22,2.06,2.1,2.126666666666667,57966.67,0,coinbase
1677801600,2.1,2.1,1.79,1.84,1.9100000000000001,97663.38,0,coinbase
1677888000,1.83,1.85,1.77,1.77,1.7966666666666669,32017.39,0,coinbase
1677974400,1.76,1.85,1.75,1.78,1.7933333333333332,17764.24,0,coinbase
1678060800,1.78,1.82,1.74,1.78,1.78,72494.69,0,coinbase
1678147200,1.78,1.82,1.68,1.79,1.7633333333333334,87186.68,0,coinbase
1678233600,1.78,1.86,1.7,1.75,1.7700000000000002,78520.41,0,coinbase
1678320000,1.76,1.77,1.52,1.55,1.6133333333333333,78314.78,0,coinbase
1678406400,1.55,1.59,1.43,1.56,1.5266666666666666,70839.12,0,coinbase
1678492800,1.56,1.63,1.45,1.52,1.5333333333333332,41072.89,0,coinbase
1678579200,1.52,1.68,1.5,1.68,1.6199999999999999,44772.85,0,coinbase
1678665600,1.69,1.74,1.6,1.72,1.6866666666666665,213662.05,0,coinbase
1678752000,1.71,1.87,1.66,1.8,1.7766666666666666,108188.06,0,coinbase
1678838400,1.79,1.82,1.58,1.61,1.6700000000000002,58365.48,0,coinbase
1678924800,1.62,1.7,1.59,1.63,1.64,76456.1,0,coinbase
1679011200,1.64,1.81,1.6,1.8,1.7366666666666666,33893.29,0,coinbase
1679097600,1.82,1.94,1.79,1.83,1.8533333333333335,100994.07,0,coinbase
1679184000,1.84,1.99,1.84,1.87,1.9000000000000001,103703.0,0,coinbase
1679270400,1.86,1.94,1.74,1.83,1.8366666666666667,156847.16,0,coinbase
1679356800,1.83,2.13,1.82,2.07,2.0066666666666664,273421.03,0,coinbase
1679443200,2.07,2.42,2.02,2.25,2.23,370486.72,0,coinbase
1679529600,2.26,2.46,2.17,2.26,2.2966666666666664,237727.32,0,coinbase
1679616000,2.26,2.34,2.15,2.17,2.22,108392.91,0,coinbase
1679702400,2.18,2.39,2.1,2.3,2.263333333333333,67686.67,0,coinbase
1679788800,2.3,2.5,2.29,2.43,2.4066666666666667,206081.12,0,coinbase
1679875200,2.44,2.69,1.68,1.95,2.106666666666667,416087.33,0,coinbase
1679961600,1.95,1.95,1.81,1.88,1.88,185900.31,0,coinbase
1680048000,1.88,1.97,1.85,1.89,1.9033333333333333,117769.25,0,coinbase
1680134400,1.89,1.93,1.81,1.84,1.86,58971.24,0,coinbase
1680220800,1.85,1.88,1.79,1.87,1.8466666666666667,49673.91,0,coinbase
1680307200,1.87,1.9,1.81,1.84,1.8499999999999999,27506.42,0,coinbase
1680393600,1.85,1.85,1.72,1.77,1.78,41951.72,0,coinbase
1680480000,1.77,1.82,1.69,1.81,1.7733333333333334,53070.17,0,coinbase
1680566400,1.81,1.82,1.77,1.79,1.7933333333333332,32972.9,0,coinbase
1680652800,1.8,1.86,1.78,1.83,1.8233333333333335,40743.5,0,coinbase
1680739200,1.83,1.83,1.78,1.81,1.8066666666666666,22452.92,0,coinbase
1680825600,1.82,1.84,1.76,1.79,1.7966666666666669,10017.8,0,coinbase
1680912000,1.79,1.81,1.76,1.78,1.7833333333333334,8866.07,0,coinbase
1680998400,1.78,1.83,1.76,1.82,1.8033333333333335,31295.07,0,coinbase
1681084800,1.82,1.86,1.79,1.85,1.8333333333333333,34187.8,0,coinbase
1681171200,1.85,1.88,1.83,1.84,1.8499999999999999,41627.33,0,coinbase
1681257600,1.86,1.87,1.76,1.85,1.8266666666666669,33273.24,0,coinbase
1681344000,1.84,1.89,1.82,1.89,1.8666666666666665,40568.11,0,coinbase
1681430400,1.89,1.97,1.86,1.96,1.93,90926.95,0,coinbase
1681516800,1.94,1.95,1.9,1.92,1.9233333333333331,36303.53,0,coinbase
1681603200,1.92,1.95,1.87,1.94,1.92,43285.74,0,coinbase
1681689600,1.94,1.94,1.85,1.88,1.89,35184.17,0,coinbase
1681776000,1.88,1.94,1.84,1.92,1.9000000000000001,51653.09,0,coinbase
1681862400,1.92,1.93,1.66,1.7,1.7633333333333334,63561.79,0,coinbase
1681948800,1.7,1.72,1.6,1.64,1.6533333333333333,48350.36,0,coinbase
1682035200,1.64,1.67,1.52,1.55,1.58,36954.34,0,coinbase
1682121600,1.55,1.61,1.55,1.61,1.59,13165.43,0,coinbase
1682208000,1.6,1.61,1.55,1.61,1.59,7839.69,0,coinbase
1682294400,1.6,1.63,1.56,1.61,1.5999999999999999,12879.16,0,coinbase
1682380800,1.6,1.66,1.55,1.66,1.6233333333333333,40487.98,0,coinbase
1682467200,1.66,1.75,1.57,1.65,1.656666666666667,54872.93,0,coinbase
1682553600,1.65,1.71,1.61,1.67,1.6633333333333333,31531.68,0,coinbase
1682640000,1.66,1.66,1.6,1.65,1.6366666666666667,21442.98,0,coinbase
1682726400,1.65,1.74,1.64,1.71,1.6966666666666665,68546.67,0,coinbase
1682812800,1.71,1.72,1.65,1.68,1.6833333333333333,6604.4,0,coinbase
1682899200,1.68,1.71,1.63,1.66,1.6666666666666667,11712.63,0,coinbase
1682985600,1.66,1.76,1.65,1.75,1.72,76722.12,0,coinbase
1683072000,1.74,1.78,1.69,1.77,1.7466666666666668,53813.88,0,coinbase
1683158400,1.77,1.8,1.76,1.77,1.7766666666666666,27002.35,0,coinbase
1683244800,1.78,1.91,1.77,1.87,1.8499999999999999,44785.73,0,coinbase
1683331200,1.87,1.9,1.63,1.66,1.7299999999999998,43356.34,0,coinbase
1683417600,1.66,1.67,1.59,1.6,1.6199999999999999,14704.44,0,coinbase
1683504000,1.6,1.61,1.4,1.44,1.4833333333333332,142138.25,0,coinbase
1683590400,1.44,1.44,1.34,1.36,1.3800000000000001,63005.0,0,coinbase
1683676800,1.35,1.41,1.25,1.41,1.3566666666666667,116129.48,0,coinbase
1683763200,1.4,1.4,1.29,1.37,1.3533333333333335,49245.88,0,coinbase
1683849600,1.36,1.39,1.3,1.39,1.36,25274.67,0,coinbase
1683936000,1.39,1.39,1.34,1.37,1.3666666666666665,8700.45,0,coinbase
1684022400,1.36,1.38,1.33,1.36,1.3566666666666667,13462.57,0,coinbase
1684108800,1.36,1.39,1.33,1.37,1.3633333333333333,19144.52,0,coinbase
1684195200,1.37,1.4,1.33,1.39,1.3733333333333333,27465.44,0,coinbase
1684281600,1.39,1.46,1.37,1.44,1.4233333333333331,84064.77,0,coinbase
1684368000,1.44,1.44,1.36,1.4,1.3999999999999997,34047.38,0,coinbase
1684454400,1.39,1.44,1.37,1.43,1.4133333333333333,39022.53,0,coinbase
1684540800,1.43,1.45,1.41,1.44,1.4333333333333333,16237.35,0,coinbase
1684627200,1.44,1.45,1.39,1.41,1.4166666666666667,4607.7,0,coinbase
1684713600,1.41,1.42,1.37,1.42,1.4033333333333333,5155.6,0,coinbase
1684800000,1.42,1.46,1.4,1.44,1.4333333333333333,10817.52,0,coinbase
1684886400,1.44,1.44,1.36,1.4,1.3999999999999997,6199.6,0,coinbase
1684972800,1.4,1.42,1.36,1.39,1.39,33604.31,0,coinbase
1685059200,1.39,1.42,1.37,1.41,1.4000000000000001,5934.33,0,coinbase
1685145600,1.4,1.43,1.4,1.42,1.4166666666666667,53289.29,0,coinbase
1685232000,1.42,1.49,1.42,1.46,1.4566666666666668,48810.96,0,coinbase
1685318400,1.46,1.48,1.42,1.44,1.4466666666666665,167660.76,0,coinbase
1685404800,1.43,1.45,1.4,1.41,1.42,35475.65,0,coinbase
1685491200,1.41,1.42,1.33,1.35,1.3666666666666665,38371.14,0,coinbase
1685577600,1.35,1.37,1.33,1.35,1.3500000000000003,87504.55,0,coinbase
1685664000,1.35,1.38,1.34,1.37,1.3633333333333333,10539.32,0,coinbase
1685750400,1.37,1.37,1.34,1.35,1.3533333333333335,5717.41,0,coinbase
1685836800,1.35,1.39,1.34,1.36,1.3633333333333333,4093.93,0,coinbase
1685923200,1.35,1.35,1.15,1.18,1.2266666666666666,214661.59,0,coinbase
1686009600,1.18,1.25,1.12,1.22,1.1966666666666665,86076.15,0,coinbase
1686096000,1.21,1.22,1.11,1.13,1.1533333333333333,48895.18,0,coinbase
1686182400,1.13,1.16,1.1,1.12,1.1266666666666667,54133.54,0,coinbase
1686268800,1.12,1.15,1.1,1.13,1.1266666666666667,41721.85,0,coinbase
1686355200,1.13,1.13,0.78,0.89,0.9333333333333332,224204.85,0,coinbase
1686441600,0.9,0.92,0.84,0.9,0.8866666666666667,80327.17,0,coinbase
1686528000,0.9,0.96,0.86,0.94,0.9199999999999999,112622.89,0,coinbase
1686614400,0.95,0.98,0.92,0.98,0.96,90680.97,0,coinbase
1686700800,0.98,1.01,0.93,0.94,0.96,41022.82,0,coinbase
1686787200,0.96,0.99,0.93,0.95,0.9566666666666667,92739.52,0,coinbase
1686873600,0.96,0.97,0.91,0.95,0.9433333333333334,85390.82,0,coinbase
1686960000,0.96,1.03,0.94,0.99,0.9866666666666667,29449.27,0,coinbase
1687046400,0.98,0.99,0.95,0.96,0.9666666666666667,9458.96,0,coinbase
1687132800,0.96,0.98,0.94,0.96,0.96,71152.09,0,coinbase
1687219200,0.97,1.03,0.93,1.01,0.9899999999999999,86807.24,0,coinbase
1687305600,1.01,1.13,1.01,1.11,1.0833333333333333,150324.98,0,coinbase
1687392000,1.12,1.16,1.08,1.1,1.1133333333333335,133470.19,0,coinbase
1687478400,1.1,1.15,1.07,1.12,1.1133333333333333,71279.72,0,coinbase
1687564800,1.12,1.16,1.09,1.13,1.1266666666666667,50751.49,0,coinbase
1687651200,1.13,1.19,1.13,1.15,1.1566666666666665,72891.72,0,coinbase
1687737600,1.14,1.17,1.1,1.12,1.1300000000000001,94211.99,0,coinbase
1687824000,1.13,1.16,1.12,1.15,1.1433333333333333,73566.13,0,coinbase
1687910400,1.15,1.15,1.03,1.07,1.0833333333333333,42899.53,0,coinbase
1687996800,1.06,1.12,1.06,1.1,1.0933333333333335,36418.6,0,coinbase
1688083200,1.1,1.17,1.05,1.15,1.1233333333333333,102596.92,0,coinbase
1688169600,1.15,1.16,1.12,1.14,1.14,30152.71,0,coinbase
1688256000,1.14,1.15,1.1,1.14,1.13,89229.08,0,coinbase
1688342400,1.14,1.19,1.13,1.18,1.1666666666666667,85042.77,0,coinbase
1688428800,1.18,1.19,1.15,1.18,1.1733333333333331,62987.53,0,coinbase
1688515200,1.17,1.2,1.09,1.1,1.1300000000000001,51053.76,0,coinbase
1688601600,1.1,1.14,1.01,1.03,1.0599999999999998,48619.69,0,coinbase
1688688000,1.02,1.04,0.97,0.99,1.0,50132.42,0,coinbase
1688774400,0.98,1.01,0.91,0.92,0.9466666666666667,88438.45,0,coinbase
1688860800,0.92,0.94,0.88,0.89,0.9033333333333333,80665.27,0,coinbase
1688947200,0.89,0.95,0.85,0.93,0.91,163386.6,0,coinbase
1689033600,0.93,0.95,0.92,0.94,0.9366666666666666,71937.97,0,coinbase
1689120000,0.94,0.95,0.91,0.94,0.9333333333333332,54280.72,0,coinbase
1689206400,0.93,1.08,0.92,1.08,1.0266666666666666,125642.67,0,coinbase
1689292800,1.07,1.09,1.01,1.07,1.0566666666666666,73012.05,0,coinbase
1689379200,1.08,1.1,1.04,1.06,1.0666666666666667,45936.59,0,coinbase
1689465600,1.07,1.07,1.01,1.02,1.0333333333333334,53331.67,0,coinbase
1689552000,1.02,1.09,1.01,1.07,1.0566666666666666,75775.78,0,coinbase
1689638400,1.07,1.08,1.01,1.04,1.0433333333333332,16104.31,0,coinbase
1689724800,1.04,1.08,1.04,1.04,1.0533333333333335,40054.03,0,coinbase
1689811200,1.05,1.08,1.02,1.05,1.05,48802.43,0,coinbase
1689897600,1.06,1.09,1.05,1.07,1.07,58848.61,0,coinbase
1689984000,1.07,1.09,1.06,1.07,1.0733333333333335,65814.53,0,coinbase
1690070400,1.07,1.1,1.05,1.08,1.0766666666666669,46344.65,0,coinbase
1690156800,1.09,1.09,0.89,1.02,1.0,78616.83,0,coinbase
1690243200,1.02,1.03,0.93,0.95,0.9700000000000001,68765.54,0,coinbase
1690329600,0.95,0.98,0.91,0.96,0.9500000000000001,93014.59,0,coinbase
1690416000,0.96,1.02,0.95,0.98,0.9833333333333334,30063.78,0,coinbase
1690502400,0.99,1.05,0.99,1.02,1.02,71412.13,0,coinbase
1690588800,1.02,1.03,1.0,1.01,1.0133333333333334,25852.99,0,coinbase
1690675200,1.01,1.02,0.97,1.0,0.9966666666666667,25941.83,0,coinbase
1690761600,1.0,1.02,0.97,0.99,0.9933333333333333,36093.78,0,coinbase
1690848000,0.98,1.02,0.94,1.0,0.9866666666666667,25060.67,0,coinbase
1690934400,1.0,1.02,0.98,1.0,1.0,34592.72,0,coinbase
1691020800,0.99,1.01,0.97,0.98,0.9866666666666667,25163.6,0,coinbase
1691107200,0.99,1.02,0.97,0.98,0.9899999999999999,22904.91,0,coinbase
1691193600,0.99,1.02,0.97,1.01,1.0,30138.95,0,coinbase
1691280000,1.02,1.48,1.01,1.16,1.2166666666666668,1097272.05,0,coinbase
1691366400,1.17,1.26,1.0,1.03,1.0966666666666667,354272.67,0,coinbase
1691452800,1.03,1.11,1.02,1.07,1.0666666666666667,125559.06,0,coinbase
1691539200,1.08,1.13,1.05,1.08,1.0866666666666667,142450.32,0,coinbase
1691625600,1.08,1.11,1.06,1.07,1.08,26891.15,0,coinbase
1691712000,1.08,1.22,1.07,1.13,1.14,167759.57,0,coinbase
1691798400,1.14,1.18,1.1,1.15,1.1433333333333333,30472.33,0,coinbase
1691884800,1.15,1.19,1.12,1.15,1.1533333333333333,54424.18,0,coinbase
1691971200,1.15,1.19,1.12,1.13,1.1466666666666667,160995.75,0,coinbase
1692057600,1.12,1.23,0.98,1.08,1.0966666666666667,187868.01,0,coinbase
1692144000,1.08,1.09,1.0,1.01,1.0333333333333332,87564.78,0,coinbase
1692230400,1.01,1.02,0.81,0.88,0.9033333333333333,169543.77,0,coinbase
1692316800,0.87,0.93,0.84,0.87,0.88,183945.11,0,coinbase
1692403200,0.86,0.9,0.85,0.89,0.88,41198.85,0,coinbase
1692489600,0.89,0.91,0.87,0.9,0.8933333333333334,33570.23,0,coinbase
1692576000,0.89,0.9,0.84,0.87,0.87,64067.86,0,coinbase
1692662400,0.87,0.88,0.82,0.88,0.86,60638.02,0,coinbase
1692748800,0.88,0.91,0.86,0.89,0.8866666666666667,82222.59,0,coinbase
1692835200,0.89,0.9,0.84,0.86,0.8666666666666667,32959.56,0,coinbase
1692921600,0.87,0.87,0.82,0.86,0.85,27236.06,0,coinbase
1693008000,0.85,0.87,0.84,0.86,0.8566666666666666,18478.96,0,coinbase
1693094400,0.86,0.86,0.84,0.85,0.85,30249.98,0,coinbase
1693180800,0.86,0.88,0.83,0.86,0.8566666666666666,42353.9,0,coinbase
1693267200,0.86,0.93,0.81,0.92,0.8866666666666667,129915.92,0,coinbase
1693353600,0.91,0.93,0.87,0.91,0.9033333333333333,66694.41,0,coinbase
1693440000,0.9,0.92,0.86,0.88,0.8866666666666667,46418.67,0,coinbase
1693526400,0.89,0.92,0.88,0.89,0.8966666666666666,56345.45,0,coinbase
1693612800,0.9,0.94,0.87,0.91,0.9066666666666667,134313.13,0,coinbase
1693699200,0.91,0.92,0.88,0.9,0.9,28343.76,0,coinbase
1693785600,0.91,1.65,0.91,1.02,1.1933333333333334,2255801.32,0,coinbase
1693872000,1.02,1.14,1.01,1.04,1.0633333333333332,720122.38,0,coinbase
1693958400,1.04,1.06,0.99,1.04,1.03,259896.28,0,coinbase
1694044800,1.04,1.04,0.96,0.99,0.9966666666666667,202478.83,0,coinbase
1694131200,1.0,1.02,0.97,0.99,0.9933333333333333,129874.86,0,coinbase
1694217600,0.99,1.02,0.94,0.95,0.9700000000000001,96064.95,0,coinbase
1694304000,0.95,0.97,0.9,0.94,0.9366666666666666,59325.68,0,coinbase
1694390400,0.94,0.94,0.86,0.88,0.8933333333333332,132897.78,0,coinbase
1694476800,0.88,0.93,0.86,0.89,0.8933333333333334,125593.58,0,coinbase
1694563200,0.9,0.93,0.88,0.92,0.91,104082.27,0,coinbase
1694649600,0.91,0.93,0.9,0.91,0.9133333333333334,119251.7,0,coinbase
1694736000,0.91,0.93,0.88,0.93,0.9133333333333334,116497.11,0,coinbase
1694822400,0.93,0.95,0.9,0.92,0.9233333333333333,72409.64,0,coinbase
1694908800,0.93,0.93,0.87,0.89,0.8966666666666666,51358.33,0,coinbase
1694995200,0.89,0.93,0.87,0.9,0.9,98710.96,0,coinbase
1695081600,0.89,0.92,0.88,0.9,0.9,167392.43,0,coinbase
1695168000,0.9,0.93,0.89,0.91,0.91,279035.93,0,coinbase
1695254400,0.91,0.93,0.87,0.88,0.8933333333333334,215757.79,0,coinbase
1695340800,0.88,0.9,0.86,0.9,0.8866666666666667,158865.26,0,coinbase
1695427200,0.9,0.9,0.86,0.89,0.8833333333333333,58766.88,0,coinbase
1695513600,0.87,0.89,0.86,0.86,0.87,40899.11,0,coinbase
1695600000,0.86,0.88,0.86,0.88,0.8733333333333334,128885.77,0,coinbase
1695686400,0.87,0.89,0.84,0.86,0.8633333333333333,263003.45,0,coinbase
1695772800,0.85,0.89,0.84,0.87,0.8666666666666667,173348.89,0,coinbase
1695859200,0.88,0.91,0.87,0.9,0.8933333333333334,285120.43,0,coinbase
1695945600,0.91,0.93,0.89,0.93,0.9166666666666666,229711.31,0,coinbase
1696032000,0.93,0.94,0.91,0.93,0.9266666666666667,55494.99,0,coinbase
1696118400,0.94,1.05,0.93,1.02,1.0,290697.34,0,coinbase
1696204800,1.01,1.09,0.96,0.99,1.0133333333333334,260425.86,0,coinbase
1696291200,0.99,0.99,0.93,0.93,0.9500000000000001,176786.7,0,coinbase
1696377600,0.92,0.92,0.88,0.91,0.9033333333333333,169997.16,0,coinbase
1696464000,0.91,0.91,0.88,0.88,0.89,153644.4,0,coinbase
1696550400,0.88,0.92,0.88,0.91,0.9033333333333333,166385.3,0,coinbase
1696636800,0.91,0.92,0.89,0.91,0.9066666666666667,53640.35,0,coinbase
1696723200,0.9,0.91,0.88,0.89,0.8933333333333334,45397.85,0,coinbase
1696809600,0.88,0.93,0.85,0.88,0.8866666666666667,187723.82,0,coinbase
1696896000,0.87,0.92,0.86,0.87,0.8833333333333333,180995.67,0,coinbase
1696982400,0.86,0.88,0.83,0.84,0.85,154847.85,0,coinbase
1697068800,0.84,0.86,0.82,0.84,0.84,181753.28,0,coinbase
1697155200,0.85,0.85,0.82,0.82,0.83,150516.65,0,coinbase
1697241600,0.82,0.85,0.82,0.84,0.8366666666666666,76218.02,0,coinbase
1697328000,0.84,0.92,0.83,0.88,0.8766666666666666,170078.48,0,coinbase
1697414400,0.89,0.9,0.86,0.89,0.8833333333333333,190198.37,0,coinbase
1697500800,0.89,0.89,0.83,0.84,0.8533333333333334,135393.61,0,coinbase
1697587200,0.84,0.85,0.8,0.8,0.8166666666666668,158738.29,0,coinbase
1697673600,0.81,0.83,0.8,0.82,0.8166666666666665,177781.48,0,coinbase
1697760000,0.81,0.85,0.8,0.83,0.8266666666666667,140969.66,0,coinbase
1697846400,0.82,0.86,0.82,0.85,0.8433333333333333,83723.27,0,coinbase
1697932800,0.84,0.86,0.83,0.85,0.8466666666666667,64262.52,0,coinbase
1698019200,0.86,0.92,0.85,0.9,0.89,294685.21,0,coinbase
1698105600,0.91,0.95,0.88,0.93,0.92,254159.08,0,coinbase
1698192000,0.93,0.97,0.9,0.97,0.9466666666666667,250968.74,0,coinbase
1698278400,0.96,1.02,0.92,0.96,0.9666666666666667,215641.29,0,coinbase
1698364800,0.95,0.97,0.92,0.95,0.9466666666666667,177734.11,0,coinbase
1698451200,0.95,0.97,0.94,0.96,0.9566666666666667,61783.32,0,coinbase
1698537600,0.95,0.99,0.93,0.98,0.9666666666666667,56794.98,0,coinbase
1698624000,0.97,1.0,0.95,0.96,0.9700000000000001,185102.31,0,coinbase
1698710400,0.96,0.98,0.89,0.93,0.9333333333333335,177363.76,0,coinbase
1698796800,0.94,0.97,0.9,0.96,0.9433333333333334,197096.77,0,coinbase
1698883200,0.96,0.99,0.92,0.93,0.9466666666666668,126161.21,0,coinbase
1698969600,0.93,0.94,0.9,0.94,0.9266666666666666,164943.14,0,coinbase
1699056000,0.94,0.98,0.93,0.97,0.96,73294.67,0,coinbase
1699142400,0.97,1.02,0.96,1.01,0.9966666666666667,206014.96,0,coinbase
1699228800,1.0,1.09,0.99,1.07,1.05,272923.08,0,coinbase
1699315200,1.07,1.09,1.02,1.05,1.0533333333333335,189290.23,0,coinbase
1699401600,1.05,1.06,1.02,1.05,1.0433333333333332,194123.95,0,coinbase
1699488000,1.05,1.15,0.93,1.08,1.0533333333333335,398499.89,0,coinbase
1699574400,1.08,1.18,1.08,1.14,1.133333333333333,272472.6,0,coinbase
1699660800,1.15,1.21,1.12,1.17,1.1666666666666667,222708.39,0,coinbase
1699747200,1.16,1.19,1.11,1.17,1.1566666666666665,74133.85,0,coinbase
1699833600,1.19,1.24,1.1,1.1,1.1466666666666667,180492.96,0,coinbase
1699920000,1.1,1.13,1.01,1.07,1.07,167807.71,0,coinbase
1700006400,1.06,1.14,1.06,1.12,1.1066666666666667,132314.59,0,coinbase
1700092800,1.12,1.14,1.01,1.05,1.0666666666666667,170915.17,0,coinbase
1700179200,1.04,1.08,0.98,1.04,1.0333333333333334,199069.7,0,coinbase
1700265600,1.04,1.04,0.97,1.03,1.0133333333333334,25293.9,0,coinbase
1700352000,1.01,1.09,0.99,1.09,1.0566666666666666,159888.21,0,coinbase
1700438400,1.08,1.13,1.07,1.1,1.1,154275.73,0,coinbase
1700524800,1.1,1.13,0.96,0.97,1.0199999999999998,139757.87,0,coinbase
1700611200,0.97,1.05,0.97,1.03,1.0166666666666666,247520.89,0,coinbase
1700697600,1.04,1.05,1.0,1.02,1.0233333333333332,267670.96,0,coinbase
1700784000,1.02,1.1,1.02,1.05,1.0566666666666666,156691.2,0,coinbase
1700870400,1.05,1.11,1.05,1.07,1.0766666666666669,137568.16,0,coinbase
1700956800,1.07,1.08,1.02,1.06,1.0533333333333335,122757.12,0,coinbase
1701043200,1.06,1.07,0.98,1.02,1.0233333333333332,121668.05,0,coinbase
1701129600,1.02,1.06,0.98,1.06,1.0333333333333334,205962.18,0,coinbase
1701216000,1.05,1.12,1.04,1.09,1.0833333333333333,176464.1,0,coinbase
1701302400,1.09,1.13,1.07,1.07,1.09,151448.68,0,coinbase
1701388800,1.07,1.12,1.07,1.1,1.096666666666667,90698.94,0,coinbase
1701475200,1.1,1.14,1.09,1.11,1.1133333333333333,83011.74,0,coinbase
1701561600,1.11,1.13,1.06,1.09,1.0933333333333335,62960.82,0,coinbase
1701648000,1.1,1.19,1.06,1.15,1.1333333333333333,131169.85,0,coinbase
1701734400,1.16,1.24,1.15,1.2,1.1966666666666665,234659.76,0,coinbase
1701820800,1.2,1.24,1.1,1.14,1.16,254734.8,0,coinbase
1701907200,1.15,1.19,1.11,1.17,1.1566666666666665,91618.88,0,coinbase
1701993600,1.17,1.22,1.16,1.2,1.1933333333333334,89191.59,0,coinbase
1702080000,1.2,1.26,1.18,1.19,1.21,106942.17,0,coinbase
1702166400,1.19,1.24,1.17,1.2,1.2033333333333334,87972.36,0,coinbase
1702252800,1.2,1.2,1.04,1.08,1.1066666666666667,279504.69,0,coinbase
1702339200,1.09,1.16,1.08,1.15,1.1300000000000001,100426.3,0,coinbase
1702425600,1.14,1.16,1.08,1.15,1.1300000000000001,46153.08,0,coinbase
1702512000,1.15,1.19,1.11,1.17,1.1566666666666665,70956.38,0,coinbase
1702598400,1.17,1.17,1.1,1.1,1.1233333333333333,89533.38,0,coinbase
1702684800,1.11,1.22,1.1,1.2,1.1733333333333336,209570.15,0,coinbase
1702771200,1.2,1.26,1.16,1.18,1.2,167177.31,0,coinbase
1702857600,1.18,1.18,1.06,1.13,1.1233333333333333,207475.18,0,coinbase
1702944000,1.13,1.18,1.1,1.13,1.1366666666666667,195732.9,0,coinbase
1703030400,1.13,1.24,1.12,1.23,1.1966666666666668,241244.11,0,coinbase
1703116800,1.23,1.26,1.17,1.22,1.2166666666666666,167654.73,0,coinbase
1703203200,1.23,1.29,1.2,1.26,1.25,349359.36,0,coinbase
1703289600,1.25,1.36,1.22,1.34,1.3066666666666666,365197.63,0,coinbase
1703376000,1.34,1.49,1.3,1.35,1.3800000000000001,709134.76,0,coinbase
1703462400,1.35,1.41,1.33,1.39,1.3766666666666667,154035.33,0,coinbase
1703548800,1.4,1.44,1.29,1.39,1.3733333333333333,259596.05,0,coinbase
1703635200,1.39,1.64,1.34,1.5,1.4933333333333334,511063.93,0,coinbase
1703721600,1.5,1.58,1.44,1.47,1.4966666666666668,271850.94,0,coinbase
1703808000,1.47,1.53,1.37,1.49,1.4633333333333336,141346.78,0,coinbase
1703894400,1.49,1.51,1.38,1.42,1.4366666666666665,47433.83,0,coinbase
1703980800,1.41,1.43,1.33,1.35,1.3699999999999999,90953.86,0,coinbase
1704067200,1.35,1.46,1.34,1.43,1.41,201166.14,0,coinbase
1704153600,1.43,1.51,1.43,1.43,1.4566666666666668,70846.44,0,coinbase
1704240000,1.45,1.48,1.16,1.24,1.2933333333333332,504908.89,0,coinbase
1704326400,1.24,1.29,1.22,1.24,1.25,94975.5,0,coinbase
1704412800,1.25,1.27,1.15,1.21,1.21,134530.09,0,coinbase
1704499200,1.22,1.23,1.13,1.19,1.1833333333333333,60976.94,0,coinbase
1704585600,1.19,1.23,1.12,1.12,1.1566666666666667,222856.74,0,coinbase
1704672000,1.12,1.23,1.03,1.21,1.1566666666666665,128931.58,0,coinbase
1704758400,1.21,1.21,1.08,1.15,1.1466666666666667,56556.14,0,coinbase
1704844800,1.14,1.26,1.11,1.23,1.2,71578.42,0,coinbase
1704931200,1.23,1.33,1.22,1.29,1.28,105683.74,0,coinbase
1705017600,1.3,1.35,1.19,1.22,1.2533333333333332,82391.54,0,coinbase
1705104000,1.23,1.26,1.18,1.24,1.2266666666666666,36357.33,0,coinbase
1705190400,1.24,1.24,1.18,1.18,1.2,28828.11,0,coinbase
1705276800,1.18,1.24,1.18,1.22,1.2133333333333332,20468.85,0,coinbase
1705363200,1.22,1.28,1.22,1.27,1.2566666666666666,41839.6,0,coinbase
1705449600,1.27,1.28,1.19,1.2,1.2233333333333334,78661.38,0,coinbase
1705536000,1.2,1.23,1.11,1.13,1.1566666666666665,31591.2,0,coinbase
1705622400,1.12,1.13,1.04,1.11,1.0933333333333335,340134.32,0,coinbase
1705708800,1.11,1.54,1.09,1.25,1.2933333333333332,1124713.06,0,coinbase
1705795200,1.25,1.34,1.22,1.26,1.2733333333333334,181185.57,0,coinbase
1705881600,1.28,1.3,1.17,1.23,1.2333333333333332,106845.79,0,coinbase
1705968000,1.22,1.26,1.08,1.14,1.16,134895.21,0,coinbase
1706054400,1.15,1.18,1.1,1.12,1.1333333333333335,88962.26,0,coinbase
1706140800,1.13,1.14,1.09,1.12,1.1166666666666667,66977.54,0,coinbase
1706227200,1.11,1.17,1.11,1.16,1.1466666666666667,146012.54,0,coinbase
1706313600,1.16,1.2,1.14,1.19,1.1766666666666665,65621.59,0,coinbase
1706400000,1.2,1.26,1.14,1.16,1.1866666666666665,162952.83,0,coinbase
1706486400,1.16,1.2,1.15,1.17,1.1733333333333331,117845.13,0,coinbase
1706572800,1.18,1.19,1.14,1.15,1.16,71998.74,0,coinbase
1706659200,1.15,1.15,1.09,1.11,1.116666666666667,84446.42,0,coinbase
1706745600,1.1,1.12,1.08,1.11,1.1033333333333335,72018.28,0,coinbase
1706832000,1.12,1.13,1.11,1.13,1.1233333333333333,78367.03,0,coinbase
1706918400,1.12,1.13,1.1,1.1,1.11,74550.31,0,coinbase
1707004800,1.11,1.11,1.07,1.09,1.09,92267.74,0,coinbase
1707091200,1.08,1.12,1.07,1.1,1.096666666666667,120756.81,0,coinbase
1707177600,1.1,1.12,1.09,1.11,1.1066666666666667,116087.7,0,coinbase
1707264000,1.12,1.34,1.12,1.18,1.2133333333333332,983225.29,0,coinbase
1707350400,1.17,1.24,1.17,1.21,1.2066666666666668,199809.05,0,coinbase
1707436800,1.22,1.26,1.21,1.24,1.2366666666666666,233101.74,0,coinbase
1707523200,1.24,1.31,1.24,1.26,1.2699999999999998,117882.86,0,coinbase
1707609600,1.26,1.27,1.22,1.24,1.2433333333333334,79970.54,0,coinbase
1707696000,1.24,1.3,1.2,1.28,1.26,56941.91,0,coinbase
1707782400,1.28,1.31,1.25,1.3,1.2866666666666668,34537.58,0,coinbase
1707868800,1.29,1.36,1.27,1.34,1.3233333333333333,90043.82,0,coinbase
1707955200,1.34,1.4,1.32,1.36,1.36,84978.48,0,coinbase
1708041600,1.35,1.46,1.35,1.42,1.4100000000000001,127163.65,0,coinbase
1708128000,1.42,1.54,1.39,1.46,1.4633333333333332,231896.74,0,coinbase
1708214400,1.46,1.79,1.44,1.58,1.6033333333333335,550361.9,0,coinbase
1708300800,1.58,1.77,1.57,1.64,1.66,323246.86,0,coinbase
1708387200,1.63,1.65,1.43,1.56,1.5466666666666669,330822.15,0,coinbase
1708473600,1.56,1.57,1.4,1.47,1.4799999999999998,75732.19,0,coinbase
1708560000,1.47,1.53,1.41,1.46,1.4666666666666668,179945.1,0,coinbase
1708646400,1.46,1.51,1.42,1.46,1.4633333333333332,111715.45,0,coinbase
1708732800,1.46,1.54,1.43,1.52,1.4966666666666668,111276.1,0,coinbase
1708819200,1.51,1.56,1.49,1.53,1.5266666666666666,61108.33,0,coinbase
1708905600,1.53,1.6,1.49,1.58,1.5566666666666666,108569.19,0,coinbase
1708992000,1.59,1.6,1.52,1.57,1.5633333333333335,100045.32,0,coinbase
1709078400,1.58,1.7,1.45,1.64,1.5966666666666667,220837.73,0,coinbase
1709164800,1.63,1.86,1.62,1.78,1.7533333333333336,383668.36,0,coinbase
1709251200,1.78,1.96,1.75,1.92,1.8766666666666667,234195.35,0,coinbase
1709337600,1.91,2.17,1.89,2.03,2.03,271572.87,0,coinbase
1709424000,2.02,2.05,1.8,1.92,1.9233333333333331,153623.08,0,coinbase
1709510400,1.92,2.06,1.88,1.98,1.9733333333333334,218019.91,0,coinbase
1709596800,1.99,2.41,1.71,2.0,2.04,726775.07,0,coinbase
1709683200,2.01,2.11,1.95,2.01,2.023333333333333,292599.0,0,coinbase
1709769600,2.01,2.98,2.01,2.34,2.4433333333333334,1829897.82,0,coinbase
1709856000,2.35,2.38,2.11,2.28,2.2566666666666664,393813.13,0,coinbase
1709942400,2.28,2.48,2.26,2.37,2.37,230322.33,0,coinbase
1710028800,2.38,2.42,2.22,2.31,2.316666666666667,147063.1,0,coinbase
1710115200,2.32,2.41,2.17,2.36,2.313333333333333,264006.95,0,coinbase
1710201600,2.36,2.5,2.18,2.35,2.3433333333333333,222569.85,0,coinbase
1710288000,2.35,2.5,2.3,2.33,2.3766666666666665,175856.26,0,coinbase
1710374400,2.34,2.35,2.07,2.21,2.21,271086.02,0,coinbase
1710460800,2.21,2.24,1.86,2.06,2.0533333333333332,220758.75,0,coinbase
1710547200,2.06,2.09,1.81,1.86,1.92,156807.3,0,coinbase
1710633600,1.87,2.04,1.75,1.99,1.9266666666666667,238218.98,0,coinbase
1710720000,1.97,2.03,1.86,1.89,1.9266666666666665,150489.82,0,coinbase
1710806400,1.9,1.91,1.64,1.7,1.75,242704.69,0,coinbase
1710892800,1.71,1.89,1.63,1.88,1.7999999999999998,111019.52,0,coinbase
1710979200,1.87,1.95,1.79,1.84,1.86,146370.6,0,coinbase
1711065600,1.85,1.92,1.75,1.8,1.8233333333333333,146957.05,0,coinbase
1711152000,1.81,1.87,1.79,1.82,1.8266666666666669,47416.09,0,coinbase
1711238400,1.82,1.93,1.79,1.91,1.8766666666666667,76686.01,0,coinbase
1711324800,1.9,2.06,1.9,2.01,1.99,89980.55,0,coinbase
1711411200,2.02,2.09,1.96,2.01,2.02,141300.29,0,coinbase
1711497600,2.02,2.09,1.93,2.03,2.016666666666666,168575.6,0,coinbase
1711584000,2.04,2.23,1.99,2.17,2.13,305803.33,0,coinbase
1711670400,2.17,2.38,2.15,2.21,2.2466666666666666,324284.59,0,coinbase
1711756800,2.22,2.25,2.12,2.13,2.1666666666666665,56825.98,0,coinbase
1711843200,2.13,2.18,2.09,2.12,2.13,56716.29,0,coinbase
1711929600,2.13,2.16,1.91,1.97,2.013333333333333,173205.89,0,coinbase
1712016000,1.98,1.98,1.75,1.79,1.8399999999999999,174279.77,0,coinbase
1712102400,1.79,1.85,1.72,1.79,1.7866666666666668,136806.62,0,coinbase
1712188800,1.8,1.89,1.74,1.82,1.8166666666666667,179070.77,0,coinbase
1712275200,1.82,1.84,1.7,1.77,1.7700000000000002,165198.27,0,coinbase
1712361600,1.77,1.82,1.76,1.8,1.7933333333333332,64040.58,0,coinbase
1712448000,1.8,1.86,1.8,1.84,1.8333333333333333,60940.8,0,coinbase
1712534400,1.84,1.99,1.8,1.94,1.9100000000000001,205610.75,0,coinbase
1712620800,1.95,1.95,1.81,1.82,1.86,190647.4,0,coinbase
1712707200,1.82,1.85,1.73,1.81,1.7966666666666669,149405.24,0,coinbase
1712793600,1.81,1.82,1.71,1.75,1.76,117287.15,0,coinbase
1712880000,1.75,1.78,1.26,1.4,1.4799999999999998,341730.39,0,coinbase
1712966400,1.39,1.41,0.96,1.13,1.1666666666666667,684947.01,0,coinbase
1713052800,1.12,1.29,1.09,1.26,1.2133333333333332,277064.11,0,coinbase
1713139200,1.25,1.31,1.14,1.18,1.21,259096.66,0,coinbase
1713225600,1.18,1.2,1.12,1.18,1.1666666666666667,266253.17,0,coinbase
1713312000,1.18,1.21,1.11,1.16,1.1600000000000001,195573.35,0,coinbase
1713398400,1.16,1.21,1.13,1.19,1.1766666666666665,202115.47,0,coinbase
1713484800,1.2,1.23,1.1,1.18,1.17,239257.49,0,coinbase
1713571200,1.18,1.3,1.17,1.3,1.2566666666666666,206474.28,0,coinbase
1713657600,1.29,1.31,1.23,1.27,1.27,80309.27,0,coinbase
1713744000,1.26,1.32,1.26,1.3,1.2933333333333332,180184.29,0,coinbase
1713830400,1.29,1.32,1.26,1.29,1.29,170026.84,0,coinbase
1713916800,1.29,1.33,1.21,1.22,1.2533333333333332,214917.36,0,coinbase
1714003200,1.23,1.25,1.18,1.23,1.22,174262.45,0,coinbase
1714089600,1.22,1.23,1.18,1.19,1.2,166423.58,0,coinbase
1714176000,1.2,1.24,1.15,1.22,1.2033333333333331,109661.57,0,coinbase
1714262400,1.23,1.27,1.18,1.18,1.21,140966.58,0,coinbase
1714348800,1.19,1.2,1.14,1.19,1.1766666666666665,286019.06,0,coinbase
1714435200,1.18,1.2,1.06,1.11,1.1233333333333333,177822.02,0,coinbase
1714521600,1.11,1.12,1.02,1.09,1.0766666666666669,253391.71,0,coinbase
1714608000,1.09,1.17,1.07,1.15,1.1300000000000001,79652.74,0,coinbase
1714694400,1.14,1.19,1.1,1.16,1.1500000000000001,89890.74,0,coinbase
1714780800,1.17,1.19,1.15,1.16,1.1666666666666667,89539.51,0,coinbase
1714867200,1.17,1.2,1.13,1.19,1.1733333333333333,99115.26,0,coinbase
1714953600,1.19,1.25,1.17,1.19,1.2033333333333334,91632.67,0,coinbase
1715040000,1.18,1.4,1.16,1.17,1.2433333333333332,340966.15,0,coinbase
1715126400,1.17,1.23,1.13,1.19,1.1833333333333333,129266.45,0,coinbase
1715212800,1.19,1.31,1.18,1.27,1.2533333333333334,182091.3,0,coinbase
1715299200,1.28,1.31,1.21,1.23,1.25,124643.42,0,coinbase
1715385600,1.23,1.25,1.21,1.22,1.2266666666666666,23092.27,0,coinbase
1715472000,1.23,1.25,1.2,1.2,1.2166666666666668,18863.77,0,coinbase
1715558400,1.21,1.22,1.12,1.17,1.17,113347.64,0,coinbase
1715644800,1.16,1.17,1.1,1.1,1.1233333333333333,105866.48,0,coinbase
1715731200,1.11,1.2,1.09,1.19,1.16,94667.38,0,coinbase
1715817600,1.19,1.22,1.14,1.16,1.1733333333333331,33108.89,0,coinbase
1715904000,1.16,1.24,1.15,1.21,1.2,77206.72,0,coinbase
1715990400,1.21,1.26,1.2,1.21,1.2233333333333334,21877.28,0,coinbase
1716076800,1.21,1.22,1.13,1.14,1.163333333333333,49295.44,0,coinbase
1716163200,1.14,1.29,1.12,1.27,1.2266666666666668,91461.9,0,coinbase
1716249600,1.28,1.38,1.26,1.33,1.3233333333333333,205252.58,0,coinbase
1716336000,1.33,1.34,1.23,1.27,1.28,100952.2,0,coinbase
1716422400,1.28,1.34,1.2,1.27,1.27,90833.71,0,coinbase
1716508800,1.28,1.34,1.25,1.33,1.3066666666666666,150368.56,0,coinbase
1716595200,1.32,1.35,1.32,1.34,1.3366666666666667,31741.29,0,coinbase
1716681600,1.34,1.35,1.31,1.31,1.3233333333333335,57960.35,0,coinbase
1716768000,1.31,1.37,1.31,1.32,1.3333333333333333,93980.56,0,coinbase
1716854400,1.32,1.38,1.26,1.29,1.3099999999999998,182941.28,0,coinbase
1716940800,1.31,1.32,1.27,1.28,1.29,35975.4,0,coinbase
1717027200,1.28,1.4,1.24,1.36,1.3333333333333333,155702.82,0,coinbase
1717113600,1.36,1.45,1.32,1.4,1.39,154037.01,0,coinbase
1717200000,1.39,1.81,1.39,1.72,1.64,1079547.73,0,coinbase
1717286400,1.72,1.9,1.58,1.66,1.7133333333333332,1230252.84,0,coinbase
1717372800,1.66,1.8,1.54,1.66,1.6666666666666667,682928.35,0,coinbase
1717459200,1.67,1.84,1.67,1.73,1.7466666666666668,684302.89,0,coinbase
1717545600,1.73,1.8,1.68,1.74,1.74,182377.09,0,coinbase
1717632000,1.73,1.75,1.61,1.64,1.6666666666666667,207612.82,0,coinbase
1717718400,1.64,1.65,1.32,1.46,1.4766666666666666,384220.39,0,coinbase
1717804800,1.46,1.49,1.35,1.37,1.4033333333333333,150975.33,0,coinbase
1717891200,1.37,1.39,1.34,1.36,1.3633333333333333,110560.06,0,coinbase
1717977600,1.36,1.38,1.3,1.32,1.3333333333333333,71412.14,0,coinbase
1718064000,1.31,1.33,1.21,1.25,1.2633333333333334,109532.14,0,coinbase
1718150400,1.24,1.35,1.2,1.3,1.2833333333333332,100814.76,0,coinbase
1718236800,1.29,1.29,1.23,1.24,1.2533333333333332,31292.99,0,coinbase
1718323200,1.25,1.25,1.14,1.17,1.1866666666666665,105411.23,0,coinbase
1718409600,1.17,1.2,1.15,1.15,1.1666666666666665,38336.82,0,coinbase
1718496000,1.15,1.18,1.13,1.16,1.1566666666666665,31371.06,0,coinbase
1718582400,1.17,1.18,1.02,1.07,1.09,121798.23,0,coinbase
1718668800,1.07,1.07,0.91,0.96,0.98,355571.56,0,coinbase
1718755200,0.96,1.02,0.95,0.99,0.9866666666666667,124439.22,0,coinbase
1718841600,1.0,1.1,0.98,1.0,1.0266666666666666,196937.27,0,coinbase
1718928000,1.0,1.02,0.97,0.99,0.9933333333333333,106605.86,0,coinbase
1719014400,0.98,1.01,0.96,1.0,0.9899999999999999,39142.92,0,coinbase
1719100800,1.0,1.02,0.94,0.94,0.9666666666666667,107004.49,0,coinbase
1719187200,0.95,0.98,0.9,0.98,0.9533333333333333,190012.21,0,coinbase
1719273600,0.98,1.02,0.96,1.0,0.9933333333333333,68743.47,0,coinbase
1719360000,1.0,1.01,0.95,0.98,0.98,90709.54,0,coinbase
1719446400,0.98,1.01,0.95,1.0,0.9866666666666667,94446.92,0,coinbase
1719532800,1.01,1.02,0.97,0.97,0.9866666666666667,106415.19,0,coinbase
1719619200,0.98,0.99,0.95,0.96,0.9666666666666667,25437.78,0,coinbase
1719705600,0.96,1.03,0.94,1.02,0.9966666666666667,90894.88,0,coinbase
1719792000,1.01,1.06,0.99,0.99,1.0133333333333334,237196.36,0,coinbase
1719878400,1.0,1.01,0.95,0.96,0.9733333333333333,138462.39,0,coinbase
1719964800,0.96,0.98,0.9,0.9,0.9266666666666666,109859.4,0,coinbase
1720051200,0.9,0.91,0.81,0.81,0.8433333333333334,194927.1,0,coinbase
1720137600,0.81,0.81,0.68,0.76,0.75,378717.34,0,coinbase
1720224000,0.76,0.83,0.75,0.82,0.7999999999999999,266236.65,0,coinbase
1720310400,0.81,0.82,0.77,0.77,0.7866666666666666,62563.3,0,coinbase
1720396800,0.78,0.83,0.75,0.81,0.7966666666666667,140105.13,0,coinbase
1720483200,0.8,0.83,0.79,0.83,0.8166666666666668,112073.45,0,coinbase
1720569600,0.81,0.84,0.8,0.81,0.8166666666666668,97221.18,0,coinbase
1720656000,0.81,0.85,0.79,0.8,0.8133333333333335,313943.56,0,coinbase
1720742400,0.8,0.82,0.78,0.81,0.8033333333333333,376769.54,0,coinbase
1720828800,0.81,0.83,0.8,0.82,0.8166666666666665,251926.1,0,coinbase
1720915200,0.82,0.87,0.81,0.86,0.8466666666666667,258513.2,0,coinbase
1721001600,0.87,0.89,0.84,0.89,0.8733333333333334,417216.01,0,coinbase
1721088000,0.89,0.94,0.84,0.88,0.8866666666666666,559254.15,0,coinbase
1721174400,0.88,0.92,0.86,0.86,0.88,451816.12,0,coinbase
1721260800,0.86,0.9,0.83,0.85,0.86,383417.59,0,coinbase
1721347200,0.86,0.89,0.83,0.87,0.8633333333333333,332474.67,0,coinbase
1721433600,0.87,0.94,0.86,0.91,0.9033333333333333,344150.7,0,coinbase
1721520000,0.91,0.94,0.88,0.92,0.9133333333333332,279712.78,0,coinbase
1721606400,0.92,0.93,0.84,0.85,0.8733333333333334,406673.61,0,coinbase
1721692800,0.85,0.91,0.78,0.88,0.8566666666666666,478123.35,0,coinbase
1721779200,0.88,0.96,0.87,0.92,0.9166666666666666,730570.64,0,coinbase
1721865600,0.91,0.98,0.89,0.95,0.9400000000000001,712019.53,0,coinbase
1721952000,0.95,0.98,0.93,0.97,0.96,404383.61,0,coinbase
1722038400,0.98,0.99,0.9,0.97,0.9533333333333335,263859.78,0,coinbase
1722124800,0.97,0.99,0.85,0.87,0.9033333333333333,276233.59,0,coinbase
1722211200,0.86,0.89,0.84,0.86,0.8633333333333333,251903.96,0,coinbase
1722297600,0.86,0.94,0.82,0.83,0.8633333333333333,505208.93,0,coinbase
1722384000,0.83,0.86,0.8,0.8,0.82,538262.68,0,coinbase
1722470400,0.81,0.82,0.71,0.78,0.7699999999999999,204751.22,0,coinbase
1722556800,0.77,0.77,0.69,0.7,0.7200000000000001,513485.64,0,coinbase
1722643200,0.71,0.72,0.64,0.68,0.68,773003.22,0,coinbase
1722729600,0.68,0.69,0.62,0.64,0.65,368569.95,0,coinbase
1722816000,0.64,0.68,0.53,0.6,0.6033333333333334,813791.47,0,coinbase
1722902400,0.6,0.66,0.6,0.63,0.63,366022.51,0,coinbase
1722988800,0.63,0.65,0.59,0.6,0.6133333333333333,373364.64,0,coinbase
1723075200,0.6,0.68,0.6,0.67,0.65,279407.75,0,coinbase
1723161600,0.67,0.68,0.62,0.64,0.6466666666666666,307721.59,0,coinbase
1723248000,0.63,0.69,0.63,0.66,0.66,316525.59,0,coinbase
1723334400,0.66,0.67,0.6,0.61,0.6266666666666666,268635.09,0,coinbase
1723420800,0.61,0.67,0.61,0.65,0.6433333333333334,397529.44,0,coinbase
1723507200,0.65,0.67,0.63,0.66,0.6533333333333333,562316.48,0,coinbase
1723593600,0.66,0.68,0.63,0.63,0.6466666666666666,415030.36,0,coinbase
1723680000,0.63,0.65,0.59,0.6,0.6133333333333333,421239.35,0,coinbase
1723766400,0.6,0.62,0.56,0.59,0.59,517702.2,0,coinbase
1723852800,0.59,0.62,0.58,0.6,0.6,111867.03,0,coinbase
1723939200,0.61,0.64,0.59,0.61,0.6133333333333333,157633.76,0,coinbase
1724025600,0.61,0.65,0.61,0.63,0.63,273633.44,0,coinbase
1724112000,0.63,0.65,0.61,0.62,0.6266666666666666,648619.87,0,coinbase
1724198400,0.62,0.66,0.61,0.64,0.6366666666666667,629030.05,0,coinbase
1724284800,0.64,0.69,0.63,0.68,0.6666666666666666,672781.99,0,coinbase
1724371200,0.68,0.75,0.67,0.73,0.7166666666666667,907535.4,0,coinbase
1724457600,0.74,0.75,0.71,0.73,0.73,168084.27,0,coinbase
1724544000,0.73,0.74,0.7,0.71,0.7166666666666667,351296.2,0,coinbase
1724630400,0.7,0.72,0.64,0.66,0.6733333333333333,584690.53,0,coinbase
1724716800,0.65,0.67,0.59,0.6,0.62,414963.49,0,coinbase
1724803200,0.6,0.62,0.57,0.59,0.5933333333333333,428440.26,0,coinbase
1724889600,0.59,0.63,0.59,0.6,0.6066666666666666,562159.55,0,coinbase
1724976000,0.6,0.63,0.58,0.6,0.6033333333333334,575813.85,0,coinbase
1725062400,0.6,0.61,0.58,0.59,0.5933333333333333,325754.05,0,coinbase
1725148800,0.59,0.61,0.57,0.57,0.5833333333333334,421966.93,0,coinbase
1725235200,0.56,0.6,0.56,0.6,0.5866666666666668,517690.8,0,coinbase
1725321600,0.6,0.61,0.55,0.55,0.5700000000000001,274018.67,0,coinbase
1725408000,0.54,0.6,0.52,0.59,0.57,408051.68,0,coinbase
1725494400,0.59,0.6,0.58,0.58,0.5866666666666666,276278.73,0,coinbase
1725580800,0.58,0.6,0.54,0.56,0.5666666666666668,152114.18,0,coinbase
1725667200,0.56,0.58,0.55,0.56,0.5633333333333334,173698.79,0,coinbase
1725753600,0.56,0.62,0.56,0.61,0.5966666666666667,238414.3,0,coinbase
1725840000,0.61,0.62,0.57,0.6,0.5966666666666667,184853.65,0,coinbase
1725926400,0.6,0.62,0.59,0.6,0.6033333333333334,97610.13,0,coinbase
1726012800,0.6,0.64,0.59,0.62,0.6166666666666667,346575.18,0,coinbase
1726099200,0.62,0.64,0.6,0.63,0.6233333333333334,127082.36,0,coinbase
1726185600,0.62,0.65,0.6,0.63,0.6266666666666666,196264.72,0,coinbase
1726272000,0.63,0.65,0.6,0.62,0.6233333333333334,125251.81,0,coinbase
1726358400,0.62,0.63,0.59,0.59,0.6033333333333334,74903.73,0,coinbase
1726444800,0.59,0.61,0.58,0.59,0.5933333333333333,83187.71,0,coinbase
1726531200,0.59,0.62,0.59,0.6,0.6033333333333334,150908.95,0,coinbase
1726617600,0.6,0.63,0.59,0.62,0.6133333333333333,170545.95,0,coinbase
1726704000,0.62,0.67,0.62,0.64,0.6433333333333334,325292.71,0,coinbase
1726790400,0.64,0.69,0.63,0.65,0.6566666666666666,222868.12,0,coinbase
1726876800,0.65,0.67,0.64,0.66,0.6566666666666667,155541.38,0,coinbase
1726963200,0.66,0.67,0.61,0.63,0.6366666666666667,91980.23,0,coinbase
1727049600,0.63,0.67,0.62,0.65,0.6466666666666666,120858.19,0,coinbase
1727136000,0.65,0.67,0.63,0.66,0.6533333333333333,180869.83,0,coinbase
1727222400,0.66,0.68,0.63,0.65,0.6533333333333333,192259.97,0,coinbase
1727308800,0.64,0.68,0.62,0.67,0.6566666666666667,273349.14,0,coinbase
1727395200,0.67,0.71,0.67,0.69,0.69,387035.61,0,coinbase
1727481600,0.69,0.71,0.66,0.67,0.68,186781.22,0,coinbase
1727568000,0.67,0.69,0.66,0.67,0.6733333333333333,170571.62,0,coinbase
1727654400,0.67,0.69,0.64,0.64,0.6566666666666667,113357.45,0,coinbase
1727740800,0.64,0.67,0.61,0.61,0.63,174836.43,0,coinbase
1727827200,0.61,0.69,0.61,0.62,0.64,177689.87,0,coinbase
1727913600,0.62,0.64,0.61,0.62,0.6233333333333334,97810.53,0,coinbase
1728000000,0.62,0.66,0.62,0.64,0.64,97661.7,0,coinbase
1728086400,0.64,0.7,0.64,0.68,0.6733333333333333,245312.9,0,coinbase
1728172800,0.68,0.71,0.67,0.7,0.6933333333333334,172269.97,0,coinbase
1728259200,0.7,0.71,0.67,0.68,0.6866666666666666,129460.66,0,coinbase
1728345600,0.68,0.7,0.65,0.66,0.67,91670.72,0,coinbase
1728432000,0.66,0.67,0.64,0.65,0.6533333333333333,108760.31,0,coinbase
1728518400,0.65,0.68,0.64,0.65,0.6566666666666667,107194.16,0,coinbase
1728604800,0.65,0.7,0.65,0.68,0.6766666666666667,193798.02,0,coinbase
1728691200,0.69,0.71,0.68,0.69,0.6933333333333334,232894.86,0,coinbase
1728777600,0.69,0.71,0.65,0.68,0.68,148664.89,0,coinbase
1728864000,0.68,0.71,0.67,0.7,0.6933333333333334,362790.0,0,coinbase
1728950400,0.7,0.72,0.66,0.68,0.6866666666666666,273503.15,0,coinbase
1729036800,0.68,0.69,0.65,0.67,0.6699999999999999,129820.26,0,coinbase
1729123200,0.67,0.69,0.64,0.65,0.66,47564.77,0,coinbase
1729209600,0.661,0.684,0.661,0.684,0.6663,1989.84378105,18,kraken
1729296000,0.686,0.71,0.686,0.707,0.704,6128.41896451,40,kraken
1729382400,0.684,0.754,0.668,0.746,0.7237,31036.78782915,207,kraken
1729468800,0.746,0.761,0.686,0.691,0.7063,34498.58079025,165,kraken
1729555200,0.681,0.703,0.676,0.703,0.6925,2074.26623227,56,kraken
1729641600,0.698,0.698,0.676,0.698,0.6809,6121.23916652,35,kraken
1729728000,0.702,0.783,0.701,0.71,0.7397,37345.4468933,248,kraken
1729814400,0.719,0.721,0.634,0.642,0.6934,22919.51475972,104,kraken
1729900800,0.639,0.649,0.607,0.639,0.6308,2173.48002168,48,kraken
1729987200,0.631,0.646,0.627,0.645,0.636,1901.89394176,10,kraken
1730073600,0.623,0.645,0.613,0.645,0.6309,1858.87005135,23,kraken
1730160000,0.646,0.665,0.646,0.665,0.6577,3337.3038186,26,kraken
1730246400,0.676,0.706,0.643,0.664,0.6703,8024.08949327,116,kraken
1730332800,0.661,0.661,0.612,0.618,0.6306,16899.63431065,70,kraken
1730419200,0.609,0.622,0.595,0.606,0.6055,2304.92730253,22,kraken
1730505600,0.615,0.615,0.586,0.597,0.6021,744.98600945,23,kraken
1730592000,0.597,0.602,0.532,0.566,0.5696,5953.65072045,167,kraken
1730678400,0.56,0.575,0.537,0.546,0.5591,4318.86564809,55,kraken
1730764800,0.553,0.581,0.551,0.567,0.571,3952.35348623,47,kraken
1730851200,0.591,0.636,0.587,0.634,0.6127,7637.99916179,66,kraken
1730937600,0.639,0.649,0.596,0.622,0.6232,9176.15929858,65,kraken
1731024000,0.627,0.634,0.61,0.628,0.6204,4158.21060154,41,kraken
1731110400,0.631,0.666,0.629,0.662,0.647,4650.4525064,71,kraken
1731196800,0.662,0.707,0.651,0.683,0.6848,4379.24647998,90,kraken
1731283200,0.688,0.718,0.662,0.718,0.6999,6756.51674619,89,kraken
1731369600,0.709,0.731,0.663,0.684,0.6794,16207.97815664,105,kraken
1731456000,0.688,0.705,0.629,0.657,0.6684,9913.86455677,168,kraken
1731542400,0.661,0.697,0.645,0.655,0.6755,7046.49553079,88,kraken
1731628800,0.655,0.69,0.642,0.683,0.6712,3221.90680853,44,kraken
1731715200,0.69,0.749,0.69,0.742,0.7185,28329.44089197,80,kraken
1731801600,0.749,0.751,0.695,0.695,0.7286,6795.83572135,64,kraken
1731888000,0.712,0.773,0.712,0.757,0.7545,25495.84689415,110,kraken
1731974400,0.764,0.764,0.72,0.732,0.7314,11899.60911042,65,kraken
1732060800,0.73,0.732,0.666,0.692,0.7117,4704.10270717,36,kraken
1732147200,0.665,0.749,0.662,0.749,0.7196,5200.23319799,48,kraken
1732233600,0.746,0.779,0.734,0.779,0.7565,3167.43687647,68,kraken
1732320000,0.778,0.85,0.774,0.834,0.8217,24365.37561537,134,kraken
1732406400,0.83,0.913,0.81,0.913,0.8646,10571.65642025,100,kraken
1732492800,0.91,0.91,0.838,0.852,0.8701,19139.04955459,94,kraken
1732579200,0.846,0.891,0.815,0.865,0.8582,7475.53115651,68,kraken
1732665600,0.866,0.94,0.859,0.94,0.9141,2169.08950911,32,kraken
1732752000,0.932,0.98,0.916,0.98,0.9378,7240.6430574,58,kraken
1732838400,0.961,1.013,0.941,1.012,0.9947,9756.56792303,57,kraken
1732924800,1.009,1.11,1.007,1.091,1.0783,16686.15101465,117,kraken
1733011200,1.09,1.296,1.05,1.277,1.2591,62197.74187729,321,kraken
1733097600,1.253,1.288,1.157,1.197,1.2096,15555.81753308,145,kraken
1733184000,1.203,1.283,1.175,1.283,1.2296,8484.10680145,121,kraken
1733270400,1.286,1.349,1.253,1.292,1.3067,5524.60414635,148,kraken
1733356800,1.237,1.335,1.208,1.28,1.2927,3260.02023831,53,kraken
1733443200,1.32,1.345,1.237,1.345,1.2969,3142.39592448,60,kraken
1733529600,1.352,1.424,1.311,1.317,1.3481,13009.98152115,125,kraken
1733616000,1.307,1.327,1.244,1.327,1.2733,4228.33185819,32,kraken
1733702400,1.314,1.314,0.883,1.042,1.0977,8259.67925014,161,kraken
1733788800,1.035,1.048,0.887,1.008,0.9674,8339.3035574,148,kraken
1733875200,0.982,1.107,0.958,1.103,1.0537,6082.67343778,107,kraken
1733961600,1.102,1.192,1.097,1.168,1.16,8302.76689961,78,kraken
1734048000,1.164,1.181,1.132,1.15,1.162,3958.11584605,77,kraken
1734134400,1.187,1.214,1.126,1.139,1.18,1350.800993,27,kraken
1734220800,1.153,1.179,0.92,0.98,0.9969,69629.63638244,839,kraken
1734307200,0.981,1.017,0.846,0.867,0.9204,237137.39860246,1378,kraken
1734393600,0.853,0.939,0.842,0.853,0.8826,57066.60390781,258,kraken
1734480000,0.857,0.894,0.734,0.766,0.806,37378.89008149,215,kraken
1734566400,0.76,0.783,0.678,0.702,0.7049,181487.90236983,854,kraken
1734652800,0.705,0.741,0.603,0.732,0.6553,56986.03877705,879,kraken
1734739200,0.732,0.781,0.714,0.725,0.7609,11671.02314344,58,kraken
1734825600,0.717,0.724,0.692,0.7,0.7041,11301.94918103,49,kraken
1734912000,0.689,0.763,0.689,0.751,0.7226,4368.36780525,39,kraken
1734998400,0.743,0.797,0.735,0.781,0.7887,16130.75429789,94,kraken
1735084800,0.789,0.797,0.769,0.775,0.7833,9243.48392621,86,kraken
1735171200,0.758,0.758,0.721,0.729,0.7409,1746.24776219,27,kraken
1735257600,0.73,0.758,0.726,0.737,0.7339,3008.52282336,31,kraken
1735344000,0.74,0.828,0.74,0.811,0.8175,23389.73915901,119,kraken
1735430400,0.805,0.823,0.785,0.787,0.8002,4242.68406264,61,kraken
1735516800,0.79,0.803,0.737,0.76,0.7615,16988.08517915,90,kraken
1735603200,0.755,0.774,0.738,0.749,0.7552,1642.4342377,20,kraken
1735689600,0.748,0.77,0.726,0.77,0.7465,3674.79170968,37,kraken
1735776000,0.768,0.79,0.768,0.775,0.7802,4207.31167137,45,kraken
1735862400,0.778,0.826,0.768,0.824,0.8002,9964.02648071,69,kraken
1735948800,0.824,0.839,0.809,0.819,0.8213,7206.00298951,64,kraken
1736035200,0.818,0.829,0.807,0.829,0.817,3236.34514946,30,kraken
1736121600,0.818,0.848,0.815,0.828,0.8343,4263.35502709,52,kraken
1736208000,0.818,0.821,0.729,0.739,0.7767,4257.04169639,62,kraken
1736294400,0.736,0.736,0.671,0.704,0.7075,24131.63962015,69,kraken
1736380800,0.71,0.71,0.672,0.688,0.7018,31856.97091681,101,kraken
1736467200,0.69,0.706,0.674,0.703,0.6967,2995.40195393,38,kraken
1736553600,0.692,0.703,0.681,0.692,0.6885,6683.68028213,35,kraken
1736640000,0.696,0.696,0.683,0.689,0.6936,782.76559751,7,kraken
1736726400,0.667,0.668,0.609,0.648,0.631,3969.78205867,50,kraken
1736812800,0.649,0.682,0.649,0.682,0.6651,1541.84506167,26,kraken
1736899200,0.681,0.701,0.658,0.701,0.6848,3623.30409554,94,kraken
1736985600,0.7,0.701,0.666,0.68,0.6891,10861.19998965,68,kraken
1737072000,0.683,0.735,0.683,0.73,0.7137,6015.82568662,46,kraken
1737158400,0.738,0.738,0.655,0.658,0.6935,10260.46635279,70,kraken
1737244800,0.677,0.681,0.574,0.595,0.6459,23362.35617634,137,kraken
1737331200,0.584,0.625,0.559,0.587,0.5923,14699.71688062,146,kraken
1737417600,0.584,0.624,0.56,0.605,0.599,9776.75208424,96,kraken
1737504000,0.61,0.612,0.595,0.595,0.6043,11804.59547014,37,kraken
1737590400,0.598,0.603,0.576,0.59,0.5903,6285.67504045,61,kraken
1737676800,0.59,0.612,0.58,0.58,0.5979,6872.87116142,79,kraken
1737763200,0.582,0.601,0.575,0.593,0.5866,3580.28618671,44,kraken
1737849600,0.594,0.613,0.584,0.586,0.5967,3412.84947348,42,kraken
1737936000,0.58,0.58,0.518,0.558,0.554,29685.3605863,161,kraken
1738022400,0.557,0.567,0.529,0.531,0.5517,14321.41635192,126,kraken
1738108800,0.532,0.561,0.53,0.554,0.5425,14357.58793311,79,kraken
1738195200,0.547,0.589,0.514,0.586,0.5495,17245.94511025,68,kraken
1738281600,0.586,0.598,0.57,0.574,0.5791,4367.79859655,45,kraken
1738368000,0.579,0.579,0.522,0.527,0.5412,12164.7128815,63,kraken
1738454400,0.526,0.526,0.414,0.442,0.4767,14780.1422379,119,kraken
1738540800,0.429,0.457,0.338,0.451,0.3828,20426.94916693,189,kraken
1738627200,0.45,0.45,0.411,0.43,0.4263,16925.50540119,103,kraken
1738713600,0.429,0.443,0.423,0.426,0.4331,1757.35347534,22,kraken
1738800000,0.431,0.435,0.395,0.395,0.4102,7620.06999132,77,kraken
1738886400,0.409,0.426,0.391,0.405,0.4113,8441.28587657,84,kraken
1738972800,0.402,0.436,0.4,0.436,0.4153,3716.54944377,35,kraken
1739059200,0.436,0.447,0.422,0.422,0.4357,1787.94536229,28,kraken
1739145600,0.435,0.448,0.414,0.447,0.4317,2240.91718832,40,kraken
1739232000,0.454,0.478,0.447,0.45,0.4598,4069.71149802,50,kraken
1739318400,0.453,0.488,0.447,0.484,0.4709,1748.96404683,39,kraken
1739404800,0.482,0.488,0.46,0.467,0.4699,6620.70495732,62,kraken
1739491200,0.475,0.489,0.471,0.476,0.4803,1728.52501599,23,kraken
1739577600,0.479,0.481,0.467,0.471,0.4736,1635.80043833,28,kraken
1739664000,0.461,0.485,0.461,0.475,0.4702,1202.78767612,20,kraken
1739750400,0.47,0.495,0.463,0.471,0.4773,3907.35876236,76,kraken
1739836800,0.47,0.474,0.406,0.417,0.4359,7251.01005934,68,kraken
1739923200,0.429,0.456,0.423,0.456,0.4479,3502.93167562,46,kraken
1740009600,0.454,0.486,0.454,0.48,0.4747,8831.51441123,70,kraken
1740096000,0.487,0.504,0.461,0.47,0.4874,2789.20111003,39,kraken
1740182400,0.497,0.497,0.48,0.483,0.4821,468.26135356,5,kraken
1740268800,0.481,0.485,0.476,0.478,0.4782,201.13452419,9,kraken
1740355200,0.454,0.459,0.412,0.424,0.4417,810.74939128,18,kraken
1740441600,0.402,0.435,0.382,0.414,0.4035,2043.01610298,31,kraken
1740528000,0.424,0.436,0.412,0.431,0.4245,3097.86044401,44,kraken
1740614400,0.434,0.448,0.427,0.442,0.4399,2940.24274852,47,kraken
1740700800,0.431,0.446,0.408,0.444,0.4351,1173.22814024,12,kraken
1740787200,0.435,0.442,0.425,0.43,0.4366,2836.3889776,9,kraken
1740873600,0.428,0.486,0.428,0.484,0.4687,2476.36287524,43,kraken
1740960000,0.48,0.48,0.391,0.401,0.4387,5718.83712705,73,kraken
1741046400,0.397,0.397,0.361,0.386,0.3775,8336.38496496,71,kraken
1741132800,0.38,0.397,0.377,0.397,0.3863,2294.07863248,19,kraken
1741219200,0.402,0.411,0.385,0.391,0.4019,1704.44670006,13,kraken
1741305600,0.388,0.396,0.371,0.384,0.3834,2717.63577319,30,kraken
1741392000,0.375,0.463,0.373,0.373,0.3862,9698.51032016,43,kraken
1741478400,0.373,0.379,0.331,0.337,0.3521,4918.01274594,33,kraken
1741564800,0.333,0.347,0.307,0.314,0.3189,3210.27651351,33,kraken
1741651200,0.307,0.338,0.297,0.335,0.3178,1640.39849501,22,kraken
1741737600,0.327,0.342,0.324,0.342,0.3325,4951.87443676,26,kraken
1741824000,0.334,0.34,0.328,0.33,0.3363,1018.63726488,14,kraken
1741910400,0.337,0.359,0.337,0.356,0.3512,14064.42234789,63,kraken
1741996800,0.353,0.369,0.352,0.366,0.36,2771.17606772,34,kraken
1742083200,0.361,0.361,0.339,0.347,0.3478,2334.75421035,18,kraken
1742169600,0.352,0.375,0.352,0.375,0.3658,4463.9569797,31,kraken
1742256000,0.375,0.378,0.353,0.364,0.3649,2038.42617145,35,kraken
1742342400,0.368,0.388,0.368,0.385,0.3796,9639.42862949,79,kraken
1742428800,0.382,0.382,0.37,0.372,0.3731,164.9163665,6,kraken
1742515200,0.372,0.372,0.35,0.36,0.3573,3614.21162528,47,kraken
1742601600,0.364,0.388,0.364,0.368,0.374,11234.31075103,49,kraken
1742688000,0.372,0.378,0.367,0.367,0.3721,2193.92697555,9,kraken
1742774400,0.368,0.387,0.356,0.382,0.3805,1145.10028436,19,kraken
1742860800,0.378,0.379,0.364,0.376,0.373,2049.68842355,23,kraken
1742947200,0.377,0.378,0.358,0.36,0.3695,1661.44969667,23,kraken
1743033600,0.363,0.364,0.355,0.36,0.3602,4096.29988453,9,kraken
1743120000,0.356,0.356,0.316,0.318,0.341,6955.20339243,43,kraken
1743206400,0.323,0.326,0.304,0.304,0.3081,2954.45357841,24,kraken
1743292800,0.315,0.321,0.311,0.314,0.3149,3325.47860093,8,kraken
1743379200,0.305,0.316,0.299,0.306,0.3071,10598.53581771,19,kraken
1743465600,0.306,0.317,0.306,0.313,0.3124,1130.43663878,15,kraken
1743552000,0.308,0.308,0.276,0.276,0.2946,7397.34393701,93,kraken
1743638400,0.275,0.291,0.254,0.267,0.2665,13481.86321807,91,kraken
1743724800,0.263,0.269,0.256,0.262,0.2629,4590.98629096,55,kraken
1743811200,0.264,0.273,0.26,0.262,0.265,3659.58605257,39,kraken
1743897600,0.262,0.266,0.234,0.236,0.2471,5781.43648137,53,kraken
1743984000,0.237,0.24,0.208,0.239,0.2147,16314.12029819,86,kraken
1744070400,0.242,0.251,0.227,0.229,0.2358,7864.47164975,46,kraken
1744156800,0.226,0.264,0.219,0.259,0.248,20304.85712636,85,kraken
1744243200,0.256,0.257,0.242,0.247,0.2476,12212.99747138,67,kraken
1744329600,0.247,0.257,0.246,0.256,0.2522,21655.95881448,111,kraken
1744416000,0.256,0.272,0.256,0.263,0.264,12294.36339925,81,kraken
1744502400,0.263,0.263,0.238,0.238,0.2593,20073.05980579,91,kraken
1744588800,0.24,0.253,0.238,0.244,0.2417,60537.40113898,115,kraken
1744675200,0.248,0.257,0.232,0.235,0.2494,11080.80484025,61,kraken
1744761600,0.237,0.239,0.228,0.235,0.2351,135670.25167685,187,kraken
1744848000,0.234,0.239,0.23,0.235,0.233,91051.04889162,152,kraken
1744934400,0.236,0.25,0.236,0.247,0.2461,24924.46074424,66,kraken
1745020800,0.252,0.278,0.251,0.275,0.2698,94660.51008583,214,kraken
1745107200,0.273,0.346,0.272,0.335,0.3007,222566.11813077,591,kraken
1745193600,0.335,0.356,0.298,0.302,0.3238,264967.15202753,613,kraken
1745280000,0.299,0.315,0.289,0.315,0.3038,15907.20595095,116,kraken
1745366400,0.313,0.326,0.306,0.31,0.3164,51688.14983782,178,kraken
1745452800,0.312,0.327,0.302,0.325,0.3207,24679.65492149,114,kraken
1745539200,0.324,0.348,0.32,0.332,0.331,72642.30979178,191,kraken
1745625600,0.341,0.341,0.319,0.329,0.3287,38678.56749271,108,kraken
1745712000,0.331,0.338,0.314,0.314,0.328,10231.83301787,56,kraken
1745798400,0.314,0.328,0.301,0.318,0.3171,11694.37294313,62,kraken
1745884800,0.321,0.322,0.308,0.308,0.3149,1636.27778762,14,kraken
1745971200,0.312,0.322,0.31,0.319,0.3183,5149.88284529,22,kraken
1746057600,0.319,0.331,0.319,0.322,0.3239,19011.56920445,30,kraken
1746144000,0.323,0.323,0.31,0.31,0.3144,6087.75564307,35,kraken
1746230400,0.307,0.31,0.273,0.283,0.2918,10215.44171227,65,kraken
1746316800,0.282,0.285,0.272,0.278,0.2792,16136.3546424,47,kraken
1746403200,0.279,0.287,0.277,0.281,0.2821,17900.84628805,57,kraken
1746489600,0.28,0.28,0.261,0.277,0.268,9851.87801806,42,kraken
1746576000,0.276,0.282,0.265,0.265,0.2743,8839.38207807,45,kraken
1746662400,0.269,0.303,0.269,0.303,0.2892,6256.57252568,42,kraken
1746748800,0.303,0.327,0.3009,0.3269,0.3178,16538.3848098,67,kraken
1746835200,0.3289,0.356,0.3205,0.3503,0.3393,38361.13798836,100,kraken
1746921600,0.3519,0.3572,0.334,0.3395,0.3449,13630.01457192,68,kraken
1747008000,0.3392,0.3611,0.3217,0.3441,0.3454,42012.79755103,110,kraken
1747094400,0.3439,0.367,0.3307,0.3634,0.3526,21646.69937192,77,kraken
1747180800,0.3648,0.3692,0.3421,0.3421,0.3597,33089.74812859,77,kraken
1747267200,0.3383,0.3383,0.3098,0.3197,0.327,5454.48904363,34,kraken
1747353600,0.3198,0.3246,0.3075,0.3105,0.317,24391.04787679,25,kraken
1747440000,0.3018,0.3422,0.2976,0.2999,0.3038,5649.01040578,52,kraken
1747526400,0.2986,0.3302,0.2978,0.3105,0.3005,21753.09881418,65,kraken
1747612800,0.3127,0.3132,0.2903,0.2974,0.2954,9387.3631827,42,kraken
1747699200,0.3024,0.307,0.2888,0.2904,0.2993,5388.90198222,21,kraken
1747785600,0.3007,0.3105,0.2932,0.3105,0.2999,27711.7840745,44,kraken
1747872000,0.3119,0.33,0.3064,0.3241,0.3233,42499.74616455,71,kraken
1747958400,0.329,0.329,0.2968,0.2968,0.3102,41457.48900033,77,kraken
1748044800,0.2957,0.2983,0.2939,0.2953,0.2974,27220.49309564,55,kraken
1748131200,0.2853,0.2953,0.279,0.2947,0.2846,31125.62878979,71,kraken
1748217600,0.296,0.3,0.2873,0.2883,0.2928,17551.31090455,28,kraken
1748304000,0.2862,0.3003,0.2798,0.2928,0.291,76143.73351463,95,kraken
1748390400,0.2931,0.2966,0.282,0.2886,0.2868,40077.14413894,72,kraken
1748476800,0.2912,0.2989,0.2791,0.2791,0.2929,17245.73027122,41,kraken
1748563200,0.2721,0.2741,0.25,0.2526,0.2641,37016.07883576,122,kraken
1748649600,0.2438,0.2551,0.2349,0.2527,0.2429,13687.71521008,56,kraken
1748736000,0.2526,0.2628,0.2514,0.2628,0.2588,10441.21017783,37,kraken
1748822400,0.2639,0.2695,0.2539,0.2695,0.2637,21246.028659,60,kraken
1748908800,0.2703,0.2776,0.2676,0.2733,0.2746,8586.51905182,29,kraken
1748995200,0.2725,0.2777,0.2615,0.2615,0.2692,4287.36981279,18,kraken
1749081600,0.2635,0.2714,0.2471,0.2512,0.2581,6102.41159262,20,kraken
1749168000,0.2489,0.2599,0.248,0.2536,0.2564,4751.57889113,12,kraken
1749254400,0.2591,0.2667,0.2591,0.2637,0.2642,1756.56833771,9,kraken
1749340800,0.2655,0.2675,0.2596,0.2668,0.2624,3360.5722166,20,kraken
1749427200,0.2593,0.2784,0.2593,0.2784,0.2712,5621.29473705,26,kraken
1749513600,0.2804,0.2884,0.2742,0.2848,0.2827,6505.43966448,30,kraken
1749600000,0.2874,0.2886,0.2699,0.2699,0.2822,9647.77749816,41,kraken
1749686400,0.2658,0.2658,0.2485,0.2485,0.2541,7204.1641544,32,kraken
1749772800,0.2432,0.2468,0.2301,0.2468,0.238,14269.56139872,41,kraken
1749859200,0.2464,0.2466,0.2362,0.2414,0.2421,4849.48713167,24,kraken
1749945600,0.2434,0.2465,0.242,0.2464,0.2441,6314.13660995,24,kraken
1750032000,0.2446,0.257,0.2446,0.2463,0.2512,8809.89120452,27,kraken
1750118400,0.243,0.247,0.2319,0.2373,0.237,13172.92854094,41,kraken
1750204800,0.2359,0.2396,0.2252,0.2373,0.2322,20096.32318475,41,kraken
1750291200,0.2364,0.2382,0.2173,0.2284,0.2291,64504.33171947,68,kraken
1750377600,0.2302,0.2374,0.2211,0.2283,0.2341,19626.07840765,39,kraken
1750464000,0.2254,0.2283,0.2092,0.2146,0.2197,9258.12877236,42,kraken
1750550400,0.2178,0.2178,0.195,0.2033,0.2054,34826.83481348,81,kraken
1750636800,0.2033,0.2214,0.2033,0.2214,0.2095,12926.26461469,45,kraken
1750723200,0.2259,0.2288,0.2167,0.2277,0.2246,8932.60678938,33,kraken
1750809600,0.2295,0.2357,0.2139,0.2251,0.2255,35516.68512821,38,kraken
1750896000,0.2277,0.2357,0.2184,0.2237,0.2264,16529.23418484,46,kraken
1750982400,0.2235,0.2252,0.2209,0.2252,0.2229,27160.52301454,44,kraken
1751068800,0.2253,0.2282,0.222,0.227,0.2239,2193.16252637,9,kraken
1751155200,0.225,0.2394,0.225,0.2369,0.2332,9611.88332678,50,kraken
1751241600,0.237,0.237,0.228,0.2361,0.234,6338.73669858,36,kraken
1751328000,0.2315,0.2315,0.2188,0.222,0.2215,7507.00478833,37,kraken
1751414400,0.2211,0.247,0.2211,0.2449,0.2332,8966.84375563,41,kraken
1751500800,0.2419,0.2462,0.2331,0.2398,0.2415,22104.80723842,34,kraken
1751587200,0.2367,0.237,0.2198,0.2218,0.2259,6913.32193152,45,kraken
1751673600,0.2241,0.2443,0.2208,0.2259,0.2305,88138.9885678,226,kraken
1751760000,0.225,0.2341,0.2241,0.2281,0.2302,21152.23995019,85,kraken
1751846400,0.2302,0.2383,0.2289,0.2331,0.2332,18909.94481731,86,kraken
1751932800,0.2301,0.2608,0.2278,0.2413,0.2448,98884.59671786,323,kraken
1752019200,0.2413,0.2509,0.2379,0.2509,0.2442,13433.96859257,34,kraken
1752105600,0.2501,0.2771,0.2501,0.2769,0.2568,39421.26040038,132,kraken
1752192000,0.2777,0.2952,0.2749,0.2802,0.2849,18369.86013826,81,kraken
1752278400,0.2821,0.2869,0.2742,0.2803,0.2775,23109.66860287,46,kraken
1752364800,0.2803,0.2921,0.279,0.2845,0.2845,16356.45242573,40,kraken
1752451200,0.2863,0.2982,0.282,0.2851,0.2935,19648.21228957,40,kraken
1752537600,0.2832,0.303,0.275,0.303,0.2882,26471.48034315,61,kraken
1752624000,0.3031,0.305,0.2928,0.2977,0.3015,16458.56823132,54,kraken
1752710400,0.2949,0.3067,0.2906,0.3047,0.2992,35372.67707337,85,kraken
1752796800,0.3046,0.3138,0.2949,0.2978,0.3081,20739.71408941,78,kraken
1752883200,0.2998,0.3088,0.2962,0.3086,0.304,42195.75204639,152,kraken
1752969600,0.3105,0.3351,0.3105,0.3317,0.3264,26030.67716703,66,kraken
1753056000,0.3279,0.3457,0.3279,0.3346,0.3335,28185.0083215,73,kraken
1753142400,0.328,0.334,0.3178,0.3284,0.3221,10427.41930871,48,kraken
1753228800,0.3274,0.3274,0.2946,0.3008,0.3106,9888.58059757,41,kraken
1753315200,0.2957,0.2963,0.2789,0.294,0.2884,38524.82795555,84,kraken
1753401600,0.291,0.2983,0.287,0.2983,0.2903,29452.98160271,40,kraken
1753488000,0.2994,0.3316,0.2958,0.3007,0.3201,30167.78993064,72,kraken
1753574400,0.2996,0.3115,0.297,0.3115,0.3034,10213.28629019,25,kraken
1753660800,0.3137,0.3168,0.2867,0.2868,0.3058,8316.39442058,36,kraken
1753747200,0.2858,0.3011,0.2858,0.2907,0.2929,3420.58636031,23,kraken
1753833600,0.2897,0.2941,0.2794,0.2857,0.2916,8406.7658662,24,kraken
1753920000,0.2929,0.294,0.2727,0.2727,0.2843,5400.65894923,25,kraken
1754006400,0.269,0.3437,0.2356,0.2638,0.2709,62576.33206782,106,kraken
1754092800,0.267,0.2688,0.2565,0.2599,0.2611,10262.86282502,32,kraken
1754179200,0.2593,0.2719,0.2593,0.2718,0.2692,4642.8825044,15,kraken
1754265600,0.2698,0.2761,0.2698,0.2761,0.2722,894.37682121,10,kraken
1754352000,0.2739,0.2817,0.2649,0.2649,0.2729,1079.50521379,11,kraken
1754438400,0.2652,0.2759,0.2652,0.2759,0.2716,14605.25818783,11,kraken
1754524800,0.2769,0.2878,0.2692,0.2856,0.2828,140762.42996398,136,kraken
1754611200,0.2867,0.2975,0.2867,0.2945,0.2919,17319.63615641,44,kraken
1754697600,0.3004,0.3097,0.3004,0.3076,0.3052,14318.5457167,52,kraken
1754784000,0.3065,0.3078,0.2951,0.3048,0.3023,14851.76184772,69,kraken
1754870400,0.3108,0.3108,0.2919,0.2919,0.302,4721.98138071,36,kraken
1754956800,0.2928,0.3171,0.2894,0.3135,0.3017,8790.1454446,60,kraken
1755043200,0.3113,0.62,0.3067,0.4508,0.4679,1030642.03314636,3222,kraken
1755129600,0.4524,0.5458,0.3749,0.3851,0.4455,1245084.90239519,3138,kraken
1755216000,0.3848,0.3902,0.3478,0.3615,0.3693,344455.81194487,626,kraken
1755302400,0.3603,0.3678,0.3445,0.3538,0.3556,151644.45653031,252,kraken
1755388800,0.3537,0.3759,0.3463,0.3655,0.3613,109279.69764312,205,kraken
1755475200,0.361,0.361,0.3213,0.326,0.3304,113407.42173803,168,kraken
1755561600,0.3236,0.3486,0.31,0.3239,0.3287,181920.73989838,365,kraken
1755648000,0.323,0.3513,0.3167,0.3364,0.3308,245754.97500346,353,kraken
1755734400,0.3355,0.3875,0.333,0.3448,0.3576,290885.27591919,651,kraken
1755820800,0.3456,0.3688,0.3225,0.3661,0.3511,117753.52666792,282,kraken
1755907200,0.3652,0.3713,0.3465,0.3538,0.3578,41598.25369849,102,kraken
1755993600,0.3544,0.3544,0.3345,0.3474,0.3407,105920.69514112,136,kraken
1756080000,0.3431,0.3764,0.3102,0.3155,0.3477,82026.56803109,210,kraken
1756166400,0.3174,0.3319,0.3174,0.3292,0.3232,64386.33289452,157,kraken
1756252800,0.3288,0.3374,0.325,0.3268,0.3305,53926.76501211,134,kraken
1756339200,0.3288,0.3614,0.3252,0.3549,0.3436,76474.22418515,200,kraken
1756425600,0.3541,0.3541,0.3148,0.3238,0.3241,45512.91565522,150,kraken
1756512000,0.3227,0.3301,0.3216,0.3282,0.3265,25435.56677632,76,kraken
1756598400,0.3329,0.3356,0.3242,0.3242,0.3324,31406.04475136,76,kraken
1756684800,0.3238,0.335,0.3169,0.3179,0.3237,44170.34987374,111,kraken
1756771200,0.3217,0.329,0.3199,0.3271,0.3247,9194.19384937,19,kraken
1756857600,0.3253,0.3339,0.3232,0.331,0.3281,4066.73816061,20,kraken
1756944000,0.3308,0.3308,0.3104,0.3138,0.3137,30731.12546658,80,kraken
1757030400,0.3202,0.3529,0.3202,0.3346,0.3372,48929.69480821,103,kraken
1757116800,0.337,0.3473,0.3309,0.3348,0.3396,23106.66940641,69,kraken
1757203200,0.3363,0.3448,0.334,0.339,0.34,20928.12316257,60,kraken
1757289600,0.3408,0.3577,0.3396,0.3457,0.3501,32947.20641403,78,kraken
1757376000,0.3521,0.371,0.3471,0.3544,0.36,43401.06469227,128,kraken
1757462400,0.357,0.3627,0.3538,0.357,0.3583,29368.46781085,86,kraken
1757548800,0.3566,0.3654,0.337,0.3498,0.3533,14481.72590122,75,kraken
1757635200,0.3498,0.3678,0.3498,0.3678,0.3569,27586.64324884,105,kraken
1757721600,0.3669,0.383,0.3669,0.38,0.3763,33252.58115264,97,kraken
1757808000,0.3781,0.3781,0.3559,0.361,0.3641,13339.25622358,47,kraken
1757894400,0.3578,0.3651,0.341,0.3472,0.3456,19464.54177451,66,kraken
1757980800,0.3482,0.3539,0.3253,0.3519,0.3437,40008.11940965,102,kraken
1758067200,0.3481,0.3693,0.3432,0.3652,0.3572,15789.43079182,54,kraken
1758153600,0.3634,0.3707,0.3589,0.3675,0.3647,24753.47881291,77,kraken
1758240000,0.3732,0.3732,0.3358,0.338,0.3457,16097.44705427,58,kraken
1758326400,0.3342,0.3478,0.3334,0.3422,0.3382,16677.64393433,52,kraken
1758412800,0.3427,0.3622,0.336,0.3371,0.3535,30177.66786586,101,kraken
1758499200,0.3302,0.3302,0.2923,0.3063,0.3093,44926.66497717,155,kraken
1758585600,0.3033,0.3076,0.2983,0.301,0.3039,29366.2268673,80,kraken
1758672000,0.3042,0.3076,0.2953,0.2974,0.3021,12345.51261496,42,kraken
1758758400,0.2976,0.2979,0.2716,0.2734,0.2891,26772.25919569,70,kraken
1758844800,0.2731,0.2844,0.2559,0.2821,0.2748,41447.89103074,122,kraken
1758931200,0.2832,0.2832,0.2755,0.2762,0.2779,15482.42999947,42,kraken
1759017600,0.2755,0.2793,0.2663,0.2769,0.273,70216.56997237,174,kraken
1759104000,0.2791,0.2791,0.2623,0.2691,0.2674,30856.91073502,74,kraken
1759190400,0.2634,0.2751,0.2485,0.2573,0.2548,99576.6305493,245,kraken
1759276800,0.2525,0.2816,0.2513,0.2774,0.2749,33508.98845603,79,kraken
1759363200,0.2784,0.2884,0.2751,0.285,0.2822,32448.66762959,69,kraken
1759449600,0.2859,0.2912,0.28,0.2882,0.2861,16031.93397641,51,kraken
1759536000,0.2854,0.2883,0.2772,0.2815,0.2848,21449.33484041,43,kraken
1759622400,0.2818,0.2902,0.2775,0.2775,0.2852,12764.93570214,27,kraken
1759708800,0.2774,0.2892,0.2774,0.2862,0.2842,10447.94388685,20,kraken
1759795200,0.2842,0.2851,0.269,0.2724,0.2822,10559.30590933,43,kraken
1759881600,0.2713,0.286,0.2713,0.284,0.2755,8430.12883153,41,kraken
1759968000,0.2798,0.2812,0.2695,0.2761,0.2735,4983.16391133,12,kraken
1760054400,0.2782,0.3035,0.0101,0.2105,0.254,71539.01266228,298,kraken
1760140800,0.2105,0.2329,0.1995,0.2126,0.2106,57016.00706097,165,kraken
1760227200,0.2123,0.2372,0.2083,0.2372,0.2234,25079.25875296,102,kraken
1760313600,0.2374,0.25,0.2275,0.2494,0.2387,13480.73869863,73,kraken
1760400000,0.2498,0.2498,0.2271,0.2352,0.2353,24842.69123251,61,kraken
1760486400,0.2352,0.2366,0.2231,0.2264,0.2338,16009.35783544,32,kraken
1760572800,0.2272,0.2332,0.2173,0.2173,0.2254,19391.06185703,44,kraken
1760659200,0.2196,0.2215,0.2027,0.2131,0.2111,21696.80325834,64,kraken
1760745600,0.2131,0.2184,0.2097,0.2155,0.2137,39661.73906455,61,kraken
1760832000,0.2136,0.2244,0.2111,0.2224,0.2183,43050.97442402,87,kraken
1760918400,0.224,0.2251,0.2146,0.2181,0.2208,29171.85427569,61,kraken
1761004800,0.216,0.2239,0.202,0.212,0.2125,22143.15617764,35,kraken
1761091200,0.2113,0.2122,0.1962,0.2015,0.2025,37158.96931269,49,kraken
1761177600,0.2053,0.2093,0.2048,0.2063,0.2071,9412.0771593,16,kraken
1761264000,0.2061,0.2101,0.2055,0.208,0.2082,12389.21400691,50,kraken
1761350400,0.208,0.2092,0.2043,0.2082,0.2072,20353.67664017,48,kraken
1761436800,0.2082,0.2142,0.2043,0.2142,0.2094,19718.47301763,35,kraken
1761523200,0.2162,0.2193,0.2049,0.2049,0.214,40131.22732834,54,kraken
1761609600,0.206,0.2094,0.1934,0.1962,0.2027,14936.88606036,59,kraken
1761696000,0.196,0.2641,0.1833,0.1884,0.2003,119067.27679966,293,kraken
1761782400,0.1893,0.1913,0.1522,0.1764,0.1711,91217.54897681,118,kraken
1761868800,0.1793,0.1832,0.1777,0.1813,0.1803,21341.60408209,98,kraken
1761955200,0.1821,0.1863,0.1821,0.1844,0.1842,4110.07445773,10,kraken
1762041600,0.1844,0.186,0.1771,0.1793,0.1805,12971.48658822,28,kraken
1762128000,0.1754,0.1754,0.1465,0.1643,0.1654,32681.41010254,100,kraken
1762214400,0.164,0.178,0.154,0.1727,0.1709,15756.7833137,60,kraken
1762300800,0.169,0.1766,0.1577,0.1737,0.1701,8143.83620589,23,kraken
1762387200,0.1727,0.1759,0.1665,0.1729,0.1723,15350.7446903,144,kraken
1762473600,0.1765,0.1961,0.1706,0.1952,0.1871,18334.61338273,66,kraken
1762560000,0.1888,0.2049,0.1831,0.1884,0.1937,71188.86738399,130,kraken
1762646400,0.1859,0.1942,0.1791,0.1892,0.1889,48044.69588391,101,kraken
1762732800,0.1889,0.1943,0.1889,0.1893,0.1912,12352.42580302,28,kraken
1762819200,0.1902,0.1946,0.178,0.178,0.1879,26259.86097689,79,kraken
1762905600,0.1823,0.1865,0.1742,0.1765,0.1807,13255.13455746,36,kraken
1762992000,0.1774,0.1833,0.1662,0.1713,0.1741,15287.06141899,95,kraken
1763078400,0.1701,0.1722,0.1621,0.1671,0.1671,30833.13263323,93,kraken
1763164800,0.1691,0.171,0.1663,0.1682,0.169,26075.39015212,38,kraken
1763251200,0.1682,0.1703,0.1581,0.1644,0.1617,14779.45395231,44,kraken
1763337600,0.1621,0.1738,0.157,0.1589,0.1624,11648.12308662,55,kraken
1763424000,0.1599,0.1634,0.1554,0.1601,0.1603,5806.22826999,23,kraken
1763510400,0.1586,0.1785,0.1448,0.1552,0.1524,25429.65662812,67,kraken
1763596800,0.1627,0.1791,0.156,0.16,0.1635,18809.64619748,70,kraken
1763683200,0.1626,0.1723,0.147,0.1529,0.1602,73362.52589491,223,kraken
1763769600,0.1558,0.1563,0.1499,0.1563,0.154,30572.02457754,61,kraken
1763856000,0.155,0.1621,0.1549,0.1596,0.1577,13283.34029234,60,kraken
1763942400,0.158,0.162,0.1476,0.1597,0.1547,84713.12134536,138,kraken
1764028800,0.1588,0.1588,0.1543,0.157,0.1566,23089.48305975,61,kraken
1764115200,0.156,0.1591,0.1509,0.1591,0.1535,10061.40684329,16,kraken
1764201600,0.159,0.1651,0.1579,0.1641,0.1596,23392.64847884,33,kraken
1764288000,0.1611,0.1676,0.1574,0.158,0.1611,30282.39579534,75,kraken
1764374400,0.157,0.16,0.1547,0.1574,0.1584,14306.22370731,33,kraken
1764460800,0.1548,0.1561,0.1529,0.1534,0.1549,10856.64735726,32,kraken
1764547200,0.1485,0.1532,0.1379,0.142,0.1417,8567.74532982,35,kraken
1764633600,0.141,0.1486,0.1349,0.1434,0.1386,46082.95129594,86,kraken
1764720000,0.1443,0.1477,0.141,0.1454,0.1442,5658.0600868,24,kraken
1764806400,0.1454,0.157,0.1413,0.1491,0.1455,106121.19007906,189,kraken
1764892800,0.1438,0.1456,0.1347,0.1365,0.1421,28175.46642712,100,kraken
1764979200,0.1356,0.1473,0.1352,0.1464,0.1409,12899.8479244,50,kraken
1765065600,0.1422,0.149,0.1422,0.148,0.1474,27599.75551507,70,kraken
1765152000,0.1435,0.1484,0.1407,0.1482,0.1444,31367.32455321,48,kraken
1765238400,0.1431,0.155,0.1431,0.1524,0.1488,23582.99071676,60,kraken
1765324800,0.1513,0.1514,0.1427,0.1427,0.1472,39477.1362648,70,kraken
1765411200,0.1427,0.1427,0.1348,0.1413,0.1385,22800.23070102,73,kraken
1765497600,0.1401,0.1436,0.1351,0.138,0.1385,14411.18763788,17,kraken
1765584000,0.1389,0.1407,0.1368,0.1368,0.138,4752.44063192,23,kraken
1765670400,0.1351,0.1351,0.1295,0.1307,0.133,20837.98809541,49,kraken
1765756800,0.1272,0.1536,0.1223,0.1297,0.1341,83317.06633914,136,kraken
1765843200,0.1276,0.1276,0.1251,0.126,0.1266,20330.77004477,29,kraken
1765929600,0.126,0.1303,0.1185,0.1236,0.1259,21459.90709002,46,kraken
1766016000,0.1242,0.1255,0.118,0.121,0.1195,39332.04564638,84,kraken
1766102400,0.1246,0.1297,0.1181,0.1297,0.1237,10776.49781765,22,kraken
1766188800,0.1271,0.1292,0.126,0.128,0.1273,6341.84699,12,kraken
1766275200,0.1291,0.1291,0.1231,0.1264,0.1261,4608.01045512,11,kraken
1766361600,0.1272,0.1305,0.1271,0.1281,0.1281,2322.54196113,14,kraken
1766448000,0.1292,0.1304,0.125,0.128,0.1273,19114.25419506,30,kraken
1766534400,0.1271,0.1281,0.1262,0.1281,0.1265,1967.17804135,7,kraken
1766620800,0.1302,0.1302,0.129,0.129,0.1296,2870.95782327,4,kraken
1766707200,0.127,0.1294,0.126,0.1272,0.1273,5769.73626221,12,kraken
1766793600,0.1293,0.1415,0.1291,0.1361,0.1338,50726.41697315,107,kraken
1766880000,0.1411,0.1411,0.1318,0.1331,0.1336,59400.84720615,96,kraken
1766966400,0.1356,0.137,0.1308,0.1312,0.1319,6389.03292425,18,kraken
1767052800,0.1306,0.1341,0.1306,0.133,0.1326,11800.03649877,36,kraken
1767139200,0.133,0.1341,0.1283,0.131,0.1307,5499.94336586,23,kraken
1767225600,0.131,0.1409,0.1299,0.1409,0.133,30487.12622608,33,kraken
1767312000,0.1401,0.1462,0.1391,0.1451,0.1419,12751.3093465,41,kraken
1767398400,0.1462,0.1465,0.1413,0.1414,0.1451,29183.94328835,37,kraken
1767484800,0.1465,0.15,0.1465,0.1488,0.1478,10616.03620113,22,kraken
1767571200,0.1502,0.1544,0.1473,0.1542,0.1513,25570.14535402,20,kraken
1767657600,0.1541,0.1563,0.145,0.1522,0.1509,17580.44928246,29,kraken
1767744000,0.1521,0.1521,0.1449,0.146,0.1483,12629.75703793,41,kraken
1767830400,0.1461,0.1461,0.1394,0.144,0.1428,12009.92481048,38,kraken
1767916800,0.1439,0.1473,0.142,0.1437,0.1439,7176.27626852,21,kraken
1768003200,0.145,0.146,0.1419,0.1419,0.1436,13337.45786936,16,kraken
1768089600,0.1429,0.1449,0.1399,0.1399,0.1432,4715.00433695,22,kraken
1768176000,0.1418,0.1429,0.1346,0.1349,0.1383,12494.0944656,46,kraken
1768262400,0.1361,0.1495,0.1359,0.1495,0.1408,7432.62301097,21,kraken
1768348800,0.149,0.149,0.1411,0.1428,0.1466,43208.04950423,49,kraken
1768435200,0.144,0.152,0.1361,0.1361,0.1411,21053.07461634,49,kraken
1768521600,0.1361,0.1406,0.136,0.1406,0.1391,12130.24503658,29,kraken
1768608000,0.1411,0.152,0.1403,0.1482,0.146,6659.23528359,26,kraken
1768694400,0.1491,0.1518,0.139,0.139,0.1472,14046.11584224,49,kraken
1768780800,0.1386,0.1401,0.1299,0.1381,0.1348,175561.72236964,141,kraken
1768867200,0.1362,0.1372,0.1271,0.1271,0.1325,12596.59146693,40,kraken
1768953600,0.1282,0.1319,0.1223,0.13,0.13,54245.70213249,63,kraken
1769040000,0.13,0.132,0.126,0.127,0.1302,52498.57900228,59,kraken
1769126400,0.1269,0.1339,0.1269,0.1321,0.1294,22221.60602895,48,kraken
1769212800,0.132,0.137,0.131,0.1358,0.1342,6700.98388546,24,kraken
1769299200,0.1359,0.1359,0.1218,0.124,0.1257,38469.30700448,55,kraken
1769385600,0.1259,0.1312,0.1259,0.1312,0.1287,17995.57169688,23,kraken
1769472000,0.1297,0.13,0.1269,0.13,0.1287,2579.80569039,7,kraken
1769558400,0.1299,0.13,0.129,0.1291,0.1297,3606.8680168,9,kraken
1769644800,0.1232,0.1232,0.118,0.119,0.1197,14627.66283184,33,kraken
1769731200,0.1187,0.1199,0.1138,0.1178,0.116,102589.80238023,98,kraken
1769817600,0.118,0.1199,0.096,0.106,0.1097,108242.36743921,130,kraken
1769904000,0.107,0.1121,0.104,0.1048,0.106,74084.40081757,72,kraken
1769990400,0.1153,0.1153,0.103,0.1121,0.1083,9801.22258098,23,kraken
1770076800,0.1111,0.1122,0.1049,0.1102,0.11,43881.42720612,37,kraken
1770163200,0.1091,0.1092,0.099,0.1043,0.105,88867.60812723,54,kraken
1770249600,0.1039,0.1057,0.0895,0.0898,0.0946,47351.96449403,64,kraken
1770336000,0.0899,0.1021,0.0821,0.1012,0.0934,55067.62676173,83,kraken
1770422400,0.0991,0.1011,0.0958,0.1011,0.0987,27321.23965433,20,kraken
1770508800,0.0991,0.1001,0.0971,0.0983,0.0985,2764.54406326,8,kraken
1770595200,0.0971,0.0991,0.0971,0.0984,0.0988,24134.36136563,15,kraken
1770681600,0.0993,0.0993,0.0951,0.0969,0.0968,20874.31498016,26,kraken
1770768000,0.097,0.0976,0.0932,0.094,0.0946,71144.18167635,32,kraken
1770854400,0.0962,0.1023,0.0962,0.0983,0.0978,33785.68059398,32,kraken
1770940800,0.0993,0.1081,0.0979,0.1081,0.0987,16321.63722603,17,kraken
1771027200,0.1091,0.1094,0.1053,0.1076,0.1076,967.03288497,11,kraken
1771113600,0.1056,0.1056,0.1035,0.1035,0.1054,160.52279,2,kraken
1771200000,0.1065,0.1065,0.1065,0.1065,0.1065,10.22637,1,kraken
1771286400,0.1021,0.1048,0.1021,0.1048,0.1023,115.83689,2,kraken
1771372800,0.0978,0.0978,0.0978,0.0978,0.0978,11.13608,1,kraken
1771459200,0.0984,0.1175,0.0942,0.0982,0.1024,5907.09367301,36,kraken
1771545600,0.093,0.0984,0.0916,0.0984,0.0918,1161.49614318,4,kraken
1771632000,0.093,0.0967,0.093,0.0967,0.0946,2100.59654518,4,kraken
1771718400,0.0915,0.0944,0.0899,0.0939,0.0912,21166.43829969,17,kraken
1771804800,0.085,0.1139,0.085,0.0901,0.0916,6392.50343559,21,kraken
1771891200,0.0851,0.087,0.0838,0.0852,0.0855,1010.37407887,7,kraken
1771977600,0.0909,0.0954,0.0874,0.094,0.0898,27622.79363229,21,kraken
1772064000,0.0915,0.0934,0.0888,0.0926,0.0904,883.97236991,5,kraken
1772150400,0.0911,0.0914,0.0911,0.0914,0.0911,172.44561,2,kraken
1772236800,0.0901,0.0914,0.082,0.0872,0.0824,16800.49615894,16,kraken
1772323200,0.0899,0.09,0.0827,0.086,0.0855,2129.68080123,11,kraken
1772409600,0.082,0.0872,0.082,0.0849,0.0847,364.6999386,5,kraken
1772496000,0.0871,0.0922,0.0841,0.0888,0.0869,3072.36713506,19,kraken
1772582400,0.0907,0.0935,0.0883,0.0883,0.0909,1429.23995353,9,kraken
1772668800,0.0883,0.0928,0.0882,0.0893,0.0885,1332.99137844,5,kraken
1772755200,0.0831,0.0845,0.0831,0.0844,0.0832,201.24411,3,kraken
1772841600,0.086,0.1062,0.0801,0.0818,0.09,14217.29051415,65,kraken
1772928000,0.0821,0.0821,0.0771,0.0807,0.0793,835.91358731,7,kraken
1773014400,0.08,0.0851,0.0784,0.0851,0.0817,6276.52063835,16,kraken
1773100800,0.0831,0.0858,0.0829,0.0855,0.0838,1734.80018527,6,kraken
1773187200,0.0922,0.1008,0.0882,0.094,0.0915,38466.73965889,45,kraken
1773273600,0.094,0.14,0.094,0.106,0.1177,567790.27273571,735,kraken
1773360000,0.107,0.1144,0.094,0.0952,0.1012,116718.88426535,296,kraken
1773446400,0.0951,0.0972,0.094,0.0951,0.0952,66944.59524485,65,kraken
1773532800,0.0961,0.0971,0.092,0.0941,0.0935,44093.14414276,44,kraken
1773619200,0.0941,0.0967,0.094,0.0951,0.095,10432.77554886,19,kraken
1773705600,0.0941,0.0941,0.09,0.0926,0.0929,38609.01469608,28,kraken
1773792000,0.0929,0.1013,0.087,0.0907,0.0927,204884.99572173,173,kraken
1773878400,0.09,0.0926,0.0872,0.088,0.0897,11827.34837171,39,kraken
1773964800,0.0891,0.1119,0.0823,0.0852,0.089,231488.83048436,422,kraken
1774051200,0.0833,0.085,0.078,0.0796,0.08,121731.41339263,244,kraken
1774137600,0.0792,0.0927,0.0792,0.0813,0.0834,124925.43430728,202,kraken
1774224000,0.082,0.0841,0.0769,0.0821,0.0822,7143.35094882,20,kraken
1774310400,0.0808,0.0854,0.0808,0.085,0.0847,40529.003832,13,kraken
1774396800,0.085,0.0861,0.082,0.0822,0.0833,9118.90847554,18,kraken
1774483200,0.0831,0.0918,0.078,0.078,0.0832,51933.29578485,67,kraken
1774569600,0.0779,0.0821,0.0778,0.0789,0.0806,29414.47777121,19,kraken
1774656000,0.0758,0.0802,0.0758,0.079,0.0785,14510.35182675,9,kraken
1774742400,0.079,0.079,0.078,0.0782,0.078,1889.13832,10,kraken
1774828800,0.0759,0.0769,0.0759,0.0769,0.0759,5801.86737797,12,kraken
1774915200,0.077,0.0782,0.077,0.0782,0.078,7749.8108095,7,kraken
1775001600,0.0771,0.0785,0.0698,0.0785,0.0717,38235.28974608,37,kraken
1775088000,0.079,0.079,0.073,0.0741,0.074,17763.01868963,43,kraken
1775174400,0.0742,0.0813,0.0727,0.074,0.0759,32850.68560177,70,kraken
1775260800,0.0739,0.0771,0.0733,0.0771,0.0755,4607.3532044,12,kraken
1775347200,0.076,0.0772,0.0739,0.0739,0.0757,32239.43551442,38,kraken
1775433600,0.075,0.0812,0.075,0.0802,0.0796,25865.84486681,54,kraken
1775520000,0.0813,0.1018,0.0754,0.0804,0.086,350793.99718271,349,kraken
1775606400,0.0801,0.0859,0.079,0.0802,0.0809,30958.08701054,39,kraken
1775692800,0.0783,0.0797,0.0761,0.079,0.0777,27951.79962926,26,kraken
1775779200,0.0776,0.0805,0.077,0.0805,0.0779,80381.36142528,50,kraken
1775865600,0.0779,0.0814,0.0772,0.0814,0.0782,23968.94626546,29,kraken
1775952000,0.0753,0.0794,0.0753,0.0794,0.0758,281.03273086,5,kraken
1776038400,0.0762,0.0856,0.0762,0.0855,0.0767,6520.57104252,8,kraken
1776124800,0.083,0.0845,0.0786,0.0786,0.0805,2753.28921732,6,kraken
1776211200,0.0808,0.0838,0.0798,0.083,0.0815,21881.19052304,39,kraken
1776297600,0.0832,0.0892,0.0832,0.0892,0.0847,24157.06192346,38,kraken
1776384000,0.087,0.1049,0.0863,0.09,0.0948,136426.0514585,201,kraken
1776470400,0.0938,0.1187,0.0873,0.0973,0.1025,271666.53208858,508,kraken
1776556800,0.0964,0.182,0.0944,0.1096,0.1291,2503952.58277116,3503,kraken
1776643200,0.1098,0.1197,0.1063,0.1138,0.114,1287231.24965655,823,kraken
1776729600,0.1152,0.1167,0.1026,0.1072,0.1084,516362.95788577,336,kraken
1776816000,0.1055,0.1061,0.1017,0.1022,0.1031,311620.65720553,254,kraken
1776902400,0.1034,0.1112,0.1015,0.1094,0.1077,303662.89287902,204,kraken
1776988800,0.1102,0.119,0.1081,0.1153,0.1152,280148.24238935,165,kraken
1777075200,0.1168,0.1194,0.094,0.0947,0.1027,337476.43076369,364,kraken
1777161600,0.0944,0.1184,0.0918,0.0922,0.0953,136706.7380253,117,kraken
1777248000,0.0907,0.098,0.0902,0.0949,0.0945,231354.74646716,102,kraken
1777334400,0.0977,0.0977,0.0922,0.0953,0.0959,81277.69759347,48,kraken
1777420800,0.0961,0.0961,0.0919,0.093,0.094,71200.50793337,32,kraken
1777507200,0.0965,0.0965,0.093,0.0935,0.0942,41265.45337187,36,kraken
1777593600,0.094,0.097,0.0934,0.0941,0.0948,33050.27184767,21,kraken
1777680000,0.094,0.0967,0.0931,0.0964,0.0956,38574.5091662,30,kraken
1777766400,0.0948,0.0948,0.0931,0.0941,0.0935,98656.44456753,34,kraken
1777852800,0.0933,0.0956,0.0927,0.0936,0.0943,20141.44359944,28,kraken
1777939200,0.0942,0.0947,0.0879,0.0879,0.0912,36795.77103389,41,kraken
1778025600,0.0882,0.0919,0.0876,0.091,0.0901,35857.44528604,33,kraken
1778112000,0.0904,0.0934,0.0893,0.092,0.0909,52900.16290111,66,kraken
1778198400,0.0921,0.0939,0.0913,0.0938,0.0921,66959.26193171,44,kraken
1778284800,0.094,0.113,0.094,0.1001,0.102,371354.1413806,262,kraken
1778371200,0.0995,0.1022,0.0966,0.1022,0.0996,113020.28591485,70,kraken
1778457600,0.102,0.2799,0.1019,0.1769,0.1686,4037445.52891928,6660,kraken
1778544000,0.1802,0.1952,0.1302,0.1358,0.1526,6426174.8703308,4219,kraken
1778630400,0.1358,0.1442,0.1159,0.1194,0.1262,789890.57850876,824,kraken
1778716800,0.1192,0.1248,0.1134,0.1151,0.1189,427933.1956812,343,kraken
1778803200,0.1153,0.1166,0.1027,0.106,0.1082,588462.37182069,366,kraken
1778889600,0.105,0.1056,0.0973,0.101,0.1016,114375.01727484,80,kraken
1778976000,0.1022,0.1044,0.0957,0.0983,0.101,122272.92510937,92,kraken
1779062400,0.0978,0.1039,0.0942,0.0949,0.0982,164536.51393067,150,kraken
1779148800,0.0953,0.1087,0.0953,0.1029,0.1015,1224865.10001168,402,kraken
1779235200,0.1025,0.1116,0.101,0.1041,0.1057,2873349.33860204,621,kraken
1779321600,0.104,0.1098,0.1029,0.1087,0.1063,2400675.95092913,535,kraken
1779408000,0.1084,0.1235,0.1059,0.1092,0.1109,2281043.3825829,687,kraken
1779494400,0.1096,0.1181,0.1073,0.1092,0.1122,2370081.48472372,573,kraken
1779580800,0.1092,0.1092,0.099,0.1015,0.1041,1992910.33639197,488,kraken
1779667200,0.1016,0.1018,0.0972,0.0983,0.1,2027964.95665217,423,kraken
1779753600,0.0981,0.0981,0.09,0.0935,0.094,3161021.59407597,697,kraken
1779840000,0.0936,0.0984,0.0912,0.0962,0.0952,1692376.27871849,426,kraken
1779926400,0.0962,0.0966,0.0906,0.0934,0.0941,2028615.14820616,605,kraken
1780012800,0.0932,0.0971,0.0906,0.0926,0.0938,2670327.27993599,663,kraken
1780099200,0.0927,0.0991,0.0927,0.0933,0.0956,1992969.02990286,497,kraken
1780185600,0.0938,0.0956,0.0922,0.0936,0.0939,2254716.02034918,541,kraken
1780272000,0.0942,0.1031,0.0936,0.0967,0.0968,3147942.49428684,776,kraken
1780358400,0.0964,0.0965,0.0866,0.0877,0.0911,3234124.82405603,711,kraken
1780444800,0.0874,0.0906,0.0846,0.0857,0.0879,2595615.61109732,562,kraken
1780531200,0.0858,0.0866,0.0773,0.082,0.082,3097235.46061374,862,kraken
1780617600,0.082,0.0827,0.0736,0.0757,0.0778,3310722.08698238,804,kraken
1780704000,0.0759,0.0768,0.0689,0.0733,0.0735,3286644.81932894,658,kraken
1780790400,0.0734,0.0769,0.0724,0.0753,0.0749,3124395.16609065,667,kraken
1780876800,0.0759,0.0789,0.0743,0.0769,0.0766,2535942.66283957,525,kraken
1780963200,0.0766,0.0778,0.0733,0.076,0.0756,2763722.37579026,657,kraken
1781049600,0.0766,0.0768,0.0707,0.0726,0.0743,1991074.35768226,444,kraken
1781136000,0.0727,0.0798,0.0723,0.0791,0.0762,1261849.55394261,393,kraken
1781222400,0.0782,0.0809,0.0766,0.0776,0.0789,1057389.20306506,272,kraken
1781308800,0.0778,0.0811,0.0771,0.0793,0.0786,1254025.00127833,288,kraken
1781395200,0.0796,0.0851,0.0784,0.0815,0.0809,1268717.8734949,356,kraken
1781481600,0.0817,0.0839,0.0801,0.082,0.0825,678353.01590865,186,kraken
1781568000,0.0821,0.0839,0.0798,0.0823,0.082,1832483.01616353,393,kraken
1781654400,0.0824,0.0835,0.0795,0.0804,0.0814,2268814.97746833,439,kraken
1781740800,0.0808,0.0812,0.0741,0.0762,0.0776,3084170.85804493,588,kraken
1781827200,0.0761,0.077,0.0733,0.0763,0.0754,1352566.50092495,287,kraken
1781913600,0.0763,0.0783,0.074,0.0774,0.0758,2169306.13424057,516,kraken
1782000000,0.078,0.0792,0.0751,0.0756,0.0772,2412026.10870754,489,kraken
1782086400,0.076,0.0786,0.0756,0.076,0.077,1661264.76044571,356,kraken
1782172800,0.0763,0.0776,0.0714,0.0722,0.0738,1869167.48758997,412,kraken
1782259200,0.0723,0.0728,0.0663,0.0702,0.07,1942586.10765601,427,kraken
1782345600,0.0706,0.0709,0.0652,0.0681,0.0692,2715302.30992689,508,kraken
1782432000,0.0683,0.0717,0.066,0.0696,0.0694,1171571.40550284,291,kraken
1782518400,0.069,0.0698,0.0682,0.0683,0.0692,889295.81475545,192,kraken
1782604800,0.0685,0.0698,0.0674,0.0686,0.0687,1092921.30576694,260,kraken
1782691200,0.0683,0.07,0.0679,0.0684,0.0688,1200374.36573985,260,kraken
1782777600,0.0683,0.0684,0.0651,0.0663,0.0666,1245323.23482288,318,kraken
1782864000,0.0657,0.0761,0.0649,0.0732,0.0677,646243.58361248,210,kraken
1782950400,0.0729,0.0804,0.0708,0.0738,0.0737,1176260.73425269,361,kraken
1783036800,0.0736,0.0868,0.0721,0.0805,0.0773,942962.09909136,276,kraken
1783123200,0.0805,0.0813,0.0756,0.0758,0.0773,941177.98371038,208,kraken
1783209600,0.076,0.076,0.0733,0.0753,0.0745,790314.80121162,169,kraken
1783296000,0.0745,0.0758,0.0716,0.0744,0.0735,959190.78020226,185,kraken
1783382400,0.0745,0.0746,0.0707,0.071,0.0726,1251967.47924298,239,kraken
1783468800,0.0709,0.071,0.0681,0.0694,0.0694,1906208.06383306,428,kraken
1783555200,0.0693,0.0697,0.0682,0.0686,0.0688,991652.84512725,208,kraken
1783641600,0.0688,0.0701,0.0686,0.0693,0.0694,751339.24619464,171,kraken
1783728000,0.0699,0.0709,0.0686,0.0686,0.07,704675.98370177,152,kraken
1783814400,0.0685,0.0707,0.0685,0.0693,0.0697,1047832.14192655,200,kraken
1783900800,0.0692,0.0699,0.0671,0.0673,0.068,1292581.50306645,258,kraken
1783987200,0.0678,0.0713,0.0671,0.0705,0.0693,866819.84088614,183,kraken
1784073600,0.0708,0.0715,0.0692,0.0695,0.07,742607.64767573,164,kraken
1784160000,0.0696,0.0698,0.0668,0.067,0.0686,662769.12073075,142,kraken
1784246400,0.0672,0.0678,0.0662,0.0667,0.0671,906405.00051109,185,kraken
1784332800,0.0665,0.0675,0.0661,0.0666,0.0667,428984.05493,96,kraken
1784419200,0.0674,0.0678,0.0663,0.0664,0.0671,486128.55830247,94,kraken
1784505600,0.0663,0.0702,0.0655,0.0676,0.0679,676869.00784806,164,kraken
1784592000,0.0679,0.0703,0.0675,0.0686,0.069,839265.53735615,209,kraken
1784678400,0.0686,0.0694,0.0681,0.0687,0.0684,201166.66237479,46,kraken
1784764800,0.068,0.0688,0.0668,0.0671,0.0675,18679.00842906,19,kraken
1784851200,0.0669,0.0676,0.0651,0.0654,0.0664,26630.02175744,20,kraken
1784937600,0.0661,0.0699,0.0653,0.0683,0.0684,48986.438909,33,kraken
1785024000,0.0689,0.0693,0.0683,0.0684,0.069,22792.50058069,14,kraken
1785110400,0.0686,0.0749,0.0685,0.0712,0.0723,117649.07972175,95,kraken
1785196800,0.0715,0.1065,0.07,0.0773,0.0776,655964.042441,290,kraken
1785283200,0.0781,0.0888,0.072,0.0727,0.0757,448025.13081025,200,kraken
1785369600,0.0732,0.0784,0.0707,0.0732,0.0739,214397.11564894,70,kraken
1785456000,0.0737,0.0775,0.0724,0.073,0.0739,153746.12322311,80,kraken
1785542400,0.0741,0.0776,0.0735,0.0758,0.0757,80441.15004212,56,kraken
1785628800,0.076,0.0785,0.0743,0.0783,0.0772,151880.08643913,65,kraken
1785715200,0.0774,0.0839,0.0726,0.0775,0.0798,316277.3308621,166,kraken
1785801600,0.0776,0.0783,0.0743,0.0747,0.0756,29470.98027051,23,kraken
1785888000,0.0757,0.0802,0.0757,0.0791,0.0786,154118.96273712,67,kraken
1785974400,0.0808,0.088,0.0808,0.0824,0.0847,175171.66661225,108,kraken
1786060800,0.0814,0.0849,0.081,0.0843,0.0829,90006.39667285,65,kraken
1786147200,0.0855,0.0897,0.0835,0.0881,0.0862,150194.90113016,87,kraken
1786233600,0.0882,0.0921,0.088,0.0882,0.0901,133442.92852567,95,kraken
1786320000,0.089,0.0911,0.0848,0.086,0.0879,119960.1741318,65,kraken
1786406400,0.0872,0.0881,0.0829,0.0829,0.0857,59229.41532901,40,kraken
1786492800,0.0829,0.0849,0.0812,0.0815,0.0835,77106.76328581,27,kraken
1786579200,0.0818,0.0831,0.0796,0.0801,0.0822,102626.92954882,37,kraken
1786665600,0.0808,0.0885,0.0795,0.087,0.0851,223698.24737505,73,kraken
1786752000,0.0848,0.0867,0.0839,0.0858,0.085,88958.47446783,37,kraken
1786838400,0.0859,0.0875,0.0849,0.0851,0.0863,56359.29067469,29,kraken
1786924800,0.0864,0.0872,0.0835,0.0835,0.0852,91482.46572037,36,kraken
1787011200,0.0834,0.0834,0.0809,0.0814,0.0815,60370.64717327,39,kraken
1787097600,0.0812,0.0855,0.0797,0.0842,0.0829,267768.31119876,70,kraken
1787184000,0.0842,0.0867,0.0842,0.0867,0.0851,98343.84492358,53,kraken
1787270400,0.0861,0.0924,0.0853,0.0919,0.09,80223.73899339,36,kraken
1787356800,0.0913,0.0932,0.0836,0.0866,0.0881,212211.69027346,78,kraken
1787443200,0.0867,0.0889,0.0824,0.0887,0.0844,133678.3702018,55,kraken
1787529600,0.0868,0.0874,0.0852,0.0852,0.0861,52938.12816487,22,kraken
1787616000,0.0858,0.0858,0.0811,0.0823,0.0833,83158.52454328,36,kraken
1787702400,0.0832,0.0855,0.0829,0.0855,0.0839,124954.91258611,45,kraken
1787788800,0.0849,0.0962,0.0849,0.0887,0.0907,417363.86352789,135,kraken
1787875200,0.0885,0.0893,0.083,0.0849,0.0867,179763.67237337,407,kraken
1787961600,0.085,0.0852,0.0829,0.0829,0.0845,51404.99063576,20,kraken
1788048000,0.0834,0.0846,0.0802,0.0802,0.0833,87444.1206928,30,kraken
1788134400,0.0811,0.0826,0.0803,0.0807,0.0817,39136.08613597,23,kraken
1788220800,0.0814,0.0814,0.0785,0.0792,0.0795,37816.88687958,16,kraken
1788307200,0.0794,0.0803,0.0783,0.0785,0.0792,49965.17077298,32,kraken
1788393600,0.0793,0.0817,0.0792,0.0809,0.0806,20006.20399807,12,kraken
1788480000,0.0811,0.0811,0.0782,0.0791,0.0798,121638.40541271,46,kraken
1788566400,0.0795,0.083,0.0795,0.0824,0.0822,90332.63039065,36,kraken
1788652800,0.0822,0.0831,0.0811,0.0821,0.0821,63723.24293234,23,kraken
1788739200,0.0826,0.0826,0.0798,0.0801,0.0808,49409.55315253,26,kraken
1788825600,0.0802,0.0867,0.0802,0.0816,0.0824,153420.92597977,64,kraken
1788912000,0.0827,0.0837,0.0767,0.0781,0.0814,216757.81448897,67,kraken
1788998400,0.0785,0.0796,0.0752,0.0755,0.0764,300717.12147201,85,kraken
1789084800,0.0756,0.0782,0.0742,0.0759,0.076,332117.16161507,113,kraken
1789171200,0.0765,0.0784,0.0765,0.0779,0.0776,87204.69257876,58,kraken
1789257600,0.0786,0.0797,0.0782,0.0783,0.0787,19550.07917267,32,kraken
1789344000,0.0785,0.08,0.0773,0.0775,0.0783,33653.14648104,36,kraken
1789430400,0.078,0.078,0.0738,0.0742,0.0754,46499.48545275,35,kraken
1789516800,0.0749,0.0757,0.0735,0.0757,0.0743,55024.23665204,32,kraken
1789603200,0.0759,0.0774,0.0755,0.0767,0.0761,13439.43902337,15,kraken
1789689600,0.0779,0.0825,0.0779,0.0819,0.0796,107441.71360825,142,kraken
1789776000,0.0818,0.0863,0.0814,0.0858,0.0839,192494.38120058,117,kraken
1789862400,0.0873,0.0873,0.0823,0.084,0.0843,152410.5832564,67,kraken
1789948800,0.0841,0.0992,0.0838,0.0874,0.0874,144723.59407274,89,kraken
1790035200,0.0878,0.0884,0.0848,0.0882,0.0866,111887.60407386,94,kraken
1790121600,0.0883,0.0891,0.0834,0.0834,0.0865,107336.59206824,55,kraken
1790208000,0.0832,0.087,0.0832,0.0864,0.0845,65043.57508817,33,kraken
1790294400,0.0867,0.0938,0.0862,0.0928,0.0912,150569.75177338,72,kraken
1790380800,0.0926,0.0926,0.0904,0.0909,0.0918,44349.98932507,19,kraken
1790467200,0.0908,0.0916,0.0902,0.0905,0.0905,11339.45926627,11,kraken
1790553600,0.0914,0.0914,0.0838,0.0854,0.0857,154744.63569927,49,kraken
1790640000,0.0844,0.0882,0.0832,0.0863,0.0858,101352.31287404,33,kraken
1790726400,0.0867,0.1242,0.0866,0.0949,0.1085,1898412.28009586,1032,kraken
1790812800,0.0948,0.1626,0.093,0.1421,0.1266,2065719.62952009,1485,kraken
1790899200,0.1453,0.209,0.1209,0.1339,0.1514,5142185.81643479,4299,kraken
1790985600,0.134,0.1367,0.1105,0.1145,0.1228,1098992.77177561,864,kraken
1791072000,0.1144,0.1834,0.1135,0.1756,0.1531,2199583.32618293,2366,kraken
1791158400,0.1742,0.2504,0.1708,0.1866,0.21,6558324.77569531,7473,kraken
1791244800,0.1879,0.203,0.1481,0.15,0.1742,1460261.58191026,1356,kraken
1791331200,0.1475,0.2155,0.1471,0.1913,0.1828,2001463.0944554,2149,kraken
1791417600,0.1907,0.2194,0.1658,0.212,0.1952,2787660.53200902,2258,kraken
1791504000,0.2085,0.2238,0.1808,0.1912,0.1966,1828767.16852059,1480,kraken
