time,open,high,low,close,vwap,volume,count,source
1665619200,0.06295,0.075,0.0625,0.06515,0.06755,34632041.2,0,coinbase
1665705600,0.06515,0.06899,0.06057,0.06175,0.06377000000000001,35925530.9,0,coinbase
1665792000,0.06176,0.06651,0.06032,0.06042,0.06241666666666667,22058602.7,0,coinbase
1665878400,0.0605,0.06172,0.05975,0.06152,0.060996666666666664,18127830.9,0,coinbase
1665964800,0.0615,0.06411,0.06027,0.06288,0.062419999999999996,19021802.4,0,coinbase
1666051200,0.06288,0.0654,0.06102,0.06233,0.06291666666666666,26005282.4,0,coinbase
1666137600,0.06233,0.06278,0.05881,0.0595,0.06036333333333333,19364676.7,0,coinbase
1666224000,0.0595,0.06,0.0574,0.05848,0.05862666666666667,14283874.5,0,coinbase
1666310400,0.05847,0.06004,0.0566,0.05983,0.05882333333333333,13383510.0,0,coinbase
1666396800,0.05994,0.06041,0.05871,0.05992,0.059680000000000004,10091298.3,0,coinbase
1666483200,0.05989,0.0609,0.05835,0.0607,0.05998333333333333,7257210.1,0,coinbase
1666569600,0.06069,0.06078,0.05801,0.05875,0.05918,8732589.8,0,coinbase
1666656000,0.05875,0.06112,0.05839,0.05973,0.05974666666666667,13701383.0,0,coinbase
1666742400,0.05976,0.06248,0.0596,0.06076,0.06094666666666667,15869710.0,0,coinbase
1666828800,0.06052,0.06193,0.05802,0.05865,0.059533333333333334,16367770.5,0,coinbase
1666915200,0.05861,0.06072,0.05832,0.06004,0.05969333333333334,15404234.8,0,coinbase
1667001600,0.05998,0.06211,0.05994,0.06139,0.06114666666666666,18512446.1,0,coinbase
1667088000,0.06138,0.06278,0.05982,0.06063,0.06107666666666667,12156989.1,0,coinbase
1667174400,0.06079,0.06144,0.05898,0.0596,0.06000666666666667,14025959.8,0,coinbase
1667260800,0.05961,0.06015,0.05811,0.05826,0.05884,14601911.4,0,coinbase
1667347200,0.05826,0.06028,0.0573,0.05883,0.058803333333333326,21028200.9,0,coinbase
1667433600,0.05882,0.06151,0.05859,0.05984,0.059980000000000006,20123459.4,0,coinbase
1667520000,0.05991,0.06375,0.05913,0.06338,0.06208666666666667,25840353.9,0,coinbase
1667606400,0.06338,0.06404,0.06107,0.06226,0.06245666666666667,28495404.5,0,coinbase
1667692800,0.0623,0.06275,0.0589,0.05913,0.06026,13684774.8,0,coinbase
1667779200,0.05917,0.06033,0.0583,0.05908,0.05923666666666667,13357847.8,0,coinbase
1667865600,0.059,0.05959,0.0442,0.05215,0.05198,61138026.1,0,coinbase
1667952000,0.0521,0.05244,0.04233,0.04418,0.046316666666666666,54171867.9,0,coinbase
1668038400,0.04418,0.05242,0.0435,0.04978,0.04856666666666667,76910796.4,0,coinbase
1668124800,0.04978,0.05034,0.04554,0.04823,0.048036666666666665,21553162.3,0,coinbase
1668211200,0.04823,0.04823,0.0456,0.04707,0.046966666666666664,15865745.9,0,coinbase
1668297600,0.04709,0.04901,0.04461,0.04504,0.046220000000000004,24116243.3,0,coinbase
1668384000,0.04507,0.04747,0.04314,0.04739,0.046000000000000006,22735865.8,0,coinbase
1668470400,0.04735,0.05034,0.04668,0.04911,0.048709999999999996,16135693.5,0,coinbase
1668556800,0.04909,0.04943,0.0468,0.04809,0.048106666666666666,18596700.9,0,coinbase
1668643200,0.04808,0.051,0.04805,0.04849,0.04918,20390996.6,0,coinbase
1668729600,0.04853,0.04927,0.04773,0.04827,0.04842333333333334,12433728.6,0,coinbase
1668816000,0.04824,0.04924,0.04676,0.04871,0.04823666666666667,11599118.8,0,coinbase
1668902400,0.04869,0.04988,0.04573,0.04607,0.04722666666666667,21035799.8,0,coinbase
1668988800,0.04604,0.04674,0.04483,0.04504,0.04553666666666667,19147030.0,0,coinbase
1669075200,0.04506,0.04668,0.04433,0.04654,0.04585,18519867.5,0,coinbase
1669161600,0.04654,0.04849,0.0464,0.04839,0.047760000000000004,17025468.3,0,coinbase
1669248000,0.04839,0.04981,0.048,0.04952,0.04911000000000001,14903677.4,0,coinbase
1669334400,0.04952,0.04969,0.048,0.04902,0.04890333333333333,13538996.6,0,coinbase
1669420800,0.04905,0.05066,0.04905,0.04932,0.04967666666666667,13774133.7,0,coinbase
1669507200,0.04935,0.05102,0.04902,0.04909,0.049710000000000004,10945596.1,0,coinbase
1669593600,0.04911,0.04953,0.0473,0.04844,0.04842333333333334,17166631.8,0,coinbase
1669680000,0.04846,0.04966,0.04794,0.0494,0.04900000000000001,12319124.1,0,coinbase
1669766400,0.0494,0.05072,0.049,0.05064,0.05012,20433704.9,0,coinbase
1669852800,0.05064,0.05065,0.04864,0.04918,0.04949,24092944.3,0,coinbase
1669939200,0.04918,0.04952,0.04809,0.04884,0.04881666666666667,10982384.0,0,coinbase
1670025600,0.04885,0.04906,0.04742,0.04755,0.04801,9674483.4,0,coinbase
1670112000,0.04756,0.04836,0.04736,0.04808,0.04793333333333333,11149516.1,0,coinbase
1670198400,0.04805,0.04917,0.04799,0.04862,0.04859333333333333,12011270.4,0,coinbase
1670284800,0.04863,0.04881,0.04773,0.04819,0.04824333333333333,11843642.2,0,coinbase
1670371200,0.04819,0.04826,0.04616,0.04709,0.04717,16798683.3,0,coinbase
1670457600,0.04708,0.04807,0.04676,0.04788,0.04757,12868152.1,0,coinbase
1670544000,0.0479,0.04835,0.04758,0.04801,0.047979999999999995,12843886.5,0,coinbase
1670630400,0.04802,0.04886,0.04797,0.04833,0.04838666666666667,12053033.6,0,coinbase
1670716800,0.04834,0.04888,0.04784,0.04784,0.04818666666666666,9396398.0,0,coinbase
1670803200,0.04781,0.04796,0.04651,0.04737,0.047279999999999996,16999630.0,0,coinbase
1670889600,0.04738,0.04822,0.04604,0.04778,0.04734666666666667,25491196.7,0,coinbase
1670976000,0.04778,0.04847,0.04647,0.04671,0.047216666666666664,20404799.9,0,coinbase
1671062400,0.04666,0.04681,0.045,0.04582,0.04587666666666667,18446212.3,0,coinbase
1671148800,0.0458,0.04605,0.04134,0.04209,0.04316,23235021.9,0,coinbase
1671235200,0.04211,0.04314,0.0409,0.04304,0.04236,21125718.3,0,coinbase
1671321600,0.04304,0.04434,0.04292,0.04384,0.043699999999999996,13252012.4,0,coinbase
1671408000,0.04385,0.04437,0.04,0.04086,0.041743333333333334,19671593.9,0,coinbase
1671494400,0.04086,0.0429,0.04068,0.04279,0.04212333333333334,16541768.1,0,coinbase
1671580800,0.04279,0.04334,0.04205,0.04274,0.04271,19759782.7,0,coinbase
1671667200,0.04273,0.04347,0.0423,0.04343,0.04306666666666667,19206491.8,0,coinbase
1671753600,0.04343,0.04389,0.04326,0.04354,0.043563333333333336,13428247.3,0,coinbase
1671840000,0.04353,0.04403,0.04353,0.04381,0.043789999999999996,10143535.6,0,coinbase
1671926400,0.04381,0.04406,0.0429,0.04351,0.04349,7956442.4,0,coinbase
1672012800,0.04351,0.04401,0.04336,0.04394,0.04377,7922381.7,0,coinbase
1672099200,0.04395,0.04434,0.04186,0.04229,0.04283,19064059.0,0,coinbase
1672185600,0.04229,0.04246,0.04016,0.04065,0.041089999999999995,28449082.3,0,coinbase
1672272000,0.04064,0.0409,0.03863,0.0393,0.03961,43011038.2,0,coinbase
1672358400,0.0393,0.03936,0.03731,0.03752,0.03806333333333333,58354906.0,0,coinbase
1672444800,0.03751,0.03754,0.03567,0.0365,0.03657,64676338.5,0,coinbase
1672531200,0.0365,0.039,0.03617,0.03805,0.03774,28204937.3,0,coinbase
1672617600,0.03807,0.03953,0.03747,0.03891,0.03863666666666667,30691012.4,0,coinbase
1672704000,0.03894,0.03932,0.0379,0.03805,0.03842333333333334,20656954.8,0,coinbase
1672790400,0.03804,0.03913,0.03777,0.03848,0.03846,44656156.2,0,coinbase
1672876800,0.03849,0.03889,0.03777,0.03831,0.038323333333333334,22261572.9,0,coinbase
1672963200,0.03832,0.03918,0.03674,0.03916,0.03836,44699945.6,0,coinbase
1673049600,0.03916,0.03992,0.03861,0.03965,0.03939333333333333,20688940.0,0,coinbase
1673136000,0.03965,0.04237,0.039,0.04183,0.04106666666666667,26813674.8,0,coinbase
1673222400,0.04186,0.04594,0.04181,0.04444,0.044063333333333336,55252261.6,0,coinbase
1673308800,0.04447,0.04542,0.04321,0.04458,0.04440333333333333,39303261.9,0,coinbase
1673395200,0.04461,0.04583,0.04329,0.0458,0.04497333333333334,29909139.9,0,coinbase
1673481600,0.0458,0.04831,0.04533,0.04766,0.0471,39429054.7,0,coinbase
1673568000,0.04766,0.05075,0.04633,0.0506,0.04922666666666667,36072023.7,0,coinbase
1673654400,0.05061,0.05375,0.0498,0.05316,0.052236666666666674,68702512.4,0,coinbase
1673740800,0.05318,0.05323,0.05016,0.05236,0.051916666666666667,33410523.0,0,coinbase
1673827200,0.05234,0.05467,0.05084,0.05371,0.053073333333333333,36987986.7,0,coinbase
1673913600,0.05366,0.05493,0.05254,0.05438,0.05395,33803586.6,0,coinbase
1674000000,0.05437,0.06042,0.05393,0.054,0.05611666666666667,66535516.8,0,coinbase
1674086400,0.05399,0.06234,0.05319,0.06126,0.05893,47942877.2,0,coinbase
1674172800,0.06127,0.08549,0.05936,0.07245,0.07243333333333334,127254738.4,0,coinbase
1674259200,0.07244,0.07464,0.069,0.07178,0.07180666666666667,80921038.1,0,coinbase
1674345600,0.07195,0.07353,0.06754,0.06899,0.07002,52786645.0,0,coinbase
1674432000,0.06901,0.07052,0.06726,0.06834,0.06870666666666668,39688553.2,0,coinbase
1674518400,0.06837,0.07075,0.06178,0.06266,0.06506333333333332,43413044.7,0,coinbase
1674604800,0.06268,0.0707,0.06243,0.06705,0.06672666666666667,55403917.8,0,coinbase
1674691200,0.06708,0.07017,0.06534,0.06698,0.06749666666666666,33807792.5,0,coinbase
1674777600,0.06699,0.07113,0.065,0.0695,0.06854333333333333,32975635.1,0,coinbase
1674864000,0.06956,0.07013,0.06639,0.06683,0.06778333333333333,23525037.4,0,coinbase
1674950400,0.06684,0.07069,0.0665,0.06941,0.06886666666666667,23845271.2,0,coinbase
1675036800,0.06946,0.07002,0.06287,0.06416,0.06568333333333333,35822460.8,0,coinbase
1675123200,0.06415,0.06668,0.064,0.06452,0.06506666666666668,29687935.2,0,coinbase
1675209600,0.0645,0.0712,0.06231,0.06963,0.06771333333333333,91116656.9,0,coinbase
1675296000,0.06973,0.07083,0.06646,0.06703,0.06810666666666668,40078084.6,0,coinbase
1675382400,0.06703,0.07514,0.06663,0.0725,0.07142333333333334,116813105.6,0,coinbase
1675468800,0.0725,0.07777,0.0702,0.07334,0.07377,80748096.8,0,coinbase
1675555200,0.07334,0.07449,0.06808,0.06994,0.07083666666666667,35081929.2,0,coinbase
1675641600,0.06991,0.0714,0.06699,0.06755,0.06864666666666668,34852256.4,0,coinbase
1675728000,0.06743,0.079,0.06743,0.07488,0.07377,71800599.3,0,coinbase
1675814400,0.07487,0.07936,0.0724,0.07541,0.07572333333333334,65600590.7,0,coinbase
1675900800,0.07549,0.077,0.07024,0.07163,0.07295666666666666,79748285.6,0,coinbase
1675987200,0.07157,0.07909,0.07134,0.07602,0.07548333333333333,84840732.2,0,coinbase
1676073600,0.07612,0.099,0.07583,0.09149,0.08877333333333333,59576657.5,0,coinbase
1676160000,0.09154,0.105,0.08583,0.08673,0.09252,125230142.4,0,coinbase
1676246400,0.08683,0.08919,0.079,0.08604,0.08474333333333334,179103763.0,0,coinbase
1676332800,0.08604,0.092,0.08286,0.08768,0.08751333333333333,77479493.9,0,coinbase
1676419200,0.08764,0.09269,0.08425,0.09161,0.08951666666666665,65413235.8,0,coinbase
1676505600,0.0916,0.09283,0.08331,0.08396,0.0867,84695807.9,0,coinbase
1676592000,0.08395,0.08786,0.08347,0.08539,0.08557333333333332,41044240.1,0,coinbase
1676678400,0.08535,0.08705,0.08464,0.08653,0.08607333333333334,36006190.7,0,coinbase
1676764800,0.08654,0.09225,0.08623,0.08746,0.08864666666666667,59998566.1,0,coinbase
1676851200,0.08756,0.08961,0.08435,0.08671,0.08689000000000001,58363511.7,0,coinbase
1676937600,0.08673,0.08696,0.0803,0.08255,0.08327,55187467.4,0,coinbase
1677024000,0.08254,0.0828,0.0782,0.08235,0.08111666666666667,37420134.6,0,coinbase
1677110400,0.08237,0.08325,0.07942,0.0807,0.08112333333333334,27037897.1,0,coinbase
1677196800,0.0807,0.08249,0.07538,0.07723,0.07836666666666667,68942030.3,0,coinbase
1677283200,0.07722,0.07792,0.07216,0.07494,0.07500666666666667,34368723.6,0,coinbase
1677369600,0.07492,0.0762,0.07356,0.07477,0.07484333333333333,50074211.2,0,coinbase
1677456000,0.07476,0.07476,0.07049,0.07227,0.07250666666666666,72462556.1,0,coinbase
1677542400,0.07224,0.07237,0.06827,0.06919,0.06994333333333333,81625680.2,0,coinbase
1677628800,0.06919,0.07318,0.06869,0.07073,0.07086666666666668,102881741.7,0,coinbase
1677715200,0.07072,0.07087,0.06609,0.06892,0.06862666666666667,65441487.7,0,coinbase
1677801600,0.06887,0.06891,0.06183,0.06393,0.06489,84359454.1,0,coinbase
1677888000,0.06394,0.06608,0.06203,0.06448,0.06419666666666667,28125171.0,0,coinbase
1677974400,0.06436,0.06604,0.06376,0.06396,0.06458666666666667,18043093.8,0,coinbase
1678060800,0.06395,0.06505,0.06288,0.06391,0.06394666666666667,49027157.8,0,coinbase
1678147200,0.06397,0.06466,0.06132,0.06269,0.06288999999999999,31568791.5,0,coinbase
1678233600,0.06273,0.06311,0.0587,0.06062,0.06081,38518479.8,0,coinbase
1678320000,0.06066,0.06147,0.05432,0.05741,0.05773333333333334,64631093.8,0,coinbase
1678406400,0.05734,0.05997,0.05433,0.05914,0.057813333333333335,76332899.1,0,coinbase
1678492800,0.05913,0.06177,0.05618,0.05873,0.05889333333333333,85388506.1,0,coinbase
1678579200,0.05872,0.06236,0.05642,0.06232,0.06036666666666666,36461316.6,0,coinbase
1678665600,0.06231,0.06541,0.059,0.06475,0.06305333333333334,64927572.5,0,coinbase
1678752000,0.06477,0.06868,0.06325,0.06604,0.06599,78881898.1,0,coinbase
1678838400,0.06609,0.06743,0.05893,0.06018,0.06217999999999999,62536815.7,0,coinbase
1678924800,0.06021,0.0627,0.05914,0.06103,0.060956666666666666,55558110.8,0,coinbase
1679011200,0.06101,0.06563,0.06015,0.06549,0.06375666666666667,43985658.5,0,coinbase
1679097600,0.06555,0.06653,0.06187,0.0626,0.06366666666666666,44112167.2,0,coinbase
1679184000,0.0626,0.06658,0.06212,0.06512,0.06460666666666666,39205859.8,0,coinbase
1679270400,0.06514,0.06526,0.06124,0.06185,0.06278333333333334,50055801.8,0,coinbase
1679356800,0.06184,0.06447,0.05951,0.06419,0.06272333333333334,51340880.1,0,coinbase
1679443200,0.06419,0.06458,0.05924,0.06054,0.06145333333333333,43823459.9,0,coinbase
1679529600,0.06051,0.06363,0.05989,0.06254,0.06202,31476076.5,0,coinbase
1679616000,0.06258,0.06259,0.05898,0.06,0.06052333333333334,36904809.0,0,coinbase
1679702400,0.05997,0.06075,0.05886,0.06016,0.05992333333333333,22926757.6,0,coinbase
1679788800,0.06013,0.06253,0.0598,0.06205,0.061459999999999994,25380136.1,0,coinbase
1679875200,0.06201,0.06201,0.05699,0.05931,0.059436666666666665,31203802.4,0,coinbase
1679961600,0.05922,0.06049,0.05784,0.05958,0.05930333333333334,31509344.0,0,coinbase
1680048000,0.05958,0.06887,0.05937,0.06864,0.06562666666666667,47536691.1,0,coinbase
1680134400,0.06861,0.06863,0.06279,0.065,0.06547333333333333,54433544.0,0,coinbase
1680220800,0.065,0.07662,0.065,0.07302,0.07154666666666666,124397336.0,0,coinbase
1680307200,0.07303,0.076,0.06977,0.07065,0.07214,51068267.0,0,coinbase
1680393600,0.07065,0.07783,0.07063,0.07314,0.07386666666666665,70212354.5,0,coinbase
1680480000,0.07314,0.07316,0.06644,0.06811,0.06923666666666667,82735579.7,0,coinbase
1680566400,0.06813,0.0687,0.06617,0.06749,0.06745333333333332,89203181.4,0,coinbase
1680652800,0.06747,0.06844,0.06545,0.06694,0.06694333333333334,93139029.6,0,coinbase
1680739200,0.06691,0.06708,0.06471,0.06564,0.06581000000000001,35759667.2,0,coinbase
1680825600,0.06566,0.0662,0.0645,0.06503,0.06524333333333333,34044466.1,0,coinbase
1680912000,0.06506,0.06571,0.0645,0.0648,0.06500333333333333,17428740.1,0,coinbase
1680998400,0.06483,0.06522,0.06337,0.06453,0.06437333333333332,23062879.5,0,coinbase
1681084800,0.06455,0.06668,0.06429,0.06625,0.06574,33959589.1,0,coinbase
1681171200,0.06624,0.06659,0.06509,0.06534,0.06567333333333332,42020560.4,0,coinbase
1681257600,0.06534,0.06559,0.06286,0.06411,0.06418666666666667,42860474.5,0,coinbase
1681344000,0.06413,0.06703,0.06348,0.06673,0.06574666666666668,32637328.4,0,coinbase
1681430400,0.06674,0.0685,0.06501,0.06745,0.06698666666666668,55680055.6,0,coinbase
1681516800,0.06743,0.0698,0.06698,0.06814,0.06830666666666667,44427601.2,0,coinbase
1681603200,0.06815,0.06982,0.06686,0.06923,0.06863666666666667,31388796.6,0,coinbase
1681689600,0.06922,0.06929,0.06581,0.06651,0.06720333333333334,32376834.0,0,coinbase
1681776000,0.06653,0.06883,0.06562,0.06803,0.06749333333333334,35187315.8,0,coinbase
1681862400,0.06805,0.06841,0.0612,0.06242,0.06401,48592968.4,0,coinbase
1681948800,0.06242,0.06417,0.06085,0.06186,0.06229333333333334,31075587.0,0,coinbase
1682035200,0.06186,0.06241,0.05875,0.05964,0.06026666666666666,37167357.3,0,coinbase
1682121600,0.0596,0.06139,0.05928,0.06113,0.060599999999999994,14562619.2,0,coinbase
1682208000,0.0612,0.06146,0.05921,0.06022,0.060296666666666665,14683204.0,0,coinbase
1682294400,0.06024,0.061,0.05851,0.05982,0.059776666666666665,20718958.9,0,coinbase
1682380800,0.0599,0.06124,0.05855,0.06088,0.06022333333333333,21343139.9,0,coinbase
1682467200,0.06095,0.0634,0.0582,0.06046,0.06068666666666667,23155129.1,0,coinbase
1682553600,0.06045,0.06196,0.0598,0.06122,0.06099333333333334,22081976.3,0,coinbase
1682640000,0.06127,0.0613,0.06008,0.06069,0.06069,20643452.0,0,coinbase
1682726400,0.06072,0.06133,0.06031,0.06074,0.06079333333333333,17847639.5,0,coinbase
1682812800,0.06076,0.06552,0.06062,0.0635,0.06321333333333333,53878687.0,0,coinbase
1682899200,0.06351,0.06426,0.05888,0.05928,0.06080666666666667,45661942.7,0,coinbase
1682985600,0.05931,0.05934,0.0575,0.05886,0.05856666666666666,61643047.7,0,coinbase
1683072000,0.05886,0.05891,0.0561,0.05865,0.05788666666666667,59400759.6,0,coinbase
1683158400,0.05862,0.059,0.05693,0.05751,0.057813333333333335,28079728.5,0,coinbase
1683244800,0.05749,0.05871,0.05714,0.05844,0.058096666666666665,19828224.7,0,coinbase
1683331200,0.05844,0.05877,0.05562,0.05706,0.05715,19443360.2,0,coinbase
1683417600,0.05706,0.05754,0.05635,0.05663,0.05684,14761044.8,0,coinbase
1683504000,0.05656,0.057,0.05167,0.05463,0.054433333333333334,45071658.0,0,coinbase
1683590400,0.05458,0.05458,0.05309,0.05413,0.05393333333333333,19270093.0,0,coinbase
1683676800,0.05411,0.05531,0.05185,0.05428,0.05381333333333333,29899853.1,0,coinbase
1683763200,0.05434,0.05434,0.05025,0.05139,0.051993333333333336,30740904.3,0,coinbase
1683849600,0.05142,0.05239,0.05001,0.05235,0.051583333333333335,22759571.4,0,coinbase
1683936000,0.05235,0.05247,0.05108,0.05146,0.05167,11612932.5,0,coinbase
1684022400,0.05145,0.05255,0.051,0.05181,0.05178666666666667,31675629.8,0,coinbase
1684108800,0.05183,0.05324,0.05113,0.05233,0.05223333333333333,18607910.1,0,coinbase
1684195200,0.05235,0.0528,0.0516,0.05241,0.052270000000000004,13806395.9,0,coinbase
1684281600,0.05234,0.05368,0.05132,0.05331,0.052770000000000004,18556421.0,0,coinbase
1684368000,0.05334,0.05337,0.05127,0.05237,0.05233666666666667,15659980.2,0,coinbase
1684454400,0.0524,0.05311,0.05216,0.0529,0.05272333333333334,13557894.8,0,coinbase
1684540800,0.05291,0.05327,0.05259,0.05301,0.05295666666666667,10902859.4,0,coinbase
1684627200,0.05302,0.05315,0.05181,0.05231,0.05242333333333333,9531990.9,0,coinbase
1684713600,0.0523,0.0525,0.0515,0.05203,0.05201,13830883.5,0,coinbase
1684800000,0.05204,0.05305,0.05189,0.05229,0.052410000000000005,18285070.7,0,coinbase
1684886400,0.05229,0.0523,0.05004,0.05088,0.05107333333333333,13991869.6,0,coinbase
1684972800,0.05091,0.05118,0.0498,0.05064,0.05054,17009491.4,0,coinbase
1685059200,0.05063,0.05223,0.05029,0.0521,0.05154,14593245.8,0,coinbase
1685145600,0.05209,0.05251,0.05157,0.05212,0.05206666666666667,9680665.2,0,coinbase
1685232000,0.05212,0.05405,0.05182,0.05336,0.05307666666666666,15811706.1,0,coinbase
1685318400,0.05339,0.0538,0.05219,0.05276,0.05291666666666667,12380405.2,0,coinbase
1685404800,0.05281,0.05311,0.05216,0.05279,0.052686666666666666,17666411.7,0,coinbase
1685491200,0.05284,0.05306,0.05084,0.05131,0.051736666666666674,17629073.1,0,coinbase
1685577600,0.05131,0.05161,0.05007,0.05024,0.05064,33378780.7,0,coinbase
1685664000,0.05024,0.05097,0.04995,0.05084,0.05058666666666667,60959000.2,0,coinbase
1685750400,0.05085,0.05085,0.05003,0.05025,0.05037666666666666,37831182.7,0,coinbase
1685836800,0.05024,0.05089,0.05001,0.05016,0.05035333333333333,19288838.2,0,coinbase
1685923200,0.05015,0.05052,0.04645,0.04879,0.04858666666666667,41280724.0,0,coinbase
1686009600,0.04878,0.04989,0.04739,0.04959,0.04895666666666667,39279316.7,0,coinbase
1686096000,0.04956,0.04983,0.0478,0.04831,0.048646666666666664,27139133.1,0,coinbase
1686182400,0.0483,0.04881,0.04741,0.04869,0.04830333333333333,20616013.9,0,coinbase
1686268800,0.04868,0.04906,0.04762,0.04846,0.04838,22679330.1,0,coinbase
1686355200,0.04847,0.04849,0.04,0.04546,0.04465,77773798.5,0,coinbase
1686441600,0.04552,0.0457,0.04342,0.04443,0.04451666666666667,22540195.3,0,coinbase
1686528000,0.04438,0.04544,0.04347,0.04526,0.04472333333333334,20280495.9,0,coinbase
1686614400,0.04525,0.047,0.04477,0.04684,0.046203333333333325,19554440.5,0,coinbase
1686700800,0.04687,0.04786,0.04533,0.04539,0.04619333333333333,21643587.3,0,coinbase
1686787200,0.04537,0.04629,0.04197,0.04287,0.04371,31167237.5,0,coinbase
1686873600,0.04287,0.0448,0.04201,0.0445,0.043769999999999996,26156801.7,0,coinbase
1686960000,0.04447,0.04646,0.04413,0.04578,0.045456666666666666,15172321.3,0,coinbase
1687046400,0.04578,0.04641,0.04481,0.04523,0.04548333333333333,12500214.3,0,coinbase
1687132800,0.04537,0.04564,0.04423,0.04507,0.04498,11660714.2,0,coinbase
1687219200,0.04507,0.04944,0.04476,0.04899,0.04773,312044269.8,0,coinbase
1687305600,0.04901,0.05125,0.048,0.05047,0.049906666666666676,45216310.2,0,coinbase
1687392000,0.05046,0.05216,0.04962,0.0502,0.050660000000000004,27250213.6,0,coinbase
1687478400,0.05021,0.05366,0.05,0.05212,0.05192666666666667,32516065.9,0,coinbase
1687564800,0.05211,0.05443,0.05086,0.05123,0.05217333333333333,27226921.8,0,coinbase
1687651200,0.05127,0.05836,0.05095,0.05198,0.05376333333333333,62223180.3,0,coinbase
1687737600,0.05192,0.05282,0.0491,0.04972,0.05054666666666666,30941699.1,0,coinbase
1687824000,0.04969,0.05134,0.04952,0.05057,0.05047666666666667,25088048.4,0,coinbase
1687910400,0.05061,0.05063,0.04741,0.04768,0.048573333333333336,26568112.4,0,coinbase
1687996800,0.04769,0.04989,0.04753,0.04829,0.04857,25354833.8,0,coinbase
1688083200,0.0483,0.05151,0.0472,0.05062,0.049776666666666664,38135678.0,0,coinbase
1688169600,0.05069,0.05219,0.05006,0.05076,0.05100333333333334,24613657.6,0,coinbase
1688256000,0.05076,0.05077,0.0493,0.05007,0.05004666666666666,33177675.4,0,coinbase
1688342400,0.05006,0.0515,0.04968,0.05022,0.05046666666666666,34146012.4,0,coinbase
1688428800,0.05026,0.05042,0.04802,0.04852,0.04898666666666667,48496991.1,0,coinbase
1688515200,0.04853,0.04912,0.04666,0.04724,0.04767333333333334,44349209.5,0,coinbase
1688601600,0.04723,0.0492,0.04604,0.04612,0.047119999999999995,24779700.7,0,coinbase
1688688000,0.04612,0.04735,0.04561,0.04717,0.04671,19706812.9,0,coinbase
1688774400,0.04716,0.04765,0.04646,0.04708,0.047063333333333325,20671834.7,0,coinbase
1688860800,0.04707,0.04779,0.04665,0.04703,0.04715666666666666,15948664.1,0,coinbase
1688947200,0.04707,0.0481,0.04596,0.04755,0.04720333333333334,21260873.2,0,coinbase
1689033600,0.04754,0.04844,0.04689,0.04835,0.047893333333333336,21689172.9,0,coinbase
1689120000,0.04831,0.04932,0.04783,0.04837,0.04850666666666667,18544974.8,0,coinbase
1689206400,0.04835,0.05275,0.0475,0.05252,0.05092333333333334,57304761.0,0,coinbase
1689292800,0.05255,0.05461,0.04968,0.05119,0.05182666666666667,61995190.5,0,coinbase
1689379200,0.05119,0.05348,0.05041,0.05213,0.05200666666666667,22011490.2,0,coinbase
1689465600,0.05221,0.0527,0.05069,0.05069,0.051359999999999996,26995629.9,0,coinbase
1689552000,0.05072,0.05311,0.05,0.05196,0.05169000000000001,31080082.6,0,coinbase
1689638400,0.05196,0.05525,0.05124,0.05289,0.05312666666666666,69364936.3,0,coinbase
1689724800,0.05287,0.05823,0.05236,0.05616,0.05558333333333334,69452536.7,0,coinbase
1689811200,0.05616,0.06259,0.05579,0.05726,0.05854666666666667,89359971.5,0,coinbase
1689897600,0.05728,0.05731,0.05456,0.05545,0.055773333333333334,38984091.5,0,coinbase
1689984000,0.0554,0.05555,0.05289,0.05367,0.05403666666666667,40164898.5,0,coinbase
1690070400,0.05367,0.0547,0.0516,0.05351,0.053270000000000005,41899159.7,0,coinbase
1690156800,0.05351,0.05486,0.05114,0.052,0.05266666666666667,40318573.7,0,coinbase
1690243200,0.052,0.05249,0.05137,0.05231,0.05205666666666667,21260021.4,0,coinbase
1690329600,0.05232,0.05289,0.05129,0.0524,0.052193333333333335,24515316.3,0,coinbase
1690416000,0.05241,0.05328,0.05153,0.05189,0.05223333333333333,27026889.1,0,coinbase
1690502400,0.05187,0.05273,0.0509,0.05265,0.05209333333333333,32933171.1,0,coinbase
1690588800,0.05267,0.05402,0.05264,0.05392,0.05352666666666667,22340036.0,0,coinbase
1690675200,0.05392,0.05436,0.05157,0.05301,0.05298,21320413.5,0,coinbase
1690761600,0.05301,0.05338,0.05163,0.05228,0.05243,21051271.3,0,coinbase
1690848000,0.05223,0.05228,0.05046,0.05182,0.05152,30331848.8,0,coinbase
1690934400,0.05182,0.05383,0.05085,0.05259,0.05242333333333333,48160799.0,0,coinbase
1691020800,0.05265,0.05454,0.05249,0.05348,0.053503333333333326,43903650.2,0,coinbase
1691107200,0.05347,0.05392,0.05245,0.05318,0.05318333333333333,28720991.4,0,coinbase
1691193600,0.05318,0.05333,0.05164,0.05252,0.05249666666666667,18251088.5,0,coinbase
1691280000,0.05252,0.05993,0.05229,0.05767,0.05662999999999999,73912901.1,0,coinbase
1691366400,0.05765,0.05769,0.05452,0.05649,0.05623333333333334,27130201.3,0,coinbase
1691452800,0.05648,0.06257,0.05629,0.06195,0.06027,93759287.4,0,coinbase
1691539200,0.06198,0.06388,0.05955,0.05971,0.06104666666666667,62008896.5,0,coinbase
1691625600,0.05974,0.06182,0.05754,0.05761,0.058989999999999994,30449441.0,0,coinbase
1691712000,0.05759,0.05763,0.05597,0.05663,0.05674333333333333,28410876.9,0,coinbase
1691798400,0.05661,0.05758,0.05562,0.05638,0.05652666666666667,16969306.7,0,coinbase
1691884800,0.05638,0.05721,0.05578,0.05696,0.05665,17470635.8,0,coinbase
1691971200,0.05695,0.06767,0.05689,0.06527,0.06327666666666666,142312570.9,0,coinbase
1692057600,0.06532,0.0759,0.06459,0.06762,0.06937,153904633.2,0,coinbase
1692144000,0.06753,0.06975,0.06121,0.06254,0.0645,129035759.6,0,coinbase
1692230400,0.06244,0.06361,0.05246,0.0576,0.05789,113034657.5,0,coinbase
1692316800,0.05756,0.05959,0.05461,0.05915,0.05778333333333333,86705542.4,0,coinbase
1692403200,0.05921,0.06897,0.05921,0.06528,0.06448666666666668,158722392.3,0,coinbase
1692489600,0.06528,0.06634,0.06116,0.06136,0.06295333333333333,59854253.2,0,coinbase
1692576000,0.06137,0.06474,0.06023,0.06125,0.062073333333333335,105415092.9,0,coinbase
1692662400,0.06124,0.06378,0.05705,0.05893,0.05992,71378564.5,0,coinbase
1692748800,0.05892,0.0621,0.05781,0.0618,0.060570000000000006,80235163.2,0,coinbase
1692835200,0.06182,0.06322,0.05852,0.05928,0.060340000000000005,47763348.0,0,coinbase
1692921600,0.05927,0.06149,0.05817,0.05895,0.05953666666666666,55036815.3,0,coinbase
1693008000,0.05892,0.05914,0.05634,0.05793,0.05780333333333334,33667037.6,0,coinbase
1693094400,0.05792,0.05949,0.0574,0.0582,0.05836333333333333,39840087.6,0,coinbase
1693180800,0.05827,0.05851,0.05527,0.05618,0.05665333333333333,50251888.3,0,coinbase
1693267200,0.05617,0.05743,0.05269,0.05629,0.05547,106974380.8,0,coinbase
1693353600,0.05628,0.05642,0.05308,0.05374,0.054413333333333334,38646643.4,0,coinbase
1693440000,0.05365,0.0538,0.05095,0.05243,0.05239333333333334,50214857.0,0,coinbase
1693526400,0.05242,0.05295,0.04877,0.04993,0.050550000000000005,95848972.6,0,coinbase
1693612800,0.04988,0.05065,0.04778,0.04977,0.0494,82417133.1,0,coinbase
1693699200,0.04978,0.05046,0.04814,0.04859,0.04906333333333333,52485204.5,0,coinbase
1693785600,0.0486,0.04925,0.04791,0.04846,0.04854,51959355.9,0,coinbase
1693872000,0.04846,0.04993,0.04795,0.04937,0.04908333333333333,50954022.5,0,coinbase
1693958400,0.04938,0.05021,0.04762,0.04921,0.04901333333333333,51910468.8,0,coinbase
1694044800,0.04923,0.05005,0.0485,0.05001,0.04952,33539585.5,0,coinbase
1694131200,0.05001,0.05096,0.04921,0.04996,0.05004333333333333,37059853.5,0,coinbase
1694217600,0.04994,0.05028,0.04899,0.0491,0.04945666666666667,18440519.2,0,coinbase
1694304000,0.04908,0.04908,0.0467,0.04787,0.04788333333333333,44526424.7,0,coinbase
1694390400,0.04783,0.04806,0.04538,0.0465,0.04664666666666667,67894629.0,0,coinbase
1694476800,0.04649,0.04799,0.04611,0.04702,0.04704,42499647.9,0,coinbase
1694563200,0.047,0.04998,0.04687,0.04964,0.04882999999999999,56105618.9,0,coinbase
1694649600,0.04963,0.05299,0.04957,0.05171,0.05142333333333334,86787657.2,0,coinbase
1694736000,0.05171,0.05204,0.04968,0.05203,0.05125,46543703.5,0,coinbase
1694822400,0.05201,0.0524,0.05065,0.05171,0.05158666666666667,31398262.6,0,coinbase
1694908800,0.05173,0.05175,0.04903,0.04961,0.05013,22831619.4,0,coinbase
1694995200,0.04962,0.05155,0.04909,0.05013,0.05025666666666667,35200233.3,0,coinbase
1695081600,0.0501,0.05123,0.04988,0.05105,0.05072000000000001,24647904.1,0,coinbase
1695168000,0.0511,0.05141,0.04983,0.05062,0.05062,29237759.2,0,coinbase
1695254400,0.05068,0.05169,0.04944,0.05042,0.05051666666666666,25840494.7,0,coinbase
1695340800,0.0504,0.05058,0.04994,0.0505,0.050339999999999996,15891656.2,0,coinbase
1695427200,0.05051,0.05215,0.05023,0.05215,0.05151,23963656.0,0,coinbase
1695513600,0.05209,0.05211,0.04965,0.04988,0.05054666666666666,13420833.7,0,coinbase
1695600000,0.04986,0.05074,0.04944,0.0505,0.05022666666666666,12841182.7,0,coinbase
1695686400,0.05048,0.05053,0.04879,0.04938,0.04956666666666667,17520810.3,0,coinbase
1695772800,0.04937,0.05006,0.0488,0.0494,0.04942,26122947.5,0,coinbase
1695859200,0.04944,0.04996,0.0492,0.04993,0.04969666666666667,19127813.0,0,coinbase
1695945600,0.04993,0.05005,0.04926,0.04952,0.049609999999999994,20691097.4,0,coinbase
1696032000,0.04952,0.05007,0.04947,0.04979,0.04977666666666667,15165085.7,0,coinbase
1696118400,0.04979,0.05104,0.04965,0.05072,0.050469999999999994,22098527.8,0,coinbase
1696204800,0.05078,0.0519,0.04934,0.04991,0.050383333333333336,30984552.6,0,coinbase
1696291200,0.04992,0.05186,0.04927,0.04941,0.05018,25748975.7,0,coinbase
1696377600,0.04942,0.04955,0.0479,0.04881,0.048753333333333336,50276036.1,0,coinbase
1696464000,0.0488,0.049,0.04781,0.04808,0.048296666666666675,24591846.6,0,coinbase
1696550400,0.04807,0.04858,0.04758,0.04851,0.04822333333333333,23877725.5,0,coinbase
1696636800,0.04851,0.04869,0.048,0.0483,0.048330000000000005,18218148.7,0,coinbase
1696723200,0.04827,0.04836,0.04783,0.04809,0.04809333333333333,24306133.2,0,coinbase
1696809600,0.04809,0.0482,0.0456,0.04654,0.046779999999999995,42727668.7,0,coinbase
1696896000,0.04654,0.04758,0.04635,0.04694,0.04695666666666667,23328027.9,0,coinbase
1696982400,0.04693,0.04719,0.04562,0.04665,0.04648666666666667,24793788.3,0,coinbase
1697068800,0.04666,0.04668,0.045,0.04562,0.04576666666666667,33680798.7,0,coinbase
1697155200,0.0456,0.04722,0.04548,0.04669,0.046463333333333336,21791147.7,0,coinbase
1697241600,0.04664,0.047,0.04645,0.04682,0.04675666666666667,14256356.2,0,coinbase
1697328000,0.0468,0.04735,0.04667,0.04681,0.04694333333333334,16949016.1,0,coinbase
1697414400,0.04678,0.04881,0.04656,0.04745,0.047606666666666665,29246241.4,0,coinbase
1697500800,0.04747,0.04768,0.04576,0.04675,0.046729999999999994,20209388.0,0,coinbase
1697587200,0.04673,0.04902,0.0466,0.04743,0.047683333333333335,43609634.1,0,coinbase
1697673600,0.04744,0.04744,0.04563,0.04581,0.04629333333333333,31129861.3,0,coinbase
1697760000,0.04581,0.04786,0.04573,0.04744,0.04701,30725252.8,0,coinbase
1697846400,0.04746,0.04945,0.04739,0.04907,0.04863666666666667,26267745.5,0,coinbase
1697932800,0.04906,0.0501,0.04837,0.05001,0.049493333333333334,25561164.4,0,coinbase
1698019200,0.04993,0.0525,0.04891,0.05189,0.0511,44861421.3,0,coinbase
1698105600,0.05194,0.05427,0.05005,0.05145,0.05192333333333333,87775373.1,0,coinbase
1698192000,0.05145,0.05263,0.05069,0.05224,0.051853333333333335,41915535.1,0,coinbase
1698278400,0.05224,0.05434,0.05118,0.05307,0.05286333333333334,47897952.1,0,coinbase
1698364800,0.05307,0.05316,0.05008,0.05097,0.051403333333333336,35795034.6,0,coinbase
1698451200,0.051,0.0524,0.05096,0.05192,0.05176,21830665.2,0,coinbase
1698537600,0.05193,0.05297,0.05113,0.05254,0.052213333333333334,23953235.8,0,coinbase
1698624000,0.05259,0.05375,0.05194,0.05368,0.053123333333333335,36896008.1,0,coinbase
1698710400,0.05374,0.05396,0.0501,0.05255,0.05220333333333333,39434167.9,0,coinbase
1698796800,0.05252,0.054,0.05055,0.0537,0.05275,55452841.1,0,coinbase
1698883200,0.05376,0.05682,0.05312,0.05555,0.05516333333333334,79670494.6,0,coinbase
1698969600,0.05553,0.05568,0.05308,0.05474,0.05449999999999999,37883625.1,0,coinbase
1699056000,0.05475,0.05601,0.05423,0.05569,0.055310000000000005,30162708.5,0,coinbase
1699142400,0.05569,0.05663,0.05484,0.05604,0.055836666666666666,26485839.5,0,coinbase
1699228800,0.05608,0.05902,0.05515,0.05865,0.05760666666666667,44729093.1,0,coinbase
1699315200,0.0587,0.06342,0.05599,0.05753,0.05898,99343995.4,0,coinbase
1699401600,0.05751,0.06109,0.05697,0.06057,0.05954333333333334,43642604.4,0,coinbase
1699488000,0.06058,0.06286,0.05393,0.05974,0.05884333333333334,82862227.7,0,coinbase
1699574400,0.0598,0.06318,0.05915,0.06295,0.06176,70462520.4,0,coinbase
1699660800,0.06297,0.06448,0.0607,0.06198,0.06238666666666667,61024496.1,0,coinbase
1699747200,0.06198,0.06355,0.05977,0.06223,0.061849999999999995,40209083.9,0,coinbase
1699833600,0.06225,0.06338,0.05845,0.05904,0.06029,54824511.0,0,coinbase
1699920000,0.05903,0.06048,0.05632,0.05865,0.05848333333333333,52976403.9,0,coinbase
1700006400,0.05859,0.06197,0.0582,0.06179,0.06065333333333334,46555660.8,0,coinbase
1700092800,0.06188,0.06379,0.06009,0.06095,0.06161,62297090.9,0,coinbase
1700179200,0.06093,0.06833,0.05965,0.06392,0.06396666666666667,83810744.5,0,coinbase
1700265600,0.06391,0.0656,0.05972,0.06175,0.06235666666666667,52496636.0,0,coinbase
1700352000,0.0616,0.06284,0.06013,0.06254,0.06183666666666667,36780585.5,0,coinbase
1700438400,0.06254,0.06795,0.06254,0.06622,0.06557,92673837.3,0,coinbase
1700524800,0.06618,0.06634,0.05792,0.05844,0.0609,104932228.0,0,coinbase
1700611200,0.05844,0.06366,0.05827,0.06251,0.06148,55797984.2,0,coinbase
1700697600,0.06253,0.06323,0.06049,0.06161,0.06177666666666667,26079201.2,0,coinbase
1700784000,0.06158,0.06328,0.06133,0.06243,0.06234666666666666,39471568.6,0,coinbase
1700870400,0.06243,0.06385,0.06208,0.0636,0.06317666666666667,22402778.8,0,coinbase
1700956800,0.06362,0.06395,0.06122,0.063,0.06272333333333334,38342115.0,0,coinbase
1701043200,0.06305,0.06318,0.0601,0.06158,0.06162,39010889.3,0,coinbase
1701129600,0.06156,0.06184,0.05926,0.06117,0.06075666666666666,45389336.3,0,coinbase
1701216000,0.06125,0.06151,0.0597,0.06018,0.060463333333333334,39672834.4,0,coinbase
1701302400,0.06016,0.06114,0.05988,0.06031,0.06044333333333333,27137737.0,0,coinbase
1701388800,0.06033,0.06141,0.05993,0.0609,0.06074666666666667,32029389.0,0,coinbase
1701475200,0.06093,0.06267,0.06075,0.06257,0.061996666666666665,34135514.3,0,coinbase
1701561600,0.06257,0.06273,0.06128,0.06233,0.06211333333333333,34140819.7,0,coinbase
1701648000,0.06236,0.06442,0.06094,0.0639,0.06308666666666667,83633199.8,0,coinbase
1701734400,0.06393,0.06619,0.06352,0.06617,0.06529333333333333,104760028.3,0,coinbase
1701820800,0.06618,0.07135,0.06554,0.06867,0.06852000000000001,177257956.2,0,coinbase
1701907200,0.06867,0.07223,0.06562,0.06927,0.06904,92540138.0,0,coinbase
1701993600,0.06925,0.07486,0.06844,0.07419,0.07249666666666667,117977445.0,0,coinbase
1702080000,0.07423,0.07758,0.07375,0.07448,0.07527,111401032.4,0,coinbase
1702166400,0.07449,0.07642,0.07186,0.07517,0.07448333333333333,67920261.6,0,coinbase
1702252800,0.07517,0.07615,0.06684,0.07097,0.07132000000000001,143260578.2,0,coinbase
1702339200,0.071,0.07595,0.07077,0.0755,0.07407333333333334,87812708.9,0,coinbase
1702425600,0.07554,0.08008,0.07208,0.07691,0.07635666666666667,189609806.8,0,coinbase
1702512000,0.07693,0.08498,0.07677,0.0835,0.08175,154832785.0,0,coinbase
1702598400,0.08347,0.08845,0.07962,0.08016,0.08274333333333334,149989402.1,0,coinbase
1702684800,0.0802,0.08339,0.07944,0.08,0.08094333333333333,99631942.0,0,coinbase
1702771200,0.08,0.08054,0.07782,0.07855,0.07897,56855791.0,0,coinbase
1702857600,0.07864,0.0797,0.07247,0.07969,0.07728666666666667,112020743.5,0,coinbase
1702944000,0.07964,0.08171,0.07823,0.08145,0.08046333333333333,91024172.0,0,coinbase
1703030400,0.0815,0.09036,0.08039,0.08699,0.08591333333333334,207414275.4,0,coinbase
1703116800,0.08698,0.09283,0.08513,0.09132,0.08976,143825168.6,0,coinbase
1703203200,0.09135,0.09424,0.08716,0.09083,0.09074333333333333,147369269.0,0,coinbase
1703289600,0.09083,0.092,0.08687,0.09119,0.09001999999999999,68963064.7,0,coinbase
1703376000,0.09118,0.09502,0.0882,0.09034,0.09118666666666668,150809855.8,0,coinbase
1703462400,0.09032,0.09339,0.08907,0.09237,0.09161000000000001,91918697.3,0,coinbase
1703548800,0.09237,0.09271,0.08324,0.09005,0.08866666666666667,130582746.7,0,coinbase
1703635200,0.09006,0.09357,0.08596,0.09242,0.09065000000000001,103709358.2,0,coinbase
1703721600,0.09244,0.09446,0.08891,0.08955,0.09097333333333334,92148013.6,0,coinbase
1703808000,0.08952,0.09144,0.08665,0.08916,0.08908333333333333,88446569.8,0,coinbase
1703894400,0.08915,0.08977,0.08612,0.08698,0.08762333333333333,55179627.9,0,coinbase
1703980800,0.08699,0.08931,0.0849,0.08596,0.08672333333333333,55120380.7,0,coinbase
1704067200,0.08596,0.09273,0.084,0.09157,0.08943333333333332,66983160.0,0,coinbase
1704153600,0.0916,0.10144,0.09101,0.09706,0.09650333333333333,257501307.8,0,coinbase
1704240000,0.09702,0.09937,0.07816,0.08848,0.08866999999999998,270537717.7,0,coinbase
1704326400,0.08844,0.08958,0.08515,0.08802,0.08758333333333333,105672338.3,0,coinbase
1704412800,0.08803,0.08855,0.08087,0.08489,0.08477000000000001,121890323.8,0,coinbase
1704499200,0.08492,0.08493,0.07843,0.07962,0.08099333333333333,72387485.2,0,coinbase
1704585600,0.07963,0.08108,0.07474,0.07529,0.07703666666666667,75236726.8,0,coinbase
1704672000,0.0753,0.08259,0.06962,0.08156,0.07792333333333333,127623894.5,0,coinbase
1704758400,0.08164,0.08189,0.07537,0.07761,0.07829000000000001,89655908.4,0,coinbase
1704844800,0.07756,0.08544,0.07411,0.08344,0.08099666666666666,135330632.3,0,coinbase
1704931200,0.08353,0.0875,0.08153,0.08421,0.08441333333333334,112287105.2,0,coinbase
1705017600,0.08424,0.0853,0.07729,0.08003,0.08087333333333334,108624074.7,0,coinbase
1705104000,0.08002,0.08171,0.07758,0.08122,0.08017,60782852.7,0,coinbase
1705190400,0.08112,0.08127,0.07672,0.07698,0.07832333333333334,57313741.5,0,coinbase
1705276800,0.07711,0.08013,0.07696,0.07776,0.07828333333333333,56068428.8,0,coinbase
1705363200,0.07774,0.08165,0.07733,0.08052,0.07983333333333333,63660384.6,0,coinbase
1705449600,0.0806,0.08112,0.07828,0.07889,0.07943,50128535.6,0,coinbase
1705536000,0.07894,0.07953,0.07369,0.07525,0.07615666666666666,63040248.8,0,coinbase
1705622400,0.07519,0.07621,0.07201,0.07554,0.07458666666666668,82376982.8,0,coinbase
1705708800,0.07549,0.07683,0.07461,0.07632,0.07592,43678073.0,0,coinbase
1705795200,0.07617,0.07746,0.07538,0.07544,0.07609333333333333,36186907.8,0,coinbase
1705881600,0.07543,0.07598,0.07079,0.07129,0.07268666666666668,71570663.8,0,coinbase
1705968000,0.07127,0.07253,0.06706,0.07061,0.07006666666666667,94577741.3,0,coinbase
1706054400,0.0706,0.07268,0.06989,0.07232,0.07162999999999999,63263137.3,0,coinbase
1706140800,0.07229,0.07251,0.0698,0.07131,0.07120666666666665,40513749.1,0,coinbase
1706227200,0.07135,0.07475,0.07039,0.07443,0.07318999999999999,46509049.8,0,coinbase
1706313600,0.07446,0.07539,0.07367,0.07442,0.07449333333333334,23531023.2,0,coinbase
1706400000,0.07441,0.07606,0.07255,0.0734,0.07400333333333335,40694453.9,0,coinbase
1706486400,0.0734,0.07463,0.07125,0.07447,0.07345,41357067.1,0,coinbase
1706572800,0.07447,0.0752,0.07249,0.07292,0.07353666666666665,55664097.5,0,coinbase
1706659200,0.07291,0.07312,0.06877,0.06951,0.07046666666666668,69998382.4,0,coinbase
1706745600,0.06946,0.07033,0.06823,0.07021,0.06959,57328441.5,0,coinbase
1706832000,0.0702,0.0714,0.06818,0.06923,0.06960333333333334,60828884.4,0,coinbase
1706918400,0.06929,0.07005,0.06837,0.06934,0.06925333333333333,34977115.0,0,coinbase
1707004800,0.06929,0.0696,0.0682,0.06832,0.06870666666666665,33506640.3,0,coinbase
1707091200,0.06844,0.07078,0.06738,0.0695,0.06922,40431826.3,0,coinbase
1707177600,0.06948,0.07708,0.06903,0.07523,0.07378,158713334.3,0,coinbase
1707264000,0.07521,0.0769,0.07073,0.0759,0.07450999999999999,136893891.7,0,coinbase
1707350400,0.07589,0.0785,0.07547,0.07604,0.07667,101409529.6,0,coinbase
1707436800,0.07604,0.07993,0.07546,0.07942,0.07827,96630891.6,0,coinbase
1707523200,0.07946,0.08029,0.07737,0.07892,0.07886,48437458.8,0,coinbase
1707609600,0.07891,0.07997,0.07759,0.07834,0.07863333333333333,52766258.3,0,coinbase
1707696000,0.07838,0.08037,0.07628,0.07966,0.07877,56714469.2,0,coinbase
1707782400,0.07965,0.08244,0.07824,0.08145,0.08070999999999999,98767957.3,0,coinbase
1707868800,0.08139,0.0845,0.0804,0.08258,0.08249333333333332,85190088.9,0,coinbase
1707955200,0.08261,0.0845,0.08149,0.08294,0.08297666666666668,99182485.1,0,coinbase
1708041600,0.08293,0.086,0.08244,0.08558,0.08467333333333332,95073752.3,0,coinbase
1708128000,0.08555,0.0859,0.08155,0.08354,0.08366333333333333,62944335.9,0,coinbase
1708214400,0.08353,0.09217,0.08335,0.0898,0.08844,126145024.8,0,coinbase
1708300800,0.08982,0.11842,0.08956,0.112,0.10665999999999999,560920661.3,0,coinbase
1708387200,0.11196,0.1136,0.10123,0.10724,0.10735666666666667,432675274.9,0,coinbase
1708473600,0.10735,0.1121,0.0997,0.10457,0.10545666666666666,321160206.2,0,coinbase
1708560000,0.10476,0.1199,0.1002,0.11618,0.11209333333333334,292701079.7,0,coinbase
1708646400,0.11617,0.1169,0.10717,0.10941,0.11116,155378097.0,0,coinbase
1708732800,0.10938,0.1114,0.10619,0.11012,0.10923666666666666,112586474.6,0,coinbase
1708819200,0.11009,0.11194,0.1065,0.1093,0.10924666666666666,81364097.0,0,coinbase
1708905600,0.10922,0.11394,0.10329,0.11167,0.10963333333333335,146388392.9,0,coinbase
1708992000,0.1117,0.11324,0.10705,0.10823,0.10950666666666665,124976497.3,0,coinbase
1709078400,0.10817,0.11866,0.1041,0.11338,0.11204666666666667,202901762.6,0,coinbase
1709164800,0.11338,0.12412,0.11002,0.11456,0.11623333333333334,184897776.0,0,coinbase
1709251200,0.11457,0.11783,0.11331,0.11685,0.11599666666666668,91617512.6,0,coinbase
1709337600,0.11683,0.12071,0.11225,0.1155,0.11615333333333333,131054726.6,0,coinbase
1709424000,0.11549,0.11555,0.1075,0.11304,0.11203,80231473.1,0,coinbase
1709510400,0.11298,0.12006,0.11151,0.11737,0.11631333333333334,178703916.3,0,coinbase
1709596800,0.11736,0.12819,0.09323,0.11173,0.11105,323953436.7,0,coinbase
1709683200,0.11166,0.1266,0.10835,0.12598,0.12030999999999999,138377737.4,0,coinbase
1709769600,0.12593,0.13966,0.12468,0.134,0.13278,184167664.8,0,coinbase
1709856000,0.13403,0.13508,0.12399,0.13085,0.12997333333333336,155186386.4,0,coinbase
1709942400,0.13068,0.132,0.12872,0.13087,0.13053,52805460.8,0,coinbase
1710028800,0.13087,0.1332,0.12315,0.126,0.12745,79567998.4,0,coinbase
1710115200,0.12592,0.13295,0.12034,0.13266,0.12865000000000001,106126905.3,0,coinbase
1710201600,0.13272,0.13352,0.12216,0.1332,0.12962666666666667,103663143.9,0,coinbase
1710288000,0.1332,0.14,0.129,0.13274,0.13391333333333333,115866299.9,0,coinbase
1710374400,0.13264,0.13276,0.11987,0.12711,0.12658,80547092.0,0,coinbase
1710460800,0.12699,0.12747,0.11025,0.12055,0.11942333333333333,105787778.0,0,coinbase
1710547200,0.12053,0.12468,0.1084,0.11084,0.11464,89616276.1,0,coinbase
1710633600,0.11085,0.11982,0.10671,0.11633,0.11428666666666666,74973207.3,0,coinbase
1710720000,0.11629,0.11629,0.1084,0.11183,0.11217333333333333,92101142.6,0,coinbase
1710806400,0.11179,0.11333,0.09886,0.10135,0.10451333333333333,124627558.0,0,coinbase
1710892800,0.10128,0.11249,0.09818,0.11143,0.10736666666666668,92807201.6,0,coinbase
1710979200,0.11141,0.11303,0.10765,0.10997,0.11021666666666667,53674892.0,0,coinbase
1711065600,0.11,0.11209,0.1035,0.10664,0.10741,47562030.4,0,coinbase
1711152000,0.10663,0.10998,0.10496,0.10658,0.10717333333333333,35806803.4,0,coinbase
1711238400,0.10651,0.11043,0.10554,0.11004,0.10867,33150162.7,0,coinbase
1711324800,0.11004,0.11891,0.10958,0.11725,0.11524666666666666,64575724.2,0,coinbase
1711411200,0.11727,0.1311,0.11671,0.12033,0.12271333333333333,106183434.1,0,coinbase
1711497600,0.12034,0.12138,0.112,0.11362,0.11566666666666665,96296115.9,0,coinbase
1711584000,0.1137,0.11755,0.11124,0.11612,0.11497,59098221.4,0,coinbase
1711670400,0.11607,0.11794,0.11244,0.11592,0.11543333333333333,40044716.5,0,coinbase
1711756800,0.116,0.11629,0.11286,0.11362,0.11425666666666667,47677724.0,0,coinbase
1711843200,0.11347,0.11982,0.11309,0.11576,0.11622333333333335,56446359.7,0,coinbase
1711929600,0.1157,0.11659,0.10686,0.10994,0.11112999999999999,69598266.8,0,coinbase
1712016000,0.1099,0.1099,0.1024,0.10359,0.10529666666666666,68839872.6,0,coinbase
1712102400,0.10367,0.10709,0.10043,0.10254,0.10335333333333334,59110957.2,0,coinbase
1712188800,0.10251,0.10738,0.10125,0.10522,0.10461666666666668,43351688.5,0,coinbase
1712275200,0.10522,0.10538,0.10004,0.10471,0.10337666666666667,37812179.7,0,coinbase
1712361600,0.10478,0.10696,0.10421,0.10597,0.10571333333333333,29235181.4,0,coinbase
1712448000,0.10596,0.10754,0.10437,0.10585,0.10592,30237770.3,0,coinbase
1712534400,0.10581,0.1106,0.10232,0.10947,0.10746333333333334,118343243.0,0,coinbase
1712620800,0.10946,0.10966,0.10306,0.10341,0.10537666666666667,65056624.7,0,coinbase
1712707200,0.10326,0.10441,0.09783,0.10234,0.10152666666666667,62578696.2,0,coinbase
1712793600,0.10233,0.10299,0.09808,0.09994,0.10033666666666667,57932085.3,0,coinbase
1712880000,0.0999,0.10117,0.07857,0.08805,0.08926333333333335,152910474.8,0,coinbase
1712966400,0.08801,0.08804,0.06904,0.07905,0.07871,245230599.0,0,coinbase
1713052800,0.07905,0.08385,0.07416,0.08364,0.08055,138057907.6,0,coinbase
1713139200,0.08362,0.08805,0.07728,0.07959,0.08164,93237767.3,0,coinbase
1713225600,0.07951,0.08119,0.07626,0.07993,0.07912666666666666,65544443.6,0,coinbase
1713312000,0.07989,0.08085,0.0756,0.07819,0.07821333333333334,51452720.2,0,coinbase
1713398400,0.07816,0.08299,0.07655,0.08231,0.08061666666666667,47954573.4,0,coinbase
1713484800,0.08229,0.0843,0.0762,0.08033,0.08027666666666666,90174579.0,0,coinbase
1713571200,0.08038,0.08705,0.07941,0.0869,0.08445333333333334,47550435.7,0,coinbase
1713657600,0.08686,0.09145,0.08576,0.08884,0.08868333333333334,57935366.6,0,coinbase
1713744000,0.08877,0.09351,0.08857,0.09043,0.09083666666666666,53117746.0,0,coinbase
1713830400,0.09043,0.15974,0.0874,0.15703,0.13472333333333333,679896812.2,0,coinbase
1713916800,0.15684,0.1842,0.1175,0.12472,0.14214,1438369892.9,0,coinbase
1714003200,0.12471,0.12725,0.10933,0.11955,0.11871,504592354.4,0,coinbase
1714089600,0.11957,0.12395,0.10965,0.11108,0.11489333333333333,278595002.9,0,coinbase
1714176000,0.11123,0.11222,0.10427,0.10642,0.10763666666666667,162394790.6,0,coinbase
1714262400,0.10644,0.10895,0.1029,0.10347,0.10510666666666668,102669884.5,0,coinbase
1714348800,0.10344,0.10571,0.1005,0.10315,0.10312,132866135.8,0,coinbase
1714435200,0.10324,0.10397,0.09064,0.09381,0.09614,193096335.7,0,coinbase
1714521600,0.09373,0.1093,0.09,0.09949,0.09959666666666667,263051430.1,0,coinbase
1714608000,0.0994,0.10194,0.09508,0.10033,0.09911666666666667,142795984.1,0,coinbase
1714694400,0.10026,0.11583,0.09892,0.11131,0.10868666666666667,256293316.5,0,coinbase
1714780800,0.11144,0.11282,0.10782,0.10914,0.10992666666666667,91963302.1,0,coinbase
1714867200,0.10912,0.11132,0.10577,0.11039,0.10916,74746795.7,0,coinbase
1714953600,0.11033,0.1245,0.11018,0.1138,0.11616,222903593.4,0,coinbase
1715040000,0.1139,0.11647,0.10777,0.10789,0.11070999999999999,86858205.9,0,coinbase
1715126400,0.10786,0.11026,0.10509,0.10586,0.10707,66257488.2,0,coinbase
1715212800,0.10583,0.11167,0.10579,0.11061,0.10935666666666666,79767773.0,0,coinbase
1715299200,0.11058,0.1126,0.10493,0.10574,0.10775666666666667,54084766.2,0,coinbase
1715385600,0.10568,0.1088,0.10515,0.10667,0.10687333333333332,33737351.4,0,coinbase
1715472000,0.10663,0.1119,0.1064,0.10859,0.10896333333333334,43582928.9,0,coinbase
1715558400,0.10871,0.11087,0.1024,0.10753,0.10693333333333334,58369179.8,0,coinbase
1715644800,0.10745,0.1103,0.10481,0.10529,0.1068,56271378.6,0,coinbase
1715731200,0.1053,0.11292,0.1045,0.11091,0.10944333333333334,95065415.8,0,coinbase
1715817600,0.11092,0.11276,0.10774,0.11231,0.11093666666666667,82891005.0,0,coinbase
1715904000,0.11233,0.12044,0.11176,0.11492,0.11570666666666667,157488059.5,0,coinbase
1715990400,0.11491,0.11661,0.11277,0.11461,0.11466333333333334,74136001.7,0,coinbase
1716076800,0.11459,0.11543,0.1097,0.11101,0.11204666666666667,51501071.1,0,coinbase
1716163200,0.11105,0.11873,0.10907,0.11754,0.11511333333333333,131496035.3,0,coinbase
1716249600,0.11754,0.11882,0.11359,0.11507,0.11582666666666667,72989702.5,0,coinbase
1716336000,0.11503,0.11645,0.11206,0.11337,0.11395999999999999,65562038.2,0,coinbase
1716422400,0.1134,0.11553,0.10467,0.10898,0.10972666666666668,71840311.2,0,coinbase
1716508800,0.10896,0.11021,0.1049,0.10804,0.10771666666666667,45009782.3,0,coinbase
1716595200,0.10792,0.10937,0.10762,0.10861,0.10853333333333333,29059587.6,0,coinbase
1716681600,0.10858,0.10901,0.10564,0.10674,0.10713,24494121.4,0,coinbase
1716768000,0.10678,0.10953,0.10595,0.1068,0.10742666666666667,42889958.5,0,coinbase
1716854400,0.1068,0.10691,0.10266,0.10436,0.10464333333333332,56593676.5,0,coinbase
1716940800,0.10439,0.1074,0.10287,0.1032,0.10449000000000001,55594671.1,0,coinbase
1717027200,0.10315,0.10502,0.1,0.10068,0.1019,57910560.4,0,coinbase
1717113600,0.10063,0.10178,0.098,0.10011,0.09996333333333333,46646845.6,0,coinbase
1717200000,0.10011,0.10049,0.09963,0.09991,0.10001,27585706.5,0,coinbase
1717286400,0.0999,0.10049,0.09757,0.09918,0.09908,37085863.7,0,coinbase
1717372800,0.09913,0.10394,0.09832,0.1013,0.10118666666666666,64626248.4,0,coinbase
1717459200,0.10129,0.1024,0.09976,0.10239,0.10151666666666666,69080811.2,0,coinbase
1717545600,0.1024,0.10559,0.10191,0.1045,0.104,71069427.0,0,coinbase
1717632000,0.10449,0.10509,0.10006,0.10143,0.10219333333333334,49622349.4,0,coinbase
1717718400,0.10138,0.10199,0.0853,0.09412,0.09380333333333334,143154545.3,0,coinbase
1717804800,0.09408,0.0943,0.089,0.09029,0.09119666666666666,85810088.0,0,coinbase
1717891200,0.09024,0.09167,0.08913,0.09148,0.09076000000000001,43695304.8,0,coinbase
1717977600,0.09154,0.0917,0.08786,0.08912,0.08956000000000001,78622097.7,0,coinbase
1718064000,0.08915,0.09002,0.084,0.08733,0.08711666666666668,136201839.7,0,coinbase
1718150400,0.08733,0.09413,0.0858,0.09173,0.09055333333333333,138371793.6,0,coinbase
1718236800,0.09173,0.09244,0.0872,0.08824,0.08929333333333334,99358620.1,0,coinbase
1718323200,0.08836,0.09062,0.08456,0.08633,0.08717000000000001,113809832.3,0,coinbase
1718409600,0.08633,0.08659,0.08457,0.08485,0.08533666666666667,50323796.9,0,coinbase
1718496000,0.08485,0.08689,0.08386,0.08632,0.08569,40865033.8,0,coinbase
1718582400,0.08635,0.08675,0.07833,0.08021,0.08176333333333334,133308481.6,0,coinbase
1718668800,0.08019,0.08047,0.07214,0.07767,0.07676,234012022.0,0,coinbase
1718755200,0.07761,0.08206,0.0772,0.08055,0.07993666666666667,106474676.2,0,coinbase
1718841600,0.08056,0.08497,0.08009,0.08033,0.08179666666666667,87570025.8,0,coinbase
1718928000,0.08043,0.08186,0.07814,0.07875,0.07958333333333334,72473490.5,0,coinbase
1719014400,0.07875,0.07875,0.0774,0.07782,0.07799,43339489.1,0,coinbase
1719100800,0.07782,0.0795,0.07578,0.07629,0.07719,53871335.1,0,coinbase
1719187200,0.07635,0.07784,0.07248,0.07751,0.07594333333333333,123457699.9,0,coinbase
1719273600,0.07751,0.08078,0.07703,0.07883,0.07888,88776394.2,0,coinbase
1719360000,0.07883,0.08,0.07483,0.07623,0.07701999999999999,64670105.5,0,coinbase
1719446400,0.07621,0.08014,0.07502,0.07865,0.07793666666666667,62347138.8,0,coinbase
1719532800,0.07857,0.07986,0.07644,0.07682,0.07770666666666666,52285218.2,0,coinbase
1719619200,0.07682,0.07815,0.07593,0.07616,0.07674666666666667,47336161.4,0,coinbase
1719705600,0.07615,0.07738,0.07495,0.07657,0.0763,67033251.3,0,coinbase
1719792000,0.0766,0.0785,0.07474,0.07661,0.07661666666666667,76688449.1,0,coinbase
1719878400,0.07655,0.07916,0.07597,0.07802,0.07771666666666667,86887354.9,0,coinbase
1719964800,0.07804,0.07827,0.07147,0.07214,0.07396000000000001,116478574.8,0,coinbase
1720051200,0.07215,0.07249,0.0659,0.06635,0.06824666666666668,122154329.0,0,coinbase
1720137600,0.06635,0.06895,0.05873,0.06715,0.06494333333333334,264986395.2,0,coinbase
1720224000,0.06715,0.071,0.06623,0.06997,0.06906666666666667,89336059.9,0,coinbase
1720310400,0.07001,0.07006,0.06416,0.0646,0.06627333333333334,65290224.3,0,coinbase
1720396800,0.06459,0.06844,0.06235,0.06637,0.06572,109411120.2,0,coinbase
1720483200,0.06634,0.06911,0.06605,0.06785,0.06767,101293572.4,0,coinbase
1720569600,0.06784,0.06935,0.06547,0.06643,0.06708333333333333,64443299.0,0,coinbase
1720656000,0.06645,0.06869,0.06531,0.06563,0.06654333333333333,76998944.7,0,coinbase
1720742400,0.06563,0.06775,0.06475,0.06736,0.06662,51763490.6,0,coinbase
1720828800,0.06736,0.07221,0.06688,0.07145,0.07018,83387969.7,0,coinbase
1720915200,0.0714,0.07325,0.06944,0.07215,0.07161333333333332,60669433.7,0,coinbase
1721001600,0.07216,0.07932,0.07181,0.07827,0.07646666666666667,119238885.8,0,coinbase
1721088000,0.07829,0.07932,0.07492,0.07664,0.07695999999999999,96490657.3,0,coinbase
1721174400,0.07661,0.07905,0.07523,0.0753,0.07652666666666667,96077878.7,0,coinbase
1721260800,0.07532,0.07625,0.07096,0.07273,0.07331333333333334,78184142.3,0,coinbase
1721347200,0.07275,0.07569,0.0713,0.0747,0.07389666666666667,84823262.7,0,coinbase
1721433600,0.07467,0.07616,0.07327,0.0747,0.07471,52216648.2,0,coinbase
1721520000,0.07469,0.07588,0.07025,0.07478,0.07363666666666667,75707529.0,0,coinbase
1721606400,0.07484,0.07539,0.07054,0.07078,0.07223666666666667,69885327.8,0,coinbase
1721692800,0.07077,0.07153,0.06692,0.06827,0.06890666666666666,121986368.1,0,coinbase
1721779200,0.06828,0.07028,0.06593,0.06646,0.06755666666666667,59184379.7,0,coinbase
1721865600,0.0665,0.06697,0.06381,0.06599,0.06559,108645915.3,0,coinbase
1721952000,0.06597,0.06861,0.0659,0.06843,0.06764666666666667,73721500.1,0,coinbase
1722038400,0.06841,0.07027,0.06745,0.06873,0.06881666666666668,57123190.5,0,coinbase
1722124800,0.06873,0.06921,0.06676,0.06759,0.06785333333333332,32027088.2,0,coinbase
1722211200,0.06757,0.06988,0.06656,0.06716,0.06786666666666667,79070041.9,0,coinbase
1722297600,0.06709,0.0682,0.06474,0.06598,0.06630666666666667,57018829.5,0,coinbase
1722384000,0.06596,0.06695,0.06228,0.06294,0.06405666666666666,85867841.2,0,coinbase
1722470400,0.06292,0.06384,0.0589,0.06331,0.062016666666666664,121830874.2,0,coinbase
1722556800,0.06328,0.064,0.05875,0.05949,0.06074666666666667,122324600.9,0,coinbase
1722643200,0.05944,0.05979,0.05612,0.05825,0.05805333333333334,104321697.8,0,coinbase
1722729600,0.05821,0.05882,0.05349,0.05529,0.05586666666666667,124430029.1,0,coinbase
1722816000,0.05529,0.0559,0.04541,0.05216,0.05115666666666666,461105773.5,0,coinbase
1722902400,0.05219,0.05648,0.0521,0.05514,0.054573333333333335,164874902.9,0,coinbase
1722988800,0.05514,0.05714,0.05083,0.05142,0.053130000000000004,125187558.6,0,coinbase
1723075200,0.05148,0.05931,0.05071,0.05911,0.056376666666666665,120141372.7,0,coinbase
1723161600,0.0591,0.05916,0.05525,0.05631,0.05690666666666666,85096565.2,0,coinbase
1723248000,0.05631,0.05707,0.055,0.05593,0.056,43467411.3,0,coinbase
1723334400,0.05593,0.05735,0.05253,0.05264,0.05417333333333333,48327356.3,0,coinbase
1723420800,0.05264,0.05553,0.05256,0.05389,0.05399333333333334,58909840.3,0,coinbase
1723507200,0.05391,0.05467,0.05177,0.05429,0.05357666666666667,61437372.8,0,coinbase
1723593600,0.05429,0.05524,0.05285,0.05365,0.053913333333333334,47078921.3,0,coinbase
1723680000,0.05364,0.0545,0.05117,0.05188,0.05251666666666666,74906186.9,0,coinbase
1723766400,0.05191,0.05269,0.05065,0.05191,0.05175,59415209.3,0,coinbase
1723852800,0.05189,0.05274,0.05118,0.05262,0.052180000000000004,33442135.1,0,coinbase
1723939200,0.0526,0.05521,0.05213,0.05314,0.05349333333333334,47453474.4,0,coinbase
1724025600,0.05307,0.05443,0.05232,0.05436,0.05370333333333333,57909800.0,0,coinbase
1724112000,0.05431,0.05554,0.05303,0.05369,0.05408666666666667,60733470.3,0,coinbase
1724198400,0.05366,0.05572,0.05228,0.05477,0.05425666666666667,82473128.2,0,coinbase
1724284800,0.05475,0.05573,0.05406,0.05527,0.05501999999999999,87997024.8,0,coinbase
1724371200,0.05524,0.05999,0.05516,0.05952,0.05822333333333333,125927761.3,0,coinbase
1724457600,0.05957,0.0621,0.05859,0.06048,0.06039,92146151.0,0,coinbase
1724544000,0.06047,0.06063,0.0576,0.05901,0.05908,73423426.6,0,coinbase
1724630400,0.05905,0.05945,0.05562,0.05596,0.057010000000000005,66243548.1,0,coinbase
1724716800,0.05594,0.05687,0.0511,0.05256,0.05351,93787395.7,0,coinbase
1724803200,0.05253,0.05398,0.05031,0.05127,0.051853333333333335,103124366.0,0,coinbase
1724889600,0.05131,0.05309,0.05045,0.05118,0.05157333333333333,63753450.2,0,coinbase
1724976000,0.05115,0.05185,0.0496,0.05132,0.05092333333333333,64671525.1,0,coinbase
1725062400,0.05135,0.05168,0.0496,0.05002,0.05043333333333333,33634280.4,0,coinbase
1725148800,0.05002,0.0501,0.04757,0.04796,0.048543333333333334,88083610.8,0,coinbase
1725235200,0.04796,0.05103,0.04791,0.05084,0.04992666666666667,73744734.7,0,coinbase
1725321600,0.05082,0.05173,0.04875,0.04887,0.049783333333333325,55253359.6,0,coinbase
1725408000,0.04888,0.05071,0.04725,0.04934,0.0491,84720488.8,0,coinbase
1725494400,0.04933,0.04974,0.04761,0.04815,0.048499999999999995,62477738.3,0,coinbase
1725580800,0.04814,0.04892,0.04573,0.04721,0.047286666666666664,114324259.3,0,coinbase
1725667200,0.04721,0.04906,0.04696,0.04861,0.048209999999999996,35345520.1,0,coinbase
1725753600,0.0486,0.04998,0.0481,0.0495,0.04919333333333333,47555318.0,0,coinbase
1725840000,0.0495,0.05163,0.04939,0.05105,0.05068999999999999,59673063.0,0,coinbase
1725926400,0.05107,0.05122,0.05005,0.0509,0.050723333333333336,38209488.3,0,coinbase
1726012800,0.0509,0.0509,0.0487,0.05001,0.04987,45114595.5,0,coinbase
1726099200,0.05002,0.05098,0.04979,0.05061,0.050460000000000005,40893309.7,0,coinbase
1726185600,0.05061,0.05293,0.05037,0.05241,0.051903333333333336,66322889.9,0,coinbase
1726272000,0.05241,0.05294,0.0512,0.05167,0.051936666666666666,35662621.6,0,coinbase
1726358400,0.05167,0.05202,0.04967,0.0501,0.05059666666666667,48699276.7,0,coinbase
1726444800,0.05009,0.05069,0.04915,0.04951,0.049783333333333325,50025419.6,0,coinbase
1726531200,0.04953,0.05084,0.04902,0.04992,0.04992666666666667,71744588.5,0,coinbase
1726617600,0.04993,0.05078,0.04841,0.05074,0.04997666666666667,71631404.1,0,coinbase
1726704000,0.05075,0.0534,0.05075,0.05166,0.051936666666666666,145106596.0,0,coinbase
1726790400,0.05169,0.0537,0.05091,0.05287,0.052493333333333336,120692552.5,0,coinbase
1726876800,0.05288,0.05614,0.05246,0.0561,0.054900000000000004,142745051.1,0,coinbase
1726963200,0.05611,0.05611,0.05214,0.05378,0.05401,82800528.5,0,coinbase
1727049600,0.05378,0.05805,0.05261,0.05791,0.05619,157858050.0,0,coinbase
1727136000,0.0579,0.05811,0.05569,0.05773,0.057176666666666674,137913845.4,0,coinbase
1727222400,0.05774,0.06045,0.05727,0.0585,0.058739999999999994,177264469.9,0,coinbase
1727308800,0.05846,0.06218,0.05691,0.06173,0.06027333333333334,133584566.1,0,coinbase
1727395200,0.06173,0.06288,0.06054,0.06188,0.061766666666666664,116596890.6,0,coinbase
1727481600,0.06186,0.06385,0.06012,0.0612,0.06172333333333333,98108240.6,0,coinbase
1727568000,0.0612,0.06252,0.05973,0.06147,0.061239999999999996,107553145.4,0,coinbase
1727654400,0.06146,0.06172,0.05705,0.05744,0.05873666666666666,171425945.4,0,coinbase
1727740800,0.0574,0.05938,0.05191,0.05282,0.05470333333333333,215459567.4,0,coinbase
1727827200,0.05278,0.05478,0.05074,0.05162,0.05238,167247194.9,0,coinbase
1727913600,0.05163,0.05247,0.05001,0.05174,0.05140666666666666,201902081.5,0,coinbase
1728000000,0.0517,0.0549,0.05144,0.05477,0.053703333333333325,133415041.9,0,coinbase
1728086400,0.0548,0.05512,0.05229,0.05309,0.0535,73847358.6,0,coinbase
1728172800,0.05311,0.0543,0.0523,0.05429,0.053630000000000004,47525803.3,0,coinbase
1728259200,0.05431,0.0556,0.05238,0.05241,0.05346333333333333,118597136.8,0,coinbase
1728345600,0.05247,0.0532,0.05131,0.05232,0.052276666666666666,84213382.9,0,coinbase
1728432000,0.05235,0.05297,0.04995,0.05021,0.051043333333333336,119406626.0,0,coinbase
1728518400,0.05018,0.05073,0.04905,0.05032,0.05003333333333334,105766665.8,0,coinbase
1728604800,0.05033,0.05192,0.04997,0.0514,0.05109666666666667,85272746.5,0,coinbase
1728691200,0.05139,0.052,0.05101,0.05157,0.051526666666666665,50593311.7,0,coinbase
1728777600,0.05154,0.05157,0.04967,0.05124,0.050826666666666666,64508929.6,0,coinbase
1728864000,0.05126,0.05374,0.05044,0.05346,0.052546666666666665,111245064.0,0,coinbase
1728950400,0.05346,0.05857,0.05308,0.05612,0.05592333333333333,274443596.0,0,coinbase
1729036800,0.05612,0.05804,0.0534,0.05344,0.05496000000000001,179713612.7,0,coinbase
1729123200,0.05348,0.054,0.05028,0.05113,0.05180333333333333,134299315.6,0,coinbase
1729209600,0.05108,0.05277,0.05058,0.05177,0.05170666666666666,79974525.4,0,coinbase
1729296000,0.05179,0.05405,0.05179,0.0534,0.053079999999999995,101540297.7,0,coinbase
1729382400,0.05341,0.05636,0.05191,0.0559,0.05472333333333334,127989823.0,0,coinbase
1729468800,0.05593,0.05652,0.05282,0.05285,0.05406333333333333,137580774.0,0,coinbase
1729555200,0.05285,0.05362,0.0513,0.05255,0.05249,84747463.0,0,coinbase
1729641600,0.05253,0.05264,0.04992,0.05132,0.05129333333333333,70936907.8,0,coinbase
1729728000,0.05132,0.05203,0.05024,0.05113,0.051133333333333336,50027575.1,0,coinbase
1729814400,0.05113,0.05213,0.0455,0.04781,0.048479999999999995,127805224.9,0,coinbase
1729900800,0.0477,0.04844,0.047,0.04819,0.04787666666666666,86564009.4,0,coinbase
1729987200,0.0482,0.04959,0.0476,0.04884,0.04867666666666667,41615085.0,0,coinbase
1730073600,0.04885,0.04953,0.0471,0.0488,0.04847666666666667,96892379.8,0,coinbase
1730160000,0.04882,0.05062,0.04858,0.04968,0.04962666666666667,111031727.0,0,coinbase
1730246400,0.04969,0.04969,0.04807,0.04857,0.04877666666666667,82911192.8,0,coinbase
1730332800,0.04863,0.04873,0.04563,0.04626,0.04687333333333333,106867013.7,0,coinbase
1730419200,0.04627,0.047,0.04509,0.0456,0.04589666666666667,83821565.5,0,coinbase
1730505600,0.04559,0.04607,0.04459,0.04495,0.045203333333333325,53722983.7,0,coinbase
1730592000,0.04502,0.04512,0.04155,0.04285,0.043173333333333334,104753838.8,0,coinbase
1730678400,0.04288,0.04354,0.04172,0.04252,0.04259333333333334,85624533.7,0,coinbase
1730764800,0.0425,0.0463,0.04246,0.04611,0.044956666666666666,110891220.5,0,coinbase
1730851200,0.0461,0.05012,0.0461,0.049,0.048406666666666674,185785445.4,0,coinbase
1730937600,0.04901,0.04981,0.0478,0.04925,0.04895333333333333,97720853.4,0,coinbase
1731024000,0.0493,0.053,0.0483,0.05218,0.051160000000000004,175487794.9,0,coinbase
1731110400,0.05218,0.05308,0.05014,0.05278,0.052,82334415.3,0,coinbase
1731196800,0.05279,0.05766,0.05221,0.05493,0.054933333333333334,195944243.7,0,coinbase
1731283200,0.05493,0.05868,0.05361,0.05841,0.0569,198478868.1,0,coinbase
1731369600,0.05842,0.078,0.0531,0.06471,0.06527,683812265.7,0,coinbase
1731456000,0.06472,0.06493,0.05559,0.05956,0.06002666666666667,380778476.2,0,coinbase
1731542400,0.05956,0.0685,0.05856,0.06389,0.06365,540299547.3,0,coinbase
1731628800,0.06387,0.07458,0.06276,0.07246,0.06993333333333333,761020090.6,0,coinbase
1731715200,0.07245,0.09652,0.07145,0.09022,0.08606333333333334,1371964429.8,0,coinbase
1731801600,0.09028,0.09431,0.08294,0.09022,0.08915666666666666,525173515.1,0,coinbase
1731888000,0.0902,0.15,0.0866,0.1443,0.12696666666666667,2162636137.9,0,coinbase
1731974400,0.14432,0.15761,0.12811,0.13332,0.13968,1669421505.3,0,coinbase
1732060800,0.13334,0.13491,0.11659,0.12182,0.12444,835112721.0,0,coinbase
1732147200,0.12187,0.13848,0.11831,0.12687,0.12788666666666668,943177764.3,0,coinbase
1732233600,0.12681,0.1559,0.12182,0.14708,0.1416,1186218824.7,0,coinbase
1732320000,0.14702,0.17,0.14462,0.15456,0.15639333333333336,1274809660.4,0,coinbase
1732406400,0.15456,0.16848,0.13586,0.14716,0.1505,790828222.9,0,coinbase
1732492800,0.14716,0.14826,0.13121,0.13486,0.13810999999999998,520445355.7,0,coinbase
1732579200,0.13486,0.14055,0.12578,0.13922,0.13518333333333335,413536521.9,0,coinbase
1732665600,0.13926,0.14758,0.13249,0.14204,0.14070333333333332,304117133.4,0,coinbase
1732752000,0.14192,0.15007,0.13666,0.14481,0.14384666666666668,234294831.6,0,coinbase
1732838400,0.14475,0.1885,0.14342,0.17793,0.16995000000000002,740152358.3,0,coinbase
1732924800,0.17804,0.18621,0.16372,0.17037,0.17343333333333333,550929084.9,0,coinbase
1733011200,0.1705,0.22106,0.16416,0.20868,0.19796666666666665,1004287991.0,0,coinbase
1733097600,0.2087,0.32616,0.20741,0.31165,0.28174,1875807761.8,0,coinbase
1733184000,0.31161,0.392,0.3,0.31468,0.33556,1852135667.3,0,coinbase
1733270400,0.31504,0.33668,0.27499,0.28818,0.29995,1105257857.0,0,coinbase
1733356800,0.28814,0.31156,0.28,0.29237,0.29464333333333337,866830202.1,0,coinbase
1733443200,0.29232,0.385,0.27553,0.36801,0.3428466666666667,844009765.9,0,coinbase
1733529600,0.36788,0.3742,0.32001,0.3325,0.3422366666666667,618142373.1,0,coinbase
1733616000,0.33236,0.34245,0.32444,0.33316,0.33335,350958946.5,0,coinbase
1733702400,0.33321,0.3359,0.23337,0.28031,0.28319333333333335,705561058.2,0,coinbase
1733788800,0.28031,0.30344,0.25238,0.29028,0.2820333333333333,828792845.6,0,coinbase
1733875200,0.29021,0.31081,0.27102,0.29913,0.2936533333333333,559680463.2,0,coinbase
1733961600,0.29924,0.31446,0.28551,0.29153,0.29716666666666663,530535340.6,0,coinbase
1734048000,0.29155,0.33098,0.289,0.31459,0.3115233333333333,457654492.4,0,coinbase
1734134400,0.31455,0.31553,0.28852,0.29432,0.29945666666666665,221895446.4,0,coinbase
1734220800,0.2943,0.298,0.28302,0.29605,0.29235666666666665,199007909.0,0,coinbase
1734307200,0.29607,0.29895,0.274,0.28248,0.28514333333333336,287183670.1,0,coinbase
1734393600,0.28259,0.299,0.275,0.28471,0.2862366666666667,353726953.0,0,coinbase
1734480000,0.28473,0.31154,0.2697,0.27245,0.28456333333333333,556655202.0,0,coinbase
1734566400,0.27228,0.30119,0.25341,0.26748,0.27402666666666664,701199578.0,0,coinbase
1734652800,0.26752,0.2863,0.23178,0.27084,0.26297333333333334,810233196.1,0,coinbase
1734739200,0.27089,0.28285,0.24953,0.25381,0.2620633333333333,402991087.7,0,coinbase
1734825600,0.25385,0.2727,0.24351,0.26537,0.2605266666666667,407475871.7,0,coinbase
1734912000,0.26541,0.29241,0.25554,0.29135,0.27976666666666666,533016068.9,0,coinbase
1734998400,0.29136,0.33919,0.28108,0.32859,0.31628666666666666,717825025.5,0,coinbase
1735084800,0.32864,0.33507,0.3055,0.31294,0.31783666666666666,315753017.3,0,coinbase
1735171200,0.31304,0.31741,0.2824,0.28429,0.29469999999999996,310801115.8,0,coinbase
1735257600,0.28427,0.29648,0.273,0.27636,0.2819466666666666,354500227.4,0,coinbase
1735344000,0.27638,0.3021,0.27166,0.29385,0.2892033333333333,273528230.7,0,coinbase
1735430400,0.29385,0.304,0.27451,0.27836,0.28562333333333334,246793958.5,0,coinbase
1735516800,0.27832,0.29036,0.26528,0.27801,0.2778833333333333,348171842.6,0,coinbase
1735603200,0.2781,0.28228,0.26637,0.26839,0.2723466666666667,215801098.1,0,coinbase
1735689600,0.26844,0.29985,0.26371,0.29424,0.2859333333333334,354798066.2,0,coinbase
1735776000,0.29424,0.3085,0.28457,0.2919,0.29499000000000003,255946651.6,0,coinbase
1735862400,0.29189,0.32396,0.29166,0.3136,0.30974,425826921.2,0,coinbase
1735948800,0.31352,0.32,0.30158,0.30588,0.30915333333333334,229225418.3,0,coinbase
1736035200,0.30589,0.31266,0.2959,0.30135,0.3033033333333333,171075598.3,0,coinbase
1736121600,0.30138,0.31847,0.296,0.30828,0.3075833333333333,259447794.9,0,coinbase
1736208000,0.30829,0.32996,0.28802,0.28916,0.30238,435950317.2,0,coinbase
1736294400,0.28914,0.2958,0.26615,0.28492,0.28229,380863574.9,0,coinbase
1736380800,0.28501,0.2851,0.26238,0.26879,0.27209,317943433.3,0,coinbase
1736467200,0.26875,0.28544,0.26683,0.28164,0.27797,288436062.4,0,coinbase
1736553600,0.28162,0.29636,0.27516,0.292,0.28784000000000004,228316501.9,0,coinbase
1736640000,0.29204,0.29224,0.273,0.278,0.28108,181827562.6,0,coinbase
1736726400,0.278,0.28877,0.25559,0.27511,0.27315666666666666,376212019.3,0,coinbase
1736812800,0.27511,0.29313,0.27246,0.28705,0.2842133333333334,255757175.8,0,coinbase
1736899200,0.28699,0.32816,0.28578,0.32235,0.31209666666666663,493227700.3,0,coinbase
1736985600,0.32243,0.38682,0.30564,0.36284,0.3517666666666667,1043632663.6,0,coinbase
1737072000,0.36301,0.401,0.36144,0.37477,0.37907,643189851.9,0,coinbase
1737158400,0.37471,0.38488,0.34028,0.3544,0.35985333333333336,445253727.9,0,coinbase
1737244800,0.35443,0.37095,0.31713,0.326,0.3380266666666667,549218509.4,0,coinbase
1737331200,0.32586,0.37357,0.31871,0.34177,0.3446833333333334,608548486.9,0,coinbase
1737417600,0.34176,0.34857,0.32503,0.33786,0.33715333333333336,304282768.2,0,coinbase
1737504000,0.33781,0.33819,0.32066,0.32589,0.32824666666666663,210388089.6,0,coinbase
1737590400,0.32595,0.33547,0.31205,0.3281,0.32520666666666664,360847603.8,0,coinbase
1737676800,0.32814,0.351,0.3146,0.32696,0.3308533333333333,312990286.2,0,coinbase
1737763200,0.32684,0.33895,0.32549,0.33225,0.33222999999999997,159029474.4,0,coinbase
1737849600,0.3322,0.35437,0.32254,0.32287,0.33326,282788323.2,0,coinbase
1737936000,0.32293,0.3266,0.291,0.31467,0.3107566666666666,428084251.6,0,coinbase
1738022400,0.31472,0.32298,0.295,0.29887,0.30561666666666665,294949560.4,0,coinbase
1738108800,0.29892,0.31825,0.29383,0.30886,0.30698,275692876.5,0,coinbase
1738195200,0.30884,0.32419,0.30626,0.316,0.31548333333333334,210712320.6,0,coinbase
1738281600,0.31607,0.32014,0.30179,0.30662,0.30951666666666666,174934133.5,0,coinbase
1738368000,0.30657,0.31227,0.28144,0.28499,0.2929,176661605.5,0,coinbase
1738454400,0.28506,0.29409,0.23686,0.25317,0.26137333333333335,455219041.4,0,coinbase
1738540800,0.25323,0.28275,0.17974,0.27522,0.24590333333333336,1013032391.8,0,coinbase
1738627200,0.27518,0.27864,0.24266,0.25017,0.25715666666666664,483163814.2,0,coinbase
1738713600,0.25016,0.25844,0.23568,0.23863,0.24425,238573975.1,0,coinbase
1738800000,0.23854,0.24995,0.22641,0.22866,0.23500666666666667,289061357.4,0,coinbase
1738886400,0.22865,0.24808,0.22629,0.23281,0.23572666666666664,273525882.7,0,coinbase
1738972800,0.23267,0.23637,0.2254,0.23421,0.23199333333333336,139449814.5,0,coinbase
1739059200,0.23414,0.24322,0.21943,0.22919,0.23061333333333334,161398501.9,0,coinbase
1739145600,0.22915,0.24408,0.22361,0.23191,0.2332,193620124.7,0,coinbase
1739232000,0.23197,0.24891,0.22634,0.22876,0.23467000000000002,205860095.1,0,coinbase
1739318400,0.22868,0.23826,0.2135,0.23526,0.22900666666666666,282903340.1,0,coinbase
1739404800,0.23526,0.23681,0.21826,0.22549,0.22685333333333332,196297787.8,0,coinbase
1739491200,0.22558,0.24003,0.22358,0.23084,0.23148333333333335,239983386.7,0,coinbase
1739577600,0.23082,0.23882,0.22603,0.22932,0.23138999999999998,149732925.7,0,coinbase
1739664000,0.22928,0.23045,0.21809,0.22009,0.2228766666666667,130689173.8,0,coinbase
1739750400,0.22007,0.22501,0.20924,0.21244,0.21556333333333333,154597713.2,0,coinbase
1739836800,0.21245,0.21458,0.19474,0.20689,0.20540333333333335,214149939.1,0,coinbase
1739923200,0.20698,0.21799,0.20357,0.21577,0.21244333333333332,142886588.1,0,coinbase
1740009600,0.21582,0.22636,0.21497,0.22215,0.22116,156696172.5,0,coinbase
1740096000,0.22214,0.2302,0.20502,0.21432,0.21651333333333334,193785494.1,0,coinbase
1740182400,0.21433,0.22272,0.21176,0.21648,0.21698666666666666,119588121.9,0,coinbase
1740268800,0.21644,0.21763,0.20778,0.21117,0.21219333333333332,73051026.7,0,coinbase
1740355200,0.21119,0.22718,0.1953,0.19647,0.20631666666666668,374147094.5,0,coinbase
1740441600,0.19648,0.20118,0.17551,0.1982,0.19162999999999997,469671494.4,0,coinbase
1740528000,0.19823,0.20156,0.18713,0.1959,0.1948633333333333,273934214.6,0,coinbase
1740614400,0.19589,0.20585,0.19355,0.19951,0.19963666666666666,196202528.0,0,coinbase
1740700800,0.19961,0.2166,0.17976,0.21344,0.20326666666666668,364775926.0,0,coinbase
1740787200,0.21344,0.265,0.21122,0.25265,0.24295666666666663,627892318.4,0,coinbase
1740873600,0.25257,0.28528,0.24201,0.26411,0.26380000000000003,592385229.8,0,coinbase
1740960000,0.2641,0.28777,0.22,0.22321,0.24366000000000002,482978400.1,0,coinbase
1741046400,0.2232,0.24771,0.22018,0.24137,0.23642,529027073.4,0,coinbase
1741132800,0.24126,0.26511,0.23946,0.24918,0.25125,362947733.3,0,coinbase
1741219200,0.24917,0.25582,0.23441,0.23771,0.24264666666666668,212661103.2,0,coinbase
1741305600,0.23769,0.25802,0.2242,0.23251,0.23824333333333336,395473259.8,0,coinbase
1741392000,0.23246,0.23579,0.22259,0.22691,0.22843,153095812.9,0,coinbase
1741478400,0.22692,0.23143,0.19806,0.19936,0.20961666666666667,233271362.6,0,coinbase
1741564800,0.19935,0.21829,0.18798,0.18936,0.19854333333333332,332031592.5,0,coinbase
1741651200,0.18937,0.20441,0.17884,0.19713,0.19346,499329357.7,0,coinbase
1741737600,0.19718,0.21549,0.19195,0.20087,0.20277,422210024.4,0,coinbase
1741824000,0.20084,0.20313,0.18409,0.18929,0.19217000000000004,276496625.5,0,coinbase
1741910400,0.18932,0.19887,0.18775,0.19099,0.19253666666666666,204966571.7,0,coinbase
1741996800,0.19111,0.19737,0.19017,0.1928,0.19344666666666666,139539241.4,0,coinbase
1742083200,0.19285,0.19505,0.1819,0.18479,0.18724666666666667,200262642.2,0,coinbase
1742169600,0.1848,0.19589,0.18432,0.19151,0.19057333333333334,178235070.9,0,coinbase
1742256000,0.19145,0.19174,0.18216,0.18839,0.18742999999999999,111269655.6,0,coinbase
1742342400,0.18845,0.19854,0.18609,0.19755,0.19406,191671396.0,0,coinbase
1742428800,0.19758,0.19941,0.18738,0.18991,0.19223333333333334,140278155.6,0,coinbase
1742515200,0.18991,0.19151,0.18201,0.18454,0.18602,87772119.3,0,coinbase
1742601600,0.18457,0.18625,0.18135,0.18268,0.1834266666666667,68350288.2,0,coinbase
1742688000,0.1827,0.186,0.17969,0.18594,0.18387666666666666,76602482.4,0,coinbase
1742774400,0.18594,0.19575,0.18385,0.19314,0.19091333333333335,135539040.0,0,coinbase
1742860800,0.19314,0.20145,0.19121,0.19473,0.19579666666666665,143880197.4,0,coinbase
1742947200,0.19471,0.20099,0.18913,0.19177,0.19396333333333335,130071195.8,0,coinbase
1743033600,0.19182,0.19714,0.18766,0.19354,0.19278000000000003,104318167.1,0,coinbase
1743120000,0.19356,0.1947,0.17973,0.18226,0.18556333333333333,124558326.7,0,coinbase
1743206400,0.18216,0.18346,0.16655,0.17202,0.17401,174563970.9,0,coinbase
1743292800,0.17205,0.1755,0.16652,0.16767,0.16989666666666667,103385866.3,0,coinbase
1743379200,0.16769,0.16821,0.1563,0.1631,0.16253666666666666,218855061.9,0,coinbase
1743465600,0.16308,0.17606,0.16177,0.17019,0.16933999999999996,156952564.7,0,coinbase
1743552000,0.17025,0.18102,0.15782,0.16133,0.16672333333333333,232597659.3,0,coinbase
1743638400,0.16131,0.17073,0.15274,0.16257,0.16201333333333331,199744598.3,0,coinbase
1743724800,0.16261,0.16798,0.15704,0.16424,0.16308666666666666,213099846.7,0,coinbase
1743811200,0.16424,0.16535,0.15873,0.16201,0.16203,70911560.1,0,coinbase
1743897600,0.16205,0.16285,0.13545,0.14,0.1461,243787177.8,0,coinbase
1743984000,0.14001,0.15497,0.12472,0.15249,0.14406,522626945.4,0,coinbase
1744070400,0.15247,0.16719,0.1452,0.14596,0.15278333333333335,388413019.7,0,coinbase
1744156800,0.14598,0.17976,0.1423,0.16871,0.16359,543696095.7,0,coinbase
1744243200,0.16871,0.17815,0.16341,0.16777,0.16977666666666666,256684098.5,0,coinbase
1744329600,0.16774,0.17648,0.16467,0.16745,0.1695333333333333,268829211.3,0,coinbase
1744416000,0.16749,0.17825,0.165,0.17702,0.17342333333333335,168646227.1,0,coinbase
1744502400,0.17705,0.17744,0.1631,0.16522,0.16858666666666666,136743313.1,0,coinbase
1744588800,0.16524,0.17278,0.16247,0.16523,0.16682666666666668,160071357.1,0,coinbase
1744675200,0.16522,0.16825,0.15661,0.15702,0.16062666666666667,101816108.6,0,coinbase
1744761600,0.15696,0.16095,0.15406,0.15747,0.15749333333333335,128547013.6,0,coinbase
1744848000,0.15748,0.16593,0.15622,0.16304,0.16173,112729160.6,0,coinbase
1744934400,0.16304,0.16663,0.16193,0.16515,0.16457,76777017.7,0,coinbase
1745020800,0.16515,0.16781,0.16434,0.16695,0.16636666666666666,52637125.5,0,coinbase
1745107200,0.16696,0.16882,0.16084,0.16604,0.16523333333333334,72503733.4,0,coinbase
1745193600,0.16603,0.17404,0.16603,0.1692,0.16975666666666667,154998979.3,0,coinbase
1745280000,0.16921,0.1825,0.16762,0.18144,0.1771866666666667,154279559.6,0,coinbase
1745366400,0.1814,0.18999,0.1775,0.18049,0.18266000000000002,224334690.4,0,coinbase
1745452800,0.18044,0.18926,0.17565,0.18846,0.18445666666666669,226960397.5,0,coinbase
1745539200,0.18847,0.20249,0.18405,0.19266,0.19306666666666664,261727104.6,0,coinbase
1745625600,0.19269,0.19815,0.19001,0.19164,0.19326666666666667,92498516.2,0,coinbase
1745712000,0.19167,0.19414,0.185,0.19039,0.18984333333333336,117078867.7,0,coinbase
1745798400,0.19039,0.19927,0.18559,0.19083,0.1918966666666667,172534019.7,0,coinbase
1745884800,0.19086,0.19197,0.18352,0.18616,0.18721666666666667,105654057.9,0,coinbase
1745971200,0.18608,0.18865,0.17589,0.18211,0.18221666666666667,159777660.7,0,coinbase
1746057600,0.18211,0.19198,0.18128,0.18604,0.18643333333333334,116182709.8,0,coinbase
1746144000,0.18602,0.19064,0.18387,0.18707,0.18719333333333332,104720479.6,0,coinbase
1746230400,0.18711,0.1875,0.1791,0.18028,0.18229333333333334,67595553.2,0,coinbase
1746316800,0.18025,0.1849,0.17482,0.1761,0.1786066666666667,80536076.0,0,coinbase
1746403200,0.1761,0.1784,0.17173,0.17348,0.17453666666666667,95775541.8,0,coinbase
1746489600,0.17348,0.17757,0.16912,0.17711,0.1746,133735475.9,0,coinbase
1746576000,0.17714,0.17824,0.1726,0.17575,0.17553,71182597.9,0,coinbase
1746662400,0.17577,0.19708,0.17497,0.19528,0.18911,158858778.8,0,coinbase
1746748800,0.19524,0.20655,0.19273,0.20252,0.2006,228592220.6,0,coinbase
1746835200,0.20251,0.21979,0.20036,0.21919,0.21311333333333335,181994369.9,0,coinbase
1746921600,0.21915,0.2208,0.20104,0.20693,0.20959000000000003,144237855.3,0,coinbase
1747008000,0.20693,0.23,0.20462,0.21504,0.21655333333333335,350799786.7,0,coinbase
1747094400,0.21507,0.21863,0.20072,0.21616,0.21183666666666667,204432878.5,0,coinbase
1747180800,0.21621,0.21685,0.20375,0.20614,0.2089133333333333,123288808.0,0,coinbase
1747267200,0.20615,0.20788,0.19337,0.19811,0.19978666666666667,134066373.5,0,coinbase
1747353600,0.19813,0.20196,0.19383,0.19562,0.19713666666666665,97416262.0,0,coinbase
1747440000,0.19565,0.19598,0.18704,0.19109,0.19137,77691873.2,0,coinbase
1747526400,0.19118,0.201,0.18687,0.19694,0.19493666666666667,101053133.9,0,coinbase
1747612800,0.19696,0.19793,0.18446,0.19402,0.19213666666666665,101364667.3,0,coinbase
1747699200,0.19404,0.19853,0.19035,0.19497,0.19461666666666666,88738828.8,0,coinbase
1747785600,0.19497,0.2025,0.19235,0.19809,0.19764666666666666,128271061.0,0,coinbase
1747872000,0.19813,0.20647,0.19729,0.20471,0.20282333333333336,125656200.5,0,coinbase
1747958400,0.20471,0.20935,0.18887,0.19058,0.19626666666666667,143701955.9,0,coinbase
1748044800,0.19051,0.19372,0.18704,0.18851,0.18975666666666666,49836685.3,0,coinbase
1748131200,0.18844,0.19039,0.18063,0.18813,0.18638333333333335,61443725.5,0,coinbase
1748217600,0.18821,0.19333,0.18426,0.18597,0.18785333333333332,57485091.0,0,coinbase
1748304000,0.18602,0.19205,0.18223,0.18732,0.1872,77750074.5,0,coinbase
1748390400,0.18737,0.18855,0.18123,0.18608,0.18528666666666668,60868058.7,0,coinbase
1748476800,0.18609,0.19074,0.17874,0.17967,0.18305000000000002,105927146.6,0,coinbase
1748563200,0.17967,0.18063,0.16519,0.16738,0.17106666666666667,151705208.2,0,coinbase
1748649600,0.16737,0.17063,0.16103,0.16755,0.16640333333333335,111906330.1,0,coinbase
1748736000,0.16756,0.16985,0.16406,0.16882,0.16757666666666668,53425641.8,0,coinbase
1748822400,0.16884,0.17275,0.1666,0.17148,0.17027666666666666,66741953.6,0,coinbase
1748908800,0.17152,0.17562,0.17104,0.17197,0.17287666666666665,56867677.6,0,coinbase
1748995200,0.17197,0.174,0.16635,0.16715,0.16916666666666666,49281381.1,0,coinbase
1749081600,0.16719,0.16983,0.15601,0.1595,0.16178,97766319.7,0,coinbase
1749168000,0.15953,0.16921,0.15861,0.16456,0.16412666666666667,63352247.8,0,coinbase
1749254400,0.16458,0.17261,0.16392,0.16884,0.16845666666666667,47697037.1,0,coinbase
1749340800,0.16884,0.17226,0.16661,0.16939,0.16942000000000002,41700533.1,0,coinbase
1749427200,0.16934,0.179,0.16773,0.17798,0.17490333333333333,100362017.6,0,coinbase
1749513600,0.17796,0.18401,0.17606,0.18008,0.18005000000000002,70856101.5,0,coinbase
1749600000,0.18009,0.18194,0.17105,0.17293,0.1753066666666667,115665650.9,0,coinbase
1749686400,0.17293,0.17321,0.1621,0.16297,0.16609333333333334,99653731.4,0,coinbase
1749772800,0.16295,0.163,0.15016,0.15909,0.15741666666666668,192645339.7,0,coinbase
1749859200,0.15911,0.15992,0.15129,0.15503,0.15541333333333332,77746782.8,0,coinbase
1749945600,0.15509,0.15607,0.15074,0.15446,0.15375666666666668,96488178.7,0,coinbase
1750032000,0.15444,0.16346,0.15312,0.15354,0.15670666666666666,132161893.8,0,coinbase
1750118400,0.1535,0.15724,0.14678,0.14864,0.15088666666666664,144435864.4,0,coinbase
1750204800,0.14866,0.15223,0.14386,0.14797,0.14801999999999998,103603324.0,0,coinbase
1750291200,0.14795,0.14969,0.14449,0.14778,0.14732,83448902.5,0,coinbase
1750377600,0.14779,0.15154,0.14087,0.14462,0.14567666666666668,92059621.7,0,coinbase
1750464000,0.14464,0.1464,0.13374,0.13804,0.13939333333333334,121983066.1,0,coinbase
1750550400,0.13809,0.13992,0.12603,0.13366,0.13320333333333334,256119313.9,0,coinbase
1750636800,0.13366,0.15238,0.13315,0.15165,0.14572666666666664,180990400.5,0,coinbase
1750723200,0.15172,0.15643,0.15068,0.15406,0.15372333333333332,110758297.1,0,coinbase
1750809600,0.15404,0.15626,0.14906,0.14994,0.15175333333333332,98713133.5,0,coinbase
1750896000,0.14996,0.15274,0.14201,0.1429,0.14588333333333334,115559997.0,0,coinbase
1750982400,0.14289,0.14804,0.14154,0.14604,0.14520666666666668,98583035.9,0,coinbase
1751068800,0.14607,0.14884,0.14521,0.14783,0.14729333333333336,51757114.6,0,coinbase
1751155200,0.14782,0.15413,0.14667,0.15273,0.15117666666666665,47041150.7,0,coinbase
1751241600,0.15275,0.15355,0.14738,0.15008,0.15033666666666667,89969638.7,0,coinbase
1751328000,0.15009,0.15168,0.1429,0.14478,0.14645333333333332,66316938.1,0,coinbase
1751414400,0.14476,0.15932,0.1431,0.1554,0.15260666666666667,104391255.8,0,coinbase
1751500800,0.1554,0.16289,0.15489,0.15906,0.15894666666666668,99733309.3,0,coinbase
1751587200,0.15911,0.16281,0.15181,0.15307,0.15589666666666668,70706593.1,0,coinbase
1751673600,0.15309,0.15678,0.1526,0.15426,0.15454666666666667,50526008.6,0,coinbase
1751760000,0.15428,0.16161,0.15225,0.15933,0.15773,69069547.9,0,coinbase
1751846400,0.15933,0.16131,0.15617,0.15844,0.15864,85396260.2,0,coinbase
1751932800,0.15845,0.16224,0.1551,0.16083,0.15939,83340096.8,0,coinbase
1752019200,0.16079,0.17361,0.15988,0.17099,0.16815999999999998,119485398.7,0,coinbase
1752105600,0.20846,0.20846,0.1776,0.19027,0.18432,3913372.82655,3201,kraken
1752192000,0.19062,0.21745,0.18898,0.19405,0.20144,12317579.24918,7347,kraken
1752278400,0.19405,0.20663,0.19031,0.19745,0.19881,4578977.5116,2683,kraken
1752364800,0.19776,0.27666,0.19658,0.24148,0.23587,25719046.35639,12682,kraken
1752451200,0.24229,0.26545,0.23322,0.23709,0.24547,20397720.7982,10212,kraken
1752537600,0.23655,0.24633,0.22333,0.23322,0.23306,12016169.5797,4755,kraken
1752624000,0.23297,0.24617,0.22901,0.23649,0.23866,9205260.07121,4771,kraken
1752710400,0.2368,0.2963,0.22893,0.27695,0.25578,21710823.7987,10840,kraken
1752796800,0.27699,0.29908,0.25361,0.25953,0.2781,18140364.67506,8096,kraken
1752883200,0.2593,0.2724,0.25696,0.26684,0.26583,5660400.68023,3142,kraken
1752969600,0.26684,0.28286,0.2643,0.27159,0.275,9935945.14191,4866,kraken
1753056000,0.2709,0.28847,0.264,0.27117,0.27909,10762936.93979,4908,kraken
1753142400,0.27116,0.27513,0.2596,0.27513,0.26845,10914436.99947,4896,kraken
1753228800,0.2748,0.27489,0.23734,0.24526,0.25649,10058484.77248,5076,kraken
1753315200,0.2448,0.25023,0.2308,0.23864,0.24237,8826564.41358,3978,kraken
1753401600,0.23928,0.26438,0.23337,0.25864,0.24895,12113948.04306,5085,kraken
1753488000,0.25778,0.29155,0.25598,0.2794,0.27463,14576857.57006,5731,kraken
1753574400,0.27932,0.30604,0.27652,0.29175,0.28803,13575053.77949,6075,kraken
1753660800,0.29184,0.29236,0.26684,0.27157,0.27969,15772317.48362,5631,kraken
1753747200,0.27142,0.27936,0.257,0.26382,0.2665,5456990.65935,3163,kraken
1753833600,0.26366,0.26474,0.246,0.25572,0.25621,6362993.04887,3477,kraken
1753920000,0.25573,0.27864,0.25026,0.25126,0.26537,12846873.95207,5567,kraken
1754006400,0.25098,0.25613,0.23706,0.24126,0.24727,9049828.24603,4743,kraken
1754092800,0.24121,0.24482,0.22556,0.23003,0.23183,8072351.94675,3592,kraken
1754179200,0.23015,0.25104,0.22695,0.24862,0.24529,9464768.59351,3920,kraken
1754265600,0.24902,0.25688,0.24563,0.25069,0.25122,7097169.28295,3164,kraken
1754352000,0.25068,0.25231,0.23566,0.23937,0.24431,6107480.20106,3064,kraken
1754438400,0.23904,0.24974,0.23319,0.24487,0.24071,7029868.89493,2978,kraken
1754524800,0.24471,0.26081,0.242,0.2599,0.25092,8135144.15876,3605,kraken
1754611200,0.25994,0.26793,0.25506,0.26174,0.2622,6548571.44979,3485,kraken
1754697600,0.2617,0.27037,0.26072,0.2661,0.26459,9217142.30393,3417,kraken
1754784000,0.26662,0.27176,0.25452,0.25937,0.26084,5838177.95873,2720,kraken
1754870400,0.25935,0.2697,0.2435,0.24691,0.25536,7713173.50215,3663,kraken
1754956800,0.24721,0.26589,0.24495,0.2609,0.25592,6382969.02994,3400,kraken
1755043200,0.2607,0.26769,0.25617,0.26602,0.2631,5907933.3194,3601,kraken
1755129600,0.26624,0.27609,0.24421,0.24882,0.25981,11587703.17553,6287,kraken
1755216000,0.24884,0.25845,0.24078,0.24772,0.24774,8256453.59224,4366,kraken
1755302400,0.24758,0.25496,0.2455,0.25239,0.24969,5776779.03382,2418,kraken
1755388800,0.2523,0.2602,0.25059,0.25224,0.25474,5141343.01125,2803,kraken
1755475200,0.25221,0.25293,0.23877,0.24497,0.24684,12561633.27716,5015,kraken
1755561600,0.24497,0.24723,0.2306,0.23124,0.23734,4479388.57694,3285,kraken
1755648000,0.23169,0.24277,0.22941,0.2417,0.23637,5651920.78026,3435,kraken
1755734400,0.24178,0.2432,0.23245,0.23544,0.23681,3493141.19096,2854,kraken
1755820800,0.23549,0.25867,0.22808,0.25669,0.24704,9552536.40686,5409,kraken
1755907200,0.25692,0.25692,0.2434,0.25336,0.25054,7413751.28875,3495,kraken
1755993600,0.2535,0.26062,0.2433,0.24782,0.25076,6545914.63509,4198,kraken
1756080000,0.24876,0.25063,0.227,0.23079,0.23766,6520006.97734,4431,kraken
1756166400,0.23064,0.245,0.23008,0.24175,0.23808,4501782.61869,3039,kraken
1756252800,0.24166,0.24349,0.2373,0.23749,0.24079,5193631.18564,2949,kraken
1756339200,0.23744,0.2418,0.23551,0.23923,0.23876,3884540.6921,2804,kraken
1756425600,0.23924,0.2402,0.22356,0.22799,0.22923,6136967.3301,4659,kraken
1756512000,0.2279,0.22933,0.22026,0.22601,0.22497,6092343.73044,3131,kraken
1756598400,0.22599,0.22863,0.21799,0.21878,0.22297,5828339.61061,2986,kraken
1756684800,0.21877,0.22349,0.21091,0.21445,0.21546,9194224.29211,5118,kraken
1756771200,0.21452,0.22069,0.21145,0.22059,0.21686,3929254.31851,2962,kraken
1756857600,0.22064,0.22341,0.21794,0.21941,0.22101,4451887.34174,2500,kraken
1756944000,0.21995,0.22018,0.21075,0.21353,0.21425,5097553.91358,2987,kraken
1757030400,0.21357,0.22451,0.21257,0.21844,0.21994,9531509.96985,4170,kraken
1757116800,0.21843,0.21974,0.21357,0.21461,0.21549,3401277.2634,2074,kraken
1757203200,0.21467,0.22152,0.21458,0.21951,0.21892,5817123.01707,2264,kraken
1757289600,0.21962,0.22784,0.21816,0.22644,0.22472,4432391.38835,2593,kraken
1757376000,0.22638,0.23493,0.22394,0.22808,0.22864,5409273.36376,2883,kraken
1757462400,0.22819,0.23679,0.22683,0.23438,0.23258,4196753.18037,2797,kraken
1757548800,0.23436,0.24132,0.23353,0.23987,0.23646,5520783.52827,3843,kraken
1757635200,0.23987,0.24582,0.23825,0.24575,0.24189,9823614.32846,4533,kraken
1757721600,0.24575,0.25477,0.24401,0.24835,0.24883,8316374.11745,4628,kraken
1757808000,0.24834,0.24851,0.23731,0.24106,0.24155,3774385.72757,2852,kraken
1757894400,0.24089,0.2433,0.23025,0.23717,0.23446,8475271.89083,3717,kraken
1757980800,0.23711,0.23998,0.23165,0.23814,0.23686,3491381.42784,2649,kraken
1758067200,0.23814,0.24557,0.23296,0.24294,0.23704,5390281.36018,3562,kraken
1758153600,0.24298,0.25212,0.24183,0.24626,0.24652,5392061.07118,3820,kraken
1758240000,0.24627,0.25,0.23634,0.23892,0.24177,2770625.51026,2720,kraken
1758326400,0.23912,0.24696,0.23824,0.24204,0.24275,2417219.05813,1995,kraken
1758412800,0.24207,0.24303,0.2336,0.23419,0.23679,3752470.62532,2281,kraken
1758499200,0.23419,0.23496,0.21075,0.22249,0.22107,9112975.48768,5269,kraken
1758585600,0.22249,0.22534,0.21855,0.21904,0.22213,4223806.93882,2457,kraken
1758672000,0.21908,0.22614,0.21654,0.22128,0.22178,3559288.68082,2222,kraken
1758758400,0.22128,0.22188,0.20544,0.20739,0.21254,5821474.80011,3942,kraken
1758844800,0.20757,0.21648,0.20519,0.21451,0.21052,3186512.57254,2706,kraken
1758931200,0.21451,0.21523,0.21161,0.21279,0.21318,2553027.95391,1602,kraken
1759017600,0.21282,0.21687,0.20762,0.2161,0.21157,2873900.98995,1797,kraken
1759104000,0.21622,0.22008,0.2121,0.21684,0.21627,3329407.5979,2150,kraken
1759190400,0.21688,0.21778,0.2091,0.21493,0.21344,4321548.96588,1987,kraken
1759276800,0.21508,0.22422,0.21031,0.22414,0.22026,3847950.86846,2555,kraken
1759363200,0.22428,0.23044,0.22174,0.22757,0.22701,4630468.85936,2909,kraken
1759449600,0.22758,0.22974,0.22061,0.22538,0.22473,4101194.1869,2756,kraken
1759536000,0.22556,0.22627,0.21516,0.2172,0.21897,3466947.49072,1876,kraken
1759622400,0.21721,0.22663,0.21451,0.2164,0.22047,5813985.92504,3225,kraken
1759708800,0.21633,0.23365,0.21534,0.23014,0.22894,8169516.23729,3408,kraken
1759795200,0.23022,0.23103,0.21647,0.21832,0.22228,7323677.39824,3260,kraken
1759881600,0.21856,0.2222,0.21539,0.21969,0.21895,3038021.52526,2174,kraken
1759968000,0.21998,0.21998,0.20898,0.21307,0.21325,5086621.76624,3121,kraken
1760054400,0.21306,0.2388,0.08051,0.178,0.18295,27617853.72987,14733,kraken
1760140800,0.17801,0.19216,0.16133,0.16823,0.17123,19243436.41396,9691,kraken
1760227200,0.16821,0.18841,0.16492,0.1856,0.17889,18828581.24529,6520,kraken
1760313600,0.1854,0.1957,0.18279,0.19436,0.18918,11213762.4493,4823,kraken
1760400000,0.19458,0.1952,0.17599,0.19038,0.18577,11633172.67195,4303,kraken
1760486400,0.1902,0.19172,0.17769,0.17902,0.18383,7183034.14644,2921,kraken
1760572800,0.17903,0.185,0.16887,0.17061,0.17549,9104058.50407,3668,kraken
1760659200,0.17086,0.17363,0.15553,0.16264,0.16205,12025620.49859,5353,kraken
1760745600,0.16261,0.1676,0.16241,0.16598,0.1649,3627207.4968,2111,kraken
1760832000,0.16607,0.17349,0.16258,0.17039,0.1682,3974339.06833,2247,kraken
1760918400,0.17043,0.181,0.16712,0.17574,0.17671,5074502.43795,2626,kraken
1761004800,0.17573,0.18182,0.1688,0.17043,0.17401,6591666.69907,3302,kraken
1761091200,0.17056,0.1724,0.16141,0.16619,0.16859,5871912.06254,3142,kraken
1761177600,0.166,0.17012,0.16288,0.16495,0.16614,4483409.3615,2641,kraken
1761264000,0.16522,0.17242,0.16435,0.17084,0.16945,4770431.2152,2632,kraken
1761350400,0.17077,0.17391,0.16872,0.17256,0.17167,3464311.19691,2364,kraken
1761436800,0.17254,0.18196,0.17095,0.17995,0.17812,4042290.38767,2349,kraken
1761523200,0.18001,0.185,0.17657,0.18482,0.18129,11243848.15069,4291,kraken
1761609600,0.18459,0.2196,0.1841,0.19464,0.20399,30338962.4267,12873,kraken
1761696000,0.1944,0.20661,0.19254,0.20121,0.20082,12702303.94691,7039,kraken
1761782400,0.20106,0.21086,0.18933,0.19656,0.20089,19996627.69905,7592,kraken
1761868800,0.19641,0.20394,0.19022,0.20097,0.19594,12294185.92527,5747,kraken
1761955200,0.2012,0.2047,0.19576,0.19631,0.20039,3897649.65688,2103,kraken
1762041600,0.19631,0.1979,0.19058,0.19472,0.19477,5112135.1232,3035,kraken
1762128000,0.19443,0.19526,0.16696,0.17523,0.18128,13194629.32502,6059,kraken
1762214400,0.17507,0.17905,0.15151,0.16883,0.16972,16418253.69449,7079,kraken
1762300800,0.16857,0.17681,0.16033,0.17519,0.1726,11112847.9743,4217,kraken
1762387200,0.17484,0.17544,0.16101,0.1631,0.16829,12122656.18079,4529,kraken
1762473600,0.1631,0.18094,0.15923,0.17702,0.16855,11197614.05033,6242,kraken
1762560000,0.17702,0.17996,0.17165,0.17557,0.17446,7373854.07724,3173,kraken
1762646400,0.17559,0.17837,0.16851,0.17663,0.17317,6519207.62675,2722,kraken
1762732800,0.17663,0.19848,0.17561,0.19372,0.18968,11771216.4934,6573,kraken
1762819200,0.19387,0.19669,0.17717,0.17769,0.1873,8001547.23665,3929,kraken
1762905600,0.17764,0.18632,0.17283,0.174,0.17867,6256649.93301,3573,kraken
1762992000,0.174,0.18085,0.16148,0.16487,0.17166,10123217.16503,4641,kraken
1763078400,0.1644,0.16521,0.15051,0.15262,0.15792,11183760.7511,6362,kraken
1763164800,0.15289,0.15845,0.15277,0.15472,0.15641,6466841.75946,2870,kraken
1763251200,0.15474,0.1556,0.14512,0.14654,0.15143,13900303.20021,4337,kraken
1763337600,0.14654,0.154,0.14182,0.14571,0.14768,10311267.38041,4157,kraken
1763424000,0.14572,0.15231,0.1425,0.15067,0.14809,7641333.3806,3625,kraken
1763510400,0.15057,0.15177,0.13806,0.1448,0.14479,12577337.36211,4644,kraken
1763596800,0.14472,0.14781,0.13428,0.13632,0.14185,9531580.57062,3940,kraken
1763683200,0.13637,0.13803,0.12246,0.13075,0.12992,18965081.17769,6744,kraken
1763769600,0.13075,0.13313,0.12645,0.13169,0.12987,10649058.10454,3505,kraken
1763856000,0.13166,0.15558,0.13149,0.14795,0.14431,17486434.89357,6088,kraken
1763942400,0.1479,0.152,0.14082,0.14853,0.14677,17207838.2908,5190,kraken
1764028800,0.14845,0.1492,0.13975,0.1449,0.14388,11155851.66519,3659,kraken
1764115200,0.14489,0.15052,0.1416,0.1479,0.14541,8001259.30361,3223,kraken
1764201600,0.14784,0.14942,0.14421,0.14713,0.14707,4743209.65677,2360,kraken
1764288000,0.14702,0.15076,0.14412,0.14539,0.14697,4499267.8505,2508,kraken
1764374400,0.14539,0.14625,0.14229,0.14324,0.14392,2212536.50245,1661,kraken
1764460800,0.14322,0.14634,0.14107,0.14124,0.14367,2856974.14606,1959,kraken
1764547200,0.14136,0.14161,0.13008,0.13326,0.13358,10970965.13404,4693,kraken
1764633600,0.13329,0.14662,0.13112,0.14461,0.14141,9325020.91353,3439,kraken
1764720000,0.14489,0.14999,0.14236,0.14604,0.14701,7518558.50372,3476,kraken
1764806400,0.14626,0.14653,0.13768,0.13938,0.14157,6549395.77319,3192,kraken
1764892800,0.13947,0.14001,0.13277,0.13397,0.13547,5808602.14303,3129,kraken
1764979200,0.13397,0.13455,0.13258,0.13404,0.13344,3388028.97576,2027,kraken
1765065600,0.13413,0.136,0.1277,0.13108,0.13237,7145725.19825,3075,kraken
1765152000,0.13065,0.13724,0.13055,0.13453,0.13465,5190426.85835,2955,kraken
1765238400,0.13447,0.14316,0.13244,0.13905,0.13843,6405938.12214,3350,kraken
1765324800,0.13899,0.14188,0.1347,0.1348,0.13722,6968887.58472,3583,kraken
1765411200,0.1348,0.13498,0.1285,0.13,0.13028,8248278.54091,3777,kraken
1765497600,0.12987,0.13157,0.12323,0.12396,0.12596,9418518.01024,4288,kraken
1765584000,0.12395,0.137,0.12128,0.12312,0.12485,8061783.62972,3435,kraken
1765670400,0.123,0.12449,0.11735,0.11826,0.11978,7482280.71277,3409,kraken
1765756800,0.11835,0.12172,0.11138,0.1142,0.11534,12058994.72362,4748,kraken
1765843200,0.11419,0.11675,0.11185,0.11459,0.11441,9396139.53191,3988,kraken
1765929600,0.11458,0.11742,0.10843,0.10991,0.11185,8433565.39255,4332,kraken
1766016000,0.10989,0.11419,0.10399,0.10486,0.10862,9033832.80274,4327,kraken
1766102400,0.10485,0.11359,0.10292,0.11194,0.10909,10065505.695,4724,kraken
1766188800,0.11191,0.11473,0.10959,0.11374,0.11163,6211150.64647,2587,kraken
1766275200,0.11362,0.11381,0.10936,0.11187,0.11186,5371393.46406,2581,kraken
1766361600,0.11195,0.11685,0.11065,0.11404,0.11401,6462549.81175,3110,kraken
1766448000,0.11382,0.11452,0.10901,0.1104,0.11102,5518685.98396,2713,kraken
1766534400,0.11039,0.11103,0.10811,0.10924,0.10941,6792610.44777,2600,kraken
1766620800,0.10921,0.11291,0.10834,0.10891,0.11101,6423864.60626,2652,kraken
1766707200,0.10877,0.1171,0.10835,0.11158,0.11255,6942364.37219,3209,kraken
1766793600,0.11157,0.11566,0.1111,0.11521,0.11312,3391694.60614,2022,kraken
1766880000,0.11519,0.11661,0.11353,0.11539,0.11521,4714885.79771,2553,kraken
1766966400,0.11543,0.11882,0.11251,0.11271,0.11507,6447945.91088,3051,kraken
1767052800,0.11271,0.11328,0.11015,0.1116,0.11174,6996400.13084,3042,kraken
1767139200,0.11144,0.11184,0.10567,0.10609,0.10891,14404511.24057,4854,kraken
1767225600,0.10616,0.11465,0.10616,0.11415,0.11028,10950054.94082,3961,kraken
1767312000,0.11424,0.12241,0.11297,0.12152,0.11902,11433449.12451,5014,kraken
1767398400,0.12171,0.12224,0.11723,0.12078,0.12028,9010519.04763,3580,kraken
1767484800,0.12074,0.12878,0.12023,0.12525,0.12384,12991651.74449,4767,kraken
1767571200,0.12557,0.1325,0.1236,0.13173,0.12776,12465416.68355,5267,kraken
1767657600,0.1317,0.1348,0.12404,0.12882,0.12979,14143617.85582,5806,kraken
1767744000,0.1287,0.12943,0.1222,0.12351,0.12537,6763902.71574,3430,kraken
1767830400,0.12349,0.12401,0.11782,0.12046,0.12061,7980510.31075,3795,kraken
1767916800,0.12055,0.12333,0.11801,0.12012,0.11981,5979726.58644,3519,kraken
1768003200,0.12011,0.12079,0.11709,0.11768,0.11918,3456883.30087,2087,kraken
1768089600,0.11768,0.11902,0.11563,0.11708,0.11755,6608191.59488,2741,kraken
1768176000,0.11703,0.12021,0.11341,0.11493,0.11631,6098122.54477,2949,kraken
1768262400,0.11491,0.12584,0.11455,0.12225,0.11992,12224291.7616,4021,kraken
1768348800,0.12228,0.12887,0.12191,0.12337,0.1247,17271941.6441,5817,kraken
1768435200,0.1233,0.12345,0.11622,0.11781,0.12006,8854142.12152,3630,kraken
1768521600,0.11779,0.11977,0.11449,0.11861,0.11712,7830458.99817,3263,kraken
1768608000,0.11861,0.12077,0.11771,0.11877,0.11922,3951514.48977,2320,kraken
1768694400,0.11868,0.11932,0.1116,0.11172,0.11571,9341290.87684,2929,kraken
1768780800,0.11165,0.12621,0.10259,0.11086,0.10829,24505826.57846,6450,kraken
1768867200,0.1107,0.11124,0.10388,0.10555,0.10726,18489876.11963,4503,kraken
1768953600,0.10589,0.11143,0.10536,0.10919,0.10812,29278501.29362,5062,kraken
1769040000,0.10933,0.11118,0.10679,0.10805,0.10892,8635207.55227,2984,kraken
1769126400,0.10814,0.11247,0.10751,0.10935,0.11003,9147634.57638,2784,kraken
1769212800,0.10935,0.10978,0.10734,0.10844,0.10851,3552001.35575,1999,kraken
1769299200,0.10844,0.1086,0.10097,0.10313,0.10435,9047797.39837,3879,kraken
1769385600,0.1032,0.10769,0.10304,0.10648,0.10611,6739171.08725,2703,kraken
1769472000,0.10653,0.10849,0.10454,0.10804,0.10619,5000885.62873,2195,kraken
1769558400,0.10807,0.1089,0.10607,0.10689,0.10735,3863702.3931,2112,kraken
1769644800,0.10696,0.10717,0.09853,0.10096,0.10123,14148831.39885,5581,kraken
1769731200,0.10096,0.10147,0.09658,0.09855,0.09901,14361346.13584,5807,kraken
1769817600,0.09855,0.09859,0.08361,0.09275,0.09033,30163810.46253,9432,kraken
1769904000,0.09285,0.09328,0.08691,0.08841,0.09008,10712067.33904,4615,kraken
1769990400,0.0885,0.09581,0.08607,0.09313,0.09114,16206037.33148,5761,kraken
1770076800,0.0933,0.09429,0.08734,0.09049,0.09134,15698677.62966,4983,kraken
1770163200,0.09057,0.09346,0.08819,0.08926,0.09091,23729932.28286,5880,kraken
1770249600,0.08934,0.08996,0.07579,0.07797,0.08234,44894402.47693,11794,kraken
1770336000,0.07804,0.0981,0.07201,0.09124,0.08667,46923913.70542,12885,kraken
1770422400,0.09123,0.09166,0.08675,0.09001,0.08926,17007242.50489,4685,kraken
1770508800,0.08988,0.09595,0.08885,0.09116,0.09224,12826709.67086,3875,kraken
1770595200,0.09121,0.09387,0.08776,0.09203,0.09131,13343024.05558,4900,kraken
1770681600,0.09217,0.09323,0.08942,0.09069,0.091,10542580.72491,3907,kraken
1770768000,0.09074,0.0912,0.08721,0.08904,0.08898,8088191.47663,3817,kraken
1770854400,0.08905,0.09653,0.08905,0.093,0.09232,13141914.16572,5505,kraken
1770940800,0.09311,0.0989,0.09148,0.0988,0.09494,12724138.17858,5863,kraken
1771027200,0.0989,0.1075,0.09881,0.10386,0.10332,23318290.61526,8142,kraken
1771113600,0.10388,0.10651,0.09801,0.10027,0.10209,14125824.24245,5756,kraken
1771200000,0.10023,0.10273,0.09861,0.10173,0.10076,5723831.98788,3371,kraken
1771286400,0.10174,0.10334,0.09931,0.10201,0.10109,9077446.0004,3624,kraken
1771372800,0.10207,0.1025,0.09877,0.09908,0.10052,9960641.32712,4123,kraken
1771459200,0.09902,0.09963,0.09595,0.09758,0.09764,9203399.83576,3867,kraken
1771545600,0.09761,0.10135,0.09692,0.09971,0.09924,7961296.14819,3714,kraken
1771632000,0.09973,0.1015,0.0988,0.09976,0.10022,4738777.18622,2665,kraken
1771718400,0.0997,0.09971,0.09654,0.09817,0.09778,8377404.52642,3107,kraken
1771804800,0.09814,0.09839,0.09336,0.0949,0.09517,9795479.44124,4237,kraken
1771891200,0.09491,0.0964,0.09274,0.09511,0.09464,7546060.71134,3334,kraken
1771977600,0.09507,0.1069,0.09489,0.1017,0.10171,21778132.16591,6715,kraken
1772064000,0.10184,0.10413,0.09928,0.10257,0.10176,10574059.2461,5138,kraken
1772150400,0.10289,0.10515,0.0985,0.10041,0.10165,10265878.281,6713,kraken
1772236800,0.10042,0.10129,0.09439,0.1002,0.09842,13768685.11705,6298,kraken
1772323200,0.1002,0.10331,0.09567,0.09696,0.09954,10267142.05224,4780,kraken
1772409600,0.09701,0.10293,0.09645,0.098,0.09945,22267528.34564,8241,kraken
1772496000,0.09806,0.09829,0.09432,0.09697,0.09627,26688632.27996,8025,kraken
1772582400,0.09696,0.10416,0.09674,0.10124,0.10098,37167310.63386,9915,kraken
1772668800,0.10123,0.1017,0.09821,0.09962,0.10025,29420993.51319,7377,kraken
1772755200,0.09964,0.1009,0.09624,0.09758,0.09836,22521901.65971,6842,kraken
1772841600,0.09759,0.09806,0.09517,0.09579,0.09632,14184452.78763,4578,kraken
1772928000,0.09579,0.09668,0.093,0.09384,0.09472,24910249.24282,7237,kraken
1773014400,0.09393,0.09661,0.0938,0.09435,0.09501,29923947.27028,8834,kraken
1773100800,0.09435,0.09894,0.09424,0.09517,0.09662,47320172.91505,11759,kraken
1773187200,0.09518,0.09622,0.09333,0.09423,0.09453,36227671.93415,9829,kraken
1773273600,0.09438,0.09544,0.09312,0.09484,0.09431,36109996.36594,8738,kraken
1773360000,0.09483,0.09989,0.09459,0.09515,0.09693,55802244.47301,12310,kraken
1773446400,0.09512,0.09533,0.09134,0.09356,0.09315,40888541.03137,9994,kraken
1773532800,0.0936,0.09717,0.09297,0.09633,0.09547,51683309.89622,11111,kraken
1773619200,0.09634,0.101,0.0955,0.10025,0.09863,69238345.86185,16865,kraken
1773705600,0.10025,0.10161,0.0978,0.09876,0.09927,50832435.60382,12760,kraken
1773792000,0.09876,0.10084,0.09452,0.09582,0.09746,45475327.90704,9958,kraken
1773878400,0.09574,0.0965,0.09143,0.09289,0.09334,49772869.72341,11754,kraken
1773964800,0.09288,0.09477,0.09226,0.09315,0.0933,27592942.18343,7914,kraken
1774051200,0.09316,0.0937,0.09119,0.0916,0.09307,14135112.93992,4952,kraken
1774137600,0.09151,0.09225,0.08807,0.08919,0.0901,36136554.96957,8681,kraken
1774224000,0.08933,0.09521,0.08876,0.09321,0.09258,43584180.44795,9102,kraken
1774310400,0.09319,0.0945,0.09167,0.09416,0.09306,17991779.43673,4342,kraken
1774396800,0.09422,0.09579,0.09385,0.09469,0.09496,13158159.88813,4242,kraken
1774483200,0.09467,0.09472,0.09042,0.09115,0.09172,7261561.52843,4038,kraken
1774569600,0.09106,0.09168,0.0885,0.08904,0.08956,10168698.38818,4160,kraken
1774656000,0.0891,0.09179,0.08835,0.08977,0.09001,4685090.21261,2554,kraken
1774742400,0.08977,0.09024,0.08621,0.08801,0.08827,6502108.89836,3362,kraken
1774828800,0.08804,0.09087,0.08688,0.08715,0.0889,6627939.15092,3198,kraken
1774915200,0.08702,0.08828,0.08356,0.08753,0.08609,14300291.19638,4907,kraken
1775001600,0.08755,0.09114,0.08745,0.08845,0.08955,9284515.78861,3620,kraken
1775088000,0.08846,0.08952,0.08487,0.08795,0.08683,8125508.33659,3667,kraken
1775174400,0.08803,0.09033,0.08727,0.08768,0.08833,6770020.19573,3502,kraken
1775260800,0.08771,0.08786,0.08674,0.08752,0.08724,5133846.05957,2890,kraken
1775347200,0.08756,0.08808,0.08607,0.08801,0.087,4991115.45197,3675,kraken
1775433600,0.0881,0.09011,0.08708,0.08743,0.08878,12669468.82714,3830,kraken
1775520000,0.08739,0.09291,0.08589,0.09177,0.08925,11475902.62555,3875,kraken
1775606400,0.09185,0.09479,0.08852,0.08904,0.09203,17529761.33292,5163,kraken
1775692800,0.08886,0.09164,0.08769,0.08938,0.08946,7465866.02651,3889,kraken
1775779200,0.08937,0.09051,0.08782,0.08956,0.08916,7232433.23755,3875,kraken
1775865600,0.08954,0.0899,0.08792,0.08838,0.08855,8692837.29334,3687,kraken
1775952000,0.08838,0.0886,0.08512,0.08518,0.08622,6583835.50092,3832,kraken
1776038400,0.08515,0.08812,0.08444,0.08786,0.08557,9761653.12241,4893,kraken
1776124800,0.08788,0.08788,0.08453,0.0851,0.08638,7808739.92323,3872,kraken
1776211200,0.0852,0.08744,0.08488,0.08714,0.08645,17576373.42623,5548,kraken
1776297600,0.0872,0.09167,0.08641,0.09075,0.08844,26234830.79924,6995,kraken
1776384000,0.09084,0.09358,0.08864,0.09079,0.09163,15050748.04474,6445,kraken
1776470400,0.09075,0.0911,0.088,0.08876,0.08948,6570442.03706,3255,kraken
1776556800,0.08882,0.08964,0.087,0.0873,0.0882,4678101.40421,2757,kraken
1776643200,0.0873,0.0906,0.08729,0.08977,0.08931,6487627.38476,3137,kraken
1776729600,0.08978,0.09138,0.08885,0.0904,0.08995,5487474.67525,3049,kraken
1776816000,0.09047,0.09349,0.08987,0.0908,0.09157,13127889.75351,5074,kraken
1776902400,0.09093,0.09145,0.08974,0.09082,0.09057,5202302.77751,3321,kraken
1776988800,0.09096,0.0922,0.0901,0.09098,0.09108,8265457.46416,3810,kraken
1777075200,0.09105,0.09221,0.09021,0.09126,0.09108,5771140.47105,2616,kraken
1777161600,0.09127,0.09317,0.09057,0.09235,0.09227,6721656.57068,3437,kraken
1777248000,0.0923,0.09315,0.08903,0.08975,0.09036,6190362.31558,3439,kraken
1777334400,0.08966,0.0897,0.08818,0.08897,0.08902,3126910.12779,2411,kraken
1777420800,0.08895,0.091,0.08703,0.08866,0.0891,5639504.81727,3164,kraken
1777507200,0.08872,0.0893,0.08731,0.08732,0.08815,4017059.17649,2497,kraken
1777593600,0.08735,0.08861,0.08735,0.08813,0.08799,5700081.63377,2472,kraken
1777680000,0.08829,0.08908,0.08763,0.08858,0.08819,3582532.77896,1992,kraken
1777766400,0.08864,0.08869,0.0875,0.08773,0.08807,4442581.17587,2041,kraken
1777852800,0.0877,0.08957,0.08726,0.0877,0.08834,7933318.76792,3772,kraken
1777939200,0.08776,0.09106,0.08776,0.09035,0.08974,11426752.57534,4410,kraken
1778025600,0.09035,0.09317,0.09022,0.09141,0.09154,10498206.69282,4901,kraken
1778112000,0.0914,0.09171,0.08934,0.09009,0.09024,8090125.32532,4110,kraken
1778198400,0.09014,0.09343,0.0895,0.09267,0.09206,11116705.03088,4805,kraken
1778284800,0.09268,0.09513,0.09161,0.09284,0.09344,9104018.00375,3942,kraken
1778371200,0.0929,0.09964,0.09221,0.09738,0.09651,21916588.99692,7369,kraken
1778457600,0.09767,0.09777,0.09488,0.09687,0.09614,11144987.27409,4377,kraken
1778544000,0.09686,0.09721,0.09262,0.09385,0.09472,11109612.92317,4646,kraken
1778630400,0.09385,0.09558,0.09152,0.09338,0.09323,9753566.79533,4642,kraken
1778716800,0.09329,0.09852,0.0925,0.09496,0.09568,12591556.88666,5517,kraken
1778803200,0.09506,0.09577,0.0913,0.09285,0.09346,10141694.2665,4497,kraken
1778889600,0.09284,0.09307,0.09,0.09123,0.0913,4621274.94922,2928,kraken
1778976000,0.09124,0.09199,0.08805,0.09009,0.09058,4894077.31526,3177,kraken
1779062400,0.09006,0.09026,0.0881,0.09013,0.08912,7051617.37479,3829,kraken
1779148800,0.09026,0.0909,0.0879,0.08843,0.08892,5721803.10787,3149,kraken
1779235200,0.08845,0.0896,0.08798,0.08875,0.08897,5937480.98932,3114,kraken
1779321600,0.08876,0.0906,0.08784,0.08979,0.08927,6344273.98547,3590,kraken
1779408000,0.08979,0.09087,0.08752,0.08787,0.08931,8429011.88254,4649,kraken
1779494400,0.08779,0.09094,0.08533,0.08967,0.08777,8283823.0257,4468,kraken
1779580800,0.08967,0.0899,0.08716,0.08837,0.08872,4201510.98915,2440,kraken
1779667200,0.08839,0.08979,0.08783,0.08806,0.08879,4289455.42472,2670,kraken
1779753600,0.08805,0.08921,0.08626,0.08647,0.08738,7208437.32973,3545,kraken
1779840000,0.08653,0.08683,0.085,0.08559,0.0858,9212828.68499,3932,kraken
1779926400,0.08553,0.09244,0.08178,0.09089,0.08815,33044853.09049,12289,kraken
1780012800,0.09098,0.09973,0.08838,0.09898,0.0927,45505895.45845,13394,kraken
1780099200,0.09915,0.10998,0.09445,0.09489,0.10158,61095543.54366,18165,kraken
1780185600,0.09519,0.0998,0.09361,0.09646,0.09725,21591415.13654,6845,kraken
1780272000,0.09647,0.09778,0.09142,0.09225,0.09391,25125661.43798,8679,kraken
1780358400,0.09219,0.0927,0.08582,0.08683,0.08902,16721607.143,7252,kraken
1780444800,0.08682,0.089,0.08459,0.08518,0.08665,8761513.96951,4989,kraken
1780531200,0.08516,0.08761,0.08153,0.08373,0.08435,16275729.98811,7657,kraken
1780617600,0.08368,0.092,0.07742,0.08032,0.0811,27040031.98767,11146,kraken
1780704000,0.08035,0.08127,0.07667,0.07968,0.07896,10855232.47926,5636,kraken
1780790400,0.0798,0.08277,0.07946,0.08189,0.08114,7527443.29875,3483,kraken
1780876800,0.08202,0.08323,0.08079,0.08127,0.08195,5134244.43051,3032,kraken
1780963200,0.08132,0.0816,0.07866,0.0794,0.0801,8255393.47859,3654,kraken
1781049600,0.07952,0.07964,0.0769,0.0777,0.07842,6703946.06473,3566,kraken
1781136000,0.07776,0.08013,0.07682,0.07924,0.07878,8104860.33364,3482,kraken
1781222400,0.07918,0.08042,0.07747,0.07785,0.07862,6229535.76113,3410,kraken
1781308800,0.07778,0.07893,0.07681,0.07828,0.07817,6371825.92268,2736,kraken
1781395200,0.07832,0.08116,0.07665,0.08115,0.07853,18658879.60599,4584,kraken
1781481600,0.08119,0.08452,0.08065,0.08256,0.08261,12895316.08097,5056,kraken
1781568000,0.08257,0.08472,0.08038,0.08061,0.08213,6640239.77596,3228,kraken
1781654400,0.0806,0.08231,0.0794,0.08111,0.08069,10670100.61855,4285,kraken
1781740800,0.08129,0.08208,0.07861,0.08022,0.08004,7233354.90995,3656,kraken
1781827200,0.08017,0.08133,0.07868,0.08059,0.07991,4990616.69532,2518,kraken
1781913600,0.08045,0.0808,0.07927,0.08054,0.08009,3512702.54086,2035,kraken
1782000000,0.08066,0.08072,0.07791,0.078,0.07973,4652223.6417,2048,kraken
1782086400,0.07797,0.0805,0.07797,0.07872,0.07932,3213945.37415,2117,kraken
1782172800,0.07868,0.07909,0.07664,0.07752,0.07768,5504876.87141,2941,kraken
1782259200,0.07751,0.07819,0.07311,0.07552,0.07551,9817451.78631,4595,kraken
1782345600,0.07554,0.07577,0.07062,0.07336,0.07311,6741930.62007,3708,kraken
1782432000,0.07345,0.07412,0.0706,0.07081,0.0722,7259863.30323,3379,kraken
1782518400,0.07096,0.07334,0.07095,0.07187,0.07226,3641386.90036,2129,kraken
1782604800,0.07185,0.07185,0.07013,0.07095,0.07091,4357375.24453,2172,kraken
1782691200,0.07087,0.07227,0.07054,0.07158,0.07145,4117215.84891,2366,kraken
1782777600,0.07157,0.07172,0.0686,0.06948,0.07012,11065530.25693,4069,kraken
1782864000,0.06948,0.07296,0.06847,0.07186,0.07073,8908871.5711,3611,kraken
1782950400,0.07186,0.07484,0.07051,0.07087,0.07297,12010285.41174,3745,kraken
1783036800,0.07082,0.07436,0.07045,0.07332,0.07219,19703323.8431,4920,kraken
1783123200,0.07326,0.07728,0.072,0.07718,0.07358,27727299.80986,5278,kraken
1783209600,0.07731,0.07765,0.07425,0.07627,0.07548,6024899.53706,2394,kraken
1783296000,0.07626,0.07626,0.0725,0.07328,0.07416,7609228.58221,2749,kraken
1783382400,0.07329,0.0736,0.07031,0.07084,0.07163,8880724.77194,3348,kraken
1783468800,0.07079,0.07105,0.06878,0.06922,0.06967,12342520.05018,3341,kraken
1783555200,0.06927,0.07135,0.0691,0.06992,0.07,5551028.54485,2625,kraken
1783641600,0.0699,0.07137,0.06951,0.07031,0.07041,5297519.69427,2804,kraken
1783728000,0.07028,0.07115,0.06664,0.06844,0.0692,17011438.42316,5838,kraken
1783814400,0.06843,0.06872,0.06715,0.06756,0.06784,7230741.43634,3199,kraken
1783900800,0.06747,0.06867,0.06556,0.06655,0.06692,9972248.63218,3864,kraken
1783987200,0.06655,0.06761,0.06564,0.06728,0.0665,11185634.09762,3500,kraken
1784073600,0.06737,0.0705,0.06707,0.0679,0.06788,15354688.86627,4382,kraken
1784160000,0.06801,0.06829,0.06632,0.06656,0.06738,7149578.68525,2970,kraken
1784246400,0.06654,0.06683,0.06528,0.06585,0.06608,6388137.41222,2973,kraken
1784332800,0.06595,0.0671,0.0656,0.0671,0.06649,6638985.86485,2219,kraken
1784419200,0.0671,0.06739,0.06626,0.06653,0.06683,5672605.00807,2447,kraken
1784505600,0.06648,0.06706,0.0654,0.06668,0.06628,5778180.23904,2637,kraken
1784592000,0.06667,0.07072,0.06662,0.06951,0.06904,13896539.25419,4281,kraken
1784678400,0.06952,0.07412,0.06942,0.07285,0.07162,20959982.95491,5726,kraken
1784764800,0.07288,0.07443,0.0707,0.07111,0.07233,13615969.20437,4391,kraken
1784851200,0.07121,0.07274,0.07028,0.07075,0.07103,8053425.28467,3307,kraken
1784937600,0.07082,0.07127,0.06972,0.07087,0.07034,5375014.94114,2114,kraken
1785024000,0.07092,0.07098,0.06911,0.07015,0.07004,4388331.26168,2017,kraken
1785110400,0.07016,0.07021,0.06778,0.06808,0.06903,6117693.60067,2844,kraken
1785196800,0.06805,0.06898,0.067,0.06839,0.06801,6615593.61841,2848,kraken
1785283200,0.06842,0.06911,0.06692,0.06784,0.06805,4682628.12591,2127,kraken
1785369600,0.06778,0.06894,0.06762,0.06837,0.06819,4019194.72306,1921,kraken
1785456000,0.06839,0.06884,0.0674,0.06877,0.06822,4044858.8719,2185,kraken
1785542400,0.06883,0.07049,0.06866,0.069,0.0696,8598385.8333,2437,kraken
1785628800,0.06893,0.07063,0.06893,0.07,0.07008,5289688.34906,1811,kraken
1785715200,0.06998,0.07123,0.06841,0.07043,0.06979,6686844.04381,2235,kraken
1785801600,0.07049,0.07146,0.06915,0.06936,0.07029,6770863.44625,2413,kraken
1785888000,0.06933,0.06996,0.06867,0.06903,0.06932,4937537.01527,1936,kraken
1785974400,0.06921,0.06961,0.06804,0.06821,0.06865,3703563.70345,2015,kraken
1786060800,0.06817,0.0688,0.06714,0.06807,0.06801,5858781.269,2481,kraken
1786147200,0.06804,0.06991,0.06792,0.06891,0.06894,2745532.06763,1595,kraken
1786233600,0.06893,0.07,0.06856,0.06857,0.06911,3231612.00311,1420,kraken
1786320000,0.06856,0.06906,0.06747,0.06757,0.0682,3762763.40151,1753,kraken
1786406400,0.06758,0.06793,0.06583,0.06638,0.06671,5324216.675,2303,kraken
1786492800,0.06635,0.0669,0.06555,0.06596,0.06612,4495915.7105,1753,kraken
1786579200,0.06601,0.06688,0.0654,0.06544,0.06594,3837947.31575,1977,kraken
1786665600,0.06545,0.06613,0.06477,0.06583,0.06533,6452430.80552,2696,kraken
1786752000,0.06588,0.06634,0.06532,0.06543,0.06573,3653607.3284,1847,kraken
1786838400,0.06539,0.06542,0.0644,0.06458,0.06501,3336449.09927,1690,kraken
1786924800,0.06459,0.0663,0.06426,0.06595,0.06547,7079175.10989,2203,kraken
1787011200,0.06597,0.06738,0.06516,0.06735,0.06625,5442412.06885,2062,kraken
1787097600,0.06734,0.07178,0.06703,0.07059,0.06914,15310693.12536,5062,kraken
1787184000,0.07059,0.07445,0.07016,0.07344,0.07301,23239857.04534,6839,kraken
1787270400,0.07347,0.08073,0.07342,0.07976,0.07687,27616074.60813,9770,kraken
1787356800,0.07985,0.08681,0.07486,0.07744,0.07928,31066760.03028,11223,kraken
1787443200,0.07754,0.08099,0.07577,0.07987,0.07914,19374669.08506,6455,kraken
1787529600,0.08004,0.08122,0.07746,0.07923,0.07963,13025649.95957,5372,kraken
1787616000,0.07933,0.08416,0.07732,0.07778,0.08068,13780950.56524,5697,kraken
1787702400,0.07771,0.07872,0.07634,0.07854,0.07757,7831021.12769,2771,kraken
1787788800,0.07862,0.07976,0.07696,0.07879,0.07834,11132803.22735,3966,kraken
1787875200,0.07881,0.07971,0.07376,0.07613,0.07657,10849463.27915,4039,kraken
1787961600,0.07604,0.07627,0.07465,0.07553,0.07535,4259598.69523,2351,kraken
1788048000,0.07552,0.07612,0.073,0.07356,0.07484,10191555.12467,3443,kraken
1788134400,0.07336,0.07459,0.07311,0.07363,0.07381,9124966.35886,2903,kraken
1788220800,0.07361,0.07559,0.07345,0.07405,0.07434,11835155.76228,3521,kraken
1788307200,0.07407,0.0746,0.07277,0.0746,0.07373,9862325.36032,3911,kraken
1788393600,0.07459,0.08095,0.07429,0.07927,0.07768,22119367.70526,6715,kraken
1788480000,0.07927,0.07961,0.0764,0.07834,0.07814,11879297.33352,5001,kraken
1788566400,0.07839,0.08152,0.07838,0.08021,0.08001,9556516.34484,4504,kraken
1788652800,0.08022,0.08233,0.08018,0.08158,0.08111,9457924.81273,4168,kraken
1788739200,0.08149,0.08318,0.07998,0.08189,0.0817,14588250.24223,5488,kraken
1788825600,0.08184,0.08293,0.07869,0.07908,0.0801,8878832.38064,4420,kraken
1788912000,0.07906,0.07998,0.0758,0.07656,0.07824,13398625.50091,5323,kraken
1788998400,0.07655,0.07721,0.07449,0.07477,0.07564,12126727.73121,5028,kraken
1789084800,0.07475,0.07708,0.07331,0.07442,0.07504,13924887.69857,5084,kraken
1789171200,0.0744,0.07506,0.07401,0.07467,0.07455,5179089.08363,2741,kraken
1789257600,0.07464,0.07747,0.07461,0.07509,0.07581,8763980.3182,3893,kraken
1789344000,0.0752,0.07932,0.07496,0.07775,0.07747,12886695.91902,4710,kraken
1789430400,0.07788,0.0799,0.07397,0.07424,0.07661,25952030.15851,6928,kraken
1789516800,0.07422,0.07476,0.07195,0.07387,0.07334,13429790.02146,4960,kraken
1789603200,0.07381,0.07657,0.07335,0.07455,0.07484,12329755.04842,3877,kraken
1789689600,0.07447,0.07992,0.07429,0.07922,0.0777,16997478.88065,6750,kraken
1789776000,0.07923,0.0824,0.0781,0.08143,0.08069,18502978.46788,5232,kraken
1789862400,0.08147,0.08992,0.07928,0.08645,0.08526,52575633.40502,15600,kraken
1789948800,0.08648,0.09353,0.085,0.09353,0.08994,39174093.70948,9966,kraken
1790035200,0.09347,0.1007,0.09096,0.09911,0.09639,56841664.17378,18735,kraken
1790121600,0.09884,0.10139,0.08801,0.09048,0.09411,51143011.10681,11291,kraken
1790208000,0.09051,0.09491,0.08815,0.093,0.09189,27948376.16137,10218,kraken
1790294400,0.09309,0.09674,0.09155,0.09562,0.09396,31433571.72623,9222,kraken
1790380800,0.09563,0.09565,0.09181,0.09348,0.09405,14285098.08918,6155,kraken
1790467200,0.09346,0.09606,0.09235,0.09579,0.09411,20080772.83099,6473,kraken
1790553600,0.09581,0.1309,0.09419,0.12183,0.11609,311141530.41211,90317,kraken
1790640000,0.12212,0.12274,0.10205,0.10232,0.11127,162504839.03295,28712,kraken
1790726400,0.10234,0.11,0.1011,0.10469,0.1063,67521677.66538,18205,kraken
1790812800,0.10469,0.10713,0.1016,0.10262,0.10419,28640338.27781,8095,kraken
1790899200,0.10255,0.10707,0.09653,0.10235,0.10276,36959918.11147,11215,kraken
1790985600,0.10237,0.10309,0.10019,0.10188,0.10177,14758519.06765,4630,kraken
1791072000,0.10194,0.1043,0.10074,0.10402,0.10249,14171148.89949,6078,kraken
1791158400,0.10402,0.10487,0.10024,0.10171,0.10255,16115200.90015,6297,kraken
1791244800,0.10169,0.10204,0.09945,0.09966,0.10056,19630942.62601,24576,kraken
1791331200,0.09965,0.09991,0.09174,0.09284,0.09469,34363912.13711,23055,kraken
1791417600,0.09284,0.09671,0.08748,0.09029,0.09156,52301269.9914,34850,kraken
