time,open,high,low,close,vwap,volume,count,source
1633651200,50.922,52.224,48.55,49.207,49.99366666666666,1293012.3905,0,coinbase
1633737600,49.204,51.844,48.501,49.546,49.96366666666666,730989.4201,0,coinbase
1633824000,49.537,49.552,43.86,44.925,46.11233333333333,963194.4527,0,coinbase
1633910400,44.912,47.12,43.134,45.048,45.10066666666666,819182.7071,0,coinbase
1633996800,45.026,45.062,40.646,43.176,42.961333333333336,1316143.3787,0,coinbase
1634083200,43.143,44.313,40.207,43.158,42.559333333333335,915359.8896,0,coinbase
1634169600,43.18,45.425,42.293,42.894,43.53733333333333,983465.7578,0,coinbase
1634256000,42.891,44.304,41.25,43.094,42.882666666666665,1339162.1733,0,coinbase
1634342400,43.102,47.499,42.885,46.001,45.461666666666666,1182253.8355,0,coinbase
1634428800,45.971,46.83,42.0,44.096,44.30866666666666,636954.0321,0,coinbase
1634515200,44.123,44.521,42.03,43.808,43.453,503173.7827,0,coinbase
1634601600,43.807,45.526,42.807,43.808,44.047,440314.1205,0,coinbase
1634688000,43.782,48.092,43.351,46.95,46.131,651395.1168,0,coinbase
1634774400,46.929,48.489,44.382,44.67,45.847,856591.0763,0,coinbase
1634860800,44.657,46.324,43.689,45.022,45.01166666666666,438052.8048,0,coinbase
1634947200,45.011,46.132,44.05,45.447,45.209666666666664,354653.6855,0,coinbase
1635033600,45.44,45.484,42.183,43.326,43.66433333333333,477486.6373,0,coinbase
1635120000,43.338,51.68,43.1,48.739,47.839666666666666,917182.9851,0,coinbase
1635206400,48.736,51.936,46.003,46.849,48.26266666666666,1222968.1947,0,coinbase
1635292800,46.854,47.979,37.69,40.66,42.10966666666666,1600916.846,0,coinbase
1635379200,40.694,44.324,40.529,43.189,42.68066666666667,1013255.02,0,coinbase
1635465600,43.194,45.872,42.682,45.452,44.66866666666667,807466.627,0,coinbase
1635552000,45.454,45.507,42.344,43.413,43.75466666666667,506762.8181,0,coinbase
1635638400,43.439,46.945,43.036,44.985,44.98866666666667,985759.3692,0,coinbase
1635724800,45.01,47.172,43.153,47.054,45.793,749064.8616,0,coinbase
1635811200,47.1,48.979,45.442,47.259,47.22666666666667,824501.0936,0,coinbase
1635897600,47.275,48.208,44.55,46.703,46.487,718396.3983,0,coinbase
1635984000,46.716,48.016,44.776,46.069,46.287,704386.8237,0,coinbase
1636070400,46.057,54.979,45.38,49.427,49.928666666666665,2178762.4014,0,coinbase
1636156800,49.413,52.083,46.533,49.588,49.40133333333333,842368.7555,0,coinbase
1636243200,49.584,53.919,48.9,53.559,52.126,885823.5598,0,coinbase
1636329600,53.605,58.18,51.497,54.774,54.817,1452335.0495,0,coinbase
1636416000,54.768,57.159,52.28,52.559,53.99933333333333,899455.0551,0,coinbase
1636502400,52.545,54.63,43.14,48.274,48.681333333333335,1057646.2491,0,coinbase
1636588800,48.215,49.209,46.6,47.707,47.83866666666666,706654.3395,0,coinbase
1636675200,47.735,48.646,44.361,46.35,46.452333333333335,675974.2383,0,coinbase
1636761600,46.368,49.156,45.424,48.451,47.677,438550.0491,0,coinbase
1636848000,48.457,49.804,46.771,48.308,48.294333333333334,536959.9303,0,coinbase
1636934400,48.355,49.271,46.006,46.855,47.37733333333333,424563.1042,0,coinbase
1637020800,46.847,46.847,40.22,42.623,43.23,945319.5401,0,coinbase
1637107200,42.621,43.481,40.597,42.928,42.33533333333333,707516.753,0,coinbase
1637193600,42.899,43.346,38.14,39.852,40.446,785565.5642,0,coinbase
1637280000,39.838,42.716,39.071,41.922,41.236333333333334,489428.9285,0,coinbase
1637366400,41.91,44.248,41.091,43.514,42.951,393611.851,0,coinbase
1637452800,43.501,45.773,42.915,43.27,43.986,644656.4672,0,coinbase
1637539200,43.288,43.52,40.751,41.641,41.970666666666666,505000.8783,0,coinbase
1637625600,41.646,42.506,40.75,42.019,41.75833333333333,397310.4806,0,coinbase
1637712000,42.032,42.062,40.101,40.386,40.84966666666667,398135.1984,0,coinbase
1637798400,40.386,44.239,40.31,43.1,42.54966666666667,478051.8524,0,coinbase
1637884800,43.1,45.993,38.451,39.63,41.358000000000004,1108911.3356,0,coinbase
1637971200,39.628,44.716,39.301,42.153,42.056666666666665,879540.9194,0,coinbase
1638057600,42.16,42.419,39.172,41.881,41.157333333333334,642905.8666,0,coinbase
1638144000,41.886,42.649,41.06,42.018,41.909,425822.9613,0,coinbase
1638230400,42.024,42.805,40.2,40.871,41.292,646669.4811,0,coinbase
1638316800,40.866,42.967,40.4,41.033,41.46666666666666,483418.7782,0,coinbase
1638403200,41.009,41.033,39.694,40.16,40.29566666666667,398736.9484,0,coinbase
1638489600,40.163,41.443,35.66,37.926,38.342999999999996,644951.4756,0,coinbase
1638576000,37.93,38.159,25.25,31.806,31.738333333333333,1765456.7694,0,coinbase
1638662400,31.796,32.347,28.297,30.406,30.350000000000005,984731.3889,0,coinbase
1638748800,30.41,30.544,26.749,30.23,29.174333333333333,1239934.0334,0,coinbase
1638835200,30.231,31.283,29.07,29.52,29.957666666666668,692724.3765,0,coinbase
1638921600,29.507,33.34,29.096,31.557,31.331000000000003,1123159.0092,0,coinbase
1639008000,31.596,31.767,28.08,28.28,29.375666666666664,576461.5375,0,coinbase
1639094400,28.33,29.48,26.38,26.78,27.546666666666667,727101.1078,0,coinbase
1639180800,26.76,28.5,26.11,27.9,27.50333333333333,592744.8396,0,coinbase
1639267200,27.91,29.0,27.03,28.49,28.173333333333332,570491.6811,0,coinbase
1639353600,28.49,29.01,24.25,25.06,26.10666666666667,1008184.8053,0,coinbase
1639440000,25.06,25.76,24.25,25.51,25.173333333333336,855914.1837,0,coinbase
1639526400,25.48,26.7,23.67,25.95,25.44,924783.4076,0,coinbase
1639612800,25.97,26.47,24.22,24.38,25.02333333333333,582621.048,0,coinbase
1639699200,24.39,24.88,22.78,23.29,23.649999999999995,853413.1125,0,coinbase
1639785600,23.29,24.07,22.83,23.69,23.53,603787.602,0,coinbase
1639872000,23.69,24.3,22.4,22.67,23.123333333333335,767647.5339,0,coinbase
1639958400,22.66,23.0,20.88,21.75,21.876666666666665,1121601.4646,0,coinbase
1640044800,21.77,23.51,21.45,23.13,22.69666666666667,1043279.9405,0,coinbase
1640131200,23.14,24.22,22.83,23.34,23.463333333333335,1043768.2292,0,coinbase
1640217600,23.33,27.94,22.94,27.01,25.963333333333335,2164853.3326,0,coinbase
1640304000,27.01,28.78,26.45,27.63,27.62,1348605.0912,0,coinbase
1640390400,27.65,28.77,26.58,27.3,27.549999999999997,639892.3413,0,coinbase
1640476800,27.3,27.93,25.83,26.74,26.833333333333332,755490.9917,0,coinbase
1640563200,26.75,29.95,26.68,28.24,28.289999999999996,1222581.4222,0,coinbase
1640649600,28.24,28.26,24.4,24.71,25.790000000000003,1609119.8548,0,coinbase
1640736000,24.73,25.33,23.53,24.05,24.30333333333333,1090940.1822,0,coinbase
1640822400,24.05,26.04,23.28,24.76,24.69333333333333,1203897.1896,0,coinbase
1640908800,24.78,26.59,23.98,24.42,24.99666666666667,1224583.6653,0,coinbase
1640995200,24.43,26.01,24.41,25.61,25.343333333333334,702382.7479,0,coinbase
1641081600,25.62,28.6,25.39,27.33,27.106666666666666,1178909.3108,0,coinbase
1641168000,27.33,29.47,26.5,29.28,28.416666666666668,1203846.9485,0,coinbase
1641254400,29.32,35.55,27.78,33.82,32.38333333333333,2695683.9113,0,coinbase
1641340800,33.79,37.93,29.16,30.63,32.57333333333333,3824298.1499,0,coinbase
1641427200,30.62,32.59,28.56,30.59,30.580000000000002,2502286.942,0,coinbase
1641513600,30.57,32.45,27.04,30.22,29.903333333333336,2394959.3546,0,coinbase
1641600000,30.25,33.92,30.06,32.9,32.29333333333333,2007091.4205,0,coinbase
1641686400,32.93,37.36,32.83,36.14,35.443333333333335,2488307.3734,0,coinbase
1641772800,36.14,37.75,32.21,34.29,34.75,2485220.4467,0,coinbase
1641859200,34.32,37.04,33.57,34.45,35.02,1542488.2913,0,coinbase
1641945600,34.45,35.95,32.47,34.99,34.47,1488250.6506,0,coinbase
1642032000,35.01,35.05,31.07,31.39,32.50333333333334,1289014.0865,0,coinbase
1642118400,31.38,33.11,31.04,32.55,32.233333333333334,1047139.0004,0,coinbase
1642204800,32.56,34.0,31.76,32.55,32.77,829815.9421,0,coinbase
1642291200,32.54,33.12,30.57,31.18,31.623333333333335,735249.7352,0,coinbase
1642377600,31.18,31.34,28.62,29.62,29.86,860939.2445,0,coinbase
1642464000,29.63,31.69,28.18,29.38,29.75,835552.0849,0,coinbase
1642550400,29.36,29.6,26.1,26.53,27.41,945536.6605,0,coinbase
1642636800,26.53,28.61,24.76,24.98,26.11666666666667,1071518.4013,0,coinbase
1642723200,24.97,25.49,22.33,24.19,24.00333333333333,1949122.0894,0,coinbase
1642809600,24.16,25.35,18.11,20.54,21.333333333333332,2579728.2174,0,coinbase
1642896000,20.55,22.14,20.05,21.28,21.156666666666666,1364180.4127,0,coinbase
1642982400,21.27,21.9,18.4,20.73,20.343333333333334,1978594.8916,0,coinbase
1643068800,20.72,21.39,19.65,20.06,20.366666666666664,1098263.6812,0,coinbase
1643155200,20.07,22.0,19.67,19.86,20.51,1736189.1323,0,coinbase
1643241600,19.86,20.07,18.5,19.61,19.393333333333334,1171661.7019,0,coinbase
1643328000,19.58,20.64,18.93,20.32,19.963333333333335,1130851.1344,0,coinbase
1643414400,20.32,21.36,20.02,20.18,20.52,1137237.299,0,coinbase
1643500800,20.19,20.48,18.84,19.27,19.53,1242005.8754,0,coinbase
1643587200,19.26,20.06,18.54,19.82,19.473333333333333,1179568.8831,0,coinbase
1643673600,19.82,20.54,19.66,20.18,20.12666666666667,1117584.7897,0,coinbase
1643760000,20.18,22.35,19.94,21.59,21.293333333333337,2179630.5582,0,coinbase
1643846400,21.6,22.06,20.05,20.81,20.973333333333333,1195480.5168,0,coinbase
1643932800,20.79,22.39,20.43,22.27,21.69666666666667,1114936.7437,0,coinbase
1644019200,22.27,23.18,21.89,22.26,22.44333333333333,863876.2321,0,coinbase
1644105600,22.25,24.27,22.25,23.36,23.293333333333333,1160584.1,0,coinbase
1644192000,23.38,24.45,22.77,24.04,23.75333333333333,1186955.1658,0,coinbase
1644278400,24.06,24.67,22.29,23.02,23.326666666666668,1377565.4784,0,coinbase
1644364800,23.04,23.41,22.46,23.1,22.99,934994.3064,0,coinbase
1644451200,23.1,23.24,21.45,21.59,22.093333333333334,1288356.9562,0,coinbase
1644537600,21.6,22.08,19.36,19.82,20.419999999999998,1058938.0782,0,coinbase
1644624000,19.82,20.57,19.06,20.07,19.9,1006321.3889,0,coinbase
1644710400,20.06,20.81,19.51,19.76,20.026666666666667,604129.6899,0,coinbase
1644796800,19.76,21.28,19.16,20.74,20.39333333333333,847221.1234,0,coinbase
1644883200,20.74,21.88,20.55,21.78,21.403333333333336,642961.8977,0,coinbase
1644969600,21.8,22.58,20.73,22.08,21.796666666666667,976178.1402,0,coinbase
1645056000,22.08,22.54,19.57,19.86,20.656666666666666,1259486.9628,0,coinbase
1645142400,19.86,20.42,19.14,19.61,19.723333333333333,794050.8921,0,coinbase
1645228800,19.62,20.48,19.15,20.0,19.876666666666665,600748.4597,0,coinbase
1645315200,20.01,20.04,18.28,18.71,19.01,827547.3439,0,coinbase
1645401600,18.71,19.46,17.68,17.77,18.30333333333333,977589.7555,0,coinbase
1645488000,17.78,18.21,16.82,17.92,17.650000000000002,1051861.7639,0,coinbase
1645574400,17.91,18.59,17.12,17.3,17.67,723265.7095,0,coinbase
1645660800,17.3,17.5,14.7,16.62,16.273333333333337,2527204.2947,0,coinbase
1645747200,16.62,17.99,16.35,17.68,17.34,1318534.1471,0,coinbase
1645833600,17.67,18.44,17.37,17.75,17.853333333333335,749787.7349,0,coinbase
1645920000,17.75,18.8,16.88,17.24,17.64,796481.8674,0,coinbase
1646006400,17.23,20.21,16.93,20.13,19.09,822181.0141,0,coinbase
1646092800,20.12,20.49,19.08,19.38,19.649999999999995,1025929.2557,0,coinbase
1646179200,19.36,19.86,18.76,19.31,19.310000000000002,696498.1787,0,coinbase
1646265600,19.33,20.74,18.87,19.97,19.86,1114727.6278,0,coinbase
1646352000,19.99,19.99,17.36,17.62,18.323333333333334,708723.7402,0,coinbase
1646438400,17.63,17.91,16.83,17.66,17.466666666666665,647627.416,0,coinbase
1646524800,17.68,17.78,16.58,16.6,16.986666666666668,737530.7882,0,coinbase
1646611200,16.6,17.33,15.82,16.42,16.523333333333333,1453046.9366,0,coinbase
1646697600,16.42,17.15,16.3,16.87,16.773333333333337,626200.6248,0,coinbase
1646784000,16.85,17.93,16.74,17.47,17.38,1082685.9629,0,coinbase
1646870400,17.48,17.54,16.09,16.62,16.75,828461.9521,0,coinbase
1646956800,16.61,16.95,15.94,16.01,16.3,665076.5691,0,coinbase
1647043200,16.0,16.64,15.99,16.06,16.23,417493.6043,0,coinbase
1647129600,16.08,16.45,15.46,15.75,15.886666666666665,623283.9414,0,coinbase
1647216000,15.75,16.23,15.56,16.18,15.99,637464.314,0,coinbase
1647302400,16.18,16.46,15.34,15.85,15.883333333333333,928841.6284,0,coinbase
1647388800,15.86,16.5,15.59,16.5,16.19666666666667,1119365.0845,0,coinbase
1647475200,16.49,17.22,16.31,16.56,16.69666666666667,863401.3155,0,coinbase
1647561600,16.58,17.08,16.16,16.88,16.706666666666663,1069267.4586,0,coinbase
1647648000,16.9,17.69,16.76,17.62,17.35666666666667,1049032.5801,0,coinbase
1647734400,17.62,17.79,16.61,16.77,17.05666666666667,515643.6263,0,coinbase
1647820800,16.78,17.23,16.26,16.95,16.813333333333333,879309.524,0,coinbase
1647907200,16.96,18.46,16.8,18.02,17.76,1325300.8988,0,coinbase
1647993600,18.02,19.55,17.77,18.98,18.766666666666666,1762093.8963,0,coinbase
1648080000,18.98,19.84,18.66,19.41,19.30333333333333,1229162.1131,0,coinbase
1648166400,19.41,20.06,18.62,18.76,19.146666666666665,1268622.2157,0,coinbase
1648252800,18.78,19.6,18.56,19.45,19.203333333333333,520801.1749,0,coinbase
1648339200,19.45,22.0,18.96,21.9,20.953333333333333,1452383.0735,0,coinbase
1648425600,21.89,23.51,21.22,21.79,22.173333333333336,2352901.6431,0,coinbase
1648512000,21.81,23.29,21.38,22.13,22.266666666666666,1881228.1633,0,coinbase
1648598400,22.14,22.44,21.14,21.81,21.796666666666667,1388407.3847,0,coinbase
1648684800,21.81,23.32,20.23,21.0,21.516666666666666,1967857.5717,0,coinbase
1648771200,21.0,21.84,19.95,21.6,21.13,1129813.1045,0,coinbase
1648857600,21.58,22.5,20.9,21.0,21.46666666666667,936414.147,0,coinbase
1648944000,21.02,22.83,20.64,22.64,22.036666666666665,771912.2093,0,coinbase
1649030400,22.65,23.51,20.74,21.88,22.043333333333333,1307918.2562,0,coinbase
1649116800,21.88,22.85,20.86,21.06,21.59,883668.3963,0,coinbase
1649203200,21.04,21.16,18.61,18.73,19.5,1529460.8456,0,coinbase
1649289600,18.72,19.49,18.32,19.29,19.033333333333335,980817.6221,0,coinbase
1649376000,19.27,19.59,17.76,18.0,18.45,1016125.9438,0,coinbase
1649462400,17.99,18.45,17.82,18.39,18.22,497954.3355,0,coinbase
1649548800,18.4,18.46,17.26,17.36,17.69333333333333,556918.1254,0,coinbase
1649635200,17.34,17.53,15.6,16.09,16.406666666666666,1035748.0818,0,coinbase
1649721600,16.08,17.07,15.97,16.61,16.55,914332.4503,0,coinbase
1649808000,16.62,17.16,16.18,16.97,16.77,652354.3025,0,coinbase
1649894400,16.96,17.32,16.13,16.49,16.646666666666665,542267.6119,0,coinbase
1649980800,16.49,16.97,16.38,16.8,16.716666666666665,326409.3171,0,coinbase
1650067200,16.82,17.77,16.53,17.57,17.29,380285.4415,0,coinbase
1650153600,17.57,17.93,16.35,16.41,16.896666666666665,522518.1519,0,coinbase
1650240000,16.4,17.15,15.68,16.97,16.599999999999998,516860.578,0,coinbase
1650326400,16.97,17.73,16.79,17.41,17.31,424520.1459,0,coinbase
1650412800,17.41,17.83,16.7,17.1,17.21,435968.586,0,coinbase
1650499200,17.08,17.78,16.14,16.46,16.793333333333333,618153.091,0,coinbase
1650585600,16.46,17.01,16.24,16.59,16.613333333333333,482517.6167,0,coinbase
1650672000,16.58,17.2,16.41,16.48,16.69666666666667,384854.1133,0,coinbase
1650758400,16.46,16.69,16.04,16.2,16.310000000000002,281135.4353,0,coinbase
1650844800,16.22,16.26,15.01,16.14,15.803333333333335,498979.6743,0,coinbase
1650931200,16.15,16.42,14.53,14.99,15.313333333333334,820604.9504,0,coinbase
1651017600,14.99,15.6,14.76,15.3,15.219999999999999,416614.1877,0,coinbase
1651104000,15.3,15.55,14.91,15.11,15.19,451601.3923,0,coinbase
1651190400,15.12,15.24,13.67,14.15,14.353333333333333,446546.0803,0,coinbase
1651276800,14.15,14.36,11.32,12.43,12.703333333333333,892112.8496,0,coinbase
1651363200,12.42,13.38,12.16,13.05,12.863333333333335,650860.1371,0,coinbase
1651449600,13.06,13.23,12.33,12.95,12.836666666666668,582741.9741,0,coinbase
1651536000,12.94,13.56,12.54,12.8,12.966666666666669,578225.6384,0,coinbase
1651622400,12.82,14.42,12.78,14.27,13.823333333333332,735869.3887,0,coinbase
1651708800,14.26,14.58,12.24,12.71,13.176666666666668,846882.4671,0,coinbase
1651795200,12.71,12.8,12.18,12.47,12.483333333333334,582737.0587,0,coinbase
1651881600,12.48,12.54,11.65,12.07,12.086666666666666,362514.0614,0,coinbase
1651968000,12.06,12.3,11.68,11.91,11.963333333333333,439238.9158,0,coinbase
1652054400,11.91,12.16,9.78,9.91,10.616666666666665,1444668.7719,0,coinbase
1652140800,9.9,11.62,9.61,10.57,10.6,2068876.0567,0,coinbase
1652227200,10.55,10.85,7.0,7.42,8.423333333333334,2815244.4133,0,coinbase
1652313600,7.43,8.05,5.9,7.22,7.0566666666666675,1950290.2025,0,coinbase
1652400000,7.22,10.4,7.07,9.27,8.913333333333332,2202072.886,0,coinbase
1652486400,9.27,9.42,7.65,8.53,8.533333333333333,1449184.3852,0,coinbase
1652572800,8.53,9.24,8.04,9.22,8.833333333333334,1076439.6443,0,coinbase
1652659200,9.22,9.22,7.97,8.1,8.43,1278776.5571,0,coinbase
1652745600,8.1,8.71,8.09,8.62,8.473333333333334,843086.3519,0,coinbase
1652832000,8.62,8.76,7.44,7.49,7.896666666666666,886992.4154,0,coinbase
1652918400,7.48,8.31,7.29,8.18,7.926666666666667,796447.982,0,coinbase
1653004800,8.19,8.46,7.54,7.77,7.923333333333333,829865.2388,0,coinbase
1653091200,7.77,8.23,7.6,7.99,7.94,550872.037,0,coinbase
1653177600,8.0,8.36,7.83,8.22,8.136666666666665,641107.5864,0,coinbase
1653264000,8.21,8.85,7.56,7.76,8.056666666666667,1412610.2327,0,coinbase
1653350400,7.76,7.92,7.32,7.92,7.72,801491.0442,0,coinbase
1653436800,7.92,8.06,7.6,7.77,7.81,785441.3871,0,coinbase
1653523200,7.78,7.91,6.95,7.3,7.386666666666667,1195246.3862,0,coinbase
1653609600,7.29,7.51,6.81,6.95,7.09,1284336.6285,0,coinbase
1653696000,6.96,7.42,6.74,7.22,7.126666666666666,608189.7134,0,coinbase
1653782400,7.23,7.41,6.97,7.12,7.166666666666667,617106.1669,0,coinbase
1653868800,7.13,8.35,7.04,8.11,7.833333333333333,1465629.8,0,coinbase
1653955200,8.11,8.71,7.96,8.27,8.313333333333334,1655127.2802,0,coinbase
1654041600,8.28,8.43,7.47,7.63,7.843333333333333,1469475.9858,0,coinbase
1654128000,7.62,9.808,7.49,9.44,8.912666666666667,2922587.312,0,coinbase
1654214400,9.44,9.62,7.8,7.905,8.441666666666666,4073922.3231,0,coinbase
1654300800,7.904,7.97,7.49,7.737,7.732333333333334,1684731.4764,0,coinbase
1654387200,7.739,7.754,7.264,7.34,7.4526666666666666,1480402.8106,0,coinbase
1654473600,7.336,8.06,7.313,7.592,7.655,1767505.6295,0,coinbase
1654560000,7.595,7.595,6.74,6.828,7.054333333333333,2413868.6467,0,coinbase
1654646400,6.829,7.01,6.49,6.502,6.667333333333333,1873202.0028,0,coinbase
1654732800,6.502,6.96,6.291,6.399,6.550000000000001,1825099.5304,0,coinbase
1654819200,6.399,6.536,6.042,6.093,6.2236666666666665,1531793.355,0,coinbase
1654905600,6.095,6.69,5.545,5.966,6.067,4994630.9696,0,coinbase
1654992000,5.967,6.438,5.43,5.636,5.834666666666666,3595375.4495,0,coinbase
1655078400,5.637,6.11,5.147,5.442,5.566333333333334,4241061.3843,0,coinbase
1655164800,5.44,5.9,5.148,5.558,5.535333333333334,2012781.1956,0,coinbase
1655251200,5.545,6.049,5.016,5.978,5.681,1899481.6633,0,coinbase
1655337600,5.983,6.045,5.25,5.32,5.538333333333334,1321806.5113,0,coinbase
1655424000,5.32,5.552,5.2,5.44,5.397333333333333,763359.1125,0,coinbase
1655510400,5.436,5.544,4.6,5.133,5.0923333333333325,1365720.5503,0,coinbase
1655596800,5.14,5.54,4.88,5.479,5.299666666666667,1041186.8286,0,coinbase
1655683200,5.481,5.897,5.25,5.764,5.6370000000000005,1488116.8508,0,coinbase
1655769600,5.772,6.27,5.644,5.819,5.9110000000000005,1091267.7131,0,coinbase
1655856000,5.823,5.834,5.383,5.45,5.555666666666666,994937.5777,0,coinbase
1655942400,5.45,5.866,5.42,5.817,5.7010000000000005,747222.28,0,coinbase
1656028800,5.821,6.25,5.722,6.107,6.0263333333333335,815296.6636,0,coinbase
1656115200,6.114,6.46,5.92,6.316,6.231999999999999,732279.1646,0,coinbase
1656201600,6.318,6.341,5.733,5.74,5.938,781976.6445,0,coinbase
1656288000,5.741,6.123,5.665,5.783,5.857,791070.9171,0,coinbase
1656374400,5.777,6.02,5.42,5.473,5.637666666666667,1023351.4985,0,coinbase
1656460800,5.474,5.608,5.245,5.408,5.420333333333333,724549.9339,0,coinbase
1656547200,5.408,5.434,5.006,5.356,5.265333333333333,921933.1263,0,coinbase
1656633600,5.349,5.462,5.122,5.224,5.269333333333333,623059.4132,0,coinbase
1656720000,5.231,5.361,5.123,5.236,5.239999999999999,417503.2156,0,coinbase
1656806400,5.229,5.285,5.11,5.243,5.212666666666666,345745.3625,0,coinbase
1656892800,5.237,5.607,5.184,5.585,5.458666666666667,549671.525,0,coinbase
1656979200,5.585,5.731,5.27,5.507,5.502666666666666,544612.6049,0,coinbase
1657065600,5.51,5.724,5.392,5.624,5.579999999999999,758070.5094,0,coinbase
1657152000,5.628,6.398,5.56,6.245,6.067666666666667,1542986.1267,0,coinbase
1657238400,6.249,7.465,5.954,6.955,6.791333333333334,2556577.4251,0,coinbase
1657324800,6.944,7.297,6.862,6.962,7.040333333333333,1523020.1149,0,coinbase
1657411200,6.96,7.039,6.312,6.384,6.578333333333333,1073566.2002,0,coinbase
1657497600,6.384,6.9,6.08,6.277,6.4190000000000005,1730758.6879,0,coinbase
1657584000,6.282,6.61,6.175,6.281,6.355333333333333,1304570.3853,0,coinbase
1657670400,6.286,6.542,5.877,6.493,6.303999999999999,1415942.1715,0,coinbase
1657756800,6.5,6.931,6.258,6.832,6.673666666666667,1219972.4177,0,coinbase
1657843200,6.834,7.153,6.683,6.813,6.882999999999999,813699.9906,0,coinbase
1657929600,6.813,7.45,6.621,7.116,7.062333333333334,711235.6413,0,coinbase
1658016000,7.116,7.617,6.831,7.228,7.225333333333334,762476.3451,0,coinbase
1658102400,7.237,7.84,7.194,7.533,7.522333333333333,913643.9473,0,coinbase
1658188800,7.552,7.623,7.101,7.359,7.361,970682.3756,0,coinbase
1658275200,7.353,7.579,6.524,6.729,6.944,1013669.7664,0,coinbase
1658361600,6.722,6.995,6.42,6.891,6.7686666666666655,554229.8232,0,coinbase
1658448000,6.891,7.1,6.384,6.481,6.655,673684.5533,0,coinbase
1658534400,6.48,6.78,6.288,6.683,6.583666666666667,613459.2514,0,coinbase
1658620800,6.686,6.807,6.526,6.601,6.644666666666667,448978.0168,0,coinbase
1658707200,6.601,6.616,6.144,6.215,6.325,893222.1961,0,coinbase
1658793600,6.209,6.605,6.024,6.585,6.404666666666667,763023.3532,0,coinbase
1658880000,6.591,7.162,6.372,7.151,6.895,869678.5606,0,coinbase
1658966400,7.152,7.455,6.98,7.265,7.233333333333333,1302177.4239,0,coinbase
1659052800,7.267,8.182,6.968,8.06,7.736666666666667,1591668.9166,0,coinbase
1659139200,8.055,9.4,8.016,8.273,8.563,3166250.352,0,coinbase
1659225600,8.278,9.8,8.069,8.978,8.949,2195396.579,0,coinbase
1659312000,8.984,9.363,8.06,8.343,8.588666666666667,1400677.4529,0,coinbase
1659398400,8.335,8.434,7.49,8.0,7.974666666666667,1469608.7857,0,coinbase
1659484800,8.0,8.384,7.645,7.861,7.963333333333334,1148160.0869,0,coinbase
1659571200,7.857,8.286,7.855,7.98,8.040333333333333,640728.0116,0,coinbase
1659657600,7.986,8.393,7.909,8.375,8.225666666666667,657466.7075,0,coinbase
1659744000,8.38,8.685,8.236,8.285,8.402,634594.0933,0,coinbase
1659830400,8.277,8.372,8.101,8.239,8.237333333333334,322038.601,0,coinbase
1659916800,8.237,8.662,8.154,8.259,8.358333333333334,524817.0642,0,coinbase
1660003200,8.257,8.37,7.575,7.83,7.925,709158.0981,0,coinbase
1660089600,7.815,8.451,7.613,8.348,8.137333333333332,704094.7863,0,coinbase
1660176000,8.348,8.7,8.043,8.191,8.311333333333332,645300.7928,0,coinbase
1660262400,8.192,8.426,8.028,8.383,8.279,297670.9078,0,coinbase
1660348800,8.388,8.543,8.161,8.195,8.299666666666667,334057.0029,0,coinbase
1660435200,8.185,8.399,7.88,8.001,8.093333333333334,428621.9753,0,coinbase
1660521600,8.01,8.221,7.639,7.794,7.884666666666667,514762.1886,0,coinbase
1660608000,7.798,7.88,7.612,7.773,7.755,430314.2094,0,coinbase
1660694400,7.783,8.247,7.334,7.382,7.654333333333334,793406.6399,0,coinbase
1660780800,7.37,7.505,6.765,6.875,7.048333333333333,537823.767,0,coinbase
1660867200,6.872,6.892,6.268,6.428,6.529333333333334,990380.7935,0,coinbase
1660953600,6.442,6.745,6.08,6.301,6.375333333333333,767933.9141,0,coinbase
1661040000,6.31,6.604,6.26,6.45,6.438,504411.282,0,coinbase
1661126400,6.45,6.472,6.097,6.382,6.317,584895.4,0,coinbase
1661212800,6.385,6.474,6.135,6.393,6.334,751736.749,0,coinbase
1661299200,6.397,6.661,6.262,6.403,6.441999999999999,682160.5632,0,coinbase
1661385600,6.406,6.657,6.249,6.333,6.412999999999999,648526.3952,0,coinbase
1661472000,6.337,6.391,5.647,5.742,5.926666666666667,946121.8812,0,coinbase
1661558400,5.742,6.45,5.672,6.303,6.141666666666667,1273575.4694,0,coinbase
1661644800,6.296,6.611,6.075,6.275,6.320333333333333,1196295.7419,0,coinbase
1661731200,6.286,6.746,6.15,6.674,6.523333333333333,747071.0106,0,coinbase
1661817600,6.679,6.838,6.167,6.273,6.425999999999999,835044.1504,0,coinbase
1661904000,6.27,6.505,6.2,6.24,6.315,386768.2029,0,coinbase
1661990400,6.24,6.331,6.074,6.313,6.239333333333334,296180.3012,0,coinbase
1662076800,6.316,6.435,6.12,6.281,6.278666666666666,582920.5771,0,coinbase
1662163200,6.275,6.637,6.19,6.499,6.442,674361.2087,0,coinbase
1662249600,6.502,6.82,6.282,6.699,6.600333333333334,772798.7509,0,coinbase
1662336000,6.7,6.85,6.393,6.741,6.661333333333332,897295.4055,0,coinbase
1662422400,6.748,6.98,6.163,6.22,6.4543333333333335,754156.29,0,coinbase
1662508800,6.217,6.511,6.042,6.476,6.343,475084.1845,0,coinbase
1662595200,6.479,6.55,6.305,6.484,6.446333333333333,443266.7099,0,coinbase
1662681600,6.489,7.298,6.484,7.093,6.958333333333333,751478.0017,0,coinbase
1662768000,7.099,7.334,7.001,7.138,7.157666666666667,589032.2936,0,coinbase
1662854400,7.136,7.442,6.997,7.173,7.204000000000001,494839.8643,0,coinbase
1662940800,7.175,7.253,6.852,6.928,7.011,427963.7509,0,coinbase
1663027200,6.925,7.106,6.377,6.4,6.627666666666667,380481.8189,0,coinbase
1663113600,6.4,6.539,6.169,6.301,6.336333333333333,321927.5058,0,coinbase
1663200000,6.307,6.391,5.955,6.13,6.158666666666666,483355.6422,0,coinbase
1663286400,6.131,6.272,5.942,6.185,6.133,408543.7071,0,coinbase
1663372800,6.191,6.395,6.152,6.285,6.277333333333334,335276.8915,0,coinbase
1663459200,6.285,6.285,5.48,5.847,5.870666666666668,482692.2712,0,coinbase
1663545600,5.855,6.205,5.61,6.062,5.9590000000000005,727119.0259,0,coinbase
1663632000,6.061,6.134,5.86,5.925,5.973,362839.7752,0,coinbase
1663718400,5.918,6.172,5.74,5.901,5.937666666666666,342975.804,0,coinbase
1663804800,5.923,6.133,5.885,6.075,6.031,321745.6415,0,coinbase
1663891200,6.074,6.459,5.941,6.22,6.206666666666666,652475.522,0,coinbase
1663977600,6.228,6.261,6.025,6.057,6.1143333333333345,263197.0515,0,coinbase
1664064000,6.052,6.088,5.835,5.911,5.9446666666666665,279087.9003,0,coinbase
1664150400,5.905,6.31,5.766,6.241,6.105666666666667,403267.671,0,coinbase
1664236800,6.241,6.509,5.986,6.084,6.1930000000000005,499863.8472,0,coinbase
1664323200,6.077,6.145,5.88,6.05,6.0249999999999995,280942.7661,0,coinbase
1664409600,6.048,6.158,5.907,6.139,6.0680000000000005,298817.4444,0,coinbase
1664496000,6.147,6.223,6.026,6.071,6.1066666666666665,300090.2529,0,coinbase
1664582400,6.071,6.168,6.006,6.115,6.096333333333334,226933.1866,0,coinbase
1664668800,6.113,6.19,5.87,5.899,5.9863333333333335,237741.6073,0,coinbase
1664755200,5.898,6.1,5.842,6.028,5.989999999999999,257075.1495,0,coinbase
1664841600,6.027,6.22,5.979,6.177,6.125333333333333,286592.2428,0,coinbase
1664928000,6.183,6.186,5.899,6.026,6.037,327682.3898,0,coinbase
1665014400,6.03,6.151,5.959,5.977,6.029,307351.449,0,coinbase
1665100800,5.979,6.009,5.887,5.949,5.948333333333333,186216.7388,0,coinbase
1665187200,5.951,5.975,5.782,5.815,5.857333333333333,209625.1021,0,coinbase
1665273600,5.817,5.9,5.8,5.854,5.851333333333333,217735.6424,0,coinbase
1665360000,5.852,5.902,5.253,5.317,5.490666666666667,793097.262,0,coinbase
1665446400,5.318,5.38,5.2,5.226,5.268666666666667,841795.2899,0,coinbase
1665532800,5.226,5.322,4.999,5.069,5.13,777384.9121,0,coinbase
1665619200,5.071,5.132,4.674,5.03,4.945333333333334,899265.1076,0,coinbase
1665705600,5.03,5.263,4.779,4.86,4.967333333333333,564031.4702,0,coinbase
1665792000,4.86,5.035,4.792,4.923,4.916666666666667,463014.559,0,coinbase
1665878400,4.931,5.15,4.921,4.984,5.0183333333333335,431326.6073,0,coinbase
1665964800,4.993,5.152,4.945,5.082,5.059666666666668,469156.7571,0,coinbase
1666051200,5.09,5.135,4.838,4.953,4.9753333333333325,571711.9779,0,coinbase
1666137600,4.95,5.005,4.776,4.811,4.864,455073.4517,0,coinbase
1666224000,4.81,4.98,4.773,4.821,4.858,502122.4861,0,coinbase
1666310400,4.822,4.943,4.638,4.903,4.827999999999999,612484.3112,0,coinbase
1666396800,4.905,4.96,4.831,4.917,4.902666666666667,208447.4655,0,coinbase
1666483200,4.915,5.04,4.801,5.03,4.957000000000001,440503.2312,0,coinbase
1666569600,5.032,5.046,4.737,4.815,4.8660000000000005,453080.661,0,coinbase
1666656000,4.818,5.115,4.798,5.023,4.978666666666666,600931.869,0,coinbase
1666742400,5.025,5.164,4.938,5.088,5.0633333333333335,463958.9045,0,coinbase
1666828800,5.086,5.363,4.999,5.025,5.1290000000000004,779897.2812,0,coinbase
1666915200,5.029,5.22,4.97,5.171,5.120333333333334,494834.7317,0,coinbase
1667001600,5.171,5.786,5.169,5.409,5.454666666666665,717597.959,0,coinbase
1667088000,5.409,5.523,5.201,5.318,5.347333333333334,644728.3264,0,coinbase
1667174400,5.318,5.468,5.129,5.287,5.294666666666667,500335.6004,0,coinbase
1667260800,5.284,5.38,5.16,5.184,5.241333333333333,475241.7604,0,coinbase
1667347200,5.183,5.228,4.859,4.928,5.005,869726.4862,0,coinbase
1667433600,4.931,5.605,4.904,5.38,5.296333333333333,1223391.9443,0,coinbase
1667520000,5.38,5.798,5.38,5.631,5.603000000000001,1177154.8711,0,coinbase
1667606400,5.629,5.801,5.481,5.559,5.613666666666667,1311694.8447,0,coinbase
1667692800,5.57,5.684,5.156,5.201,5.347,730041.6836,0,coinbase
1667779200,5.2,5.328,5.009,5.186,5.174333333333333,860665.8641,0,coinbase
1667865600,5.18,5.267,4.0,4.366,4.544333333333333,1947766.2662,0,coinbase
1667952000,4.368,4.513,3.495,3.668,3.8919999999999995,1818667.1698,0,coinbase
1668038400,3.668,4.398,3.58,4.258,4.078666666666667,2047034.25,0,coinbase
1668124800,4.25,4.401,3.884,4.013,4.099333333333333,1690233.217,0,coinbase
1668211200,4.01,4.012,3.745,3.816,3.857666666666667,867087.2114,0,coinbase
1668297600,3.814,4.119,3.672,3.922,3.9043333333333337,1126934.8081,0,coinbase
1668384000,3.927,4.093,3.64,3.927,3.8866666666666667,1547513.5039,0,coinbase
1668470400,3.926,4.1,3.883,3.971,3.984666666666667,963572.7583,0,coinbase
1668556800,3.97,4.032,3.806,3.872,3.9033333333333338,516656.0084,0,coinbase
1668643200,3.872,3.934,3.72,3.752,3.8019999999999996,578775.1384,0,coinbase
1668729600,3.755,3.879,3.733,3.83,3.814,539494.4148,0,coinbase
1668816000,3.829,4.024,3.758,3.962,3.9146666666666667,856837.3327,0,coinbase
1668902400,3.961,4.068,3.583,3.606,3.752333333333333,1339596.3657,0,coinbase
1668988800,3.602,3.725,3.504,3.621,3.6166666666666667,785354.3913,0,coinbase
1669075200,3.617,3.746,3.513,3.721,3.66,700943.0927,0,coinbase
1669161600,3.716,3.955,3.7,3.916,3.8569999999999998,762931.0215,0,coinbase
1669248000,3.917,3.983,3.819,3.876,3.8926666666666665,645020.064,0,coinbase
1669334400,3.875,3.926,3.765,3.922,3.8710000000000004,679303.1758,0,coinbase
1669420800,3.923,4.047,3.87,3.886,3.9343333333333335,772862.2121,0,coinbase
1669507200,3.888,4.12,3.887,3.893,3.9666666666666663,673370.7916,0,coinbase
1669593600,3.893,3.969,3.758,3.852,3.859666666666667,572754.1724,0,coinbase
1669680000,3.846,3.97,3.812,3.966,3.9160000000000004,448224.0022,0,coinbase
1669766400,3.969,4.156,3.96,4.097,4.071000000000001,976046.1794,0,coinbase
1669852800,4.101,4.257,4.015,4.117,4.129666666666666,1039337.7094,0,coinbase
1669939200,4.119,4.354,4.006,4.285,4.215,1247815.4703,0,coinbase
1670025600,4.281,4.356,4.116,4.137,4.202999999999999,615056.2412,0,coinbase
1670112000,4.132,4.393,4.132,4.345,4.289999999999999,586936.4056,0,coinbase
1670198400,4.348,4.603,4.332,4.431,4.455333333333333,1028688.0325,0,coinbase
1670284800,4.429,4.488,4.323,4.381,4.397333333333333,594125.4411,0,coinbase
1670371200,4.378,4.439,4.111,4.175,4.241666666666667,645748.0836,0,coinbase
1670457600,4.175,4.339,4.064,4.284,4.229,951470.6339,0,coinbase
1670544000,4.285,4.48,4.251,4.375,4.368666666666667,680513.6226,0,coinbase
1670630400,4.374,4.432,4.301,4.408,4.380333333333334,245618.0826,0,coinbase
1670716800,4.405,4.47,4.207,4.218,4.298333333333333,342466.8265,0,coinbase
1670803200,4.219,4.235,4.074,4.175,4.161333333333334,807906.9359,0,coinbase
1670889600,4.175,4.296,3.953,4.167,4.1386666666666665,1016758.4041,0,coinbase
1670976000,4.167,4.212,3.974,3.99,4.058666666666666,971423.5272,0,coinbase
1671062400,3.994,4.046,3.856,3.929,3.9436666666666667,547958.4246,0,coinbase
1671148800,3.926,3.982,3.5,3.56,3.6806666666666668,939553.4469,0,coinbase
1671235200,3.557,3.745,3.421,3.684,3.616666666666667,1093555.8558,0,coinbase
1671321600,3.686,3.738,3.605,3.688,3.677,415804.9102,0,coinbase
1671408000,3.687,3.742,3.364,3.497,3.534333333333333,819830.2067,0,coinbase
1671494400,3.496,3.749,3.451,3.717,3.639,725518.2421,0,coinbase
1671580800,3.713,3.742,3.586,3.719,3.682333333333333,760369.7181,0,coinbase
1671667200,3.718,3.779,3.61,3.742,3.7103333333333333,529536.2002,0,coinbase
1671753600,3.743,3.79,3.631,3.667,3.6959999999999997,724161.3656,0,coinbase
1671840000,3.666,3.765,3.66,3.749,3.7246666666666672,417670.2909,0,coinbase
1671926400,3.749,3.781,3.703,3.764,3.749333333333333,399067.313,0,coinbase
1672012800,3.766,3.938,3.766,3.856,3.8533333333333335,1026217.8319,0,coinbase
1672099200,3.858,3.936,3.764,3.838,3.846,493147.1843,0,coinbase
1672185600,3.838,4.041,3.78,3.958,3.9263333333333335,1367054.223,0,coinbase
1672272000,3.957,4.103,3.906,4.017,4.008666666666667,1225286.8255,0,coinbase
1672358400,4.019,4.204,3.895,4.122,4.073666666666667,859849.8943,0,coinbase
1672444800,4.12,4.185,3.92,3.938,4.014333333333334,671439.8012,0,coinbase
1672531200,3.938,4.056,3.912,4.02,3.996,316193.6519,0,coinbase
1672617600,4.019,4.235,3.933,4.013,4.060333333333333,879767.3208,0,coinbase
1672704000,4.01,4.053,3.832,3.911,3.932,1071808.4007,0,coinbase
1672790400,3.911,4.049,3.896,3.943,3.962666666666667,727956.6329,0,coinbase
1672876800,3.945,3.973,3.789,3.815,3.859,620117.9828,0,coinbase
1672963200,3.816,3.917,3.761,3.901,3.859666666666667,492314.1148,0,coinbase
1673049600,3.904,4.04,3.887,4.016,3.981,578300.1582,0,coinbase
1673136000,4.014,4.126,3.94,4.112,4.059333333333334,706270.3843,0,coinbase
1673222400,4.114,4.376,4.092,4.243,4.237,1187712.152,0,coinbase
1673308800,4.243,4.333,4.156,4.319,4.269333333333333,458009.3897,0,coinbase
1673395200,4.319,4.377,4.115,4.341,4.277666666666668,664655.2124,0,coinbase
1673481600,4.346,4.539,4.227,4.507,4.424333333333333,915404.5086,0,coinbase
1673568000,4.513,4.682,4.353,4.605,4.546666666666667,735676.0209,0,coinbase
1673654400,4.605,5.332,4.594,5.066,4.997333333333334,1529183.778,0,coinbase
1673740800,5.064,5.45,4.925,5.147,5.174,1485745.468,0,coinbase
1673827200,5.152,5.282,4.822,5.033,5.0456666666666665,1038342.5286,0,coinbase
1673913600,5.035,5.475,4.924,5.095,5.164666666666666,682401.0644,0,coinbase
1674000000,5.092,5.575,4.92,4.944,5.146333333333334,949781.1317,0,coinbase
1674086400,4.94,5.164,4.762,5.14,5.021999999999999,783344.0657,0,coinbase
1674172800,5.137,5.699,4.924,5.497,5.373333333333334,927294.0258,0,coinbase
1674259200,5.493,5.724,5.391,5.412,5.509,984932.4687,0,coinbase
1674345600,5.417,5.98,5.328,5.545,5.6176666666666675,839873.6022,0,coinbase
1674432000,5.545,5.963,5.545,5.805,5.771,835585.4948,0,coinbase
1674518400,5.806,5.981,5.456,5.515,5.650666666666667,837635.7267,0,coinbase
1674604800,5.512,5.932,5.383,5.765,5.693333333333334,697365.9471,0,coinbase
1674691200,5.765,6.064,5.705,5.83,5.866333333333333,1135432.3343,0,coinbase
1674777600,5.833,6.185,5.6,6.066,5.950333333333333,998740.167,0,coinbase
1674864000,6.067,6.111,5.805,6.096,6.0040000000000004,786548.8683,0,coinbase
1674950400,6.093,6.279,6.012,6.241,6.177333333333333,777371.5224,0,coinbase
1675036800,6.241,6.259,5.611,5.777,5.882333333333334,833300.1995,0,coinbase
1675123200,5.773,5.954,5.628,5.868,5.816666666666667,1454089.4045,0,coinbase
1675209600,5.869,6.2,5.648,6.058,5.968666666666667,1050164.3324,0,coinbase
1675296000,6.065,6.215,5.727,5.787,5.909666666666666,2417315.5542,0,coinbase
1675382400,5.782,5.906,5.726,5.87,5.834,569686.751,0,coinbase
1675468800,5.873,5.968,5.758,5.795,5.840333333333334,273594.4215,0,coinbase
1675555200,5.795,5.964,5.564,5.628,5.718666666666667,652147.8311,0,coinbase
1675641600,5.628,5.686,5.382,5.449,5.5056666666666665,656382.3378,0,coinbase
1675728000,5.451,5.889,5.435,5.852,5.725333333333334,1089879.5996,0,coinbase
1675814400,5.851,5.99,5.615,5.736,5.780333333333334,1038461.7484,0,coinbase
1675900800,5.737,5.754,4.97,5.078,5.267333333333333,1291954.3114,0,coinbase
1675987200,5.078,5.207,4.988,5.076,5.090333333333334,715372.2183,0,coinbase
1676073600,5.079,5.282,5.038,5.265,5.195,147081.6018,0,coinbase
1676160000,5.266,5.709,5.195,5.511,5.471666666666667,768367.9845,0,coinbase
1676246400,5.511,5.654,5.177,5.348,5.393,738911.2615,0,coinbase
1676332800,5.346,5.563,5.299,5.532,5.464666666666666,786730.1975,0,coinbase
1676419200,5.54,6.067,5.496,6.036,5.866333333333333,1038522.613,0,coinbase
1676505600,6.036,6.261,5.843,5.935,6.012999999999999,1506752.659,0,coinbase
1676592000,5.937,7.828,5.913,7.318,7.019666666666666,3465835.3245,0,coinbase
1676678400,7.317,7.675,7.026,7.054,7.251666666666668,1927785.7589,0,coinbase
1676764800,7.056,8.237,7.054,7.35,7.547,2917865.2577,0,coinbase
1676851200,7.352,7.523,7.125,7.311,7.3196666666666665,2048599.8343,0,coinbase
1676937600,7.311,7.358,6.732,6.885,6.991666666666667,1658960.8585,0,coinbase
1677024000,6.885,7.317,6.47,6.729,6.838666666666666,1551652.5611,0,coinbase
1677110400,6.729,6.962,6.557,6.685,6.734666666666667,644591.7807,0,coinbase
1677196800,6.681,6.855,6.098,6.288,6.413666666666667,710536.1077,0,coinbase
1677283200,6.288,6.371,5.873,6.108,6.117333333333334,682479.2596,0,coinbase
1677369600,6.103,6.323,6.024,6.242,6.196333333333334,475156.3801,0,coinbase
1677456000,6.243,6.5,5.993,6.123,6.205333333333333,916516.1845,0,coinbase
1677542400,6.119,6.141,5.761,5.798,5.900000000000001,671306.3098,0,coinbase
1677628800,5.81,6.222,5.742,6.177,6.047,1036889.3133,0,coinbase
1677715200,6.169,6.196,5.759,5.931,5.962,836663.8488,0,coinbase
1677801600,5.935,5.935,5.25,5.591,5.592,887164.3543,0,coinbase
1677888000,5.591,5.635,5.275,5.383,5.431,343622.2855,0,coinbase
1677974400,5.388,5.548,5.294,5.337,5.393,541738.886,0,coinbase
1678060800,5.335,5.533,5.241,5.321,5.364999999999999,918227.3118,0,coinbase
1678147200,5.324,5.426,5.154,5.337,5.305666666666666,834723.8684,0,coinbase
1678233600,5.339,5.362,4.994,5.043,5.133,1093128.5787,0,coinbase
1678320000,5.042,5.255,4.656,4.763,4.891333333333333,1569025.2949,0,coinbase
1678406400,4.766,4.984,4.546,4.942,4.824000000000001,1398924.635,0,coinbase
1678492800,4.939,5.092,4.555,4.749,4.798666666666666,1245490.3205,0,coinbase
1678579200,4.75,5.29,4.661,5.267,5.072666666666667,826488.9607,0,coinbase
1678665600,5.271,5.468,4.995,5.386,5.283,1773208.08,0,coinbase
1678752000,5.388,5.796,5.238,5.545,5.5263333333333335,1691777.5694,0,coinbase
1678838400,5.546,5.705,4.974,5.189,5.289333333333333,1606014.8427,0,coinbase
1678924800,5.188,5.276,5.056,5.178,5.170000000000001,898364.7641,0,coinbase
1679011200,5.173,5.665,5.125,5.648,5.479333333333333,1137881.9251,0,coinbase
1679097600,5.647,5.774,5.298,5.345,5.472333333333332,1005594.2207,0,coinbase
1679184000,5.347,5.633,5.316,5.423,5.457333333333334,817208.9794,0,coinbase
1679270400,5.425,5.552,5.05,5.127,5.242999999999999,974117.3171,0,coinbase
1679356800,5.124,5.311,5.016,5.269,5.198666666666667,779734.4744,0,coinbase
1679443200,5.271,5.309,4.855,5.102,5.088666666666668,1101626.8769,0,coinbase
1679529600,5.1,5.267,4.999,5.206,5.157333333333334,811391.8533,0,coinbase
1679616000,5.207,5.253,4.86,4.954,5.022333333333333,729362.9232,0,coinbase
1679702400,4.951,4.997,4.787,4.897,4.893666666666666,326882.3503,0,coinbase
1679788800,4.896,5.03,4.875,4.988,4.964333333333333,281997.2337,0,coinbase
1679875200,4.988,4.998,4.636,4.756,4.796666666666667,633206.0579,0,coinbase
1679961600,4.758,4.871,4.673,4.833,4.792333333333334,491674.5771,0,coinbase
1680048000,4.84,5.21,4.835,5.144,5.063,941117.2083,0,coinbase
1680134400,5.145,5.197,4.915,5.021,5.044333333333333,736447.5785,0,coinbase
1680220800,5.024,5.3,4.986,5.189,5.158333333333333,620365.2681,0,coinbase
1680307200,5.191,5.29,5.095,5.241,5.208666666666667,568448.2205,0,coinbase
1680393600,5.242,5.3,4.978,5.077,5.118333333333333,536927.1447,0,coinbase
1680480000,5.068,5.089,4.767,4.931,4.929000000000001,1531603.4423,0,coinbase
1680566400,4.93,5.044,4.904,4.997,4.9816666666666665,769969.6946,0,coinbase
1680652800,4.996,5.143,4.923,5.015,5.027,1178779.9531,0,coinbase
1680739200,5.017,5.026,4.811,4.891,4.9093333333333335,887001.188,0,coinbase
1680825600,4.894,5.092,4.81,4.983,4.961666666666666,435542.2709,0,coinbase
1680912000,4.985,5.034,4.863,4.918,4.9383333333333335,258001.0031,0,coinbase
1680998400,4.911,5.088,4.848,5.019,4.985,334748.9893,0,coinbase
1681084800,5.018,5.387,4.958,5.185,5.176666666666666,754038.0161,0,coinbase
1681171200,5.184,5.38,5.133,5.335,5.282666666666667,787357.9585,0,coinbase
1681257600,5.334,5.482,5.125,5.401,5.335999999999999,971826.4049,0,coinbase
1681344000,5.406,5.516,5.269,5.475,5.419999999999999,664540.913,0,coinbase
1681430400,5.478,5.661,5.293,5.505,5.4863333333333335,943502.5226,0,coinbase
1681516800,5.505,5.955,5.386,5.867,5.736000000000001,964182.7574,0,coinbase
1681603200,5.868,6.207,5.708,6.073,5.9959999999999996,1064822.3743,0,coinbase
1681689600,6.075,6.294,5.846,6.25,6.13,1482890.0511,0,coinbase
1681776000,6.25,6.99,6.131,6.821,6.647333333333333,2069082.3902,0,coinbase
1681862400,6.818,7.326,6.006,6.118,6.483333333333334,2426873.4456,0,coinbase
1681948800,6.118,6.397,5.824,5.88,6.033666666666666,1066748.2175,0,coinbase
1682035200,5.876,5.933,5.391,5.534,5.6193333333333335,1355517.564,0,coinbase
1682121600,5.533,5.629,5.394,5.616,5.546333333333333,278598.5817,0,coinbase
1682208000,5.605,5.633,5.248,5.418,5.433,347261.9196,0,coinbase
1682294400,5.416,5.587,5.253,5.373,5.404333333333334,401885.285,0,coinbase
1682380800,5.374,5.545,5.171,5.491,5.402333333333334,399829.7421,0,coinbase
1682467200,5.497,5.717,5.05,5.322,5.3629999999999995,609083.6408,0,coinbase
1682553600,5.32,5.798,5.282,5.742,5.607333333333333,594539.2783,0,coinbase
1682640000,5.743,6.16,5.672,6.051,5.961000000000001,836768.5676,0,coinbase
1682726400,6.05,6.821,6.017,6.494,6.444,876450.1472,0,coinbase
1682812800,6.49,6.687,6.227,6.401,6.4383333333333335,581463.3828,0,coinbase
1682899200,6.411,6.495,5.627,5.768,5.963333333333334,1146189.9863,0,coinbase
1682985600,5.766,5.838,5.626,5.728,5.730666666666667,386798.8292,0,coinbase
1683072000,5.734,5.945,5.544,5.942,5.810333333333333,526898.222,0,coinbase
1683158400,5.944,6.202,5.798,5.917,5.972333333333334,456093.7049,0,coinbase
1683244800,5.915,6.071,5.724,5.95,5.915,425732.5562,0,coinbase
1683331200,5.951,5.981,5.514,5.604,5.699666666666666,445935.1035,0,coinbase
1683417600,5.604,5.719,5.512,5.549,5.593333333333334,317952.5062,0,coinbase
1683504000,5.548,5.67,5.149,5.34,5.386333333333333,772433.4823,0,coinbase
1683590400,5.326,5.359,5.158,5.284,5.2669999999999995,350645.4796,0,coinbase
1683676800,5.29,5.479,5.052,5.294,5.2749999999999995,836388.5178,0,coinbase
1683763200,5.293,5.301,4.917,5.005,5.074333333333333,1378743.143,0,coinbase
1683849600,5.003,5.241,4.937,5.23,5.136,502652.099,0,coinbase
1683936000,5.232,5.242,5.094,5.152,5.1626666666666665,279021.1405,0,coinbase
1684022400,5.15,5.298,5.072,5.198,5.189333333333334,250039.1935,0,coinbase
1684108800,5.196,5.39,5.115,5.238,5.2476666666666665,350075.8708,0,coinbase
1684195200,5.235,5.294,5.155,5.236,5.228333333333333,258516.732,0,coinbase
1684281600,5.233,5.417,5.121,5.38,5.306,331676.726,0,coinbase
1684368000,5.382,5.428,5.138,5.268,5.278,283283.3674,0,coinbase
1684454400,5.265,5.365,5.215,5.313,5.297666666666667,174177.009,0,coinbase
1684540800,5.313,5.315,5.182,5.229,5.242,141837.5065,0,coinbase
1684627200,5.225,5.234,4.995,5.057,5.0953333333333335,225648.124,0,coinbase
1684713600,5.054,5.148,4.974,5.074,5.065333333333333,310584.9892,0,coinbase
1684800000,5.075,5.21,5.014,5.043,5.0889999999999995,265322.6024,0,coinbase
1684886400,5.042,5.042,4.759,4.818,4.873,569893.7326,0,coinbase
1684972800,4.818,4.888,4.704,4.819,4.803666666666666,489303.2272,0,coinbase
1685059200,4.818,4.931,4.741,4.825,4.832333333333334,774334.5606,0,coinbase
1685145600,4.825,4.974,4.804,4.907,4.8950000000000005,473184.6731,0,coinbase
1685232000,4.908,5.054,4.858,4.996,4.969333333333333,469768.9883,0,coinbase
1685318400,4.996,5.024,4.837,4.875,4.912,495971.5776,0,coinbase
1685404800,4.875,4.958,4.808,4.827,4.864333333333334,532554.4538,0,coinbase
1685491200,4.827,4.842,4.623,4.681,4.715333333333334,656266.0118,0,coinbase
1685577600,4.682,4.731,4.54,4.675,4.648666666666667,377902.9028,0,coinbase
1685664000,4.674,4.873,4.634,4.811,4.772666666666667,269438.8799,0,coinbase
1685750400,4.808,4.859,4.757,4.8,4.8053333333333335,161150.223,0,coinbase
1685836800,4.8,4.872,4.765,4.798,4.8116666666666665,151960.7121,0,coinbase
1685923200,4.796,4.797,4.116,4.342,4.418333333333333,652124.6677,0,coinbase
1686009600,4.341,4.473,4.204,4.424,4.367,529254.4874,0,coinbase
1686096000,4.425,4.425,4.129,4.193,4.249,415516.2129,0,coinbase
1686182400,4.189,4.23,4.124,4.178,4.177333333333333,384113.8681,0,coinbase
1686268800,4.177,4.347,4.115,4.267,4.242999999999999,285399.2562,0,coinbase
1686355200,4.273,4.278,3.321,3.692,3.763666666666667,1229677.1259,0,coinbase
1686441600,3.694,3.773,3.62,3.659,3.6839999999999997,244409.75,0,coinbase
1686528000,3.658,3.758,3.562,3.731,3.683666666666667,224964.1105,0,coinbase
1686614400,3.729,4.04,3.712,3.962,3.904666666666667,414064.6094,0,coinbase
1686700800,3.962,4.01,3.75,3.785,3.848333333333333,418794.7261,0,coinbase
1686787200,3.784,4.006,3.68,3.956,3.8806666666666665,418840.382,0,coinbase
1686873600,3.951,4.072,3.88,3.99,3.9806666666666666,315434.8197,0,coinbase
1686960000,3.991,4.061,3.919,3.98,3.986666666666667,161287.0527,0,coinbase
1687046400,3.979,4.066,3.903,3.959,3.9759999999999995,135237.8394,0,coinbase
1687132800,3.959,3.992,3.86,3.952,3.9346666666666668,270219.507,0,coinbase
1687219200,3.954,4.213,3.898,4.175,4.0953333333333335,438427.1048,0,coinbase
1687305600,4.176,4.292,4.102,4.203,4.199000000000001,427355.9129,0,coinbase
1687392000,4.202,4.336,4.113,4.138,4.195666666666667,561772.5449,0,coinbase
1687478400,4.141,4.411,4.14,4.335,4.295333333333333,285584.724,0,coinbase
1687564800,4.33,4.401,4.172,4.264,4.279,205383.7693,0,coinbase
1687651200,4.268,4.47,4.234,4.33,4.344666666666667,378746.7938,0,coinbase
1687737600,4.33,4.369,4.161,4.258,4.262666666666667,308744.3543,0,coinbase
1687824000,4.257,4.405,4.245,4.333,4.3276666666666666,157502.7108,0,coinbase
1687910400,4.336,4.341,3.95,4.045,4.112,289963.0828,0,coinbase
1687996800,4.046,4.133,3.99,4.042,4.055000000000001,180240.6454,0,coinbase
1688083200,4.044,4.261,3.812,4.095,4.056,392813.6135,0,coinbase
1688169600,4.103,4.236,4.082,4.223,4.1803333333333335,159546.2598,0,coinbase
1688256000,4.223,4.231,4.084,4.202,4.1723333333333334,224269.2032,0,coinbase
1688342400,4.202,4.573,4.15,4.463,4.395333333333333,582799.2452,0,coinbase
1688428800,4.462,4.526,4.304,4.343,4.391,270162.8033,0,coinbase
1688515200,4.346,4.449,4.154,4.245,4.282666666666667,243521.5935,0,coinbase
1688601600,4.231,4.399,4.039,4.055,4.1643333333333326,241735.1011,0,coinbase
1688688000,4.054,4.131,4.006,4.107,4.081333333333333,254167.6715,0,coinbase
1688774400,4.106,4.158,3.959,4.053,4.0566666666666675,329149.8975,0,coinbase
1688860800,4.053,4.099,4.013,4.034,4.048666666666667,123200.5952,0,coinbase
1688947200,4.036,4.181,3.92,4.073,4.058,535011.8847,0,coinbase
1689033600,4.075,4.173,4.035,4.112,4.1066666666666665,175075.0652,0,coinbase
1689120000,4.121,4.225,4.05,4.122,4.1323333333333325,515252.9443,0,coinbase
1689206400,4.123,4.404,4.095,4.38,4.292999999999999,1054434.8765,0,coinbase
1689292800,4.381,4.519,4.124,4.256,4.299666666666667,740318.7291,0,coinbase
1689379200,4.255,4.284,4.126,4.209,4.206333333333333,343768.8068,0,coinbase
1689465600,4.21,4.225,4.057,4.089,4.123666666666667,279500.9387,0,coinbase
1689552000,4.082,4.159,3.969,4.093,4.073666666666667,443718.7159,0,coinbase
1689638400,4.102,4.118,3.93,4.073,4.040333333333334,433162.2203,0,coinbase
1689724800,4.072,4.148,4.031,4.062,4.080333333333333,570884.1203,0,coinbase
1689811200,4.063,4.172,4.003,4.043,4.072666666666667,541835.4361,0,coinbase
1689897600,4.045,4.135,4.013,4.068,4.072,295545.5757,0,coinbase
1689984000,4.064,4.174,4.057,4.135,4.122000000000001,330423.71,0,coinbase
1690070400,4.139,4.326,4.135,4.216,4.225666666666666,749287.3434,0,coinbase
1690156800,4.214,4.226,3.946,4.018,4.0633333333333335,432089.5911,0,coinbase
1690243200,4.015,4.077,3.974,4.019,4.023333333333333,191969.0345,0,coinbase
1690329600,4.017,4.123,3.978,4.088,4.063,169246.8699,0,coinbase
1690416000,4.084,4.274,4.051,4.228,4.184333333333333,635051.2959,0,coinbase
1690502400,4.227,4.359,4.187,4.316,4.287333333333333,310131.2514,0,coinbase
1690588800,4.318,4.389,4.277,4.333,4.333,229505.3016,0,coinbase
1690675200,4.338,4.371,4.196,4.271,4.279333333333334,177875.4155,0,coinbase
1690761600,4.267,4.291,4.171,4.214,4.225333333333333,207395.8671,0,coinbase
1690848000,4.212,4.252,4.08,4.25,4.194,365479.5294,0,coinbase
1690934400,4.253,4.282,4.101,4.141,4.174666666666666,376801.8009,0,coinbase
1691020800,4.136,4.162,4.011,4.036,4.0696666666666665,232385.8124,0,coinbase
1691107200,4.036,4.074,3.958,4.031,4.021,175185.0542,0,coinbase
1691193600,4.028,4.044,4.0,4.012,4.018666666666667,133435.6167,0,coinbase
1691280000,4.014,4.132,4.006,4.117,4.085,175620.168,0,coinbase
1691366400,4.118,4.17,3.992,4.093,4.085,233208.151,0,coinbase
1691452800,4.09,4.171,4.049,4.103,4.107666666666667,287452.0396,0,coinbase
1691539200,4.102,4.14,4.028,4.078,4.082,350898.427,0,coinbase
1691625600,4.079,4.105,4.007,4.025,4.0456666666666665,315096.4696,0,coinbase
1691712000,4.029,4.046,4.0,4.03,4.025333333333333,181185.1112,0,coinbase
1691798400,4.028,4.066,4.016,4.05,4.0440000000000005,96748.3138,0,coinbase
1691884800,4.044,4.088,4.021,4.028,4.0456666666666665,210634.337,0,coinbase
1691971200,4.025,4.124,4.014,4.047,4.0616666666666665,338405.3997,0,coinbase
1692057600,4.047,4.076,3.553,3.828,3.8189999999999995,486905.9666,0,coinbase
1692144000,3.828,3.853,3.573,3.698,3.708,392110.6223,0,coinbase
1692230400,3.698,3.827,3.183,3.406,3.472,682859.6156,0,coinbase
1692316800,3.404,3.535,3.385,3.504,3.4746666666666663,383978.7177,0,coinbase
1692403200,3.503,3.568,3.469,3.559,3.532,180710.1061,0,coinbase
1692489600,3.56,3.604,3.517,3.585,3.5686666666666667,163436.614,0,coinbase
1692576000,3.587,3.604,3.414,3.489,3.502333333333334,208747.7155,0,coinbase
1692662400,3.49,3.526,3.249,3.422,3.3990000000000005,392110.5613,0,coinbase
1692748800,3.424,3.633,3.372,3.6,3.535,431095.2891,0,coinbase
1692835200,3.6,3.703,3.512,3.599,3.6046666666666667,231018.3367,0,coinbase
1692921600,3.598,3.601,3.461,3.511,3.5243333333333333,213290.2302,0,coinbase
1693008000,3.513,3.568,3.497,3.552,3.5389999999999997,110404.7333,0,coinbase
1693094400,3.553,3.65,3.472,3.488,3.5366666666666666,183558.5705,0,coinbase
1693180800,3.489,3.507,3.426,3.487,3.473333333333333,155497.2584,0,coinbase
1693267200,3.486,3.747,3.417,3.65,3.6046666666666667,355179.9575,0,coinbase
1693353600,3.647,3.65,3.455,3.488,3.531,283837.4107,0,coinbase
1693440000,3.49,3.496,3.268,3.338,3.3673333333333333,398957.2761,0,coinbase
1693526400,3.337,3.377,3.179,3.239,3.2649999999999992,407883.5644,0,coinbase
1693612800,3.241,3.278,3.211,3.257,3.248666666666667,178246.9752,0,coinbase
1693699200,3.257,3.281,3.198,3.254,3.2443333333333335,195654.8894,0,coinbase
1693785600,3.256,3.338,3.199,3.273,3.27,391675.6197,0,coinbase
1693872000,3.272,3.322,3.256,3.294,3.2906666666666666,342240.7448,0,coinbase
1693958400,3.295,3.378,3.244,3.371,3.331,410571.4063,0,coinbase
1694044800,3.371,3.392,3.306,3.372,3.356666666666667,238119.2927,0,coinbase
1694131200,3.37,3.389,3.267,3.296,3.3173333333333335,168947.4672,0,coinbase
1694217600,3.298,3.307,3.253,3.262,3.2740000000000005,132377.662,0,coinbase
1694304000,3.26,3.262,3.038,3.097,3.1323333333333334,368808.9383,0,coinbase
1694390400,3.095,3.103,2.912,2.962,2.9923333333333333,531712.9516,0,coinbase
1694476800,2.961,3.082,2.925,2.932,2.9796666666666667,333400.6837,0,coinbase
1694563200,2.933,2.983,2.87,2.932,2.9283333333333332,477432.5553,0,coinbase
1694649600,2.933,2.983,2.902,2.92,2.935,472229.6077,0,coinbase
1694736000,2.92,3.033,2.884,3.002,2.9730000000000003,824959.4321,0,coinbase
1694822400,3.005,3.106,2.964,3.006,3.0253333333333337,401914.0543,0,coinbase
1694908800,3.004,3.005,2.873,2.931,2.9363333333333337,257997.2252,0,coinbase
1694995200,2.93,3.028,2.897,2.983,2.969333333333333,410151.6107,0,coinbase
1695081600,2.98,3.059,2.971,3.03,3.02,208239.5801,0,coinbase
1695168000,3.029,3.038,2.936,3.0,2.9913333333333334,216725.8714,0,coinbase
1695254400,2.999,3.016,2.879,2.899,2.9313333333333333,247146.3817,0,coinbase
1695340800,2.9,2.941,2.825,2.92,2.8953333333333333,278739.4148,0,coinbase
1695427200,2.92,2.967,2.912,2.967,2.9486666666666665,103676.1762,0,coinbase
1695513600,2.967,2.991,2.899,2.924,2.938,173011.8319,0,coinbase
1695600000,2.923,3.013,2.886,3.0,2.9663333333333335,156093.1691,0,coinbase
1695686400,2.998,3.007,2.922,2.957,2.9619999999999997,146050.8714,0,coinbase
1695772800,2.958,3.022,2.906,2.93,2.952666666666667,143710.7938,0,coinbase
1695859200,2.931,3.09,2.925,3.079,3.031333333333333,424619.1056,0,coinbase
1695945600,3.081,3.194,3.057,3.144,3.1316666666666664,240889.3643,0,coinbase
1696032000,3.142,3.221,3.106,3.163,3.1633333333333336,122906.2314,0,coinbase
1696118400,3.16,3.342,3.155,3.307,3.2680000000000002,224492.5807,0,coinbase
1696204800,3.306,3.315,3.049,3.124,3.1626666666666665,296526.8486,0,coinbase
1696291200,3.126,3.16,3.05,3.128,3.112666666666667,409188.1869,0,coinbase
1696377600,3.125,3.209,3.017,3.166,3.1306666666666665,313477.0434,0,coinbase
1696464000,3.165,3.174,3.031,3.054,3.0863333333333336,299422.9636,0,coinbase
1696550400,3.058,3.128,3.04,3.073,3.0803333333333334,292305.1207,0,coinbase
1696636800,3.072,3.131,3.053,3.098,3.094,201291.9891,0,coinbase
1696723200,3.095,3.14,3.056,3.093,3.0963333333333334,325068.2747,0,coinbase
1696809600,3.091,3.122,2.883,2.925,2.9766666666666666,370144.8676,0,coinbase
1696896000,2.925,2.985,2.918,2.967,2.956666666666667,262225.1374,0,coinbase
1696982400,2.973,2.985,2.878,2.934,2.9323333333333337,403204.0886,0,coinbase
1697068800,2.936,2.94,2.877,2.929,2.9153333333333333,251877.4287,0,coinbase
1697155200,2.93,3.092,2.922,3.061,3.025,376364.6012,0,coinbase
1697241600,3.058,3.128,3.044,3.101,3.0909999999999997,348011.656,0,coinbase
1697328000,3.103,3.209,3.094,3.146,3.1496666666666666,266499.514,0,coinbase
1697414400,3.153,3.261,3.119,3.16,3.18,489471.7492,0,coinbase
1697500800,3.159,3.181,3.05,3.067,3.0993333333333335,359410.3273,0,coinbase
1697587200,3.067,3.131,3.048,3.054,3.077666666666667,204502.0582,0,coinbase
1697673600,3.054,3.067,2.957,3.003,3.0090000000000003,360995.2194,0,coinbase
1697760000,3.005,3.154,2.991,3.126,3.090333333333333,334391.7727,0,coinbase
1697846400,3.127,3.252,3.123,3.225,3.1999999999999997,272759.4571,0,coinbase
1697932800,3.223,3.245,3.117,3.231,3.1976666666666667,176231.4433,0,coinbase
1698019200,3.235,3.521,3.205,3.518,3.4146666666666667,985915.2872,0,coinbase
1698105600,3.522,3.663,3.434,3.604,3.567,859245.9797,0,coinbase
1698192000,3.605,3.702,3.512,3.576,3.596666666666667,417666.6442,0,coinbase
1698278400,3.57,3.709,3.437,3.546,3.564,331574.5434,0,coinbase
1698364800,3.551,3.571,3.435,3.511,3.5056666666666665,433138.807,0,coinbase
1698451200,3.512,3.767,3.508,3.711,3.6620000000000004,491111.6772,0,coinbase
1698537600,3.703,4.228,3.662,4.025,3.9716666666666662,770259.9676,0,coinbase
1698624000,4.028,4.08,3.916,4.042,4.012666666666667,898169.4181,0,coinbase
1698710400,4.04,4.118,3.8,3.945,3.954333333333333,487548.4052,0,coinbase
1698796800,3.945,4.086,3.772,4.072,3.9766666666666666,754338.6703,0,coinbase
1698883200,4.072,4.171,3.884,4.018,4.024333333333334,524485.7117,0,coinbase
1698969600,4.018,4.018,3.8,3.947,3.921666666666667,271847.0047,0,coinbase
1699056000,3.946,4.063,3.849,4.02,3.9773333333333327,424083.43,0,coinbase
1699142400,4.02,4.21,3.979,4.059,4.082666666666667,463704.376,0,coinbase
1699228800,4.063,4.323,3.988,4.26,4.190333333333333,595370.9756,0,coinbase
1699315200,4.26,4.27,4.034,4.195,4.166333333333333,525380.0608,0,coinbase
1699401600,4.192,4.311,4.114,4.268,4.231000000000001,968050.2766,0,coinbase
1699488000,4.269,4.418,3.75,4.093,4.087,1046021.374,0,coinbase
1699574400,4.093,4.387,3.98,4.381,4.249333333333333,1139642.6343,0,coinbase
1699660800,4.381,4.569,4.237,4.467,4.424333333333333,733684.3419,0,coinbase
1699747200,4.463,4.712,4.286,4.674,4.557333333333333,616514.5776,0,coinbase
1699833600,4.674,4.959,4.509,4.517,4.661666666666666,1239283.8554,0,coinbase
1699920000,4.518,4.554,4.125,4.272,4.317,739395.3553,0,coinbase
1700006400,4.271,4.787,4.222,4.735,4.581333333333333,783414.3265,0,coinbase
1700092800,4.735,4.811,4.289,4.403,4.501,1219555.8134,0,coinbase
1700179200,4.402,4.52,4.159,4.336,4.338333333333333,561642.0199,0,coinbase
1700265600,4.32,4.34,4.021,4.321,4.227333333333333,417106.7502,0,coinbase
1700352000,4.316,4.626,4.24,4.585,4.483666666666667,500375.458,0,coinbase
1700438400,4.586,4.614,4.379,4.533,4.508666666666667,549224.7823,0,coinbase
1700524800,4.533,4.678,4.061,4.08,4.273000000000001,761988.6006,0,coinbase
1700611200,4.082,4.521,4.076,4.438,4.345,476606.6098,0,coinbase
1700697600,4.438,4.64,4.435,4.599,4.558,477249.4118,0,coinbase
1700784000,4.603,4.693,4.518,4.607,4.605999999999999,349678.7852,0,coinbase
1700870400,4.605,4.788,4.573,4.725,4.695333333333333,480139.944,0,coinbase
1700956800,4.725,4.774,4.5,4.653,4.642333333333333,275928.2782,0,coinbase
1701043200,4.652,4.714,4.354,4.479,4.515666666666667,479731.3744,0,coinbase
1701129600,4.477,4.652,4.403,4.585,4.546666666666667,470405.4332,0,coinbase
1701216000,4.588,4.674,4.457,4.517,4.549333333333333,477306.001,0,coinbase
1701302400,4.513,4.578,4.441,4.563,4.527333333333334,421413.4428,0,coinbase
1701388800,4.562,4.837,4.525,4.689,4.683666666666666,638996.9544,0,coinbase
1701475200,4.692,4.881,4.67,4.838,4.796333333333333,288050.2949,0,coinbase
1701561600,4.835,4.866,4.652,4.712,4.743333333333333,321309.9503,0,coinbase
1701648000,4.713,5.256,4.682,5.131,5.023000000000001,976041.4989,0,coinbase
1701734400,5.127,5.2,4.902,5.113,5.071666666666666,564540.3195,0,coinbase
1701820800,5.115,5.3,4.822,4.89,5.0040000000000004,1011733.0765,0,coinbase
1701907200,4.915,5.09,4.772,5.068,4.976666666666667,527160.5863,0,coinbase
1701993600,5.066,5.285,5.029,5.219,5.177666666666667,529328.1845,0,coinbase
1702080000,5.217,5.74,5.217,5.576,5.511,800084.1254,0,coinbase
1702166400,5.575,5.605,5.27,5.582,5.485666666666667,493024.455,0,coinbase
1702252800,5.59,5.7,4.96,5.29,5.316666666666666,1042849.5846,0,coinbase
1702339200,5.288,5.726,5.277,5.55,5.517666666666667,985674.0485,0,coinbase
1702425600,5.551,6.5,5.502,6.471,6.157666666666667,1974506.0846,0,coinbase
1702512000,6.499,7.54,6.2,6.33,6.69,2300750.077,0,coinbase
1702598400,6.338,7.617,6.15,7.193,6.986666666666667,2570214.6788,0,coinbase
1702684800,7.2,11.9,7.078,9.973,9.650333333333334,6748523.0182,0,coinbase
1702771200,9.975,11.677,9.741,10.507,10.641666666666666,4265351.778,0,coinbase
1702857600,10.497,10.74,9.1,9.798,9.879333333333333,3387798.8622,0,coinbase
1702944000,9.806,10.952,9.2,9.27,9.807333333333334,2489732.8015,0,coinbase
1703030400,9.27,9.696,8.55,8.838,9.028,2148542.2553,0,coinbase
1703116800,8.834,9.297,8.518,9.159,8.991333333333335,2435970.8415,0,coinbase
1703203200,9.168,11.0,9.054,9.343,9.799000000000001,2879401.2733,0,coinbase
1703289600,9.345,9.567,8.807,9.56,9.311333333333335,1521220.4018,0,coinbase
1703376000,9.567,10.26,9.333,9.785,9.792666666666667,1731216.3003,0,coinbase
1703462400,9.82,9.892,9.235,9.563,9.563333333333333,1278467.0416,0,coinbase
1703548800,9.562,9.775,8.602,9.243,9.206666666666669,1114251.7788,0,coinbase
1703635200,9.244,9.45,8.67,9.22,9.113333333333332,1175318.2829,0,coinbase
1703721600,9.22,10.5,9.189,9.754,9.814333333333332,2221530.8083,0,coinbase
1703808000,9.752,9.898,9.084,9.385,9.455666666666666,1219500.2267,0,coinbase
1703894400,9.384,12.6,9.38,12.263,11.414333333333333,3821816.7751,0,coinbase
1703980800,12.247,15.25,11.923,13.294,13.488999999999999,6332814.7966,0,coinbase
1704067200,13.295,14.066,12.67,12.938,13.224666666666666,2074036.2189,0,coinbase
1704153600,12.935,15.099,12.5,13.974,13.857666666666667,3129289.6135,0,coinbase
1704240000,13.977,16.281,12.0,14.402,14.227666666666666,4816911.5676,0,coinbase
1704326400,14.406,15.285,13.564,13.875,14.241333333333335,1829585.27,0,coinbase
1704412800,13.891,14.555,12.618,13.325,13.499333333333334,2116659.3077,0,coinbase
1704499200,13.313,13.32,11.725,12.019,12.354666666666667,1688811.4786,0,coinbase
1704585600,12.018,12.826,11.074,11.283,11.727666666666666,1519850.8714,0,coinbase
1704672000,11.28,13.888,10.293,13.729,12.636666666666665,3322480.6537,0,coinbase
1704758400,13.731,13.969,12.175,12.756,12.966666666666667,2235693.3624,0,coinbase
1704844800,12.741,14.229,12.078,13.906,13.404333333333334,1974420.0235,0,coinbase
1704931200,13.899,13.912,12.675,13.086,13.224333333333334,1664104.8795,0,coinbase
1705017600,13.095,13.131,11.8,12.229,12.386666666666665,1403253.0148,0,coinbase
1705104000,12.229,13.395,11.847,12.911,12.717666666666666,1305240.2828,0,coinbase
1705190400,12.911,14.0,12.495,12.584,13.026333333333332,1784162.5784,0,coinbase
1705276800,12.584,13.289,12.501,12.881,12.890333333333333,1012106.716,0,coinbase
1705363200,12.904,13.124,12.25,12.682,12.685333333333334,958370.6189,0,coinbase
1705449600,12.681,12.809,11.986,12.157,12.317333333333332,966490.7275,0,coinbase
1705536000,12.162,12.47,11.237,11.47,11.725666666666667,1267492.034,0,coinbase
1705622400,11.476,11.534,10.461,11.2,11.065,1624575.1051,0,coinbase
1705708800,11.2,11.75,10.96,11.434,11.381333333333332,900135.8618,0,coinbase
1705795200,11.434,11.588,10.812,11.097,11.165666666666667,734608.6226,0,coinbase
1705881600,11.093,11.338,10.325,10.466,10.709666666666665,1255440.2998,0,coinbase
1705968000,10.466,10.771,9.527,10.477,10.258333333333335,1538962.0342,0,coinbase
1706054400,10.475,11.717,10.355,11.529,11.200333333333333,1482671.4678,0,coinbase
1706140800,11.528,12.219,10.995,11.132,11.448666666666666,1672409.2003,0,coinbase
1706227200,11.111,12.56,10.963,12.137,11.886666666666665,1489601.4454,0,coinbase
1706313600,12.155,12.996,12.119,12.726,12.613666666666667,1372995.3437,0,coinbase
1706400000,12.721,12.98,12.185,12.331,12.498666666666665,1045370.2979,0,coinbase
1706486400,12.335,12.656,12.036,12.556,12.415999999999999,1014877.0685,0,coinbase
1706572800,12.555,12.641,11.69,11.729,12.020000000000001,1585342.7032,0,coinbase
1706659200,11.726,11.996,11.284,11.467,11.582333333333333,1271017.295,0,coinbase
1706745600,11.465,11.831,11.222,11.66,11.570999999999998,803882.8846,0,coinbase
1706832000,11.665,12.927,11.621,12.736,12.428000000000003,1575728.4845,0,coinbase
1706918400,12.74,13.656,12.48,12.738,12.958,1524449.8584,0,coinbase
1707004800,12.735,13.294,12.467,12.734,12.831666666666669,721899.7728,0,coinbase
1707091200,12.73,13.021,12.059,12.236,12.438666666666668,1103324.2047,0,coinbase
1707177600,12.24,12.409,11.87,12.143,12.140666666666666,1039263.5342,0,coinbase
1707264000,12.143,12.39,11.5,12.315,12.068333333333333,1009990.428,0,coinbase
1707350400,12.33,12.643,12.096,12.194,12.311,738130.9732,0,coinbase
1707436800,12.19,13.03,12.171,12.859,12.686666666666667,1177770.3461,0,coinbase
1707523200,12.86,13.522,12.593,13.132,13.082333333333333,920259.264,0,coinbase
1707609600,13.134,13.587,12.889,12.98,13.152000000000001,625356.9704,0,coinbase
1707696000,12.977,13.5,12.553,13.268,13.107,1026250.5375,0,coinbase
1707782400,13.267,13.438,12.669,12.931,13.012666666666666,992197.2541,0,coinbase
1707868800,12.928,13.967,12.84,13.594,13.467,1112921.6086,0,coinbase
1707955200,13.598,14.122,13.087,13.518,13.575666666666669,1240008.401,0,coinbase
1708041600,13.518,13.677,12.878,13.135,13.229999999999999,776040.5363,0,coinbase
1708128000,13.133,13.488,12.697,13.186,13.123666666666665,712182.8126,0,coinbase
1708214400,13.183,13.998,13.178,13.658,13.611333333333334,1009508.8071,0,coinbase
1708300800,13.656,14.871,13.496,14.606,14.324333333333334,2144270.3938,0,coinbase
1708387200,14.61,14.704,13.121,13.728,13.851,1717178.8577,0,coinbase
1708473600,13.736,13.788,12.631,13.184,13.201,1017062.8397,0,coinbase
1708560000,13.186,13.302,12.703,12.731,12.911999999999999,848262.3752,0,coinbase
1708646400,12.733,12.938,12.031,12.367,12.445333333333332,832292.7096,0,coinbase
1708732800,12.364,12.65,12.024,12.518,12.397333333333334,873269.7986,0,coinbase
1708819200,12.519,12.634,12.294,12.488,12.472,545106.4351,0,coinbase
1708905600,12.487,13.048,12.103,12.943,12.698,910294.4246,0,coinbase
1708992000,12.944,13.305,12.702,13.028,13.011666666666665,1047889.839,0,coinbase
1709078400,13.028,13.398,10.945,12.642,12.328333333333333,2119299.4522,0,coinbase
1709164800,12.66,13.472,12.341,12.604,12.805666666666667,1785706.0795,0,coinbase
1709251200,12.608,13.005,12.589,12.973,12.855666666666666,1059114.7822,0,coinbase
1709337600,12.961,13.669,12.78,13.301,13.25,1437433.9064,0,coinbase
1709424000,13.301,13.891,12.601,13.196,13.229333333333335,1207832.9171,0,coinbase
1709510400,13.194,13.8,12.795,13.377,13.324,1710148.9323,0,coinbase
1709596800,13.383,16.97,11.77,14.079,14.273000000000001,4507205.9419,0,coinbase
1709683200,14.084,15.66,13.65,15.349,14.886333333333335,1496350.6531,0,coinbase
1709769600,15.349,15.919,14.378,14.934,15.077,1169677.2766,0,coinbase
1709856000,14.933,15.185,13.948,14.673,14.602000000000002,1139347.5071,0,coinbase
1709942400,14.673,15.36,14.514,14.796,14.89,943464.5988,0,coinbase
1710028800,14.793,14.862,13.739,14.153,14.251333333333333,724929.2033,0,coinbase
1710115200,14.144,15.326,13.366,15.027,14.573,1094216.5548,0,coinbase
1710201600,15.066,15.299,13.63,14.718,14.549000000000001,1061931.8257,0,coinbase
1710288000,14.72,14.897,14.07,14.511,14.492666666666665,731426.515,0,coinbase
1710374400,14.512,14.671,13.113,13.929,13.904333333333334,1259346.5066,0,coinbase
1710460800,13.927,14.094,12.0,12.88,12.991333333333335,1484079.6658,0,coinbase
1710547200,12.882,13.256,11.938,12.234,12.476,823064.3326,0,coinbase
1710633600,12.244,12.749,11.542,12.57,12.287,717506.3954,0,coinbase
1710720000,12.567,12.8,11.758,12.376,12.311333333333332,728168.215,0,coinbase
1710806400,12.37,12.584,10.711,10.921,11.405333333333333,1372981.6635,0,coinbase
1710892800,10.917,11.971,10.567,11.927,11.488333333333335,1126128.8632,0,coinbase
1710979200,11.92,13.365,11.626,12.734,12.575000000000001,1400583.7701,0,coinbase
1711065600,12.734,13.92,12.5,13.357,13.259,2209202.767,0,coinbase
1711152000,13.355,13.866,12.832,13.488,13.395333333333333,939032.0854,0,coinbase
1711238400,13.489,15.3,13.489,15.131,14.64,1487760.2689,0,coinbase
1711324800,15.13,17.937,15.069,17.651,16.885666666666665,3400631.8278,0,coinbase
1711411200,17.649,20.5,17.289,19.041,18.94333333333333,3350260.7685,0,coinbase
1711497600,19.016,20.96,18.223,18.384,19.189,3143437.3688,0,coinbase
1711584000,18.382,18.795,17.329,18.034,18.052666666666667,1876610.6157,0,coinbase
1711670400,18.031,18.741,17.0,17.207,17.649333333333335,1188526.8737,0,coinbase
1711756800,17.207,18.648,17.169,17.896,17.904333333333334,802777.7769,0,coinbase
1711843200,17.891,19.0,17.594,18.766,18.453333333333333,763398.2261,0,coinbase
1711929600,18.778,19.3,17.4,18.045,18.248333333333335,1253598.6875,0,coinbase
1712016000,18.047,18.628,16.548,17.915,17.697,1197681.1864,0,coinbase
1712102400,17.907,19.121,17.316,17.837,18.091333333333335,814504.0425,0,coinbase
1712188800,17.841,18.429,17.475,17.855,17.919666666666668,824157.7125,0,coinbase
1712275200,17.859,17.994,16.557,16.863,17.138,698780.3005,0,coinbase
1712361600,16.853,17.218,16.721,17.032,16.990333333333336,422926.3755,0,coinbase
1712448000,17.029,17.51,16.906,17.135,17.183666666666667,513518.4627,0,coinbase
1712534400,17.121,18.122,16.846,17.792,17.58666666666667,669650.768,0,coinbase
1712620800,17.78,17.876,15.957,16.062,16.631666666666664,922805.3871,0,coinbase
1712707200,16.06,16.209,15.03,15.969,15.735999999999999,858351.2429,0,coinbase
1712793600,15.966,16.36,15.354,15.507,15.740333333333332,556444.2591,0,coinbase
1712880000,15.503,15.833,13.0,13.949,14.260666666666665,1579705.4734,0,coinbase
1712966400,13.949,13.949,11.0,12.397,12.448666666666666,2302967.4335,0,coinbase
1713052800,12.371,13.126,11.669,12.906,12.567,1059590.9035,0,coinbase
1713139200,12.9,13.757,11.954,12.352,12.687666666666667,996893.2462,0,coinbase
1713225600,12.369,12.535,11.55,12.247,12.110666666666667,777214.4816,0,coinbase
1713312000,12.249,12.5,11.372,11.859,11.910333333333334,841998.398,0,coinbase
1713398400,11.852,12.923,11.551,12.777,12.417,770601.6152,0,coinbase
1713484800,12.774,14.452,11.788,14.057,13.432333333333334,1325583.1009,0,coinbase
1713571200,14.084,15.724,13.879,15.544,15.049000000000001,863380.5452,0,coinbase
1713657600,15.542,16.4,14.862,15.092,15.451333333333332,882582.7419,0,coinbase
1713744000,15.101,15.648,14.758,15.085,15.163666666666666,809402.5536,0,coinbase
1713830400,15.075,15.252,14.433,14.458,14.714333333333334,642945.798,0,coinbase
1713916800,14.459,14.969,13.55,13.698,14.072333333333333,753666.6344,0,coinbase
1714003200,13.698,14.137,13.26,13.779,13.725333333333333,747579.7676,0,coinbase
1714089600,13.771,13.85,13.003,13.054,13.302333333333335,435347.1833,0,coinbase
1714176000,13.056,13.59,12.572,13.301,13.154333333333334,501533.3032,0,coinbase
1714262400,13.302,14.11,13.28,13.57,13.653333333333334,435915.0317,0,coinbase
1714348800,13.576,13.835,13.118,13.425,13.459333333333333,616672.4863,0,coinbase
1714435200,13.427,13.6,12.393,12.87,12.954333333333333,1173472.0181,0,coinbase
1714521600,12.86,13.35,12.138,13.152,12.88,964464.0512,0,coinbase
1714608000,13.162,13.657,12.87,13.518,13.348333333333334,673380.2501,0,coinbase
1714694400,13.516,13.962,12.934,13.613,13.503,654230.5449,0,coinbase
1714780800,13.61,13.628,13.027,13.166,13.273666666666665,624304.0848,0,coinbase
1714867200,13.166,13.274,12.826,12.99,13.030000000000001,652057.4687,0,coinbase
1714953600,12.988,14.0,12.785,12.807,13.197333333333333,826141.0886,0,coinbase
1715040000,12.803,13.08,12.376,12.395,12.616999999999999,626425.7393,0,coinbase
1715126400,12.387,12.508,12.005,12.016,12.176333333333332,508520.4341,0,coinbase
1715212800,12.02,12.341,11.792,12.171,12.101333333333335,507468.2371,0,coinbase
1715299200,12.166,12.483,11.646,11.859,11.996,604098.5733,0,coinbase
1715385600,11.838,12.216,11.792,11.869,11.958999999999998,340406.7257,0,coinbase
1715472000,11.854,11.984,11.624,11.716,11.774666666666667,344233.9143,0,coinbase
1715558400,11.716,12.199,11.187,11.788,11.724666666666666,665968.7102,0,coinbase
1715644800,11.784,12.154,11.544,11.83,11.842666666666666,759004.3539,0,coinbase
1715731200,11.83,12.733,11.726,12.496,12.318333333333335,661401.9707,0,coinbase
1715817600,12.495,12.6,11.931,12.172,12.234333333333334,542421.621,0,coinbase
1715904000,12.17,13.244,12.033,13.104,12.793666666666667,631007.7453,0,coinbase
1715990400,13.108,13.634,12.966,13.244,13.281333333333334,484601.7505,0,coinbase
1716076800,13.246,13.476,12.543,12.617,12.878666666666666,356381.5084,0,coinbase
1716163200,12.611,13.668,12.41,13.567,13.214999999999998,668237.8666,0,coinbase
1716249600,13.565,13.836,13.2,13.308,13.448,906483.6198,0,coinbase
1716336000,13.309,13.36,12.751,12.82,12.976999999999999,658594.2197,0,coinbase
1716422400,12.82,12.939,11.832,12.286,12.352333333333334,688464.6551,0,coinbase
1716508800,12.278,12.447,11.918,12.418,12.261000000000001,369984.0158,0,coinbase
1716595200,12.411,12.478,12.204,12.32,12.334000000000001,229362.6008,0,coinbase
1716681600,12.319,12.544,11.975,12.036,12.185,366457.8474,0,coinbase
1716768000,12.038,12.577,11.94,12.376,12.297666666666666,468078.9074,0,coinbase
1716854400,12.381,12.46,11.942,12.085,12.162333333333335,383953.9497,0,coinbase
1716940800,12.097,12.343,11.961,12.057,12.120333333333335,396951.9929,0,coinbase
1717027200,12.052,12.317,11.75,11.961,12.009333333333332,420497.9872,0,coinbase
1717113600,11.96,12.037,11.607,11.843,11.828999999999999,502026.4931,0,coinbase
1717200000,11.842,12.17,11.826,12.076,12.024000000000001,320700.4568,0,coinbase
1717286400,12.071,12.178,11.758,11.862,11.932666666666668,329260.1188,0,coinbase
1717372800,11.858,12.23,11.768,11.981,11.993,479614.6424,0,coinbase
1717459200,11.978,12.387,11.912,12.3,12.199666666666667,626369.3142,0,coinbase
1717545600,12.301,12.621,12.237,12.33,12.396,317103.5996,0,coinbase
1717632000,12.335,12.38,11.919,12.079,12.126,307027.3844,0,coinbase
1717718400,12.08,12.995,11.32,11.527,11.947333333333333,1092454.7438,0,coinbase
1717804800,11.522,11.573,10.762,10.881,11.072000000000001,535587.8507,0,coinbase
1717891200,10.88,11.079,10.787,11.03,10.965333333333334,268627.5227,0,coinbase
1717977600,11.027,11.5,10.559,11.092,11.050333333333333,868973.5268,0,coinbase
1718064000,11.091,11.191,9.811,10.079,10.360333333333335,1024150.3668,0,coinbase
1718150400,10.07,10.846,9.83,10.496,10.390666666666668,622528.4718,0,coinbase
1718236800,10.496,10.523,9.668,9.815,10.002,631629.2755,0,coinbase
1718323200,9.819,9.901,9.055,9.302,9.419333333333332,587497.3816,0,coinbase
1718409600,9.304,9.376,9.001,9.103,9.159999999999998,434752.0513,0,coinbase
1718496000,9.104,9.803,9.015,9.611,9.476333333333335,635346.1072,0,coinbase
1718582400,9.616,9.68,8.515,8.872,9.022333333333334,644171.6376,0,coinbase
1718668800,8.871,8.895,7.612,8.116,8.207666666666666,1087442.106,0,coinbase
1718755200,8.101,8.49,8.02,8.381,8.296999999999999,443053.8168,0,coinbase
1718841600,8.352,8.767,8.19,8.262,8.406333333333334,427359.7384,0,coinbase
1718928000,8.262,8.488,8.01,8.39,8.296,350199.1507,0,coinbase
1719014400,8.39,8.39,8.154,8.188,8.244,219985.8904,0,coinbase
1719100800,8.19,8.35,7.815,7.885,8.016666666666666,337352.0488,0,coinbase
1719187200,7.885,8.074,7.58,8.02,7.891333333333333,644217.4162,0,coinbase
1719273600,8.02,8.373,7.971,8.287,8.210333333333333,447720.3107,0,coinbase
1719360000,8.287,8.374,8.057,8.119,8.183333333333334,249277.5621,0,coinbase
1719446400,8.119,8.322,7.963,8.248,8.177666666666667,355072.1613,0,coinbase
1719532800,8.248,8.305,7.856,7.891,8.017333333333333,390646.5103,0,coinbase
1719619200,7.891,8.04,7.851,7.926,7.939,198959.3781,0,coinbase
1719705600,7.926,8.205,7.777,8.162,8.048,259069.471,0,coinbase
1719792000,8.163,8.345,8.046,8.06,8.150333333333334,348274.0595,0,coinbase
1719878400,8.061,8.141,7.827,7.856,7.941333333333333,616927.5139,0,coinbase
1719964800,7.856,7.884,7.25,7.321,7.484999999999999,644675.222,0,coinbase
1720051200,7.321,7.325,6.609,6.682,6.872,1014448.9274,0,coinbase
1720137600,6.681,6.897,5.817,6.822,6.5120000000000005,1441592.5561,0,coinbase
1720224000,6.822,7.561,6.695,7.555,7.270333333333333,703049.6124,0,coinbase
1720310400,7.556,7.658,6.868,6.924,7.1499999999999995,823993.0577,0,coinbase
1720396800,6.923,7.38,6.632,6.832,6.948,1065145.3643,0,coinbase
1720483200,6.832,7.308,6.75,7.24,7.099333333333334,609162.9169,0,coinbase
1720569600,7.24,7.396,7.094,7.219,7.2363333333333335,471559.7061,0,coinbase
1720656000,7.213,7.71,7.134,7.359,7.401000000000001,499521.9979,0,coinbase
1720742400,7.365,7.491,7.033,7.324,7.282666666666667,363848.1685,0,coinbase
1720828800,7.324,8.553,7.314,8.459,8.108666666666666,1156053.0807,0,coinbase
1720915200,8.46,9.018,8.43,8.621,8.689666666666668,926879.4406,0,coinbase
1721001600,8.624,10.0,8.623,9.726,9.449666666666666,1168508.134,0,coinbase
1721088000,9.729,9.853,9.255,9.64,9.582666666666666,1051722.9167,0,coinbase
1721174400,9.64,10.454,9.54,10.246,10.08,1278681.6232,0,coinbase
1721260800,10.266,10.46,9.541,9.668,9.889666666666667,627453.4219,0,coinbase
1721347200,9.671,10.258,9.341,10.144,9.914333333333332,748536.3225,0,coinbase
1721433600,10.183,10.648,10.051,10.348,10.348999999999998,679478.9797,0,coinbase
1721520000,10.343,10.845,9.935,10.723,10.501,657249.9208,0,coinbase
1721606400,10.746,10.976,10.056,10.156,10.396,721296.524,0,coinbase
1721692800,10.151,10.252,9.49,9.615,9.785666666666666,554039.3538,0,coinbase
1721779200,9.641,10.114,9.279,9.503,9.632,497436.0675,0,coinbase
1721865600,9.508,9.924,9.312,9.917,9.717666666666666,646116.8182,0,coinbase
1721952000,9.91,10.0,9.53,9.712,9.747333333333334,786989.5689,0,coinbase
1722038400,9.7,10.124,9.412,9.681,9.738999999999999,608109.3945,0,coinbase
1722124800,9.667,9.8,9.235,9.347,9.460666666666667,331910.3421,0,coinbase
1722211200,9.354,9.753,8.916,8.934,9.201,420410.5579,0,coinbase
1722297600,8.945,9.187,8.722,8.822,8.910333333333332,448522.9484,0,coinbase
1722384000,8.816,9.535,8.755,8.945,9.078333333333333,570170.6009,0,coinbase
1722470400,8.951,9.0,8.364,8.886,8.75,587302.9512,0,coinbase
1722556800,8.881,9.268,8.214,8.292,8.591333333333333,753574.1119,0,coinbase
1722643200,8.286,8.396,7.6,7.759,7.918333333333334,959429.2214,0,coinbase
1722729600,7.754,7.927,7.07,7.326,7.441,772369.4426,0,coinbase
1722816000,7.324,7.41,6.272,7.059,6.913666666666667,1975835.0493,0,coinbase
1722902400,7.061,7.843,7.044,7.673,7.5200000000000005,1025670.1199,0,coinbase
1722988800,7.667,7.775,6.927,7.005,7.235666666666667,900369.9499,0,coinbase
1723075200,7.02,7.731,6.932,7.705,7.456,1096212.3168,0,coinbase
1723161600,7.693,7.694,7.261,7.443,7.466,514317.5265,0,coinbase
1723248000,7.444,7.597,7.217,7.36,7.391333333333333,435951.0716,0,coinbase
1723334400,7.359,7.494,6.798,6.826,7.0393333333333326,447321.4011,0,coinbase
1723420800,6.827,7.33,6.824,7.287,7.146999999999999,753502.3849,0,coinbase
1723507200,7.284,7.427,6.919,7.372,7.239333333333334,440888.7668,0,coinbase
1723593600,7.367,7.446,7.049,7.133,7.209333333333333,554136.4897,0,coinbase
1723680000,7.131,7.299,6.837,6.944,7.026666666666666,473824.4718,0,coinbase
1723766400,6.935,7.184,6.827,7.009,7.006666666666667,437936.7249,0,coinbase
1723852800,7.011,7.283,6.975,7.278,7.178666666666666,263912.3491,0,coinbase
1723939200,7.284,7.381,7.129,7.148,7.219333333333334,298661.3963,0,coinbase
1724025600,7.145,7.248,6.962,7.227,7.145666666666667,365403.5912,0,coinbase
1724112000,7.226,7.457,7.131,7.261,7.283,403061.3621,0,coinbase
1724198400,7.265,7.817,7.204,7.689,7.57,593609.3617,0,coinbase
1724284800,7.696,8.129,7.557,8.029,7.905,468128.9084,0,coinbase
1724371200,8.038,8.74,8.032,8.687,8.486333333333333,682550.0312,0,coinbase
1724457600,8.689,8.95,8.473,8.698,8.707,483693.2111,0,coinbase
1724544000,8.696,8.732,8.259,8.516,8.502333333333333,401674.6642,0,coinbase
1724630400,8.519,8.609,7.995,8.079,8.227666666666666,366808.9232,0,coinbase
1724716800,8.089,8.296,7.622,7.723,7.880333333333333,569861.59,0,coinbase
1724803200,7.724,7.992,7.517,7.757,7.755333333333333,311445.6735,0,coinbase
1724889600,7.765,8.206,7.694,7.796,7.898666666666666,382955.8292,0,coinbase
1724976000,7.789,7.873,7.331,7.623,7.609000000000001,368321.2752,0,coinbase
1725062400,7.614,7.719,7.44,7.564,7.574333333333333,247138.0972,0,coinbase
1725148800,7.555,7.578,7.093,7.193,7.287999999999999,227911.6174,0,coinbase
1725235200,7.186,7.553,7.117,7.527,7.399,282180.3887,0,coinbase
1725321600,7.52,7.643,7.146,7.156,7.315,351570.7622,0,coinbase
1725408000,7.165,7.758,6.892,7.567,7.405666666666666,502000.5665,0,coinbase
1725494400,7.563,7.638,7.134,7.232,7.334666666666667,409344.3765,0,coinbase
1725580800,7.228,7.321,6.8,7.023,7.047999999999999,582898.0168,0,coinbase
1725667200,7.018,7.225,6.995,7.058,7.092666666666666,296855.8113,0,coinbase
1725753600,7.059,7.502,7.054,7.418,7.324666666666666,219429.193,0,coinbase
1725840000,7.428,7.859,7.395,7.781,7.678333333333334,320072.2067,0,coinbase
1725926400,7.788,9.104,7.682,8.933,8.573,825409.7426,0,coinbase
1726012800,8.95,8.96,8.37,8.667,8.665666666666667,905935.2523,0,coinbase
1726099200,8.67,8.733,8.365,8.51,8.536,543829.4073,0,coinbase
1726185600,8.508,8.738,8.16,8.622,8.506666666666666,516359.5631,0,coinbase
1726272000,8.624,8.9,8.524,8.654,8.692666666666666,348292.3069,0,coinbase
1726358400,8.648,8.8,8.217,8.33,8.449,349078.7467,0,coinbase
1726444800,8.322,8.322,7.887,8.025,8.078000000000001,449567.1692,0,coinbase
1726531200,8.018,8.284,7.82,7.906,8.003333333333332,409871.9762,0,coinbase
1726617600,7.909,8.202,7.595,8.198,7.998333333333334,511132.2211,0,coinbase
1726704000,8.193,8.418,7.994,8.089,8.167,583183.7617,0,coinbase
1726790400,8.094,8.707,7.919,8.487,8.371,594081.6767,0,coinbase
1726876800,8.484,8.602,8.244,8.53,8.458666666666666,361417.5433,0,coinbase
1726963200,8.533,8.567,8.028,8.248,8.280999999999999,338024.0873,0,coinbase
1727049600,8.251,8.732,8.069,8.704,8.501666666666667,605517.3106,0,coinbase
1727136000,8.706,9.559,8.554,9.396,9.169666666666666,931780.6113,0,coinbase
1727222400,9.391,9.537,9.016,9.053,9.202,536503.7164,0,coinbase
1727308800,9.053,9.731,8.97,9.515,9.405333333333333,580536.0718,0,coinbase
1727395200,9.5,9.995,9.31,9.87,9.725,599674.8939,0,coinbase
1727481600,9.888,10.047,9.526,9.682,9.751666666666667,248618.6453,0,coinbase
1727568000,9.662,9.85,9.463,9.536,9.616333333333332,238689.7783,0,coinbase
1727654400,9.536,9.598,8.907,8.989,9.164666666666667,398241.822,0,coinbase
1727740800,8.992,9.419,8.074,8.33,8.607666666666667,593621.4747,0,coinbase
1727827200,8.322,8.506,7.859,7.986,8.117,451023.0292,0,coinbase
1727913600,7.988,8.169,7.688,8.02,7.959,489866.4028,0,coinbase
1728000000,8.024,8.443,7.984,8.36,8.262333333333332,403022.4865,0,coinbase
1728086400,8.356,8.375,8.068,8.208,8.216999999999999,146740.1288,0,coinbase
1728172800,8.201,8.523,8.136,8.519,8.392666666666665,166057.2401,0,coinbase
1728259200,8.52,8.654,8.031,8.051,8.245333333333335,417683.9755,0,coinbase
1728345600,8.048,8.195,7.906,7.969,8.023333333333333,309823.1648,0,coinbase
1728432000,7.987,8.102,7.735,7.817,7.884666666666667,274978.2854,0,coinbase
1728518400,7.816,8.076,7.703,8.012,7.9303333333333335,313847.5547,0,coinbase
1728604800,8.016,8.269,7.97,8.148,8.129,350027.3666,0,coinbase
1728691200,8.148,8.308,8.008,8.059,8.125,410388.2926,0,coinbase
1728777600,8.06,8.112,7.721,7.914,7.915666666666667,451452.4133,0,coinbase
1728864000,7.917,8.423,7.797,8.327,8.182333333333332,656924.1334,0,coinbase
1728950400,8.333,8.455,7.844,8.125,8.141333333333334,785216.1544,0,coinbase
1729036800,8.125,8.148,7.859,7.891,7.965999999999998,345906.5183,0,coinbase
1729123200,7.891,7.949,7.505,7.686,7.768,103748.94452421,1417,kraken
1729209600,7.672,8.059,7.644,8.013,7.934,86095.84756914,1209,kraken
1729296000,8.018,8.259,7.963,8.032,8.051,82532.15498411,1047,kraken
1729382400,8.05,8.369,7.93,8.344,8.218,121511.76108074,1572,kraken
1729468800,8.343,8.432,7.872,7.98,8.091,38760.08281732,1256,kraken
1729555200,7.982,8.088,7.821,7.94,7.97,129250.03582573,2027,kraken
1729641600,7.954,8.33,7.81,8.132,8.022,182531.92154959,2784,kraken
1729728000,8.161,8.424,8.042,8.293,8.241,43845.41616908,1164,kraken
1729814400,8.294,8.502,7.413,7.701,8.1,71301.46714682,1863,kraken
1729900800,7.652,7.868,7.496,7.721,7.667,54791.15865895,1520,kraken
1729987200,7.712,7.906,7.659,7.784,7.791,22801.49814452,615,kraken
1730073600,7.79,7.846,7.599,7.806,7.768,47230.72636263,952,kraken
1730160000,7.788,8.188,7.782,8.127,8.066,78625.73614275,1523,kraken
1730246400,8.131,8.263,7.975,8.163,8.116,17783.74726635,782,kraken
1730332800,8.159,8.193,7.764,7.849,7.879,44102.70604957,1059,kraken
1730419200,7.848,8.021,7.692,7.815,7.835,76952.22995228,1348,kraken
1730505600,7.833,7.938,7.465,7.527,7.648,51318.59620901,1162,kraken
1730592000,7.527,7.578,6.92,7.192,7.161,125510.69634527,2178,kraken
1730678400,7.185,7.29,6.82,7.017,7.076,64469.93499309,1257,kraken
1730764800,7.028,7.441,7.018,7.373,7.254,24457.37845319,858,kraken
1730851200,7.376,8.035,7.373,7.884,7.713,103908.21331389,2771,kraken
1730937600,7.883,8.131,7.525,7.829,7.797,142174.30728871,2880,kraken
1731024000,7.832,8.688,7.643,8.628,8.068,153889.21674132,3190,kraken
1731110400,8.632,8.636,8.114,8.563,8.334,72073.33954158,1949,kraken
1731196800,8.568,9.479,8.48,8.996,9.091,210168.35438212,5122,kraken
1731283200,9.005,9.495,8.816,9.494,9.091,233597.78104944,3856,kraken
1731369600,9.495,9.69,8.535,8.816,9.07,284894.21439831,5764,kraken
1731456000,8.842,8.967,8.082,8.537,8.484,151198.83557778,3942,kraken
1731542400,8.534,8.731,7.867,7.981,8.337,95737.55250064,2983,kraken
1731628800,7.991,8.881,7.826,8.702,8.335,100888.83123078,2916,kraken
1731715200,8.69,9.524,8.621,9.235,9.166,143325.18716342,4356,kraken
1731801600,9.26,10.13,8.892,8.982,9.486,198111.74811429,5107,kraken
1731888000,8.983,9.524,8.907,9.426,9.263,158583.85111687,3796,kraken
1731974400,9.427,9.788,8.986,9.158,9.369,185827.34020239,3654,kraken
1732060800,9.147,9.544,8.804,8.831,9.123,128009.12142862,3852,kraken
1732147200,8.839,9.47,8.672,9.232,9.108,104446.47435874,3372,kraken
1732233600,9.236,11.396,9.106,11.273,10.202,411707.06003666,9667,kraken
1732320000,11.288,12.129,10.781,11.415,11.407,366299.26019878,10649,kraken
1732406400,11.363,12.117,10.399,11.658,11.292,213884.34212425,8654,kraken
1732492800,11.66,12.76,11.057,11.508,11.982,271167.25622011,10519,kraken
1732579200,11.511,11.968,10.708,11.138,11.191,126804.56841496,5834,kraken
1732665600,11.121,11.781,10.895,11.727,11.471,95041.38282394,3138,kraken
1732752000,11.661,11.686,11.084,11.54,11.373,71266.21122148,2383,kraken
1732838400,11.573,12.141,11.237,12.05,11.719,84875.53957776,2878,kraken
1732924800,12.067,12.78,11.795,12.443,12.31,221018.50504187,6092,kraken
1733011200,12.45,13.191,11.942,12.784,12.604,174882.34530231,5730,kraken
1733097600,12.786,13.784,12.396,13.784,13.177,409249.00894944,12564,kraken
1733184000,13.784,14.778,12.925,14.656,13.98,308309.39931675,11501,kraken
1733270400,14.652,15.432,14.175,14.692,14.805,314875.8074334,9988,kraken
1733356800,14.694,15.497,13.855,14.29,14.54,208185.05328352,8473,kraken
1733443200,14.25,15.379,14.151,15.29,14.759,191718.74370581,7371,kraken
1733529600,15.249,15.597,14.485,14.698,14.894,156929.22401752,4417,kraken
1733616000,14.675,14.848,14.139,14.589,14.437,83880.00658315,2837,kraken
1733702400,14.591,14.592,10.725,11.969,12.674,374996.06183154,9299,kraken
1733788800,11.949,12.415,10.845,11.809,11.593,328305.82728093,7634,kraken
1733875200,11.792,13.231,11.38,13.17,12.562,181781.46419822,4001,kraken
1733961600,13.169,14.175,12.961,13.665,13.637,278393.70501573,6487,kraken
1734048000,13.667,13.92,13.168,13.518,13.464,65618.14489403,2626,kraken
1734134400,13.52,13.758,12.535,12.887,13.019,100783.28262833,3031,kraken
1734220800,12.843,13.34,12.537,13.146,12.974,74404.83840547,2297,kraken
1734307200,13.183,13.61,12.437,12.68,12.886,132936.23196147,3737,kraken
1734393600,12.702,12.892,11.984,12.067,12.477,107774.91625359,3127,kraken
1734480000,12.068,12.475,11.046,11.102,11.695,166069.00669506,4038,kraken
1734566400,11.099,11.358,9.839,10.147,10.561,250034.84815808,5814,kraken
1734652800,10.165,10.751,8.829,10.559,9.794,203781.61524339,6277,kraken
1734739200,10.557,11.374,9.915,10.019,10.507,106179.23792696,4221,kraken
1734825600,10.001,10.306,9.712,9.916,10.006,70975.20051317,2016,kraken
1734912000,9.922,10.96,9.6,10.758,10.129,153741.56925474,3164,kraken
1734998400,10.733,11.351,10.455,11.294,10.917,140258.25867291,2705,kraken
1735084800,11.29,11.626,11.023,11.15,11.311,109772.20905562,1873,kraken
1735171200,11.167,11.262,10.16,10.289,10.547,138415.01707024,2760,kraken
1735257600,10.293,10.792,10.045,10.208,10.302,124197.82899318,2885,kraken
1735344000,10.208,10.815,10.089,10.645,10.475,40454.06649821,1408,kraken
1735430400,10.659,10.659,10.001,10.139,10.291,79996.04205658,1809,kraken
1735516800,10.14,10.523,9.717,10.018,10.132,76682.31525209,2241,kraken
1735603200,9.979,10.287,9.754,9.86,9.916,75468.94695376,1573,kraken
1735689600,9.856,10.65,9.731,10.492,10.149,94486.85460221,1587,kraken
1735776000,10.511,10.866,10.497,10.667,10.67,75269.10520037,1996,kraken
1735862400,10.674,12.48,10.648,12.385,11.596,158750.63542846,4447,kraken
1735948800,12.396,12.742,12.133,12.299,12.351,60045.73418948,1588,kraken
1736035200,12.292,12.299,11.874,12.111,12.099,95050.59733828,1779,kraken
1736121600,12.122,12.505,11.832,12.206,12.107,139273.88599686,3615,kraken
1736208000,12.133,12.347,11.028,11.028,11.751,72911.79567385,2376,kraken
1736294400,11.043,11.23,10.368,10.882,10.882,113358.96477066,2292,kraken
1736380800,10.838,10.985,9.967,10.118,10.27,89329.55663166,1801,kraken
1736467200,10.134,10.846,10.112,10.33,10.492,115203.75278538,2542,kraken
1736553600,10.335,10.672,10.079,10.475,10.33,28710.43558764,1008,kraken
1736640000,10.494,10.54,10.093,10.229,10.329,61492.39786614,1127,kraken
1736726400,10.229,10.52,9.264,9.786,9.723,125133.07118157,3754,kraken
1736812800,9.788,10.27,9.751,10.232,10.009,49139.56674688,1634,kraken
1736899200,10.25,11.052,10.014,11.025,10.624,145634.28123921,2690,kraken
1736985600,11.042,11.23,10.437,10.825,10.81,82670.6137385,2274,kraken
1737072000,10.812,11.478,10.812,11.349,11.239,139119.27365816,2433,kraken
1737158400,11.36,11.485,10.45,10.622,10.591,321833.56935614,4112,kraken
1737244800,10.62,10.945,9.68,9.873,10.365,569658.84685093,8989,kraken
1737331200,9.884,10.78,9.492,9.803,9.951,196124.38522523,5040,kraken
1737417600,9.787,10.142,9.326,9.872,9.742,123919.61177416,3762,kraken
1737504000,9.873,9.955,9.021,9.096,9.399,171215.06429526,4188,kraken
1737590400,9.089,9.444,8.977,9.231,9.169,191134.01633351,4077,kraken
1737676800,9.235,9.399,8.913,9.045,9.177,91906.68363056,2548,kraken
1737763200,9.047,9.289,8.926,9.209,9.111,58903.42700856,1037,kraken
1737849600,9.188,9.319,8.776,8.797,9.11,75408.79137611,1540,kraken
1737936000,8.806,9.037,8.067,8.894,8.595,291449.03546352,4542,kraken
1738022400,8.886,9.115,8.442,8.544,8.908,152391.06538362,2603,kraken
1738108800,8.533,8.872,8.314,8.567,8.629,115268.49537301,2094,kraken
1738195200,8.584,9.252,8.481,9.132,9.026,84365.63455927,1729,kraken
1738281600,9.148,9.747,9.01,9.274,9.318,129653.66954748,2570,kraken
1738368000,9.285,9.389,8.434,8.506,8.916,58075.98034722,1365,kraken
1738454400,8.486,8.727,7.038,7.484,7.726,201799.04305564,4044,kraken
1738540800,7.49,7.742,5.901,7.655,6.814,586459.13539477,7450,kraken
1738627200,7.656,7.697,6.798,7.043,7.205,321366.29496444,5306,kraken
1738713600,7.035,7.228,6.848,6.993,7.049,136140.65445275,2317,kraken
1738800000,6.996,7.185,6.644,6.718,6.909,154776.81775914,2393,kraken
1738886400,6.722,7.235,6.641,6.791,6.891,80519.93194225,2078,kraken
1738972800,6.756,7.053,6.637,7.015,6.76,95521.37184556,1958,kraken
1739059200,7.004,7.135,6.624,6.965,6.93,74515.12380479,1780,kraken
1739145600,6.951,7.208,6.726,7.005,7.017,86606.47849799,1771,kraken
1739232000,7.006,7.425,6.922,7.1,7.21,130804.12202261,2170,kraken
1739318400,7.097,7.47,6.859,7.388,7.178,92712.10593052,2048,kraken
1739404800,7.405,7.414,6.974,7.136,7.203,76603.78481455,1777,kraken
1739491200,7.116,7.409,7.108,7.242,7.243,68802.41595107,1767,kraken
1739577600,7.234,7.307,7.029,7.105,7.161,34756.83632668,1136,kraken
1739664000,7.102,7.133,6.904,6.988,7.041,90800.91344471,1772,kraken
1739750400,6.997,7.235,6.895,7.056,7.041,45408.81099304,1422,kraken
1739836800,7.059,7.069,6.558,6.756,6.741,118383.02866517,1987,kraken
1739923200,6.755,6.938,6.678,6.864,6.822,79919.43772604,1528,kraken
1740009600,6.849,7.174,6.812,7.148,6.982,130019.70316143,1973,kraken
1740096000,7.147,7.466,6.842,6.982,7.205,86954.05691683,2086,kraken
1740182400,6.97,7.257,6.952,7.198,7.156,24519.1209347,879,kraken
1740268800,7.185,7.251,6.965,7.056,7.106,33069.64821304,1087,kraken
1740355200,7.066,7.099,6.353,6.397,6.655,134296.8256533,2415,kraken
1740441600,6.404,6.425,5.89,6.335,6.175,172365.60733391,3457,kraken
1740528000,6.339,6.601,6.151,6.365,6.409,58379.30815521,2024,kraken
1740614400,6.383,6.811,6.329,6.662,6.559,67618.48178925,1786,kraken
1740700800,6.658,6.666,6.006,6.516,6.389,211285.66955546,2699,kraken
1740787200,6.509,6.646,6.321,6.582,6.457,34307.23758169,1186,kraken
1740873600,6.577,7.243,6.515,7.213,6.966,92989.66321107,2412,kraken
1740960000,7.225,7.267,6.09,6.17,6.718,110649.07542163,2817,kraken
1741046400,6.151,6.202,5.63,6.035,5.954,108396.64595259,2634,kraken
1741132800,6.031,6.394,5.95,6.378,6.142,67013.68857225,1785,kraken
1741219200,6.377,6.458,6.117,6.201,6.296,61272.79972024,1589,kraken
1741305600,6.202,6.336,5.863,6.055,6.154,71708.85028345,1871,kraken
1741392000,6.05,6.094,5.874,5.95,5.97,46630.81541519,947,kraken
1741478400,5.952,5.99,5.343,5.424,5.6,64335.52979462,1792,kraken
1741564800,5.424,5.778,5.016,5.088,5.34,67406.26652386,2075,kraken
1741651200,5.093,5.52,4.841,5.407,5.253,189771.48424076,2558,kraken
1741737600,5.416,5.576,5.243,5.483,5.384,193031.51482033,1927,kraken
1741824000,5.483,5.635,5.274,5.445,5.385,120738.95515285,1717,kraken
1741910400,5.427,5.728,5.427,5.667,5.606,97626.76869836,1349,kraken
1741996800,5.662,5.877,5.633,5.826,5.785,64370.01446951,956,kraken
1742083200,5.829,5.862,5.515,5.554,5.657,57728.89447891,1007,kraken
1742169600,5.566,6.084,5.566,5.896,5.9,81916.06618589,1533,kraken
1742256000,5.887,5.901,5.606,5.813,5.746,80774.03500613,1482,kraken
1742342400,5.826,6.005,5.788,5.991,5.929,59475.16924335,1228,kraken
1742428800,5.99,6.006,5.709,5.738,5.829,62734.83918919,1005,kraken
1742515200,5.746,5.782,5.616,5.653,5.691,16361.38730245,597,kraken
1742601600,5.658,5.825,5.608,5.745,5.744,28459.37865643,617,kraken
1742688000,5.751,5.85,5.72,5.83,5.785,12082.71384726,602,kraken
1742774400,5.835,6.108,5.776,6.047,5.996,68874.2585565,1060,kraken
1742860800,6.036,6.23,5.95,6.203,6.081,139402.79982622,1127,kraken
1742947200,6.204,6.37,6.006,6.08,6.216,35419.798784,1115,kraken
1743033600,6.059,6.186,5.948,6.094,6.066,91741.10057152,967,kraken
1743120000,6.086,6.122,5.558,5.6,5.727,79330.73215671,1082,kraken
1743206400,5.6,5.638,5.263,5.345,5.397,30079.09855427,811,kraken
1743292800,5.345,5.449,5.2,5.266,5.288,64555.16745924,851,kraken
1743379200,5.272,5.382,5.08,5.311,5.247,74191.45540587,1028,kraken
1743465600,5.308,5.568,5.291,5.411,5.418,75953.63905415,1155,kraken
1743552000,5.388,5.49,4.974,5.022,5.196,93970.76034062,1346,kraken
1743638400,5.001,5.231,4.929,5.137,5.085,120961.39030943,1530,kraken
1743724800,5.143,5.244,4.976,5.058,5.1,29722.41498982,1080,kraken
1743811200,5.052,5.089,4.94,5.054,5.018,18773.06433358,715,kraken
1743897600,5.044,5.083,4.464,4.582,4.723,116375.69936862,1974,kraken
1743984000,4.586,4.824,4.187,4.632,4.493,143835.79440819,2441,kraken
1744070400,4.629,4.818,4.48,4.622,4.565,202817.99329093,1425,kraken
1744156800,4.61,5.041,4.489,4.984,4.729,134486.28416101,1714,kraken
1744243200,4.987,5.043,4.727,4.81,4.907,36572.88029926,953,kraken
1744329600,4.812,5.081,4.812,5.043,4.972,55639.32650785,1124,kraken
1744416000,5.039,5.271,5.022,5.235,5.124,70985.6280863,804,kraken
1744502400,5.237,5.254,4.968,5.005,5.143,59878.46125484,754,kraken
1744588800,5.007,5.113,4.824,4.884,4.951,63948.06555192,1179,kraken
1744675200,4.888,4.968,4.74,4.753,4.902,114431.91919749,1101,kraken
1744761600,4.747,4.814,4.59,4.645,4.699,64099.33597742,1042,kraken
1744848000,4.648,4.765,4.596,4.706,4.709,74310.47772256,879,kraken
1744934400,4.715,4.805,4.671,4.749,4.743,28890.86562148,604,kraken
1745020800,4.749,4.947,4.748,4.918,4.852,94649.7241616,972,kraken
1745107200,4.923,4.957,4.785,4.877,4.875,44760.3379103,676,kraken
1745193600,4.879,5.008,4.752,4.776,4.916,58677.3247206,859,kraken
1745280000,4.762,5.12,4.639,5.098,4.811,145932.97377512,1544,kraken
1745366400,5.107,5.275,5.026,5.175,5.16,112093.09218268,1288,kraken
1745452800,5.179,5.206,4.965,5.2,5.074,79059.59919411,846,kraken
1745539200,5.194,5.4,5.11,5.285,5.295,121848.97379676,1375,kraken
1745625600,5.287,5.483,5.214,5.267,5.3,89044.20100376,757,kraken
1745712000,5.269,5.302,5.02,5.044,5.118,37526.28939831,628,kraken
1745798400,5.03,5.187,4.914,5.104,5.055,70051.94016916,1029,kraken
1745884800,5.105,5.17,4.848,4.895,5.047,63711.5141784,945,kraken
1745971200,4.886,4.966,4.75,4.919,4.877,52203.51335073,865,kraken
1746057600,4.914,5.03,4.842,4.94,4.963,54550.78486724,965,kraken
1746144000,4.953,5.064,4.895,4.996,4.973,50700.40488652,728,kraken
1746230400,4.994,4.996,4.661,4.72,4.819,31370.25791087,677,kraken
1746316800,4.723,4.746,4.551,4.597,4.623,29681.39327892,730,kraken
1746403200,4.607,4.687,4.559,4.611,4.622,90096.76336331,828,kraken
1746489600,4.597,4.638,4.449,4.633,4.542,77858.49222752,837,kraken
1746576000,4.625,4.684,4.507,4.651,4.59,29635.88002048,613,kraken
1746662400,4.653,5.226,4.642,5.219,4.996,122145.6333022,1487,kraken
1746748800,5.22,5.521,5.186,5.434,5.355,173002.00910611,1684,kraken
1746835200,5.449,5.854,5.388,5.843,5.53,201783.66034262,1808,kraken
1746921600,5.838,5.963,5.508,5.766,5.74,180593.47420109,1687,kraken
1747008000,5.767,6.126,5.556,5.756,5.882,272702.24743124,2860,kraken
1747094400,5.749,5.982,5.449,5.928,5.696,222532.23001033,1684,kraken
1747180800,5.918,5.988,5.6,5.633,5.77,174706.38079974,1668,kraken
1747267200,5.645,5.699,5.304,5.399,5.417,163605.46964056,1505,kraken
1747353600,5.402,5.537,5.224,5.258,5.43,153536.8935571,1133,kraken
1747440000,5.268,5.274,5.083,5.152,5.195,153005.27681005,1079,kraken
1747526400,5.146,5.459,5.022,5.346,5.189,220941.66370684,1400,kraken
1747612800,5.337,5.362,4.986,5.197,5.128,89297.63319025,979,kraken
1747699200,5.213,5.357,5.07,5.272,5.196,123406.21389165,901,kraken
1747785600,5.271,5.492,5.18,5.365,5.298,186699.92796984,1738,kraken
1747872000,5.358,5.695,5.35,5.695,5.573,126575.01673653,1369,kraken
1747958400,5.697,5.838,5.207,5.225,5.565,132794.22269655,1669,kraken
1748044800,5.225,5.33,5.185,5.2,5.245,82947.47130336,876,kraken
1748131200,5.204,5.278,5.022,5.265,5.155,31515.62550829,761,kraken
1748217600,5.265,5.414,5.184,5.215,5.276,111736.33253481,891,kraken
1748304000,5.226,5.406,5.111,5.333,5.302,133723.53876828,980,kraken
1748390400,5.335,5.467,5.181,5.437,5.313,210795.24033175,1257,kraken
1748476800,5.444,5.567,5.241,5.258,5.427,128259.66560566,1098,kraken
1748563200,5.259,5.278,4.786,4.804,5.002,354449.64731612,2523,kraken
1748649600,4.79,4.939,4.684,4.911,4.78,108299.76236195,1631,kraken
1748736000,4.898,5.0,4.799,4.937,4.922,133076.47681735,967,kraken
1748822400,4.941,5.134,4.836,5.128,4.928,34079.71050597,818,kraken
1748908800,5.125,5.574,5.09,5.318,5.333,140019.91046531,1793,kraken
1748995200,5.333,5.48,5.181,5.195,5.34,92828.48403207,1197,kraken
1749081600,5.204,5.32,4.813,4.861,5.061,125896.22675137,1901,kraken
1749168000,4.86,5.075,4.847,4.95,4.975,130730.71128139,1635,kraken
1749254400,4.953,5.241,4.935,5.227,5.095,60567.24219895,897,kraken
1749340800,5.24,5.7,5.187,5.553,5.533,190560.37888498,2720,kraken
1749427200,5.559,6.151,5.497,6.029,5.867,276338.43185877,4761,kraken
1749513600,6.037,6.235,5.897,6.161,6.042,338654.61454175,4492,kraken
1749600000,6.168,6.315,5.956,6.069,6.141,163006.02131919,2622,kraken
1749686400,6.07,6.143,5.774,5.832,5.956,225791.87604353,2745,kraken
1749772800,5.823,5.826,5.325,5.464,5.475,220326.16162383,3250,kraken
1749859200,5.451,5.782,5.404,5.483,5.56,157284.63170445,2336,kraken
1749945600,5.487,5.519,5.291,5.517,5.385,43105.29838747,1175,kraken
1750032000,5.516,5.737,5.392,5.392,5.619,105587.04525141,2310,kraken
1750118400,5.397,5.482,5.07,5.134,5.237,233948.18082158,3410,kraken
1750204800,5.132,5.255,4.991,5.117,5.116,112677.30825607,2235,kraken
1750291200,5.122,5.151,4.962,5.056,5.025,87426.23210544,1574,kraken
1750377600,5.059,5.244,4.829,4.92,5.011,141268.37644717,2344,kraken
1750464000,4.931,5.012,4.589,4.809,4.803,154762.17637029,2532,kraken
1750550400,4.803,4.827,4.322,4.552,4.543,195769.45039029,3068,kraken
1750636800,4.558,4.99,4.475,4.974,4.691,254588.36183765,3416,kraken
1750723200,4.975,5.061,4.879,4.963,4.951,159011.62119759,2075,kraken
1750809600,4.965,5.059,4.779,4.828,4.906,89625.82421372,1631,kraken
1750896000,4.824,4.925,4.667,4.733,4.774,69876.22078764,1337,kraken
1750982400,4.74,4.824,4.667,4.76,4.724,93138.4613356,1336,kraken
1751068800,4.765,4.89,4.702,4.862,4.82,44042.40209432,757,kraken
1751155200,4.868,5.126,4.826,5.079,4.951,84859.63691049,1483,kraken
1751241600,5.082,5.105,4.875,4.903,4.959,112554.5911413,1842,kraken
1751328000,4.909,4.93,4.674,4.692,4.797,55166.22891217,1087,kraken
1751414400,4.693,5.096,4.678,5.021,4.885,85518.40236231,1514,kraken
1751500800,5.027,5.138,4.939,5.007,5.033,139317.87935951,1933,kraken
1751587200,5.013,5.031,4.718,4.782,4.833,47510.91098805,879,kraken
1751673600,4.785,4.815,4.686,4.773,4.765,19516.73516748,437,kraken
1751760000,4.775,4.895,4.729,4.838,4.801,18100.91491052,438,kraken
1751846400,4.841,4.893,4.717,4.78,4.794,31649.24709798,622,kraken
1751932800,4.778,4.867,4.705,4.839,4.794,49521.90667577,1145,kraken
1752019200,4.843,5.206,4.799,5.152,4.949,103020.20368699,1927,kraken
1752105600,5.157,5.44,5.093,5.415,5.236,161015.66960934,2341,kraken
1752192000,5.412,5.578,5.285,5.35,5.458,207306.36197461,3477,kraken
1752278400,5.356,5.441,5.143,5.362,5.281,110876.64625717,2192,kraken
1752364800,5.358,5.54,5.321,5.461,5.472,122991.95484724,1887,kraken
1752451200,5.463,5.669,5.341,5.384,5.543,243523.5717267,3752,kraken
1752537600,5.389,5.64,5.199,5.609,5.415,201873.19736814,3915,kraken
1752624000,5.61,5.771,5.468,5.62,5.603,257924.03062976,3968,kraken
1752710400,5.634,5.842,5.458,5.781,5.621,217220.55081594,3976,kraken
1752796800,5.757,6.164,5.6,5.686,5.871,340467.65042842,5335,kraken
1752883200,5.692,5.836,5.523,5.811,5.703,155351.47802672,1976,kraken
1752969600,5.811,6.128,5.756,5.989,5.971,225092.88378543,4212,kraken
1753056000,5.978,6.255,5.87,6.147,6.138,357582.84997116,5274,kraken
1753142400,6.146,6.199,5.785,6.127,5.956,259947.1092949,4126,kraken
1753228800,6.128,6.14,5.423,5.593,5.79,232650.4593608,3671,kraken
1753315200,5.592,5.756,5.266,5.48,5.585,149755.55576645,2808,kraken
1753401600,5.493,5.624,5.327,5.612,5.459,99579.42888676,1588,kraken
1753488000,5.621,5.768,5.576,5.65,5.673,103526.08595914,1151,kraken
1753574400,5.653,5.837,5.628,5.803,5.722,54834.89694654,824,kraken
1753660800,5.804,5.99,5.495,5.536,5.794,198787.2344604,3088,kraken
1753747200,5.53,5.731,5.353,5.459,5.511,141634.06094014,1891,kraken
1753833600,5.454,5.498,5.176,5.482,5.385,269085.40643786,3647,kraken
1753920000,5.471,5.582,5.227,5.227,5.419,140346.44956493,1631,kraken
1754006400,5.228,5.295,4.915,5.017,5.102,108370.33682069,1828,kraken
1754092800,5.011,5.075,4.855,4.939,4.956,79306.92616989,1232,kraken
1754179200,4.956,5.134,4.871,5.111,5.076,58090.16486689,627,kraken
1754265600,5.118,5.335,5.111,5.298,5.252,158217.41896082,1562,kraken
1754352000,5.308,5.322,4.951,5.062,5.169,127131.84891006,1537,kraken
1754438400,5.066,5.162,4.965,5.121,5.048,118816.6390903,1187,kraken
1754524800,5.115,5.349,5.064,5.345,5.257,105722.24873008,1389,kraken
1754611200,5.356,5.48,5.191,5.426,5.35,279499.28695762,4683,kraken
1754697600,5.441,5.754,5.423,5.706,5.634,184942.06867849,2931,kraken
1754784000,5.729,5.768,5.508,5.634,5.644,136431.53583855,2174,kraken
1754870400,5.625,5.751,5.334,5.371,5.557,184070.06141626,2321,kraken
1754956800,5.36,5.753,5.294,5.665,5.478,138408.93041853,2295,kraken
1755043200,5.676,6.077,5.624,6.014,5.867,185571.19035553,3615,kraken
1755129600,6.022,6.082,5.336,5.448,5.511,721988.20511381,6776,kraken
1755216000,5.445,5.587,5.253,5.383,5.38,142601.07430101,2511,kraken
1755302400,5.391,5.5,5.391,5.449,5.436,71043.88030891,1095,kraken
1755388800,5.461,5.682,5.411,5.475,5.576,55367.3969263,944,kraken
1755475200,5.478,5.478,5.223,5.305,5.325,157214.95847247,1836,kraken
1755561600,5.319,5.378,5.019,5.028,5.186,151648.20222798,2050,kraken
1755648000,5.028,5.299,5.015,5.262,5.193,85502.21744053,2384,kraken
1755734400,5.262,5.304,5.05,5.095,5.185,116329.11666114,1407,kraken
1755820800,5.1,5.578,4.94,5.531,5.244,216414.32507291,2986,kraken
1755907200,5.538,5.539,5.343,5.438,5.396,163164.55573818,1814,kraken
1755993600,5.465,5.488,5.187,5.267,5.324,147615.88455948,3114,kraken
1756080000,5.265,5.351,4.843,4.883,5.065,195986.92341505,2914,kraken
1756166400,4.875,5.105,4.865,5.069,4.995,70317.1204167,1147,kraken
1756252800,5.057,5.143,4.994,5.017,5.067,108910.0832914,1577,kraken
1756339200,5.02,5.149,4.979,5.132,5.077,134990.43668729,1547,kraken
1756425600,5.133,5.137,4.82,4.92,4.933,77937.55967224,1582,kraken
1756512000,4.906,4.947,4.809,4.854,4.871,79583.69698531,1270,kraken
1756598400,4.859,4.937,4.748,4.75,4.831,115941.45382781,1625,kraken
1756684800,4.752,4.931,4.583,4.679,4.723,128756.83980562,2075,kraken
1756771200,4.691,4.881,4.669,4.867,4.825,94742.85640116,1442,kraken
1756857600,4.866,4.934,4.79,4.908,4.874,77951.96440722,1129,kraken
1756944000,4.912,4.936,4.683,4.7,4.8,54103.8431291,1097,kraken
1757030400,4.7,4.882,4.691,4.772,4.797,115079.30313143,1623,kraken
1757116800,4.773,4.802,4.696,4.757,4.722,40736.48359807,730,kraken
1757203200,4.76,4.85,4.749,4.834,4.799,91225.74558911,1283,kraken
1757289600,4.828,4.944,4.797,4.895,4.874,77081.83147553,1471,kraken
1757376000,4.911,5.049,4.833,4.879,4.935,91082.87836773,1339,kraken
1757462400,4.88,4.999,4.842,4.899,4.904,58342.00818356,1224,kraken
1757548800,4.894,4.979,4.851,4.979,4.904,55397.99715379,1031,kraken
1757635200,4.979,5.028,4.828,4.988,4.906,163255.1318166,2389,kraken
1757721600,4.987,5.16,4.968,5.052,5.052,106972.88228694,1481,kraken
1757808000,5.05,5.051,4.836,4.856,4.994,94952.72133634,1262,kraken
1757894400,4.852,4.906,4.622,4.672,4.722,115935.37538458,2018,kraken
1757980800,4.665,4.805,4.625,4.769,4.74,92021.75087632,1432,kraken
1758067200,4.767,4.866,4.645,4.841,4.729,146104.07301655,2123,kraken
1758153600,4.848,4.958,4.8,4.929,4.904,112674.35611397,1857,kraken
1758240000,4.937,4.987,4.69,4.723,4.809,155172.71700495,2500,kraken
1758326400,4.725,4.799,4.7,4.736,4.741,54571.86774988,1031,kraken
1758412800,4.736,4.812,4.684,4.708,4.744,50992.28317847,1041,kraken
1758499200,4.702,4.707,4.26,4.323,4.403,261639.95420426,4266,kraken
1758585600,4.326,4.387,4.223,4.328,4.323,93077.63176214,1646,kraken
1758672000,4.329,4.412,4.252,4.304,4.349,167617.10725901,1837,kraken
1758758400,4.305,4.312,4.001,4.087,4.147,191013.01992478,2927,kraken
1758844800,4.088,4.24,4.06,4.217,4.143,104315.18881019,1738,kraken
1758931200,4.212,4.239,4.156,4.204,4.189,35160.08502542,695,kraken
1759017600,4.198,4.317,4.117,4.297,4.221,71531.81770832,1104,kraken
1759104000,4.293,4.297,4.166,4.248,4.247,104487.51410423,1649,kraken
1759190400,4.244,4.251,4.095,4.223,4.171,87477.20735285,1172,kraken
1759276800,4.23,4.497,4.214,4.49,4.369,113851.31767377,1402,kraken
1759363200,4.491,4.6,4.43,4.584,4.529,156510.82293055,1854,kraken
1759449600,4.58,4.699,4.499,4.661,4.574,170700.2941906,1983,kraken
1759536000,4.663,4.771,4.437,4.501,4.617,190744.56333355,1453,kraken
1759622400,4.507,4.678,4.474,4.524,4.558,53400.55634618,961,kraken
1759708800,4.514,4.684,4.499,4.61,4.623,46896.88882584,1110,kraken
1759795200,4.614,4.63,4.369,4.43,4.499,74646.56518886,1108,kraken
1759881600,4.437,4.589,4.366,4.506,4.47,50505.67873671,874,kraken
1759968000,4.51,4.511,4.288,4.366,4.383,122944.42264617,1694,kraken
1760054400,4.368,4.534,2.096,3.258,3.597,555472.45772033,7880,kraken
1760140800,3.257,3.673,2.91,3.135,3.218,594547.56549336,7937,kraken
1760227200,3.139,4.067,3.082,3.495,3.449,239478.94014617,3440,kraken
1760313600,3.502,3.78,3.429,3.721,3.624,149544.37817268,2714,kraken
1760400000,3.728,3.735,3.367,3.536,3.49,155882.79715512,2342,kraken
1760486400,3.518,3.561,3.275,3.354,3.429,87480.52414667,1700,kraken
1760572800,3.348,3.41,3.103,3.138,3.299,178479.8376415,2361,kraken
1760659200,3.141,3.175,2.89,3.007,3.035,297032.08508102,3354,kraken
1760745600,3.008,3.092,3.003,3.051,3.053,68911.73570618,1024,kraken
1760832000,3.053,3.125,2.993,3.069,3.074,77736.44917443,939,kraken
1760918400,3.07,3.222,3.015,3.189,3.139,106577.26524439,1530,kraken
1761004800,3.187,3.295,3.037,3.05,3.15,184220.81567891,1930,kraken
1761091200,3.045,3.07,2.872,2.98,3.006,113355.86591747,1618,kraken
1761177600,2.979,3.079,2.972,3.037,3.009,222848.74916301,1358,kraken
1761264000,3.043,3.158,3.031,3.145,3.095,88270.82497179,1178,kraken
1761350400,3.146,3.174,3.089,3.12,3.129,98261.06509477,832,kraken
1761436800,3.12,3.32,3.092,3.292,3.242,110655.60634413,1239,kraken
1761523200,3.298,3.304,3.147,3.174,3.199,53606.88880373,809,kraken
1761609600,3.172,3.229,3.036,3.081,3.164,192297.91611288,1788,kraken
1761696000,3.073,3.178,2.994,3.065,3.099,98572.86842146,1134,kraken
1761782400,3.067,3.093,2.793,2.89,2.885,336936.28825669,2637,kraken
1761868800,2.89,3.002,2.882,2.946,2.932,386372.62676012,2118,kraken
1761955200,2.944,3.692,2.937,3.452,3.42,479382.18026375,4541,kraken
1762041600,3.444,4.384,3.394,4.287,3.862,1308182.44563401,12661,kraken
1762128000,4.29,4.438,3.631,3.93,3.882,1208284.27726758,12672,kraken
1762214400,3.934,6.97,3.872,5.191,5.311,3754161.49688761,51846,kraken
1762300800,5.18,6.334,4.713,5.967,5.288,1977855.35382515,21434,kraken
1762387200,5.972,7.5,5.588,6.714,6.549,3445627.54578342,44279,kraken
1762473600,6.702,8.9,6.442,8.226,7.694,4232763.39483614,60390,kraken
1762560000,8.24,9.825,7.743,8.966,8.909,4098829.59734627,52861,kraken
1762646400,8.968,9.375,6.823,7.56,7.797,3661963.11444667,44619,kraken
1762732800,7.555,7.596,6.599,6.812,6.952,2765375.35900688,19777,kraken
1762819200,6.818,7.277,5.904,5.966,6.507,1763520.201879,17470,kraken
1762905600,5.973,7.379,5.769,6.386,6.217,2189155.45872789,17073,kraken
1762992000,6.385,6.661,5.663,5.853,6.053,1761865.08492478,14608,kraken
1763078400,5.865,6.148,5.333,5.382,5.72,1050039.81482948,10143,kraken
1763164800,5.395,5.522,5.127,5.283,5.289,714237.06290191,6545,kraken
1763251200,5.264,5.615,4.774,4.774,5.234,848269.24503686,8034,kraken
1763337600,4.78,5.612,4.666,5.516,5.262,1919545.60363303,18544,kraken
1763424000,5.51,6.026,5.026,5.095,5.465,2777102.53299052,23573,kraken
1763510400,5.095,5.243,4.623,4.957,4.934,1179077.57805598,10071,kraken
1763596800,4.958,5.139,4.553,4.598,4.77,1365295.96340935,9215,kraken
1763683200,4.61,4.765,4.109,4.298,4.405,1582074.7697385,9937,kraken
1763769600,4.304,4.372,3.978,4.033,4.14,827921.35751834,6895,kraken
1763856000,4.032,4.175,3.982,4.049,4.088,460250.36655989,4488,kraken
1763942400,4.049,4.311,3.854,4.197,4.13,699089.34729613,5990,kraken
1764028800,4.188,4.471,3.989,4.35,4.246,832913.37531161,6379,kraken
1764115200,4.346,4.378,4.09,4.243,4.233,534035.56355466,4423,kraken
1764201600,4.242,4.296,4.004,4.029,4.137,323295.1346421,3243,kraken
1764288000,4.037,4.138,3.971,4.036,4.043,152316.86485821,2229,kraken
1764374400,4.037,4.165,3.919,4.017,4.001,188415.97893901,2878,kraken
1764460800,4.002,4.074,3.81,3.827,3.988,167932.72188982,1991,kraken
1764547200,3.837,3.856,3.543,3.715,3.646,659484.44170849,5667,kraken
1764633600,3.718,3.95,3.625,3.768,3.796,337254.23905501,3184,kraken
1764720000,3.768,3.83,3.592,3.741,3.719,446714.49862968,4320,kraken
1764806400,3.738,3.873,3.596,3.639,3.74,154495.65850476,2057,kraken
1764892800,3.649,3.68,3.383,3.485,3.521,198154.89238258,2432,kraken
1764979200,3.483,3.647,3.466,3.497,3.535,150498.44570735,1627,kraken
1765065600,3.502,3.519,3.314,3.426,3.432,295942.02358854,2453,kraken
1765152000,3.417,3.563,3.392,3.398,3.495,280711.43281635,2325,kraken
1765238400,3.398,3.776,3.315,3.744,3.553,266234.2974741,3225,kraken
1765324800,3.744,3.751,3.433,3.45,3.562,356009.89015224,2895,kraken
1765411200,3.445,3.466,3.26,3.412,3.338,270972.29954069,2241,kraken
1765497600,3.408,3.44,3.208,3.22,3.324,157497.73378378,1723,kraken
1765584000,3.227,3.312,3.203,3.307,3.263,126973.09542437,1285,kraken
1765670400,3.296,3.296,3.035,3.065,3.172,121411.38009823,1437,kraken
1765756800,3.071,3.291,2.951,3.038,3.112,467703.46213909,3803,kraken
1765843200,3.031,3.122,2.953,3.067,3.051,197922.19098697,2076,kraken
1765929600,3.056,3.12,2.866,2.881,2.962,325641.12876789,3555,kraken
1766016000,2.882,3.053,2.766,2.8,2.885,362712.73136408,4572,kraken
1766102400,2.802,2.998,2.749,2.947,2.885,353807.4421996,3164,kraken
1766188800,2.95,3.497,2.888,3.441,3.212,608035.25595443,5072,kraken
1766275200,3.417,3.432,3.014,3.057,3.196,364876.48531292,3489,kraken
1766361600,3.05,3.201,3.003,3.038,3.071,464421.68464673,3176,kraken
1766448000,3.034,3.071,2.933,3.035,2.998,239199.26853413,1936,kraken
1766534400,3.036,3.044,2.946,3.012,2.982,181445.72964139,1444,kraken
1766620800,3.011,3.126,2.972,2.983,3.065,199156.72609778,1552,kraken
1766707200,2.979,3.099,2.93,2.986,3.004,168644.81280809,1539,kraken
1766793600,2.983,3.085,2.983,3.078,3.045,118189.11143627,1309,kraken
1766880000,3.08,3.128,3.014,3.035,3.07,208558.96684589,1586,kraken
1766966400,3.036,3.123,2.869,2.883,3.004,218845.94479058,2084,kraken
1767052800,2.883,2.939,2.821,2.832,2.874,216053.68196671,1635,kraken
1767139200,2.828,2.856,2.657,2.84,2.762,839498.9644459,4077,kraken
1767225600,2.836,3.089,2.817,2.999,2.935,470031.67982576,3469,kraken
1767312000,3.001,3.183,2.966,3.156,3.057,233654.09252521,2096,kraken
1767398400,3.158,3.213,3.057,3.126,3.133,243719.51465401,1891,kraken
1767484800,3.126,3.286,3.121,3.27,3.218,213135.24423698,2180,kraken
1767571200,3.266,3.48,3.184,3.404,3.347,376133.9002766,3288,kraken
1767657600,3.411,3.562,3.224,3.384,3.403,360902.62016807,3948,kraken
1767744000,3.378,3.381,3.183,3.227,3.26,115476.22699646,1829,kraken
1767830400,3.229,3.249,3.07,3.174,3.173,124958.09900692,1963,kraken
1767916800,3.177,3.388,3.124,3.189,3.235,144401.94321827,2056,kraken
1768003200,3.199,3.245,3.127,3.183,3.179,54101.91007092,1058,kraken
1768089600,3.178,3.248,3.093,3.145,3.182,154763.88814163,1839,kraken
1768176000,3.14,3.245,3.06,3.108,3.162,91855.02176109,1700,kraken
1768262400,3.113,3.742,3.107,3.629,3.463,1144452.52479333,8699,kraken
1768348800,3.624,4.728,3.513,4.542,4.143,2420438.66019381,19701,kraken
1768435200,4.542,5.445,4.085,4.26,4.433,2471763.58677786,18067,kraken
1768521600,4.257,4.694,4.068,4.176,4.314,1300787.27018503,10264,kraken
1768608000,4.179,4.186,3.935,3.981,4.031,665064.49146162,5106,kraken
1768694400,3.983,4.32,3.84,3.892,4.086,621030.8239713,6461,kraken
1768780800,3.891,4.452,3.466,3.871,4.022,2008725.17739272,14724,kraken
1768867200,3.871,3.896,3.585,3.683,3.745,762569.41840252,5992,kraken
1768953600,3.679,3.825,3.516,3.624,3.65,451592.03648421,4280,kraken
1769040000,3.627,3.736,3.565,3.583,3.654,227702.2696193,2574,kraken
1769126400,3.591,3.69,3.413,3.475,3.522,362641.05154924,3322,kraken
1769212800,3.472,3.546,3.438,3.465,3.494,182495.53933927,2081,kraken
1769299200,3.471,3.485,3.166,3.234,3.301,367119.59360228,3198,kraken
1769385600,3.227,3.393,3.227,3.339,3.336,116477.96560657,1549,kraken
1769472000,3.333,3.384,3.216,3.299,3.303,206135.40959895,2080,kraken
1769558400,3.298,3.303,3.181,3.21,3.239,266766.24054554,2588,kraken
1769644800,3.203,3.207,3.001,3.095,3.095,594296.03267213,3826,kraken
1769731200,3.096,3.113,2.924,3.001,3.015,445428.9273199,3679,kraken
1769817600,2.996,3.011,2.45,2.732,2.712,1482483.34876957,9451,kraken
1769904000,2.731,2.772,2.56,2.622,2.678,169383.69978144,1998,kraken
1769990400,2.622,2.849,2.533,2.7,2.666,623838.71849989,4275,kraken
1770076800,2.699,2.763,2.545,2.638,2.659,428545.1366731,3227,kraken
1770163200,2.636,2.776,2.57,2.619,2.658,399836.6415221,2988,kraken
1770249600,2.621,2.639,2.201,2.237,2.374,761188.55429015,5325,kraken
1770336000,2.249,2.573,1.968,2.503,2.318,311181.51927492,4309,kraken
1770422400,2.501,2.56,2.393,2.497,2.456,594948.18252977,3390,kraken
1770508800,2.494,2.499,2.4,2.431,2.445,537080.55148122,3414,kraken
1770595200,2.428,2.469,2.329,2.421,2.388,479681.86587575,2917,kraken
1770681600,2.426,2.438,2.333,2.4,2.377,526375.68037914,2738,kraken
1770768000,2.398,2.413,2.283,2.334,2.322,574133.02471096,2983,kraken
1770854400,2.339,2.471,2.294,2.348,2.38,448685.14137783,3354,kraken
1770940800,2.345,2.414,2.28,2.399,2.334,458461.27424875,3004,kraken
1771027200,2.402,2.598,2.379,2.547,2.496,275268.81997474,2648,kraken
1771113600,2.548,2.558,2.36,2.414,2.471,198040.9728894,2034,kraken
1771200000,2.408,2.446,2.343,2.418,2.397,238010.13311753,1788,kraken
1771286400,2.418,2.433,2.342,2.382,2.394,64563.77805855,1021,kraken
1771372800,2.379,2.386,2.225,2.233,2.317,580075.57192883,2893,kraken
1771459200,2.235,2.257,2.135,2.178,2.169,491657.57210536,2638,kraken
1771545600,2.18,2.211,2.119,2.187,2.16,298052.79142983,2047,kraken
1771632000,2.188,2.286,2.155,2.2,2.239,425535.02780707,3102,kraken
1771718400,2.196,2.216,2.097,2.151,2.153,395075.47578921,2128,kraken
1771804800,2.154,2.426,2.018,2.089,2.078,913186.25431215,5672,kraken
1771891200,2.093,2.139,2.014,2.12,2.102,394979.20099607,3541,kraken
1771977600,2.124,2.585,2.109,2.429,2.339,1009425.18552828,5153,kraken
1772064000,2.431,2.454,2.324,2.428,2.404,291962.77115674,2476,kraken
1772150400,2.431,2.717,2.412,2.493,2.557,996069.58336305,6884,kraken
1772236800,2.492,2.506,2.275,2.441,2.394,472089.02357326,3480,kraken
1772323200,2.446,2.545,2.342,2.368,2.438,420942.46639539,2852,kraken
1772409600,2.367,2.547,2.343,2.397,2.438,229137.50208126,2146,kraken
1772496000,2.396,2.474,2.341,2.461,2.404,198093.79342184,2094,kraken
1772582400,2.463,2.643,2.458,2.512,2.545,601028.7473334,5296,kraken
1772668800,2.512,2.584,2.467,2.512,2.53,230052.21745412,2474,kraken
1772755200,2.514,2.638,2.436,2.486,2.553,454907.94262816,3847,kraken
1772841600,2.491,2.499,2.43,2.448,2.466,270631.97388764,1875,kraken
1772928000,2.449,2.496,2.381,2.424,2.438,249769.80599504,2118,kraken
1773014400,2.426,2.531,2.418,2.452,2.484,238612.44824611,2288,kraken
1773100800,2.452,2.548,2.381,2.388,2.481,453114.23476065,2651,kraken
1773187200,2.387,2.901,2.355,2.689,2.625,1181684.45537698,11413,kraken
1773273600,2.677,2.92,2.536,2.715,2.615,667686.58983034,6911,kraken
1773360000,2.716,2.74,2.599,2.612,2.65,270502.44144281,3947,kraken
1773446400,2.613,2.722,2.581,2.715,2.644,119328.25782087,1496,kraken
1773532800,2.708,2.714,2.643,2.669,2.669,285992.69209366,2043,kraken
1773619200,2.67,2.795,2.628,2.77,2.709,272946.42730565,2883,kraken
1773705600,2.773,2.804,2.679,2.689,2.717,192105.83085893,1937,kraken
1773792000,2.689,2.733,2.549,2.561,2.63,348077.18475923,3314,kraken
1773878400,2.567,2.578,2.456,2.493,2.493,243087.9844737,2313,kraken
1773964800,2.494,2.557,2.45,2.506,2.487,315028.76207452,2714,kraken
1774051200,2.506,2.532,2.425,2.44,2.509,137672.80006069,1101,kraken
1774137600,2.435,2.459,2.305,2.344,2.397,478870.61308943,2832,kraken
1774224000,2.344,2.445,2.321,2.404,2.41,235335.74029899,1750,kraken
1774310400,2.414,2.422,2.342,2.396,2.403,504262.57303472,2136,kraken
1774396800,2.398,2.434,2.365,2.413,2.391,546673.21193014,2699,kraken
1774483200,2.414,2.422,2.262,2.304,2.304,240182.36795534,1555,kraken
1774569600,2.304,2.332,2.201,2.22,2.254,381453.19986117,2633,kraken
1774656000,2.223,2.301,2.202,2.219,2.254,46311.36884268,776,kraken
1774742400,2.218,2.245,2.148,2.196,2.218,313547.29757285,1883,kraken
1774828800,2.198,2.283,2.196,2.241,2.252,90498.55622431,1046,kraken
1774915200,2.244,2.327,2.241,2.304,2.274,96743.16156004,1087,kraken
1775001600,2.3,2.357,2.251,2.27,2.302,413195.3460831,2808,kraken
1775088000,2.274,2.305,2.195,2.246,2.236,106222.75227132,1158,kraken
1775174400,2.248,2.326,2.238,2.287,2.292,52539.48372424,924,kraken
1775260800,2.288,2.323,2.28,2.296,2.302,48593.74090284,834,kraken
1775347200,2.297,2.305,2.249,2.291,2.272,42413.37148769,826,kraken
1775433600,2.296,2.386,2.282,2.296,2.343,79328.95673568,1444,kraken
1775520000,2.296,2.489,2.274,2.46,2.395,458292.52229913,3700,kraken
1775606400,2.458,2.645,2.417,2.429,2.505,720596.96133346,4375,kraken
1775692800,2.432,2.58,2.393,2.54,2.494,490592.68237662,2929,kraken
1775779200,2.544,2.58,2.485,2.557,2.53,164624.13779917,1715,kraken
1775865600,2.558,2.579,2.511,2.537,2.537,132062.44804291,1272,kraken
1775952000,2.537,2.541,2.407,2.413,2.446,136006.59819434,1624,kraken
1776038400,2.415,2.534,2.409,2.514,2.453,100940.84027159,1234,kraken
1776124800,2.518,2.518,2.401,2.426,2.458,170571.06751019,1590,kraken
1776211200,2.429,2.534,2.4,2.501,2.472,486204.24760328,3787,kraken
1776297600,2.499,2.671,2.493,2.659,2.581,141544.08014651,1893,kraken
1776384000,2.648,2.695,2.553,2.617,2.642,185994.10897579,1911,kraken
1776470400,2.617,2.637,2.482,2.493,2.53,206084.66716519,1654,kraken
1776556800,2.487,2.496,2.399,2.409,2.454,182058.3603832,1751,kraken
1776643200,2.411,2.494,2.411,2.461,2.454,95079.64018641,1049,kraken
1776729600,2.462,2.505,2.41,2.463,2.458,124888.37555109,1397,kraken
1776816000,2.465,2.569,2.456,2.492,2.528,176042.78232004,1680,kraken
1776902400,2.492,2.5,2.437,2.488,2.475,149933.19964317,1332,kraken
1776988800,2.488,2.498,2.45,2.457,2.464,56156.7390637,869,kraken
1777075200,2.456,2.489,2.406,2.438,2.444,57701.52026059,771,kraken
1777161600,2.436,2.463,2.43,2.447,2.449,37415.23483085,883,kraken
1777248000,2.447,2.491,2.38,2.428,2.427,244252.60880198,1651,kraken
1777334400,2.427,2.438,2.387,2.399,2.41,38964.32547532,813,kraken
1777420800,2.397,2.468,2.32,2.382,2.407,93499.4438124,1164,kraken
1777507200,2.382,2.431,2.365,2.38,2.399,67608.47556492,803,kraken
1777593600,2.379,2.4,2.341,2.348,2.372,59426.23080957,861,kraken
1777680000,2.351,2.387,2.317,2.363,2.347,36864.14405641,737,kraken
1777766400,2.364,2.367,2.329,2.343,2.352,74740.48664861,855,kraken
1777852800,2.344,2.416,2.326,2.359,2.378,119124.70245761,1356,kraken
1777939200,2.364,2.797,2.356,2.655,2.567,533848.13042225,4475,kraken
1778025600,2.65,3.241,2.645,3.201,2.885,1104105.11668966,9446,kraken
1778112000,3.192,3.275,2.905,3.057,3.02,526803.87022371,6650,kraken
1778198400,3.065,3.701,2.976,3.628,3.288,1333090.19342811,13531,kraken
1778284800,3.619,4.094,3.509,3.533,3.769,859770.77224053,9743,kraken
1778371200,3.526,3.582,3.268,3.372,3.414,367462.73979014,4423,kraken
1778457600,3.377,3.617,3.28,3.323,3.417,525455.949626,5541,kraken
1778544000,3.312,3.346,3.148,3.184,3.257,610624.63464228,4727,kraken
1778630400,3.182,3.324,3.013,3.037,3.182,357217.76788979,3252,kraken
1778716800,3.034,3.058,2.8,2.804,2.918,477783.25400298,4305,kraken
1778803200,2.803,2.848,2.583,2.615,2.694,424577.57340464,3391,kraken
1778889600,2.61,2.689,2.521,2.592,2.604,472838.75615687,3237,kraken
1778976000,2.592,2.659,2.48,2.544,2.583,214790.15672674,1725,kraken
1779062400,2.537,2.602,2.45,2.596,2.524,298051.66425242,2099,kraken
1779148800,2.596,2.613,2.458,2.47,2.51,281854.36594895,1651,kraken
1779235200,2.471,2.588,2.463,2.536,2.535,199203.74211166,1648,kraken
1779321600,2.535,2.595,2.488,2.569,2.552,244863.08809994,1792,kraken
1779408000,2.568,2.748,2.46,2.481,2.643,1373463.87038473,6789,kraken
1779494400,2.471,2.64,2.401,2.603,2.533,488250.48410932,3044,kraken
1779580800,2.6,2.635,2.494,2.558,2.587,292190.14533127,2041,kraken
1779667200,2.561,2.77,2.53,2.673,2.661,318234.10530101,2183,kraken
1779753600,2.67,2.77,2.599,2.65,2.672,513666.80500293,3232,kraken
1779840000,2.649,3.084,2.648,2.839,2.872,1267780.64212568,8514,kraken
1779926400,2.831,2.852,2.574,2.725,2.721,545470.38185993,4388,kraken
1780012800,2.728,2.8,2.615,2.633,2.701,467927.74228277,4321,kraken
1780099200,2.633,2.753,2.625,2.646,2.686,570288.11692004,3264,kraken
1780185600,2.654,2.758,2.613,2.718,2.683,409117.44282437,2560,kraken
1780272000,2.722,3.077,2.698,2.94,2.895,1297152.91543634,7983,kraken
1780358400,2.947,3.203,2.805,2.989,3.014,1997289.65730544,12694,kraken
1780444800,2.996,3.216,2.949,3.102,3.096,1251529.98381934,8609,kraken
1780531200,3.101,3.189,2.615,2.725,2.812,1106173.55935728,8070,kraken
1780617600,2.721,2.757,2.12,2.3,2.376,1727146.38332672,9869,kraken
1780704000,2.305,2.357,2.15,2.321,2.291,504343.56672143,4288,kraken
1780790400,2.322,2.5,2.285,2.378,2.388,620310.14116636,4010,kraken
1780876800,2.378,2.409,2.3,2.328,2.366,349656.19741714,2724,kraken
1780963200,2.331,2.352,2.232,2.287,2.294,277397.70054854,2493,kraken
1781049600,2.284,2.312,2.174,2.213,2.238,210012.70659325,1780,kraken
1781136000,2.213,2.305,2.206,2.275,2.262,329330.88384873,2101,kraken
1781222400,2.277,2.316,2.221,2.291,2.267,172021.1806375,1433,kraken
1781308800,2.291,2.623,2.291,2.506,2.492,738213.45306372,5382,kraken
1781395200,2.507,2.563,2.391,2.52,2.452,537805.64794077,3658,kraken
1781481600,2.52,2.597,2.394,2.419,2.505,739388.56439128,5346,kraken
1781568000,2.42,2.466,2.33,2.354,2.385,680569.5767687,3482,kraken
1781654400,2.356,2.46,2.305,2.341,2.395,574080.80164081,3800,kraken
1781740800,2.341,2.352,2.18,2.264,2.249,464507.77206345,2850,kraken
1781827200,2.265,2.277,2.205,2.265,2.24,270569.030679,1596,kraken
1781913600,2.27,2.312,2.241,2.3,2.277,313606.3137631,1507,kraken
1782000000,2.301,2.301,2.198,2.21,2.265,216831.10321377,1274,kraken
1782086400,2.208,2.318,2.208,2.238,2.263,254539.58029281,1191,kraken
1782172800,2.236,2.269,2.126,2.212,2.174,340639.4050133,1721,kraken
1782259200,2.211,2.223,2.046,2.184,2.134,427636.19087733,2982,kraken
1782345600,2.189,2.285,2.07,2.163,2.192,266219.11934775,1779,kraken
1782432000,2.172,2.244,2.08,2.202,2.161,142416.45611309,1395,kraken
1782518400,2.205,2.214,2.136,2.142,2.174,115338.88061784,945,kraken
1782604800,2.142,2.19,2.108,2.141,2.159,306401.12432176,1629,kraken
1782691200,2.139,2.233,2.129,2.195,2.183,172417.45096512,1135,kraken
1782777600,2.193,2.2,2.083,2.098,2.116,309489.34508418,1752,kraken
1782864000,2.098,2.25,2.05,2.146,2.157,475518.35883589,2550,kraken
1782950400,2.147,2.25,2.12,2.191,2.186,400546.31904513,2234,kraken
1783036800,2.192,2.251,2.167,2.24,2.203,350831.93319898,2117,kraken
1783123200,2.239,2.294,2.197,2.245,2.238,195043.65061823,1418,kraken
1783209600,2.244,2.244,2.169,2.206,2.2,121132.88923452,1109,kraken
1783296000,2.208,2.265,2.129,2.222,2.193,194275.355382,1727,kraken
1783382400,2.225,2.271,2.167,2.207,2.236,294400.13467674,2345,kraken
1783468800,2.212,2.246,2.143,2.226,2.182,110573.05541919,1235,kraken
1783555200,2.235,2.398,2.21,2.348,2.298,232443.39016992,2210,kraken
1783641600,2.352,2.384,2.259,2.3,2.313,238724.06082918,2122,kraken
1783728000,2.297,2.32,2.247,2.251,2.281,132976.58662461,1143,kraken
1783814400,2.249,2.286,2.215,2.22,2.25,104365.14122086,1046,kraken
1783900800,2.221,2.25,2.148,2.176,2.196,348189.86926586,2136,kraken
1783987200,2.175,2.247,2.168,2.222,2.215,145523.84087604,1168,kraken
1784073600,2.221,2.24,2.169,2.178,2.199,151108.10062076,1311,kraken
1784160000,2.178,2.186,2.11,2.122,2.151,258710.93543324,1816,kraken
1784246400,2.122,2.156,2.097,2.143,2.126,188453.57378014,1374,kraken
1784332800,2.144,2.184,2.135,2.173,2.156,102755.96139835,797,kraken
1784419200,2.175,2.183,2.126,2.135,2.15,108018.37017529,800,kraken
1784505600,2.135,2.212,2.111,2.201,2.146,157222.54018192,1181,kraken
1784592000,2.199,2.25,2.197,2.222,2.218,185725.98492082,1233,kraken
1784678400,2.221,2.222,2.163,2.208,2.193,92963.10085233,757,kraken
1784764800,2.208,2.218,2.143,2.157,2.182,177890.86847173,1003,kraken
1784851200,2.156,2.192,2.124,2.136,2.154,396023.16235373,1920,kraken
1784937600,2.135,2.156,2.118,2.149,2.134,189822.07114237,1051,kraken
1785024000,2.148,2.205,2.143,2.194,2.176,196533.22007829,1037,kraken
1785110400,2.196,2.206,2.086,2.099,2.144,218221.0375925,1604,kraken
1785196800,2.097,2.13,2.076,2.116,2.107,210790.21877905,1379,kraken
1785283200,2.117,2.126,2.014,2.06,2.07,228056.50120911,1695,kraken
1785369600,2.06,2.099,2.058,2.067,2.079,139654.40851481,1133,kraken
1785456000,2.067,2.098,2.039,2.071,2.063,139826.31238217,1170,kraken
1785542400,2.075,2.085,1.998,2.021,2.044,174497.40491694,1049,kraken
1785628800,2.026,2.092,2.025,2.074,2.071,74617.8465421,698,kraken
1785715200,2.077,2.123,2.041,2.113,2.094,256810.34596747,1394,kraken
1785801600,2.113,2.125,2.077,2.088,2.093,193807.54393887,939,kraken
1785888000,2.088,2.121,2.076,2.087,2.095,105173.46585181,852,kraken
1785974400,2.089,2.102,2.071,2.091,2.09,41772.47138984,581,kraken
1786060800,2.095,2.1,2.061,2.1,2.081,58929.52083269,698,kraken
1786147200,2.1,2.253,2.086,2.197,2.188,315940.10475887,2085,kraken
1786233600,2.198,2.221,2.16,2.168,2.186,107747.80718133,998,kraken
1786320000,2.171,2.35,2.159,2.284,2.235,539948.54407725,2991,kraken
1786406400,2.287,2.394,2.215,2.239,2.306,483129.93862098,3273,kraken
1786492800,2.239,2.26,2.134,2.155,2.198,333042.24444511,1915,kraken
1786579200,2.156,2.192,2.141,2.173,2.163,176986.37405887,1437,kraken
1786665600,2.175,2.247,2.154,2.243,2.207,199999.74647044,1605,kraken
1786752000,2.246,2.32,2.226,2.228,2.263,286031.48652942,1780,kraken
1786838400,2.228,2.285,2.21,2.257,2.249,309250.29654953,1875,kraken
1786924800,2.257,2.321,2.24,2.254,2.265,231198.63243538,1795,kraken
1787011200,2.256,2.294,2.176,2.196,2.224,211057.4550884,1718,kraken
1787097600,2.196,2.326,2.163,2.308,2.235,500501.89382269,3245,kraken
1787184000,2.31,2.414,2.275,2.394,2.349,472951.85158511,3410,kraken
1787270400,2.391,2.563,2.379,2.526,2.468,677483.00265432,4550,kraken
1787356800,2.522,2.712,2.222,2.336,2.432,1326651.24112129,9633,kraken
1787443200,2.337,2.459,2.278,2.438,2.384,329504.55828291,2679,kraken
1787529600,2.429,2.453,2.358,2.411,2.411,369835.41692993,2323,kraken
1787616000,2.416,2.496,2.331,2.381,2.405,742233.40638424,3962,kraken
1787702400,2.378,2.422,2.324,2.404,2.375,304652.82276522,1691,kraken
1787788800,2.406,2.479,2.381,2.46,2.438,174098.47606064,1667,kraken
1787875200,2.461,2.488,2.324,2.39,2.392,111504.50419475,1451,kraken
1787961600,2.396,2.54,2.381,2.484,2.472,243092.74235174,2364,kraken
1788048000,2.475,2.481,2.324,2.349,2.423,174539.81230152,1532,kraken
1788134400,2.339,2.435,2.338,2.401,2.392,180851.40995525,1383,kraken
1788220800,2.399,2.518,2.381,2.48,2.447,226304.71233032,1990,kraken
1788307200,2.478,2.587,2.43,2.463,2.503,634940.39915904,3956,kraken
1788393600,2.464,2.559,2.43,2.514,2.507,405159.75683088,3008,kraken
1788480000,2.513,2.6,2.422,2.469,2.504,406443.07739836,3287,kraken
1788566400,2.467,2.716,2.463,2.668,2.625,418406.15499699,3925,kraken
1788652800,2.666,2.806,2.624,2.735,2.696,542112.82961892,4275,kraken
1788739200,2.731,3.128,2.689,2.99,2.969,1292775.07717737,10978,kraken
1788825600,2.986,3.11,2.899,2.941,3.014,587598.23379743,5524,kraken
1788912000,2.943,2.958,2.754,2.783,2.864,338821.9844913,3212,kraken
1788998400,2.78,2.831,2.694,2.807,2.767,364312.01437328,3160,kraken
1789084800,2.816,2.873,2.7,2.725,2.784,244115.69851009,2316,kraken
1789171200,2.723,2.793,2.716,2.736,2.756,65174.08371301,1039,kraken
1789257600,2.739,2.833,2.641,2.762,2.739,276330.18281064,2523,kraken
1789344000,2.767,2.857,2.706,2.752,2.775,225223.54824233,2094,kraken
1789430400,2.746,2.746,2.446,2.479,2.555,439680.85644899,2669,kraken
1789516800,2.485,2.575,2.435,2.57,2.497,310750.55521878,1974,kraken
1789603200,2.569,2.642,2.522,2.633,2.571,329890.66993463,1907,kraken
1789689600,2.628,2.884,2.622,2.863,2.798,475081.41473892,3889,kraken
1789776000,2.865,2.966,2.816,2.863,2.882,351924.36481603,2427,kraken
1789862400,2.858,2.961,2.74,2.895,2.825,588389.27621681,3839,kraken
1789948800,2.9,3.062,2.88,3.032,2.943,745449.18662275,4636,kraken
1790035200,3.031,3.073,2.885,3.018,2.964,437059.94608122,3798,kraken
1790121600,3.021,3.174,2.831,2.923,2.994,874875.35889445,6158,kraken
1790208000,2.926,3.211,2.867,3.083,3.04,772844.58242353,7036,kraken
1790294400,3.086,3.273,3.045,3.192,3.159,767742.39546073,4856,kraken
1790380800,3.194,3.356,3.12,3.204,3.216,585912.90935694,5517,kraken
1790467200,3.197,3.249,3.095,3.146,3.172,499471.16489399,3303,kraken
1790553600,3.146,3.162,2.904,3.134,3.02,1309473.75703977,8602,kraken
1790640000,3.132,3.56,3.048,3.438,3.376,1980865.98087839,11004,kraken
1790726400,3.437,3.553,3.294,3.333,3.419,853051.7076905,6740,kraken
1790812800,3.332,3.426,3.225,3.288,3.299,419914.1280509,2891,kraken
1790899200,3.287,3.352,3.172,3.287,3.27,619998.07839351,4567,kraken
1790985600,3.282,3.384,3.264,3.362,3.317,348893.97529596,2309,kraken
1791072000,3.362,3.539,3.293,3.367,3.402,573552.83484342,5141,kraken
1791158400,3.362,3.604,3.237,3.59,3.412,1215130.79354648,6184,kraken
1791244800,3.592,3.601,3.37,3.389,3.48,519820.23641166,4170,kraken
