time,open,high,low,close,vwap,volume,count,source
1654128000,74.0,75.02,71.31,73.37,73.23333333333333,7598.9926,0,coinbase
1654214400,73.51,73.51,67.53,68.44,69.82666666666667,6740.6119,0,coinbase
1654300800,68.54,70.15,66.63,68.79,68.52333333333333,2920.4323,0,coinbase
1654387200,68.65,69.53,67.22,67.85,68.2,2412.8877,0,coinbase
1654473600,68.11,73.07,67.9,70.45,70.47333333333334,8861.0532,0,coinbase
1654560000,70.45,70.47,65.59,67.39,67.81666666666666,12582.5076,0,coinbase
1654646400,67.21,69.23,65.05,66.4,66.89333333333333,9084.8972,0,coinbase
1654732800,66.55,68.62,65.57,66.68,66.95666666666666,12729.2651,0,coinbase
1654819200,66.68,68.25,58.16,58.57,61.66,12602.3219,0,coinbase
1654905600,58.54,60.59,55.32,56.95,57.620000000000005,6362.6973,0,coinbase
1654992000,56.94,57.57,50.59,51.11,53.089999999999996,4635.7153,0,coinbase
1655078400,51.05,51.79,43.0,45.96,46.916666666666664,18004.9426,0,coinbase
1655164800,46.11,52.34,43.1,51.24,48.89333333333334,7712.3841,0,coinbase
1655251200,51.46,58.36,47.19,58.36,54.63666666666666,8513.0266,0,coinbase
1655337600,58.28,58.74,48.09,49.12,51.98333333333334,4859.3404,0,coinbase
1655424000,48.96,50.88,48.44,48.88,49.4,2246.3586,0,coinbase
1655510400,49.03,49.69,44.21,48.48,47.46,4872.0667,0,coinbase
1655596800,48.42,51.97,46.12,50.87,49.653333333333336,2521.3659,0,coinbase
1655683200,50.93,54.15,48.82,53.33,52.1,3447.1545,0,coinbase
1655769600,53.24,57.34,52.31,53.41,54.35333333333333,2424.6028,0,coinbase
1655856000,53.4,54.77,51.15,51.77,52.56333333333333,1423.8559,0,coinbase
1655942400,52.07,54.57,52.02,54.11,53.56666666666666,2647.8816,0,coinbase
1656028800,53.98,58.16,53.98,57.13,56.423333333333325,2697.8297,0,coinbase
1656115200,57.07,58.27,54.23,57.31,56.60333333333333,2087.2049,0,coinbase
1656201600,57.5,58.63,52.11,52.49,54.410000000000004,2766.3582,0,coinbase
1656288000,52.71,55.75,52.41,53.08,53.74666666666667,2165.4306,0,coinbase
1656374400,53.18,54.82,49.68,50.33,51.60999999999999,3766.7489,0,coinbase
1656460800,50.15,50.95,48.13,48.92,49.333333333333336,2529.9666,0,coinbase
1656547200,48.78,49.19,45.0,48.31,47.5,4254.7745,0,coinbase
1656633600,48.15,49.88,46.12,48.47,48.156666666666666,3665.9747,0,coinbase
1656720000,48.35,49.49,47.29,48.85,48.54333333333333,2006.8472,0,coinbase
1656806400,48.84,49.74,47.66,49.34,48.913333333333334,897.0859,0,coinbase
1656892800,49.39,51.75,48.42,51.51,50.56,1416.9639,0,coinbase
1656979200,51.58,52.01,48.78,50.29,50.35999999999999,2289.6824,0,coinbase
1657065600,50.56,52.05,49.56,51.35,50.98666666666667,1388.6311,0,coinbase
1657152000,51.37,53.15,51.0,52.6,52.25,1782.3275,0,coinbase
1657238400,52.32,54.02,50.97,51.74,52.24333333333334,1776.8988,0,coinbase
1657324800,52.07,53.79,51.87,53.1,52.919999999999995,1708.9956,0,coinbase
1657411200,53.09,53.23,49.75,49.76,50.91333333333333,1801.3914,0,coinbase
1657497600,49.76,49.78,46.53,46.56,47.623333333333335,1506.1445,0,coinbase
1657584000,46.6,48.54,46.12,46.55,47.06999999999999,1180.3182,0,coinbase
1657670400,46.55,49.26,45.36,49.17,47.93000000000001,2209.3034,0,coinbase
1657756800,49.08,51.84,47.3,51.69,50.276666666666664,1171.8278,0,coinbase
1657843200,51.74,55.63,51.14,54.62,53.796666666666674,2615.5004,0,coinbase
1657929600,54.49,56.8,52.74,56.5,55.346666666666664,1588.9053,0,coinbase
1658016000,56.67,57.88,54.29,54.76,55.64333333333334,1169.1299,0,coinbase
1658102400,54.82,65.28,54.8,63.18,61.086666666666666,7765.649,0,coinbase
1658188800,63.2,65.44,61.46,63.16,63.35333333333333,6590.4937,0,coinbase
1658275200,63.03,65.74,58.32,59.96,61.34,6318.7208,0,coinbase
1658361600,60.01,61.91,57.64,61.29,60.28,2196.7,0,coinbase
1658448000,61.02,69.84,61.02,66.64,65.83333333333333,8789.8357,0,coinbase
1658534400,66.7,69.94,63.65,67.4,66.99666666666667,3065.3129,0,coinbase
1658620800,67.56,68.24,64.65,64.82,65.90333333333332,2992.1131,0,coinbase
1658707200,64.78,65.2,58.26,58.26,60.57333333333333,2632.4925,0,coinbase
1658793600,58.41,58.41,55.5,58.07,57.32666666666666,3620.1567,0,coinbase
1658880000,58.04,62.42,56.01,62.34,60.25666666666667,4317.4185,0,coinbase
1658966400,62.44,67.2,60.86,65.38,64.48,3718.7167,0,coinbase
1659052800,65.4,67.36,62.0,63.91,64.42333333333333,1926.5022,0,coinbase
1659139200,64.12,66.79,62.69,63.16,64.21333333333334,2876.353,0,coinbase
1659225600,63.35,68.42,62.13,63.65,64.73333333333333,1613.8886,0,coinbase
1659312000,63.68,69.3,62.66,64.06,65.33999999999999,1952.3293,0,coinbase
1659398400,63.99,64.69,59.88,60.82,61.79666666666666,1993.9438,0,coinbase
1659484800,61.16,63.83,59.13,61.59,61.51666666666667,1975.5016,0,coinbase
1659571200,61.69,62.93,60.05,60.98,61.31999999999999,746.5248,0,coinbase
1659657600,61.13,63.83,60.52,63.62,62.656666666666666,2330.1746,0,coinbase
1659744000,63.54,68.69,63.06,66.44,66.06333333333333,5882.0002,0,coinbase
1659830400,66.32,68.01,65.08,65.78,66.29,6298.9839,0,coinbase
1659916800,65.67,67.99,63.5,64.81,65.43333333333334,3395.4362,0,coinbase
1660003200,64.75,65.67,59.34,60.02,61.67666666666667,6947.6353,0,coinbase
1660089600,59.85,64.41,57.93,63.35,61.89666666666667,3471.3716,0,coinbase
1660176000,63.5,64.36,60.36,60.8,61.839999999999996,2344.9907,0,coinbase
1660262400,60.8,61.4,59.11,60.8,60.43666666666667,1488.6374,0,coinbase
1660348800,60.76,62.31,60.53,61.08,61.30666666666667,3128.913,0,coinbase
1660435200,60.72,63.55,57.8,58.54,59.96333333333333,1847.5414,0,coinbase
1660521600,58.49,60.66,57.0,57.73,58.46333333333333,1437.4868,0,coinbase
1660608000,57.96,58.37,55.71,56.05,56.71,1629.3578,0,coinbase
1660694400,56.0,58.39,54.24,54.71,55.78,2382.2158,0,coinbase
1660780800,54.69,55.85,51.03,51.79,52.88999999999999,2182.3193,0,coinbase
1660867200,51.58,51.97,46.3,48.78,49.01666666666667,4134.7961,0,coinbase
1660953600,48.61,49.8,47.0,48.68,48.49333333333333,4258.6866,0,coinbase
1661040000,48.7,51.03,48.0,50.47,49.833333333333336,1594.6637,0,coinbase
1661126400,50.44,50.64,46.7,50.61,49.31666666666666,4339.4878,0,coinbase
1661212800,50.49,51.0,48.45,49.66,49.70333333333334,2345.6667,0,coinbase
1661299200,49.57,50.28,48.16,48.93,49.123333333333335,2514.6957,0,coinbase
1661385600,49.06,50.65,48.25,48.49,49.13,1751.3601,0,coinbase
1661472000,48.17,49.25,43.99,44.22,45.82,2997.5304,0,coinbase
1661558400,44.19,46.06,43.87,45.73,45.22,2368.1486,0,coinbase
1661644800,45.73,47.52,45.35,45.43,46.1,1290.0239,0,coinbase
1661731200,45.49,50.25,45.25,50.15,48.550000000000004,1483.0475,0,coinbase
1661817600,50.23,50.5,46.64,47.49,48.21,1550.1757,0,coinbase
1661904000,47.89,49.72,47.24,47.57,48.17666666666667,902.4394,0,coinbase
1661990400,47.76,47.86,45.55,47.52,46.97666666666667,728.7428,0,coinbase
1662076800,47.43,49.18,46.72,47.69,47.86333333333334,759.1749,0,coinbase
1662163200,47.64,49.53,47.49,48.87,48.63,721.6424,0,coinbase
1662249600,48.96,51.59,48.96,50.64,50.39666666666667,1975.7661,0,coinbase
1662336000,50.71,51.6,48.73,51.6,50.64333333333334,1527.9373,0,coinbase
1662422400,51.43,52.61,45.46,45.53,47.86666666666667,2693.0726,0,coinbase
1662508800,45.47,49.02,45.1,48.58,47.56666666666666,2492.7616,0,coinbase
1662595200,48.72,50.35,48.06,50.17,49.526666666666664,1041.5222,0,coinbase
1662681600,50.27,54.24,49.98,52.68,52.300000000000004,2879.8892,0,coinbase
1662768000,52.83,53.23,51.54,52.37,52.379999999999995,770.9968,0,coinbase
1662854400,52.7,53.63,50.83,51.87,52.11000000000001,1268.2234,0,coinbase
1662940800,51.86,54.4,50.84,51.82,52.35333333333333,1251.6093,0,coinbase
1663027200,51.62,52.05,46.13,46.37,48.18333333333334,4796.1868,0,coinbase
1663113600,46.36,47.89,46.2,47.53,47.20666666666667,990.7356,0,coinbase
1663200000,47.54,47.54,44.26,44.51,45.43666666666667,1394.4731,0,coinbase
1663286400,44.31,44.72,42.75,44.21,43.89333333333334,3329.039,0,coinbase
1663372800,44.14,44.87,43.7,44.59,44.38666666666666,2175.3542,0,coinbase
1663459200,44.61,44.77,38.4,39.59,40.92,2469.9492,0,coinbase
1663545600,39.59,40.37,37.79,40.2,39.45333333333333,3414.4271,0,coinbase
1663632000,40.2,41.18,39.32,39.95,40.15,1323.0982,0,coinbase
1663718400,40.08,43.86,39.28,40.39,41.17666666666667,4509.375,0,coinbase
1663804800,40.4,42.57,40.26,41.88,41.57,3010.4216,0,coinbase
1663891200,41.89,42.61,39.76,42.41,41.593333333333334,3638.0795,0,coinbase
1663977600,42.48,42.66,41.01,41.3,41.65666666666666,1108.7127,0,coinbase
1664064000,41.23,41.9,39.77,40.31,40.660000000000004,830.8608,0,coinbase
1664150400,40.39,42.5,40.03,42.13,41.553333333333335,1640.776,0,coinbase
1664236800,42.24,45.36,42.09,42.68,43.376666666666665,2708.3476,0,coinbase
1664323200,42.65,44.71,40.63,44.16,43.166666666666664,1560.4752,0,coinbase
1664409600,44.4,44.44,42.15,43.06,43.21666666666667,1410.9258,0,coinbase
1664496000,42.95,43.76,41.84,42.19,42.596666666666664,1957.4329,0,coinbase
1664582400,42.41,42.83,41.72,42.05,42.199999999999996,975.846,0,coinbase
1664668800,42.17,42.47,40.26,40.26,40.99666666666666,498.5465,0,coinbase
1664755200,40.17,42.8,40.17,42.8,41.92333333333333,1745.6457,0,coinbase
1664841600,42.83,44.36,42.28,43.96,43.53333333333333,1253.7404,0,coinbase
1664928000,44.06,44.06,42.11,43.55,43.24,1708.168,0,coinbase
1665014400,43.53,44.05,42.12,42.59,42.919999999999995,1103.8589,0,coinbase
1665100800,42.6,43.51,42.28,42.34,42.71,1276.7319,0,coinbase
1665187200,42.37,43.91,41.91,42.64,42.81999999999999,1368.4822,0,coinbase
1665273600,42.64,44.01,42.45,43.65,43.370000000000005,730.2718,0,coinbase
1665360000,43.64,44.27,41.8,41.8,42.62333333333333,1292.4409,0,coinbase
1665446400,41.76,41.78,40.46,40.92,41.053333333333335,1931.4844,0,coinbase
1665532800,40.86,41.3,39.76,40.05,40.37,2887.3047,0,coinbase
1665619200,40.09,41.31,36.18,40.65,39.38,3425.9907,0,coinbase
1665705600,40.73,42.29,39.26,40.0,40.516666666666666,979.0238,0,coinbase
1665792000,39.95,40.24,38.44,38.87,39.18333333333334,883.6686,0,coinbase
1665878400,39.13,39.6,38.41,38.57,38.85999999999999,739.6102,0,coinbase
1665964800,38.61,39.6,37.55,38.04,38.39666666666667,1873.483,0,coinbase
1666051200,38.11,38.35,36.78,37.67,37.6,4274.3625,0,coinbase
1666137600,37.7,38.4,36.68,37.04,37.373333333333335,2403.4083,0,coinbase
1666224000,37.05,38.12,35.53,35.8,36.483333333333334,2303.4476,0,coinbase
1666310400,35.65,36.05,34.31,34.95,35.10333333333333,6855.1261,0,coinbase
1666396800,34.88,35.26,34.39,34.56,34.73666666666667,1485.6115,0,coinbase
1666483200,34.6,34.89,33.54,34.76,34.39666666666667,3652.4941,0,coinbase
1666569600,34.78,35.05,33.5,34.19,34.24666666666666,2036.3335,0,coinbase
1666656000,34.45,36.4,34.23,35.04,35.22333333333333,6618.7335,0,coinbase
1666742400,35.04,36.17,34.86,36.17,35.733333333333334,2886.4784,0,coinbase
1666828800,36.18,37.29,34.77,34.9,35.653333333333336,3237.3503,0,coinbase
1666915200,35.04,35.86,34.3,35.37,35.17666666666667,1805.3452,0,coinbase
1667001600,35.45,36.66,35.41,35.98,36.01666666666666,2339.7723,0,coinbase
1667088000,36.02,37.15,35.7,36.57,36.47333333333333,2669.1473,0,coinbase
1667174400,36.57,37.18,34.53,34.9,35.53666666666667,6875.9676,0,coinbase
1667260800,35.0,35.29,33.81,33.87,34.32333333333333,2538.767,0,coinbase
1667347200,33.78,34.26,31.87,32.49,32.873333333333335,4462.4185,0,coinbase
1667433600,32.5,34.27,32.5,33.65,33.473333333333336,4075.7352,0,coinbase
1667520000,33.65,36.42,33.42,36.42,35.42,8463.1225,0,coinbase
1667606400,36.44,39.97,36.27,38.75,38.330000000000005,7697.6852,0,coinbase
1667692800,38.8,38.97,36.08,36.11,37.053333333333335,5431.3645,0,coinbase
1667779200,36.06,37.12,34.6,35.78,35.833333333333336,10084.7323,0,coinbase
1667865600,35.86,36.17,26.0,30.06,30.743333333333336,17176.5608,0,coinbase
1667952000,30.04,30.27,23.63,24.36,26.086666666666662,10537.3725,0,coinbase
1668038400,24.46,28.96,24.38,28.2,27.180000000000003,9402.9957,0,coinbase
1668124800,28.18,28.44,25.12,26.19,26.583333333333332,4990.4198,0,coinbase
1668211200,26.19,26.2,23.93,24.09,24.74,4085.9778,0,coinbase
1668297600,24.05,24.84,22.77,23.12,23.576666666666668,5640.0102,0,coinbase
1668384000,23.18,24.43,21.78,24.43,23.546666666666667,4321.6802,0,coinbase
1668470400,24.42,25.71,24.0,25.05,24.92,5056.479,0,coinbase
1668556800,25.07,25.51,24.29,24.83,24.876666666666665,3456.179,0,coinbase
1668643200,24.82,25.0,24.06,24.32,24.459999999999997,1625.4702,0,coinbase
1668729600,24.46,24.87,23.72,23.94,24.176666666666666,1821.7663,0,coinbase
1668816000,23.87,24.74,23.52,24.7,24.319999999999997,1865.7286,0,coinbase
1668902400,24.71,24.96,23.4,23.43,23.929999999999996,2493.402,0,coinbase
1668988800,23.41,24.34,22.61,24.09,23.680000000000003,4553.9416,0,coinbase
1669075200,24.14,25.63,23.35,25.63,24.87,4350.2024,0,coinbase
1669161600,25.65,26.47,25.22,26.27,25.986666666666665,12907.6896,0,coinbase
1669248000,26.31,26.64,25.74,26.45,26.276666666666667,1940.4228,0,coinbase
1669334400,26.39,26.9,25.74,26.26,26.3,1737.3223,0,coinbase
1669420800,26.23,27.0,26.23,26.69,26.64,1776.7903,0,coinbase
1669507200,26.69,27.29,25.69,25.85,26.27666666666667,962.4258,0,coinbase
1669593600,25.81,26.0,24.82,25.59,25.47,2012.7235,0,coinbase
1669680000,25.49,27.0,25.49,26.8,26.429999999999996,1616.9164,0,coinbase
1669766400,26.85,36.51,26.85,29.83,31.063333333333333,21574.7928,0,coinbase
1669852800,29.83,30.88,29.28,30.14,30.099999999999998,2885.3426,0,coinbase
1669939200,30.14,31.14,29.56,30.72,30.473333333333333,2425.5774,0,coinbase
1670025600,30.61,30.82,29.11,29.51,29.813333333333333,1656.6022,0,coinbase
1670112000,29.56,29.62,28.78,29.52,29.30666666666667,979.444,0,coinbase
1670198400,29.55,31.31,29.48,31.05,30.613333333333333,3047.4628,0,coinbase
1670284800,31.12,31.96,30.26,30.59,30.936666666666667,4002.9381,0,coinbase
1670371200,30.6,30.98,28.99,29.31,29.76,3329.36,0,coinbase
1670457600,29.32,30.56,29.12,29.88,29.853333333333335,1645.555,0,coinbase
1670544000,29.86,30.02,28.89,29.27,29.39333333333333,1101.2598,0,coinbase
1670630400,29.28,29.98,29.28,29.69,29.650000000000002,798.7165,0,coinbase
1670716800,29.75,30.61,29.48,29.48,29.85666666666667,1765.8755,0,coinbase
1670803200,29.53,29.94,28.25,28.9,29.03,3901.3172,0,coinbase
1670889600,28.91,29.94,27.81,28.84,28.863333333333333,3415.0007,0,coinbase
1670976000,28.84,29.07,27.37,27.48,27.973333333333333,8999.1027,0,coinbase
1671062400,27.48,27.78,26.86,27.3,27.313333333333333,9226.6548,0,coinbase
1671148800,27.36,27.67,24.22,24.59,25.493333333333336,2177.3499,0,coinbase
1671235200,24.63,25.65,23.99,25.65,25.096666666666664,2785.4425,0,coinbase
1671321600,25.55,25.85,24.93,25.45,25.41,1889.5873,0,coinbase
1671408000,25.43,25.86,24.1,24.23,24.73,3584.3813,0,coinbase
1671494400,24.21,25.15,24.11,24.74,24.666666666666668,3033.011,0,coinbase
1671580800,24.74,24.75,24.1,24.49,24.44666666666667,1359.4191,0,coinbase
1671667200,24.57,24.94,24.29,24.9,24.709999999999997,1850.528,0,coinbase
1671753600,24.9,25.38,24.78,25.26,25.14,917.0592,0,coinbase
1671840000,25.23,25.42,24.96,24.96,25.113333333333333,800.219,0,coinbase
1671926400,25.0,25.35,24.5,25.01,24.953333333333333,703.5662,0,coinbase
1672012800,24.98,25.77,24.98,25.77,25.506666666666664,800.9498,0,coinbase
1672099200,25.67,26.06,24.54,25.48,25.36,7245.0877,0,coinbase
1672185600,25.5,25.68,24.32,24.69,24.896666666666665,1786.4611,0,coinbase
1672272000,24.72,25.69,24.59,25.59,25.290000000000003,2878.8245,0,coinbase
1672358400,25.57,25.57,24.35,24.56,24.826666666666668,2724.9336,0,coinbase
1672444800,24.54,24.56,22.89,23.05,23.5,3248.8997,0,coinbase
1672531200,23.04,24.27,22.16,22.49,22.973333333333333,6086.9055,0,coinbase
1672617600,22.45,23.21,21.56,22.75,22.506666666666664,7935.7246,0,coinbase
1672704000,22.71,23.27,22.37,23.27,22.97,2303.9215,0,coinbase
1672790400,23.27,24.8,23.22,24.44,24.153333333333332,6060.1623,0,coinbase
1672876800,24.39,24.98,24.15,24.67,24.599999999999998,1928.5442,0,coinbase
1672963200,24.72,25.18,23.95,25.0,24.709999999999997,2226.7006,0,coinbase
1673049600,25.02,25.23,24.23,24.4,24.62,1794.0155,0,coinbase
1673136000,24.39,25.47,24.04,25.38,24.963333333333335,2488.244,0,coinbase
1673222400,25.37,26.63,25.21,26.09,25.97666666666667,2863.2466,0,coinbase
1673308800,26.06,26.88,25.42,26.67,26.323333333333334,1801.8543,0,coinbase
1673395200,26.64,27.42,26.03,27.3,26.916666666666668,2539.6465,0,coinbase
1673481600,27.44,28.49,26.83,28.4,27.906666666666666,3418.7747,0,coinbase
1673568000,28.4,29.11,27.6,29.06,28.59,3225.7365,0,coinbase
1673654400,29.08,33.83,29.08,31.2,31.37,14240.2003,0,coinbase
1673740800,31.28,31.48,29.82,31.26,30.853333333333335,7081.7518,0,coinbase
1673827200,31.37,32.54,30.42,32.21,31.723333333333333,5297.109,0,coinbase
1673913600,32.2,37.0,31.71,34.56,34.42333333333334,11978.9881,0,coinbase
1674000000,34.56,35.57,31.47,34.19,33.74333333333333,57778.0911,0,coinbase
1674086400,34.16,35.06,33.02,33.54,33.873333333333335,5142.2393,0,coinbase
1674172800,33.53,37.1,33.1,36.17,35.45666666666667,12539.4115,0,coinbase
1674259200,36.17,37.06,34.23,34.38,35.22333333333333,15841.7581,0,coinbase
1674345600,34.51,36.32,34.23,34.91,35.15333333333333,9538.5284,0,coinbase
1674432000,35.02,36.07,34.79,35.5,35.45333333333333,12186.1654,0,coinbase
1674518400,35.66,36.28,32.55,33.18,34.00333333333333,9577.2717,0,coinbase
1674604800,33.31,35.54,32.19,34.91,34.21333333333333,4952.2858,0,coinbase
1674691200,35.01,35.3,33.64,34.49,34.47666666666667,2502.8918,0,coinbase
1674777600,34.56,36.74,33.61,36.64,35.663333333333334,3063.5702,0,coinbase
1674864000,36.59,37.74,35.85,36.15,36.580000000000005,12506.2587,0,coinbase
1674950400,36.15,37.25,35.66,37.22,36.71,4592.0276,0,coinbase
1675036800,37.36,37.66,33.07,34.25,34.99333333333333,5441.0406,0,coinbase
1675123200,34.21,35.84,34.0,35.46,35.1,2975.8624,0,coinbase
1675209600,35.3,36.72,33.7,36.5,35.64,2504.0174,0,coinbase
1675296000,36.65,38.43,36.4,36.8,37.21,6834.3564,0,coinbase
1675382400,36.87,38.48,36.58,38.25,37.77,2586.8597,0,coinbase
1675468800,38.09,38.72,37.48,37.98,38.059999999999995,3308.9025,0,coinbase
1675555200,37.99,38.61,35.05,35.96,36.54,5032.3446,0,coinbase
1675641600,35.96,36.55,34.92,35.03,35.5,2359.1322,0,coinbase
1675728000,35.11,37.35,35.11,37.08,36.513333333333335,3931.6112,0,coinbase
1675814400,37.27,37.53,34.3,37.18,36.336666666666666,3140.7728,0,coinbase
1675900800,37.09,37.67,32.25,33.13,34.35,4272.2871,0,coinbase
1675987200,33.22,33.36,31.52,31.6,32.16,4783.2932,0,coinbase
1676073600,31.58,32.7,31.49,32.5,32.23,2097.3816,0,coinbase
1676160000,32.47,33.3,31.25,31.85,32.13333333333333,1566.9369,0,coinbase
1676246400,31.9,32.45,30.18,32.34,31.656666666666666,2021.7268,0,coinbase
1676332800,32.15,33.81,31.89,33.77,33.156666666666666,1916.8328,0,coinbase
1676419200,33.83,37.0,33.31,37.0,35.77,2469.2853,0,coinbase
1676505600,37.06,39.34,35.93,37.04,37.43666666666667,10836.9359,0,coinbase
1676592000,37.05,44.38,36.89,42.99,41.42000000000001,22060.2376,0,coinbase
1676678400,43.06,44.49,42.42,43.02,43.31,6566.3871,0,coinbase
1676764800,43.02,49.03,42.72,45.61,45.78666666666667,8146.2408,0,coinbase
1676851200,45.66,45.68,44.09,45.16,44.97666666666667,4749.5174,0,coinbase
1676937600,45.22,47.13,43.18,43.89,44.73333333333333,5949.7992,0,coinbase
1677024000,43.69,43.71,40.24,41.39,41.78,5161.5255,0,coinbase
1677110400,41.35,42.86,40.73,41.74,41.77666666666667,2240.6009,0,coinbase
1677196800,41.82,42.08,37.38,38.37,39.27666666666667,3255.8891,0,coinbase
1677283200,38.48,38.71,36.59,38.01,37.77,1721.5227,0,coinbase
1677369600,38.06,39.3,37.89,39.05,38.74666666666666,2073.206,0,coinbase
1677456000,39.05,40.17,38.08,39.11,39.12,2806.4644,0,coinbase
1677542400,39.1,39.21,36.0,36.22,37.14333333333334,5609.9505,0,coinbase
1677628800,36.31,38.31,35.89,38.21,37.47,2572.2153,0,coinbase
1677715200,38.12,38.27,36.17,36.46,36.96666666666667,2941.5303,0,coinbase
1677801600,36.45,36.45,32.82,34.03,34.43333333333334,6427.6573,0,coinbase
1677888000,34.01,34.52,33.77,34.21,34.166666666666664,1418.6714,0,coinbase
1677974400,34.16,35.23,33.8,34.55,34.526666666666664,1558.4472,0,coinbase
1678060800,34.59,35.37,34.02,34.68,34.69,1500.4893,0,coinbase
1678147200,34.67,35.08,32.57,33.11,33.586666666666666,1209.7963,0,coinbase
1678233600,33.19,33.44,31.12,31.77,32.11,2062.7471,0,coinbase
1678320000,31.77,32.51,30.44,31.54,31.49666666666667,3841.6243,0,coinbase
1678406400,31.43,32.44,28.85,32.44,31.24333333333333,11030.3753,0,coinbase
1678492800,32.35,32.86,29.44,29.98,30.76,5407.6804,0,coinbase
1678579200,29.98,32.75,29.74,32.75,31.746666666666666,4123.9147,0,coinbase
1678665600,32.7,34.24,31.12,33.48,32.946666666666665,6222.3108,0,coinbase
1678752000,33.63,37.57,33.51,36.29,35.79,5724.1999,0,coinbase
1678838400,36.28,37.8,32.3,32.86,34.32,3383.9458,0,coinbase
1678924800,33.23,33.78,32.42,33.03,33.07666666666667,1717.25,0,coinbase
1679011200,33.01,36.93,32.48,36.91,35.44,4781.9542,0,coinbase
1679097600,36.82,38.04,35.39,35.56,36.330000000000005,8844.536,0,coinbase
1679184000,35.77,39.02,35.67,36.73,37.13999999999999,3385.6199,0,coinbase
1679270400,36.73,37.2,33.83,33.98,35.00333333333333,6815.5407,0,coinbase
1679356800,34.04,35.62,33.39,35.56,34.85666666666666,3700.7289,0,coinbase
1679443200,35.49,35.49,32.0,33.22,33.57,3107.179,0,coinbase
1679529600,33.26,35.2,32.72,35.15,34.35666666666666,4822.3486,0,coinbase
1679616000,35.16,35.52,32.71,33.48,33.903333333333336,6272.5997,0,coinbase
1679702400,33.53,33.68,32.02,32.34,32.68,879.9977,0,coinbase
1679788800,32.32,33.8,32.32,33.63,33.25,552.5145,0,coinbase
1679875200,33.59,33.9,31.35,31.9,32.38333333333333,1701.6849,0,coinbase
1679961600,31.66,33.63,31.41,33.43,32.82333333333333,1271.6841,0,coinbase
1680048000,33.46,35.07,33.44,34.85,34.453333333333326,1312.6548,0,coinbase
1680134400,34.95,35.78,33.72,34.4,34.63333333333333,1558.2841,0,coinbase
1680220800,34.32,35.73,33.77,35.04,34.846666666666664,2085.4795,0,coinbase
1680307200,35.04,35.2,33.6,33.83,34.21,947.2055,0,coinbase
1680393600,33.89,33.9,32.26,32.87,33.01,1647.1672,0,coinbase
1680480000,32.78,33.44,31.67,33.09,32.733333333333334,1557.209,0,coinbase
1680566400,33.16,34.61,32.63,33.88,33.70666666666667,950.6861,0,coinbase
1680652800,33.86,35.07,33.05,33.87,33.99666666666667,7329.1197,0,coinbase
1680739200,33.9,33.92,32.72,33.16,33.266666666666666,2536.9032,0,coinbase
1680825600,33.16,33.41,32.24,32.48,32.71,2104.9024,0,coinbase
1680912000,32.59,32.95,32.13,32.33,32.470000000000006,567.0204,0,coinbase
1680998400,32.31,32.78,31.74,32.58,32.36666666666667,975.2101,0,coinbase
1681084800,32.67,33.27,32.28,33.2,32.91666666666667,2451.7614,0,coinbase
1681171200,33.23,34.61,33.03,33.74,33.79333333333333,1888.336,0,coinbase
1681257600,33.82,34.48,32.71,34.36,33.85,2697.1465,0,coinbase
1681344000,34.4,36.36,34.05,35.68,35.36333333333334,5562.6788,0,coinbase
1681430400,35.7,37.77,35.54,37.34,36.88333333333333,6889.0531,0,coinbase
1681516800,37.34,38.38,37.16,37.43,37.656666666666666,8954.5299,0,coinbase
1681603200,37.48,37.96,36.54,37.61,37.37,4415.2915,0,coinbase
1681689600,37.69,37.69,35.7,36.13,36.50666666666667,3804.8861,0,coinbase
1681776000,36.12,37.59,35.68,37.23,36.833333333333336,2950.1343,0,coinbase
1681862400,37.11,37.21,33.0,33.76,34.656666666666666,7032.2647,0,coinbase
1681948800,33.72,34.59,31.49,31.75,32.61,4677.7261,0,coinbase
1682035200,31.77,32.13,29.47,30.0,30.53333333333333,5140.6732,0,coinbase
1682121600,30.01,30.78,29.8,30.7,30.426666666666666,3754.2179,0,coinbase
1682208000,30.67,30.84,29.47,30.32,30.209999999999997,1506.2388,0,coinbase
1682294400,30.16,30.7,29.66,30.11,30.156666666666666,3554.8276,0,coinbase
1682380800,30.15,31.1,29.49,31.07,30.55333333333333,1929.4245,0,coinbase
1682467200,30.97,32.38,28.87,30.46,30.570000000000004,3228.2502,0,coinbase
1682553600,30.36,31.42,30.36,31.01,30.930000000000003,1645.2779,0,coinbase
1682640000,31.04,31.08,30.16,30.93,30.72333333333333,1459.0998,0,coinbase
1682726400,30.86,31.79,30.76,31.61,31.386666666666667,1894.2024,0,coinbase
1682812800,31.61,31.63,30.67,30.94,31.08,1477.0196,0,coinbase
1682899200,31.0,31.11,28.9,29.02,29.676666666666666,3571.8202,0,coinbase
1682985600,28.89,29.34,28.46,29.23,29.01,4274.6639,0,coinbase
1683072000,29.22,29.56,27.96,29.2,28.906666666666666,6425.4931,0,coinbase
1683158400,29.4,29.4,28.65,28.87,28.973333333333333,1255.929,0,coinbase
1683244800,28.89,29.25,28.2,29.14,28.863333333333333,2730.1026,0,coinbase
1683331200,29.08,29.23,27.29,27.9,28.139999999999997,2429.745,0,coinbase
1683417600,27.77,28.06,27.35,27.65,27.686666666666667,3009.5343,0,coinbase
1683504000,27.62,27.84,24.74,25.68,26.086666666666662,5363.2498,0,coinbase
1683590400,25.67,25.96,25.44,25.86,25.753333333333334,2512.9817,0,coinbase
1683676800,25.86,28.37,25.02,26.48,26.623333333333335,7726.7572,0,coinbase
1683763200,26.36,26.36,24.25,25.12,25.243333333333336,4073.0502,0,coinbase
1683849600,25.09,25.36,24.11,25.32,24.929999999999996,2716.9548,0,coinbase
1683936000,25.37,25.37,24.75,24.93,25.01666666666667,909.2988,0,coinbase
1684022400,24.88,25.74,24.67,25.45,25.286666666666665,819.5874,0,coinbase
1684108800,25.5,26.05,25.09,25.69,25.61,2865.6178,0,coinbase
1684195200,25.73,27.65,25.37,25.91,26.31,5848.1793,0,coinbase
1684281600,25.88,26.43,25.18,26.33,25.98,4720.0806,0,coinbase
1684368000,26.29,26.33,25.27,25.58,25.726666666666663,1282.8523,0,coinbase
1684454400,25.56,25.71,25.2,25.38,25.429999999999996,1102.5501,0,coinbase
1684540800,25.37,26.21,25.18,25.94,25.776666666666667,935.1279,0,coinbase
1684627200,25.96,26.04,25.05,25.16,25.416666666666668,1459.735,0,coinbase
1684713600,25.22,25.75,24.79,25.16,25.233333333333334,3502.5589,0,coinbase
1684800000,25.17,25.92,25.02,25.5,25.48,1691.255,0,coinbase
1684886400,25.46,25.55,24.31,25.02,24.959999999999997,1867.1339,0,coinbase
1684972800,25.11,25.42,24.53,25.26,25.070000000000004,1534.0497,0,coinbase
1685059200,25.31,25.44,24.98,25.32,25.24666666666667,1299.4178,0,coinbase
1685145600,25.29,25.8,25.0,25.72,25.506666666666664,1197.0362,0,coinbase
1685232000,25.64,26.62,25.56,26.28,26.153333333333336,1081.705,0,coinbase
1685318400,26.31,26.48,25.81,26.15,26.146666666666665,2054.4691,0,coinbase
1685404800,26.15,26.53,25.92,26.14,26.19666666666667,2409.2252,0,coinbase
1685491200,26.18,26.55,25.49,26.48,26.173333333333332,2491.8975,0,coinbase
1685577600,26.47,27.07,26.14,26.27,26.493333333333336,5854.6722,0,coinbase
1685664000,26.28,27.26,25.92,26.66,26.613333333333333,3703.0905,0,coinbase
1685750400,26.66,27.34,26.51,27.32,27.05666666666667,2343.1997,0,coinbase
1685836800,27.34,28.47,26.98,27.62,27.69,6661.7599,0,coinbase
1685923200,27.65,28.28,24.86,25.68,26.27333333333333,12078.2776,0,coinbase
1686009600,25.63,27.2,25.41,27.17,26.593333333333334,5826.3435,0,coinbase
1686096000,27.17,27.73,25.56,26.17,26.486666666666668,8015.1049,0,coinbase
1686182400,26.07,26.48,25.4,25.86,25.91333333333333,3487.0096,0,coinbase
1686268800,25.87,26.25,25.06,25.33,25.546666666666667,7213.3603,0,coinbase
1686355200,25.28,25.3,19.71,21.72,22.243333333333336,12457.5988,0,coinbase
1686441600,21.73,22.99,21.44,21.86,22.096666666666664,3631.9008,0,coinbase
1686528000,21.93,22.96,21.38,22.65,22.330000000000002,5104.3601,0,coinbase
1686614400,22.69,23.11,22.05,22.35,22.50333333333333,2474.1841,0,coinbase
1686700800,22.39,22.55,20.88,21.16,21.53,3470.9917,0,coinbase
1686787200,21.18,21.4,20.35,20.84,20.863333333333333,2138.1673,0,coinbase
1686873600,20.8,22.21,20.61,22.11,21.643333333333334,2438.5216,0,coinbase
1686960000,22.09,23.23,21.95,22.82,22.666666666666668,2014.5972,0,coinbase
1687046400,22.81,23.4,22.3,22.71,22.80333333333333,2064.4418,0,coinbase
1687132800,22.68,23.03,22.52,23.01,22.853333333333335,1059.4002,0,coinbase
1687219200,23.16,24.01,22.65,23.65,23.436666666666667,2099.4008,0,coinbase
1687305600,23.7,24.47,23.64,24.09,24.066666666666666,5180.1323,0,coinbase
1687392000,24.01,24.72,23.49,23.56,23.923333333333332,7915.8371,0,coinbase
1687478400,23.58,24.93,23.58,24.27,24.26,4016.9743,0,coinbase
1687564800,24.37,24.98,23.88,24.46,24.439999999999998,2116.8947,0,coinbase
1687651200,24.5,26.33,24.5,25.92,25.583333333333332,4054.6947,0,coinbase
1687737600,25.89,25.89,24.19,24.56,24.88,2569.2474,0,coinbase
1687824000,24.49,26.15,24.49,25.92,25.52,2742.6458,0,coinbase
1687910400,25.89,25.9,23.48,24.6,24.659999999999997,1325.4103,0,coinbase
1687996800,24.56,25.33,24.39,25.16,24.959999999999997,1644.4114,0,coinbase
1688083200,25.24,26.01,23.13,25.22,24.786666666666665,6965.8133,0,coinbase
1688169600,25.29,26.85,25.0,26.18,26.01,2771.0211,0,coinbase
1688256000,26.31,26.55,25.47,26.36,26.126666666666665,3398.4777,0,coinbase
1688342400,26.37,27.41,26.2,26.52,26.709999999999997,5734.7982,0,coinbase
1688428800,26.45,26.58,25.09,25.37,25.680000000000003,4784.3547,0,coinbase
1688515200,25.45,25.9,24.34,24.96,25.066666666666663,2507.3236,0,coinbase
1688601600,24.91,25.96,23.96,23.96,24.626666666666665,1601.7425,0,coinbase
1688688000,23.83,24.55,23.79,24.37,24.236666666666668,1719.176,0,coinbase
1688774400,24.26,24.48,23.75,24.15,24.126666666666665,1454.332,0,coinbase
1688860800,24.09,24.38,23.67,23.71,23.919999999999998,989.041,0,coinbase
1688947200,23.77,24.21,23.08,23.76,23.683333333333334,3356.595,0,coinbase
1689033600,23.8,23.94,23.44,23.78,23.72,2197.2464,0,coinbase
1689120000,23.79,24.29,23.46,24.05,23.933333333333334,2858.658,0,coinbase
1689206400,24.06,25.76,23.6,25.72,25.026666666666667,4106.3494,0,coinbase
1689292800,25.73,26.07,24.09,24.79,24.98333333333333,4144.8945,0,coinbase
1689379200,24.65,25.11,24.3,24.68,24.69666666666667,1409.9097,0,coinbase
1689465600,24.66,24.96,23.77,23.93,24.22,3859.7179,0,coinbase
1689552000,23.95,24.67,23.81,24.56,24.346666666666668,3090.6177,0,coinbase
1689638400,24.51,25.11,23.58,24.11,24.266666666666666,4609.7609,0,coinbase
1689724800,24.11,24.57,23.85,23.95,24.123333333333335,1821.5799,0,coinbase
1689811200,23.94,24.21,23.16,23.37,23.580000000000002,4514.9716,0,coinbase
1689897600,23.37,23.93,23.19,23.54,23.55333333333333,2129.9984,0,coinbase
1689984000,23.5,23.77,22.81,22.97,23.183333333333334,2197.1088,0,coinbase
1690070400,22.96,23.74,22.77,23.5,23.336666666666662,2251.1151,0,coinbase
1690156800,23.51,23.63,22.08,22.65,22.78666666666666,6323.5445,0,coinbase
1690243200,22.67,22.71,22.33,22.43,22.49,2220.1832,0,coinbase
1690329600,22.46,22.79,22.08,22.66,22.51,3661.5514,0,coinbase
1690416000,22.62,23.1,22.44,22.9,22.813333333333333,5191.0856,0,coinbase
1690502400,22.89,23.56,22.87,23.4,23.276666666666667,6813.6146,0,coinbase
1690588800,23.4,23.61,23.13,23.39,23.376666666666665,3585.1773,0,coinbase
1690675200,23.42,23.48,22.42,23.19,23.03,3187.566,0,coinbase
1690761600,23.15,23.34,22.62,22.92,22.959999999999997,5150.3657,0,coinbase
1690848000,22.91,23.91,22.2,23.85,23.320000000000004,7902.9192,0,coinbase
1690934400,23.86,24.06,23.3,23.57,23.643333333333334,2927.1261,0,coinbase
1691020800,23.55,23.7,23.01,23.19,23.3,1805.8567,0,coinbase
1691107200,23.2,23.23,22.07,22.27,22.52333333333333,4163.2807,0,coinbase
1691193600,22.25,22.28,20.96,21.56,21.599999999999998,4425.3275,0,coinbase
1691280000,21.5,22.58,21.41,21.93,21.97333333333333,4715.5401,0,coinbase
1691366400,21.95,22.44,21.61,22.32,22.123333333333335,3294.6806,0,coinbase
1691452800,22.38,22.74,22.16,22.6,22.5,2603.6538,0,coinbase
1691539200,22.58,22.83,22.33,22.73,22.63,3018.8214,0,coinbase
1691625600,22.73,23.19,22.61,22.71,22.836666666666662,2358.3108,0,coinbase
1691712000,22.72,22.85,22.22,22.26,22.44333333333333,1352.1819,0,coinbase
1691798400,22.28,23.57,22.21,23.32,23.03333333333333,3068.0678,0,coinbase
1691884800,23.33,23.72,23.17,23.52,23.47,1823.8718,0,coinbase
1691971200,23.51,23.98,23.51,23.64,23.709999999999997,2989.5154,0,coinbase
1692057600,23.57,23.96,21.62,22.91,22.83,3397.318,0,coinbase
1692144000,22.85,23.0,21.46,22.19,22.21666666666667,1836.9059,0,coinbase
1692230400,22.13,22.65,20.01,20.73,21.13,6007.3093,0,coinbase
1692316800,20.61,21.02,19.93,20.3,20.416666666666668,5989.6181,0,coinbase
1692403200,20.4,21.71,20.18,20.4,20.763333333333332,2428.5755,0,coinbase
1692489600,20.4,20.57,20.12,20.49,20.39333333333333,1083.8577,0,coinbase
1692576000,20.49,20.53,19.46,19.73,19.906666666666666,2449.5045,0,coinbase
1692662400,19.76,19.76,18.5,19.31,19.19,4193.0089,0,coinbase
1692748800,19.35,20.32,19.28,20.05,19.883333333333336,2061.4437,0,coinbase
1692835200,20.15,20.15,18.92,19.25,19.44,2770.9333,0,coinbase
1692921600,19.26,19.43,18.69,19.13,19.083333333333332,5754.5006,0,coinbase
1693008000,19.1,19.32,18.99,19.14,19.150000000000002,2167.2975,0,coinbase
1693094400,19.1,19.4,19.03,19.32,19.25,3569.6065,0,coinbase
1693180800,19.28,19.69,18.94,19.51,19.38,1817.3151,0,coinbase
1693267200,19.54,20.07,18.85,19.81,19.576666666666668,4530.5444,0,coinbase
1693353600,19.9,20.49,19.39,19.42,19.766666666666666,2446.1422,0,coinbase
1693440000,19.49,19.51,18.49,18.88,18.959999999999997,4403.6981,0,coinbase
1693526400,18.92,19.42,18.64,18.86,18.973333333333333,6828.8211,0,coinbase
1693612800,18.81,19.33,18.81,19.19,19.11,1562.7413,0,coinbase
1693699200,19.13,19.18,18.76,18.95,18.963333333333335,1413.7828,0,coinbase
1693785600,18.94,19.5,18.69,18.9,19.029999999999998,2190.4736,0,coinbase
1693872000,18.85,19.37,18.73,19.22,19.106666666666666,1087.5058,0,coinbase
1693958400,19.24,19.45,18.6,19.02,19.02333333333333,1725.3057,0,coinbase
1694044800,19.03,19.32,18.87,19.21,19.133333333333333,12227.2738,0,coinbase
1694131200,19.28,19.43,18.87,19.06,19.12,878.2495,0,coinbase
1694217600,19.01,19.73,18.96,19.11,19.266666666666666,7481.7105,0,coinbase
1694304000,19.09,19.14,18.34,18.51,18.663333333333338,2856.7732,0,coinbase
1694390400,18.55,18.65,17.55,17.75,17.983333333333334,2224.7005,0,coinbase
1694476800,17.75,18.48,17.71,17.85,18.013333333333332,1275.2344,0,coinbase
1694563200,17.79,18.33,17.75,17.99,18.02333333333333,1940.3732,0,coinbase
1694649600,17.98,18.34,17.84,18.23,18.136666666666667,1581.5235,0,coinbase
1694736000,18.25,19.16,18.25,19.09,18.833333333333332,2441.067,0,coinbase
1694822400,19.11,19.61,19.08,19.28,19.323333333333334,3115.0836,0,coinbase
1694908800,19.32,19.33,18.46,18.66,18.816666666666666,1368.4461,0,coinbase
1694995200,18.69,19.56,18.5,19.07,19.043333333333333,2471.4633,0,coinbase
1695081600,18.99,19.41,18.99,19.32,19.24,2378.5907,0,coinbase
1695168000,19.32,19.73,19.1,19.66,19.496666666666666,1973.3456,0,coinbase
1695254400,19.75,19.99,19.1,19.32,19.470000000000002,2639.9717,0,coinbase
1695340800,19.31,19.55,18.62,18.92,19.03,1439.8011,0,coinbase
1695427200,18.95,19.1,18.5,18.65,18.75,6062.4158,0,coinbase
1695513600,18.59,18.97,18.19,18.25,18.47,2041.6856,0,coinbase
1695600000,18.29,18.97,18.18,18.95,18.7,1216.43,0,coinbase
1695686400,18.93,19.02,18.63,18.88,18.843333333333334,1644.021,0,coinbase
1695772800,18.91,19.29,18.79,18.97,19.016666666666666,1778.7251,0,coinbase
1695859200,18.99,19.21,18.6,18.88,18.896666666666665,3367.1634,0,coinbase
1695945600,18.86,19.05,18.7,18.89,18.88,2096.4803,0,coinbase
1696032000,18.86,19.31,18.71,19.05,19.02333333333333,1170.1843,0,coinbase
1696118400,19.04,20.08,19.02,19.77,19.62333333333333,2746.7582,0,coinbase
1696204800,19.76,20.37,18.78,19.15,19.433333333333334,5636.1152,0,coinbase
1696291200,19.24,19.81,18.66,18.84,19.103333333333335,3881.1611,0,coinbase
1696377600,18.85,18.85,18.17,18.6,18.540000000000003,1871.0318,0,coinbase
1696464000,18.52,18.67,17.95,18.01,18.210000000000004,6217.778,0,coinbase
1696550400,18.01,18.29,17.92,18.0,18.07,34095.7533,0,coinbase
1696636800,18.02,18.27,17.96,18.14,18.123333333333335,4144.2568,0,coinbase
1696723200,18.09,18.37,18.02,18.2,18.19666666666667,1890.7479,0,coinbase
1696809600,18.22,18.35,16.67,17.19,17.403333333333336,3915.7749,0,coinbase
1696896000,17.21,17.53,17.0,17.19,17.24,2671.9287,0,coinbase
1696982400,17.24,17.36,16.66,17.13,17.049999999999997,3431.3471,0,coinbase
1697068800,17.06,17.06,16.65,16.95,16.886666666666667,1485.1472,0,coinbase
1697155200,17.0,17.13,16.79,17.0,16.973333333333333,3069.7449,0,coinbase
1697241600,17.01,17.92,17.01,17.41,17.44666666666667,2390.1533,0,coinbase
1697328000,17.43,17.71,17.32,17.61,17.546666666666667,2526.1668,0,coinbase
1697414400,17.6,18.02,17.26,17.41,17.563333333333333,2623.9816,0,coinbase
1697500800,17.42,17.57,16.71,16.81,17.03,1736.1588,0,coinbase
1697587200,16.89,17.18,16.71,16.93,16.94,1544.977,0,coinbase
1697673600,16.87,17.19,16.55,16.88,16.873333333333335,2106.5503,0,coinbase
1697760000,16.88,17.57,16.76,17.32,17.216666666666665,2514.5181,0,coinbase
1697846400,17.33,18.33,17.32,17.99,17.88,1903.6829,0,coinbase
1697932800,18.09,18.31,17.42,17.97,17.900000000000002,4118.5866,0,coinbase
1698019200,17.91,19.17,17.78,19.01,18.653333333333336,7168.4122,0,coinbase
1698105600,19.03,19.85,18.55,19.19,19.19666666666667,14294.0398,0,coinbase
1698192000,19.21,19.78,18.82,19.55,19.383333333333336,8447.2786,0,coinbase
1698278400,19.52,20.2,18.69,19.44,19.44333333333333,9760.553,0,coinbase
1698364800,19.45,19.51,18.76,19.11,19.12666666666667,4318.7851,0,coinbase
1698451200,19.15,21.02,19.1,20.63,20.25,11074.2366,0,coinbase
1698537600,20.5,22.33,20.28,22.0,21.536666666666665,9764.137,0,coinbase
1698624000,22.05,22.42,21.36,22.14,21.973333333333333,9025.2523,0,coinbase
1698710400,22.14,22.4,20.77,21.38,21.516666666666666,5644.3714,0,coinbase
1698796800,21.44,23.81,20.66,23.78,22.75,9851.3268,0,coinbase
1698883200,23.78,24.42,22.25,23.1,23.25666666666667,11661.6533,0,coinbase
1698969600,22.97,23.46,22.16,23.42,23.013333333333335,3212.598,0,coinbase
1699056000,23.36,25.04,22.67,23.34,23.683333333333334,4115.2821,0,coinbase
1699142400,23.37,30.0,23.13,26.28,26.47,15823.0268,0,coinbase
1699228800,26.17,28.02,25.47,26.12,26.536666666666665,12851.8108,0,coinbase
1699315200,26.0,26.8,24.85,26.8,26.150000000000002,17098.1099,0,coinbase
1699401600,26.71,28.2,26.01,27.26,27.156666666666666,11652.167,0,coinbase
1699488000,27.26,27.78,22.33,25.33,25.146666666666665,31022.865,0,coinbase
1699574400,25.3,26.68,24.33,26.44,25.816666666666666,12478.9493,0,coinbase
1699660800,26.44,27.5,25.24,26.5,26.41333333333333,12564.2844,0,coinbase
1699747200,26.67,28.88,25.35,27.94,27.39,18618.5729,0,coinbase
1699833600,27.94,28.41,24.82,24.82,26.01666666666667,16622.2019,0,coinbase
1699920000,24.86,25.58,23.32,24.39,24.429999999999996,7074.1243,0,coinbase
1700006400,24.43,26.47,24.29,26.25,25.669999999999998,11104.8691,0,coinbase
1700092800,26.11,26.77,24.39,24.77,25.31,11325.351,0,coinbase
1700179200,24.77,25.58,23.25,24.28,24.37,10524.2015,0,coinbase
1700265600,24.36,24.36,22.96,23.97,23.763333333333332,6104.6636,0,coinbase
1700352000,23.94,25.59,23.43,25.29,24.77,7947.3673,0,coinbase
1700438400,25.29,25.89,24.3,24.49,24.89333333333333,12302.2096,0,coinbase
1700524800,24.48,24.89,21.85,22.13,22.956666666666667,13316.3414,0,coinbase
1700611200,22.11,24.17,22.03,23.8,23.333333333333332,7503.0639,0,coinbase
1700697600,23.82,25.18,23.74,24.29,24.403333333333336,7069.7094,0,coinbase
1700784000,24.4,25.61,24.23,25.12,24.986666666666668,7875.1417,0,coinbase
1700870400,24.92,26.44,24.69,26.13,25.753333333333334,17018.388,0,coinbase
1700956800,26.02,26.92,24.54,24.93,25.463333333333335,34098.0471,0,coinbase
1701043200,24.93,25.2,23.71,24.4,24.436666666666667,8389.8348,0,coinbase
1701129600,24.43,24.78,23.78,24.36,24.30666666666667,7506.5664,0,coinbase
1701216000,24.44,24.98,23.85,24.25,24.36,5777.0898,0,coinbase
1701302400,24.23,25.87,24.09,25.87,25.276666666666667,6659.985,0,coinbase
1701388800,25.88,26.62,24.97,25.59,25.72666666666667,9577.3972,0,coinbase
1701475200,25.56,26.25,25.17,26.02,25.813333333333333,4575.1519,0,coinbase
1701561600,26.06,26.3,24.65,25.65,25.53333333333333,5719.2888,0,coinbase
1701648000,25.58,26.84,24.83,26.38,26.016666666666666,14433.9662,0,coinbase
1701734400,26.37,26.94,25.37,26.38,26.23,15705.1652,0,coinbase
1701820800,26.43,28.0,25.43,26.57,26.666666666666668,15259.9306,0,coinbase
1701907200,26.62,29.8,26.33,28.27,28.13333333333333,17804.0136,0,coinbase
1701993600,28.21,30.56,27.89,30.1,29.51666666666667,15998.7845,0,coinbase
1702080000,30.12,34.38,30.12,31.32,31.939999999999998,24016.0115,0,coinbase
1702166400,31.29,32.23,30.29,32.16,31.56,10383.6003,0,coinbase
1702252800,32.1,32.48,27.57,29.42,29.823333333333334,27891.1919,0,coinbase
1702339200,29.49,30.8,25.43,29.05,28.426666666666666,14677.2095,0,coinbase
1702425600,29.07,29.86,27.16,29.81,28.94333333333333,16423.8536,0,coinbase
1702512000,29.78,30.87,28.62,30.01,29.833333333333332,17467.7551,0,coinbase
1702598400,29.97,30.7,28.1,28.17,28.99,23097.4779,0,coinbase
1702684800,28.24,31.54,28.04,31.2,30.26,20592.1401,0,coinbase
1702771200,31.14,32.05,29.11,29.35,30.169999999999998,13445.8319,0,coinbase
1702857600,29.4,30.06,27.0,29.46,28.840000000000003,13559.0114,0,coinbase
1702944000,29.34,30.13,28.59,28.79,29.169999999999998,8243.0088,0,coinbase
1703030400,28.84,30.34,28.27,29.61,29.406666666666666,16965.1147,0,coinbase
1703116800,29.56,35.29,29.55,34.52,33.120000000000005,42525.6,0,coinbase
1703203200,34.46,35.78,32.64,33.36,33.92666666666667,20306.34,0,coinbase
1703289600,33.32,43.54,32.69,40.81,39.01333333333333,53067.138,0,coinbase
1703376000,40.88,65.73,38.71,51.65,52.03,160867.6557,0,coinbase
1703462400,51.59,64.2,49.0,58.56,57.25333333333333,102788.9436,0,coinbase
1703548800,58.61,64.11,51.6,56.14,57.28333333333334,81790.0711,0,coinbase
1703635200,56.17,58.02,52.27,53.94,54.74333333333334,46526.8022,0,coinbase
1703721600,53.94,55.0,49.47,49.58,51.35,36090.4825,0,coinbase
1703808000,49.55,53.03,47.89,48.76,49.89333333333334,47508.9305,0,coinbase
1703894400,48.7,49.17,46.4,47.75,47.77333333333333,17698.6947,0,coinbase
1703980800,47.93,49.84,43.64,45.03,46.169999999999995,25864.2427,0,coinbase
1704067200,45.29,54.32,43.11,51.23,49.553333333333335,42130.5773,0,coinbase
1704153600,51.15,54.51,46.25,47.47,49.41,33749.208,0,coinbase
1704240000,47.57,50.32,33.52,44.28,42.70666666666667,53392.5611,0,coinbase
1704326400,44.35,47.37,43.18,46.25,45.6,33462.8493,0,coinbase
1704412800,46.3,47.22,40.73,43.05,43.666666666666664,27405.1584,0,coinbase
1704499200,42.92,42.92,38.56,40.31,40.59666666666667,13776.427,0,coinbase
1704585600,40.32,44.0,37.26,37.77,39.67666666666667,22714.8505,0,coinbase
1704672000,37.75,45.0,34.93,41.98,40.63666666666666,34795.4297,0,coinbase
1704758400,41.94,42.11,37.91,39.48,39.833333333333336,23433.3698,0,coinbase
1704844800,39.46,45.41,38.1,44.55,42.68666666666667,25905.8395,0,coinbase
1704931200,44.61,49.2,42.13,46.75,46.02666666666667,43295.2616,0,coinbase
1705017600,46.73,47.03,40.32,42.27,43.20666666666667,26777.6746,0,coinbase
1705104000,42.37,43.71,40.66,43.06,42.47666666666667,12981.6329,0,coinbase
1705190400,43.02,43.76,40.41,40.58,41.58333333333333,15295.5127,0,coinbase
1705276800,40.61,43.05,40.57,41.46,41.693333333333335,15640.007,0,coinbase
1705363200,41.53,43.58,40.66,42.25,42.163333333333334,10343.8756,0,coinbase
1705449600,42.3,43.28,41.07,41.66,42.00333333333333,8507.1852,0,coinbase
1705536000,41.54,41.57,38.2,39.37,39.71333333333334,16254.8229,0,coinbase
1705622400,39.41,40.15,36.35,38.68,38.39333333333334,11335.5122,0,coinbase
1705708800,38.53,39.58,38.11,39.4,39.03,5199.889,0,coinbase
1705795200,39.28,40.29,38.99,39.19,39.49,4059.0574,0,coinbase
1705881600,39.33,39.45,36.24,36.61,37.43333333333333,12652.0812,0,coinbase
1705968000,36.52,37.41,33.62,36.43,35.82,12174.3501,0,coinbase
1706054400,36.5,36.86,35.4,36.06,36.10666666666666,8298.7007,0,coinbase
1706140800,36.05,36.46,35.1,35.95,35.836666666666666,4841.3906,0,coinbase
1706227200,35.8,38.13,35.53,37.72,37.126666666666665,7998.8939,0,coinbase
1706313600,37.58,40.36,37.24,39.11,38.90333333333333,6581.4545,0,coinbase
1706400000,39.14,39.65,37.87,38.61,38.71,6476.2035,0,coinbase
1706486400,38.58,40.91,38.35,40.27,39.843333333333334,12763.6053,0,coinbase
1706572800,40.24,41.22,38.81,38.92,39.65,9899.0125,0,coinbase
1706659200,39.18,40.41,37.63,37.84,38.626666666666665,6970.8149,0,coinbase
1706745600,37.87,38.18,36.89,38.0,37.69,6025.2129,0,coinbase
1706832000,38.01,39.13,37.9,39.13,38.72,4976.7367,0,coinbase
1706918400,39.14,41.76,38.04,38.12,39.306666666666665,6165.0353,0,coinbase
1707004800,38.18,38.37,34.58,37.41,36.78666666666666,12485.1904,0,coinbase
1707091200,37.26,38.69,36.51,38.19,37.79666666666666,7729.7479,0,coinbase
1707177600,38.11,39.58,37.74,38.33,38.55,7349.2069,0,coinbase
1707264000,38.35,40.26,37.97,39.84,39.35666666666666,6891.9894,0,coinbase
1707350400,39.9,41.79,39.58,40.57,40.64666666666667,13133.7942,0,coinbase
1707436800,40.53,42.26,40.29,41.87,41.47333333333333,12676.753,0,coinbase
1707523200,41.95,42.68,41.2,41.35,41.74333333333333,6518.0367,0,coinbase
1707609600,41.36,45.73,41.3,41.49,42.84,6194.9155,0,coinbase
1707696000,41.52,44.7,40.56,43.82,43.02666666666667,15107.9817,0,coinbase
1707782400,43.87,45.02,41.97,43.67,43.55333333333334,10649.4624,0,coinbase
1707868800,43.66,45.67,43.1,45.35,44.70666666666667,14940.1637,0,coinbase
1707955200,45.27,46.9,44.0,45.2,45.366666666666674,17951.4568,0,coinbase
1708041600,45.19,46.42,44.14,45.53,45.36333333333334,11144.2336,0,coinbase
1708128000,45.47,45.56,42.22,44.39,44.05666666666667,14696.654,0,coinbase
1708214400,44.34,46.03,43.85,45.47,45.11666666666667,11448.6935,0,coinbase
1708300800,45.53,52.35,45.44,47.63,48.47333333333333,33437.4902,0,coinbase
1708387200,47.61,47.96,43.98,46.63,46.19,11980.9126,0,coinbase
1708473600,46.6,46.94,43.22,45.78,45.31333333333333,11442.6785,0,coinbase
1708560000,45.82,47.55,44.6,45.87,46.00666666666667,13913.8899,0,coinbase
1708646400,45.84,46.47,44.27,45.37,45.370000000000005,18490.9978,0,coinbase
1708732800,45.42,47.47,44.08,47.25,46.26666666666667,11540.7885,0,coinbase
1708819200,47.12,49.09,46.3,48.85,48.080000000000005,11514.4949,0,coinbase
1708905600,48.82,50.5,47.08,49.48,49.02,29400.7018,0,coinbase
1708992000,49.49,51.06,47.54,49.27,49.29,25459.1847,0,coinbase
1709078400,49.22,52.38,44.38,49.04,48.6,38331.7933,0,coinbase
1709164800,49.01,53.37,47.78,49.04,50.06333333333333,26439.9355,0,coinbase
1709251200,49.07,51.26,48.99,50.85,50.36666666666667,22256.0189,0,coinbase
1709337600,50.79,54.6,50.52,54.22,53.11333333333334,21543.5399,0,coinbase
1709424000,54.24,55.93,48.7,54.97,53.199999999999996,28957.0888,0,coinbase
1709510400,54.96,56.3,51.39,53.21,53.63333333333333,29890.7238,0,coinbase
1709596800,53.23,56.33,43.98,49.85,50.053333333333335,71262.0305,0,coinbase
1709683200,50.08,55.75,47.7,54.91,52.78666666666667,36394.6339,0,coinbase
1709769600,54.97,57.32,50.18,53.88,53.79333333333333,38980.1482,0,coinbase
1709856000,53.89,57.63,50.15,53.09,53.623333333333335,71911.6655,0,coinbase
1709942400,53.14,54.11,52.0,52.82,52.97666666666667,14319.3252,0,coinbase
1710028800,52.74,53.59,49.92,52.33,51.946666666666665,16874.0295,0,coinbase
1710115200,52.26,56.0,49.39,55.3,53.56333333333333,41136.0578,0,coinbase
1710201600,55.28,57.58,50.88,57.53,55.330000000000005,28183.3851,0,coinbase
1710288000,57.56,61.09,56.9,60.04,59.343333333333334,39158.3315,0,coinbase
1710374400,60.0,60.95,53.64,57.35,57.31333333333333,29431.2417,0,coinbase
1710460800,57.36,58.73,48.88,53.18,53.596666666666664,25738.8316,0,coinbase
1710547200,53.3,53.86,46.9,48.25,49.669999999999995,16037.1792,0,coinbase
1710633600,48.31,50.63,45.64,50.05,48.77333333333333,13124.0171,0,coinbase
1710720000,49.81,50.32,45.42,46.21,47.31666666666667,15598.1782,0,coinbase
1710806400,46.2,46.93,39.58,40.77,42.42666666666667,50572.794,0,coinbase
1710892800,40.92,45.78,39.68,45.48,43.64666666666667,29477.3019,0,coinbase
1710979200,45.53,46.13,43.58,45.06,44.92333333333334,11116.8481,0,coinbase
1711065600,45.04,46.27,42.83,44.24,44.446666666666665,11630.2475,0,coinbase
1711152000,44.27,45.78,43.69,44.02,44.49666666666667,9215.8998,0,coinbase
1711238400,43.99,46.41,43.66,46.04,45.37,11958.8742,0,coinbase
1711324800,46.07,49.29,45.78,48.95,48.00666666666666,23902.1297,0,coinbase
1711411200,49.0,51.6,48.79,50.04,50.14333333333334,22509.032,0,coinbase
1711497600,50.01,50.87,47.57,48.3,48.913333333333334,15139.9269,0,coinbase
1711584000,48.32,49.4,46.94,48.93,48.42333333333334,18933.1689,0,coinbase
1711670400,48.86,51.37,47.54,50.32,49.74333333333333,24389.8175,0,coinbase
1711756800,50.33,50.85,48.2,48.56,49.20333333333334,21172.9887,0,coinbase
1711843200,48.46,49.44,47.96,48.46,48.620000000000005,6527.2485,0,coinbase
1711929600,48.29,48.68,44.61,46.3,46.529999999999994,14724.9611,0,coinbase
1712016000,46.29,46.29,41.41,42.47,43.38999999999999,13946.4796,0,coinbase
1712102400,42.42,44.1,40.45,41.57,42.04,7675.8094,0,coinbase
1712188800,41.61,43.57,40.61,42.3,42.160000000000004,9144.2608,0,coinbase
1712275200,42.22,42.5,40.05,41.53,41.36,7830.0623,0,coinbase
1712361600,41.41,42.56,41.33,42.21,42.03333333333333,5991.4641,0,coinbase
1712448000,42.13,43.32,41.93,42.66,42.63666666666666,7718.8087,0,coinbase
1712534400,42.57,45.19,40.88,44.21,43.42666666666667,13713.0273,0,coinbase
1712620800,44.22,44.46,41.16,41.3,42.306666666666665,9538.5298,0,coinbase
1712707200,41.29,41.57,38.63,40.62,40.27333333333333,12527.2297,0,coinbase
1712793600,40.54,41.37,39.58,40.02,40.32333333333333,8053.9905,0,coinbase
1712880000,39.89,40.51,29.97,33.67,34.71666666666666,31315.8555,0,coinbase
1712966400,33.58,34.29,24.56,28.76,29.203333333333333,47689.9837,0,coinbase
1713052800,28.77,31.95,27.81,31.67,30.47666666666667,25667.6201,0,coinbase
1713139200,31.66,32.81,28.84,30.28,30.643333333333334,15825.643,0,coinbase
1713225600,30.27,31.26,28.95,30.9,30.37,11604.1004,0,coinbase
1713312000,30.8,32.68,29.5,30.57,30.916666666666668,8509.7932,0,coinbase
1713398400,30.45,31.86,29.71,31.18,30.916666666666668,6277.3625,0,coinbase
1713484800,31.17,32.27,28.65,31.43,30.78333333333333,9464.7073,0,coinbase
1713571200,31.29,33.77,30.95,33.61,32.776666666666664,11064.5821,0,coinbase
1713657600,33.43,33.7,31.96,32.61,32.75666666666667,5498.8704,0,coinbase
1713744000,32.61,34.5,32.48,33.44,33.47333333333333,8506.7873,0,coinbase
1713830400,33.43,33.8,32.38,32.56,32.913333333333334,5686.0018,0,coinbase
1713916800,32.58,32.76,29.24,29.62,30.540000000000003,14927.8044,0,coinbase
1714003200,29.48,30.33,28.77,29.87,29.656666666666666,8081.2461,0,coinbase
1714089600,29.86,30.28,28.78,28.96,29.340000000000003,11205.7314,0,coinbase
1714176000,28.97,30.08,27.9,29.73,29.236666666666665,5209.5258,0,coinbase
1714262400,29.73,30.55,29.44,29.64,29.876666666666665,4099.9409,0,coinbase
1714348800,29.58,30.66,28.76,29.8,29.74,6050.4693,0,coinbase
1714435200,29.85,30.02,27.07,28.7,28.596666666666668,13776.169,0,coinbase
1714521600,28.74,29.19,26.76,28.98,28.310000000000002,16856.9526,0,coinbase
1714608000,29.01,30.37,28.13,29.91,29.47,13388.6312,0,coinbase
1714694400,29.98,30.59,29.06,30.27,29.973333333333333,25226.1586,0,coinbase
1714780800,30.29,30.44,28.67,28.71,29.27333333333333,50649.6826,0,coinbase
1714867200,28.71,29.91,27.93,28.99,28.94333333333333,78373.4309,0,coinbase
1714953600,28.98,30.17,27.25,27.97,28.463333333333335,62910.1529,0,coinbase
1715040000,27.96,29.2,27.8,28.03,28.343333333333334,25159.9423,0,coinbase
1715126400,27.98,30.19,27.42,28.55,28.72,28826.5301,0,coinbase
1715212800,28.55,30.64,28.37,30.17,29.72666666666667,22832.322,0,coinbase
1715299200,30.16,30.9,28.31,28.7,29.30333333333333,13984.7579,0,coinbase
1715385600,28.77,29.34,28.04,28.07,28.48333333333333,7848.5934,0,coinbase
1715472000,28.11,28.81,27.7,27.79,28.099999999999998,6022.7608,0,coinbase
1715558400,27.81,29.34,26.92,27.93,28.063333333333333,10202.883,0,coinbase
1715644800,27.91,28.57,26.91,27.11,27.53,8013.8102,0,coinbase
1715731200,27.11,29.58,26.84,29.45,28.623333333333335,12650.5322,0,coinbase
1715817600,29.45,29.56,28.38,29.01,28.983333333333334,9185.3871,0,coinbase
1715904000,28.99,30.64,28.71,30.23,29.86,10765.2642,0,coinbase
1715990400,30.07,30.94,28.74,30.49,30.05666666666667,3893.3569,0,coinbase
1716076800,30.45,31.39,28.6,28.91,29.633333333333336,6477.9952,0,coinbase
1716163200,28.91,32.69,28.37,32.3,31.12,13779.0265,0,coinbase
1716249600,32.26,33.16,31.65,32.18,32.330000000000005,9884.8065,0,coinbase
1716336000,32.19,32.43,31.03,31.46,31.64,8355.299,0,coinbase
1716422400,31.54,32.15,28.69,30.19,30.343333333333334,24573.7303,0,coinbase
1716508800,30.19,32.3,29.95,31.96,31.403333333333336,9593.9911,0,coinbase
1716595200,31.99,33.02,31.9,32.57,32.49666666666667,11639.6371,0,coinbase
1716681600,32.55,33.28,32.02,32.26,32.52,5391.5077,0,coinbase
1716768000,32.29,33.42,32.0,32.49,32.63666666666666,5625.0025,0,coinbase
1716854400,32.51,32.87,31.56,32.18,32.203333333333326,5970.2801,0,coinbase
1716940800,32.17,33.21,31.74,31.87,32.27333333333333,4950.0977,0,coinbase
1717027200,31.91,32.42,30.12,30.73,31.090000000000003,9277.033,0,coinbase
1717113600,30.72,30.93,29.98,30.35,30.419999999999998,5319.194,0,coinbase
1717200000,30.35,31.06,29.99,30.28,30.44333333333333,3653.9242,0,coinbase
1717286400,30.32,31.29,29.81,30.05,30.38333333333333,3721.3044,0,coinbase
1717372800,30.11,31.95,29.84,31.25,31.013333333333332,7147.5588,0,coinbase
1717459200,31.23,32.71,31.21,32.45,32.123333333333335,7869.8898,0,coinbase
1717545600,32.47,32.78,31.75,32.65,32.39333333333334,3759.0318,0,coinbase
1717632000,32.62,33.24,32.01,32.43,32.56,10049.3705,0,coinbase
1717718400,32.41,33.46,28.0,30.14,30.53333333333333,19034.2569,0,coinbase
1717804800,30.13,30.42,28.23,28.48,29.043333333333337,13234.4505,0,coinbase
1717891200,28.43,28.9,28.17,28.81,28.626666666666665,4175.1075,0,coinbase
1717977600,28.86,29.1,28.01,28.45,28.52,5982.6997,0,coinbase
1718064000,28.46,28.7,26.87,27.53,27.7,10559.8984,0,coinbase
1718150400,27.59,31.92,27.0,30.07,29.663333333333338,14052.8995,0,coinbase
1718236800,30.1,30.29,27.7,27.94,28.64333333333333,9190.3613,0,coinbase
1718323200,27.89,28.18,25.81,26.32,26.77,9080.3612,0,coinbase
1718409600,26.28,26.74,25.91,26.52,26.39,2505.9634,0,coinbase
1718496000,26.54,26.95,25.99,26.67,26.536666666666665,2534.3558,0,coinbase
1718582400,26.75,26.91,23.94,24.79,25.213333333333335,12870.3533,0,coinbase
1718668800,24.82,24.82,21.54,23.86,23.406666666666666,16984.1117,0,coinbase
1718755200,23.78,24.9,23.64,24.0,24.179999999999996,12937.0162,0,coinbase
1718841600,23.88,25.02,23.62,23.96,24.2,6310.3477,0,coinbase
1718928000,23.97,24.4,23.41,23.99,23.933333333333334,4894.7202,0,coinbase
1719014400,23.97,24.12,23.6,23.99,23.903333333333332,3479.5678,0,coinbase
1719100800,23.93,24.28,22.99,23.05,23.439999999999998,4538.6168,0,coinbase
1719187200,23.1,23.39,21.85,23.2,22.813333333333333,11421.9251,0,coinbase
1719273600,23.27,24.52,23.16,23.86,23.846666666666664,12990.546,0,coinbase
1719360000,23.86,23.96,22.66,23.04,23.22,4422.3084,0,coinbase
1719446400,23.03,24.29,22.56,24.14,23.66333333333333,4639.8097,0,coinbase
1719532800,24.12,24.33,23.17,23.27,23.59,4304.0416,0,coinbase
1719619200,23.26,23.59,23.02,23.08,23.23,2383.1123,0,coinbase
1719705600,23.12,23.85,22.8,23.79,23.48,2471.3973,0,coinbase
1719792000,23.73,24.35,23.25,23.68,23.76,15724.5876,0,coinbase
1719878400,23.7,24.23,23.58,24.01,23.94,5695.065,0,coinbase
1719964800,24.03,24.37,22.65,22.8,23.27333333333333,9445.879,0,coinbase
1720051200,22.9,22.96,20.5,20.54,21.333333333333332,11513.5985,0,coinbase
1720137600,20.6,20.78,17.96,20.39,19.71,21480.4521,0,coinbase
1720224000,20.28,21.94,19.91,21.8,21.21666666666667,7505.456,0,coinbase
1720310400,21.68,21.68,20.09,20.17,20.646666666666665,2801.3345,0,coinbase
1720396800,20.16,21.54,19.43,20.6,20.523333333333333,5886.5189,0,coinbase
1720483200,20.57,21.41,20.53,21.03,20.99,3710.9553,0,coinbase
1720569600,20.93,21.81,20.59,21.13,21.176666666666666,4331.6042,0,coinbase
1720656000,21.03,21.73,20.71,20.88,21.106666666666666,2724.8405,0,coinbase
1720742400,20.94,21.45,20.44,21.45,21.113333333333333,2181.8389,0,coinbase
1720828800,21.4,22.02,21.24,21.83,21.69666666666667,2213.3555,0,coinbase
1720915200,21.75,22.8,21.6,22.72,22.373333333333335,4739.9123,0,coinbase
1721001600,22.77,23.67,22.71,23.54,23.30666666666667,5459.8073,0,coinbase
1721088000,23.51,23.59,22.25,23.23,23.023333333333337,9156.8412,0,coinbase
1721174400,23.23,23.75,22.4,22.63,22.926666666666666,4632.4782,0,coinbase
1721260800,22.67,23.22,21.77,22.0,22.33,8233.4927,0,coinbase
1721347200,21.99,22.62,21.54,22.54,22.23333333333333,12225.3704,0,coinbase
1721433600,22.56,23.2,22.34,23.12,22.886666666666667,5233.3773,0,coinbase
1721520000,23.24,23.82,22.3,23.49,23.203333333333333,9754.6504,0,coinbase
1721606400,23.64,23.76,21.96,21.99,22.569999999999997,10452.5127,0,coinbase
1721692800,21.98,22.31,20.84,21.17,21.439999999999998,9932.8314,0,coinbase
1721779200,21.12,21.51,20.7,20.81,21.006666666666664,9374.9676,0,coinbase
1721865600,20.86,20.95,19.79,20.53,20.423333333333332,55211.2859,0,coinbase
1721952000,20.54,21.63,20.52,21.63,21.26,28913.694,0,coinbase
1722038400,21.59,22.15,21.29,21.84,21.76,60843.2678,0,coinbase
1722124800,21.79,22.04,20.98,21.21,21.409999999999997,100016.3267,0,coinbase
1722211200,21.19,22.3,20.97,21.07,21.44666666666667,119948.2895,0,coinbase
1722297600,21.1,21.95,20.61,20.89,21.150000000000002,75375.8275,0,coinbase
1722384000,20.84,21.32,20.45,20.5,20.756666666666664,60187.3533,0,coinbase
1722470400,20.48,20.7,18.63,20.24,19.856666666666666,19745.955,0,coinbase
1722556800,20.23,20.33,18.51,18.87,19.236666666666668,93876.9062,0,coinbase
1722643200,18.85,19.2,17.52,18.19,18.30333333333333,96662.1041,0,coinbase
1722729600,18.2,18.77,16.71,17.57,17.683333333333334,116105.4686,0,coinbase
1722816000,17.63,17.73,13.94,16.05,15.906666666666666,45031.3276,0,coinbase
1722902400,16.02,17.42,16.02,16.81,16.75,27356.6948,0,coinbase
1722988800,16.79,17.25,15.9,16.06,16.403333333333332,34677.1259,0,coinbase
1723075200,16.09,18.08,15.76,18.01,17.28333333333333,16312.553,0,coinbase
1723161600,18.0,18.01,17.26,17.45,17.573333333333334,9272.5838,0,coinbase
1723248000,17.39,18.15,17.15,18.03,17.776666666666667,8851.3892,0,coinbase
1723334400,18.04,18.04,16.81,16.85,17.23333333333333,18329.9147,0,coinbase
1723420800,17.06,17.97,16.85,17.58,17.466666666666665,15437.1124,0,coinbase
1723507200,17.61,17.96,17.06,17.87,17.63,4689.3239,0,coinbase
1723593600,17.85,17.92,17.09,17.35,17.453333333333337,3748.5954,0,coinbase
1723680000,17.35,17.97,16.61,16.9,17.16,7061.0574,0,coinbase
1723766400,16.89,17.2,16.36,16.78,16.78,3433.8442,0,coinbase
1723852800,16.78,17.11,16.67,16.88,16.886666666666667,1281.3101,0,coinbase
1723939200,16.9,17.81,16.69,17.28,17.26,4845.1905,0,coinbase
1724025600,17.26,17.8,17.04,17.77,17.536666666666665,4846.173,0,coinbase
1724112000,17.78,18.23,17.41,18.15,17.93,5324.0353,0,coinbase
1724198400,18.21,20.38,18.17,19.8,19.45,9270.1822,0,coinbase
1724284800,19.84,21.21,19.52,20.77,20.5,8838.2913,0,coinbase
1724371200,20.86,21.66,20.5,21.45,21.203333333333333,7713.1298,0,coinbase
1724457600,21.5,22.74,21.14,22.17,22.016666666666666,4871.5286,0,coinbase
1724544000,22.28,22.58,21.35,21.98,21.97,2829.9584,0,coinbase
1724630400,22.02,22.23,20.67,20.72,21.206666666666667,3683.0265,0,coinbase
1724716800,20.77,21.31,19.25,19.8,20.12,3404.9798,0,coinbase
1724803200,19.78,20.62,18.92,19.17,19.570000000000004,3107.8414,0,coinbase
1724889600,19.18,19.76,18.45,18.71,18.973333333333333,2320.8847,0,coinbase
1724976000,18.7,19.05,17.94,18.57,18.52,3738.1222,0,coinbase
1725062400,18.54,18.75,18.04,18.18,18.323333333333334,3107.584,0,coinbase
1725148800,18.19,18.32,17.25,17.46,17.676666666666666,2419.9515,0,coinbase
1725235200,17.53,18.55,17.4,18.44,18.13,2377.0868,0,coinbase
1725321600,18.48,18.64,17.41,17.43,17.826666666666664,1725.2039,0,coinbase
1725408000,17.54,18.37,16.77,18.17,17.77,1890.2861,0,coinbase
1725494400,18.16,18.21,17.25,17.44,17.633333333333336,1292.5951,0,coinbase
1725580800,17.47,17.61,16.43,17.09,17.043333333333333,4376.8355,0,coinbase
1725667200,17.08,18.02,16.95,17.61,17.526666666666667,1983.5102,0,coinbase
1725753600,17.62,18.72,17.58,18.36,18.22,11138.8514,0,coinbase
1725840000,18.42,20.09,18.33,19.98,19.46666666666667,40575.6308,0,coinbase
1725926400,20.0,20.64,19.76,20.0,20.133333333333336,6484.3835,0,coinbase
1726012800,19.97,20.27,19.35,19.85,19.823333333333334,6675.9574,0,coinbase
1726099200,19.88,20.25,19.39,19.9,19.846666666666668,6481.0637,0,coinbase
1726185600,19.88,20.18,19.1,19.95,19.743333333333336,7792.76,0,coinbase
1726272000,19.99,22.17,19.47,21.64,21.093333333333334,15514.3209,0,coinbase
1726358400,21.64,21.81,20.17,20.39,20.790000000000003,14080.7094,0,coinbase
1726444800,20.38,20.39,19.45,19.67,19.83666666666667,5105.7569,0,coinbase
1726531200,19.68,20.4,19.39,20.15,19.98,4118.688,0,coinbase
1726617600,20.07,20.77,19.57,20.77,20.37,3783.1118,0,coinbase
1726704000,20.81,21.34,20.71,20.9,20.98333333333333,5000.1793,0,coinbase
1726790400,20.87,21.31,20.41,20.77,20.83,4230.2507,0,coinbase
1726876800,20.72,21.39,20.27,21.33,20.996666666666666,4239.0641,0,coinbase
1726963200,21.37,21.37,20.04,20.53,20.646666666666665,2572.3605,0,coinbase
1727049600,20.24,21.32,20.1,20.93,20.783333333333335,6142.2081,0,coinbase
1727136000,20.95,21.56,20.5,21.36,21.14,7722.0743,0,coinbase
1727222400,21.37,22.43,21.23,21.58,21.746666666666666,14031.9687,0,coinbase
1727308800,21.62,22.71,21.31,22.18,22.066666666666663,10215.9596,0,coinbase
1727395200,22.2,22.75,22.05,22.48,22.426666666666666,5021.3634,0,coinbase
1727481600,22.45,22.82,21.45,21.88,22.049999999999997,2523.4643,0,coinbase
1727568000,21.84,22.17,21.03,21.67,21.623333333333335,3860.9855,0,coinbase
1727654400,21.82,21.82,19.88,20.06,20.58666666666667,8154.0933,0,coinbase
1727740800,20.07,20.67,18.02,18.53,19.073333333333334,12631.5794,0,coinbase
1727827200,18.55,19.13,17.55,18.12,18.266666666666666,6562.3315,0,coinbase
1727913600,18.09,18.44,17.3,17.92,17.886666666666667,4095.2567,0,coinbase
1728000000,17.94,18.62,17.78,18.39,18.263333333333335,4325.5993,0,coinbase
1728086400,18.39,18.59,17.92,18.34,18.283333333333335,5091.9862,0,coinbase
1728172800,18.33,18.9,18.05,18.85,18.6,3022.6883,0,coinbase
1728259200,18.86,19.23,18.18,18.32,18.576666666666664,4949.8474,0,coinbase
1728345600,18.29,18.48,17.5,17.91,17.963333333333335,4108.8426,0,coinbase
1728432000,17.97,18.16,17.3,17.56,17.673333333333332,2852.9186,0,coinbase
1728518400,17.62,17.77,16.85,17.45,17.35666666666667,3863.2269,0,coinbase
1728604800,17.53,18.44,17.51,18.35,18.1,3449.3015,0,coinbase
1728691200,18.45,18.7,18.24,18.39,18.44333333333333,1694.4944,0,coinbase
1728777600,18.35,18.5,17.74,18.33,18.189999999999998,4862.8069,0,coinbase
1728864000,18.35,19.28,18.07,19.03,18.793333333333333,5175.5298,0,coinbase
1728950400,19.08,19.16,17.77,18.48,18.47,10034.9265,0,coinbase
1729036800,18.53,18.55,17.82,18.08,18.150000000000002,5016.0703,0,coinbase
1729123200,18.19,18.25,17.17,17.61,17.78,21034.61931695,1223,kraken
1729209600,17.64,18.46,17.57,18.46,18.0,5776.63598177,493,kraken
1729296000,18.48,18.71,18.2,18.39,18.46,2574.26711224,328,kraken
1729382400,18.39,19.65,18.23,19.55,19.2,9001.12184043,654,kraken
1729468800,19.51,19.91,18.85,19.03,19.21,8944.60460728,425,kraken
1729555200,19.06,19.22,18.45,18.75,18.67,7836.08414698,311,kraken
1729641600,18.71,18.72,17.48,18.14,18.12,2693.20123578,307,kraken
1729728000,18.08,18.54,17.77,18.32,18.18,2548.41218195,253,kraken
1729814400,18.41,18.45,15.83,16.58,17.41,8675.60542863,553,kraken
1729900800,16.52,17.13,16.17,16.91,16.91,3811.11224305,404,kraken
1729987200,16.91,17.61,16.73,17.35,17.04,1171.39691537,408,kraken
1730073600,17.37,17.58,16.77,17.32,17.12,3274.76015046,248,kraken
1730160000,17.35,17.92,17.34,17.73,17.73,25738.17368474,1092,kraken
1730246400,17.72,17.85,17.25,17.54,17.56,4065.76666958,458,kraken
1730332800,17.5,17.5,16.32,16.61,16.8,4037.8130138,286,kraken
1730419200,16.59,16.9,16.16,16.41,16.49,3768.62750024,209,kraken
1730505600,16.46,16.62,15.82,16.02,16.19,2762.37167945,255,kraken
1730592000,16.0,16.25,15.07,15.54,15.61,4811.05809532,617,kraken
1730678400,15.47,15.7,14.72,14.94,15.33,6950.75565212,283,kraken
1730764800,15.03,15.82,14.99,15.66,15.42,1869.81720858,192,kraken
1730851200,15.75,17.42,15.75,17.24,16.73,14742.47090619,667,kraken
1730937600,17.32,17.47,16.75,17.29,17.1,7449.46922917,508,kraken
1731024000,17.38,17.86,17.06,17.71,17.42,14245.20124273,690,kraken
1731110400,17.68,18.17,17.2,18.17,17.63,5654.24154193,582,kraken
1731196800,18.14,20.5,17.82,19.47,19.58,37317.07374503,2344,kraken
1731283200,19.44,20.51,18.86,20.41,19.67,26229.73986454,1232,kraken
1731369600,20.19,21.18,18.76,19.65,19.57,95306.63990168,2927,kraken
1731456000,19.62,19.75,17.79,19.06,18.95,25574.7012013,1344,kraken
1731542400,19.15,19.38,18.0,18.31,18.61,9230.92748534,735,kraken
1731628800,18.36,20.0,17.74,20.0,18.74,7101.81167759,811,kraken
1731715200,19.99,22.19,19.89,22.04,20.93,30286.84922245,1509,kraken
1731801600,22.05,23.13,20.33,20.55,21.77,21652.85377064,1514,kraken
1731888000,20.54,22.52,20.54,22.01,21.9,30658.63119594,1317,kraken
1731974400,22.05,22.21,20.47,21.05,21.32,26383.36299113,1025,kraken
1732060800,21.09,21.37,19.68,20.0,20.47,18964.88227278,1017,kraken
1732147200,19.99,21.64,19.48,20.89,20.82,24934.69617995,1023,kraken
1732233600,20.85,23.48,20.56,23.45,21.56,53344.59761115,1784,kraken
1732320000,23.35,52.3,23.17,51.95,38.37,299491.73162436,22914,kraken
1732406400,51.23,52.92,37.84,40.87,43.08,219150.15490029,15841,kraken
1732492800,40.47,40.86,37.14,40.13,39.4,65360.15309994,3856,kraken
1732579200,39.83,47.2,34.4,36.21,37.99,58897.36761088,4623,kraken
1732665600,36.02,38.53,35.3,37.5,36.87,37220.3167377,3197,kraken
1732752000,37.5,37.97,35.76,36.79,36.91,21257.90618028,1782,kraken
1732838400,36.72,44.41,36.69,42.21,40.45,51083.1881433,4337,kraken
1732924800,42.26,43.69,39.9,41.21,41.33,42117.15366516,2619,kraken
1733011200,41.22,44.01,40.04,41.69,41.56,30126.12201437,2288,kraken
1733097600,41.7,42.73,38.05,41.92,40.18,39475.27342281,3145,kraken
1733184000,41.83,45.7,40.33,45.08,43.47,57626.87281078,4311,kraken
1733270400,45.02,49.95,43.38,45.62,46.8,75894.56506435,4737,kraken
1733356800,45.66,46.72,43.18,44.83,44.81,29993.3911927,2446,kraken
1733443200,44.85,47.86,43.97,47.56,46.0,20334.88638442,1750,kraken
1733529600,47.05,47.49,45.0,45.0,46.11,10452.15534076,1501,kraken
1733616000,45.05,46.05,43.6,45.64,44.82,9128.23793839,1113,kraken
1733702400,45.47,45.49,29.97,36.87,37.69,36173.27170812,3620,kraken
1733788800,36.8,37.4,31.66,35.64,34.42,42316.87111547,2937,kraken
1733875200,35.63,38.83,33.88,38.18,36.92,14576.32426867,1394,kraken
1733961600,38.16,41.34,37.87,39.37,39.9,16092.16754732,1892,kraken
1734048000,39.41,39.91,37.83,39.44,39.05,9722.94955047,959,kraken
1734134400,39.24,39.85,36.64,37.43,37.87,15070.26989811,1018,kraken
1734220800,37.43,41.21,36.18,39.01,38.82,12807.27359458,1629,kraken
1734307200,39.01,39.64,36.4,38.18,38.25,7533.84134023,1121,kraken
1734393600,37.93,38.5,35.36,35.85,36.64,27101.58752368,1556,kraken
1734480000,35.96,36.35,32.0,32.41,34.24,26595.96443266,1634,kraken
1734566400,32.2,32.89,28.41,29.58,30.72,28982.69877775,2086,kraken
1734652800,29.78,32.25,25.02,31.74,28.1,44069.15939854,2641,kraken
1734739200,31.56,34.9,30.34,30.84,32.33,13774.57267562,1233,kraken
1734825600,30.91,31.93,29.6,30.26,30.62,9548.9609395,1016,kraken
1734912000,30.19,33.54,29.46,32.87,31.67,10200.8984089,750,kraken
1734998400,32.96,37.28,32.04,36.72,34.88,15354.67381566,1125,kraken
1735084800,36.59,38.39,35.66,36.25,37.3,10836.99128962,898,kraken
1735171200,36.31,36.74,33.32,34.04,34.51,3927.18401991,417,kraken
1735257600,34.23,36.12,33.31,33.71,34.29,7709.52319218,648,kraken
1735344000,33.75,35.69,33.04,35.23,34.42,4611.53751078,537,kraken
1735430400,35.24,36.31,34.22,34.67,35.21,9511.3828362,1286,kraken
1735516800,34.47,36.21,32.62,34.37,34.14,19911.97636579,1102,kraken
1735603200,34.02,34.68,32.65,32.91,33.44,10998.60456848,745,kraken
1735689600,32.95,34.45,31.53,34.09,32.61,14879.62021189,1117,kraken
1735776000,34.53,35.59,33.76,34.13,34.35,6892.45059769,498,kraken
1735862400,34.28,37.0,33.89,36.45,36.12,14207.91755671,1020,kraken
1735948800,36.71,36.71,35.35,36.19,36.13,3029.23033977,514,kraken
1736035200,36.2,36.65,35.35,36.31,36.11,5128.63237811,945,kraken
1736121600,36.36,37.47,35.46,36.27,36.32,4306.44531877,668,kraken
1736208000,36.2,36.63,32.58,32.58,33.83,30765.54972749,1591,kraken
1736294400,32.52,32.98,29.44,31.04,31.42,12083.97311923,1058,kraken
1736380800,31.17,31.51,29.47,30.14,30.09,5974.73966968,621,kraken
1736467200,30.3,31.4,30.06,30.99,30.65,12890.93611877,820,kraken
1736553600,31.08,31.6,30.16,30.72,30.51,4401.50086102,526,kraken
1736640000,30.74,30.82,29.65,30.14,30.25,2958.89224333,664,kraken
1736726400,30.18,30.93,27.2,29.57,28.5,14846.94986835,969,kraken
1736812800,29.54,31.61,29.41,31.54,30.57,12700.10403189,968,kraken
1736899200,31.57,32.98,30.59,32.96,31.87,13269.84709591,1049,kraken
1736985600,32.95,33.18,31.31,31.84,32.12,8217.08910634,684,kraken
1737072000,31.94,34.47,31.94,34.23,33.35,8244.80772537,980,kraken
1737158400,34.28,34.47,30.76,31.55,31.64,25849.87537307,1762,kraken
1737244800,31.56,32.42,26.41,26.93,29.59,58629.52138319,2707,kraken
1737331200,26.76,29.33,25.75,27.36,27.34,33231.02227119,1639,kraken
1737417600,27.35,29.02,25.95,28.32,27.52,6482.13887177,694,kraken
1737504000,28.41,28.69,27.22,27.38,27.78,8581.06449772,570,kraken
1737590400,27.44,27.94,26.54,27.48,27.21,16984.74407105,1059,kraken
1737676800,27.47,28.59,26.59,27.24,27.61,9956.4884707,807,kraken
1737763200,27.23,27.61,26.73,27.41,27.06,5866.75078602,480,kraken
1737849600,27.32,28.58,26.46,26.46,27.41,6453.20071889,606,kraken
1737936000,26.46,26.46,23.71,25.96,24.98,24270.4844007,1083,kraken
1738022400,26.08,26.23,23.56,23.74,24.73,20220.19599973,1006,kraken
1738108800,23.68,25.38,23.65,24.46,24.42,6751.51330983,701,kraken
1738195200,24.47,26.66,24.37,25.96,26.0,7350.67549873,983,kraken
1738281600,26.0,27.07,25.59,26.15,26.27,6807.65801665,728,kraken
1738368000,26.19,26.75,23.87,24.07,24.91,13318.640847,649,kraken
1738454400,24.17,24.53,19.3,20.45,21.67,35155.6452531,1905,kraken
1738540800,20.35,21.62,15.23,21.3,18.56,31832.31493916,3713,kraken
1738627200,21.34,21.45,19.14,19.96,19.88,14505.06864586,962,kraken
1738713600,19.91,20.3,19.17,19.48,19.83,6441.15251393,569,kraken
1738800000,19.54,20.2,18.43,18.63,19.52,7954.98308675,697,kraken
1738886400,18.64,19.96,18.11,18.59,18.73,7014.59847101,730,kraken
1738972800,18.79,19.44,18.35,19.35,18.75,6687.44096724,751,kraken
1739059200,19.36,19.8,18.24,19.07,19.23,3533.2135401,742,kraken
1739145600,19.14,19.47,18.49,19.4,19.21,8084.87576569,680,kraken
1739232000,19.48,21.32,19.48,19.96,20.76,15399.43834104,981,kraken
1739318400,19.82,21.35,19.28,21.15,20.3,4306.89791192,557,kraken
1739404800,21.17,21.24,20.03,20.54,20.52,7046.00028327,449,kraken
1739491200,20.54,21.54,20.49,20.87,20.99,5278.88966577,521,kraken
1739577600,20.8,21.1,20.23,20.27,20.56,3510.33123743,418,kraken
1739664000,20.27,20.74,19.96,20.18,20.24,3620.49752029,708,kraken
1739750400,20.37,20.84,19.66,19.96,20.1,4118.87008283,430,kraken
1739836800,20.02,20.07,18.37,18.88,19.15,9001.76065255,948,kraken
1739923200,18.99,19.96,18.82,19.55,19.48,10478.53968537,497,kraken
1740009600,19.57,20.29,19.5,20.08,19.95,9686.92256077,606,kraken
1740096000,20.05,21.3,19.4,19.78,20.56,6454.43312149,619,kraken
1740182400,19.75,20.6,19.65,20.35,20.2,2240.43891653,430,kraken
1740268800,20.35,20.73,19.84,20.15,20.19,4674.94540809,741,kraken
1740355200,20.05,22.5,18.0,18.14,19.89,45605.74449311,4331,kraken
1740441600,18.18,20.02,17.0,19.86,18.19,25711.3375839,2301,kraken
1740528000,19.79,21.65,19.27,20.04,20.43,25021.0090354,1715,kraken
1740614400,20.06,20.8,19.4,19.82,20.17,5140.54370728,543,kraken
1740700800,19.87,19.94,18.06,19.64,18.85,18541.47228633,1108,kraken
1740787200,19.58,19.87,18.62,19.17,19.29,4731.4701951,534,kraken
1740873600,19.18,21.15,18.56,21.07,20.21,20385.31903815,1282,kraken
1740960000,21.1,21.21,17.7,17.96,18.92,14961.83752293,1110,kraken
1741046400,17.89,18.11,16.35,17.81,17.35,15585.06156512,1221,kraken
1741132800,17.76,18.7,17.49,18.53,18.2,7961.23841066,780,kraken
1741219200,18.46,18.86,17.88,18.2,18.36,3121.55598581,370,kraken
1741305600,18.26,18.68,17.21,17.81,17.89,12317.99919835,639,kraken
1741392000,17.73,17.96,17.11,17.52,17.51,3989.99989912,466,kraken
1741478400,17.52,17.63,16.11,16.57,16.91,15926.0263049,1490,kraken
1741564800,16.59,17.47,15.34,15.87,16.6,9339.69228629,926,kraken
1741651200,15.79,16.44,14.75,16.0,15.58,13861.39603519,1513,kraken
1741737600,15.99,16.35,14.92,16.0,15.62,36603.80980627,1082,kraken
1741824000,16.03,16.38,15.45,15.85,15.85,6059.2870745,517,kraken
1741910400,15.84,16.71,15.84,16.48,16.34,7017.13649307,602,kraken
1741996800,16.45,16.99,16.35,16.89,16.7,11602.71044765,539,kraken
1742083200,16.9,17.06,16.24,16.37,16.56,2960.40478121,676,kraken
1742169600,16.38,17.96,16.38,17.38,17.25,8792.84389135,888,kraken
1742256000,17.44,17.63,16.94,17.54,17.27,4457.188187,462,kraken
1742342400,17.48,18.4,17.43,18.4,17.83,5700.50658075,541,kraken
1742428800,18.41,18.41,17.12,17.26,17.62,7185.59444539,794,kraken
1742515200,17.33,17.67,16.86,16.95,17.08,3591.11787281,350,kraken
1742601600,16.92,17.33,16.82,16.93,17.12,9977.28111296,817,kraken
1742688000,16.94,17.8,16.82,17.75,17.24,7556.72431623,741,kraken
1742774400,17.85,18.99,17.42,18.24,18.42,12483.85196667,743,kraken
1742860800,18.23,18.44,18.1,18.26,18.25,5774.98588762,761,kraken
1742947200,18.25,18.7,17.9,18.09,18.18,8314.43528059,858,kraken
1743033600,18.05,18.5,17.76,18.12,18.18,23059.58522484,974,kraken
1743120000,17.97,18.13,16.43,16.76,16.98,10611.62585511,607,kraken
1743206400,16.79,16.79,15.6,15.85,16.09,5795.01696794,585,kraken
1743292800,15.86,16.14,15.67,15.88,15.88,6267.18828811,581,kraken
1743379200,15.87,16.0,15.37,15.83,15.71,7330.24223716,346,kraken
1743465600,15.87,16.79,15.84,16.01,16.28,9834.19152792,594,kraken
1743552000,15.86,15.99,14.65,14.87,15.49,13404.38960776,952,kraken
1743638400,14.8,15.48,14.5,15.04,14.83,6874.21341863,675,kraken
1743724800,15.03,15.25,14.64,14.96,14.91,7650.19329633,697,kraken
1743811200,14.99,15.19,14.66,14.89,14.97,3520.85036006,359,kraken
1743897600,14.88,14.91,12.51,12.88,13.56,11530.1370825,949,kraken
1743984000,12.84,13.4,11.35,12.76,12.39,33237.16752155,1402,kraken
1744070400,12.75,13.09,12.27,12.33,12.62,11298.67327467,455,kraken
1744156800,12.47,13.86,11.91,13.65,13.18,14819.37797814,791,kraken
1744243200,13.65,13.65,12.69,13.17,13.12,8165.47873611,674,kraken
1744329600,13.17,13.6,13.06,13.42,13.23,6313.91150753,514,kraken
1744416000,13.37,14.09,13.37,13.98,13.84,6954.80054048,424,kraken
1744502400,13.97,14.1,13.2,13.3,13.42,9602.08995046,859,kraken
1744588800,13.38,13.84,13.23,13.33,13.57,5328.5210279,470,kraken
1744675200,13.35,13.36,12.72,12.76,13.07,8281.41464724,718,kraken
1744761600,12.71,13.0,12.06,12.35,12.51,11193.48711379,538,kraken
1744848000,12.39,12.59,12.15,12.41,12.37,7606.27894165,427,kraken
1744934400,12.46,12.75,12.38,12.66,12.62,3645.67643689,199,kraken
1745020800,12.7,13.52,12.7,13.42,13.1,5254.57839667,437,kraken
1745107200,13.41,13.83,13.23,13.79,13.52,9634.86176682,557,kraken
1745193600,13.79,14.29,13.78,13.88,14.03,8591.53562961,511,kraken
1745280000,13.88,14.71,13.63,14.71,14.25,9358.86689097,564,kraken
1745366400,14.66,15.71,14.64,15.41,15.2,14291.475539,1006,kraken
1745452800,15.33,15.99,14.92,15.85,15.55,15212.61844674,864,kraken
1745539200,15.95,16.48,15.78,16.32,16.14,8743.34964474,559,kraken
1745625600,16.37,16.85,16.02,16.41,16.32,16287.85643066,652,kraken
1745712000,16.41,16.52,15.73,15.84,16.04,5277.03819655,480,kraken
1745798400,15.83,16.5,15.37,16.33,16.12,8535.71527728,527,kraken
1745884800,16.39,16.59,15.75,15.91,16.29,7166.82313159,412,kraken
1745971200,15.87,15.98,14.84,15.24,15.36,22046.49952887,947,kraken
1746057600,15.3,16.1,15.3,15.85,15.67,8106.42974565,464,kraken
1746144000,15.8,16.09,15.54,15.7,15.74,7155.25388892,367,kraken
1746230400,15.67,15.67,14.85,15.01,15.3,7826.05822013,457,kraken
1746316800,14.99,15.06,14.42,14.52,14.67,6153.02640432,504,kraken
1746403200,14.55,14.85,14.42,14.62,14.65,5584.38692961,300,kraken
1746489600,14.62,14.68,14.04,14.63,14.39,4457.68201092,309,kraken
1746576000,14.64,14.88,14.35,14.7,14.64,6312.59157526,340,kraken
1746662400,14.71,16.87,14.7,16.85,16.09,31893.62518436,1236,kraken
1746748800,16.88,18.02,16.87,18.02,17.42,16721.59879775,1053,kraken
1746835200,18.04,19.63,17.97,19.57,18.66,18777.67497974,1168,kraken
1746921600,19.6,19.62,18.34,18.8,18.78,13812.96224693,824,kraken
1747008000,18.76,24.56,18.64,22.35,22.26,67562.57404893,4411,kraken
1747094400,22.33,23.0,20.71,22.24,21.64,42820.63727141,2604,kraken
1747180800,22.22,22.57,20.94,21.08,21.69,14940.30262322,764,kraken
1747267200,21.06,21.22,19.04,19.3,19.82,14636.68455164,855,kraken
1747353600,19.41,20.09,18.66,18.91,19.5,8097.00266345,486,kraken
1747440000,18.77,18.93,18.06,18.24,18.45,6742.61269771,401,kraken
1747526400,18.21,20.0,18.21,19.42,19.29,8227.07215347,556,kraken
1747612800,19.42,19.46,17.64,18.47,18.2,14124.26960719,677,kraken
1747699200,18.5,19.24,18.08,18.6,18.51,8357.01037009,472,kraken
1747785600,18.5,19.37,18.17,19.03,18.68,11603.55774214,578,kraken
1747872000,18.94,20.18,18.94,20.18,19.76,9296.45014036,595,kraken
1747958400,20.0,20.66,18.2,18.23,19.27,13304.631525,852,kraken
1748044800,18.18,18.6,18.1,18.18,18.35,3852.50707541,397,kraken
1748131200,18.27,18.35,17.42,18.3,17.79,5517.22754101,471,kraken
1748217600,18.19,18.69,18.05,18.09,18.32,10996.34337195,552,kraken
1748304000,18.16,18.95,17.71,18.32,18.4,5831.7613477,486,kraken
1748390400,18.3,19.41,17.8,19.19,18.37,22259.67559707,1644,kraken
1748476800,19.27,19.27,17.6,17.6,18.23,10530.37417226,789,kraken
1748563200,17.76,17.77,15.85,15.91,16.82,12742.00633917,665,kraken
1748649600,15.98,16.41,15.36,16.16,15.76,14004.39675407,746,kraken
1748736000,16.17,16.22,15.55,16.15,15.88,10932.82103502,791,kraken
1748822400,16.15,16.59,15.6,16.59,15.86,8751.17780848,391,kraken
1748908800,16.6,17.0,16.55,16.58,16.75,8853.1539962,458,kraken
1748995200,16.69,16.92,16.14,16.25,16.61,15730.33834654,761,kraken
1749081600,16.29,16.47,14.86,15.17,15.7,15385.81102353,644,kraken
1749168000,15.18,15.95,15.15,15.51,15.55,7448.42226879,402,kraken
1749254400,15.51,16.51,15.51,16.26,16.22,6390.70353168,441,kraken
1749340800,16.27,16.49,15.9,16.23,16.13,7737.78177592,476,kraken
1749427200,16.19,16.78,15.88,16.77,16.36,7283.71912172,372,kraken
1749513600,16.85,17.48,16.51,17.41,17.08,8669.35092505,546,kraken
1749600000,17.45,17.51,16.59,16.76,17.13,5825.41962802,384,kraken
1749686400,16.73,16.76,15.22,15.64,15.95,13604.19998815,594,kraken
1749772800,15.48,15.48,14.34,15.17,14.77,12762.33395198,745,kraken
1749859200,15.19,15.19,14.5,14.84,14.93,5406.68913049,418,kraken
1749945600,14.84,14.95,14.42,14.78,14.7,3462.87929978,425,kraken
1750032000,14.76,15.46,14.61,14.77,15.2,7331.24467849,539,kraken
1750118400,14.72,14.98,13.84,14.24,14.3,17310.32667911,902,kraken
1750204800,14.31,14.55,13.94,14.36,14.22,5778.68601181,594,kraken
1750291200,14.42,14.52,13.97,14.22,14.25,4476.30912433,304,kraken
1750377600,14.26,14.64,13.52,13.8,13.88,10236.72154654,459,kraken
1750464000,13.82,14.08,12.84,13.12,13.4,11028.03405641,723,kraken
1750550400,13.16,13.22,12.06,12.6,12.5,12792.04922106,1288,kraken
1750636800,12.64,14.02,12.58,14.02,13.29,14681.28046586,774,kraken
1750723200,14.07,14.39,13.89,14.0,14.09,7493.00895864,526,kraken
1750809600,14.06,14.07,13.04,13.14,13.46,13759.56906316,642,kraken
1750896000,13.13,13.53,12.69,12.77,12.86,10325.34224874,645,kraken
1750982400,12.78,13.15,12.66,13.03,12.95,4515.34010388,342,kraken
1751068800,12.99,13.54,12.87,13.46,13.14,3560.27077079,315,kraken
1751155200,13.46,13.95,13.06,13.84,13.29,29826.58295632,792,kraken
1751241600,13.83,13.83,12.4,12.88,12.87,99208.23989353,2108,kraken
1751328000,12.92,12.92,12.23,12.3,12.48,14501.16838108,569,kraken
1751414400,12.3,13.46,12.2,13.28,13.05,14672.38034923,600,kraken
1751500800,13.27,13.58,13.08,13.24,13.32,6707.706674,357,kraken
1751587200,13.31,13.31,12.35,12.46,12.48,30017.34318732,774,kraken
1751673600,12.45,12.72,12.34,12.66,12.46,4507.49748717,352,kraken
1751760000,12.64,12.94,12.47,12.69,12.65,4764.20505946,596,kraken
1751846400,12.68,12.88,12.39,12.55,12.61,4883.28473199,316,kraken
1751932800,12.55,12.85,12.35,12.74,12.6,6064.48306334,341,kraken
1752019200,12.75,13.6,12.62,13.59,13.11,8809.37810524,503,kraken
1752105600,13.59,14.68,13.38,14.63,13.84,15493.2455151,1020,kraken
1752192000,14.58,15.16,14.26,14.56,14.85,20816.68180284,1546,kraken
1752278400,14.57,14.87,13.92,14.29,14.32,4350.63676295,648,kraken
1752364800,14.29,14.95,14.18,14.73,14.79,11090.09765529,1070,kraken
1752451200,14.66,15.45,14.55,14.74,15.04,12882.44981538,900,kraken
1752537600,14.8,15.1,14.2,15.08,14.57,7080.78099711,556,kraken
1752624000,15.09,16.56,14.83,15.75,15.8,40125.46531511,1953,kraken
1752710400,15.85,16.19,15.33,16.09,15.69,43120.41180386,1909,kraken
1752796800,16.03,17.8,15.92,16.27,16.88,90848.01206929,3440,kraken
1752883200,16.27,16.82,15.92,16.51,16.37,18532.08073877,1247,kraken
1752969600,16.51,17.55,16.46,17.26,17.01,16875.27064171,1206,kraken
1753056000,17.19,18.0,16.88,17.28,17.44,12774.36866479,782,kraken
1753142400,17.29,17.38,16.38,17.34,16.84,7982.21483801,735,kraken
1753228800,17.27,17.32,15.34,15.75,16.25,12404.6820796,857,kraken
1753315200,15.77,15.99,14.85,15.4,15.37,4897.31238982,582,kraken
1753401600,15.36,16.0,14.86,15.96,15.48,5544.15785152,634,kraken
1753488000,15.95,16.1,15.82,15.83,15.95,55880.68601776,1492,kraken
1753574400,15.85,16.38,15.82,16.22,16.21,3917.34128589,505,kraken
1753660800,16.26,16.74,15.45,15.49,16.2,7244.17979371,709,kraken
1753747200,15.55,16.01,14.98,15.23,15.37,6149.12159476,491,kraken
1753833600,15.2,15.3,14.14,14.94,14.88,57122.76899492,1621,kraken
1753920000,14.96,15.15,14.06,14.11,14.78,7202.61512402,438,kraken
1754006400,14.05,14.18,13.3,13.62,13.87,20265.14277147,785,kraken
1754092800,13.55,13.82,13.06,13.39,13.33,2943.66789004,462,kraken
1754179200,13.39,14.0,13.23,13.95,13.96,9839.11687085,617,kraken
1754265600,13.94,14.34,13.89,14.27,14.06,16393.62375583,767,kraken
1754352000,14.29,14.29,13.36,13.74,13.82,7053.4150586,375,kraken
1754438400,13.67,14.03,13.41,13.94,13.7,5640.23350818,348,kraken
1754524800,13.96,14.69,13.83,14.64,14.21,6419.34249933,408,kraken
1754611200,14.69,15.21,14.5,15.14,14.8,22532.58587759,947,kraken
1754697600,15.22,15.86,15.13,15.66,15.54,10316.92295707,569,kraken
1754784000,15.66,16.19,15.17,15.5,15.66,20515.79666388,862,kraken
1754870400,15.53,15.97,14.74,14.93,15.18,10719.90350312,512,kraken
1754956800,14.86,16.05,14.64,15.89,15.49,13873.24203825,788,kraken
1755043200,15.93,16.6,15.72,16.51,16.19,16643.50121798,930,kraken
1755129600,16.48,16.85,14.81,15.14,15.82,44892.33800605,1529,kraken
1755216000,15.11,15.69,14.46,14.84,15.04,11349.10806021,639,kraken
1755302400,14.86,15.3,14.74,15.25,14.99,6296.69794132,518,kraken
1755388800,15.26,15.91,15.13,15.45,15.59,15910.51671689,680,kraken
1755475200,15.34,15.34,14.5,14.69,14.77,10178.25274929,495,kraken
1755561600,14.66,14.8,13.91,13.95,14.31,7464.63010869,500,kraken
1755648000,13.96,14.75,13.89,14.65,14.3,11272.79819655,413,kraken
1755734400,14.68,14.8,14.11,14.35,14.41,7744.87131868,391,kraken
1755820800,14.39,16.2,13.94,16.05,14.85,60123.46675502,1961,kraken
1755907200,16.05,17.88,15.53,16.56,16.39,55407.98949928,2500,kraken
1755993600,16.56,16.77,15.67,15.98,16.01,16982.19115651,1004,kraken
1756080000,16.08,16.15,14.23,14.57,15.04,11399.89109744,637,kraken
1756166400,14.51,15.25,14.45,15.14,14.74,5890.56643801,372,kraken
1756252800,15.18,15.85,15.06,15.38,15.54,7017.55270391,482,kraken
1756339200,15.4,15.79,15.22,15.61,15.61,14795.62225623,424,kraken
1756425600,15.54,15.56,14.49,14.91,14.94,14695.84457929,616,kraken
1756512000,14.9,16.51,14.64,16.28,15.6,12665.21057184,991,kraken
1756598400,16.28,17.71,15.38,15.38,16.42,16738.83089195,1154,kraken
1756684800,15.42,15.6,14.44,14.66,15.02,7364.86534294,523,kraken
1756771200,14.66,15.13,14.46,15.12,14.74,6156.2984122,363,kraken
1756857600,15.13,15.46,15.09,15.27,15.3,6623.26997832,451,kraken
1756944000,15.32,15.36,14.61,14.87,14.8,5174.48507027,361,kraken
1757030400,14.85,15.37,14.85,15.21,15.12,2097.47124831,245,kraken
1757116800,15.26,15.44,14.94,15.13,15.18,2999.35750239,393,kraken
1757203200,15.12,15.74,15.1,15.36,15.38,12082.52537915,512,kraken
1757289600,15.35,15.56,15.19,15.43,15.37,19774.6396431,523,kraken
1757376000,15.58,15.79,15.09,15.51,15.36,14526.39756561,432,kraken
1757462400,15.55,15.94,15.51,15.7,15.77,7855.28938605,354,kraken
1757548800,15.73,15.9,15.46,15.75,15.71,7883.42374428,414,kraken
1757635200,15.77,16.04,15.56,16.02,15.83,4822.05849165,361,kraken
1757721600,16.02,17.21,15.96,16.63,16.55,22138.1635592,1071,kraken
1757808000,16.7,16.71,15.55,15.87,16.12,8623.14394238,617,kraken
1757894400,15.86,16.04,15.07,15.26,15.39,5384.66876907,455,kraken
1757980800,15.24,15.9,15.15,15.82,15.63,4426.09403367,391,kraken
1758067200,15.83,16.19,15.41,16.05,15.96,13851.52076603,570,kraken
1758153600,16.1,16.41,15.91,16.14,16.19,13887.59793553,518,kraken
1758240000,16.15,16.92,15.59,15.61,16.16,21411.51238911,766,kraken
1758326400,15.67,16.28,15.59,15.91,15.94,12729.28423225,935,kraken
1758412800,15.91,16.04,15.36,15.39,15.68,4614.35874599,408,kraken
1758499200,15.35,15.35,13.91,14.37,14.52,17856.91989116,1038,kraken
1758585600,14.35,14.52,13.98,14.17,14.31,4677.5129901,335,kraken
1758672000,14.19,14.48,13.87,14.2,14.26,4346.99938578,280,kraken
1758758400,14.23,14.23,13.05,13.12,13.61,10701.38969328,653,kraken
1758844800,13.17,14.28,13.16,14.01,13.59,23136.88404904,731,kraken
1758931200,14.04,14.05,13.82,13.98,13.95,5222.30112427,411,kraken
1759017600,13.99,15.28,13.72,14.69,14.57,17695.55685228,1152,kraken
1759104000,14.68,14.68,14.02,14.36,14.27,10864.23245633,472,kraken
1759190400,14.35,14.39,13.87,14.34,14.14,13320.76294611,474,kraken
1759276800,14.38,15.08,14.19,15.08,14.8,6991.09888761,531,kraken
1759363200,15.09,15.53,14.99,15.4,15.26,11438.36011553,609,kraken
1759449600,15.43,15.57,14.98,15.38,15.16,9588.88982742,568,kraken
1759536000,15.43,15.44,14.76,14.93,15.07,2664.80080782,384,kraken
1759622400,14.93,15.62,14.84,15.03,15.17,16089.86364782,650,kraken
1759708800,15.0,15.7,14.93,15.6,15.46,9272.44020419,385,kraken
1759795200,15.63,15.81,14.66,14.83,15.24,12770.12611575,714,kraken
1759881600,14.91,15.16,14.53,15.07,14.77,7677.47151609,381,kraken
1759968000,15.0,15.09,14.33,14.76,14.59,6681.62902624,364,kraken
1760054400,14.74,15.17,9.0,10.6,11.74,60807.08643657,2662,kraken
1760140800,10.58,12.03,10.13,10.56,10.95,32443.28899897,2460,kraken
1760227200,10.46,12.37,10.25,11.64,11.22,20681.1296539,1747,kraken
1760313600,11.63,12.36,11.47,12.27,12.01,10866.46894079,704,kraken
1760400000,12.28,12.32,11.02,11.79,11.51,8746.3659807,673,kraken
1760486400,11.79,11.93,11.01,11.28,11.47,6307.99635238,553,kraken
1760572800,11.29,11.64,10.73,10.9,11.16,11566.06233811,737,kraken
1760659200,10.95,11.1,10.17,10.5,10.64,16292.36218434,708,kraken
1760745600,10.49,10.74,10.33,10.55,10.51,11431.99338436,358,kraken
1760832000,10.57,11.13,10.43,10.96,10.8,6392.39384416,300,kraken
1760918400,10.93,11.32,10.75,10.81,11.06,7744.2636251,709,kraken
1761004800,10.82,11.3,10.36,10.52,10.95,14595.20501994,745,kraken
1761091200,10.56,10.87,10.22,10.52,10.59,5537.97168227,480,kraken
1761177600,10.52,10.9,10.49,10.67,10.68,10315.91549652,320,kraken
1761264000,10.67,10.89,10.43,10.62,10.65,18523.99710592,492,kraken
1761350400,10.57,10.62,10.4,10.57,10.48,8134.07371659,384,kraken
1761436800,10.54,10.86,10.36,10.75,10.66,8068.80894442,386,kraken
1761523200,10.79,10.89,10.39,10.5,10.57,9949.92589412,393,kraken
1761609600,10.5,10.53,9.82,10.03,10.29,14228.97086579,487,kraken
1761696000,10.01,10.38,9.91,10.08,10.06,11871.32104294,382,kraken
1761782400,10.1,10.18,9.09,9.44,9.44,14747.86032408,542,kraken
1761868800,9.45,9.72,9.29,9.43,9.58,10806.78310806,358,kraken
1761955200,9.46,10.06,9.43,10.04,9.81,23267.00733511,507,kraken
1762041600,10.04,11.52,9.99,11.0,10.9,72390.95757662,1760,kraken
1762128000,10.99,11.12,9.03,9.47,9.82,21628.85854009,978,kraken
1762214400,9.48,9.93,8.66,9.15,9.29,45562.66878679,1203,kraken
1762300800,9.13,9.39,8.63,9.31,9.09,13312.56872702,424,kraken
1762387200,9.24,9.93,8.93,9.65,9.39,26678.45264979,1032,kraken
1762473600,9.65,11.62,9.58,11.26,10.61,63302.28775113,2187,kraken
1762560000,11.33,17.44,10.93,13.62,13.45,186455.37744842,10881,kraken
1762646400,13.57,15.01,12.08,12.22,13.05,79994.01025011,4377,kraken
1762732800,12.21,12.66,11.81,12.34,12.35,19453.70136138,1359,kraken
1762819200,12.35,12.46,11.38,11.38,11.79,14389.52011449,835,kraken
1762905600,11.4,11.8,10.85,10.91,11.42,10348.14384457,848,kraken
1762992000,10.89,11.22,10.23,10.54,10.75,12463.14595027,953,kraken
1763078400,10.52,10.62,9.86,10.04,10.2,12059.04196973,817,kraken
1763164800,10.01,10.51,10.0,10.25,10.26,5827.04377835,371,kraken
1763251200,10.24,10.37,9.65,9.89,10.01,7152.45370899,484,kraken
1763337600,9.89,10.19,9.58,9.75,9.92,6017.70732083,619,kraken
1763424000,9.73,10.15,9.54,9.9,9.85,13191.3857995,589,kraken
1763510400,9.89,9.97,9.28,9.76,9.59,7140.75849568,522,kraken
1763596800,9.8,10.18,9.24,9.35,9.64,8469.3291225,565,kraken
1763683200,9.38,9.56,8.28,8.6,8.72,19945.38839627,1557,kraken
1763769600,8.61,8.63,8.35,8.51,8.49,4767.61543244,307,kraken
1763856000,8.51,8.69,8.42,8.42,8.53,6180.61694383,316,kraken
1763942400,8.43,8.93,8.32,8.71,8.6,9187.4779863,458,kraken
1764028800,8.71,8.77,8.45,8.73,8.56,6067.47353704,320,kraken
1764115200,8.72,8.95,8.38,8.75,8.54,9646.19698893,409,kraken
1764201600,8.75,9.31,8.72,8.95,8.99,9366.37716848,568,kraken
1764288000,8.92,8.96,8.66,8.87,8.81,14875.62103494,509,kraken
1764374400,8.86,9.02,8.7,8.75,8.9,6787.34176522,445,kraken
1764460800,8.75,8.81,8.5,8.51,8.71,3256.01555418,321,kraken
1764547200,8.53,8.53,7.75,7.98,7.93,15438.07808909,897,kraken
1764633600,7.98,9.01,7.84,8.65,8.15,15339.72577681,687,kraken
1764720000,8.64,8.86,8.52,8.81,8.75,10791.5578402,379,kraken
1764806400,8.75,8.83,8.44,8.55,8.7,12141.21006049,292,kraken
1764892800,8.56,8.65,8.12,8.21,8.4,6545.10115602,309,kraken
1764979200,8.16,8.31,8.09,8.24,8.17,2378.74638998,168,kraken
1765065600,8.24,8.3,7.88,8.04,8.09,5173.49780795,262,kraken
1765152000,8.09,8.4,8.09,8.21,8.25,5114.07780078,195,kraken
1765238400,8.24,8.9,8.06,8.58,8.57,28253.44327293,599,kraken
1765324800,8.61,8.61,8.09,8.15,8.31,10112.12384877,341,kraken
1765411200,8.14,8.15,7.61,7.82,7.78,16121.68064531,512,kraken
1765497600,7.78,7.89,7.42,7.67,7.63,3494.88264299,360,kraken
1765584000,7.68,7.86,7.65,7.8,7.77,4622.64059623,252,kraken
1765670400,7.76,7.82,7.4,7.49,7.56,2667.36337229,164,kraken
1765756800,7.51,7.86,6.99,7.2,7.34,14792.63977024,741,kraken
1765843200,7.2,7.48,7.02,7.31,7.36,28597.56366176,480,kraken
1765929600,7.29,7.41,6.73,6.78,6.93,19145.54595221,492,kraken
1766016000,6.79,7.01,6.4,6.55,6.73,55545.43672783,882,kraken
1766102400,6.55,7.17,6.47,7.08,6.99,21747.98017516,1226,kraken
1766188800,7.08,7.1,6.96,7.04,7.02,8965.46881745,1706,kraken
1766275200,7.03,8.25,6.85,6.91,7.4,167952.77912156,4388,kraken
1766361600,6.92,7.4,6.86,7.15,7.16,32015.70924261,860,kraken
1766448000,7.15,7.19,6.88,7.05,7.0,15937.95869699,515,kraken
1766534400,7.07,7.08,6.86,6.96,6.93,1922.22265998,164,kraken
1766620800,6.98,7.08,6.75,6.79,6.94,6378.00406977,290,kraken
1766707200,6.81,7.1,6.75,6.88,6.89,16855.65483182,474,kraken
1766793600,6.87,7.28,6.86,7.22,7.04,21305.80053262,639,kraken
1766880000,7.22,7.67,7.11,7.18,7.3,26979.92475741,1052,kraken
1766966400,7.15,7.3,7.07,7.12,7.17,26299.17925146,736,kraken
1767052800,7.12,7.19,7.02,7.04,7.11,14472.21386977,318,kraken
1767139200,7.03,7.03,6.73,6.81,6.86,14878.95324506,583,kraken
1767225600,6.83,7.89,6.79,7.55,7.33,30512.0262751,1096,kraken
1767312000,7.56,7.88,7.42,7.85,7.63,23891.94603884,682,kraken
1767398400,7.88,8.08,7.6,7.8,7.8,11082.13550464,473,kraken
1767484800,7.8,7.91,7.75,7.84,7.83,13271.33110895,543,kraken
1767571200,7.89,8.22,7.7,8.15,7.99,9684.16677112,481,kraken
1767657600,8.11,8.79,8.03,8.43,8.35,30169.62069932,818,kraken
1767744000,8.42,8.46,7.71,7.83,7.98,14569.69462342,519,kraken
1767830400,7.83,7.93,7.55,7.75,7.72,3082.19146037,236,kraken
1767916800,7.75,7.81,7.53,7.66,7.66,7759.49242538,380,kraken
1768003200,7.65,8.14,7.53,7.79,7.9,113265.417048,1922,kraken
1768089600,7.79,7.82,7.46,7.52,7.72,6984.254028,718,kraken
1768176000,7.54,7.72,7.26,7.29,7.42,7593.6291265,370,kraken
1768262400,7.27,8.52,7.27,8.17,8.05,22406.30835694,946,kraken
1768348800,8.17,8.19,7.87,7.99,8.06,8513.28966334,538,kraken
1768435200,7.97,8.01,7.35,7.51,7.69,21474.05897285,679,kraken
1768521600,7.5,7.63,7.36,7.61,7.5,12277.65476531,393,kraken
1768608000,7.58,8.08,7.53,7.85,7.82,10798.54161652,516,kraken
1768694400,7.88,7.92,7.3,7.32,7.55,9691.37708444,803,kraken
1768780800,7.3,7.3,6.56,7.01,6.89,35198.83363839,1080,kraken
1768867200,6.98,6.99,6.55,6.64,6.72,26310.13088356,1034,kraken
1768953600,6.63,6.92,6.58,6.75,6.73,13144.2786824,502,kraken
1769040000,6.78,6.89,6.61,6.67,6.75,7000.17729207,240,kraken
1769126400,6.69,6.86,6.6,6.71,6.75,5693.61582609,337,kraken
1769212800,6.71,6.84,6.66,6.71,6.75,6339.94274664,373,kraken
1769299200,6.72,6.76,6.23,6.39,6.5,10769.83886799,912,kraken
1769385600,6.41,6.82,6.38,6.73,6.65,11192.95919649,396,kraken
1769472000,6.72,6.84,6.57,6.78,6.66,12703.17827242,359,kraken
1769558400,6.76,6.83,6.64,6.79,6.75,13807.94967627,303,kraken
1769644800,6.8,6.81,6.02,6.16,6.37,16803.82413319,864,kraken
1769731200,6.14,6.22,5.94,6.1,6.06,11472.91938743,543,kraken
1769817600,6.12,6.12,4.94,5.5,5.53,60973.13938026,1755,kraken
1769904000,5.5,5.58,5.23,5.34,5.42,14314.51252495,750,kraken
1769990400,5.34,5.63,5.18,5.49,5.45,18780.90445942,437,kraken
1770076800,5.48,5.48,4.91,5.08,5.31,66452.3901736,1212,kraken
1770163200,5.08,5.22,4.77,4.87,5.01,21814.04436923,518,kraken
1770249600,4.87,4.9,4.1,4.14,4.46,28101.88913909,920,kraken
1770336000,4.16,4.73,3.73,4.63,4.18,35687.84743583,1068,kraken
1770422400,4.57,4.65,4.4,4.54,4.55,5532.45468557,317,kraken
1770508800,4.54,4.55,4.33,4.37,4.4,11235.64749824,514,kraken
1770595200,4.38,4.49,4.21,4.41,4.34,8338.05027963,253,kraken
1770681600,4.42,4.42,4.22,4.27,4.29,6471.33120805,172,kraken
1770768000,4.28,4.46,4.11,4.38,4.24,25803.99015951,515,kraken
1770854400,4.39,4.59,4.27,4.41,4.41,11858.03260576,357,kraken
1770940800,4.42,4.6,4.34,4.55,4.47,7194.63602162,293,kraken
1771027200,4.56,4.98,4.56,4.87,4.79,8290.31325179,421,kraken
1771113600,4.87,4.88,4.57,4.66,4.7,11387.54730314,690,kraken
1771200000,4.66,4.87,4.62,4.83,4.72,12147.53132326,478,kraken
1771286400,4.83,4.92,4.74,4.8,4.82,15139.56943559,541,kraken
1771372800,4.81,4.86,4.59,4.6,4.73,14189.11089367,413,kraken
1771459200,4.59,4.62,4.46,4.54,4.54,10558.54448633,282,kraken
1771545600,4.55,5.13,4.51,4.87,4.78,27202.27907276,685,kraken
1771632000,4.86,5.28,4.84,4.95,5.06,43940.83348904,921,kraken
1771718400,4.95,4.96,4.74,4.76,4.83,12604.00818057,628,kraken
1771804800,4.74,4.79,4.53,4.61,4.65,11119.06136608,354,kraken
1771891200,4.63,4.76,4.48,4.76,4.63,7631.69891905,261,kraken
1771977600,4.76,5.61,4.74,5.34,5.33,100242.55230775,2443,kraken
1772064000,5.35,5.4,4.98,5.12,5.12,21072.06137959,629,kraken
1772150400,5.12,5.24,4.93,4.98,5.04,18049.67699109,456,kraken
1772236800,4.99,5.02,4.55,4.91,4.73,21965.02687733,687,kraken
1772323200,4.91,5.1,4.65,4.7,4.87,14945.02332087,767,kraken
1772409600,4.72,4.97,4.64,4.77,4.78,17775.24060663,489,kraken
1772496000,4.77,4.77,4.43,4.63,4.54,23620.58699414,591,kraken
1772582400,4.63,4.99,4.53,4.8,4.78,13521.65550198,443,kraken
1772668800,4.78,4.87,4.65,4.68,4.75,19041.06985263,476,kraken
1772755200,4.68,4.74,4.38,4.43,4.52,41038.37825503,806,kraken
1772841600,4.42,4.83,4.38,4.41,4.59,36055.11884533,972,kraken
1772928000,4.42,4.57,4.36,4.46,4.46,14629.9147556,671,kraken
1773014400,4.47,4.79,4.47,4.64,4.63,24884.44846805,741,kraken
1773100800,4.63,4.74,4.52,4.56,4.61,46379.95607689,734,kraken
1773187200,4.57,4.63,4.47,4.58,4.53,8237.80836686,244,kraken
1773273600,4.58,4.6,4.42,4.55,4.49,3833.53027537,183,kraken
1773360000,4.54,4.78,4.47,4.5,4.59,10018.54881841,330,kraken
1773446400,4.51,4.51,4.37,4.41,4.42,5436.1503555,284,kraken
1773532800,4.41,4.55,4.39,4.54,4.48,5329.21349582,500,kraken
1773619200,4.54,4.9,4.51,4.86,4.79,28582.08449303,684,kraken
1773705600,4.85,4.87,4.68,4.77,4.77,10821.20434542,278,kraken
1773792000,4.73,4.93,4.51,4.61,4.67,19588.60061417,474,kraken
1773878400,4.59,4.62,4.47,4.53,4.52,17417.75050608,461,kraken
1773964800,4.55,4.65,4.48,4.54,4.55,14118.61901955,376,kraken
1774051200,4.54,4.69,4.38,4.38,4.55,3416.45715462,180,kraken
1774137600,4.38,4.45,4.28,4.36,4.38,8362.20136653,237,kraken
1774224000,4.37,4.57,4.33,4.48,4.47,14787.39569348,343,kraken
1774310400,4.47,4.49,4.36,4.46,4.42,4706.26172114,211,kraken
1774396800,4.46,4.48,4.37,4.41,4.42,6370.63401528,267,kraken
1774483200,4.41,4.41,4.23,4.28,4.32,5178.8218703,213,kraken
1774569600,4.28,4.33,4.09,4.13,4.18,6013.21396985,259,kraken
1774656000,4.13,4.16,4.05,4.07,4.11,6685.42933566,204,kraken
1774742400,4.07,4.16,4.02,4.11,4.1,9695.27070582,228,kraken
1774828800,4.1,4.24,4.07,4.09,4.19,4570.81239319,191,kraken
1774915200,4.12,4.21,4.08,4.16,4.15,4518.36574382,157,kraken
1775001600,4.18,4.33,4.15,4.26,4.25,7604.93134595,286,kraken
1775088000,4.28,4.3,4.04,4.24,4.15,2495.84195427,171,kraken
1775174400,4.26,4.36,4.18,4.18,4.28,7456.38042329,225,kraken
1775260800,4.19,4.22,4.14,4.16,4.18,2722.7248043,150,kraken
1775347200,4.15,4.17,4.05,4.16,4.1,5178.09195718,241,kraken
1775433600,4.18,4.24,4.06,4.09,4.18,11943.98981004,325,kraken
1775520000,4.08,4.28,3.99,4.28,4.04,30691.07117818,437,kraken
1775606400,4.25,4.3,4.17,4.17,4.23,15986.45024687,419,kraken
1775692800,4.17,4.28,4.13,4.22,4.21,21683.19640477,519,kraken
1775779200,4.21,4.37,4.18,4.31,4.24,22950.17139336,531,kraken
1775865600,4.31,4.36,4.21,4.25,4.27,7575.1711515,177,kraken
1775952000,4.25,4.25,4.1,4.12,4.15,7961.72708271,225,kraken
1776038400,4.13,4.34,4.09,4.29,4.15,9606.79083154,280,kraken
1776124800,4.31,4.32,4.12,4.14,4.21,6968.33583907,247,kraken
1776211200,4.15,4.31,4.15,4.27,4.23,8518.66779696,251,kraken
1776297600,4.31,4.81,4.29,4.72,4.55,20675.61962646,620,kraken
1776384000,4.7,6.64,4.54,4.96,5.41,232459.76315865,6414,kraken
1776470400,4.92,4.99,4.65,4.67,4.76,59914.66814446,2167,kraken
1776556800,4.66,5.05,4.6,4.63,4.8,31250.93186736,698,kraken
1776643200,4.62,4.84,4.57,4.76,4.68,23165.62177506,686,kraken
1776729600,4.75,4.83,4.66,4.77,4.73,10914.15631738,473,kraken
1776816000,4.79,4.93,4.75,4.79,4.84,12493.19980867,328,kraken
1776902400,4.8,5.17,4.7,4.96,4.95,23206.02898383,646,kraken
1776988800,5.01,5.03,4.82,4.84,4.91,29124.37118865,481,kraken
1777075200,4.84,4.91,4.69,4.73,4.79,7955.40549572,248,kraken
1777161600,4.72,4.85,4.69,4.84,4.78,3803.57576241,193,kraken
1777248000,4.83,4.89,4.67,4.74,4.72,2757.04023763,163,kraken
1777334400,4.76,4.86,4.71,4.79,4.78,19378.14310451,284,kraken
1777420800,4.81,4.91,4.62,4.72,4.81,15759.01363908,382,kraken
1777507200,4.73,4.8,4.63,4.73,4.71,5943.20649167,204,kraken
1777593600,4.74,4.78,4.69,4.71,4.73,9108.10327017,180,kraken
1777680000,4.7,4.83,4.69,4.79,4.75,5024.18935503,143,kraken
1777766400,4.78,4.92,4.72,4.89,4.78,8562.79417528,236,kraken
1777852800,4.88,5.07,4.78,4.81,4.9,12673.32504159,397,kraken
1777939200,4.82,4.97,4.81,4.88,4.9,12701.28202712,253,kraken
1778025600,4.91,5.1,4.9,5.1,4.99,15041.53122197,416,kraken
1778112000,5.1,8.6,5.0,5.66,5.89,457636.74495108,9902,kraken
1778198400,5.7,6.05,5.54,5.97,5.84,68375.40365337,2188,kraken
1778284800,5.99,6.21,5.9,5.9,6.02,21998.37138272,665,kraken
1778371200,5.9,6.0,5.76,5.92,5.86,31331.73345479,1972,kraken
1778457600,5.91,5.96,5.75,5.84,5.85,11119.24992429,815,kraken
1778544000,5.81,5.83,5.53,5.6,5.65,20025.00238172,596,kraken
1778630400,5.6,5.81,5.33,5.39,5.57,14694.2840174,460,kraken
1778716800,5.41,5.55,5.35,5.44,5.46,30805.80251667,647,kraken
1778803200,5.47,5.47,5.08,5.17,5.24,13859.47792763,384,kraken
1778889600,5.2,5.22,4.99,5.06,5.11,24439.27044227,574,kraken
1778976000,5.06,5.21,4.82,4.93,5.06,17490.32705345,470,kraken
1779062400,4.9,5.02,4.89,5.01,4.94,14967.18720838,408,kraken
1779148800,5.02,5.03,4.85,4.9,4.92,8167.61932649,250,kraken
1779235200,4.87,5.03,4.86,4.99,4.93,12071.84699608,318,kraken
1779321600,4.99,5.21,4.96,5.17,5.05,9173.00835565,348,kraken
1779408000,5.17,5.21,4.88,4.91,5.06,20391.39607019,581,kraken
1779494400,4.9,5.05,4.73,4.97,4.86,8410.38205765,321,kraken
1779580800,4.95,4.97,4.7,4.8,4.86,4294.04574691,162,kraken
1779667200,4.81,4.93,4.8,4.84,4.86,5573.97934435,187,kraken
1779753600,4.81,4.86,4.58,4.64,4.67,14818.78563201,447,kraken
1779840000,4.64,4.77,4.54,4.55,4.66,15233.04796817,300,kraken
1779926400,4.56,4.65,4.36,4.48,4.51,23022.91588396,372,kraken
1780012800,4.51,4.59,4.39,4.5,4.5,5420.77998523,218,kraken
1780099200,4.52,4.6,4.49,4.53,4.55,7312.82568186,204,kraken
1780185600,4.56,4.6,4.44,4.53,4.51,4569.81667488,175,kraken
1780272000,4.54,4.62,4.46,4.53,4.52,10455.98585364,304,kraken
1780358400,4.5,4.5,4.07,4.14,4.33,18369.48414261,495,kraken
1780444800,4.21,4.28,4.07,4.14,4.16,5381.57446641,198,kraken
1780531200,4.15,4.16,3.72,3.85,3.88,15543.14637653,464,kraken
1780617600,3.85,3.88,3.46,3.61,3.66,26094.35580932,600,kraken
1780704000,3.64,3.65,3.36,3.55,3.53,11048.33280736,318,kraken
1780790400,3.56,3.78,3.56,3.68,3.65,10013.85887855,246,kraken
1780876800,3.68,3.8,3.59,3.67,3.69,11125.36079395,225,kraken
1780963200,3.66,3.68,3.5,3.57,3.59,4359.29942459,151,kraken
1781049600,3.58,3.6,3.4,3.46,3.5,10453.36612444,221,kraken
1781136000,3.47,3.76,3.47,3.65,3.65,20740.90934593,448,kraken
1781222400,3.66,3.72,3.6,3.64,3.66,4225.10923444,147,kraken
1781308800,3.64,3.72,3.64,3.7,3.68,3830.79143684,134,kraken
1781395200,3.69,3.75,3.57,3.71,3.63,7805.72635766,182,kraken
1781481600,3.73,3.89,3.7,3.74,3.8,7808.68025539,230,kraken
1781568000,3.77,3.82,3.7,3.76,3.75,18682.27701681,262,kraken
1781654400,3.74,3.84,3.66,3.73,3.75,12597.48214294,208,kraken
1781740800,3.75,3.76,3.5,3.57,3.58,8901.25543252,189,kraken
1781827200,3.56,3.58,3.45,3.47,3.46,8846.61224851,209,kraken
1781913600,3.49,3.54,3.43,3.54,3.48,5774.73984132,220,kraken
1782000000,3.53,3.58,3.42,3.44,3.51,4414.12807569,162,kraken
1782086400,3.44,3.57,3.39,3.41,3.51,5389.78351399,134,kraken
1782172800,3.4,3.43,3.21,3.36,3.31,13009.22128954,285,kraken
1782259200,3.38,3.42,3.15,3.29,3.27,9010.70406896,250,kraken
1782345600,3.29,3.3,2.97,3.08,3.11,13739.33975001,297,kraken
1782432000,3.1,3.17,2.97,3.12,3.09,7706.50418451,210,kraken
1782518400,3.14,3.16,3.03,3.05,3.11,2953.02768414,146,kraken
1782604800,3.04,3.07,2.98,3.01,3.02,7898.92965682,186,kraken
1782691200,2.99,3.11,2.97,3.06,3.04,12255.89638464,227,kraken
1782777600,3.04,3.04,2.93,2.97,2.99,6625.51889031,181,kraken
1782864000,2.98,3.2,2.9,3.09,3.1,25084.78106084,404,kraken
1782950400,3.1,3.26,3.06,3.15,3.16,13139.05193981,351,kraken
1783036800,3.14,3.36,3.14,3.33,3.25,11403.49148543,296,kraken
1783123200,3.34,3.36,3.28,3.3,3.31,7935.44074664,326,kraken
1783209600,3.3,3.34,3.2,3.3,3.25,11823.94539423,253,kraken
1783296000,3.3,3.73,3.27,3.48,3.51,56173.18838593,1317,kraken
1783382400,3.47,3.5,3.25,3.25,3.38,15195.20579079,397,kraken
1783468800,3.27,3.4,3.15,3.39,3.22,9607.86500373,249,kraken
1783555200,3.38,3.38,3.24,3.27,3.28,4687.02676918,176,kraken
1783641600,3.29,3.44,3.28,3.4,3.34,10942.14570304,344,kraken
1783728000,3.41,3.43,3.31,3.31,3.36,13626.89277844,399,kraken
1783814400,3.3,3.36,3.26,3.28,3.31,3497.71679128,155,kraken
1783900800,3.29,3.37,3.21,3.22,3.25,5855.58182346,220,kraken
1783987200,3.23,3.39,3.22,3.35,3.29,27729.83237411,550,kraken
1784073600,3.34,3.37,3.29,3.32,3.32,5062.28833948,202,kraken
1784160000,3.33,3.34,3.18,3.2,3.23,12266.83769338,352,kraken
1784246400,3.2,3.24,3.14,3.2,3.2,4061.3889204,155,kraken
1784332800,3.21,3.21,3.15,3.18,3.18,2629.44505241,492,kraken
1784419200,3.18,3.23,3.15,3.16,3.19,17695.41122802,1657,kraken
1784505600,3.16,3.3,3.1,3.26,3.2,12941.93597442,1758,kraken
1784592000,3.25,3.41,3.24,3.26,3.29,32864.44443264,1870,kraken
1784678400,3.25,3.26,3.17,3.2,3.22,10784.0145967,1754,kraken
1784764800,3.2,3.21,3.08,3.09,3.14,20827.23481524,1000,kraken
1784851200,3.09,3.13,3.03,3.05,3.07,19172.26464472,242,kraken
1784937600,3.07,3.12,3.03,3.1,3.06,2606.65589089,94,kraken
1785024000,3.11,3.19,3.1,3.14,3.12,7357.31516743,155,kraken
1785110400,3.14,3.16,3.0,3.01,3.08,7746.88802465,182,kraken
1785196800,3.02,3.05,2.94,2.97,2.98,13225.38639881,211,kraken
1785283200,3.0,3.02,2.83,2.9,2.93,15395.99495591,321,kraken
1785369600,2.88,3.01,2.88,2.97,2.97,12689.69114967,223,kraken
1785456000,2.98,3.02,2.94,2.94,2.98,7441.85809308,115,kraken
1785542400,2.99,3.26,2.99,3.16,3.12,48886.91821822,915,kraken
1785628800,3.17,3.19,3.0,3.04,3.06,22530.15685346,358,kraken
1785715200,3.03,3.17,3.01,3.1,3.11,28931.00591845,370,kraken
1785801600,3.1,3.2,3.09,3.15,3.14,6829.75324534,145,kraken
1785888000,3.16,3.23,3.08,3.15,3.15,18616.43498793,357,kraken
1785974400,3.16,3.19,3.08,3.08,3.13,23754.2279325,465,kraken
1786060800,3.09,3.11,3.04,3.08,3.07,27466.20008837,383,kraken
1786147200,3.08,3.18,3.05,3.15,3.09,24316.78702347,369,kraken
1786233600,3.14,3.17,3.03,3.04,3.08,42519.52498867,480,kraken
1786320000,3.04,3.1,3.01,3.01,3.06,51384.28131653,666,kraken
1786406400,3.02,3.07,2.93,2.95,3.0,67507.45415127,720,kraken
1786492800,2.96,2.98,2.85,2.87,2.91,33042.1681209,509,kraken
1786579200,2.87,2.91,2.85,2.87,2.87,13824.6553879,272,kraken
1786665600,2.88,2.88,2.8,2.88,2.84,13583.49348068,217,kraken
1786752000,2.88,2.92,2.88,2.88,2.89,25993.43994374,377,kraken
1786838400,2.89,2.92,2.86,2.88,2.89,17739.92464449,305,kraken
1786924800,2.89,2.92,2.86,2.88,2.88,10228.87067824,151,kraken
1787011200,2.86,2.9,2.81,2.9,2.85,27438.59402957,374,kraken
1787097600,2.9,3.1,2.86,3.06,2.94,45406.37090375,595,kraken
1787184000,3.06,3.19,3.03,3.18,3.13,49217.76734335,587,kraken
1787270400,3.19,3.66,3.17,3.6,3.37,46759.24704444,720,kraken
1787356800,3.61,4.06,3.55,3.62,3.76,80192.79332483,1263,kraken
1787443200,3.65,3.82,3.45,3.75,3.61,36975.75190119,557,kraken
1787529600,3.73,3.74,3.59,3.61,3.65,17601.64468915,433,kraken
1787616000,3.61,3.75,3.39,3.47,3.57,40404.88886814,509,kraken
1787702400,3.47,3.57,3.4,3.57,3.47,16524.74478379,396,kraken
1787788800,3.55,3.73,3.49,3.56,3.58,26151.96472432,600,kraken
1787875200,3.55,3.63,3.38,3.49,3.5,15226.86975544,331,kraken
1787961600,3.5,3.58,3.48,3.58,3.53,12677.43587244,280,kraken
1788048000,3.57,3.66,3.42,3.45,3.59,10013.19053832,316,kraken
1788134400,3.47,3.6,3.45,3.57,3.51,17104.16504362,275,kraken
1788220800,3.57,3.75,3.57,3.66,3.65,15913.81605734,385,kraken
1788307200,3.65,3.67,3.52,3.6,3.58,18773.34390541,391,kraken
1788393600,3.59,3.72,3.49,3.65,3.59,25379.69448566,407,kraken
1788480000,3.65,3.66,3.51,3.63,3.59,23770.06777637,415,kraken
1788566400,3.63,3.83,3.63,3.77,3.73,50624.40651335,677,kraken
1788652800,3.76,3.95,3.75,3.87,3.84,39162.13543709,673,kraken
1788739200,3.89,4.07,3.8,3.96,3.93,55407.27832996,934,kraken
1788825600,3.96,4.31,3.84,4.14,4.08,67546.97254211,1055,kraken
1788912000,4.13,4.16,3.75,3.85,3.98,36111.44014037,714,kraken
1788998400,3.86,4.0,3.69,3.69,3.82,31969.03449302,640,kraken
1789084800,3.69,3.83,3.64,3.7,3.72,15576.61886151,333,kraken
1789171200,3.71,3.86,3.7,3.83,3.8,38221.72361295,833,kraken
1789257600,3.83,3.98,3.8,3.87,3.87,37503.77901652,793,kraken
1789344000,3.89,4.06,3.86,3.93,3.98,26372.51222066,612,kraken
1789430400,3.94,4.06,3.64,3.7,3.76,22426.57108243,432,kraken
1789516800,3.7,4.0,3.61,3.99,3.71,53044.29059342,652,kraken
1789603200,4.0,5.02,3.92,4.23,4.56,210933.18047104,3332,kraken
1789689600,4.23,4.56,4.17,4.43,4.35,105433.65087753,1496,kraken
1789776000,4.45,4.52,4.34,4.47,4.45,24428.87593443,1747,kraken
1789862400,4.49,4.58,4.26,4.46,4.42,18354.29338615,539,kraken
1789948800,4.5,4.67,4.43,4.65,4.6,34183.75889108,1202,kraken
1790035200,4.65,4.76,4.55,4.71,4.63,57316.17050642,1435,kraken
1790121600,4.71,4.76,4.32,4.35,4.54,41795.36830765,1837,kraken
1790208000,4.35,4.63,4.29,4.57,4.48,32867.6719953,1199,kraken
1790294400,4.57,4.8,4.53,4.77,4.72,35102.70831237,1241,kraken
1790380800,4.77,4.92,4.67,4.8,4.76,34256.14983472,734,kraken
1790467200,4.81,4.99,4.73,4.79,4.82,27312.90892543,997,kraken
1790553600,4.79,4.82,4.47,4.64,4.59,34165.49038562,831,kraken
1790640000,4.65,4.89,4.48,4.84,4.69,42053.20511997,1304,kraken
1790726400,4.83,5.39,4.8,5.17,5.13,138615.65962913,3181,kraken
1790812800,5.18,5.33,5.03,5.09,5.18,69494.78966733,1998,kraken
1790899200,5.08,5.27,4.96,5.15,5.12,34841.84738245,871,kraken
1790985600,5.14,5.48,5.07,5.22,5.27,38417.41658993,1236,kraken
1791072000,5.21,5.33,5.15,5.2,5.23,20347.95551514,585,kraken
1791158400,5.2,5.34,5.05,5.23,5.22,35740.94483474,1310,kraken
1791244800,5.23,5.24,4.89,4.98,5.03,118953.36837302,4446,kraken
1791331200,4.97,4.99,4.71,4.76,4.81,40928.97821017,1057,kraken
1791417600,4.76,4.79,4.42,4.62,4.56,55290.29246717,1228,kraken
1791504000,4.61,5.11,4.6,5.08,4.88,54852.94700265,1597,kraken
1791590400,5.08,5.13,5.0,5.01,5.06,26256.41469383,1124,kraken
