time,open,high,low,close,vwap,volume,count,source
1633651200,26.84337,27.45,26.15384,26.39,26.664613333333335,2450595.29,0,coinbase
1633737600,26.39,27.89894,26.04177,27.42832,27.123009999999997,2529629.25,0,coinbase
1633824000,27.45445,27.48373,25.40001,25.5494,26.14438,2469482.84,0,coinbase
1633910400,25.54376,26.75897,24.63426,25.23441,25.542546666666667,2829931.21,0,coinbase
1633996800,25.23062,25.25542,23.53575,24.62765,24.472939999999998,3202931.81,0,coinbase
1634083200,24.62764,25.68025,24.15932,25.68025,25.173273333333338,2894431.04,0,coinbase
1634169600,25.68025,27.86875,25.38743,26.72471,26.660296666666667,3509087.33,0,coinbase
1634256000,26.72798,27.39134,25.97351,27.01479,26.793213333333338,3731732.55,0,coinbase
1634342400,27.01479,28.68795,26.94939,27.22954,27.622293333333335,2955862.99,0,coinbase
1634428800,27.23087,27.62556,25.75,26.53806,26.637873333333335,2297174.21,0,coinbase
1634515200,26.54487,26.743,25.27,25.70439,25.905796666666664,2231656.16,0,coinbase
1634601600,25.6962,26.28718,25.36672,25.91872,25.85754,1763938.59,0,coinbase
1634688000,25.92283,27.64283,25.86382,27.49721,27.00128666666667,2283819.99,0,coinbase
1634774400,27.48724,29.33331,27.19863,28.27285,28.268263333333334,4551488.17,0,coinbase
1634860800,28.27546,30.0,28.00571,28.66153,28.889079999999996,3379321.86,0,coinbase
1634947200,28.66153,31.45222,28.29881,31.37851,30.37651333333333,3150664.56,0,coinbase
1635033600,31.37717,31.52883,28.75001,29.70899,29.995943333333333,2570307.11,0,coinbase
1635120000,29.70206,32.91368,29.52644,32.38565,31.608590000000003,3206773.46,0,coinbase
1635206400,32.38828,33.82297,31.2857,32.54232,32.550329999999995,3560333.29,0,coinbase
1635292800,32.53551,33.90914,27.95759,28.91076,30.259163333333333,6488677.6,0,coinbase
1635379200,28.91076,30.92854,28.64286,30.19988,29.923759999999998,4034461.77,0,coinbase
1635465600,30.20567,31.96187,29.95346,30.96101,30.95878,2825251.05,0,coinbase
1635552000,30.98397,31.13122,29.1669,29.80182,30.033313333333336,2107477.27,0,coinbase
1635638400,29.80586,30.67936,28.67,30.02323,29.790863333333334,2263947.22,0,coinbase
1635724800,30.02661,31.88332,29.17045,31.68755,30.913773333333335,2977066.73,0,coinbase
1635811200,31.69326,32.5,31.02701,32.28399,31.937,2048670.58,0,coinbase
1635897600,32.29577,32.80777,30.57719,31.96549,31.783483333333333,2382947.64,0,coinbase
1635984000,31.97414,32.116,30.24305,31.00373,31.120926666666666,2049801.46,0,coinbase
1636070400,31.00374,33.71812,30.7,32.89255,32.43689,3827444.48,0,coinbase
1636156800,32.88101,33.22583,30.75155,32.0803,32.01922666666667,1930694.57,0,coinbase
1636243200,32.09015,32.60999,31.74056,32.35652,32.23569,1218640.5,0,coinbase
1636329600,32.35899,34.83692,32.20391,34.47181,33.83754666666667,3083922.85,0,coinbase
1636416000,34.49321,35.61366,33.4,33.84002,34.28456,2742851.79,0,coinbase
1636502400,33.84096,38.32458,31.85241,34.23874,34.80524333333333,7323463.09,0,coinbase
1636588800,34.21261,36.94566,33.38427,34.70121,35.01038,4263773.84,0,coinbase
1636675200,34.7,35.45626,32.71127,34.28213,34.14988666666667,4161991.75,0,coinbase
1636761600,34.2725,34.5947,33.20515,33.9902,33.93001666666667,1696360.56,0,coinbase
1636848000,34.00175,34.45,32.5531,33.76863,33.59057666666667,1556063.52,0,coinbase
1636934400,33.76864,34.51429,32.0,32.04394,32.852743333333336,2010603.0,0,coinbase
1637020800,32.04568,32.05814,28.002,29.16949,29.74321,4962255.24,0,coinbase
1637107200,29.17116,29.76544,28.05816,29.19449,29.00603,3163962.46,0,coinbase
1637193600,29.20619,29.71441,25.8715,26.56392,27.383276666666664,3707337.01,0,coinbase
1637280000,26.56641,28.89976,26.10858,28.30279,27.770376666666667,2723382.85,0,coinbase
1637366400,28.30279,28.7451,27.30372,28.38554,28.144786666666665,1573436.54,0,coinbase
1637452800,28.38554,29.27965,27.71703,29.01304,28.669906666666666,1449462.9,0,coinbase
1637539200,29.02685,29.11635,26.26346,26.79008,27.38996333333333,2711453.3,0,coinbase
1637625600,26.78523,27.57124,26.18105,26.95105,26.90111333333333,1959597.25,0,coinbase
1637712000,26.955,26.98656,25.16769,25.59853,25.917593333333333,2454959.54,0,coinbase
1637798400,25.5932,27.6,25.39551,26.43087,26.475459999999998,2088233.47,0,coinbase
1637884800,26.44093,26.59046,23.08,23.97691,24.54912333333333,3962228.87,0,coinbase
1637971200,23.9594,24.99529,23.78924,24.12474,24.30309,2099658.95,0,coinbase
1638057600,24.1135,25.0,22.65523,24.7734,24.142876666666666,2930737.34,0,coinbase
1638144000,24.77134,25.61117,24.5602,25.00999,25.06045333333333,1857611.24,0,coinbase
1638230400,25.00571,26.54577,24.17,25.33732,25.351029999999998,2501893.71,0,coinbase
1638316800,25.33732,26.93342,24.98,25.34655,25.753323333333338,2552652.84,0,coinbase
1638403200,25.34424,25.35879,24.19023,24.56127,24.703429999999997,2640771.14,0,coinbase
1638489600,24.5599,25.862,22.52212,23.33415,23.906089999999995,3846072.15,0,coinbase
1638576000,23.31959,23.35784,16.72908,20.69384,20.260253333333335,8422260.78,0,coinbase
1638662400,20.6899,20.945,18.50675,19.50847,19.65340666666667,5374215.99,0,coinbase
1638748800,19.52105,19.96029,17.24039,19.8414,19.01402666666667,7281789.41,0,coinbase
1638835200,19.82798,21.19528,19.72984,21.09572,20.673613333333332,5195892.16,0,coinbase
1638921600,21.09537,23.21467,20.77954,22.93763,22.310613333333333,7065918.25,0,coinbase
1639008000,22.93763,23.07136,20.26315,20.29,21.20817,5397507.75,0,coinbase
1639094400,20.28,20.91,18.48,18.56,19.316666666666666,4897960.23,0,coinbase
1639180800,18.57,20.22,18.18,19.98,19.459999999999997,3124682.66,0,coinbase
1639267200,19.98,20.81,19.23,20.41,20.150000000000002,1843571.81,0,coinbase
1639353600,20.41,20.58,17.31,17.79,18.56,5414731.4,0,coinbase
1639440000,17.78,18.61,17.45,18.45,18.17,3809366.75,0,coinbase
1639526400,18.45,19.99,17.26,19.68,18.976666666666667,4748027.77,0,coinbase
1639612800,19.71,20.34,18.7,18.77,19.27,2645471.57,0,coinbase
1639699200,18.76,19.23,17.75,18.28,18.42,3783843.3,0,coinbase
1639785600,18.26,20.0,17.82,19.55,19.123333333333335,3937858.24,0,coinbase
1639872000,19.54,20.4,18.81,18.88,19.36333333333333,3098709.95,0,coinbase
1639958400,18.88,19.2,18.05,18.78,18.676666666666666,2938795.46,0,coinbase
1640044800,18.79,19.67,18.36,19.44,19.156666666666666,2050605.11,0,coinbase
1640131200,19.43,20.82,19.21,19.92,19.983333333333334,2487311.69,0,coinbase
1640217600,19.92,22.23,19.55,22.19,21.323333333333334,3777741.27,0,coinbase
1640304000,22.18,22.67,21.22,21.47,21.786666666666665,2314644.23,0,coinbase
1640390400,21.49,22.4,21.3,22.12,21.94,1552489.04,0,coinbase
1640476800,22.13,23.58,21.12,22.99,22.563333333333333,3110962.02,0,coinbase
1640563200,22.99,24.5,22.76,23.02,23.426666666666666,2657118.22,0,coinbase
1640649600,23.03,23.03,20.32,20.36,21.236666666666668,4360686.65,0,coinbase
1640736000,20.38,20.98,19.53,19.74,20.083333333333332,3505105.25,0,coinbase
1640822400,19.74,20.49,19.16,19.94,19.863333333333333,2929218.85,0,coinbase
1640908800,19.93,20.63,19.04,19.51,19.72666666666667,2628843.82,0,coinbase
1640995200,19.53,20.8,19.49,20.75,20.346666666666668,2086629.52,0,coinbase
1641081600,20.75,22.22,20.57,21.88,21.55666666666667,2326435.14,0,coinbase
1641168000,21.88,23.82,21.26,23.72,22.933333333333334,3676303.71,0,coinbase
1641254400,23.71,24.48,22.78,23.43,23.563333333333333,3468466.07,0,coinbase
1641340800,23.43,27.5,22.34,25.22,25.02,9725212.84,0,coinbase
1641427200,25.23,25.99,23.31,25.39,24.896666666666665,6443317.27,0,coinbase
1641513600,25.4,27.33,22.65,25.97,25.316666666666663,8034336.23,0,coinbase
1641600000,25.98,27.36,23.56,25.31,25.41,5649061.36,0,coinbase
1641686400,25.33,28.71145,25.09,27.54,27.11381666666667,6947266.4,0,coinbase
1641772800,27.55,28.52,25.09,27.98,27.19666666666667,7146693.31,0,coinbase
1641859200,27.98,28.7,25.85,26.6,27.05,5119948.95,0,coinbase
1641945600,26.6,27.27,25.62,26.76,26.55,3688692.5,0,coinbase
1642032000,26.75,26.77,24.42,24.88,25.356666666666666,3748891.13,0,coinbase
1642118400,24.87,25.9,23.91,25.74,25.183333333333334,2981159.58,0,coinbase
1642204800,25.74,26.23,25.13,25.19,25.516666666666666,1804584.21,0,coinbase
1642291200,25.18,26.36,24.68,25.51,25.516666666666666,1453583.26,0,coinbase
1642377600,25.5,25.63,23.27,23.8,24.233333333333334,2187773.78,0,coinbase
1642464000,23.8,24.34,22.04,22.98,23.12,3221765.07,0,coinbase
1642550400,22.97,23.15,21.23,21.56,21.98,2903396.2,0,coinbase
1642636800,21.55,22.99,20.03,20.18,21.066666666666666,3628543.84,0,coinbase
1642723200,20.16,20.51,17.12,17.44,18.35666666666667,8626310.09,0,coinbase
1642809600,17.42,17.83,14.28,15.86,15.99,8577253.52,0,coinbase
1642896000,15.87,16.88,15.15,16.67,16.233333333333334,4251482.53,0,coinbase
1642982400,16.66,16.67,13.48,15.61,15.253333333333336,7242677.13,0,coinbase
1643068800,15.61,16.04,14.59,15.49,15.373333333333333,4492333.11,0,coinbase
1643155200,15.51,16.82,14.69,15.24,15.583333333333334,5927770.27,0,coinbase
1643241600,15.25,15.71,14.31,15.23,15.083333333333334,5344486.38,0,coinbase
1643328000,15.23,16.29,14.75,16.16,15.733333333333334,4790742.65,0,coinbase
1643414400,16.15,16.75,15.97,16.24,16.319999999999997,2541936.38,0,coinbase
1643500800,16.24,18.13,16.02,17.77,17.30666666666667,5208012.03,0,coinbase
1643587200,17.76,17.89,16.41,17.16,17.153333333333332,5565683.91,0,coinbase
1643673600,17.17,17.9,16.84,17.0,17.246666666666666,4533943.28,0,coinbase
1643760000,17.0,17.38,15.57,15.79,16.246666666666666,3393191.03,0,coinbase
1643846400,15.8,16.32,15.26,16.31,15.963333333333333,4074152.66,0,coinbase
1643932800,16.31,17.55,16.03,17.51,17.03,3462797.96,0,coinbase
1644019200,17.53,18.33,17.43,17.77,17.843333333333334,3409455.61,0,coinbase
1644105600,17.78,18.18,17.19,18.08,17.816666666666666,2300752.16,0,coinbase
1644192000,18.08,19.58,17.67,18.88,18.709999999999997,4597817.68,0,coinbase
1644278400,18.9,19.56,17.74,18.4,18.566666666666666,4326377.02,0,coinbase
1644364800,18.4,18.77,17.76,18.7,18.41,2268691.02,0,coinbase
1644451200,18.7,18.77,17.36,17.51,17.88,4780443.27,0,coinbase
1644537600,17.51,17.83,15.91,16.22,16.653333333333332,4252227.21,0,coinbase
1644624000,16.21,16.39,15.57,15.97,15.976666666666667,2980310.15,0,coinbase
1644710400,15.96,16.34,15.53,15.6,15.823333333333332,1974359.07,0,coinbase
1644796800,15.61,16.13,15.21,15.9,15.746666666666668,3210784.98,0,coinbase
1644883200,15.91,17.47,15.82,17.35,16.88,2911584.48,0,coinbase
1644969600,17.36,17.43,16.52,17.14,17.03,2638175.33,0,coinbase
1645056000,17.14,17.46,15.47,15.6,16.176666666666666,3754731.09,0,coinbase
1645142400,15.61,16.06,15.04,15.2,15.433333333333332,3289460.52,0,coinbase
1645228800,15.19,15.69,14.85,15.52,15.353333333333333,2539336.92,0,coinbase
1645315200,15.53,15.54,14.42,14.62,14.86,3441089.46,0,coinbase
1645401600,14.61,15.31,13.39,13.51,14.07,4616902.69,0,coinbase
1645488000,13.51,14.2,13.04,13.98,13.74,4916054.42,0,coinbase
1645574400,13.99,14.68,13.3,13.34,13.773333333333333,3650964.06,0,coinbase
1645660800,13.35,13.97,11.42,13.27,12.886666666666665,10606117.81,0,coinbase
1645747200,13.28,14.5,13.08,14.39,13.99,3475679.55,0,coinbase
1645833600,14.37,15.05,14.1,14.72,14.623333333333333,2257139.53,0,coinbase
1645920000,14.73,14.86,13.47,13.65,13.993333333333332,3034310.57,0,coinbase
1646006400,13.65,15.16,13.32,15.14,14.540000000000001,3521407.78,0,coinbase
1646092800,15.13,15.74,14.73,15.36,15.276666666666666,3037350.42,0,coinbase
1646179200,15.36,15.87,14.91,15.29,15.356666666666667,2883372.8,0,coinbase
1646265600,15.28,15.4,14.47,14.89,14.920000000000002,2216173.79,0,coinbase
1646352000,14.9,14.98,13.56,13.74,14.093333333333334,2797090.45,0,coinbase
1646438400,13.75,14.28,13.42,14.0,13.9,1192060.12,0,coinbase
1646524800,14.0,14.13,13.26,13.32,13.57,1177091.89,0,coinbase
1646611200,13.32,13.66,12.4,12.67,12.910000000000002,3759923.78,0,coinbase
1646697600,12.7,13.56,12.57,13.09,13.073333333333332,2438164.21,0,coinbase
1646784000,13.09,14.46,13.06,14.02,13.84666666666667,2461516.62,0,coinbase
1646870400,14.02,14.11,12.99,13.17,13.423333333333334,2217975.03,0,coinbase
1646956800,13.17,13.66,12.81,13.04,13.17,1661858.53,0,coinbase
1647043200,13.05,13.46,13.03,13.14,13.21,786362.95,0,coinbase
1647129600,13.15,13.43,12.6,12.71,12.913333333333334,1031991.19,0,coinbase
1647216000,12.71,13.44,12.6,13.41,13.15,1668789.97,0,coinbase
1647302400,13.41,13.8,12.87,13.7,13.456666666666669,1785582.19,0,coinbase
1647388800,13.72,14.79,13.67,14.68,14.38,2663087.12,0,coinbase
1647475200,14.68,14.93,14.24,14.41,14.526666666666666,1261527.83,0,coinbase
1647561600,14.41,15.29,14.12,15.02,14.809999999999997,1709414.37,0,coinbase
1647648000,15.02,15.41,14.83,15.01,15.083333333333334,1333351.47,0,coinbase
1647734400,15.0,15.13,14.42,14.56,14.703333333333333,1084696.88,0,coinbase
1647820800,14.57,15.28,14.31,15.0,14.863333333333335,1388230.83,0,coinbase
1647907200,14.99,15.85,14.98,15.43,15.42,1603363.1,0,coinbase
1647993600,15.43,15.96,15.13,15.85,15.646666666666668,1396651.14,0,coinbase
1648080000,15.84,16.45,15.6,16.17,16.073333333333334,1879493.54,0,coinbase
1648166400,16.17,16.46,15.48,15.61,15.85,2234458.18,0,coinbase
1648252800,15.61,15.96,15.5,15.84,15.766666666666666,1292821.47,0,coinbase
1648339200,15.85,16.91,15.64,16.87,16.473333333333333,1577170.91,0,coinbase
1648425600,16.87,17.36,16.37,16.51,16.74666666666667,2632516.22,0,coinbase
1648512000,16.5,17.53,16.48,16.99,17.0,2553035.54,0,coinbase
1648598400,16.98,17.57,16.53,17.23,17.11,2079327.64,0,coinbase
1648684800,17.23,18.06,16.65,16.93,17.21333333333333,2740786.44,0,coinbase
1648771200,16.92,17.37,16.17,17.36,16.96666666666667,2347176.53,0,coinbase
1648857600,17.36,17.88,17.11,17.42,17.47,1507076.67,0,coinbase
1648944000,17.42,18.32,17.16,18.08,17.853333333333335,1655163.09,0,coinbase
1649030400,18.08,18.09,16.83,17.51,17.47666666666667,2324628.78,0,coinbase
1649116800,17.51,17.66,16.66,16.75,17.023333333333333,1541344.2,0,coinbase
1649203200,16.76,16.78,15.29,15.43,15.833333333333334,2734087.26,0,coinbase
1649289600,15.42,15.88,15.09,15.75,15.573333333333332,1645726.77,0,coinbase
1649376000,15.74,15.91,15.03,15.14,15.36,1343994.49,0,coinbase
1649462400,15.14,15.47,15.12,15.43,15.339999999999998,666660.93,0,coinbase
1649548800,15.44,15.93,15.18,15.24,15.450000000000001,784446.09,0,coinbase
1649635200,15.24,15.28,13.52,13.76,14.186666666666666,2142398.93,0,coinbase
1649721600,13.76,14.33,13.64,13.97,13.979999999999999,1638779.64,0,coinbase
1649808000,13.97,14.23,13.68,14.2,14.036666666666667,2083438.46,0,coinbase
1649894400,14.19,14.33,13.33,13.64,13.766666666666666,1913845.52,0,coinbase
1649980800,13.64,14.19,13.63,14.11,13.976666666666667,676700.55,0,coinbase
1650067200,14.12,14.28,13.84,14.14,14.086666666666666,495634.34,0,coinbase
1650153600,14.15,14.62,13.65,13.72,13.996666666666668,960857.62,0,coinbase
1650240000,13.73,14.07,13.15,14.06,13.76,2597482.29,0,coinbase
1650326400,14.06,14.41,13.84,14.25,14.166666666666666,992324.86,0,coinbase
1650412800,14.25,14.49,13.7,14.03,14.073333333333332,1043440.07,0,coinbase
1650499200,14.03,14.38,13.37,13.58,13.776666666666666,1284747.39,0,coinbase
1650585600,13.58,13.88,13.47,13.59,13.646666666666667,1519701.68,0,coinbase
1650672000,13.59,13.68,13.21,13.32,13.403333333333334,986623.11,0,coinbase
1650758400,13.31,13.64,13.21,13.26,13.37,739462.91,0,coinbase
1650844800,13.28,13.53,12.53,13.44,13.166666666666666,2073486.38,0,coinbase
1650931200,13.44,13.5,12.1,12.37,12.656666666666666,1770375.44,0,coinbase
1651017600,12.37,12.8,12.31,12.75,12.62,1375705.02,0,coinbase
1651104000,12.75,12.99,12.4,12.65,12.68,1165147.5,0,coinbase
1651190400,12.66,12.73,11.84,11.98,12.183333333333332,1373827.72,0,coinbase
1651276800,11.98,12.25,10.67,10.97,11.296666666666667,1560540.65,0,coinbase
1651363200,10.96,11.49,10.82,11.29,11.200000000000001,1481217.64,0,coinbase
1651449600,11.3,11.45,10.77,11.17,11.13,1936435.42,0,coinbase
1651536000,11.18,11.51,10.78,11.13,11.14,1713842.55,0,coinbase
1651622400,11.12,12.21,11.11,12.2,11.839999999999998,2194735.05,0,coinbase
1651708800,12.2,12.29,10.61,10.92,11.273333333333333,2689688.17,0,coinbase
1651795200,10.92,11.03,10.39,10.79,10.736666666666666,2730935.19,0,coinbase
1651881600,10.78,10.84,10.0,10.21,10.35,1697860.51,0,coinbase
1651968000,10.21,10.38,9.84,9.99,10.07,2614421.33,0,coinbase
1652054400,10.0,10.16,8.01,8.1,8.756666666666668,8845600.39,0,coinbase
1652140800,8.1,9.33,7.89,8.58,8.6,8018671.41,0,coinbase
1652227200,8.58,8.84,6.52,6.93,7.43,9670183.39,0,coinbase
1652313600,6.91,7.41,5.3,6.56,6.423333333333333,9870675.54,0,coinbase
1652400000,6.55,7.71,6.47,7.13,7.103333333333333,4754279.06,0,coinbase
1652486400,7.15,7.43,6.63,7.25,7.103333333333333,2336500.2,0,coinbase
1652572800,7.25,7.99,7.01,7.96,7.653333333333333,2232138.72,0,coinbase
1652659200,7.97,7.97,7.16,7.42,7.516666666666666,2345630.2,0,coinbase
1652745600,7.41,7.97,7.29,7.71,7.656666666666666,2393951.64,0,coinbase
1652832000,7.71,7.8,6.76,6.79,7.116666666666666,2835567.71,0,coinbase
1652918400,6.79,7.27,6.64,7.21,7.04,2681194.24,0,coinbase
1653004800,7.21,7.35,6.73,6.86,6.98,2576850.15,0,coinbase
1653091200,6.86,7.11,6.76,7.05,6.973333333333334,1272274.3,0,coinbase
1653177600,7.05,7.4,6.9,7.32,7.206666666666667,1800151.59,0,coinbase
1653264000,7.32,7.67,6.98,7.01,7.22,2604320.31,0,coinbase
1653350400,7.01,7.3,6.71,7.22,7.076666666666667,2826877.75,0,coinbase
1653436800,7.22,7.39,6.93,6.95,7.09,2561008.82,0,coinbase
1653523200,6.95,7.08,6.22,6.57,6.623333333333334,3687503.87,0,coinbase
1653609600,6.57,6.71,6.21,6.28,6.3999999999999995,8591311.25,0,coinbase
1653696000,6.29,6.65,6.19,6.57,6.47,5386858.15,0,coinbase
1653782400,6.57,6.75,6.33,6.71,6.596666666666667,4511558.35,0,coinbase
1653868800,6.71,7.52,6.64,7.45,7.203333333333333,7353187.96,0,coinbase
1653955200,7.46,7.72,7.17,7.59,7.493333333333333,6073464.45,0,coinbase
1654041600,7.59,7.78,6.76,6.93,7.156666666666666,5635072.83,0,coinbase
1654128000,6.92,7.244,6.81,7.191,7.081666666666666,3904233.28,0,coinbase
1654214400,7.192,7.218,6.661,6.847,6.908666666666666,6036419.9,0,coinbase
1654300800,6.85,7.429,6.671,7.406,7.168666666666667,7624270.37,0,coinbase
1654387200,7.407,7.87,7.24,7.64,7.583333333333333,7198071.92,0,coinbase
1654473600,7.639,8.194,7.62,7.971,7.928333333333334,8081201.52,0,coinbase
1654560000,7.97,8.99,7.305,8.705,8.333333333333334,5926447.08,0,coinbase
1654646400,8.706,8.971,8.22,8.696,8.629,5062450.71,0,coinbase
1654732800,8.702,9.652,8.487,9.26,9.133000000000001,5863721.33,0,coinbase
1654819200,9.262,9.525,8.0,8.033,8.519333333333334,5608966.81,0,coinbase
1654905600,8.032,8.421,6.93,7.036,7.4623333333333335,6580721.12,0,coinbase
1654992000,7.036,7.135,6.251,6.26,6.548666666666667,6328605.31,0,coinbase
1655078400,6.258,6.336,5.286,5.917,5.846333333333334,13362707.52,0,coinbase
1655164800,5.913,6.866,5.381,6.713,6.32,10574884.74,0,coinbase
1655251200,6.72,7.368,5.824,7.32,6.8373333333333335,9387396.27,0,coinbase
1655337600,7.318,7.5,6.197,6.352,6.683,6563883.44,0,coinbase
1655424000,6.349,6.725,6.25,6.36,6.445,3836815.58,0,coinbase
1655510400,6.356,6.467,5.4,5.918,5.928333333333334,6633115.65,0,coinbase
1655596800,5.92,6.815,5.818,6.592,6.408333333333332,4476916.89,0,coinbase
1655683200,6.593,7.288,6.302,6.974,6.854666666666667,4071851.73,0,coinbase
1655769600,6.972,7.557,6.748,6.85,7.051666666666667,3867866.64,0,coinbase
1655856000,6.852,7.025,6.447,6.616,6.696000000000001,4034338.3,0,coinbase
1655942400,6.615,7.081,6.596,6.987,6.888000000000001,2966319.92,0,coinbase
1656028800,6.99,7.434,6.939,7.253,7.208666666666667,2787201.71,0,coinbase
1656115200,7.263,7.37,6.798,7.258,7.1419999999999995,2228017.37,0,coinbase
1656201600,7.262,7.484,6.688,6.7,6.957333333333334,2567225.28,0,coinbase
1656288000,6.694,6.991,6.39,6.547,6.642666666666667,2785503.72,0,coinbase
1656374400,6.55,7.249,6.264,6.303,6.605333333333333,4390494.23,0,coinbase
1656460800,6.305,6.48,6.117,6.224,6.273666666666667,3242551.54,0,coinbase
1656547200,6.228,6.307,5.881,6.277,6.155,3430320.93,0,coinbase
1656633600,6.274,6.434,5.924,6.069,6.142333333333333,3189833.81,0,coinbase
1656720000,6.073,6.277,5.973,6.216,6.155333333333334,1645306.63,0,coinbase
1656806400,6.216,6.235,6.01,6.21,6.151666666666667,1326738.63,0,coinbase
1656892800,6.208,6.451,6.014,6.427,6.2973333333333334,2306492.63,0,coinbase
1656979200,6.428,6.544,6.049,6.305,6.299333333333333,3224472.01,0,coinbase
1657065600,6.303,6.418,6.164,6.331,6.304333333333333,2009349.44,0,coinbase
1657152000,6.333,6.757,6.297,6.636,6.563333333333333,2906090.53,0,coinbase
1657238400,6.64,6.82,6.33,6.353,6.501,2765691.19,0,coinbase
1657324800,6.351,6.58,6.341,6.479,6.466666666666666,1177579.02,0,coinbase
1657411200,6.479,6.484,6.106,6.191,6.260333333333333,1693144.71,0,coinbase
1657497600,6.191,6.425,5.979,6.038,6.147333333333333,2683050.3,0,coinbase
1657584000,6.038,6.234,5.914,5.941,6.0296666666666665,2189724.26,0,coinbase
1657670400,5.939,6.189,5.686,6.172,6.015666666666667,3419653.57,0,coinbase
1657756800,6.17,6.383,5.988,6.27,6.213666666666666,2590627.95,0,coinbase
1657843200,6.271,6.454,6.117,6.321,6.2973333333333334,2420997.14,0,coinbase
1657929600,6.323,6.616,6.14,6.596,6.450666666666667,2137490.4,0,coinbase
1658016000,6.596,6.71,6.313,6.345,6.4559999999999995,2290399.0,0,coinbase
1658102400,6.348,7.159,6.327,7.038,6.841333333333334,4275483.08,0,coinbase
1658188800,7.039,7.375,6.732,7.258,7.121666666666666,4865618.77,0,coinbase
1658275200,7.257,7.6,6.811,6.869,7.093333333333334,5168509.49,0,coinbase
1658361600,6.865,7.065,6.646,6.995,6.902,2968312.68,0,coinbase
1658448000,6.991,7.284,6.751,6.786,6.940333333333332,2812122.68,0,coinbase
1658534400,6.784,7.029,6.61,6.844,6.8276666666666666,1854109.32,0,coinbase
1658620800,6.844,7.25,6.844,7.092,7.062,1720908.39,0,coinbase
1658707200,7.092,7.143,6.41,6.421,6.658,2304959.99,0,coinbase
1658793600,6.427,6.448,6.077,6.344,6.289666666666666,2485568.32,0,coinbase
1658880000,6.344,6.876,6.18,6.864,6.640000000000001,2760814.13,0,coinbase
1658966400,6.863,7.298,6.678,7.22,7.065333333333332,3825787.91,0,coinbase
1659052800,7.222,8.12,7.115,7.887,7.707333333333334,7386848.57,0,coinbase
1659139200,7.884,8.212,7.672,7.823,7.902333333333334,4395932.4,0,coinbase
1659225600,7.822,8.093,7.579,7.66,7.777333333333334,2672638.39,0,coinbase
1659312000,7.655,7.888,7.407,7.574,7.623,2585097.36,0,coinbase
1659398400,7.572,7.669,7.021,7.179,7.289666666666666,3837249.69,0,coinbase
1659484800,7.178,7.638,7.051,7.288,7.325666666666667,2109243.89,0,coinbase
1659571200,7.285,7.543,7.167,7.364,7.3580000000000005,1887234.26,0,coinbase
1659657600,7.365,7.899,7.351,7.878,7.709333333333333,2315203.57,0,coinbase
1659744000,7.881,8.11,7.734,7.794,7.879333333333332,1559141.0,0,coinbase
1659830400,7.796,8.374,7.66,8.34,8.124666666666666,2063847.1,0,coinbase
1659916800,8.344,8.785,8.224,8.607,8.538666666666666,4208002.71,0,coinbase
1660003200,8.607,8.956,8.27,8.747,8.657666666666666,4240702.13,0,coinbase
1660089600,8.746,9.304,8.3,9.062,8.888666666666666,5174073.16,0,coinbase
1660176000,9.062,9.231,8.829,8.96,9.006666666666668,2268929.43,0,coinbase
1660262400,8.967,9.506,8.803,9.333,9.214,2779520.39,0,coinbase
1660348800,9.333,9.486,9.059,9.154,9.233,1451348.63,0,coinbase
1660435200,9.152,9.37,8.678,8.769,8.939,2137670.03,0,coinbase
1660521600,8.773,9.058,8.5,8.649,8.735666666666667,3605375.9,0,coinbase
1660608000,8.646,8.845,8.373,8.453,8.557,2302255.17,0,coinbase
1660694400,8.45,8.748,7.987,8.061,8.265333333333333,2704851.2,0,coinbase
1660780800,8.062,8.242,7.6,7.645,7.829000000000001,2766683.73,0,coinbase
1660867200,7.643,7.694,6.813,6.898,7.135000000000001,5337944.51,0,coinbase
1660953600,6.898,7.207,6.668,6.902,6.925666666666667,2470482.64,0,coinbase
1661040000,6.898,7.17,6.88,7.08,7.043333333333334,1314897.2,0,coinbase
1661126400,7.081,7.085,6.679,7.045,6.936333333333333,1524399.45,0,coinbase
1661212800,7.047,7.358,6.766,7.241,7.121666666666666,2004146.56,0,coinbase
1661299200,7.244,7.378,7.017,7.122,7.1723333333333334,1445576.89,0,coinbase
1661385600,7.122,7.372,7.007,7.124,7.167666666666666,2137033.01,0,coinbase
1661472000,7.121,7.197,6.408,6.504,6.703,2951174.4,0,coinbase
1661558400,6.502,6.615,6.412,6.533,6.5200000000000005,1733204.68,0,coinbase
1661644800,6.535,6.639,6.226,6.251,6.372,1673358.97,0,coinbase
1661731200,6.252,6.732,6.193,6.7,6.541666666666667,2059730.86,0,coinbase
1661817600,6.701,6.825,6.37,6.558,6.584333333333333,2394846.51,0,coinbase
1661904000,6.559,6.898,6.544,6.628,6.69,2649764.32,0,coinbase
1661990400,6.629,6.965,6.447,6.927,6.7796666666666665,3081541.11,0,coinbase
1662076800,6.928,7.24,6.785,6.93,6.984999999999999,2703762.98,0,coinbase
1662163200,6.926,6.965,6.724,6.861,6.8500000000000005,1418211.11,0,coinbase
1662249600,6.863,7.272,6.788,7.155,7.071666666666666,1972601.23,0,coinbase
1662336000,7.155,7.437,7.096,7.382,7.305,2499289.79,0,coinbase
1662422400,7.381,7.547,6.575,6.659,6.927,3525103.5,0,coinbase
1662508800,6.656,7.161,6.575,7.083,6.9396666666666675,2475569.87,0,coinbase
1662595200,7.083,7.6,7.002,7.407,7.336333333333333,2987734.45,0,coinbase
1662681600,7.408,8.1,7.39,7.749,7.746333333333332,3377290.42,0,coinbase
1662768000,7.752,8.032,7.623,7.91,7.855,2459196.54,0,coinbase
1662854400,7.915,8.171,7.736,8.03,7.978999999999999,2127620.05,0,coinbase
1662940800,8.033,8.3,7.613,7.758,7.890333333333333,3176774.31,0,coinbase
1663027200,7.761,7.966,7.022,7.025,7.337666666666666,3321991.47,0,coinbase
1663113600,7.024,7.541,6.982,7.458,7.327000000000001,2691955.01,0,coinbase
1663200000,7.457,7.6,7.014,7.563,7.392333333333333,2914886.49,0,coinbase
1663286400,7.561,7.8,7.416,7.655,7.623666666666668,2373654.8,0,coinbase
1663372800,7.656,8.142,7.64,8.09,7.957333333333334,1970298.25,0,coinbase
1663459200,8.093,8.136,7.405,7.523,7.688,2457065.28,0,coinbase
1663545600,7.522,7.676,7.009,7.296,7.327000000000001,3723883.04,0,coinbase
1663632000,7.297,7.351,6.809,6.884,7.014666666666667,2879749.86,0,coinbase
1663718400,6.884,7.331,6.513,6.682,6.842000000000001,3954366.36,0,coinbase
1663804800,6.68,7.174,6.637,7.121,6.977333333333334,1819317.85,0,coinbase
1663891200,7.12,7.49,6.962,7.446,7.299333333333333,3190752.13,0,coinbase
1663977600,7.447,7.871,7.351,7.625,7.615666666666667,2704509.27,0,coinbase
1664064000,7.627,8.068,7.567,7.869,7.834666666666666,3370399.56,0,coinbase
1664150400,7.864,7.954,7.463,7.943,7.786666666666666,3166948.28,0,coinbase
1664236800,7.942,8.391,7.634,8.054,8.026333333333334,4646536.96,0,coinbase
1664323200,8.055,8.533,7.729,7.79,8.017333333333333,7083274.31,0,coinbase
1664409600,7.794,7.943,7.579,7.901,7.807666666666666,3090011.94,0,coinbase
1664496000,7.904,7.917,7.505,7.583,7.668333333333334,2740236.48,0,coinbase
1664582400,7.58,7.646,7.312,7.396,7.451333333333333,1568283.65,0,coinbase
1664668800,7.394,7.544,7.094,7.11,7.249333333333333,2112629.35,0,coinbase
1664755200,7.11,7.355,7.015,7.331,7.233666666666667,2360483.03,0,coinbase
1664841600,7.331,7.85,7.325,7.726,7.633666666666667,2720044.64,0,coinbase
1664928000,7.728,7.946,7.59,7.876,7.803999999999999,3031506.44,0,coinbase
1665014400,7.879,7.939,7.603,7.636,7.726,2400327.11,0,coinbase
1665100800,7.636,7.807,7.473,7.603,7.627666666666667,1894945.83,0,coinbase
1665187200,7.603,7.655,7.342,7.454,7.483666666666667,914074.97,0,coinbase
1665273600,7.454,7.652,7.42,7.63,7.567333333333333,821233.92,0,coinbase
1665360000,7.623,7.732,7.326,7.34,7.466,1886899.73,0,coinbase
1665446400,7.341,7.384,7.069,7.133,7.195333333333333,2736348.99,0,coinbase
1665532800,7.131,7.273,7.1,7.14,7.170999999999999,1250737.38,0,coinbase
1665619200,7.146,7.158,6.308,7.028,6.831333333333333,4652462.16,0,coinbase
1665705600,7.025,7.252,6.796,6.89,6.979333333333333,2420774.33,0,coinbase
1665792000,6.89,6.986,6.821,6.888,6.898333333333333,1022823.12,0,coinbase
1665878400,6.886,7.238,6.877,7.168,7.094333333333334,1199333.73,0,coinbase
1665964800,7.167,7.374,7.067,7.327,7.256,1510312.53,0,coinbase
1666051200,7.332,7.371,6.961,7.128,7.153333333333333,1563957.28,0,coinbase
1666137600,7.128,7.137,6.704,6.776,6.872333333333333,1402877.4,0,coinbase
1666224000,6.778,6.914,6.603,6.657,6.724666666666667,1838537.82,0,coinbase
1666310400,6.66,6.847,6.443,6.809,6.699666666666666,2029646.36,0,coinbase
1666396800,6.81,6.93,6.725,6.87,6.841666666666666,742993.14,0,coinbase
1666483200,6.871,7.091,6.804,7.066,6.986999999999999,1330182.69,0,coinbase
1666569600,7.075,7.089,6.793,6.91,6.930666666666667,1294776.89,0,coinbase
1666656000,6.91,7.284,6.816,7.062,7.053999999999999,2822330.83,0,coinbase
1666742400,7.067,7.327,7.031,7.16,7.172666666666667,2275499.74,0,coinbase
1666828800,7.159,7.363,6.858,6.891,7.037333333333334,2454488.98,0,coinbase
1666915200,6.894,7.216,6.826,7.112,7.051333333333333,2029709.08,0,coinbase
1667001600,7.114,7.659,7.08,7.638,7.4590000000000005,3473182.69,0,coinbase
1667088000,7.639,7.933,7.495,7.783,7.737000000000001,3500522.88,0,coinbase
1667174400,7.782,8.329,7.665,7.856,7.95,4658936.06,0,coinbase
1667260800,7.853,7.922,7.628,7.682,7.744,1619037.75,0,coinbase
1667347200,7.684,8.011,7.337,7.437,7.595,3866354.5,0,coinbase
1667433600,7.436,8.021,7.387,7.718,7.708666666666667,3528147.11,0,coinbase
1667520000,7.72,8.892,7.66,8.716,8.422666666666666,5741813.63,0,coinbase
1667606400,8.718,9.1,8.57,8.664,8.778,3210917.22,0,coinbase
1667692800,8.664,8.77,8.1,8.101,8.323666666666666,2319665.12,0,coinbase
1667779200,8.101,9.25,7.901,8.951,8.700666666666667,4659863.63,0,coinbase
1667865600,8.949,9.48,6.66,7.717,7.952333333333333,12809754.23,0,coinbase
1667952000,7.711,7.9,5.836,6.217,6.651,10406276.45,0,coinbase
1668038400,6.214,7.5,6.074,7.185,6.919666666666667,7650164.93,0,coinbase
1668124800,7.18,7.315,6.5,7.021,6.945333333333334,3986848.13,0,coinbase
1668211200,7.03,7.043,6.185,6.268,6.498666666666666,4816334.09,0,coinbase
1668297600,6.272,6.528,5.938,6.064,6.176666666666667,2486147.75,0,coinbase
1668384000,6.064,6.422,5.683,6.286,6.130333333333333,4000657.54,0,coinbase
1668470400,6.287,6.66,6.2,6.412,6.4239999999999995,2892785.78,0,coinbase
1668556800,6.415,6.552,6.072,6.173,6.265666666666665,1965618.47,0,coinbase
1668643200,6.175,6.34,6.024,6.219,6.194333333333334,1860555.24,0,coinbase
1668729600,6.216,6.406,6.055,6.179,6.213333333333334,2495056.17,0,coinbase
1668816000,6.178,6.206,5.998,6.138,6.114,792352.36,0,coinbase
1668902400,6.141,6.243,5.701,5.761,5.901666666666666,1520425.63,0,coinbase
1668988800,5.759,5.893,5.525,5.868,5.7620000000000005,2426450.69,0,coinbase
1669075200,5.867,6.469,5.826,6.415,6.236666666666667,2869111.09,0,coinbase
1669161600,6.416,6.8,6.32,6.7,6.6066666666666665,2891301.52,0,coinbase
1669248000,6.701,6.968,6.58,6.823,6.790333333333334,2012825.01,0,coinbase
1669334400,6.823,6.985,6.656,6.846,6.829000000000001,2226013.8,0,coinbase
1669420800,6.846,7.289,6.821,7.152,7.0873333333333335,3380296.79,0,coinbase
1669507200,7.151,7.268,6.857,6.898,7.007666666666666,2011372.16,0,coinbase
1669593600,6.898,7.341,6.53,7.194,7.021666666666667,6462952.2,0,coinbase
1669680000,7.192,7.508,7.126,7.314,7.316,4096111.37,0,coinbase
1669766400,7.316,7.759,7.235,7.672,7.5553333333333335,5640843.25,0,coinbase
1669852800,7.674,7.808,7.451,7.68,7.646333333333334,4469547.89,0,coinbase
1669939200,7.68,7.725,7.482,7.609,7.605333333333334,3192804.31,0,coinbase
1670025600,7.611,7.635,7.212,7.24,7.362333333333333,1986016.22,0,coinbase
1670112000,7.24,7.47,7.192,7.447,7.369666666666666,1377782.73,0,coinbase
1670198400,7.445,7.597,7.165,7.275,7.345666666666666,2448146.47,0,coinbase
1670284800,7.276,7.336,6.962,7.132,7.1433333333333335,2298699.38,0,coinbase
1670371200,7.133,7.16,6.772,6.883,6.9383333333333335,2493314.27,0,coinbase
1670457600,6.883,7.077,6.777,7.0,6.951333333333333,1786637.85,0,coinbase
1670544000,7.002,7.057,6.798,6.864,6.906333333333333,1107590.21,0,coinbase
1670630400,6.865,6.923,6.704,6.856,6.827666666666666,999788.57,0,coinbase
1670716800,6.855,6.958,6.655,6.701,6.771333333333334,1013809.41,0,coinbase
1670803200,6.7,6.729,6.465,6.701,6.631666666666667,2168155.87,0,coinbase
1670889600,6.701,7.041,6.473,6.923,6.812333333333332,2959636.88,0,coinbase
1670976000,6.923,6.962,6.687,6.721,6.79,2265896.16,0,coinbase
1671062400,6.72,6.744,6.39,6.458,6.530666666666666,2380693.95,0,coinbase
1671148800,6.452,6.541,5.776,5.891,6.069333333333333,4098006.33,0,coinbase
1671235200,5.892,6.065,5.795,6.029,5.963,2173658.81,0,coinbase
1671321600,6.03,6.063,5.914,5.952,5.976333333333334,1004244.96,0,coinbase
1671408000,5.954,6.066,5.675,5.787,5.842666666666666,3614510.16,0,coinbase
1671494400,5.787,6.12,5.753,6.012,5.961666666666667,2434770.24,0,coinbase
1671580800,6.013,6.042,5.884,5.988,5.971333333333334,2125830.75,0,coinbase
1671667200,5.986,6.04,5.854,6.005,5.966333333333334,1846952.2,0,coinbase
1671753600,6.007,6.052,5.922,5.938,5.970666666666666,1451809.82,0,coinbase
1671840000,5.938,5.961,5.88,5.915,5.918666666666667,686840.7,0,coinbase
1671926400,5.915,5.994,5.886,5.99,5.956666666666666,908223.63,0,coinbase
1672012800,5.99,6.051,5.94,6.048,6.013000000000001,991128.85,0,coinbase
1672099200,6.05,6.066,5.823,5.9,5.929666666666667,1271592.48,0,coinbase
1672185600,5.9,5.909,5.625,5.672,5.735333333333333,2414229.62,0,coinbase
1672272000,5.672,5.726,5.51,5.598,5.6113333333333335,2629935.22,0,coinbase
1672358400,5.598,5.639,5.411,5.472,5.507333333333334,2871488.31,0,coinbase
1672444800,5.471,5.624,5.386,5.569,5.5263333333333335,1899989.46,0,coinbase
1672531200,5.569,5.639,5.5,5.629,5.589333333333333,1307321.81,0,coinbase
1672617600,5.63,5.758,5.544,5.689,5.663666666666667,1807006.23,0,coinbase
1672704000,5.687,5.719,5.57,5.623,5.637333333333334,1490157.93,0,coinbase
1672790400,5.624,5.855,5.609,5.807,5.757000000000001,2155096.38,0,coinbase
1672876800,5.808,5.816,5.607,5.659,5.694,1442853.7,0,coinbase
1672963200,5.661,5.731,5.521,5.713,5.655,1599665.64,0,coinbase
1673049600,5.711,5.841,5.69,5.828,5.786333333333334,1135509.28,0,coinbase
1673136000,5.828,5.973,5.753,5.961,5.895666666666666,1587858.56,0,coinbase
1673222400,5.961,6.254,5.932,6.063,6.082999999999999,4551702.74,0,coinbase
1673308800,6.064,6.302,5.986,6.168,6.152,2407984.95,0,coinbase
1673395200,6.167,6.303,6.01,6.281,6.1979999999999995,2367401.78,0,coinbase
1673481600,6.282,6.408,6.05,6.383,6.280333333333334,4164801.36,0,coinbase
1673568000,6.382,6.617,6.261,6.605,6.4943333333333335,3292514.92,0,coinbase
1673654400,6.605,7.107,6.45,6.859,6.8053333333333335,7126427.6,0,coinbase
1673740800,6.86,6.931,6.601,6.699,6.743666666666667,4019908.25,0,coinbase
1673827200,6.698,6.948,6.414,6.67,6.677333333333333,4975898.54,0,coinbase
1673913600,6.671,6.99,6.551,6.805,6.782,3498392.7,0,coinbase
1674000000,6.808,6.986,6.27,6.335,6.530333333333334,4503954.41,0,coinbase
1674086400,6.33,6.546,6.316,6.508,6.456666666666667,1876799.14,0,coinbase
1674172800,6.513,6.976,6.415,6.944,6.778333333333333,2216606.11,0,coinbase
1674259200,6.943,7.11,6.77,6.853,6.910999999999999,3368036.27,0,coinbase
1674345600,6.855,7.269,6.783,6.986,7.012666666666667,3538226.01,0,coinbase
1674432000,6.986,7.234,6.839,7.015,7.029333333333334,3138733.69,0,coinbase
1674518400,7.014,7.199,6.552,6.66,6.803666666666667,2732069.55,0,coinbase
1674604800,6.659,7.1,6.514,6.96,6.8580000000000005,3473698.21,0,coinbase
1674691200,6.96,7.307,6.826,7.169,7.100666666666666,3379640.43,0,coinbase
1674777600,7.177,7.503,6.927,7.384,7.271333333333334,3644156.66,0,coinbase
1674864000,7.384,7.512,7.126,7.206,7.281333333333333,1691174.67,0,coinbase
1674950400,7.206,7.512,7.146,7.374,7.344,2317745.34,0,coinbase
1675036800,7.375,7.441,6.76,6.917,7.039333333333334,2317254.46,0,coinbase
1675123200,6.917,7.081,6.85,6.954,6.961666666666667,1847819.29,0,coinbase
1675209600,6.952,7.273,6.669,7.21,7.050666666666667,2604438.46,0,coinbase
1675296000,7.212,7.49,7.04,7.098,7.209333333333333,2745552.56,0,coinbase
1675382400,7.101,7.348,7.014,7.29,7.217333333333333,1936936.47,0,coinbase
1675468800,7.29,7.364,7.129,7.24,7.244333333333333,1034458.33,0,coinbase
1675555200,7.235,7.254,6.863,6.988,7.035,1576042.58,0,coinbase
1675641600,6.988,7.062,6.766,6.838,6.8886666666666665,1354609.4,0,coinbase
1675728000,6.835,7.214,6.823,7.196,7.0776666666666666,2084220.26,0,coinbase
1675814400,7.196,7.3,6.96,7.138,7.132666666666666,1898049.29,0,coinbase
1675900800,7.139,7.811,6.835,6.983,7.209666666666667,7357597.05,0,coinbase
1675987200,6.987,7.121,6.79,6.893,6.934666666666668,2873617.76,0,coinbase
1676073600,6.884,7.035,6.854,7.005,6.964666666666666,704809.04,0,coinbase
1676160000,7.004,7.089,6.694,6.812,6.865000000000001,1141833.14,0,coinbase
1676246400,6.81,6.849,6.43,6.68,6.653,2429721.96,0,coinbase
1676332800,6.681,6.832,6.448,6.812,6.697333333333334,2276888.94,0,coinbase
1676419200,6.813,7.308,6.726,7.283,7.105666666666667,2406952.71,0,coinbase
1676505600,7.284,7.493,7.01,7.015,7.172666666666667,3577013.98,0,coinbase
1676592000,7.014,7.712,6.97,7.649,7.443666666666666,2908574.87,0,coinbase
1676678400,7.649,8.259,7.503,7.988,7.916666666666667,3877255.54,0,coinbase
1676764800,7.988,8.288,7.823,8.008,8.039666666666667,3411658.4,0,coinbase
1676851200,8.011,8.397,7.733,8.019,8.049666666666667,3474939.34,0,coinbase
1676937600,8.017,8.072,7.5,7.644,7.738666666666667,2339281.84,0,coinbase
1677024000,7.644,7.733,7.297,7.721,7.583666666666666,2450614.0,0,coinbase
1677110400,7.718,8.208,7.672,7.937,7.939,3195479.58,0,coinbase
1677196800,7.937,8.151,7.262,7.463,7.625333333333334,2968106.96,0,coinbase
1677283200,7.464,7.492,7.181,7.372,7.348333333333334,2148724.35,0,coinbase
1677369600,7.374,7.545,7.292,7.499,7.445333333333333,1465402.04,0,coinbase
1677456000,7.496,7.504,7.128,7.272,7.301333333333333,1604955.41,0,coinbase
1677542400,7.272,7.425,7.098,7.198,7.240333333333333,1714867.73,0,coinbase
1677628800,7.199,7.545,7.147,7.532,7.408,1473947.47,0,coinbase
1677715200,7.534,7.579,7.163,7.28,7.340666666666667,810693.38,0,coinbase
1677801600,7.28,7.28,6.7,6.96,6.98,1889442.12,0,coinbase
1677888000,6.959,7.012,6.72,6.86,6.864,279909.71,0,coinbase
1677974400,6.858,7.021,6.808,6.947,6.925333333333334,716937.25,0,coinbase
1678060800,6.946,6.979,6.821,6.858,6.886,852453.44,0,coinbase
1678147200,6.859,6.973,6.667,6.885,6.841666666666666,1439416.28,0,coinbase
1678233600,6.886,6.949,6.5,6.576,6.675,1433121.97,0,coinbase
1678320000,6.577,6.686,6.002,6.16,6.282666666666667,2481324.54,0,coinbase
1678406400,6.16,6.283,5.9,6.239,6.140666666666667,1960772.92,0,coinbase
1678492800,6.239,6.469,5.975,6.213,6.219,1563062.16,0,coinbase
1678579200,6.212,6.625,6.113,6.605,6.447666666666667,1536793.23,0,coinbase
1678665600,6.604,6.97,6.403,6.789,6.720666666666666,2478594.2,0,coinbase
1678752000,6.791,7.237,6.65,6.984,6.957000000000001,2747951.25,0,coinbase
1678838400,6.984,7.145,6.404,6.571,6.706666666666666,2623741.38,0,coinbase
1678924800,6.573,6.7,6.466,6.678,6.614666666666667,1171416.82,0,coinbase
1679011200,6.677,7.275,6.615,7.221,7.037,2334065.43,0,coinbase
1679097600,7.223,7.326,6.87,6.939,7.044999999999999,1913225.7,0,coinbase
1679184000,6.937,7.305,6.932,7.101,7.112666666666667,1155574.82,0,coinbase
1679270400,7.102,7.458,6.937,7.077,7.157333333333334,3074911.03,0,coinbase
1679356800,7.077,7.484,6.87,7.4,7.251333333333332,2212555.33,0,coinbase
1679443200,7.403,7.735,7.019,7.196,7.316666666666667,3396455.69,0,coinbase
1679529600,7.187,7.659,7.109,7.623,7.463666666666668,1957109.99,0,coinbase
1679616000,7.622,7.67,7.126,7.2,7.332,1568457.7,0,coinbase
1679702400,7.2,7.264,6.98,7.082,7.108666666666667,983841.73,0,coinbase
1679788800,7.083,7.297,7.058,7.265,7.206666666666667,590713.68,0,coinbase
1679875200,7.266,7.278,6.756,6.876,6.97,1380229.45,0,coinbase
1679961600,6.876,7.048,6.75,6.954,6.917333333333333,1170852.07,0,coinbase
1680048000,6.953,7.496,6.928,7.383,7.268999999999999,1449739.08,0,coinbase
1680134400,7.391,7.557,7.134,7.232,7.307666666666667,1252676.07,0,coinbase
1680220800,7.234,7.674,7.227,7.591,7.497333333333334,1451285.67,0,coinbase
1680307200,7.592,7.637,7.439,7.551,7.5423333333333344,794163.08,0,coinbase
1680393600,7.551,7.551,7.198,7.26,7.336333333333333,738793.12,0,coinbase
1680480000,7.262,7.441,7.031,7.244,7.238666666666667,1607474.49,0,coinbase
1680566400,7.247,7.48,7.202,7.372,7.351333333333334,1134938.92,0,coinbase
1680652800,7.373,7.611,7.217,7.322,7.383333333333333,1400577.46,0,coinbase
1680739200,7.324,7.337,7.12,7.207,7.221333333333334,810335.27,0,coinbase
1680825600,7.204,7.314,7.112,7.273,7.233,576309.17,0,coinbase
1680912000,7.274,7.299,7.094,7.136,7.176333333333333,425417.27,0,coinbase
1680998400,7.135,7.26,7.054,7.203,7.1723333333333334,573997.28,0,coinbase
1681084800,7.205,7.381,7.137,7.348,7.288666666666667,892375.73,0,coinbase
1681171200,7.348,7.456,7.284,7.307,7.349,1084573.8,0,coinbase
1681257600,7.307,7.376,7.109,7.235,7.239999999999999,1402109.3,0,coinbase
1681344000,7.236,7.552,7.176,7.466,7.398,1404713.39,0,coinbase
1681430400,7.466,7.91,7.465,7.749,7.707999999999999,3365294.15,0,coinbase
1681516800,7.748,8.092,7.621,8.015,7.9093333333333335,2091463.33,0,coinbase
1681603200,8.014,8.198,7.911,8.146,8.085,1696283.76,0,coinbase
1681689600,8.144,8.301,7.867,8.165,8.110999999999999,3318441.82,0,coinbase
1681776000,8.165,8.8,8.031,8.586,8.472333333333333,2829302.05,0,coinbase
1681862400,8.583,8.602,7.65,7.756,8.002666666666668,4056551.98,0,coinbase
1681948800,7.753,7.97,7.431,7.517,7.639333333333333,2886462.93,0,coinbase
1682035200,7.513,7.606,7.012,7.111,7.242999999999999,2501652.77,0,coinbase
1682121600,7.112,7.241,7.08,7.178,7.166333333333333,646206.94,0,coinbase
1682208000,7.178,7.178,6.878,7.083,7.046333333333334,833742.48,0,coinbase
1682294400,7.081,7.265,6.995,7.072,7.110666666666667,702890.25,0,coinbase
1682380800,7.072,7.301,6.952,7.274,7.175666666666667,772855.14,0,coinbase
1682467200,7.277,7.509,6.8,7.009,7.106000000000001,1966328.19,0,coinbase
1682553600,7.009,7.232,6.977,7.173,7.127333333333333,1167005.83,0,coinbase
1682640000,7.172,7.193,6.96,7.042,7.065,912149.13,0,coinbase
1682726400,7.046,7.224,6.999,7.191,7.137999999999999,532885.88,0,coinbase
1682812800,7.191,7.307,7.021,7.029,7.119,776329.62,0,coinbase
1682899200,7.028,7.088,6.8,6.896,6.928,1148501.71,0,coinbase
1682985600,6.898,7.018,6.802,6.988,6.936,523648.57,0,coinbase
1683072000,6.991,7.155,6.821,7.128,7.034666666666666,942514.99,0,coinbase
1683158400,7.132,7.163,6.964,7.004,7.043666666666667,524890.91,0,coinbase
1683244800,7.004,7.288,6.9,7.235,7.141000000000001,1168492.27,0,coinbase
1683331200,7.235,7.29,6.878,6.932,7.033333333333334,841892.13,0,coinbase
1683417600,6.932,6.999,6.87,6.915,6.928,497525.3,0,coinbase
1683504000,6.914,6.92,6.418,6.587,6.641666666666667,1558224.16,0,coinbase
1683590400,6.591,6.639,6.456,6.528,6.541,582450.31,0,coinbase
1683676800,6.528,6.702,6.306,6.592,6.533333333333332,1614768.19,0,coinbase
1683763200,6.592,6.595,6.219,6.367,6.393666666666667,951548.56,0,coinbase
1683849600,6.363,6.641,6.228,6.624,6.4976666666666665,1010221.3,0,coinbase
1683936000,6.629,6.639,6.479,6.494,6.537333333333334,383061.12,0,coinbase
1684022400,6.497,6.613,6.445,6.55,6.5360000000000005,331175.33,0,coinbase
1684108800,6.552,6.71,6.459,6.638,6.602333333333334,693715.98,0,coinbase
1684195200,6.637,6.728,6.553,6.657,6.646,625455.21,0,coinbase
1684281600,6.659,6.808,6.55,6.757,6.705000000000001,994877.36,0,coinbase
1684368000,6.76,6.767,6.423,6.53,6.573333333333334,1229056.85,0,coinbase
1684454400,6.531,6.56,6.461,6.513,6.511333333333333,420558.33,0,coinbase
1684540800,6.514,6.547,6.475,6.505,6.5089999999999995,183236.47,0,coinbase
1684627200,6.507,6.546,6.361,6.431,6.446000000000001,303508.11,0,coinbase
1684713600,6.432,6.607,6.338,6.533,6.4926666666666675,717814.94,0,coinbase
1684800000,6.533,6.636,6.475,6.507,6.539333333333334,519433.84,0,coinbase
1684886400,6.507,6.51,6.206,6.321,6.345666666666666,949154.93,0,coinbase
1684972800,6.321,6.346,6.166,6.278,6.263333333333333,673370.63,0,coinbase
1685059200,6.278,6.406,6.236,6.345,6.329,655788.58,0,coinbase
1685145600,6.346,6.443,6.331,6.441,6.405,363271.88,0,coinbase
1685232000,6.439,6.66,6.421,6.635,6.572,854574.94,0,coinbase
1685318400,6.637,6.679,6.529,6.641,6.616333333333333,793345.67,0,coinbase
1685404800,6.641,6.674,6.537,6.614,6.608333333333333,895467.87,0,coinbase
1685491200,6.613,6.637,6.401,6.481,6.506333333333333,957700.65,0,coinbase
1685577600,6.481,6.513,6.319,6.348,6.3933333333333335,824000.75,0,coinbase
1685664000,6.347,6.483,6.31,6.454,6.415666666666667,623375.87,0,coinbase
1685750400,6.452,6.462,6.362,6.425,6.416333333333333,384338.83,0,coinbase
1685836800,6.424,6.539,6.395,6.451,6.461666666666666,526814.91,0,coinbase
1685923200,6.451,6.493,5.99,6.058,6.1803333333333335,1641082.43,0,coinbase
1686009600,6.059,6.31,6.007,6.263,6.1933333333333325,2382095.58,0,coinbase
1686096000,6.264,6.27,5.832,5.919,6.007000000000001,2609490.68,0,coinbase
1686182400,5.919,6.037,5.886,5.996,5.973,907382.25,0,coinbase
1686268800,5.997,6.082,5.916,5.992,5.996666666666667,902731.39,0,coinbase
1686355200,5.991,6.008,4.926,5.24,5.391333333333333,4885341.55,0,coinbase
1686441600,5.238,5.256,5.093,5.176,5.175,1464445.36,0,coinbase
1686528000,5.176,5.2,5.005,5.16,5.121666666666667,1762422.18,0,coinbase
1686614400,5.159,5.411,5.11,5.3,5.273666666666667,1516264.11,0,coinbase
1686700800,5.299,5.507,5.142,5.249,5.299333333333333,2076488.12,0,coinbase
1686787200,5.25,5.414,5.157,5.305,5.292,1554434.43,0,coinbase
1686873600,5.305,5.395,5.137,5.322,5.284666666666666,1204033.85,0,coinbase
1686960000,5.322,5.39,5.219,5.281,5.296666666666667,744558.88,0,coinbase
1687046400,5.277,5.3,5.125,5.155,5.193333333333334,1055311.89,0,coinbase
1687132800,5.154,5.19,4.996,5.133,5.106333333333333,1121426.43,0,coinbase
1687219200,5.132,5.282,5.0,5.268,5.183333333333334,1400167.59,0,coinbase
1687305600,5.269,5.588,5.244,5.556,5.462666666666667,2061224.28,0,coinbase
1687392000,5.56,5.826,5.508,5.561,5.631666666666667,2721786.55,0,coinbase
1687478400,5.562,6.157,5.553,6.074,5.928,2057585.67,0,coinbase
1687564800,6.073,6.198,5.926,6.138,6.0873333333333335,926061.3,0,coinbase
1687651200,6.138,6.378,6.062,6.162,6.200666666666667,1166112.2,0,coinbase
1687737600,6.162,6.259,6.007,6.058,6.108,983050.58,0,coinbase
1687824000,6.06,6.263,6.047,6.198,6.169333333333333,1171068.49,0,coinbase
1687910400,6.198,6.205,5.716,5.813,5.911333333333332,1211259.28,0,coinbase
1687996800,5.816,6.184,5.788,5.891,5.9543333333333335,1250731.82,0,coinbase
1688083200,5.892,6.447,5.841,6.311,6.199666666666666,2752431.48,0,coinbase
1688169600,6.311,6.521,6.119,6.505,6.381666666666667,1315740.35,0,coinbase
1688256000,6.504,6.562,6.337,6.544,6.481000000000001,1159539.25,0,coinbase
1688342400,6.54,6.695,6.471,6.628,6.598,1117999.11,0,coinbase
1688428800,6.626,6.628,6.397,6.521,6.515333333333333,800998.92,0,coinbase
1688515200,6.527,6.57,6.216,6.3,6.362000000000001,1125499.78,0,coinbase
1688601600,6.295,6.507,6.077,6.084,6.222666666666666,1278127.15,0,coinbase
1688688000,6.082,6.225,6.016,6.157,6.132666666666666,920520.82,0,coinbase
1688774400,6.161,6.223,6.094,6.198,6.171666666666667,558869.78,0,coinbase
1688860800,6.198,6.243,6.127,6.147,6.172333333333334,500033.05,0,coinbase
1688947200,6.154,6.301,6.022,6.169,6.164000000000001,964932.25,0,coinbase
1689033600,6.168,6.236,6.123,6.207,6.188666666666666,455936.38,0,coinbase
1689120000,6.208,6.348,6.196,6.252,6.265333333333333,695346.83,0,coinbase
1689206400,6.249,7.172,6.212,7.128,6.8373333333333335,3339972.14,0,coinbase
1689292800,7.128,7.347,6.695,6.963,7.001666666666668,2793202.4,0,coinbase
1689379200,6.963,7.024,6.833,6.924,6.927,884608.04,0,coinbase
1689465600,6.92,6.925,6.578,6.61,6.7043333333333335,1012162.53,0,coinbase
1689552000,6.612,7.272,6.454,7.191,6.972333333333332,3125453.26,0,coinbase
1689638400,7.189,7.3,6.796,6.914,7.003333333333333,2737575.26,0,coinbase
1689724800,6.916,7.049,6.775,6.917,6.913666666666667,2140177.0,0,coinbase
1689811200,6.917,8.44,6.888,8.359,7.895666666666666,8910194.23,0,coinbase
1689897600,8.365,8.443,8.05,8.135,8.209333333333333,2579102.0,0,coinbase
1689984000,8.134,8.372,7.77,7.882,8.008000000000001,2068375.19,0,coinbase
1690070400,7.882,8.096,7.819,7.893,7.936,1425493.88,0,coinbase
1690156800,7.892,7.894,7.45,7.588,7.644000000000001,2183398.97,0,coinbase
1690243200,7.587,7.642,7.343,7.393,7.459333333333333,1124998.4,0,coinbase
1690329600,7.395,7.834,7.278,7.745,7.619,2031276.26,0,coinbase
1690416000,7.745,8.125,7.686,7.986,7.932333333333333,2116996.28,0,coinbase
1690502400,7.985,8.092,7.76,7.772,7.874666666666667,1095954.41,0,coinbase
1690588800,7.773,7.898,7.723,7.844,7.821666666666666,657826.15,0,coinbase
1690675200,7.845,7.862,7.371,7.555,7.596,1028780.02,0,coinbase
1690761600,7.553,7.736,7.434,7.55,7.573333333333333,1328355.77,0,coinbase
1690848000,7.549,7.644,7.31,7.637,7.530333333333334,1581990.46,0,coinbase
1690934400,7.642,7.717,7.328,7.345,7.463333333333334,1338650.54,0,coinbase
1691020800,7.343,7.405,7.07,7.122,7.199000000000001,1236198.96,0,coinbase
1691107200,7.119,7.26,7.004,7.133,7.1323333333333325,938999.45,0,coinbase
1691193600,7.133,7.237,7.087,7.223,7.182333333333333,516054.11,0,coinbase
1691280000,7.222,7.264,7.067,7.092,7.140999999999999,499365.33,0,coinbase
1691366400,7.091,7.39,6.936,7.32,7.215333333333334,1254999.47,0,coinbase
1691452800,7.318,7.547,7.282,7.462,7.4303333333333335,1929905.01,0,coinbase
1691539200,7.465,7.911,7.379,7.674,7.6546666666666665,1939521.31,0,coinbase
1691625600,7.673,7.732,7.552,7.611,7.631666666666667,1053334.79,0,coinbase
1691712000,7.612,7.635,7.401,7.483,7.506333333333333,615124.86,0,coinbase
1691798400,7.482,7.537,7.382,7.441,7.453333333333333,516089.63,0,coinbase
1691884800,7.44,7.553,7.31,7.368,7.410333333333334,670913.08,0,coinbase
1691971200,7.362,7.621,7.304,7.407,7.444,1362184.24,0,coinbase
1692057600,7.406,7.426,6.85,7.034,7.103333333333333,1583217.28,0,coinbase
1692144000,7.033,7.064,6.595,6.756,6.805,1481269.36,0,coinbase
1692230400,6.758,6.86,5.93,6.197,6.329,2659383.51,0,coinbase
1692316800,6.199,6.287,6.064,6.173,6.174666666666667,1652682.79,0,coinbase
1692403200,6.17,6.259,6.113,6.178,6.183333333333334,1384149.69,0,coinbase
1692489600,6.178,6.234,6.115,6.221,6.19,434409.84,0,coinbase
1692576000,6.222,6.254,6.01,6.175,6.146333333333334,1112076.0,0,coinbase
1692662400,6.175,6.254,5.876,6.113,6.0809999999999995,1237217.14,0,coinbase
1692748800,6.115,6.431,6.102,6.349,6.2940000000000005,1553704.52,0,coinbase
1692835200,6.348,6.368,5.987,6.084,6.146333333333334,906210.82,0,coinbase
1692921600,6.083,6.083,5.911,6.013,6.002333333333333,1206743.02,0,coinbase
1693008000,6.012,6.04,5.955,6.003,5.999333333333333,405661.7,0,coinbase
1693094400,6.002,6.045,5.952,6.029,6.008666666666667,454880.04,0,coinbase
1693180800,6.02,6.045,5.85,5.975,5.956666666666666,827520.58,0,coinbase
1693267200,5.975,6.317,5.841,6.193,6.117,1795144.19,0,coinbase
1693353600,6.194,6.199,5.886,5.924,6.003,1207328.95,0,coinbase
1693440000,5.924,6.063,5.74,5.878,5.893666666666667,1360370.25,0,coinbase
1693526400,5.878,6.03,5.811,5.939,5.926666666666667,1698785.07,0,coinbase
1693612800,5.939,5.997,5.889,5.972,5.9526666666666666,508124.59,0,coinbase
1693699200,5.973,6.063,5.948,6.03,6.0136666666666665,573914.52,0,coinbase
1693785600,6.03,6.161,5.945,6.014,6.04,848202.29,0,coinbase
1693872000,6.011,6.15,5.905,6.137,6.064,860988.79,0,coinbase
1693958400,6.137,6.349,6.093,6.298,6.246666666666667,1486822.01,0,coinbase
1694044800,6.299,6.469,6.194,6.387,6.3500000000000005,1504403.67,0,coinbase
1694131200,6.384,6.402,6.144,6.281,6.275666666666666,819714.94,0,coinbase
1694217600,6.28,6.292,6.157,6.165,6.204666666666667,392070.8,0,coinbase
1694304000,6.164,6.164,5.955,6.014,6.044333333333333,1003867.48,0,coinbase
1694390400,6.013,6.034,5.737,5.828,5.866333333333333,1493662.04,0,coinbase
1694476800,5.828,6.074,5.809,5.96,5.947666666666667,1104548.26,0,coinbase
1694563200,5.96,6.091,5.925,6.022,6.012666666666667,1360718.09,0,coinbase
1694649600,6.025,6.215,6.006,6.154,6.125,871180.36,0,coinbase
1694736000,6.155,6.381,6.1,6.367,6.282666666666667,979272.25,0,coinbase
1694822400,6.367,6.421,6.187,6.282,6.296666666666667,1079293.36,0,coinbase
1694908800,6.281,6.281,6.054,6.152,6.162333333333334,570060.59,0,coinbase
1694995200,6.151,6.84,6.102,6.568,6.503333333333333,3415474.51,0,coinbase
1695081600,6.567,6.969,6.5,6.846,6.771666666666667,2390326.81,0,coinbase
1695168000,6.851,7.051,6.743,6.904,6.899333333333334,2044187.95,0,coinbase
1695254400,6.907,6.949,6.598,6.664,6.736999999999999,1761763.02,0,coinbase
1695340800,6.663,6.975,6.599,6.957,6.843666666666667,1885968.24,0,coinbase
1695427200,6.958,7.231,6.92,7.191,7.114,2415390.18,0,coinbase
1695513600,7.189,7.25,6.956,6.972,7.059333333333334,1702315.57,0,coinbase
1695600000,6.971,7.51,6.909,7.496,7.305,3190986.76,0,coinbase
1695686400,7.497,7.57,7.246,7.352,7.389333333333333,2355732.87,0,coinbase
1695772800,7.352,7.89,7.266,7.638,7.597999999999999,4100037.73,0,coinbase
1695859200,7.638,8.04,7.569,7.81,7.806333333333332,3391071.41,0,coinbase
1695945600,7.81,8.079,7.681,7.95,7.903333333333333,2160674.8,0,coinbase
1696032000,7.951,8.264,7.95,8.19,8.134666666666666,2410474.11,0,coinbase
1696118400,8.191,8.259,7.781,8.048,8.029333333333334,2618806.72,0,coinbase
1696204800,8.05,8.104,7.353,7.464,7.640333333333333,2878541.4,0,coinbase
1696291200,7.478,7.74,7.368,7.409,7.5056666666666665,2004295.0,0,coinbase
1696377600,7.406,7.784,7.197,7.671,7.550666666666667,2305962.74,0,coinbase
1696464000,7.667,7.791,7.452,7.465,7.569333333333333,1112732.92,0,coinbase
1696550400,7.471,7.758,7.435,7.646,7.6129999999999995,1099339.65,0,coinbase
1696636800,7.645,7.684,7.48,7.531,7.565,526734.21,0,coinbase
1696723200,7.53,7.944,7.507,7.68,7.710333333333334,1096659.91,0,coinbase
1696809600,7.68,7.702,7.138,7.279,7.373,2006466.88,0,coinbase
1696896000,7.277,7.392,7.177,7.263,7.277333333333334,1201418.4,0,coinbase
1696982400,7.256,7.427,7.15,7.389,7.322,1489397.19,0,coinbase
1697068800,7.387,7.411,7.113,7.198,7.240666666666667,1168986.04,0,coinbase
1697155200,7.197,7.404,7.111,7.256,7.257000000000001,1307056.48,0,coinbase
1697241600,7.26,7.371,7.218,7.33,7.306333333333334,468794.22,0,coinbase
1697328000,7.328,7.57,7.288,7.423,7.427,1672277.56,0,coinbase
1697414400,7.425,7.824,7.396,7.53,7.583333333333333,2290004.85,0,coinbase
1697500800,7.53,7.564,7.273,7.325,7.387333333333333,1067483.79,0,coinbase
1697587200,7.323,7.482,7.283,7.356,7.373666666666668,932362.07,0,coinbase
1697673600,7.361,7.437,7.218,7.308,7.321000000000001,702615.81,0,coinbase
1697760000,7.306,7.715,7.265,7.577,7.519000000000001,1421368.24,0,coinbase
1697846400,7.578,9.169,7.523,8.915,8.535666666666666,5473191.09,0,coinbase
1697932800,8.915,10.236,8.843,10.201,9.76,6443710.3,0,coinbase
1698019200,10.194,11.05,9.799,10.584,10.477666666666666,8747671.05,0,coinbase
1698105600,10.585,11.144,9.7,10.375,10.406333333333334,6645482.2,0,coinbase
1698192000,10.375,11.784,10.343,11.064,11.063666666666668,8804259.44,0,coinbase
1698278400,11.066,11.394,10.391,10.926,10.903666666666666,4999645.27,0,coinbase
1698364800,10.93,11.43,10.614,11.184,11.076,5629548.12,0,coinbase
1698451200,11.184,11.66,10.825,10.927,11.137333333333332,4276406.65,0,coinbase
1698537600,10.927,11.294,10.76,11.087,11.047000000000002,2531492.77,0,coinbase
1698624000,11.091,11.843,10.898,11.227,11.322666666666668,3586115.26,0,coinbase
1698710400,11.234,12.016,10.98,11.358,11.451333333333332,5703879.12,0,coinbase
1698796800,11.353,11.775,10.688,11.643,11.368666666666668,6016269.03,0,coinbase
1698883200,11.648,11.75,10.807,11.01,11.189,3705958.47,0,coinbase
1698969600,11.008,11.598,10.516,11.462,11.192,3880555.9,0,coinbase
1699056000,11.461,11.626,11.16,11.503,11.429666666666668,2360378.11,0,coinbase
1699142400,11.507,12.565,11.368,12.242,12.058333333333332,5783412.69,0,coinbase
1699228800,12.243,13.255,12.137,12.994,12.795333333333334,4851890.52,0,coinbase
1699315200,12.991,13.338,12.525,13.047,12.969999999999999,4518606.55,0,coinbase
1699401600,13.05,14.998,12.835,14.939,14.257333333333333,6859376.65,0,coinbase
1699488000,14.934,15.998,13.85,14.613,14.820333333333332,9366499.52,0,coinbase
1699574400,14.607,15.65,14.1,15.51,15.086666666666666,6124657.51,0,coinbase
1699660800,15.511,16.581,14.75,16.475,15.935333333333332,6483651.87,0,coinbase
1699747200,16.48,16.537,15.392,16.04,15.989666666666665,4262984.48,0,coinbase
1699833600,16.039,16.303,14.312,14.364,14.993,4762466.59,0,coinbase
1699920000,14.362,14.915,13.436,13.953,14.101333333333335,6386859.16,0,coinbase
1700006400,13.955,15.394,13.931,15.043,14.789333333333332,4264755.34,0,coinbase
1700092800,15.044,15.216,13.556,13.867,14.213,4515962.18,0,coinbase
1700179200,13.873,14.264,12.862,13.716,13.613999999999999,4319831.91,0,coinbase
1700265600,13.711,13.824,12.928,13.758,13.503333333333336,1756263.25,0,coinbase
1700352000,13.757,15.109,13.376,14.921,14.468666666666666,3654257.76,0,coinbase
1700438400,14.925,15.402,14.374,14.486,14.754,3590510.93,0,coinbase
1700524800,14.486,14.677,13.308,13.373,13.786,3209623.84,0,coinbase
1700611200,13.372,14.628,13.248,14.217,14.030999999999999,2434263.32,0,coinbase
1700697600,14.219,14.859,14.132,14.396,14.462333333333333,1997559.81,0,coinbase
1700784000,14.402,14.847,14.219,14.5,14.522,1758903.87,0,coinbase
1700870400,14.502,14.98,14.392,14.776,14.716,1530588.21,0,coinbase
1700956800,14.779,15.339,14.4,14.769,14.836,1995332.99,0,coinbase
1701043200,14.773,15.299,13.88,14.185,14.454666666666668,2601655.44,0,coinbase
1701129600,14.183,14.724,13.772,14.528,14.341333333333333,2114499.48,0,coinbase
1701216000,14.53,14.996,14.411,14.519,14.642000000000001,1915440.97,0,coinbase
1701302400,14.519,14.833,14.271,14.415,14.506333333333332,1719507.51,0,coinbase
1701388800,14.419,15.064,14.276,14.998,14.779333333333334,2398526.37,0,coinbase
1701475200,14.997,16.212,14.925,16.0,15.712333333333333,3016507.56,0,coinbase
1701561600,16.0,16.293,15.677,15.714,15.894666666666666,1984382.68,0,coinbase
1701648000,15.713,16.397,15.16,15.81,15.789,3680901.24,0,coinbase
1701734400,15.805,16.08,15.184,15.73,15.664666666666667,2919844.56,0,coinbase
1701820800,15.73,16.171,15.23,15.269,15.556666666666667,2988201.37,0,coinbase
1701907200,15.271,15.8,14.673,15.693,15.388666666666666,3943270.82,0,coinbase
1701993600,15.694,17.327,15.559,16.92,16.602,5197071.68,0,coinbase
1702080000,16.935,17.3,16.042,16.2,16.514,4160264.61,0,coinbase
1702166400,16.199,16.458,15.776,16.367,16.200333333333333,1801558.42,0,coinbase
1702252800,16.372,16.461,14.191,14.763,15.138333333333334,4974841.6,0,coinbase
1702339200,14.762,15.14,14.153,14.515,14.602666666666666,2738048.48,0,coinbase
1702425600,14.522,14.961,13.851,14.773,14.528333333333334,2659031.28,0,coinbase
1702512000,14.776,15.585,14.301,15.36,15.082,3410351.52,0,coinbase
1702598400,15.372,15.39,14.25,14.279,14.639666666666665,2297499.83,0,coinbase
1702684800,14.274,14.788,14.088,14.308,14.394666666666666,1339546.76,0,coinbase
1702771200,14.31,14.361,13.9,14.003,14.088000000000001,1299546.34,0,coinbase
1702857600,14.001,14.68,13.599,14.669,14.316,3254496.6,0,coinbase
1702944000,14.67,14.8,13.921,14.096,14.272333333333334,1983227.54,0,coinbase
1703030400,14.091,14.804,13.976,14.249,14.343000000000002,1933545.32,0,coinbase
1703116800,14.251,15.308,14.18,15.305,14.931,2391682.15,0,coinbase
1703203200,15.302,15.736,15.065,15.494,15.431666666666667,2379784.41,0,coinbase
1703289600,15.494,15.918,14.909,15.69,15.505666666666665,2026057.89,0,coinbase
1703376000,15.69,15.953,15.158,15.277,15.462666666666665,2049457.83,0,coinbase
1703462400,15.276,15.739,15.124,15.59,15.484333333333334,1269715.24,0,coinbase
1703548800,15.591,15.9,14.302,15.091,15.097666666666667,2177439.01,0,coinbase
1703635200,15.097,16.75,14.649,16.715,16.038,3482020.77,0,coinbase
1703721600,16.731,17.677,15.979,16.012,16.556,4797432.31,0,coinbase
1703808000,16.019,16.234,15.13,15.543,15.635666666666667,2953752.56,0,coinbase
1703894400,15.549,15.623,15.015,15.169,15.269,1191460.69,0,coinbase
1703980800,15.173,15.526,14.758,14.935,15.073,1385011.18,0,coinbase
1704067200,14.934,15.585,14.812,15.56,15.319,1414354.94,0,coinbase
1704153600,15.559,16.079,15.046,15.169,15.431333333333333,2277157.35,0,coinbase
1704240000,15.17,15.581,13.2,14.16,14.313666666666668,3496207.82,0,coinbase
1704326400,14.155,14.799,13.997,14.541,14.445666666666668,1814373.07,0,coinbase
1704412800,14.546,14.675,13.74,14.101,14.171999999999999,3339758.54,0,coinbase
1704499200,14.1,14.11,13.2,13.445,13.584999999999999,1509559.13,0,coinbase
1704585600,13.444,13.747,13.0,13.161,13.302666666666667,1118965.59,0,coinbase
1704672000,13.165,14.419,12.538,14.154,13.703666666666669,2400026.44,0,coinbase
1704758400,14.159,14.269,13.243,13.72,13.744,2314223.08,0,coinbase
1704844800,13.722,15.367,13.56,15.075,14.667333333333332,2953044.25,0,coinbase
1704931200,15.08,15.699,14.601,15.024,15.107999999999999,2081610.1,0,coinbase
1705017600,15.027,15.309,13.604,14.148,14.353666666666664,1543743.45,0,coinbase
1705104000,14.152,14.432,13.78,14.349,14.187,570918.5,0,coinbase
1705190400,14.346,15.42,14.263,14.743,14.808666666666667,1988455.99,0,coinbase
1705276800,14.736,16.0,14.733,15.174,15.302333333333332,2334370.42,0,coinbase
1705363200,15.175,15.352,14.735,15.27,15.119,1163455.64,0,coinbase
1705449600,15.267,16.383,15.267,15.749,15.799666666666667,2797738.51,0,coinbase
1705536000,15.752,15.763,14.17,14.65,14.860999999999999,2423051.15,0,coinbase
1705622400,14.65,16.4,14.45,16.103,15.651000000000002,3017672.57,0,coinbase
1705708800,16.106,16.544,15.636,15.77,15.983333333333334,2433016.05,0,coinbase
1705795200,15.771,15.9,15.351,15.382,15.544333333333334,882897.88,0,coinbase
1705881600,15.378,15.962,14.498,14.583,15.014333333333333,2592674.15,0,coinbase
1705968000,14.577,14.872,13.551,14.292,14.238333333333335,2750680.82,0,coinbase
1706054400,14.293,14.423,13.902,14.231,14.185333333333332,1481806.82,0,coinbase
1706140800,14.235,14.256,13.5,13.733,13.829666666666668,1340233.11,0,coinbase
1706227200,13.733,14.296,13.631,14.186,14.037666666666667,1322706.44,0,coinbase
1706313600,14.184,14.399,14.09,14.345,14.277999999999999,593603.12,0,coinbase
1706400000,14.344,14.697,14.2,14.479,14.458666666666666,999990.97,0,coinbase
1706486400,14.478,15.08,14.26,15.004,14.781333333333334,1628462.47,0,coinbase
1706572800,15.005,15.804,14.896,15.475,15.391666666666667,2038807.69,0,coinbase
1706659200,15.475,16.05,15.075,15.419,15.514666666666665,2328367.99,0,coinbase
1706745600,15.417,17.377,15.132,17.184,16.564333333333334,4226734.74,0,coinbase
1706832000,17.183,18.867,17.13,17.826,17.941,4760537.98,0,coinbase
1706918400,17.821,18.139,17.5,17.652,17.763666666666666,1669951.41,0,coinbase
1707004800,17.656,18.697,17.528,18.148,18.12433333333333,1947708.33,0,coinbase
1707091200,18.148,19.777,17.789,19.139,18.901666666666667,3628590.39,0,coinbase
1707177600,19.142,19.309,18.241,18.287,18.612333333333332,1984448.26,0,coinbase
1707264000,18.287,19.077,18.056,18.812,18.648333333333337,2034147.38,0,coinbase
1707350400,18.818,19.266,18.004,18.216,18.49533333333333,2491379.91,0,coinbase
1707436800,18.216,18.622,18.005,18.483,18.37,1706222.55,0,coinbase
1707523200,18.484,19.131,18.02,19.088,18.746333333333332,1277951.6,0,coinbase
1707609600,19.086,20.693,18.862,20.153,19.902666666666665,2667335.34,0,coinbase
1707696000,20.154,20.852,19.76,20.481,20.364333333333335,2260765.67,0,coinbase
1707782400,20.489,20.612,19.47,19.879,19.987,2083987.24,0,coinbase
1707868800,19.879,20.439,19.718,20.262,20.139666666666667,1653788.0,0,coinbase
1707955200,20.262,20.569,19.664,19.951,20.061333333333334,1913899.29,0,coinbase
1708041600,19.952,20.334,19.132,19.566,19.677333333333333,1724687.7,0,coinbase
1708128000,19.573,20.279,19.23,20.038,19.849,1221107.2,0,coinbase
1708214400,20.038,20.38,19.768,20.123,20.090333333333334,897380.94,0,coinbase
1708300800,20.125,20.25,19.652,19.834,19.912000000000003,1344995.45,0,coinbase
1708387200,19.832,19.886,18.481,19.296,19.221,2056715.19,0,coinbase
1708473600,19.288,19.292,18.002,18.597,18.630333333333333,1561719.78,0,coinbase
1708560000,18.6,19.006,18.065,18.105,18.392,1365694.94,0,coinbase
1708646400,18.113,18.277,17.585,17.934,17.932000000000002,1509486.58,0,coinbase
1708732800,17.933,18.567,17.75,18.535,18.284000000000002,785321.42,0,coinbase
1708819200,18.535,18.855,18.369,18.724,18.649333333333335,739365.75,0,coinbase
1708905600,18.722,19.279,18.135,19.103,18.839000000000002,1500035.05,0,coinbase
1708992000,19.102,19.388,18.672,19.032,19.030666666666665,1437977.07,0,coinbase
1709078400,19.027,20.85,18.354,19.455,19.553,4414215.7,0,coinbase
1709164800,19.45,20.462,18.822,19.284,19.522666666666666,3018627.11,0,coinbase
1709251200,19.288,20.114,19.275,20.063,19.817333333333334,1658323.77,0,coinbase
1709337600,20.067,21.71,19.976,21.416,21.034000000000002,3059151.26,0,coinbase
1709424000,21.414,21.549,19.59,20.519,20.552666666666664,1795457.31,0,coinbase
1709510400,20.528,20.905,19.805,20.448,20.386,2471093.91,0,coinbase
1709596800,20.445,21.064,17.473,19.002,19.179666666666666,5303763.07,0,coinbase
1709683200,19.002,20.166,18.405,20.098,19.55633333333333,2639280.8,0,coinbase
1709769600,20.1,20.803,19.605,20.124,20.177333333333333,2664826.03,0,coinbase
1709856000,20.129,20.417,19.253,19.746,19.805333333333333,2168660.91,0,coinbase
1709942400,19.746,20.369,19.704,20.019,20.030666666666665,1308801.71,0,coinbase
1710028800,20.017,21.994,19.427,21.711,21.044,2600633.17,0,coinbase
1710115200,21.713,22.876,20.761,21.277,21.638,4887169.52,0,coinbase
1710201600,21.282,21.347,19.543,20.705,20.531666666666666,2327916.08,0,coinbase
1710288000,20.705,20.969,20.214,20.767,20.650000000000002,1590922.22,0,coinbase
1710374400,20.763,21.989,19.85,20.875,20.904666666666667,3167003.46,0,coinbase
1710460800,20.879,20.992,18.501,19.634,19.709,2952545.45,0,coinbase
1710547200,19.635,19.825,17.804,18.105,18.578,2028971.49,0,coinbase
1710633600,18.102,18.817,17.378,18.65,18.281666666666666,1705269.0,0,coinbase
1710720000,18.651,19.491,18.046,18.299,18.612,2161857.78,0,coinbase
1710806400,18.298,18.46,16.5,16.804,17.254666666666665,3463717.05,0,coinbase
1710892800,16.789,18.505,16.262,18.419,17.728666666666665,2823697.75,0,coinbase
1710979200,18.416,18.913,17.88,18.447,18.41333333333333,1670598.53,0,coinbase
1711065600,18.439,18.574,17.326,18.372,18.090666666666667,1746864.04,0,coinbase
1711152000,18.367,18.477,17.9,18.067,18.148,1290510.28,0,coinbase
1711238400,18.066,18.626,17.976,18.522,18.374666666666666,729788.84,0,coinbase
1711324800,18.522,19.499,18.372,19.381,19.084,1454342.67,0,coinbase
1711411200,19.376,20.735,19.329,20.009,20.024333333333335,1871395.47,0,coinbase
1711497600,20.008,20.187,19.0,19.284,19.490333333333332,1520433.46,0,coinbase
1711584000,19.281,19.805,19.034,19.146,19.328333333333333,1097619.08,0,coinbase
1711670400,19.151,19.298,18.712,18.978,18.996,775842.63,0,coinbase
1711756800,18.978,19.302,18.792,18.945,19.013,679880.48,0,coinbase
1711843200,18.941,19.353,18.878,19.17,19.133666666666667,705541.84,0,coinbase
1711929600,19.171,19.281,17.849,18.371,18.50033333333333,1254067.42,0,coinbase
1712016000,18.37,18.493,17.389,17.958,17.946666666666665,1916518.95,0,coinbase
1712102400,17.959,18.341,17.382,17.691,17.804666666666666,1050408.88,0,coinbase
1712188800,17.687,18.272,17.397,17.8,17.822999999999997,984886.98,0,coinbase
1712275200,17.791,17.791,16.867,17.33,17.329333333333334,812520.67,0,coinbase
1712361600,17.334,17.688,17.269,17.564,17.506999999999998,363935.43,0,coinbase
1712448000,17.569,17.973,17.505,17.917,17.798333333333332,494979.32,0,coinbase
1712534400,17.912,18.67,17.547,18.102,18.106333333333335,936661.3,0,coinbase
1712620800,18.102,18.18,17.241,17.354,17.591666666666665,803101.86,0,coinbase
1712707200,17.353,17.574,16.805,17.415,17.264666666666667,817715.19,0,coinbase
1712793600,17.418,17.621,17.003,17.558,17.394,640349.43,0,coinbase
1712880000,17.557,17.871,14.2,15.164,15.745,3712925.66,0,coinbase
1712966400,15.164,15.406,11.969,13.318,13.564333333333332,4953173.41,0,coinbase
1713052800,13.317,14.27,12.726,14.119,13.705,3330101.68,0,coinbase
1713139200,14.118,14.689,13.232,13.592,13.837666666666665,2065132.04,0,coinbase
1713225600,13.59,13.821,12.826,13.471,13.372666666666666,1506265.96,0,coinbase
1713312000,13.47,13.613,12.721,13.136,13.156666666666666,1099348.28,0,coinbase
1713398400,13.134,13.99,12.816,13.893,13.566333333333333,863453.54,0,coinbase
1713484800,13.897,14.13,12.75,13.955,13.611666666666666,1599485.91,0,coinbase
1713571200,13.954,15.04,13.756,14.964,14.586666666666666,1274319.37,0,coinbase
1713657600,14.965,15.18,14.537,15.106,14.941,648422.45,0,coinbase
1713744000,15.112,16.039,15.015,15.461,15.505,1484483.36,0,coinbase
1713830400,15.459,15.584,15.107,15.182,15.290999999999999,797669.59,0,coinbase
1713916800,15.181,15.639,14.101,14.528,14.756,1278302.2,0,coinbase
1714003200,14.532,14.897,14.352,14.592,14.613666666666667,822340.42,0,coinbase
1714089600,14.592,14.936,14.354,14.48,14.589999999999998,706120.45,0,coinbase
1714176000,14.485,14.522,13.862,14.254,14.212666666666665,997822.78,0,coinbase
1714262400,14.259,14.434,13.723,13.803,13.986666666666666,728110.82,0,coinbase
1714348800,13.808,14.18,13.71,14.074,13.988,691545.22,0,coinbase
1714435200,14.074,14.205,12.77,13.121,13.365333333333334,1475649.71,0,coinbase
1714521600,13.121,13.501,12.404,13.328,13.077666666666667,1951537.72,0,coinbase
1714608000,13.331,13.781,12.915,13.588,13.427999999999999,911512.35,0,coinbase
1714694400,13.59,14.208,13.453,14.1,13.920333333333334,1193549.28,0,coinbase
1714780800,14.101,14.482,13.979,14.324,14.261666666666665,877252.38,0,coinbase
1714867200,14.32,14.662,14.11,14.371,14.381,607333.95,0,coinbase
1714953600,14.375,15.166,14.279,14.483,14.642666666666665,1159370.54,0,coinbase
1715040000,14.487,14.72,13.963,14.001,14.228,1158625.92,0,coinbase
1715126400,13.996,14.114,13.684,13.893,13.897,972452.44,0,coinbase
1715212800,13.892,14.365,13.836,14.235,14.145333333333333,977051.39,0,coinbase
1715299200,14.235,14.37,13.487,13.564,13.807,859670.36,0,coinbase
1715385600,13.564,13.81,13.267,13.302,13.459666666666665,731768.98,0,coinbase
1715472000,13.3,13.589,13.28,13.554,13.474333333333334,320564.8,0,coinbase
1715558400,13.559,13.672,13.069,13.392,13.377666666666665,1022723.33,0,coinbase
1715644800,13.391,13.59,12.93,12.981,13.167,814584.81,0,coinbase
1715731200,12.98,13.943,12.838,13.872,13.551,1077564.58,0,coinbase
1715817600,13.872,15.868,13.538,15.52,14.975333333333333,3111262.19,0,coinbase
1715904000,15.515,16.765,15.5,16.247,16.170666666666666,4147880.57,0,coinbase
1715990400,16.241,16.57,16.055,16.331,16.31866666666667,1545390.07,0,coinbase
1716076800,16.335,17.115,16.303,16.561,16.659666666666666,2816903.08,0,coinbase
1716163200,16.562,17.465,16.375,17.267,17.035666666666668,3541407.11,0,coinbase
1716249600,17.268,17.454,16.51,16.735,16.899666666666665,1913414.3,0,coinbase
1716336000,16.741,16.927,16.161,16.348,16.478666666666665,1263676.34,0,coinbase
1716422400,16.349,16.803,15.418,16.594,16.27166666666667,2278825.82,0,coinbase
1716508800,16.588,17.773,16.554,17.245,17.19066666666667,2983480.25,0,coinbase
1716595200,17.248,17.463,16.917,17.436,17.272000000000002,814342.72,0,coinbase
1716681600,17.438,17.901,16.983,17.032,17.305333333333333,1142638.34,0,coinbase
1716768000,17.032,18.849,16.878,18.773,18.166666666666668,2327412.58,0,coinbase
1716854400,18.776,18.825,17.857,18.513,18.398333333333337,2605867.58,0,coinbase
1716940800,18.517,19.208,18.025,18.434,18.555666666666667,2204916.5,0,coinbase
1717027200,18.433,19.19,17.782,17.944,18.305333333333333,1504309.2,0,coinbase
1717113600,17.945,18.722,17.449,18.395,18.188666666666666,940255.9,0,coinbase
1717200000,18.396,18.665,18.249,18.425,18.44633333333333,491131.27,0,coinbase
1717286400,18.427,18.55,18.061,18.138,18.24966666666667,461400.48,0,coinbase
1717372800,18.137,18.343,17.539,17.629,17.837000000000003,991439.52,0,coinbase
1717459200,17.627,17.853,17.474,17.719,17.682,682852.68,0,coinbase
1717545600,17.714,18.081,17.622,17.746,17.816333333333333,543910.98,0,coinbase
1717632000,17.747,17.78,17.103,17.243,17.375333333333334,757783.24,0,coinbase
1717718400,17.244,17.707,15.5,16.311,16.506,1449582.2,0,coinbase
1717804800,16.312,16.414,15.679,15.928,16.007,891093.49,0,coinbase
1717891200,15.926,16.382,15.905,16.375,16.220666666666666,338979.99,0,coinbase
1717977600,16.376,16.392,15.755,15.899,16.015333333333334,683508.92,0,coinbase
1718064000,15.9,15.907,14.654,14.989,15.183333333333332,1837834.34,0,coinbase
1718150400,14.987,16.239,14.729,15.999,15.655666666666667,1655733.85,0,coinbase
1718236800,16.005,16.046,15.05,15.135,15.410333333333334,1174634.61,0,coinbase
1718323200,15.133,15.455,14.423,14.742,14.873333333333335,1686855.4,0,coinbase
1718409600,14.737,15.103,14.695,14.852,14.883333333333335,646734.35,0,coinbase
1718496000,14.852,15.219,14.564,15.131,14.971333333333334,519413.17,0,coinbase
1718582400,15.131,15.209,14.008,14.518,14.578333333333333,1463410.2,0,coinbase
1718668800,14.519,14.616,12.93,13.977,13.841,2357403.28,0,coinbase
1718755200,13.98,14.497,13.909,14.338,14.248,1292776.1,0,coinbase
1718841600,14.34,14.848,14.185,14.248,14.427,1268679.8,0,coinbase
1718928000,14.252,14.582,13.84,13.844,14.088666666666667,1634421.23,0,coinbase
1719014400,13.845,13.905,13.451,13.477,13.610999999999999,702180.03,0,coinbase
1719100800,13.478,13.676,13.138,13.184,13.332666666666666,582538.47,0,coinbase
1719187200,13.186,13.684,12.69,13.609,13.327666666666666,1958245.81,0,coinbase
1719273600,13.601,14.293,13.566,14.192,14.017000000000001,1239342.26,0,coinbase
1719360000,14.191,14.287,13.85,13.906,14.014333333333333,535708.75,0,coinbase
1719446400,13.906,14.549,13.576,14.409,14.177999999999999,844608.11,0,coinbase
1719532800,14.408,14.578,13.734,13.755,14.022333333333334,810726.85,0,coinbase
1719619200,13.754,14.143,13.45,13.523,13.705333333333334,450319.92,0,coinbase
1719705600,13.524,14.325,13.429,14.251,14.001666666666665,625921.58,0,coinbase
1719792000,14.258,14.562,14.201,14.32,14.360999999999999,911577.57,0,coinbase
1719878400,14.325,14.73,14.232,14.397,14.453000000000001,777636.77,0,coinbase
1719964800,14.392,14.572,13.541,13.576,13.896333333333333,1502724.47,0,coinbase
1720051200,13.577,13.723,12.51,12.536,12.923,1687689.29,0,coinbase
1720137600,12.532,12.545,11.042,12.309,11.965333333333334,3553067.1,0,coinbase
1720224000,12.31,13.283,12.187,13.182,12.884,1234737.45,0,coinbase
1720310400,13.184,13.196,12.286,12.352,12.611333333333334,922351.69,0,coinbase
1720396800,12.353,13.524,11.775,13.123,12.807333333333332,2352509.07,0,coinbase
1720483200,13.122,13.314,12.727,12.839,12.96,1165080.33,0,coinbase
1720569600,12.833,13.171,12.693,12.792,12.885333333333334,1102006.08,0,coinbase
1720656000,12.792,13.159,12.289,12.343,12.597,1292231.18,0,coinbase
1720742400,12.351,12.832,12.229,12.739,12.6,981561.06,0,coinbase
1720828800,12.749,13.137,12.705,13.021,12.954333333333333,774737.55,0,coinbase
1720915200,13.022,13.531,12.898,13.46,13.296333333333335,1088609.46,0,coinbase
1721001600,13.45,14.51,13.409,14.403,14.107333333333335,1871748.35,0,coinbase
1721088000,14.4,14.628,13.82,14.214,14.220666666666666,1392892.52,0,coinbase
1721174400,14.216,14.505,13.731,13.736,13.990666666666668,971696.59,0,coinbase
1721260800,13.739,14.0,13.413,13.594,13.668999999999999,1021805.39,0,coinbase
1721347200,13.59,14.15,13.34,14.087,13.859,999471.62,0,coinbase
1721433600,14.084,14.339,13.856,14.251,14.148666666666665,704929.23,0,coinbase
1721520000,14.253,15.008,13.95,14.821,14.592999999999998,1400775.93,0,coinbase
1721606400,14.824,14.878,13.79,13.94,14.202666666666666,1384527.51,0,coinbase
1721692800,13.942,14.166,13.496,13.909,13.857,949917.05,0,coinbase
1721779200,13.909,13.957,13.25,13.403,13.536666666666667,780408.02,0,coinbase
1721865600,13.403,13.443,12.461,12.935,12.946333333333333,1286564.35,0,coinbase
1721952000,12.934,13.641,12.906,13.53,13.359,763476.45,0,coinbase
1722038400,13.528,13.875,13.262,13.549,13.562,639069.43,0,coinbase
1722124800,13.546,13.644,13.188,13.305,13.379,578664.7,0,coinbase
1722211200,13.301,13.903,13.298,13.534,13.578333333333333,1018724.85,0,coinbase
1722297600,13.533,13.79,12.98,13.13,13.299999999999999,633971.2,0,coinbase
1722384000,13.124,13.415,12.77,12.823,13.002666666666665,799327.34,0,coinbase
1722470400,12.823,13.092,12.12,12.873,12.695,1036484.84,0,coinbase
1722556800,12.872,12.936,11.751,11.908,12.198333333333332,1499514.4,0,coinbase
1722643200,11.908,12.127,11.336,11.679,11.714,1227047.73,0,coinbase
1722729600,11.68,11.778,10.484,10.884,11.048666666666668,1609885.92,0,coinbase
1722816000,10.884,10.973,8.082,9.49,9.515,7259026.33,0,coinbase
1722902400,9.492,10.466,9.482,10.071,10.006333333333332,2904925.76,0,coinbase
1722988800,10.067,10.489,9.423,9.489,9.800333333333333,2089119.14,0,coinbase
1723075200,9.492,10.837,9.34,10.754,10.310333333333332,1442474.69,0,coinbase
1723161600,10.752,10.752,10.16,10.541,10.484333333333334,1234926.58,0,coinbase
1723248000,10.542,10.706,10.473,10.555,10.578000000000001,754905.17,0,coinbase
1723334400,10.559,10.844,9.948,10.001,10.264333333333333,776429.11,0,coinbase
1723420800,10.001,10.754,9.943,10.553,10.416666666666666,1111567.45,0,coinbase
1723507200,10.553,10.69,10.097,10.575,10.453999999999999,1031772.68,0,coinbase
1723593600,10.575,10.747,10.212,10.4,10.453000000000001,999575.53,0,coinbase
1723680000,10.396,10.693,9.98,10.177,10.283333333333333,1495414.61,0,coinbase
1723766400,10.177,10.401,9.917,10.131,10.149666666666667,1313745.5,0,coinbase
1723852800,10.127,10.18,10.03,10.155,10.121666666666668,507403.86,0,coinbase
1723939200,10.158,10.472,10.06,10.087,10.206333333333333,674829.62,0,coinbase
1724025600,10.083,10.201,9.947,10.185,10.110999999999999,901293.04,0,coinbase
1724112000,10.186,10.551,10.045,10.235,10.277,1410415.88,0,coinbase
1724198400,10.234,11.402,10.15,11.215,10.922333333333333,1710698.4,0,coinbase
1724284800,11.218,11.618,11.15,11.478,11.415333333333335,1376647.44,0,coinbase
1724371200,11.48,12.213,11.457,12.06,11.910000000000002,1844129.47,0,coinbase
1724457600,12.064,12.561,11.913,12.346,12.273333333333333,1179230.99,0,coinbase
1724544000,12.345,12.39,11.954,12.111,12.151666666666666,1352953.15,0,coinbase
1724630400,12.11,12.698,11.838,11.841,12.125666666666667,1702518.33,0,coinbase
1724716800,11.84,12.049,10.905,11.161,11.371666666666668,1901385.87,0,coinbase
1724803200,11.162,11.708,10.94,11.172,11.273333333333333,1322575.88,0,coinbase
1724889600,11.177,11.469,10.814,10.946,11.076333333333332,1043963.38,0,coinbase
1724976000,10.942,11.198,10.5,11.107,10.935,1022683.86,0,coinbase
1725062400,11.114,11.207,10.929,11.01,11.048666666666668,481037.77,0,coinbase
1725148800,11.011,11.018,10.233,10.368,10.539666666666667,802823.97,0,coinbase
1725235200,10.365,10.834,10.319,10.761,10.638,798196.61,0,coinbase
1725321600,10.761,10.88,10.209,10.31,10.466333333333333,919948.67,0,coinbase
1725408000,10.31,10.498,9.822,10.332,10.217333333333334,1429384.61,0,coinbase
1725494400,10.332,10.394,9.909,10.025,10.109333333333334,842590.2,0,coinbase
1725580800,10.023,10.177,9.28,9.576,9.677666666666667,1854086.15,0,coinbase
1725667200,9.574,10.157,9.556,10.027,9.913333333333334,1137684.03,0,coinbase
1725753600,10.027,10.452,9.965,10.351,10.256,876470.5,0,coinbase
1725840000,10.351,10.824,10.271,10.539,10.544666666666666,1812036.78,0,coinbase
1725926400,10.539,10.742,10.329,10.59,10.553666666666667,921010.02,0,coinbase
1726012800,10.59,10.598,10.172,10.396,10.388666666666667,1258969.5,0,coinbase
1726099200,10.397,10.804,10.39,10.785,10.659666666666668,1074765.39,0,coinbase
1726185600,10.786,11.566,10.64,11.45,11.21866666666667,1867744.0,0,coinbase
1726272000,11.458,11.484,11.218,11.302,11.334666666666665,661880.29,0,coinbase
1726358400,11.302,11.366,10.8,10.811,10.992333333333335,847664.69,0,coinbase
1726444800,10.812,10.829,10.412,10.544,10.595,1294279.35,0,coinbase
1726531200,10.535,10.918,10.434,10.627,10.659666666666666,1428485.75,0,coinbase
1726617600,10.624,10.894,10.289,10.891,10.691333333333333,1469395.63,0,coinbase
1726704000,10.894,11.397,10.894,11.202,11.164333333333333,1841682.68,0,coinbase
1726790400,11.204,11.737,11.124,11.439,11.433333333333332,1515133.95,0,coinbase
1726876800,11.44,11.546,11.213,11.49,11.416333333333334,730326.37,0,coinbase
1726963200,11.493,11.549,10.853,11.13,11.177333333333335,950773.25,0,coinbase
1727049600,11.132,11.612,10.915,11.389,11.305333333333332,1380232.89,0,coinbase
1727136000,11.393,12.226,11.192,12.148,11.855333333333334,2030716.55,0,coinbase
1727222400,12.149,12.557,12.061,12.102,12.24,1635101.59,0,coinbase
1727308800,12.106,12.749,11.872,12.558,12.393,2007476.32,0,coinbase
1727395200,12.558,12.882,12.45,12.669,12.667000000000002,1377356.57,0,coinbase
1727481600,12.67,12.974,12.368,12.944,12.762,952246.73,0,coinbase
1727568000,12.948,12.974,12.437,12.467,12.626,823826.05,0,coinbase
1727654400,12.467,12.474,11.757,11.847,12.026000000000002,1497772.9,0,coinbase
1727740800,11.847,12.249,10.873,11.015,11.379,2435436.2,0,coinbase
1727827200,11.01,11.305,10.45,10.653,10.802666666666667,1743470.27,0,coinbase
1727913600,10.649,10.863,10.342,10.657,10.620666666666667,1548507.54,0,coinbase
1728000000,10.658,11.245,10.594,11.074,10.970999999999998,1305108.15,0,coinbase
1728086400,11.077,11.379,10.985,11.262,11.208666666666666,938777.46,0,coinbase
1728172800,11.266,11.395,11.16,11.276,11.277000000000001,985494.53,0,coinbase
1728259200,11.275,11.745,11.131,11.157,11.344333333333333,2052239.77,0,coinbase
1728345600,11.158,11.287,10.783,10.826,10.965333333333334,1382995.34,0,coinbase
1728432000,10.824,10.961,10.404,10.527,10.630666666666668,1238341.81,0,coinbase
1728518400,10.529,10.73,10.24,10.55,10.506666666666666,1271114.2,0,coinbase
1728604800,10.55,10.948,10.494,10.933,10.791666666666666,1164762.63,0,coinbase
1728691200,10.9,11.143,10.834,10.998,10.991666666666667,826585.45,0,coinbase
1728777600,10.999,11.072,10.622,10.751,10.815,915033.09,0,coinbase
1728864000,10.75,11.339,10.599,11.283,11.073666666666668,2095539.98,0,coinbase
1728950400,11.28,11.687,10.932,11.455,11.357999999999999,2578959.38,0,coinbase
1729036800,11.458,11.527,11.064,11.243,11.278,1594260.05,0,coinbase
1729123200,11.27097,11.34536,10.84439,11.02509,11.01519,119916.69862109,1837,kraken
1729209600,11.02048,11.4949,10.98422,11.47165,11.31805,103994.46756456,1869,kraken
1729296000,11.47999,11.5885,11.29101,11.42331,11.4055,37253.22605025,1177,kraken
1729382400,11.41484,12.02301,11.28297,11.95372,11.75905,86432.63908673,2271,kraken
1729468800,11.97286,12.01882,11.54647,11.70353,11.72427,72744.46369679,1711,kraken
1729555200,11.72818,12.31887,11.6017,11.95765,12.07372,125993.45959866,3181,kraken
1729641600,11.95872,11.98746,10.99761,11.31588,11.3506,189529.38670461,3488,kraken
1729728000,11.29833,11.6285,11.22189,11.6014,11.44654,109983.07118139,2118,kraken
1729814400,11.61386,12.08143,10.8,11.11787,11.56415,244773.75997584,4607,kraken
1729900800,11.11787,11.36792,10.8187,10.99571,11.0849,135590.23282314,2270,kraken
1729987200,10.99279,11.14369,10.8437,10.97605,10.9824,116972.68761107,1432,kraken
1730073600,10.97269,11.24133,10.70663,11.18796,11.00338,134611.28534962,2430,kraken
1730160000,11.18235,11.79429,11.14778,11.7898,11.48153,188442.49114271,3371,kraken
1730246400,11.78981,12.44102,11.64184,12.38751,12.10755,117662.89172982,3985,kraken
1730332800,12.38876,12.44547,11.31355,11.4122,11.79682,112809.41354981,2959,kraken
1730419200,11.40185,11.70998,11.14488,11.25338,11.40918,146138.17997844,2908,kraken
1730505600,11.24001,11.39397,11.07671,11.17201,11.16359,107085.65505194,2067,kraken
1730592000,11.18591,11.22881,10.52,10.7657,10.81673,69030.10815422,2640,kraken
1730678400,10.75624,10.89548,10.0671,10.24625,10.464,105844.14373264,4036,kraken
1730764800,10.24481,10.9352,10.18544,10.84493,10.69121,127508.56898591,3033,kraken
1730851200,10.83493,12.31281,10.82,12.18104,11.77422,351575.22562087,5478,kraken
1730937600,12.18601,12.70412,12.08342,12.61347,12.4104,230272.82792588,5782,kraken
1731024000,12.60586,13.74915,12.54568,13.70084,13.1376,220057.43421765,5788,kraken
1731110400,13.69776,13.83559,13.29543,13.77524,13.52244,188671.65979418,4082,kraken
1731196800,13.77269,14.84714,13.66808,14.26733,14.34793,403340.71229207,9013,kraken
1731283200,14.274,14.95004,13.63257,14.92522,14.39088,337464.85365643,8059,kraken
1731369600,14.91422,15.3486,13.67828,13.96851,14.37995,345775.46649192,9781,kraken
1731456000,13.96782,14.39988,13.07852,13.49635,13.74883,343497.72041123,9044,kraken
1731542400,13.49936,13.8172,12.81237,13.00197,13.3049,188436.9455101,5629,kraken
1731628800,12.99041,13.89456,12.72977,13.82971,13.40667,210100.43528053,5391,kraken
1731715200,13.83488,14.79676,13.7479,14.53584,14.3015,266935.62685224,5922,kraken
1731801600,14.53658,14.88007,13.57087,13.79262,14.14674,219865.93955309,6002,kraken
1731888000,13.79255,15.99853,13.768,15.2698,15.08501,365926.39045613,9468,kraken
1731974400,15.27137,15.43278,14.40914,14.64048,14.84916,283512.88293716,7235,kraken
1732060800,14.63509,15.3294,14.0529,14.25919,14.60683,195543.12181879,7056,kraken
1732147200,14.23317,15.36926,13.86866,14.9082,14.78476,279676.79636228,7969,kraken
1732233600,14.90846,16.59757,14.74742,16.58,15.45152,566290.44187538,13458,kraken
1732320000,16.5647,18.42424,16.3228,17.40251,17.41293,652812.64299977,18035,kraken
1732406400,17.39967,18.35807,16.1472,17.90833,17.36442,439136.39458144,14569,kraken
1732492800,17.93619,19.04737,17.1403,17.3424,18.20946,548721.8721686,17449,kraken
1732579200,17.33379,17.82182,16.18812,17.35255,17.01443,358470.38541837,13343,kraken
1732665600,17.33041,19.0,16.97555,18.68087,18.0527,356731.91039741,16719,kraken
1732752000,18.68036,18.7095,17.51,17.93827,17.97267,265003.49482875,12332,kraken
1732838400,17.94315,18.40054,17.54884,18.25794,18.06858,215291.87199736,6240,kraken
1732924800,18.25794,19.44428,17.93466,19.0052,18.78982,236509.72555737,8579,kraken
1733011200,19.00818,19.09004,18.45568,18.93701,18.77083,149829.15766356,7040,kraken
1733097600,18.93393,26.9,18.59704,25.22392,22.27786,2562041.80614995,62381,kraken
1733184000,25.22002,26.222,22.59616,24.12036,24.51598,1230587.95566999,37718,kraken
1733270400,24.11687,26.48469,23.58909,24.10872,24.7275,898920.41100498,26808,kraken
1733356800,24.11327,24.90697,22.34363,23.18955,23.93809,655795.55670295,20952,kraken
1733443200,23.17116,25.97501,22.77453,25.9024,24.43711,488284.23983219,17441,kraken
1733529600,25.90231,26.87397,24.4827,24.79725,25.42758,425539.85713003,20465,kraken
1733616000,24.81203,27.3965,24.71891,26.09493,26.09575,427441.77108431,19035,kraken
1733702400,26.10825,27.33196,19.74833,22.27832,23.90965,1201092.51534722,36793,kraken
1733788800,22.26344,23.76075,20.265,22.11685,22.00187,685368.00428222,26019,kraken
1733875200,22.13302,24.32489,21.17971,24.11399,23.25655,519977.78872446,21215,kraken
1733961600,24.08842,29.52494,23.91475,29.10157,27.78142,1412749.86844899,40906,kraken
1734048000,29.13873,30.91023,27.52353,29.01605,28.8743,687352.12014689,28111,kraken
1734134400,29.01244,30.74177,28.72126,29.12656,29.6987,543609.58958063,24731,kraken
1734220800,29.11668,29.83913,28.03955,29.26263,28.93965,377808.25057567,17676,kraken
1734307200,29.24729,30.79447,28.4453,28.75144,29.62305,486478.91665675,23473,kraken
1734393600,28.75,29.05505,27.35096,27.81264,28.22472,413955.47267648,16054,kraken
1734480000,27.84783,28.39744,24.72631,24.86762,26.46344,532317.56272546,22200,kraken
1734566400,24.86761,25.57835,21.69551,22.7838,23.70506,962632.19557355,26586,kraken
1734652800,22.79703,23.67947,20.01498,23.38049,21.97762,628800.20398563,21517,kraken
1734739200,23.3812,24.94718,21.77,22.09549,23.21044,381644.28332772,15564,kraken
1734825600,22.10302,22.76377,21.27741,22.06036,22.0896,206294.94161177,10105,kraken
1734912000,22.07004,24.90683,21.499,24.51476,23.14409,454676.60438229,16657,kraken
1734998400,24.54386,25.95413,23.50844,25.39529,24.69753,381245.07105822,12464,kraken
1735084800,25.41215,25.53536,24.14507,24.40645,24.69077,200710.6507205,10081,kraken
1735171200,24.39207,24.66398,22.4021,22.64355,23.21707,301945.24333481,12043,kraken
1735257600,22.64118,23.64577,21.3591,21.52454,22.59701,175557.79572809,7821,kraken
1735344000,21.51372,22.31074,21.04697,21.94664,21.50724,155124.60865239,7824,kraken
1735430400,21.95222,21.95222,20.73639,20.90899,21.30639,144415.34532832,6540,kraken
1735516800,20.88743,21.76458,20.04796,20.57982,20.73428,297688.03494131,7113,kraken
1735603200,20.52767,21.14847,19.80003,19.97683,20.46387,151794.89300191,4803,kraken
1735689600,19.97632,21.80761,19.67302,21.69748,20.6341,171670.14365874,4628,kraken
1735776000,21.7002,22.86158,21.69281,22.04371,22.24022,183611.25906751,5454,kraken
1735862400,22.04371,23.89347,21.64645,23.45668,22.96684,345583.7352721,8905,kraken
1735948800,23.45853,24.03895,22.85303,23.59514,23.41699,184808.57482846,7033,kraken
1736035200,23.60721,23.80332,22.868,23.57678,23.34531,91826.06983,4713,kraken
1736121600,23.58396,24.77605,23.02991,23.85512,23.9253,258558.92027203,7304,kraken
1736208000,23.76531,23.83181,21.1848,21.3931,22.39291,299273.75914338,10522,kraken
1736294400,21.38904,21.71845,19.57326,20.4372,20.47149,362348.76748002,10411,kraken
1736380800,20.43583,20.70368,19.135,19.64387,19.79127,195431.71821504,7531,kraken
1736467200,19.64593,20.51844,19.54,20.24139,20.17335,200733.81540586,6764,kraken
1736553600,20.25269,20.65,19.82019,20.19107,20.23195,108450.35657925,4513,kraken
1736640000,20.19108,20.30682,19.5803,19.83364,19.95953,239193.42658313,5319,kraken
1736726400,19.8251,20.40691,17.84267,19.36044,18.77958,304620.8118837,10187,kraken
1736812800,19.36105,20.47406,19.26811,20.30205,20.00096,143955.62626337,6662,kraken
1736899200,20.3064,22.14325,20.11,22.1173,21.22462,250906.06269571,9029,kraken
1736985600,22.10999,23.7594,21.30964,23.00899,22.83294,378648.15491277,10280,kraken
1737072000,23.01,25.21713,23.01,25.09758,24.20576,287457.04067477,9634,kraken
1737158400,25.09757,25.66101,23.3246,24.06839,24.09699,429337.21403732,10809,kraken
1737244800,24.06092,26.64685,22.12333,24.30647,24.56786,1084339.01880887,27474,kraken
1737331200,24.29516,26.90033,23.35883,25.05408,25.32969,939564.83215475,33652,kraken
1737417600,25.05441,27.06369,23.67427,26.74819,25.69833,504632.18729822,19781,kraken
1737504000,26.67165,27.2,25.15621,25.26918,25.93945,288883.72781619,10512,kraken
1737590400,25.2601,28.07124,23.99253,25.68212,25.17542,426053.72084014,15392,kraken
1737676800,25.66984,26.41487,24.87645,25.18697,25.73557,265329.88810429,9001,kraken
1737763200,25.18697,25.40775,24.69951,24.92,25.01581,126255.85306316,4944,kraken
1737849600,24.91999,26.365,24.7507,24.85111,25.61103,249146.17761608,8369,kraken
1737936000,24.85485,25.09687,22.19027,24.20088,23.48021,636059.03527859,18659,kraken
1738022400,24.20088,24.6377,22.35742,22.617,23.45648,417578.4565827,10172,kraken
1738108800,22.61701,24.43285,22.25,23.63163,23.22745,450304.22866763,10229,kraken
1738195200,23.64028,25.2,23.42503,24.46939,24.5038,184538.38091062,7700,kraken
1738281600,24.46659,26.38816,24.12741,25.14,25.26322,255835.05479206,9786,kraken
1738368000,25.14,25.9354,22.88969,22.98703,24.28488,267289.19029361,8535,kraken
1738454400,22.98533,23.33263,19.29358,20.46372,21.54713,916306.48599017,15454,kraken
1738540800,20.46109,22.04019,15.80252,21.67857,19.08966,1060849.54282587,21372,kraken
1738627200,21.70455,21.73299,19.33167,20.0199,20.38163,513474.78870954,9666,kraken
1738713600,19.99606,20.27162,18.96967,19.18218,19.62557,264997.53389328,5450,kraken
1738800000,19.1873,19.93508,18.41816,18.58992,18.957,313962.16781635,5705,kraken
1738886400,18.59602,19.85,17.80321,18.38405,18.82468,215197.70067609,5546,kraken
1738972800,18.38252,18.63033,17.87959,18.4426,18.14733,104994.54365665,2951,kraken
1739059200,18.44502,18.9927,17.44614,18.28588,18.09938,219354.91340667,4024,kraken
1739145600,18.27549,19.1231,17.68347,18.80453,18.60617,110549.75270959,4131,kraken
1739232000,18.80069,19.7817,18.21491,18.6409,19.11059,274471.38123128,5949,kraken
1739318400,18.64682,19.49803,17.66667,19.20372,18.50266,278448.91946285,6208,kraken
1739404800,19.20372,19.31565,18.20098,18.55922,18.63002,177179.23613973,3779,kraken
1739491200,18.55917,19.83569,18.46384,19.38071,19.32549,190794.84901062,5093,kraken
1739577600,19.39499,19.64195,18.7124,18.98267,19.19339,117832.86719747,3190,kraken
1739664000,18.98959,19.27139,18.56319,18.70884,18.86037,115309.22222658,3871,kraken
1739750400,18.70458,19.78,18.39136,19.09646,19.10913,235579.87175153,7323,kraken
1739836800,19.11033,19.17954,17.27165,17.84149,17.98767,768767.92608152,12609,kraken
1739923200,17.84878,18.17,17.44408,17.98195,17.83523,157051.4625397,4109,kraken
1740009600,17.98967,18.4512,17.82724,18.28927,18.13824,119006.95623834,3553,kraken
1740096000,18.29142,19.04454,17.11765,17.4,18.10921,376432.59215689,7060,kraken
1740182400,17.40176,18.02183,17.31722,17.75369,17.66359,114723.28245872,3568,kraken
1740268800,17.75414,18.13025,17.44485,17.6106,17.64371,56091.59838827,3014,kraken
1740355200,17.61466,17.736,14.95774,15.24068,16.29667,291238.26423491,9238,kraken
1740441600,15.24209,15.55237,14.01129,15.28192,14.78878,347050.12803648,10045,kraken
1740528000,15.29344,15.74511,14.6,15.23274,15.22509,240787.74360903,7053,kraken
1740614400,15.24013,15.75311,14.77075,15.09415,15.30893,132403.04523747,4000,kraken
1740700800,15.09589,15.17497,13.45787,14.82223,14.2098,271471.82530096,6575,kraken
1740787200,14.81374,15.12139,14.21675,14.75526,14.71526,146942.13506028,3655,kraken
1740873600,14.7364,17.5241,14.42,17.45557,16.13737,489343.64334503,8859,kraken
1740960000,17.42317,17.47378,14.37064,14.43381,15.89856,399000.62639156,8285,kraken
1741046400,14.43592,15.33257,13.08,14.85573,14.15527,479152.73867751,8812,kraken
1741132800,14.86216,16.58211,14.62378,16.43111,15.82273,290016.51388467,7052,kraken
1741219200,16.41655,17.65914,16.38758,17.05634,17.11361,535922.74897389,8279,kraken
1741305600,17.05632,17.5003,15.75,15.94065,16.67944,483870.32253507,9240,kraken
1741392000,15.94329,16.0623,15.12392,15.24662,15.50912,146863.84129233,3765,kraken
1741478400,15.24899,15.34967,13.62463,13.78388,14.27287,265395.10393618,5730,kraken
1741564800,13.79048,14.54397,12.42874,12.64833,13.30564,344772.94929598,7578,kraken
1741651200,12.64544,13.64406,11.85713,13.09717,12.71989,457728.15935755,7185,kraken
1741737600,13.14153,13.81,12.65967,13.48668,13.27436,213773.76818565,4867,kraken
1741824000,13.49164,13.57758,12.71768,13.03961,13.15907,109726.06035607,2670,kraken
1741910400,13.04001,14.67298,12.98959,13.65061,14.02188,410707.98449772,6920,kraken
1741996800,13.65061,14.23441,13.64676,14.01416,13.95541,104470.03805358,2754,kraken
1742083200,14.01415,14.1801,13.22549,13.37612,13.62761,165107.67349273,2818,kraken
1742169600,13.37612,14.23878,13.37611,14.04087,13.81319,136332.69606017,2921,kraken
1742256000,14.04412,14.2592,13.46328,13.91722,13.82982,144788.15764063,3899,kraken
1742342400,13.91011,15.03106,13.78135,15.0123,14.40237,194848.22588692,5280,kraken
1742428800,15.02681,15.17112,14.06955,14.21232,14.49653,158144.404158,3422,kraken
1742515200,14.21383,14.37475,13.83239,13.95417,14.05433,99891.34164175,2553,kraken
1742601600,13.95416,14.49368,13.93394,14.24321,14.27758,71010.28799771,2141,kraken
1742688000,14.2424,14.48961,14.21248,14.45698,14.38452,213754.33110472,2941,kraken
1742774400,14.462,15.39,14.15999,15.12145,15.02675,152829.58328907,4758,kraken
1742860800,15.12832,15.64,14.87991,15.4603,15.39409,128840.36896885,3397,kraken
1742947200,15.4196,15.99,14.946,15.26201,15.50755,288306.60432206,4942,kraken
1743033600,15.24252,15.78159,15.17332,15.50438,15.53408,111570.81333716,3320,kraken
1743120000,15.519,15.58053,14.00813,14.24586,14.43042,168719.05607687,4067,kraken
1743206400,14.2473,14.39656,13.37644,13.552,13.8012,89218.28369972,2653,kraken
1743292800,13.54147,13.84171,13.20683,13.40205,13.53669,110923.95831496,2201,kraken
1743379200,13.40342,13.70816,12.96337,13.51079,13.39155,98085.19172305,3044,kraken
1743465600,13.50651,14.39001,13.498,14.03094,13.97457,112704.01077541,2911,kraken
1743552000,14.0489,14.39967,12.81513,12.9,13.60119,173978.48379201,4822,kraken
1743638400,12.89721,13.30503,12.31001,12.88246,12.70599,136031.89008007,4636,kraken
1743724800,12.89937,13.18205,12.35659,12.93719,12.84748,136894.01689979,3807,kraken
1743811200,12.94021,13.0391,12.58,12.84297,12.84153,65904.68903603,1703,kraken
1743897600,12.84356,12.93527,11.001,11.27965,11.92243,205242.8666275,5568,kraken
1743984000,11.28262,11.85884,10.117,11.44029,11.04232,258831.45322883,7107,kraken
1744070400,11.43489,11.87199,10.78088,10.91287,11.37646,230948.05168403,5302,kraken
1744156800,10.9091,12.81344,10.446,12.64949,11.74264,240726.56607494,5340,kraken
1744243200,12.64495,12.65555,11.67509,12.08692,12.14238,143894.1626273,3172,kraken
1744329600,12.06857,12.89198,12.03002,12.66307,12.45408,347743.3044909,4179,kraken
1744416000,12.64269,13.27962,12.4718,13.14329,12.93576,105236.48451717,2482,kraken
1744502400,13.15068,13.21978,12.42698,12.62019,12.82836,163515.77445357,2959,kraken
1744588800,12.62551,13.23317,12.57119,12.62957,12.90548,182389.45887078,3974,kraken
1744675200,12.63577,12.83,12.22001,12.23325,12.54478,88735.44492175,2136,kraken
1744761600,12.2301,12.52075,11.90907,12.35933,12.29311,128710.83656256,2562,kraken
1744848000,12.35724,12.6908,12.20165,12.52935,12.52419,67949.61222603,2168,kraken
1744934400,12.53774,12.70819,12.41267,12.54925,12.57857,49783.18010975,1475,kraken
1745020800,12.55792,13.04056,12.54487,12.94511,12.82637,43850.70179356,1256,kraken
1745107200,12.94001,13.58736,12.87776,13.27225,13.2059,38436.81753013,1942,kraken
1745193600,13.278,13.68954,12.98,13.11062,13.35006,86150.6345167,2286,kraken
1745280000,13.10888,14.16374,12.86809,14.13988,13.63376,147226.58580264,3168,kraken
1745366400,14.12956,15.26927,14.02925,15.02093,14.78596,209862.7555014,5752,kraken
1745452800,15.02055,15.13969,14.17198,15.03236,14.77646,164466.02914643,4448,kraken
1745539200,15.05459,15.35404,14.72735,14.94,15.07625,163889.68732186,3674,kraken
1745625600,14.93176,15.27233,14.68379,14.86769,14.99523,56804.44247535,1608,kraken
1745712000,14.87397,15.09437,14.39125,14.57089,14.65886,55527.86610959,2094,kraken
1745798400,14.58229,15.10168,14.269,15.02022,14.77142,74378.89824182,3125,kraken
1745884800,15.02022,15.23197,14.49131,14.61917,14.93195,88718.00440034,2718,kraken
1745971200,14.60973,14.74497,13.84295,14.30039,14.17272,106326.50097465,2597,kraken
1746057600,14.29697,15.02925,14.29697,14.75001,14.79857,103196.12360301,2681,kraken
1746144000,14.7526,15.03466,14.4988,14.66133,14.79381,73656.98389164,1927,kraken
1746230400,14.66334,14.66509,14.17855,14.26237,14.41331,45100.45814077,1334,kraken
1746316800,14.24472,14.36483,13.82741,13.86643,14.1046,62070.09517229,1582,kraken
1746403200,13.86378,14.20226,13.495,13.6388,13.77464,83329.43117157,2647,kraken
1746489600,13.642,13.87895,13.20612,13.81653,13.45508,103708.84002209,2115,kraken
1746576000,13.81926,14.07245,13.47136,13.81745,13.77577,114684.54758424,2741,kraken
1746662400,13.82745,15.96126,13.82258,15.87217,15.14894,236615.02280825,6481,kraken
1746748800,15.88611,16.71286,15.58562,15.99001,16.04228,341585.52768863,7837,kraken
1746835200,16.01829,17.45886,15.87006,17.30715,16.63682,203849.50604251,6360,kraken
1746921600,17.32634,17.39897,16.31556,17.09911,16.73533,982870.5507415,10054,kraken
1747008000,17.104,17.95855,16.04699,16.75514,17.0787,423441.02303309,9995,kraken
1747094400,16.73597,17.79999,16.04699,17.40027,16.89083,226943.04160675,6097,kraken
1747180800,17.39166,17.52383,16.69666,17.02234,17.05439,150687.69865625,4513,kraken
1747267200,17.02397,17.21295,15.71284,16.0463,16.32026,342750.40911064,6657,kraken
1747353600,16.0446,16.53593,15.62073,15.7524,16.09865,115756.99075789,3590,kraken
1747440000,15.75959,15.7734,15.10582,15.32535,15.36374,130455.41151056,3530,kraken
1747526400,15.32867,16.39705,14.9158,15.88261,15.50899,199074.19449286,5430,kraken
1747612800,15.88074,16.0012,14.85,15.78602,15.42485,200179.49752806,5032,kraken
1747699200,15.79047,16.4,15.24579,15.70734,15.73191,154450.1787455,4827,kraken
1747785600,15.70894,16.48188,15.51302,16.122,15.95621,269365.97061612,6209,kraken
1747872000,16.10334,16.89551,16.04351,16.73989,16.59586,234942.3035696,4272,kraken
1747958400,16.73938,17.14509,15.42974,15.55311,16.4447,302835.96816583,6333,kraken
1748044800,15.52414,15.90036,15.26461,15.36,15.54968,92292.50577115,2369,kraken
1748131200,15.35167,15.55382,14.86644,15.53809,15.23251,146029.67014829,3006,kraken
1748217600,15.54382,15.96723,15.42237,15.52871,15.66826,126081.81494213,2894,kraken
1748304000,15.53497,16.11809,15.17105,15.93019,15.78991,105872.44700025,3275,kraken
1748390400,15.91475,16.13695,15.31879,15.67653,15.75446,217652.62481428,3713,kraken
1748476800,15.68341,16.1776,15.012,15.05581,15.57798,211370.49850797,4377,kraken
1748563200,15.04737,15.10778,13.7613,13.90603,14.32397,435184.51714006,7049,kraken
1748649600,13.90136,14.18357,13.41469,13.96585,13.73556,324983.76534173,4915,kraken
1748736000,13.97272,14.12262,13.6,14.05607,13.90706,106940.16392776,2432,kraken
1748822400,14.05783,14.11404,13.60897,14.08148,13.77327,174398.44383564,2920,kraken
1748908800,14.08113,14.43724,14.00258,14.11841,14.18857,166038.70944148,2866,kraken
1748995200,14.12024,14.47682,13.71586,13.85057,14.1864,232064.85115311,2828,kraken
1749081600,13.83488,14.03,12.63558,12.89593,13.25321,157594.9838711,4283,kraken
1749168000,12.89566,13.68831,12.83657,13.57271,13.41137,160073.69895393,2970,kraken
1749254400,13.58302,14.08038,13.5054,13.82683,13.85333,261632.76249805,2695,kraken
1749340800,13.82702,13.97127,13.57,13.72767,13.7108,133008.71956312,1934,kraken
1749427200,13.73042,14.39396,13.5375,14.35742,13.90026,268721.88661648,3782,kraken
1749513600,14.34218,15.52398,14.33796,15.44076,15.11287,304173.19628429,6568,kraken
1749600000,15.44045,15.64395,14.78737,14.91273,15.30982,277402.34290761,5865,kraken
1749686400,14.88415,14.9143,13.84172,13.98435,14.31107,148829.38167865,4758,kraken
1749772800,13.97907,13.99122,12.77521,13.44373,13.17987,201202.89977754,5776,kraken
1749859200,13.4479,13.45988,12.85,13.15551,13.13434,110821.15647636,2812,kraken
1749945600,13.15815,13.32764,13.00087,13.29779,13.18675,91596.54902521,2608,kraken
1750032000,13.30077,14.14819,13.18113,13.53497,13.81212,277306.42943719,5030,kraken
1750118400,13.56969,13.77133,12.8125,12.9978,13.19992,228631.93579844,4257,kraken
1750204800,12.99316,13.206,12.64081,13.11,12.95977,265470.69064215,5463,kraken
1750291200,13.11,13.37637,12.91311,13.07458,13.10003,119657.70370092,3096,kraken
1750377600,13.07362,13.27585,12.30906,12.51587,12.79758,172790.41202472,4306,kraken
1750464000,12.50467,12.73734,11.66375,12.02174,12.14016,158083.40162775,4304,kraken
1750550400,12.04062,12.18729,10.94232,11.65255,11.56272,458862.18786301,6386,kraken
1750636800,11.65425,12.94766,11.41573,12.82842,11.95864,411892.3439463,5928,kraken
1750723200,12.84895,13.73107,12.80675,13.41,13.24915,261701.96435105,4787,kraken
1750809600,13.41,13.5,13.00134,13.14672,13.26129,116793.86505272,3295,kraken
1750896000,13.14673,13.55674,12.8951,12.93001,13.17692,91843.56552566,2690,kraken
1750982400,12.94351,13.23857,12.75,13.06134,12.9724,99593.18717137,3090,kraken
1751068800,13.05843,13.44101,13.01958,13.40426,13.22605,49076.96086523,1530,kraken
1751155200,13.40521,13.8595,13.25029,13.7122,13.44821,189461.53854038,3204,kraken
1751241600,13.71273,13.77128,13.13992,13.37596,13.41232,247126.25165304,3938,kraken
1751328000,13.37573,13.43323,12.8,12.89842,13.14066,154877.19704026,2957,kraken
1751414400,12.8993,13.84165,12.74419,13.55618,13.35734,252100.78775379,4384,kraken
1751500800,13.56,14.07244,13.44475,13.65752,13.75294,379964.18640628,5112,kraken
1751587200,13.65752,13.77146,12.94648,13.16293,13.2405,145805.657514,2918,kraken
1751673600,13.16411,13.2639,13.0101,13.23062,13.16492,19077.7125922,1037,kraken
1751760000,13.23449,13.68844,13.11122,13.50368,13.42026,49849.94879065,1665,kraken
1751846400,13.49178,13.71765,13.26157,13.43339,13.46701,70317.35129253,2314,kraken
1751932800,13.43512,13.99,13.2156,13.96574,13.62724,161159.62601056,3908,kraken
1752019200,13.9708,14.36532,13.812,14.2564,14.09027,218752.14389409,5285,kraken
1752105600,14.25401,15.33612,14.1566,15.2506,14.60036,305704.67665831,6969,kraken
1752192000,15.24291,15.88,15.03316,15.29806,15.52817,440557.41718109,9348,kraken
1752278400,15.28988,15.47189,14.72222,15.09742,15.09381,209832.64098664,3947,kraken
1752364800,15.10618,15.93874,15.06062,15.64862,15.62014,199047.92380809,4524,kraken
1752451200,15.66004,16.45792,15.5667,15.73903,16.01773,634015.49248434,9628,kraken
1752537600,15.76166,16.18044,15.15308,16.112,15.64955,383168.24037695,8049,kraken
1752624000,16.10931,17.0429,15.8265,16.67553,16.67556,630724.62478067,11779,kraken
1752710400,16.68099,18.10544,16.33045,18.01605,17.12772,728480.66934512,14240,kraken
1752796800,18.00948,19.13872,17.35,17.82317,18.32484,984540.12399943,20483,kraken
1752883200,17.83334,18.54023,17.56135,18.39938,18.08876,289239.99102372,6577,kraken
1752969600,18.40045,19.96578,18.34495,19.29403,19.35827,609978.67457834,14943,kraken
1753056000,19.29388,20.26245,19.01286,19.50315,19.66691,509680.31941569,11471,kraken
1753142400,19.50958,20.00001,18.63694,19.66619,19.2961,532200.11825254,12575,kraken
1753228800,19.67004,19.77866,17.56863,18.19684,18.57934,493813.85285558,12754,kraken
1753315200,18.1877,18.6842,17.16848,17.89937,18.21211,291461.14746267,8504,kraken
1753401600,17.89937,18.50791,17.27231,18.28621,17.84476,285144.87968303,8467,kraken
1753488000,18.2862,18.63317,18.18096,18.4055,18.37195,158668.83349343,4094,kraken
1753574400,18.41293,19.28373,18.37384,19.24707,18.94349,437089.38158024,6771,kraken
1753660800,19.24204,19.54297,17.9844,18.09995,18.89645,373866.22725065,8085,kraken
1753747200,18.11748,18.76295,17.48409,17.83143,17.91182,651349.23000534,10091,kraken
1753833600,17.83046,17.9375,16.766,17.70938,17.47113,206371.26405195,6805,kraken
1753920000,17.70844,18.21991,16.8662,16.91817,17.71884,258100.38776542,5964,kraken
1754006400,16.93006,17.03497,15.6783,16.06596,16.50751,412978.3048041,11728,kraken
1754092800,16.06381,16.2391,15.42991,15.62411,15.72796,179523.63770189,5009,kraken
1754179200,15.64301,16.4007,15.45,16.30409,16.04961,120468.6440068,2999,kraken
1754265600,16.30023,17.19014,16.28534,17.10344,16.81228,246006.43886284,5283,kraken
1754352000,17.11424,17.11854,16.07425,16.38986,16.57351,173220.09956388,4579,kraken
1754438400,16.38221,16.89158,16.0374,16.68449,16.52359,94793.99929235,3685,kraken
1754524800,16.67822,18.48999,16.59248,18.46875,17.91137,405027.95439995,10110,kraken
1754611200,18.47547,19.95,18.1036,19.88413,19.32134,897085.14694102,21733,kraken
1754697600,19.89467,21.98556,19.79828,21.932,21.04977,556635.41222884,23096,kraken
1754784000,21.95783,22.68,21.16151,22.07643,21.8891,792582.50483949,25573,kraken
1754870400,22.07657,22.59564,20.85218,21.08047,21.78662,496001.49041755,15889,kraken
1754956800,21.07146,24.193,21.01352,23.59809,23.08468,1049098.64393963,26690,kraken
1755043200,23.59289,24.73324,23.26041,23.96825,23.83888,794766.52435725,22980,kraken
1755129600,23.96826,24.3,21.49475,22.47999,22.9003,825631.97378977,19184,kraken
1755216000,22.47586,23.03637,21.38124,21.76428,22.01004,378560.99021062,9402,kraken
1755302400,21.77156,22.97689,21.43134,22.64074,22.19566,356579.58819736,10622,kraken
1755388800,22.65119,26.35358,22.4,25.66142,25.1048,962059.84481919,33029,kraken
1755475200,25.65541,26.737,24.28656,25.78767,25.43062,1623643.74709265,45346,kraken
1755561600,25.78614,25.82061,23.44216,23.55042,24.31588,1113370.06889245,27162,kraken
1755648000,23.55348,26.87792,23.39,26.437,25.27195,1161400.25976838,31060,kraken
1755734400,26.45989,26.59999,24.62642,24.81332,25.61606,741265.58250954,19009,kraken
1755820800,24.81322,27.83764,24.12605,26.77286,26.48138,1664163.00729723,27039,kraken
1755907200,26.77287,26.80411,25.52768,26.27301,26.08387,476946.15007188,8710,kraken
1755993600,26.28696,26.72567,25.25109,25.80993,25.89289,858062.82282306,12905,kraken
1756080000,25.82156,26.4278,23.07582,23.39824,24.64948,994458.43358635,14936,kraken
1756166400,23.39363,24.74,22.87754,24.37833,23.74135,538808.47009401,11124,kraken
1756252800,24.38436,24.67453,23.58157,23.76051,24.2213,428577.1317266,8857,kraken
1756339200,23.76054,26.0,23.57172,25.20181,24.98772,929323.8709821,13556,kraken
1756425600,25.17831,25.22449,23.12,23.42458,23.69789,763635.11606221,12593,kraken
1756512000,23.43067,23.5,22.81728,23.48799,23.23983,233208.7667312,4670,kraken
1756598400,23.488,24.04016,23.17082,23.19395,23.64743,324923.62106091,5382,kraken
1756684800,23.18926,23.84861,22.1,22.52016,22.98326,416774.723056,7443,kraken
1756771200,22.51742,23.58722,22.36127,23.47831,23.09064,379898.67661195,6084,kraken
1756857600,23.4861,23.90254,23.21813,23.69276,23.60228,208816.2125481,4794,kraken
1756944000,23.70531,23.95551,22.205,22.32001,22.83521,503543.12414439,6372,kraken
1757030400,22.32001,23.2374,22.04533,22.295,22.48197,469438.50229407,7179,kraken
1757116800,22.29394,22.49352,21.86949,22.19583,22.17177,176868.51022235,3523,kraken
1757203200,22.20031,22.59804,22.1178,22.46623,22.31647,171242.83388348,3298,kraken
1757289600,22.46273,23.2789,22.23484,23.03808,22.86999,324405.1235039,6448,kraken
1757376000,23.03808,23.8,22.81931,23.04782,23.24685,252114.39129695,6769,kraken
1757462400,23.04601,23.93157,22.90163,23.56414,23.48851,330821.2333097,6626,kraken
1757548800,23.58061,24.5,23.27701,24.4871,23.78267,287662.48231807,6828,kraken
1757635200,24.47,25.33721,24.1722,25.1544,24.72199,384614.87308585,9614,kraken
1757721600,25.15441,25.63462,24.45604,24.8999,25.04216,439684.77678298,10607,kraken
1757808000,24.9036,25.02371,23.82858,24.14341,24.35459,345935.10037701,9339,kraken
1757894400,24.11392,24.44316,22.98374,23.58382,23.53604,259930.98353812,7427,kraken
1757980800,23.58382,23.74547,23.09999,23.4925,23.51663,186576.1879325,5520,kraken
1758067200,23.49252,24.22122,22.784,24.00072,23.39294,396434.91127458,9518,kraken
1758153600,23.99573,24.74284,23.69625,24.62936,24.31773,357182.66607137,7385,kraken
1758240000,24.62719,24.88592,23.3,23.48523,24.03807,276271.51132886,7352,kraken
1758326400,23.48515,23.65,23.128,23.34369,23.37506,116596.91600662,3352,kraken
1758412800,23.34062,23.48229,22.92569,22.96098,23.15159,231105.46414802,3492,kraken
1758499200,22.96359,23.05092,20.12501,21.66,21.52178,714579.7605822,12016,kraken
1758585600,21.66625,22.02838,21.18046,21.51603,21.7558,237527.90350358,5628,kraken
1758672000,21.51921,21.9711,21.00505,21.6274,21.68637,225559.48778109,5498,kraken
1758758400,21.61448,21.66805,19.85,20.12948,20.67706,453475.85596819,8480,kraken
1758844800,20.17102,21.24781,19.9445,21.07512,20.64377,203578.13686771,4804,kraken
1758931200,21.07795,21.15182,20.75185,20.91192,20.93244,122988.30505449,2365,kraken
1759017600,20.91192,21.70718,20.4442,21.68428,21.06796,188458.59504192,3833,kraken
1759104000,21.66749,21.9003,20.9282,21.74422,21.58008,277555.30009433,4446,kraken
1759190400,21.74106,21.8482,21.0,21.30899,21.29149,247433.54330616,5096,kraken
1759276800,21.31145,22.63195,21.06989,22.57279,22.06999,377706.00267441,7022,kraken
1759363200,22.59302,23.14974,21.94915,22.79069,22.62032,285653.78940799,6291,kraken
1759449600,22.80135,23.09847,22.12519,22.51464,22.60634,316755.2357667,5711,kraken
1759536000,22.51987,22.62827,21.7656,22.03585,22.08095,193085.61038984,3593,kraken
1759622400,22.03585,22.93348,21.90861,22.00911,22.3823,323961.62717071,6238,kraken
1759708800,22.00911,23.59256,21.52827,23.37647,22.59381,520433.9431993,11637,kraken
1759795200,23.36926,23.72506,21.78288,21.81243,22.56442,571730.77934153,17132,kraken
1759881600,21.81531,22.66413,21.65944,22.63,22.13974,294979.42310992,7190,kraken
1759968000,22.63,22.66413,21.29882,22.01768,21.75605,272474.99948475,9626,kraken
1760054400,22.00545,22.78,10.2,17.36276,18.47303,1505640.85498444,46560,kraken
1760140800,17.33454,18.52611,16.60541,17.221,17.60299,687147.31524856,17649,kraken
1760227200,17.21672,19.42792,16.7042,19.0103,18.47832,591201.85018238,12306,kraken
1760313600,19.01862,20.2,18.76607,19.85279,19.44041,421732.05505973,12984,kraken
1760400000,19.86528,20.04432,18.09921,19.10782,18.79985,473208.42944127,15477,kraken
1760486400,19.11545,19.24325,17.72485,18.06878,18.45254,423891.23699097,12691,kraken
1760572800,18.06879,18.61405,17.11967,17.41842,17.88967,445743.23542427,12857,kraken
1760659200,17.42738,17.6717,15.70151,16.60339,16.40572,603799.0681013,12032,kraken
1760745600,16.6075,16.99231,16.58336,16.8094,16.78906,203601.92889552,5665,kraken
1760832000,16.80941,17.66021,16.54124,17.28459,17.24098,273394.81416931,6124,kraken
1760918400,17.28446,19.18527,16.93392,18.65,18.67307,773623.33216212,19597,kraken
1761004800,18.68271,18.96615,17.54241,17.60344,18.2259,809497.20198822,14711,kraken
1761091200,17.61509,17.84045,16.75,17.20394,17.41541,502668.7604611,11083,kraken
1761177600,17.19689,17.79256,17.12,17.43227,17.48948,302360.88093498,6464,kraken
1761264000,17.43228,18.08145,17.29868,17.88046,17.68684,374457.64318797,7019,kraken
1761350400,17.89854,18.23082,17.80001,18.01663,17.96274,139920.4814917,6723,kraken
1761436800,18.0192,18.68216,17.70524,18.53416,18.21966,199271.82378852,5816,kraken
1761523200,18.54147,19.03712,18.09617,18.21392,18.60885,494594.44951945,9699,kraken
1761609600,18.20633,18.8169,17.42457,17.8294,18.18691,372495.11124429,7940,kraken
1761696000,17.82872,18.69894,17.57,18.12551,18.19612,631270.64559575,10013,kraken
1761782400,18.14107,18.41866,16.3214,16.80123,17.25331,482459.14870914,10270,kraken
1761868800,16.80122,17.44318,16.74788,17.24129,17.13964,301003.24443683,5869,kraken
1761955200,17.22196,17.41816,17.06001,17.14828,17.26136,104775.69476191,2075,kraken
1762041600,17.13702,17.61737,16.99833,17.58085,17.30546,317572.35022187,4645,kraken
1762128000,17.6,17.63716,14.61,15.24227,15.86983,679655.26281761,14241,kraken
1762214400,15.23568,15.93279,13.69954,14.71,14.70903,1336138.83313983,20339,kraken
1762300800,14.68772,15.3854,14.0,15.10312,14.79549,503244.98548039,8099,kraken
1762387200,15.09459,15.2255,14.247,14.7311,14.75913,319200.08154236,7096,kraken
1762473600,14.73564,16.32013,14.30525,15.77551,15.4416,478146.78838297,9420,kraken
1762560000,15.78697,16.01447,15.12415,15.51707,15.53756,251732.0059747,4182,kraken
1762646400,15.50488,16.11647,15.02139,15.91862,15.76194,227838.63364999,4615,kraken
1762732800,15.915,16.65035,15.77553,16.3564,16.20971,339549.44979472,5900,kraken
1762819200,16.361,16.77119,15.24692,15.2885,15.91914,398274.04771826,6668,kraken
1762905600,15.27983,16.23408,14.91205,15.14646,15.47661,306851.86223585,5744,kraken
1762992000,15.14299,16.01446,14.15,14.53394,15.00331,434445.79454915,9105,kraken
1763078400,14.53045,14.584,13.56868,13.80807,14.14153,402326.39722965,8610,kraken
1763164800,13.79843,14.31895,13.79732,14.1245,14.12546,196100.17671502,4193,kraken
1763251200,14.12822,14.53535,13.4,13.72905,13.8854,415828.10662891,7115,kraken
1763337600,13.72963,14.25174,13.06961,13.31476,13.53459,393433.22479448,7710,kraken
1763424000,13.31112,13.98053,13.05919,13.79359,13.56268,373271.31383475,6878,kraken
1763510400,13.77883,13.80531,12.75546,13.51513,13.19156,489977.99458118,10060,kraken
1763596800,13.51249,13.98389,12.75618,12.91017,13.29371,371360.17319468,8703,kraken
1763683200,12.91713,13.17345,11.60001,12.10919,12.21078,586775.55676146,10974,kraken
1763769600,12.12032,12.29471,11.73806,12.1752,12.04736,198264.28137984,4255,kraken
1763856000,12.16772,12.739,12.11683,12.51102,12.50069,214177.46920338,4811,kraken
1763942400,12.50233,13.1958,12.30658,12.96059,12.84495,395657.06263579,6549,kraken
1764028800,12.96,13.20091,12.55001,13.06596,12.91395,230861.03989184,5867,kraken
1764115200,13.08301,13.49695,12.74241,13.44916,13.14225,181808.34032809,5034,kraken
1764201600,13.45006,13.55582,13.23827,13.34622,13.39142,193367.72048086,3709,kraken
1764288000,13.33155,13.52994,13.05306,13.11929,13.28263,139721.25134852,4161,kraken
1764374400,13.12653,13.20887,12.92701,12.99256,13.06387,97789.66873146,2654,kraken
1764460800,12.99165,13.41546,12.95001,12.96269,13.19221,213765.67471936,3851,kraken
1764547200,12.95187,12.98501,11.74887,12.07816,12.17117,388353.61308851,7828,kraken
1764633600,12.0745,13.58788,11.97763,13.47,12.77527,441505.56520249,7022,kraken
1764720000,13.49253,14.74001,13.43472,14.6351,14.22924,559723.03664364,10234,kraken
1764806400,14.64503,14.9305,13.97962,14.26088,14.45961,304981.71344398,6977,kraken
1764892800,14.26006,14.4,13.36851,13.59036,13.94366,412338.36200016,6964,kraken
1764979200,13.59614,14.0796,13.50194,13.92306,13.81023,150192.50470983,4053,kraken
1765065600,13.91979,14.16,13.18296,13.65967,13.66491,323162.09407213,6681,kraken
1765152000,13.65133,14.28119,13.57805,13.76311,13.91497,465641.16191775,7240,kraken
1765238400,13.76311,14.99993,13.55199,14.40751,14.47582,615867.24479724,10590,kraken
1765324800,14.41261,14.88146,13.95,14.09534,14.34557,456919.14112676,9579,kraken
1765411200,14.09818,14.20527,13.40045,14.06826,13.73975,309188.22590435,7693,kraken
1765497600,14.06001,14.35115,13.2876,13.63407,13.81202,314816.53862797,7039,kraken
1765584000,13.6414,13.96035,13.60618,13.74135,13.77799,123534.09122898,3095,kraken
1765670400,13.72844,13.79065,13.0989,13.2736,13.46207,202262.68958299,4888,kraken
1765756800,13.27257,13.72613,12.47401,12.86259,13.21306,542665.85068243,9401,kraken
1765843200,12.85773,13.11815,12.55219,12.9344,12.88523,236654.60718637,5385,kraken
1765929600,12.93144,13.17323,12.12328,12.24781,12.7191,639556.59755575,8118,kraken
1766016000,12.2583,12.86628,11.74314,11.93198,12.20429,409331.18919831,8042,kraken
1766102400,11.93081,12.7484,11.83782,12.52711,12.37906,241040.12838229,5464,kraken
1766188800,12.5255,12.7,12.48087,12.55047,12.60592,123423.70474746,2771,kraken
1766275200,12.54782,12.69738,12.22317,12.43515,12.4353,159583.50557981,4285,kraken
1766361600,12.44762,12.95514,12.32815,12.56917,12.62959,395518.63494646,5639,kraken
1766448000,12.57107,12.68188,12.07262,12.39064,12.36155,262331.49352461,3831,kraken
1766534400,12.38946,12.42,12.00554,12.2666,12.21292,165754.95243403,3319,kraken
1766620800,12.2666,12.41591,11.98028,12.06265,12.27508,172862.50231671,2634,kraken
1766707200,12.05,12.51,12.02354,12.17407,12.27985,244134.27820743,4206,kraken
1766793600,12.17474,12.53164,12.15912,12.50272,12.30173,95567.89440134,2208,kraken
1766880000,12.5042,12.58,12.31414,12.47778,12.44389,134021.55960044,2789,kraken
1766966400,12.4873,13.00994,12.23769,12.28813,12.59807,298466.91671651,4793,kraken
1767052800,12.28812,12.59218,12.25233,12.40289,12.42639,165783.75377036,3161,kraken
1767139200,12.40367,12.52791,12.16827,12.18141,12.29689,262634.11137808,3648,kraken
1767225600,12.18141,12.60982,12.13096,12.59119,12.32895,152476.29503787,2625,kraken
1767312000,12.60982,13.42029,12.57475,13.26344,13.03899,314488.6133857,5435,kraken
1767398400,13.26341,13.35882,12.96701,13.22673,13.14533,179188.83527969,3117,kraken
1767484800,13.22203,13.56613,13.20741,13.42066,13.40859,174221.59391658,3565,kraken
1767571200,13.41992,14.12183,13.37716,13.90898,13.73955,324471.55904818,6415,kraken
1767657600,13.91721,14.23258,13.46965,14.04453,13.84442,334910.20859888,6491,kraken
1767744000,14.02662,14.032,13.29001,13.43293,13.49251,266618.2716904,4863,kraken
1767830400,13.43156,13.53746,13.01736,13.21001,13.21856,166134.8257532,3988,kraken
1767916800,13.21001,13.42,13.02877,13.12563,13.20679,147350.52803196,3602,kraken
1768003200,13.1232,13.22987,13.05328,13.11735,13.13353,84773.70885867,1818,kraken
1768089600,13.12117,13.34634,13.02244,13.18282,13.1969,148497.56080151,2685,kraken
1768176000,13.18931,13.4979,12.91857,13.07155,13.21166,261376.81937028,4492,kraken
1768262400,13.06142,14.16492,13.04614,14.04744,13.54196,326382.84478915,5167,kraken
1768348800,14.05226,14.39291,13.84094,14.10666,14.1379,342211.75269481,5389,kraken
1768435200,14.11583,14.2007,13.56455,13.78999,13.87989,254148.6930754,4402,kraken
1768521600,13.78999,13.85977,13.43778,13.72288,13.67606,150539.80309247,3477,kraken
1768608000,13.72006,13.88596,13.62521,13.73638,13.76725,101119.53271644,2354,kraken
1768694400,13.73273,13.86648,13.29683,13.30833,13.6929,119504.91674216,2688,kraken
1768780800,13.30001,13.30001,12.43,12.87677,12.83878,361139.96015485,6336,kraken
1768867200,12.87669,12.89284,12.01243,12.11608,12.4415,290554.30195047,5129,kraken
1768953600,12.11293,12.65,11.89316,12.39037,12.27275,276836.84339984,5490,kraken
1769040000,12.40297,12.56472,12.11399,12.24749,12.35773,170526.11088954,3245,kraken
1769126400,12.24597,12.48603,12.03222,12.20506,12.23333,122177.98667121,3463,kraken
1769212800,12.21048,12.26782,12.11702,12.18574,12.1937,71290.06076176,1647,kraken
1769299200,12.18573,12.19735,11.34919,11.51007,11.71535,307331.94017448,4931,kraken
1769385600,11.51255,12.11029,11.5,11.9345,11.83444,264632.7336084,3861,kraken
1769472000,11.93537,12.1711,11.82835,12.0321,11.99876,255482.34310084,3338,kraken
1769558400,12.03136,12.04206,11.68088,11.8274,11.86099,159582.74731314,2964,kraken
1769644800,11.83889,11.84109,10.81563,11.108,11.18856,464461.65773071,5858,kraken
1769731200,11.1057,11.14412,10.48709,10.76472,10.76807,525906.64809685,6603,kraken
1769817600,10.76812,10.80741,8.97435,9.98502,9.84711,832325.67026891,9655,kraken
1769904000,9.97594,10.0632,9.21109,9.39292,9.69174,414251.2919971,5646,kraken
1769990400,9.39606,10.02162,9.01713,9.79084,9.56559,554440.48758322,7150,kraken
1770076800,9.79911,9.87526,9.07622,9.47121,9.55596,574005.95284133,6325,kraken
1770163200,9.46968,9.75543,9.0123,9.23608,9.32629,493542.07808437,6481,kraken
1770249600,9.23501,9.32321,7.8461,7.90436,8.53977,810878.47285604,10631,kraken
1770336000,7.89949,8.99573,7.19,8.88322,8.27839,774969.06629223,11567,kraken
1770422400,8.86099,9.03521,8.5816,8.91044,8.87455,461614.0655666,5943,kraken
1770508800,8.90988,9.04,8.72144,8.81718,8.87763,126319.26714433,2750,kraken
1770595200,8.82414,9.00529,8.45778,8.83643,8.75609,280483.1062162,5129,kraken
1770681600,8.83343,8.87472,8.47267,8.56692,8.60625,166853.81044258,3741,kraken
1770768000,8.56974,8.60658,8.12356,8.31723,8.35756,335187.16091,5511,kraken
1770854400,8.31875,8.58596,8.17251,8.40537,8.38312,226085.94502874,5013,kraken
1770940800,8.40662,8.90033,8.29518,8.76497,8.65611,218195.36642551,4450,kraken
1771027200,8.76239,9.19696,8.75745,9.08691,8.95659,285816.31829241,3930,kraken
1771113600,9.08933,9.23962,8.58789,8.78305,8.94909,387001.50582684,5237,kraken
1771200000,8.78165,8.98578,8.64136,8.9309,8.79262,115395.02126361,3347,kraken
1771286400,8.93353,8.98882,8.65557,8.82551,8.83049,137441.76417911,3239,kraken
1771372800,8.82558,8.99551,8.52,8.60188,8.72473,165096.41922957,3729,kraken
1771459200,8.59143,8.74243,8.34578,8.57281,8.54728,127328.169247,3461,kraken
1771545600,8.57388,9.00525,8.45778,8.94047,8.76094,209691.81811195,4212,kraken
1771632000,8.94147,9.04554,8.848,8.87537,8.91906,155630.66015578,2779,kraken
1771718400,8.8725,8.89294,8.58967,8.67693,8.70476,145058.55638011,2593,kraken
1771804800,8.67885,8.69015,8.17855,8.2636,8.35226,304411.02138011,5212,kraken
1771891200,8.27097,8.33223,8.058,8.20089,8.18218,214594.36803214,3734,kraken
1771977600,8.19947,9.57937,8.18327,9.26,9.09671,478079.91489584,9333,kraken
1772064000,9.26643,9.33965,8.86403,9.09366,9.10179,368789.03259229,5263,kraken
1772150400,9.09366,9.29187,8.55334,8.71464,8.88383,283064.52095835,4881,kraken
1772236800,8.71203,8.93434,8.21503,8.84613,8.46782,390494.15215633,6434,kraken
1772323200,8.84614,9.20248,8.5377,8.67099,8.81974,258620.89960964,4735,kraken
1772409600,8.66872,9.26268,8.59017,8.94667,8.97199,260930.25059167,5269,kraken
1772496000,8.95371,9.01291,8.56095,8.7997,8.76615,167664.21037971,3902,kraken
1772582400,8.81082,9.63304,8.69019,9.35829,9.2387,341597.11215242,6964,kraken
1772668800,9.3528,9.48955,9.07716,9.2038,9.28835,309441.20791606,5126,kraken
1772755200,9.2038,9.29893,8.67669,8.79901,8.91706,214993.55719815,4305,kraken
1772841600,8.79457,8.85966,8.64319,8.70106,8.75868,58369.6806791,1958,kraken
1772928000,8.70566,8.77428,8.4,8.51516,8.5529,275930.24785084,3790,kraken
1773014400,8.5138,9.09533,8.51197,8.87092,8.85501,189628.39518074,4999,kraken
1773100800,8.86784,9.18156,8.85172,8.98345,9.02136,189954.357105,4209,kraken
1773187200,8.98727,9.16685,8.86947,8.99445,9.02143,104519.63255697,3056,kraken
1773273600,9.00107,9.10609,8.83777,9.05938,8.99354,226418.7349518,4153,kraken
1773360000,9.05938,9.59715,9.02482,9.08903,9.31468,235162.98831877,5383,kraken
1773446400,9.08904,9.16903,8.92683,9.16903,9.03083,105155.03713635,2728,kraken
1773532800,9.16903,9.55527,9.11721,9.49456,9.27887,125567.3665014,3146,kraken
1773619200,9.4971,10.08138,9.41983,9.92109,9.80702,497497.28200963,6571,kraken
1773705600,9.92297,10.01947,9.69049,9.79468,9.84442,203928.51025787,3773,kraken
1773792000,9.79636,9.92569,9.08929,9.22989,9.42314,180873.39770217,4258,kraken
1773878400,9.23139,9.3364,8.9,9.0452,9.06663,175710.91083474,3561,kraken
1773964800,9.04747,9.20942,8.96001,9.11265,9.0846,83664.74279331,2921,kraken
1774051200,9.11509,9.1722,8.77,8.81878,9.03847,76801.28376642,2199,kraken
1774137600,8.82105,8.96202,8.5768,8.68671,8.76752,145498.54595126,3618,kraken
1774224000,8.69343,9.27999,8.5763,9.10815,8.97971,209638.77307098,4319,kraken
1774310400,9.10757,9.26355,9.01403,9.24586,9.11942,225154.59705738,3470,kraken
1774396800,9.2467,9.49,9.17965,9.37204,9.33888,211803.81156687,3655,kraken
1774483200,9.37451,9.38479,8.81,8.90869,8.97121,164390.81495752,3218,kraken
1774569600,8.90825,8.97217,8.48484,8.56245,8.62739,199348.37820123,3703,kraken
1774656000,8.56166,8.69392,8.37219,8.42902,8.54217,121574.08912184,2329,kraken
1774742400,8.42672,8.56816,8.2,8.40814,8.42289,119276.89134254,2483,kraken
1774828800,8.40601,8.90645,8.39856,8.61262,8.6991,154856.54318801,3326,kraken
1774915200,8.61796,8.88113,8.50043,8.78007,8.72261,104329.45947791,3130,kraken
1775001600,8.76619,9.19052,8.73881,8.93923,9.03302,246197.8165682,4700,kraken
1775088000,8.93999,9.00387,8.42063,8.63357,8.65996,310818.89467349,4244,kraken
1775174400,8.63619,8.80972,8.59379,8.65751,8.70337,121513.95291015,3540,kraken
1775260800,8.6566,8.771,8.61454,8.68934,8.67366,77700.3158495,2970,kraken
1775347200,8.69298,8.86189,8.4758,8.81524,8.59939,90021.38842426,3290,kraken
1775433600,8.82827,9.1408,8.73367,8.79998,8.98436,189319.01642046,5038,kraken
1775520000,8.79998,9.40591,8.5712,9.28602,8.86292,210863.00407545,5503,kraken
1775606400,9.28739,9.33201,8.84138,8.86304,9.12311,172310.90381884,3895,kraken
1775692800,8.85431,9.1764,8.6932,8.95049,8.8219,207654.07449789,3692,kraken
1775779200,8.93962,9.17432,8.88896,9.08623,9.05172,164901.0522658,2947,kraken
1775865600,9.08711,9.28553,8.96075,9.06981,9.1058,105043.73195851,2511,kraken
1775952000,9.07009,9.07746,8.69408,8.73335,8.78666,143093.20592285,3080,kraken
1776038400,8.72719,9.43091,8.68948,9.35978,9.09665,178665.28961313,4334,kraken
1776124800,9.36793,9.38168,8.94181,9.02386,9.18972,206957.90832254,3674,kraken
1776211200,9.02529,9.36817,9.00261,9.25973,9.17798,110196.83619272,2948,kraken
1776297600,9.26548,9.67709,9.13497,9.59876,9.41582,362617.69832579,6023,kraken
1776384000,9.60258,9.86748,9.34914,9.62427,9.67073,285575.12938642,5629,kraken
1776470400,9.62,9.65,9.26698,9.28906,9.41944,97710.4122855,2694,kraken
1776556800,9.28801,9.38291,9.01001,9.06609,9.19477,207567.79994201,3532,kraken
1776643200,9.06558,9.40709,9.06558,9.29101,9.24998,126201.62385281,3077,kraken
1776729600,9.29101,9.48694,9.24239,9.40195,9.37205,125530.13586406,3317,kraken
1776816000,9.40528,9.55879,9.29033,9.29405,9.4498,157326.37551329,3736,kraken
1776902400,9.2984,9.39,9.15156,9.35193,9.23602,162212.15344439,3044,kraken
1776988800,9.35268,9.44168,9.24767,9.38087,9.3469,168639.38252691,2813,kraken
1777075200,9.38016,9.44584,9.29402,9.34964,9.36305,54000.72213653,1570,kraken
1777161600,9.34934,9.53791,9.30464,9.48673,9.42154,71088.15700279,2045,kraken
1777248000,9.48673,9.59042,9.15736,9.32072,9.38314,104366.45740574,3051,kraken
1777334400,9.31764,9.33,9.14652,9.24023,9.23734,74288.28142854,1950,kraken
1777420800,9.23874,9.41291,8.91605,9.1049,9.14399,155850.084365,3214,kraken
1777507200,9.1092,9.18019,9.03312,9.10205,9.11524,53480.79906513,1908,kraken
1777593600,9.1056,9.27316,9.06661,9.09388,9.16539,71262.77349489,2201,kraken
1777680000,9.09809,9.24886,9.06871,9.1758,9.12019,84835.7712702,2005,kraken
1777766400,9.17914,9.21467,9.07187,9.12757,9.1579,95085.36113269,2004,kraken
1777852800,9.12496,9.65753,9.09369,9.35495,9.40642,593440.98001843,6328,kraken
1777939200,9.36582,9.84907,9.35683,9.77113,9.65731,342854.62108547,5333,kraken
1778025600,9.76744,10.24485,9.75753,10.00091,10.02511,451555.23583481,6844,kraken
1778112000,10.00156,10.1264,9.80093,9.85275,9.94374,291981.04636442,4724,kraken
1778198400,9.85666,10.49097,9.76261,10.34301,10.12021,376917.91011819,6125,kraken
1778284800,10.34301,10.62907,10.28652,10.37469,10.48932,383903.92260088,5053,kraken
1778371200,10.37775,10.864,10.171,10.71102,10.60678,602688.8056996,7166,kraken
1778457600,10.7423,10.75487,10.39048,10.59824,10.5859,243135.49498587,5032,kraken
1778544000,10.59243,10.59243,10.10532,10.28613,10.31943,264267.23188927,5468,kraken
1778630400,10.29224,10.79126,10.03396,10.21395,10.37064,412791.06755584,6698,kraken
1778716800,10.21468,10.76767,10.09703,10.47684,10.45013,297201.293019,5509,kraken
1778803200,10.48275,10.5591,9.96484,10.06923,10.20039,282146.35933774,6035,kraken
1778889600,10.06911,10.08947,9.618,9.71329,9.77427,255631.76412371,3873,kraken
1778976000,9.71389,9.84692,9.34065,9.56123,9.64962,363986.95269402,4437,kraken
1779062400,9.56201,9.61254,9.29655,9.60043,9.47334,180376.97723048,3913,kraken
1779148800,9.60265,9.81499,9.43077,9.44153,9.54796,255789.2337244,3186,kraken
1779235200,9.4416,9.68034,9.37387,9.62539,9.57547,372590.98351022,9231,kraken
1779321600,9.62775,9.84251,9.51237,9.73944,9.68935,204935.93825892,5279,kraken
1779408000,9.74684,10.0201,9.35872,9.41389,9.66766,359865.71109913,5639,kraken
1779494400,9.4109,9.76665,9.05,9.55182,9.33696,272607.10773695,5064,kraken
1779580800,9.55483,9.63502,9.24764,9.42276,9.51514,225576.04331129,3448,kraken
1779667200,9.42237,9.65965,9.35426,9.49482,9.54183,121703.89803847,2825,kraken
1779753600,9.49594,9.67172,9.33107,9.37248,9.47821,172290.36676415,4174,kraken
1779840000,9.37256,9.46481,9.1,9.13019,9.30676,226601.5064297,3734,kraken
1779926400,9.12227,9.14136,8.75756,8.99034,8.9385,250736.62860151,5261,kraken
1780012800,8.99228,9.12111,8.78301,9.01265,8.98183,184095.94332351,4017,kraken
1780099200,9.01301,9.29593,9.01125,9.17136,9.17147,186273.8743687,3170,kraken
1780185600,9.18275,9.28721,8.98357,9.1299,9.11773,124890.67415872,2226,kraken
1780272000,9.13844,9.19575,8.83146,9.04845,9.01784,282512.08496027,4211,kraken
1780358400,9.04663,9.05665,8.23616,8.3565,8.59821,388232.44224126,7420,kraken
1780444800,8.36669,8.6062,8.10245,8.32744,8.39012,291726.14470981,5478,kraken
1780531200,8.32557,8.38135,7.78938,8.0085,8.0345,439952.0094982,7288,kraken
1780617600,8.00857,8.03,7.12,7.36579,7.50203,698560.06150929,11011,kraken
1780704000,7.36553,7.46399,7.0,7.39418,7.29028,320389.55311597,5263,kraken
1780790400,7.39339,8.02446,7.37106,7.91081,7.6464,391054.62463008,5693,kraken
1780876800,7.91392,8.13302,7.72261,7.99517,7.97382,366947.9906842,5272,kraken
1780963200,7.99727,8.02198,7.64784,7.8325,7.86102,185737.53793045,4222,kraken
1781049600,7.83941,7.89067,7.48054,7.55134,7.67172,312783.03977952,5183,kraken
1781136000,7.55425,7.97138,7.55332,7.87238,7.80766,361376.73256069,4853,kraken
1781222400,7.87001,7.99939,7.74652,7.8602,7.87626,297244.18211787,3739,kraken
1781308800,7.86692,8.04569,7.85354,7.97831,7.97048,462251.36230087,3727,kraken
1781395200,7.98039,8.17471,7.78441,8.17463,7.93897,251520.83664402,3216,kraken
1781481600,8.17803,8.59625,8.10098,8.29506,8.38115,412142.15936122,5125,kraken
1781568000,8.29492,8.46932,8.09146,8.26973,8.26541,330240.95374344,3899,kraken
1781654400,8.27195,8.40809,7.93574,8.0818,8.21378,289500.16284964,3936,kraken
1781740800,8.08574,8.1272,7.76452,8.00823,7.92943,211211.25674476,3323,kraken
1781827200,8.00649,8.03277,7.76674,7.94519,7.89178,144165.86825671,2830,kraken
1781913600,7.94127,8.0029,7.82101,7.98292,7.92317,100846.3438956,2392,kraken
1782000000,7.98176,8.00356,7.76101,7.77233,7.88718,95247.10267698,1949,kraken
1782086400,7.77395,8.14312,7.77395,7.86692,7.97928,251178.84162712,3379,kraken
1782172800,7.86365,7.906,7.48033,7.62875,7.61843,261454.33830773,4230,kraken
1782259200,7.62506,7.68192,7.11582,7.41343,7.37015,336905.5431152,4696,kraken
1782345600,7.4161,7.53618,7.00171,7.23535,7.23209,257482.76527212,3767,kraken
1782432000,7.24287,7.3859,7.00468,7.34416,7.24239,295023.69148644,5737,kraken
1782518400,7.34413,7.46165,7.24041,7.2872,7.35793,130384.20693501,2407,kraken
1782604800,7.28527,7.34309,7.15458,7.25867,7.24511,239479.84822598,3022,kraken
1782691200,7.25693,7.48737,7.16996,7.36617,7.34232,247371.99749738,3798,kraken
1782777600,7.36695,7.38744,7.11307,7.1899,7.19559,139302.67858884,3197,kraken
1782864000,7.19316,7.52515,7.06951,7.35138,7.32529,339790.39043247,4403,kraken
1782950400,7.35064,7.93293,7.30096,7.74082,7.67614,300233.42499423,4724,kraken
1783036800,7.73954,8.0254,7.71506,7.96959,7.86344,179230.25177386,3281,kraken
1783123200,7.9685,8.16677,7.87302,7.99923,8.01168,290632.43532192,3684,kraken
1783209600,7.99851,8.14402,7.82958,8.05326,7.95997,187699.00312411,4375,kraken
1783296000,8.04535,8.16501,7.75412,8.01212,7.95522,237535.43381715,4046,kraken
1783382400,8.01666,8.06192,7.79073,7.84485,7.92893,133718.0204603,2661,kraken
1783468800,7.86101,7.87756,7.5134,7.63404,7.64283,257610.84586755,3438,kraken
1783555200,7.63935,7.80097,7.56799,7.7293,7.71727,212262.35086382,2746,kraken
1783641600,7.72774,8.01053,7.70669,7.96454,7.92667,176453.66754878,3535,kraken
1783728000,7.96454,8.11276,7.90414,7.91029,8.02345,147635.89245314,2560,kraken
1783814400,7.9089,8.09683,7.851,7.99217,8.0023,147481.31855816,2480,kraken
1783900800,7.97997,8.12989,7.79001,7.87832,7.90291,170393.94443597,3187,kraken
1783987200,7.88528,8.39268,7.8608,8.33953,8.22131,185842.71088847,3887,kraken
1784073600,8.34028,8.62449,8.26226,8.53383,8.44304,293067.02084069,4616,kraken
1784160000,8.53295,8.56056,8.29502,8.3318,8.42753,291412.90613845,4498,kraken
1784246400,8.33669,8.35761,7.99801,8.24689,8.19364,193336.62741724,3889,kraken
1784332800,8.25319,8.37229,8.20626,8.34467,8.29167,134164.76895751,4228,kraken
1784419200,8.34684,8.40296,8.27728,8.3823,8.33589,244561.26567233,2935,kraken
1784505600,8.37657,8.6359,8.28874,8.58733,8.47987,209486.40336624,4589,kraken
1784592000,8.58318,8.74842,8.56656,8.65041,8.67263,154440.41068557,3483,kraken
1784678400,8.65197,8.75727,8.56324,8.62842,8.64012,176081.52198235,3484,kraken
1784764800,8.62649,8.6812,8.41329,8.46429,8.54039,131064.65884412,2920,kraken
1784851200,8.45729,8.57216,8.27739,8.33331,8.38026,154612.89103873,2778,kraken
1784937600,8.33161,8.42889,8.26074,8.3766,8.36537,78528.98952223,1921,kraken
1785024000,8.373,8.83125,8.3713,8.81853,8.56267,193640.88637757,3459,kraken
1785110400,8.81606,8.93339,8.34499,8.37118,8.67344,241285.92755441,4675,kraken
1785196800,8.37245,8.43943,8.18863,8.43437,8.30796,273746.43283866,3896,kraken
1785283200,8.4344,8.50189,8.15486,8.326,8.32252,180181.92892188,3442,kraken
1785369600,8.32892,8.53054,8.25197,8.44539,8.43898,153184.49938979,2622,kraken
1785456000,8.44538,8.5104,8.0113,8.165,8.18338,282004.46678557,3800,kraken
1785542400,8.165,8.2382,7.88576,8.06251,8.0476,137815.94282907,2738,kraken
1785628800,8.06226,8.44588,8.04903,8.37049,8.29647,160055.87891179,3184,kraken
1785715200,8.37202,8.38196,8.1541,8.1821,8.2573,115071.96642663,3073,kraken
1785801600,8.18042,8.25758,8.10678,8.14382,8.18612,83551.40170989,1962,kraken
1785888000,8.14161,8.24119,8.06201,8.1544,8.15883,76311.40676689,2163,kraken
1785974400,8.15448,8.3359,8.06071,8.18721,8.20217,190106.91531532,3229,kraken
1786060800,8.18824,8.3062,8.10023,8.18658,8.22292,87912.44750821,2066,kraken
1786147200,8.17947,8.38969,8.1612,8.29984,8.29604,57033.596462,1945,kraken
1786233600,8.2963,8.38023,8.1712,8.18249,8.2928,41216.56928091,1703,kraken
1786320000,8.17266,8.36195,8.1632,8.29069,8.2665,95348.55113199,2557,kraken
1786406400,8.29455,8.8,8.2904,8.76895,8.57057,356354.26257566,6520,kraken
1786492800,8.7733,8.88174,8.622,8.66501,8.7488,305723.73431424,5852,kraken
1786579200,8.66586,8.903,8.61401,8.88481,8.77245,217293.7631432,3722,kraken
1786665600,8.88061,9.0,8.72138,8.95833,8.86303,202176.92212809,4425,kraken
1786752000,8.96242,9.74,8.96209,9.45851,9.4465,802866.72021404,12666,kraken
1786838400,9.46091,9.50096,9.28548,9.38387,9.39065,279494.56366648,5391,kraken
1786924800,9.38244,9.56415,9.34906,9.53461,9.47948,264260.27595177,4931,kraken
1787011200,9.53348,9.54996,9.32593,9.52592,9.45585,250990.88979515,4603,kraken
1787097600,9.534,10.88592,9.481,10.547,10.15056,889051.03540885,16911,kraken
1787184000,10.547,10.87701,10.36084,10.6904,10.63716,481956.73925702,9561,kraken
1787270400,10.6904,12.39476,10.688,11.98647,11.55738,1438260.98917244,22576,kraken
1787356800,11.99232,12.61418,10.949,11.64756,11.89043,1313276.38199538,19897,kraken
1787443200,11.66147,11.74226,11.02386,11.54242,11.46276,751242.13690783,11494,kraken
1787529600,11.54146,11.78428,11.3,11.62694,11.60745,481497.34508277,6871,kraken
1787616000,11.62314,11.94695,11.11146,11.28794,11.59024,384750.62925699,7552,kraken
1787702400,11.28679,11.62416,11.07,11.62134,11.34887,223215.19075997,4723,kraken
1787788800,11.61687,11.97879,11.46289,11.91773,11.79228,504616.7879362,8239,kraken
1787875200,11.91882,12.05532,11.24656,11.43041,11.55353,517531.7544328,8049,kraken
1787961600,11.43622,11.4892,11.2869,11.45775,11.40676,157857.65988289,3444,kraken
1788048000,11.459,11.79301,11.0,11.16119,11.48547,697975.69684395,8494,kraken
1788134400,11.14426,11.49826,11.04019,11.32294,11.27704,214753.0946427,4882,kraken
1788220800,11.32206,11.51929,11.06087,11.22712,11.31741,189345.80025883,5063,kraken
1788307200,11.22818,11.29805,10.90707,11.11547,11.11166,210937.27764162,6242,kraken
1788393600,11.11668,11.95924,11.00011,11.8362,11.65555,459301.84831741,10844,kraken
1788480000,11.83401,12.15571,11.47,11.63787,11.77828,359006.66705319,9890,kraken
1788566400,11.63541,12.23932,11.60373,12.04832,11.92376,411425.99993521,9934,kraken
1788652800,12.05153,13.34295,12.04683,13.24072,12.68821,1089064.68666178,19510,kraken
1788739200,13.24071,13.68365,12.6135,12.75596,13.13963,1094722.16164622,21970,kraken
1788825600,12.7498,12.8076,12.28791,12.51593,12.61599,354949.81039865,8970,kraken
1788912000,12.51826,12.63544,11.01,11.809,12.03426,861016.16646434,14619,kraken
1788998400,11.80583,11.89365,11.43347,11.4532,11.67709,385208.71378746,8935,kraken
1789084800,11.45353,12.22402,11.23657,11.5466,11.68527,477224.14434773,9767,kraken
1789171200,11.55351,11.62364,11.45684,11.50982,11.53062,159501.95687036,4474,kraken
1789257600,11.5049,11.55964,11.15985,11.19829,11.35253,274870.57339062,5746,kraken
1789344000,11.20397,11.96939,11.12063,11.52297,11.54712,356262.14674228,7610,kraken
1789430400,11.51626,11.63155,10.78995,10.87879,11.16956,570687.2109024,10554,kraken
1789516800,10.88208,11.0661,10.61003,11.05115,10.79987,319765.92630535,6019,kraken
1789603200,11.05037,11.41995,10.97059,11.38061,11.25794,452173.26793865,7680,kraken
1789689600,11.37442,12.42604,11.33276,12.22228,11.92331,778438.63733272,13028,kraken
1789776000,12.22415,12.68808,12.21201,12.42899,12.47383,621366.71675002,11369,kraken
1789862400,12.41878,12.6076,11.91015,12.52145,12.30791,520592.04787203,7990,kraken
1789948800,12.51619,13.61998,12.45725,13.18449,12.97118,1064888.05035271,18759,kraken
1790035200,13.18191,13.28669,12.75347,13.03959,13.00502,663917.87365484,10936,kraken
1790121600,13.04782,13.21514,12.06076,12.35149,12.65033,890859.86526899,14560,kraken
1790208000,12.35557,13.51644,12.094,13.21809,12.8801,896095.77074075,13808,kraken
1790294400,13.21809,14.21827,13.21094,13.93239,13.76918,1337865.65591748,24016,kraken
1790380800,13.93239,14.49252,13.8213,14.15308,14.15114,796137.08878009,12769,kraken
1790467200,14.14784,14.48468,13.90336,14.01948,14.14407,733596.50744984,12408,kraken
1790553600,14.02321,15.51497,13.5142,15.43542,14.69249,1939714.35100363,28098,kraken
1790640000,15.44347,15.7666,14.47425,14.59986,15.03605,1078693.90983227,24513,kraken
1790726400,14.5971,14.81978,14.03188,14.36174,14.35633,764131.73820159,12325,kraken
1790812800,14.35676,14.54026,14.12862,14.38917,14.3533,432936.77890441,11698,kraken
1790899200,14.38195,14.64668,13.25,13.79601,14.03546,673208.36383816,13104,kraken
1790985600,13.79601,14.18844,13.78109,14.1103,13.96536,225654.27355546,6916,kraken
1791072000,14.1159,14.3204,13.98002,14.27621,14.1446,238432.05245675,5355,kraken
1791158400,14.27403,14.27853,13.66589,13.855,14.02522,386181.48623062,9472,kraken
1791244800,13.85368,14.1289,13.72376,13.95666,13.92219,262533.94568499,7645,kraken
1791331200,13.95982,14.03171,13.25,13.32208,13.46661,586403.17341613,12709,kraken
