time,open,high,low,close,vwap,volume,count,source
1633651200,178.65,183.44,174.46,175.91,177.93666666666664,440256.91906559,0,coinbase
1633737600,175.97,182.9,174.44,180.0,179.11333333333334,222512.19464806,0,coinbase
1633824000,179.99,183.99,174.13,174.92,177.67999999999998,264105.74236132,0,coinbase
1633910400,174.78,185.34,172.41,179.2,178.98333333333335,303802.63035512,0,coinbase
1633996800,179.15,179.22,166.5,172.63,172.78333333333333,377752.48323672,0,coinbase
1634083200,172.62,179.66,167.61,177.61,174.96,341575.45483082,0,coinbase
1634169600,177.69,186.52,176.95,181.5,181.65666666666667,375167.41296209,0,coinbase
1634256000,181.47,192.84,176.61,189.63,186.36,460651.37552053,0,coinbase
1634342400,189.62,192.62,185.04,186.05,187.90333333333334,307473.77442814,0,coinbase
1634428800,186.0,188.0,176.56,183.73,182.76333333333332,224273.99013581,0,coinbase
1634515200,183.77,187.5,178.51,185.63,183.88,295595.9270615,0,coinbase
1634601600,185.59,191.62,183.17,188.73,187.84,266492.5028302,0,coinbase
1634688000,188.73,209.64,185.69,207.32,200.88333333333333,446648.21098948,0,coinbase
1634774400,207.33,214.8,195.2,196.81,202.26999999999998,462642.63081892,0,coinbase
1634860800,196.82,201.47,187.97,190.98,193.47333333333333,311400.9715948,0,coinbase
1634947200,190.99,198.0,188.89,196.42,194.43666666666664,203866.54403645,0,coinbase
1635033600,196.35,199.9,185.23,190.48,191.87,261962.80913475,0,coinbase
1635120000,190.39,197.36,189.63,195.37,194.12,225589.79491642,0,coinbase
1635206400,195.47,199.36,190.26,197.51,195.71,261202.60003284,0,coinbase
1635292800,197.56,205.03,172.4,179.35,185.59333333333333,754514.95633572,0,coinbase
1635379200,179.27,194.6,177.73,189.89,187.40666666666667,490637.47110408,0,coinbase
1635465600,189.94,198.73,188.32,196.69,194.58,383850.93165483,0,coinbase
1635552000,196.73,197.38,186.68,190.38,191.48000000000002,278594.37062563,0,coinbase
1635638400,190.34,195.25,186.87,192.01,191.37666666666667,308056.28605002,0,coinbase
1635724800,192.01,201.31,188.02,197.65,195.66,340593.92941113,0,coinbase
1635811200,197.7,204.75,195.24,201.03,200.34,316484.83292612,0,coinbase
1635897600,201.07,209.44,197.51,207.31,204.75333333333333,491021.72313062,0,coinbase
1635984000,207.26,207.33,196.31,202.9,202.17999999999998,362029.63020698,0,coinbase
1636070400,202.78,203.48,196.87,199.13,199.82666666666668,258443.93790015,0,coinbase
1636156800,199.07,201.36,191.22,197.77,196.78333333333333,222980.0091007,0,coinbase
1636243200,197.8,202.28,197.12,202.23,200.54333333333332,193687.26843786,0,coinbase
1636329600,202.23,229.7,202.18,229.11,220.33,648494.43176405,0,coinbase
1636416000,229.12,274.72,226.75,262.16,254.54333333333338,1335377.57431193,0,coinbase
1636502400,262.08,302.08,252.3,260.18,271.52,1432536.98780613,0,coinbase
1636588800,260.17,274.27,250.61,262.3,262.3933333333334,629822.53674174,0,coinbase
1636675200,262.3,282.92,243.86,251.23,259.33666666666664,872535.61730782,0,coinbase
1636761600,251.23,264.11,245.4,257.74,255.75,443198.67673785,0,coinbase
1636848000,257.74,279.7,248.4,279.36,269.15333333333336,472688.51836669,0,coinbase
1636934400,279.39,281.46,259.2,263.05,267.90333333333336,420366.82395619,0,coinbase
1637020800,262.97,263.2,223.13,230.37,238.9,816802.47016915,0,coinbase
1637107200,230.48,235.49,218.23,229.57,227.76333333333332,537422.03605793,0,coinbase
1637193600,229.64,232.31,199.95,204.24,212.16666666666666,790594.7304001,0,coinbase
1637280000,204.15,221.65,199.75,218.12,213.17333333333332,466660.7643226,0,coinbase
1637366400,218.12,228.01,212.8,227.0,222.60333333333332,350247.65923721,0,coinbase
1637452800,227.01,230.87,219.81,221.48,224.0533333333333,271287.02279284,0,coinbase
1637539200,221.49,221.96,205.31,209.22,212.16333333333333,411426.62220519,0,coinbase
1637625600,209.13,218.89,205.28,216.32,213.49666666666667,279859.57859184,0,coinbase
1637712000,216.28,216.65,206.01,212.21,211.62333333333333,281906.88901599,0,coinbase
1637798400,212.21,229.82,210.77,223.05,221.21333333333337,378729.96937452,0,coinbase
1637884800,223.13,224.96,190.12,195.78,203.62,558189.44101309,0,coinbase
1637971200,195.76,201.13,190.87,195.36,195.78666666666666,263655.64810942,0,coinbase
1638057600,195.24,200.09,182.0,199.64,193.91,377797.30242457,0,coinbase
1638144000,199.68,209.69,195.48,205.8,203.65666666666667,288375.39715305,0,coinbase
1638230400,205.81,220.18,197.65,207.97,208.60000000000002,471626.64730961,0,coinbase
1638316800,208.01,217.97,205.29,208.91,210.72333333333333,315917.89629455,0,coinbase
1638403200,208.97,210.29,200.14,203.63,204.68666666666664,322037.42044499,0,coinbase
1638489600,203.52,208.24,180.0,188.21,192.15,392607.9334132,0,coinbase
1638576000,188.1,189.28,136.94,162.9,163.04,954555.44885843,0,coinbase
1638662400,162.91,165.28,148.4,156.63,156.77,746975.39586435,0,coinbase
1638748800,156.6,164.76,141.48,161.61,155.95000000000002,650531.51184137,0,coinbase
1638835200,161.65,166.0,158.39,162.03,162.14,459475.98663549,0,coinbase
1638921600,162.08,170.48,156.18,165.21,163.95666666666668,526582.0890391,0,coinbase
1639008000,165.24,167.26,151.32,151.4,156.66,454912.66185153,0,coinbase
1639094400,151.44,159.86,147.69,148.49,152.01333333333335,375902.00824309,0,coinbase
1639180800,148.45,159.61,145.75,158.07,154.47666666666666,335773.95991684,0,coinbase
1639267200,158.17,162.98,153.34,159.0,158.44,216389.8609043,0,coinbase
1639353600,159.04,159.97,142.74,144.62,149.11,420783.47603601,0,coinbase
1639440000,144.66,152.0,143.0,150.5,148.5,285504.24307695,0,coinbase
1639526400,150.45,155.1,141.78,153.65,150.17666666666665,323015.76167421,0,coinbase
1639612800,153.62,156.72,148.54,148.79,151.35,246670.00476091,0,coinbase
1639699200,148.86,150.35,141.27,144.12,145.24666666666667,284096.57222804,0,coinbase
1639785600,143.99,150.38,142.87,148.75,147.33333333333334,183272.66082718,0,coinbase
1639872000,148.75,161.05,147.59,153.31,153.98333333333332,377860.30185905,0,coinbase
1639958400,153.32,157.49,145.29,152.71,151.83,321920.67543599,0,coinbase
1640044800,152.71,156.42,149.12,154.8,153.44666666666666,221780.38359116,0,coinbase
1640131200,154.8,160.24,153.0,155.44,156.22666666666666,209521.78212264,0,coinbase
1640217600,155.4,165.3,153.04,163.74,160.69333333333336,244250.61779342,0,coinbase
1640304000,163.8,166.82,160.3,161.35,162.82333333333335,185566.64755025,0,coinbase
1640390400,161.36,163.72,157.67,158.0,159.79666666666665,191428.40687092,0,coinbase
1640476800,157.99,158.51,153.21,155.96,155.89333333333335,235000.30541184,0,coinbase
1640563200,155.97,161.28,154.67,155.78,157.24333333333334,182308.28591587,0,coinbase
1640649600,155.96,155.96,144.58,145.67,148.73666666666668,365835.43656449,0,coinbase
1640736000,145.71,150.96,144.1,145.62,146.89333333333335,245272.53399565,0,coinbase
1640822400,145.56,149.96,142.85,147.94,146.91666666666666,169463.433936,0,coinbase
1640908800,147.97,152.71,143.63,146.15,147.49666666666667,187204.67530322,0,coinbase
1640995200,146.23,151.04,146.12,150.83,149.33,155011.74124172,0,coinbase
1641081600,150.79,153.34,147.89,151.2,150.81,106740.14889105,0,coinbase
1641168000,151.18,151.19,146.03,148.43,148.55,146106.39089201,0,coinbase
1641254400,148.44,151.59,145.23,146.44,147.75333333333333,170607.86207027,0,coinbase
1641340800,146.45,149.93,130.0,135.32,138.41666666666666,328403.7648693,0,coinbase
1641427200,135.35,138.09,132.41,135.9,135.46666666666667,313202.24101972,0,coinbase
1641513600,135.94,136.53,125.9,131.34,131.25666666666666,370636.73334452,0,coinbase
1641600000,131.33,134.76,125.0,129.51,129.75666666666666,246368.33010928,0,coinbase
1641686400,129.45,132.58,127.76,130.91,130.41666666666666,189571.82514676,0,coinbase
1641772800,130.87,131.55,120.78,126.52,126.28333333333335,292054.2104573,0,coinbase
1641859200,126.51,133.54,125.77,131.67,130.32666666666668,207354.19370816,0,coinbase
1641945600,131.67,142.35,130.92,142.02,138.42999999999998,204445.58344654,0,coinbase
1642032000,141.99,142.37,134.63,136.82,137.94,200903.9070007,0,coinbase
1642118400,136.8,146.54,135.96,144.84,142.4466666666667,289207.21213514,0,coinbase
1642204800,144.84,150.72,144.07,147.73,147.50666666666666,200500.18659435,0,coinbase
1642291200,147.75,149.04,143.33,146.49,146.28666666666666,140846.57775994,0,coinbase
1642377600,146.46,153.91,144.19,151.19,149.76333333333335,385413.3131516,0,coinbase
1642464000,151.2,153.45,138.63,141.53,144.53666666666666,316520.11577683,0,coinbase
1642550400,141.53,143.07,133.18,136.2,137.48333333333332,262870.40462573,0,coinbase
1642636800,136.35,142.88,128.86,129.8,133.84666666666666,237051.90406683,0,coinbase
1642723200,129.73,131.1,110.0,114.51,118.53666666666668,633352.63953891,0,coinbase
1642809600,114.51,117.01,96.51,108.41,107.31,874503.63315709,0,coinbase
1642896000,108.49,112.76,105.61,112.35,110.24000000000001,473869.96273106,0,coinbase
1642982400,112.28,112.32,97.51,109.65,106.49333333333334,741516.82001623,0,coinbase
1643068800,109.6,110.01,105.21,107.9,107.70666666666666,371666.09907819,0,coinbase
1643155200,107.86,116.67,104.75,107.0,109.47333333333334,442820.00249194,0,coinbase
1643241600,107.09,110.0,102.9,106.92,106.60666666666667,333055.19168513,0,coinbase
1643328000,106.88,110.07,105.31,109.49,108.29,277224.59642641,0,coinbase
1643414400,109.49,112.33,107.65,110.84,110.27333333333335,200310.16536839,0,coinbase
1643500800,110.85,112.32,107.07,108.59,109.32666666666667,170230.74671713,0,coinbase
1643587200,108.61,111.35,104.4,109.54,108.43,260661.12319526,0,coinbase
1643673600,109.5,116.9,108.27,115.11,113.42666666666668,257072.41281599,0,coinbase
1643760000,115.18,116.07,107.23,108.36,110.55333333333334,219744.10546933,0,coinbase
1643846400,108.33,111.1,105.39,111.02,109.17,228153.68046523,0,coinbase
1643932800,111.03,121.5,108.8,121.42,117.24000000000001,280454.13017712,0,coinbase
1644019200,121.47,123.95,118.93,121.8,121.56,239148.7688494,0,coinbase
1644105600,121.81,128.11,120.66,127.68,125.48333333333335,219258.13984267,0,coinbase
1644192000,127.69,139.97,125.07,137.43,134.15666666666667,319063.61043997,0,coinbase
1644278400,137.47,143.04,130.57,133.82,135.81,393502.67272601,0,coinbase
1644364800,133.81,141.08,132.14,140.21,137.81000000000003,291783.43188295,0,coinbase
1644451200,140.13,143.88,134.09,134.59,137.52,316414.77332234,0,coinbase
1644537600,134.6,134.88,125.0,125.69,128.52333333333334,318617.84186862,0,coinbase
1644624000,125.66,127.72,120.92,126.78,125.13999999999999,231949.86336103,0,coinbase
1644710400,126.78,128.89,123.56,125.67,126.04,187856.88910197,0,coinbase
1644796800,125.68,127.0,121.41,124.62,124.34333333333332,197881.62888441,0,coinbase
1644883200,124.62,132.6,124.0,131.74,129.4466666666667,203506.59428876,0,coinbase
1644969600,131.73,131.87,125.52,127.84,128.41,177202.6345645,0,coinbase
1645056000,127.8,129.05,114.9,116.39,120.11333333333334,281372.68472738,0,coinbase
1645142400,116.47,123.52,113.84,114.85,117.40333333333335,377834.48911989,0,coinbase
1645228800,114.88,117.23,113.07,115.59,115.29666666666667,194483.60665995,0,coinbase
1645315200,115.57,115.79,108.4,110.69,111.62666666666667,200191.65355108,0,coinbase
1645401600,110.7,114.59,102.04,102.78,106.46999999999998,293869.63472811,0,coinbase
1645488000,102.79,107.92,100.28,107.51,105.23666666666666,289230.26190797,0,coinbase
1645574400,107.51,111.56,105.0,105.41,107.32333333333334,224560.11584123,0,coinbase
1645660800,105.41,107.98,91.52,104.24,101.24666666666667,605381.43120346,0,coinbase
1645747200,104.25,110.75,101.6,109.33,107.22666666666667,290992.6357505,0,coinbase
1645833600,109.35,114.99,106.52,108.29,109.93333333333334,231339.94022687,0,coinbase
1645920000,108.31,110.15,101.27,103.05,104.82333333333334,209004.93170558,0,coinbase
1646006400,103.05,113.97,101.27,113.82,109.68666666666667,294138.40317485,0,coinbase
1646092800,113.81,116.03,109.95,112.66,112.88,296594.83113363,0,coinbase
1646179200,112.72,114.74,109.17,110.35,111.42,217097.36615511,0,coinbase
1646265600,110.4,113.05,107.89,111.69,110.87666666666667,243361.00746569,0,coinbase
1646352000,111.76,112.71,99.01,101.05,104.25666666666666,263119.574424,0,coinbase
1646438400,101.04,105.33,99.43,104.9,103.21999999999998,158905.68748833,0,coinbase
1646524800,104.91,105.88,100.67,101.1,102.55,142088.88880712,0,coinbase
1646611200,101.09,103.92,96.25,98.35,99.50666666666666,347795.26294199,0,coinbase
1646697600,98.36,102.58,97.77,100.75,100.36666666666667,243554.4429491,0,coinbase
1646784000,100.75,109.3,100.44,106.99,105.57666666666667,248439.35884158,0,coinbase
1646870400,106.98,107.08,99.56,102.58,103.07333333333332,254225.35850982,0,coinbase
1646956800,102.57,107.0,99.72,104.55,103.75666666666666,249980.08650817,0,coinbase
1647043200,104.58,107.95,104.51,105.58,106.01333333333334,156648.77130625,0,coinbase
1647129600,105.56,107.38,101.05,101.69,103.37333333333333,175912.71837423,0,coinbase
1647216000,101.68,106.4,100.85,105.58,104.27666666666666,243259.89674957,0,coinbase
1647302400,105.58,108.64,102.51,106.94,106.03000000000002,205412.34915953,0,coinbase
1647388800,106.91,111.93,105.69,111.35,109.65666666666668,284247.93537392,0,coinbase
1647475200,111.33,111.69,108.62,110.26,110.19,180675.66642122,0,coinbase
1647561600,110.27,113.04,107.79,111.9,110.91000000000001,175052.91737604,0,coinbase
1647648000,111.92,117.31,111.44,116.82,115.19,223503.3979164,0,coinbase
1647734400,116.8,118.49,111.37,114.88,114.91333333333334,251517.38316672,0,coinbase
1647820800,114.9,116.82,113.18,116.13,115.37666666666667,217077.41952491,0,coinbase
1647907200,116.11,123.84,115.59,122.81,120.74666666666667,299000.1990727,0,coinbase
1647993600,122.83,124.5,118.64,122.51,121.88333333333333,203659.52158983,0,coinbase
1648080000,122.52,127.78,120.09,126.52,124.79666666666667,294840.94569007,0,coinbase
1648166400,126.53,127.39,121.61,124.0,124.33333333333333,251885.75973135,0,coinbase
1648252800,124.0,125.6,121.97,124.85,124.13999999999999,129919.67152024,0,coinbase
1648339200,124.85,129.81,123.31,129.68,127.60000000000001,172099.55704898,0,coinbase
1648425600,129.64,132.68,126.7,127.59,128.99,254063.38507721,0,coinbase
1648512000,127.59,132.0,127.04,130.08,129.70666666666668,200532.96175386,0,coinbase
1648598400,130.08,134.11,126.0,131.12,130.41,243969.09752133,0,coinbase
1648684800,131.17,132.92,121.32,123.87,126.03666666666668,337383.71575167,0,coinbase
1648771200,123.87,126.47,119.11,124.88,123.48666666666666,230170.57257836,0,coinbase
1648857600,124.85,128.38,123.71,124.9,125.66333333333334,158733.95966093,0,coinbase
1648944000,124.91,129.56,123.71,128.77,127.34666666666665,152797.01873617,0,coinbase
1649030400,128.76,128.93,121.24,124.76,124.97666666666667,216989.20887141,0,coinbase
1649116800,124.79,127.38,122.57,122.76,124.23666666666666,128919.62797315,0,coinbase
1649203200,122.79,123.19,111.38,111.68,115.41666666666667,316044.95192981,0,coinbase
1649289600,111.66,116.76,110.13,114.17,113.68666666666667,186626.01929985,0,coinbase
1649376000,114.12,115.31,109.64,110.73,111.89333333333333,183348.79793618,0,coinbase
1649462400,110.68,112.96,110.0,112.7,111.88666666666666,104017.1851897,0,coinbase
1649548800,112.69,114.5,110.06,110.26,111.60666666666667,116679.65453236,0,coinbase
1649635200,110.31,110.63,101.89,102.54,105.02,238768.56515644,0,coinbase
1649721600,102.51,105.78,101.72,104.92,104.14,165177.11942778,0,coinbase
1649808000,104.88,110.84,103.94,110.58,108.45333333333333,187363.24099125,0,coinbase
1649894400,110.55,112.33,105.97,107.38,108.56,129539.88712734,0,coinbase
1649980800,107.36,112.86,107.08,111.0,110.31333333333333,160149.17391639,0,coinbase
1650067200,110.97,114.79,110.12,114.34,113.08333333333333,135651.97888812,0,coinbase
1650153600,114.35,115.17,108.27,108.78,110.74000000000001,121722.47806807,0,coinbase
1650240000,108.82,111.47,105.29,111.24,109.33333333333333,168301.4200937,0,coinbase
1650326400,111.27,114.16,110.61,113.81,112.86,135552.34259408,0,coinbase
1650412800,113.79,114.21,110.75,111.86,112.27333333333333,115511.09138237,0,coinbase
1650499200,111.91,114.57,105.45,106.69,108.90333333333332,185475.68027311,0,coinbase
1650585600,106.71,108.71,104.81,105.34,106.28666666666668,128432.50387496,0,coinbase
1650672000,105.34,107.25,104.41,105.16,105.60666666666667,93528.1174473,0,coinbase
1650758400,105.19,105.95,103.56,104.59,104.7,90416.43694128,0,coinbase
1650844800,104.56,104.89,98.49,104.56,102.64666666666666,210819.69532116,0,coinbase
1650931200,104.57,105.37,96.36,98.59,100.10666666666668,190383.80590802,0,coinbase
1651017600,98.58,101.96,97.72,100.63,100.10333333333334,171054.05031386,0,coinbase
1651104000,100.62,104.4,99.72,103.33,102.48333333333333,187257.47489544,0,coinbase
1651190400,103.32,104.46,98.32,100.39,101.05666666666666,162691.042827,0,coinbase
1651276800,100.38,101.58,94.05,95.89,97.17333333333333,185165.55669883,0,coinbase
1651363200,95.89,100.02,94.42,99.27,97.90333333333332,158599.7404214,0,coinbase
1651449600,99.27,101.89,98.3,100.65,100.28000000000002,191348.63125507,0,coinbase
1651536000,100.63,101.39,97.41,99.35,99.38333333333333,157484.79361626,0,coinbase
1651622400,99.35,107.03,99.0,106.25,104.09333333333332,191498.76235693,0,coinbase
1651708800,106.26,106.86,94.79,96.84,99.49666666666667,218974.89391106,0,coinbase
1651795200,96.88,98.41,92.8,96.69,95.96666666666665,234529.54894113,0,coinbase
1651881600,96.71,97.33,92.47,94.27,94.69,141005.91880514,0,coinbase
1651968000,94.24,95.72,91.46,93.83,93.67,171874.39041982,0,coinbase
1652054400,93.88,94.95,75.25,76.19,82.13,433391.21152214,0,coinbase
1652140800,76.19,85.02,73.33,80.12,79.49,471382.82007354,0,coinbase
1652227200,80.15,82.77,64.0,66.31,71.02666666666666,550618.1139555,0,coinbase
1652313600,66.33,69.69,52.0,64.26,61.98333333333333,660531.13411283,0,coinbase
1652400000,64.29,73.16,63.04,67.78,67.99333333333333,432468.5389034,0,coinbase
1652486400,67.75,70.17,64.06,68.81,67.68,280438.81505824,0,coinbase
1652572800,68.8,71.67,65.9,71.5,69.69,280440.22327883,0,coinbase
1652659200,71.48,71.53,64.89,67.13,67.85000000000001,291852.9484005,0,coinbase
1652745600,67.16,73.79,66.92,73.04,71.25,324596.81651429,0,coinbase
1652832000,73.04,74.29,65.67,65.87,68.61,370137.09495734,0,coinbase
1652918400,65.89,72.6,64.58,72.02,69.73333333333333,348888.70177918,0,coinbase
1653004800,72.02,73.3,66.67,68.48,69.48333333333333,300585.81135815,0,coinbase
1653091200,68.47,70.58,67.74,69.78,69.36666666666666,176250.79963991,0,coinbase
1653177600,69.76,72.42,69.3,71.61,71.11,168510.38605541,0,coinbase
1653264000,71.57,73.9,68.23,68.95,70.36,260071.33733133,0,coinbase
1653350400,68.97,70.71,66.89,70.2,69.26666666666667,318689.15308867,0,coinbase
1653436800,70.17,71.6,67.78,68.16,69.17999999999999,261089.74535166,0,coinbase
1653523200,68.16,68.77,60.4,63.42,64.19666666666666,365679.4514976,0,coinbase
1653609600,63.37,64.04,60.83,61.51,62.126666666666665,247811.55432713,0,coinbase
1653696000,61.47,63.95,61.23,62.99,62.723333333333336,135682.29615232,0,coinbase
1653782400,62.97,64.34,61.79,63.58,63.23666666666666,159068.49855032,0,coinbase
1653868800,63.58,69.69,63.17,69.07,67.31,245010.94205638,0,coinbase
1653955200,69.07,69.69,66.64,68.32,68.21666666666665,178801.75431922,0,coinbase
1654041600,68.35,70.5,61.64,62.64,64.92666666666666,294215.57050579,0,coinbase
1654128000,62.64,64.72,61.97,64.38,63.69,178089.56111652,0,coinbase
1654214400,64.37,64.84,61.3,62.54,62.89333333333334,158889.28500271,0,coinbase
1654300800,62.52,64.29,61.27,63.68,63.080000000000005,141152.51626719,0,coinbase
1654387200,63.69,63.82,61.63,63.1,62.85,123318.14233394,0,coinbase
1654473600,63.07,66.45,62.86,64.38,64.56333333333333,190383.67587109,0,coinbase
1654560000,64.36,65.43,60.13,63.77,63.11000000000001,288258.89387788,0,coinbase
1654646400,63.8,64.42,61.07,61.34,62.27666666666667,240405.50446404,0,coinbase
1654732800,61.33,62.34,59.18,60.17,60.56333333333333,193111.21072881,0,coinbase
1654819200,60.19,60.33,55.55,56.62,57.5,303617.68545204,0,coinbase
1654905600,56.62,57.73,51.59,52.13,53.81666666666666,432698.9430261,0,coinbase
1654992000,52.11,52.61,47.28,47.86,49.25,445549.09230494,0,coinbase
1655078400,47.86,48.25,40.56,43.45,44.086666666666666,825408.72245026,0,coinbase
1655164800,43.45,46.45,40.32,46.1,44.29,774540.36608005,0,coinbase
1655251200,46.1,50.96,41.59,50.63,47.72666666666667,603086.91137476,0,coinbase
1655337600,50.63,51.15,43.97,44.74,46.620000000000005,424563.16484194,0,coinbase
1655424000,44.72,48.38,44.36,47.55,46.76333333333334,410666.41770604,0,coinbase
1655510400,47.53,48.29,41.41,47.13,45.60999999999999,607730.68628942,0,coinbase
1655596800,47.11,56.24,44.86,54.25,51.78333333333333,853089.46808681,0,coinbase
1655683200,54.21,54.71,51.25,52.69,52.88333333333333,469736.82127925,0,coinbase
1655769600,52.7,55.71,51.82,53.46,53.663333333333334,404764.35003924,0,coinbase
1655856000,53.51,53.53,50.38,52.07,51.99333333333333,364323.63743714,0,coinbase
1655942400,52.09,56.71,51.85,55.73,54.76333333333333,457443.00813889,0,coinbase
1656028800,55.7,57.32,54.35,55.79,55.82,326222.77752537,0,coinbase
1656115200,55.82,59.7,54.58,58.8,57.69333333333333,291264.45458328,0,coinbase
1656201600,58.86,60.44,56.57,56.58,57.86333333333332,261807.66960647,0,coinbase
1656288000,56.57,58.61,54.79,55.86,56.419999999999995,263364.67915221,0,coinbase
1656374400,55.85,56.94,52.49,52.65,54.02666666666667,270322.39457144,0,coinbase
1656460800,52.65,54.4,51.31,53.63,53.11333333333334,296491.27822412,0,coinbase
1656547200,53.64,53.96,50.08,53.81,52.61666666666667,369412.17120822,0,coinbase
1656633600,53.82,56.25,50.01,51.13,52.46333333333333,417762.93289699,0,coinbase
1656720000,51.13,51.62,49.69,50.5,50.60333333333333,212243.90007967,0,coinbase
1656806400,50.47,52.13,49.05,50.86,50.68000000000001,198607.65554234,0,coinbase
1656892800,50.86,52.35,49.65,52.2,51.4,221485.92587116,0,coinbase
1656979200,52.2,52.42,47.89,49.65,49.98666666666667,376278.59769944,0,coinbase
1657065600,49.65,51.16,48.9,50.29,50.11666666666667,287535.25974814,0,coinbase
1657152000,50.29,52.6,49.72,52.11,51.47666666666667,241613.02362156,0,coinbase
1657238400,52.13,53.98,50.73,51.31,52.00666666666666,244901.09200714,0,coinbase
1657324800,51.33,54.82,51.3,54.05,53.39000000000001,184047.87188469,0,coinbase
1657411200,54.05,55.02,50.65,52.09,52.586666666666666,258238.1652585,0,coinbase
1657497600,52.09,52.22,48.22,48.67,49.70333333333334,218240.76120082,0,coinbase
1657584000,48.68,49.36,47.23,47.28,47.95666666666667,221720.13302714,0,coinbase
1657670400,47.28,49.67,46.31,49.5,48.49333333333334,306169.58392847,0,coinbase
1657756800,49.49,51.71,47.91,51.32,50.31333333333333,245172.33976433,0,coinbase
1657843200,51.32,52.76,50.62,51.75,51.71,301382.90402948,0,coinbase
1657929600,51.74,55.52,51.06,55.09,53.89000000000001,245839.28655938,0,coinbase
1658016000,55.08,57.02,54.41,55.74,55.723333333333336,244370.90493945,0,coinbase
1658102400,55.74,59.3,55.21,58.58,57.69666666666666,361885.3763359,0,coinbase
1658188800,58.58,59.61,55.8,57.91,57.77333333333333,353481.14243593,0,coinbase
1658275200,57.91,61.8,56.4,57.22,58.47333333333333,441039.80312667,0,coinbase
1658361600,57.2,58.7,55.16,58.03,57.29666666666666,236048.79421065,0,coinbase
1658448000,58.02,59.22,55.53,56.1,56.949999999999996,196921.58193527,0,coinbase
1658534400,56.1,57.28,54.48,56.34,56.03333333333333,223948.831809,0,coinbase
1658620800,56.34,59.79,56.33,58.37,58.163333333333334,186224.11199816,0,coinbase
1658707200,58.4,58.98,53.92,54.02,55.64000000000001,226638.25583149,0,coinbase
1658793600,54.0,54.17,51.96,53.9,53.343333333333334,221570.7465108,0,coinbase
1658880000,53.89,59.08,53.01,59.04,57.04333333333333,283927.23173926,0,coinbase
1658966400,59.04,64.3,57.98,63.43,61.903333333333336,419770.49087208,0,coinbase
1659052800,63.42,64.58,59.75,60.71,61.68,283920.06366666,0,coinbase
1659139200,60.71,64.25,59.95,60.47,61.55666666666667,370833.68945159,0,coinbase
1659225600,60.46,62.99,59.63,59.76,60.79333333333333,238723.72694933,0,coinbase
1659312000,59.76,60.75,58.28,59.47,59.5,303677.46921425,0,coinbase
1659398400,59.48,59.87,56.64,58.09,58.199999999999996,283396.07843739,0,coinbase
1659484800,58.1,60.15,56.71,57.78,58.21333333333333,211243.06068514,0,coinbase
1659571200,57.77,60.81,57.63,59.65,59.36333333333334,218757.25495821,0,coinbase
1659657600,59.65,62.59,59.62,62.49,61.56666666666667,197541.50139091,0,coinbase
1659744000,62.51,62.57,60.51,60.84,61.30666666666667,105782.82970865,0,coinbase
1659830400,60.86,62.03,59.89,61.12,61.01333333333333,138859.86298668,0,coinbase
1659916800,61.1,64.09,60.8,62.61,62.5,219255.34781052,0,coinbase
1660003200,62.61,62.87,58.28,59.18,60.11000000000001,249566.57346432,0,coinbase
1660089600,59.17,62.35,57.59,61.61,60.51666666666667,302141.1284252,0,coinbase
1660176000,61.58,63.53,61.47,61.89,62.29666666666666,195969.86832032,0,coinbase
1660262400,61.89,63.11,60.62,62.95,62.22666666666667,168535.43131253,0,coinbase
1660348800,62.93,65.69,62.68,63.86,64.07666666666667,198436.42913876,0,coinbase
1660435200,63.86,65.83,62.44,63.17,63.81333333333333,200070.3956128,0,coinbase
1660521600,63.16,65.33,59.69,60.69,61.90333333333333,294060.71378685,0,coinbase
1660608000,60.68,61.77,60.0,61.33,61.03333333333334,216069.56972249,0,coinbase
1660694400,61.31,64.72,59.7,60.52,61.64666666666667,315548.29203837,0,coinbase
1660780800,60.54,61.7,59.35,60.0,60.35,199009.08307393,0,coinbase
1660867200,60.02,60.17,53.24,54.02,55.81,400034.06454746,0,coinbase
1660953600,54.02,55.62,52.62,54.1,54.11333333333334,256113.87418522,0,coinbase
1661040000,54.1,56.01,53.81,55.68,55.166666666666664,153009.31307956,0,coinbase
1661126400,55.69,57.45,52.3,57.22,55.656666666666666,289740.68930539,0,coinbase
1661212800,57.23,57.73,53.92,57.1,56.25,206534.48143913,0,coinbase
1661299200,57.11,57.68,55.57,56.46,56.57,214320.94862065,0,coinbase
1661385600,56.47,57.52,55.82,56.62,56.653333333333336,166742.69276617,0,coinbase
1661472000,56.61,58.31,52.11,52.71,54.376666666666665,246245.46968792,0,coinbase
1661558400,52.69,53.47,51.69,53.03,52.73,223788.86020548,0,coinbase
1661644800,53.03,56.02,52.46,53.38,53.95333333333334,222124.76604475,0,coinbase
1661731200,53.4,56.7,52.52,55.79,55.00333333333333,253205.7343034,0,coinbase
1661817600,55.79,56.24,51.85,53.01,53.699999999999996,236552.45512532,0,coinbase
1661904000,53.02,55.27,53.01,53.84,54.04,214506.62973223,0,coinbase
1661990400,53.84,57.8,53.2,57.56,56.18666666666667,366065.90423686,0,coinbase
1662076800,57.58,62.41,56.48,61.02,59.97,418279.82771373,0,coinbase
1662163200,60.99,62.23,59.54,60.19,60.65333333333333,246138.16826108,0,coinbase
1662249600,60.19,61.01,58.61,60.93,60.18333333333334,204252.6362682,0,coinbase
1662336000,60.92,61.63,59.26,60.45,60.446666666666665,243892.24896458,0,coinbase
1662422400,60.44,62.75,54.0,54.12,56.95666666666667,514825.82735209,0,coinbase
1662508800,54.09,58.3,52.93,57.3,56.176666666666655,311494.17667765,0,coinbase
1662595200,57.29,58.61,56.06,57.99,57.553333333333335,277243.44031406,0,coinbase
1662681600,57.97,61.94,57.7,61.15,60.26333333333333,281920.53105442,0,coinbase
1662768000,61.16,64.72,60.59,63.32,62.876666666666665,294861.73112029,0,coinbase
1662854400,63.32,64.46,61.37,62.18,62.669999999999995,184144.10818344,0,coinbase
1662940800,62.17,63.24,60.09,61.41,61.580000000000005,253330.96620714,0,coinbase
1663027200,61.38,67.48,58.31,59.1,61.63,433040.24879016,0,coinbase
1663113600,59.08,61.2,58.2,60.2,59.866666666666674,268067.11192327,0,coinbase
1663200000,60.2,60.84,55.84,56.34,57.67333333333334,329792.22462048,0,coinbase
1663286400,56.34,56.92,54.62,55.93,55.82333333333333,302148.26640893,0,coinbase
1663372800,55.93,58.42,55.8,57.84,57.35333333333333,136846.75592239,0,coinbase
1663459200,57.82,57.85,52.32,52.65,54.27333333333333,207761.21538631,0,coinbase
1663545600,52.66,53.73,50.01,52.89,52.21,298289.44269123,0,coinbase
1663632000,52.89,53.85,50.86,52.34,52.35,359088.50945206,0,coinbase
1663718400,52.33,55.55,50.23,51.08,52.28666666666667,467465.94994286,0,coinbase
1663804800,51.08,54.1,50.63,53.59,52.77333333333333,195685.98026218,0,coinbase
1663891200,53.6,55.34,51.39,55.23,53.98666666666667,315176.26939393,0,coinbase
1663977600,55.23,55.95,53.16,53.43,54.18,198768.42274208,0,coinbase
1664064000,53.42,54.41,52.27,52.55,53.076666666666675,157616.23977951,0,coinbase
1664150400,52.53,53.72,51.88,53.44,53.01333333333333,189471.42240123,0,coinbase
1664236800,53.45,55.55,51.81,52.67,53.343333333333334,212062.62597564,0,coinbase
1664323200,52.68,53.83,51.01,53.28,52.70666666666667,174959.16163942,0,coinbase
1664409600,53.29,54.15,52.24,53.98,53.45666666666667,177220.7104928,0,coinbase
1664496000,53.98,55.11,52.85,53.48,53.81333333333333,188715.26063499,0,coinbase
1664582400,53.48,53.83,52.46,52.93,53.07333333333333,144736.24122538,0,coinbase
1664668800,52.92,53.47,51.66,51.82,52.31666666666666,142432.91658221,0,coinbase
1664755200,51.81,54.35,51.48,54.18,53.336666666666666,167745.23230467,0,coinbase
1664841600,54.17,55.75,53.87,55.32,54.98,171104.92033802,0,coinbase
1664928000,55.3,55.33,53.31,54.64,54.42666666666667,182188.57770398,0,coinbase
1665014400,54.65,55.07,53.35,53.56,53.99333333333334,193197.23243802,0,coinbase
1665100800,53.55,53.86,52.28,52.86,53.0,159998.27537395,0,coinbase
1665187200,52.84,53.55,52.41,52.82,52.92666666666667,122173.33073261,0,coinbase
1665273600,52.8,54.02,52.7,53.93,53.550000000000004,102347.74590926,0,coinbase
1665360000,53.91,54.48,52.49,52.63,53.199999999999996,166555.34641594,0,coinbase
1665446400,52.64,52.65,51.11,52.01,51.923333333333325,152019.49440837,0,coinbase
1665532800,52.01,52.97,51.63,52.23,52.276666666666664,144633.42428794,0,coinbase
1665619200,52.23,52.52,48.33,51.09,50.64666666666667,258038.9301401,0,coinbase
1665705600,51.08,52.58,50.91,51.32,51.60333333333333,134602.69692645,0,coinbase
1665792000,51.31,51.68,50.25,50.4,50.77666666666667,94158.31392327,0,coinbase
1665878400,50.39,51.82,50.3,51.45,51.19,87522.34978072,0,coinbase
1665964800,51.45,52.17,51.04,51.84,51.68333333333334,112048.53039671,0,coinbase
1666051200,51.86,52.23,50.76,51.88,51.623333333333335,131250.62485695,0,coinbase
1666137600,51.86,52.01,50.75,50.92,51.22666666666667,118631.53824869,0,coinbase
1666224000,50.92,52.11,50.56,51.22,51.29666666666666,119793.53383618,0,coinbase
1666310400,51.23,51.82,49.55,51.64,51.00333333333333,139663.60429082,0,coinbase
1666396800,51.65,52.5,51.37,52.19,52.02,100855.57227779,0,coinbase
1666483200,52.18,54.05,51.83,54.03,53.303333333333335,119104.21316795,0,coinbase
1666569600,54.03,54.22,52.11,52.55,52.96,167465.90765031,0,coinbase
1666656000,52.55,56.84,52.27,55.96,55.02333333333334,242336.25500125,0,coinbase
1666742400,55.97,57.63,55.69,56.42,56.580000000000005,209163.34897158,0,coinbase
1666828800,56.42,57.37,54.51,54.76,55.54666666666666,197039.71122952,0,coinbase
1666915200,54.77,55.59,53.5,54.93,54.67333333333334,172125.81293566,0,coinbase
1667001600,54.92,57.6,54.67,56.61,56.29333333333333,185502.84947507,0,coinbase
1667088000,56.63,57.52,54.76,55.39,55.89000000000001,171118.29421639,0,coinbase
1667174400,55.39,56.6,54.0,55.01,55.203333333333326,328235.15538974,0,coinbase
1667260800,55.02,55.89,54.49,55.11,55.163333333333334,174888.81030558,0,coinbase
1667347200,55.12,62.87,54.67,60.94,59.49333333333333,595683.52584767,0,coinbase
1667433600,60.95,64.77,60.1,61.87,62.24666666666667,551173.06071325,0,coinbase
1667520000,61.86,70.41,61.65,67.61,66.55666666666667,493433.36075747,0,coinbase
1667606400,67.59,71.91,67.09,69.28,69.42666666666666,361179.96337176,0,coinbase
1667692800,69.27,70.82,67.5,68.29,68.87,246689.94613897,0,coinbase
1667779200,68.26,73.29,66.22,67.45,68.98666666666666,489259.64008594,0,coinbase
1667865600,67.44,68.9,54.0,57.86,60.25333333333333,648776.9937435,0,coinbase
1667952000,57.8,59.92,47.5,50.51,52.64333333333334,629859.91062417,0,coinbase
1668038400,50.59,61.14,49.53,60.38,57.01666666666667,486102.31280037,0,coinbase
1668124800,60.39,64.12,58.33,61.32,61.25666666666667,341879.86154292,0,coinbase
1668211200,61.33,61.6,58.03,59.86,59.830000000000005,275515.50121757,0,coinbase
1668297600,59.88,60.23,56.17,57.28,57.89333333333334,170861.80583077,0,coinbase
1668384000,57.26,59.14,53.4,56.62,56.38666666666666,278309.31621476,0,coinbase
1668470400,56.59,59.49,56.42,57.95,57.95333333333334,178778.66489158,0,coinbase
1668556800,57.92,60.11,56.68,57.45,58.080000000000005,206679.2446001,0,coinbase
1668643200,57.43,63.24,56.95,62.56,60.916666666666664,324024.43952117,0,coinbase
1668729600,62.54,63.8,61.45,62.55,62.6,248513.68256921,0,coinbase
1668816000,62.55,64.51,61.28,63.9,63.23,137331.74643868,0,coinbase
1668902400,63.9,64.8,60.32,61.99,62.370000000000005,196092.90620255,0,coinbase
1668988800,61.99,63.44,59.11,61.24,61.26333333333333,341997.09376651,0,coinbase
1669075200,61.23,71.24,61.0,70.55,67.59666666666668,474529.17648644,0,coinbase
1669161600,70.54,83.43,69.5,78.9,77.27666666666667,721641.07823604,0,coinbase
1669248000,78.9,79.4,74.98,78.6,77.66,435568.52115938,0,coinbase
1669334400,78.61,79.81,73.2,74.04,75.68333333333334,357596.83710922,0,coinbase
1669420800,74.06,79.6,73.86,76.43,76.63,288588.00389192,0,coinbase
1669507200,76.45,79.2,74.14,74.88,76.07333333333334,235193.01118282,0,coinbase
1669593600,74.86,75.3,70.5,73.91,73.23666666666666,420960.81272676,0,coinbase
1669680000,73.92,77.89,73.39,75.77,75.68333333333334,270415.34755532,0,coinbase
1669766400,75.78,80.7,75.42,79.23,78.45,308676.70824879,0,coinbase
1669852800,79.2,80.62,76.29,77.59,78.16666666666667,285345.49342386,0,coinbase
1669939200,77.58,78.13,75.39,77.94,77.15333333333332,189905.64585478,0,coinbase
1670025600,77.95,78.13,75.46,76.48,76.69,125212.31422755,0,coinbase
1670112000,76.43,77.52,75.78,77.13,76.81,131387.7260973,0,coinbase
1670198400,77.15,84.97,76.8,80.21,80.65999999999998,394843.67475095,0,coinbase
1670284800,80.21,81.78,77.68,79.88,79.78,246954.57971747,0,coinbase
1670371200,79.91,80.38,75.56,76.91,77.61666666666666,315738.14604651,0,coinbase
1670457600,76.92,78.72,74.48,78.29,77.16333333333334,329104.6383285,0,coinbase
1670544000,78.25,78.8,75.83,76.32,76.98333333333333,184869.75974951,0,coinbase
1670630400,76.3,77.42,75.64,76.37,76.47666666666667,142318.82044013,0,coinbase
1670716800,76.35,78.43,76.3,76.51,77.08,134260.86677448,0,coinbase
1670803200,76.5,76.71,73.52,76.23,75.48666666666666,225110.8050415,0,coinbase
1670889600,76.23,79.83,74.38,77.38,77.19666666666666,339307.42801961,0,coinbase
1670976000,77.37,79.09,74.18,75.37,76.21333333333334,285441.24941827,0,coinbase
1671062400,75.34,75.51,71.76,72.44,73.23666666666666,245191.06587731,0,coinbase
1671148800,72.43,73.56,65.0,66.26,68.27333333333333,475373.93288577,0,coinbase
1671235200,66.24,67.71,62.72,64.91,65.11333333333333,319643.27775526,0,coinbase
1671321600,64.91,65.94,63.05,64.43,64.47333333333334,218058.69981039,0,coinbase
1671408000,64.42,65.05,61.0,63.36,63.13666666666666,346868.8923833,0,coinbase
1671494400,63.34,66.9,63.1,65.58,65.19333333333333,333270.94801202,0,coinbase
1671580800,65.57,66.82,64.62,65.39,65.61,218155.50735583,0,coinbase
1671667200,65.39,66.69,64.25,66.18,65.70666666666666,198436.5122956,0,coinbase
1671753600,66.17,66.69,64.96,65.73,65.79333333333334,159889.57092986,0,coinbase
1671840000,65.76,66.04,65.02,65.76,65.60666666666667,80049.63315163,0,coinbase
1671926400,65.75,69.69,65.31,69.16,68.05333333333333,166377.09894521,0,coinbase
1672012800,69.19,71.6,68.59,70.76,70.31666666666666,198396.54958871,0,coinbase
1672099200,70.77,71.16,67.75,68.66,69.19,192670.71743416,0,coinbase
1672185600,68.66,69.45,65.65,66.3,67.13333333333334,328846.54954901,0,coinbase
1672272000,66.28,67.25,65.53,66.65,66.47666666666667,187329.52146616,0,coinbase
1672358400,66.62,68.63,66.03,67.93,67.53,214064.33274956,0,coinbase
1672444800,67.91,71.0,67.57,70.09,69.55333333333333,178318.91141621,0,coinbase
1672531200,70.1,71.47,68.88,70.89,70.41333333333334,149695.29304401,0,coinbase
1672617600,70.88,77.97,70.03,74.71,74.23666666666666,309409.36199751,0,coinbase
1672704000,74.71,76.39,73.65,75.51,75.18333333333334,249484.30801721,0,coinbase
1672790400,75.52,77.95,74.28,75.41,75.88000000000001,348784.39346113,0,coinbase
1672876800,75.4,76.25,73.59,74.23,74.69,252094.71802425,0,coinbase
1672963200,74.2,76.53,72.45,75.89,74.95666666666666,372998.7110588,0,coinbase
1673049600,75.9,76.81,75.45,76.36,76.20666666666666,141112.76058653,0,coinbase
1673136000,76.36,78.76,75.09,78.6,77.48333333333333,190557.57508301,0,coinbase
1673222400,78.63,83.57,78.09,81.59,81.08333333333333,415104.27751227,0,coinbase
1673308800,81.6,82.83,79.45,80.86,81.04666666666667,286296.22287785,0,coinbase
1673395200,80.86,84.97,79.91,84.07,82.98333333333333,273778.84637634,0,coinbase
1673481600,84.08,87.88,80.75,86.1,84.91,337396.40138026,0,coinbase
1673568000,86.08,87.99,83.6,86.26,85.94999999999999,259314.8148205,0,coinbase
1673654400,86.27,91.14,85.99,87.85,88.32666666666667,567454.45410682,0,coinbase
1673740800,87.84,88.75,85.36,87.37,87.16000000000001,237925.27290441,0,coinbase
1673827200,87.37,89.21,83.91,85.94,86.35333333333334,309438.04519345,0,coinbase
1673913600,85.91,89.35,84.56,87.0,86.96999999999998,272285.06483997,0,coinbase
1674000000,87.02,88.42,82.16,82.64,84.40666666666665,304276.22180158,0,coinbase
1674086400,82.62,84.59,81.67,84.23,83.49666666666667,176943.31884125,0,coinbase
1674172800,84.23,91.22,82.99,90.29,88.16666666666667,214981.84984433,0,coinbase
1674259200,90.29,92.09,87.64,87.93,89.22000000000001,250824.97329149,0,coinbase
1674345600,87.93,90.04,86.52,87.6,88.05333333333333,166888.8680576,0,coinbase
1674432000,87.58,93.16,87.51,89.94,90.20333333333333,180084.77597607,0,coinbase
1674518400,89.96,91.47,86.06,87.24,88.25666666666666,147628.64767634,0,coinbase
1674604800,87.24,91.98,85.56,89.41,88.98333333333335,156572.13464263,0,coinbase
1674691200,89.44,89.97,86.88,87.54,88.13,112409.06899916,0,coinbase
1674777600,87.53,89.24,85.86,88.93,88.00999999999999,140008.72581198,0,coinbase
1674864000,88.91,89.98,87.02,89.7,88.89999999999999,94391.23137959,0,coinbase
1674950400,89.7,97.77,89.7,94.85,94.10666666666667,306807.19927523,0,coinbase
1675036800,94.87,96.15,88.44,91.38,91.99000000000001,220542.44759024,0,coinbase
1675123200,91.4,96.27,91.35,94.13,93.91666666666667,253963.61454968,0,coinbase
1675209600,94.12,102.65,93.72,100.33,98.89999999999999,349057.96377188,0,coinbase
1675296000,100.33,102.27,97.94,98.6,99.60333333333331,195173.62181158,0,coinbase
1675382400,98.64,100.82,97.48,99.87,99.39,155026.95194587,0,coinbase
1675468800,99.89,101.38,98.23,98.52,99.37666666666667,104004.6101439,0,coinbase
1675555200,98.49,98.88,94.83,96.7,96.80333333333333,129238.03328475,0,coinbase
1675641600,96.69,97.95,94.78,95.93,96.22000000000001,134048.0825617,0,coinbase
1675728000,95.9,101.55,95.88,100.82,99.41666666666667,201441.47381366,0,coinbase
1675814400,100.84,102.38,96.84,99.21,99.47666666666667,219305.45885527,0,coinbase
1675900800,99.23,99.49,90.02,92.07,93.86,323636.51117322,0,coinbase
1675987200,92.11,94.18,91.09,93.29,92.85333333333334,207388.5689126,0,coinbase
1676073600,93.29,94.82,92.65,94.31,93.92666666666666,106180.59259905,0,coinbase
1676160000,94.3,94.58,90.98,92.49,92.68333333333334,105821.74505823,0,coinbase
1676246400,92.49,94.99,88.25,91.13,91.45666666666666,259846.62818485,0,coinbase
1676332800,91.14,95.99,90.38,95.86,94.07666666666667,173014.37336862,0,coinbase
1676419200,95.87,103.26,95.04,102.86,100.38666666666667,210628.80630723,0,coinbase
1676505600,102.88,105.69,98.48,98.58,100.91666666666667,227980.94897383,0,coinbase
1676592000,98.53,101.71,98.22,100.16,100.03000000000002,148495.44374481,0,coinbase
1676678400,100.14,101.92,98.94,99.75,100.20333333333333,117451.98434494,0,coinbase
1676764800,99.75,101.5,96.83,97.48,98.60333333333334,145787.09152042,0,coinbase
1676851200,97.43,98.71,94.47,95.87,96.35000000000001,193861.25727192,0,coinbase
1676937600,95.88,96.81,91.6,93.82,94.07666666666667,216484.09091694,0,coinbase
1677024000,93.81,95.56,91.58,95.24,94.12666666666667,201125.51162933,0,coinbase
1677110400,95.27,96.24,93.36,94.63,94.74333333333334,124742.38906994,0,coinbase
1677196800,94.62,95.27,89.98,91.58,92.27666666666666,156685.26428605,0,coinbase
1677283200,91.59,93.49,90.31,93.14,92.31333333333333,112297.36202429,0,coinbase
1677369600,93.15,95.5,92.76,95.24,94.5,114431.8057705,0,coinbase
1677456000,95.24,96.06,92.43,94.06,94.18333333333334,149398.41337998,0,coinbase
1677542400,94.06,96.0,93.03,93.8,94.27666666666666,140404.61752897,0,coinbase
1677628800,93.8,98.34,93.56,97.77,96.55666666666667,178921.95083453,0,coinbase
1677715200,97.75,98.34,93.94,95.4,95.89333333333333,140717.13913758,0,coinbase
1677801600,95.39,95.49,86.01,90.62,90.70666666666666,223159.81231103,0,coinbase
1677888000,90.6,90.86,87.5,89.33,89.23,53135.05065797,0,coinbase
1677974400,89.35,91.81,89.18,89.94,90.31,154962.09188959,0,coinbase
1678060800,89.94,90.65,86.55,87.38,88.19333333333333,263774.03658546,0,coinbase
1678147200,87.36,88.97,83.9,86.28,86.38333333333333,243336.17586737,0,coinbase
1678233600,86.27,86.64,81.31,82.76,83.57,205564.72245895,0,coinbase
1678320000,82.72,84.92,75.03,76.68,78.87666666666667,245338.41007055,0,coinbase
1678406400,76.73,76.83,68.08,71.68,72.19666666666667,373492.31624878,0,coinbase
1678492800,71.67,74.93,65.39,69.74,70.02,338104.73765721,0,coinbase
1678579200,69.73,76.95,67.87,76.85,73.89,237012.78463452,0,coinbase
1678665600,76.89,83.68,74.31,81.87,79.95333333333333,340551.51525127,0,coinbase
1678752000,81.9,88.66,79.57,84.3,84.17666666666666,418569.03772097,0,coinbase
1678838400,84.29,85.92,75.23,76.77,79.30666666666667,291856.47502757,0,coinbase
1678924800,76.76,80.13,75.89,79.03,78.35,373039.40308339,0,coinbase
1679011200,79.04,85.79,78.34,85.73,83.28666666666668,218685.25135982,0,coinbase
1679097600,85.72,88.09,82.2,83.26,84.51666666666667,201555.00443265,0,coinbase
1679184000,83.22,86.69,82.3,84.21,84.39999999999999,132738.66912983,0,coinbase
1679270400,84.25,84.56,78.03,78.34,80.31,191889.89418179,0,coinbase
1679356800,78.32,83.7,76.96,82.77,81.14333333333333,172608.30216753,0,coinbase
1679443200,82.74,88.59,79.44,87.51,85.18,376480.43416227,0,coinbase
1679529600,87.46,94.88,85.78,93.88,91.51333333333332,400730.31278335,0,coinbase
1679616000,93.88,96.11,89.05,93.74,92.96666666666665,363783.36825269,0,coinbase
1679702400,93.73,94.42,90.1,91.6,92.04,146355.08810034,0,coinbase
1679788800,91.6,94.92,90.67,93.41,93.0,200507.17762607,0,coinbase
1679875200,93.41,94.15,87.7,89.27,90.37333333333333,227210.58052351,0,coinbase
1679961600,89.3,89.63,85.61,89.17,88.13666666666667,282190.88741621,0,coinbase
1680048000,89.16,93.02,88.99,91.31,91.10666666666667,222745.84732498,0,coinbase
1680134400,91.32,93.36,86.69,89.1,89.71666666666665,278391.86864714,0,coinbase
1680220800,89.09,90.31,87.27,89.59,89.05666666666666,155585.74961049,0,coinbase
1680307200,89.59,94.3,89.39,92.6,92.09666666666665,166067.05557705,0,coinbase
1680393600,92.59,94.62,90.42,92.83,92.62333333333333,142594.32174463,0,coinbase
1680480000,92.89,95.85,89.74,92.98,92.85666666666667,221344.69218932,0,coinbase
1680566400,92.99,94.05,91.61,92.61,92.75666666666666,173193.36701899,0,coinbase
1680652800,92.63,95.08,91.12,92.67,92.95666666666666,188381.3774316,0,coinbase
1680739200,92.63,92.68,89.85,91.04,91.19,133253.83170605,0,coinbase
1680825600,91.0,91.53,89.14,90.69,90.45333333333333,87466.70525638,0,coinbase
1680912000,90.66,91.5,89.31,89.96,90.25666666666666,55428.65375958,0,coinbase
1680998400,89.95,91.11,89.22,90.63,90.32,59706.79968324,0,coinbase
1681084800,90.65,94.53,89.93,93.83,92.76333333333334,120531.03603754,0,coinbase
1681171200,93.84,97.05,93.22,94.28,94.84999999999998,193936.18689537,0,coinbase
1681257600,94.32,94.82,91.02,92.16,92.66666666666667,171910.36579001,0,coinbase
1681344000,92.16,94.62,91.76,94.27,93.55,119932.65169016,0,coinbase
1681430400,94.26,99.44,93.75,96.41,96.53333333333335,247593.13445746,0,coinbase
1681516800,96.39,97.43,94.82,96.8,96.35000000000001,97979.73602538,0,coinbase
1681603200,96.8,102.21,95.2,100.06,99.15666666666668,240805.49964997,0,coinbase
1681689600,100.09,100.37,97.44,98.89,98.89999999999999,167403.7857907,0,coinbase
1681776000,98.91,103.42,97.68,101.95,101.01666666666667,208288.41153326,0,coinbase
1681862400,101.92,101.95,87.04,90.51,93.16666666666667,385776.63528804,0,coinbase
1681948800,90.44,92.39,87.1,90.26,89.91666666666667,303463.25409403,0,coinbase
1682035200,90.23,90.9,84.5,85.34,86.91333333333334,267153.46263632,0,coinbase
1682121600,85.34,87.24,84.77,87.05,86.35333333333334,101558.53755749,0,coinbase
1682208000,87.07,87.11,84.29,86.79,86.06333333333333,115560.37974773,0,coinbase
1682294400,86.79,89.01,85.92,88.32,87.75,182664.4803674,0,coinbase
1682380800,88.33,91.78,87.2,91.03,90.00333333333333,213124.36623918,0,coinbase
1682467200,91.05,94.01,84.21,88.17,88.79666666666667,445650.27156506,0,coinbase
1682553600,88.19,90.68,87.31,89.76,89.25,307167.56740496,0,coinbase
1682640000,89.75,90.42,87.71,89.71,89.27999999999999,176450.10008192,0,coinbase
1682726400,89.69,91.7,89.31,91.13,90.71333333333332,118836.45723787,0,coinbase
1682812800,91.11,91.46,87.8,88.18,89.14666666666666,124077.37757111,0,coinbase
1682899200,88.27,88.92,85.13,86.75,86.93333333333334,204165.39052254,0,coinbase
1682985600,86.75,89.16,86.01,88.22,87.79666666666667,146265.21546112,0,coinbase
1683072000,88.24,89.88,85.44,88.88,88.06666666666666,167546.11607272,0,coinbase
1683158400,88.92,89.17,87.44,88.42,88.34333333333335,90430.11705738,0,coinbase
1683244800,88.43,89.76,86.19,88.73,88.22666666666667,157517.24537627,0,coinbase
1683331200,88.7,89.41,80.67,83.44,84.50666666666666,204883.82258637,0,coinbase
1683417600,83.42,84.8,83.05,83.52,83.79,110069.70260828,0,coinbase
1683504000,83.5,85.34,75.32,77.8,79.48666666666666,282332.72264934,0,coinbase
1683590400,77.8,80.14,77.36,79.96,79.15333333333332,182487.46479813,0,coinbase
1683676800,79.95,82.11,77.11,81.01,80.07666666666667,277149.11706114,0,coinbase
1683763200,80.99,82.01,78.38,80.93,80.44,227361.47344941,0,coinbase
1683849600,80.93,81.54,77.08,80.49,79.70333333333333,240363.58428843,0,coinbase
1683936000,80.48,81.13,79.82,80.27,80.40666666666665,94428.21716021,0,coinbase
1684022400,80.29,84.03,79.64,83.54,82.40333333333335,120383.84459993,0,coinbase
1684108800,83.54,88.65,82.18,86.94,85.92333333333333,283601.18770445,0,coinbase
1684195200,86.93,90.54,86.15,90.01,88.89999999999999,370831.36844947,0,coinbase
1684281600,90.0,95.0,89.62,93.9,92.83999999999999,359808.45441575,0,coinbase
1684368000,93.88,94.22,89.21,90.38,91.27,226019.46787545,0,coinbase
1684454400,90.43,93.33,90.26,91.8,91.79666666666667,205443.79725215,0,coinbase
1684540800,91.77,92.81,90.58,92.45,91.94666666666666,94587.82345472,0,coinbase
1684627200,92.45,93.5,91.17,92.2,92.29,111954.10013622,0,coinbase
1684713600,92.2,92.8,89.85,90.86,91.17,147887.61712737,0,coinbase
1684800000,90.86,93.13,90.42,91.7,91.75,129876.07162992,0,coinbase
1684886400,91.7,91.9,84.38,85.84,87.37333333333333,286148.97405389,0,coinbase
1684972800,85.81,86.78,82.52,86.61,85.30333333333334,183831.60674385,0,coinbase
1685059200,86.58,88.24,86.08,87.1,87.13999999999999,183109.65536796,0,coinbase
1685145600,87.1,88.86,86.94,88.59,88.13,82801.49933759,0,coinbase
1685232000,88.59,92.32,88.17,91.49,90.66000000000001,125395.09544218,0,coinbase
1685318400,91.49,92.26,90.14,90.9,91.10000000000001,137435.55589881,0,coinbase
1685404800,90.89,93.32,90.53,92.29,92.04666666666667,153881.78760216,0,coinbase
1685491200,92.29,92.73,87.72,90.44,90.29666666666667,226481.19968665,0,coinbase
1685577600,90.44,95.94,89.21,94.23,93.12666666666667,347293.82127946,0,coinbase
1685664000,94.17,95.7,92.5,95.49,94.56333333333333,198295.29649063,0,coinbase
1685750400,95.48,97.53,94.2,96.04,95.92333333333335,122211.62925297,0,coinbase
1685836800,96.04,96.52,93.84,94.21,94.85666666666667,119770.85858952,0,coinbase
1685923200,94.19,94.59,83.66,87.75,88.66666666666667,371855.42261484,0,coinbase
1686009600,87.74,91.46,85.66,90.94,89.35333333333334,305388.52827787,0,coinbase
1686096000,90.94,91.36,87.45,88.84,89.21666666666665,215820.7320909,0,coinbase
1686182400,88.87,89.55,87.21,88.53,88.42999999999999,115409.6395039,0,coinbase
1686268800,88.53,90.08,86.68,89.3,88.68666666666667,204648.99994864,0,coinbase
1686355200,89.29,89.36,74.11,77.2,80.22333333333334,496773.92459923,0,coinbase
1686441600,77.24,79.0,76.21,77.72,77.64333333333333,170043.62890477,0,coinbase
1686528000,77.7,77.9,74.99,77.51,76.8,220196.23094127,0,coinbase
1686614400,77.5,79.77,76.27,77.51,77.85000000000001,224741.95853751,0,coinbase
1686700800,77.5,78.13,71.09,73.15,74.12333333333333,227179.11655534,0,coinbase
1686787200,73.16,75.07,71.92,74.54,73.84333333333335,177535.72999662,0,coinbase
1686873600,74.54,76.8,74.05,76.08,75.64333333333333,148115.67978972,0,coinbase
1686960000,76.08,77.8,75.65,76.86,76.77,96445.50927582,0,coinbase
1687046400,76.87,78.48,76.21,77.17,77.28666666666668,93436.91241522,0,coinbase
1687132800,77.15,77.77,76.02,77.44,77.07666666666667,132628.77431067,0,coinbase
1687219200,77.43,80.94,75.71,80.39,79.01333333333332,240601.29894052,0,coinbase
1687305600,80.38,87.4,80.04,85.05,84.16333333333334,401977.04319358,0,coinbase
1687392000,85.04,88.87,84.35,85.94,86.38666666666666,223421.26719064,0,coinbase
1687478400,85.95,93.11,85.02,91.32,89.81666666666666,342565.84107664,0,coinbase
1687564800,91.3,93.82,86.43,89.79,90.01333333333334,212949.63659904,0,coinbase
1687651200,89.79,90.46,86.65,88.25,88.45333333333333,140194.09698963,0,coinbase
1687737600,88.26,90.37,85.8,87.22,87.79666666666667,209941.29127246,0,coinbase
1687824000,87.2,89.48,86.94,88.09,88.17,167320.54048754,0,coinbase
1687910400,88.09,88.12,81.77,83.01,84.3,239828.45140022,0,coinbase
1687996800,82.98,85.75,82.91,84.71,84.45666666666666,130444.27641967,0,coinbase
1688083200,84.72,111.68,84.29,108.68,101.55000000000001,1183861.36237001,0,coinbase
1688169600,108.7,112.67,102.91,107.12,107.56666666666666,485782.73040969,0,coinbase
1688256000,107.11,114.01,105.07,113.62,110.89999999999999,567502.25517747,0,coinbase
1688342400,113.61,114.98,105.57,107.3,109.28333333333335,452153.80290665,0,coinbase
1688428800,107.27,109.56,103.65,104.28,105.83,293662.82736042,0,coinbase
1688515200,104.3,106.63,98.58,102.61,102.60666666666667,399841.39538082,0,coinbase
1688601600,102.58,105.95,95.13,95.24,98.77333333333333,477711.73749514,0,coinbase
1688688000,95.27,98.61,94.14,98.24,96.99666666666667,275976.6724212,0,coinbase
1688774400,98.24,98.43,96.56,97.8,97.59666666666668,122858.46479285,0,coinbase
1688860800,97.79,98.41,94.52,95.1,96.00999999999999,152787.92579105,0,coinbase
1688947200,95.12,97.84,91.88,96.77,95.49666666666667,347861.63672303,0,coinbase
1689033600,96.77,98.3,95.51,96.78,96.86333333333334,201685.80086849,0,coinbase
1689120000,96.79,97.86,94.18,96.21,96.08333333333333,164167.78370064,0,coinbase
1689206400,96.2,104.48,95.6,101.92,100.66666666666667,531995.77407635,0,coinbase
1689292800,101.93,103.64,92.5,95.2,97.11333333333333,550668.65689559,0,coinbase
1689379200,95.18,95.87,93.8,94.81,94.82666666666667,136239.71559893,0,coinbase
1689465600,94.8,95.38,91.91,92.97,93.42,123110.7512755,0,coinbase
1689552000,92.91,93.64,89.28,92.22,91.71333333333332,196606.1186925,0,coinbase
1689638400,92.22,92.99,89.43,91.58,91.33333333333333,138889.21943933,0,coinbase
1689724800,91.58,94.25,91.42,92.01,92.56,154231.92603088,0,coinbase
1689811200,91.99,94.96,91.46,92.36,92.92666666666666,191624.83593392,0,coinbase
1689897600,92.38,94.63,91.69,94.09,93.46999999999998,214824.32581634,0,coinbase
1689984000,94.09,96.44,91.23,92.06,93.24333333333334,172913.73335152,0,coinbase
1690070400,92.06,93.59,91.53,93.17,92.76333333333334,145862.59026953,0,coinbase
1690156800,93.15,93.44,87.39,89.13,89.98666666666666,214279.60952949,0,coinbase
1690243200,89.15,90.16,88.56,89.44,89.38666666666666,107993.26402688,0,coinbase
1690329600,89.45,91.19,88.53,90.6,90.10666666666667,123614.89738081,0,coinbase
1690416000,90.61,91.94,89.6,90.59,90.71,98326.8297765,0,coinbase
1690502400,90.58,91.97,90.5,91.46,91.31,93853.90387132,0,coinbase
1690588800,91.45,94.93,90.84,94.34,93.37,108501.70564596,0,coinbase
1690675200,94.35,99.6,91.03,94.03,94.88666666666666,462597.39963705,0,coinbase
1690761600,94.01,95.16,91.08,92.28,92.83999999999999,258936.29572602,0,coinbase
1690848000,92.25,94.01,87.92,93.89,91.94,362571.69118469,0,coinbase
1690934400,93.9,94.61,85.78,87.52,89.30333333333333,381635.31928942,0,coinbase
1691020800,87.49,88.34,81.64,82.49,84.15666666666668,253881.0442962,0,coinbase
1691107200,82.48,83.86,80.63,82.07,82.18666666666667,338341.38650237,0,coinbase
1691193600,82.09,83.35,81.23,83.06,82.54666666666667,104351.21692343,0,coinbase
1691280000,83.04,83.4,81.6,82.45,82.48333333333333,85378.940338,0,coinbase
1691366400,82.45,83.32,79.19,82.41,81.64,156474.09548627,0,coinbase
1691452800,82.42,85.4,81.68,83.85,83.64333333333333,229123.41958749,0,coinbase
1691539200,83.85,84.58,83.15,84.03,83.92,131751.45107354,0,coinbase
1691625600,84.02,84.36,82.56,83.07,83.33,76454.34273251,0,coinbase
1691712000,83.06,83.61,82.55,83.5,83.22,95809.62677179,0,coinbase
1691798400,83.5,83.94,83.22,83.42,83.52666666666666,46673.19993231,0,coinbase
1691884800,83.44,83.74,81.01,81.85,82.2,73872.79049994,0,coinbase
1691971200,81.85,83.02,81.43,82.03,82.16,86913.60762791,0,coinbase
1692057600,82.03,82.17,76.94,79.17,79.42666666666668,201605.67775379,0,coinbase
1692144000,79.18,79.53,72.72,74.47,75.57333333333334,299489.28728693,0,coinbase
1692230400,74.48,75.74,60.75,64.78,67.09,426479.63638638,0,coinbase
1692316800,64.8,65.98,63.15,63.96,64.36333333333333,313811.32236334,0,coinbase
1692403200,63.94,64.99,63.49,64.16,64.21333333333332,155044.94111245,0,coinbase
1692489600,64.15,65.9,63.97,65.26,65.04333333333334,142327.07669913,0,coinbase
1692576000,65.28,67.23,64.33,66.99,66.18333333333334,263529.34377212,0,coinbase
1692662400,67.01,67.35,62.01,64.8,64.71999999999998,318424.08343377,0,coinbase
1692748800,64.77,66.74,64.03,65.62,65.46333333333332,154839.31615647,0,coinbase
1692835200,65.62,65.9,63.86,64.86,64.87333333333333,103457.29733729,0,coinbase
1692921600,64.86,65.43,63.52,65.1,64.68333333333334,142010.70180625,0,coinbase
1693008000,65.1,65.53,64.85,64.99,65.12333333333333,59402.81005668,0,coinbase
1693094400,64.98,65.91,64.81,65.38,65.36666666666666,63272.76198933,0,coinbase
1693180800,65.35,65.71,63.93,65.46,65.03333333333332,103371.11199205,0,coinbase
1693267200,65.46,70.68,64.56,68.86,68.03333333333335,246278.14751854,0,coinbase
1693353600,68.87,69.03,66.52,67.67,67.74000000000001,135394.91864825,0,coinbase
1693440000,67.65,68.34,63.22,63.89,65.14999999999999,179045.95756478,0,coinbase
1693526400,63.89,64.25,61.82,62.96,63.01,114606.71353486,0,coinbase
1693612800,62.99,64.71,62.94,64.59,64.08,87102.08835206,0,coinbase
1693699200,64.58,64.91,63.55,63.93,64.13,70885.41275283,0,coinbase
1693785600,63.92,65.01,62.98,63.74,63.910000000000004,84372.56286104,0,coinbase
1693872000,63.74,63.78,62.53,63.14,63.15,95607.39557505,0,coinbase
1693958400,63.13,63.86,61.43,62.83,62.70666666666667,106242.97949247,0,coinbase
1694044800,62.84,64.48,62.45,63.71,63.546666666666674,108567.32892398,0,coinbase
1694131200,63.7,64.21,61.51,62.6,62.77333333333333,96946.10455697,0,coinbase
1694217600,62.6,63.29,62.52,63.04,62.949999999999996,51929.5593279,0,coinbase
1694304000,63.05,63.06,60.05,61.11,61.406666666666666,143357.29674214,0,coinbase
1694390400,61.1,61.65,57.64,58.84,59.376666666666665,183803.02422189,0,coinbase
1694476800,58.85,61.5,58.64,59.97,60.03666666666667,172403.80742257,0,coinbase
1694563200,59.97,62.78,59.62,61.97,61.45666666666667,197660.54414455,0,coinbase
1694649600,61.97,63.43,61.94,62.84,62.73666666666667,153043.20281001,0,coinbase
1694736000,62.83,66.26,62.57,65.89,64.90666666666668,164496.80934782,0,coinbase
1694822400,65.89,67.03,64.42,65.41,65.61999999999999,102280.87430299,0,coinbase
1694908800,65.41,65.43,62.79,63.57,63.93,88351.33894147,0,coinbase
1694995200,63.59,67.9,62.95,65.88,65.57666666666667,209217.44039693,0,coinbase
1695081600,65.88,68.41,65.61,67.29,67.10333333333334,156512.1376041,0,coinbase
1695168000,67.3,67.88,63.28,64.55,65.23666666666666,238451.09000234,0,coinbase
1695254400,64.58,65.03,62.92,64.71,64.22,186384.89406235,0,coinbase
1695340800,64.71,65.88,63.96,64.37,64.73666666666666,148589.71342178,0,coinbase
1695427200,64.38,65.27,64.38,65.09,64.91333333333333,78335.74231544,0,coinbase
1695513600,65.08,65.12,63.26,63.56,63.98,61371.88723477,0,coinbase
1695600000,63.57,65.04,62.57,64.34,63.98333333333334,84948.63756226,0,coinbase
1695686400,64.32,65.08,63.05,63.78,63.97,81624.39323313,0,coinbase
1695772800,63.76,65.5,63.02,63.5,64.00666666666667,90698.13705235,0,coinbase
1695859200,63.52,65.5,63.11,65.23,64.61333333333334,104590.42561034,0,coinbase
1695945600,65.22,66.49,64.9,65.54,65.64333333333333,99016.97028421,0,coinbase
1696032000,65.54,66.6,65.35,65.97,65.97333333333333,58303.32090882,0,coinbase
1696118400,65.97,68.82,65.82,68.16,67.6,110627.27538446,0,coinbase
1696204800,68.16,68.4,65.16,66.0,66.52,123594.60922539,0,coinbase
1696291200,66.0,66.91,65.25,65.51,65.89,99089.54666802,0,coinbase
1696377600,65.5,65.52,63.15,64.4,64.35666666666667,111624.53658564,0,coinbase
1696464000,64.4,65.29,63.77,64.81,64.62333333333333,72593.63659412,0,coinbase
1696550400,64.81,66.02,64.38,65.53,65.30999999999999,77102.16280875,0,coinbase
1696636800,65.53,66.28,64.98,65.51,65.58999999999999,52899.74209438,0,coinbase
1696723200,65.5,66.03,65.01,65.4,65.48,56435.23865088,0,coinbase
1696809600,65.4,65.42,61.6,63.09,63.370000000000005,111149.39106985,0,coinbase
1696896000,63.09,63.84,62.58,63.62,63.346666666666664,85457.77446823,0,coinbase
1696982400,63.62,63.76,61.08,61.53,62.123333333333335,192622.11467331,0,coinbase
1697068800,61.55,61.55,60.33,61.12,61.0,104970.57707899,0,coinbase
1697155200,61.13,62.16,61.05,61.58,61.596666666666664,85851.55516928,0,coinbase
1697241600,61.57,61.98,61.37,61.61,61.65333333333333,49383.59319634,0,coinbase
1697328000,61.62,62.19,61.37,61.64,61.73333333333333,52859.13260771,0,coinbase
1697414400,61.65,66.33,61.57,63.24,63.71333333333334,245859.49822363,0,coinbase
1697500800,63.24,63.36,61.4,62.09,62.28333333333333,130049.17887818,0,coinbase
1697587200,62.09,62.84,60.0,60.21,61.01666666666667,141101.22711994,0,coinbase
1697673600,60.22,61.97,59.73,61.79,61.16333333333333,108238.87038411,0,coinbase
1697760000,61.8,64.32,61.61,63.42,63.11666666666667,220126.88330454,0,coinbase
1697846400,63.42,65.42,63.37,64.77,64.52,105025.30131362,0,coinbase
1697932800,64.77,66.35,63.17,65.3,64.94,139905.438606,0,coinbase
1698019200,65.3,69.98,64.9,69.04,67.97333333333334,354853.05458156,0,coinbase
1698105600,69.04,72.85,67.18,69.14,69.72333333333334,303318.03189004,0,coinbase
1698192000,69.14,70.42,67.73,68.74,68.96333333333332,202228.68442895,0,coinbase
1698278400,68.74,70.64,66.13,68.76,68.50999999999999,229318.67802905,0,coinbase
1698364800,68.76,68.83,65.59,67.03,67.15,151173.1017915,0,coinbase
1698451200,67.03,68.41,66.97,67.74,67.70666666666666,134756.63993671,0,coinbase
1698537600,67.74,69.33,67.02,68.82,68.39,105461.89540364,0,coinbase
1698624000,68.81,69.82,67.66,69.25,68.91,127134.06105192,0,coinbase
1698710400,69.25,70.56,67.6,68.91,69.02333333333333,146097.15029049,0,coinbase
1698796800,68.91,70.49,66.53,69.97,68.99666666666666,269518.86452108,0,coinbase
1698883200,69.96,70.8,67.43,69.46,69.23,260393.0519114,0,coinbase
1698969600,69.44,69.59,67.51,69.5,68.86666666666667,100906.43920666,0,coinbase
1699056000,69.5,75.88,68.79,70.51,71.72666666666667,107501.08402085,0,coinbase
1699142400,70.51,72.39,69.96,71.68,71.34333333333333,162944.84706643,0,coinbase
1699228800,71.66,74.97,70.85,74.47,73.42999999999999,163213.94113745,0,coinbase
1699315200,74.47,74.56,71.07,73.45,73.02666666666666,163029.02312988,0,coinbase
1699401600,73.44,74.33,72.48,73.1,73.30333333333333,124855.49810142,0,coinbase
1699488000,73.1,76.26,69.36,73.86,73.16000000000001,331764.7184689,0,coinbase
1699574400,73.86,75.45,70.74,73.3,73.16333333333334,230291.38458228,0,coinbase
1699660800,73.31,75.97,70.94,75.28,74.06333333333333,305004.88274459,0,coinbase
1699747200,75.29,76.85,72.16,74.92,74.64333333333333,177454.04221072,0,coinbase
1699833600,74.94,76.1,70.51,71.13,72.58,191235.72710835,0,coinbase
1699920000,71.11,72.56,68.02,70.64,70.40666666666665,281789.09061033,0,coinbase
1700006400,70.63,74.46,70.54,74.17,73.05666666666667,154249.13463654,0,coinbase
1700092800,74.17,74.4,69.79,70.98,71.72333333333334,171721.44435718,0,coinbase
1700179200,70.99,71.64,68.05,70.31,70.0,313090.05402766,0,coinbase
1700265600,70.33,70.37,67.53,69.91,69.27,71627.1320414,0,coinbase
1700352000,69.92,70.74,68.54,70.6,69.96,72758.51427302,0,coinbase
1700438400,70.61,71.06,68.71,69.57,69.77999999999999,93325.63806735,0,coinbase
1700524800,69.57,71.88,65.22,66.19,67.76333333333334,212464.46678993,0,coinbase
1700611200,66.19,69.15,66.03,68.73,67.97000000000001,95538.35806527,0,coinbase
1700697600,68.73,70.75,68.43,69.53,69.57000000000001,110130.21556713,0,coinbase
1700784000,69.52,71.8,69.45,70.79,70.68,102561.14053673,0,coinbase
1700870400,70.79,72.27,70.58,71.89,71.58,61593.52453924,0,coinbase
1700956800,71.9,71.91,68.93,70.05,70.29666666666667,68899.80848026,0,coinbase
1701043200,70.06,70.52,67.93,69.22,69.22333333333333,95404.69746727,0,coinbase
1701129600,69.24,70.28,67.81,69.78,69.29,105633.68555075,0,coinbase
1701216000,69.81,70.48,69.14,70.01,69.87666666666667,60625.93698494,0,coinbase
1701302400,70.02,70.17,69.1,69.44,69.57,64323.99135507,0,coinbase
1701388800,69.44,72.35,69.21,71.63,71.06333333333333,188433.58826298,0,coinbase
1701475200,71.63,72.75,71.24,72.23,72.07333333333334,75829.01408429,0,coinbase
1701561600,72.24,72.76,71.34,72.32,72.14,84418.65546699,0,coinbase
1701648000,72.34,75.09,71.87,72.91,73.29,337731.31171387,0,coinbase
1701734400,72.91,74.4,71.19,74.36,73.31666666666666,179054.58484085,0,coinbase
1701820800,74.36,74.9,72.16,72.44,73.16666666666667,186551.81041852,0,coinbase
1701907200,72.42,74.5,71.87,74.03,73.46666666666667,142739.64931753,0,coinbase
1701993600,74.05,78.9,73.35,78.53,76.92666666666666,310903.89201764,0,coinbase
1702080000,78.53,79.54,75.8,76.35,77.23,194489.25721467,0,coinbase
1702166400,76.36,79.01,76.36,77.18,77.51666666666667,134466.90158256,0,coinbase
1702252800,77.19,77.52,70.63,72.65,73.6,245008.3701612,0,coinbase
1702339200,72.65,73.74,70.96,72.34,72.34666666666666,125941.88391021,0,coinbase
1702425600,72.35,74.07,70.11,73.17,72.45,163237.43874782,0,coinbase
1702512000,73.17,74.04,71.21,72.92,72.72333333333334,279155.64519077,0,coinbase
1702598400,72.92,72.97,70.56,70.93,71.48666666666666,151215.05130184,0,coinbase
1702684800,70.94,72.48,70.45,72.15,71.69333333333334,87119.60408656,0,coinbase
1702771200,72.17,73.54,70.81,71.14,71.83,96440.66740389,0,coinbase
1702857600,71.15,71.5,67.99,70.86,70.11666666666667,146304.69728791,0,coinbase
1702944000,70.86,71.61,69.64,70.7,70.64999999999999,90395.36381106,0,coinbase
1703030400,70.71,71.89,69.37,69.82,70.36,193718.60148812,0,coinbase
1703116800,69.82,71.08,68.93,70.93,70.31333333333333,149082.91325652,0,coinbase
1703203200,70.93,73.86,70.31,73.66,72.61,216280.64635575,0,coinbase
1703289600,73.65,74.17,71.45,72.5,72.70666666666666,153795.6655527,0,coinbase
1703376000,72.5,72.99,70.01,71.15,71.38333333333334,142026.28939251,0,coinbase
1703462400,71.16,72.79,70.6,72.22,71.86999999999999,92321.57138777,0,coinbase
1703548800,72.26,74.42,71.06,73.25,72.91000000000001,228024.52019498,0,coinbase
1703635200,73.25,77.31,72.08,76.05,75.14666666666666,335929.18414893,0,coinbase
1703721600,76.03,77.65,74.54,76.51,76.23333333333333,315712.42116508,0,coinbase
1703808000,76.54,77.85,72.8,73.22,74.62333333333332,315107.79997357,0,coinbase
1703894400,73.21,73.99,72.38,73.23,73.2,175907.48106892,0,coinbase
1703980800,73.24,74.21,71.45,72.81,72.82333333333334,117693.68339891,0,coinbase
1704067200,72.81,74.83,72.05,74.75,73.87666666666667,112009.56093292,0,coinbase
1704153600,74.75,75.94,72.5,72.98,73.80666666666667,163486.58739399,0,coinbase
1704240000,72.99,73.63,60.0,65.29,66.30666666666667,330936.15727392,0,coinbase
1704326400,65.28,67.18,64.57,66.49,66.08,238707.22206345,0,coinbase
1704412800,66.49,66.81,63.51,66.06,65.46,236222.08405657,0,coinbase
1704499200,66.06,66.16,63.27,65.7,65.04333333333334,101258.03053944,0,coinbase
1704585600,65.69,66.41,63.72,64.31,64.81333333333333,86854.59051206,0,coinbase
1704672000,64.31,68.44,61.1,67.81,65.78333333333333,283313.48603498,0,coinbase
1704758400,67.8,67.87,64.21,67.01,66.36333333333333,265463.70738217,0,coinbase
1704844800,67.0,71.26,65.0,70.12,68.79333333333334,290115.20805102,0,coinbase
1704931200,70.13,74.66,69.57,71.88,72.03666666666666,289293.01324706,0,coinbase
1705017600,71.9,77.1,70.41,72.94,73.48333333333333,430416.55553513,0,coinbase
1705104000,72.96,73.57,71.0,72.0,72.19,160136.12236067,0,coinbase
1705190400,72.0,72.29,69.43,69.74,70.48666666666668,172836.81144939,0,coinbase
1705276800,69.76,71.58,68.72,69.08,69.79333333333334,127742.88911286,0,coinbase
1705363200,69.08,70.54,68.32,69.4,69.42,132351.68677201,0,coinbase
1705449600,69.4,69.95,68.28,69.39,69.20666666666666,98480.97340796,0,coinbase
1705536000,69.4,70.25,66.15,68.04,68.14666666666666,175124.55354662,0,coinbase
1705622400,68.06,71.5,66.88,71.26,69.88,202916.06839042,0,coinbase
1705708800,71.23,72.73,70.42,71.31,71.48666666666666,167567.3021948,0,coinbase
1705795200,71.31,72.28,70.45,71.67,71.46666666666668,94973.34533082,0,coinbase
1705881600,71.67,72.67,66.57,67.31,68.85000000000001,261850.79257689,0,coinbase
1705968000,67.29,68.37,63.13,65.46,65.65333333333332,194779.51697209,0,coinbase
1706054400,65.47,66.34,64.83,66.12,65.76333333333334,125059.60969504,0,coinbase
1706140800,66.11,66.14,64.54,65.48,65.38666666666667,105179.89108335,0,coinbase
1706227200,65.44,67.53,65.17,67.02,66.57333333333332,108588.19448834,0,coinbase
1706313600,67.03,68.34,66.33,68.07,67.58,78215.11571326,0,coinbase
1706400000,68.07,68.49,67.31,68.36,68.05333333333334,78396.68145709,0,coinbase
1706486400,68.36,68.79,66.8,68.42,68.00333333333333,115414.02646123,0,coinbase
1706572800,68.44,68.75,67.16,67.5,67.80333333333333,97842.79313159,0,coinbase
1706659200,67.48,69.99,66.1,66.73,67.60666666666667,125558.06659432,0,coinbase
1706745600,66.72,68.11,65.66,67.52,67.09666666666665,91465.19641624,0,coinbase
1706832000,67.53,68.38,67.29,68.02,67.89666666666666,73508.50511231,0,coinbase
1706918400,68.02,69.17,67.87,68.8,68.61333333333334,74508.1524104,0,coinbase
1707004800,68.81,68.88,66.46,66.92,67.42,97590.98095528,0,coinbase
1707091200,66.91,68.18,66.55,67.63,67.45333333333333,75942.9294412,0,coinbase
1707177600,67.63,68.8,67.48,68.26,68.18,104296.25870481,0,coinbase
1707264000,68.27,68.79,67.68,68.62,68.36333333333334,245248.8327213,0,coinbase
1707350400,68.61,70.67,68.37,70.55,69.86333333333334,133803.37292202,0,coinbase
1707436800,70.54,71.95,70.1,70.69,70.91333333333334,205645.64693709,0,coinbase
1707523200,70.67,71.23,69.97,70.82,70.67333333333333,84442.68504255,0,coinbase
1707609600,70.84,73.12,70.65,71.58,71.78333333333335,131024.66986369,0,coinbase
1707696000,71.59,73.45,70.3,72.85,72.2,123006.77578591,0,coinbase
1707782400,72.84,73.19,68.12,69.0,70.10333333333334,214431.3630108,0,coinbase
1707868800,69.0,70.79,68.47,69.9,69.72,192100.95131616,0,coinbase
1707955200,69.89,70.97,69.07,69.84,69.96,181962.73654268,0,coinbase
1708041600,69.84,71.0,68.78,70.64,70.14,150133.89239774,0,coinbase
1708128000,70.66,70.75,68.09,70.0,69.61333333333333,109586.92259487,0,coinbase
1708214400,70.0,71.35,69.85,70.82,70.67333333333333,84873.6496752,0,coinbase
1708300800,70.82,71.75,70.44,71.33,71.17333333333333,117056.87353795,0,coinbase
1708387200,71.32,71.5,67.38,69.66,69.51333333333334,192538.48338141,0,coinbase
1708473600,69.67,69.72,67.32,68.92,68.65333333333332,116061.78477399,0,coinbase
1708560000,68.92,69.81,67.91,68.76,68.82666666666667,164292.77021673,0,coinbase
1708646400,68.76,69.1,67.48,68.77,68.44999999999999,98154.13269607,0,coinbase
1708732800,68.78,70.69,68.62,70.41,69.90666666666667,100240.47605084,0,coinbase
1708819200,70.4,70.59,69.74,70.16,70.16333333333333,80694.25596705,0,coinbase
1708905600,70.17,73.13,69.11,71.97,71.40333333333334,228851.99376536,0,coinbase
1708992000,71.98,76.44,71.98,74.01,74.14333333333333,366219.88874986,0,coinbase
1709078400,74.04,78.0,70.34,74.58,74.30666666666667,489757.77116659,0,coinbase
1709164800,74.58,84.99,73.95,79.97,79.63666666666667,639834.98356604,0,coinbase
1709251200,79.99,86.22,79.99,84.94,83.71666666666665,354465.59582862,0,coinbase
1709337600,84.99,94.7,84.5,94.67,91.29,575950.67405812,0,coinbase
1709424000,94.63,94.88,84.9,90.76,90.18,362194.8850811,0,coinbase
1709510400,90.75,92.69,87.54,89.07,89.76666666666667,591626.60150754,0,coinbase
1709596800,89.06,92.0,72.06,82.04,82.03333333333335,818160.42337597,0,coinbase
1709683200,82.04,87.42,79.86,85.95,84.41000000000001,327059.30046633,0,coinbase
1709769600,85.94,89.73,83.44,88.15,87.10666666666668,294098.06784724,0,coinbase
1709856000,88.16,89.67,84.12,88.54,87.44333333333334,413552.06299405,0,coinbase
1709942400,88.54,91.14,87.02,90.86,89.67333333333333,220352.12020933,0,coinbase
1710028800,90.84,91.0,85.5,87.52,88.00666666666666,192237.67389949,0,coinbase
1710115200,87.51,105.71,83.29,103.82,97.60666666666667,823702.25529118,0,coinbase
1710201600,103.87,104.27,91.69,97.57,97.84333333333332,444874.79489273,0,coinbase
1710288000,97.57,98.99,94.12,97.28,96.79666666666667,287186.80255031,0,coinbase
1710374400,97.26,98.27,89.5,94.07,93.94666666666666,434579.13208273,0,coinbase
1710460800,94.07,95.4,83.31,89.8,89.50333333333333,448776.25551076,0,coinbase
1710547200,89.78,90.71,82.21,84.04,85.65333333333332,305335.17989134,0,coinbase
1710633600,84.05,86.76,80.64,85.86,84.42,214046.61741817,0,coinbase
1710720000,85.87,88.08,80.75,86.76,85.19666666666666,290319.44341527,0,coinbase
1710806400,86.73,87.87,77.08,78.43,81.12666666666667,694236.19958826,0,coinbase
1710892800,78.41,85.37,76.96,84.67,82.33333333333333,460152.72425964,0,coinbase
1710979200,84.66,87.2,83.59,85.72,85.50333333333333,245590.79936784,0,coinbase
1711065600,85.71,86.21,80.57,83.43,83.40333333333332,206647.06419785,0,coinbase
1711152000,83.43,87.49,82.89,85.27,85.21666666666665,220340.29200079,0,coinbase
1711238400,85.25,90.71,85.25,89.62,88.52666666666666,292443.83722772,0,coinbase
1711324800,89.66,92.09,88.56,90.59,90.41333333333334,274931.03264669,0,coinbase
1711411200,90.59,97.0,87.61,95.74,93.45,595436.36927159,0,coinbase
1711497600,95.74,98.9,92.32,93.52,94.91333333333334,505454.19771575,0,coinbase
1711584000,93.51,96.55,93.4,94.15,94.7,405746.71834295,0,coinbase
1711670400,94.15,110.47,92.8,109.14,104.13666666666666,732621.54348965,0,coinbase
1711756800,109.13,109.31,101.12,102.9,104.44333333333334,349078.46438837,0,coinbase
1711843200,102.9,106.76,101.4,105.05,104.40333333333335,280185.60316358,0,coinbase
1711929600,105.04,112.98,97.25,99.3,103.17666666666668,625529.98530092,0,coinbase
1712016000,99.28,109.04,93.2,106.79,103.01,903101.80909608,0,coinbase
1712102400,106.77,109.89,96.58,98.35,101.60666666666667,499644.72172813,0,coinbase
1712188800,98.36,104.25,96.26,98.47,99.66000000000001,502190.12480937,0,coinbase
1712275200,98.47,100.25,95.1,97.88,97.74333333333334,311333.97804777,0,coinbase
1712361600,97.88,102.5,97.21,101.65,100.45333333333333,184215.84210159,0,coinbase
1712448000,101.65,105.95,100.11,101.22,102.42666666666666,299552.07856677,0,coinbase
1712534400,101.24,106.02,99.59,103.24,102.95,319995.39827519,0,coinbase
1712620800,103.24,103.43,96.47,97.53,99.14333333333333,271970.08289909,0,coinbase
1712707200,97.53,98.28,93.46,96.71,96.14999999999999,222610.68326495,0,coinbase
1712793600,96.72,99.98,94.85,98.78,97.87,212993.16355635,0,coinbase
1712880000,98.76,99.53,80.01,86.16,88.56666666666668,516258.24593288,0,coinbase
1712966400,86.16,86.62,70.83,77.47,78.30666666666666,679710.0994161,0,coinbase
1713052800,77.48,80.49,73.79,79.82,78.03333333333333,465056.0912589,0,coinbase
1713139200,79.8,82.9,75.63,78.13,78.88666666666667,325097.13146713,0,coinbase
1713225600,78.14,80.46,75.37,79.99,78.60666666666667,232952.11885792,0,coinbase
1713312000,79.96,80.83,76.32,80.18,79.11,187140.01640329,0,coinbase
1713398400,80.17,82.54,78.66,80.8,80.66666666666667,193794.82719748,0,coinbase
1713484800,80.8,82.2,75.8,80.91,79.63666666666667,194079.71484958,0,coinbase
1713571200,80.89,86.02,80.31,85.08,83.80333333333333,128115.48932702,0,coinbase
1713657600,85.06,85.71,82.75,84.18,84.21333333333332,99055.65852622,0,coinbase
1713744000,84.17,86.53,83.96,85.44,85.31,138356.47847073,0,coinbase
1713830400,85.44,86.5,84.01,85.04,85.18333333333334,137005.00374881,0,coinbase
1713916800,85.02,87.69,82.27,83.21,84.38999999999999,232107.76315278,0,coinbase
1714003200,83.2,85.04,81.82,83.76,83.54,149777.71960778,0,coinbase
1714089600,83.75,88.56,83.07,88.09,86.57333333333334,302820.10725718,0,coinbase
1714176000,88.08,88.46,83.09,83.83,85.12666666666667,239105.84427093,0,coinbase
1714262400,83.83,85.41,83.58,83.97,84.32000000000001,112922.05708902,0,coinbase
1714348800,83.98,85.62,81.71,83.48,83.60333333333334,163646.00046478,0,coinbase
1714435200,83.48,84.5,77.21,79.44,80.38333333333333,218367.02045755,0,coinbase
1714521600,79.44,80.81,74.53,80.05,78.46333333333332,244154.69764978,0,coinbase
1714608000,80.04,81.28,78.58,80.04,79.96666666666668,138133.41633274,0,coinbase
1714694400,80.04,82.66,79.35,81.91,81.30666666666666,127061.20788736,0,coinbase
1714780800,81.9,82.99,81.55,81.69,82.07666666666667,99102.36935453,0,coinbase
1714867200,81.69,81.82,80.4,81.33,81.18333333333334,106573.95418559,0,coinbase
1714953600,81.34,84.23,80.02,80.8,81.68333333333334,194285.7131066,0,coinbase
1715040000,80.77,82.64,79.79,80.83,81.08666666666666,145087.56335277,0,coinbase
1715126400,80.82,82.29,79.31,81.65,81.08333333333334,150003.32716283,0,coinbase
1715212800,81.67,83.16,80.67,83.07,82.3,114888.4430761,0,coinbase
1715299200,83.05,83.48,79.55,80.22,81.08333333333333,109554.49587602,0,coinbase
1715385600,80.22,82.26,80.12,81.36,81.24666666666667,83214.93845814,0,coinbase
1715472000,81.36,82.14,80.8,81.38,81.44,66309.16155251,0,coinbase
1715558400,81.38,82.5,78.9,80.61,80.67,160047.64439703,0,coinbase
1715644800,80.61,83.0,78.41,78.7,80.03666666666668,152975.98118948,0,coinbase
1715731200,78.75,82.98,78.24,82.5,81.24,155712.63771542,0,coinbase
1715817600,82.49,83.27,81.38,82.44,82.36333333333333,133670.58103124,0,coinbase
1715904000,82.44,84.26,81.91,84.18,83.45,110718.77183059,0,coinbase
1715990400,84.17,84.85,83.45,83.87,84.05666666666667,90425.9347358,0,coinbase
1716076800,83.86,84.4,81.77,82.39,82.85333333333334,77089.22330222,0,coinbase
1716163200,82.39,89.17,82.38,88.65,86.73333333333335,184021.06141805,0,coinbase
1716249600,88.64,89.63,86.94,88.24,88.27,235271.75659231,0,coinbase
1716336000,88.24,88.48,84.86,85.75,86.36333333333334,184372.39538242,0,coinbase
1716422400,85.75,87.96,80.51,85.41,84.62666666666667,303789.67405426,0,coinbase
1716508800,85.41,86.45,83.99,84.99,85.14333333333333,166773.19881125,0,coinbase
1716595200,84.98,85.93,84.43,84.99,85.11666666666667,71686.71338215,0,coinbase
1716681600,84.99,85.27,83.49,83.84,84.2,78862.80214773,0,coinbase
1716768000,83.84,86.37,83.77,85.17,85.10333333333334,96547.77421646,0,coinbase
1716854400,85.18,85.49,81.98,83.35,83.60666666666667,145662.4076179,0,coinbase
1716940800,83.37,84.14,82.54,83.47,83.38333333333334,119963.93737913,0,coinbase
1717027200,83.47,85.53,81.88,84.43,83.94666666666667,151852.9171056,0,coinbase
1717113600,84.42,84.65,81.97,83.13,83.25,110828.6206423,0,coinbase
1717200000,83.13,83.86,82.83,83.43,83.37333333333333,61109.40208311,0,coinbase
1717286400,83.41,83.48,82.13,83.08,82.89666666666666,72498.9485517,0,coinbase
1717372800,83.08,84.25,82.59,82.82,83.22,94587.29565849,0,coinbase
1717459200,82.82,83.72,81.09,83.68,82.83,98439.43648748,0,coinbase
1717545600,83.67,85.48,83.5,85.44,84.80666666666667,96079.94010235,0,coinbase
1717632000,85.44,85.79,84.12,84.17,84.69333333333334,131407.98872071,0,coinbase
1717718400,84.18,84.83,75.09,80.1,80.00666666666667,235299.53067999,0,coinbase
1717804800,80.1,80.44,78.83,79.98,79.75,82669.64420839,0,coinbase
1717891200,79.97,80.71,79.49,80.47,80.22333333333333,55469.34867156,0,coinbase
1717977600,80.47,80.49,79.04,79.63,79.72,102262.8352264,0,coinbase
1718064000,79.64,79.83,75.58,77.29,77.56666666666666,269256.47404925,0,coinbase
1718150400,77.3,79.29,76.34,78.49,78.04,214826.46223322,0,coinbase
1718236800,78.49,79.81,77.24,79.12,78.72333333333334,296952.67113477,0,coinbase
1718323200,79.12,80.26,76.32,77.57,78.05,272393.80664947,0,coinbase
1718409600,77.57,79.42,77.31,79.19,78.64,102830.20331723,0,coinbase
1718496000,79.19,80.09,78.55,78.95,79.19666666666666,101893.31627036,0,coinbase
1718582400,78.98,79.21,75.09,76.59,76.96333333333334,178389.52163564,0,coinbase
1718668800,76.58,76.76,70.63,72.64,73.34333333333332,343507.58611606,0,coinbase
1718755200,72.63,74.95,72.48,73.75,73.72666666666667,129447.9208816,0,coinbase
1718841600,73.76,75.32,73.19,74.68,74.39666666666666,143037.36724016,0,coinbase
1718928000,74.68,74.71,72.1,74.15,73.65333333333334,147558.04493222,0,coinbase
1719014400,74.14,74.86,73.52,74.58,74.32,73549.23302585,0,coinbase
1719100800,74.59,75.0,73.2,73.32,73.83999999999999,93633.71719168,0,coinbase
1719187200,73.33,73.4,67.5,69.67,70.19,235317.7619469,0,coinbase
1719273600,69.67,71.99,69.37,71.34,70.9,125833.07085487,0,coinbase
1719360000,71.35,71.95,70.35,70.97,71.09,119721.34785407,0,coinbase
1719446400,70.98,73.26,70.48,73.16,72.3,107472.61117446,0,coinbase
1719532800,73.16,74.68,72.42,72.77,73.29,244562.64720434,0,coinbase
1719619200,72.75,76.76,72.75,74.82,74.77666666666666,190285.06583878,0,coinbase
1719705600,74.82,75.89,73.99,75.21,75.02999999999999,177834.96083669,0,coinbase
1719792000,75.22,75.85,74.07,74.3,74.74,152295.851143,0,coinbase
1719878400,74.3,76.1,74.19,75.93,75.40666666666667,123304.93854577,0,coinbase
1719964800,75.94,76.13,71.7,72.07,73.3,188761.13069753,0,coinbase
1720051200,72.06,72.36,65.0,65.41,67.59,278577.58841154,0,coinbase
1720137600,65.41,65.57,56.76,61.88,61.40333333333333,546363.93563431,0,coinbase
1720224000,61.85,65.69,61.42,65.4,64.17,211960.69785032,0,coinbase
1720310400,65.41,65.59,61.62,62.05,63.086666666666666,170288.10485018,0,coinbase
1720396800,62.04,67.1,59.24,64.9,63.74666666666667,289928.3651535,0,coinbase
1720483200,64.9,66.28,64.25,65.31,65.28,135015.53091038,0,coinbase
1720569600,65.31,67.3,64.51,66.97,66.26,146081.98000098,0,coinbase
1720656000,66.96,69.15,66.44,67.37,67.65333333333334,147955.94549087,0,coinbase
1720742400,67.37,69.44,66.79,69.29,68.50666666666667,209890.97095226,0,coinbase
1720828800,69.29,70.7,69.17,69.85,69.90666666666667,147944.48182367,0,coinbase
1720915200,69.84,70.54,69.26,69.96,69.92,107936.62082205,0,coinbase
1721001600,69.95,72.57,69.71,72.34,71.53999999999999,199044.11702007,0,coinbase
1721088000,72.33,74.12,70.36,73.24,72.57333333333334,178287.64879072,0,coinbase
1721174400,73.24,74.28,71.14,71.38,72.26666666666667,178457.72258524,0,coinbase
1721260800,71.38,72.96,70.51,71.63,71.7,152679.92303164,0,coinbase
1721347200,71.63,74.16,69.66,73.45,72.42333333333333,168954.64467231,0,coinbase
1721433600,73.46,73.94,72.34,73.06,73.11333333333333,91241.54498563,0,coinbase
1721520000,73.06,74.14,71.26,73.99,73.13,124457.98336609,0,coinbase
1721606400,74.0,74.61,70.77,71.29,72.22333333333334,226351.73392585,0,coinbase
1721692800,71.29,73.7,70.4,72.92,72.34000000000002,139430.26339729,0,coinbase
1721779200,72.9,73.68,70.76,71.28,71.90666666666667,115149.77030189,0,coinbase
1721865600,71.26,71.67,67.27,68.8,69.24666666666667,210149.18153452,0,coinbase
1721952000,68.8,71.69,68.74,71.32,70.58333333333333,120236.33512515,0,coinbase
1722038400,71.33,72.35,70.26,71.34,71.31666666666668,98618.22146622,0,coinbase
1722124800,71.33,71.77,70.33,71.08,71.06,75420.38097274,0,coinbase
1722211200,71.08,76.76,71.03,73.68,73.82333333333334,289466.52157854,0,coinbase
1722297600,73.67,74.55,71.06,71.68,72.43,146863.83920673,0,coinbase
1722384000,71.67,72.91,69.86,70.14,70.96999999999998,163332.96101171,0,coinbase
1722470400,70.12,71.42,65.91,69.51,68.94666666666666,225766.10036945,0,coinbase
1722556800,69.51,69.89,63.91,64.97,66.25666666666667,224563.30625076,0,coinbase
1722643200,64.97,66.33,62.53,64.62,64.49333333333334,199949.588108,0,coinbase
1722729600,64.62,65.21,60.32,62.43,62.653333333333336,185599.8290545,0,coinbase
1722816000,62.42,62.55,49.9,56.09,56.18,789775.58971575,0,coinbase
1722902400,56.08,59.42,55.99,58.3,57.90333333333333,261126.15494629,0,coinbase
1722988800,58.29,59.54,55.35,55.99,56.96,201549.81891455,0,coinbase
1723075200,56.01,61.99,55.18,61.17,59.446666666666665,189110.55295571,0,coinbase
1723161600,61.17,61.27,59.34,60.73,60.446666666666665,145779.00239238,0,coinbase
1723248000,60.74,61.56,60.15,61.16,60.95666666666667,114767.47994666,0,coinbase
1723334400,61.17,62.39,58.8,59.75,60.31333333333333,157586.57402222,0,coinbase
1723420800,59.74,62.07,59.19,61.51,60.923333333333325,190738.92583777,0,coinbase
1723507200,61.51,63.52,61.1,63.45,62.69,154465.02437419,0,coinbase
1723593600,63.46,64.71,62.61,64.08,63.79999999999999,174490.17343711,0,coinbase
1723680000,64.07,66.91,63.6,65.35,65.28666666666666,304040.40060527,0,coinbase
1723766400,65.36,66.81,64.3,66.51,65.87333333333333,223088.58426702,0,coinbase
1723852800,66.52,67.88,65.89,67.61,67.12666666666667,125137.31754373,0,coinbase
1723939200,67.6,68.16,66.09,66.35,66.86666666666666,112275.35317443,0,coinbase
1724025600,66.35,67.45,66.0,66.33,66.59333333333332,155908.61039006,0,coinbase
1724112000,66.34,67.34,63.18,64.4,64.97333333333334,168769.14576809,0,coinbase
1724198400,64.4,64.8,62.03,64.29,63.70666666666667,180927.30236896,0,coinbase
1724284800,64.28,64.39,62.5,63.74,63.54333333333333,150298.84700135,0,coinbase
1724371200,63.76,66.91,63.47,66.15,65.51,100411.30417177,0,coinbase
1724457600,66.16,68.02,65.45,66.61,66.69333333333333,93531.04760578,0,coinbase
1724544000,66.61,66.92,64.45,64.86,65.41000000000001,82456.42276227,0,coinbase
1724630400,64.86,65.12,63.0,63.02,63.71333333333334,95025.0755829,0,coinbase
1724716800,63.02,64.0,59.03,60.41,61.14666666666667,145989.8198799,0,coinbase
1724803200,60.4,62.44,59.4,61.81,61.21666666666667,163652.77342507,0,coinbase
1724889600,61.84,63.95,61.11,62.48,62.51333333333333,141011.6658804,0,coinbase
1724976000,62.48,65.43,61.54,64.9,63.95666666666667,193721.25965796,0,coinbase
1725062400,64.9,66.49,64.86,64.96,65.43666666666667,139658.08770517,0,coinbase
1725148800,64.95,65.12,62.85,63.57,63.846666666666664,80029.5948533,0,coinbase
1725235200,63.56,65.74,62.59,65.36,64.56333333333333,115860.8974486,0,coinbase
1725321600,65.34,66.35,64.29,64.35,64.99666666666666,123380.04162598,0,coinbase
1725408000,64.35,66.23,62.07,65.42,64.57333333333334,149379.89785544,0,coinbase
1725494400,65.42,68.53,64.42,66.07,66.33999999999999,203213.59919466,0,coinbase
1725580800,66.06,66.81,61.17,63.05,63.67666666666667,185642.1601108,0,coinbase
1725667200,63.05,64.15,61.65,62.05,62.616666666666674,127016.72078336,0,coinbase
1725753600,62.06,62.3,59.92,60.95,61.05666666666667,142092.73889505,0,coinbase
1725840000,60.95,61.82,59.66,61.44,60.97333333333333,208790.58847377,0,coinbase
1725926400,61.43,61.78,60.34,61.53,61.21666666666667,132446.60204749,0,coinbase
1726012800,61.53,62.44,60.11,62.21,61.586666666666666,128830.09926104,0,coinbase
1726099200,62.21,63.14,61.43,62.85,62.47333333333333,94207.80425732,0,coinbase
1726185600,62.85,65.05,62.41,64.97,64.14333333333333,109423.39643119,0,coinbase
1726272000,64.98,66.78,64.9,65.94,65.87333333333333,89844.48431582,0,coinbase
1726358400,65.95,66.35,62.91,63.26,64.17333333333333,69741.19985632,0,coinbase
1726444800,63.25,63.73,62.08,62.62,62.81,76894.0140024,0,coinbase
1726531200,62.63,64.05,61.91,63.78,63.24666666666667,108244.96302869,0,coinbase
1726617600,63.75,64.87,62.4,64.85,64.04,97243.86433726,0,coinbase
1726704000,64.85,66.09,64.71,65.41,65.40333333333334,117039.74187193,0,coinbase
1726790400,65.41,66.44,64.32,65.34,65.36666666666666,120528.86432035,0,coinbase
1726876800,65.32,67.16,64.84,66.85,66.28333333333333,82126.69388594,0,coinbase
1726963200,66.84,68.81,66.48,68.71,68.0,108303.22805009,0,coinbase
1727049600,68.7,69.33,66.63,66.96,67.63999999999999,118892.66072496,0,coinbase
1727136000,66.96,67.16,65.64,66.69,66.49666666666667,106785.5672643,0,coinbase
1727222400,66.7,67.86,65.9,66.54,66.76666666666667,93344.81017105,0,coinbase
1727308800,66.53,68.61,65.61,68.57,67.59666666666666,118005.58770767,0,coinbase
1727395200,68.55,71.24,68.3,71.16,70.23333333333333,135193.02542898,0,coinbase
1727481600,71.15,71.54,69.03,69.98,70.18333333333334,78310.5225683,0,coinbase
1727568000,69.99,70.34,68.5,69.28,69.37333333333333,75789.92707359,0,coinbase
1727654400,69.28,69.39,66.3,66.82,67.50333333333333,132775.07938766,0,coinbase
1727740800,66.82,68.59,61.98,63.4,64.65666666666667,156802.93182087,0,coinbase
1727827200,63.4,64.77,62.21,62.95,63.31,126825.77135459,0,coinbase
1727913600,62.94,63.99,61.93,63.48,63.13333333333333,91807.16278954,0,coinbase
1728000000,63.47,65.2,63.29,64.96,64.48333333333333,96754.94398368,0,coinbase
1728086400,64.95,66.36,64.68,66.32,65.78666666666668,67160.30798478,0,coinbase
1728172800,66.33,67.64,66.13,67.05,66.94,64829.07252122,0,coinbase
1728259200,67.04,67.98,64.5,64.75,65.74333333333334,90347.601346,0,coinbase
1728345600,64.76,66.13,64.52,65.65,65.43333333333332,63090.39303004,0,coinbase
1728432000,65.66,65.94,64.03,64.53,64.83333333333333,75593.10890399,0,coinbase
1728518400,64.54,65.02,63.19,64.27,64.15999999999998,82915.31187509,0,coinbase
1728604800,64.27,65.93,64.22,65.57,65.24,81670.95879692,0,coinbase
1728691200,65.58,66.67,65.04,66.19,65.96666666666667,67904.02217905,0,coinbase
1728777600,66.19,66.29,64.41,64.79,65.16333333333334,71405.902397,0,coinbase
1728864000,64.79,67.36,64.11,66.82,66.09666666666666,127587.79274286,0,coinbase
1728950400,66.83,71.94,65.26,70.87,69.35666666666667,261360.68554576,0,coinbase
1729036800,70.86,73.01,69.33,70.08,70.80666666666667,192114.90461168,0,coinbase
1729123200,70.08,73.94,69.96,72.8,71.99,18236.46683419,5803,kraken
1729209600,72.75,74.74,71.89,73.12,72.96,16830.79232005,4967,kraken
1729296000,73.04,76.14,73.04,74.9,74.77,14170.12555844,5371,kraken
1729382400,74.9,75.84,73.69,74.32,74.62,10482.49713106,3183,kraken
1729468800,74.21,74.55,70.33,70.72,72.22,13686.58615775,3828,kraken
1729555200,70.72,71.51,69.35,69.99,70.23,12465.01353313,3789,kraken
1729641600,69.97,70.28,67.85,70.01,69.23,16510.08473798,3654,kraken
1729728000,69.99,71.28,69.3,71.11,70.37,13018.73049861,3849,kraken
1729814400,71.12,72.21,66.8,68.73,70.96,20629.69348311,5046,kraken
1729900800,68.7,69.54,68.06,68.38,68.63,9042.4646214,3167,kraken
1729987200,68.38,71.12,67.98,71.01,70.14,14691.45969849,4196,kraken
1730073600,71.05,71.48,69.63,70.72,70.72,38329.58076157,5238,kraken
1730160000,70.78,74.3,70.7,73.91,72.5,36915.13616912,5592,kraken
1730246400,73.93,74.16,71.46,71.77,72.49,17274.01994745,4512,kraken
1730332800,71.78,72.03,68.39,69.2,70.65,12822.15089646,4514,kraken
1730419200,69.2,70.99,67.7,70.2,69.64,10329.11255774,4051,kraken
1730505600,70.2,71.21,68.91,69.18,69.94,12542.71201953,3888,kraken
1730592000,69.19,69.24,65.31,66.83,66.85,9260.65141174,3869,kraken
1730678400,66.72,67.62,64.39,65.52,66.44,11983.50894928,3683,kraken
1730764800,65.52,67.27,64.9,65.38,66.35,12664.44989416,3988,kraken
1730851200,65.41,71.62,65.37,71.07,69.66,29418.99809074,6546,kraken
1730937600,71.01,72.42,70.01,71.51,71.24,33149.61382713,5015,kraken
1731024000,71.57,73.09,70.77,72.85,72.04,31853.48477551,5364,kraken
1731110400,72.8,74.17,71.69,74.07,72.77,37891.32996176,4396,kraken
1731196800,74.07,78.32,73.48,76.61,76.28,39977.92082862,8358,kraken
1731283200,76.47,80.37,74.63,80.12,77.78,46397.19373738,9476,kraken
1731369600,80.11,82.79,74.12,76.76,78.17,73749.58153514,15236,kraken
1731456000,76.89,77.97,72.01,75.52,75.23,54284.64212394,12252,kraken
1731542400,75.49,84.98,74.24,82.41,81.39,148365.35974242,23671,kraken
1731628800,82.4,87.28,78.87,83.7,82.6,84657.22104228,13880,kraken
1731715200,83.66,98.45,82.97,95.44,90.23,115017.01151558,24928,kraken
1731801600,95.53,97.39,84.95,87.17,89.4,65087.47205192,14610,kraken
1731888000,87.19,94.71,86.53,89.25,90.23,56527.05145329,13189,kraken
1731974400,89.23,90.16,85.21,86.74,87.78,52580.48349071,10760,kraken
1732060800,86.76,87.81,82.5,83.43,85.19,35219.77886034,8960,kraken
1732147200,83.32,92.0,81.69,89.59,88.3,69624.18715453,11928,kraken
1732233600,89.63,92.74,87.79,92.29,90.39,46441.16244925,10911,kraken
1732320000,92.3,106.42,92.23,99.56,100.5,120323.06179329,24851,kraken
1732406400,99.55,103.25,91.67,97.05,97.16,60813.32232531,13625,kraken
1732492800,97.07,99.28,91.0,92.31,95.61,44384.71558616,11598,kraken
1732579200,92.21,95.24,87.98,92.93,91.4,44229.43113331,10747,kraken
1732665600,92.65,99.07,91.45,97.24,95.95,43043.80711516,9218,kraken
1732752000,97.33,98.38,93.72,95.59,95.81,24782.23752717,6702,kraken
1732838400,95.53,104.84,94.81,104.79,99.3,45623.22713648,11305,kraken
1732924800,104.82,104.94,100.34,102.77,102.3,36167.39643616,9786,kraken
1733011200,102.81,122.0,99.2,119.75,111.83,97489.47449665,19901,kraken
1733097600,119.61,139.74,115.0,132.9,126.58,252364.09156558,50336,kraken
1733184000,132.92,135.15,121.45,130.85,130.07,95414.3324561,24765,kraken
1733270400,131.02,135.76,122.1,134.02,129.38,102499.3212183,22364,kraken
1733356800,133.94,147.22,125.17,135.91,137.28,192467.2973372,36450,kraken
1733443200,135.96,139.47,130.17,136.17,135.38,67195.07987088,14413,kraken
1733529600,136.24,138.68,132.04,134.01,135.0,41412.73293532,10924,kraken
1733616000,133.84,135.91,130.22,135.02,133.18,23946.30837781,8158,kraken
1733702400,135.03,135.06,101.75,110.69,117.33,115866.20995885,25846,kraken
1733788800,110.46,114.93,101.14,109.82,108.86,79271.85364646,18555,kraken
1733875200,109.83,118.76,105.97,117.41,114.54,73209.31078257,13861,kraken
1733961600,117.35,125.0,116.55,119.26,120.65,72876.83511918,15048,kraken
1734048000,119.27,125.24,117.2,124.51,120.47,41233.51956722,12535,kraken
1734134400,124.53,125.27,115.47,118.19,120.54,18061.29403571,8582,kraken
1734220800,118.07,122.04,114.38,121.08,118.24,19307.47196331,8578,kraken
1734307200,121.07,123.84,115.44,118.03,120.71,40416.74117534,11252,kraken
1734393600,118.04,131.2,114.51,125.54,123.65,53016.97142311,16399,kraken
1734480000,125.56,129.04,106.9,108.26,115.89,61476.42577742,17559,kraken
1734566400,108.34,111.7,94.69,99.28,104.1,57269.04832998,16928,kraken
1734652800,99.42,103.09,86.25,101.39,94.42,57086.90326647,15628,kraken
1734739200,101.3,105.91,97.79,101.42,101.89,25699.06230488,10616,kraken
1734825600,101.47,103.77,96.73,99.61,100.44,17564.2196483,7198,kraken
1734912000,99.64,107.45,97.92,106.6,103.3,23216.05706001,8208,kraken
1734998400,106.56,111.02,103.95,108.31,108.53,40780.83394109,6951,kraken
1735084800,108.23,110.47,106.91,109.75,108.61,19348.28637096,6131,kraken
1735171200,109.77,110.15,101.03,102.12,104.83,13728.57865037,6815,kraken
1735257600,102.13,106.33,99.55,100.42,102.3,16266.29206437,5365,kraken
1735344000,100.48,101.52,98.57,100.6,100.05,11423.77030375,4024,kraken
1735430400,100.55,101.44,96.76,98.31,99.32,8593.88788098,4795,kraken
1735516800,98.34,102.79,97.25,99.22,100.22,22258.42732283,5688,kraken
1735603200,99.22,104.57,97.64,103.04,102.54,23068.49640091,5560,kraken
1735689600,103.04,107.84,101.89,104.93,105.07,17915.89220972,5415,kraken
1735776000,104.86,108.5,104.55,105.04,106.47,19291.41137695,5732,kraken
1735862400,105.1,114.7,104.03,112.67,109.44,20461.04892953,7747,kraken
1735948800,112.73,112.75,110.19,111.23,111.52,10817.69182015,5196,kraken
1736035200,111.25,116.12,110.61,115.6,112.66,13469.03825662,4818,kraken
1736121600,115.7,117.39,111.64,114.06,114.47,22158.74456565,6680,kraken
1736208000,114.01,114.82,102.09,102.7,107.49,33104.5989385,8348,kraken
1736294400,102.73,104.89,97.26,101.37,101.77,28361.73943289,8572,kraken
1736380800,101.36,105.75,99.95,102.21,102.62,23360.45929622,7969,kraken
1736467200,102.3,106.23,102.09,103.96,104.37,18574.60315084,7201,kraken
1736553600,103.91,104.9,102.1,104.37,103.5,9907.42639336,4163,kraken
1736640000,104.18,105.21,101.33,102.32,103.44,10005.74675491,3466,kraken
1736726400,102.32,104.31,92.47,98.37,96.67,24008.50483859,7178,kraken
1736812800,98.46,102.47,97.57,102.43,100.18,18597.90337852,5010,kraken
1736899200,102.47,118.76,100.79,117.21,108.08,30801.85433647,8445,kraken
1736985600,116.94,130.36,114.08,124.38,121.74,110156.31918683,23429,kraken
1737072000,124.43,141.0,124.43,137.07,134.9,84373.42440275,19501,kraken
1737158400,137.1,139.44,123.19,125.29,127.76,55604.27295305,12938,kraken
1737244800,125.27,128.48,111.3,115.41,120.5,79491.95567467,17336,kraken
1737331200,115.4,127.42,112.69,118.48,119.07,76875.2508414,19169,kraken
1737417600,118.45,125.03,113.65,119.12,119.5,38425.93951981,12435,kraken
1737504000,118.89,120.34,114.14,115.28,117.01,26213.312996,6303,kraken
1737590400,115.1,117.55,111.19,116.51,114.86,34221.38738004,8712,kraken
1737676800,116.49,123.0,112.84,118.67,118.62,48394.79386262,10446,kraken
1737763200,118.78,127.49,118.31,124.01,124.22,41477.17757772,9664,kraken
1737849600,124.01,125.09,117.0,117.0,122.13,25213.4590436,7232,kraken
1737936000,117.07,117.9,106.11,115.08,111.62,70344.68747623,12036,kraken
1738022400,115.08,116.91,109.15,109.97,113.85,28205.29814751,7029,kraken
1738108800,109.81,119.37,109.78,115.89,113.96,23202.74483679,7657,kraken
1738195200,115.92,135.0,114.26,130.15,128.82,118761.34760792,21350,kraken
1738281600,130.18,135.2,124.01,128.05,129.56,72647.45427904,12596,kraken
1738368000,127.98,131.23,117.98,118.0,125.47,54284.65395629,10409,kraken
1738454400,117.95,121.37,104.0,109.07,114.59,109159.95498056,14045,kraken
1738540800,109.11,109.12,80.44,107.05,97.34,146346.5364977,25165,kraken
1738627200,107.01,108.77,98.51,101.27,102.78,73473.22008132,11631,kraken
1738713600,101.09,109.35,100.53,103.37,104.83,32160.81051391,9636,kraken
1738800000,103.3,109.62,99.63,101.71,104.39,38132.60824106,8652,kraken
1738886400,101.71,108.03,100.66,103.17,104.3,49011.37134531,8616,kraken
1738972800,103.04,105.16,101.78,104.72,103.59,18325.1275773,5562,kraken
1739059200,104.75,109.11,102.31,107.17,106.59,35327.58732585,7455,kraken
1739145600,107.21,122.38,107.21,120.13,115.77,124728.57143336,16982,kraken
1739232000,120.13,132.24,117.72,119.37,125.08,147793.50895699,19101,kraken
1739318400,119.02,124.82,111.51,121.99,118.57,89421.90598186,15409,kraken
1739404800,122.11,129.26,118.9,126.59,124.14,91592.26064217,15926,kraken
1739491200,126.57,133.8,124.6,124.89,128.68,87778.30666416,14211,kraken
1739577600,125.16,134.88,124.4,133.94,131.02,55136.72550477,10594,kraken
1739664000,133.97,137.41,125.17,125.58,132.36,66553.43620172,11065,kraken
1739750400,125.66,128.75,120.13,122.39,123.81,46388.15019484,9810,kraken
1739836800,122.43,129.66,119.79,129.65,125.6,110290.26986405,16728,kraken
1739923200,129.65,140.0,129.63,134.9,134.55,133921.22150069,18582,kraken
1740009600,135.03,135.07,125.94,130.81,130.04,87268.14933412,13581,kraken
1740096000,130.44,139.92,123.63,128.17,133.47,128084.93820142,21633,kraken
1740182400,128.01,131.43,125.67,125.92,128.11,31042.97136886,8082,kraken
1740268800,125.92,130.34,125.3,129.87,127.71,19465.10203479,7312,kraken
1740355200,129.89,130.39,111.9,114.77,121.56,77358.11777843,14926,kraken
1740441600,114.75,117.07,106.0,114.51,112.34,74293.90620459,14419,kraken
1740528000,114.47,128.56,113.88,124.5,124.43,166455.98224247,23630,kraken
1740614400,124.5,131.88,121.74,126.84,126.84,151177.91778154,17565,kraken
1740700800,126.71,129.49,114.08,127.92,122.49,154606.01564554,18540,kraken
1740787200,127.93,131.0,122.97,124.24,126.36,119062.15134026,11317,kraken
1740873600,124.24,129.96,117.7,127.83,124.74,117374.22668327,14206,kraken
1740960000,127.88,130.32,106.62,109.77,116.07,135924.83486177,16591,kraken
1741046400,109.81,110.77,94.04,103.64,101.79,211735.138805,17452,kraken
1741132800,103.42,106.7,100.67,104.79,103.88,82925.04747444,7778,kraken
1741219200,104.72,112.94,101.93,103.32,106.7,88088.47271557,8903,kraken
1741305600,103.42,106.57,97.35,103.63,102.73,77920.33645375,9074,kraken
1741392000,103.62,108.6,101.79,102.28,104.92,47232.09609432,5618,kraken
1741478400,102.05,102.7,93.63,94.46,98.02,46200.16423703,7001,kraken
1741564800,94.55,99.03,86.3,87.38,92.32,115067.74678808,10941,kraken
1741651200,87.48,93.16,83.26,90.38,88.84,90064.67470262,9005,kraken
1741737600,90.47,92.8,87.34,91.53,90.03,50691.30565532,5356,kraken
1741824000,91.53,91.73,86.3,87.98,88.6,53416.58852916,4715,kraken
1741910400,87.97,92.79,87.81,91.24,90.13,43659.07188687,4323,kraken
1741996800,91.33,94.17,91.03,92.43,92.68,21561.2787539,3002,kraken
1742083200,92.42,92.67,88.43,90.26,90.04,22957.49127241,2970,kraken
1742169600,90.39,94.38,90.32,92.32,93.2,40621.60301499,4449,kraken
1742256000,92.25,92.25,87.14,90.11,89.13,37627.44152936,4023,kraken
1742342400,90.03,94.49,89.36,94.1,91.35,39843.84838003,4119,kraken
1742428800,94.2,94.54,90.11,93.24,92.4,26985.16428551,3532,kraken
1742515200,93.22,93.81,90.83,90.83,92.71,23217.06539495,3563,kraken
1742601600,90.83,92.18,90.42,91.32,91.18,8750.6027151,2347,kraken
1742688000,91.33,92.92,90.67,91.45,91.87,11193.6172853,2748,kraken
1742774400,91.47,97.73,90.85,93.73,94.15,41513.29542861,4697,kraken
1742860800,93.78,94.72,91.92,94.33,93.28,28945.23071528,4122,kraken
1742947200,94.42,96.5,90.95,92.42,94.03,51767.090515,5359,kraken
1743033600,92.33,94.99,92.18,92.79,93.15,40811.90276817,4410,kraken
1743120000,92.72,93.36,85.68,87.29,88.15,35186.63986803,4947,kraken
1743206400,87.28,87.97,84.12,85.44,86.22,25588.43986553,4107,kraken
1743292800,85.39,86.77,84.7,86.08,86.07,17403.79077847,2818,kraken
1743379200,86.11,86.22,80.83,82.97,83.47,44429.01633258,4990,kraken
1743465600,82.97,85.88,82.87,84.47,84.49,19412.26595455,3467,kraken
1743552000,84.47,88.48,80.89,81.52,83.79,55872.7688675,5781,kraken
1743638400,81.47,84.77,80.12,83.28,82.64,38483.17482381,3844,kraken
1743724800,83.42,85.06,81.64,84.38,83.62,30726.09122744,3729,kraken
1743811200,84.29,84.9,81.61,82.67,83.01,15587.28728517,2434,kraken
1743897600,82.58,83.09,68.36,70.52,75.0,51353.26524103,6826,kraken
1743984000,70.59,72.92,63.09,70.95,67.83,76024.72554662,8065,kraken
1744070400,71.04,73.45,68.21,69.17,71.0,36569.07698404,4080,kraken
1744156800,69.21,78.43,66.51,76.01,73.67,54683.63348254,6074,kraken
1744243200,76.01,76.06,71.08,73.77,73.57,49245.60807546,4398,kraken
1744329600,73.75,77.47,73.74,76.26,75.98,46921.15381529,4920,kraken
1744416000,76.17,80.03,74.91,78.65,77.36,30467.446975,4085,kraken
1744502400,78.65,79.99,76.4,77.75,78.52,22197.09046772,4035,kraken
1744588800,77.79,80.57,75.78,77.14,77.92,26569.00420901,4254,kraken
1744675200,77.16,78.67,74.68,75.33,76.29,19277.62254935,3372,kraken
1744761600,75.31,76.5,73.33,74.32,74.87,25763.77224475,3675,kraken
1744848000,74.33,76.5,73.71,74.91,75.31,16939.05782397,2928,kraken
1744934400,74.96,77.03,74.64,75.96,75.85,14437.36675625,2803,kraken
1745020800,76.01,76.71,74.29,76.11,75.67,12064.87586114,2586,kraken
1745107200,76.1,78.46,75.43,77.77,76.76,12664.56095223,2715,kraken
1745193600,77.78,81.8,77.46,78.1,79.45,24829.3788168,4052,kraken
1745280000,78.11,84.73,77.44,83.51,81.66,39778.07810378,4765,kraken
1745366400,83.52,85.23,82.26,83.31,84.16,33880.66419094,4594,kraken
1745452800,83.33,84.62,80.83,84.35,82.93,16230.27522646,3732,kraken
1745539200,84.36,87.29,82.91,86.38,85.75,26746.26286895,4816,kraken
1745625600,86.45,88.06,85.2,87.08,87.04,11134.58695838,2982,kraken
1745712000,87.16,87.61,84.58,85.4,86.26,10359.16461671,2665,kraken
1745798400,85.4,88.08,83.78,85.62,86.0,29778.0829176,5016,kraken
1745884800,85.72,87.43,84.56,85.6,85.94,34061.82982472,4612,kraken
1745971200,85.6,86.6,81.55,83.58,84.18,26820.66600311,4330,kraken
1746057600,83.56,90.95,83.4,88.87,87.32,41567.56004284,6503,kraken
1746144000,88.95,91.0,87.22,88.02,88.94,20432.86845983,3975,kraken
1746230400,88.03,88.03,85.67,86.56,86.82,8533.51617638,2359,kraken
1746316800,86.51,86.95,84.86,85.06,86.09,7740.60689256,2630,kraken
1746403200,85.01,89.43,82.24,83.24,86.24,26274.66018868,5437,kraken
1746489600,83.25,92.6,81.1,91.54,85.86,34391.13451004,6469,kraken
1746576000,91.54,99.0,87.3,89.47,91.21,54664.08740698,8635,kraken
1746662400,89.53,97.08,89.45,94.91,92.76,101570.78604974,13867,kraken
1746748800,94.91,101.47,93.92,100.53,98.5,86513.02864478,13334,kraken
1746835200,100.54,106.99,100.54,105.28,103.65,64794.61277701,12732,kraken
1746921600,105.23,105.86,98.29,100.08,101.56,75788.40746311,13329,kraken
1747008000,100.08,112.5,98.44,103.85,102.2,85366.33318289,16345,kraken
1747094400,103.8,104.95,99.53,103.53,102.26,46342.84196002,10480,kraken
1747180800,103.48,105.85,98.69,101.03,101.89,33713.25244035,9736,kraken
1747267200,101.01,101.85,95.68,99.27,98.41,50565.00453154,10592,kraken
1747353600,99.3,102.12,98.39,99.46,100.24,26252.58585437,6962,kraken
1747440000,99.46,101.17,95.75,96.06,98.01,37146.65886309,7536,kraken
1747526400,96.11,102.39,95.91,100.86,98.73,32231.64209107,7169,kraken
1747612800,101.01,101.29,94.27,98.28,97.1,42863.27238233,8460,kraken
1747699200,98.3,99.62,92.43,94.44,94.92,57571.13114841,9914,kraken
1747785600,94.43,98.34,93.55,97.15,95.58,54561.65470455,8842,kraken
1747872000,97.15,101.0,97.06,100.27,99.17,65362.14876188,9804,kraken
1747958400,100.29,102.85,94.68,95.25,99.29,62990.91886404,10447,kraken
1748044800,95.25,97.78,94.94,95.65,96.3,20656.76398119,4887,kraken
1748131200,95.64,96.03,93.19,95.65,94.87,19179.67442272,4421,kraken
1748217600,95.69,97.58,94.41,95.03,96.18,16779.38788361,3686,kraken
1748304000,95.03,97.01,93.2,95.97,95.18,27076.43520676,5168,kraken
1748390400,95.97,97.46,93.5,95.31,95.31,17564.13841431,4450,kraken
1748476800,95.36,98.9,92.94,93.22,96.04,37775.1948884,7018,kraken
1748563200,93.2,93.85,85.02,85.65,89.64,36792.54741729,8615,kraken
1748649600,85.66,87.9,83.28,87.08,85.7,30501.71156652,5063,kraken
1748736000,87.09,88.7,85.88,88.39,87.21,14047.18495799,3459,kraken
1748822400,88.45,89.93,87.05,89.55,88.64,21739.39669082,4505,kraken
1748908800,89.56,90.58,88.84,89.52,89.7,12204.47790709,3182,kraken
1748995200,89.51,90.99,87.5,88.03,89.71,11265.34901593,3467,kraken
1749081600,88.0,89.09,82.01,83.63,85.41,24289.921748,5167,kraken
1749168000,83.66,87.66,83.3,87.34,85.68,15496.97855918,3703,kraken
1749254400,87.27,89.31,86.77,88.38,88.25,12665.20843919,2817,kraken
1749340800,88.38,88.61,86.66,87.27,87.67,15319.96835471,2909,kraken
1749427200,87.27,90.8,86.78,90.76,88.91,25991.38125638,5290,kraken
1749513600,90.76,93.44,89.6,93.28,91.18,31282.14465148,5871,kraken
1749600000,93.32,94.12,90.41,91.55,92.08,24215.91076413,4848,kraken
1749686400,91.56,91.82,86.15,86.24,88.58,19092.30672901,5036,kraken
1749772800,86.24,86.65,81.45,86.58,83.63,37118.63632827,6150,kraken
1749859200,86.52,86.9,84.23,85.24,85.65,15318.67221598,3011,kraken
1749945600,85.22,86.53,85.0,86.33,85.87,12890.55093161,3218,kraken
1750032000,86.32,88.94,85.39,86.6,87.75,26416.80435359,4533,kraken
1750118400,86.72,87.77,82.52,84.23,85.17,35117.57752321,6152,kraken
1750204800,84.23,85.6,83.41,85.12,84.73,18689.62827866,4939,kraken
1750291200,85.13,85.91,84.28,85.12,85.2,15746.97278572,3651,kraken
1750377600,85.13,85.95,81.05,82.89,84.15,34051.62372555,5634,kraken
1750464000,82.9,84.09,78.74,80.26,81.75,17415.54833163,3993,kraken
1750550400,80.27,82.04,76.24,80.24,79.24,32229.2048785,6312,kraken
1750636800,80.23,85.4,79.56,84.95,82.25,33115.89919414,6188,kraken
1750723200,84.96,85.41,83.93,84.81,84.7,22536.20797481,4174,kraken
1750809600,84.81,85.48,84.04,84.7,84.8,24590.23719498,4405,kraken
1750896000,84.71,85.94,83.88,84.31,84.93,27653.25005296,5068,kraken
1750982400,84.32,85.61,83.27,84.84,84.56,54886.80593754,5732,kraken
1751068800,84.87,87.36,84.65,86.34,85.84,9983.18991753,3114,kraken
1751155200,86.34,88.44,85.91,88.0,86.79,10579.05277097,3156,kraken
1751241600,88.01,88.28,84.85,85.98,86.14,29022.65609097,4363,kraken
1751328000,86.03,86.83,82.47,83.24,84.77,31392.57265667,5178,kraken
1751414400,83.19,88.64,83.08,87.32,86.2,33538.9616376,4984,kraken
1751500800,87.38,92.32,86.95,89.04,89.73,28705.16261936,6052,kraken
1751587200,89.11,89.29,85.72,86.83,87.37,23378.36993679,4907,kraken
1751673600,86.84,87.82,85.82,87.62,86.83,12027.7945392,3122,kraken
1751760000,87.58,88.48,86.58,87.37,87.55,12862.66477855,3587,kraken
1751846400,87.38,88.27,85.18,86.09,86.95,23227.65449245,4821,kraken
1751932800,86.09,88.0,85.57,87.78,86.85,28926.31996823,4809,kraken
1752019200,87.78,91.39,87.19,90.66,88.96,35396.05124158,6185,kraken
1752105600,90.66,95.36,90.22,94.86,92.47,40235.59008053,6405,kraken
1752192000,94.75,98.33,92.76,94.28,95.74,67495.02096943,9182,kraken
1752278400,94.3,95.4,90.84,92.75,93.03,34176.92576354,5592,kraken
1752364800,92.8,96.85,92.59,94.69,94.99,22210.35955304,5340,kraken
1752451200,94.73,97.92,94.22,95.61,96.31,46527.37763287,7853,kraken
1752537600,95.66,96.66,91.29,96.35,93.91,44580.48899381,8525,kraken
1752624000,96.36,99.93,95.14,97.54,97.65,36654.76549005,6854,kraken
1752710400,97.53,103.58,95.43,101.51,100.13,52890.08391475,8507,kraken
1752796800,101.66,112.3,100.14,101.73,105.7,112355.70047637,14522,kraken
1752883200,101.76,114.18,99.73,113.34,107.79,134027.77469854,13290,kraken
1752969600,113.27,121.47,110.69,116.64,118.17,199910.0475282,17549,kraken
1753056000,116.63,122.11,114.6,115.64,118.54,125200.26996038,11756,kraken
1753142400,115.47,120.01,112.65,119.76,116.65,232039.62971416,18613,kraken
1753228800,119.66,122.32,109.01,112.06,115.4,74121.8661268,11057,kraken
1753315200,112.1,115.43,106.74,112.21,112.73,35630.01416841,6554,kraken
1753401600,112.35,116.4,108.25,113.75,112.17,103636.92995229,10006,kraken
1753488000,113.75,115.43,112.12,113.94,113.55,28386.33567449,3694,kraken
1753574400,113.98,115.58,112.54,114.78,114.27,17892.55180992,3821,kraken
1753660800,114.84,116.36,108.4,109.03,111.83,35811.59524038,5993,kraken
1753747200,109.03,110.67,106.71,108.51,108.89,35091.97129862,5239,kraken
1753833600,108.49,111.29,105.22,110.47,108.35,40051.57536323,6248,kraken
1753920000,110.46,111.76,105.76,106.08,109.17,18555.30778467,3903,kraken
1754006400,106.08,108.24,103.24,106.55,105.58,55810.40432731,8058,kraken
1754092800,106.55,110.0,104.19,106.2,106.92,55272.63871646,5903,kraken
1754179200,106.09,111.39,104.24,110.38,108.58,40719.66771036,4303,kraken
1754265600,110.39,121.33,110.16,121.1,115.66,108738.63140455,9500,kraken
1754352000,121.19,129.0,119.56,120.26,123.56,124818.29981776,12186,kraken
1754438400,120.25,121.15,115.27,119.23,118.14,35397.13275399,5887,kraken
1754524800,119.2,123.03,117.42,123.03,120.76,46526.33867226,6311,kraken
1754611200,122.94,126.36,119.36,123.79,122.46,49810.79003799,9060,kraken
1754697600,123.85,126.26,120.3,120.3,123.18,26434.20500575,4839,kraken
1754784000,120.3,125.9,118.38,123.79,122.42,26085.25885078,5333,kraken
1754870400,123.75,127.99,119.66,120.05,124.54,85997.04167021,10144,kraken
1754956800,120.06,131.89,118.45,130.39,124.8,106313.92323141,10470,kraken
1755043200,130.39,134.14,128.64,130.89,130.88,100815.64502258,10256,kraken
1755129600,130.85,133.85,119.59,121.35,125.05,123704.96746563,12115,kraken
1755216000,121.37,123.31,116.61,119.22,119.48,42554.88473731,5916,kraken
1755302400,119.21,121.09,117.3,121.09,119.16,17496.63831436,3697,kraken
1755388800,121.07,123.27,119.86,120.77,121.97,20154.34985291,3750,kraken
1755475200,120.78,120.99,115.43,117.72,117.59,24401.70986472,5055,kraken
1755561600,117.72,119.02,112.26,112.64,114.92,34970.56267734,5257,kraken
1755648000,112.63,117.13,112.18,116.02,114.74,39538.01012302,4931,kraken
1755734400,116.02,117.35,113.05,114.72,114.71,21747.75025341,3934,kraken
1755820800,114.73,123.58,112.57,122.94,120.06,45771.63868223,5948,kraken
1755907200,122.93,123.27,119.79,121.4,121.3,17997.16811449,3128,kraken
1755993600,121.42,124.69,117.17,118.13,120.02,30972.87102908,5470,kraken
1756080000,118.13,118.56,106.72,109.17,110.9,60144.27191075,6767,kraken
1756166400,109.18,114.76,108.86,113.48,112.0,26213.7262381,4328,kraken
1756252800,113.41,116.15,112.03,112.13,113.92,26690.09018358,4287,kraken
1756339200,112.15,114.58,111.4,113.71,112.91,22890.21551538,3705,kraken
1756425600,113.71,113.83,108.7,109.92,110.43,37083.73087752,4503,kraken
1756512000,109.92,111.19,108.42,110.74,110.17,16835.45939626,2892,kraken
1756598400,110.85,111.9,108.78,108.89,110.63,7154.56939083,2262,kraken
1756684800,108.9,111.29,106.4,108.7,109.11,27454.7096965,3770,kraken
1756771200,108.71,112.1,108.62,111.73,110.27,16042.30795248,3441,kraken
1756857600,111.77,113.32,110.83,112.95,112.46,14174.67745865,3037,kraken
1756944000,112.95,113.46,109.56,111.05,110.65,13341.27095011,3075,kraken
1757030400,111.05,115.06,111.05,112.07,113.04,21476.14223409,3940,kraken
1757116800,112.07,112.53,111.25,112.14,111.95,8694.76355011,2149,kraken
1757203200,112.25,115.33,112.18,114.99,114.11,9809.01217584,2683,kraken
1757289600,114.91,115.45,111.91,112.77,113.38,28828.32856295,4716,kraken
1757376000,112.76,114.69,110.94,111.93,112.61,17920.46745732,4057,kraken
1757462400,111.96,118.62,111.61,117.58,115.4,37707.13680177,5503,kraken
1757548800,117.74,117.76,113.03,115.88,115.48,19390.52118356,4601,kraken
1757635200,115.94,118.4,114.87,118.16,116.91,25374.37661439,4349,kraken
1757721600,118.16,120.8,117.55,119.25,119.5,32540.86533418,5212,kraken
1757808000,119.24,119.38,114.1,115.22,116.81,22383.30359614,4204,kraken
1757894400,115.18,116.77,112.12,113.78,114.19,21434.19762307,4000,kraken
1757980800,113.79,115.79,112.07,115.03,114.46,16557.84456667,3604,kraken
1758067200,115.04,117.54,113.23,117.03,115.5,23820.79202147,4717,kraken
1758153600,117.02,119.09,114.93,118.24,117.03,20876.98934277,4940,kraken
1758240000,118.32,119.41,113.51,114.07,115.45,26401.23040109,4668,kraken
1758326400,114.07,115.35,113.55,113.97,114.18,12009.13110745,2546,kraken
1758412800,113.97,116.25,113.82,114.07,114.94,24581.69535411,3079,kraken
1758499200,114.07,114.46,103.44,105.78,107.15,77305.74495438,7852,kraken
1758585600,105.77,107.22,104.52,106.13,106.13,33074.53471217,4054,kraken
1758672000,106.13,107.64,104.7,105.61,106.72,35068.59599335,4325,kraken
1758758400,105.61,105.85,100.35,102.24,103.13,59993.59473674,5468,kraken
1758844800,102.28,104.92,101.12,104.6,103.3,29776.84532485,3663,kraken
1758931200,104.54,104.97,103.42,104.52,104.13,8726.33663665,2268,kraken
1759017600,104.52,107.15,102.88,106.86,104.95,21532.45861503,2893,kraken
1759104000,106.93,107.59,105.36,106.8,106.47,27619.31472079,3687,kraken
1759190400,106.8,107.79,103.92,106.85,105.66,38831.59238857,3725,kraken
1759276800,106.84,115.3,105.4,115.14,111.03,45765.1604885,5497,kraken
1759363200,115.24,122.63,115.24,119.6,119.56,136977.1470867,11282,kraken
1759449600,119.62,124.83,115.73,120.51,120.29,73426.1785131,8767,kraken
1759536000,120.56,121.03,117.26,120.55,118.54,32196.0422219,4262,kraken
1759622400,120.57,124.23,118.41,118.86,121.1,37102.99815674,5443,kraken
1759708800,118.89,121.47,118.23,118.41,119.99,42039.07158628,6348,kraken
1759795200,118.4,119.28,115.29,116.96,117.0,39110.67255482,5418,kraken
1759881600,116.96,119.61,115.38,118.61,117.25,31117.97365347,5349,kraken
1759968000,118.65,128.04,115.38,125.93,120.99,67613.25900297,9634,kraken
1760054400,125.95,135.84,56.2,97.95,116.89,326749.72510838,48014,kraken
1760140800,97.96,102.83,87.66,93.46,96.22,120518.21272673,17803,kraken
1760227200,93.46,102.18,91.75,98.91,98.79,102196.47445749,10937,kraken
1760313600,99.07,101.46,95.01,99.52,98.45,108268.71929635,11929,kraken
1760400000,99.55,100.55,91.33,97.33,95.32,98167.12540382,10120,kraken
1760486400,97.38,99.96,93.39,95.54,96.2,60461.90665098,6863,kraken
1760572800,95.56,96.93,89.45,91.8,93.3,48071.7285029,7357,kraken
1760659200,91.73,93.08,84.26,90.1,87.73,64342.64194501,8323,kraken
1760745600,90.1,92.17,90.0,91.7,91.18,23385.28941424,3456,kraken
1760832000,91.7,94.74,90.77,93.3,93.3,19211.03666569,3330,kraken
1760918400,93.31,95.82,92.35,94.03,94.63,26698.14032924,4470,kraken
1761004800,94.05,96.96,91.69,92.5,94.53,39201.08116447,5491,kraken
1761091200,92.5,94.98,89.94,91.9,92.55,56819.63887072,7482,kraken
1761177600,91.9,94.75,91.85,94.05,93.4,21239.14242967,3899,kraken
1761264000,94.06,97.33,93.97,96.41,95.9,30331.35409204,5245,kraken
1761350400,96.5,97.09,95.71,96.97,96.45,10878.44335839,2786,kraken
1761436800,96.98,100.89,96.4,99.94,98.81,26703.50791733,3781,kraken
1761523200,100.03,103.02,98.16,99.4,101.16,45250.97135021,5648,kraken
1761609600,99.4,106.8,95.34,96.68,100.93,62970.38553353,9153,kraken
1761696000,96.5,100.69,95.66,98.55,98.44,38340.49499802,5620,kraken
1761782400,98.57,99.72,90.48,93.42,94.16,47036.77371601,6674,kraken
1761868800,93.41,96.24,93.01,95.37,94.83,37783.03724253,5180,kraken
1761955200,95.38,101.93,95.06,101.41,98.68,27171.30579545,4042,kraken
1762041600,101.4,101.4,97.57,99.48,99.31,39694.34201989,4405,kraken
1762128000,99.41,99.7,85.42,87.39,90.67,80546.3932929,9727,kraken
1762214400,87.42,91.12,79.6,85.23,85.54,84243.24570573,10109,kraken
1762300800,85.11,89.9,82.07,89.36,87.29,40190.62417951,5296,kraken
1762387200,89.39,89.39,85.21,86.96,87.26,60648.14917687,5916,kraken
1762473600,86.96,105.49,85.89,101.87,97.41,231272.39201095,19049,kraken
1762560000,101.88,107.46,98.06,106.72,100.86,95849.98638298,9745,kraken
1762646400,106.94,113.58,98.76,110.35,106.08,308702.46871215,22974,kraken
1762732800,110.33,112.2,103.53,104.2,107.4,144149.33145179,14195,kraken
1762819200,104.2,106.82,99.0,99.62,102.36,73528.30276238,7822,kraken
1762905600,99.68,104.31,94.78,97.58,98.92,77414.25850155,9224,kraken
1762992000,97.58,102.61,93.68,96.5,98.12,92069.35463093,9125,kraken
1763078400,96.53,100.12,93.32,97.53,96.71,113500.74871175,12340,kraken
1763164800,97.61,109.38,97.61,101.62,103.91,132064.89923339,11656,kraken
1763251200,101.62,103.28,94.28,95.69,98.46,106122.90390504,8675,kraken
1763337600,95.73,97.84,90.5,91.12,94.58,110524.78036299,10013,kraken
1763424000,91.13,97.43,90.41,95.61,94.47,95215.66115577,9521,kraken
1763510400,95.54,95.9,88.82,92.84,92.49,124784.37426981,9303,kraken
1763596800,92.8,93.77,85.94,87.05,89.06,50820.52687526,7909,kraken
1763683200,87.13,88.5,79.99,82.61,82.66,115846.49329018,11907,kraken
1763769600,82.58,83.83,80.84,82.07,82.37,44311.37987897,6211,kraken
1763856000,82.05,84.33,81.84,83.08,83.33,41834.95831217,5134,kraken
1763942400,83.08,87.3,82.14,85.47,84.66,90615.7319009,7475,kraken
1764028800,85.47,86.73,83.12,85.29,85.08,47826.68700331,6250,kraken
1764115200,85.29,87.67,83.3,86.84,85.19,84345.341681,6294,kraken
1764201600,86.85,87.75,86.03,86.58,86.67,42303.90661241,4802,kraken
1764288000,86.58,86.8,83.19,84.24,85.1,45640.73183633,5604,kraken
1764374400,84.2,85.7,83.18,83.97,84.08,18214.56418816,3434,kraken
1764460800,83.97,84.81,82.3,82.32,83.98,64826.29252651,4708,kraken
1764547200,82.45,82.48,74.5,77.59,77.41,62799.32032146,7699,kraken
1764633600,77.58,83.35,77.34,82.85,81.62,59065.90187781,5830,kraken
1764720000,82.86,86.66,82.59,85.86,84.74,40008.54290882,5455,kraken
1764806400,85.87,86.75,82.18,83.55,84.51,26216.35213727,4773,kraken
1764892800,83.56,84.16,79.65,80.41,82.12,25072.63377708,5038,kraken
1764979200,80.42,82.5,79.93,81.69,81.44,16902.55013868,3713,kraken
1765065600,81.72,83.77,79.95,81.47,82.17,27872.56355326,4793,kraken
1765152000,81.37,84.44,81.08,83.92,83.12,21966.85053166,4346,kraken
1765238400,83.92,87.54,82.48,85.91,85.33,30371.03275079,6499,kraken
1765324800,85.9,87.0,83.78,84.32,85.36,35660.19341854,5133,kraken
1765411200,84.33,84.6,80.35,82.95,81.79,29435.85689966,5990,kraken
1765497600,82.97,84.46,80.55,81.96,82.83,24772.22961733,5857,kraken
1765584000,81.97,82.43,80.79,81.47,81.76,18773.36171832,3752,kraken
1765670400,81.47,81.96,78.02,78.96,79.97,31567.17872714,4335,kraken
1765756800,78.95,81.38,75.8,77.54,78.22,33773.67383381,5989,kraken
1765843200,77.54,79.73,76.46,79.07,78.65,28889.65586317,5061,kraken
1765929600,79.07,80.98,75.15,76.0,77.68,52853.35519856,7394,kraken
1766016000,75.96,78.45,72.5,74.24,75.34,70603.26852482,7263,kraken
1766102400,74.24,77.95,73.55,77.46,76.1,45213.5508128,4985,kraken
1766188800,77.44,79.35,76.4,77.81,77.51,21093.39362856,3413,kraken
1766275200,77.82,78.02,75.49,76.71,76.77,25399.34585965,3489,kraken
1766361600,76.76,79.42,76.31,76.97,77.7,27662.74997071,4653,kraken
1766448000,76.97,77.89,75.53,76.95,76.81,23987.59071123,4227,kraken
1766534400,76.95,77.38,75.23,75.73,75.69,40464.20835689,3944,kraken
1766620800,75.7,77.48,75.34,75.68,76.35,33298.79692935,3753,kraken
1766707200,75.64,77.93,75.46,76.83,76.87,27464.60407645,3877,kraken
1766793600,76.82,80.46,76.74,80.26,78.46,20936.44078975,3659,kraken
1766880000,80.33,80.47,77.82,78.64,78.89,25677.49964679,3760,kraken
1766966400,78.65,80.09,76.84,78.22,78.48,34096.63280398,4583,kraken
1767052800,78.26,78.93,77.61,78.81,78.1,18757.24341617,3578,kraken
1767139200,78.81,78.81,75.91,76.73,77.35,32954.79126607,4275,kraken
1767225600,76.67,79.92,76.59,79.86,78.33,22557.82240969,3155,kraken
1767312000,79.88,82.2,78.95,81.86,80.56,27940.62486724,4606,kraken
1767398400,81.9,82.79,80.73,82.05,81.93,16231.41725562,3469,kraken
1767484800,82.0,83.12,81.63,82.23,82.36,22103.19912299,3959,kraken
1767571200,82.24,84.52,81.42,83.45,82.76,41534.4604926,7037,kraken
1767657600,83.46,84.84,81.16,83.94,83.1,38894.53106607,6433,kraken
1767744000,83.92,83.92,80.89,81.64,82.2,45274.37067857,6263,kraken
1767830400,81.64,82.23,79.91,81.26,80.94,39145.42261103,6563,kraken
1767916800,81.26,81.99,79.86,81.35,81.09,43506.16982739,6146,kraken
1768003200,81.36,82.32,80.71,81.09,81.6,26379.55012122,3965,kraken
1768089600,81.07,81.64,78.46,78.64,80.1,45696.17421413,5134,kraken
1768176000,78.67,80.6,75.55,76.05,77.14,140942.16894347,10425,kraken
1768262400,76.05,78.9,75.28,78.16,76.98,109228.0931319,9602,kraken
1768348800,78.09,80.9,76.13,76.68,78.6,194130.94714655,15173,kraken
1768435200,76.72,76.83,69.64,72.16,73.74,203940.97424311,15994,kraken
1768521600,72.17,76.02,70.94,75.22,73.08,125597.43728706,10861,kraken
1768608000,75.18,75.94,73.82,74.88,74.72,48293.4867928,5507,kraken
1768694400,74.88,75.8,72.09,72.23,74.69,59733.42325227,8269,kraken
1768780800,72.24,72.24,67.0,70.75,69.87,107131.0685874,10252,kraken
1768867200,70.76,71.03,65.75,67.02,68.54,70313.18903016,7718,kraken
1768953600,67.05,69.63,66.02,68.44,68.14,54967.35827791,6696,kraken
1769040000,68.44,69.58,67.13,68.14,68.41,36770.95657085,4913,kraken
1769126400,68.14,69.53,66.93,68.0,68.45,40016.82452484,5510,kraken
1769212800,67.99,68.84,67.67,68.1,68.33,19530.55725039,3304,kraken
1769299200,68.13,70.28,65.18,67.2,68.87,80373.80514539,7734,kraken
1769385600,67.22,70.0,66.94,69.66,68.47,35557.40682736,4787,kraken
1769472000,69.68,70.37,68.57,69.93,69.7,45522.7679829,5148,kraken
1769558400,69.99,70.21,68.33,69.32,69.39,46060.4610635,5433,kraken
1769644800,69.32,69.45,64.35,66.1,66.26,58660.46191599,6432,kraken
1769731200,66.1,66.37,62.77,65.34,64.58,51425.25882235,7112,kraken
1769817600,65.36,65.39,54.52,59.48,59.45,166418.28486086,13193,kraken
1769904000,59.48,59.83,57.15,58.47,58.83,79428.46235038,7491,kraken
1769990400,58.5,61.12,56.45,59.95,59.18,89760.38029041,8193,kraken
1770076800,59.97,61.32,56.82,59.38,59.65,63016.11046534,6615,kraken
1770163200,59.39,60.88,56.98,58.7,59.16,74690.15712597,7339,kraken
1770249600,58.79,59.28,50.09,50.64,54.43,130522.22501292,12525,kraken
1770336000,50.78,56.42,45.06,55.0,51.23,114842.54448059,12343,kraken
1770422400,54.97,55.94,52.86,55.23,54.48,42453.84246133,6429,kraken
1770508800,55.19,55.76,53.68,54.49,54.95,19225.50573374,3773,kraken
1770595200,54.48,55.06,52.32,54.44,54.03,45222.35421532,5757,kraken
1770681600,54.44,54.66,52.83,53.34,53.51,38531.58236484,5170,kraken
1770768000,53.36,53.69,50.99,52.26,52.22,60440.73763494,6444,kraken
1770854400,52.3,53.73,51.53,53.1,52.6,45088.91922888,5785,kraken
1770940800,53.1,55.71,52.32,55.03,54.11,59644.06729824,6359,kraken
1771027200,55.0,56.61,54.85,56.01,55.94,63863.97324827,5090,kraken
1771113600,55.98,56.65,54.19,55.04,55.03,62917.9557383,6027,kraken
1771200000,55.04,55.61,53.33,55.12,54.39,40272.97825259,5169,kraken
1771286400,55.1,55.8,53.16,53.9,54.73,69985.45896268,6140,kraken
1771372800,53.92,54.91,52.95,53.31,53.71,33722.21761485,4775,kraken
1771459200,53.3,53.7,51.45,52.68,52.57,20431.8827387,4071,kraken
1771545600,52.69,55.45,52.64,55.17,54.39,56417.09703807,6766,kraken
1771632000,55.22,55.95,54.81,54.94,55.32,26237.88144658,4197,kraken
1771718400,54.86,54.88,52.96,53.48,53.87,44523.21286175,4370,kraken
1771804800,53.43,53.51,50.74,51.36,52.07,87277.7969137,6509,kraken
1771891200,51.37,51.86,50.2,51.18,50.93,35694.47598309,4825,kraken
1771977600,51.19,58.96,51.06,56.7,55.89,84967.81946385,8645,kraken
1772064000,56.76,57.08,54.41,55.62,55.77,58772.61218676,6831,kraken
1772150400,55.63,56.39,53.42,54.54,55.01,36448.6926618,6112,kraken
1772236800,54.57,54.99,51.52,54.44,53.45,63975.42258715,7309,kraken
1772323200,54.48,55.55,52.48,53.26,53.94,34751.45507636,5439,kraken
1772409600,53.25,55.68,52.97,54.57,54.44,68167.23812387,7162,kraken
1772496000,54.59,55.23,53.02,54.79,54.36,40780.93480194,5813,kraken
1772582400,54.8,57.7,54.29,56.81,56.46,64660.20456488,7561,kraken
1772668800,56.79,57.3,55.07,55.48,56.04,48955.62580187,5589,kraken
1772755200,55.5,55.88,53.11,53.79,54.4,34432.81232349,5100,kraken
1772841600,53.8,54.27,53.24,53.59,53.79,18092.40911968,3394,kraken
1772928000,53.62,53.88,51.87,52.61,53.0,32309.98070421,4586,kraken
1773014400,52.58,54.72,52.53,53.77,53.79,33280.44466661,4623,kraken
1773100800,53.77,54.98,53.46,53.86,54.24,36055.12728321,4682,kraken
1773187200,53.9,55.26,53.58,54.81,54.56,38261.85697882,4019,kraken
1773273600,54.81,54.99,53.81,54.55,54.37,30264.56373829,4082,kraken
1773360000,54.58,56.71,54.49,55.34,55.64,70156.36332299,6234,kraken
1773446400,55.31,55.84,54.39,55.01,55.15,40791.63671164,4317,kraken
1773532800,54.99,56.39,54.73,56.26,55.37,22195.6444586,3707,kraken
1773619200,56.3,59.18,55.83,58.7,57.58,35826.98425326,5362,kraken
1773705600,58.7,59.24,57.37,58.11,58.2,42680.76939167,4898,kraken
1773792000,58.11,58.61,55.36,56.1,56.89,36630.95266882,5564,kraken
1773878400,56.08,56.35,54.64,55.54,55.42,31044.0914037,4891,kraken
1773964800,55.56,56.45,55.23,56.17,55.72,25794.11042938,4738,kraken
1774051200,56.19,56.6,54.48,54.79,55.92,26167.5798007,4503,kraken
1774137600,54.74,55.03,53.03,53.51,54.15,18053.18471042,3506,kraken
1774224000,53.51,56.11,53.3,55.7,55.08,39848.88251195,5608,kraken
1774310400,55.7,56.48,55.01,56.39,55.74,28083.42977701,4632,kraken
1774396800,56.39,56.79,55.83,56.64,56.36,19937.34246361,4084,kraken
1774483200,56.64,56.66,54.17,54.55,54.6,77023.17605217,6305,kraken
1774569600,54.57,55.15,53.28,53.67,54.03,54021.81795527,5226,kraken
1774656000,53.67,54.86,53.24,53.82,53.98,32594.12061046,3867,kraken
1774742400,53.82,54.33,52.26,53.28,53.52,20648.47719136,3469,kraken
1774828800,53.29,54.36,53.02,53.31,53.8,47174.38110824,4715,kraken
1774915200,53.33,54.19,53.11,53.91,53.69,55292.74979073,4969,kraken
1775001600,53.91,54.7,53.75,53.83,54.13,40947.87054573,5842,kraken
1775088000,53.82,54.11,51.39,52.31,52.29,40744.1521311,5862,kraken
1775174400,52.33,53.46,52.15,53.22,52.97,26090.42881182,4886,kraken
1775260800,53.21,53.85,53.0,53.58,53.39,27017.97762544,3419,kraken
1775347200,53.58,54.24,52.6,54.12,53.31,34711.73523544,4364,kraken
1775433600,54.16,54.58,53.22,53.55,54.07,27465.93697777,5094,kraken
1775520000,53.54,55.72,52.95,55.36,53.85,39200.69946986,5330,kraken
1775606400,55.37,55.57,53.92,53.98,54.86,27118.42694976,5642,kraken
1775692800,53.98,55.27,53.66,54.55,54.35,42724.18146361,6038,kraken
1775779200,54.56,55.53,54.25,54.97,54.9,30539.52559339,5746,kraken
1775865600,54.97,55.74,54.38,55.07,54.92,22604.52959809,5359,kraken
1775952000,55.07,55.08,53.41,53.51,53.86,22554.35748739,5263,kraken
1776038400,53.5,54.76,52.68,54.66,53.48,36309.40597949,6849,kraken
1776124800,54.65,55.3,54.04,54.29,54.51,38382.226687,6491,kraken
1776211200,54.3,55.66,53.85,55.15,54.72,36542.25191662,6313,kraken
1776297600,55.18,56.57,54.6,56.39,55.69,43296.12992431,7151,kraken
1776384000,56.39,57.42,55.35,56.46,56.44,33623.23654774,6772,kraken
1776470400,56.42,56.68,55.28,55.68,55.92,23258.57943503,4910,kraken
1776556800,55.68,55.84,53.94,54.08,55.13,23716.41071494,5033,kraken
1776643200,54.07,55.43,54.03,55.05,55.05,40204.86790474,5622,kraken
1776729600,55.06,55.9,54.71,55.6,55.25,33815.11816735,6203,kraken
1776816000,55.62,56.61,55.49,55.51,56.04,24275.63556853,6821,kraken
1776902400,55.54,56.25,54.96,56.24,55.52,26515.15797905,6848,kraken
1776988800,56.23,56.77,55.75,56.58,56.33,20317.39404877,6542,kraken
1777075200,56.57,56.76,55.95,56.08,56.24,21582.17498762,6091,kraken
1777161600,56.09,56.46,55.78,56.3,56.14,18995.73249727,5000,kraken
1777248000,56.31,56.8,54.97,55.57,55.67,26697.37130325,6992,kraken
1777334400,55.58,55.78,54.7,55.72,55.26,22803.41337418,5634,kraken
1777420800,55.73,57.69,54.34,55.31,55.81,40792.99396798,7425,kraken
1777507200,55.3,55.97,54.94,55.16,55.46,23347.16152655,6384,kraken
1777593600,55.17,56.0,54.91,55.41,55.51,27897.96002423,6544,kraken
1777680000,55.41,55.7,55.06,55.38,55.3,26496.35502261,5482,kraken
1777766400,55.4,55.76,54.89,55.28,55.29,29505.45698966,4341,kraken
1777852800,55.28,56.41,54.93,54.95,55.5,65299.05040865,6611,kraken
1777939200,54.98,56.6,54.8,56.37,55.69,76189.24435867,8716,kraken
1778025600,56.36,57.91,56.08,56.76,57.0,63983.6105778,8910,kraken
1778112000,56.76,57.4,56.09,56.44,56.61,35394.54759026,6888,kraken
1778198400,56.48,58.98,56.09,58.33,57.84,74392.93769242,9440,kraken
1778284800,58.33,59.14,57.62,57.99,58.45,52705.28483912,6491,kraken
1778371200,58.0,60.58,57.67,60.36,59.16,80609.1672052,8216,kraken
1778457600,60.4,60.57,58.08,58.51,58.99,42637.21174586,6960,kraken
1778544000,58.51,58.63,57.04,58.12,57.86,60585.46990351,10996,kraken
1778630400,58.12,58.93,56.26,56.98,57.34,73809.98954503,8045,kraken
1778716800,56.99,59.53,56.65,58.21,58.2,66172.65962027,8285,kraken
1778803200,58.21,58.51,56.4,57.47,57.56,54277.79196495,9352,kraken
1778889600,57.49,57.67,55.57,56.13,56.56,37274.85001783,8641,kraken
1778976000,56.12,56.47,53.74,54.56,55.65,39329.40330453,9203,kraken
1779062400,54.54,54.56,53.17,54.33,53.9,38330.63395571,7161,kraken
1779148800,54.33,54.55,53.5,54.45,54.16,31426.91176808,5913,kraken
1779235200,54.48,54.51,53.25,53.9,54.08,38550.59593686,8054,kraken
1779321600,53.9,54.64,53.3,54.15,54.09,34567.428448,7497,kraken
1779408000,54.15,54.58,52.22,52.62,53.71,46059.35262827,8181,kraken
1779494400,52.62,54.18,51.48,53.44,52.77,40274.86970866,8124,kraken
1779580800,53.44,53.58,51.95,52.71,52.96,19287.00928854,6065,kraken
1779667200,52.71,53.16,52.42,52.69,52.8,20810.90080515,5656,kraken
1779753600,52.69,53.05,51.59,51.86,52.17,24626.83788022,5742,kraken
1779840000,51.87,52.79,51.62,51.9,52.17,24089.11439625,5864,kraken
1779926400,51.9,52.06,50.29,51.62,51.32,35257.44015002,8440,kraken
1780012800,51.61,52.27,51.12,51.83,51.74,34059.07053582,8417,kraken
1780099200,51.83,52.72,51.76,52.39,52.37,20445.51006446,6693,kraken
1780185600,52.4,52.7,51.3,52.0,52.14,18379.33023453,5857,kraken
1780272000,52.02,52.23,50.02,50.76,50.98,27602.80905224,8026,kraken
1780358400,50.73,50.77,46.28,46.83,48.66,77216.35343662,15024,kraken
1780444800,46.87,48.47,46.79,47.06,47.69,60277.72251283,9537,kraken
1780531200,47.08,47.44,43.96,45.59,45.83,64873.85013425,12969,kraken
1780617600,45.59,45.78,41.98,43.31,43.76,95087.9206691,15008,kraken
1780704000,43.32,44.03,40.56,41.37,42.12,90122.61807164,12381,kraken
1780790400,41.38,43.36,41.12,42.83,41.92,91215.83006038,12539,kraken
1780876800,42.82,43.81,42.03,43.04,43.01,36864.83328461,8141,kraken
1780963200,43.02,43.48,41.82,43.01,42.66,53091.38829994,8626,kraken
1781049600,43.02,43.22,41.23,41.72,42.2,65805.97443708,9590,kraken
1781136000,41.71,43.61,41.7,42.43,42.37,83810.78706648,10046,kraken
1781222400,42.44,43.5,42.13,43.07,42.79,52429.26091551,8567,kraken
1781308800,43.06,44.4,42.96,44.32,43.85,45626.09881663,7536,kraken
1781395200,44.34,45.41,43.71,45.41,44.43,53729.35862952,6750,kraken
1781481600,45.39,46.27,44.75,45.75,45.69,65408.35803408,8663,kraken
1781568000,45.74,46.3,44.47,45.67,45.38,55532.46076397,7640,kraken
1781654400,45.7,45.95,44.41,44.91,45.27,28454.19061284,6481,kraken
1781740800,44.91,45.01,42.94,43.83,43.8,28928.3621389,7167,kraken
1781827200,43.82,44.57,43.17,44.03,43.83,34795.75560174,8475,kraken
1781913600,44.02,44.58,43.75,44.53,44.16,25366.41829511,5634,kraken
1782000000,44.5,46.0,44.37,44.44,44.94,26541.15314445,5459,kraken
1782086400,44.42,45.77,44.27,44.51,44.96,36722.77960954,5815,kraken
1782172800,44.51,44.63,41.76,42.15,43.02,49580.42995684,6875,kraken
1782259200,42.16,42.34,39.29,41.14,41.01,86523.12772047,10340,kraken
1782345600,41.14,41.92,39.25,40.87,41.08,55690.04833038,7475,kraken
1782432000,40.88,42.11,39.97,41.86,41.24,116837.340874,10391,kraken
1782518400,41.86,43.23,41.65,42.12,42.34,54869.64204659,7146,kraken
1782604800,42.12,43.29,41.86,42.42,42.63,43323.10384107,5729,kraken
1782691200,42.47,43.38,42.08,43.14,42.86,58603.61188876,6590,kraken
1782777600,43.14,43.15,41.54,41.91,42.2,51054.32152021,6709,kraken
1782864000,41.9,43.63,41.11,42.68,42.3,63146.56042793,7847,kraken
1782950400,42.68,43.88,42.37,43.52,43.21,53017.1463346,7017,kraken
1783036800,43.51,45.31,43.01,44.81,43.8,81349.75750778,8096,kraken
1783123200,44.79,45.68,43.95,44.8,44.68,60965.14451263,6338,kraken
1783209600,44.8,46.11,44.0,45.77,45.14,48598.88989931,6323,kraken
1783296000,45.78,46.0,43.75,44.8,44.84,64471.3048148,6856,kraken
1783382400,44.82,44.96,43.65,43.86,44.12,73025.9475119,6136,kraken
1783468800,43.9,44.03,43.13,43.64,43.57,93065.2193286,7964,kraken
1783555200,43.65,44.28,43.4,43.79,43.89,39213.30970196,5883,kraken
1783641600,43.77,44.86,43.56,44.75,44.45,40415.60458246,6686,kraken
1783728000,44.75,45.51,44.59,44.62,45.09,44525.3008156,6003,kraken
1783814400,44.61,44.87,43.96,43.98,44.57,34644.69750569,4887,kraken
1783900800,43.98,44.5,42.89,43.5,43.52,43420.90192554,6386,kraken
1783987200,43.53,45.47,43.38,45.38,44.55,57872.00795423,6637,kraken
1784073600,45.42,46.04,44.61,45.14,45.3,45001.37064217,6729,kraken
1784160000,45.15,45.37,44.33,44.92,44.97,37777.07680049,6303,kraken
1784246400,44.91,45.83,44.08,45.14,44.85,39008.63585293,7093,kraken
1784332800,45.14,47.83,45.05,46.99,46.58,71852.48179541,9001,kraken
1784419200,46.99,47.85,46.66,47.04,47.19,49637.04847146,6305,kraken
1784505600,47.04,47.77,46.4,47.33,47.09,53922.78095682,7013,kraken
1784592000,47.35,48.08,46.64,46.84,47.41,53201.18510994,6841,kraken
1784678400,46.86,47.59,46.34,47.13,46.83,43468.43257233,6082,kraken
1784764800,47.13,47.52,46.2,46.94,46.95,41551.01748809,7179,kraken
1784851200,46.94,47.38,45.9,46.33,46.48,38137.23980655,6606,kraken
1784937600,46.33,46.64,45.77,46.53,46.17,24167.93943928,4866,kraken
1785024000,46.53,48.21,46.46,47.82,47.4,46428.93867832,6527,kraken
1785110400,47.82,47.82,45.91,46.02,46.64,31630.59542239,5775,kraken
1785196800,46.02,46.66,45.87,46.17,46.21,33525.6417354,5609,kraken
1785283200,46.17,46.34,44.3,45.41,45.36,80037.29840278,8395,kraken
1785369600,45.41,45.81,44.83,45.55,45.47,56026.40812557,7092,kraken
1785456000,45.55,45.88,44.13,44.27,44.9,36294.55016229,6763,kraken
1785542400,44.27,44.74,43.57,44.21,44.2,48549.50240907,6786,kraken
1785628800,44.22,45.0,44.11,44.63,44.71,38498.6319298,4960,kraken
1785715200,44.62,44.71,43.98,44.27,44.31,19597.39839876,4827,kraken
1785801600,44.25,45.14,44.02,44.81,44.47,26907.68835982,5337,kraken
1785888000,44.82,45.39,44.69,45.29,45.0,35835.84234414,6175,kraken
1785974400,45.3,45.78,44.73,45.42,45.27,27126.75655395,5290,kraken
1786060800,45.42,46.05,45.27,45.54,45.61,24114.00546042,5258,kraken
1786147200,45.5,46.08,45.43,45.98,45.74,17087.47704742,4061,kraken
1786233600,45.98,46.47,45.37,45.43,46.07,28858.21036067,4234,kraken
1786320000,45.39,45.71,44.96,45.07,45.21,22061.68689597,4349,kraken
1786406400,45.09,45.55,44.92,45.48,45.2,23791.68218105,4320,kraken
1786492800,45.46,45.62,44.63,44.85,45.14,25324.68673707,4755,kraken
1786579200,44.84,45.02,44.6,44.8,44.81,30173.99225859,4806,kraken
1786665600,44.79,44.92,43.36,43.81,44.07,34237.94457775,5716,kraken
1786752000,43.83,44.3,43.63,44.08,44.05,18278.09965014,4441,kraken
1786838400,44.08,44.76,44.03,44.1,44.33,19462.50136179,3945,kraken
1786924800,44.11,44.6,43.81,44.54,44.28,32654.51851318,4805,kraken
1787011200,44.54,44.72,44.14,44.34,44.42,21505.11840911,4310,kraken
1787097600,44.36,47.23,44.3,46.78,45.97,107754.67276165,7767,kraken
1787184000,46.78,48.57,46.47,47.81,47.65,93038.34913995,8395,kraken
1787270400,47.81,54.19,47.77,53.16,51.2,133548.42642553,14382,kraken
1787356800,53.19,55.39,49.64,52.46,52.94,123440.56551136,13404,kraken
1787443200,52.46,53.19,50.63,52.28,52.04,87886.64470063,8900,kraken
1787529600,52.3,54.08,51.28,51.65,52.35,73215.53941165,9709,kraken
1787616000,51.64,52.96,49.51,49.96,51.2,57083.75125898,8565,kraken
1787702400,49.95,50.9,49.21,50.5,50.0,36410.25500083,7069,kraken
1787788800,50.5,50.55,49.42,49.94,50.07,53771.77247052,8020,kraken
1787875200,49.94,50.48,48.02,49.35,49.19,63279.01337838,9152,kraken
1787961600,49.35,49.51,48.59,49.02,49.0,25436.18451118,6269,kraken
1788048000,49.03,50.14,47.41,47.98,49.2,46629.73484062,7272,kraken
1788134400,47.92,49.05,47.72,48.55,48.48,47502.99818403,7483,kraken
1788220800,48.55,50.08,48.29,49.54,49.3,68896.27721158,10099,kraken
1788307200,49.55,49.98,48.49,49.68,49.33,60088.75889589,10858,kraken
1788393600,49.68,51.88,49.46,51.5,50.63,62375.09632159,11957,kraken
1788480000,51.51,51.57,49.81,50.79,50.76,52612.76888758,11751,kraken
1788566400,50.78,55.34,50.73,54.71,53.53,143472.96846282,17409,kraken
1788652800,54.73,55.15,53.48,54.98,54.43,51923.90648812,11050,kraken
1788739200,54.98,59.42,53.9,55.21,56.16,161230.97504778,19566,kraken
1788825600,55.21,56.25,53.86,54.29,54.92,76281.81613846,12471,kraken
1788912000,54.29,54.76,52.47,53.21,53.79,86590.4974079,12235,kraken
1788998400,53.19,53.37,51.64,52.13,52.4,60697.68707957,13191,kraken
1789084800,52.11,54.29,51.91,53.28,53.11,67673.92948496,14078,kraken
1789171200,53.29,54.26,53.13,53.65,53.88,29317.89698569,10549,kraken
1789257600,53.65,55.24,53.26,53.76,54.14,46422.06064145,10454,kraken
1789344000,53.74,54.57,53.07,53.12,53.84,55223.71319891,11555,kraken
1789430400,53.15,53.15,50.73,51.24,51.82,65620.73372998,13382,kraken
1789516800,51.25,51.77,50.19,51.66,50.89,49176.6515188,9930,kraken
1789603200,51.67,53.99,51.53,53.93,53.08,105349.41921193,13785,kraken
1789689600,53.91,58.23,53.87,58.16,55.83,99591.97377356,16454,kraken
1789776000,58.15,59.18,56.72,58.25,57.91,149770.80533136,17400,kraken
1789862400,58.26,59.32,56.5,58.7,57.87,62551.84490938,9393,kraken
1789948800,58.71,63.83,58.15,62.04,61.7,254024.7628313,22960,kraken
1790035200,61.98,63.81,59.79,62.97,61.74,197001.66462907,20173,kraken
1790121600,62.97,64.61,58.68,61.87,61.69,227121.76948252,28086,kraken
1790208000,61.88,74.83,61.69,71.93,69.6,667706.16298867,54133,kraken
1790294400,71.97,73.8,69.02,72.56,70.64,260878.41433556,37995,kraken
1790380800,72.57,74.98,70.89,72.59,72.72,157503.03701174,23817,kraken
1790467200,72.58,72.58,70.38,71.28,71.43,99293.51985596,17513,kraken
1790553600,71.28,72.46,68.57,69.21,70.42,289450.69461065,29620,kraken
1790640000,69.24,69.35,66.61,66.82,67.98,74869.4380938,16392,kraken
1790726400,66.82,68.26,65.66,67.22,66.93,68979.05573426,14617,kraken
1790812800,67.22,68.74,66.57,68.09,67.68,80429.01440093,16490,kraken
1790899200,68.09,71.99,67.5,69.88,69.96,221983.2223467,23203,kraken
1790985600,69.89,71.33,68.46,70.28,69.56,67580.96364238,13681,kraken
1791072000,70.26,72.28,69.77,70.73,70.93,80073.35322796,10414,kraken
1791158400,70.7,71.71,69.57,70.1,70.49,81078.70278754,13469,kraken
1791244800,70.11,70.61,68.79,68.99,69.56,86314.71355395,13741,kraken
1791331200,68.96,69.19,65.5,66.08,66.89,154760.0732916,17461,kraken
