time,open,high,low,close,vwap,volume,count,source
1649203200,3.5,3.6,3.031,3.255,3.2953333333333332,3617675.551,0,coinbase
1649289600,3.255,3.719,3.11,3.466,3.4316666666666666,10919922.717,0,coinbase
1649376000,3.467,3.529,3.141,3.247,3.3056666666666668,4965506.893,0,coinbase
1649462400,3.248,3.338,3.14,3.238,3.2386666666666666,1606548.493,0,coinbase
1649548800,3.238,3.247,2.905,2.978,3.043333333333333,2208663.24,0,coinbase
1649635200,2.976,2.976,2.535,2.555,2.6886666666666668,2513424.371,0,coinbase
1649721600,2.557,2.68,2.348,2.405,2.4776666666666665,2856900.484,0,coinbase
1649808000,2.406,2.556,2.273,2.523,2.4506666666666668,1745819.817,0,coinbase
1649894400,2.521,2.627,2.286,2.304,2.405666666666667,1499150.906,0,coinbase
1649980800,2.305,2.378,2.261,2.333,2.3240000000000003,1294313.019,0,coinbase
1650067200,2.335,2.496,2.303,2.415,2.4046666666666665,1586745.188,0,coinbase
1650153600,2.416,2.429,2.264,2.277,2.3233333333333333,1105513.924,0,coinbase
1650240000,2.277,2.428,2.168,2.392,2.329333333333333,1133045.617,0,coinbase
1650326400,2.393,2.496,2.327,2.444,2.4223333333333334,1157370.392,0,coinbase
1650412800,2.442,2.6,2.37,2.421,2.4636666666666667,1518046.095,0,coinbase
1650499200,2.423,2.563,2.298,2.316,2.3923333333333336,1013797.331,0,coinbase
1650585600,2.313,2.43,2.254,2.295,2.3263333333333334,725104.742,0,coinbase
1650672000,2.293,2.315,2.218,2.252,2.2616666666666663,605481.149,0,coinbase
1650758400,2.252,2.294,2.153,2.182,2.2096666666666667,496651.498,0,coinbase
1650844800,2.181,2.266,1.982,2.24,2.162666666666667,1298566.394,0,coinbase
1650931200,2.241,2.277,1.905,1.957,2.0463333333333336,1806815.804,0,coinbase
1651017600,1.958,2.101,1.949,2.013,2.021,965721.676,0,coinbase
1651104000,2.012,2.091,1.98,2.009,2.026666666666667,966746.785,0,coinbase
1651190400,2.008,2.026,1.858,1.866,1.9166666666666667,919951.262,0,coinbase
1651276800,1.865,1.911,1.662,1.703,1.7586666666666666,839593.189,0,coinbase
1651363200,1.702,1.827,1.661,1.799,1.7623333333333333,938529.58,0,coinbase
1651449600,1.796,1.933,1.72,1.816,1.8230000000000002,1104756.454,0,coinbase
1651536000,1.815,1.927,1.738,1.768,1.811,535292.186,0,coinbase
1651622400,1.769,2.034,1.764,2.018,1.9386666666666665,907905.671,0,coinbase
1651708800,2.019,2.12,1.725,1.787,1.8773333333333333,888642.157,0,coinbase
1651795200,1.784,1.904,1.714,1.83,1.816,621801.135,0,coinbase
1651881600,1.824,1.846,1.651,1.714,1.737,481071.529,0,coinbase
1651968000,1.715,1.732,1.6,1.647,1.6596666666666666,519231.962,0,coinbase
1652054400,1.647,1.659,1.349,1.359,1.4556666666666667,961030.548,0,coinbase
1652140800,1.362,1.622,1.334,1.434,1.4633333333333336,1205318.234,0,coinbase
1652227200,1.441,1.475,0.926,0.991,1.1306666666666667,1886847.827,0,coinbase
1652313600,0.996,1.138,0.791,0.946,0.9583333333333334,1766845.151,0,coinbase
1652400000,0.952,1.222,0.937,1.043,1.0673333333333332,1544498.172,0,coinbase
1652486400,1.047,1.1,0.932,1.095,1.0423333333333333,1188335.397,0,coinbase
1652572800,1.096,1.162,1.025,1.155,1.1139999999999999,673115.198,0,coinbase
1652659200,1.155,1.155,1.015,1.046,1.072,744315.206,0,coinbase
1652745600,1.044,1.125,1.043,1.102,1.09,313597.543,0,coinbase
1652832000,1.106,1.134,0.975,0.989,1.0326666666666666,576053.724,0,coinbase
1652918400,0.991,1.065,0.946,1.039,1.0166666666666666,495981.089,0,coinbase
1653004800,1.036,1.073,0.961,0.983,1.0056666666666667,632638.084,0,coinbase
1653091200,0.987,1.038,0.97,1.011,1.0063333333333333,163547.562,0,coinbase
1653177600,1.012,1.047,0.991,1.014,1.0173333333333332,390155.19,0,coinbase
1653264000,1.013,1.07,0.978,0.978,1.0086666666666666,572979.441,0,coinbase
1653350400,0.983,1.097,0.949,1.018,1.0213333333333334,635549.794,0,coinbase
1653436800,1.018,1.033,0.97,0.976,0.993,559524.565,0,coinbase
1653523200,0.975,0.993,0.842,0.854,0.8963333333333333,905931.803,0,coinbase
1653609600,0.854,0.873,0.803,0.811,0.8290000000000001,764478.528,0,coinbase
1653696000,0.811,0.854,0.806,0.84,0.8333333333333334,316137.11,0,coinbase
1653782400,0.84,0.911,0.813,0.89,0.8713333333333333,288518.06,0,coinbase
1653868800,0.888,0.993,0.876,0.983,0.9506666666666667,808144.002,0,coinbase
1653955200,0.983,0.999,0.927,0.957,0.961,641666.23,0,coinbase
1654041600,0.957,0.967,0.851,0.868,0.8953333333333333,407402.382,0,coinbase
1654128000,0.866,0.889,0.833,0.874,0.8653333333333334,439439.177,0,coinbase
1654214400,0.874,0.876,0.816,0.847,0.8463333333333333,527967.449,0,coinbase
1654300800,0.846,0.852,0.817,0.845,0.8380000000000001,165890.092,0,coinbase
1654387200,0.846,0.859,0.825,0.838,0.8406666666666666,238526.811,0,coinbase
1654473600,0.838,0.923,0.837,0.87,0.8766666666666666,347207.594,0,coinbase
1654560000,0.868,0.888,0.814,0.855,0.8523333333333333,969075.61,0,coinbase
1654646400,0.854,0.875,0.828,0.838,0.847,420075.279,0,coinbase
1654732800,0.84,0.864,0.82,0.827,0.8370000000000001,243295.35,0,coinbase
1654819200,0.827,0.849,0.761,0.764,0.7913333333333332,432720.195,0,coinbase
1654905600,0.764,0.811,0.7,0.72,0.7436666666666666,1062042.119,0,coinbase
1654992000,0.722,0.723,0.627,0.628,0.6593333333333334,1184134.364,0,coinbase
1655078400,0.629,0.672,0.558,0.659,0.6296666666666667,1513089.95,0,coinbase
1655164800,0.659,0.693,0.598,0.655,0.6486666666666666,1381703.631,0,coinbase
1655251200,0.654,0.697,0.585,0.692,0.658,774078.317,0,coinbase
1655337600,0.693,0.699,0.587,0.595,0.627,742725.86,0,coinbase
1655424000,0.594,0.63,0.589,0.608,0.609,426218.498,0,coinbase
1655510400,0.605,0.616,0.545,0.578,0.5796666666666667,479724.099,0,coinbase
1655596800,0.576,0.632,0.548,0.623,0.6010000000000001,290955.539,0,coinbase
1655683200,0.623,0.643,0.599,0.623,0.6216666666666667,285814.776,0,coinbase
1655769600,0.625,0.679,0.616,0.639,0.6446666666666666,329778.695,0,coinbase
1655856000,0.639,0.644,0.601,0.607,0.6173333333333334,320403.711,0,coinbase
1655942400,0.609,0.648,0.605,0.643,0.632,259811.875,0,coinbase
1656028800,0.646,0.682,0.624,0.668,0.658,460974.796,0,coinbase
1656115200,0.669,0.803,0.661,0.742,0.7353333333333333,1519824.983,0,coinbase
1656201600,0.742,0.746,0.675,0.677,0.6993333333333333,274998.778,0,coinbase
1656288000,0.675,0.719,0.666,0.686,0.6903333333333334,301385.065,0,coinbase
1656374400,0.685,0.707,0.647,0.652,0.6686666666666667,173582.523,0,coinbase
1656460800,0.65,0.667,0.616,0.624,0.6356666666666667,319887.554,0,coinbase
1656547200,0.625,0.628,0.578,0.614,0.6066666666666666,528757.153,0,coinbase
1656633600,0.615,0.637,0.597,0.609,0.6143333333333333,307901.206,0,coinbase
1656720000,0.608,0.628,0.599,0.62,0.6156666666666667,228491.887,0,coinbase
1656806400,0.621,0.625,0.604,0.62,0.6163333333333334,235619.31,0,coinbase
1656892800,0.618,0.656,0.607,0.648,0.637,209917.77,0,coinbase
1656979200,0.648,0.679,0.62,0.65,0.6496666666666666,379116.262,0,coinbase
1657065600,0.652,0.71,0.639,0.669,0.6726666666666666,597238.161,0,coinbase
1657152000,0.671,0.735,0.668,0.71,0.7043333333333334,654303.738,0,coinbase
1657238400,0.708,0.728,0.668,0.681,0.6923333333333334,487406.382,0,coinbase
1657324800,0.68,0.707,0.676,0.696,0.693,211191.437,0,coinbase
1657411200,0.695,0.696,0.655,0.671,0.674,203768.248,0,coinbase
1657497600,0.671,0.711,0.64,0.647,0.666,274942.982,0,coinbase
1657584000,0.645,0.688,0.63,0.63,0.6493333333333333,812556.607,0,coinbase
1657670400,0.631,0.66,0.601,0.657,0.6393333333333334,247170.381,0,coinbase
1657756800,0.659,0.673,0.632,0.67,0.6583333333333333,339647.902,0,coinbase
1657843200,0.67,0.687,0.659,0.669,0.6716666666666667,226877.931,0,coinbase
1657929600,0.667,0.696,0.65,0.689,0.6783333333333333,242904.341,0,coinbase
1658016000,0.689,0.695,0.666,0.67,0.677,212755.736,0,coinbase
1658102400,0.67,0.729,0.669,0.718,0.7053333333333334,366630.863,0,coinbase
1658188800,0.719,0.86,0.698,0.791,0.7829999999999999,1492567.134,0,coinbase
1658275200,0.792,0.83,0.722,0.729,0.7603333333333334,733016.376,0,coinbase
1658361600,0.73,0.761,0.694,0.735,0.73,529253.196,0,coinbase
1658448000,0.736,0.789,0.716,0.721,0.742,626359.647,0,coinbase
1658534400,0.721,0.763,0.715,0.735,0.7376666666666667,780246.132,0,coinbase
1658620800,0.735,0.776,0.728,0.745,0.7496666666666667,562498.765,0,coinbase
1658707200,0.746,0.749,0.661,0.672,0.6940000000000001,737611.905,0,coinbase
1658793600,0.672,0.673,0.63,0.661,0.6546666666666666,269796.72,0,coinbase
1658880000,0.663,0.723,0.645,0.72,0.6960000000000001,672359.189,0,coinbase
1658966400,0.721,0.772,0.713,0.754,0.7463333333333333,815086.841,0,coinbase
1659052800,0.756,0.795,0.734,0.759,0.7626666666666666,624043.271,0,coinbase
1659139200,0.759,0.857,0.759,0.793,0.803,847052.831,0,coinbase
1659225600,0.794,0.83,0.767,0.771,0.7893333333333333,696345.573,0,coinbase
1659312000,0.77,0.8,0.745,0.791,0.7786666666666666,592240.13,0,coinbase
1659398400,0.789,0.799,0.74,0.776,0.7716666666666668,663270.272,0,coinbase
1659484800,0.778,0.828,0.752,0.79,0.79,671982.463,0,coinbase
1659571200,0.792,0.816,0.773,0.783,0.7906666666666666,515708.447,0,coinbase
1659657600,0.782,0.885,0.78,0.847,0.8373333333333334,765268.326,0,coinbase
1659744000,0.846,0.893,0.833,0.839,0.855,943973.913,0,coinbase
1659830400,0.839,0.862,0.816,0.859,0.8456666666666667,304511.218,0,coinbase
1659916800,0.859,0.928,0.85,0.901,0.8930000000000001,1223485.802,0,coinbase
1660003200,0.9,0.988,0.877,0.958,0.941,3730903.122,0,coinbase
1660089600,0.955,0.99,0.885,0.976,0.9503333333333334,1707141.207,0,coinbase
1660176000,0.976,0.977,0.922,0.93,0.9430000000000001,697234.782,0,coinbase
1660262400,0.932,0.939,0.905,0.938,0.9273333333333333,216445.042,0,coinbase
1660348800,0.938,0.955,0.915,0.916,0.9286666666666666,464314.118,0,coinbase
1660435200,0.918,0.941,0.885,0.891,0.9056666666666667,311339.872,0,coinbase
1660521600,0.889,0.919,0.834,0.856,0.8696666666666667,441368.997,0,coinbase
1660608000,0.855,0.872,0.832,0.837,0.847,277911.583,0,coinbase
1660694400,0.837,0.87,0.762,0.78,0.8039999999999999,570925.965,0,coinbase
1660780800,0.78,0.794,0.739,0.741,0.758,294032.282,0,coinbase
1660867200,0.74,0.743,0.678,0.708,0.7096666666666667,745183.172,0,coinbase
1660953600,0.711,0.757,0.686,0.712,0.7183333333333334,475887.05,0,coinbase
1661040000,0.713,0.745,0.71,0.726,0.727,266673.423,0,coinbase
1661126400,0.728,0.732,0.684,0.723,0.713,311363.155,0,coinbase
1661212800,0.723,0.739,0.697,0.73,0.722,282920.61,0,coinbase
1661299200,0.732,0.745,0.707,0.726,0.726,384478.837,0,coinbase
1661385600,0.726,0.745,0.719,0.722,0.7286666666666667,175298.567,0,coinbase
1661472000,0.722,0.732,0.647,0.653,0.6773333333333333,388101.927,0,coinbase
1661558400,0.653,0.677,0.642,0.66,0.6596666666666667,362621.339,0,coinbase
1661644800,0.661,0.683,0.643,0.645,0.657,218506.415,0,coinbase
1661731200,0.647,0.709,0.643,0.695,0.6823333333333332,498003.938,0,coinbase
1661817600,0.694,0.707,0.652,0.67,0.6763333333333333,279853.175,0,coinbase
1661904000,0.672,0.687,0.655,0.668,0.67,437356.797,0,coinbase
1661990400,0.668,0.671,0.645,0.667,0.661,297518.086,0,coinbase
1662076800,0.667,0.679,0.652,0.659,0.6633333333333333,164949.71,0,coinbase
1662163200,0.657,0.688,0.652,0.669,0.6696666666666666,204631.285,0,coinbase
1662249600,0.67,0.716,0.663,0.675,0.6846666666666668,231021.06,0,coinbase
1662336000,0.676,0.677,0.653,0.662,0.664,127931.179,0,coinbase
1662422400,0.662,0.686,0.617,0.623,0.642,701656.031,0,coinbase
1662508800,0.623,0.661,0.613,0.654,0.6426666666666666,238461.466,0,coinbase
1662595200,0.654,0.663,0.631,0.651,0.6483333333333333,368338.937,0,coinbase
1662681600,0.652,0.695,0.651,0.684,0.6766666666666667,359732.321,0,coinbase
1662768000,0.686,0.694,0.673,0.686,0.6843333333333333,105729.466,0,coinbase
1662854400,0.685,0.7,0.671,0.684,0.685,348619.146,0,coinbase
1662940800,0.684,0.705,0.667,0.671,0.681,257055.473,0,coinbase
1663027200,0.669,0.673,0.606,0.606,0.6283333333333333,316617.578,0,coinbase
1663113600,0.608,0.642,0.605,0.63,0.6256666666666666,306217.662,0,coinbase
1663200000,0.629,0.634,0.602,0.603,0.613,225475.39,0,coinbase
1663286400,0.604,0.613,0.595,0.605,0.6043333333333333,240834.354,0,coinbase
1663372800,0.607,0.626,0.606,0.624,0.6186666666666666,136041.786,0,coinbase
1663459200,0.621,0.633,0.58,0.59,0.601,276331.177,0,coinbase
1663545600,0.592,0.599,0.566,0.594,0.5863333333333333,361167.148,0,coinbase
1663632000,0.594,0.599,0.568,0.573,0.58,160930.276,0,coinbase
1663718400,0.574,0.608,0.563,0.57,0.5803333333333333,204363.453,0,coinbase
1663804800,0.569,0.605,0.567,0.602,0.5913333333333334,136062.968,0,coinbase
1663891200,0.6,0.608,0.577,0.595,0.5933333333333334,177433.125,0,coinbase
1663977600,0.595,0.602,0.587,0.59,0.593,88774.339,0,coinbase
1664064000,0.591,0.596,0.571,0.576,0.581,100723.73,0,coinbase
1664150400,0.574,0.597,0.569,0.593,0.5863333333333333,350611.095,0,coinbase
1664236800,0.593,0.622,0.585,0.59,0.5989999999999999,492577.52,0,coinbase
1664323200,0.59,0.598,0.573,0.593,0.588,118363.783,0,coinbase
1664409600,0.596,0.608,0.575,0.593,0.592,151032.19,0,coinbase
1664496000,0.592,0.605,0.584,0.591,0.5933333333333334,149389.878,0,coinbase
1664582400,0.591,0.593,0.578,0.583,0.5846666666666666,130405.824,0,coinbase
1664668800,0.582,0.586,0.57,0.576,0.5773333333333333,218851.877,0,coinbase
1664755200,0.573,0.596,0.573,0.594,0.5876666666666667,147773.95,0,coinbase
1664841600,0.594,0.603,0.585,0.595,0.5943333333333333,373610.156,0,coinbase
1664928000,0.595,0.598,0.581,0.592,0.5903333333333333,112176.633,0,coinbase
1665014400,0.594,0.599,0.584,0.587,0.59,139156.218,0,coinbase
1665100800,0.585,0.589,0.578,0.583,0.5833333333333333,119120.549,0,coinbase
1665187200,0.584,0.59,0.578,0.581,0.583,69649.395,0,coinbase
1665273600,0.58,0.59,0.579,0.586,0.585,56697.479,0,coinbase
1665360000,0.586,0.591,0.571,0.573,0.5783333333333333,62794.657,0,coinbase
1665446400,0.571,0.573,0.55,0.554,0.559,281444.833,0,coinbase
1665532800,0.553,0.564,0.55,0.555,0.5563333333333333,105831.823,0,coinbase
1665619200,0.555,0.556,0.504,0.535,0.5316666666666667,319994.062,0,coinbase
1665705600,0.535,0.551,0.523,0.529,0.5343333333333334,169570.797,0,coinbase
1665792000,0.527,0.542,0.525,0.532,0.533,130971.694,0,coinbase
1665878400,0.533,0.551,0.532,0.548,0.5436666666666667,118033.172,0,coinbase
1665964800,0.546,0.603,0.543,0.572,0.5726666666666667,395937.198,0,coinbase
1666051200,0.57,0.574,0.54,0.551,0.555,156344.566,0,coinbase
1666137600,0.551,0.551,0.532,0.532,0.5383333333333334,216019.147,0,coinbase
1666224000,0.532,0.548,0.526,0.53,0.5346666666666667,147624.439,0,coinbase
1666310400,0.531,0.541,0.513,0.537,0.5303333333333334,145547.242,0,coinbase
1666396800,0.537,0.551,0.535,0.548,0.5446666666666667,74447.726,0,coinbase
1666483200,0.548,0.551,0.523,0.544,0.5393333333333333,128131.27,0,coinbase
1666569600,0.544,0.547,0.521,0.532,0.5333333333333333,179292.218,0,coinbase
1666656000,0.531,0.621,0.526,0.556,0.5676666666666667,549252.304,0,coinbase
1666742400,0.556,0.629,0.554,0.619,0.6006666666666667,1045541.032,0,coinbase
1666828800,0.619,0.669,0.596,0.604,0.6230000000000001,807589.005,0,coinbase
1666915200,0.602,0.659,0.589,0.633,0.627,588980.135,0,coinbase
1667001600,0.632,0.802,0.63,0.715,0.7156666666666666,5164612.227,0,coinbase
1667088000,0.713,0.739,0.667,0.692,0.6993333333333333,1328956.721,0,coinbase
1667174400,0.69,0.727,0.662,0.684,0.691,831170.683,0,coinbase
1667260800,0.686,0.728,0.668,0.67,0.6886666666666666,846007.379,0,coinbase
1667347200,0.671,0.752,0.663,0.698,0.7043333333333334,1793708.358,0,coinbase
1667433600,0.697,0.836,0.695,0.73,0.7536666666666667,1905826.352,0,coinbase
1667520000,0.727,0.798,0.711,0.775,0.7613333333333333,1156104.228,0,coinbase
1667606400,0.775,0.818,0.742,0.748,0.7693333333333333,548059.5,0,coinbase
1667692800,0.749,0.755,0.686,0.692,0.711,437901.529,0,coinbase
1667779200,0.69,0.745,0.684,0.721,0.7166666666666667,699296.261,0,coinbase
1667865600,0.724,0.725,0.565,0.649,0.6463333333333333,1264056.108,0,coinbase
1667952000,0.65,0.661,0.522,0.548,0.5770000000000001,2350969.11,0,coinbase
1668038400,0.547,0.639,0.541,0.604,0.5946666666666668,1154617.63,0,coinbase
1668124800,0.602,0.606,0.543,0.568,0.5723333333333334,350265.007,0,coinbase
1668211200,0.568,0.594,0.534,0.55,0.5593333333333333,410050.407,0,coinbase
1668297600,0.547,0.579,0.528,0.531,0.5459999999999999,325918.521,0,coinbase
1668384000,0.534,0.552,0.505,0.53,0.529,485544.834,0,coinbase
1668470400,0.531,0.619,0.529,0.562,0.5700000000000001,375595.874,0,coinbase
1668556800,0.562,0.577,0.543,0.571,0.5636666666666666,179200.3,0,coinbase
1668643200,0.572,0.576,0.55,0.557,0.5609999999999999,161234.794,0,coinbase
1668729600,0.558,0.57,0.548,0.556,0.5579999999999999,130689.058,0,coinbase
1668816000,0.559,0.606,0.544,0.575,0.575,351935.818,0,coinbase
1668902400,0.572,0.591,0.527,0.53,0.5493333333333333,288860.644,0,coinbase
1668988800,0.529,0.539,0.507,0.517,0.521,285874.775,0,coinbase
1669075200,0.519,0.556,0.493,0.534,0.5276666666666666,325100.845,0,coinbase
1669161600,0.534,0.564,0.533,0.552,0.5496666666666666,165163.842,0,coinbase
1669248000,0.555,0.556,0.541,0.548,0.5483333333333333,129259.481,0,coinbase
1669334400,0.549,0.549,0.527,0.537,0.5376666666666666,97748.167,0,coinbase
1669420800,0.537,0.551,0.534,0.543,0.5426666666666667,97581.163,0,coinbase
1669507200,0.543,0.601,0.542,0.575,0.5726666666666667,502754.053,0,coinbase
1669593600,0.574,0.594,0.536,0.551,0.5603333333333333,401178.224,0,coinbase
1669680000,0.552,0.576,0.548,0.564,0.5626666666666668,149004.463,0,coinbase
1669766400,0.566,0.584,0.552,0.582,0.5726666666666667,256180.677,0,coinbase
1669852800,0.581,0.583,0.561,0.565,0.5696666666666667,125483.659,0,coinbase
1669939200,0.565,0.578,0.559,0.578,0.5716666666666667,100892.709,0,coinbase
1670025600,0.577,0.577,0.557,0.557,0.5636666666666666,78589.205,0,coinbase
1670112000,0.558,0.593,0.557,0.58,0.5766666666666667,166318.453,0,coinbase
1670198400,0.58,0.588,0.559,0.564,0.5703333333333332,120090.464,0,coinbase
1670284800,0.565,0.587,0.555,0.565,0.569,308246.26,0,coinbase
1670371200,0.565,0.569,0.541,0.548,0.5526666666666666,88405.061,0,coinbase
1670457600,0.547,0.56,0.537,0.558,0.5516666666666666,68625.524,0,coinbase
1670544000,0.557,0.567,0.543,0.545,0.5516666666666666,105952.326,0,coinbase
1670630400,0.545,0.58,0.543,0.562,0.5616666666666666,158102.192,0,coinbase
1670716800,0.561,0.571,0.552,0.552,0.5583333333333333,141781.882,0,coinbase
1670803200,0.552,0.555,0.539,0.553,0.549,199463.534,0,coinbase
1670889600,0.553,0.561,0.531,0.55,0.5473333333333333,209569.74,0,coinbase
1670976000,0.552,0.571,0.548,0.555,0.5579999999999999,223711.556,0,coinbase
1671062400,0.554,0.556,0.538,0.541,0.545,76298.354,0,coinbase
1671148800,0.541,0.549,0.494,0.498,0.5136666666666667,255385.537,0,coinbase
1671235200,0.499,0.514,0.472,0.48,0.48866666666666664,339178.382,0,coinbase
1671321600,0.479,0.491,0.469,0.473,0.47766666666666663,123931.284,0,coinbase
1671408000,0.475,0.486,0.459,0.466,0.4703333333333333,122779.034,0,coinbase
1671494400,0.466,0.508,0.466,0.489,0.4876666666666667,345973.373,0,coinbase
1671580800,0.489,0.491,0.466,0.47,0.4756666666666667,124542.32,0,coinbase
1671667200,0.473,0.478,0.462,0.478,0.4726666666666666,104871.074,0,coinbase
1671753600,0.478,0.479,0.466,0.472,0.4723333333333333,83849.542,0,coinbase
1671840000,0.471,0.478,0.468,0.471,0.47233333333333327,61105.184,0,coinbase
1671926400,0.471,0.474,0.46,0.465,0.4663333333333333,164143.836,0,coinbase
1672012800,0.465,0.481,0.464,0.479,0.4746666666666666,157899.56,0,coinbase
1672099200,0.481,0.483,0.469,0.473,0.4749999999999999,159848.926,0,coinbase
1672185600,0.475,0.475,0.448,0.45,0.45766666666666667,250294.432,0,coinbase
1672272000,0.45,0.451,0.444,0.45,0.4483333333333333,69531.592,0,coinbase
1672358400,0.45,0.453,0.429,0.439,0.4403333333333333,162044.287,0,coinbase
1672444800,0.439,0.449,0.433,0.433,0.4383333333333333,349985.549,0,coinbase
1672531200,0.434,0.439,0.42,0.433,0.4306666666666667,197723.539,0,coinbase
1672617600,0.433,0.443,0.423,0.436,0.434,164340.107,0,coinbase
1672704000,0.436,0.485,0.434,0.463,0.4606666666666667,317853.011,0,coinbase
1672790400,0.463,0.478,0.455,0.462,0.465,320768.823,0,coinbase
1672876800,0.461,0.465,0.445,0.448,0.4526666666666667,179992.381,0,coinbase
1672963200,0.449,0.456,0.431,0.45,0.44566666666666666,140484.071,0,coinbase
1673049600,0.45,0.455,0.443,0.446,0.448,148355.217,0,coinbase
1673136000,0.446,0.468,0.443,0.468,0.45966666666666667,131686.452,0,coinbase
1673222400,0.467,0.496,0.466,0.473,0.47833333333333333,346155.309,0,coinbase
1673308800,0.473,0.488,0.46,0.48,0.476,217625.282,0,coinbase
1673395200,0.48,0.542,0.48,0.511,0.511,1252882.682,0,coinbase
1673481600,0.51,0.541,0.491,0.515,0.5156666666666667,674078.765,0,coinbase
1673568000,0.514,0.548,0.505,0.537,0.5299999999999999,351334.178,0,coinbase
1673654400,0.537,0.578,0.528,0.559,0.555,1115484.633,0,coinbase
1673740800,0.559,0.572,0.525,0.557,0.5513333333333333,283356.708,0,coinbase
1673827200,0.557,0.576,0.538,0.574,0.5626666666666665,285712.724,0,coinbase
1673913600,0.573,0.574,0.553,0.553,0.56,330872.984,0,coinbase
1674000000,0.557,0.564,0.501,0.515,0.5266666666666667,431736.067,0,coinbase
1674086400,0.513,0.534,0.507,0.525,0.5219999999999999,745691.661,0,coinbase
1674172800,0.523,0.564,0.52,0.559,0.5476666666666667,1720021.558,0,coinbase
1674259200,0.561,0.594,0.556,0.567,0.5723333333333332,1626092.051,0,coinbase
1674345600,0.568,0.612,0.564,0.589,0.5883333333333333,2099798.657,0,coinbase
1674432000,0.588,0.605,0.578,0.587,0.59,1581013.23,0,coinbase
1674518400,0.586,0.604,0.55,0.556,0.57,2939044.522,0,coinbase
1674604800,0.558,0.727,0.545,0.684,0.652,5442627.521,0,coinbase
1674691200,0.685,0.745,0.653,0.663,0.6869999999999999,6872509.857,0,coinbase
1674777600,0.663,0.674,0.631,0.659,0.6546666666666667,3544238.383,0,coinbase
1674864000,0.659,0.673,0.631,0.645,0.6496666666666667,1076335.382,0,coinbase
1674950400,0.645,0.789,0.639,0.774,0.734,4448051.322,0,coinbase
1675036800,0.778,0.908,0.732,0.773,0.8043333333333335,10158362.716,0,coinbase
1675123200,0.773,0.934,0.76,0.848,0.8473333333333333,9870872.421,0,coinbase
1675209600,0.848,0.959,0.765,0.894,0.8726666666666666,6489422.429,0,coinbase
1675296000,0.896,0.93,0.829,0.839,0.866,8855151.581,0,coinbase
1675382400,0.84,0.89,0.805,0.856,0.8503333333333334,11106820.38,0,coinbase
1675468800,0.856,0.864,0.809,0.814,0.8290000000000001,7616639.719,0,coinbase
1675555200,0.815,0.857,0.763,0.797,0.8056666666666668,3508605.685,0,coinbase
1675641600,0.799,0.843,0.751,0.796,0.7966666666666665,4656290.253,0,coinbase
1675728000,0.795,0.874,0.788,0.864,0.842,4656768.993,0,coinbase
1675814400,0.865,0.886,0.793,0.826,0.835,5431857.336,0,coinbase
1675900800,0.827,0.888,0.71,0.741,0.7796666666666666,8390029.278,0,coinbase
1675987200,0.74,0.956,0.712,0.892,0.8533333333333334,11733782.432,0,coinbase
1676073600,0.892,1.155,0.84,1.129,1.0413333333333334,8308182.606,0,coinbase
1676160000,1.128,1.147,0.981,1.003,1.0436666666666667,14450319.037,0,coinbase
1676246400,1.004,1.041,0.887,0.927,0.9516666666666667,10059694.675,0,coinbase
1676332800,0.93,1.05,0.891,1.038,0.993,8256971.774,0,coinbase
1676419200,1.039,1.23,0.996,1.195,1.1403333333333334,8058238.205,0,coinbase
1676505600,1.194,1.22,1.031,1.061,1.1039999999999999,7976075.125,0,coinbase
1676592000,1.061,1.115,1.031,1.071,1.0723333333333331,4402324.03,0,coinbase
1676678400,1.071,1.164,1.043,1.056,1.0876666666666666,3518231.149,0,coinbase
1676764800,1.055,1.089,0.983,0.993,1.0216666666666667,3020940.064,0,coinbase
1676851200,0.995,1.083,0.955,1.082,1.04,3594941.077,0,coinbase
1676937600,1.082,1.109,0.953,0.977,1.013,3113052.668,0,coinbase
1677024000,0.978,0.998,0.908,0.989,0.965,4322299.249,0,coinbase
1677110400,0.989,1.045,0.962,0.991,0.9993333333333333,3256846.007,0,coinbase
1677196800,0.989,0.992,0.922,0.957,0.957,3091100.033,0,coinbase
1677283200,0.959,0.978,0.881,0.928,0.9289999999999999,2313271.805,0,coinbase
1677369600,0.927,0.964,0.921,0.956,0.9470000000000001,844783.404,0,coinbase
1677456000,0.955,0.981,0.92,0.938,0.9463333333333334,1165301.672,0,coinbase
1677542400,0.939,0.993,0.926,0.933,0.9506666666666668,2769344.454,0,coinbase
1677628800,0.933,0.99,0.923,0.987,0.9666666666666667,1926723.025,0,coinbase
1677715200,0.989,1.039,0.935,0.978,0.984,4399354.936,0,coinbase
1677801600,0.98,0.983,0.839,0.881,0.9010000000000001,2613331.776,0,coinbase
1677888000,0.881,0.889,0.811,0.829,0.843,656011.709,0,coinbase
1677974400,0.829,0.853,0.814,0.819,0.8286666666666666,585537.389,0,coinbase
1678060800,0.82,0.833,0.802,0.813,0.816,2147469.863,0,coinbase
1678147200,0.813,0.833,0.753,0.779,0.7883333333333332,2108515.363,0,coinbase
1678233600,0.779,0.785,0.692,0.71,0.729,2648328.697,0,coinbase
1678320000,0.711,0.735,0.649,0.669,0.6843333333333333,2648533.769,0,coinbase
1678406400,0.665,0.665,0.597,0.638,0.6333333333333333,3784918.829,0,coinbase
1678492800,0.641,0.668,0.579,0.619,0.622,2265382.349,0,coinbase
1678579200,0.619,0.698,0.614,0.695,0.6689999999999999,1324053.274,0,coinbase
1678665600,0.697,0.755,0.673,0.741,0.723,2353799.307,0,coinbase
1678752000,0.736,0.846,0.716,0.808,0.79,2520957.924,0,coinbase
1678838400,0.81,0.893,0.732,0.775,0.7999999999999999,3849494.092,0,coinbase
1678924800,0.773,0.832,0.756,0.8,0.7959999999999999,1838750.985,0,coinbase
1679011200,0.801,0.895,0.78,0.888,0.8543333333333334,2079668.872,0,coinbase
1679097600,0.888,0.951,0.844,0.853,0.8826666666666666,2995181.214,0,coinbase
1679184000,0.853,0.904,0.839,0.867,0.87,908019.978,0,coinbase
1679270400,0.867,0.906,0.784,0.796,0.8286666666666666,1667408.727,0,coinbase
1679356800,0.797,0.857,0.767,0.843,0.8223333333333334,1925164.965,0,coinbase
1679443200,0.844,0.858,0.771,0.806,0.8116666666666666,2283919.379,0,coinbase
1679529600,0.806,0.888,0.795,0.88,0.8543333333333334,1573746.206,0,coinbase
1679616000,0.883,0.927,0.807,0.835,0.8563333333333333,2638520.296,0,coinbase
1679702400,0.836,0.84,0.783,0.795,0.806,782845.754,0,coinbase
1679788800,0.795,0.824,0.787,0.814,0.8083333333333332,417341.794,0,coinbase
1679875200,0.813,0.816,0.713,0.733,0.754,1351594.513,0,coinbase
1679961600,0.734,0.761,0.7,0.749,0.7366666666666667,919662.661,0,coinbase
1680048000,0.749,0.788,0.743,0.775,0.7686666666666667,508195.098,0,coinbase
1680134400,0.774,0.79,0.734,0.757,0.7603333333333334,643121.818,0,coinbase
1680220800,0.758,0.785,0.737,0.777,0.7663333333333333,594188.403,0,coinbase
1680307200,0.777,0.787,0.754,0.769,0.77,477859.254,0,coinbase
1680393600,0.769,0.777,0.724,0.742,0.7476666666666666,360222.85,0,coinbase
1680480000,0.741,0.754,0.713,0.738,0.735,584432.513,0,coinbase
1680566400,0.741,0.776,0.727,0.765,0.7560000000000001,535625.568,0,coinbase
1680652800,0.763,0.781,0.739,0.761,0.7603333333333334,723819.231,0,coinbase
1680739200,0.763,0.763,0.734,0.744,0.7469999999999999,281132.576,0,coinbase
1680825600,0.745,0.745,0.725,0.73,0.7333333333333334,303066.662,0,coinbase
1680912000,0.731,0.739,0.722,0.724,0.7283333333333332,212730.754,0,coinbase
1680998400,0.725,0.738,0.714,0.732,0.7280000000000001,244236.516,0,coinbase
1681084800,0.732,0.758,0.716,0.752,0.742,341464.912,0,coinbase
1681171200,0.754,0.758,0.739,0.742,0.7463333333333333,1292304.177,0,coinbase
1681257600,0.742,0.753,0.712,0.752,0.7389999999999999,1286279.159,0,coinbase
1681344000,0.751,0.801,0.748,0.791,0.7799999999999999,1215649.591,0,coinbase
1681430400,0.79,0.838,0.781,0.814,0.8109999999999999,1934733.791,0,coinbase
1681516800,0.815,0.818,0.793,0.802,0.8043333333333335,699490.252,0,coinbase
1681603200,0.802,0.833,0.783,0.827,0.8143333333333334,912843.883,0,coinbase
1681689600,0.827,0.832,0.784,0.8,0.8053333333333335,1219394.025,0,coinbase
1681776000,0.8,0.869,0.789,0.857,0.8383333333333333,2603596.613,0,coinbase
1681862400,0.856,0.856,0.727,0.751,0.778,3742161.753,0,coinbase
1681948800,0.749,0.759,0.702,0.713,0.7246666666666667,2353521.587,0,coinbase
1682035200,0.712,0.721,0.653,0.666,0.68,2047686.144,0,coinbase
1682121600,0.666,0.688,0.661,0.685,0.6779999999999999,519179.657,0,coinbase
1682208000,0.685,0.685,0.649,0.669,0.6676666666666667,371971.352,0,coinbase
1682294400,0.666,0.682,0.65,0.665,0.6656666666666667,415320.36,0,coinbase
1682380800,0.665,0.686,0.642,0.685,0.6709999999999999,505467.742,0,coinbase
1682467200,0.685,0.71,0.627,0.666,0.6676666666666667,525813.193,0,coinbase
1682553600,0.664,0.697,0.663,0.69,0.6833333333333332,161968.142,0,coinbase
1682640000,0.689,0.69,0.661,0.679,0.6766666666666667,167628.103,0,coinbase
1682726400,0.679,0.688,0.673,0.679,0.68,92425.565,0,coinbase
1682812800,0.68,0.688,0.658,0.659,0.6683333333333333,141605.547,0,coinbase
1682899200,0.66,0.661,0.622,0.637,0.64,209473.729,0,coinbase
1682985600,0.634,0.649,0.627,0.649,0.6416666666666667,176079.877,0,coinbase
1683072000,0.645,0.666,0.617,0.661,0.648,1506371.359,0,coinbase
1683158400,0.661,0.662,0.625,0.626,0.6376666666666666,120526.162,0,coinbase
1683244800,0.626,0.637,0.604,0.635,0.6253333333333334,542346.503,0,coinbase
1683331200,0.635,0.638,0.59,0.597,0.6083333333333333,322196.634,0,coinbase
1683417600,0.598,0.602,0.584,0.587,0.591,299259.356,0,coinbase
1683504000,0.585,0.591,0.516,0.544,0.5503333333333333,1347022.226,0,coinbase
1683590400,0.543,0.557,0.541,0.552,0.55,315841.455,0,coinbase
1683676800,0.552,0.586,0.543,0.578,0.569,506356.451,0,coinbase
1683763200,0.577,0.578,0.528,0.547,0.551,289777.178,0,coinbase
1683849600,0.546,0.568,0.53,0.566,0.5546666666666665,228087.953,0,coinbase
1683936000,0.567,0.567,0.553,0.558,0.5593333333333333,86192.712,0,coinbase
1684022400,0.557,0.57,0.549,0.561,0.56,177213.345,0,coinbase
1684108800,0.563,0.577,0.549,0.565,0.5636666666666666,288009.998,0,coinbase
1684195200,0.564,0.574,0.555,0.565,0.5646666666666667,205653.566,0,coinbase
1684281600,0.566,0.592,0.558,0.585,0.5783333333333333,276487.155,0,coinbase
1684368000,0.585,0.595,0.565,0.575,0.5783333333333333,229883.965,0,coinbase
1684454400,0.576,0.584,0.566,0.58,0.5766666666666667,187858.017,0,coinbase
1684540800,0.58,0.586,0.572,0.583,0.5803333333333333,242835.654,0,coinbase
1684627200,0.583,0.592,0.562,0.568,0.574,122173.505,0,coinbase
1684713600,0.567,0.57,0.552,0.564,0.5619999999999999,111187.149,0,coinbase
1684800000,0.565,0.584,0.558,0.579,0.5736666666666667,144818.564,0,coinbase
1684886400,0.579,0.579,0.541,0.55,0.5566666666666668,182336.961,0,coinbase
1684972800,0.553,0.564,0.532,0.559,0.5516666666666667,141310.064,0,coinbase
1685059200,0.559,0.566,0.548,0.562,0.5586666666666666,112311.833,0,coinbase
1685145600,0.561,0.566,0.555,0.563,0.5613333333333334,68253.317,0,coinbase
1685232000,0.563,0.59,0.561,0.584,0.5783333333333333,200838.781,0,coinbase
1685318400,0.583,0.589,0.565,0.568,0.574,143782.041,0,coinbase
1685404800,0.568,0.574,0.56,0.567,0.567,148362.354,0,coinbase
1685491200,0.566,0.569,0.532,0.54,0.547,348636.388,0,coinbase
1685577600,0.539,0.543,0.523,0.532,0.5326666666666667,243375.075,0,coinbase
1685664000,0.532,0.547,0.526,0.543,0.5386666666666667,179853.39,0,coinbase
1685750400,0.543,0.551,0.539,0.546,0.5453333333333333,143788.713,0,coinbase
1685836800,0.547,0.561,0.542,0.545,0.5493333333333333,240824.696,0,coinbase
1685923200,0.544,0.545,0.486,0.509,0.5133333333333333,532671.93,0,coinbase
1686009600,0.506,0.521,0.489,0.515,0.5083333333333333,396755.304,0,coinbase
1686096000,0.514,0.526,0.483,0.486,0.4983333333333333,488538.971,0,coinbase
1686182400,0.486,0.504,0.473,0.494,0.49033333333333334,369812.159,0,coinbase
1686268800,0.494,0.511,0.485,0.49,0.49533333333333335,299697.08,0,coinbase
1686355200,0.491,0.491,0.369,0.416,0.42533333333333334,1530853.405,0,coinbase
1686441600,0.416,0.433,0.409,0.42,0.4206666666666667,329143.932,0,coinbase
1686528000,0.42,0.421,0.403,0.405,0.4096666666666667,759968.615,0,coinbase
1686614400,0.406,0.427,0.402,0.42,0.4163333333333333,296528.089,0,coinbase
1686700800,0.419,0.425,0.382,0.395,0.40066666666666667,370962.137,0,coinbase
1686787200,0.396,0.409,0.385,0.404,0.3993333333333333,245239.509,0,coinbase
1686873600,0.404,0.419,0.398,0.414,0.41033333333333327,164997.415,0,coinbase
1686960000,0.412,0.432,0.409,0.428,0.423,203452.753,0,coinbase
1687046400,0.428,0.434,0.42,0.42,0.4246666666666667,113216.836,0,coinbase
1687132800,0.42,0.438,0.418,0.431,0.429,105126.875,0,coinbase
1687219200,0.43,0.453,0.416,0.449,0.43933333333333335,236429.857,0,coinbase
1687305600,0.449,0.497,0.437,0.484,0.4726666666666666,548151.34,0,coinbase
1687392000,0.483,0.512,0.471,0.472,0.48500000000000004,510810.394,0,coinbase
1687478400,0.472,0.491,0.458,0.481,0.47666666666666674,237786.638,0,coinbase
1687564800,0.479,0.492,0.469,0.481,0.48066666666666663,192038.898,0,coinbase
1687651200,0.481,0.51,0.481,0.497,0.496,378038.115,0,coinbase
1687737600,0.494,0.516,0.479,0.49,0.49499999999999994,239964.31,0,coinbase
1687824000,0.49,0.522,0.489,0.496,0.5023333333333334,366697.456,0,coinbase
1687910400,0.493,0.493,0.441,0.459,0.4643333333333333,276626.71,0,coinbase
1687996800,0.458,0.475,0.453,0.464,0.46399999999999997,175666.13,0,coinbase
1688083200,0.467,0.489,0.436,0.487,0.4706666666666666,448418.422,0,coinbase
1688169600,0.486,0.497,0.478,0.494,0.48966666666666664,144682.04,0,coinbase
1688256000,0.496,0.5,0.477,0.496,0.49099999999999994,125208.065,0,coinbase
1688342400,0.497,0.525,0.492,0.516,0.511,223239.645,0,coinbase
1688428800,0.517,0.524,0.502,0.509,0.5116666666666667,155580.73,0,coinbase
1688515200,0.51,0.521,0.48,0.486,0.49566666666666664,204195.538,0,coinbase
1688601600,0.483,0.501,0.457,0.457,0.4716666666666667,218341.823,0,coinbase
1688688000,0.456,0.462,0.448,0.458,0.456,235319.719,0,coinbase
1688774400,0.458,0.461,0.437,0.447,0.4483333333333333,128188.689,0,coinbase
1688860800,0.448,0.453,0.436,0.437,0.442,139867.965,0,coinbase
1688947200,0.437,0.49,0.428,0.48,0.46599999999999997,424773.781,0,coinbase
1689033600,0.48,0.515,0.449,0.452,0.472,1574716.07,0,coinbase
1689120000,0.453,0.455,0.44,0.445,0.4466666666666667,789681.689,0,coinbase
1689206400,0.445,0.499,0.439,0.495,0.47766666666666663,873627.413,0,coinbase
1689292800,0.495,0.515,0.466,0.486,0.48900000000000005,726422.825,0,coinbase
1689379200,0.487,0.495,0.476,0.48,0.4836666666666667,134329.312,0,coinbase
1689465600,0.48,0.481,0.465,0.471,0.47233333333333327,182239.395,0,coinbase
1689552000,0.47,0.483,0.457,0.474,0.4713333333333333,207608.163,0,coinbase
1689638400,0.474,0.481,0.452,0.458,0.46366666666666667,201469.853,0,coinbase
1689724800,0.457,0.464,0.45,0.452,0.45533333333333337,212057.712,0,coinbase
1689811200,0.451,0.465,0.449,0.459,0.45766666666666667,179586.394,0,coinbase
1689897600,0.459,0.465,0.455,0.462,0.4606666666666667,124516.376,0,coinbase
1689984000,0.462,0.468,0.452,0.456,0.4586666666666667,79136.692,0,coinbase
1690070400,0.457,0.469,0.453,0.462,0.4613333333333333,68377.215,0,coinbase
1690156800,0.463,0.464,0.432,0.441,0.44566666666666666,249181.768,0,coinbase
1690243200,0.44,0.442,0.432,0.437,0.437,225439.029,0,coinbase
1690329600,0.437,0.446,0.426,0.44,0.43733333333333335,265806.023,0,coinbase
1690416000,0.44,0.452,0.436,0.444,0.444,150958.517,0,coinbase
1690502400,0.443,0.451,0.439,0.449,0.4463333333333333,131694.19,0,coinbase
1690588800,0.448,0.451,0.443,0.45,0.448,85765.807,0,coinbase
1690675200,0.448,0.453,0.434,0.443,0.44333333333333336,105894.372,0,coinbase
1690761600,0.442,0.448,0.436,0.441,0.44166666666666665,100728.036,0,coinbase
1690848000,0.442,0.448,0.425,0.447,0.44,234362.154,0,coinbase
1690934400,0.448,0.448,0.433,0.437,0.43933333333333335,195026.348,0,coinbase
1691020800,0.435,0.44,0.43,0.433,0.4343333333333333,138170.723,0,coinbase
1691107200,0.433,0.437,0.426,0.432,0.43166666666666664,143518.008,0,coinbase
1691193600,0.432,0.436,0.427,0.436,0.433,134006.232,0,coinbase
1691280000,0.436,0.441,0.433,0.436,0.4366666666666667,123861.666,0,coinbase
1691366400,0.437,0.441,0.425,0.438,0.4346666666666667,202111.527,0,coinbase
1691452800,0.438,0.459,0.436,0.454,0.44966666666666666,462839.7,0,coinbase
1691539200,0.454,0.464,0.45,0.452,0.45533333333333337,256660.521,0,coinbase
1691625600,0.452,0.467,0.449,0.46,0.4586666666666667,165371.846,0,coinbase
1691712000,0.461,0.469,0.458,0.465,0.464,297825.202,0,coinbase
1691798400,0.464,0.466,0.458,0.462,0.462,174545.153,0,coinbase
1691884800,0.463,0.472,0.46,0.467,0.4663333333333333,275071.242,0,coinbase
1691971200,0.467,0.495,0.465,0.482,0.48066666666666663,1093490.662,0,coinbase
1692057600,0.481,0.494,0.431,0.458,0.461,470651.345,0,coinbase
1692144000,0.457,0.46,0.425,0.428,0.43766666666666665,283001.04,0,coinbase
1692230400,0.427,0.442,0.37,0.398,0.4033333333333333,434710.38,0,coinbase
1692316800,0.399,0.414,0.393,0.412,0.40633333333333327,704834.342,0,coinbase
1692403200,0.411,0.425,0.408,0.417,0.4166666666666667,163968.658,0,coinbase
1692489600,0.417,0.419,0.41,0.412,0.4136666666666666,86430.033,0,coinbase
1692576000,0.412,0.414,0.392,0.401,0.4023333333333334,261490.514,0,coinbase
1692662400,0.401,0.402,0.385,0.4,0.39566666666666667,355665.731,0,coinbase
1692748800,0.4,0.412,0.395,0.401,0.4026666666666667,228197.163,0,coinbase
1692835200,0.402,0.403,0.388,0.394,0.395,181240.13,0,coinbase
1692921600,0.393,0.395,0.382,0.394,0.39033333333333337,369059.765,0,coinbase
1693008000,0.394,0.399,0.391,0.392,0.39399999999999996,64482.678,0,coinbase
1693094400,0.392,0.393,0.386,0.39,0.38966666666666666,140678.379,0,coinbase
1693180800,0.389,0.394,0.378,0.39,0.3873333333333333,124178.067,0,coinbase
1693267200,0.39,0.404,0.378,0.399,0.39366666666666666,167684.991,0,coinbase
1693353600,0.399,0.4,0.387,0.391,0.39266666666666666,101942.438,0,coinbase
1693440000,0.389,0.396,0.371,0.376,0.381,115909.948,0,coinbase
1693526400,0.375,0.38,0.365,0.372,0.37233333333333335,124673.17,0,coinbase
1693612800,0.372,0.377,0.369,0.372,0.37266666666666665,113037.353,0,coinbase
1693699200,0.373,0.378,0.369,0.373,0.37333333333333335,126922.257,0,coinbase
1693785600,0.371,0.378,0.364,0.369,0.37033333333333335,167296.061,0,coinbase
1693872000,0.369,0.379,0.365,0.378,0.37399999999999994,193423.022,0,coinbase
1693958400,0.378,0.38,0.365,0.377,0.37399999999999994,221827.023,0,coinbase
1694044800,0.376,0.385,0.374,0.382,0.38033333333333336,235238.744,0,coinbase
1694131200,0.382,0.387,0.372,0.377,0.3786666666666667,133877.471,0,coinbase
1694217600,0.377,0.396,0.376,0.388,0.3866666666666667,271656.978,0,coinbase
1694304000,0.387,0.387,0.365,0.378,0.37666666666666665,356371.276,0,coinbase
1694390400,0.377,0.378,0.357,0.366,0.367,261887.954,0,coinbase
1694476800,0.367,0.381,0.366,0.369,0.37200000000000005,175991.982,0,coinbase
1694563200,0.37,0.379,0.365,0.375,0.373,225095.619,0,coinbase
1694649600,0.375,0.38,0.372,0.374,0.3753333333333333,231274.875,0,coinbase
1694736000,0.376,0.387,0.371,0.385,0.381,347344.791,0,coinbase
1694822400,0.385,0.393,0.381,0.385,0.38633333333333336,136753.713,0,coinbase
1694908800,0.384,0.384,0.365,0.371,0.37333333333333335,146356.221,0,coinbase
1694995200,0.371,0.387,0.368,0.38,0.37833333333333335,214454.497,0,coinbase
1695081600,0.382,0.389,0.377,0.383,0.383,389596.843,0,coinbase
1695168000,0.382,0.387,0.376,0.382,0.38166666666666665,234373.258,0,coinbase
1695254400,0.382,0.394,0.375,0.378,0.38233333333333336,255133.668,0,coinbase
1695340800,0.38,0.383,0.375,0.381,0.37966666666666665,146135.18,0,coinbase
1695427200,0.381,0.385,0.378,0.385,0.3826666666666667,73562.511,0,coinbase
1695513600,0.384,0.385,0.377,0.38,0.38066666666666665,93496.346,0,coinbase
1695600000,0.379,0.385,0.374,0.376,0.37833333333333335,168513.968,0,coinbase
1695686400,0.377,0.379,0.366,0.371,0.37200000000000005,98256.098,0,coinbase
1695772800,0.371,0.377,0.365,0.37,0.3706666666666667,136800.319,0,coinbase
1695859200,0.369,0.38,0.368,0.375,0.37433333333333335,102878.333,0,coinbase
1695945600,0.374,0.379,0.372,0.377,0.37600000000000006,275066.897,0,coinbase
1696032000,0.377,0.382,0.375,0.381,0.3793333333333333,99640.467,0,coinbase
1696118400,0.38,0.396,0.38,0.394,0.38999999999999996,253546.21,0,coinbase
1696204800,0.394,0.397,0.373,0.381,0.38366666666666666,139461.555,0,coinbase
1696291200,0.38,0.385,0.371,0.373,0.37633333333333335,172926.276,0,coinbase
1696377600,0.372,0.407,0.359,0.4,0.38866666666666666,709552.59,0,coinbase
1696464000,0.399,0.4,0.376,0.384,0.3866666666666667,409545.251,0,coinbase
1696550400,0.385,0.396,0.385,0.392,0.391,167187.399,0,coinbase
1696636800,0.392,0.394,0.384,0.389,0.389,74262.651,0,coinbase
1696723200,0.389,0.391,0.379,0.38,0.3833333333333333,152076.148,0,coinbase
1696809600,0.38,0.385,0.359,0.369,0.371,235473.87,0,coinbase
1696896000,0.368,0.369,0.359,0.361,0.363,133222.762,0,coinbase
1696982400,0.359,0.362,0.349,0.358,0.35633333333333334,227956.641,0,coinbase
1697068800,0.358,0.362,0.35,0.36,0.35733333333333334,226031.896,0,coinbase
1697155200,0.36,0.366,0.358,0.36,0.36133333333333334,122273.389,0,coinbase
1697241600,0.36,0.365,0.359,0.36,0.36133333333333334,202072.275,0,coinbase
1697328000,0.361,0.367,0.359,0.365,0.36366666666666664,113245.195,0,coinbase
1697414400,0.365,0.38,0.364,0.37,0.3713333333333333,219067.836,0,coinbase
1697500800,0.369,0.376,0.359,0.373,0.36933333333333335,198502.759,0,coinbase
1697587200,0.373,0.377,0.366,0.373,0.37200000000000005,154362.823,0,coinbase
1697673600,0.373,0.384,0.371,0.377,0.37733333333333335,463553.635,0,coinbase
1697760000,0.378,0.393,0.374,0.384,0.38366666666666666,142314.944,0,coinbase
1697846400,0.386,0.402,0.384,0.402,0.3960000000000001,240699.686,0,coinbase
1697932800,0.402,0.407,0.391,0.406,0.4013333333333334,204275.613,0,coinbase
1698019200,0.406,0.473,0.403,0.463,0.4463333333333333,1307598.153,0,coinbase
1698105600,0.464,0.97,0.46,0.737,0.7223333333333333,12066749.608,0,coinbase
1698192000,0.737,0.761,0.626,0.682,0.6896666666666667,5205958.133,0,coinbase
1698278400,0.682,0.731,0.625,0.651,0.6689999999999999,2531773.595,0,coinbase
1698364800,0.653,0.656,0.607,0.625,0.6293333333333333,1275670.317,0,coinbase
1698451200,0.623,0.634,0.597,0.61,0.6136666666666666,5038731.343,0,coinbase
1698537600,0.61,0.649,0.596,0.613,0.6193333333333334,5897315.194,0,coinbase
1698624000,0.615,0.647,0.606,0.635,0.6293333333333334,2233888.795,0,coinbase
1698710400,0.634,0.641,0.568,0.59,0.5996666666666667,1941708.276,0,coinbase
1698796800,0.589,0.608,0.561,0.597,0.5886666666666667,2013270.053,0,coinbase
1698883200,0.597,0.612,0.564,0.579,0.585,1930292.874,0,coinbase
1698969600,0.579,0.606,0.562,0.601,0.5896666666666667,1328243.416,0,coinbase
1699056000,0.601,0.607,0.59,0.602,0.5996666666666667,751998.241,0,coinbase
1699142400,0.603,0.629,0.584,0.595,0.6026666666666667,1185267.417,0,coinbase
1699228800,0.595,0.624,0.58,0.622,0.6086666666666667,1174289.478,0,coinbase
1699315200,0.623,0.629,0.585,0.608,0.6073333333333334,969152.601,0,coinbase
1699401600,0.607,0.635,0.6,0.633,0.6226666666666666,896210.466,0,coinbase
1699488000,0.633,0.752,0.606,0.673,0.677,6166192.354,0,coinbase
1699574400,0.673,0.705,0.661,0.7,0.6886666666666666,1352112.325,0,coinbase
1699660800,0.698,0.706,0.654,0.679,0.6796666666666665,956053.85,0,coinbase
1699747200,0.68,0.683,0.643,0.668,0.6646666666666667,1037264.168,0,coinbase
1699833600,0.667,0.681,0.616,0.626,0.641,2370841.718,0,coinbase
1699920000,0.626,0.636,0.56,0.594,0.5966666666666667,1866520.497,0,coinbase
1700006400,0.594,0.634,0.592,0.632,0.6193333333333334,3020284.116,0,coinbase
1700092800,0.633,0.648,0.582,0.598,0.6093333333333333,2794781.058,0,coinbase
1700179200,0.598,0.616,0.576,0.604,0.5986666666666666,2952278.244,0,coinbase
1700265600,0.606,0.638,0.577,0.609,0.608,1419866.452,0,coinbase
1700352000,0.608,0.631,0.59,0.629,0.6166666666666667,1139691.206,0,coinbase
1700438400,0.628,0.676,0.625,0.64,0.6470000000000001,2326759.135,0,coinbase
1700524800,0.641,0.665,0.578,0.578,0.6069999999999999,1586081.79,0,coinbase
1700611200,0.578,0.635,0.575,0.625,0.6116666666666667,901088.056,0,coinbase
1700697600,0.627,0.706,0.627,0.688,0.6736666666666666,1738125.847,0,coinbase
1700784000,0.688,0.77,0.675,0.749,0.7313333333333333,2115398.355,0,coinbase
1700870400,0.751,0.871,0.742,0.806,0.8063333333333333,3648521.586,0,coinbase
1700956800,0.804,0.816,0.734,0.754,0.7679999999999999,1179791.109,0,coinbase
1701043200,0.756,0.756,0.678,0.703,0.7123333333333334,1379671.781,0,coinbase
1701129600,0.703,0.743,0.669,0.74,0.7173333333333334,1221454.408,0,coinbase
1701216000,0.741,0.748,0.694,0.699,0.7136666666666667,660409.437,0,coinbase
1701302400,0.699,0.744,0.699,0.713,0.7186666666666667,1215198.985,0,coinbase
1701388800,0.714,0.771,0.714,0.753,0.746,912860.182,0,coinbase
1701475200,0.753,0.772,0.74,0.762,0.758,1248420.271,0,coinbase
1701561600,0.76,0.76,0.721,0.737,0.7393333333333333,1328129.873,0,coinbase
1701648000,0.739,0.763,0.7,0.758,0.7403333333333334,2465265.014,0,coinbase
1701734400,0.759,0.768,0.727,0.764,0.7530000000000001,2172947.627,0,coinbase
1701820800,0.765,0.788,0.721,0.729,0.746,1618045.471,0,coinbase
1701907200,0.729,0.754,0.702,0.748,0.7346666666666666,1261123.145,0,coinbase
1701993600,0.749,0.784,0.739,0.778,0.767,1060612.848,0,coinbase
1702080000,0.779,0.812,0.746,0.755,0.771,1488741.81,0,coinbase
1702166400,0.756,0.871,0.755,0.862,0.8293333333333334,4059502.127,0,coinbase
1702252800,0.862,0.916,0.766,0.815,0.8323333333333333,4513918.762,0,coinbase
1702339200,0.815,0.841,0.768,0.792,0.8003333333333332,1921141.093,0,coinbase
1702425600,0.792,0.801,0.732,0.795,0.7759999999999999,2010256.125,0,coinbase
1702512000,0.797,0.806,0.75,0.798,0.7846666666666667,1612462.032,0,coinbase
1702598400,0.798,0.8,0.741,0.745,0.762,1103092.837,0,coinbase
1702684800,0.746,0.796,0.731,0.772,0.7663333333333334,834648.128,0,coinbase
1702771200,0.772,0.781,0.738,0.742,0.7536666666666667,772256.041,0,coinbase
1702857600,0.741,0.746,0.673,0.731,0.7166666666666667,1091503.098,0,coinbase
1702944000,0.731,0.784,0.724,0.774,0.7606666666666667,1637475.512,0,coinbase
1703030400,0.772,1.14,0.77,0.861,0.9236666666666666,9904415.154,0,coinbase
1703116800,0.865,0.958,0.841,0.886,0.895,4805243.829,0,coinbase
1703203200,0.886,0.921,0.848,0.89,0.8863333333333334,3351799.714,0,coinbase
1703289600,0.89,1.15,0.876,1.027,1.0176666666666667,7662035.242,0,coinbase
1703376000,1.029,1.377,0.984,1.166,1.1756666666666666,15098510.85,0,coinbase
1703462400,1.166,1.322,1.162,1.17,1.218,9524174.752,0,coinbase
1703548800,1.174,1.55,1.068,1.398,1.3386666666666667,17004826.343,0,coinbase
1703635200,1.398,1.496,1.277,1.325,1.3659999999999999,14899768.224,0,coinbase
1703721600,1.325,1.371,1.217,1.266,1.2846666666666666,10157212.923,0,coinbase
1703808000,1.267,1.412,1.2,1.379,1.3303333333333334,10453810.626,0,coinbase
1703894400,1.379,1.5,1.301,1.446,1.4156666666666666,8304183.856,0,coinbase
1703980800,1.446,1.499,1.345,1.352,1.398666666666667,6949429.426,0,coinbase
1704067200,1.351,1.563,1.318,1.56,1.4803333333333335,8697482.221,0,coinbase
1704153600,1.559,1.692,1.454,1.461,1.5356666666666667,12918409.531,0,coinbase
1704240000,1.461,1.542,1.223,1.373,1.3793333333333333,10957092.642,0,coinbase
1704326400,1.373,1.387,1.257,1.304,1.316,7709597.326,0,coinbase
1704412800,1.306,1.327,1.172,1.227,1.242,6394961.06,0,coinbase
1704499200,1.228,1.228,1.074,1.118,1.14,4421891.52,0,coinbase
1704585600,1.12,1.192,1.054,1.068,1.1046666666666667,5399158.433,0,coinbase
1704672000,1.067,1.224,0.944,1.196,1.1213333333333333,6878167.961,0,coinbase
1704758400,1.197,1.247,1.083,1.114,1.148,6402214.118,0,coinbase
1704844800,1.114,1.28,1.053,1.225,1.1860000000000002,5821787.086,0,coinbase
1704931200,1.225,1.35,1.181,1.301,1.2773333333333332,5633053.153,0,coinbase
1705017600,1.301,1.324,1.156,1.207,1.229,4748678.787,0,coinbase
1705104000,1.208,1.242,1.14,1.221,1.2009999999999998,1893671.158,0,coinbase
1705190400,1.221,1.237,1.148,1.15,1.1783333333333332,1424673.77,0,coinbase
1705276800,1.15,1.229,1.148,1.215,1.1973333333333331,1614709.087,0,coinbase
1705363200,1.221,1.317,1.219,1.282,1.2726666666666666,3872379.984,0,coinbase
1705449600,1.283,1.326,1.241,1.324,1.297,2451458.86,0,coinbase
1705536000,1.327,1.331,1.176,1.214,1.2403333333333333,2381983.693,0,coinbase
1705622400,1.214,1.218,1.101,1.168,1.1623333333333334,2276515.695,0,coinbase
1705708800,1.162,1.162,1.109,1.127,1.1326666666666665,946797.027,0,coinbase
1705795200,1.125,1.178,1.12,1.122,1.14,880622.461,0,coinbase
1705881600,1.125,1.127,1.019,1.028,1.058,2287084.034,0,coinbase
1705968000,1.031,1.051,0.939,1.047,1.0123333333333333,3561298.41,0,coinbase
1706054400,1.046,1.059,1.014,1.047,1.04,1433006.724,0,coinbase
1706140800,1.046,1.046,0.982,1.001,1.0096666666666667,1037904.055,0,coinbase
1706227200,1.001,1.097,0.984,1.097,1.0593333333333332,1847650.768,0,coinbase
1706313600,1.097,1.109,1.067,1.089,1.0883333333333334,891088.088,0,coinbase
1706400000,1.091,1.121,1.053,1.065,1.0796666666666666,1051116.807,0,coinbase
1706486400,1.063,1.133,1.058,1.121,1.1039999999999999,835757.157,0,coinbase
1706572800,1.121,1.211,1.114,1.131,1.1520000000000001,1992211.949,0,coinbase
1706659200,1.13,1.208,1.102,1.145,1.1516666666666666,2023867.556,0,coinbase
1706745600,1.147,1.24,1.108,1.216,1.188,2729066.148,0,coinbase
1706832000,1.215,1.281,1.211,1.236,1.2426666666666666,1728339.845,0,coinbase
1706918400,1.237,1.252,1.19,1.2,1.2140000000000002,864279.777,0,coinbase
1707004800,1.199,1.228,1.161,1.165,1.1846666666666668,925730.86,0,coinbase
1707091200,1.168,1.22,1.141,1.178,1.1796666666666666,925894.752,0,coinbase
1707177600,1.177,1.196,1.135,1.143,1.1580000000000001,821968.347,0,coinbase
1707264000,1.146,1.19,1.121,1.187,1.1660000000000001,745258.034,0,coinbase
1707350400,1.187,1.26,1.174,1.184,1.2060000000000002,1511236.422,0,coinbase
1707436800,1.184,1.29,1.18,1.272,1.2473333333333334,2289748.451,0,coinbase
1707523200,1.271,1.35,1.267,1.31,1.309,2052836.1,0,coinbase
1707609600,1.312,1.404,1.274,1.388,1.3553333333333333,2603988.161,0,coinbase
1707696000,1.385,1.446,1.331,1.399,1.3920000000000001,2022593.325,0,coinbase
1707782400,1.399,1.441,1.348,1.404,1.3976666666666666,2699313.592,0,coinbase
1707868800,1.405,1.56,1.38,1.488,1.476,4027069.686,0,coinbase
1707955200,1.492,1.544,1.421,1.438,1.4676666666666665,3725815.487,0,coinbase
1708041600,1.439,1.464,1.341,1.383,1.396,4078896.554,0,coinbase
1708128000,1.383,1.395,1.315,1.36,1.3566666666666667,1618281.287,0,coinbase
1708214400,1.361,1.421,1.34,1.416,1.3923333333333332,1856966.625,0,coinbase
1708300800,1.417,1.45,1.35,1.377,1.3923333333333332,3852242.26,0,coinbase
1708387200,1.377,1.461,1.289,1.35,1.3666666666666665,4100508.687,0,coinbase
1708473600,1.35,1.354,1.244,1.293,1.297,2338242.422,0,coinbase
1708560000,1.294,1.308,1.242,1.267,1.2723333333333333,1637095.221,0,coinbase
1708646400,1.267,1.29,1.226,1.253,1.2563333333333333,1068660.898,0,coinbase
1708732800,1.25,1.327,1.223,1.317,1.289,1384804.391,0,coinbase
1708819200,1.316,1.316,1.27,1.291,1.2923333333333333,1086119.471,0,coinbase
1708905600,1.293,1.35,1.239,1.336,1.3083333333333336,1909842.303,0,coinbase
1708992000,1.337,1.355,1.281,1.308,1.3146666666666667,1375856.289,0,coinbase
1709078400,1.307,1.36,1.167,1.289,1.272,3324009.332,0,coinbase
1709164800,1.29,1.373,1.253,1.287,1.3043333333333333,3040405.87,0,coinbase
1709251200,1.287,1.338,1.281,1.333,1.3173333333333332,2577703.659,0,coinbase
1709337600,1.333,1.434,1.305,1.427,1.3886666666666667,3190747.034,0,coinbase
1709424000,1.431,1.431,1.26,1.374,1.3549999999999998,2470540.745,0,coinbase
1709510400,1.378,1.419,1.271,1.336,1.3419999999999999,3060778.067,0,coinbase
1709596800,1.338,1.376,1.054,1.231,1.2203333333333333,5076672.006,0,coinbase
1709683200,1.231,1.328,1.178,1.316,1.274,3059771.663,0,coinbase
1709769600,1.315,1.368,1.286,1.338,1.3306666666666667,7867795.269,0,coinbase
1709856000,1.34,1.345,1.25,1.325,1.3066666666666666,4833777.256,0,coinbase
1709942400,1.326,1.378,1.308,1.36,1.3486666666666667,1878979.111,0,coinbase
1710028800,1.362,1.555,1.359,1.523,1.4789999999999999,6204538.267,0,coinbase
1710115200,1.524,1.721,1.379,1.623,1.5743333333333334,6899330.71,0,coinbase
1710201600,1.624,1.726,1.455,1.566,1.5823333333333334,5809462.47,0,coinbase
1710288000,1.566,1.571,1.466,1.524,1.5203333333333333,1998678.287,0,coinbase
1710374400,1.523,1.523,1.35,1.438,1.437,2423242.832,0,coinbase
1710460800,1.44,1.453,1.219,1.333,1.335,3662107.954,0,coinbase
1710547200,1.333,1.414,1.229,1.267,1.3033333333333332,2652168.864,0,coinbase
1710633600,1.271,1.341,1.2,1.322,1.2876666666666667,1808553.335,0,coinbase
1710720000,1.32,1.325,1.213,1.232,1.2566666666666668,981574.661,0,coinbase
1710806400,1.231,1.246,1.086,1.138,1.1566666666666665,3808268.996,0,coinbase
1710892800,1.144,1.254,1.073,1.24,1.189,2283192.875,0,coinbase
1710979200,1.237,1.283,1.194,1.225,1.234,958932.871,0,coinbase
1711065600,1.225,1.258,1.154,1.185,1.199,1068882.849,0,coinbase
1711152000,1.18,1.217,1.167,1.186,1.1900000000000002,1201125.351,0,coinbase
1711238400,1.185,1.243,1.181,1.233,1.219,771170.868,0,coinbase
1711324800,1.234,1.3,1.224,1.274,1.266,1522607.379,0,coinbase
1711411200,1.274,1.317,1.256,1.29,1.2876666666666667,1256885.153,0,coinbase
1711497600,1.291,1.325,1.237,1.263,1.2750000000000001,1686953.014,0,coinbase
1711584000,1.264,1.274,1.221,1.261,1.252,1072611.202,0,coinbase
1711670400,1.26,1.264,1.214,1.239,1.2389999999999999,785995.799,0,coinbase
1711756800,1.235,1.285,1.203,1.211,1.2329999999999999,705020.161,0,coinbase
1711843200,1.207,1.24,1.204,1.238,1.2273333333333334,405668.666,0,coinbase
1711929600,1.238,1.258,1.121,1.16,1.1796666666666666,1645153.221,0,coinbase
1712016000,1.16,1.16,1.035,1.047,1.0806666666666667,1645688.187,0,coinbase
1712102400,1.045,1.09,1.006,1.055,1.0503333333333333,1165985.353,0,coinbase
1712188800,1.053,1.118,1.029,1.089,1.0786666666666667,911179.003,0,coinbase
1712275200,1.087,1.088,1.009,1.047,1.048,4923403.722,0,coinbase
1712361600,1.047,1.091,1.04,1.082,1.071,1067799.757,0,coinbase
1712448000,1.081,1.11,1.076,1.093,1.093,840638.776,0,coinbase
1712534400,1.093,1.137,1.073,1.13,1.1133333333333333,2096677.315,0,coinbase
1712620800,1.131,1.134,1.05,1.054,1.0793333333333335,4165883.572,0,coinbase
1712707200,1.053,1.061,0.99,1.044,1.0316666666666667,3734605.643,0,coinbase
1712793600,1.044,1.054,1.015,1.027,1.032,1217279.72,0,coinbase
1712880000,1.027,1.049,0.737,0.854,0.88,4150655.788,0,coinbase
1712966400,0.853,0.853,0.629,0.739,0.7403333333333334,3626372.868,0,coinbase
1713052800,0.736,0.813,0.7,0.801,0.7713333333333333,3524430.459,0,coinbase
1713139200,0.8,0.835,0.734,0.757,0.7753333333333333,1852743.476,0,coinbase
1713225600,0.753,0.8,0.725,0.78,0.7683333333333332,1564967.618,0,coinbase
1713312000,0.775,0.795,0.733,0.767,0.765,1214338.144,0,coinbase
1713398400,0.766,0.804,0.742,0.787,0.7776666666666667,914114.711,0,coinbase
1713484800,0.787,0.822,0.723,0.799,0.7813333333333333,1326740.753,0,coinbase
1713571200,0.799,0.875,0.787,0.871,0.8443333333333333,661503.511,0,coinbase
1713657600,0.868,0.906,0.829,0.848,0.8609999999999999,757978.1,0,coinbase
1713744000,0.85,0.913,0.845,0.891,0.883,1358990.741,0,coinbase
1713830400,0.891,0.925,0.866,0.915,0.902,870939.556,0,coinbase
1713916800,0.914,0.972,0.86,0.871,0.9009999999999999,1429909.213,0,coinbase
1714003200,0.873,0.882,0.818,0.855,0.8516666666666666,1170607.126,0,coinbase
1714089600,0.855,0.861,0.82,0.827,0.836,814600.235,0,coinbase
1714176000,0.83,0.867,0.793,0.861,0.8403333333333333,737882.332,0,coinbase
1714262400,0.859,0.886,0.838,0.842,0.8553333333333333,567210.791,0,coinbase
1714348800,0.845,0.847,0.803,0.834,0.828,554912.983,0,coinbase
1714435200,0.832,0.847,0.755,0.793,0.7983333333333333,756097.073,0,coinbase
1714521600,0.793,0.816,0.732,0.798,0.782,1220469.148,0,coinbase
1714608000,0.796,0.82,0.765,0.807,0.7973333333333333,760874.473,0,coinbase
1714694400,0.806,0.864,0.797,0.847,0.836,764771.886,0,coinbase
1714780800,0.85,0.858,0.834,0.842,0.8446666666666666,646640.447,0,coinbase
1714867200,0.844,0.861,0.825,0.853,0.8463333333333333,726785.066,0,coinbase
1714953600,0.851,0.874,0.816,0.817,0.8356666666666666,896355.778,0,coinbase
1715040000,0.818,0.921,0.802,0.832,0.8516666666666667,1473497.826,0,coinbase
1715126400,0.832,0.833,0.787,0.796,0.8053333333333335,971621.503,0,coinbase
1715212800,0.795,0.841,0.785,0.835,0.8203333333333332,552879.933,0,coinbase
1715299200,0.835,0.847,0.78,0.788,0.805,1115370.336,0,coinbase
1715385600,0.788,0.83,0.782,0.794,0.802,693572.033,0,coinbase
1715472000,0.793,0.806,0.783,0.786,0.7916666666666666,487386.093,0,coinbase
1715558400,0.787,0.798,0.746,0.767,0.7703333333333333,864832.577,0,coinbase
1715644800,0.767,0.775,0.726,0.728,0.743,565522.324,0,coinbase
1715731200,0.728,0.81,0.72,0.8,0.7766666666666667,1411616.748,0,coinbase
1715817600,0.801,0.814,0.763,0.787,0.7879999999999999,1033612.789,0,coinbase
1715904000,0.789,0.844,0.783,0.804,0.8103333333333333,952253.742,0,coinbase
1715990400,0.803,0.815,0.792,0.808,0.805,532720.061,0,coinbase
1716076800,0.808,0.827,0.762,0.766,0.785,469213.776,0,coinbase
1716163200,0.766,0.85,0.752,0.849,0.8169999999999998,762138.597,0,coinbase
1716249600,0.848,0.871,0.813,0.832,0.8386666666666667,1346643.155,0,coinbase
1716336000,0.833,0.837,0.794,0.802,0.8109999999999999,959396.387,0,coinbase
1716422400,0.802,0.827,0.754,0.817,0.7993333333333332,1086969.432,0,coinbase
1716508800,0.819,0.855,0.792,0.832,0.8263333333333334,985676.685,0,coinbase
1716595200,0.833,0.878,0.82,0.873,0.8569999999999999,950318.615,0,coinbase
1716681600,0.872,0.88,0.846,0.858,0.8613333333333334,684254.227,0,coinbase
1716768000,0.859,0.898,0.856,0.874,0.876,808153.071,0,coinbase
1716854400,0.874,0.875,0.823,0.842,0.8466666666666667,1166404.052,0,coinbase
1716940800,0.844,0.872,0.832,0.84,0.848,701698.932,0,coinbase
1717027200,0.841,0.89,0.815,0.84,0.8483333333333333,1021831.538,0,coinbase
1717113600,0.84,0.87,0.814,0.854,0.846,692457.589,0,coinbase
1717200000,0.85,0.86,0.822,0.836,0.8393333333333333,304394.546,0,coinbase
1717286400,0.836,0.841,0.799,0.813,0.8176666666666668,720711.852,0,coinbase
1717372800,0.813,0.911,0.806,0.863,0.86,860035.745,0,coinbase
1717459200,0.862,0.881,0.823,0.857,0.8536666666666667,1003494.908,0,coinbase
1717545600,0.859,0.875,0.849,0.873,0.8656666666666667,375014.65,0,coinbase
1717632000,0.873,0.876,0.831,0.84,0.8489999999999999,315708.841,0,coinbase
1717718400,0.839,0.945,0.741,0.801,0.8290000000000001,1373761.376,0,coinbase
1717804800,0.797,0.807,0.734,0.744,0.7616666666666667,846486.744,0,coinbase
1717891200,0.744,0.754,0.724,0.751,0.743,458475.547,0,coinbase
1717977600,0.749,0.756,0.725,0.728,0.7363333333333332,326315.06,0,coinbase
1718064000,0.728,0.729,0.675,0.689,0.6976666666666667,877424.388,0,coinbase
1718150400,0.689,0.743,0.669,0.712,0.7079999999999999,594232.1,0,coinbase
1718236800,0.71,0.714,0.668,0.674,0.6853333333333333,420569.871,0,coinbase
1718323200,0.675,0.688,0.633,0.646,0.6556666666666667,436121.794,0,coinbase
1718409600,0.645,0.663,0.641,0.648,0.6506666666666666,281174.6,0,coinbase
1718496000,0.649,0.666,0.637,0.658,0.6536666666666666,486079.628,0,coinbase
1718582400,0.659,0.662,0.586,0.6,0.616,801819.021,0,coinbase
1718668800,0.6,0.602,0.52,0.549,0.5569999999999999,1538273.913,0,coinbase
1718755200,0.549,0.58,0.543,0.574,0.5656666666666667,585338.341,0,coinbase
1718841600,0.575,0.609,0.567,0.575,0.5836666666666667,656192.507,0,coinbase
1718928000,0.574,0.583,0.555,0.557,0.565,620014.136,0,coinbase
1719014400,0.556,0.558,0.545,0.546,0.5496666666666667,422161.274,0,coinbase
1719100800,0.546,0.561,0.52,0.524,0.535,691923.684,0,coinbase
1719187200,0.525,0.542,0.491,0.538,0.5236666666666666,1049259.863,0,coinbase
1719273600,0.537,0.558,0.537,0.55,0.5483333333333335,360547.587,0,coinbase
1719360000,0.55,0.555,0.519,0.523,0.5323333333333333,305811.387,0,coinbase
1719446400,0.523,0.545,0.511,0.528,0.528,815882.105,0,coinbase
1719532800,0.529,0.541,0.508,0.51,0.5196666666666666,288538.32,0,coinbase
1719619200,0.511,0.525,0.507,0.51,0.514,297091.056,0,coinbase
1719705600,0.51,0.541,0.504,0.54,0.5283333333333333,605916.317,0,coinbase
1719792000,0.539,0.557,0.531,0.541,0.543,606337.927,0,coinbase
1719878400,0.542,0.553,0.529,0.545,0.5423333333333334,537290.919,0,coinbase
1719964800,0.544,0.548,0.508,0.512,0.5226666666666667,722407.513,0,coinbase
1720051200,0.511,0.514,0.449,0.452,0.4716666666666667,2034183.608,0,coinbase
1720137600,0.453,0.459,0.395,0.452,0.43533333333333335,2950081.464,0,coinbase
1720224000,0.451,0.492,0.445,0.486,0.47433333333333333,693909.413,0,coinbase
1720310400,0.486,0.486,0.451,0.454,0.46366666666666667,500648.324,0,coinbase
1720396800,0.455,0.495,0.436,0.469,0.4666666666666666,879275.321,0,coinbase
1720483200,0.469,0.494,0.466,0.491,0.4836666666666667,1300930.735,0,coinbase
1720569600,0.491,0.515,0.484,0.497,0.49866666666666665,589933.6,0,coinbase
1720656000,0.497,0.51,0.476,0.479,0.4883333333333333,583460.321,0,coinbase
1720742400,0.48,0.496,0.472,0.488,0.48533333333333334,614142.811,0,coinbase
1720828800,0.488,0.507,0.485,0.499,0.49700000000000005,734126.512,0,coinbase
1720915200,0.499,0.522,0.499,0.517,0.5126666666666666,509997.101,0,coinbase
1721001600,0.517,0.541,0.515,0.54,0.532,698219.391,0,coinbase
1721088000,0.54,0.55,0.514,0.543,0.5356666666666667,810999.902,0,coinbase
1721174400,0.542,0.576,0.542,0.551,0.5563333333333333,1307735.443,0,coinbase
1721260800,0.552,0.564,0.521,0.531,0.5386666666666667,662543.036,0,coinbase
1721347200,0.532,0.564,0.518,0.562,0.5479999999999999,662766.641,0,coinbase
1721433600,0.562,0.577,0.554,0.575,0.5686666666666667,654015.459,0,coinbase
1721520000,0.575,0.581,0.545,0.578,0.568,490220.598,0,coinbase
1721606400,0.577,0.595,0.557,0.561,0.5710000000000001,1128462.234,0,coinbase
1721692800,0.561,0.573,0.514,0.52,0.5356666666666666,1335238.362,0,coinbase
1721779200,0.52,0.535,0.501,0.511,0.5156666666666667,1738450.691,0,coinbase
1721865600,0.512,0.513,0.478,0.496,0.4956666666666667,1603595.713,0,coinbase
1721952000,0.495,0.524,0.493,0.522,0.513,1119856.461,0,coinbase
1722038400,0.523,0.531,0.507,0.519,0.519,777849.17,0,coinbase
1722124800,0.52,0.523,0.502,0.507,0.5106666666666667,522952.694,0,coinbase
1722211200,0.507,0.532,0.507,0.51,0.5163333333333334,795915.852,0,coinbase
1722297600,0.51,0.523,0.489,0.496,0.5026666666666667,1705056.342,0,coinbase
1722384000,0.496,0.506,0.483,0.484,0.49099999999999994,1539936.175,0,coinbase
1722470400,0.485,0.488,0.445,0.477,0.47000000000000003,988333.115,0,coinbase
1722556800,0.476,0.479,0.438,0.441,0.4526666666666667,1698900.896,0,coinbase
1722643200,0.44,0.447,0.403,0.417,0.4223333333333334,1755330.279,0,coinbase
1722729600,0.416,0.426,0.378,0.394,0.3993333333333333,1614261.093,0,coinbase
1722816000,0.395,0.402,0.33,0.381,0.371,3945775.559,0,coinbase
1722902400,0.38,0.407,0.38,0.396,0.39433333333333326,2927510.629,0,coinbase
1722988800,0.396,0.41,0.377,0.381,0.3893333333333333,4838133.249,0,coinbase
1723075200,0.381,0.436,0.375,0.434,0.415,2160374.751,0,coinbase
1723161600,0.432,0.432,0.414,0.426,0.424,1346209.031,0,coinbase
1723248000,0.426,0.453,0.421,0.445,0.43966666666666665,2292643.473,0,coinbase
1723334400,0.444,0.448,0.407,0.408,0.421,1494343.351,0,coinbase
1723420800,0.408,0.447,0.408,0.439,0.43133333333333335,2717676.045,0,coinbase
1723507200,0.438,0.453,0.425,0.45,0.4426666666666667,1897131.245,0,coinbase
1723593600,0.449,0.449,0.426,0.43,0.435,1517595.533,0,coinbase
1723680000,0.429,0.441,0.413,0.42,0.4246666666666667,1585465.738,0,coinbase
1723766400,0.419,0.424,0.402,0.412,0.4126666666666667,2867626.561,0,coinbase
1723852800,0.412,0.424,0.41,0.424,0.41933333333333334,576046.358,0,coinbase
1723939200,0.424,0.433,0.416,0.421,0.42333333333333334,1242750.562,0,coinbase
1724025600,0.422,0.431,0.417,0.43,0.426,2112213.542,0,coinbase
1724112000,0.43,0.447,0.424,0.432,0.4343333333333333,1127090.633,0,coinbase
1724198400,0.433,0.464,0.431,0.46,0.45166666666666666,1230160.528,0,coinbase
1724284800,0.461,0.474,0.458,0.464,0.4653333333333333,1417579.32,0,coinbase
1724371200,0.464,0.51,0.463,0.505,0.49266666666666675,2032877.014,0,coinbase
1724457600,0.505,0.521,0.5,0.508,0.5096666666666666,540716.54,0,coinbase
1724544000,0.508,0.51,0.486,0.497,0.49766666666666665,611241.102,0,coinbase
1724630400,0.498,0.503,0.469,0.47,0.48066666666666663,1467940.286,0,coinbase
1724716800,0.47,0.492,0.448,0.458,0.46599999999999997,2147132.164,0,coinbase
1724803200,0.458,0.464,0.434,0.448,0.4486666666666667,1388077.987,0,coinbase
1724889600,0.447,0.464,0.436,0.442,0.44733333333333336,1211556.953,0,coinbase
1724976000,0.441,0.455,0.426,0.454,0.445,1693978.951,0,coinbase
1725062400,0.454,0.456,0.429,0.432,0.439,987223.828,0,coinbase
1725148800,0.432,0.445,0.406,0.41,0.4203333333333333,1392150.607,0,coinbase
1725235200,0.409,0.441,0.408,0.439,0.42933333333333334,1803446.509,0,coinbase
1725321600,0.438,0.448,0.412,0.412,0.424,1507806.968,0,coinbase
1725408000,0.413,0.434,0.393,0.426,0.41766666666666663,1529149.568,0,coinbase
1725494400,0.426,0.431,0.407,0.411,0.4163333333333333,2292545.268,0,coinbase
1725580800,0.411,0.42,0.383,0.397,0.39999999999999997,1356671.67,0,coinbase
1725667200,0.397,0.413,0.394,0.4,0.40233333333333327,1177555.411,0,coinbase
1725753600,0.4,0.417,0.397,0.409,0.4076666666666667,1559343.237,0,coinbase
1725840000,0.41,0.429,0.405,0.421,0.4183333333333334,1662509.484,0,coinbase
1725926400,0.421,0.427,0.415,0.422,0.42133333333333334,1662474.158,0,coinbase
1726012800,0.422,0.424,0.401,0.414,0.413,2197479.943,0,coinbase
1726099200,0.414,0.433,0.414,0.43,0.42566666666666664,1601768.887,0,coinbase
1726185600,0.43,0.449,0.422,0.444,0.4383333333333333,1150949.592,0,coinbase
1726272000,0.444,0.445,0.433,0.437,0.4383333333333333,618825.287,0,coinbase
1726358400,0.437,0.443,0.417,0.42,0.4266666666666667,799686.173,0,coinbase
1726444800,0.42,0.424,0.41,0.414,0.416,1729527.412,0,coinbase
1726531200,0.414,0.432,0.409,0.423,0.42133333333333334,1300060.144,0,coinbase
1726617600,0.423,0.442,0.408,0.441,0.4303333333333333,2222514.74,0,coinbase
1726704000,0.442,0.488,0.442,0.462,0.46399999999999997,2103019.691,0,coinbase
1726790400,0.463,0.497,0.463,0.487,0.48233333333333334,1662437.366,0,coinbase
1726876800,0.487,0.503,0.477,0.498,0.49266666666666664,1592517.728,0,coinbase
1726963200,0.498,0.512,0.469,0.481,0.48733333333333334,1037377.958,0,coinbase
1727049600,0.481,0.498,0.472,0.49,0.48666666666666664,2545755.589,0,coinbase
1727136000,0.49,0.539,0.481,0.532,0.5173333333333333,2802518.995,0,coinbase
1727222400,0.532,0.569,0.531,0.534,0.5446666666666667,3263733.013,0,coinbase
1727308800,0.534,0.556,0.519,0.548,0.541,1617814.148,0,coinbase
1727395200,0.548,0.562,0.54,0.551,0.551,1337264.788,0,coinbase
1727481600,0.55,0.552,0.525,0.543,0.54,649296.301,0,coinbase
1727568000,0.543,0.644,0.531,0.613,0.596,5123167.954,0,coinbase
1727654400,0.613,0.62,0.551,0.557,0.5760000000000001,3356231.593,0,coinbase
1727740800,0.557,0.596,0.498,0.513,0.5356666666666666,3861110.784,0,coinbase
1727827200,0.513,0.56,0.496,0.508,0.5213333333333333,2911523.385,0,coinbase
1727913600,0.508,0.522,0.471,0.488,0.49366666666666664,3510378.279,0,coinbase
1728000000,0.487,0.532,0.482,0.52,0.5113333333333333,2796049.933,0,coinbase
1728086400,0.52,0.539,0.508,0.519,0.5220000000000001,2725619.502,0,coinbase
1728172800,0.518,0.538,0.514,0.532,0.528,977823.327,0,coinbase
1728259200,0.531,0.556,0.521,0.529,0.5353333333333333,3109284.479,0,coinbase
1728345600,0.53,0.542,0.517,0.523,0.5273333333333334,2166807.71,0,coinbase
1728432000,0.522,0.529,0.482,0.491,0.5006666666666667,2169089.36,0,coinbase
1728518400,0.49,0.506,0.477,0.496,0.49300000000000005,2038295.3,0,coinbase
1728604800,0.495,0.523,0.49,0.513,0.5086666666666666,1564271.137,0,coinbase
1728691200,0.514,0.541,0.514,0.537,0.5306666666666667,2018532.195,0,coinbase
1728777600,0.537,0.6,0.537,0.576,0.5710000000000001,5931152.978,0,coinbase
1728864000,0.576,0.618,0.569,0.591,0.5926666666666666,3272958.716,0,coinbase
1728950400,0.592,0.592,0.551,0.573,0.572,3864501.064,0,coinbase
1729036800,0.573,0.578,0.555,0.571,0.568,1158841.986,0,coinbase
1729123200,0.578,0.582,0.551,0.555,0.56371,372877.52922467,601,kraken
1729209600,0.559,0.572,0.555,0.57,0.56586,120935.29807603,316,kraken
1729296000,0.569,0.581,0.566,0.575,0.57526,174058.29850818,455,kraken
1729382400,0.579,0.621,0.566,0.612,0.60568,572307.95731885,1185,kraken
1729468800,0.611,0.669,0.599,0.609,0.6355,1510707.23497668,2425,kraken
1729555200,0.608,0.614,0.567,0.578,0.58685,478478.00733479,942,kraken
1729641600,0.581,0.581,0.542,0.553,0.55688,257690.31444233,577,kraken
1729728000,0.551,0.571,0.544,0.564,0.55929,604805.60250379,881,kraken
1729814400,0.564,0.564,0.489,0.506,0.53981,683988.97739607,868,kraken
1729900800,0.502,0.515,0.498,0.514,0.51055,206089.14178032,358,kraken
1729987200,0.514,0.532,0.512,0.527,0.52112,91942.75485974,279,kraken
1730073600,0.527,0.533,0.502,0.525,0.51008,295937.73898014,562,kraken
1730160000,0.523,0.552,0.523,0.549,0.53805,547690.0639277,515,kraken
1730246400,0.549,0.561,0.54,0.558,0.55363,148886.130937,362,kraken
1730332800,0.555,0.555,0.522,0.524,0.533,246573.9287105,363,kraken
1730419200,0.524,0.535,0.506,0.512,0.51765,344817.65838788,553,kraken
1730505600,0.515,0.518,0.491,0.492,0.49983,45917.96927917,185,kraken
1730592000,0.495,0.495,0.456,0.473,0.47172,182222.65001098,425,kraken
1730678400,0.469,0.476,0.445,0.453,0.46049,118942.95859198,275,kraken
1730764800,0.454,0.485,0.451,0.481,0.47075,132625.18694597,361,kraken
1730851200,0.481,0.541,0.481,0.532,0.51735,833636.06848242,1085,kraken
1730937600,0.529,0.549,0.515,0.535,0.52983,563548.21869972,810,kraken
1731024000,0.539,0.546,0.517,0.534,0.53115,218074.86456977,401,kraken
1731110400,0.537,0.575,0.529,0.573,0.54821,568925.62621427,797,kraken
1731196800,0.57,0.643,0.553,0.597,0.59737,1719904.30918935,2150,kraken
1731283200,0.596,0.651,0.592,0.65,0.63031,2857043.85508379,2929,kraken
1731369600,0.649,0.677,0.599,0.657,0.64675,2913739.8276882,4018,kraken
1731456000,0.657,0.681,0.592,0.654,0.64325,1966887.59273842,3393,kraken
1731542400,0.655,0.668,0.596,0.603,0.64539,1047732.85678182,1987,kraken
1731628800,0.603,0.639,0.582,0.631,0.6169,719579.04430587,1149,kraken
1731715200,0.63,0.721,0.625,0.704,0.67185,1400534.41162823,2305,kraken
1731801600,0.698,0.703,0.628,0.642,0.67298,622627.96918185,1379,kraken
1731888000,0.641,0.714,0.641,0.701,0.68001,1122254.94003369,2119,kraken
1731974400,0.695,0.702,0.652,0.668,0.67591,917942.09440546,1283,kraken
1732060800,0.667,0.672,0.623,0.636,0.65003,430333.71809038,627,kraken
1732147200,0.639,0.678,0.615,0.666,0.65916,351046.1590634,600,kraken
1732233600,0.664,0.698,0.649,0.698,0.668,1163671.85885725,1561,kraken
1732320000,0.695,0.754,0.694,0.731,0.72808,854671.29709507,1925,kraken
1732406400,0.738,0.791,0.677,0.78,0.73516,880524.34264547,2204,kraken
1732492800,0.772,0.805,0.715,0.736,0.75959,767437.08834668,1644,kraken
1732579200,0.735,0.825,0.71,0.763,0.75678,799470.32816614,1848,kraken
1732665600,0.76,0.798,0.726,0.794,0.76183,513382.38191891,1130,kraken
1732752000,0.793,0.803,0.746,0.777,0.77733,298033.20672204,591,kraken
1732838400,0.777,0.815,0.749,0.804,0.77908,332637.35646692,893,kraken
1732924800,0.8,0.874,0.797,0.855,0.85179,1282109.60301903,2542,kraken
1733011200,0.854,0.896,0.825,0.863,0.86129,446286.64274643,1126,kraken
1733097600,0.863,0.878,0.771,0.87,0.82112,1139286.0134071,2430,kraken
1733184000,0.868,0.92,0.797,0.902,0.86457,1357809.06161664,2903,kraken
1733270400,0.9,0.952,0.867,0.904,0.91589,1103744.25026352,2202,kraken
1733356800,0.908,0.927,0.851,0.879,0.8932,584048.28620236,1303,kraken
1733443200,0.876,1.048,0.872,1.005,0.95949,1311806.87946343,3024,kraken
1733529600,1.0,1.0,0.934,0.948,0.96259,558859.42475727,1227,kraken
1733616000,0.947,0.952,0.906,0.939,0.93061,366482.38317288,1056,kraken
1733702400,0.933,0.935,0.69,0.78,0.80691,1421426.99633337,3418,kraken
1733788800,0.778,0.793,0.684,0.754,0.73753,835349.06741516,1788,kraken
1733875200,0.751,0.811,0.717,0.795,0.76497,584945.02522944,1516,kraken
1733961600,0.793,0.846,0.793,0.8,0.82255,621415.14385616,1476,kraken
1734048000,0.808,0.846,0.775,0.828,0.79342,546258.63989052,1055,kraken
1734134400,0.824,0.878,0.787,0.825,0.83229,541130.39613354,1652,kraken
1734220800,0.831,0.85,0.791,0.845,0.82656,243521.29782862,906,kraken
1734307200,0.844,0.864,0.793,0.813,0.8254,309389.83155705,1037,kraken
1734393600,0.809,0.809,0.743,0.754,0.78235,160833.16466321,665,kraken
1734480000,0.755,0.76,0.678,0.685,0.72785,442996.49807634,1120,kraken
1734566400,0.681,0.694,0.598,0.616,0.64487,943861.81671618,1871,kraken
1734652800,0.613,0.64,0.535,0.629,0.57344,1770310.57231263,1878,kraken
1734739200,0.632,0.673,0.586,0.597,0.6105,946655.38813637,1118,kraken
1734825600,0.593,0.62,0.579,0.594,0.59983,178194.47484825,504,kraken
1734912000,0.597,0.638,0.582,0.63,0.61274,243407.89766492,635,kraken
1734998400,0.632,0.66,0.614,0.651,0.63932,177599.29480715,413,kraken
1735084800,0.649,0.655,0.624,0.633,0.64465,93896.08956829,291,kraken
1735171200,0.632,0.639,0.582,0.59,0.59482,102988.13707388,367,kraken
1735257600,0.593,0.626,0.586,0.594,0.60082,125672.8142919,437,kraken
1735344000,0.595,0.624,0.591,0.619,0.6089,35293.54802854,390,kraken
1735430400,0.618,0.624,0.585,0.591,0.60034,138542.24096389,410,kraken
1735516800,0.59,0.611,0.57,0.583,0.59276,619051.13524589,867,kraken
1735603200,0.583,0.598,0.568,0.572,0.58255,77200.02522143,424,kraken
1735689600,0.573,0.602,0.564,0.599,0.58578,577052.13080625,793,kraken
1735776000,0.599,0.627,0.599,0.614,0.61708,251355.18938001,677,kraken
1735862400,0.616,0.658,0.609,0.654,0.64421,486560.77763246,979,kraken
1735948800,0.655,0.669,0.645,0.657,0.65626,217957.56081147,569,kraken
1736035200,0.656,0.657,0.636,0.653,0.64484,369131.78654614,588,kraken
1736121600,0.654,0.678,0.64,0.663,0.65573,380191.63926671,902,kraken
1736208000,0.659,0.665,0.594,0.6,0.61198,594899.11095742,941,kraken
1736294400,0.598,0.603,0.54,0.576,0.57375,342833.18850008,741,kraken
1736380800,0.575,0.585,0.546,0.561,0.56469,163039.88624943,503,kraken
1736467200,0.562,0.578,0.551,0.573,0.56842,164423.29973336,480,kraken
1736553600,0.572,0.578,0.56,0.571,0.56674,73630.34925114,272,kraken
1736640000,0.571,0.575,0.553,0.56,0.56158,77939.61540291,251,kraken
1736726400,0.563,0.573,0.5,0.544,0.52256,694931.47222849,1178,kraken
1736812800,0.541,0.564,0.538,0.562,0.55077,130819.72729617,435,kraken
1736899200,0.564,0.597,0.549,0.596,0.57377,260124.51135968,703,kraken
1736985600,0.597,0.597,0.571,0.581,0.58706,328525.00771342,613,kraken
1737072000,0.584,0.62,0.584,0.617,0.60736,161910.19367052,557,kraken
1737158400,0.617,0.622,0.559,0.573,0.57352,228904.71942223,557,kraken
1737244800,0.571,0.587,0.501,0.51,0.5409,743344.00126365,1352,kraken
1737331200,0.51,0.554,0.471,0.504,0.50702,996223.46238312,1456,kraken
1737417600,0.502,0.534,0.48,0.516,0.50827,683672.98418687,953,kraken
1737504000,0.519,0.521,0.5,0.501,0.50688,199792.66247019,425,kraken
1737590400,0.502,0.516,0.487,0.502,0.49822,443843.44542159,616,kraken
1737676800,0.505,0.513,0.482,0.484,0.49171,235181.92887294,361,kraken
1737763200,0.485,0.493,0.479,0.488,0.48834,152388.9494543,245,kraken
1737849600,0.49,0.508,0.485,0.486,0.50109,142140.53534314,287,kraken
1737936000,0.484,0.485,0.438,0.468,0.46164,583964.98348724,936,kraken
1738022400,0.47,0.475,0.436,0.439,0.45271,179537.46758675,425,kraken
1738108800,0.44,0.466,0.439,0.451,0.45407,290853.32333691,452,kraken
1738195200,0.452,0.477,0.447,0.466,0.47068,431832.98241581,629,kraken
1738281600,0.466,0.484,0.457,0.464,0.47096,235532.45952938,480,kraken
1738368000,0.462,0.471,0.411,0.427,0.44368,198723.39041459,606,kraken
1738454400,0.427,0.434,0.355,0.375,0.3827,1101257.5552385,1555,kraken
1738540800,0.369,0.382,0.281,0.377,0.33587,1311229.04050252,2859,kraken
1738627200,0.379,0.38,0.336,0.351,0.35098,488389.36966704,920,kraken
1738713600,0.349,0.359,0.336,0.337,0.34843,117941.21943828,254,kraken
1738800000,0.341,0.349,0.322,0.323,0.33737,223308.89867833,324,kraken
1738886400,0.325,0.354,0.319,0.331,0.3358,233400.71877049,384,kraken
1738972800,0.329,0.347,0.325,0.346,0.33596,60286.10360025,194,kraken
1739059200,0.345,0.358,0.332,0.351,0.34645,140390.63194625,277,kraken
1739145600,0.352,0.365,0.338,0.35,0.35967,495910.9991635,729,kraken
1739232000,0.353,0.367,0.341,0.346,0.35806,161608.55026252,289,kraken
1739318400,0.346,0.372,0.339,0.368,0.35782,533484.5991526,1261,kraken
1739404800,0.369,0.378,0.35,0.354,0.36014,88581.00602662,290,kraken
1739491200,0.356,0.371,0.353,0.359,0.3639,270823.4194179,504,kraken
1739577600,0.36,0.366,0.344,0.35,0.35309,226960.02935586,304,kraken
1739664000,0.352,0.362,0.344,0.351,0.35361,303097.51803305,300,kraken
1739750400,0.353,0.363,0.344,0.355,0.35247,522038.13333741,491,kraken
1739836800,0.352,0.353,0.323,0.332,0.3331,479361.47683567,478,kraken
1739923200,0.334,0.344,0.328,0.343,0.34123,243916.34140903,302,kraken
1740009600,0.344,0.359,0.343,0.358,0.35062,391735.66881993,403,kraken
1740096000,0.359,0.388,0.343,0.349,0.3653,1193201.20892204,1297,kraken
1740182400,0.349,0.365,0.349,0.364,0.36011,428279.80098861,844,kraken
1740268800,0.363,0.37,0.353,0.358,0.35935,63384.82339096,196,kraken
1740355200,0.358,0.362,0.307,0.311,0.32555,569631.29524818,837,kraken
1740441600,0.313,0.315,0.285,0.31,0.30327,785324.96409808,1007,kraken
1740528000,0.309,0.319,0.298,0.308,0.30674,321867.83633801,435,kraken
1740614400,0.313,0.326,0.308,0.315,0.31754,222829.90207628,273,kraken
1740700800,0.317,0.34,0.289,0.321,0.31132,349322.41790612,689,kraken
1740787200,0.321,0.324,0.307,0.314,0.31326,163964.03256655,238,kraken
1740873600,0.312,0.343,0.307,0.343,0.33049,394264.3511544,387,kraken
1740960000,0.34,0.343,0.287,0.293,0.31406,225857.26027611,436,kraken
1741046400,0.292,0.292,0.265,0.286,0.28046,249668.4892418,540,kraken
1741132800,0.288,0.301,0.284,0.301,0.29451,259038.72154976,248,kraken
1741219200,0.3,0.305,0.289,0.292,0.2982,256480.32462282,235,kraken
1741305600,0.291,0.3,0.276,0.289,0.28953,298793.91635713,376,kraken
1741392000,0.288,0.291,0.279,0.282,0.28451,150522.07958809,199,kraken
1741478400,0.283,0.284,0.252,0.255,0.267,255776.06833084,393,kraken
1741564800,0.255,0.271,0.236,0.243,0.25568,468390.20777851,531,kraken
1741651200,0.243,0.258,0.225,0.251,0.24038,677260.83990809,792,kraken
1741737600,0.253,0.264,0.245,0.253,0.25343,353176.54958951,320,kraken
1741824000,0.256,0.259,0.243,0.251,0.25011,208176.2670067,304,kraken
1741910400,0.252,0.264,0.252,0.26,0.25897,135465.9357656,217,kraken
1741996800,0.26,0.271,0.258,0.269,0.26318,177149.81177406,262,kraken
1742083200,0.268,0.269,0.254,0.255,0.26324,212611.6291979,274,kraken
1742169600,0.256,0.271,0.256,0.269,0.26283,130204.41393975,264,kraken
1742256000,0.267,0.267,0.254,0.262,0.25736,225105.05627998,231,kraken
1742342400,0.264,0.275,0.262,0.273,0.26788,148165.35480093,239,kraken
1742428800,0.273,0.273,0.259,0.262,0.26238,215657.18172307,251,kraken
1742515200,0.262,0.264,0.255,0.258,0.25911,50512.78394723,152,kraken
1742601600,0.259,0.271,0.259,0.265,0.26728,104503.85178569,223,kraken
1742688000,0.266,0.279,0.265,0.269,0.27156,118393.02690221,228,kraken
1742774400,0.27,0.281,0.266,0.279,0.27919,197320.82332907,259,kraken
1742860800,0.28,0.287,0.278,0.281,0.28144,68209.12782867,234,kraken
1742947200,0.281,0.288,0.274,0.278,0.28116,157760.61642574,230,kraken
1743033600,0.278,0.283,0.272,0.277,0.27709,65402.7095611,150,kraken
1743120000,0.273,0.276,0.25,0.258,0.25859,203585.98057445,305,kraken
1743206400,0.259,0.26,0.228,0.244,0.24721,1037240.08468664,659,kraken
1743292800,0.244,0.249,0.239,0.242,0.24349,90362.68101858,150,kraken
1743379200,0.24,0.245,0.234,0.238,0.23884,447749.62882608,433,kraken
1743465600,0.239,0.249,0.238,0.242,0.24232,209473.85211144,259,kraken
1743552000,0.242,0.245,0.223,0.227,0.23689,408549.06817521,564,kraken
1743638400,0.228,0.232,0.217,0.231,0.22331,522601.84670243,481,kraken
1743724800,0.231,0.236,0.224,0.233,0.2314,704422.9821534,522,kraken
1743811200,0.232,0.234,0.225,0.228,0.22734,149320.52652901,202,kraken
1743897600,0.227,0.23,0.198,0.202,0.20918,513587.86497781,777,kraken
1743984000,0.203,0.213,0.183,0.203,0.19376,1117853.05466617,914,kraken
1744070400,0.203,0.209,0.191,0.192,0.19599,206489.64109209,249,kraken
1744156800,0.191,0.214,0.184,0.211,0.19993,286850.38312465,405,kraken
1744243200,0.21,0.212,0.2,0.207,0.20878,274549.98337907,316,kraken
1744329600,0.207,0.214,0.206,0.213,0.2103,187341.30740223,266,kraken
1744416000,0.212,0.224,0.21,0.224,0.21961,194300.75901392,304,kraken
1744502400,0.225,0.225,0.204,0.206,0.21381,139410.34597279,265,kraken
1744588800,0.208,0.215,0.206,0.21,0.20899,118851.03931787,240,kraken
1744675200,0.208,0.214,0.204,0.205,0.20813,229525.15959482,312,kraken
1744761600,0.205,0.208,0.196,0.197,0.20155,286753.77507758,335,kraken
1744848000,0.198,0.204,0.196,0.2,0.19973,175912.40617758,241,kraken
1744934400,0.201,0.212,0.2,0.207,0.20729,187370.29394025,245,kraken
1745020800,0.208,0.215,0.208,0.215,0.21218,194681.9020795,201,kraken
1745107200,0.213,0.22,0.21,0.217,0.21551,429772.98499395,300,kraken
1745193600,0.217,0.224,0.215,0.216,0.21937,352443.26119331,354,kraken
1745280000,0.216,0.237,0.214,0.235,0.22358,527439.38672309,498,kraken
1745366400,0.236,0.247,0.235,0.24,0.24136,812121.07238426,912,kraken
1745452800,0.24,0.247,0.231,0.246,0.24116,278182.86464765,410,kraken
1745539200,0.245,0.255,0.244,0.251,0.24974,337697.43061509,421,kraken
1745625600,0.251,0.26,0.249,0.252,0.25423,196734.18928031,258,kraken
1745712000,0.253,0.254,0.239,0.239,0.24499,99958.31149088,184,kraken
1745798400,0.239,0.25,0.233,0.243,0.23902,170838.43303409,245,kraken
1745884800,0.245,0.249,0.235,0.237,0.24323,128192.75736316,175,kraken
1745971200,0.238,0.244,0.229,0.235,0.23596,742049.36673475,732,kraken
1746057600,0.237,0.245,0.235,0.24,0.24093,178332.06652634,309,kraken
1746144000,0.239,0.244,0.237,0.241,0.24088,48961.64026976,168,kraken
1746230400,0.242,0.242,0.224,0.228,0.2286,73381.6507347,261,kraken
1746316800,0.227,0.228,0.219,0.222,0.22227,75774.51455789,218,kraken
1746403200,0.223,0.229,0.219,0.225,0.22343,216958.45851676,233,kraken
1746489600,0.225,0.226,0.212,0.219,0.21799,278801.72661954,308,kraken
1746576000,0.22,0.223,0.213,0.222,0.21778,306883.93025763,247,kraken
1746662400,0.221,0.2458,0.221,0.2433,0.23751,946766.10364647,573,kraken
1746748800,0.2433,0.2639,0.2426,0.2624,0.25527,667771.87596098,914,kraken
1746835200,0.264,0.2976,0.2611,0.2941,0.27854,259401.44677925,685,kraken
1746921600,0.2933,0.313,0.277,0.2917,0.29369,749600.04485871,1446,kraken
1747008000,0.2921,0.301,0.2717,0.2894,0.29243,267052.54729008,560,kraken
1747094400,0.2875,0.3005,0.2707,0.298,0.28872,975329.74024631,1157,kraken
1747180800,0.296,0.2981,0.278,0.2793,0.28608,108391.83208806,374,kraken
1747267200,0.2824,0.2824,0.2548,0.2612,0.26414,267057.34340492,548,kraken
1747353600,0.2615,0.2679,0.252,0.2559,0.26233,144489.63857084,258,kraken
1747440000,0.2539,0.2541,0.2448,0.2472,0.24917,147135.0293594,341,kraken
1747526400,0.2476,0.2646,0.243,0.261,0.25295,179161.66751502,436,kraken
1747612800,0.2591,0.2591,0.241,0.2495,0.24671,222057.83355743,424,kraken
1747699200,0.2509,0.2552,0.2427,0.2534,0.25027,169329.47861334,292,kraken
1747785600,0.2538,0.2594,0.246,0.2556,0.25247,446919.23107481,538,kraken
1747872000,0.2547,0.2739,0.2547,0.2692,0.26723,1869908.69914049,1534,kraken
1747958400,0.269,0.2772,0.2486,0.2499,0.26344,1927522.45167262,2776,kraken
1748044800,0.2512,0.257,0.248,0.2497,0.25233,156885.33796026,232,kraken
1748131200,0.2499,0.2509,0.2382,0.2509,0.24677,257544.85249123,271,kraken
1748217600,0.251,0.254,0.243,0.2461,0.24877,234630.0471013,280,kraken
1748304000,0.2466,0.2547,0.2417,0.2494,0.24964,130811.93453327,324,kraken
1748390400,0.2492,0.2554,0.2412,0.248,0.24828,217391.46946687,528,kraken
1748476800,0.2488,0.2551,0.2384,0.2384,0.24502,187430.82826266,424,kraken
1748563200,0.2394,0.2401,0.2101,0.2119,0.22798,3631382.89624409,2677,kraken
1748649600,0.2117,0.2151,0.203,0.2124,0.20896,227350.05426251,597,kraken
1748736000,0.2118,0.2149,0.205,0.2127,0.21233,271920.87479576,416,kraken
1748822400,0.2127,0.2166,0.2073,0.2164,0.21152,168528.14789155,315,kraken
1748908800,0.217,0.2208,0.2138,0.2156,0.21681,274889.16515882,412,kraken
1748995200,0.2159,0.2193,0.2085,0.2093,0.21317,87691.58967557,238,kraken
1749081600,0.2093,0.2106,0.189,0.1927,0.20016,468713.03865611,866,kraken
1749168000,0.1915,0.2002,0.1915,0.1956,0.19646,154601.60258496,380,kraken
1749254400,0.197,0.2038,0.197,0.2023,0.20137,263369.73989885,315,kraken
1749340800,0.202,0.2049,0.1996,0.2012,0.20172,198415.64745333,293,kraken
1749427200,0.2019,0.208,0.1987,0.208,0.20415,204029.01859451,430,kraken
1749513600,0.2081,0.2172,0.2047,0.2157,0.21257,286910.43928819,457,kraken
1749600000,0.2165,0.2214,0.2075,0.209,0.21681,279039.81537243,469,kraken
1749686400,0.2073,0.2079,0.1937,0.1942,0.19952,235429.34543005,358,kraken
1749772800,0.1933,0.1933,0.1768,0.1844,0.18279,474777.80447757,666,kraken
1749859200,0.1843,0.1859,0.18,0.1843,0.18329,285921.59321788,320,kraken
1749945600,0.1843,0.1852,0.1787,0.1813,0.18376,122909.1572118,221,kraken
1750032000,0.181,0.189,0.1797,0.18,0.18659,302145.49734846,378,kraken
1750118400,0.18,0.1823,0.17,0.1737,0.17482,394046.6364352,576,kraken
1750204800,0.1728,0.1767,0.167,0.1754,0.17257,425801.14357186,421,kraken
1750291200,0.1752,0.1765,0.1696,0.1729,0.17226,223847.94235799,433,kraken
1750377600,0.1735,0.1782,0.1627,0.1683,0.168,604109.63856024,565,kraken
1750464000,0.1684,0.1755,0.1564,0.1604,0.16415,374143.17558008,468,kraken
1750550400,0.1607,0.1623,0.1458,0.1545,0.15296,1101045.24048651,737,kraken
1750636800,0.155,0.1709,0.154,0.1707,0.15984,565240.17764723,441,kraken
1750723200,0.1704,0.1786,0.1695,0.1786,0.17284,172075.62511254,248,kraken
1750809600,0.1779,0.1808,0.1717,0.1721,0.17603,982192.97014893,797,kraken
1750896000,0.1719,0.1767,0.1637,0.1666,0.16847,332923.70018327,400,kraken
1750982400,0.1661,0.1697,0.1637,0.1692,0.16676,280032.04803656,298,kraken
1751068800,0.1693,0.174,0.1669,0.172,0.17167,596511.27013672,410,kraken
1751155200,0.172,0.1817,0.1694,0.1815,0.17378,149731.35162381,172,kraken
1751241600,0.181,0.181,0.169,0.1702,0.17232,129798.45516582,222,kraken
1751328000,0.17,0.1702,0.1616,0.1626,0.16484,197372.13168846,287,kraken
1751414400,0.163,0.1802,0.1609,0.1769,0.17379,198799.52411468,294,kraken
1751500800,0.1769,0.1848,0.1757,0.1774,0.18004,268382.51006717,345,kraken
1751587200,0.1774,0.1782,0.1653,0.1677,0.17021,106569.91026937,225,kraken
1751673600,0.1686,0.1691,0.162,0.1678,0.1663,490412.78142098,291,kraken
1751760000,0.1677,0.172,0.1657,0.1694,0.16834,95367.96008046,151,kraken
1751846400,0.1693,0.1709,0.1645,0.1663,0.1672,413518.33070351,488,kraken
1751932800,0.1661,0.1725,0.1637,0.1708,0.16826,160869.20502857,236,kraken
1752019200,0.1708,0.1814,0.1684,0.1796,0.17656,296394.78192989,492,kraken
1752105600,0.1803,0.1929,0.1773,0.1924,0.18573,377509.07882809,486,kraken
1752192000,0.1916,0.2023,0.1891,0.1938,0.19841,411641.11865993,767,kraken
1752278400,0.1932,0.1993,0.188,0.1953,0.19345,237874.25487577,451,kraken
1752364800,0.1946,0.2042,0.1938,0.2005,0.19965,187773.28985291,539,kraken
1752451200,0.1992,0.2116,0.1957,0.1998,0.20296,444392.83055098,634,kraken
1752537600,0.1993,0.209,0.1917,0.2082,0.19718,455496.00544013,576,kraken
1752624000,0.2081,0.2246,0.1992,0.213,0.21276,1594268.37382095,1227,kraken
1752710400,0.2132,0.2234,0.206,0.2151,0.21279,1081237.77790132,1376,kraken
1752796800,0.2148,0.227,0.2075,0.2122,0.21945,1961109.5760277,1080,kraken
1752883200,0.2118,0.2185,0.2067,0.2172,0.21318,322599.41061854,362,kraken
1752969600,0.2162,0.2376,0.215,0.2305,0.22832,1912072.71648129,1128,kraken
1753056000,0.2303,0.2477,0.2256,0.2364,0.23747,1218436.85996775,1123,kraken
1753142400,0.2361,0.2386,0.2244,0.2381,0.2298,505586.63440925,613,kraken
1753228800,0.2386,0.2386,0.2093,0.216,0.2234,314452.63557852,543,kraken
1753315200,0.2154,0.2184,0.1966,0.2108,0.20954,361870.08085078,472,kraken
1753401600,0.2091,0.22,0.2016,0.2148,0.20897,749844.86028599,643,kraken
1753488000,0.2138,0.2179,0.2124,0.2124,0.21512,454754.11916733,364,kraken
1753574400,0.2123,0.224,0.2123,0.2218,0.21868,511417.89120876,415,kraken
1753660800,0.2227,0.2262,0.2045,0.2059,0.21719,523157.05558032,539,kraken
1753747200,0.2064,0.2123,0.197,0.2032,0.20319,855387.02808835,532,kraken
1753833600,0.2028,0.2036,0.188,0.1975,0.19612,260023.46846138,377,kraken
1753920000,0.1977,0.2015,0.185,0.1857,0.19433,160859.64726276,256,kraken
1754006400,0.1864,0.1864,0.174,0.1793,0.18195,508623.69053546,709,kraken
1754092800,0.1803,0.1821,0.1711,0.1756,0.17543,87814.57513916,211,kraken
1754179200,0.1755,0.1815,0.1736,0.1803,0.18016,267867.90030521,342,kraken
1754265600,0.18,0.1884,0.18,0.1876,0.18368,219985.86032684,284,kraken
1754352000,0.1872,0.1889,0.1757,0.1805,0.18365,726156.89636493,476,kraken
1754438400,0.1797,0.1845,0.1755,0.1825,0.18079,120562.35150897,255,kraken
1754524800,0.1826,0.1928,0.1802,0.1914,0.18916,530249.59137035,511,kraken
1754611200,0.1911,0.1982,0.1889,0.1957,0.19486,639411.59456037,552,kraken
1754697600,0.1959,0.2062,0.1946,0.2028,0.20011,828674.06839061,807,kraken
1754784000,0.2027,0.2073,0.1952,0.2001,0.20065,1031510.98629831,858,kraken
1754870400,0.2001,0.2059,0.1861,0.1879,0.19773,336953.36048351,616,kraken
1754956800,0.1875,0.2024,0.1852,0.1995,0.19669,399237.89970881,448,kraken
1755043200,0.2006,0.211,0.198,0.2104,0.2074,1522475.94509019,998,kraken
1755129600,0.2098,0.213,0.1859,0.1898,0.19996,456049.74613844,685,kraken
1755216000,0.1898,0.1952,0.1814,0.1877,0.18864,542641.59000004,560,kraken
1755302400,0.1883,0.2002,0.188,0.1944,0.19328,894751.81340877,714,kraken
1755388800,0.1954,0.2,0.1933,0.194,0.19527,130855.80935537,279,kraken
1755475200,0.1943,0.1943,0.1836,0.1857,0.18657,599022.69268833,708,kraken
1755561600,0.1862,0.1884,0.1775,0.1782,0.18394,419400.53882121,363,kraken
1755648000,0.1786,0.1879,0.1772,0.1861,0.18202,562413.265017,365,kraken
1755734400,0.1866,0.1878,0.1793,0.1798,0.18255,264558.26510313,304,kraken
1755820800,0.1807,0.1944,0.1733,0.193,0.18726,623908.91474669,561,kraken
1755907200,0.1928,0.1931,0.1865,0.1903,0.189,300356.27936995,341,kraken
1755993600,0.1908,0.1967,0.1828,0.1864,0.18938,401282.02249357,546,kraken
1756080000,0.1864,0.1893,0.1689,0.1721,0.17377,762735.72603581,681,kraken
1756166400,0.1717,0.1823,0.1704,0.1792,0.17536,431664.52646394,442,kraken
1756252800,0.1793,0.1823,0.1771,0.1781,0.17993,273941.71105632,365,kraken
1756339200,0.1788,0.1887,0.1771,0.188,0.18201,394299.99021848,432,kraken
1756425600,0.1885,0.1885,0.1741,0.1787,0.18117,469208.44446846,469,kraken
1756512000,0.1784,0.1812,0.1755,0.18,0.17908,111542.40053559,191,kraken
1756598400,0.1803,0.1871,0.1799,0.18,0.18398,138110.03912384,296,kraken
1756684800,0.1793,0.1837,0.1704,0.1739,0.17557,221503.01120994,384,kraken
1756771200,0.1744,0.18,0.1739,0.1789,0.17828,171531.91911891,258,kraken
1756857600,0.1794,0.1823,0.1783,0.1807,0.18067,421654.3518991,297,kraken
1756944000,0.181,0.181,0.1734,0.1756,0.17581,184423.9595602,220,kraken
1757030400,0.1755,0.1823,0.1755,0.1788,0.17914,467963.99208269,324,kraken
1757116800,0.179,0.1804,0.1766,0.1784,0.17805,73120.86823304,172,kraken
1757203200,0.1787,0.1857,0.1784,0.1846,0.18195,220075.68485994,313,kraken
1757289600,0.1842,0.19,0.1832,0.1879,0.18679,399199.30787114,363,kraken
1757376000,0.1886,0.1941,0.185,0.1891,0.19054,296531.99287583,344,kraken
1757462400,0.1897,0.1943,0.1875,0.1915,0.19164,250711.77620271,429,kraken
1757548800,0.192,0.1941,0.1895,0.1935,0.19193,154907.86452067,267,kraken
1757635200,0.1942,0.1978,0.1907,0.1961,0.19483,434805.49944082,433,kraken
1757721600,0.1967,0.2004,0.1944,0.1993,0.1969,790204.5114883,484,kraken
1757808000,0.1993,0.1993,0.1883,0.1896,0.19308,237376.30798769,367,kraken
1757894400,0.19,0.1927,0.1798,0.1825,0.18436,314902.75164354,361,kraken
1757980800,0.1824,0.1856,0.178,0.1841,0.1818,249653.11249757,298,kraken
1758067200,0.1839,0.1895,0.1791,0.1884,0.18129,269849.23173195,318,kraken
1758153600,0.1886,0.1941,0.1868,0.1925,0.19044,327965.50019685,417,kraken
1758240000,0.1927,0.1949,0.1807,0.1817,0.18627,364339.53209448,417,kraken
1758326400,0.1815,0.1854,0.1801,0.1822,0.18239,85853.83367894,209,kraken
1758412800,0.1821,0.1852,0.1798,0.1826,0.18149,281291.66980736,294,kraken
1758499200,0.1826,0.1826,0.162,0.1663,0.16834,869338.5291349,911,kraken
1758585600,0.1661,0.1687,0.162,0.1637,0.16524,353605.29865637,587,kraken
1758672000,0.1652,0.1683,0.1606,0.1645,0.16408,530690.11392175,335,kraken
1758758400,0.1636,0.1636,0.1515,0.1527,0.15788,511869.19030911,508,kraken
1758844800,0.1543,0.1619,0.1532,0.1606,0.15689,118906.38339965,276,kraken
1758931200,0.1605,0.1607,0.1566,0.158,0.15888,57871.17927515,178,kraken
1759017600,0.1574,0.16,0.1525,0.1596,0.15527,159929.68081876,289,kraken
1759104000,0.1595,0.1595,0.1536,0.155,0.15604,203477.84546756,391,kraken
1759190400,0.1545,0.1545,0.1483,0.1512,0.15088,445693.51866162,770,kraken
1759276800,0.1513,0.1639,0.1482,0.1634,0.15907,837984.21700443,746,kraken
1759363200,0.1635,0.1688,0.1615,0.1674,0.16617,850488.22888302,596,kraken
1759449600,0.1671,0.1731,0.1647,0.1701,0.16973,535814.37968474,736,kraken
1759536000,0.1702,0.1706,0.1616,0.1643,0.1659,350304.13483947,340,kraken
1759622400,0.1643,0.1709,0.1633,0.1662,0.16709,184407.84303826,376,kraken
1759708800,0.1652,0.1727,0.1652,0.1712,0.16896,477585.8154969,398,kraken
1759795200,0.1713,0.1724,0.1624,0.1634,0.16771,267644.33132354,319,kraken
1759881600,0.1633,0.1705,0.1606,0.1669,0.16574,122822.05047693,291,kraken
1759968000,0.1672,0.1673,0.1566,0.1634,0.16061,442619.21863568,461,kraken
1760054400,0.1631,0.1707,0.023,0.1249,0.14833,4867912.48881916,3286,kraken
1760140800,0.1249,0.1257,0.104,0.112,0.11585,2502442.84827113,1951,kraken
1760227200,0.1125,0.1311,0.1104,0.1273,0.12369,931243.26870226,676,kraken
1760313600,0.1269,0.1342,0.125,0.1336,0.12915,753193.18451953,833,kraken
1760400000,0.1337,0.134,0.119,0.1268,0.12305,899949.53433336,560,kraken
1760486400,0.1265,0.129,0.1175,0.1194,0.122,485851.83268331,404,kraken
1760572800,0.1192,0.1212,0.1114,0.1132,0.11526,407582.44523493,287,kraken
1760659200,0.1137,0.1152,0.103,0.1083,0.10783,912001.20591075,483,kraken
1760745600,0.1084,0.1111,0.1072,0.109,0.10926,268516.20954377,215,kraken
1760832000,0.1086,0.1115,0.1059,0.1088,0.10841,1259378.54827767,402,kraken
1760918400,0.108,0.1131,0.1068,0.1094,0.10955,933499.35616782,359,kraken
1761004800,0.1093,0.1123,0.1045,0.1048,0.10769,462221.68070618,513,kraken
1761091200,0.1049,0.1059,0.0978,0.1016,0.10283,880277.43848196,673,kraken
1761177600,0.1016,0.1071,0.1014,0.1038,0.10498,782226.25392158,403,kraken
1761264000,0.1038,0.1072,0.103,0.1065,0.10523,680896.73579264,355,kraken
1761350400,0.1066,0.1068,0.1035,0.1055,0.10525,461960.32868286,296,kraken
1761436800,0.1052,0.1104,0.1046,0.1093,0.10834,324094.3892086,289,kraken
1761523200,0.1089,0.1111,0.1056,0.1063,0.10844,661697.48481051,307,kraken
1761609600,0.1065,0.1096,0.1007,0.1027,0.10502,1174085.57133699,479,kraken
1761696000,0.1024,0.1033,0.0981,0.0997,0.10059,537300.6869091,400,kraken
1761782400,0.1002,0.1008,0.0899,0.0932,0.09399,456714.48710858,489,kraken
1761868800,0.0934,0.0958,0.0929,0.0947,0.09456,340654.12263613,531,kraken
1761955200,0.0942,0.121,0.0941,0.1155,0.1104,1706624.80147397,1135,kraken
1762041600,0.1156,0.1698,0.1152,0.1431,0.1439,25906695.67835276,13454,kraken
1762128000,0.143,0.143,0.1086,0.1162,0.12233,10160925.91653546,4782,kraken
1762214400,0.1156,0.16,0.1093,0.1341,0.13418,20702417.43968881,11471,kraken
1762300800,0.134,0.1583,0.123,0.1537,0.13929,11307688.54463305,6572,kraken
1762387200,0.1536,0.2237,0.1474,0.1619,0.17226,24019773.12217411,15131,kraken
1762473600,0.1621,0.21,0.1604,0.1911,0.18016,16331991.64118187,11281,kraken
1762560000,0.1899,0.1966,0.1583,0.169,0.17105,11436178.48113263,4713,kraken
1762646400,0.1686,0.1758,0.1545,0.1567,0.16064,6580135.91956697,2866,kraken
1762732800,0.1572,0.1664,0.1542,0.1583,0.15845,4858670.10809624,2444,kraken
1762819200,0.1594,0.1606,0.1381,0.1387,0.14684,4065885.79891103,2115,kraken
1762905600,0.1394,0.1508,0.1375,0.1488,0.14313,4515790.80308698,2193,kraken
1762992000,0.1488,0.1489,0.1278,0.1302,0.13712,3275251.11902625,2114,kraken
1763078400,0.13,0.1418,0.1256,0.1316,0.1328,3727938.68244805,2182,kraken
1763164800,0.1314,0.1429,0.1312,0.1341,0.1376,2927740.56086505,1303,kraken
1763251200,0.1338,0.1341,0.1231,0.1293,0.12921,2244561.4491402,1321,kraken
1763337600,0.1299,0.146,0.1264,0.1425,0.13891,4825633.86067444,3147,kraken
1763424000,0.1422,0.1504,0.1332,0.137,0.14084,11966484.71893313,4794,kraken
1763510400,0.1369,0.1379,0.1199,0.1252,0.1283,2421919.27522342,1536,kraken
1763596800,0.1252,0.132,0.1153,0.1163,0.12524,2111294.47397944,1305,kraken
1763683200,0.1169,0.1184,0.1042,0.1117,0.11159,1208780.87709026,1145,kraken
1763769600,0.1116,0.1116,0.1053,0.106,0.10704,790223.22635899,494,kraken
1763856000,0.1061,0.1083,0.1027,0.1031,0.1061,843327.73193714,523,kraken
1763942400,0.1033,0.1156,0.1031,0.1126,0.11025,2443144.48043859,1661,kraken
1764028800,0.1125,0.1144,0.1074,0.111,0.11033,434589.0571904,640,kraken
1764115200,0.111,0.1117,0.1057,0.1115,0.10932,661532.09901776,610,kraken
1764201600,0.1111,0.1137,0.1084,0.1101,0.11123,754239.70247206,851,kraken
1764288000,0.1093,0.1131,0.1077,0.1082,0.10999,721754.24557063,773,kraken
1764374400,0.1082,0.1098,0.1049,0.1053,0.10736,340986.86444323,469,kraken
1764460800,0.1056,0.1091,0.1043,0.1054,0.10689,744772.37357894,1065,kraken
1764547200,0.1056,0.1056,0.0948,0.0995,0.0979,2142548.61268943,1559,kraken
1764633600,0.0992,0.1066,0.0981,0.1021,0.1017,595455.38326528,992,kraken
1764720000,0.1024,0.1059,0.0998,0.1033,0.10307,729209.47628408,1018,kraken
1764806400,0.1031,0.1035,0.0968,0.0985,0.10082,4901442.51859179,1231,kraken
1764892800,0.0986,0.0994,0.0923,0.0957,0.09652,1561891.68613354,1094,kraken
1764979200,0.0958,0.0973,0.0949,0.0953,0.0955,1408219.61093994,565,kraken
1765065600,0.0953,0.0965,0.0896,0.0935,0.09395,760913.35394644,881,kraken
1765152000,0.0933,0.099,0.0931,0.0941,0.09529,415062.23429463,517,kraken
1765238400,0.0946,0.1004,0.0932,0.098,0.09692,486662.57156916,1084,kraken
1765324800,0.0983,0.1001,0.0946,0.0956,0.09669,866672.22895224,817,kraken
1765411200,0.0952,0.0962,0.09,0.0943,0.09261,1510327.13460533,1296,kraken
1765497600,0.0941,0.0947,0.0874,0.09,0.09278,1783373.42239424,1253,kraken
1765584000,0.0902,0.0932,0.0899,0.091,0.0912,302973.09726448,398,kraken
1765670400,0.0908,0.0909,0.086,0.0867,0.08794,922091.71523055,501,kraken
1765756800,0.0868,0.0902,0.0811,0.0837,0.08371,1576849.37270929,1157,kraken
1765843200,0.0835,0.0853,0.0812,0.0851,0.08354,796760.38564219,710,kraken
1765929600,0.0851,0.0854,0.0778,0.0787,0.08139,1025499.45159128,1000,kraken
1766016000,0.0787,0.0802,0.0728,0.0749,0.07718,1238232.97067417,1351,kraken
1766102400,0.0752,0.0792,0.0742,0.0787,0.07728,947903.6173523,636,kraken
1766188800,0.0788,0.0793,0.0775,0.0789,0.07833,475788.39073259,349,kraken
1766275200,0.0788,0.0789,0.0743,0.076,0.07634,300025.02792325,462,kraken
1766361600,0.0763,0.0782,0.0756,0.0767,0.07721,1280260.75692619,849,kraken
1766448000,0.0767,0.0769,0.0738,0.0756,0.0753,979220.11760597,560,kraken
1766534400,0.0754,0.0772,0.074,0.0769,0.07536,544653.43434247,398,kraken
1766620800,0.0768,0.079,0.076,0.076,0.07776,392270.42091708,332,kraken
1766707200,0.0763,0.0791,0.0759,0.0789,0.07732,581334.06726286,417,kraken
1766793600,0.0791,0.0842,0.0782,0.0822,0.08142,2411199.94894496,1409,kraken
1766880000,0.0823,0.083,0.0793,0.0804,0.08134,509374.60358211,456,kraken
1766966400,0.0804,0.082,0.0784,0.0784,0.08058,930693.75862943,691,kraken
1767052800,0.0786,0.0793,0.0768,0.0783,0.07841,1356857.941898,440,kraken
1767139200,0.0783,0.0789,0.0746,0.0755,0.07748,2007748.39104421,769,kraken
1767225600,0.0756,0.0798,0.0745,0.079,0.07608,675024.71810909,369,kraken
1767312000,0.0792,0.0832,0.0778,0.0829,0.08031,719829.15582372,728,kraken
1767398400,0.083,0.0836,0.08,0.0824,0.08174,361848.8864377,374,kraken
1767484800,0.0827,0.0863,0.0825,0.0844,0.08414,726870.95096464,888,kraken
1767571200,0.0847,0.1,0.0832,0.0918,0.09136,2932916.70251441,2055,kraken
1767657600,0.0916,0.0919,0.0848,0.0891,0.08861,2068050.62336167,936,kraken
1767744000,0.0891,0.0891,0.0838,0.0848,0.08633,286859.33242894,372,kraken
1767830400,0.0847,0.0861,0.0817,0.0846,0.08397,558645.33030792,603,kraken
1767916800,0.0847,0.0873,0.0841,0.0853,0.08569,680284.79458396,561,kraken
1768003200,0.0852,0.0882,0.084,0.0848,0.08577,550925.49272753,385,kraken
1768089600,0.085,0.0854,0.0814,0.0824,0.08412,302248.34327398,383,kraken
1768176000,0.0828,0.0848,0.0811,0.0819,0.08309,231407.56973234,389,kraken
1768262400,0.0819,0.0893,0.0816,0.0882,0.08732,1445673.45611919,902,kraken
1768348800,0.0886,0.0941,0.0879,0.0906,0.09151,1849077.28116008,894,kraken
1768435200,0.0901,0.091,0.0836,0.0856,0.08853,722794.11690261,535,kraken
1768521600,0.0851,0.0897,0.0837,0.0894,0.08638,648222.39105398,544,kraken
1768608000,0.089,0.0913,0.0878,0.0881,0.0895,1106267.79900641,626,kraken
1768694400,0.0881,0.0918,0.085,0.085,0.08931,914704.29429005,544,kraken
1768780800,0.0842,0.0881,0.0773,0.0877,0.08322,1812918.45419624,1033,kraken
1768867200,0.0874,0.0874,0.0788,0.0798,0.08299,869258.84946456,685,kraken
1768953600,0.0798,0.0929,0.0797,0.0891,0.08804,2495004.66351172,1066,kraken
1769040000,0.0893,0.0955,0.0867,0.0926,0.09182,2589743.69515392,1597,kraken
1769126400,0.0919,0.095,0.0875,0.0883,0.09166,807420.11634107,670,kraken
1769212800,0.089,0.0901,0.087,0.0875,0.08867,380403.61252315,291,kraken
1769299200,0.0875,0.0909,0.0812,0.083,0.08726,1235661.93234614,780,kraken
1769385600,0.0834,0.0925,0.0834,0.0856,0.08822,1225384.86546665,875,kraken
1769472000,0.0852,0.0894,0.084,0.0891,0.08654,510073.61718913,389,kraken
1769558400,0.0895,0.0895,0.0841,0.0851,0.08707,460219.87072628,462,kraken
1769644800,0.0856,0.0856,0.0737,0.0753,0.07852,710904.99664091,699,kraken
1769731200,0.0757,0.077,0.0715,0.0765,0.07398,717818.38202208,649,kraken
1769817600,0.0762,0.0765,0.0611,0.0687,0.06863,1403926.71811372,1492,kraken
1769904000,0.0688,0.0762,0.0683,0.0701,0.07258,1352836.35647709,1104,kraken
1769990400,0.0701,0.0747,0.0676,0.0736,0.07101,748605.21056149,722,kraken
1770076800,0.0736,0.0752,0.0682,0.0701,0.07239,722542.08737398,705,kraken
1770163200,0.0705,0.0731,0.0686,0.0708,0.07072,908620.91976956,584,kraken
1770249600,0.07,0.071,0.0592,0.0597,0.06517,2796859.04975045,1509,kraken
1770336000,0.0596,0.0683,0.0533,0.0674,0.05975,2383854.36449366,1250,kraken
1770422400,0.0673,0.0688,0.0645,0.0666,0.067,764055.63940116,443,kraken
1770508800,0.0663,0.0668,0.0644,0.0652,0.06558,354900.97069484,292,kraken
1770595200,0.0651,0.0656,0.062,0.063,0.06444,500265.5664536,335,kraken
1770681600,0.063,0.0681,0.063,0.0661,0.06527,2505322.00932519,1119,kraken
1770768000,0.0656,0.068,0.0622,0.0659,0.06458,1978142.01768775,773,kraken
1770854400,0.0663,0.0704,0.0659,0.0672,0.06823,994658.40443005,545,kraken
1770940800,0.0671,0.0695,0.066,0.0685,0.06793,581501.13103813,336,kraken
1771027200,0.0685,0.07,0.0674,0.0692,0.06851,814709.49175136,485,kraken
1771113600,0.069,0.0692,0.0653,0.0667,0.06766,646334.53643016,498,kraken
1771200000,0.0668,0.0675,0.0649,0.0664,0.06617,847844.04987664,298,kraken
1771286400,0.0666,0.0666,0.0646,0.0655,0.06555,480957.68196178,345,kraken
1771372800,0.0656,0.0679,0.0638,0.0639,0.06625,1162712.57773206,583,kraken
1771459200,0.0639,0.0648,0.0608,0.0621,0.06284,617345.43211298,394,kraken
1771545600,0.0623,0.0636,0.0611,0.0633,0.06262,358359.26994708,378,kraken
1771632000,0.0633,0.0645,0.0621,0.0621,0.06309,264188.6321144,266,kraken
1771718400,0.0619,0.0619,0.0597,0.0604,0.06062,429823.59554014,346,kraken
1771804800,0.0606,0.0606,0.0561,0.0573,0.05714,968130.19319019,569,kraken
1771891200,0.0573,0.0587,0.0565,0.0565,0.05735,455285.19764133,329,kraken
1771977600,0.0567,0.0626,0.0562,0.0607,0.06007,519345.55240026,508,kraken
1772064000,0.0608,0.0612,0.0577,0.0591,0.05884,390594.69452819,345,kraken
1772150400,0.0587,0.0602,0.0565,0.0581,0.05867,330026.88458599,288,kraken
1772236800,0.0578,0.0585,0.0534,0.0582,0.0556,491252.2150781,543,kraken
1772323200,0.058,0.0596,0.0548,0.0563,0.05735,534915.62856338,389,kraken
1772409600,0.0564,0.0592,0.0556,0.0571,0.0573,1278865.73322122,378,kraken
1772496000,0.0573,0.0573,0.0546,0.0566,0.05577,585906.01589438,255,kraken
1772582400,0.0564,0.0591,0.0556,0.058,0.05794,660402.19592198,416,kraken
1772668800,0.0577,0.0579,0.0556,0.0567,0.05677,484164.43215301,355,kraken
1772755200,0.0567,0.0582,0.055,0.0554,0.05711,675464.07291552,432,kraken
1772841600,0.0556,0.0558,0.0543,0.0546,0.055,293957.83530868,234,kraken
1772928000,0.0548,0.0548,0.0526,0.0533,0.05364,301933.77013517,371,kraken
1773014400,0.0531,0.0554,0.0531,0.0541,0.05419,349157.42303522,451,kraken
1773100800,0.054,0.0559,0.054,0.0547,0.0552,393232.69721381,317,kraken
1773187200,0.0548,0.0559,0.054,0.0555,0.05568,1232856.72727041,477,kraken
1773273600,0.0556,0.0567,0.0542,0.0564,0.05539,397786.96516868,331,kraken
1773360000,0.0563,0.0589,0.0563,0.0585,0.05741,698670.22685015,609,kraken
1773446400,0.0586,0.0608,0.0578,0.0602,0.05951,492046.65579914,557,kraken
1773532800,0.0604,0.0604,0.0585,0.0588,0.05931,313715.90112487,280,kraken
1773619200,0.0585,0.0621,0.0584,0.0613,0.06014,431123.03360517,397,kraken
1773705600,0.0614,0.0632,0.0606,0.0614,0.06196,529829.87815,633,kraken
1773792000,0.0614,0.0632,0.058,0.0596,0.06027,497798.13032563,448,kraken
1773878400,0.0598,0.0607,0.0581,0.0602,0.0595,506294.04112014,345,kraken
1773964800,0.0601,0.062,0.0592,0.0599,0.06045,309749.82207932,293,kraken
1774051200,0.0597,0.0602,0.0572,0.0573,0.05877,278233.84090958,154,kraken
1774137600,0.0571,0.0581,0.0551,0.0564,0.0566,325509.5226317,249,kraken
1774224000,0.0567,0.0587,0.0559,0.0581,0.05746,615189.45200452,264,kraken
1774310400,0.058,0.059,0.0571,0.0581,0.05795,390065.97214462,291,kraken
1774396800,0.0579,0.0588,0.0576,0.0582,0.05821,686737.66024447,367,kraken
1774483200,0.0582,0.0583,0.0552,0.0558,0.05641,306368.5459112,222,kraken
1774569600,0.0557,0.056,0.0531,0.0531,0.05407,451005.77395802,314,kraken
1774656000,0.0531,0.054,0.0524,0.0534,0.05307,246999.59402207,230,kraken
1774742400,0.0533,0.0541,0.0523,0.0531,0.05305,350443.21706813,220,kraken
1774828800,0.0532,0.0549,0.0525,0.0526,0.05374,326830.00953197,181,kraken
1774915200,0.0527,0.0536,0.0524,0.0529,0.0527,338435.58822867,277,kraken
1775001600,0.0534,0.0713,0.0533,0.0597,0.05956,5165411.35165235,1467,kraken
1775088000,0.0595,0.0595,0.0557,0.0559,0.05766,1566654.5375583,567,kraken
1775174400,0.056,0.0584,0.055,0.0567,0.05733,1203084.65727921,585,kraken
1775260800,0.0564,0.057,0.0558,0.0561,0.05627,648029.56104053,313,kraken
1775347200,0.0557,0.0564,0.0542,0.0556,0.05522,171448.68566097,266,kraken
1775433600,0.0556,0.0567,0.0544,0.0547,0.0558,370467.47137542,232,kraken
1775520000,0.0548,0.057,0.0529,0.0568,0.05452,229583.020379,344,kraken
1775606400,0.0568,0.0568,0.0546,0.0546,0.05585,532128.06340739,258,kraken
1775692800,0.0549,0.0567,0.0543,0.0558,0.05579,315627.98305881,366,kraken
1775779200,0.0562,0.0648,0.0562,0.0574,0.06031,2247169.94828786,682,kraken
1775865600,0.0571,0.0592,0.0566,0.0586,0.05799,504272.53949594,326,kraken
1775952000,0.0582,0.0582,0.0558,0.056,0.05707,248063.16013209,292,kraken
1776038400,0.056,0.058,0.0557,0.0579,0.05631,290312.7575961,294,kraken
1776124800,0.058,0.0581,0.0564,0.0567,0.05723,155557.64119973,159,kraken
1776211200,0.0568,0.0584,0.0562,0.0583,0.05708,187228.2821351,201,kraken
1776297600,0.0578,0.0606,0.0578,0.0606,0.05937,226516.49220874,219,kraken
1776384000,0.0608,0.0628,0.0596,0.0618,0.06161,382361.38801552,257,kraken
1776470400,0.0617,0.0618,0.0586,0.0586,0.06031,280822.17863689,284,kraken
1776556800,0.0586,0.0592,0.0569,0.0584,0.05803,355400.01505866,218,kraken
1776643200,0.0584,0.0605,0.0576,0.0596,0.05893,674766.8289267,387,kraken
1776729600,0.0598,0.06,0.0579,0.0591,0.0589,167400.72290518,238,kraken
1776816000,0.0592,0.0613,0.0587,0.0598,0.06034,284949.50157746,212,kraken
1776902400,0.06,0.0605,0.0588,0.0603,0.05952,281763.37572867,233,kraken
1776988800,0.0602,0.0618,0.0599,0.0615,0.06097,312080.09632063,201,kraken
1777075200,0.0613,0.0628,0.0612,0.0625,0.06193,253919.12302406,164,kraken
1777161600,0.0626,0.0765,0.062,0.0639,0.06623,4661050.1941004,1382,kraken
1777248000,0.0639,0.0658,0.0618,0.0624,0.06362,1101177.93348096,513,kraken
1777334400,0.0626,0.0628,0.0611,0.0612,0.06166,244459.49916933,187,kraken
1777420800,0.0614,0.062,0.0584,0.0592,0.06067,318514.96021361,182,kraken
1777507200,0.0591,0.0593,0.0578,0.0591,0.05872,279953.30465749,145,kraken
1777593600,0.0592,0.06,0.059,0.0594,0.0595,225636.69940951,138,kraken
1777680000,0.0594,0.0604,0.0586,0.0604,0.05945,602760.24344182,194,kraken
1777766400,0.0604,0.0605,0.0589,0.0595,0.05954,428889.20986007,240,kraken
1777852800,0.0595,0.0634,0.0564,0.0607,0.06051,2767413.16919053,938,kraken
1777939200,0.061,0.0634,0.0604,0.0627,0.0628,799707.15030906,291,kraken
1778025600,0.0629,0.0653,0.0623,0.0648,0.06387,741832.89449985,432,kraken
1778112000,0.0649,0.0655,0.0636,0.0643,0.06485,352391.20663486,269,kraken
1778198400,0.0645,0.0662,0.0626,0.0662,0.06417,204104.87871549,278,kraken
1778284800,0.0663,0.0681,0.0651,0.0653,0.06679,266708.24858012,194,kraken
1778371200,0.0654,0.0801,0.0643,0.0691,0.06995,4577804.33891427,1147,kraken
1778457600,0.0693,0.0693,0.0669,0.068,0.06794,1032914.55095431,883,kraken
1778544000,0.0678,0.0681,0.0647,0.0662,0.06659,973958.2310702,334,kraken
1778630400,0.0664,0.0695,0.064,0.0647,0.06653,235239.6753954,291,kraken
1778716800,0.0648,0.0673,0.0632,0.0656,0.06529,210104.0549033,189,kraken
1778803200,0.0658,0.0658,0.0601,0.0606,0.06206,4551015.19682316,479,kraken
1778889600,0.0604,0.0607,0.0582,0.0591,0.05895,1651001.87869019,315,kraken
1778976000,0.0592,0.0594,0.0557,0.0575,0.05723,965419.57631556,299,kraken
1779062400,0.0573,0.0582,0.0561,0.0576,0.05706,652640.42297366,324,kraken
1779148800,0.0579,0.0581,0.0563,0.0565,0.05679,297202.95580678,159,kraken
1779235200,0.0566,0.0576,0.0562,0.057,0.05702,510061.72012175,176,kraken
1779321600,0.0571,0.0589,0.0571,0.0588,0.05812,943813.94087814,330,kraken
1779408000,0.0588,0.0595,0.056,0.056,0.05871,1058626.10042934,327,kraken
1779494400,0.0562,0.0586,0.055,0.0574,0.05673,1130628.96325228,387,kraken
1779580800,0.0576,0.0576,0.0546,0.0558,0.05639,292292.71729259,206,kraken
1779667200,0.056,0.0574,0.0559,0.0562,0.05663,191026.75823955,162,kraken
1779753600,0.0562,0.0574,0.0551,0.0555,0.05555,664881.89569231,299,kraken
1779840000,0.0555,0.058,0.0545,0.0559,0.05602,569372.43243069,265,kraken
1779926400,0.0561,0.0564,0.0531,0.0555,0.05458,299078.76382207,339,kraken
1780012800,0.0556,0.0565,0.0539,0.0554,0.05531,297278.15787575,282,kraken
1780099200,0.0556,0.0567,0.0552,0.0553,0.05594,183766.19322056,144,kraken
1780185600,0.0558,0.0567,0.0543,0.0553,0.05529,199195.75108181,172,kraken
1780272000,0.0556,0.0569,0.0543,0.0563,0.05547,235863.66032969,205,kraken
1780358400,0.0563,0.0563,0.051,0.052,0.05283,819665.6574633,343,kraken
1780444800,0.0522,0.0539,0.0513,0.0517,0.05299,1271672.84775194,404,kraken
1780531200,0.0517,0.0517,0.0463,0.04715,0.04816,1622343.73614166,576,kraken
1780617600,0.04736,0.04767,0.04106,0.04262,0.04317,1841414.44289077,672,kraken
1780704000,0.04289,0.04328,0.04,0.04215,0.04133,1161629.28303674,384,kraken
1780790400,0.04238,0.04437,0.04159,0.04299,0.04296,418738.67646382,227,kraken
1780876800,0.04331,0.0444,0.04208,0.04331,0.04325,961922.92514782,207,kraken
1780963200,0.04347,0.04348,0.04141,0.04223,0.04233,263927.16473679,261,kraken
1781049600,0.04218,0.04257,0.03985,0.04042,0.04152,821554.74125611,299,kraken
1781136000,0.04047,0.04282,0.04047,0.04256,0.04155,566587.95037986,397,kraken
1781222400,0.04252,0.04312,0.04197,0.04206,0.04267,610222.68280662,359,kraken
1781308800,0.04221,0.04358,0.04221,0.04301,0.04322,660061.89790265,325,kraken
1781395200,0.0429,0.0438,0.04139,0.0438,0.04197,280297.04782398,218,kraken
1781481600,0.04395,0.04562,0.04356,0.04356,0.04452,1052906.04574817,333,kraken
1781568000,0.04392,0.04415,0.0424,0.04311,0.0431,368874.91548523,207,kraken
1781654400,0.04319,0.04555,0.04318,0.04394,0.04418,984710.89592377,542,kraken
1781740800,0.04411,0.04411,0.04079,0.04179,0.04212,300878.46438571,226,kraken
1781827200,0.04185,0.04274,0.04079,0.04264,0.04189,380287.79910644,328,kraken
1781913600,0.04275,0.04295,0.04119,0.04224,0.04214,250280.1675937,163,kraken
1782000000,0.04212,0.0426,0.04132,0.04158,0.04193,405632.05841352,186,kraken
1782086400,0.04155,0.04316,0.04133,0.04184,0.04221,785005.58704739,257,kraken
1782172800,0.04193,0.04196,0.03941,0.04112,0.04024,600646.64846623,309,kraken
1782259200,0.04126,0.04251,0.03634,0.03958,0.03903,1732632.77108737,710,kraken
1782345600,0.03966,0.03998,0.03713,0.03861,0.03902,452409.00835904,311,kraken
1782432000,0.03876,0.03984,0.03722,0.03944,0.03881,603256.16879903,344,kraken
1782518400,0.03961,0.03974,0.03803,0.03814,0.03886,290538.25539212,224,kraken
1782604800,0.03819,0.03902,0.03765,0.03825,0.03837,232228.94504383,227,kraken
1782691200,0.03812,0.03939,0.0379,0.03835,0.03851,347812.59985305,238,kraken
1782777600,0.03841,0.03852,0.03683,0.03808,0.03801,1744418.18461381,672,kraken
1782864000,0.03807,0.04076,0.03784,0.03999,0.03911,2776099.61135469,1482,kraken
1782950400,0.03991,0.0452,0.03961,0.04286,0.04242,1763326.4267631,947,kraken
1783036800,0.04274,0.04761,0.04228,0.04741,0.04435,1399929.61017108,850,kraken
1783123200,0.0474,0.04858,0.04536,0.04676,0.04691,1717966.21054032,1037,kraken
1783209600,0.04663,0.04857,0.04561,0.04837,0.04724,1615985.70567601,799,kraken
1783296000,0.04833,0.05332,0.04643,0.05118,0.05024,4399852.45873783,2901,kraken
1783382400,0.05133,0.05274,0.04668,0.04668,0.04944,1365037.83545729,702,kraken
1783468800,0.04678,0.04823,0.04605,0.04656,0.04677,662029.15010937,603,kraken
1783555200,0.04667,0.04701,0.04409,0.04409,0.04494,2917328.42431127,786,kraken
1783641600,0.04408,0.04524,0.04322,0.04335,0.04428,985397.43880942,469,kraken
1783728000,0.04346,0.04539,0.04298,0.0433,0.04402,1022292.30940439,665,kraken
1783814400,0.04322,0.04414,0.04296,0.04326,0.04335,923747.59351431,441,kraken
1783900800,0.04344,0.04468,0.04225,0.04273,0.04331,892166.88057632,625,kraken
1783987200,0.04265,0.04518,0.04264,0.0447,0.04394,573998.92647577,389,kraken
1784073600,0.04475,0.0465,0.04382,0.04473,0.04529,1161270.75269226,600,kraken
1784160000,0.04461,0.04828,0.04417,0.04568,0.04625,2793216.26946354,1432,kraken
1784246400,0.04576,0.04655,0.04472,0.04568,0.04549,1410889.66568777,642,kraken
1784332800,0.04576,0.0461,0.04472,0.04509,0.04547,316116.38179847,267,kraken
1784419200,0.04509,0.0452,0.04319,0.04319,0.04405,346840.50025673,232,kraken
1784505600,0.04334,0.04671,0.04334,0.04652,0.04496,1085876.66230241,576,kraken
1784592000,0.04636,0.04739,0.04615,0.04689,0.04672,335624.14445177,447,kraken
1784678400,0.04716,0.04716,0.04578,0.04599,0.04636,327012.12666522,280,kraken
1784764800,0.04619,0.0464,0.04454,0.04464,0.04528,162297.12256597,133,kraken
1784851200,0.04462,0.04586,0.04386,0.04418,0.04478,381488.57578769,193,kraken
1784937600,0.04423,0.04487,0.04358,0.04431,0.04408,414345.02936091,172,kraken
1785024000,0.04417,0.04922,0.04415,0.04531,0.04653,2403997.67358366,679,kraken
1785110400,0.04528,0.04528,0.04274,0.04308,0.04401,540037.12193633,347,kraken
1785196800,0.04336,0.04374,0.04221,0.04311,0.043,486595.7401994,217,kraken
1785283200,0.04311,0.04311,0.04118,0.04153,0.04222,602415.09231029,224,kraken
1785369600,0.04158,0.04281,0.04131,0.04221,0.04236,463637.86345047,285,kraken
1785456000,0.04222,0.04246,0.04056,0.04074,0.04155,1291064.71497943,535,kraken
1785542400,0.04083,0.0414,0.04027,0.04055,0.04091,489816.34490068,208,kraken
1785628800,0.04057,0.04131,0.04043,0.04105,0.04093,283589.82289899,135,kraken
1785715200,0.04087,0.0415,0.04022,0.04091,0.04091,709008.33830573,241,kraken
1785801600,0.04088,0.0412,0.04065,0.04086,0.04091,254641.49139701,140,kraken
1785888000,0.04084,0.04114,0.04061,0.04071,0.04091,347372.91951535,175,kraken
1785974400,0.0406,0.04131,0.04048,0.04096,0.04081,480986.29368387,226,kraken
1786060800,0.04097,0.04146,0.04075,0.04078,0.04108,268851.81841299,162,kraken
1786147200,0.04078,0.04144,0.04073,0.04102,0.04097,243931.88771338,106,kraken
1786233600,0.04113,0.04159,0.04077,0.04078,0.04111,337122.9047057,163,kraken
1786320000,0.04076,0.04127,0.03997,0.03997,0.04062,156602.3969989,122,kraken
1786406400,0.03991,0.04006,0.038,0.03887,0.03912,1558378.74044303,433,kraken
1786492800,0.03876,0.03888,0.03758,0.03787,0.0382,1644412.78258931,319,kraken
1786579200,0.03787,0.04029,0.03787,0.04005,0.03902,5119983.69518501,1305,kraken
1786665600,0.04017,0.04058,0.03877,0.03909,0.03981,2890081.83985815,1014,kraken
1786752000,0.03917,0.03988,0.03889,0.03947,0.03958,833287.52013135,171,kraken
1786838400,0.03955,0.03962,0.0388,0.03887,0.03928,318504.16897461,116,kraken
1786924800,0.03886,0.03989,0.03886,0.03958,0.03965,1363803.44875001,236,kraken
1787011200,0.03957,0.04063,0.03889,0.03993,0.03973,1082562.42569827,260,kraken
1787097600,0.03985,0.04343,0.03984,0.04283,0.04168,2335135.71218619,422,kraken
1787184000,0.04284,0.04755,0.04247,0.04696,0.04449,10245344.06192251,1995,kraken
1787270400,0.04702,0.0584,0.04654,0.05622,0.05123,8125192.59882563,1670,kraken
1787356800,0.05622,0.06327,0.0532,0.05441,0.05667,10066373.9790844,2793,kraken
1787443200,0.05464,0.05989,0.05261,0.05941,0.05658,5534481.21171378,786,kraken
1787529600,0.0593,0.06444,0.0554,0.05947,0.05946,10610351.28441429,1988,kraken
1787616000,0.0594,0.06184,0.05874,0.06104,0.06016,4242656.67232731,892,kraken
1787702400,0.06081,0.0634,0.06034,0.06168,0.06168,4315070.82469084,634,kraken
1787788800,0.06131,0.06944,0.06031,0.06346,0.06521,6551281.4895114,1236,kraken
1787875200,0.06371,0.06633,0.05882,0.0608,0.06254,11074994.89636059,2610,kraken
1787961600,0.06095,0.06575,0.06093,0.06322,0.06376,4994007.45659727,1320,kraken
1788048000,0.06297,0.0671,0.06125,0.06402,0.06489,5992810.29474407,1236,kraken
1788134400,0.06374,0.06846,0.06219,0.06695,0.06471,5452297.39358384,1053,kraken
1788220800,0.06701,0.0721,0.06558,0.06994,0.06882,7801048.97229817,1716,kraken
1788307200,0.07018,0.0734,0.06866,0.07097,0.07084,5722081.05941423,1121,kraken
1788393600,0.07097,0.07525,0.07065,0.07253,0.07281,5420612.12202519,1665,kraken
1788480000,0.07253,0.08,0.07208,0.07303,0.07419,5282576.73500566,1749,kraken
1788566400,0.07313,0.07662,0.07262,0.07577,0.07506,1971495.3096764,884,kraken
1788652800,0.07564,0.07835,0.07468,0.07756,0.07626,1711758.74399845,2151,kraken
1788739200,0.07778,0.08438,0.076,0.08107,0.08119,7651024.29111761,2247,kraken
1788825600,0.0809,0.0841,0.0802,0.08111,0.08225,5970400.89082194,1418,kraken
1788912000,0.08128,0.09683,0.0808,0.09385,0.09036,17287877.78835196,3768,kraken
1788998400,0.09389,0.0974,0.08739,0.09155,0.09159,7898122.6581839,2096,kraken
1789084800,0.09173,0.1101,0.08785,0.10575,0.1001,13484306.14325777,3083,kraken
1789171200,0.1054,0.11483,0.1013,0.10629,0.1085,12785853.45174436,4059,kraken
1789257600,0.1059,0.10973,0.09587,0.09591,0.10279,8636444.70605591,2672,kraken
1789344000,0.09607,0.09771,0.07962,0.08132,0.08573,20849922.07236956,5658,kraken
1789430400,0.08135,0.08996,0.07816,0.08066,0.08276,11085091.19094313,2735,kraken
1789516800,0.08058,0.08749,0.07963,0.08593,0.08318,4859497.70061542,1107,kraken
1789603200,0.086,0.09931,0.086,0.09653,0.09441,8204011.3516836,2023,kraken
1789689600,0.09735,0.10825,0.09375,0.10585,0.09952,6537719.83666071,1586,kraken
1789776000,0.10687,0.11809,0.10164,0.1051,0.10826,12206108.1546802,3180,kraken
1789862400,0.10569,0.12851,0.1027,0.11693,0.11188,11004913.91343191,3190,kraken
1789948800,0.11722,0.13589,0.117,0.12856,0.12533,14480551.65799324,4967,kraken
1790035200,0.12868,0.182,0.12653,0.15659,0.14626,17873463.30785714,8216,kraken
1790121600,0.15649,0.15912,0.13737,0.14649,0.14515,19129198.27359305,7234,kraken
1790208000,0.1473,0.15398,0.14291,0.14467,0.14884,9045132.43556799,3993,kraken
1790294400,0.14491,0.14612,0.1386,0.14097,0.14127,7868352.71953738,3937,kraken
1790380800,0.14101,0.14859,0.13919,0.14514,0.14366,4627775.2595065,1833,kraken
1790467200,0.14451,0.1484,0.14096,0.14699,0.14483,3322149.85522023,1861,kraken
1790553600,0.14725,0.15013,0.13905,0.14903,0.14406,4279643.4352849,2498,kraken
1790640000,0.14929,0.15821,0.14066,0.14118,0.14936,9413787.59268187,5882,kraken
1790726400,0.14127,0.15153,0.13941,0.14514,0.14352,6713047.91308042,2683,kraken
1790812800,0.14509,0.15444,0.14482,0.15168,0.14825,5502929.55789152,3551,kraken
1790899200,0.15202,0.1924,0.15101,0.1635,0.15951,12490934.60501977,7264,kraken
1790985600,0.16399,0.17015,0.15749,0.16409,0.16242,5231756.89041588,4758,kraken
1791072000,0.1637,0.1699,0.15601,0.15838,0.1621,5367132.19419762,3844,kraken
1791158400,0.15808,0.1712,0.14756,0.14855,0.15944,8453204.41607434,5200,kraken
1791244800,0.14834,0.15214,0.11148,0.11374,0.12998,38186422.10128856,27296,kraken
1791331200,0.11347,0.11398,0.08958,0.09196,0.10018,75115695.29329018,34510,kraken
1791417600,0.09196,0.09841,0.07438,0.07648,0.08445,67212844.99540126,21059,kraken
1791504000,0.07652,0.08228,0.07573,0.07848,0.07841,37311616.06371282,12117,kraken
1791590400,0.07884,0.11454,0.07861,0.0848,0.08812,21744167.68237593,6467,kraken
