time,open,high,low,close,vwap,volume,count,source
1633824000,0.896,0.896,0.82,0.825,0.847,3503036.43,0,coinbase
1633910400,0.826,0.867,0.779,0.806,0.8173333333333334,3915867.71,0,coinbase
1633996800,0.804,0.805,0.744,0.796,0.7816666666666666,4469961.65,0,coinbase
1634083200,0.797,0.821,0.768,0.82,0.8029999999999999,3980049.11,0,coinbase
1634169600,0.821,0.846,0.802,0.819,0.8223333333333334,3188031.73,0,coinbase
1634256000,0.821,0.842,0.783,0.834,0.8196666666666667,6340696.45,0,coinbase
1634342400,0.835,0.925,0.826,0.861,0.8706666666666667,9887727.83,0,coinbase
1634428800,0.862,0.893,0.803,0.836,0.844,4918381.03,0,coinbase
1634515200,0.837,0.846,0.792,0.822,0.82,4138762.29,0,coinbase
1634601600,0.822,0.844,0.809,0.831,0.828,3647710.34,0,coinbase
1634688000,0.833,0.878,0.821,0.869,0.8559999999999999,5237381.75,0,coinbase
1634774400,0.867,0.895,0.821,0.832,0.8493333333333334,6307030.46,0,coinbase
1634860800,0.831,0.868,0.823,0.837,0.8426666666666666,2547450.15,0,coinbase
1634947200,0.836,0.842,0.816,0.83,0.8293333333333334,1695764.19,0,coinbase
1635033600,0.831,0.836,0.788,0.812,0.8119999999999999,2323597.25,0,coinbase
1635120000,0.812,0.838,0.804,0.835,0.8256666666666667,2153456.62,0,coinbase
1635206400,0.837,0.89,0.821,0.881,0.8639999999999999,5758906.7,0,coinbase
1635292800,0.882,0.894,0.729,0.75,0.791,8987051.69,0,coinbase
1635379200,0.75,0.809,0.745,0.8,0.7846666666666667,5324307.44,0,coinbase
1635465600,0.8,0.93,0.793,0.895,0.8726666666666668,11625521.9,0,coinbase
1635552000,0.895,1.21,0.861,1.121,1.0639999999999998,33843155.61,0,coinbase
1635638400,1.119,1.299,0.949,1.011,1.0863333333333332,30130277.58,0,coinbase
1635724800,1.01,1.094,0.955,1.028,1.0256666666666667,11346156.74,0,coinbase
1635811200,1.029,1.245,1.017,1.133,1.1316666666666666,14560890.51,0,coinbase
1635897600,1.133,1.14,1.013,1.054,1.069,9152602.09,0,coinbase
1635984000,1.055,1.136,1.024,1.054,1.0713333333333335,7240248.69,0,coinbase
1636070400,1.054,1.087,0.984,0.997,1.0226666666666666,5272276.99,0,coinbase
1636156800,0.997,1.024,0.946,1.002,0.9906666666666667,3175782.23,0,coinbase
1636243200,1.001,1.037,0.985,1.028,1.0166666666666666,3127185.92,0,coinbase
1636329600,1.028,1.075,1.002,1.053,1.0433333333333332,4725850.1,0,coinbase
1636416000,1.054,1.115,1.035,1.042,1.064,6773392.17,0,coinbase
1636502400,1.041,1.2,1.011,1.088,1.0996666666666666,15719370.59,0,coinbase
1636588800,1.086,1.5,1.073,1.267,1.28,66674257.77,0,coinbase
1636675200,1.266,1.266,1.131,1.189,1.1953333333333334,12367362.11,0,coinbase
1636761600,1.191,1.264,1.138,1.149,1.1836666666666666,5971743.69,0,coinbase
1636848000,1.149,1.176,1.087,1.126,1.1296666666666666,5420441.03,0,coinbase
1636934400,1.126,1.185,1.062,1.066,1.1043333333333332,5632614.56,0,coinbase
1637020800,1.066,1.066,0.9,0.951,0.9723333333333334,10250816.8,0,coinbase
1637107200,0.95,1.077,0.912,1.039,1.0093333333333332,10772434.23,0,coinbase
1637193600,1.04,1.1,0.911,0.986,0.999,13226588.19,0,coinbase
1637280000,0.986,1.059,0.939,1.007,1.0016666666666667,8272469.94,0,coinbase
1637366400,1.009,1.149,1.009,1.136,1.0979999999999999,11187606.25,0,coinbase
1637452800,1.134,1.218,1.08,1.12,1.1393333333333333,13124912.48,0,coinbase
1637539200,1.119,1.126,1.001,1.024,1.0503333333333333,7522999.96,0,coinbase
1637625600,1.024,1.04,0.972,1.015,1.0090000000000001,5547719.5,0,coinbase
1637712000,1.016,1.19,0.978,1.181,1.1163333333333334,17741573.29,0,coinbase
1637798400,1.178,1.259,1.113,1.135,1.1689999999999998,17567982.25,0,coinbase
1637884800,1.134,1.151,0.98,1.005,1.0453333333333334,10012892.89,0,coinbase
1637971200,1.007,1.106,1.001,1.045,1.0506666666666666,7235715.49,0,coinbase
1638057600,1.044,1.048,0.94,1.032,1.0066666666666666,7036194.41,0,coinbase
1638144000,1.032,1.06,1.002,1.028,1.03,4106889.98,0,coinbase
1638230400,1.026,1.047,0.982,1.002,1.0103333333333333,4037846.56,0,coinbase
1638316800,1.003,1.088,0.996,1.028,1.0373333333333334,6489375.97,0,coinbase
1638403200,1.028,1.029,0.974,1.002,1.0016666666666667,3490228.25,0,coinbase
1638489600,1.0,1.07,0.926,0.957,0.9843333333333333,9065909.52,0,coinbase
1638576000,0.956,0.962,0.594,0.805,0.787,15339145.47,0,coinbase
1638662400,0.805,0.821,0.71,0.752,0.761,4035744.68,0,coinbase
1638748800,0.751,0.754,0.658,0.748,0.7200000000000001,4460285.81,0,coinbase
1638835200,0.747,0.771,0.711,0.727,0.7363333333333334,3086063.4,0,coinbase
1638921600,0.726,0.775,0.692,0.734,0.7336666666666667,3793273.11,0,coinbase
1639008000,0.734,0.74,0.664,0.665,0.6896666666666667,4491384.0,0,coinbase
1639094400,0.665,0.692,0.635,0.635,0.654,4323284.46,0,coinbase
1639180800,0.637,0.689,0.621,0.674,0.6613333333333333,3023700.62,0,coinbase
1639267200,0.673,0.691,0.651,0.681,0.6743333333333333,1516409.56,0,coinbase
1639353600,0.682,0.687,0.581,0.594,0.6206666666666667,3116896.37,0,coinbase
1639440000,0.594,0.616,0.578,0.608,0.6006666666666667,2772399.58,0,coinbase
1639526400,0.609,0.638,0.568,0.621,0.609,3547763.29,0,coinbase
1639612800,0.621,0.677,0.616,0.619,0.6373333333333334,3397585.04,0,coinbase
1639699200,0.619,0.635,0.582,0.6,0.6056666666666667,2827657.0,0,coinbase
1639785600,0.6,0.615,0.582,0.604,0.6003333333333334,1219834.21,0,coinbase
1639872000,0.603,0.617,0.593,0.604,0.6046666666666667,2423678.96,0,coinbase
1639958400,0.604,0.693,0.579,0.607,0.6263333333333333,6703728.14,0,coinbase
1640044800,0.609,0.629,0.592,0.626,0.6156666666666667,2867755.27,0,coinbase
1640131200,0.626,0.674,0.616,0.635,0.6416666666666667,5985024.11,0,coinbase
1640217600,0.636,0.712,0.623,0.689,0.6746666666666666,6489536.23,0,coinbase
1640304000,0.689,0.71,0.657,0.674,0.6803333333333333,4264034.24,0,coinbase
1640390400,0.673,0.738,0.669,0.717,0.7080000000000001,6147658.44,0,coinbase
1640476800,0.718,0.739,0.686,0.731,0.7186666666666667,5124352.37,0,coinbase
1640563200,0.731,0.766,0.719,0.722,0.7356666666666666,3181537.73,0,coinbase
1640649600,0.722,0.722,0.639,0.64,0.6669999999999999,6792255.92,0,coinbase
1640736000,0.641,0.651,0.617,0.629,0.6323333333333333,1962609.6,0,coinbase
1640822400,0.629,0.653,0.609,0.632,0.6313333333333334,2270081.09,0,coinbase
1640908800,0.632,0.655,0.597,0.613,0.6216666666666667,3092562.3,0,coinbase
1640995200,0.613,0.633,0.611,0.633,0.6256666666666667,1697506.4,0,coinbase
1641081600,0.634,0.648,0.615,0.643,0.6353333333333333,1546727.88,0,coinbase
1641168000,0.64,0.659,0.623,0.638,0.64,3636747.97,0,coinbase
1641254400,0.641,0.689,0.621,0.663,0.6576666666666667,5114653.83,0,coinbase
1641340800,0.663,0.698,0.561,0.597,0.6186666666666666,6373144.15,0,coinbase
1641427200,0.596,0.603,0.566,0.59,0.5863333333333333,3507478.87,0,coinbase
1641513600,0.591,0.593,0.531,0.546,0.5566666666666668,6267539.63,0,coinbase
1641600000,0.547,0.567,0.5,0.516,0.5276666666666666,3391987.78,0,coinbase
1641686400,0.515,0.54,0.513,0.528,0.527,2110895.9,0,coinbase
1641772800,0.528,0.534,0.472,0.497,0.501,5135310.76,0,coinbase
1641859200,0.497,0.521,0.49,0.517,0.5093333333333333,2904088.19,0,coinbase
1641945600,0.518,0.551,0.514,0.539,0.5346666666666667,2718809.79,0,coinbase
1642032000,0.538,0.552,0.509,0.512,0.5243333333333333,3241104.43,0,coinbase
1642118400,0.512,0.526,0.499,0.522,0.5156666666666666,1622539.81,0,coinbase
1642204800,0.523,0.543,0.517,0.534,0.5313333333333333,1042795.1,0,coinbase
1642291200,0.534,0.55,0.528,0.544,0.5406666666666667,1428692.36,0,coinbase
1642377600,0.545,0.545,0.499,0.51,0.518,1747991.58,0,coinbase
1642464000,0.511,0.517,0.484,0.5,0.5003333333333333,1898860.56,0,coinbase
1642550400,0.5,0.501,0.468,0.47,0.4796666666666667,3752414.96,0,coinbase
1642636800,0.469,0.473,0.423,0.426,0.4406666666666666,7580636.26,0,coinbase
1642723200,0.426,0.429,0.337,0.35,0.37200000000000005,11429066.64,0,coinbase
1642809600,0.35,0.358,0.288,0.318,0.3213333333333333,8828718.77,0,coinbase
1642896000,0.318,0.345,0.314,0.331,0.33,3404267.76,0,coinbase
1642982400,0.33,0.331,0.272,0.313,0.3053333333333333,4178335.68,0,coinbase
1643068800,0.311,0.329,0.301,0.322,0.3173333333333333,3361893.26,0,coinbase
1643155200,0.322,0.357,0.315,0.322,0.3313333333333333,10935650.17,0,coinbase
1643241600,0.322,0.331,0.298,0.314,0.31433333333333335,7370670.71,0,coinbase
1643328000,0.313,0.329,0.299,0.328,0.31866666666666665,5779288.28,0,coinbase
1643414400,0.327,0.342,0.323,0.333,0.33266666666666667,4811203.72,0,coinbase
1643500800,0.333,0.339,0.31,0.314,0.321,4685868.91,0,coinbase
1643587200,0.314,0.319,0.298,0.318,0.3116666666666667,7991619.37,0,coinbase
1643673600,0.317,0.335,0.316,0.329,0.32666666666666666,5908611.76,0,coinbase
1643760000,0.329,0.344,0.312,0.315,0.3236666666666666,6945748.85,0,coinbase
1643846400,0.315,0.331,0.3,0.328,0.3196666666666667,5765311.24,0,coinbase
1643932800,0.328,0.353,0.323,0.353,0.34299999999999997,6567985.28,0,coinbase
1644019200,0.352,0.368,0.345,0.354,0.35566666666666663,4721703.71,0,coinbase
1644105600,0.354,0.378,0.346,0.367,0.36366666666666664,6371002.03,0,coinbase
1644192000,0.366,0.39,0.356,0.384,0.37666666666666665,7291153.59,0,coinbase
1644278400,0.385,0.4,0.354,0.372,0.3753333333333333,7682129.88,0,coinbase
1644364800,0.373,0.426,0.364,0.406,0.3986666666666667,10828174.24,0,coinbase
1644451200,0.406,0.459,0.367,0.408,0.41133333333333333,18964294.34,0,coinbase
1644537600,0.408,0.45,0.367,0.375,0.3973333333333333,17037914.54,0,coinbase
1644624000,0.375,0.395,0.361,0.37,0.3753333333333333,7348190.96,0,coinbase
1644710400,0.37,0.425,0.368,0.379,0.39066666666666666,13188554.38,0,coinbase
1644796800,0.379,0.381,0.349,0.364,0.36466666666666664,6370834.69,0,coinbase
1644883200,0.364,0.391,0.363,0.388,0.38066666666666665,3571085.9,0,coinbase
1644969600,0.389,0.389,0.365,0.373,0.37566666666666665,4764029.31,0,coinbase
1645056000,0.374,0.38,0.333,0.335,0.34933333333333333,6401899.67,0,coinbase
1645142400,0.334,0.344,0.318,0.321,0.3276666666666666,3310423.67,0,coinbase
1645228800,0.322,0.331,0.31,0.324,0.3216666666666667,2615613.42,0,coinbase
1645315200,0.325,0.325,0.295,0.302,0.3073333333333333,2570143.4,0,coinbase
1645401600,0.302,0.319,0.276,0.28,0.2916666666666667,3491519.79,0,coinbase
1645488000,0.28,0.296,0.268,0.296,0.2866666666666667,3280795.95,0,coinbase
1645574400,0.295,0.309,0.281,0.281,0.2903333333333334,6012434.89,0,coinbase
1645660800,0.281,0.284,0.238,0.275,0.26566666666666666,16230799.52,0,coinbase
1645747200,0.275,0.301,0.267,0.297,0.28833333333333333,7086839.51,0,coinbase
1645833600,0.298,0.311,0.287,0.29,0.296,4891067.6,0,coinbase
1645920000,0.291,0.298,0.275,0.28,0.2843333333333333,7550955.93,0,coinbase
1646006400,0.28,0.309,0.27,0.309,0.296,11733275.48,0,coinbase
1646092800,0.309,0.325,0.307,0.318,0.31666666666666665,8745527.79,0,coinbase
1646179200,0.318,0.32,0.301,0.308,0.3096666666666667,8750728.63,0,coinbase
1646265600,0.309,0.32,0.29,0.296,0.302,6049769.88,0,coinbase
1646352000,0.296,0.297,0.269,0.274,0.28,7837914.84,0,coinbase
1646438400,0.273,0.285,0.266,0.281,0.2773333333333333,3163151.28,0,coinbase
1646524800,0.28,0.284,0.269,0.27,0.2743333333333333,7263527.17,0,coinbase
1646611200,0.271,0.283,0.256,0.268,0.26899999999999996,7597850.36,0,coinbase
1646697600,0.268,0.279,0.265,0.269,0.271,4606556.92,0,coinbase
1646784000,0.27,0.305,0.269,0.28,0.2846666666666667,3237423.15,0,coinbase
1646870400,0.28,0.282,0.251,0.267,0.26666666666666666,5485137.32,0,coinbase
1646956800,0.267,0.274,0.259,0.263,0.26533333333333337,2293649.51,0,coinbase
1647043200,0.263,0.27,0.261,0.263,0.26466666666666666,2193493.8,0,coinbase
1647129600,0.263,0.435,0.261,0.354,0.3499999999999999,45819266.68,0,coinbase
1647216000,0.354,0.452,0.346,0.421,0.4063333333333334,61903205.11,0,coinbase
1647302400,0.419,0.53,0.411,0.462,0.4676666666666667,82347796.8,0,coinbase
1647388800,0.462,0.517,0.421,0.447,0.46166666666666667,67578753.22,0,coinbase
1647475200,0.448,0.455,0.402,0.411,0.4226666666666667,47227104.44,0,coinbase
1647561600,0.41,0.639,0.403,0.616,0.5526666666666666,92341888.92,0,coinbase
1647648000,0.616,0.844,0.585,0.698,0.709,100536982.34,0,coinbase
1647734400,0.698,0.856,0.662,0.814,0.7773333333333333,85527926.15,0,coinbase
1647820800,0.814,0.822,0.671,0.693,0.7286666666666667,24542583.15,0,coinbase
1647907200,0.693,0.711,0.63,0.693,0.6779999999999999,24686093.37,0,coinbase
1647993600,0.692,0.724,0.632,0.652,0.6693333333333333,17588332.15,0,coinbase
1648080000,0.65,0.685,0.61,0.619,0.638,14354198.69,0,coinbase
1648166400,0.618,0.634,0.581,0.612,0.609,13605722.35,0,coinbase
1648252800,0.612,0.653,0.598,0.609,0.62,12124881.4,0,coinbase
1648339200,0.61,0.622,0.591,0.618,0.6103333333333333,5608697.75,0,coinbase
1648425600,0.618,0.656,0.556,0.581,0.5976666666666667,11165921.52,0,coinbase
1648512000,0.58,0.615,0.579,0.597,0.597,8557476.68,0,coinbase
1648598400,0.597,0.76,0.586,0.667,0.6709999999999999,39081863.43,0,coinbase
1648684800,0.667,0.693,0.6,0.609,0.634,10806902.4,0,coinbase
1648771200,0.61,0.624,0.562,0.61,0.5986666666666666,8591129.19,0,coinbase
1648857600,0.61,0.639,0.58,0.587,0.602,6949385.29,0,coinbase
1648944000,0.586,0.629,0.57,0.604,0.601,4931982.2,0,coinbase
1649030400,0.603,0.604,0.536,0.571,0.5703333333333334,6300013.96,0,coinbase
1649116800,0.572,0.595,0.542,0.545,0.5606666666666666,3775014.74,0,coinbase
1649203200,0.545,0.546,0.474,0.476,0.49866666666666665,7041456.73,0,coinbase
1649289600,0.475,0.508,0.467,0.504,0.49300000000000005,3598860.65,0,coinbase
1649376000,0.505,0.522,0.467,0.474,0.4876666666666667,4028608.47,0,coinbase
1649462400,0.475,0.633,0.475,0.604,0.5706666666666668,28145825.91,0,coinbase
1649548800,0.603,0.616,0.556,0.557,0.5763333333333334,13717592.14,0,coinbase
1649635200,0.557,0.56,0.472,0.48,0.504,8913240.3,0,coinbase
1649721600,0.479,0.492,0.444,0.462,0.46599999999999997,6843165.52,0,coinbase
1649808000,0.462,0.501,0.455,0.485,0.4803333333333333,4936565.0,0,coinbase
1649894400,0.484,0.588,0.482,0.538,0.5359999999999999,25215664.85,0,coinbase
1649980800,0.538,0.579,0.505,0.517,0.5336666666666666,8326900.81,0,coinbase
1650067200,0.517,0.56,0.509,0.544,0.5376666666666666,7153039.1,0,coinbase
1650153600,0.545,0.642,0.533,0.619,0.598,19619475.81,0,coinbase
1650240000,0.619,0.705,0.572,0.676,0.6509999999999999,32441801.64,0,coinbase
1650326400,0.676,0.722,0.635,0.663,0.6733333333333333,23181866.96,0,coinbase
1650412800,0.662,0.664,0.616,0.622,0.634,10395197.21,0,coinbase
1650499200,0.622,0.677,0.58,0.599,0.6186666666666667,20115545.14,0,coinbase
1650585600,0.6,0.617,0.559,0.575,0.5836666666666667,7159714.98,0,coinbase
1650672000,0.575,0.652,0.568,0.642,0.6206666666666667,15128499.99,0,coinbase
1650758400,0.64,0.672,0.604,0.607,0.6276666666666667,16061678.81,0,coinbase
1650844800,0.608,0.608,0.552,0.576,0.5786666666666668,8167308.8,0,coinbase
1650931200,0.576,0.599,0.503,0.511,0.5376666666666666,8490747.12,0,coinbase
1651017600,0.511,0.569,0.505,0.542,0.5386666666666666,15273654.88,0,coinbase
1651104000,0.541,0.547,0.514,0.522,0.5276666666666666,7756059.56,0,coinbase
1651190400,0.522,0.525,0.465,0.473,0.4876666666666667,6759145.5,0,coinbase
1651276800,0.473,0.534,0.436,0.453,0.47433333333333333,13361368.15,0,coinbase
1651363200,0.453,0.467,0.439,0.461,0.45566666666666666,4156127.27,0,coinbase
1651449600,0.462,0.483,0.429,0.446,0.4526666666666666,4863810.02,0,coinbase
1651536000,0.446,0.463,0.43,0.44,0.4443333333333333,1926108.42,0,coinbase
1651622400,0.44,0.48,0.433,0.476,0.463,4305166.79,0,coinbase
1651708800,0.477,0.489,0.405,0.42,0.438,7791766.89,0,coinbase
1651795200,0.42,0.427,0.396,0.416,0.413,4065739.45,0,coinbase
1651881600,0.414,0.416,0.374,0.388,0.39266666666666666,2883508.74,0,coinbase
1651968000,0.388,0.393,0.357,0.361,0.37033333333333335,3269278.29,0,coinbase
1652054400,0.36,0.371,0.266,0.272,0.303,8308145.63,0,coinbase
1652140800,0.271,0.333,0.266,0.296,0.29833333333333334,11709048.63,0,coinbase
1652227200,0.296,0.304,0.18,0.197,0.227,26649381.8,0,coinbase
1652313600,0.198,0.22,0.147,0.189,0.18533333333333335,18479349.34,0,coinbase
1652400000,0.189,0.238,0.189,0.207,0.21133333333333335,9726365.1,0,coinbase
1652486400,0.207,0.229,0.199,0.228,0.21866666666666668,4206102.38,0,coinbase
1652572800,0.228,0.238,0.216,0.237,0.2303333333333333,3097494.95,0,coinbase
1652659200,0.237,0.237,0.211,0.214,0.22066666666666665,3406175.27,0,coinbase
1652745600,0.215,0.257,0.214,0.253,0.24133333333333332,6225827.21,0,coinbase
1652832000,0.253,0.261,0.215,0.217,0.23099999999999998,6823654.28,0,coinbase
1652918400,0.218,0.271,0.21,0.259,0.24666666666666667,8739289.75,0,coinbase
1653004800,0.259,0.267,0.227,0.235,0.243,7248983.18,0,coinbase
1653091200,0.235,0.245,0.229,0.241,0.2383333333333333,4669318.41,0,coinbase
1653177600,0.24,0.25,0.232,0.243,0.24166666666666667,3521355.03,0,coinbase
1653264000,0.243,0.26,0.232,0.236,0.24266666666666667,3691372.4,0,coinbase
1653350400,0.236,0.243,0.22,0.239,0.23399999999999999,4085775.12,0,coinbase
1653436800,0.239,0.243,0.222,0.222,0.22899999999999998,5055047.03,0,coinbase
1653523200,0.223,0.229,0.193,0.202,0.20800000000000005,6156849.89,0,coinbase
1653609600,0.202,0.216,0.183,0.192,0.19699999999999998,6991098.35,0,coinbase
1653696000,0.192,0.209,0.189,0.198,0.19866666666666669,3142841.21,0,coinbase
1653782400,0.198,0.207,0.191,0.206,0.20133333333333334,1830782.79,0,coinbase
1653868800,0.204,0.235,0.202,0.229,0.222,3401374.95,0,coinbase
1653955200,0.229,0.393,0.226,0.335,0.318,52478509.93,0,coinbase
1654041600,0.337,0.353,0.27,0.273,0.2986666666666667,17449335.46,0,coinbase
1654128000,0.273,0.313,0.264,0.294,0.29033333333333333,8836622.01,0,coinbase
1654214400,0.293,0.344,0.281,0.287,0.304,15497166.01,0,coinbase
1654300800,0.287,0.295,0.273,0.291,0.28633333333333333,3015911.62,0,coinbase
1654387200,0.29,0.293,0.27,0.273,0.2786666666666667,2758427.97,0,coinbase
1654473600,0.273,0.296,0.272,0.28,0.2826666666666667,6476943.36,0,coinbase
1654560000,0.28,0.283,0.244,0.267,0.26466666666666666,8297950.64,0,coinbase
1654646400,0.269,0.303,0.258,0.271,0.2773333333333333,6438692.13,0,coinbase
1654732800,0.27,0.284,0.258,0.267,0.26966666666666667,3850161.28,0,coinbase
1654819200,0.267,0.276,0.24,0.246,0.254,4306986.01,0,coinbase
1654905600,0.246,0.253,0.209,0.22,0.2273333333333333,5240378.18,0,coinbase
1654992000,0.22,0.235,0.202,0.204,0.21366666666666667,4892864.61,0,coinbase
1655078400,0.205,0.215,0.182,0.189,0.19533333333333336,10245997.68,0,coinbase
1655164800,0.189,0.24,0.177,0.216,0.211,11667354.62,0,coinbase
1655251200,0.216,0.243,0.19,0.242,0.225,8697275.97,0,coinbase
1655337600,0.24,0.246,0.201,0.212,0.21966666666666668,4182882.03,0,coinbase
1655424000,0.212,0.253,0.208,0.239,0.2333333333333333,16775893.73,0,coinbase
1655510400,0.239,0.245,0.206,0.235,0.22866666666666666,5924552.47,0,coinbase
1655596800,0.235,0.28,0.226,0.261,0.25566666666666665,8159795.41,0,coinbase
1655683200,0.261,0.281,0.246,0.253,0.26,7037224.24,0,coinbase
1655769600,0.254,0.269,0.248,0.255,0.25733333333333336,2939067.86,0,coinbase
1655856000,0.255,0.262,0.234,0.236,0.244,3563899.86,0,coinbase
1655942400,0.237,0.259,0.236,0.255,0.25,2657396.87,0,coinbase
1656028800,0.255,0.267,0.25,0.262,0.25966666666666666,2796927.25,0,coinbase
1656115200,0.262,0.271,0.25,0.268,0.263,2969141.55,0,coinbase
1656201600,0.266,0.293,0.262,0.275,0.27666666666666667,4437518.57,0,coinbase
1656288000,0.275,0.299,0.262,0.27,0.27699999999999997,7433666.64,0,coinbase
1656374400,0.27,0.284,0.254,0.271,0.26966666666666667,4086743.18,0,coinbase
1656460800,0.27,0.287,0.26,0.27,0.2723333333333333,3360059.25,0,coinbase
1656547200,0.27,0.28,0.241,0.259,0.26,4081209.55,0,coinbase
1656633600,0.257,0.266,0.237,0.243,0.24866666666666667,2725454.41,0,coinbase
1656720000,0.242,0.282,0.239,0.271,0.26399999999999996,3017158.73,0,coinbase
1656806400,0.272,0.319,0.265,0.309,0.2976666666666667,4101662.52,0,coinbase
1656892800,0.309,0.385,0.305,0.312,0.334,15410721.65,0,coinbase
1656979200,0.312,0.321,0.282,0.286,0.29633333333333334,4544356.74,0,coinbase
1657065600,0.286,0.286,0.272,0.282,0.28,3611673.71,0,coinbase
1657152000,0.281,0.282,0.268,0.275,0.275,2840932.72,0,coinbase
1657238400,0.275,0.305,0.256,0.295,0.28533333333333327,6293445.96,0,coinbase
1657324800,0.295,0.297,0.26,0.272,0.2763333333333333,2877028.21,0,coinbase
1657411200,0.272,0.277,0.256,0.266,0.26633333333333337,1658546.76,0,coinbase
1657497600,0.265,0.265,0.223,0.228,0.23866666666666667,3741011.68,0,coinbase
1657584000,0.228,0.228,0.202,0.202,0.2106666666666667,8035326.93,0,coinbase
1657670400,0.202,0.215,0.19,0.21,0.205,7147652.18,0,coinbase
1657756800,0.21,0.213,0.198,0.211,0.20733333333333334,2249057.87,0,coinbase
1657843200,0.213,0.215,0.203,0.208,0.20866666666666667,2657626.14,0,coinbase
1657929600,0.208,0.222,0.204,0.213,0.213,3691020.89,0,coinbase
1658016000,0.213,0.217,0.202,0.203,0.20733333333333337,2270097.41,0,coinbase
1658102400,0.204,0.225,0.203,0.219,0.21566666666666667,4259095.64,0,coinbase
1658188800,0.218,0.234,0.212,0.227,0.22433333333333336,6032584.65,0,coinbase
1658275200,0.228,0.234,0.21,0.213,0.219,4426353.05,0,coinbase
1658361600,0.215,0.219,0.201,0.214,0.21133333333333335,2900824.27,0,coinbase
1658448000,0.214,0.223,0.206,0.209,0.21266666666666667,1677139.99,0,coinbase
1658534400,0.209,0.217,0.203,0.211,0.21033333333333334,1837564.9,0,coinbase
1658620800,0.212,0.216,0.208,0.21,0.21133333333333335,3354335.3,0,coinbase
1658707200,0.21,0.212,0.191,0.193,0.19866666666666669,1992679.23,0,coinbase
1658793600,0.194,0.197,0.187,0.197,0.19366666666666665,2604833.08,0,coinbase
1658880000,0.197,0.209,0.191,0.209,0.20299999999999999,3361900.43,0,coinbase
1658966400,0.208,0.22,0.206,0.216,0.214,3372360.75,0,coinbase
1659052800,0.216,0.225,0.209,0.215,0.21633333333333335,6823568.85,0,coinbase
1659139200,0.215,0.233,0.213,0.216,0.22066666666666668,8645790.6,0,coinbase
1659225600,0.217,0.227,0.212,0.213,0.21733333333333335,5727759.78,0,coinbase
1659312000,0.214,0.223,0.212,0.221,0.21866666666666668,4838538.32,0,coinbase
1659398400,0.221,0.223,0.205,0.212,0.21333333333333335,4514095.89,0,coinbase
1659484800,0.212,0.22,0.205,0.212,0.21233333333333335,3292221.67,0,coinbase
1659571200,0.211,0.219,0.211,0.218,0.216,1541045.06,0,coinbase
1659657600,0.219,0.23,0.217,0.228,0.225,2084637.64,0,coinbase
1659744000,0.229,0.23,0.222,0.223,0.225,1860023.58,0,coinbase
1659830400,0.223,0.23,0.217,0.225,0.224,787405.73,0,coinbase
1659916800,0.225,0.237,0.224,0.231,0.23066666666666666,4266221.82,0,coinbase
1660003200,0.23,0.242,0.211,0.218,0.22366666666666665,3363890.62,0,coinbase
1660089600,0.218,0.231,0.213,0.23,0.22466666666666668,1670474.04,0,coinbase
1660176000,0.23,0.237,0.226,0.227,0.22999999999999998,1994165.43,0,coinbase
1660262400,0.228,0.239,0.222,0.235,0.23199999999999998,1323124.15,0,coinbase
1660348800,0.235,0.241,0.228,0.234,0.2343333333333333,1179235.14,0,coinbase
1660435200,0.234,0.242,0.221,0.226,0.22966666666666666,2334722.72,0,coinbase
1660521600,0.226,0.233,0.22,0.227,0.22666666666666668,3153441.46,0,coinbase
1660608000,0.227,0.251,0.223,0.244,0.23933333333333331,8096993.49,0,coinbase
1660694400,0.244,0.245,0.211,0.216,0.22399999999999998,3963811.05,0,coinbase
1660780800,0.216,0.218,0.199,0.203,0.2066666666666667,1693670.52,0,coinbase
1660867200,0.204,0.204,0.174,0.187,0.18833333333333332,5248136.53,0,coinbase
1660953600,0.187,0.19,0.176,0.182,0.18266666666666667,1233992.88,0,coinbase
1661040000,0.182,0.19,0.181,0.187,0.18600000000000003,937182.75,0,coinbase
1661126400,0.186,0.187,0.174,0.184,0.18166666666666664,1025010.64,0,coinbase
1661212800,0.184,0.188,0.179,0.186,0.18433333333333332,1662570.69,0,coinbase
1661299200,0.186,0.199,0.18,0.185,0.18800000000000003,1653104.88,0,coinbase
1661385600,0.186,0.194,0.186,0.19,0.19000000000000003,1113510.25,0,coinbase
1661472000,0.19,0.192,0.168,0.171,0.17700000000000002,1495898.67,0,coinbase
1661558400,0.17,0.172,0.165,0.17,0.169,806276.31,0,coinbase
1661644800,0.17,0.174,0.164,0.164,0.16733333333333333,638414.42,0,coinbase
1661731200,0.164,0.175,0.162,0.175,0.17066666666666666,1482947.03,0,coinbase
1661817600,0.175,0.177,0.165,0.17,0.17066666666666666,901331.49,0,coinbase
1661904000,0.17,0.175,0.168,0.169,0.17066666666666666,755879.82,0,coinbase
1661990400,0.169,0.173,0.164,0.171,0.16933333333333334,711359.6,0,coinbase
1662076800,0.171,0.174,0.166,0.168,0.16933333333333334,633552.79,0,coinbase
1662163200,0.168,0.171,0.166,0.169,0.16866666666666666,333142.48,0,coinbase
1662249600,0.17,0.175,0.168,0.175,0.17266666666666666,332459.81,0,coinbase
1662336000,0.175,0.177,0.166,0.174,0.1723333333333333,1794666.21,0,coinbase
1662422400,0.173,0.18,0.159,0.15957,0.16618999999999998,1615263.07,0,coinbase
1662508800,0.15956,0.171,0.15535,0.16956,0.16530333333333333,1791770.71,0,coinbase
1662595200,0.17006,0.17266,0.16624,0.17037,0.16975666666666667,1689227.34,0,coinbase
1662681600,0.17113,0.18311,0.17102,0.17891,0.17767999999999998,3033654.32,0,coinbase
1662768000,0.17908,0.18238,0.17551,0.17959,0.17915999999999999,2413463.68,0,coinbase
1662854400,0.17962,0.18237,0.17494,0.17809,0.17846666666666666,1593177.33,0,coinbase
1662940800,0.17751,0.18353,0.1738,0.17716,0.17816333333333334,3447111.12,0,coinbase
1663027200,0.17698,0.17747,0.16173,0.16296,0.16738666666666666,4438034.38,0,coinbase
1663113600,0.16274,0.16598,0.15842,0.16248,0.16229333333333334,1627058.3,0,coinbase
1663200000,0.16257,0.16257,0.154,0.15593,0.1575,2989316.39,0,coinbase
1663286400,0.15598,0.15743,0.15151,0.15535,0.15476333333333334,1824516.16,0,coinbase
1663372800,0.15573,0.15953,0.15514,0.15912,0.15793000000000001,554626.09,0,coinbase
1663459200,0.15871,0.16046,0.13711,0.14146,0.14634333333333335,3035122.59,0,coinbase
1663545600,0.14138,0.14638,0.13921,0.14525,0.14361333333333334,2837373.89,0,coinbase
1663632000,0.14526,0.14722,0.14094,0.14418,0.14411333333333332,2252593.82,0,coinbase
1663718400,0.14374,0.15174,0.13721,0.13956,0.1428366666666667,5024846.72,0,coinbase
1663804800,0.13975,0.14905,0.13923,0.14781,0.14536333333333332,1704646.21,0,coinbase
1663891200,0.14835,0.1619,0.14191,0.15984,0.15455,4506809.86,0,coinbase
1663977600,0.15991,0.16008,0.14593,0.14704,0.15101666666666666,2791025.32,0,coinbase
1664064000,0.14736,0.15364,0.14495,0.14659,0.14839333333333335,1684962.43,0,coinbase
1664150400,0.14605,0.14848,0.14263,0.14591,0.14567333333333332,1812531.68,0,coinbase
1664236800,0.14578,0.15559,0.14297,0.14438,0.14764666666666668,3797832.35,0,coinbase
1664323200,0.14455,0.14585,0.13789,0.14425,0.14266333333333334,1994400.74,0,coinbase
1664409600,0.14458,0.14815,0.14225,0.14787,0.14609,1889881.66,0,coinbase
1664496000,0.14784,0.14891,0.14466,0.14626,0.14661,1171456.48,0,coinbase
1664582400,0.14632,0.14951,0.14599,0.14714,0.14754666666666666,828470.51,0,coinbase
1664668800,0.14736,0.14818,0.14245,0.14275,0.14446,820923.61,0,coinbase
1664755200,0.14251,0.15193,0.1407,0.15018,0.14760333333333334,1575238.09,0,coinbase
1664841600,0.15009,0.15367,0.14888,0.1523,0.15161666666666665,1026575.52,0,coinbase
1664928000,0.15241,0.1529,0.14761,0.15081,0.15044,933092.74,0,coinbase
1665014400,0.15098,0.15325,0.14959,0.14977,0.15086999999999998,706926.33,0,coinbase
1665100800,0.14993,0.155,0.14863,0.15308,0.15223666666666666,1840511.96,0,coinbase
1665187200,0.15297,0.15524,0.15121,0.15272,0.15305666666666665,1871556.79,0,coinbase
1665273600,0.15259,0.156,0.15145,0.15286,0.15343666666666667,1241532.22,0,coinbase
1665360000,0.15296,0.15465,0.14472,0.14541,0.14826000000000003,1573961.9,0,coinbase
1665446400,0.14492,0.14492,0.14102,0.14354,0.14315999999999998,2026140.12,0,coinbase
1665532800,0.14331,0.146,0.1409,0.14292,0.14327333333333334,1131893.45,0,coinbase
1665619200,0.1429,0.1429,0.12677,0.1377,0.13579,4744980.19,0,coinbase
1665705600,0.13758,0.14264,0.13547,0.13691,0.13834,1115208.68,0,coinbase
1665792000,0.13708,0.14204,0.13518,0.13856,0.13859333333333335,1386215.1,0,coinbase
1665878400,0.13879,0.14305,0.13874,0.14141,0.14106666666666667,1562996.64,0,coinbase
1665964800,0.14171,0.14351,0.13996,0.1427,0.14205666666666666,750507.91,0,coinbase
1666051200,0.14308,0.14415,0.13818,0.14018,0.14083666666666664,1194286.75,0,coinbase
1666137600,0.14031,0.14051,0.13462,0.13592,0.13701666666666668,1891857.05,0,coinbase
1666224000,0.13583,0.13893,0.1337,0.13456,0.13573000000000002,1419985.64,0,coinbase
1666310400,0.13438,0.13757,0.13178,0.13615,0.13516666666666666,1138374.8,0,coinbase
1666396800,0.13632,0.13875,0.13474,0.13724,0.13691,459979.9,0,coinbase
1666483200,0.13707,0.1381,0.13417,0.13763,0.13663333333333336,1348262.69,0,coinbase
1666569600,0.13786,0.13804,0.13486,0.13677,0.1365566666666667,665905.61,0,coinbase
1666656000,0.13677,0.14311,0.13586,0.14069,0.1398866666666667,1384777.86,0,coinbase
1666742400,0.14094,0.15,0.14072,0.14229,0.14433666666666667,2411544.12,0,coinbase
1666828800,0.14288,0.14775,0.1399,0.14063,0.14276,2235209.78,0,coinbase
1666915200,0.14056,0.14541,0.13907,0.14414,0.14287333333333332,1173774.48,0,coinbase
1667001600,0.14419,0.1494,0.14368,0.14551,0.14619666666666667,4479186.51,0,coinbase
1667088000,0.14568,0.15413,0.14453,0.14758,0.14874666666666667,2816347.52,0,coinbase
1667174400,0.14806,0.1511,0.14378,0.14599,0.14695666666666668,1736786.77,0,coinbase
1667260800,0.14601,0.14934,0.14125,0.14214,0.14424333333333333,1228773.93,0,coinbase
1667347200,0.14201,0.14311,0.13449,0.13765,0.13841666666666666,2269141.26,0,coinbase
1667433600,0.1377,0.17843,0.1377,0.16574,0.16062333333333334,14302823.41,0,coinbase
1667520000,0.16607,0.16628,0.1519,0.16224,0.16014,3992364.97,0,coinbase
1667606400,0.16255,0.16685,0.15636,0.15927,0.16082666666666667,3682808.02,0,coinbase
1667692800,0.15914,0.16238,0.14839,0.14904,0.15327,2702478.34,0,coinbase
1667779200,0.14945,0.15353,0.1463,0.14963,0.14982000000000004,3720212.15,0,coinbase
1667865600,0.1496,0.15152,0.10616,0.12143,0.12637,10565510.84,0,coinbase
1667952000,0.12133,0.12255,0.09268,0.09395,0.10306,9486109.26,0,coinbase
1668038400,0.09384,0.11811,0.09331,0.11407,0.10849666666666667,5481585.38,0,coinbase
1668124800,0.11444,0.11514,0.10064,0.10834,0.10804000000000001,3347346.85,0,coinbase
1668211200,0.10836,0.10837,0.10008,0.10157,0.10333999999999999,1623283.83,0,coinbase
1668297600,0.10147,0.1042,0.09768,0.1001,0.10066000000000001,2010742.29,0,coinbase
1668384000,0.09981,0.11582,0.09347,0.10423,0.10450666666666668,4949732.92,0,coinbase
1668470400,0.10411,0.11057,0.10252,0.10629,0.10646,1514894.34,0,coinbase
1668556800,0.10589,0.10978,0.10276,0.10331,0.10528333333333334,1036895.94,0,coinbase
1668643200,0.10379,0.10948,0.10158,0.10291,0.10465666666666666,1188506.92,0,coinbase
1668729600,0.10331,0.1048,0.10027,0.1012,0.10209,963846.74,0,coinbase
1668816000,0.10121,0.10411,0.09885,0.10396,0.10230666666666666,1410954.42,0,coinbase
1668902400,0.10388,0.105,0.09653,0.09701,0.09951333333333333,1410332.14,0,coinbase
1668988800,0.09666,0.09825,0.0924,0.09515,0.09526666666666667,1897691.09,0,coinbase
1669075200,0.09515,0.09708,0.09096,0.09705,0.09502999999999999,1286347.78,0,coinbase
1669161600,0.0969,0.10221,0.09601,0.10175,0.09999000000000001,1287916.65,0,coinbase
1669248000,0.10193,0.105,0.10066,0.10213,0.10259666666666667,1046057.59,0,coinbase
1669334400,0.10237,0.10482,0.09869,0.10279,0.10210000000000001,1230648.74,0,coinbase
1669420800,0.10252,0.10735,0.10252,0.10438,0.10475000000000001,1816897.8,0,coinbase
1669507200,0.10429,0.10707,0.10237,0.1034,0.10428,1228785.34,0,coinbase
1669593600,0.10359,0.104,0.09722,0.1,0.10040666666666669,824213.17,0,coinbase
1669680000,0.10003,0.10441,0.09877,0.10386,0.10234666666666666,1479682.35,0,coinbase
1669766400,0.10404,0.10793,0.10358,0.10694,0.10615000000000001,1427074.86,0,coinbase
1669852800,0.10722,0.10912,0.1044,0.10611,0.10654333333333332,1101288.95,0,coinbase
1669939200,0.10604,0.10878,0.10483,0.1079,0.10717,502441.74,0,coinbase
1670025600,0.10796,0.11139,0.10454,0.1054,0.10711,444197.45,0,coinbase
1670112000,0.10522,0.10697,0.10448,0.10588,0.10577666666666667,515303.14,0,coinbase
1670198400,0.10563,0.11,0.10339,0.10502,0.10613666666666666,794509.31,0,coinbase
1670284800,0.10496,0.10834,0.10427,0.10637,0.10632666666666668,946182.31,0,coinbase
1670371200,0.10622,0.10695,0.09918,0.10187,0.10266666666666667,1424419.17,0,coinbase
1670457600,0.10202,0.10365,0.1,0.10318,0.10227666666666667,821397.95,0,coinbase
1670544000,0.10319,0.10628,0.1023,0.10378,0.10411999999999999,914927.02,0,coinbase
1670630400,0.10378,0.10739,0.10368,0.10535,0.10547333333333332,1134787.47,0,coinbase
1670716800,0.10541,0.10776,0.1021,0.10296,0.10427333333333333,411774.39,0,coinbase
1670803200,0.10264,0.10272,0.09918,0.10057,0.10082333333333333,710912.56,0,coinbase
1670889600,0.10108,0.10416,0.09512,0.103,0.10076,1167761.23,0,coinbase
1670976000,0.10283,0.10533,0.09897,0.10154,0.10194666666666667,1385877.05,0,coinbase
1671062400,0.10169,0.10456,0.09965,0.10148,0.10189666666666668,940927.5,0,coinbase
1671148800,0.10149,0.10234,0.08684,0.08781,0.09233000000000001,1170404.7,0,coinbase
1671235200,0.08781,0.0894,0.08538,0.08817,0.08765,751659.81,0,coinbase
1671321600,0.0883,0.08957,0.08654,0.08773,0.08794666666666666,620332.54,0,coinbase
1671408000,0.08769,0.08874,0.08076,0.08194,0.08381333333333334,487701.44,0,coinbase
1671494400,0.08201,0.08721,0.08172,0.08701,0.08531333333333334,475293.65,0,coinbase
1671580800,0.08708,0.08711,0.08435,0.08541,0.08562333333333333,974528.57,0,coinbase
1671667200,0.08544,0.08829,0.08512,0.08746,0.08695666666666667,829654.37,0,coinbase
1671753600,0.08754,0.08811,0.08621,0.08764,0.08732,405897.39,0,coinbase
1671840000,0.08778,0.08814,0.0867,0.08773,0.08752333333333333,676029.15,0,coinbase
1671926400,0.08781,0.08781,0.08455,0.08667,0.08634333333333333,528078.98,0,coinbase
1672012800,0.08678,0.08933,0.08651,0.08933,0.08839000000000001,780429.63,0,coinbase
1672099200,0.0893,0.09153,0.08824,0.0893,0.08968999999999999,1421274.48,0,coinbase
1672185600,0.08954,0.08966,0.08491,0.08776,0.08744333333333333,1285921.58,0,coinbase
1672272000,0.08796,0.08915,0.08483,0.0868,0.08692666666666667,1737682.61,0,coinbase
1672358400,0.08686,0.08719,0.08338,0.08563,0.08539999999999999,697104.25,0,coinbase
1672444800,0.0856,0.08833,0.08504,0.08676,0.08671000000000001,514499.79,0,coinbase
1672531200,0.08658,0.08886,0.08489,0.08531,0.08635333333333332,598374.8,0,coinbase
1672617600,0.08534,0.08811,0.0846,0.08733,0.08668,374413.68,0,coinbase
1672704000,0.08748,0.09024,0.0873,0.0897,0.08908,506365.48,0,coinbase
1672790400,0.08965,0.09741,0.08821,0.0903,0.09197333333333334,1142845.63,0,coinbase
1672876800,0.09036,0.092,0.0884,0.08888,0.08976,780082.5,0,coinbase
1672963200,0.08888,0.0922,0.08668,0.09071,0.08986333333333334,496328.53,0,coinbase
1673049600,0.09096,0.09375,0.09069,0.09144,0.09196,529989.86,0,coinbase
1673136000,0.09145,0.09511,0.08984,0.09448,0.09314333333333334,720496.72,0,coinbase
1673222400,0.09482,0.10315,0.09373,0.09961,0.09883000000000002,2188892.99,0,coinbase
1673308800,0.09956,0.10213,0.0967,0.10055,0.09979333333333333,805270.48,0,coinbase
1673395200,0.10029,0.10221,0.09701,0.10175,0.10032333333333333,1176084.3,0,coinbase
1673481600,0.10182,0.1125,0.09796,0.10558,0.10534666666666666,2545712.19,0,coinbase
1673568000,0.10571,0.11021,0.10324,0.11021,0.10788666666666667,1112889.57,0,coinbase
1673654400,0.11035,0.1188,0.10716,0.11286,0.11294,3206567.22,0,coinbase
1673740800,0.11259,0.12192,0.10885,0.11724,0.11600333333333333,2490778.61,0,coinbase
1673827200,0.117,0.1254,0.11154,0.11644,0.11779333333333335,1549201.84,0,coinbase
1673913600,0.11617,0.12039,0.11319,0.11633,0.11663666666666667,1153541.47,0,coinbase
1674000000,0.11676,0.12005,0.10579,0.10741,0.11108333333333333,1856872.31,0,coinbase
1674086400,0.10731,0.11005,0.10542,0.10969,0.10838666666666667,498955.03,0,coinbase
1674172800,0.10973,0.12018,0.10732,0.12018,0.11589333333333333,753485.35,0,coinbase
1674259200,0.12043,0.12378,0.1162,0.11678,0.11891999999999998,2014178.64,0,coinbase
1674345600,0.11683,0.12615,0.11624,0.12012,0.12083666666666666,1336459.53,0,coinbase
1674432000,0.12019,0.12722,0.118,0.12522,0.12347999999999999,1600332.84,0,coinbase
1674518400,0.12521,0.14566,0.122,0.12723,0.13163,4921571.33,0,coinbase
1674604800,0.12737,0.13032,0.12206,0.12826,0.12688,1853993.13,0,coinbase
1674691200,0.12834,0.13009,0.12382,0.12771,0.12720666666666666,1680599.79,0,coinbase
1674777600,0.12858,0.12962,0.12402,0.12905,0.12756333333333333,886431.21,0,coinbase
1674864000,0.12915,0.135,0.1244,0.12969,0.12969666666666668,1057787.2,0,coinbase
1674950400,0.1296,0.1355,0.12737,0.13387,0.13224666666666668,883653.77,0,coinbase
1675036800,0.13426,0.13497,0.11966,0.12177,0.12546666666666667,852745.52,0,coinbase
1675123200,0.12182,0.12728,0.12116,0.12576,0.12473333333333332,677311.99,0,coinbase
1675209600,0.12614,0.1328,0.1174,0.13264,0.12761333333333333,2246979.43,0,coinbase
1675296000,0.13292,0.13735,0.12763,0.12999,0.13165666666666667,1004279.51,0,coinbase
1675382400,0.13007,0.13445,0.12815,0.13386,0.13215333333333332,1125005.48,0,coinbase
1675468800,0.13431,0.13737,0.13149,0.1329,0.13392,897994.21,0,coinbase
1675555200,0.13275,0.13596,0.12282,0.12687,0.12855000000000003,1758348.35,0,coinbase
1675641600,0.12682,0.13464,0.1267,0.12881,0.13005,1786458.99,0,coinbase
1675728000,0.12868,0.1553,0.12866,0.14889,0.14428333333333332,4310952.54,0,coinbase
1675814400,0.14878,0.14971,0.13894,0.14396,0.14420333333333335,1654206.66,0,coinbase
1675900800,0.14341,0.15397,0.12755,0.13238,0.13796666666666665,3856784.12,0,coinbase
1675987200,0.13246,0.13545,0.12636,0.13114,0.13098333333333334,1283339.4,0,coinbase
1676073600,0.13165,0.14129,0.12948,0.13758,0.13611666666666666,2391602.53,0,coinbase
1676160000,0.13774,0.16833,0.1372,0.14928,0.1516033333333333,5478470.87,0,coinbase
1676246400,0.14968,0.16173,0.13457,0.13731,0.14453666666666667,5430724.87,0,coinbase
1676332800,0.13793,0.14253,0.13257,0.14186,0.13898666666666668,2452789.93,0,coinbase
1676419200,0.14221,0.14685,0.13714,0.14685,0.14361333333333334,1514227.65,0,coinbase
1676505600,0.14696,0.15059,0.13595,0.13704,0.14119333333333334,2164068.43,0,coinbase
1676592000,0.13704,0.15846,0.13704,0.14841,0.14797,2739268.71,0,coinbase
1676678400,0.14865,0.159,0.14599,0.14942,0.15147,2416675.97,0,coinbase
1676764800,0.14947,0.15393,0.14514,0.15032,0.14979666666666666,1264583.43,0,coinbase
1676851200,0.15055,0.15916,0.14497,0.15584,0.15332333333333334,2038029.4,0,coinbase
1676937600,0.15587,0.15657,0.14752,0.15256,0.15221666666666667,1808954.15,0,coinbase
1677024000,0.15327,0.15421,0.14173,0.14906,0.14833333333333332,2766339.09,0,coinbase
1677110400,0.14915,0.15523,0.14599,0.14828,0.14983333333333335,1240385.02,0,coinbase
1677196800,0.14826,0.14906,0.1345,0.1378,0.14045333333333335,1913770.2,0,coinbase
1677283200,0.13739,0.13836,0.12698,0.1321,0.13248000000000001,746975.43,0,coinbase
1677369600,0.13186,0.13869,0.13137,0.13717,0.13574333333333333,952283.69,0,coinbase
1677456000,0.1375,0.14097,0.13444,0.13744,0.1376166666666667,826757.96,0,coinbase
1677542400,0.13744,0.13911,0.1307,0.13237,0.13405999999999998,1073253.95,0,coinbase
1677628800,0.13213,0.13957,0.13136,0.13915,0.13669333333333333,935720.46,0,coinbase
1677715200,0.13925,0.13984,0.13162,0.13517,0.13554333333333332,656573.95,0,coinbase
1677801600,0.13479,0.13479,0.1175,0.12419,0.12549333333333335,940757.72,0,coinbase
1677888000,0.12418,0.12523,0.11953,0.11977,0.12151,143930.39,0,coinbase
1677974400,0.11972,0.12488,0.11826,0.11897,0.12070333333333334,630413.97,0,coinbase
1678060800,0.1191,0.12323,0.11645,0.12176,0.12047999999999999,880158.49,0,coinbase
1678147200,0.12166,0.12376,0.11646,0.12011,0.12011,922034.83,0,coinbase
1678233600,0.11938,0.12093,0.10912,0.11019,0.11341333333333332,1757463.5,0,coinbase
1678320000,0.11024,0.11621,0.10357,0.10489,0.10822333333333332,1794151.83,0,coinbase
1678406400,0.10501,0.10746,0.09747,0.10669,0.10387333333333333,1083075.45,0,coinbase
1678492800,0.10636,0.10914,0.0999,0.104,0.10434666666666666,907041.27,0,coinbase
1678579200,0.104,0.11242,0.10118,0.11221,0.10860333333333334,810578.16,0,coinbase
1678665600,0.11243,0.11955,0.109,0.11791,0.11548666666666667,1320306.66,0,coinbase
1678752000,0.11781,0.12621,0.11488,0.12282,0.12130333333333332,1032455.37,0,coinbase
1678838400,0.12296,0.12427,0.10946,0.1108,0.11484333333333334,531130.53,0,coinbase
1678924800,0.11058,0.11395,0.10895,0.11262,0.11184,719450.02,0,coinbase
1679011200,0.11236,0.12252,0.11103,0.12227,0.11860666666666668,1231260.46,0,coinbase
1679097600,0.12254,0.12643,0.1172,0.118,0.12054333333333334,1057317.02,0,coinbase
1679184000,0.11837,0.12339,0.117,0.12088,0.12042333333333333,1352259.12,0,coinbase
1679270400,0.12149,0.12295,0.11377,0.11457,0.11709666666666667,909127.61,0,coinbase
1679356800,0.11453,0.12172,0.11069,0.11857,0.11699333333333334,674083.55,0,coinbase
1679443200,0.11857,0.11903,0.10895,0.11126,0.11308,1167169.86,0,coinbase
1679529600,0.1116,0.11813,0.11142,0.11777,0.11577333333333334,451811.14,0,coinbase
1679616000,0.11787,0.122,0.11132,0.11323,0.11551666666666667,1083817.27,0,coinbase
1679702400,0.11328,0.11427,0.10962,0.11149,0.11179333333333334,345984.81,0,coinbase
1679788800,0.11163,0.11378,0.11074,0.11319,0.11257,184692.08,0,coinbase
1679875200,0.11309,0.11331,0.1055,0.10638,0.10839666666666666,941114.79,0,coinbase
1679961600,0.10644,0.10921,0.10399,0.10843,0.10720999999999999,529967.31,0,coinbase
1680048000,0.10821,0.12232,0.1082,0.1177,0.11607333333333332,1423832.16,0,coinbase
1680134400,0.11775,0.12168,0.11437,0.11599,0.11734666666666665,1576537.39,0,coinbase
1680220800,0.11614,0.12141,0.11538,0.12003,0.11894,1273931.4,0,coinbase
1680307200,0.12003,0.123,0.11745,0.12048,0.12030999999999999,1166484.99,0,coinbase
1680393600,0.12049,0.1281,0.11493,0.11766,0.12023,1055538.05,0,coinbase
1680480000,0.11718,0.12101,0.11303,0.12032,0.11812,976393.77,0,coinbase
1680566400,0.1206,0.12879,0.11911,0.12815,0.12535,2202779.9,0,coinbase
1680652800,0.12808,0.13227,0.12319,0.12507,0.12684333333333334,1019927.89,0,coinbase
1680739200,0.12508,0.13288,0.12218,0.12837,0.12781,1655900.25,0,coinbase
1680825600,0.12821,0.12898,0.12422,0.12479,0.12599666666666667,981381.81,0,coinbase
1680912000,0.12489,0.12575,0.12311,0.1255,0.12478666666666667,816663.77,0,coinbase
1680998400,0.12529,0.12821,0.12165,0.12708,0.12564666666666666,566825.48,0,coinbase
1681084800,0.12655,0.13093,0.12557,0.12967,0.12872333333333333,593311.53,0,coinbase
1681171200,0.12984,0.13015,0.1269,0.12783,0.12829333333333334,835449.26,0,coinbase
1681257600,0.12763,0.12801,0.12176,0.12624,0.12533666666666665,570716.22,0,coinbase
1681344000,0.12636,0.1288,0.12335,0.12816,0.12677,435360.69,0,coinbase
1681430400,0.12813,0.13429,0.12753,0.13152,0.13111333333333333,862996.39,0,coinbase
1681516800,0.13193,0.14003,0.12881,0.13608,0.1349733333333333,2101550.61,0,coinbase
1681603200,0.13627,0.13947,0.13375,0.1366,0.13660666666666668,1557949.88,0,coinbase
1681689600,0.13652,0.1366,0.12852,0.13123,0.1321166666666667,1049328.08,0,coinbase
1681776000,0.13128,0.139,0.129,0.1357,0.13456666666666667,759051.44,0,coinbase
1681862400,0.13564,0.13608,0.1194,0.1212,0.12556,940014.0,0,coinbase
1681948800,0.12138,0.12303,0.11562,0.1171,0.11858333333333333,544268.97,0,coinbase
1682035200,0.11708,0.11998,0.11,0.11079,0.11359000000000001,657178.0,0,coinbase
1682121600,0.11091,0.11454,0.11,0.11432,0.11295333333333335,341902.01,0,coinbase
1682208000,0.11386,0.1139,0.10742,0.11088,0.11073333333333335,352598.57,0,coinbase
1682294400,0.11112,0.11549,0.10909,0.11189,0.11215666666666667,907859.83,0,coinbase
1682380800,0.11209,0.11525,0.10882,0.11475,0.11294,468409.87,0,coinbase
1682467200,0.1142,0.11994,0.10693,0.1124,0.11309000000000001,875998.63,0,coinbase
1682553600,0.11223,0.1155,0.11062,0.1142,0.11343999999999999,456772.11,0,coinbase
1682640000,0.1142,0.11497,0.10842,0.1128,0.11206333333333333,2064929.37,0,coinbase
1682726400,0.11256,0.11865,0.11216,0.11515,0.11532000000000002,957320.54,0,coinbase
1682812800,0.11538,0.11538,0.11111,0.11143,0.11264,426068.6,0,coinbase
1682899200,0.11173,0.11201,0.10598,0.10754,0.10851,598179.32,0,coinbase
1682985600,0.10736,0.10984,0.1058,0.1093,0.10831333333333333,422537.24,0,coinbase
1683072000,0.10926,0.11201,0.10552,0.11155,0.10969333333333332,603522.43,0,coinbase
1683158400,0.11132,0.11137,0.10779,0.1086,0.10925333333333333,635820.18,0,coinbase
1683244800,0.10909,0.1115,0.1075,0.1111,0.11003333333333333,654872.53,0,coinbase
1683331200,0.11091,0.11163,0.1041,0.10553,0.10708666666666666,552110.83,0,coinbase
1683417600,0.10561,0.10778,0.10296,0.10352,0.10475333333333332,443709.35,0,coinbase
1683504000,0.10322,0.10407,0.09016,0.0936,0.09594333333333334,1166089.36,0,coinbase
1683590400,0.09326,0.09445,0.0922,0.0936,0.09341666666666666,569696.47,0,coinbase
1683676800,0.09326,0.09675,0.08974,0.09503,0.09383999999999999,568768.76,0,coinbase
1683763200,0.09456,0.09488,0.08561,0.08837,0.08961999999999999,1139836.18,0,coinbase
1683849600,0.08808,0.09138,0.08522,0.09106,0.08922000000000001,383658.25,0,coinbase
1683936000,0.09106,0.09109,0.08832,0.08911,0.08950666666666666,208775.84,0,coinbase
1684022400,0.08878,0.09157,0.08765,0.09042,0.08988,157478.62,0,coinbase
1684108800,0.0905,0.09274,0.08908,0.09188,0.09123333333333333,545865.21,0,coinbase
1684195200,0.09186,0.09407,0.09015,0.09397,0.09272999999999999,521335.55,0,coinbase
1684281600,0.09363,0.0975,0.09316,0.09671,0.09579,966844.57,0,coinbase
1684368000,0.09685,0.09685,0.09177,0.09457,0.09439666666666667,274313.9,0,coinbase
1684454400,0.09457,0.09551,0.09348,0.09533,0.09477333333333333,217702.86,0,coinbase
1684540800,0.09488,0.09649,0.09421,0.09649,0.09573,158147.33,0,coinbase
1684627200,0.09621,0.09656,0.09303,0.09355,0.09438,290189.62,0,coinbase
1684713600,0.0934,0.09562,0.09155,0.09363,0.0936,491766.36,0,coinbase
1684800000,0.09369,0.09662,0.09319,0.09465,0.09482,350679.7,0,coinbase
1684886400,0.09479,0.09479,0.0861,0.08991,0.09026666666666666,661629.4,0,coinbase
1684972800,0.08991,0.09164,0.08742,0.09116,0.09007333333333334,175720.61,0,coinbase
1685059200,0.0909,0.09296,0.09031,0.09198,0.09175,273747.63,0,coinbase
1685145600,0.09212,0.09275,0.09114,0.09227,0.09205333333333333,240736.28,0,coinbase
1685232000,0.09189,0.09853,0.0917,0.09702,0.09575,288414.71,0,coinbase
1685318400,0.09693,0.09777,0.0953,0.09685,0.09664,336936.7,0,coinbase
1685404800,0.09677,0.09939,0.09609,0.09935,0.09827666666666666,256534.95,0,coinbase
1685491200,0.09933,0.09994,0.09462,0.09682,0.09712666666666668,445169.59,0,coinbase
1685577600,0.09681,0.09761,0.09411,0.09669,0.09613666666666666,507962.31,0,coinbase
1685664000,0.09642,0.09919,0.09531,0.09875,0.09775,176335.76,0,coinbase
1685750400,0.0985,0.09955,0.0955,0.09767,0.09757333333333333,561659.06,0,coinbase
1685836800,0.09786,0.09897,0.09655,0.09663,0.09738333333333334,162542.83,0,coinbase
1685923200,0.09662,0.09662,0.08321,0.08663,0.08882,925856.22,0,coinbase
1686009600,0.08638,0.09277,0.08368,0.08892,0.08845666666666667,793518.98,0,coinbase
1686096000,0.0886,0.08862,0.08059,0.0816,0.08360333333333332,869890.92,0,coinbase
1686182400,0.08167,0.08351,0.07921,0.08243,0.08171666666666667,190189.08,0,coinbase
1686268800,0.08242,0.08379,0.08082,0.08185,0.08215333333333334,414511.71,0,coinbase
1686355200,0.0817,0.08181,0.06129,0.06724,0.07011333333333333,2370337.95,0,coinbase
1686441600,0.06717,0.06968,0.06583,0.06851,0.06800666666666667,706744.69,0,coinbase
1686528000,0.06849,0.07166,0.0661,0.07166,0.06980666666666667,743197.85,0,coinbase
1686614400,0.07138,0.0746,0.07107,0.07281,0.07282666666666666,310132.35,0,coinbase
1686700800,0.07275,0.07386,0.06696,0.06912,0.06998,865046.76,0,coinbase
1686787200,0.06897,0.07099,0.06771,0.0706,0.06976666666666666,89353.69,0,coinbase
1686873600,0.07059,0.07217,0.06807,0.07139,0.07054333333333333,805498.38,0,coinbase
1686960000,0.07124,0.07437,0.07074,0.07256,0.07255666666666667,361863.44,0,coinbase
1687046400,0.07256,0.07373,0.07148,0.07148,0.07223,300019.39,0,coinbase
1687132800,0.07162,0.074,0.071,0.07324,0.07274666666666667,490245.98,0,coinbase
1687219200,0.07331,0.07539,0.07075,0.07484,0.07366,915646.39,0,coinbase
1687305600,0.07483,0.08024,0.07483,0.07962,0.07823,454083.58,0,coinbase
1687392000,0.07976,0.08311,0.07828,0.07991,0.08043333333333334,779862.98,0,coinbase
1687478400,0.08014,0.084,0.07904,0.08263,0.08189,332091.7,0,coinbase
1687564800,0.08274,0.08376,0.08075,0.08233,0.08228,328775.84,0,coinbase
1687651200,0.08262,0.08482,0.08159,0.0827,0.08303666666666666,833717.29,0,coinbase
1687737600,0.0827,0.0827,0.07769,0.07971,0.08003333333333333,406656.4,0,coinbase
1687824000,0.07971,0.08184,0.07934,0.08177,0.08098333333333334,198516.66,0,coinbase
1687910400,0.08117,0.08117,0.07467,0.0762,0.07734666666666667,271267.65,0,coinbase
1687996800,0.07602,0.07851,0.07587,0.0773,0.07722666666666667,200990.57,0,coinbase
1688083200,0.07723,0.08197,0.07432,0.08071,0.079,678251.32,0,coinbase
1688169600,0.08055,0.08261,0.0789,0.08194,0.08115,828564.5,0,coinbase
1688256000,0.08197,0.08253,0.07911,0.0822,0.08128,381018.49,0,coinbase
1688342400,0.08243,0.08599,0.0821,0.08514,0.08441,356686.86,0,coinbase
1688428800,0.08536,0.08597,0.08209,0.08555,0.08453666666666666,641477.17,0,coinbase
1688515200,0.08523,0.08718,0.08033,0.08362,0.08370999999999999,5716593.85,0,coinbase
1688601600,0.08329,0.08864,0.082,0.082,0.08421333333333335,941653.55,0,coinbase
1688688000,0.08168,0.08401,0.08068,0.08265,0.08244666666666667,1038622.68,0,coinbase
1688774400,0.08237,0.08447,0.08184,0.0836,0.08330333333333334,153316.04,0,coinbase
1688860800,0.08396,0.08405,0.08093,0.081,0.08199333333333335,388983.19,0,coinbase
1688947200,0.08119,0.08333,0.07849,0.08151,0.08111,1000316.22,0,coinbase
1689033600,0.08168,0.08252,0.08056,0.08155,0.08154333333333334,401802.4,0,coinbase
1689120000,0.08207,0.08297,0.07963,0.08047,0.08102333333333334,1028357.41,0,coinbase
1689206400,0.08054,0.08649,0.0787,0.08649,0.08389333333333333,1231645.34,0,coinbase
1689292800,0.08656,0.0888,0.08128,0.08379,0.08462333333333334,1285110.27,0,coinbase
1689379200,0.08389,0.08547,0.08261,0.08368,0.08392,286715.44,0,coinbase
1689465600,0.08384,0.08405,0.0799,0.08054,0.08149666666666666,1916369.84,0,coinbase
1689552000,0.08023,0.08222,0.07851,0.08176,0.08083,830585.65,0,coinbase
1689638400,0.08137,0.08174,0.07665,0.07685,0.07841333333333332,330570.66,0,coinbase
1689724800,0.07665,0.07897,0.07577,0.07631,0.07701666666666666,386871.85,0,coinbase
1689811200,0.07649,0.07871,0.07572,0.0775,0.07731,281291.62,0,coinbase
1689897600,0.07742,0.07832,0.07666,0.07793,0.07763666666666667,161312.38,0,coinbase
1689984000,0.07785,0.07873,0.07449,0.07535,0.07619,213285.68,0,coinbase
1690070400,0.07534,0.1499,0.07466,0.12273,0.11576333333333333,32311929.02,0,coinbase
1690156800,0.12232,0.13611,0.08886,0.09463,0.10653333333333333,28478555.09,0,coinbase
1690243200,0.09455,0.10265,0.08638,0.0896,0.09287666666666666,12181907.04,0,coinbase
1690329600,0.08975,0.118,0.08769,0.10537,0.10368666666666666,25577556.94,0,coinbase
1690416000,0.10536,0.125,0.09825,0.10244,0.10856333333333335,19783410.31,0,coinbase
1690502400,0.10233,0.11386,0.0985,0.10841,0.10692333333333333,10356106.13,0,coinbase
1690588800,0.10876,0.11603,0.10739,0.10979,0.11107,20652664.14,0,coinbase
1690675200,0.10986,0.11286,0.10061,0.10301,0.10549333333333333,3080738.6,0,coinbase
1690761600,0.10325,0.108,0.10219,0.10386,0.10468333333333334,7196596.03,0,coinbase
1690848000,0.10381,0.10617,0.09842,0.10405,0.10288000000000001,3976227.95,0,coinbase
1690934400,0.10407,0.11253,0.102,0.105,0.10651,7863342.39,0,coinbase
1691020800,0.10516,0.10772,0.09959,0.09963,0.10231333333333333,2398515.32,0,coinbase
1691107200,0.09977,0.102,0.0971,0.09918,0.09942666666666666,2006763.12,0,coinbase
1691193600,0.0991,0.10081,0.09545,0.0966,0.09762,2027321.14,0,coinbase
1691280000,0.09681,0.09924,0.09555,0.09695,0.09724666666666666,1104912.87,0,coinbase
1691366400,0.09705,0.09972,0.09194,0.09537,0.09567666666666667,2488114.4,0,coinbase
1691452800,0.09506,0.09747,0.09372,0.09527,0.09548666666666666,1934321.98,0,coinbase
1691539200,0.09522,0.09669,0.09308,0.09485,0.09487333333333332,1511522.91,0,coinbase
1691625600,0.09472,0.09551,0.09324,0.09391,0.09422000000000001,1601694.35,0,coinbase
1691712000,0.09403,0.09586,0.09227,0.09409,0.09407333333333334,2726383.42,0,coinbase
1691798400,0.09397,0.09965,0.09318,0.0956,0.09614333333333334,4008223.33,0,coinbase
1691884800,0.09574,0.09733,0.09318,0.0938,0.09477000000000001,3175372.59,0,coinbase
1691971200,0.09366,0.096,0.09334,0.09415,0.09449666666666667,1368217.18,0,coinbase
1692057600,0.09433,0.09434,0.0812,0.08693,0.08749,3373986.05,0,coinbase
1692144000,0.08668,0.08948,0.0805,0.08364,0.08454,5400163.65,0,coinbase
1692230400,0.08354,0.08576,0.06609,0.07436,0.07540333333333332,2364831.28,0,coinbase
1692316800,0.0744,0.07844,0.07409,0.07747,0.07666666666666666,1441823.7,0,coinbase
1692403200,0.0775,0.08106,0.07749,0.08047,0.07967333333333333,883916.25,0,coinbase
1692489600,0.08071,0.08111,0.0778,0.07945,0.07945333333333333,519575.74,0,coinbase
1692576000,0.07935,0.0798,0.07541,0.07853,0.07791333333333333,1622546.48,0,coinbase
1692662400,0.07893,0.07955,0.07396,0.07749,0.077,541875.0,0,coinbase
1692748800,0.07757,0.08129,0.07754,0.08004,0.07962333333333334,772915.42,0,coinbase
1692835200,0.07978,0.08036,0.0766,0.07761,0.07819,914293.17,0,coinbase
1692921600,0.07748,0.07748,0.075,0.07639,0.07629000000000001,594345.12,0,coinbase
1693008000,0.07642,0.07798,0.07454,0.07456,0.07569333333333333,1069656.1,0,coinbase
1693094400,0.07425,0.07481,0.07228,0.07461,0.07390000000000001,1071996.02,0,coinbase
1693180800,0.07467,0.07604,0.07173,0.0742,0.07399,1030188.97,0,coinbase
1693267200,0.07433,0.08001,0.07073,0.07887,0.07653666666666666,782492.94,0,coinbase
1693353600,0.0792,0.08335,0.07778,0.07891,0.08001333333333333,1608950.64,0,coinbase
1693440000,0.07889,0.07889,0.07404,0.07471,0.07588,751648.03,0,coinbase
1693526400,0.07486,0.07526,0.07241,0.07275,0.07347333333333333,563300.86,0,coinbase
1693612800,0.07274,0.07353,0.0711,0.07222,0.07228333333333332,1792309.91,0,coinbase
1693699200,0.0722,0.07655,0.07105,0.07251,0.07337,1432705.23,0,coinbase
1693785600,0.07231,0.07823,0.07208,0.07443,0.07491333333333333,3182565.78,0,coinbase
1693872000,0.07435,0.07848,0.07407,0.07599,0.07618,1093641.44,0,coinbase
1693958400,0.07605,0.0789,0.07415,0.0789,0.07731666666666666,837436.09,0,coinbase
1694044800,0.07864,0.08232,0.0748,0.08005,0.07905666666666666,6410505.37,0,coinbase
1694131200,0.07945,0.12842,0.07932,0.10193,0.10322333333333333,36990739.04,0,coinbase
1694217600,0.10212,0.105,0.0916,0.09364,0.09674666666666666,9374597.74,0,coinbase
1694304000,0.09376,0.09868,0.085,0.08988,0.09118666666666668,4780315.1,0,coinbase
1694390400,0.08988,0.09528,0.08251,0.08881,0.08886666666666666,7158073.46,0,coinbase
1694476800,0.08881,0.09696,0.08634,0.08743,0.09024333333333334,8284808.69,0,coinbase
1694563200,0.08757,0.08852,0.08466,0.08585,0.08634333333333333,2417433.35,0,coinbase
1694649600,0.08613,0.10979,0.08514,0.09471,0.09654666666666667,17702476.46,0,coinbase
1694736000,0.0947,0.09676,0.09286,0.09475,0.09479,4216068.21,0,coinbase
1694822400,0.09494,0.09699,0.09182,0.09399,0.09426666666666667,1779072.34,0,coinbase
1694908800,0.09396,0.09396,0.08586,0.0879,0.08924,2245667.03,0,coinbase
1694995200,0.08771,0.10359,0.08639,0.09306,0.09434666666666665,8340327.52,0,coinbase
1695081600,0.09293,0.09873,0.09205,0.09694,0.09590666666666665,4610152.91,0,coinbase
1695168000,0.09713,0.09888,0.09483,0.09707,0.09692666666666666,2670395.35,0,coinbase
1695254400,0.09701,0.09946,0.09088,0.09186,0.09406666666666667,1584720.52,0,coinbase
1695340800,0.09141,0.09329,0.0897,0.09197,0.09165333333333332,1838444.63,0,coinbase
1695427200,0.09201,0.09253,0.08869,0.09142,0.09088,952475.48,0,coinbase
1695513600,0.0912,0.09149,0.08783,0.08805,0.08912333333333333,1615614.29,0,coinbase
1695600000,0.08817,0.09431,0.08768,0.09117,0.09105333333333332,2483688.85,0,coinbase
1695686400,0.09092,0.0924,0.08808,0.08871,0.08972999999999999,1293058.88,0,coinbase
1695772800,0.08892,0.09019,0.08722,0.08885,0.08875333333333334,736140.88,0,coinbase
1695859200,0.08878,0.0931,0.08838,0.09123,0.09090333333333334,1111154.64,0,coinbase
1695945600,0.09145,0.10808,0.09022,0.10497,0.10109,9350268.44,0,coinbase
1696032000,0.10532,0.2,0.10279,0.1435,0.14876333333333333,45728464.21,0,coinbase
1696118400,0.14352,0.15379,0.12838,0.13988,0.14068333333333335,27371928.33,0,coinbase
1696204800,0.13971,0.16,0.139,0.14096,0.14665333333333333,20981543.71,0,coinbase
1696291200,0.14117,0.1439,0.12445,0.12515,0.13116666666666665,13095270.5,0,coinbase
1696377600,0.12521,0.12942,0.1175,0.12243,0.12311666666666667,7833895.16,0,coinbase
1696464000,0.1223,0.12459,0.11373,0.11626,0.11819333333333333,4943387.94,0,coinbase
1696550400,0.11616,0.13679,0.1149,0.12948,0.12705666666666668,12194206.74,0,coinbase
1696636800,0.12989,0.131,0.12002,0.12163,0.12421666666666668,6812280.19,0,coinbase
1696723200,0.12161,0.1233,0.11703,0.11983,0.12005333333333333,6989598.08,0,coinbase
1696809600,0.11955,0.1315,0.112,0.12417,0.12255666666666666,12621472.88,0,coinbase
1696896000,0.12426,0.13045,0.11566,0.11788,0.12133,9930748.61,0,coinbase
1696982400,0.11794,0.11986,0.115,0.11706,0.11730666666666667,2863199.22,0,coinbase
1697068800,0.117,0.12259,0.115,0.11774,0.11844333333333334,2039513.34,0,coinbase
1697155200,0.11725,0.1187,0.11429,0.11623,0.11640666666666666,2074087.46,0,coinbase
1697241600,0.11594,0.12333,0.11562,0.11584,0.11826333333333333,2445919.39,0,coinbase
1697328000,0.11571,0.12079,0.11528,0.11804,0.11803666666666668,1933915.98,0,coinbase
1697414400,0.11821,0.1225,0.11645,0.12013,0.11969333333333333,3692868.14,0,coinbase
1697500800,0.1201,0.12927,0.1127,0.11516,0.11904333333333333,7052422.27,0,coinbase
1697587200,0.11506,0.11539,0.10806,0.10926,0.11090333333333334,2357265.65,0,coinbase
1697673600,0.10919,0.11097,0.10564,0.1072,0.10793666666666667,2233127.96,0,coinbase
1697760000,0.10734,0.11174,0.10676,0.1098,0.10943333333333333,861270.47,0,coinbase
1697846400,0.10996,0.11401,0.10917,0.11186,0.11168,1091212.65,0,coinbase
1697932800,0.11162,0.11333,0.10936,0.11214,0.11161,1715504.74,0,coinbase
1698019200,0.1122,0.11808,0.11022,0.11659,0.11496333333333335,2445463.1,0,coinbase
1698105600,0.11675,0.12202,0.11207,0.11692,0.11700333333333335,5642301.49,0,coinbase
1698192000,0.11693,0.12216,0.11313,0.12037,0.11855333333333333,4660242.54,0,coinbase
1698278400,0.12005,0.12444,0.11356,0.1178,0.1186,4889532.02,0,coinbase
1698364800,0.11784,0.11888,0.11316,0.11499,0.11567666666666666,1578502.07,0,coinbase
1698451200,0.11502,0.12037,0.11459,0.11806,0.11767333333333334,1902834.63,0,coinbase
1698537600,0.11835,0.12344,0.11614,0.12083,0.12013666666666667,1989528.47,0,coinbase
1698624000,0.121,0.12485,0.11872,0.12204,0.12186999999999999,2407701.88,0,coinbase
1698710400,0.12205,0.1237,0.11379,0.11871,0.11873333333333334,2018073.42,0,coinbase
1698796800,0.11882,0.12375,0.11394,0.12345,0.12038,2752816.65,0,coinbase
1698883200,0.12369,0.1264,0.11621,0.1194,0.12067,2815714.41,0,coinbase
1698969600,0.1193,0.1204,0.11474,0.11994,0.11836,1586088.12,0,coinbase
1699056000,0.11996,0.12412,0.11924,0.12233,0.12189666666666665,1919902.77,0,coinbase
1699142400,0.12239,0.12363,0.11851,0.12084,0.12099333333333334,1714454.09,0,coinbase
1699228800,0.1204,0.13332,0.11988,0.12786,0.12702,4784810.47,0,coinbase
1699315200,0.12751,0.13606,0.12217,0.12793,0.12871999999999997,3376883.12,0,coinbase
1699401600,0.12768,0.13478,0.12671,0.13254,0.13134333333333334,3559515.8,0,coinbase
1699488000,0.13265,0.13892,0.11645,0.1348,0.13005666666666668,5843238.43,0,coinbase
1699574400,0.13486,0.14305,0.1295,0.13568,0.13607666666666665,5117313.44,0,coinbase
1699660800,0.13572,0.1402,0.12719,0.13172,0.13303666666666666,4301704.27,0,coinbase
1699747200,0.1318,0.13479,0.12484,0.13223,0.13061999999999999,1618617.62,0,coinbase
1699833600,0.13156,0.13503,0.12312,0.12358,0.12724333333333335,1899911.31,0,coinbase
1699920000,0.12348,0.12619,0.11848,0.12308,0.12258333333333334,1928260.68,0,coinbase
1700006400,0.1235,0.13073,0.12347,0.12915,0.12778333333333333,1973540.44,0,coinbase
1700092800,0.12924,0.13058,0.11873,0.1212,0.12350333333333334,2090152.06,0,coinbase
1700179200,0.12167,0.12618,0.11694,0.12221,0.12177666666666666,1683642.97,0,coinbase
1700265600,0.12232,0.12347,0.11558,0.1208,0.11995,2706897.81,0,coinbase
1700352000,0.12068,0.12424,0.11698,0.12413,0.12178333333333334,741270.41,0,coinbase
1700438400,0.12356,0.12546,0.11999,0.121,0.12215,1697736.99,0,coinbase
1700524800,0.121,0.12261,0.10862,0.10995,0.11372666666666666,1907963.49,0,coinbase
1700611200,0.1112,0.11706,0.1107,0.11604,0.1146,1232732.42,0,coinbase
1700697600,0.11626,0.11838,0.11357,0.11625,0.11606666666666667,1358291.99,0,coinbase
1700784000,0.11607,0.12448,0.11607,0.1208,0.12045,3251141.04,0,coinbase
1700870400,0.1209,0.13979,0.11995,0.13155,0.13043,7579278.87,0,coinbase
1700956800,0.13155,0.13666,0.12905,0.13356,0.13309,4343754.86,0,coinbase
1701043200,0.13408,0.13538,0.1265,0.13128,0.13105333333333333,2698041.13,0,coinbase
1701129600,0.13106,0.13176,0.12537,0.12957,0.1289,2669546.36,0,coinbase
1701216000,0.12959,0.13176,0.12601,0.12757,0.12844666666666668,1695789.71,0,coinbase
1701302400,0.12745,0.13302,0.12697,0.12886,0.12961666666666669,1562458.6,0,coinbase
1701388800,0.1285,0.13131,0.128,0.12954,0.12961666666666669,1646315.08,0,coinbase
1701475200,0.12995,0.13368,0.12859,0.13201,0.13142666666666666,943786.39,0,coinbase
1701561600,0.13173,0.13319,0.12667,0.12906,0.12964,1273946.15,0,coinbase
1701648000,0.12893,0.1366,0.12105,0.13337,0.13033999999999998,3430372.17,0,coinbase
1701734400,0.13356,0.13929,0.1311,0.13781,0.13606666666666667,2664521.16,0,coinbase
1701820800,0.13789,0.1387,0.12979,0.13361,0.13403333333333334,1585800.02,0,coinbase
1701907200,0.13376,0.13898,0.13018,0.13687,0.13534333333333332,3034942.05,0,coinbase
1701993600,0.13659,0.14291,0.13658,0.14216,0.14055,3362077.31,0,coinbase
1702080000,0.14173,0.15,0.13939,0.14012,0.14317,2637768.95,0,coinbase
1702166400,0.14058,0.14373,0.13527,0.13989,0.13963,1161877.81,0,coinbase
1702252800,0.13988,0.14146,0.12306,0.12797,0.13083,3583315.0,0,coinbase
1702339200,0.1278,0.13652,0.12722,0.13279,0.13217666666666664,2390123.11,0,coinbase
1702425600,0.13333,0.13524,0.12491,0.13461,0.13158666666666666,1466914.31,0,coinbase
1702512000,0.13469,0.13833,0.12687,0.13732,0.13417333333333334,1848847.02,0,coinbase
1702598400,0.13733,0.158,0.13336,0.1435,0.14495333333333335,8988025.49,0,coinbase
1702684800,0.14326,0.16565,0.14285,0.14941,0.15263666666666667,14827372.24,0,coinbase
1702771200,0.14959,0.15135,0.13537,0.13599,0.14090333333333332,3356711.58,0,coinbase
1702857600,0.13582,0.13951,0.12908,0.13802,0.13553666666666667,3520635.05,0,coinbase
1702944000,0.13812,0.14309,0.13458,0.13538,0.13768333333333332,1963267.5,0,coinbase
1703030400,0.13549,0.15548,0.1342,0.14684,0.14550666666666667,5076186.55,0,coinbase
1703116800,0.14735,0.14792,0.14159,0.14532,0.14494333333333334,1153220.61,0,coinbase
1703203200,0.14519,0.15049,0.14448,0.14859,0.14785333333333334,1853195.9,0,coinbase
1703289600,0.14863,0.1542,0.14259,0.15052,0.14910333333333334,2254501.2,0,coinbase
1703376000,0.15064,0.1584,0.14808,0.15233,0.15293666666666664,2689397.15,0,coinbase
1703462400,0.15294,0.16615,0.15186,0.16352,0.16051,3394608.55,0,coinbase
1703548800,0.16337,0.16337,0.14128,0.15143,0.15202666666666667,4703500.71,0,coinbase
1703635200,0.15145,0.16234,0.14546,0.15788,0.15522666666666665,4428605.32,0,coinbase
1703721600,0.15758,0.16038,0.14522,0.1465,0.15069999999999997,1418127.54,0,coinbase
1703808000,0.1462,0.15013,0.141,0.14542,0.14551666666666666,2392640.69,0,coinbase
1703894400,0.1453,0.14634,0.13836,0.14128,0.14199333333333333,2229046.24,0,coinbase
1703980800,0.14142,0.14509,0.1376,0.13989,0.14085999999999999,2109202.95,0,coinbase
1704067200,0.13988,0.14861,0.13645,0.14816,0.14440666666666666,1859650.89,0,coinbase
1704153600,0.14804,0.15634,0.14522,0.15472,0.15209333333333333,4076537.15,0,coinbase
1704240000,0.15457,0.18072,0.11716,0.16297,0.15361666666666665,17123804.84,0,coinbase
1704326400,0.16251,0.1785,0.1572,0.1691,0.16826666666666668,13967873.89,0,coinbase
1704412800,0.1693,0.17873,0.15072,0.15821,0.16255333333333333,9493066.88,0,coinbase
1704499200,0.15822,0.17946,0.139,0.15963,0.15936333333333333,8303028.12,0,coinbase
1704585600,0.15938,0.179,0.15062,0.15474,0.16145333333333334,10296975.86,0,coinbase
1704672000,0.15485,0.17759,0.14227,0.16775,0.1625366666666667,12331331.42,0,coinbase
1704758400,0.16782,0.17498,0.1536,0.16044,0.16300666666666666,8536910.55,0,coinbase
1704844800,0.16146,0.17274,0.15216,0.1706,0.16516666666666666,6272028.18,0,coinbase
1704931200,0.16983,0.203,0.16495,0.18778,0.18524333333333334,18584458.47,0,coinbase
1705017600,0.18778,0.19651,0.1721,0.17895,0.18252000000000002,8496879.7,0,coinbase
1705104000,0.1803,0.18404,0.16867,0.17195,0.17488666666666663,6126802.7,0,coinbase
1705190400,0.17198,0.17223,0.16133,0.16174,0.1651,2320808.96,0,coinbase
1705276800,0.16176,0.17549,0.16176,0.17078,0.16934333333333332,3386730.97,0,coinbase
1705363200,0.17105,0.17445,0.165,0.1718,0.17041666666666666,3066796.45,0,coinbase
1705449600,0.17228,0.17334,0.16377,0.1664,0.16783666666666666,2908425.24,0,coinbase
1705536000,0.1668,0.16729,0.15268,0.15636,0.15877666666666665,2162495.48,0,coinbase
1705622400,0.15672,0.15846,0.14537,0.15489,0.15290666666666666,1728327.7,0,coinbase
1705708800,0.1547,0.16494,0.1531,0.16245,0.16016333333333332,1743101.9,0,coinbase
1705795200,0.16235,0.19738,0.16234,0.16726,0.17566,17712735.24,0,coinbase
1705881600,0.16736,0.17159,0.15541,0.1573,0.16143333333333332,3043494.01,0,coinbase
1705968000,0.15732,0.15925,0.14054,0.15188,0.15055666666666667,4089674.51,0,coinbase
1706054400,0.15156,0.15594,0.14753,0.15446,0.15264333333333333,2478307.94,0,coinbase
1706140800,0.15387,0.15492,0.14676,0.15127,0.15098333333333333,2402683.22,0,coinbase
1706227200,0.15116,0.1689,0.15032,0.1639,0.16104,4720972.55,0,coinbase
1706313600,0.16376,0.16654,0.16036,0.16371,0.16353666666666666,2286054.7,0,coinbase
1706400000,0.16337,0.16684,0.15992,0.16142,0.16272666666666666,2177403.06,0,coinbase
1706486400,0.16143,0.16899,0.15858,0.16816,0.16524333333333333,1811278.25,0,coinbase
1706572800,0.16806,0.18737,0.16401,0.16482,0.17206666666666667,5626758.46,0,coinbase
1706659200,0.16511,0.16556,0.1555,0.15722,0.1594266666666667,1960461.37,0,coinbase
1706745600,0.15712,0.16024,0.15274,0.15922,0.15739999999999998,2870048.19,0,coinbase
1706832000,0.1598,0.16318,0.1574,0.16223,0.16093666666666664,2786278.19,0,coinbase
1706918400,0.16254,0.16323,0.16032,0.16144,0.16166333333333335,769469.52,0,coinbase
1707004800,0.1616,0.1616,0.15693,0.15712,0.15855,659930.66,0,coinbase
1707091200,0.15693,0.16192,0.15427,0.15816,0.15811666666666666,1651790.71,0,coinbase
1707177600,0.1579,0.16091,0.15673,0.15993,0.15919000000000003,802595.01,0,coinbase
1707264000,0.16005,0.16159,0.1553,0.16045,0.15911333333333333,1032113.32,0,coinbase
1707350400,0.16055,0.16221,0.15667,0.15875,0.15921,936197.7,0,coinbase
1707436800,0.15905,0.16434,0.15899,0.16245,0.16192666666666666,1725621.26,0,coinbase
1707523200,0.16267,0.165,0.15968,0.16208,0.16225333333333333,1901932.4,0,coinbase
1707609600,0.16215,0.16402,0.15904,0.15943,0.16083,1112244.35,0,coinbase
1707696000,0.1596,0.16549,0.15685,0.16547,0.16260333333333332,2024317.06,0,coinbase
1707782400,0.16539,0.16662,0.15908,0.16351,0.16307,1894969.03,0,coinbase
1707868800,0.16348,0.17115,0.16181,0.16996,0.16764,2462372.65,0,coinbase
1707955200,0.1704,0.17601,0.16879,0.17404,0.17294666666666667,3914232.21,0,coinbase
1708041600,0.17405,0.182,0.17097,0.17263,0.17520000000000002,3480408.7,0,coinbase
1708128000,0.17266,0.17308,0.16326,0.16934,0.16855999999999996,5203245.62,0,coinbase
1708214400,0.16963,0.17361,0.16573,0.16833,0.1692233333333333,2588053.45,0,coinbase
1708300800,0.16854,0.17979,0.16827,0.17892,0.17566,4594031.9,0,coinbase
1708387200,0.17904,0.19745,0.16823,0.17839,0.1813566666666667,8551564.03,0,coinbase
1708473600,0.17844,0.18115,0.16262,0.17114,0.17163666666666666,2212443.57,0,coinbase
1708560000,0.17121,0.17745,0.16681,0.17255,0.17227,3217827.91,0,coinbase
1708646400,0.17271,0.17581,0.16737,0.17064,0.1712733333333333,2464431.35,0,coinbase
1708732800,0.17114,0.1774,0.16571,0.17444,0.17251666666666668,2160576.55,0,coinbase
1708819200,0.17457,0.18032,0.17135,0.17772,0.17646333333333333,2583966.11,0,coinbase
1708905600,0.17747,0.18283,0.17265,0.18147,0.17898333333333336,2613322.94,0,coinbase
1708992000,0.18178,0.19073,0.17568,0.18288,0.18309666666666669,6883719.57,0,coinbase
1709078400,0.18334,0.199,0.17258,0.19198,0.18785333333333334,9312689.15,0,coinbase
1709164800,0.19209,0.20715,0.18935,0.1954,0.1973,6512434.1,0,coinbase
1709251200,0.19567,0.21885,0.19544,0.21045,0.20824666666666666,6480736.66,0,coinbase
1709337600,0.2106,0.21941,0.20452,0.2193,0.21441,4311312.87,0,coinbase
1709424000,0.21944,0.22994,0.19774,0.21936,0.21568,7795889.85,0,coinbase
1709510400,0.2197,0.2304,0.20459,0.21422,0.2164033333333333,6899470.19,0,coinbase
1709596800,0.21474,0.22255,0.165,0.19109,0.19288000000000002,9813285.45,0,coinbase
1709683200,0.19127,0.21744,0.18487,0.21332,0.20521,8944817.21,0,coinbase
1709769600,0.21372,0.22861,0.2096,0.22631,0.22150666666666666,9757930.04,0,coinbase
1709856000,0.22677,0.22928,0.20713,0.22343,0.21994666666666665,6906600.18,0,coinbase
1709942400,0.2234,0.24252,0.22209,0.23387,0.23282666666666665,10675141.37,0,coinbase
1710028800,0.23392,0.24098,0.2215,0.23379,0.23209,5330370.74,0,coinbase
1710115200,0.23338,0.23707,0.21511,0.2349,0.22902666666666668,4650760.69,0,coinbase
1710201600,0.23513,0.283,0.22225,0.25575,0.25366666666666665,12427582.99,0,coinbase
1710288000,0.25513,0.2642,0.24494,0.25065,0.25326333333333334,7041820.68,0,coinbase
1710374400,0.25082,0.2518,0.2265,0.24202,0.2401066666666667,7520450.51,0,coinbase
1710460800,0.2421,0.24508,0.20501,0.2288,0.22629666666666667,7906994.94,0,coinbase
1710547200,0.2284,0.23393,0.19842,0.20784,0.21339666666666668,5115402.86,0,coinbase
1710633600,0.20807,0.21807,0.19533,0.2152,0.20953333333333335,2478117.88,0,coinbase
1710720000,0.21437,0.21641,0.1997,0.20484,0.20698333333333332,2569339.99,0,coinbase
1710806400,0.20501,0.20778,0.18024,0.18696,0.19166000000000002,5460309.69,0,coinbase
1710892800,0.18647,0.2052,0.17739,0.20391,0.1955,3244729.52,0,coinbase
1710979200,0.20303,0.21452,0.2006,0.20815,0.20775666666666667,3040002.9,0,coinbase
1711065600,0.20774,0.2125,0.19445,0.20071,0.20255333333333336,1482096.65,0,coinbase
1711152000,0.19978,0.20762,0.19688,0.20166,0.20205333333333333,1550174.71,0,coinbase
1711238400,0.20183,0.21097,0.20015,0.20981,0.20697666666666667,1756541.75,0,coinbase
1711324800,0.20976,0.22285,0.20894,0.2193,0.21702999999999997,4804845.99,0,coinbase
1711411200,0.21945,0.24476,0.21764,0.2236,0.22866666666666668,5281143.4,0,coinbase
1711497600,0.22321,0.22603,0.19619,0.21291,0.21170999999999998,6598907.22,0,coinbase
1711584000,0.21274,0.21791,0.20645,0.21525,0.21320333333333333,5413014.87,0,coinbase
1711670400,0.21524,0.2404,0.21245,0.22528,0.22604333333333335,14550196.08,0,coinbase
1711756800,0.22528,0.22872,0.21156,0.21326,0.21784666666666666,2765294.18,0,coinbase
1711843200,0.21314,0.22008,0.21137,0.21729,0.21624666666666667,3521178.86,0,coinbase
1711929600,0.21717,0.22757,0.20034,0.21004,0.21265,7225454.87,0,coinbase
1712016000,0.21013,0.21132,0.18901,0.19746,0.19926333333333335,4706127.37,0,coinbase
1712102400,0.19757,0.23502,0.19107,0.23142,0.21916999999999998,21760477.68,0,coinbase
1712188800,0.23181,0.24481,0.22,0.22684,0.23055,17057879.4,0,coinbase
1712275200,0.22638,0.24919,0.22274,0.23051,0.23414666666666664,19845340.25,0,coinbase
1712361600,0.23035,0.24399,0.22886,0.23186,0.23490333333333333,5342447.6,0,coinbase
1712448000,0.23172,0.24386,0.23017,0.23924,0.2377566666666667,3981076.67,0,coinbase
1712534400,0.23945,0.24335,0.23025,0.24252,0.2387066666666667,3303429.54,0,coinbase
1712620800,0.24315,0.25517,0.22427,0.2263,0.2352466666666667,3565870.75,0,coinbase
1712707200,0.22524,0.22864,0.20667,0.21957,0.2182933333333333,2776040.77,0,coinbase
1712793600,0.21883,0.21964,0.20891,0.21125,0.21326666666666663,1441745.47,0,coinbase
1712880000,0.21101,0.21527,0.16,0.17299,0.18275333333333332,5714975.19,0,coinbase
1712966400,0.17274,0.17637,0.12052,0.1439,0.14693,10463534.91,0,coinbase
1713052800,0.14368,0.15828,0.13799,0.15721,0.15116,4633626.22,0,coinbase
1713139200,0.15703,0.16528,0.14101,0.14803,0.15144,3160717.35,0,coinbase
1713225600,0.14715,0.15291,0.14064,0.15084,0.14812999999999998,2777239.51,0,coinbase
1713312000,0.15125,0.15896,0.14475,0.1502,0.15130333333333332,3637550.85,0,coinbase
1713398400,0.1496,0.15461,0.14275,0.15232,0.14989333333333332,1380863.4,0,coinbase
1713484800,0.15229,0.157,0.13695,0.1523,0.14875,1428484.54,0,coinbase
1713571200,0.15185,0.16685,0.15049,0.16581,0.16105,1372721.62,0,coinbase
1713657600,0.16552,0.1656,0.15819,0.16169,0.16182666666666667,895032.87,0,coinbase
1713744000,0.16202,0.16811,0.16133,0.16511,0.16485000000000002,838346.79,0,coinbase
1713830400,0.1651,0.16757,0.16011,0.16645,0.16471,1022140.27,0,coinbase
1713916800,0.16693,0.17057,0.15553,0.15788,0.16132666666666665,1569432.22,0,coinbase
1714003200,0.15714,0.165,0.15145,0.15901,0.15848666666666666,2171703.52,0,coinbase
1714089600,0.15939,0.1599,0.1524,0.15422,0.15550666666666668,752453.76,0,coinbase
1714176000,0.15481,0.15531,0.14823,0.15356,0.15236666666666668,660911.65,0,coinbase
1714262400,0.15455,0.15753,0.14862,0.14957,0.15190666666666666,366539.41,0,coinbase
1714348800,0.14928,0.15005,0.14071,0.14638,0.14571333333333333,1002588.86,0,coinbase
1714435200,0.14597,0.14814,0.13178,0.13952,0.13981333333333335,1153766.37,0,coinbase
1714521600,0.13944,0.14108,0.12972,0.1398,0.1368666666666667,1152704.99,0,coinbase
1714608000,0.14033,0.14372,0.13437,0.14234,0.14014333333333331,825584.99,0,coinbase
1714694400,0.14247,0.14904,0.14014,0.14772,0.1456333333333333,1862436.86,0,coinbase
1714780800,0.14764,0.14985,0.14581,0.14774,0.14780000000000001,463035.72,0,coinbase
1714867200,0.14805,0.15283,0.14421,0.15064,0.14922666666666665,344680.66,0,coinbase
1714953600,0.15035,0.15526,0.14596,0.14613,0.14911666666666668,571200.08,0,coinbase
1715040000,0.1462,0.14987,0.1429,0.1431,0.14529,478091.68,0,coinbase
1715126400,0.14289,0.14646,0.13928,0.14255,0.14276333333333333,434332.44,0,coinbase
1715212800,0.14238,0.14814,0.13953,0.14741,0.14502666666666666,418167.93,0,coinbase
1715299200,0.14722,0.14951,0.13845,0.14132,0.14309333333333332,665980.55,0,coinbase
1715385600,0.1415,0.14325,0.13901,0.13919,0.14048333333333332,172341.44,0,coinbase
1715472000,0.13962,0.14077,0.13611,0.13681,0.13789666666666667,755667.26,0,coinbase
1715558400,0.1368,0.13727,0.12772,0.1303,0.13176333333333334,780528.55,0,coinbase
1715644800,0.1302,0.13064,0.12357,0.1254,0.12653666666666666,2908984.55,0,coinbase
1715731200,0.12567,0.13897,0.12545,0.13772,0.13404666666666668,1309047.5,0,coinbase
1715817600,0.13754,0.13896,0.13128,0.13534,0.13519333333333336,425389.63,0,coinbase
1715904000,0.13556,0.13883,0.13374,0.1368,0.13645666666666667,911196.52,0,coinbase
1715990400,0.13728,0.13728,0.13244,0.13525,0.13499000000000003,238576.24,0,coinbase
1716076800,0.13513,0.13609,0.12892,0.12981,0.13160666666666665,162230.09,0,coinbase
1716163200,0.12912,0.1415,0.12803,0.14106,0.13686333333333334,699542.21,0,coinbase
1716249600,0.14114,0.14646,0.13967,0.1438,0.14331000000000002,1781417.9,0,coinbase
1716336000,0.14381,0.14476,0.13966,0.14133,0.14191666666666666,672872.59,0,coinbase
1716422400,0.14151,0.14511,0.13245,0.14246,0.1400066666666667,1476130.84,0,coinbase
1716508800,0.14237,0.18066,0.13893,0.17678,0.16545666666666667,19543594.77,0,coinbase
1716595200,0.17614,0.20097,0.16419,0.16478,0.1766466666666667,24118801.36,0,coinbase
1716681600,0.16484,0.16948,0.15758,0.16047,0.16251000000000002,5163725.91,0,coinbase
1716768000,0.16065,0.16486,0.15816,0.16013,0.16105,2727723.75,0,coinbase
1716854400,0.16001,0.16535,0.15353,0.15869,0.15919,4128696.69,0,coinbase
1716940800,0.15912,0.16189,0.15364,0.15569,0.15707333333333331,2703758.78,0,coinbase
1717027200,0.15565,0.15926,0.15014,0.15492,0.15477333333333335,1904031.39,0,coinbase
1717113600,0.15451,0.15857,0.15309,0.15566,0.15577333333333332,1358446.73,0,coinbase
1717200000,0.15577,0.15749,0.154,0.156,0.15583,613720.99,0,coinbase
1717286400,0.15625,0.16334,0.15522,0.15725,0.15860333333333335,1804614.09,0,coinbase
1717372800,0.15694,0.16651,0.15642,0.15882,0.16058333333333333,2826881.19,0,coinbase
1717459200,0.15864,0.16215,0.15631,0.16215,0.16020333333333334,946165.5,0,coinbase
1717545600,0.16209,0.16336,0.1599,0.16244,0.16190000000000002,1266131.89,0,coinbase
1717632000,0.16239,0.1629,0.15658,0.15707,0.15885,993895.31,0,coinbase
1717718400,0.15675,0.1615,0.13,0.14185,0.14445,3380495.69,0,coinbase
1717804800,0.14208,0.14475,0.13351,0.13519,0.13781666666666667,2252413.06,0,coinbase
1717891200,0.13526,0.13749,0.13356,0.13655,0.13586666666666666,653915.41,0,coinbase
1717977600,0.13651,0.1371,0.12921,0.1302,0.13217,1641153.01,0,coinbase
1718064000,0.13017,0.13087,0.12103,0.12412,0.12534,2375473.44,0,coinbase
1718150400,0.12418,0.13232,0.12173,0.12823,0.12742666666666666,1132393.36,0,coinbase
1718236800,0.12793,0.12866,0.1218,0.12333,0.12459666666666668,1315832.55,0,coinbase
1718323200,0.12359,0.12593,0.11336,0.11902,0.11943666666666668,3168642.0,0,coinbase
1718409600,0.11902,0.12085,0.11776,0.11861,0.11907333333333332,342613.19,0,coinbase
1718496000,0.11857,0.11996,0.11616,0.11892,0.11834666666666667,315467.99,0,coinbase
1718582400,0.11915,0.1202,0.10501,0.10855,0.11125333333333333,2229230.04,0,coinbase
1718668800,0.10841,0.10844,0.09102,0.0994,0.09962,6295884.1,0,coinbase
1718755200,0.09924,0.10455,0.09825,0.10325,0.10201666666666666,1619306.59,0,coinbase
1718841600,0.10309,0.11201,0.10255,0.10733,0.10729666666666667,3505508.85,0,coinbase
1718928000,0.10719,0.11034,0.10383,0.10489,0.10635333333333334,1916270.82,0,coinbase
1719014400,0.10476,0.10544,0.10252,0.10493,0.10429666666666666,377830.46,0,coinbase
1719100800,0.1048,0.10664,0.10027,0.1008,0.10257,570213.83,0,coinbase
1719187200,0.10115,0.10378,0.09616,0.10378,0.10124,2648888.22,0,coinbase
1719273600,0.10331,0.10684,0.10309,0.10538,0.10510333333333333,510312.77,0,coinbase
1719360000,0.10519,0.10599,0.10131,0.10182,0.10303999999999998,432364.05,0,coinbase
1719446400,0.10196,0.10606,0.1,0.10465,0.10357000000000001,527344.95,0,coinbase
1719532800,0.10452,0.10537,0.10117,0.10128,0.10260666666666667,931345.69,0,coinbase
1719619200,0.10134,0.10294,0.09835,0.09859,0.09996000000000001,445690.13,0,coinbase
1719705600,0.09851,0.10287,0.0972,0.10227,0.10078,612569.48,0,coinbase
1719792000,0.10275,0.10397,0.1008,0.10138,0.10205000000000002,633224.67,0,coinbase
1719878400,0.10137,0.10315,0.10063,0.1021,0.10196000000000001,495159.64,0,coinbase
1719964800,0.10231,0.10273,0.09578,0.09658,0.09836333333333334,838208.02,0,coinbase
1720051200,0.09705,0.09705,0.08233,0.0833,0.08755999999999999,3223901.98,0,coinbase
1720137600,0.08344,0.08344,0.071,0.08158,0.07867333333333333,6653303.17,0,coinbase
1720224000,0.08122,0.08756,0.08024,0.08733,0.08504333333333335,1586773.48,0,coinbase
1720310400,0.0871,0.0871,0.08171,0.08195,0.08358666666666666,1777979.52,0,coinbase
1720396800,0.0822,0.08914,0.07864,0.08551,0.08443,4872988.15,0,coinbase
1720483200,0.08531,0.08858,0.08483,0.08826,0.08722333333333333,2357909.62,0,coinbase
1720569600,0.08821,0.09129,0.08757,0.08939,0.08941666666666666,1823561.99,0,coinbase
1720656000,0.08936,0.09162,0.0872,0.0874,0.08874,2068485.24,0,coinbase
1720742400,0.08754,0.08924,0.08497,0.08924,0.08781666666666667,1389311.17,0,coinbase
1720828800,0.08933,0.09237,0.08879,0.09148,0.09088,853916.46,0,coinbase
1720915200,0.0915,0.09467,0.091,0.09406,0.09324333333333334,1239554.54,0,coinbase
1721001600,0.09413,0.09904,0.09324,0.09899,0.09709000000000001,2054709.91,0,coinbase
1721088000,0.09921,0.10164,0.09435,0.0994,0.09846333333333333,3819856.7,0,coinbase
1721174400,0.09936,0.10196,0.09738,0.09779,0.09904333333333333,1714989.75,0,coinbase
1721260800,0.09825,0.10141,0.09451,0.09596,0.09729333333333333,1701270.36,0,coinbase
1721347200,0.09614,0.10276,0.09284,0.10183,0.09914333333333332,3075881.29,0,coinbase
1721433600,0.10166,0.10244,0.0991,0.10155,0.10103,1495819.48,0,coinbase
1721520000,0.10142,0.10363,0.09572,0.10291,0.10075333333333332,2096117.5,0,coinbase
1721606400,0.10311,0.10311,0.09734,0.09853,0.09966000000000001,2052600.6,0,coinbase
1721692800,0.09866,0.10095,0.09519,0.09578,0.09730666666666665,5989699.96,0,coinbase
1721779200,0.09581,0.09917,0.09343,0.09384,0.09548000000000001,2322364.56,0,coinbase
1721865600,0.09418,0.09421,0.0865,0.09145,0.09071999999999998,3685373.23,0,coinbase
1721952000,0.09128,0.10976,0.09109,0.10359,0.10148,7498885.66,0,coinbase
1722038400,0.10347,0.10601,0.10044,0.10427,0.10357333333333334,6466470.44,0,coinbase
1722124800,0.10422,0.10508,0.10077,0.10275,0.10286666666666666,1198744.55,0,coinbase
1722211200,0.10242,0.11972,0.0997,0.09995,0.10645666666666666,12423064.15,0,coinbase
1722297600,0.09985,0.10591,0.09605,0.0991,0.10035333333333334,4750684.13,0,coinbase
1722384000,0.09918,0.10096,0.0949,0.09521,0.09702333333333334,2425732.8,0,coinbase
1722470400,0.09582,0.0964,0.08659,0.09071,0.09123333333333333,2182358.12,0,coinbase
1722556800,0.0911,0.09146,0.0834,0.08403,0.08629666666666667,1199964.04,0,coinbase
1722643200,0.08418,0.08481,0.07541,0.07599,0.07873666666666666,2639091.74,0,coinbase
1722729600,0.0761,0.07848,0.0708,0.07375,0.07434333333333333,2069874.32,0,coinbase
1722816000,0.07345,0.0745,0.05923,0.06651,0.06674666666666666,5639422.47,0,coinbase
1722902400,0.06653,0.0737,0.06653,0.07031,0.07018,3897825.76,0,coinbase
1722988800,0.07057,0.07357,0.06779,0.06901,0.07012333333333333,1357378.73,0,coinbase
1723075200,0.06911,0.07773,0.06789,0.07754,0.07438666666666667,1370110.74,0,coinbase
1723161600,0.07732,0.07804,0.07519,0.07718,0.07680333333333333,842398.32,0,coinbase
1723248000,0.07702,0.07876,0.07605,0.07844,0.07775,518921.99,0,coinbase
1723334400,0.07813,0.0795,0.07351,0.07387,0.07562666666666668,805349.7,0,coinbase
1723420800,0.07418,0.07874,0.0739,0.07836,0.077,1463193.85,0,coinbase
1723507200,0.07782,0.08197,0.07536,0.07944,0.07892333333333333,2174400.57,0,coinbase
1723593600,0.07935,0.08026,0.07563,0.07711,0.07766666666666666,797049.45,0,coinbase
1723680000,0.07751,0.07765,0.07122,0.07282,0.07389666666666667,1556059.64,0,coinbase
1723766400,0.07283,0.07413,0.07082,0.0726,0.07251666666666666,1028870.77,0,coinbase
1723852800,0.07255,0.07412,0.07231,0.07348,0.07330333333333333,560912.56,0,coinbase
1723939200,0.07339,0.08089,0.07238,0.07694,0.07673666666666668,1725040.29,0,coinbase
1724025600,0.07674,0.08084,0.07582,0.08065,0.07910333333333333,2247189.09,0,coinbase
1724112000,0.08036,0.08254,0.07818,0.08007,0.08026333333333334,1323159.81,0,coinbase
1724198400,0.08063,0.0847,0.07927,0.08411,0.08269333333333334,1089287.07,0,coinbase
1724284800,0.08367,0.08491,0.082,0.08356,0.08349,564762.44,0,coinbase
1724371200,0.08346,0.09082,0.08346,0.09015,0.08814333333333334,1437016.55,0,coinbase
1724457600,0.09004,0.09208,0.08856,0.09042,0.09035333333333333,2188103.2,0,coinbase
1724544000,0.09047,0.09125,0.08601,0.08977,0.08900999999999999,1055087.89,0,coinbase
1724630400,0.08966,0.09798,0.0882,0.08841,0.09153,6203859.4,0,coinbase
1724716800,0.08821,0.09523,0.083,0.0849,0.08771,4803657.36,0,coinbase
1724803200,0.08501,0.09373,0.08401,0.09158,0.08977333333333333,9673180.36,0,coinbase
1724889600,0.09159,0.09404,0.08569,0.08687,0.08886666666666666,3862941.63,0,coinbase
1724976000,0.08696,0.093,0.08343,0.09093,0.08911999999999999,5273643.4,0,coinbase
1725062400,0.09096,0.093,0.08815,0.08845,0.08986666666666666,2977461.17,0,coinbase
1725148800,0.08852,0.09031,0.08445,0.08484,0.08653333333333334,3268446.03,0,coinbase
1725235200,0.08517,0.09147,0.08386,0.09079,0.08870666666666666,1778937.42,0,coinbase
1725321600,0.09043,0.09166,0.084,0.084,0.08655333333333333,3841719.81,0,coinbase
1725408000,0.08393,0.08867,0.07982,0.08646,0.08498333333333334,3845131.07,0,coinbase
1725494400,0.08645,0.08689,0.07943,0.08242,0.08291333333333333,3284346.41,0,coinbase
1725580800,0.08216,0.08334,0.07491,0.07816,0.07880333333333334,1308225.35,0,coinbase
1725667200,0.07827,0.08017,0.07723,0.07842,0.07860666666666666,1205133.58,0,coinbase
1725753600,0.07821,0.08128,0.07767,0.08009,0.07968,985279.83,0,coinbase
1725840000,0.08,0.08321,0.07969,0.08224,0.08171333333333332,1116620.77,0,coinbase
1725926400,0.08234,0.0842,0.08115,0.08327,0.08287333333333334,726972.67,0,coinbase
1726012800,0.08317,0.08327,0.07955,0.08188,0.08156666666666666,1312814.2,0,coinbase
1726099200,0.08188,0.08214,0.0805,0.08156,0.0814,503003.86,0,coinbase
1726185600,0.08154,0.08514,0.08046,0.08502,0.08354,771337.62,0,coinbase
1726272000,0.08463,0.09646,0.08253,0.0914,0.09013,6759126.33,0,coinbase
1726358400,0.09165,0.09649,0.08776,0.08901,0.09108666666666669,9349387.72,0,coinbase
1726444800,0.08861,0.08912,0.08372,0.08486,0.08589999999999999,1824622.37,0,coinbase
1726531200,0.08482,0.08814,0.08366,0.08782,0.08654,2172263.8,0,coinbase
1726617600,0.08723,0.09049,0.08444,0.09008,0.08833666666666666,841484.46,0,coinbase
1726704000,0.09016,0.09275,0.08894,0.09128,0.09099000000000002,1168983.8,0,coinbase
1726790400,0.09162,0.09453,0.08933,0.09173,0.09186333333333334,1826568.55,0,coinbase
1726876800,0.0919,0.09394,0.0908,0.0935,0.09274666666666669,936176.65,0,coinbase
1726963200,0.09362,0.09362,0.08698,0.0898,0.09013333333333333,427581.83,0,coinbase
1727049600,0.08968,0.09393,0.08796,0.093,0.09162999999999999,929961.1,0,coinbase
1727136000,0.09289,0.09399,0.09068,0.09326,0.09264333333333334,813017.53,0,coinbase
1727222400,0.09337,0.0954,0.09029,0.09063,0.09210666666666667,860169.2,0,coinbase
1727308800,0.09109,0.09797,0.08945,0.09614,0.09452,1416933.74,0,coinbase
1727395200,0.09597,0.09827,0.09341,0.09702,0.09623333333333334,1777776.42,0,coinbase
1727481600,0.09709,0.09885,0.09266,0.09473,0.09541333333333334,697160.61,0,coinbase
1727568000,0.09455,0.097,0.09374,0.095,0.09524666666666666,408752.48,0,coinbase
1727654400,0.09522,0.09601,0.08796,0.08911,0.09102666666666666,1372176.51,0,coinbase
1727740800,0.08889,0.09263,0.07941,0.08091,0.08431666666666666,2084401.23,0,coinbase
1727827200,0.0809,0.08466,0.0773,0.07936,0.08044,1402626.55,0,coinbase
1727913600,0.0794,0.08078,0.07503,0.07835,0.07805333333333334,1266705.78,0,coinbase
1728000000,0.07815,0.08276,0.07654,0.08164,0.08031333333333333,1802974.58,0,coinbase
1728086400,0.0817,0.08333,0.07985,0.08148,0.08155333333333332,645487.16,0,coinbase
1728172800,0.08147,0.08411,0.0807,0.08386,0.08289,1155865.34,0,coinbase
1728259200,0.08403,0.08572,0.08233,0.08245,0.0835,480499.36,0,coinbase
1728345600,0.0829,0.08413,0.08097,0.08197,0.08235666666666668,1082275.08,0,coinbase
1728432000,0.08221,0.08316,0.07858,0.08025,0.08066333333333332,619193.15,0,coinbase
1728518400,0.08005,0.08126,0.07634,0.07954,0.07904666666666667,543350.84,0,coinbase
1728604800,0.07972,0.08471,0.0795,0.08396,0.08272333333333333,648130.74,0,coinbase
1728691200,0.08447,0.08558,0.08375,0.08442,0.08458333333333334,319640.66,0,coinbase
1728777600,0.08451,0.08481,0.08235,0.0847,0.08395333333333332,139490.44,0,coinbase
1728864000,0.08419,0.08914,0.08398,0.08862,0.08724666666666665,829202.83,0,coinbase
1728950400,0.08885,0.09043,0.08585,0.08851,0.08826333333333332,1060090.6,0,coinbase
1729036800,0.08825,0.08851,0.08577,0.08609,0.08678999999999999,676286.75,0,coinbase
1729123200,0.08627,0.08756,0.08424,0.08684,0.08621333333333332,919467.98,0,coinbase
1729209600,0.0866,0.08923,0.08608,0.08921,0.08817333333333334,803082.42,0,coinbase
1729296000,0.0897,0.0904,0.0878,0.089,0.08906,9815.99658234,27,kraken
1729382400,0.0888,0.0931,0.0881,0.0928,0.09156,146327.58439571,119,kraken
1729468800,0.0927,0.0935,0.0884,0.0894,0.09152,146637.63804549,129,kraken
1729555200,0.0889,0.0901,0.0872,0.0892,0.0883,130892.09625688,52,kraken
1729641600,0.0884,0.0884,0.0825,0.0841,0.08405,159476.15070582,79,kraken
1729728000,0.0855,0.0865,0.0838,0.0865,0.086,33849.99835928,35,kraken
1729814400,0.0858,0.0873,0.0772,0.083,0.08289,70846.38816976,152,kraken
1729900800,0.079,0.0802,0.078,0.0796,0.07928,13568.84336719,38,kraken
1729987200,0.0797,0.0812,0.079,0.0803,0.07984,46719.61745866,38,kraken
1730073600,0.0798,0.0831,0.0781,0.0811,0.07985,59396.48728516,88,kraken
1730160000,0.0805,0.0856,0.0803,0.0853,0.0829,31873.15771555,53,kraken
1730246400,0.0855,0.0856,0.0843,0.0848,0.08504,18180.17160955,55,kraken
1730332800,0.0848,0.0858,0.0783,0.0797,0.08248,385574.43311903,230,kraken
1730419200,0.0797,0.0821,0.0785,0.0806,0.0804,33902.98273565,73,kraken
1730505600,0.0812,0.1174,0.0812,0.0932,0.09661,1072206.60039481,1960,kraken
1730592000,0.0922,0.0937,0.0806,0.0835,0.0882,394201.84246297,634,kraken
1730678400,0.0821,0.0842,0.078,0.0782,0.08241,96755.2337551,99,kraken
1730764800,0.081,0.099,0.0792,0.0913,0.09216,262257.60160901,380,kraken
1730851200,0.091,0.0988,0.0878,0.0942,0.09252,600713.23598157,388,kraken
1730937600,0.0939,0.0952,0.0904,0.0921,0.09284,92404.03183068,128,kraken
1731024000,0.0925,0.0925,0.089,0.0924,0.09141,107580.8816596,146,kraken
1731110400,0.0923,0.109,0.0898,0.0975,0.09664,342725.36143204,311,kraken
1731196800,0.098,0.1031,0.094,0.0985,0.09909,67977.00914759,133,kraken
1731283200,0.1005,0.1099,0.0993,0.1029,0.10232,198531.71617728,267,kraken
1731369600,0.1021,0.1057,0.0949,0.1006,0.10119,154255.58248642,279,kraken
1731456000,0.0996,0.1011,0.0916,0.0957,0.09643,271009.68776878,191,kraken
1731542400,0.0954,0.0969,0.0896,0.0912,0.09237,144106.51635043,140,kraken
1731628800,0.0914,0.0966,0.0878,0.0966,0.09388,46649.15510356,82,kraken
1731715200,0.0961,0.102,0.0961,0.102,0.09894,177708.35471726,178,kraken
1731801600,0.1032,0.1117,0.0977,0.0978,0.10553,308989.80505771,271,kraken
1731888000,0.1005,0.116,0.1002,0.1074,0.10696,229718.24447487,331,kraken
1731974400,0.1079,0.1092,0.1017,0.1037,0.10565,148366.59156301,214,kraken
1732060800,0.1043,0.1127,0.0911,0.1005,0.10232,303805.39996868,151,kraken
1732147200,0.1001,0.1063,0.0971,0.1063,0.10244,165474.18951998,94,kraken
1732233600,0.1067,0.1107,0.1046,0.1107,0.10703,265322.89652166,155,kraken
1732320000,0.11,0.1199,0.1081,0.1175,0.11578,323052.51005746,329,kraken
1732406400,0.1182,0.137,0.115,0.1268,0.12231,482901.56126599,457,kraken
1732492800,0.1256,0.1454,0.1111,0.1201,0.12407,1161844.98663869,759,kraken
1732579200,0.121,0.1243,0.1105,0.1153,0.11799,569097.08174104,302,kraken
1732665600,0.1139,0.1281,0.1127,0.128,0.12142,331250.81838188,256,kraken
1732752000,0.1284,0.1298,0.1226,0.1273,0.12656,153616.83339651,80,kraken
1732838400,0.1268,0.1332,0.1249,0.1326,0.12982,129284.39451566,156,kraken
1732924800,0.1319,0.1392,0.1297,0.1373,0.13444,100598.9538593,135,kraken
1733011200,0.1365,0.1477,0.1327,0.1436,0.14201,284365.69063392,310,kraken
1733097600,0.1439,0.1485,0.1337,0.1479,0.1414,454235.93582137,401,kraken
1733184000,0.1478,0.1575,0.1447,0.1561,0.15158,505712.82859698,550,kraken
1733270400,0.1555,0.1768,0.1536,0.1597,0.16473,897422.37481865,627,kraken
1733356800,0.1607,0.1652,0.1518,0.1607,0.15921,292092.29392264,280,kraken
1733443200,0.1617,0.1662,0.1575,0.1622,0.16119,221044.25195359,125,kraken
1733529600,0.1617,0.1664,0.1583,0.161,0.16292,129128.32156934,113,kraken
1733616000,0.16,0.1635,0.1543,0.163,0.15836,157225.11419071,166,kraken
1733702400,0.1623,0.1623,0.1213,0.1308,0.1389,310776.37176569,392,kraken
1733788800,0.1312,0.1332,0.1161,0.1289,0.12523,494632.77674144,362,kraken
1733875200,0.1282,0.1386,0.123,0.1379,0.13169,85025.20526948,130,kraken
1733961600,0.1392,0.1494,0.1383,0.145,0.14579,232360.26248681,272,kraken
1734048000,0.1444,0.1467,0.1413,0.1437,0.14426,89201.50483764,161,kraken
1734134400,0.1453,0.1466,0.1335,0.1364,0.14022,69785.94452076,115,kraken
1734220800,0.1359,0.1443,0.132,0.1422,0.13736,76270.7183754,116,kraken
1734307200,0.1422,0.1459,0.1342,0.1386,0.14122,143905.10563557,131,kraken
1734393600,0.1365,0.1377,0.128,0.1307,0.13362,38836.71433607,109,kraken
1734480000,0.1292,0.1295,0.1161,0.1161,0.1214,121092.08979762,136,kraken
1734566400,0.1167,0.1201,0.1032,0.1074,0.11007,347103.15856665,330,kraken
1734652800,0.1047,0.1156,0.0914,0.1108,0.10536,463935.47797905,321,kraken
1734739200,0.1107,0.1166,0.1038,0.1041,0.10557,211348.75355029,144,kraken
1734825600,0.1058,0.1077,0.1013,0.1052,0.10381,48122.97924314,73,kraken
1734912000,0.1047,0.1122,0.1017,0.1111,0.10718,273680.72829595,178,kraken
1734998400,0.111,0.119,0.1094,0.1178,0.11549,66931.16808234,87,kraken
1735084800,0.1184,0.1203,0.1157,0.1162,0.11758,85924.56225934,70,kraken
1735171200,0.1184,0.1184,0.1078,0.1094,0.11099,87539.46829069,97,kraken
1735257600,0.1102,0.1799,0.1096,0.1419,0.13725,2196633.24298792,2135,kraken
1735344000,0.1414,0.1662,0.129,0.1343,0.14321,3441221.46836527,2822,kraken
1735430400,0.1346,0.1374,0.1257,0.1268,0.13293,932850.11405334,593,kraken
1735516800,0.126,0.1294,0.1196,0.1217,0.125,187386.52076623,107,kraken
1735603200,0.1201,0.1237,0.1178,0.118,0.121,215077.01264032,149,kraken
1735689600,0.1191,0.1223,0.116,0.1206,0.1181,176763.14582532,169,kraken
1735776000,0.1206,0.1255,0.1204,0.1229,0.12269,102380.16973776,148,kraken
1735862400,0.1226,0.1427,0.1199,0.1274,0.12773,451462.43602591,1364,kraken
1735948800,0.1283,0.1315,0.1268,0.129,0.12914,45958.29825576,49,kraken
1736035200,0.1278,0.1286,0.1251,0.1275,0.12716,33501.19642482,56,kraken
1736121600,0.1276,0.15,0.125,0.1284,0.13513,266668.49833294,180,kraken
1736208000,0.1285,0.1294,0.1111,0.1111,0.12206,272871.95074818,142,kraken
1736294400,0.1121,0.1121,0.1027,0.108,0.10825,216450.85265569,109,kraken
1736380800,0.109,0.1099,0.1029,0.1058,0.10559,318902.15793482,219,kraken
1736467200,0.1063,0.1099,0.1046,0.1095,0.10762,22540.35329047,68,kraken
1736553600,0.1087,0.1092,0.1063,0.1081,0.10848,21005.73717139,31,kraken
1736640000,0.1081,0.1082,0.1038,0.105,0.10627,24962.24495285,35,kraken
1736726400,0.1067,0.1073,0.0953,0.1021,0.09865,132216.36921496,141,kraken
1736812800,0.1037,0.1075,0.1034,0.1075,0.10585,20207.85487024,35,kraken
1736899200,0.1069,0.1125,0.1039,0.1119,0.10983,60975.84424446,62,kraken
1736985600,0.1124,0.1124,0.1077,0.1101,0.11107,68485.76636486,58,kraken
1737072000,0.1111,0.1237,0.1111,0.1181,0.11586,115435.19950514,69,kraken
1737158400,0.1194,0.1194,0.1081,0.1103,0.10998,60545.52281514,63,kraken
1737244800,0.1101,0.1115,0.0986,0.0995,0.10498,156237.57881665,202,kraken
1737331200,0.0986,0.1115,0.095,0.1009,0.10062,148861.88669684,203,kraken
1737417600,0.0994,0.1069,0.0968,0.1056,0.09984,78398.40972311,108,kraken
1737504000,0.1058,0.1062,0.0997,0.1001,0.10493,19561.75104006,38,kraken
1737590400,0.1002,0.1015,0.0964,0.1005,0.09893,70516.88099193,91,kraken
1737676800,0.0991,0.1011,0.095,0.095,0.09973,79957.58934369,51,kraken
1737763200,0.095,0.0978,0.0938,0.0971,0.09548,33444.68481218,44,kraken
1737849600,0.0979,0.113,0.0976,0.0986,0.10438,165135.75312611,246,kraken
1737936000,0.098,0.098,0.0869,0.0948,0.09255,216363.35443051,202,kraken
1738022400,0.0946,0.0954,0.0866,0.087,0.09111,66416.84511453,464,kraken
1738108800,0.0879,0.0937,0.0879,0.0913,0.09046,114628.63868338,130,kraken
1738195200,0.093,0.0967,0.093,0.0945,0.09514,84290.38130203,83,kraken
1738281600,0.0943,0.0986,0.0941,0.0954,0.09549,93747.36335907,186,kraken
1738368000,0.0957,0.0972,0.0888,0.0901,0.09254,168403.22511486,95,kraken
1738454400,0.0898,0.0907,0.0733,0.0769,0.08093,233671.95095617,748,kraken
1738540800,0.0773,0.0814,0.0611,0.0807,0.06902,654129.45657699,975,kraken
1738627200,0.0794,0.0794,0.0712,0.0742,0.07476,718250.94579619,449,kraken
1738713600,0.0735,0.0762,0.0702,0.0733,0.07318,114487.61150504,123,kraken
1738800000,0.0748,0.0755,0.0683,0.0695,0.07072,197616.31111754,594,kraken
1738886400,0.0699,0.0751,0.0669,0.0687,0.0701,106176.39992575,518,kraken
1738972800,0.0692,0.0778,0.0689,0.0749,0.07285,63600.81648007,173,kraken
1739059200,0.0748,0.0785,0.0723,0.0756,0.07552,113450.24806573,152,kraken
1739145600,0.0757,0.0786,0.073,0.0783,0.07654,102938.20649129,202,kraken
1739232000,0.0786,0.0812,0.0756,0.0772,0.07889,39920.56055058,66,kraken
1739318400,0.0778,0.0861,0.0763,0.0849,0.08032,105128.21911783,191,kraken
1739404800,0.0847,0.0852,0.0787,0.0808,0.08148,150860.96149789,200,kraken
1739491200,0.0809,0.0831,0.0803,0.0815,0.08145,121516.11029831,133,kraken
1739577600,0.0813,0.0824,0.0794,0.0794,0.08097,14562.71790904,36,kraken
1739664000,0.079,0.08,0.0783,0.0791,0.07925,9397.52384024,25,kraken
1739750400,0.0797,0.0835,0.0771,0.079,0.07968,18813.90215451,52,kraken
1739836800,0.0781,0.0783,0.0719,0.074,0.07399,90261.94582388,154,kraken
1739923200,0.0742,0.077,0.0741,0.0763,0.07525,49636.02739773,88,kraken
1740009600,0.0773,0.0789,0.0766,0.0785,0.07802,79945.50994147,29,kraken
1740096000,0.079,0.0819,0.075,0.0753,0.07893,91831.85547725,41,kraken
1740182400,0.0761,0.0813,0.0761,0.0797,0.0791,17766.04345453,18,kraken
1740268800,0.0804,0.0929,0.0804,0.0827,0.08751,523811.56012732,562,kraken
1740355200,0.0827,0.0835,0.0689,0.0705,0.0742,173447.67099097,165,kraken
1740441600,0.0704,0.0727,0.0673,0.0727,0.06994,186457.36424937,210,kraken
1740528000,0.0719,0.073,0.0681,0.0715,0.07044,47872.74194066,44,kraken
1740614400,0.0706,0.0729,0.0691,0.0715,0.07148,47191.31869222,39,kraken
1740700800,0.0714,0.0714,0.0657,0.0705,0.0671,266367.4931077,200,kraken
1740787200,0.0696,0.0709,0.0674,0.0693,0.06911,27163.0639234,62,kraken
1740873600,0.0697,0.0774,0.0683,0.0774,0.07381,59639.64610555,167,kraken
1740960000,0.0762,0.0762,0.066,0.067,0.07107,116612.93210648,169,kraken
1741046400,0.0663,0.0663,0.0606,0.066,0.06332,196883.46147451,306,kraken
1741132800,0.0648,0.0677,0.0643,0.0676,0.06526,29088.8966628,26,kraken
1741219200,0.0679,0.0695,0.0658,0.0661,0.06818,47429.80574418,83,kraken
1741305600,0.0663,0.0685,0.0628,0.0661,0.06656,51797.88096413,93,kraken
1741392000,0.065,0.0661,0.0644,0.0654,0.06453,7406.83330874,7,kraken
1741478400,0.0648,0.0671,0.0586,0.0586,0.06452,285447.57063313,196,kraken
1741564800,0.0597,0.064,0.0549,0.0562,0.05969,131445.7954031,115,kraken
1741651200,0.0566,0.0637,0.053,0.0596,0.05877,262231.13520418,199,kraken
1741737600,0.0589,0.0611,0.058,0.0611,0.06025,485178.87678319,119,kraken
1741824000,0.0616,0.062,0.0588,0.0605,0.06015,64317.70203944,69,kraken
1741910400,0.0603,0.0634,0.0603,0.0628,0.062,11783.81781726,27,kraken
1741996800,0.0626,0.0642,0.0626,0.0642,0.0634,17316.45867918,14,kraken
1742083200,0.0636,0.0636,0.0616,0.0616,0.06237,8793.60855704,10,kraken
1742169600,0.063,0.0652,0.063,0.0648,0.06389,6047.78045266,12,kraken
1742256000,0.0638,0.0681,0.0628,0.0656,0.06641,327071.09314066,197,kraken
1742342400,0.0661,0.0696,0.0656,0.067,0.06712,65657.45111099,78,kraken
1742428800,0.0673,0.0673,0.0644,0.0644,0.06595,25134.36901687,18,kraken
1742515200,0.0642,0.0649,0.0626,0.0638,0.0638,35867.61601707,22,kraken
1742601600,0.0641,0.0664,0.0641,0.0664,0.06566,19732.62278592,28,kraken
1742688000,0.0659,0.0692,0.0658,0.066,0.06694,21708.21934317,47,kraken
1742774400,0.0662,0.0689,0.066,0.0689,0.068,39770.79805363,31,kraken
1742860800,0.0678,0.0683,0.0676,0.0681,0.06785,14118.46247949,14,kraken
1742947200,0.0692,0.0692,0.0663,0.0663,0.06871,14563.43520107,15,kraken
1743033600,0.0673,0.0682,0.0668,0.0674,0.0676,14455.40168007,30,kraken
1743120000,0.0668,0.0668,0.0614,0.0622,0.06308,56201.99205303,27,kraken
1743206400,0.0625,0.0626,0.0589,0.0589,0.06085,6439.42641379,13,kraken
1743292800,0.06,0.061,0.0594,0.0598,0.06037,117461.49274433,31,kraken
1743379200,0.0589,0.06,0.0577,0.0591,0.05921,6189.6829113,14,kraken
1743465600,0.0588,0.0604,0.0587,0.0589,0.05912,39625.70805878,40,kraken
1743552000,0.058,0.0604,0.0557,0.0559,0.05766,33132.02609844,38,kraken
1743638400,0.0565,0.0569,0.0535,0.0559,0.05499,198357.38159021,54,kraken
1743724800,0.0564,0.0565,0.0544,0.0565,0.05618,31626.23948508,22,kraken
1743811200,0.0568,0.0568,0.055,0.0552,0.05547,8073.30871204,9,kraken
1743897600,0.0544,0.0544,0.0478,0.0493,0.05073,48420.4508078,38,kraken
1743984000,0.0496,0.0514,0.0457,0.0503,0.04897,189747.70481515,206,kraken
1744070400,0.0502,0.0513,0.0479,0.0481,0.04969,68499.82498624,48,kraken
1744156800,0.0476,0.0535,0.0463,0.0535,0.04945,67412.46119254,56,kraken
1744243200,0.0534,0.0534,0.0502,0.0513,0.05138,55804.84682686,39,kraken
1744329600,0.0516,0.0535,0.0514,0.0533,0.05265,110911.72342845,64,kraken
1744416000,0.0526,0.0554,0.0526,0.0551,0.05389,21727.70343085,21,kraken
1744502400,0.0547,0.0547,0.0527,0.0527,0.0541,1783.27752489,10,kraken
1744588800,0.0533,0.0545,0.0528,0.0536,0.0535,25964.07014059,16,kraken
1744675200,0.0535,0.0567,0.0526,0.0526,0.05417,30097.62967342,38,kraken
1744761600,0.0522,0.0532,0.0514,0.0529,0.05242,65015.91983769,22,kraken
1744848000,0.0519,0.0534,0.0519,0.052,0.05248,22721.8402904,25,kraken
1744934400,0.052,0.0523,0.0515,0.0515,0.05185,7305.92690137,19,kraken
1745020800,0.052,0.0548,0.0518,0.0537,0.05385,52484.84742563,43,kraken
1745107200,0.0539,0.0758,0.0539,0.0619,0.0669,2577738.65051946,2849,kraken
1745193600,0.0617,0.0647,0.0578,0.0578,0.06094,587008.88937724,335,kraken
1745280000,0.0578,0.0608,0.0567,0.0606,0.05866,208949.56029391,149,kraken
1745366400,0.0606,0.0615,0.0593,0.0601,0.06051,198547.93631779,129,kraken
1745452800,0.0598,0.0607,0.0576,0.0605,0.05926,83456.67943693,52,kraken
1745539200,0.0608,0.0626,0.0606,0.061,0.06171,220878.06217388,98,kraken
1745625600,0.062,0.0634,0.0612,0.0617,0.06216,80648.24534234,62,kraken
1745712000,0.0608,0.0613,0.0594,0.0595,0.06031,48079.78794735,34,kraken
1745798400,0.0591,0.0616,0.058,0.0613,0.0602,31207.90417569,41,kraken
1745884800,0.0614,0.0622,0.0587,0.0587,0.06061,48733.76083781,28,kraken
1745971200,0.0594,0.0617,0.0586,0.0609,0.06097,101537.99119998,69,kraken
1746057600,0.061,0.063,0.0607,0.0615,0.06226,54296.35461981,28,kraken
1746144000,0.062,0.0626,0.0605,0.0613,0.06146,76199.1199059,55,kraken
1746230400,0.0606,0.0607,0.057,0.0574,0.05879,14185.81092854,31,kraken
1746316800,0.0567,0.0573,0.0558,0.0562,0.0566,16673.07220195,16,kraken
1746403200,0.0564,0.057,0.0549,0.0559,0.05553,31461.31093693,38,kraken
1746489600,0.0556,0.0557,0.0535,0.0552,0.05481,41139.49594014,44,kraken
1746576000,0.0553,0.0564,0.0544,0.0554,0.05489,38659.10762076,24,kraken
1746662400,0.0562,0.06339,0.0562,0.06327,0.06094,139915.48926011,124,kraken
1746748800,0.0629,0.06779,0.0629,0.06644,0.06586,289726.37767425,246,kraken
1746835200,0.06688,0.0724,0.0663,0.07213,0.0687,221403.00291736,304,kraken
1746921600,0.07204,0.0762,0.0697,0.0703,0.0723,290705.70630129,368,kraken
1747008000,0.0704,0.08348,0.06885,0.07123,0.07229,183017.04332326,268,kraken
1747094400,0.07133,0.07491,0.06713,0.07454,0.07181,235683.84219915,311,kraken
1747180800,0.07412,0.07468,0.07046,0.0709,0.07194,223368.33973917,188,kraken
1747267200,0.0706,0.07139,0.06579,0.06703,0.06811,219841.75474507,281,kraken
1747353600,0.06693,0.06857,0.0648,0.065,0.06739,228559.62451555,286,kraken
1747440000,0.0647,0.06484,0.06203,0.06309,0.06316,112780.35633076,181,kraken
1747526400,0.06348,0.06672,0.06088,0.06539,0.06468,162698.05077676,227,kraken
1747612800,0.06577,0.066,0.06184,0.06421,0.06355,210001.04167191,314,kraken
1747699200,0.06486,0.06629,0.06251,0.06441,0.06406,259449.80408702,380,kraken
1747785600,0.06431,0.06765,0.06398,0.06703,0.06583,320914.73542229,421,kraken
1747872000,0.06701,0.07088,0.06595,0.07001,0.06836,478176.36582999,296,kraken
1747958400,0.07019,0.07134,0.06477,0.06524,0.0681,234477.15340014,232,kraken
1748044800,0.0651,0.06653,0.0638,0.06403,0.06523,46276.59477193,71,kraken
1748131200,0.06444,0.06507,0.062,0.06505,0.0633,305278.73535697,325,kraken
1748217600,0.06448,0.06606,0.0638,0.06507,0.06492,75200.94597329,89,kraken
1748304000,0.06473,0.06765,0.06285,0.06686,0.06538,38618.46466695,67,kraken
1748390400,0.0671,0.06754,0.0638,0.06633,0.06596,237447.80168548,270,kraken
1748476800,0.06622,0.06808,0.06285,0.06296,0.06571,320997.43558648,352,kraken
1748563200,0.06326,0.07822,0.0598,0.06887,0.07059,2135151.48671716,1498,kraken
1748649600,0.0681,0.0681,0.05681,0.05759,0.05987,335409.47134199,272,kraken
1748736000,0.057,0.06022,0.05626,0.05866,0.05827,214949.04825923,189,kraken
1748822400,0.05879,0.05895,0.05554,0.05841,0.05709,338422.01466678,230,kraken
1748908800,0.05827,0.05882,0.05723,0.05796,0.05816,361818.8462792,325,kraken
1748995200,0.05744,0.06301,0.05649,0.05747,0.05905,745432.14494671,481,kraken
1749081600,0.0573,0.06248,0.0535,0.05359,0.0566,226616.01804848,194,kraken
1749168000,0.0538,0.05618,0.0535,0.05475,0.05441,170947.56971464,100,kraken
1749254400,0.05467,0.05554,0.05447,0.05509,0.05504,106097.6781837,129,kraken
1749340800,0.05527,0.05569,0.05397,0.0542,0.05497,54097.55780381,72,kraken
1749427200,0.05383,0.05933,0.0535,0.05858,0.05671,209421.05654926,167,kraken
1749513600,0.05884,0.06074,0.05815,0.06002,0.05959,162109.59747585,157,kraken
1749600000,0.06031,0.06039,0.05647,0.05719,0.05907,147474.50621237,178,kraken
1749686400,0.05722,0.05742,0.05403,0.05403,0.05576,384864.12823553,180,kraken
1749772800,0.05364,0.05364,0.05,0.0517,0.05102,256899.45273612,100,kraken
1749859200,0.05185,0.05205,0.05045,0.05099,0.05153,275050.63294524,156,kraken
1749945600,0.05111,0.05474,0.05109,0.05279,0.05276,408229.44096499,284,kraken
1750032000,0.05324,0.05683,0.05297,0.05297,0.05533,579882.72550104,188,kraken
1750118400,0.05247,0.05418,0.05041,0.05071,0.05281,176874.39299618,90,kraken
1750204800,0.05065,0.05158,0.04918,0.0513,0.0502,311903.82777143,160,kraken
1750291200,0.05113,0.05148,0.04937,0.04993,0.05014,74162.55836794,81,kraken
1750377600,0.05016,0.05098,0.04722,0.04825,0.04873,118730.65463948,44,kraken
1750464000,0.04834,0.04885,0.04409,0.04591,0.04653,209923.01400261,109,kraken
1750550400,0.04642,0.04662,0.0431,0.04397,0.04552,36734.42254051,51,kraken
1750636800,0.04463,0.05117,0.04463,0.05102,0.04692,252815.24562679,78,kraken
1750723200,0.05123,0.05123,0.05068,0.05101,0.05093,58202.74725925,28,kraken
1750809600,0.05124,0.05124,0.04958,0.04962,0.0501,36948.5147708,19,kraken
1750896000,0.05058,0.0516,0.04875,0.04914,0.05113,110133.43304339,45,kraken
1750982400,0.0493,0.05017,0.0486,0.04973,0.0495,51587.03659856,22,kraken
1751068800,0.04946,0.05174,0.0494,0.05162,0.0512,200439.64351308,55,kraken
1751155200,0.05192,0.06629,0.05192,0.05509,0.0583,707363.37099436,658,kraken
1751241600,0.05537,0.05612,0.05292,0.05409,0.05448,330049.7706272,108,kraken
1751328000,0.05326,0.0535,0.05091,0.05091,0.05253,16411.35978988,30,kraken
1751414400,0.05095,0.05606,0.05067,0.05358,0.05377,1028279.57437146,194,kraken
1751500800,0.0536,0.0545,0.05323,0.05363,0.05354,598265.33175729,58,kraken
1751587200,0.05363,0.05363,0.04967,0.05031,0.05177,210837.10395125,53,kraken
1751673600,0.05059,0.05064,0.0498,0.05023,0.05036,324457.05055076,59,kraken
1751760000,0.05006,0.05106,0.04978,0.05076,0.05082,155416.6290281,18,kraken
1751846400,0.05064,0.05408,0.05002,0.05222,0.0519,659329.95676664,274,kraken
1751932800,0.0523,0.05335,0.05056,0.05056,0.05123,133546.36154422,68,kraken
1752019200,0.05144,0.05379,0.05144,0.05379,0.05241,86367.25576031,35,kraken
1752105600,0.05316,0.05768,0.05315,0.0569,0.05588,282938.58923609,89,kraken
1752192000,0.05609,0.05954,0.05587,0.05657,0.05721,225952.30382542,62,kraken
1752278400,0.05699,0.05857,0.05612,0.0577,0.05734,110623.10817194,33,kraken
1752364800,0.05754,0.05956,0.05705,0.05844,0.05841,289354.17313667,80,kraken
1752451200,0.05847,0.06096,0.0574,0.05796,0.05888,248278.19531259,75,kraken
1752537600,0.05776,0.05956,0.05572,0.05956,0.05701,111102.32718843,51,kraken
1752624000,0.05975,0.06225,0.05923,0.06106,0.06084,197597.95481539,62,kraken
1752710400,0.06144,0.07,0.06004,0.0639,0.06235,358897.81875505,105,kraken
1752796800,0.06378,0.06632,0.06124,0.06236,0.06324,387935.89880966,119,kraken
1752883200,0.06225,0.06307,0.06099,0.06297,0.06217,149436.83856801,48,kraken
1752969600,0.06314,0.06987,0.06314,0.06911,0.06807,298727.49931886,89,kraken
1753056000,0.06908,0.06964,0.06783,0.06897,0.06883,479453.62389794,100,kraken
1753142400,0.06842,0.06842,0.06463,0.06742,0.0662,465178.49483172,97,kraken
1753228800,0.06701,0.06748,0.061,0.06173,0.06401,67316.30658882,51,kraken
1753315200,0.06226,0.06254,0.0583,0.06113,0.06083,72823.39109078,47,kraken
1753401600,0.06014,0.06134,0.05918,0.06134,0.06014,88320.69454839,54,kraken
1753488000,0.06197,0.0622,0.06156,0.06206,0.06183,29335.78390018,16,kraken
1753574400,0.06314,0.06507,0.06255,0.06486,0.06446,395020.20101167,62,kraken
1753660800,0.06526,0.06689,0.06161,0.06161,0.06456,293365.97994703,65,kraken
1753747200,0.06172,0.06518,0.06064,0.06227,0.06329,221342.34752086,66,kraken
1753833600,0.06191,0.0622,0.0583,0.06132,0.06082,164047.79866657,78,kraken
1753920000,0.0622,0.06357,0.0583,0.0583,0.06201,131161.05301008,60,kraken
1754006400,0.05808,0.05858,0.05375,0.05446,0.05562,366838.61422074,94,kraken
1754092800,0.05515,0.05536,0.05246,0.05331,0.0543,94336.17549198,31,kraken
1754179200,0.05432,0.05532,0.05432,0.05508,0.05509,43594.55530939,14,kraken
1754265600,0.05598,0.05808,0.05575,0.05797,0.057,144847.19042558,31,kraken
1754352000,0.05806,0.05806,0.05533,0.05533,0.05702,15065.6880351,15,kraken
1754438400,0.05586,0.05718,0.05489,0.05718,0.05589,33401.09663619,17,kraken
1754524800,0.05698,0.05918,0.05698,0.05918,0.05828,18080.41511716,26,kraken
1754611200,0.05946,0.06145,0.05946,0.06135,0.0605,10798.22069527,22,kraken
1754697600,0.06121,0.0643,0.06121,0.06384,0.06364,117630.54367546,33,kraken
1754784000,0.06443,0.06457,0.06191,0.06322,0.06311,9835.81197497,20,kraken
1754870400,0.06367,0.06499,0.06075,0.06075,0.06257,43050.30175522,25,kraken
1754956800,0.06186,0.06572,0.06079,0.06503,0.0641,44939.03340073,21,kraken
1755043200,0.06543,0.06775,0.064,0.06595,0.06608,78959.4445136,56,kraken
1755129600,0.06664,0.06664,0.05853,0.05879,0.06108,102628.25327805,52,kraken
1755216000,0.05938,0.06128,0.0583,0.06009,0.06029,199104.62414257,60,kraken
1755302400,0.06038,0.07919,0.0603,0.06545,0.07212,1902269.52198319,856,kraken
1755388800,0.06527,0.06608,0.06311,0.06318,0.06441,348842.21684989,129,kraken
1755475200,0.06285,0.06288,0.05918,0.06032,0.06104,78458.29758861,31,kraken
1755561600,0.06008,0.07451,0.06008,0.07006,0.06781,1418143.43790478,901,kraken
1755648000,0.07034,0.08888,0.06945,0.07716,0.08019,3409697.88592995,2610,kraken
1755734400,0.0773,0.08345,0.07309,0.07403,0.0789,971218.18660638,424,kraken
1755820800,0.0735,0.07764,0.0714,0.07701,0.07376,765148.79099016,217,kraken
1755907200,0.07684,0.0769,0.07228,0.07291,0.07406,132244.37544801,117,kraken
1755993600,0.07282,0.07313,0.06924,0.07026,0.07073,114373.99554231,75,kraken
1756080000,0.07057,0.08121,0.06939,0.07206,0.07581,1334844.82141433,598,kraken
1756166400,0.07196,0.07629,0.0675,0.07001,0.07078,551793.68134445,192,kraken
1756252800,0.07029,0.07066,0.06629,0.06683,0.06817,97675.1013197,79,kraken
1756339200,0.06738,0.06818,0.06504,0.06611,0.0667,190313.75958305,86,kraken
1756425600,0.06614,0.06614,0.0619,0.06309,0.06297,389049.65113162,137,kraken
1756512000,0.06335,0.07676,0.06316,0.0671,0.06869,1200967.09520348,505,kraken
1756598400,0.06692,0.0684,0.06361,0.06361,0.06518,151059.32521037,56,kraken
1756684800,0.06317,0.06394,0.06081,0.06135,0.06258,63589.56923334,75,kraken
1756771200,0.06182,0.06292,0.06093,0.06236,0.06208,95258.49661389,80,kraken
1756857600,0.06206,0.06356,0.06145,0.06356,0.0621,134285.99996603,63,kraken
1756944000,0.06238,0.06238,0.05934,0.06127,0.0607,36131.50417271,44,kraken
1757030400,0.06197,0.06284,0.06077,0.0618,0.06192,94276.38043322,59,kraken
1757116800,0.0622,0.06469,0.06133,0.06191,0.06298,48504.01942397,57,kraken
1757203200,0.06269,0.06448,0.06254,0.06377,0.06342,79274.6783324,46,kraken
1757289600,0.06345,0.06885,0.06345,0.06439,0.06505,677699.00788168,131,kraken
1757376000,0.06463,0.06632,0.0638,0.0638,0.06471,69465.47944334,46,kraken
1757462400,0.06438,0.06554,0.06388,0.06388,0.0645,159176.08494353,32,kraken
1757548800,0.066,0.06988,0.06384,0.066,0.06761,316674.33615471,142,kraken
1757635200,0.06573,0.06747,0.06523,0.06731,0.06645,76483.66359536,69,kraken
1757721600,0.06748,0.06866,0.06665,0.06773,0.06789,95897.44271901,70,kraken
1757808000,0.0676,0.06761,0.06345,0.06488,0.06603,141553.47052732,108,kraken
1757894400,0.0638,0.06525,0.06078,0.06188,0.06242,108282.35225505,76,kraken
1757980800,0.06179,0.06281,0.0609,0.06281,0.06212,148927.08664167,58,kraken
1758067200,0.06251,0.07226,0.06134,0.06744,0.06645,757660.07959385,434,kraken
1758153600,0.06725,0.06805,0.06632,0.06686,0.06709,99031.83237772,104,kraken
1758240000,0.06755,0.06756,0.06391,0.06391,0.06534,235832.22157297,83,kraken
1758326400,0.06435,0.06606,0.06435,0.06515,0.0649,44489.18914345,27,kraken
1758412800,0.06529,0.06606,0.06324,0.06356,0.06424,54300.99232066,67,kraken
1758499200,0.06359,0.06359,0.05653,0.05785,0.05852,414123.97110465,249,kraken
1758585600,0.0577,0.05857,0.05724,0.05757,0.0576,137853.27396311,89,kraken
1758672000,0.0581,0.05911,0.05743,0.05768,0.05831,73525.61904613,59,kraken
1758758400,0.05761,0.05769,0.05408,0.05497,0.05588,152779.52938896,72,kraken
1758844800,0.05579,0.05701,0.05471,0.05633,0.05566,141493.57723618,73,kraken
1758931200,0.05738,0.05755,0.05608,0.05633,0.05683,9164.48422404,31,kraken
1759017600,0.05605,0.05748,0.05507,0.0573,0.05589,139259.1480759,88,kraken
1759104000,0.05756,0.05946,0.05681,0.05743,0.0574,235571.93233956,97,kraken
1759190400,0.05657,0.05875,0.05609,0.0576,0.05836,115507.98434592,55,kraken
1759276800,0.05657,0.0595,0.05646,0.05936,0.05896,161056.95056717,72,kraken
1759363200,0.05929,0.06185,0.05911,0.06152,0.06117,825269.44649791,144,kraken
1759449600,0.06111,0.06699,0.06111,0.06329,0.06342,642466.57242873,319,kraken
1759536000,0.0631,0.0641,0.06191,0.06245,0.06284,106242.21043836,34,kraken
1759622400,0.06314,0.06432,0.06285,0.06294,0.06342,47723.26343831,42,kraken
1759708800,0.06329,0.06507,0.06266,0.06455,0.06448,26905.85303056,31,kraken
1759795200,0.0638,0.0641,0.06069,0.06069,0.06256,84866.30937821,45,kraken
1759881600,0.06079,0.06222,0.05986,0.05987,0.06093,60107.09811697,41,kraken
1759968000,0.05918,0.05918,0.05743,0.05828,0.058,123372.13807692,39,kraken
1760054400,0.05857,0.05959,0.02409,0.04398,0.04856,893963.87418322,625,kraken
1760140800,0.04573,0.0467,0.04376,0.04663,0.04578,386293.48851456,258,kraken
1760227200,0.04511,0.05188,0.04483,0.05188,0.04648,62212.26385673,68,kraken
1760313600,0.05015,0.05289,0.04955,0.05283,0.05178,132332.06405032,88,kraken
1760400000,0.0526,0.0526,0.04859,0.05089,0.04974,141410.78178522,75,kraken
1760486400,0.0511,0.05361,0.0494,0.05013,0.05155,86501.97967783,65,kraken
1760572800,0.05038,0.05192,0.04811,0.04811,0.05082,242871.26952671,60,kraken
1760659200,0.04902,0.04902,0.04539,0.04759,0.04718,143292.96551481,64,kraken
1760745600,0.04796,0.0484,0.0477,0.04825,0.04824,105961.84181094,28,kraken
1760832000,0.04804,0.05,0.04677,0.0493,0.04789,484554.41326127,68,kraken
1760918400,0.04895,0.05048,0.04866,0.04963,0.04989,191188.57145992,39,kraken
1761004800,0.04866,0.05068,0.04678,0.04722,0.04813,358343.80338937,108,kraken
1761091200,0.04721,0.0475,0.04506,0.04609,0.04657,187317.62861204,38,kraken
1761177600,0.04631,0.04743,0.04611,0.0468,0.04686,81523.76796999,28,kraken
1761264000,0.04743,0.04821,0.04697,0.04769,0.04762,103555.96455418,26,kraken
1761350400,0.0474,0.04759,0.047,0.04759,0.04734,39387.7851816,20,kraken
1761436800,0.0476,0.05,0.04727,0.05,0.04818,53186.16352408,21,kraken
1761523200,0.05007,0.05046,0.04834,0.04857,0.04919,153056.90443232,39,kraken
1761609600,0.0486,0.0489,0.0461,0.0471,0.04791,251771.16155171,41,kraken
1761696000,0.04681,0.04762,0.0458,0.04642,0.04698,47939.19446505,31,kraken
1761782400,0.04668,0.04671,0.04356,0.04422,0.04392,215428.61995414,41,kraken
1761868800,0.0446,0.04601,0.04453,0.04522,0.04519,115341.0747845,25,kraken
1761955200,0.04525,0.04613,0.04524,0.04613,0.0456,148703.00868463,34,kraken
1762041600,0.04543,0.04592,0.04462,0.04572,0.04533,65329.72299787,18,kraken
1762128000,0.04624,0.04624,0.04044,0.0424,0.0421,109222.82046114,32,kraken
1762214400,0.04297,0.04297,0.03818,0.0382,0.04044,258388.52689583,61,kraken
1762300800,0.03815,0.03989,0.03632,0.03989,0.03799,74120.608967,33,kraken
1762387200,0.03958,0.04017,0.03907,0.03922,0.03976,235128.41206833,25,kraken
1762473600,0.0397,0.04281,0.0393,0.04268,0.04145,332182.21960377,61,kraken
1762560000,0.04237,0.05072,0.04147,0.04519,0.04443,375548.74340561,119,kraken
1762646400,0.04385,0.04534,0.04238,0.04426,0.04355,48896.30372682,43,kraken
1762732800,0.04315,0.04444,0.04292,0.04352,0.04385,165159.92929803,87,kraken
1762819200,0.04303,0.04312,0.04179,0.04179,0.04277,11510.07367394,10,kraken
1762905600,0.04187,0.0429,0.04024,0.04079,0.04134,61652.68065623,19,kraken
1762992000,0.04158,0.04159,0.03786,0.03895,0.03888,162637.82365773,98,kraken
1763078400,0.03899,0.03905,0.03725,0.03726,0.03818,118191.3489174,54,kraken
1763164800,0.03887,0.03972,0.03843,0.03923,0.03904,124580.70254562,27,kraken
1763251200,0.03963,0.04326,0.03946,0.04019,0.04075,306699.80493579,84,kraken
1763337600,0.03995,0.04099,0.03907,0.03932,0.03965,92882.11006004,58,kraken
1763424000,0.0389,0.04088,0.0389,0.04077,0.04007,98601.54030184,24,kraken
1763510400,0.04035,0.04037,0.03683,0.03831,0.03909,88694.57924683,38,kraken
1763596800,0.0392,0.03976,0.03661,0.03751,0.03764,133266.60359652,44,kraken
1763683200,0.03726,0.03726,0.03365,0.03555,0.03488,451867.61814542,95,kraken
1763769600,0.03566,0.03571,0.03476,0.03563,0.03534,48566.41758265,23,kraken
1763856000,0.03538,0.03625,0.03528,0.03528,0.03566,82137.30811315,17,kraken
1763942400,0.03608,0.03696,0.03556,0.03696,0.0361,24044.88320011,12,kraken
1764028800,0.03694,0.03748,0.03636,0.03717,0.03711,68049.77356911,37,kraken
1764115200,0.03729,0.03769,0.0366,0.03769,0.03708,23950.34282877,10,kraken
1764201600,0.03778,0.03778,0.0372,0.03727,0.03733,47906.6138151,15,kraken
1764288000,0.03696,0.03798,0.03677,0.03748,0.0374,58449.90637429,29,kraken
1764374400,0.0372,0.0372,0.03633,0.03663,0.03675,29236.69683913,13,kraken
1764460800,0.03665,0.03669,0.03652,0.03668,0.03665,1080.54259521,5,kraken
1764547200,0.0361,0.0361,0.03346,0.03369,0.03428,27578.22754369,38,kraken
1764633600,0.03352,0.03622,0.03352,0.03586,0.03586,93811.03785071,27,kraken
1764720000,0.03642,0.03706,0.03564,0.03706,0.03649,21834.7356987,17,kraken
1764806400,0.03694,0.03704,0.03636,0.0365,0.03672,4187.29878773,5,kraken
1764892800,0.03733,0.03733,0.03502,0.03533,0.03624,53277.39256607,34,kraken
1764979200,0.03529,0.03564,0.03529,0.03564,0.0354,866.19255092,5,kraken
1765065600,0.03566,0.03709,0.03459,0.03552,0.03511,15532.07266951,10,kraken
1765152000,0.03645,0.03661,0.03562,0.03562,0.03652,32404.87319255,11,kraken
1765238400,0.03521,0.03772,0.03502,0.03747,0.03606,166729.05301475,39,kraken
1765324800,0.03677,0.03814,0.0365,0.0365,0.0369,185028.64377726,40,kraken
1765411200,0.03501,0.03516,0.03452,0.03516,0.03473,74141.1125461,9,kraken
1765497600,0.03501,0.03538,0.03346,0.03459,0.03453,122419.07057607,35,kraken
1765584000,0.03484,0.03484,0.03382,0.03382,0.03426,72855.56101061,12,kraken
1765670400,0.03402,0.03412,0.03268,0.03317,0.03308,43110.47358748,16,kraken
1765756800,0.03354,0.03354,0.0312,0.03166,0.03168,47246.13506362,39,kraken
1765843200,0.03148,0.03163,0.03114,0.0315,0.03139,104761.5719236,15,kraken
1765929600,0.03153,0.03153,0.02961,0.03006,0.03009,263073.0962886,23,kraken
1766016000,0.0301,0.03103,0.02927,0.02964,0.02967,110142.35200496,18,kraken
1766102400,0.02985,0.0315,0.02985,0.03124,0.03073,177611.81944774,14,kraken
1766188800,0.03068,0.03169,0.03068,0.03115,0.03148,64228.69610719,12,kraken
1766275200,0.03169,0.03169,0.03061,0.03115,0.03079,126667.67760185,20,kraken
1766361600,0.03109,0.03223,0.03098,0.03139,0.03188,122948.36338993,19,kraken
1766448000,0.03109,0.03109,0.02944,0.0303,0.03042,172637.24151089,29,kraken
1766534400,0.03,0.03006,0.02958,0.03006,0.02976,79106.75574582,21,kraken
1766620800,0.03014,0.03028,0.02916,0.02916,0.02983,159168.77230511,20,kraken
1766707200,0.02886,0.02955,0.02874,0.0292,0.02919,134918.63842399,30,kraken
1766793600,0.02887,0.02972,0.02887,0.02968,0.02937,136644.80681799,35,kraken
1766880000,0.02992,0.03011,0.02915,0.02958,0.02984,33303.83744,15,kraken
1766966400,0.02978,0.03644,0.02978,0.03211,0.03212,367609.23689818,78,kraken
1767052800,0.03186,0.03186,0.03038,0.03056,0.031,117201.34626445,30,kraken
1767139200,0.03073,0.03109,0.02897,0.03007,0.03003,75604.87989387,38,kraken
1767225600,0.02972,0.03084,0.02971,0.03067,0.02996,54978.92154882,11,kraken
1767312000,0.03023,0.03128,0.03023,0.03107,0.03081,202508.48121067,26,kraken
1767398400,0.03099,0.0313,0.03088,0.03089,0.03103,55824.82737426,7,kraken
1767484800,0.0311,0.03249,0.0311,0.03213,0.03168,211010.86521598,29,kraken
1767571200,0.03211,0.03412,0.0317,0.03242,0.03216,255012.92341867,42,kraken
1767657600,0.03242,0.03351,0.03197,0.03288,0.03315,132520.81331803,30,kraken
1767744000,0.03289,0.03329,0.03178,0.03178,0.03251,152157.11595334,44,kraken
1767830400,0.03206,0.03206,0.0306,0.03109,0.03104,77125.26574494,21,kraken
1767916800,0.03129,0.03145,0.03075,0.03137,0.03111,57938.56757902,12,kraken
1768003200,0.03112,0.03177,0.03073,0.03167,0.03132,186133.30299026,21,kraken
1768089600,0.03171,0.03173,0.03065,0.03065,0.03143,32950.28699022,4,kraken
1768176000,0.03113,0.03154,0.03074,0.0308,0.03114,66600.23682961,10,kraken
1768262400,0.03072,0.03681,0.03072,0.03409,0.03356,391023.15419553,62,kraken
1768348800,0.03378,0.0341,0.03298,0.03351,0.03356,123642.35080864,17,kraken
1768435200,0.03294,0.0338,0.03279,0.033,0.03311,68728.22774999,18,kraken
1768521600,0.033,0.03324,0.03271,0.03312,0.033,14909.72324775,6,kraken
1768608000,0.03313,0.03382,0.03313,0.03336,0.03341,16319.20167349,8,kraken
1768694400,0.0326,0.03294,0.03257,0.03257,0.03265,22077.16978952,10,kraken
1768780800,0.03101,0.03192,0.03021,0.03098,0.03079,25133.41343663,23,kraken
1768867200,0.0307,0.0307,0.02949,0.02949,0.02989,18643.27605546,12,kraken
1768953600,0.03023,0.03085,0.02927,0.03084,0.03022,97316.61940264,19,kraken
1769040000,0.03037,0.0307,0.02992,0.03008,0.03028,86140.79009632,15,kraken
1769126400,0.03018,0.0303,0.0298,0.03019,0.03014,46478.17969983,9,kraken
1769212800,0.03034,0.0305,0.03019,0.03019,0.03041,54260.60530786,9,kraken
1769299200,0.03018,0.03018,0.02831,0.02868,0.0286,114353.46560474,17,kraken
1769385600,0.02868,0.03021,0.02868,0.0302,0.02953,281315.8143183,31,kraken
1769472000,0.03011,0.03011,0.02959,0.0299,0.02998,30024.77164706,9,kraken
1769558400,0.03062,0.03062,0.02988,0.02998,0.0301,15462.62265737,6,kraken
1769644800,0.02951,0.02951,0.0281,0.02866,0.02852,30771.63932021,15,kraken
1769731200,0.02835,0.0284,0.02727,0.02777,0.02786,648163.76428617,46,kraken
1769817600,0.02778,0.02778,0.02363,0.02532,0.02554,748323.95560671,80,kraken
1769904000,0.0254,0.02547,0.02352,0.02374,0.02474,262063.92284986,56,kraken
1769990400,0.02401,0.02483,0.02292,0.02483,0.02382,115914.79138271,24,kraken
1770076800,0.02462,0.02534,0.0236,0.02448,0.02454,254732.47932399,32,kraken
1770163200,0.0244,0.02498,0.02338,0.02415,0.02422,513971.05557935,31,kraken
1770249600,0.02418,0.02419,0.02025,0.02079,0.02215,723252.76654994,65,kraken
1770336000,0.02028,0.02313,0.0188,0.02292,0.02093,496971.42441683,30,kraken
1770422400,0.02273,0.02292,0.02208,0.02269,0.02246,133795.66930618,10,kraken
1770508800,0.02269,0.02269,0.02191,0.02207,0.02229,284420.01680529,14,kraken
1770595200,0.022,0.02207,0.0209,0.02181,0.02164,473081.24982013,27,kraken
1770681600,0.02188,0.02188,0.02106,0.0215,0.02133,459969.15652506,64,kraken
1770768000,0.02153,0.02158,0.02054,0.021,0.02083,619791.55004103,38,kraken
1770854400,0.02128,0.02175,0.02077,0.02153,0.02142,229518.04129227,20,kraken
1770940800,0.02158,0.0224,0.0209,0.0222,0.0218,519656.69813598,50,kraken
1771027200,0.02233,0.02352,0.02233,0.02345,0.02302,340872.97593065,13,kraken
1771113600,0.02323,0.02325,0.02203,0.02213,0.02257,564245.59694083,39,kraken
1771200000,0.02217,0.03096,0.02217,0.0277,0.0268,3295416.18248223,709,kraken
1771286400,0.02775,0.04549,0.02398,0.02429,0.02598,3636998.43648321,785,kraken
1771372800,0.02425,0.02438,0.02236,0.0226,0.02357,1437937.56511671,117,kraken
1771459200,0.02241,0.02257,0.02148,0.02177,0.02203,903383.49831226,83,kraken
1771545600,0.02204,0.02241,0.02161,0.02203,0.02201,982577.59313683,260,kraken
1771632000,0.02197,0.02197,0.02164,0.02172,0.02181,216702.74496693,21,kraken
1771718400,0.02163,0.02163,0.02005,0.02005,0.02067,532858.40294337,47,kraken
1771804800,0.02002,0.02002,0.01877,0.01942,0.01938,1008220.49417282,61,kraken
1771891200,0.01931,0.02589,0.01902,0.02102,0.02133,1850898.16037929,511,kraken
1771977600,0.02072,0.02227,0.02052,0.02081,0.02114,861782.69145111,79,kraken
1772064000,0.02103,0.02122,0.02036,0.02038,0.02087,336754.58140573,34,kraken
1772150400,0.02039,0.02072,0.01971,0.01983,0.02023,418472.30826886,64,kraken
1772236800,0.01945,0.02005,0.01852,0.02002,0.01927,580394.17054909,32,kraken
1772323200,0.02011,0.02102,0.01927,0.01945,0.02013,722107.99512331,58,kraken
1772409600,0.01982,0.02044,0.01942,0.01982,0.0199,253577.02605574,34,kraken
1772496000,0.01985,0.02005,0.01951,0.02001,0.01976,1201541.57974524,85,kraken
1772582400,0.0198,0.021,0.01973,0.0205,0.02056,991296.82759111,79,kraken
1772668800,0.02043,0.02075,0.02003,0.02017,0.02036,974861.8266625,64,kraken
1772755200,0.02038,0.0205,0.01945,0.01979,0.0199,419025.45174774,65,kraken
1772841600,0.01961,0.01965,0.01912,0.01915,0.01937,120189.77377593,11,kraken
1772928000,0.01907,0.01911,0.01881,0.01903,0.01896,407938.69847002,48,kraken
1773014400,0.01908,0.01945,0.0189,0.01925,0.01922,830357.52552893,45,kraken
1773100800,0.01915,0.01927,0.01877,0.01893,0.01909,713637.16392721,36,kraken
1773187200,0.01893,0.04303,0.01893,0.03064,0.0281,2321342.50278852,554,kraken
1773273600,0.02965,0.03573,0.02495,0.02625,0.02967,5277502.9613614,1339,kraken
1773360000,0.0264,0.02833,0.02528,0.02554,0.02678,1216672.42471922,166,kraken
1773446400,0.02533,0.02665,0.0249,0.02498,0.02525,1187072.81588825,127,kraken
1773532800,0.02495,0.02539,0.02362,0.02452,0.02435,1565291.80067535,350,kraken
1773619200,0.02452,0.02464,0.02358,0.0241,0.02387,790582.49189507,89,kraken
1773705600,0.02409,0.02758,0.02351,0.02379,0.02456,1449539.6419544,196,kraken
1773792000,0.02365,0.02627,0.02263,0.02441,0.02341,1142524.82473847,126,kraken
1773878400,0.02351,0.02445,0.02263,0.02392,0.0236,103533.10747457,45,kraken
1773964800,0.02372,0.02445,0.02342,0.02359,0.02368,47725.81180186,12,kraken
1774051200,0.02346,0.02369,0.02266,0.02266,0.02337,47292.96091632,8,kraken
1774137600,0.02243,0.02312,0.02243,0.02246,0.02256,36262.23745539,11,kraken
1774224000,0.02244,0.02345,0.02244,0.02304,0.02302,170413.79351239,20,kraken
1774310400,0.02293,0.02342,0.02265,0.02294,0.02292,183451.82090892,34,kraken
1774396800,0.0231,0.02323,0.02298,0.02303,0.02308,139477.14809114,24,kraken
1774483200,0.02303,0.02518,0.02187,0.02193,0.02301,761627.96310662,109,kraken
1774569600,0.02188,0.02188,0.02109,0.02116,0.02134,817261.76776661,70,kraken
1774656000,0.02121,0.02121,0.0199,0.01993,0.02048,457950.81066568,44,kraken
1774742400,0.01999,0.02884,0.01999,0.0209,0.0216,2031602.48468276,258,kraken
1774828800,0.02103,0.02245,0.0207,0.0213,0.02148,402476.56163352,56,kraken
1774915200,0.02103,0.02134,0.02088,0.02118,0.02111,79198.43827779,11,kraken
1775001600,0.02129,0.02165,0.02073,0.02089,0.02125,310877.08224181,68,kraken
1775088000,0.02033,0.02135,0.02013,0.0206,0.02067,1033205.9787628,88,kraken
1775174400,0.02052,0.02541,0.02052,0.02109,0.02191,1292780.6238641,197,kraken
1775260800,0.02122,0.0239,0.02077,0.0212,0.02129,781972.54962016,133,kraken
1775347200,0.0211,0.02391,0.02016,0.02094,0.02196,199478.97686592,27,kraken
1775433600,0.02101,0.02107,0.02093,0.02101,0.02101,1212.7981967,4,kraken
1775520000,0.02068,0.02235,0.02015,0.02143,0.02076,1466067.58078762,74,kraken
1775606400,0.02156,0.02389,0.02128,0.02128,0.0221,293526.21879053,45,kraken
1775692800,0.02138,0.02402,0.02138,0.02188,0.02182,404083.50004575,74,kraken
1775779200,0.02227,0.02417,0.02166,0.02189,0.02208,268202.73913559,43,kraken
1775865600,0.02184,0.02197,0.02118,0.02153,0.02165,326832.05899357,34,kraken
1775952000,0.02153,0.02168,0.02117,0.0212,0.02149,241735.17527481,16,kraken
1776038400,0.02131,0.02186,0.02103,0.02186,0.02122,269566.47833062,18,kraken
1776124800,0.02165,0.02332,0.0214,0.02188,0.02198,556471.40514901,48,kraken
1776211200,0.02197,0.02214,0.02144,0.02214,0.02166,68220.95973394,46,kraken
1776297600,0.02203,0.02291,0.02203,0.02286,0.02239,135944.45612414,18,kraken
1776384000,0.02262,0.03035,0.02262,0.02395,0.02466,1135012.47319892,265,kraken
1776470400,0.02391,0.02412,0.02277,0.02297,0.02348,146171.24752783,36,kraken
1776556800,0.02253,0.02303,0.02211,0.02211,0.02238,145389.61528674,22,kraken
1776643200,0.02233,0.0249,0.02233,0.0231,0.02348,307950.94837983,70,kraken
1776729600,0.02318,0.02346,0.02289,0.02326,0.0232,148400.73601169,28,kraken
1776816000,0.02328,0.02373,0.02328,0.02338,0.02351,153915.38744165,22,kraken
1776902400,0.02312,0.02363,0.02312,0.02318,0.0233,14726.8823,6,kraken
1776988800,0.02346,0.02395,0.02346,0.02386,0.02372,131789.6103825,16,kraken
1777075200,0.02384,0.02397,0.02342,0.0235,0.02352,71657.22935203,31,kraken
1777161600,0.02353,0.02415,0.02336,0.02362,0.02373,75048.66876392,33,kraken
1777248000,0.02353,0.02353,0.02262,0.02298,0.02289,23608.18008498,20,kraken
1777334400,0.02309,0.02426,0.023,0.0235,0.02357,158966.02291737,38,kraken
1777420800,0.02355,0.02355,0.02314,0.02342,0.02334,25790.50387779,16,kraken
1777507200,0.02309,0.02316,0.023,0.023,0.02306,1899.56095,4,kraken
1777593600,0.02314,0.0235,0.02314,0.02341,0.0234,34794.44077372,7,kraken
1777680000,0.02337,0.02365,0.02337,0.02355,0.02356,77545.73861746,10,kraken
1777766400,0.02339,0.02442,0.02339,0.02418,0.02394,153395.66554516,24,kraken
1777852800,0.02384,0.02571,0.02367,0.0239,0.02406,147797.70752981,31,kraken
1777939200,0.02382,0.02454,0.02382,0.02454,0.02421,11641.54049,5,kraken
1778025600,0.02434,0.02464,0.02414,0.02437,0.02417,92493.87444945,15,kraken
1778112000,0.02384,0.02441,0.02381,0.02441,0.02423,112206.13565063,19,kraken
1778198400,0.02438,0.02463,0.02403,0.02463,0.02425,189635.00892041,17,kraken
1778284800,0.0249,0.0249,0.02447,0.02447,0.02485,34453.02027941,9,kraken
1778371200,0.02421,0.0253,0.02421,0.02456,0.02477,40244.92247562,12,kraken
1778457600,0.02464,0.02505,0.02459,0.02505,0.02496,97108.01837689,39,kraken
1778544000,0.02504,0.02507,0.0243,0.02436,0.02436,128975.89664375,13,kraken
1778630400,0.02432,0.02474,0.02355,0.02355,0.02385,82992.32193618,11,kraken
1778716800,0.02313,0.02439,0.02313,0.02399,0.02372,123685.97872808,19,kraken
1778803200,0.02269,0.02294,0.0226,0.0228,0.02277,21748.83645581,9,kraken
1778889600,0.02295,0.02295,0.0221,0.0221,0.0222,84733.12441141,16,kraken
1778976000,0.02227,0.02256,0.0209,0.02107,0.02128,83255.0683759,18,kraken
1779062400,0.02131,0.02212,0.02126,0.02201,0.02182,92015.85325112,24,kraken
1779148800,0.02166,0.02217,0.02147,0.02156,0.02171,64893.83887262,22,kraken
1779235200,0.02161,0.02226,0.02161,0.02209,0.02201,62464.93408741,14,kraken
1779321600,0.02216,0.02371,0.02203,0.02278,0.02282,223704.18319752,36,kraken
1779408000,0.02269,0.02269,0.02201,0.02212,0.02254,27051.63324216,6,kraken
1779494400,0.02149,0.02219,0.02123,0.02211,0.0213,66281.10232464,6,kraken
1779580800,0.02207,0.02207,0.02124,0.02124,0.02196,137571.60303672,16,kraken
1779667200,0.0215,0.02223,0.02141,0.02179,0.02188,82396.66307849,12,kraken
1779753600,0.02155,0.02167,0.02118,0.02118,0.02154,55968.80234986,12,kraken
1779840000,0.02121,0.02151,0.02119,0.0213,0.02122,113151.8690486,10,kraken
1779926400,0.02055,0.02113,0.02055,0.02113,0.02096,37843.5847129,7,kraken
1780012800,0.02066,0.02093,0.02052,0.02093,0.0208,163364.06365409,13,kraken
1780099200,0.02122,0.02147,0.02122,0.02147,0.02142,55044.10981764,8,kraken
1780185600,0.02165,0.02168,0.02118,0.02118,0.02151,103613.51615281,10,kraken
1780272000,0.02136,0.02171,0.02129,0.02166,0.0214,154454.35703785,11,kraken
1780358400,0.02137,0.02146,0.01976,0.01976,0.02079,78700.9323619,18,kraken
1780444800,0.02007,0.02077,0.02004,0.02004,0.02053,80672.29330183,29,kraken
1780531200,0.01928,0.01982,0.01894,0.01903,0.01917,152090.03079792,42,kraken
1780617600,0.01847,0.01847,0.01669,0.01717,0.01788,37284.33222904,9,kraken
1780704000,0.01635,0.01709,0.01635,0.01702,0.017,1656.84049239,4,kraken
1780790400,0.0175,0.01792,0.01711,0.01792,0.01769,149443.09520639,27,kraken
1780876800,0.01779,0.01808,0.01754,0.01773,0.01772,48594.42139953,7,kraken
1780963200,0.01742,0.01748,0.01682,0.01712,0.01702,86334.02809068,13,kraken
1781049600,0.01702,0.01728,0.0165,0.0166,0.01687,171177.07615041,43,kraken
1781136000,0.01694,0.01756,0.01694,0.01755,0.01728,64877.84885436,11,kraken
1781222400,0.01735,0.01753,0.01722,0.01726,0.01741,148963.23908706,24,kraken
1781308800,0.01745,0.01777,0.01736,0.0177,0.01763,95523.1219776,25,kraken
1781395200,0.01743,0.01758,0.01734,0.01755,0.01743,4628.8961411,5,kraken
1781481600,0.01808,0.01817,0.01803,0.01817,0.01814,68785.05089896,11,kraken
1781568000,0.01829,0.01829,0.01805,0.01807,0.01816,2699.12483008,6,kraken
1781654400,0.01811,0.01816,0.01755,0.01755,0.01773,22504.35646524,6,kraken
1781740800,0.01788,0.01788,0.0171,0.0171,0.01748,41137.32641348,15,kraken
1781827200,0.01699,0.01699,0.01668,0.01679,0.01686,102592.74055676,23,kraken
1781913600,0.01662,0.01715,0.01662,0.017,0.01695,25552.40618839,7,kraken
1782000000,0.0173,0.01734,0.01672,0.01672,0.01726,63498.66491982,9,kraken
1782086400,0.01682,0.01682,0.01643,0.01643,0.01669,21529.63463491,7,kraken
1782172800,0.01646,0.01646,0.01568,0.01617,0.01601,1056887.17259872,53,kraken
1782259200,0.01617,0.01617,0.01443,0.01542,0.01548,885392.16897669,129,kraken
1782345600,0.01561,0.01563,0.01437,0.01506,0.01524,39433.09103924,14,kraken
1782432000,0.01451,0.01527,0.01451,0.01525,0.01489,49100.75054815,10,kraken
1782518400,0.01524,0.01524,0.01477,0.01489,0.01505,7007.73213155,10,kraken
1782604800,0.01493,0.0156,0.01482,0.01482,0.01525,831167.81364324,66,kraken
1782691200,0.01498,0.01532,0.01498,0.01511,0.01509,12002.58325504,12,kraken
1782777600,0.01483,0.01497,0.01435,0.01447,0.01457,19962.60524324,15,kraken
1782864000,0.01455,0.0158,0.01427,0.01565,0.01496,405077.11277997,39,kraken
1782950400,0.01524,0.01543,0.01511,0.01533,0.01523,68660.84647071,18,kraken
1783036800,0.01536,0.01607,0.01536,0.01586,0.01561,8401.32983331,8,kraken
1783123200,0.01571,0.0279,0.01571,0.01898,0.02028,6728582.90296516,1200,kraken
1783209600,0.0185,0.02065,0.01733,0.0179,0.01899,2510146.40811189,294,kraken
1783296000,0.0178,0.01833,0.01609,0.01701,0.01717,80401.63862106,44,kraken
1783382400,0.01701,0.01729,0.01649,0.0167,0.01676,267059.89596882,27,kraken
1783468800,0.0166,0.02394,0.0166,0.01915,0.02045,1598116.45002894,249,kraken
1783555200,0.01904,0.01945,0.01676,0.017,0.0177,4874681.027803,565,kraken
1783641600,0.01703,0.01754,0.01656,0.01753,0.01706,573887.06607899,138,kraken
1783728000,0.01667,0.01755,0.01664,0.01755,0.01678,16733.0524306,12,kraken
1783814400,0.01749,0.02039,0.0166,0.01842,0.01868,457178.98537079,97,kraken
1783900800,0.01839,0.01839,0.0167,0.01821,0.01722,66180.64554586,14,kraken
1783987200,0.02017,0.02017,0.01609,0.01733,0.01742,2037.53923159,5,kraken
1784073600,0.01697,0.01784,0.01674,0.01693,0.01736,291515.70912295,67,kraken
1784160000,0.01695,0.01911,0.01675,0.01697,0.01801,403439.56048647,70,kraken
1784246400,0.01674,0.01816,0.01662,0.01727,0.01722,405938.79667342,58,kraken
1784332800,0.01742,0.01784,0.01684,0.01784,0.01746,79066.34244023,13,kraken
1784419200,0.01718,0.01744,0.01701,0.01708,0.01722,371735.97794929,34,kraken
1784505600,0.01729,0.01742,0.01688,0.01731,0.01714,28324.09663443,12,kraken
1784592000,0.0174,0.0174,0.01714,0.01714,0.01716,57835.24373116,8,kraken
1784678400,0.017,0.01729,0.01696,0.01712,0.01707,243685.82182324,30,kraken
1784764800,0.01712,0.01717,0.01673,0.01677,0.01696,98871.37708104,20,kraken
1784851200,0.01675,0.01688,0.01631,0.01638,0.0166,62976.68691068,17,kraken
1784937600,0.01661,0.01684,0.01661,0.01684,0.01667,60913.97379871,8,kraken
1785024000,0.0169,0.0169,0.01671,0.01688,0.01674,44656.05769278,7,kraken
1785110400,0.01637,0.01637,0.01549,0.01549,0.01586,237361.51072242,27,kraken
1785196800,0.01552,0.0158,0.01532,0.01536,0.01548,77808.19713614,24,kraken
1785283200,0.01544,0.01765,0.01521,0.01571,0.01607,1349900.94597824,155,kraken
1785369600,0.01553,0.01591,0.0149,0.0149,0.01526,22609.89474408,12,kraken
1785456000,0.0151,0.01551,0.01472,0.01491,0.01496,109457.41574807,31,kraken
1785542400,0.01517,0.02196,0.01507,0.01664,0.01593,721318.23642546,100,kraken
1785628800,0.01499,0.01522,0.0148,0.01508,0.01494,346366.31615926,30,kraken
1785715200,0.01514,0.01572,0.01501,0.01551,0.01533,240508.40384555,31,kraken
1785801600,0.01559,0.01575,0.01516,0.01547,0.01526,85040.65682499,19,kraken
1785888000,0.01544,0.01589,0.01544,0.01564,0.01566,121140.09020363,17,kraken
1785974400,0.01585,0.02278,0.01573,0.01625,0.01678,929442.35314547,218,kraken
1786060800,0.01621,0.01632,0.01587,0.01609,0.016,440840.26890703,65,kraken
1786147200,0.01592,0.01637,0.01588,0.01632,0.0162,142222.00642592,30,kraken
1786233600,0.01625,0.01713,0.01625,0.01675,0.01668,312673.22107682,54,kraken
1786320000,0.01678,0.01701,0.01644,0.01653,0.01661,316077.1519852,34,kraken
1786406400,0.0169,0.0169,0.01628,0.01641,0.01636,18359.622569,9,kraken
1786492800,0.01646,0.01646,0.01615,0.01615,0.01631,10784.70684678,5,kraken
1786579200,0.01628,0.01628,0.01602,0.01615,0.01611,82841.14423932,13,kraken
1786665600,0.01608,0.01737,0.01585,0.01627,0.01683,266957.85889174,37,kraken
1786752000,0.01617,0.01675,0.01613,0.01675,0.01623,107032.54961116,17,kraken
1786838400,0.01634,0.01641,0.01631,0.01632,0.01633,13393.59737058,4,kraken
1786924800,0.0164,0.01642,0.01632,0.01637,0.01636,83316.98951319,7,kraken
1787011200,0.01639,0.01642,0.01597,0.01607,0.01616,67567.3737875,25,kraken
1787097600,0.01594,0.01727,0.01594,0.01714,0.01664,150869.91774702,37,kraken
1787184000,0.01682,0.02306,0.01677,0.01761,0.01795,533949.01949705,113,kraken
1787270400,0.01759,0.0193,0.01759,0.01872,0.01815,313389.50113476,54,kraken
1787356800,0.0193,0.01954,0.01787,0.01788,0.01842,69352.95758433,37,kraken
1787443200,0.01798,0.02027,0.01734,0.01883,0.01916,573506.46072329,218,kraken
1787529600,0.0189,0.01906,0.01815,0.0183,0.0185,113474.11976976,25,kraken
1787616000,0.01851,0.01953,0.01801,0.01801,0.01859,195412.96766759,27,kraken
1787702400,0.01816,0.01876,0.01816,0.01871,0.01852,15978.33745187,13,kraken
1787788800,0.0185,0.01928,0.01791,0.01855,0.01851,152170.00512413,24,kraken
1787875200,0.01865,0.01865,0.01706,0.01806,0.01794,303646.2874284,41,kraken
1787961600,0.01811,0.0216,0.01811,0.01839,0.01849,536701.34966578,85,kraken
1788048000,0.01848,0.01889,0.01768,0.01774,0.01819,178248.59539921,27,kraken
1788134400,0.01824,0.01866,0.01823,0.01827,0.01844,234149.61187305,20,kraken
1788220800,0.01848,0.01853,0.01793,0.01797,0.0182,34654.11922613,12,kraken
1788307200,0.01776,0.01835,0.01769,0.0177,0.01787,265744.43017091,34,kraken
1788393600,0.0179,0.01871,0.0179,0.01862,0.01836,171739.07348211,26,kraken
1788480000,0.01816,0.02927,0.01816,0.0184,0.01877,390460.33985855,51,kraken
1788566400,0.01849,0.019,0.01847,0.01879,0.01864,345863.56319388,25,kraken
1788652800,0.01876,0.01908,0.01868,0.01889,0.0188,209786.26416382,23,kraken
1788739200,0.01862,0.01878,0.01813,0.01867,0.01864,281374.84336963,45,kraken
1788825600,0.01878,0.01879,0.01848,0.0185,0.01868,83262.41469453,16,kraken
1788912000,0.01851,0.01889,0.0172,0.01777,0.0181,112958.19940706,48,kraken
1788998400,0.01799,0.01799,0.01745,0.01745,0.01767,43982.2113943,17,kraken
1789084800,0.01739,0.01789,0.01719,0.01751,0.01758,46918.54823454,15,kraken
1789171200,0.01797,0.01848,0.01786,0.01812,0.01823,55820.58619731,10,kraken
1789257600,0.01812,0.01824,0.01773,0.01773,0.01808,28367.96210884,20,kraken
1789344000,0.01776,0.01808,0.01776,0.01787,0.01792,529882.6252227,50,kraken
1789430400,0.01784,0.01785,0.01693,0.01713,0.0175,99037.77888982,26,kraken
1789516800,0.01677,0.01715,0.01672,0.017,0.01706,525514.51617783,39,kraken
1789603200,0.01736,0.01761,0.01736,0.01751,0.01747,12760.72990465,8,kraken
1789689600,0.01783,0.01878,0.01783,0.01843,0.018,162221.81087504,38,kraken
1789776000,0.01925,0.01987,0.01895,0.01987,0.01911,70637.05401875,17,kraken
1789862400,0.01952,0.0213,0.01845,0.01922,0.01923,1190843.76268147,164,kraken
1789948800,0.01926,0.0202,0.01848,0.01985,0.0197,864043.99516573,160,kraken
1790035200,0.01969,0.01986,0.0193,0.01986,0.01936,60013.64040156,7,kraken
1790121600,0.01996,0.02035,0.01896,0.01896,0.01948,670430.04297955,57,kraken
1790208000,0.01878,0.01992,0.01832,0.01964,0.01897,226015.44181418,53,kraken
1790294400,0.01977,0.02691,0.01945,0.021,0.02098,1315372.56336649,249,kraken
1790380800,0.021,0.02243,0.02069,0.02105,0.02129,1474554.06426037,267,kraken
1790467200,0.02081,0.0214,0.0206,0.02077,0.02094,540583.65854847,65,kraken
1790553600,0.02116,0.02162,0.01954,0.01967,0.02022,735557.85326853,111,kraken
1790640000,0.01958,0.02083,0.01933,0.0204,0.0204,66734.01760508,28,kraken
1790726400,0.02065,0.02065,0.02019,0.02035,0.02032,187372.88078085,26,kraken
1790812800,0.02045,0.02124,0.02042,0.02074,0.02064,329899.40855861,65,kraken
1790899200,0.02122,0.02156,0.02007,0.0213,0.02043,227267.15294735,40,kraken
1790985600,0.021,0.021,0.02049,0.02063,0.02083,328636.38340712,61,kraken
1791072000,0.02059,0.02084,0.02035,0.02054,0.02073,102732.24043547,16,kraken
1791158400,0.02095,0.02617,0.02076,0.02253,0.02317,1179939.19440142,346,kraken
1791244800,0.02191,0.02797,0.02174,0.02229,0.02328,561674.57709486,199,kraken
1791331200,0.0222,0.025,0.0211,0.02312,0.02272,623539.0730257,216,kraken
1791417600,0.02303,0.05322,0.0225,0.04572,0.0414,18490382.61815566,5692,kraken
1791504000,0.04571,0.048,0.0352,0.03912,0.04027,12221632.38008255,3040,kraken
1791590400,0.03856,0.04658,0.03336,0.03406,0.03845,4898441.77868757,1256,kraken
