time,open,high,low,close,vwap,volume,count,source
1643673600,4.1,4.14,3.49,3.63,3.7533333333333334,672298.82,0,coinbase
1643760000,3.63,3.83,3.26,3.43,3.5066666666666664,1150336.42,0,coinbase
1643846400,3.43,3.74,3.25,3.34,3.4433333333333334,976615.23,0,coinbase
1643932800,3.36,3.7,3.3,3.57,3.5233333333333334,545546.3,0,coinbase
1644019200,3.59,3.79,3.49,3.65,3.643333333333333,261797.38,0,coinbase
1644105600,3.62,3.78,3.5,3.56,3.6133333333333333,195008.44,0,coinbase
1644192000,3.55,3.78,3.52,3.65,3.65,241694.53,0,coinbase
1644278400,3.61,3.83,3.35,3.54,3.573333333333333,219080.99,0,coinbase
1644364800,3.52,4.62,3.33,3.56,3.8366666666666664,702335.41,0,coinbase
1644451200,3.57,4.0,3.37,3.39,3.5866666666666664,588847.53,0,coinbase
1644537600,3.39,3.46,3.07,3.11,3.213333333333333,224456.25,0,coinbase
1644624000,3.11,3.28,2.93,3.03,3.08,162516.49,0,coinbase
1644710400,3.03,3.32,2.96,3.06,3.1133333333333333,219354.72,0,coinbase
1644796800,3.06,3.27,2.95,3.06,3.0933333333333337,157770.07,0,coinbase
1644883200,3.08,3.33,3.05,3.21,3.1966666666666668,168396.38,0,coinbase
1644969600,3.21,3.26,3.05,3.16,3.1566666666666663,120978.48,0,coinbase
1645056000,3.16,3.17,2.9,2.94,3.0033333333333334,87181.04,0,coinbase
1645142400,2.92,3.0,2.82,2.86,2.893333333333333,55123.71,0,coinbase
1645228800,2.84,2.87,2.73,2.83,2.81,96836.99,0,coinbase
1645315200,2.83,2.84,2.72,2.74,2.766666666666667,46831.6,0,coinbase
1645401600,2.73,2.89,2.54,2.62,2.6833333333333336,57235.23,0,coinbase
1645488000,2.62,2.73,2.5,2.58,2.6033333333333335,62331.79,0,coinbase
1645574400,2.6,2.72,2.57,2.6,2.6300000000000003,35666.17,0,coinbase
1645660800,2.58,3.06,2.32,2.64,2.6733333333333333,150301.95,0,coinbase
1645747200,2.64,2.78,2.5,2.73,2.67,147279.49,0,coinbase
1645833600,2.74,2.76,2.5,2.56,2.606666666666667,58143.36,0,coinbase
1645920000,2.56,2.58,2.41,2.43,2.473333333333333,29884.13,0,coinbase
1646006400,2.44,2.64,2.41,2.64,2.563333333333334,22986.47,0,coinbase
1646092800,2.62,2.64,2.53,2.56,2.5766666666666667,33577.56,0,coinbase
1646179200,2.56,2.66,2.5,2.55,2.57,69196.45,0,coinbase
1646265600,2.55,2.57,2.39,2.45,2.47,41575.64,0,coinbase
1646352000,2.47,2.52,2.25,2.36,2.3766666666666665,49129.03,0,coinbase
1646438400,2.34,3.6,2.31,2.44,2.783333333333333,1387462.86,0,coinbase
1646524800,2.45,2.6,2.23,2.26,2.3633333333333333,335579.71,0,coinbase
1646611200,2.26,2.37,2.12,2.26,2.25,208479.51,0,coinbase
1646697600,2.25,2.28,2.15,2.19,2.2066666666666666,42073.66,0,coinbase
1646784000,2.2,2.3,2.14,2.22,2.22,90412.45,0,coinbase
1646870400,2.22,2.25,2.01,2.09,2.1166666666666667,107744.37,0,coinbase
1646956800,2.08,2.27,2.03,2.1,2.1333333333333333,89084.32,0,coinbase
1647043200,2.09,2.36,2.05,2.07,2.16,186261.13,0,coinbase
1647129600,2.06,2.13,2.03,2.03,2.063333333333333,43202.84,0,coinbase
1647216000,2.03,2.31,1.92,2.0,2.0766666666666667,131153.23,0,coinbase
1647302400,2.01,2.16,1.92,2.02,2.033333333333333,145597.86,0,coinbase
1647388800,2.01,2.17,1.93,2.09,2.063333333333333,129366.97,0,coinbase
1647475200,2.09,2.23,2.02,2.06,2.1033333333333335,98334.66,0,coinbase
1647561600,2.08,2.19,2.0,2.18,2.123333333333333,60294.74,0,coinbase
1647648000,2.17,2.44,2.07,2.13,2.2133333333333334,216120.75,0,coinbase
1647734400,2.13,2.24,2.07,2.15,2.1533333333333338,83011.19,0,coinbase
1647820800,2.13,2.35,2.08,2.17,2.1999999999999997,68128.03,0,coinbase
1647907200,2.17,2.2,2.05,2.16,2.1366666666666667,51897.16,0,coinbase
1647993600,2.16,2.23,2.08,2.17,2.16,97078.88,0,coinbase
1648080000,2.17,2.53,2.11,2.26,2.3,484864.53,0,coinbase
1648166400,2.26,2.4,2.18,2.26,2.28,91441.97,0,coinbase
1648252800,2.26,2.76,2.2,2.28,2.4133333333333336,386027.35,0,coinbase
1648339200,2.28,2.39,2.17,2.32,2.2933333333333334,263923.88,0,coinbase
1648425600,2.32,2.42,2.25,2.28,2.3166666666666664,135166.01,0,coinbase
1648512000,2.28,2.59,2.19,2.32,2.3666666666666667,904424.33,0,coinbase
1648598400,2.33,2.61,2.27,2.36,2.4133333333333336,1085628.8,0,coinbase
1648684800,2.38,2.56,2.27,2.3,2.3766666666666665,409359.67,0,coinbase
1648771200,2.31,2.42,2.27,2.38,2.3566666666666665,142318.36,0,coinbase
1648857600,2.38,2.45,2.35,2.39,2.396666666666667,161680.48,0,coinbase
1648944000,2.39,2.45,2.33,2.44,2.4066666666666667,170822.87,0,coinbase
1649030400,2.42,2.44,2.29,2.32,2.35,87369.31,0,coinbase
1649116800,2.32,2.46,2.18,2.25,2.296666666666667,157793.87,0,coinbase
1649203200,2.25,2.26,2.08,2.09,2.143333333333333,124213.86,0,coinbase
1649289600,2.09,2.14,2.03,2.1,2.09,71023.18,0,coinbase
1649376000,2.1,2.19,1.98,1.98,2.0500000000000003,110319.71,0,coinbase
1649462400,1.98,2.04,1.93,2.01,1.9933333333333332,37102.46,0,coinbase
1649548800,2.0,2.06,1.96,2.01,2.01,79015.31,0,coinbase
1649635200,2.01,2.07,1.84,1.91,1.9400000000000002,151395.54,0,coinbase
1649721600,1.91,1.95,1.74,1.88,1.8566666666666667,105709.89,0,coinbase
1649808000,1.9,2.01,1.76,1.91,1.8933333333333333,91103.44,0,coinbase
1649894400,1.9,2.03,1.85,1.86,1.9133333333333333,71140.89,0,coinbase
1649980800,1.85,1.93,1.84,1.86,1.8766666666666667,82978.19,0,coinbase
1650067200,1.88,1.97,1.86,1.91,1.9133333333333333,76345.86,0,coinbase
1650153600,1.9,2.1,1.77,1.86,1.9100000000000001,210991.09,0,coinbase
1650240000,1.88,1.9,1.78,1.87,1.8499999999999999,89123.13,0,coinbase
1650326400,1.87,2.04,1.84,1.94,1.9400000000000002,218287.95,0,coinbase
1650412800,1.94,2.02,1.88,1.99,1.9633333333333332,132498.34,0,coinbase
1650499200,2.01,2.1,1.97,1.99,2.02,97085.37,0,coinbase
1650585600,2.01,2.02,1.85,1.92,1.93,125484.24,0,coinbase
1650672000,1.94,1.98,1.87,1.94,1.93,21639.55,0,coinbase
1650758400,1.95,2.03,1.86,1.95,1.9466666666666665,90120.48,0,coinbase
1650844800,1.95,1.98,1.86,1.97,1.9366666666666665,71045.8,0,coinbase
1650931200,1.97,2.02,1.88,1.9,1.9333333333333333,63035.26,0,coinbase
1651017600,1.88,1.97,1.87,1.95,1.93,48948.96,0,coinbase
1651104000,1.93,2.1,1.91,1.98,1.9966666666666668,93220.74,0,coinbase
1651190400,2.0,2.14,1.93,1.99,2.02,106872.06,0,coinbase
1651276800,1.99,2.01,1.82,1.83,1.8866666666666667,46103.84,0,coinbase
1651363200,1.84,1.91,1.82,1.86,1.8633333333333333,42317.32,0,coinbase
1651449600,1.88,1.91,1.81,1.81,1.843333333333333,35272.18,0,coinbase
1651536000,1.83,1.88,1.8,1.84,1.8399999999999999,43660.33,0,coinbase
1651622400,1.82,1.87,1.76,1.86,1.83,63461.75,0,coinbase
1651708800,1.86,1.92,1.74,1.76,1.8066666666666666,75384.32,0,coinbase
1651795200,1.78,1.78,1.7,1.73,1.7366666666666666,51868.03,0,coinbase
1651881600,1.73,1.73,1.49,1.51,1.5766666666666664,70879.69,0,coinbase
1651968000,1.51,1.53,1.36,1.4,1.43,134837.51,0,coinbase
1652054400,1.38,1.53,1.21,1.23,1.3233333333333335,161969.74,0,coinbase
1652140800,1.21,1.33,1.14,1.27,1.2466666666666666,65788.84,0,coinbase
1652227200,1.27,1.32,0.8,0.93,1.0166666666666668,158032.71,0,coinbase
1652313600,0.93,1.0,0.75,0.82,0.8566666666666666,141844.47,0,coinbase
1652400000,0.81,1.0,0.81,0.91,0.9066666666666667,109716.55,0,coinbase
1652486400,0.89,0.94,0.82,0.9,0.8866666666666666,104081.31,0,coinbase
1652572800,0.9,1.11,0.86,1.02,0.9966666666666667,175847.66,0,coinbase
1652659200,1.02,1.02,0.91,0.92,0.9500000000000001,62424.78,0,coinbase
1652745600,0.94,0.98,0.91,0.97,0.9533333333333335,40682.75,0,coinbase
1652832000,0.96,0.98,0.84,0.86,0.8933333333333332,112499.4,0,coinbase
1652918400,0.84,0.91,0.84,0.91,0.8866666666666667,40340.64,0,coinbase
1653004800,0.91,0.92,0.79,0.86,0.8566666666666666,57587.07,0,coinbase
1653091200,0.87,0.88,0.79,0.84,0.8366666666666666,54455.62,0,coinbase
1653177600,0.84,0.88,0.77,0.86,0.8366666666666666,94813.44,0,coinbase
1653264000,0.85,0.89,0.77,0.8,0.82,77726.48,0,coinbase
1653350400,0.8,0.84,0.75,0.84,0.8099999999999999,138762.74,0,coinbase
1653436800,0.83,0.89,0.8,0.85,0.8466666666666667,141787.38,0,coinbase
1653523200,0.85,0.92,0.83,0.86,0.87,486381.79,0,coinbase
1653609600,0.84,0.88,0.8,0.81,0.8300000000000001,99775.72,0,coinbase
1653696000,0.83,0.85,0.8,0.84,0.83,96016.36,0,coinbase
1653782400,0.84,0.86,0.82,0.83,0.8366666666666666,77966.52,0,coinbase
1653868800,0.85,0.9,0.83,0.87,0.8666666666666667,61015.55,0,coinbase
1653955200,0.88,0.9,0.84,0.87,0.87,109606.28,0,coinbase
1654041600,0.87,0.89,0.83,0.83,0.85,90838.42,0,coinbase
1654128000,0.83,0.85,0.81,0.83,0.8300000000000001,23645.09,0,coinbase
1654214400,0.83,0.85,0.8,0.83,0.8266666666666667,91576.94,0,coinbase
1654300800,0.83,0.84,0.81,0.83,0.8266666666666667,41382.38,0,coinbase
1654387200,0.83,0.87,0.82,0.84,0.8433333333333333,51069.87,0,coinbase
1654473600,0.84,0.89,0.83,0.84,0.8533333333333334,35651.92,0,coinbase
1654560000,0.85,0.85,0.78,0.82,0.8166666666666665,61665.44,0,coinbase
1654646400,0.82,0.84,0.77,0.81,0.8066666666666666,37726.3,0,coinbase
1654732800,0.8,0.83,0.78,0.81,0.8066666666666666,36298.3,0,coinbase
1654819200,0.81,0.82,0.7,0.79,0.77,88182.47,0,coinbase
1654905600,0.79,0.81,0.71,0.74,0.7533333333333333,61281.02,0,coinbase
1654992000,0.74,0.77,0.64,0.64,0.6833333333333335,125141.86,0,coinbase
1655078400,0.66,0.68,0.57,0.6,0.6166666666666667,96532.64,0,coinbase
1655164800,0.6,0.65,0.55,0.6,0.6000000000000001,85405.64,0,coinbase
1655251200,0.61,0.64,0.57,0.62,0.61,47941.53,0,coinbase
1655337600,0.62,0.64,0.47,0.49,0.5333333333333333,86486.16,0,coinbase
1655424000,0.5,0.52,0.47,0.5,0.49666666666666665,344381.49,0,coinbase
1655510400,0.5,0.54,0.41,0.49,0.48,190299.34,0,coinbase
1655596800,0.5,0.53,0.36,0.42,0.4366666666666667,977379.73,0,coinbase
1655683200,0.42,0.47,0.4,0.43,0.43333333333333335,919166.39,0,coinbase
1655769600,0.44,0.48,0.42,0.44,0.4466666666666666,327350.17,0,coinbase
1655856000,0.44,0.45,0.42,0.42,0.43,136767.62,0,coinbase
1655942400,0.43,0.45,0.42,0.44,0.4366666666666667,111038.86,0,coinbase
1656028800,0.44,0.8,0.44,0.55,0.5966666666666667,1484218.57,0,coinbase
1656115200,0.56,0.95,0.53,0.69,0.7233333333333333,2250117.56,0,coinbase
1656201600,0.7,1.75,0.67,0.98,1.1333333333333333,5545408.57,0,coinbase
1656288000,0.99,1.14,0.86,0.88,0.96,2418299.94,0,coinbase
1656374400,0.877,0.8999,0.8112,0.8133,0.8414666666666667,587670.68,0,coinbase
1656460800,0.83,0.8884,0.76,0.782,0.8101333333333334,538560.64,0,coinbase
1656547200,0.7823,0.8031,0.66,0.7357,0.7329333333333334,287011.19,0,coinbase
1656633600,0.7497,0.7599,0.7016,0.7182,0.7265666666666667,212692.31,0,coinbase
1656720000,0.714,0.7527,0.7048,0.7402,0.7325666666666667,151210.43,0,coinbase
1656806400,0.7376,0.7497,0.714,0.727,0.7302333333333334,117539.72,0,coinbase
1656892800,0.7203,0.9164,0.7203,0.8742,0.8369666666666666,1169386.31,0,coinbase
1656979200,0.8799,0.893,0.759,0.8099,0.8206333333333333,738523.35,0,coinbase
1657065600,0.8051,0.8263,0.785,0.7999,0.8037333333333333,251777.78,0,coinbase
1657152000,0.7999,0.8861,0.7988,0.8582,0.8477,211880.48,0,coinbase
1657238400,0.8401,0.8787,0.798,0.8145,0.8304,228466.56,0,coinbase
1657324800,0.8164,0.8214,0.7646,0.8087,0.7982333333333332,256866.51,0,coinbase
1657411200,0.8084,0.8149,0.8029,0.8039,0.8072333333333334,128801.91,0,coinbase
1657497600,0.803,0.8039,0.7291,0.7594,0.7641333333333332,269680.36,0,coinbase
1657584000,0.7635,0.7839,0.7371,0.7776,0.7662,341173.34,0,coinbase
1657670400,0.7776,0.7835,0.7638,0.7788,0.7753666666666666,157494.63,0,coinbase
1657756800,0.7781,0.794,0.7767,0.7904,0.7870333333333334,173513.24,0,coinbase
1657843200,0.7901,0.8688,0.7849,0.8391,0.8309333333333333,905912.77,0,coinbase
1657929600,0.83,0.8461,0.8083,0.8337,0.8293666666666666,355456.28,0,coinbase
1658016000,0.8378,0.8833,0.8327,0.8755,0.8638333333333333,465127.33,0,coinbase
1658102400,0.8762,0.9691,0.8656,0.9376,0.9241,378439.59,0,coinbase
1658188800,0.9357,1.4689,0.905,1.0634,1.1457666666666666,5115181.9,0,coinbase
1658275200,1.057,1.0842,0.9545,0.9808,1.0065,771906.9,0,coinbase
1658361600,0.9808,0.9871,0.9074,0.9363,0.9436,216681.94,0,coinbase
1658448000,0.9377,1.0315,0.8603,0.9669,0.9529,934325.17,0,coinbase
1658534400,0.97,0.9807,0.8958,0.9219,0.9328,430032.88,0,coinbase
1658620800,0.9232,0.9341,0.8895,0.9063,0.9099666666666666,206442.25,0,coinbase
1658707200,0.9062,0.9077,0.8102,0.8236,0.8471666666666667,204289.08,0,coinbase
1658793600,0.8236,0.8257,0.7912,0.813,0.8099666666666666,154748.07,0,coinbase
1658880000,0.8139,1.0264,0.808,0.9745,0.9363,854699.44,0,coinbase
1658966400,0.9675,0.9967,0.9487,0.9801,0.9751666666666666,329142.66,0,coinbase
1659052800,0.9801,0.989,0.964,0.9707,0.9745666666666666,135535.39,0,coinbase
1659139200,0.9718,0.9765,0.964,0.9712,0.9705666666666667,133776.89,0,coinbase
1659225600,0.9714,0.975,0.903,0.9279,0.9353000000000001,203761.52,0,coinbase
1659312000,0.9159,1.29,0.9159,1.1444,1.1167666666666667,2188976.71,0,coinbase
1659398400,1.1445,1.2789,0.9938,1.0857,1.1194666666666666,2621945.01,0,coinbase
1659484800,1.0819,1.0856,0.9522,1.0116,1.0164666666666666,978308.98,0,coinbase
1659571200,1.0076,1.035,0.94,1.0114,0.9954666666666666,513040.76,0,coinbase
1659657600,1.0098,1.0206,0.9643,0.9869,0.9906,305820.02,0,coinbase
1659744000,0.9869,1.03,0.954,0.9889,0.9909666666666667,602486.91,0,coinbase
1659830400,0.9898,1.0047,0.9601,0.9885,0.9844333333333334,256998.88,0,coinbase
1659916800,0.9792,1.0107,0.9743,0.994,0.993,136697.45,0,coinbase
1660003200,0.9917,0.9991,0.9394,0.9493,0.9626,225340.98,0,coinbase
1660089600,0.9503,0.982,0.94,0.9791,0.9670333333333333,124434.76,0,coinbase
1660176000,0.98,1.0181,0.9743,0.9991,0.9971666666666666,197712.63,0,coinbase
1660262400,1.0021,1.038,0.993,1.0275,1.0195,228250.08,0,coinbase
1660348800,1.0298,1.0555,0.9979,1.0117,1.0217,328900.28,0,coinbase
1660435200,1.0109,1.0193,0.996,1.0029,1.0060666666666667,86166.78,0,coinbase
1660521600,1.0058,1.0114,0.9872,0.9967,0.9984333333333334,109583.93,0,coinbase
1660608000,0.9965,1.0077,0.961,0.9616,0.9767666666666667,101079.56,0,coinbase
1660694400,0.9649,1.0118,0.9558,0.9842,0.9839333333333333,380014.4,0,coinbase
1660780800,0.9868,0.9928,0.9351,0.9373,0.9550666666666667,271318.84,0,coinbase
1660867200,0.9373,0.9382,0.86,0.8689,0.8890333333333333,244184.78,0,coinbase
1660953600,0.8669,0.8741,0.8551,0.8612,0.8634666666666666,78866.74,0,coinbase
1661040000,0.861,0.8614,0.8475,0.8538,0.8542333333333333,32129.5,0,coinbase
1661126400,0.8526,0.857,0.8047,0.8218,0.8278333333333333,79665.91,0,coinbase
1661212800,0.8218,0.8285,0.8133,0.8142,0.8186666666666667,66049.76,0,coinbase
1661299200,0.8185,0.8247,0.8112,0.8183,0.8180666666666667,107370.38,0,coinbase
1661385600,0.8153,0.8248,0.8153,0.8217,0.8205999999999999,43653.11,0,coinbase
1661472000,0.8193,0.8223,0.8,0.8001,0.8074666666666667,113304.46,0,coinbase
1661558400,0.8004,0.8025,0.7853,0.7881,0.7919666666666667,65207.59,0,coinbase
1661644800,0.7893,0.796,0.7831,0.7842,0.7877666666666666,50426.68,0,coinbase
1661731200,0.7839,0.785,0.7736,0.7848,0.7811333333333333,64948.55,0,coinbase
1661817600,0.7835,1.0333,0.7791,0.9192,0.9105333333333334,1559919.53,0,coinbase
1661904000,0.9339,1.0499,0.8853,0.8982,0.9444666666666667,1650356.62,0,coinbase
1661990400,0.8983,0.9762,0.8816,0.9028,0.9202,407004.96,0,coinbase
1662076800,0.8966,0.9055,0.8764,0.8912,0.8910333333333332,113627.88,0,coinbase
1662163200,0.8918,0.8961,0.8221,0.8416,0.8532666666666667,169272.4,0,coinbase
1662249600,0.8373,0.8588,0.8178,0.849,0.8418666666666667,99578.14,0,coinbase
1662336000,0.8492,0.8492,0.8249,0.8255,0.8332,90356.96,0,coinbase
1662422400,0.8261,0.8306,0.8081,0.8143,0.8176666666666668,232864.98,0,coinbase
1662508800,0.8138,0.8266,0.7907,0.8266,0.8146333333333334,127568.37,0,coinbase
1662595200,0.8238,0.8437,0.8156,0.8288,0.8293666666666667,65948.79,0,coinbase
1662681600,0.8313,0.8647,0.8279,0.8618,0.8514666666666667,83261.0,0,coinbase
1662768000,0.8615,0.9184,0.8586,0.902,0.8930000000000001,274474.76,0,coinbase
1662854400,0.9016,0.9062,0.8733,0.8848,0.8881,118012.69,0,coinbase
1662940800,0.8872,0.9022,0.8813,0.8948,0.8927666666666667,71491.77,0,coinbase
1663027200,0.8994,0.8994,0.8463,0.8464,0.8640333333333334,132955.02,0,coinbase
1663113600,0.8487,0.8519,0.8463,0.8516,0.8499333333333333,19465.7,0,coinbase
1663200000,0.851,0.853,0.8477,0.8522,0.8509666666666665,35253.08,0,coinbase
1663286400,0.852,0.8534,0.8426,0.8508,0.8489333333333334,88386.18,0,coinbase
1663372800,0.8468,0.8526,0.8444,0.8521,0.8497,19836.1,0,coinbase
1663459200,0.8468,0.8537,0.8423,0.8499,0.8486333333333334,109462.84,0,coinbase
1663545600,0.8499,0.8517,0.8425,0.85,0.8480666666666666,88368.88,0,coinbase
1663632000,0.85,0.8517,0.8437,0.8501,0.8485,89210.98,0,coinbase
1663718400,0.8501,0.852,0.8425,0.8508,0.8484333333333334,99427.05,0,coinbase
1663804800,0.8508,0.8516,0.8422,0.8442,0.846,27873.9,0,coinbase
1663891200,0.8511,0.8522,0.8429,0.8483,0.8478,44712.16,0,coinbase
1663977600,0.8476,0.8528,0.8429,0.8513,0.8489999999999999,35895.0,0,coinbase
1664064000,0.849,0.8517,0.8427,0.8499,0.8481,28635.63,0,coinbase
1664150400,0.8499,0.8528,0.84,0.8479,0.8469000000000001,69459.76,0,coinbase
1664236800,0.848,0.8543,0.8467,0.8492,0.8500666666666667,53847.16,0,coinbase
1664323200,0.8508,0.8542,0.8249,0.8513,0.8434666666666667,58463.29,0,coinbase
1664409600,0.8513,0.8514,0.8433,0.8507,0.8484666666666666,22700.38,0,coinbase
1664496000,0.8491,0.8514,0.8438,0.8489,0.8480333333333334,23933.12,0,coinbase
1664582400,0.8508,0.8517,0.8446,0.8454,0.8472333333333334,14866.82,0,coinbase
1664668800,0.8503,0.8525,0.8301,0.8367,0.8397666666666667,88826.29,0,coinbase
1664755200,0.8429,0.8436,0.826,0.8267,0.8321,41226.92,0,coinbase
1664841600,0.8267,0.8282,0.8123,0.8203,0.8202666666666666,159791.31,0,coinbase
1664928000,0.817,0.833,0.817,0.83,0.8266666666666667,145901.22,0,coinbase
1665014400,0.8319,0.835,0.8301,0.8342,0.8331,41983.17,0,coinbase
1665100800,0.8342,0.8342,0.8279,0.8318,0.8313,38126.28,0,coinbase
1665187200,0.831,0.8327,0.8221,0.8319,0.8289,32480.52,0,coinbase
1665273600,0.8324,0.8334,0.8251,0.8326,0.8303666666666668,16918.86,0,coinbase
1665360000,0.8321,0.8333,0.8235,0.8331,0.8299666666666666,108040.01,0,coinbase
1665446400,0.8255,0.8341,0.8222,0.8324,0.8295666666666666,49137.09,0,coinbase
1665532800,0.8264,0.8338,0.8219,0.8298,0.8285,15722.5,0,coinbase
1665619200,0.8319,0.8331,0.8205,0.8299,0.8278333333333333,173129.9,0,coinbase
1665705600,0.8266,0.8305,0.8175,0.8305,0.8261666666666668,66062.51,0,coinbase
1665792000,0.8305,0.8325,0.8261,0.8313,0.8299666666666666,55388.7,0,coinbase
1665878400,0.8316,0.8323,0.8262,0.829,0.8291666666666666,15855.33,0,coinbase
1665964800,0.8299,0.8324,0.8214,0.8321,0.8286333333333333,42914.57,0,coinbase
1666051200,0.8322,1.05,0.8243,0.9078,0.9273666666666668,949821.7,0,coinbase
1666137600,0.893,0.9789,0.8687,0.9025,0.9167,347542.74,0,coinbase
1666224000,0.9077,0.9094,0.8882,0.8907,0.8961,60555.88,0,coinbase
1666310400,0.8949,0.895,0.8436,0.8678,0.8687999999999999,73368.21,0,coinbase
1666396800,0.8654,0.8846,0.8598,0.8725,0.8723000000000001,23977.45,0,coinbase
1666483200,0.8704,0.8845,0.8475,0.8583,0.8634333333333334,25936.88,0,coinbase
1666569600,0.8603,0.8883,0.8579,0.8801,0.8754333333333334,27082.19,0,coinbase
1666656000,0.8769,0.8807,0.8661,0.8716,0.8727999999999999,34840.95,0,coinbase
1666742400,0.875,0.9188,0.8397,0.9188,0.8924333333333333,120298.29,0,coinbase
1666828800,0.914,0.919,0.8912,0.8957,0.9019666666666667,31181.07,0,coinbase
1666915200,0.8957,0.9036,0.8874,0.9004,0.8971333333333332,24325.42,0,coinbase
1667001600,0.9,0.9019,0.8877,0.9009,0.8968333333333334,43040.63,0,coinbase
1667088000,0.8979,0.9014,0.8799,0.8894,0.8902333333333333,27561.96,0,coinbase
1667174400,0.891,0.8996,0.8855,0.8949,0.8933333333333332,28544.65,0,coinbase
1667260800,0.895,0.9027,0.8853,0.8972,0.8950666666666667,41774.01,0,coinbase
1667347200,0.8933,0.9024,0.8779,0.8973,0.8925333333333333,53115.56,0,coinbase
1667433600,0.8872,0.9026,0.8679,0.8875,0.886,33667.51,0,coinbase
1667520000,0.8836,0.8914,0.8769,0.8875,0.8852666666666668,37925.83,0,coinbase
1667606400,0.8895,0.9294,0.8892,0.9118,0.9101333333333333,202826.46,0,coinbase
1667692800,0.9179,0.9215,0.879,0.8834,0.8946333333333333,41703.41,0,coinbase
1667779200,0.8789,0.89,0.8486,0.8572,0.8652666666666665,209339.54,0,coinbase
1667865600,0.8572,0.8597,0.7919,0.7925,0.8147000000000001,243220.87,0,coinbase
1667952000,0.7925,0.8122,0.5148,0.5469,0.6246333333333333,370955.24,0,coinbase
1668038400,0.5469,0.6849,0.4652,0.5789,0.5763333333333333,665514.88,0,coinbase
1668124800,0.5787,0.5796,0.4756,0.5419,0.5323666666666668,668468.5,0,coinbase
1668211200,0.5264,0.5436,0.4299,0.4326,0.46869999999999995,316842.57,0,coinbase
1668297600,0.4592,0.4773,0.4036,0.4043,0.42840000000000006,454643.95,0,coinbase
1668384000,0.4222,0.4531,0.4014,0.4157,0.4234,250594.52,0,coinbase
1668470400,0.4314,0.4747,0.4159,0.4654,0.452,235137.24,0,coinbase
1668556800,0.4551,0.6366,0.4315,0.5205,0.5295333333333333,1659816.75,0,coinbase
1668643200,0.522,0.5328,0.448,0.4699,0.4835666666666667,491310.73,0,coinbase
1668729600,0.4698,0.4994,0.448,0.4613,0.4695666666666667,211529.77,0,coinbase
1668816000,0.4575,0.4757,0.4245,0.434,0.44473333333333337,125873.28,0,coinbase
1668902400,0.4271,0.442,0.4102,0.4201,0.4241,181678.03,0,coinbase
1668988800,0.4175,0.4306,0.4,0.4103,0.4136333333333333,238097.47,0,coinbase
1669075200,0.4156,0.4194,0.4,0.4188,0.41273333333333334,188605.66,0,coinbase
1669161600,0.4172,0.4634,0.4093,0.4511,0.4412666666666667,466866.87,0,coinbase
1669248000,0.4538,0.464,0.433,0.4468,0.4479333333333333,141632.66,0,coinbase
1669334400,0.4523,0.4523,0.423,0.4231,0.4328,51173.89,0,coinbase
1669420800,0.4248,0.441,0.4174,0.4174,0.4252666666666667,146759.37,0,coinbase
1669507200,0.4188,0.4256,0.4129,0.4209,0.4198,120094.61,0,coinbase
1669593600,0.4209,0.4213,0.4055,0.4092,0.412,61744.99,0,coinbase
1669680000,0.4084,0.4141,0.401,0.4048,0.40663333333333335,123477.69,0,coinbase
1669766400,0.4048,0.4187,0.4022,0.4108,0.4105666666666667,145243.48,0,coinbase
1669852800,0.4121,0.4175,0.4029,0.4072,0.4092,96143.82,0,coinbase
1669939200,0.4067,0.5205,0.4046,0.4523,0.45913333333333334,739538.4,0,coinbase
1670025600,0.4386,0.4533,0.4115,0.42,0.42826666666666663,614228.62,0,coinbase
1670112000,0.4221,0.4319,0.4064,0.4176,0.41863333333333336,106792.86,0,coinbase
1670198400,0.4167,0.4374,0.4121,0.4217,0.42373333333333335,78657.53,0,coinbase
1670284800,0.4139,0.431,0.4122,0.4267,0.4233,82756.1,0,coinbase
1670371200,0.4251,0.4735,0.4246,0.4357,0.44459999999999994,354508.97,0,coinbase
1670457600,0.4358,0.4615,0.4314,0.4475,0.44680000000000003,129562.09,0,coinbase
1670544000,0.4449,0.4591,0.43,0.4418,0.4436333333333333,142392.79,0,coinbase
1670630400,0.435,0.4587,0.4252,0.4396,0.4411666666666667,202112.68,0,coinbase
1670716800,0.4396,0.4574,0.412,0.4198,0.4297333333333333,100409.48,0,coinbase
1670803200,0.4181,0.428,0.4082,0.4217,0.4193,83738.61,0,coinbase
1670889600,0.421,0.5191,0.4171,0.454,0.46340000000000003,496155.07,0,coinbase
1670976000,0.4451,0.4687,0.44,0.4535,0.4540666666666667,161326.42,0,coinbase
1671062400,0.4511,0.4572,0.45,0.4531,0.45343333333333335,51115.09,0,coinbase
1671148800,0.4507,0.4531,0.4383,0.44,0.4438,56870.44,0,coinbase
1671235200,0.44,0.4615,0.4209,0.4562,0.4462,96647.52,0,coinbase
1671321600,0.4332,0.4569,0.42,0.4418,0.43956666666666666,116882.75,0,coinbase
1671408000,0.454,0.4541,0.4343,0.4355,0.4413,108926.46,0,coinbase
1671494400,0.4375,0.4569,0.4346,0.4461,0.44586666666666663,78813.48,0,coinbase
1671580800,0.4461,0.4537,0.4422,0.4509,0.44893333333333335,53169.36,0,coinbase
1671667200,0.4506,0.4563,0.4416,0.442,0.44663333333333327,87471.08,0,coinbase
1671753600,0.442,0.452,0.4279,0.4455,0.4418,40173.68,0,coinbase
1671840000,0.446,0.4545,0.4101,0.4234,0.42933333333333334,9136.62,0,coinbase
1671926400,0.4236,0.4371,0.4131,0.4251,0.42510000000000003,19252.5,0,coinbase
1672012800,0.427,0.4442,0.4121,0.4251,0.42713333333333336,84561.42,0,coinbase
1672099200,0.4279,0.4457,0.4115,0.4416,0.43293333333333334,112409.64,0,coinbase
1672185600,0.4222,0.4457,0.4118,0.42,0.4258333333333333,100048.01,0,coinbase
1672272000,0.42,0.4405,0.4116,0.413,0.4217,91937.51,0,coinbase
1672358400,0.4132,0.4451,0.4117,0.42,0.4256,75902.78,0,coinbase
1672444800,0.4293,0.4417,0.4181,0.4392,0.433,25762.16,0,coinbase
1672531200,0.4244,0.4404,0.4204,0.428,0.4296,50077.43,0,coinbase
1672617600,0.4272,0.4446,0.4271,0.4407,0.4374666666666666,57021.35,0,coinbase
1672704000,0.4409,0.55,0.4329,0.4897,0.49086666666666673,345827.19,0,coinbase
1672790400,0.5078,0.5153,0.45,0.474,0.4797666666666667,239432.48,0,coinbase
1672876800,0.4725,0.4892,0.454,0.4604,0.46786666666666665,137116.48,0,coinbase
1672963200,0.4605,0.4735,0.437,0.4405,0.4503333333333333,231582.48,0,coinbase
1673049600,0.4391,0.4599,0.4208,0.4273,0.436,173263.68,0,coinbase
1673136000,0.4267,0.4337,0.4238,0.4301,0.42919999999999997,108789.75,0,coinbase
1673222400,0.4277,0.5105,0.4277,0.4763,0.4715,494684.03,0,coinbase
1673308800,0.4812,0.4956,0.4593,0.4862,0.48036666666666666,138655.27,0,coinbase
1673395200,0.4896,0.4943,0.4486,0.467,0.4699666666666667,215736.34,0,coinbase
1673481600,0.4698,0.4992,0.4666,0.491,0.4856,83735.74,0,coinbase
1673568000,0.491,0.5075,0.4834,0.5043,0.49839999999999995,89529.12,0,coinbase
1673654400,0.5047,0.8524,0.4996,0.8203,0.7241,1938705.63,0,coinbase
1673740800,0.8202,1.49,0.7801,1.2156,1.1619000000000002,9724801.41,0,coinbase
1673827200,1.208,1.3329,1.0,1.1277,1.1535333333333333,2479842.67,0,coinbase
1673913600,1.1159,1.1277,0.8911,0.9123,0.9770333333333333,1044087.35,0,coinbase
1674000000,0.9204,1.02,0.8752,0.8994,0.9315333333333333,767949.1,0,coinbase
1674086400,0.8935,1.1061,0.8876,1.0138,1.0025000000000002,975432.46,0,coinbase
1674172800,1.0138,1.0516,0.91,1.0143,0.9919666666666668,911180.07,0,coinbase
1674259200,1.0139,1.0246,0.9514,0.9847,0.9869,455405.3,0,coinbase
1674345600,0.9919,0.9919,0.9301,0.944,0.9553333333333334,221929.9,0,coinbase
1674432000,0.9312,0.9534,0.9233,0.9268,0.9345,237368.9,0,coinbase
1674518400,0.9292,0.9476,0.9,0.9061,0.9178999999999999,200775.13,0,coinbase
1674604800,0.9018,0.9395,0.8662,0.9365,0.9140666666666667,254422.18,0,coinbase
1674691200,0.9382,0.9534,0.913,0.9143,0.9269,145047.81,0,coinbase
1674777600,0.9134,0.9795,0.89,0.9386,0.9360333333333334,200110.48,0,coinbase
1674864000,0.9372,0.9377,0.8981,0.9042,0.9133333333333332,106438.83,0,coinbase
1674950400,0.9042,0.9536,0.9004,0.9363,0.9301,150983.39,0,coinbase
1675036800,0.9362,0.9388,0.8526,0.8804,0.8906,157593.39,0,coinbase
1675123200,0.8696,0.8955,0.8532,0.8817,0.8767999999999999,147398.43,0,coinbase
1675209600,0.8817,0.951,0.8526,0.9077,0.9037666666666665,278226.56,0,coinbase
1675296000,0.9148,0.9491,0.8972,0.938,0.9281,133174.31,0,coinbase
1675382400,0.9306,0.9505,0.9242,0.9491,0.9412666666666668,90998.85,0,coinbase
1675468800,0.9478,0.9505,0.9133,0.9274,0.9304,88862.85,0,coinbase
1675555200,0.9144,0.9282,0.8805,0.8993,0.9026666666666667,150555.52,0,coinbase
1675641600,0.8989,0.9361,0.895,0.9117,0.9142666666666667,165879.64,0,coinbase
1675728000,0.9232,0.93,0.8873,0.9256,0.9142999999999999,144245.64,0,coinbase
1675814400,0.9143,0.9477,0.9048,0.9193,0.9239333333333333,137849.61,0,coinbase
1675900800,0.9178,0.9448,0.81,0.8828,0.8792,126556.17,0,coinbase
1675987200,0.883,0.904,0.8782,0.8828,0.8883333333333333,78518.91,0,coinbase
1676073600,0.8832,0.9037,0.8558,0.8664,0.8753000000000001,71376.93,0,coinbase
1676160000,0.8775,0.8836,0.8526,0.8704,0.8688666666666668,75969.12,0,coinbase
1676246400,0.8597,0.8986,0.8274,0.8379,0.8546333333333332,118372.05,0,coinbase
1676332800,0.8399,0.883,0.8271,0.8625,0.8575333333333334,154418.62,0,coinbase
1676419200,0.8634,0.8935,0.856,0.8768,0.8754333333333332,116327.73,0,coinbase
1676505600,0.8845,0.935,0.872,0.9059,0.9043,208118.9,0,coinbase
1676592000,0.9013,0.9243,0.8987,0.9037,0.9089,21350.77,0,coinbase
1676678400,0.9043,0.9069,0.8984,0.8984,0.9012333333333333,29854.12,0,coinbase
1676764800,0.8984,0.952,0.8917,0.952,0.9319000000000001,143881.55,0,coinbase
1676851200,0.952,0.9791,0.9406,0.9681,0.9626,254611.69,0,coinbase
1676937600,0.9677,0.9681,0.8972,0.9121,0.9258000000000001,97452.89,0,coinbase
1677024000,0.9183,0.9251,0.883,0.8931,0.9004,55973.04,0,coinbase
1677110400,0.8899,0.8998,0.884,0.8902,0.8913333333333333,25678.43,0,coinbase
1677196800,0.8905,0.8985,0.85,0.8507,0.8664,91571.74,0,coinbase
1677283200,0.858,0.8718,0.8458,0.8482,0.8552666666666666,19114.89,0,coinbase
1677369600,0.8502,0.872,0.8459,0.8635,0.8604666666666666,32077.25,0,coinbase
1677456000,0.8675,0.9322,0.8244,0.8249,0.8605,684545.6,0,coinbase
1677542400,0.838,0.8935,0.7984,0.8306,0.8408333333333333,752815.6,0,coinbase
1677628800,0.8298,0.8408,0.8138,0.8261,0.8268999999999999,37805.67,0,coinbase
1677715200,0.8245,0.8276,0.8161,0.8192,0.8209666666666666,38330.97,0,coinbase
1677801600,0.8186,0.8223,0.7727,0.7831,0.7927000000000001,90343.05,0,coinbase
1677888000,0.7952,0.7997,0.7756,0.7806,0.7853,31425.16,0,coinbase
1677974400,0.7806,0.7883,0.778,0.778,0.7814333333333333,27572.25,0,coinbase
1678060800,0.7785,0.7971,0.7566,0.7825,0.7787333333333333,93115.49,0,coinbase
1678147200,0.7745,0.8325,0.7745,0.8174,0.8081333333333333,124900.13,0,coinbase
1678233600,0.8159,0.8197,0.7295,0.7444,0.7645333333333332,160249.56,0,coinbase
1678320000,0.7681,0.7681,0.7301,0.7447,0.7476333333333334,65094.09,0,coinbase
1678406400,0.7445,0.7679,0.7112,0.7479,0.7423333333333334,141989.47,0,coinbase
1678492800,0.7386,0.7482,0.6111,0.711,0.6901,120910.94,0,coinbase
1678579200,0.6999,0.7853,0.684,0.7853,0.7515333333333333,80173.08,0,coinbase
1678665600,0.7833,0.842,0.7801,0.8301,0.8174,114074.61,0,coinbase
1678752000,0.8314,0.8625,0.7628,0.7842,0.8031666666666668,122907.85,0,coinbase
1678838400,0.795,0.795,0.7466,0.7715,0.7710333333333333,91516.96,0,coinbase
1678924800,0.7745,0.7786,0.7665,0.7699,0.7716666666666666,25241.11,0,coinbase
1679011200,0.7679,0.8213,0.7672,0.8091,0.7992,129456.73,0,coinbase
1679097600,0.8091,0.8211,0.7996,0.8,0.8069000000000001,81074.89,0,coinbase
1679184000,0.8001,0.8121,0.7998,0.8085,0.8068,44308.6,0,coinbase
1679270400,0.8087,0.8227,0.7909,0.8024,0.8053333333333333,65610.24,0,coinbase
1679356800,0.8003,0.8153,0.793,0.7998,0.8027000000000001,33490.48,0,coinbase
1679443200,0.8048,0.8071,0.7879,0.7991,0.7980333333333335,65607.24,0,coinbase
1679529600,0.7913,0.7949,0.7831,0.7884,0.7888000000000001,46398.37,0,coinbase
1679616000,0.7873,0.7952,0.7839,0.7839,0.7876666666666666,29398.67,0,coinbase
1679702400,0.7881,0.7903,0.7827,0.7827,0.7852333333333332,25893.36,0,coinbase
1679788800,0.784,0.7918,0.7701,0.7891,0.7836666666666666,49686.3,0,coinbase
1679875200,0.7771,0.7899,0.7718,0.7726,0.7780999999999999,18175.18,0,coinbase
1679961600,0.7726,0.7804,0.7582,0.7601,0.7662333333333334,110435.13,0,coinbase
1680048000,0.7601,0.8017,0.7465,0.7628,0.7703333333333333,110095.22,0,coinbase
1680134400,0.7593,0.7954,0.7468,0.7508,0.7643333333333334,38177.85,0,coinbase
1680220800,0.7567,0.793,0.7503,0.7801,0.7744666666666666,112857.49,0,coinbase
1680307200,0.7822,0.7934,0.779,0.7934,0.7886000000000001,82977.39,0,coinbase
1680393600,0.7934,0.9265,0.7931,0.8501,0.8565666666666667,483099.14,0,coinbase
1680480000,0.8586,0.8676,0.8242,0.8242,0.8386666666666667,62503.66,0,coinbase
1680566400,0.8242,0.8363,0.8008,0.8129,0.8166666666666668,55074.78,0,coinbase
1680652800,0.8086,0.8317,0.8059,0.8161,0.8179,43822.0,0,coinbase
1680739200,0.8065,0.8285,0.7962,0.7974,0.8073666666666667,29707.89,0,coinbase
1680825600,0.7994,0.8197,0.7744,0.7773,0.7904666666666667,38426.86,0,coinbase
1680912000,0.7786,0.7928,0.7687,0.7695,0.777,12159.26,0,coinbase
1680998400,0.7687,0.7893,0.761,0.7745,0.7749333333333333,30567.06,0,coinbase
1681084800,0.7628,0.8122,0.761,0.7808,0.7846666666666667,80409.16,0,coinbase
1681171200,0.7826,0.9954,0.7199,0.8699,0.8617333333333334,303091.34,0,coinbase
1681257600,0.8699,0.9406,0.8396,0.8819,0.8873666666666667,408711.87,0,coinbase
1681344000,0.8691,0.909,0.8288,0.8912,0.8763333333333333,162603.02,0,coinbase
1681430400,0.8831,0.8991,0.8369,0.8585,0.8648333333333333,66976.94,0,coinbase
1681516800,0.8776,0.8844,0.81,0.8279,0.8407666666666667,69841.16,0,coinbase
1681603200,0.848,0.8644,0.8185,0.8345,0.8391333333333334,43075.93,0,coinbase
1681689600,0.8314,0.8349,0.8243,0.8243,0.8278333333333334,44427.1,0,coinbase
1681776000,0.8248,0.8267,0.8221,0.8263,0.8250333333333334,33493.54,0,coinbase
1681862400,0.8264,0.8286,0.7902,0.8017,0.8068333333333334,133209.05,0,coinbase
1681948800,0.7961,0.8218,0.7533,0.7585,0.7778666666666666,30860.22,0,coinbase
1682035200,0.7919,0.8104,0.7581,0.7702,0.7795666666666667,29731.01,0,coinbase
1682121600,0.7581,0.7918,0.7536,0.7675,0.7709666666666667,10287.34,0,coinbase
1682208000,0.7918,0.8097,0.7588,0.7746,0.7810333333333332,29132.05,0,coinbase
1682294400,0.7786,0.78,0.7719,0.7727,0.7748666666666667,6155.66,0,coinbase
1682380800,0.7727,0.7768,0.769,0.7707,0.7721666666666667,61808.4,0,coinbase
1682467200,0.7712,0.7801,0.7397,0.7654,0.7617333333333334,207816.74,0,coinbase
1682553600,0.772,0.7895,0.7665,0.7756,0.7772,52453.64,0,coinbase
1682640000,0.7733,0.7737,0.7583,0.7695,0.7671666666666667,64437.07,0,coinbase
1682726400,0.7695,0.7706,0.7654,0.7677,0.7679,37001.65,0,coinbase
1682812800,0.7655,0.7702,0.7654,0.7662,0.7672666666666667,25318.75,0,coinbase
1682899200,0.7659,0.7811,0.6737,0.7361,0.7303000000000001,57269.71,0,coinbase
1682985600,0.7529,0.7688,0.7285,0.7552,0.7508333333333334,17458.92,0,coinbase
1683072000,0.7552,0.7562,0.7493,0.7561,0.7538666666666667,72732.21,0,coinbase
1683158400,0.7562,0.7563,0.7517,0.7517,0.7532333333333333,15592.68,0,coinbase
1683244800,0.7517,0.7612,0.7516,0.7611,0.7579666666666666,90200.16,0,coinbase
1683331200,0.7611,0.7617,0.7532,0.7532,0.7560333333333333,70694.3,0,coinbase
1683417600,0.7533,0.7576,0.7524,0.7524,0.7541333333333333,46102.36,0,coinbase
1683504000,0.7524,0.7701,0.7165,0.7409,0.7425,111307.94,0,coinbase
1683590400,0.7266,0.7897,0.7215,0.7469,0.7527,37171.9,0,coinbase
1683676800,0.7595,0.7768,0.7404,0.7421,0.7530999999999999,78452.19,0,coinbase
1683763200,0.7472,0.7626,0.7264,0.7435,0.7441666666666666,50617.05,0,coinbase
1683849600,0.7593,0.7593,0.71,0.728,0.7324333333333334,203212.68,0,coinbase
1683936000,0.7268,0.7296,0.724,0.7296,0.7277333333333335,32773.97,0,coinbase
1684022400,0.727,0.7309,0.7263,0.7289,0.7286999999999999,15979.12,0,coinbase
1684108800,0.727,0.731,0.7263,0.7263,0.7278666666666668,43772.8,0,coinbase
1684195200,0.7262,0.7279,0.7166,0.7189,0.7211333333333334,28223.74,0,coinbase
1684281600,0.7172,0.7207,0.7109,0.714,0.7152,110474.65,0,coinbase
1684368000,0.7128,0.7188,0.6792,0.7112,0.7030666666666668,21082.48,0,coinbase
1684454400,0.699,0.7113,0.6685,0.6927,0.6908333333333333,44236.86,0,coinbase
1684540800,0.6838,0.7061,0.6763,0.6967,0.6930333333333333,12770.55,0,coinbase
1684627200,0.6967,0.6995,0.6683,0.671,0.6796000000000001,57917.72,0,coinbase
1684713600,0.6852,0.7028,0.6662,0.6898,0.6862666666666666,20182.73,0,coinbase
1684800000,0.6783,0.702,0.6753,0.6918,0.6896999999999999,15715.23,0,coinbase
1684886400,0.6918,0.6951,0.6662,0.6817,0.681,61034.84,0,coinbase
1684972800,0.6817,0.6901,0.6275,0.6659,0.6611666666666668,84204.93,0,coinbase
1685059200,0.6564,0.6663,0.6564,0.6606,0.6610999999999999,9469.4,0,coinbase
1685145600,0.6596,0.6644,0.6594,0.6643,0.6627,88992.28,0,coinbase
1685232000,0.6643,0.6709,0.661,0.6709,0.6676000000000001,45886.64,0,coinbase
1685318400,0.6709,0.671,0.6645,0.6668,0.6674333333333333,28307.19,0,coinbase
1685404800,0.6651,0.6708,0.6646,0.6677,0.6677,56276.76,0,coinbase
1685491200,0.6681,0.6681,0.5904,0.6376,0.6320333333333333,138591.07,0,coinbase
1685577600,0.6354,0.6442,0.6352,0.6363,0.6385666666666666,34843.83,0,coinbase
1685664000,0.6363,0.6456,0.6361,0.6455,0.6424,27862.32,0,coinbase
1685750400,0.6455,0.6497,0.6426,0.6465,0.6462666666666667,20284.76,0,coinbase
1685836800,0.6463,0.6542,0.6436,0.6511,0.6496333333333334,49319.41,0,coinbase
1685923200,0.6513,0.6528,0.6391,0.6434,0.6451,164172.57,0,coinbase
1686009600,0.6432,0.6488,0.5774,0.6451,0.6237666666666667,79711.86,0,coinbase
1686096000,0.6434,0.6463,0.5859,0.6034,0.6118666666666667,61125.68,0,coinbase
1686182400,0.5907,0.6488,0.5907,0.6105,0.6166666666666667,79528.25,0,coinbase
1686268800,0.6101,0.6144,0.5802,0.5802,0.5916,127926.12,0,coinbase
1686355200,0.5794,0.5821,0.5118,0.5653,0.5530666666666667,191575.88,0,coinbase
1686441600,0.5653,0.5769,0.5353,0.5644,0.5588666666666667,74059.13,0,coinbase
1686528000,0.5562,0.5754,0.5328,0.5329,0.5470333333333334,96067.35,0,coinbase
1686614400,0.5329,0.5628,0.5319,0.5372,0.5439666666666666,88775.37,0,coinbase
1686700800,0.5371,0.5684,0.5247,0.5345,0.5425333333333334,105000.77,0,coinbase
1686787200,0.5306,0.5838,0.5207,0.5541,0.5528666666666667,180036.91,0,coinbase
1686873600,0.5698,0.6051,0.5399,0.5712,0.5720666666666667,294557.08,0,coinbase
1686960000,0.5711,0.5796,0.5309,0.543,0.5511666666666667,179439.83,0,coinbase
1687046400,0.5429,0.5509,0.5355,0.541,0.5424666666666665,18452.38,0,coinbase
1687132800,0.541,0.5412,0.5306,0.5367,0.5361666666666667,33557.28,0,coinbase
1687219200,0.5336,0.5369,0.5269,0.5337,0.5325000000000001,71914.29,0,coinbase
1687305600,0.5335,0.5476,0.5318,0.5443,0.5412333333333333,174418.32,0,coinbase
1687392000,0.5467,0.5528,0.5466,0.5508,0.5500666666666666,121108.47,0,coinbase
1687478400,0.5508,0.5509,0.5429,0.5464,0.5467333333333333,91611.03,0,coinbase
1687564800,0.5472,0.5543,0.5468,0.5477,0.5496,64030.49,0,coinbase
1687651200,0.5482,0.5535,0.5476,0.5515,0.5508666666666667,44062.94,0,coinbase
1687737600,0.5513,0.5528,0.5453,0.5453,0.5478000000000001,79924.93,0,coinbase
1687824000,0.5463,0.5512,0.5447,0.5497,0.5485333333333333,34814.45,0,coinbase
1687910400,0.5489,0.5489,0.5434,0.5439,0.5454,63200.02,0,coinbase
1687996800,0.5439,0.561,0.543,0.5609,0.5549666666666667,154926.4,0,coinbase
1688083200,0.561,0.5759,0.5609,0.5755,0.5707666666666666,265790.85,0,coinbase
1688169600,0.5743,0.5775,0.5726,0.575,0.5750333333333334,44016.55,0,coinbase
1688256000,0.5765,0.584,0.5754,0.583,0.5808,54761.49,0,coinbase
1688342400,0.583,0.5869,0.5817,0.5868,0.5851333333333334,38868.93,0,coinbase
1688428800,0.5864,0.5973,0.5861,0.5955,0.5929666666666668,47664.33,0,coinbase
1688515200,0.5943,0.5969,0.5888,0.5911,0.5922666666666666,81508.09,0,coinbase
1688601600,0.5919,0.7599,0.5914,0.7123,0.6878666666666667,957135.46,0,coinbase
1688688000,0.7126,0.7976,0.6735,0.7221,0.7310666666666666,683092.27,0,coinbase
1688774400,0.7274,0.7343,0.7118,0.7166,0.7209,114585.58,0,coinbase
1688860800,0.7121,0.7241,0.71,0.7139,0.7159999999999999,49471.73,0,coinbase
1688947200,0.7117,0.7147,0.6907,0.6957,0.7003666666666666,87403.5,0,coinbase
1689033600,0.6965,0.7673,0.694,0.7472,0.7361666666666666,271933.18,0,coinbase
1689120000,0.763,0.763,0.7077,0.7584,0.7430333333333333,57475.82,0,coinbase
1689206400,0.7584,0.8756,0.7446,0.8324,0.8175333333333334,217472.2,0,coinbase
1689292800,0.8284,0.9,0.8228,0.8458,0.8562,373059.29,0,coinbase
1689379200,0.8462,0.9162,0.8296,0.8814,0.8757333333333334,172041.64,0,coinbase
1689465600,0.8813,0.9894,0.8745,0.8938,0.9192333333333335,254019.02,0,coinbase
1689552000,0.9007,0.9224,0.8678,0.8762,0.8887999999999999,36161.6,0,coinbase
1689638400,0.8794,0.8873,0.7791,0.8185,0.8282999999999999,77798.79,0,coinbase
1689724800,0.8207,0.9624,0.8206,0.9,0.8943333333333333,272808.94,0,coinbase
1689811200,0.9075,0.9507,0.8226,0.857,0.8767666666666667,165715.08,0,coinbase
1689897600,0.857,0.8818,0.8342,0.8612,0.8590666666666668,51430.9,0,coinbase
1689984000,0.8643,0.8727,0.8065,0.8105,0.8299,56080.17,0,coinbase
1690070400,0.8113,0.8251,0.7919,0.8193,0.8121,32746.26,0,coinbase
1690156800,0.8251,0.8254,0.7644,0.7901,0.7933,91105.3,0,coinbase
1690243200,0.7901,0.7938,0.7751,0.782,0.7836333333333334,16201.32,0,coinbase
1690329600,0.7894,0.8901,0.7822,0.8774,0.8498999999999999,180746.44,0,coinbase
1690416000,0.8757,0.898,0.8451,0.87,0.8710333333333334,142396.34,0,coinbase
1690502400,0.8704,0.8877,0.8609,0.8773,0.8753000000000001,42032.75,0,coinbase
1690588800,0.8663,0.8847,0.8554,0.8815,0.8738666666666667,21015.23,0,coinbase
1690675200,0.8842,0.8847,0.8506,0.8506,0.8619666666666667,32063.28,0,coinbase
1690761600,0.8503,0.8743,0.8446,0.8611,0.86,77225.35,0,coinbase
1690848000,0.8575,0.8716,0.8353,0.8623,0.8563999999999999,75933.25,0,coinbase
1690934400,0.8607,0.8874,0.83,0.8391,0.8521666666666666,43029.48,0,coinbase
1691020800,0.8324,0.8405,0.83,0.83,0.8335,29202.75,0,coinbase
1691107200,0.83,0.8612,0.83,0.8421,0.8444333333333333,56062.14,0,coinbase
1691193600,0.8406,0.8421,0.8301,0.8339,0.8353666666666667,4070.7,0,coinbase
1691280000,0.8343,0.8451,0.8343,0.838,0.8391333333333333,27691.66,0,coinbase
1691366400,0.8367,0.8452,0.83,0.8305,0.8352333333333334,41326.02,0,coinbase
1691452800,0.8328,0.8518,0.83,0.8422,0.8413333333333334,88684.08,0,coinbase
1691539200,0.8385,0.9606,0.8377,0.9276,0.9086333333333334,342751.22,0,coinbase
1691625600,0.9278,0.9449,0.8825,0.9284,0.9186,111483.05,0,coinbase
1691712000,0.9297,0.9494,0.9015,0.9201,0.9236666666666666,12451.84,0,coinbase
1691798400,0.9185,0.9585,0.9011,0.939,0.9328666666666666,29489.39,0,coinbase
1691884800,0.9527,0.9616,0.903,0.9196,0.9280666666666667,28195.22,0,coinbase
1691971200,0.9254,0.9464,0.9043,0.9344,0.9283666666666667,11874.79,0,coinbase
1692057600,0.9461,0.9514,0.8703,0.8703,0.8973333333333332,29142.44,0,coinbase
1692144000,0.8703,0.8938,0.851,0.8653,0.8700333333333333,63659.51,0,coinbase
1692230400,0.8627,0.8848,0.8041,0.8225,0.8371333333333334,43001.23,0,coinbase
1692316800,0.8224,0.8571,0.8059,0.8119,0.8249666666666666,31196.04,0,coinbase
1692403200,0.8119,0.8384,0.8053,0.8187,0.8207999999999999,9655.62,0,coinbase
1692489600,0.8368,0.8439,0.8074,0.8189,0.8234,2942.22,0,coinbase
1692576000,0.8182,0.8609,0.8019,0.8193,0.8273666666666667,28355.49,0,coinbase
1692662400,0.8277,0.8363,0.8,0.8005,0.8122666666666666,26163.04,0,coinbase
1692748800,0.8057,0.8516,0.801,0.8397,0.8307666666666668,30138.16,0,coinbase
1692835200,0.8342,0.8522,0.8037,0.8079,0.8212666666666667,10667.17,0,coinbase
1692921600,0.8207,0.8572,0.806,0.8203,0.8278333333333334,49077.66,0,coinbase
1693008000,0.8083,0.8261,0.8,0.8004,0.8088333333333333,7667.47,0,coinbase
1693094400,0.8003,0.8168,0.8,0.8079,0.8082333333333334,7038.65,0,coinbase
1693180800,0.8035,0.8101,0.7848,0.7902,0.7950333333333334,28529.35,0,coinbase
1693267200,0.8095,0.8627,0.7906,0.8339,0.8290666666666667,63196.64,0,coinbase
1693353600,0.8235,0.855,0.7965,0.8178,0.8231,9569.34,0,coinbase
1693440000,0.821,0.8374,0.7915,0.8062,0.8117000000000001,14630.56,0,coinbase
1693526400,0.8046,0.8069,0.7805,0.794,0.7938000000000001,11272.73,0,coinbase
1693612800,0.7915,0.8005,0.7813,0.787,0.7896,9055.86,0,coinbase
1693699200,0.7918,0.7973,0.781,0.7906,0.7896333333333333,9515.32,0,coinbase
1693785600,0.7934,0.8042,0.7812,0.7885,0.7913,24407.67,0,coinbase
1693872000,0.7875,0.8243,0.78,0.8148,0.8063666666666668,39626.67,0,coinbase
1693958400,0.8083,0.8235,0.7889,0.7901,0.8008333333333333,19664.41,0,coinbase
1694044800,0.7952,0.8045,0.781,0.8032,0.7962333333333333,12494.08,0,coinbase
1694131200,0.8032,0.8239,0.7835,0.7971,0.8015,36437.41,0,coinbase
1694217600,0.8157,0.8157,0.78,0.785,0.7935666666666666,17943.48,0,coinbase
1694304000,0.7841,0.7984,0.7415,0.7734,0.7711,74565.02,0,coinbase
1694390400,0.7723,0.7904,0.7155,0.7601,0.7553333333333333,56434.64,0,coinbase
1694476800,0.7499,0.782,0.7488,0.7525,0.7611,27227.47,0,coinbase
1694563200,0.7635,0.7888,0.7534,0.7861,0.7760999999999999,9721.31,0,coinbase
1694649600,0.777,0.8126,0.7567,0.8094,0.7929,33334.59,0,coinbase
1694736000,0.7932,0.8153,0.7804,0.8045,0.8000666666666666,25884.17,0,coinbase
1694822400,0.8047,0.8109,0.7857,0.7909,0.7958333333333334,2532.75,0,coinbase
1694908800,0.792,0.8014,0.7809,0.7968,0.7930333333333334,5851.63,0,coinbase
1694995200,0.7892,0.8159,0.7838,0.7998,0.7998333333333333,7490.45,0,coinbase
1695081600,0.7974,0.8212,0.7967,0.821,0.8129666666666667,6855.54,0,coinbase
1695168000,0.8035,0.8335,0.7979,0.8264,0.8192666666666667,26374.6,0,coinbase
1695254400,0.8271,0.8318,0.7729,0.7926,0.7991,27011.26,0,coinbase
1695340800,0.7951,0.8093,0.7825,0.7922,0.7946666666666667,8558.94,0,coinbase
1695427200,0.7904,0.8081,0.7892,0.792,0.7964333333333334,3445.0,0,coinbase
1695513600,0.7896,0.8092,0.787,0.8002,0.7988,7802.14,0,coinbase
1695600000,0.8002,0.812,0.7892,0.8089,0.8033666666666667,8487.76,0,coinbase
1695686400,0.8086,0.8127,0.7941,0.7941,0.8003,10228.18,0,coinbase
1695772800,0.8079,0.9058,0.7937,0.8694,0.8563000000000001,271699.01,0,coinbase
1695859200,0.8674,0.9531,0.818,0.8754,0.8821666666666665,98579.21,0,coinbase
1695945600,0.8896,0.9074,0.8701,0.8887,0.8887333333333333,43580.7,0,coinbase
1696032000,0.8733,0.9146,0.87,0.896,0.8935333333333334,23667.25,0,coinbase
1696118400,0.896,0.94,0.8798,0.9243,0.9147,61226.6,0,coinbase
1696204800,0.9246,0.9383,0.8782,0.8906,0.9023666666666667,66131.32,0,coinbase
1696291200,0.885,0.9131,0.868,0.868,0.8830333333333332,109864.71,0,coinbase
1696377600,0.868,0.8811,0.86,0.86,0.8670333333333332,36209.12,0,coinbase
1696464000,0.86,0.8801,0.85,0.8501,0.8600666666666666,67922.92,0,coinbase
1696550400,0.8505,0.8786,0.8339,0.8558,0.8561,88444.0,0,coinbase
1696636800,0.8545,0.8728,0.8416,0.8498,0.8547333333333333,13988.38,0,coinbase
1696723200,0.8499,0.868,0.8353,0.8453,0.8495333333333334,8658.38,0,coinbase
1696809600,0.8588,0.8687,0.8083,0.8121,0.8297,30680.7,0,coinbase
1696896000,0.8128,0.8391,0.8076,0.8166,0.8211,47171.84,0,coinbase
1696982400,0.8174,0.8209,0.7679,0.7878,0.7921999999999999,40922.82,0,coinbase
1697068800,0.779,0.7963,0.76,0.7763,0.7775333333333334,60153.02,0,coinbase
1697155200,0.7626,0.7939,0.7383,0.7802,0.7708,53242.98,0,coinbase
1697241600,0.7936,0.7986,0.7493,0.7692,0.7723666666666666,19472.12,0,coinbase
1697328000,0.7812,0.7953,0.7651,0.7856,0.782,5413.36,0,coinbase
1697414400,0.7779,0.8281,0.7779,0.8094,0.8051333333333334,14595.12,0,coinbase
1697500800,0.8257,0.8631,0.8002,0.82,0.8277666666666667,105889.8,0,coinbase
1697587200,0.8028,0.8379,0.801,0.8221,0.8203333333333335,14448.36,0,coinbase
1697673600,0.8371,0.8759,0.8069,0.8637,0.8488333333333333,32296.05,0,coinbase
1697760000,0.8468,0.914,0.84,0.8772,0.8770666666666666,109595.74,0,coinbase
1697846400,0.8772,0.9396,0.8534,0.91,0.9010000000000001,56719.26,0,coinbase
1697932800,0.9095,0.9368,0.8829,0.9232,0.9143,28163.87,0,coinbase
1698019200,0.9254,1.04,0.905,1.02,0.9883333333333333,154188.71,0,coinbase
1698105600,1.0279,1.1042,0.996,1.0354,1.0452000000000001,205969.77,0,coinbase
1698192000,1.0437,1.1225,0.9873,1.088,1.0659333333333334,74136.36,0,coinbase
1698278400,1.0744,1.09,1.0174,1.0533,1.0535666666666668,59331.08,0,coinbase
1698364800,1.0736,1.1207,1.0342,1.0817,1.0788666666666666,43280.01,0,coinbase
1698451200,1.0645,1.0987,1.0469,1.0858,1.0771333333333333,12525.19,0,coinbase
1698537600,1.0604,1.1108,1.0385,1.0936,1.0809666666666666,17720.98,0,coinbase
1698624000,1.0933,1.2289,1.0882,1.1984,1.1718333333333333,128399.45,0,coinbase
1698710400,1.1999,1.3775,1.1619,1.2628,1.2673999999999999,163038.01,0,coinbase
1698796800,1.2691,1.7,1.2378,1.3169,1.4182333333333332,733560.87,0,coinbase
1698883200,1.3123,1.4772,1.2755,1.3188,1.3571666666666669,270039.78,0,coinbase
1698969600,1.323,1.4068,1.2687,1.3542,1.3432333333333333,82671.35,0,coinbase
1699056000,1.3543,1.5298,1.3513,1.4614,1.4475,121339.04,0,coinbase
1699142400,1.4524,1.4884,1.2857,1.3564,1.3768333333333331,144789.5,0,coinbase
1699228800,1.3564,1.5162,1.2649,1.508,1.4296999999999997,185451.26,0,coinbase
1699315200,1.5118,1.7894,1.4896,1.7561,1.6783666666666666,389661.1,0,coinbase
1699401600,1.7681,2.0037,1.6997,1.7421,1.8151666666666666,643971.85,0,coinbase
1699488000,1.7301,1.9343,1.5301,1.7216,1.7286666666666666,334127.98,0,coinbase
1699574400,1.6999,2.16,1.696,2.0599,1.9719666666666666,264643.29,0,coinbase
1699660800,2.0856,2.2063,1.8486,2.0061,2.0203333333333333,279512.98,0,coinbase
1699747200,2.0157,2.0832,1.8814,1.8928,1.9524666666666668,116731.08,0,coinbase
1699833600,1.8903,2.1207,1.6551,1.8757,1.8838333333333332,262011.96,0,coinbase
1699920000,1.8851,2.2499,1.876,2.207,2.1109666666666667,341918.42,0,coinbase
1700006400,2.2061,2.5245,2.1368,2.4702,2.377166666666667,258833.77,0,coinbase
1700092800,2.469,2.6318,2.1609,2.2051,2.3326,182745.23,0,coinbase
1700179200,2.1958,2.4738,1.9013,2.1998,2.1916333333333333,238481.73,0,coinbase
1700265600,2.1818,2.2113,2.05,2.1564,2.1392333333333333,68867.74,0,coinbase
1700352000,2.1567,2.4227,2.1,2.4064,2.3097,112728.83,0,coinbase
1700438400,2.4066,2.4286,2.226,2.2825,2.312366666666667,104467.07,0,coinbase
1700524800,2.2723,2.3309,2.0874,2.1461,2.1881333333333335,136246.24,0,coinbase
1700611200,2.1156,2.5497,2.0771,2.4779,2.3682333333333334,123686.78,0,coinbase
1700697600,2.4779,2.66,2.3598,2.3979,2.472566666666667,101350.97,0,coinbase
1700784000,2.3688,2.5642,2.3546,2.5032,2.474,54860.32,0,coinbase
1700870400,2.5032,2.89,2.35,2.4886,2.5762,133972.42,0,coinbase
1700956800,2.4557,2.52,2.3742,2.4599,2.4513666666666665,55469.7,0,coinbase
1701043200,2.4306,2.8485,2.4017,2.8085,2.6862333333333335,196844.93,0,coinbase
1701129600,2.8344,3.7459,2.68,3.615,3.346966666666667,620796.21,0,coinbase
1701216000,3.6129,4.2499,3.2614,3.3168,3.609366666666667,717802.2,0,coinbase
1701302400,3.2948,3.7996,3.2002,3.4982,3.499333333333334,207076.26,0,coinbase
1701388800,3.481,3.5505,3.25,3.3223,3.3742666666666667,129552.31,0,coinbase
1701475200,3.3223,3.42,3.26,3.37,3.35,116063.22,0,coinbase
1701561600,3.375,3.4907,3.281,3.2947,3.3554666666666666,95025.86,0,coinbase
1701648000,3.2937,3.4,2.7898,2.9695,3.0531,416374.87,0,coinbase
1701734400,2.9532,3.0137,2.5327,2.7019,2.7494333333333336,212737.45,0,coinbase
1701820800,2.7109,2.9208,2.5823,2.5989,2.7006666666666668,194623.26,0,coinbase
1701907200,2.5923,2.773,2.51,2.6184,2.6337999999999995,365689.42,0,coinbase
1701993600,2.6159,4.4398,2.6,3.9041,3.6479666666666666,1184727.39,0,coinbase
1702080000,3.9346,4.4997,3.7084,4.3652,4.1911,446236.54,0,coinbase
1702166400,4.3652,6.8798,4.2643,6.2899,5.811333333333334,2013110.88,0,coinbase
1702252800,6.3302,6.858,4.5192,5.7189,5.6987,1277076.89,0,coinbase
1702339200,5.7084,5.9649,5.0,5.642,5.535633333333333,490554.94,0,coinbase
1702425600,5.5785,5.7756,4.3236,5.5545,5.2179,383963.55,0,coinbase
1702512000,5.5571,6.67,5.5213,6.2921,6.161133333333333,312682.94,0,coinbase
1702598400,6.3151,8.4298,5.8373,7.4258,7.230966666666666,904962.07,0,coinbase
1702684800,7.3444,7.934,6.84,7.4062,7.3934,305448.03,0,coinbase
1702771200,7.406,7.4422,6.2699,6.5949,6.768999999999999,230406.8,0,coinbase
1702857600,6.5949,7.0399,5.5,6.5702,6.370033333333333,417436.71,0,coinbase
1702944000,6.5702,7.9,6.4641,6.959,7.1077,332445.97,0,coinbase
1703030400,6.959,8.45,6.5501,7.8638,7.621300000000001,388288.19,0,coinbase
1703116800,7.8931,8.93,7.7702,8.7463,8.482166666666666,432669.09,0,coinbase
1703203200,8.7377,8.8712,6.7225,7.3395,7.6444,465149.27,0,coinbase
1703289600,7.401,7.9,6.3626,7.8856,7.382733333333333,456485.35,0,coinbase
1703376000,7.8285,9.1054,7.25,7.7001,8.0185,471602.63,0,coinbase
1703462400,7.7003,8.6,7.3691,7.9666,7.978566666666667,335778.85,0,coinbase
1703548800,8.0008,8.1852,6.77,7.0044,7.319866666666667,351076.78,0,coinbase
1703635200,7.1068,7.1958,6.7409,6.816,6.917566666666667,187994.74,0,coinbase
1703721600,6.816,6.8501,5.0854,6.0101,5.981866666666668,1283704.89,0,coinbase
1703808000,6.0101,6.61,5.6008,6.116,6.108933333333333,487453.35,0,coinbase
1703894400,6.1997,6.2,5.7182,5.966,5.9614,91853.63,0,coinbase
1703980800,5.9614,6.1499,5.6426,5.7546,5.849033333333334,119092.72,0,coinbase
1704067200,5.7435,6.36,5.6244,6.2302,6.071533333333334,198556.72,0,coinbase
1704153600,6.2495,6.61,5.9156,6.051,6.1922,210533.25,0,coinbase
1704240000,6.0794,6.245,5.2,5.7305,5.7251666666666665,339231.24,0,coinbase
1704326400,5.7193,6.0899,5.5502,5.9,5.846700000000001,143692.16,0,coinbase
1704412800,5.9001,6.0711,5.2791,5.5,5.616733333333333,132967.55,0,coinbase
1704499200,5.5001,5.8063,5.03,5.1297,5.322,145868.72,0,coinbase
1704585600,5.0567,5.5,5.0104,5.0367,5.182366666666667,137790.7,0,coinbase
1704672000,5.1003,5.8,4.82,5.6093,5.409766666666667,309915.43,0,coinbase
1704758400,5.6093,5.8441,5.2371,5.4586,5.5132666666666665,152532.4,0,coinbase
1704844800,5.3971,5.5174,4.8992,5.3035,5.240033333333334,247341.1,0,coinbase
1704931200,5.3354,5.65,5.1,5.1276,5.292533333333334,194023.53,0,coinbase
1705017600,5.128,5.278,4.5605,4.5953,4.811266666666667,187422.85,0,coinbase
1705104000,4.598,4.9444,4.5617,4.8,4.7687,120194.94,0,coinbase
1705190400,4.7997,4.963,4.51,4.5303,4.667766666666666,133994.74,0,coinbase
1705276800,4.5556,4.6363,4.2569,4.3483,4.413833333333334,117151.42,0,coinbase
1705363200,4.3479,4.8779,4.2503,4.7637,4.630633333333333,140891.42,0,coinbase
1705449600,4.7536,6.5637,4.728,6.5495,5.947066666666667,953472.8,0,coinbase
1705536000,6.4769,7.7,5.3,5.6856,6.228533333333334,1108189.9,0,coinbase
1705622400,5.6742,5.82,4.9002,5.2225,5.314233333333333,418104.59,0,coinbase
1705708800,5.2176,5.34,4.9212,5.2302,5.163799999999999,275244.43,0,coinbase
1705795200,5.195,6.3199,5.0554,5.6806,5.685300000000001,348501.56,0,coinbase
1705881600,5.6969,6.25,4.61,5.2017,5.353899999999999,381666.45,0,coinbase
1705968000,5.1597,5.2846,4.69,4.949,4.9745333333333335,214974.12,0,coinbase
1706054400,4.9387,5.1724,4.7651,5.165,5.034166666666667,144930.98,0,coinbase
1706140800,5.128,5.2711,4.9493,5.0131,5.077833333333333,119741.43,0,coinbase
1706227200,5.013,5.3461,4.88,5.0818,5.102633333333333,227407.21,0,coinbase
1706313600,5.0886,5.111,4.7528,4.8884,4.9174,191961.51,0,coinbase
1706400000,4.8936,5.6244,4.3241,5.5454,5.164633333333334,464261.43,0,coinbase
1706486400,5.5449,6.484,5.425,6.0735,5.994166666666666,488773.67,0,coinbase
1706572800,6.0735,6.3613,5.75,5.8373,5.982866666666666,303810.43,0,coinbase
1706659200,5.8171,6.072,4.9001,4.9616,5.311233333333334,487687.5,0,coinbase
1706745600,4.9394,4.967,4.6587,4.7717,4.799133333333333,422735.35,0,coinbase
1706832000,4.7718,4.96,4.555,4.623,4.712666666666667,274317.46,0,coinbase
1706918400,4.601,4.8461,4.5021,4.7888,4.7123333333333335,227960.03,0,coinbase
1707004800,4.7822,4.8797,4.35,4.3995,4.543066666666666,234198.64,0,coinbase
1707091200,4.4178,4.5166,4.0501,4.0996,4.2221,454356.06,0,coinbase
1707177600,4.0996,4.2334,3.7003,4.0037,3.9791333333333334,428417.27,0,coinbase
1707264000,4.0134,4.1615,3.7102,4.1258,3.999166666666667,361556.29,0,coinbase
1707350400,4.1152,4.3,3.9701,4.0818,4.1173,293845.7,0,coinbase
1707436800,4.0802,4.2,3.9226,4.0305,4.051033333333334,359896.37,0,coinbase
1707523200,4.0267,4.36,3.946,4.2198,4.1752666666666665,425829.26,0,coinbase
1707609600,4.19,4.28,4.0001,4.0093,4.096466666666667,195217.18,0,coinbase
1707696000,4.0092,4.1843,3.8,4.0195,4.001266666666667,371906.18,0,coinbase
1707782400,4.03,4.1295,3.8325,3.9647,3.975566666666667,308032.38,0,coinbase
1707868800,3.9799,4.0396,3.8852,3.9198,3.9482,316659.77,0,coinbase
1707955200,3.9198,4.029,3.5114,3.5764,3.7056,688075.56,0,coinbase
1708041600,3.5692,3.7586,3.53,3.5327,3.6071000000000004,388161.08,0,coinbase
1708128000,3.5327,3.566,3.3667,3.4501,3.460933333333333,367156.98,0,coinbase
1708214400,3.4609,3.9283,3.4206,3.6626,3.6705,487921.11,0,coinbase
1708300800,3.6737,4.09,3.6158,3.8299,3.8452333333333333,632544.47,0,coinbase
1708387200,3.8495,3.8773,3.25,3.5947,3.574,393997.27,0,coinbase
1708473600,3.5952,3.65,3.3503,3.471,3.4904333333333333,270980.76,0,coinbase
1708560000,3.4711,3.64,3.35,3.5062,3.4987333333333335,401995.51,0,coinbase
1708646400,3.5001,4.0247,3.5,3.75,3.758233333333333,555455.29,0,coinbase
1708732800,3.7524,4.59,3.6586,4.5319,4.260166666666667,846510.28,0,coinbase
1708819200,4.56,4.5854,4.1264,4.2604,4.324066666666667,310203.09,0,coinbase
1708905600,4.2604,4.6786,4.12,4.4663,4.421633333333333,441505.77,0,coinbase
1708992000,4.4487,4.71,4.2,4.2072,4.3724,385772.89,0,coinbase
1709078400,4.2072,5.0993,4.1304,4.8522,4.693966666666667,581714.3,0,coinbase
1709164800,4.8722,5.8456,4.8203,5.1532,5.273033333333333,922102.4,0,coinbase
1709251200,5.1591,5.5843,4.86,5.0536,5.165966666666667,571020.46,0,coinbase
1709337600,5.0894,5.1406,4.6619,4.8061,4.869533333333333,353157.29,0,coinbase
1709424000,4.81,4.81,4.6185,4.72,4.716166666666666,285827.42,0,coinbase
1709510400,4.7212,4.9394,4.4544,4.5012,4.631666666666667,572231.19,0,coinbase
1709596800,4.5008,5.0198,4.2573,4.687,4.654700000000001,799538.48,0,coinbase
1709683200,4.6907,4.6908,4.15,4.2631,4.367966666666667,497205.69,0,coinbase
1709769600,4.2577,5.313,4.19,4.6701,4.724366666666667,1093632.13,0,coinbase
1709856000,4.6707,5.6653,4.3801,5.2267,5.090700000000001,903724.28,0,coinbase
1709942400,5.2246,5.3898,4.9186,4.9452,5.084533333333333,500015.25,0,coinbase
1710028800,4.9333,5.0437,4.6051,4.6519,4.766900000000001,354824.59,0,coinbase
1710115200,4.6612,4.7852,4.475,4.5785,4.6129,460721.97,0,coinbase
1710201600,4.5637,4.7532,4.4,4.53,4.561066666666666,352767.52,0,coinbase
1710288000,4.53,5.0,4.2376,4.6543,4.630633333333333,497814.75,0,coinbase
1710374400,4.6443,4.7896,4.0883,4.42,4.432633333333333,662274.39,0,coinbase
1710460800,4.4254,4.75,3.8938,4.41,4.351266666666667,774457.04,0,coinbase
1710547200,4.3914,5.75,4.2701,4.34,4.7867,1472488.23,0,coinbase
1710633600,4.35,5.0,4.2,4.9641,4.7213666666666665,639182.9,0,coinbase
1710720000,4.9787,5.4443,4.446,4.86,4.916766666666667,971052.53,0,coinbase
1710806400,4.8897,4.9994,4.04,4.1398,4.393066666666667,730439.83,0,coinbase
1710892800,4.1182,4.5,3.8263,4.4479,4.258066666666667,616308.53,0,coinbase
1710979200,4.4479,4.75,4.1583,4.3224,4.410233333333333,482650.07,0,coinbase
1711065600,4.3194,4.3452,4.0002,4.0593,4.134900000000001,385161.56,0,coinbase
1711152000,4.0402,4.2277,4.0001,4.0158,4.081199999999999,306056.74,0,coinbase
1711238400,4.0205,4.182,3.969,4.0642,4.071733333333333,311842.23,0,coinbase
1711324800,4.0639,4.271,3.9856,4.1089,4.121833333333333,573655.28,0,coinbase
1711411200,4.0871,4.1934,3.92,3.9401,4.017833333333333,534118.79,0,coinbase
1711497600,3.9417,4.14,3.6711,3.8957,3.9022666666666663,409823.92,0,coinbase
1711584000,3.91,4.1184,3.8003,3.9576,3.958766666666667,350311.87,0,coinbase
1711670400,3.9578,4.0336,3.7677,3.8731,3.891466666666666,210516.8,0,coinbase
1711756800,3.89,4.2472,3.89,4.0847,4.073966666666666,394093.86,0,coinbase
1711843200,4.09,4.1789,4.04,4.1611,4.126666666666666,166657.74,0,coinbase
1711929600,4.1555,4.5,3.875,4.0099,4.1283,609701.83,0,coinbase
1712016000,3.98,4.0293,3.7251,3.7897,3.8480333333333334,229670.95,0,coinbase
1712102400,3.79,3.9438,3.6251,3.9016,3.8235000000000006,346293.27,0,coinbase
1712188800,3.8948,4.0075,3.6386,3.6832,3.7764333333333333,362787.66,0,coinbase
1712275200,3.67,3.7221,3.422,3.5831,3.5757333333333334,260348.83,0,coinbase
1712361600,3.5956,3.7173,3.5757,3.6921,3.6616999999999997,97723.54,0,coinbase
1712448000,3.6912,3.7564,3.5278,3.5929,3.6257,193261.14,0,coinbase
1712534400,3.5951,3.653,3.38,3.4962,3.509733333333333,776270.75,0,coinbase
1712620800,3.48,3.509,3.25,3.2551,3.3380333333333336,345619.46,0,coinbase
1712707200,3.2569,3.2943,2.9883,3.1175,3.133366666666667,548795.8,0,coinbase
1712793600,3.1,3.2472,2.853,3.08,3.0600666666666663,1006906.04,0,coinbase
1712880000,3.08,3.3,2.5835,2.74,2.8745,1570758.19,0,coinbase
1712966400,2.73,2.73,2.1,2.453,2.4276666666666666,1150915.46,0,coinbase
1713052800,2.44,2.5559,2.2616,2.5006,2.4393666666666665,624482.66,0,coinbase
1713139200,2.4908,2.6797,2.29,2.3624,2.444033333333333,845052.57,0,coinbase
1713225600,2.3563,2.4799,2.2212,2.4135,2.3715333333333333,599285.09,0,coinbase
1713312000,2.413,2.4686,2.2022,2.2099,2.2935666666666665,407759.03,0,coinbase
1713398400,2.2129,2.5446,2.1546,2.3618,2.353666666666667,849270.59,0,coinbase
1713484800,2.3621,2.4784,2.1778,2.3956,2.3506,477763.12,0,coinbase
1713571200,2.3919,2.545,2.3396,2.5027,2.4624333333333333,326882.73,0,coinbase
1713657600,2.4998,2.8172,2.4739,2.761,2.6840333333333333,664297.83,0,coinbase
1713744000,2.77,3.6599,2.7123,3.3729,3.248366666666666,1885276.05,0,coinbase
1713830400,3.3733,3.575,3.221,3.2605,3.3521666666666667,930233.44,0,coinbase
1713916800,3.2626,3.3499,2.75,2.8698,2.9899,760649.02,0,coinbase
1714003200,2.8666,3.008,2.7628,2.7762,2.8489999999999998,479770.47,0,coinbase
1714089600,2.7758,2.796,2.65,2.6601,2.702033333333333,326415.82,0,coinbase
1714176000,2.6604,2.8303,2.4916,2.7539,2.691933333333333,396460.3,0,coinbase
1714262400,2.7567,2.8832,2.7271,2.7454,2.7852333333333337,188180.87,0,coinbase
1714348800,2.7467,2.7801,2.5361,2.6978,2.671333333333333,304944.12,0,coinbase
1714435200,2.6971,2.7394,2.3416,2.4246,2.5018666666666665,463988.0,0,coinbase
1714521600,2.4219,2.4674,2.212,2.4411,2.3735,325154.98,0,coinbase
1714608000,2.4451,2.5729,2.2966,2.4586,2.4427000000000003,604583.91,0,coinbase
1714694400,2.466,2.5198,2.327,2.4483,2.4316999999999998,419932.43,0,coinbase
1714780800,2.44,2.5665,2.4182,2.4701,2.4849333333333337,198101.94,0,coinbase
1714867200,2.4755,2.5067,2.3891,2.4147,2.436833333333333,188133.45,0,coinbase
1714953600,2.4266,2.5879,2.36,2.36,2.435966666666667,302610.41,0,coinbase
1715040000,2.3601,2.45,2.2841,2.2869,2.340333333333333,311344.32,0,coinbase
1715126400,2.2869,2.3191,2.2423,2.2646,2.2753333333333337,162903.96,0,coinbase
1715212800,2.2609,2.3716,2.2321,2.3498,2.317833333333333,212947.27,0,coinbase
1715299200,2.3503,2.3546,2.25,2.2617,2.288766666666666,197737.9,0,coinbase
1715385600,2.2602,2.3433,2.25,2.3037,2.299,133310.09,0,coinbase
1715472000,2.31,2.3454,2.2551,2.2554,2.2853,92941.94,0,coinbase
1715558400,2.2594,2.3367,2.1808,2.2754,2.2643,140549.74,0,coinbase
1715644800,2.2766,2.2986,2.1559,2.193,2.215833333333333,148772.31,0,coinbase
1715731200,2.1945,2.2866,2.12,2.2748,2.227133333333333,294375.94,0,coinbase
1715817600,2.2717,2.4484,2.08,2.2592,2.2625333333333333,917027.85,0,coinbase
1715904000,2.2592,2.3985,2.218,2.3425,2.3196666666666665,249938.06,0,coinbase
1715990400,2.3392,2.4619,2.334,2.361,2.3856333333333333,216757.05,0,coinbase
1716076800,2.3617,2.4104,2.17,2.2557,2.2787,202308.81,0,coinbase
1716163200,2.2575,2.7753,2.2046,2.7587,2.5795333333333335,860628.18,0,coinbase
1716249600,2.7612,2.7706,2.5504,2.6058,2.6422666666666665,457186.8,0,coinbase
1716336000,2.606,2.6535,2.52,2.52,2.5645000000000002,154984.09,0,coinbase
1716422400,2.521,2.6254,2.4097,2.5263,2.5204666666666666,317769.78,0,coinbase
1716508800,2.5265,2.5265,2.2159,2.4429,2.3951,553883.75,0,coinbase
1716595200,2.4423,2.5349,2.4133,2.499,2.4824,111150.27,0,coinbase
1716681600,2.4909,2.5157,2.3709,2.3894,2.425333333333333,107311.14,0,coinbase
1716768000,2.3846,2.5142,2.3846,2.479,2.4592666666666667,164902.37,0,coinbase
1716854400,2.4751,2.4936,2.3156,2.4577,2.4223,336934.53,0,coinbase
1716940800,2.4578,2.78,2.4129,2.6277,2.6068666666666664,554993.83,0,coinbase
1717027200,2.6277,2.7449,2.5015,2.5601,2.6021666666666667,474163.95,0,coinbase
1717113600,2.5644,2.6564,2.5173,2.5572,2.576966666666667,168877.03,0,coinbase
1717200000,2.5557,2.5777,2.4839,2.5282,2.5299333333333336,100989.4,0,coinbase
1717286400,2.52,2.5477,2.4331,2.4737,2.4848333333333334,95050.68,0,coinbase
1717372800,2.47,2.5645,2.4533,2.4872,2.5016666666666665,128439.98,0,coinbase
1717459200,2.4822,2.5552,2.4249,2.5163,2.4988,171887.37,0,coinbase
1717545600,2.5246,2.6054,2.5015,2.522,2.5429666666666666,129810.98,0,coinbase
1717632000,2.5153,2.5456,2.4,2.416,2.4538666666666664,173876.3,0,coinbase
1717718400,2.4161,2.4674,2.245,2.2819,2.3314333333333335,379628.24,0,coinbase
1717804800,2.2821,2.3153,2.1424,2.2161,2.2246,212357.56,0,coinbase
1717891200,2.2109,2.25,2.1681,2.2277,2.2152666666666665,56846.86,0,coinbase
1717977600,2.2304,2.2459,2.1406,2.1659,2.1841333333333335,141555.37,0,coinbase
1718064000,2.1613,2.1634,1.92,2.023,2.0354666666666668,340462.14,0,coinbase
1718150400,2.01,2.1349,1.9853,2.0648,2.061666666666667,217240.84,0,coinbase
1718236800,2.0588,2.0606,1.9014,1.9577,1.9732333333333332,175991.13,0,coinbase
1718323200,1.9561,1.9747,1.9139,1.9493,1.9459666666666664,192549.62,0,coinbase
1718409600,1.95,1.9639,1.9349,1.9465,1.9484333333333332,61038.36,0,coinbase
1718496000,1.9376,1.9386,1.9182,1.9326,1.9298,139325.69,0,coinbase
1718582400,1.9305,1.9327,1.8085,1.8087,1.8499666666666668,229182.16,0,coinbase
1718668800,1.8071,1.8133,1.5641,1.77,1.7157999999999998,517299.91,0,coinbase
1718755200,1.7615,1.9124,1.7527,1.7659,1.8103333333333333,272312.57,0,coinbase
1718841600,1.766,1.8614,1.7547,1.7859,1.8006666666666666,189005.97,0,coinbase
1718928000,1.7807,1.83,1.7664,1.8106,1.8023333333333333,156013.23,0,coinbase
1719014400,1.8062,1.8871,1.7947,1.8638,1.8485333333333334,57277.59,0,coinbase
1719100800,1.8654,1.8832,1.8031,1.8052,1.8305,79558.88,0,coinbase
1719187200,1.8051,1.8196,1.7,1.8059,1.7751666666666666,257546.92,0,coinbase
1719273600,1.8059,1.8604,1.796,1.8325,1.8296333333333334,70504.59,0,coinbase
1719360000,1.8324,1.8651,1.8125,1.8339,1.8371666666666666,123300.24,0,coinbase
1719446400,1.8393,1.9124,1.8252,1.8818,1.8731333333333333,141105.65,0,coinbase
1719532800,1.8813,1.9191,1.8404,1.8564,1.8719666666666666,131809.65,0,coinbase
1719619200,1.8586,1.8712,1.8484,1.8517,1.8571,22266.49,0,coinbase
1719705600,1.8526,1.8923,1.8402,1.8799,1.8708,34974.12,0,coinbase
1719792000,1.8864,1.8959,1.8455,1.8668,1.8694,97149.16,0,coinbase
1719878400,1.8686,1.8784,1.8336,1.8749,1.8623,58020.06,0,coinbase
1719964800,1.8748,1.8749,1.6616,1.7218,1.7527666666666668,295332.58,0,coinbase
1720051200,1.7171,1.7298,1.5084,1.551,1.5964,315977.4,0,coinbase
1720137600,1.5573,1.6546,1.45,1.6205,1.5750333333333335,211401.95,0,coinbase
1720224000,1.6206,1.6997,1.6206,1.6557,1.6586666666666667,212392.42,0,coinbase
1720310400,1.6541,1.6637,1.5354,1.5354,1.578166666666667,121224.06,0,coinbase
1720396800,1.5355,1.6,1.4975,1.5214,1.5396333333333334,438602.12,0,coinbase
1720483200,1.5175,1.6156,1.3505,1.5547,1.5069333333333332,1009367.15,0,coinbase
1720569600,1.5538,1.5687,1.4376,1.4539,1.4867333333333335,487701.49,0,coinbase
1720656000,1.4561,1.4896,1.3898,1.4044,1.4279333333333335,159357.44,0,coinbase
1720742400,1.4043,1.4461,1.3327,1.422,1.4002666666666668,206001.5,0,coinbase
1720828800,1.4193,1.459,1.4145,1.4557,1.4430666666666667,137261.53,0,coinbase
1720915200,1.4558,1.5159,1.45,1.4997,1.4885333333333335,111962.34,0,coinbase
1721001600,1.5034,1.6079,1.495,1.6071,1.57,169586.47,0,coinbase
1721088000,1.6024,1.6208,1.5292,1.585,1.5783333333333331,280960.94,0,coinbase
1721174400,1.585,1.6585,1.555,1.5563,1.5899333333333334,152499.36,0,coinbase
1721260800,1.5561,1.5828,1.51,1.5149,1.5358999999999998,59337.58,0,coinbase
1721347200,1.5149,1.6648,1.4901,1.6588,1.6045666666666667,174136.75,0,coinbase
1721433600,1.6599,2.745,1.6586,2.5605,2.3213666666666666,4032253.37,0,coinbase
1721520000,2.5503,2.6077,2.1752,2.4353,2.4060666666666664,2094138.48,0,coinbase
1721606400,2.4395,3.14,2.303,2.5673,2.6700999999999997,2151054.41,0,coinbase
1721692800,2.5665,3.0423,2.53,2.6214,2.7312333333333334,2302605.86,0,coinbase
1721779200,2.6213,2.92,2.5303,2.6365,2.6956,907978.94,0,coinbase
1721865600,2.6365,2.7792,2.4636,2.5239,2.5889,654291.09,0,coinbase
1721952000,2.5371,2.842,2.52,2.7582,2.7067333333333337,534510.2,0,coinbase
1722038400,2.762,3.1139,2.7494,2.9783,2.9472,1100115.84,0,coinbase
1722124800,2.974,3.1,2.845,3.0,2.981666666666667,392552.9,0,coinbase
1722211200,3.0094,3.1994,2.8474,2.8776,2.9747999999999997,522213.07,0,coinbase
1722297600,2.8821,2.9825,2.6988,2.7569,2.8127333333333335,230845.27,0,coinbase
1722384000,2.7557,2.8498,2.55,2.591,2.6636,365739.41,0,coinbase
1722470400,2.5979,2.6274,2.4,2.5083,2.5119000000000002,333767.06,0,coinbase
1722556800,2.5101,2.537,2.0928,2.0954,2.241733333333333,366445.67,0,coinbase
1722643200,2.0954,2.3017,1.9748,2.04,2.1055,487232.39,0,coinbase
1722729600,2.0368,2.088,1.8014,1.9488,1.9460666666666668,404189.18,0,coinbase
1722816000,1.9481,1.95,1.47,1.857,1.7590000000000001,1118455.78,0,coinbase
1722902400,1.8618,2.7754,1.8618,2.4459,2.3610333333333333,2047683.29,0,coinbase
1722988800,2.4434,2.6077,2.158,2.2963,2.3539999999999996,1102453.12,0,coinbase
1723075200,2.3089,2.5297,2.1912,2.5154,2.4121,629536.13,0,coinbase
1723161600,2.5,2.5608,2.2058,2.3665,2.3777000000000004,504239.22,0,coinbase
1723248000,2.3672,2.3811,2.2754,2.3335,2.3299999999999996,171218.62,0,coinbase
1723334400,2.3272,2.5,2.2,2.2,2.3000000000000003,347442.23,0,coinbase
1723420800,2.2014,2.3603,2.2,2.2893,2.2832,199238.89,0,coinbase
1723507200,2.2865,2.2944,2.19,2.258,2.2474666666666665,207111.91,0,coinbase
1723593600,2.2583,2.3185,2.1969,2.2333,2.2495666666666665,114166.58,0,coinbase
1723680000,2.2375,2.2513,2.058,2.1208,2.1433666666666666,225639.99,0,coinbase
1723766400,2.1244,2.1743,2.0466,2.0889,2.103266666666667,214482.02,0,coinbase
1723852800,2.0819,2.1413,2.0607,2.1094,2.1038,127327.64,0,coinbase
1723939200,2.1054,2.2195,2.1003,2.1834,2.167733333333333,175390.29,0,coinbase
1724025600,2.1827,2.2107,2.1212,2.1497,2.1605333333333334,106366.66,0,coinbase
1724112000,2.1442,2.22,2.0965,2.1382,2.151566666666666,165290.09,0,coinbase
1724198400,2.1379,2.1875,2.0844,2.1676,2.1465,128408.8,0,coinbase
1724284800,2.1741,2.2,2.1446,2.1616,2.1687333333333334,97096.04,0,coinbase
1724371200,2.1683,2.3732,2.1026,2.233,2.236266666666667,406372.62,0,coinbase
1724457600,2.2395,2.35,2.2069,2.2942,2.2837,214554.82,0,coinbase
1724544000,2.2924,2.2957,2.1471,2.179,2.207266666666667,141882.42,0,coinbase
1724630400,2.1809,2.2082,2.0212,2.0299,2.0864333333333334,235072.33,0,coinbase
1724716800,2.0266,2.3033,1.9534,2.0884,2.1150333333333333,456298.74,0,coinbase
1724803200,2.0861,2.0952,2.0286,2.0488,2.057533333333333,152119.61,0,coinbase
1724889600,2.0487,2.1375,2.025,2.0489,2.0704666666666665,98958.97,0,coinbase
1724976000,2.0479,2.0521,1.9535,2.0081,2.004566666666667,91617.54,0,coinbase
1725062400,2.01,2.0286,1.9721,1.9791,1.9932666666666667,32791.84,0,coinbase
1725148800,1.9796,1.9893,1.8724,1.8825,1.9147333333333334,61606.01,0,coinbase
1725235200,1.8896,1.9594,1.8669,1.9529,1.9264,76758.78,0,coinbase
1725321600,1.9523,1.9733,1.8485,1.8485,1.8901000000000001,132789.93,0,coinbase
1725408000,1.8435,1.9166,1.702,1.8895,1.8360333333333332,256903.05,0,coinbase
1725494400,1.8895,1.89,1.764,1.7893,1.8144333333333333,105475.27,0,coinbase
1725580800,1.7872,1.9029,1.71,1.7702,1.7943666666666667,129989.19,0,coinbase
1725667200,1.7719,1.7833,1.7371,1.7526,1.757666666666667,97115.03,0,coinbase
1725753600,1.757,1.7826,1.7376,1.772,1.7640666666666667,44424.48,0,coinbase
1725840000,1.7679,1.9287,1.7626,1.9209,1.8707333333333331,195892.32,0,coinbase
1725926400,1.9137,1.9294,1.828,1.8701,1.8758333333333335,126059.43,0,coinbase
1726012800,1.8705,1.8728,1.7977,1.8198,1.8301,45659.95,0,coinbase
1726099200,1.8161,1.8826,1.8132,1.8601,1.8519666666666668,129779.13,0,coinbase
1726185600,1.86,1.9338,1.8291,1.9149,1.8926,84083.54,0,coinbase
1726272000,1.9126,1.928,1.8412,1.8439,1.871033333333333,98114.42,0,coinbase
1726358400,1.8411,1.8501,1.75,1.7564,1.7855,153351.25,0,coinbase
1726444800,1.7517,1.7647,1.7188,1.7477,1.7437333333333334,120604.69,0,coinbase
1726531200,1.7515,1.8252,1.731,1.7632,1.7731333333333332,56490.87,0,coinbase
1726617600,1.7657,1.8087,1.7177,1.803,1.7764666666666666,164956.15,0,coinbase
1726704000,1.8047,1.9699,1.7795,1.9575,1.9023,279455.79,0,coinbase
1726790400,1.9562,2.1129,1.9137,2.0375,2.0213666666666668,319238.28,0,coinbase
1726876800,2.0379,2.1049,2.025,2.0735,2.0678,89045.73,0,coinbase
1726963200,2.0702,2.1165,2.0242,2.0626,2.067766666666667,63236.07,0,coinbase
1727049600,2.0581,2.1,1.9626,1.9966,2.0197333333333334,167206.51,0,coinbase
1727136000,1.9897,2.0631,1.95,2.0586,2.0239,150675.29,0,coinbase
1727222400,2.0593,2.0824,1.9411,1.9447,1.9894,165106.89,0,coinbase
1727308800,1.9449,2.09,1.8865,2.0366,2.0043666666666664,222004.24,0,coinbase
1727395200,2.0361,2.4257,2.0361,2.2699,2.2439,762049.37,0,coinbase
1727481600,2.2662,2.3301,2.1578,2.1894,2.2257666666666664,160988.59,0,coinbase
1727568000,2.19,2.35,2.1462,2.335,2.277066666666667,145188.14,0,coinbase
1727654400,2.3273,2.3273,2.1608,2.2676,2.2519,208889.35,0,coinbase
1727740800,2.2635,2.4465,2.1616,2.2019,2.27,412563.69,0,coinbase
1727827200,2.1972,2.3193,2.1041,2.1588,2.1940666666666666,149737.23,0,coinbase
1727913600,2.1536,2.2087,2.0787,2.1051,2.1308333333333334,90311.48,0,coinbase
1728000000,2.102,2.2716,2.102,2.2324,2.202,95105.38,0,coinbase
1728086400,2.2332,2.2876,2.187,2.2747,2.2497666666666665,69950.61,0,coinbase
1728172800,2.2775,2.3526,2.2746,2.3287,2.318633333333333,61219.14,0,coinbase
1728259200,2.3328,2.4432,2.28,2.3056,2.3429333333333333,190653.19,0,coinbase
1728345600,2.2944,2.3001,2.1668,2.1936,2.2201666666666666,107909.55,0,coinbase
1728432000,2.1981,2.2005,2.0952,2.1002,2.1319666666666666,84510.59,0,coinbase
1728518400,2.1,2.1276,1.996,2.0399,2.0544999999999995,135765.67,0,coinbase
1728604800,2.0398,2.2174,2.032,2.1886,2.146,78973.9,0,coinbase
1728691200,2.1887,2.2406,2.1672,2.2195,2.2091,59780.61,0,coinbase
1728777600,2.2122,2.2705,2.1589,2.1711,2.2001666666666666,119482.84,0,coinbase
1728864000,2.1714,2.2568,2.1516,2.2373,2.2152333333333334,110483.39,0,coinbase
1728950400,2.239,2.2738,2.1203,2.1545,2.182866666666667,262158.09,0,coinbase
1729036800,2.155,2.1828,2.0741,2.137,2.1313,106238.65,0,coinbase
1729123200,2.108,2.114,2.048,2.055,2.063,4192.12484014,36,kraken
1729209600,2.088,2.175,2.084,2.175,2.126,999.91367815,26,kraken
1729296000,2.16,2.184,2.153,2.172,2.172,1569.75196994,19,kraken
1729382400,2.174,2.249,2.15,2.224,2.175,10158.46994678,78,kraken
1729468800,2.237,2.535,2.222,2.371,2.371,27750.50821212,208,kraken
1729555200,2.343,2.534,2.316,2.332,2.374,4694.21292976,88,kraken
1729641600,2.312,2.427,2.252,2.385,2.364,37454.5538724,177,kraken
1729728000,2.362,2.511,2.362,2.5,2.463,5629.41716689,93,kraken
1729814400,2.511,2.78,2.483,2.503,2.626,40081.02258669,496,kraken
1729900800,2.488,2.657,2.41,2.624,2.591,5965.93689801,106,kraken
1729987200,2.638,3.093,2.637,2.952,2.897,21044.66692361,494,kraken
1730073600,2.984,3.322,2.889,3.024,3.05,60517.27004245,518,kraken
1730160000,3.001,3.002,2.658,2.824,2.75,32112.71267022,325,kraken
1730246400,2.813,2.813,2.568,2.615,2.667,8535.78930622,125,kraken
1730332800,2.615,2.629,2.43,2.439,2.546,5337.14489255,99,kraken
1730419200,2.462,2.792,2.425,2.452,2.589,30195.303707,105,kraken
1730505600,2.471,2.561,2.262,2.351,2.324,52689.13970882,284,kraken
1730592000,2.353,2.405,2.239,2.322,2.299,93034.68567035,254,kraken
1730678400,2.333,2.455,2.234,2.286,2.418,8697.64205473,103,kraken
1730764800,2.3,2.452,2.283,2.35,2.367,49396.76777128,147,kraken
1730851200,2.349,2.881,2.339,2.839,2.473,108030.77406516,401,kraken
1730937600,2.845,3.666,2.777,3.214,3.222,68835.40972838,905,kraken
1731024000,3.241,4.197,3.24,3.856,3.838,59249.34762865,752,kraken
1731110400,3.892,4.382,3.856,4.065,4.218,79205.98270427,734,kraken
1731196800,4.034,4.08,3.65,3.882,3.876,33670.52840036,438,kraken
1731283200,3.897,3.947,3.35,3.491,3.626,53500.92927179,582,kraken
1731369600,3.459,3.85,3.29,3.727,3.465,49107.43275403,1027,kraken
1731456000,3.69,3.694,3.113,3.333,3.395,66726.87190047,787,kraken
1731542400,3.32,3.593,3.196,3.288,3.376,79931.58717378,467,kraken
1731628800,3.38,3.556,3.349,3.488,3.487,40091.39566888,220,kraken
1731715200,3.459,3.522,3.351,3.382,3.397,16667.78197834,141,kraken
1731801600,3.401,3.945,3.246,3.469,3.521,50214.16313038,497,kraken
1731888000,3.473,3.532,3.227,3.454,3.365,27306.98787871,278,kraken
1731974400,3.439,3.524,3.21,3.25,3.365,15709.41783728,337,kraken
1732060800,3.259,3.524,3.175,3.25,3.279,11809.51974472,307,kraken
1732147200,3.254,3.711,3.254,3.622,3.54,31436.7039305,449,kraken
1732233600,3.576,3.871,3.576,3.707,3.688,48129.52055257,654,kraken
1732320000,3.69,3.69,3.403,3.513,3.565,15411.15200022,342,kraken
1732406400,3.522,3.694,3.309,3.46,3.463,13203.68641227,266,kraken
1732492800,3.371,3.57,3.263,3.263,3.423,11367.68885611,353,kraken
1732579200,3.259,3.552,3.04,3.21,3.22,19690.34342275,752,kraken
1732665600,3.209,3.413,3.195,3.395,3.323,5830.80169439,288,kraken
1732752000,3.398,3.43,3.268,3.366,3.338,5053.41029444,78,kraken
1732838400,3.364,3.591,3.355,3.565,3.512,4199.40607812,120,kraken
1732924800,3.525,3.773,3.377,3.66,3.551,7788.93932901,187,kraken
1733011200,3.66,3.679,3.361,3.499,3.494,13996.29174288,468,kraken
1733097600,3.474,3.474,3.155,3.308,3.307,27246.1732979,566,kraken
1733184000,3.318,3.566,3.06,3.42,3.299,25231.50925304,338,kraken
1733270400,3.438,3.632,3.438,3.551,3.567,19822.68769343,557,kraken
1733356800,3.512,4.256,3.5,3.942,3.969,33178.03704433,1016,kraken
1733443200,3.935,10.051,3.935,6.995,6.704,407266.38740087,3903,kraken
1733529600,7.009,7.171,6.06,6.284,6.437,140219.6330252,878,kraken
1733616000,6.287,6.742,6.095,6.184,6.314,56855.72936936,360,kraken
1733702400,6.234,6.234,4.128,4.74,5.524,67897.93930488,712,kraken
1733788800,4.721,5.155,4.373,4.619,4.715,44258.71461622,400,kraken
1733875200,4.605,6.46,4.604,5.63,5.776,139470.76338237,1378,kraken
1733961600,5.622,5.764,5.143,5.24,5.555,47221.69770114,485,kraken
1734048000,5.253,5.331,5.016,5.099,5.109,13001.42798991,212,kraken
1734134400,5.151,5.335,4.851,4.949,5.14,30939.92346102,375,kraken
1734220800,4.942,5.027,4.765,4.982,4.918,10783.61523736,234,kraken
1734307200,5.01,5.019,4.614,4.74,4.8,25904.2454958,385,kraken
1734393600,4.738,4.813,4.373,4.416,4.607,12836.08969208,214,kraken
1734480000,4.428,4.428,3.951,3.984,4.183,11125.3955502,219,kraken
1734566400,3.927,4.073,3.586,3.772,3.82,36659.56365694,417,kraken
1734652800,3.723,3.885,3.158,3.723,3.524,53364.33901634,431,kraken
1734739200,3.752,3.906,3.374,3.384,3.633,15581.07033779,156,kraken
1734825600,3.424,3.585,3.323,3.493,3.482,18906.05409848,221,kraken
1734912000,3.471,3.771,3.381,3.689,3.534,17716.6718708,268,kraken
1734998400,3.664,4.045,3.623,3.976,3.851,26857.13843693,360,kraken
1735084800,3.936,4.273,3.912,3.969,4.066,32550.16918304,659,kraken
1735171200,3.966,3.984,3.619,3.653,3.792,7235.38090891,197,kraken
1735257600,3.639,3.951,3.621,3.68,3.802,14646.95216359,366,kraken
1735344000,3.679,3.855,3.558,3.783,3.724,10853.9534921,255,kraken
1735430400,3.752,4.09,3.69,3.745,3.873,23221.43224439,407,kraken
1735516800,3.726,3.943,3.595,3.837,3.8,19203.78665674,361,kraken
1735603200,3.798,4.123,3.617,3.905,3.975,28347.00708179,353,kraken
1735689600,3.925,4.221,3.873,3.97,4.037,18319.39986438,320,kraken
1735776000,3.948,4.166,3.948,4.105,4.077,16675.51343243,203,kraken
1735862400,4.06,4.314,3.896,4.294,4.0,10933.59706947,141,kraken
1735948800,4.293,4.293,4.101,4.232,4.151,25726.66158523,108,kraken
1736035200,4.231,4.252,4.044,4.132,4.122,11507.48558921,171,kraken
1736121600,4.148,4.711,4.077,4.289,4.294,38883.29344276,449,kraken
1736208000,4.315,4.323,3.781,3.781,4.017,11971.97117935,211,kraken
1736294400,3.789,3.795,3.459,3.654,3.651,10513.03161063,202,kraken
1736380800,3.62,3.637,3.362,3.435,3.445,9265.83726365,189,kraken
1736467200,3.456,3.557,3.29,3.452,3.45,9402.51551938,147,kraken
1736553600,3.397,3.461,3.363,3.449,3.391,1755.80595819,30,kraken
1736640000,3.382,3.445,3.29,3.329,3.382,6356.88456144,154,kraken
1736726400,3.328,3.392,2.932,3.24,3.089,18600.66017348,297,kraken
1736812800,3.211,3.457,3.211,3.429,3.324,8198.18703038,106,kraken
1736899200,3.438,3.592,3.281,3.592,3.454,10826.18383918,126,kraken
1736985600,3.571,3.648,3.449,3.545,3.549,16185.33978875,238,kraken
1737072000,3.553,3.783,3.553,3.757,3.704,9453.44128663,139,kraken
1737158400,3.791,4.373,3.635,4.248,4.049,113732.56029337,1626,kraken
1737244800,4.194,4.581,3.604,3.73,4.148,64335.91144598,1241,kraken
1737331200,3.727,3.979,3.434,3.575,3.693,28400.82226121,551,kraken
1737417600,3.59,3.852,3.455,3.619,3.596,22210.33751687,550,kraken
1737504000,3.601,3.658,3.45,3.501,3.537,23663.90142169,121,kraken
1737590400,3.496,3.496,3.209,3.31,3.302,19782.53995415,202,kraken
1737676800,3.305,3.321,3.078,3.078,3.259,57700.74111935,416,kraken
1737763200,3.077,3.156,3.009,3.035,3.071,12369.95682288,271,kraken
1737849600,3.033,3.214,2.946,2.946,3.075,15742.72684762,150,kraken
1737936000,2.91,2.918,2.554,2.847,2.732,19421.42236034,223,kraken
1738022400,2.885,2.894,2.569,2.599,2.792,63321.27572456,291,kraken
1738108800,2.6,2.859,2.59,2.77,2.69,49100.72941412,670,kraken
1738195200,2.788,2.956,2.784,2.893,2.845,62552.44250718,256,kraken
1738281600,2.891,2.988,2.837,2.837,2.861,19158.17045227,105,kraken
1738368000,2.904,2.917,2.578,2.578,2.773,4659.3186308,60,kraken
1738454400,2.556,2.612,2.093,2.198,2.438,23010.51905096,239,kraken
1738540800,2.21,2.543,1.719,2.519,2.074,33413.49753493,484,kraken
1738627200,2.524,2.533,2.257,2.403,2.388,11694.65775335,178,kraken
1738713600,2.384,2.385,2.196,2.219,2.269,4554.26812801,95,kraken
1738800000,2.237,2.284,1.998,2.024,2.151,14179.56450866,259,kraken
1738886400,2.061,2.243,1.983,2.058,2.085,6918.77229746,84,kraken
1738972800,2.074,2.254,2.066,2.254,2.155,2602.56654494,44,kraken
1739059200,2.218,2.266,2.05,2.08,2.109,7485.5699349,148,kraken
1739145600,2.139,2.219,2.05,2.202,2.173,10683.97546,158,kraken
1739232000,2.209,2.37,2.194,2.206,2.238,8166.19985735,106,kraken
1739318400,2.195,2.341,2.097,2.305,2.169,9634.77780821,283,kraken
1739404800,2.306,2.322,2.198,2.241,2.234,16012.30512444,124,kraken
1739491200,2.241,2.39,2.231,2.29,2.304,5644.63811294,97,kraken
1739577600,2.295,2.296,2.115,2.133,2.194,6002.96348053,105,kraken
1739664000,2.14,2.208,2.119,2.134,2.148,5200.44963756,240,kraken
1739750400,2.138,2.171,2.003,2.061,2.091,17022.98313183,343,kraken
1739836800,2.04,2.04,1.83,1.913,1.912,25533.71539084,406,kraken
1739923200,1.913,1.969,1.847,1.881,1.897,7697.76289975,112,kraken
1740009600,1.87,1.93,1.869,1.93,1.927,175011.92864693,303,kraken
1740096000,1.926,2.017,1.802,1.818,1.908,21281.3759947,285,kraken
1740182400,1.808,1.91,1.788,1.896,1.857,5493.07306023,110,kraken
1740268800,1.885,1.894,1.825,1.825,1.84,2233.86794287,34,kraken
1740355200,1.798,1.837,1.584,1.621,1.686,22971.19091837,330,kraken
1740441600,1.635,1.788,1.586,1.693,1.667,24457.6157462,328,kraken
1740528000,1.682,1.811,1.671,1.764,1.754,10555.52288412,128,kraken
1740614400,1.774,1.837,1.746,1.763,1.79,6359.60108738,68,kraken
1740700800,1.776,1.853,1.618,1.792,1.72,20497.56437269,228,kraken
1740787200,1.793,1.793,1.717,1.758,1.745,5558.33684239,48,kraken
1740873600,1.774,2.016,1.705,1.971,1.846,25974.67438701,208,kraken
1740960000,1.94,1.94,1.675,1.699,1.792,13812.43848546,145,kraken
1741046400,1.688,1.707,1.526,1.686,1.624,18912.85442472,271,kraken
1741132800,1.668,1.725,1.625,1.719,1.682,9610.48237746,225,kraken
1741219200,1.724,1.763,1.677,1.699,1.72,6975.60407758,85,kraken
1741305600,1.687,1.825,1.633,1.729,1.755,17069.79345455,193,kraken
1741392000,1.741,1.759,1.667,1.688,1.712,6167.51977444,91,kraken
1741478400,1.678,1.678,1.505,1.515,1.593,8828.53443342,119,kraken
1741564800,1.53,1.609,1.424,1.467,1.488,6671.07554507,86,kraken
1741651200,1.4,1.511,1.387,1.493,1.426,17968.78519111,104,kraken
1741737600,1.495,1.525,1.424,1.475,1.469,8252.88423537,66,kraken
1741824000,1.511,1.52,1.43,1.445,1.472,4319.9574155,36,kraken
1741910400,1.47,1.559,1.464,1.525,1.518,5806.86933191,50,kraken
1741996800,1.525,1.56,1.506,1.556,1.536,2864.48017611,40,kraken
1742083200,1.549,1.549,1.455,1.455,1.494,6123.08973931,78,kraken
1742169600,1.481,1.662,1.479,1.64,1.587,31334.94238815,244,kraken
1742256000,1.626,1.643,1.515,1.58,1.574,24060.67139775,225,kraken
1742342400,1.579,1.637,1.556,1.636,1.604,14474.08413416,98,kraken
1742428800,1.626,1.626,1.547,1.559,1.599,7601.30848906,49,kraken
1742515200,1.558,5.599,1.557,3.282,3.568,395341.54543809,7430,kraken
1742601600,3.331,3.656,2.795,2.801,3.125,78289.57986601,1246,kraken
1742688000,2.781,2.85,2.45,2.517,2.597,93409.19155083,983,kraken
1742774400,2.507,2.521,2.371,2.477,2.464,41745.96287788,486,kraken
1742860800,2.475,2.503,2.334,2.421,2.411,30014.84461135,516,kraken
1742947200,2.446,2.459,2.335,2.413,2.393,23507.53774961,244,kraken
1743033600,2.409,3.285,2.404,2.594,2.765,185946.88959257,3006,kraken
1743120000,2.6,3.019,2.575,2.656,2.769,99056.77766788,1762,kraken
1743206400,2.647,2.656,2.324,2.345,2.387,22317.50553305,309,kraken
1743292800,2.383,2.434,2.275,2.29,2.354,13865.55011301,241,kraken
1743379200,2.296,2.357,2.158,2.182,2.224,11968.25190607,276,kraken
1743465600,2.205,2.371,2.085,2.177,2.224,25870.16758748,573,kraken
1743552000,2.136,2.585,2.101,2.362,2.408,79560.93488197,1167,kraken
1743638400,2.385,2.584,2.186,2.247,2.379,65368.94787557,701,kraken
1743724800,2.249,2.26,2.054,2.224,2.136,47063.60962189,408,kraken
1743811200,2.199,2.211,2.085,2.097,2.13,10655.72887381,114,kraken
1743897600,2.101,2.145,1.898,1.937,2.074,48052.45781525,418,kraken
1743984000,1.95,2.073,1.789,2.015,1.945,36695.41968219,558,kraken
1744070400,1.998,2.037,1.753,1.777,1.877,23072.34116195,262,kraken
1744156800,1.779,2.049,1.698,2.028,1.791,71648.04692613,559,kraken
1744243200,2.03,2.03,1.837,1.911,1.941,17668.34982506,186,kraken
1744329600,1.906,3.501,1.902,3.19,2.846,235956.28228988,6596,kraken
1744416000,3.191,3.981,2.924,3.23,3.381,140154.82562091,3989,kraken
1744502400,3.202,3.207,2.732,2.76,2.963,27369.65760083,789,kraken
1744588800,2.752,3.627,2.719,3.18,3.233,98086.8031707,3485,kraken
1744675200,3.167,3.57,3.054,3.388,3.282,62614.76538291,1827,kraken
1744761600,3.353,3.67,2.924,2.961,3.325,42702.17312777,1843,kraken
1744848000,2.945,3.108,2.731,2.895,2.85,49569.07885915,1716,kraken
1744934400,2.85,2.852,2.565,2.711,2.713,25127.54545236,729,kraken
1745020800,2.686,2.688,2.615,2.66,2.648,13320.79182476,268,kraken
1745107200,2.64,3.01,2.64,2.783,2.823,20725.63556014,1033,kraken
1745193600,2.763,2.928,2.623,2.756,2.741,22113.07582601,1090,kraken
1745280000,2.746,2.9,2.574,2.792,2.732,18089.85223495,369,kraken
1745366400,2.804,2.999,2.725,2.848,2.855,34244.4571298,798,kraken
1745452800,2.799,2.897,2.667,2.835,2.752,14291.34304556,282,kraken
1745539200,2.867,2.926,2.722,2.821,2.819,26235.60908268,493,kraken
1745625600,2.84,3.162,2.825,3.055,3.012,21460.60531666,377,kraken
1745712000,3.028,3.028,2.818,2.88,2.883,9750.87923776,132,kraken
1745798400,2.848,2.984,2.746,2.916,2.867,7534.47296724,227,kraken
1745884800,2.922,2.972,2.849,2.872,2.91,8389.26978003,190,kraken
1745971200,2.881,2.897,2.596,2.763,2.753,16680.96634897,389,kraken
1746057600,2.751,2.928,2.655,2.928,2.757,18768.85304997,312,kraken
1746144000,2.921,2.973,2.764,2.787,2.864,11378.50520175,237,kraken
1746230400,2.795,3.235,2.632,2.719,2.846,22269.46895775,555,kraken
1746316800,2.713,2.891,2.575,2.59,2.67,14851.93508997,278,kraken
1746403200,2.605,2.644,2.476,2.543,2.56,15083.56581276,301,kraken
1746489600,2.53,2.571,2.329,2.474,2.454,15047.14792287,414,kraken
1746576000,2.495,2.566,2.386,2.549,2.459,10125.96258286,194,kraken
1746662400,2.523,2.787,2.51,2.763,2.682,35067.7258743,447,kraken
1746748800,2.727,2.926,2.727,2.925,2.848,15749.42578878,244,kraken
1746835200,2.931,3.041,2.845,3.027,2.941,8925.17361086,231,kraken
1746921600,3.015,3.061,2.85,2.925,2.961,7780.00796668,160,kraken
1747008000,2.971,3.072,2.764,2.926,2.956,19436.67080921,299,kraken
1747094400,2.957,3.017,2.764,3.014,2.868,7438.21585648,200,kraken
1747180800,3.007,3.048,2.813,2.84,2.918,9357.63777699,184,kraken
1747267200,2.848,2.848,2.59,2.651,2.686,12153.15883262,353,kraken
1747353600,2.662,2.72,2.599,2.618,2.658,5288.70225546,193,kraken
1747440000,2.582,2.582,2.468,2.491,2.518,9416.16845494,169,kraken
1747526400,2.499,2.654,2.468,2.605,2.543,5728.29460715,174,kraken
1747612800,2.612,2.629,2.416,2.516,2.483,9630.51263117,249,kraken
1747699200,2.526,2.617,2.513,2.603,2.572,6086.06907886,177,kraken
1747785600,2.597,2.669,2.526,2.62,2.581,10508.8096193,236,kraken
1747872000,2.615,2.83,2.615,2.82,2.745,10379.83534253,171,kraken
1747958400,2.833,2.905,2.619,2.627,2.76,7089.98803372,190,kraken
1748044800,2.627,2.823,2.605,2.674,2.681,2857.75089521,115,kraken
1748131200,2.72,2.75,2.55,2.75,2.643,5771.88626995,205,kraken
1748217600,2.714,2.77,2.684,2.742,2.72,4108.18672079,73,kraken
1748304000,2.75,3.022,2.654,2.989,2.899,13762.09766316,310,kraken
1748390400,2.98,3.101,2.757,2.811,2.945,20962.63024979,352,kraken
1748476800,2.831,3.215,2.831,3.207,3.08,26854.47152852,464,kraken
1748563200,3.186,3.266,2.632,2.65,3.01,52635.18585034,513,kraken
1748649600,2.627,2.841,2.502,2.679,2.63,25812.96821994,328,kraken
1748736000,2.721,2.852,2.606,2.7,2.724,9972.81802326,204,kraken
1748822400,2.663,2.663,2.532,2.64,2.572,6137.66300952,120,kraken
1748908800,2.595,2.784,2.595,2.659,2.695,3882.58399372,91,kraken
1748995200,2.651,2.708,2.552,2.561,2.63,2982.35477837,98,kraken
1749081600,2.532,2.546,2.276,2.299,2.38,17165.1799721,288,kraken
1749168000,2.29,2.418,2.239,2.348,2.364,11063.46208351,158,kraken
1749254400,2.366,2.42,2.316,2.364,2.366,4784.21395905,109,kraken
1749340800,2.35,2.409,2.331,2.362,2.375,3169.27716231,103,kraken
1749427200,2.356,2.476,2.275,2.476,2.346,10627.76942621,279,kraken
1749513600,2.457,2.613,2.435,2.573,2.553,8880.95590587,231,kraken
1749600000,2.575,2.586,2.395,2.419,2.497,5405.18389508,162,kraken
1749686400,2.401,2.408,2.211,2.237,2.304,12997.86012615,227,kraken
1749772800,2.204,2.265,2.057,2.265,2.168,19133.05366493,292,kraken
1749859200,2.273,2.275,2.16,2.215,2.246,3216.90962479,61,kraken
1749945600,2.204,2.265,2.181,2.234,2.223,4851.73222033,98,kraken
1750032000,2.258,2.325,2.198,2.198,2.289,5036.58840629,102,kraken
1750118400,2.186,2.242,2.053,2.086,2.138,12039.74645796,165,kraken
1750204800,2.079,2.129,2.034,2.1,2.089,7200.23207542,120,kraken
1750291200,2.141,2.143,2.06,2.09,2.099,9638.4637756,97,kraken
1750377600,2.096,2.111,1.948,1.982,2.024,12388.32255508,181,kraken
1750464000,1.992,1.995,1.871,1.871,1.925,12831.48852969,115,kraken
1750550400,1.919,1.937,1.704,1.799,1.801,15284.56186973,199,kraken
1750636800,1.807,2.01,1.797,1.995,1.855,17917.3378629,173,kraken
1750723200,2.017,2.062,1.97,1.99,2.009,13171.46148757,163,kraken
1750809600,1.971,1.99,1.889,1.906,1.935,17600.0732599,242,kraken
1750896000,1.933,1.97,1.839,1.854,1.862,11962.82153546,128,kraken
1750982400,1.848,1.884,1.811,1.856,1.848,9249.44944565,117,kraken
1751068800,1.866,1.952,1.858,1.947,1.911,7839.31518275,109,kraken
1751155200,1.929,2.052,1.917,2.029,1.965,9977.06923089,139,kraken
1751241600,2.037,2.037,1.929,1.966,1.975,8535.62425782,135,kraken
1751328000,1.953,1.953,1.821,1.842,1.849,4628.993187,88,kraken
1751414400,1.839,2.232,1.816,2.03,1.941,15192.9117781,417,kraken
1751500800,2.019,2.084,1.982,2.016,2.037,8745.8102265,165,kraken
1751587200,2.042,2.126,1.869,1.902,1.981,12357.34425289,202,kraken
1751673600,1.922,1.949,1.922,1.94,1.938,2388.52761249,46,kraken
1751760000,1.945,1.99,1.92,1.96,1.952,6963.2526744,147,kraken
1751846400,1.974,1.977,1.918,1.93,1.958,3839.80542452,51,kraken
1751932800,1.914,1.964,1.909,1.958,1.95,7009.40684433,95,kraken
1752019200,1.952,2.062,1.952,2.06,2.012,10827.40768752,174,kraken
1752105600,2.055,2.238,2.036,2.225,2.12,8398.42742652,182,kraken
1752192000,2.219,2.304,2.164,2.201,2.26,28334.31158892,380,kraken
1752278400,2.193,2.252,2.072,2.15,2.158,5943.13184647,179,kraken
1752364800,2.169,2.573,2.169,2.294,2.33,56262.23675739,1656,kraken
1752451200,2.273,2.937,2.27,2.462,2.616,73329.19332838,1859,kraken
1752537600,2.458,2.706,2.426,2.595,2.551,49512.75592533,1405,kraken
1752624000,2.579,2.645,2.513,2.554,2.565,38854.18835945,612,kraken
1752710400,2.552,2.646,2.483,2.56,2.531,13171.67036138,236,kraken
1752796800,2.556,2.661,2.409,2.452,2.57,31741.010535,471,kraken
1752883200,2.409,2.495,2.388,2.457,2.442,7911.77818619,99,kraken
1752969600,2.447,2.589,2.447,2.576,2.535,13172.86455537,197,kraken
1753056000,2.57,2.889,2.543,2.818,2.743,28585.12291231,546,kraken
1753142400,2.796,2.805,2.603,2.734,2.678,54324.66973392,614,kraken
1753228800,2.711,2.758,2.502,2.574,2.607,15313.21939501,277,kraken
1753315200,2.578,2.613,2.333,2.425,2.448,16842.13833337,243,kraken
1753401600,2.391,2.455,2.326,2.451,2.374,8656.71088157,134,kraken
1753488000,2.441,2.57,2.41,2.541,2.493,6884.27135966,135,kraken
1753574400,2.52,2.599,2.516,2.568,2.557,5028.57367342,101,kraken
1753660800,2.561,2.62,2.434,2.442,2.512,13233.41769639,237,kraken
1753747200,2.469,2.717,2.388,2.488,2.54,20590.97482507,425,kraken
1753833600,2.46,2.535,2.243,2.39,2.396,16567.07869602,270,kraken
1753920000,2.377,2.399,2.2,2.211,2.275,5602.40874121,78,kraken
1754006400,2.198,2.252,2.075,2.118,2.175,10216.53474816,149,kraken
1754092800,2.121,2.136,2.005,2.061,2.067,4695.65533974,59,kraken
1754179200,2.058,2.153,2.058,2.117,2.114,16614.68979301,103,kraken
1754265600,2.119,2.185,2.119,2.181,2.148,10370.31897422,81,kraken
1754352000,2.152,2.165,2.075,2.109,2.109,8882.11026894,49,kraken
1754438400,2.085,2.192,2.07,2.163,2.131,14237.74385326,130,kraken
1754524800,2.157,2.593,2.157,2.394,2.408,63179.58910423,766,kraken
1754611200,2.403,2.9,2.403,2.871,2.662,65927.77546202,1201,kraken
1754697600,2.874,2.9,2.694,2.737,2.757,22988.90081295,409,kraken
1754784000,2.717,2.72,2.593,2.657,2.666,14821.64968784,152,kraken
1754870400,2.636,2.726,2.491,2.521,2.636,74418.79152245,629,kraken
1754956800,2.522,2.733,2.445,2.612,2.66,19111.07739446,377,kraken
1755043200,2.616,2.819,2.616,2.697,2.702,20325.85840338,402,kraken
1755129600,2.716,2.758,2.355,2.479,2.509,25059.6404456,449,kraken
1755216000,2.424,2.47,2.33,2.383,2.388,14321.43571191,238,kraken
1755302400,2.383,2.439,2.382,2.439,2.402,3619.13096103,100,kraken
1755388800,2.445,2.467,2.396,2.416,2.437,4519.11644099,114,kraken
1755475200,2.475,2.535,2.252,2.293,2.368,9029.59016551,202,kraken
1755561600,2.333,2.357,2.211,2.211,2.292,9661.5738256,205,kraken
1755648000,2.232,2.575,1.91,2.303,2.263,15470.779032,258,kraken
1755734400,2.287,2.293,2.211,2.214,2.237,4980.31381385,71,kraken
1755820800,2.212,2.409,2.138,2.402,2.275,12752.23175982,192,kraken
1755907200,2.385,2.475,2.312,2.389,2.386,6102.54823898,105,kraken
1755993600,2.394,2.495,2.334,2.362,2.407,19577.54903943,299,kraken
1756080000,2.36,2.375,2.127,2.151,2.248,11066.39872951,127,kraken
1756166400,2.141,2.264,2.137,2.243,2.204,7209.12431446,184,kraken
1756252800,2.232,2.343,2.212,2.279,2.28,8768.18077758,189,kraken
1756339200,2.283,2.447,2.244,2.394,2.349,24596.67864209,330,kraken
1756425600,2.399,2.454,2.232,2.276,2.366,16481.44848558,303,kraken
1756512000,2.273,2.414,2.249,2.279,2.32,13584.18873736,201,kraken
1756598400,2.276,2.278,2.211,2.211,2.267,1367.53812537,44,kraken
1756684800,2.204,2.238,2.126,2.163,2.159,7783.3425547,123,kraken
1756771200,2.161,2.265,2.161,2.246,2.239,5803.02268821,84,kraken
1756857600,2.251,2.309,2.232,2.283,2.285,20421.93162119,98,kraken
1756944000,2.291,2.293,2.161,2.212,2.211,8334.14793333,77,kraken
1757030400,2.232,2.274,2.204,2.25,2.243,5009.14846909,66,kraken
1757116800,2.242,2.246,2.198,2.205,2.215,6838.46453606,33,kraken
1757203200,2.211,2.233,2.19,2.207,2.211,5622.64783172,207,kraken
1757289600,2.197,2.283,2.193,2.283,2.236,21568.62820271,254,kraken
1757376000,2.279,2.313,2.219,2.254,2.27,10586.00088649,88,kraken
1757462400,2.252,2.392,2.235,2.347,2.308,20256.80977258,134,kraken
1757548800,2.359,2.367,2.267,2.351,2.317,20358.06231,164,kraken
1757635200,2.352,2.461,2.347,2.454,2.404,13905.30752444,133,kraken
1757721600,2.463,2.515,2.414,2.474,2.471,12005.44058475,116,kraken
1757808000,2.475,2.602,2.374,2.374,2.483,13107.76304781,216,kraken
1757894400,2.394,2.402,2.198,2.274,2.283,13285.30557841,134,kraken
1757980800,2.247,2.279,2.192,2.235,2.233,15942.16663469,100,kraken
1758067200,2.234,2.3,2.163,2.293,2.218,18181.86578976,157,kraken
1758153600,2.283,2.409,2.251,2.356,2.327,16035.80888764,207,kraken
1758240000,2.369,2.369,2.218,2.218,2.285,11434.22641738,109,kraken
1758326400,2.226,2.273,2.226,2.248,2.253,6422.90425214,67,kraken
1758412800,2.232,2.25,2.191,2.192,2.227,17927.51251924,109,kraken
1758499200,2.177,2.177,1.871,2.008,2.014,30014.7913833,299,kraken
1758585600,2.008,2.131,1.949,2.072,2.043,8902.45139798,113,kraken
1758672000,2.082,2.164,1.99,2.046,2.051,13946.04126151,149,kraken
1758758400,2.036,2.036,1.846,1.868,1.916,9766.48392161,118,kraken
1758844800,1.899,1.927,1.877,1.923,1.905,20663.14005135,256,kraken
1758931200,1.924,1.929,1.895,1.906,1.909,9429.44691708,96,kraken
1759017600,1.899,1.964,1.859,1.955,1.894,8498.18612656,54,kraken
1759104000,1.969,2.01,1.903,1.936,1.954,15054.05497115,178,kraken
1759190400,1.915,2.015,1.844,1.929,1.888,12185.29516924,179,kraken
1759276800,1.937,2.03,1.907,2.009,1.974,16278.04874484,154,kraken
1759363200,2.014,2.066,1.988,2.056,2.033,6831.66867342,83,kraken
1759449600,2.042,2.102,2.022,2.086,2.048,16575.65153252,121,kraken
1759536000,2.056,2.056,1.966,1.997,1.998,4614.08329399,71,kraken
1759622400,2.0,2.067,1.972,1.975,2.01,6275.63832968,93,kraken
1759708800,1.981,2.057,1.979,2.04,2.046,9600.69198101,50,kraken
1759795200,2.036,2.071,1.952,1.966,2.012,16302.36507322,191,kraken
1759881600,1.963,2.05,1.91,2.022,1.992,13081.77365881,153,kraken
1759968000,2.018,2.06,1.949,2.04,2.003,12516.17761927,163,kraken
1760054400,2.032,2.041,0.683,1.617,1.587,82589.2585814,1290,kraken
1760140800,1.621,1.643,1.5,1.53,1.555,24289.52628045,434,kraken
1760227200,1.529,1.631,1.474,1.602,1.545,22628.56108629,399,kraken
1760313600,1.626,1.85,1.608,1.809,1.756,61289.68712673,532,kraken
1760400000,1.802,1.808,1.615,1.716,1.681,31225.49980541,314,kraken
1760486400,1.706,1.729,1.599,1.609,1.641,45594.05246198,158,kraken
1760572800,1.613,1.649,1.534,1.548,1.583,21422.92884589,142,kraken
1760659200,1.57,1.577,1.325,1.409,1.408,70392.67959296,284,kraken
1760745600,1.41,1.489,1.372,1.457,1.41,18092.21753113,140,kraken
1760832000,1.442,1.509,1.402,1.464,1.479,27895.12233182,114,kraken
1760918400,1.463,1.52,1.443,1.487,1.49,32436.11599326,150,kraken
1761004800,1.481,1.52,1.416,1.418,1.454,23941.12979102,110,kraken
1761091200,1.422,1.428,1.345,1.379,1.4,13838.56013212,100,kraken
1761177600,1.384,1.517,1.384,1.437,1.424,18488.09485504,154,kraken
1761264000,1.439,1.487,1.405,1.487,1.448,27855.52598383,172,kraken
1761350400,1.474,1.507,1.442,1.487,1.466,20382.74043685,170,kraken
1761436800,1.482,1.534,1.474,1.529,1.512,22586.16920476,160,kraken
1761523200,1.535,1.592,1.471,1.481,1.519,39841.38343664,213,kraken
1761609600,1.484,1.593,1.465,1.515,1.516,30410.69035352,239,kraken
1761696000,1.506,1.571,1.483,1.543,1.534,36488.32092947,376,kraken
1761782400,1.542,1.573,1.433,1.459,1.507,35290.44635291,256,kraken
1761868800,1.454,1.494,1.448,1.472,1.469,18686.12585595,194,kraken
1761955200,1.484,1.552,1.472,1.551,1.512,23805.71500856,173,kraken
1762041600,1.537,1.555,1.493,1.51,1.529,11935.48219201,111,kraken
1762128000,1.537,1.548,1.326,1.369,1.411,30085.1589292,524,kraken
1762214400,1.366,1.391,1.236,1.328,1.328,41800.71626801,283,kraken
1762300800,1.301,1.386,1.248,1.375,1.346,27096.96159649,167,kraken
1762387200,1.366,1.376,1.318,1.336,1.358,23541.53279325,155,kraken
1762473600,1.345,1.508,1.33,1.476,1.38,63362.61783852,426,kraken
1762560000,1.485,1.501,1.429,1.46,1.462,60063.69750983,199,kraken
1762646400,1.448,1.505,1.417,1.475,1.459,22954.37855317,155,kraken
1762732800,1.504,1.537,1.477,1.5,1.501,11195.24442261,127,kraken
1762819200,1.494,1.52,1.382,1.382,1.457,27341.06907903,348,kraken
1762905600,1.389,1.436,1.354,1.371,1.394,22174.95159033,174,kraken
1762992000,1.377,1.4,1.325,1.336,1.355,258489.87517083,632,kraken
1763078400,1.328,1.347,1.253,1.283,1.287,44259.22435293,388,kraken
1763164800,1.282,1.329,1.282,1.299,1.312,12025.39514593,180,kraken
1763251200,1.288,1.325,1.23,1.252,1.263,23726.49048644,209,kraken
1763337600,1.251,1.274,1.196,1.208,1.217,24571.72705429,236,kraken
1763424000,1.203,1.242,1.196,1.219,1.214,18786.71053189,176,kraken
1763510400,1.212,1.213,1.123,1.171,1.166,30873.96209571,206,kraken
1763596800,1.173,1.191,1.12,1.132,1.151,4744.93260441,68,kraken
1763683200,1.137,1.147,1.016,1.115,1.098,168489.5790136,762,kraken
1763769600,1.113,1.145,1.06,1.077,1.071,47543.20844874,227,kraken
1763856000,1.09,1.1,1.071,1.08,1.083,5219.41954506,79,kraken
1763942400,1.087,1.125,1.06,1.116,1.071,44266.49446586,253,kraken
1764028800,1.122,1.122,1.069,1.095,1.086,11168.92822101,232,kraken
1764115200,1.093,1.192,1.053,1.099,1.078,24095.78532972,263,kraken
1764201600,1.101,2.084,1.091,1.421,1.57,329522.56469364,5213,kraken
1764288000,1.405,1.579,1.234,1.342,1.37,104206.07365443,1198,kraken
1764374400,1.358,1.658,1.257,1.415,1.466,105409.04647961,1442,kraken
1764460800,1.415,1.478,1.291,1.297,1.353,65381.27585013,951,kraken
1764547200,1.299,1.299,1.16,1.266,1.223,35179.05653343,430,kraken
1764633600,1.263,1.431,1.247,1.313,1.336,93329.14208988,1113,kraken
1764720000,1.311,1.355,1.292,1.324,1.319,30530.61670884,335,kraken
1764806400,1.324,1.412,1.118,1.401,1.316,68558.68079644,715,kraken
1764892800,1.395,1.395,1.262,1.299,1.324,24442.19995887,183,kraken
1764979200,1.29,1.446,1.267,1.312,1.336,49074.20021846,518,kraken
1765065600,1.3,1.342,1.253,1.271,1.29,11585.3187944,139,kraken
1765152000,1.259,1.303,1.258,1.275,1.277,23366.31456868,87,kraken
1765238400,1.265,1.31,1.254,1.286,1.278,8371.85933985,95,kraken
1765324800,1.284,1.287,1.248,1.25,1.27,4599.22710079,59,kraken
1765411200,1.239,1.239,1.152,1.174,1.18,17141.67939889,136,kraken
1765497600,1.179,1.257,1.125,1.145,1.184,30220.997242,287,kraken
1765584000,1.142,1.159,1.131,1.151,1.147,12397.25209542,73,kraken
1765670400,1.142,1.142,1.074,1.074,1.108,22716.11467968,140,kraken
1765756800,1.079,1.093,1.007,1.057,1.049,67720.33183399,296,kraken
1765843200,1.054,1.22,1.047,1.095,1.111,105101.90309359,651,kraken
1765929600,1.088,1.18,1.067,1.109,1.107,87278.36891289,465,kraken
1766016000,1.112,1.123,0.794,1.045,1.065,59234.04589275,352,kraken
1766102400,1.057,1.1,1.034,1.09,1.074,9388.42958142,74,kraken
1766188800,1.089,1.098,1.071,1.08,1.083,4733.49162054,44,kraken
1766275200,1.083,1.123,1.05,1.086,1.073,40529.9288426,314,kraken
1766361600,1.105,1.266,1.077,1.132,1.172,113925.3531705,648,kraken
1766448000,1.148,1.197,1.1,1.133,1.133,43804.68922324,308,kraken
1766534400,1.15,1.15,1.094,1.12,1.117,14748.2700464,193,kraken
1766620800,1.108,1.141,1.105,1.105,1.127,5531.679301,71,kraken
1766707200,1.097,1.136,1.093,1.11,1.116,18972.20154497,202,kraken
1766793600,1.11,1.141,1.098,1.136,1.119,10918.64127354,98,kraken
1766880000,1.134,1.134,1.111,1.126,1.121,13872.92346186,101,kraken
1766966400,1.13,1.144,1.1,1.104,1.115,8511.14664653,74,kraken
1767052800,1.103,1.105,1.078,1.098,1.092,19868.56425221,188,kraken
1767139200,1.098,1.115,1.059,1.059,1.09,15829.99637521,110,kraken
1767225600,1.072,1.101,1.066,1.101,1.081,3126.18786048,35,kraken
1767312000,1.098,1.125,1.087,1.124,1.099,37983.843593,271,kraken
1767398400,1.122,1.129,1.1,1.119,1.113,5117.90329787,49,kraken
1767484800,1.126,1.167,1.123,1.158,1.151,20990.36852229,141,kraken
1767571200,1.157,1.357,1.157,1.234,1.258,88966.3646226,706,kraken
1767657600,1.231,1.236,1.195,1.217,1.214,38915.10293592,317,kraken
1767744000,1.207,1.225,1.175,1.198,1.192,29116.6644518,204,kraken
1767830400,1.189,1.219,1.167,1.194,1.184,30176.41868813,162,kraken
1767916800,1.193,1.225,1.174,1.18,1.191,24902.9242326,243,kraken
1768003200,1.176,1.184,1.172,1.172,1.175,10566.32137531,77,kraken
1768089600,1.169,1.184,1.163,1.167,1.172,14827.52596839,105,kraken
1768176000,1.181,1.191,1.141,1.154,1.162,37517.01256689,256,kraken
1768262400,1.173,1.232,1.148,1.218,1.189,44347.74754355,340,kraken
1768348800,1.225,1.238,1.202,1.21,1.219,22981.73166501,156,kraken
1768435200,1.207,1.207,1.129,1.15,1.169,94041.5045901,258,kraken
1768521600,1.152,1.177,1.123,1.177,1.153,45577.6738799,139,kraken
1768608000,1.169,1.178,1.154,1.16,1.164,7878.52625638,58,kraken
1768694400,1.162,1.194,1.13,1.13,1.168,26068.6435949,170,kraken
1768780800,1.105,1.105,1.026,1.097,1.083,54558.30812686,291,kraken
1768867200,1.093,1.099,1.038,1.043,1.06,61072.81420834,342,kraken
1768953600,1.042,1.087,1.042,1.071,1.064,40885.38615724,264,kraken
1769040000,1.075,1.078,1.047,1.057,1.06,26027.89319968,149,kraken
1769126400,1.063,1.075,1.036,1.05,1.06,30594.28770328,151,kraken
1769212800,1.053,1.067,1.046,1.061,1.059,14714.73128348,99,kraken
1769299200,1.065,1.162,1.013,1.035,1.089,74254.12046669,435,kraken
1769385600,1.035,1.121,1.024,1.08,1.056,33249.97169891,173,kraken
1769472000,1.069,1.072,1.044,1.072,1.059,6363.65902406,23,kraken
1769558400,1.064,1.109,1.064,1.074,1.086,33744.36754252,144,kraken
1769644800,1.074,1.074,0.992,1.015,1.023,26517.11717763,127,kraken
1769731200,1.014,1.014,0.973,0.993,0.985,18701.75207555,122,kraken
1769817600,0.991,0.994,0.816,0.887,0.904,39985.45579282,234,kraken
1769904000,0.894,0.919,0.857,0.867,0.885,42651.93710202,272,kraken
1769990400,0.864,0.911,0.844,0.901,0.882,41695.03980702,264,kraken
1770076800,0.905,0.908,0.848,0.879,0.888,40458.82350474,234,kraken
1770163200,0.878,0.896,0.835,0.863,0.869,36595.65548551,222,kraken
1770249600,0.863,0.886,0.723,0.723,0.8,70203.31133309,270,kraken
1770336000,0.723,0.809,0.654,0.798,0.735,34028.80179404,184,kraken
1770422400,0.797,0.806,0.769,0.806,0.782,31734.04023075,167,kraken
1770508800,0.807,0.807,0.774,0.778,0.79,6111.55479088,36,kraken
1770595200,0.776,0.783,0.752,0.777,0.767,11182.59900744,67,kraken
1770681600,0.772,0.774,0.747,0.754,0.757,31263.98600841,189,kraken
1770768000,0.758,0.766,0.726,0.739,0.741,45394.58234568,227,kraken
1770854400,0.739,0.779,0.734,0.748,0.746,11934.73662807,99,kraken
1770940800,0.752,0.792,0.735,0.792,0.766,19540.24261335,112,kraken
1771027200,0.786,0.831,0.785,0.824,0.812,7350.98431258,79,kraken
1771113600,0.824,0.828,0.774,0.778,0.799,25061.23090028,130,kraken
1771200000,0.787,0.821,0.778,0.797,0.79,40444.12917139,191,kraken
1771286400,0.815,1.672,0.801,1.255,1.181,312735.58741315,3941,kraken
1771372800,1.261,1.5,1.165,1.35,1.303,152941.27106506,1909,kraken
1771459200,1.343,1.749,1.103,1.275,1.296,162804.57179967,1531,kraken
1771545600,1.272,1.308,1.112,1.165,1.177,42642.58765024,563,kraken
1771632000,1.155,1.155,1.069,1.069,1.097,26189.00725801,369,kraken
1771718400,1.08,1.157,0.998,1.011,1.057,22303.86966747,290,kraken
1771804800,1.008,1.013,0.939,0.966,0.951,75845.93302418,494,kraken
1771891200,0.956,1.031,0.907,0.915,0.947,45827.56558714,452,kraken
1771977600,0.913,1.036,0.891,0.955,0.952,107961.70732609,779,kraken
1772064000,0.955,0.959,0.884,0.903,0.905,47168.0439087,366,kraken
1772150400,0.903,0.916,0.878,0.891,0.901,30709.7798963,322,kraken
1772236800,0.885,0.912,0.845,0.906,0.878,43505.43020323,460,kraken
1772323200,0.903,0.915,0.857,0.87,0.883,20809.60937506,166,kraken
1772409600,0.878,0.898,0.857,0.869,0.868,20674.66287716,166,kraken
1772496000,0.868,0.889,0.837,0.867,0.858,38955.16114449,357,kraken
1772582400,0.863,0.925,0.854,0.892,0.895,23233.42389803,179,kraken
1772668800,0.898,1.177,0.891,1.034,1.04,185084.81726438,1091,kraken
1772755200,1.057,1.121,0.925,0.935,0.973,61831.20293387,374,kraken
1772841600,0.929,0.929,0.891,0.893,0.91,29974.24656388,247,kraken
1772928000,0.896,0.908,0.872,0.882,0.886,19153.69237898,151,kraken
1773014400,0.883,0.966,0.883,0.918,0.921,42372.34887962,226,kraken
1773100800,0.92,0.959,0.92,0.945,0.943,15939.13813006,104,kraken
1773187200,0.938,0.938,0.906,0.935,0.922,20072.3061796,82,kraken
1773273600,0.933,1.006,0.916,0.938,0.963,77309.80087094,145,kraken
1773360000,0.943,0.965,0.938,0.938,0.949,18460.50034567,101,kraken
1773446400,0.936,0.948,0.919,0.939,0.935,16289.77292413,67,kraken
1773532800,0.937,0.967,0.933,0.963,0.951,16804.82993015,87,kraken
1773619200,0.958,0.986,0.948,0.984,0.966,32535.90959197,110,kraken
1773705600,0.982,1.006,0.96,0.991,0.985,39675.39054854,117,kraken
1773792000,0.99,0.993,0.933,0.941,0.956,16385.86099936,95,kraken
1773878400,0.953,1.038,0.904,0.928,0.971,33474.83943,216,kraken
1773964800,0.924,0.948,0.912,0.942,0.931,7561.78335964,33,kraken
1774051200,0.936,0.942,0.912,0.912,0.929,15974.16682232,41,kraken
1774137600,0.907,0.931,0.891,0.904,0.914,14487.84786444,81,kraken
1774224000,0.904,0.955,0.888,0.942,0.934,58758.74063275,95,kraken
1774310400,0.933,0.94,0.917,0.933,0.932,14754.17455359,55,kraken
1774396800,0.94,0.948,0.935,0.948,0.941,4386.82445508,25,kraken
1774483200,0.946,0.946,0.893,0.9,0.902,13436.86570858,61,kraken
1774569600,0.899,0.901,0.853,0.853,0.885,17674.6335082,71,kraken
1774656000,0.847,0.868,0.838,0.84,0.851,7927.89019662,27,kraken
1774742400,0.841,0.851,0.812,0.827,0.84,12276.20345057,52,kraken
1774828800,0.84,0.862,0.836,0.836,0.851,7664.7542093,39,kraken
1774915200,0.839,0.901,0.835,0.901,0.865,30533.99018319,132,kraken
1775001600,0.876,0.907,0.872,0.878,0.889,15735.53315817,84,kraken
1775088000,0.864,0.871,0.806,0.835,0.834,12593.40958326,72,kraken
1775174400,0.84,0.853,0.824,0.824,0.833,14090.85079198,71,kraken
1775260800,0.823,0.834,0.822,0.826,0.83,1903.10716533,11,kraken
1775347200,0.824,0.829,0.799,0.829,0.812,9195.97095387,54,kraken
1775433600,0.836,0.869,0.826,0.842,0.849,38396.94404103,113,kraken
1775520000,0.845,0.977,0.833,0.912,0.881,101549.77980485,641,kraken
1775606400,0.903,0.91,0.881,0.882,0.896,43395.21974829,121,kraken
1775692800,0.88,0.906,0.88,0.895,0.891,14011.53034975,50,kraken
1775779200,0.908,0.924,0.894,0.918,0.91,20767.08819933,58,kraken
1775865600,0.906,0.915,0.898,0.906,0.906,14905.99755226,42,kraken
1775952000,0.905,0.913,0.867,0.867,0.887,12534.11446452,37,kraken
1776038400,0.867,0.911,0.866,0.911,0.878,7535.01538785,33,kraken
1776124800,0.909,0.909,0.879,0.881,0.895,8706.54680686,37,kraken
1776211200,0.884,0.902,0.882,0.902,0.889,4978.41435525,40,kraken
1776297600,0.903,0.947,0.903,0.937,0.917,13422.96206116,57,kraken
1776384000,0.937,0.963,0.928,0.956,0.95,27313.74117499,87,kraken
1776470400,0.951,0.96,0.911,0.916,0.93,12770.86204789,55,kraken
1776556800,0.912,0.919,0.882,0.882,0.903,26548.44587396,74,kraken
1776643200,0.887,0.921,0.887,0.921,0.903,16444.26784599,42,kraken
1776729600,0.911,0.921,0.908,0.918,0.913,8807.17672592,38,kraken
1776816000,0.93,0.954,0.927,0.944,0.937,8897.58591142,53,kraken
1776902400,0.929,0.934,0.915,0.927,0.922,12355.13966731,64,kraken
1776988800,0.928,0.943,0.923,0.943,0.93,15019.37676051,67,kraken
1777075200,0.954,1.36,0.946,1.107,1.184,657907.15711774,1635,kraken
1777161600,1.134,2.119,1.134,1.342,1.641,1943751.92659043,6478,kraken
1777248000,1.352,2.082,1.179,1.533,1.578,1142843.80418682,5002,kraken
1777334400,1.537,1.88,1.432,1.624,1.626,582049.55456873,3166,kraken
1777420800,1.639,1.765,1.527,1.625,1.622,214892.32647639,1208,kraken
1777507200,1.653,2.155,1.482,2.14,1.719,192976.97394941,1362,kraken
1777593600,2.146,2.288,1.872,1.99,1.983,410732.76694789,3009,kraken
1777680000,2.008,2.414,1.91,2.084,2.122,274983.54060955,2138,kraken
1777766400,2.095,2.169,2.005,2.005,2.088,97545.39837943,658,kraken
1777852800,2.013,2.057,1.801,1.806,1.922,188535.53492099,1264,kraken
1777939200,1.809,1.809,1.64,1.677,1.699,88788.06011561,630,kraken
1778025600,1.672,1.672,1.492,1.512,1.549,186152.60907009,768,kraken
1778112000,1.504,1.831,1.472,1.56,1.602,311620.77193283,1437,kraken
1778198400,1.548,1.639,1.548,1.622,1.598,81787.50680773,722,kraken
1778284800,1.623,1.869,1.574,1.744,1.677,137556.84732456,1318,kraken
1778371200,1.727,1.746,1.63,1.653,1.674,24724.04024778,187,kraken
1778457600,1.657,1.748,1.612,1.668,1.667,71156.58414663,344,kraken
1778544000,1.666,1.666,1.539,1.569,1.593,17498.973557,178,kraken
1778630400,1.568,1.597,1.464,1.477,1.526,12387.16107618,119,kraken
1778716800,1.485,1.504,1.447,1.447,1.465,7565.57878271,97,kraken
1778803200,1.452,1.48,1.377,1.47,1.449,16832.52973571,152,kraken
1778889600,1.463,1.701,1.441,1.486,1.526,122597.96128522,1333,kraken
1778976000,1.487,1.588,1.456,1.478,1.522,73108.22510923,625,kraken
1779062400,1.468,1.501,1.408,1.436,1.44,40672.89066107,706,kraken
1779148800,1.441,1.444,1.359,1.378,1.382,37140.18596043,178,kraken
1779235200,1.391,1.479,1.35,1.436,1.429,44854.64985665,289,kraken
1779321600,1.436,1.469,1.388,1.462,1.428,21392.56293622,211,kraken
1779408000,1.461,1.466,1.387,1.387,1.431,51012.4922702,327,kraken
1779494400,1.393,1.465,1.379,1.452,1.432,24056.49045678,229,kraken
1779580800,1.446,1.465,1.416,1.435,1.439,9660.51984956,134,kraken
1779667200,1.433,1.492,1.42,1.423,1.453,25238.40266909,130,kraken
1779753600,1.424,1.424,1.328,1.344,1.369,33909.15570015,293,kraken
1779840000,1.357,1.374,1.271,1.271,1.295,28008.26164106,187,kraken
1779926400,1.268,1.291,1.225,1.279,1.265,14018.6249374,130,kraken
1780012800,1.26,1.305,1.25,1.277,1.282,12259.83385007,107,kraken
1780099200,1.28,1.42,1.256,1.258,1.328,35358.59529202,357,kraken
1780185600,1.255,1.265,1.219,1.234,1.247,6113.06335412,114,kraken
1780272000,1.235,1.268,1.233,1.256,1.246,18632.8103549,83,kraken
1780358400,1.258,1.258,1.145,1.158,1.201,17539.06456649,146,kraken
1780444800,1.168,1.178,1.124,1.14,1.146,11519.65223898,86,kraken
1780531200,1.142,1.15,1.077,1.108,1.128,19415.41363893,112,kraken
1780617600,1.107,1.107,0.995,1.019,1.045,39267.35092468,212,kraken
1780704000,1.027,1.049,0.967,1.005,1.016,30863.53427121,143,kraken
1780790400,1.009,1.058,1.004,1.035,1.034,16688.11788203,113,kraken
1780876800,1.043,1.08,1.023,1.043,1.056,14682.68588074,118,kraken
1780963200,1.029,1.036,0.983,1.011,1.008,26954.53588076,86,kraken
1781049600,1.0,1.008,0.951,0.963,0.982,26131.0122815,191,kraken
1781136000,0.972,1.037,0.972,1.027,1.007,20375.13285614,170,kraken
1781222400,1.029,1.41,1.013,1.234,1.238,235411.75155106,1658,kraken
1781308800,1.248,1.252,1.136,1.153,1.172,96225.7344218,653,kraken
1781395200,1.154,1.158,1.088,1.143,1.125,36835.63015049,571,kraken
1781481600,1.151,1.189,1.124,1.134,1.153,33686.46556723,243,kraken
1781568000,1.141,1.273,1.123,1.145,1.179,59935.94149376,357,kraken
1781654400,1.145,1.273,1.145,1.232,1.228,99894.48876043,583,kraken
1781740800,1.235,1.281,1.185,1.238,1.233,60098.64372887,451,kraken
1781827200,1.233,1.234,1.195,1.208,1.211,22819.14570213,174,kraken
1781913600,1.21,1.242,1.179,1.236,1.213,58484.2826946,348,kraken
1782000000,1.229,1.263,1.191,1.191,1.231,21354.16889035,204,kraken
1782086400,1.203,1.278,1.19,1.208,1.224,39490.49343075,249,kraken
1782172800,1.209,1.249,1.131,1.151,1.208,26135.67348892,251,kraken
1782259200,1.144,1.155,1.07,1.122,1.102,14416.78107261,151,kraken
1782345600,1.125,1.144,1.057,1.109,1.103,19339.52984686,116,kraken
1782432000,1.112,1.192,1.077,1.181,1.136,37432.64579285,178,kraken
1782518400,1.188,1.206,1.163,1.169,1.185,21857.51896272,126,kraken
1782604800,1.165,1.178,1.154,1.164,1.166,18268.4245654,199,kraken
1782691200,1.16,1.321,1.156,1.216,1.236,79277.13159176,370,kraken
1782777600,1.217,1.219,1.159,1.175,1.194,24794.71177101,217,kraken
1782864000,1.169,1.212,1.146,1.196,1.183,16624.53543204,129,kraken
1782950400,1.197,1.232,1.182,1.224,1.217,20455.70206825,131,kraken
1783036800,1.221,1.257,1.208,1.256,1.229,25603.48583066,144,kraken
1783123200,1.239,1.273,1.23,1.235,1.246,8229.99161774,91,kraken
1783209600,1.236,1.286,1.216,1.258,1.236,17755.77610749,98,kraken
1783296000,1.259,1.267,1.206,1.244,1.23,33542.51942977,141,kraken
1783382400,1.245,1.316,1.223,1.254,1.269,54246.79669294,323,kraken
1783468800,1.252,1.256,1.185,1.207,1.213,34380.54094974,220,kraken
1783555200,1.205,1.22,1.18,1.211,1.202,24125.4079648,155,kraken
1783641600,1.208,1.224,1.191,1.194,1.203,16823.15451448,104,kraken
1783728000,1.184,1.198,1.166,1.17,1.181,10316.63691531,52,kraken
1783814400,1.163,1.169,1.147,1.162,1.161,12456.01931265,64,kraken
1783900800,1.173,1.179,1.124,1.131,1.145,21998.75502081,101,kraken
1783987200,1.139,1.184,1.122,1.179,1.152,12891.92682885,122,kraken
1784073600,1.181,1.234,1.18,1.206,1.214,37522.92229528,188,kraken
1784160000,1.203,1.227,1.184,1.186,1.202,24845.56404542,187,kraken
1784246400,1.187,1.19,1.147,1.17,1.171,14843.87057384,84,kraken
1784332800,1.171,1.185,1.159,1.18,1.169,11012.14308703,53,kraken
1784419200,1.189,1.224,1.172,1.206,1.19,12873.70323338,78,kraken
1784505600,1.202,1.202,1.169,1.187,1.184,10828.65221557,49,kraken
1784592000,1.201,1.202,1.176,1.195,1.188,15928.10369349,56,kraken
1784678400,1.198,1.198,1.166,1.18,1.177,7151.5470648,46,kraken
1784764800,1.186,1.215,1.175,1.199,1.197,44472.58243738,126,kraken
1784851200,1.203,1.203,1.161,1.17,1.178,7557.9702819,57,kraken
1784937600,1.175,1.193,1.173,1.185,1.183,37368.25028235,91,kraken
1785024000,1.183,1.198,1.18,1.197,1.188,8933.46488165,64,kraken
1785110400,1.195,1.201,1.168,1.168,1.186,12160.58626322,63,kraken
1785196800,1.168,1.171,1.134,1.159,1.153,8901.13687197,65,kraken
1785283200,1.164,1.164,1.118,1.133,1.144,19599.78289989,86,kraken
1785369600,1.136,1.169,1.136,1.167,1.162,33730.2787529,102,kraken
1785456000,1.159,1.159,1.113,1.116,1.127,9676.11091277,86,kraken
1785542400,1.114,1.128,1.086,1.1,1.11,6456.62893811,44,kraken
1785628800,1.1,1.112,1.092,1.092,1.1,5780.60330275,59,kraken
1785715200,1.092,1.093,1.07,1.082,1.083,6328.87171351,57,kraken
1785801600,1.075,1.086,1.071,1.085,1.076,11118.38590956,47,kraken
1785888000,1.093,1.096,1.079,1.08,1.086,25418.30119037,61,kraken
1785974400,1.085,1.087,1.076,1.077,1.08,23813.52612396,48,kraken
1786060800,1.08,1.085,1.062,1.067,1.076,11187.87536587,62,kraken
1786147200,1.066,1.171,1.065,1.093,1.107,28052.26970591,177,kraken
1786233600,1.084,1.084,1.055,1.055,1.074,11442.84872068,84,kraken
1786320000,1.063,1.07,1.059,1.061,1.064,5866.63838164,44,kraken
1786406400,1.058,1.061,1.033,1.047,1.048,17355.81142797,128,kraken
1786492800,1.047,1.048,1.023,1.023,1.043,9125.39898652,53,kraken
1786579200,1.028,1.045,1.028,1.039,1.04,23983.84347268,65,kraken
1786665600,1.033,1.037,1.009,1.02,1.021,43226.07010699,101,kraken
1786752000,1.022,1.067,1.019,1.041,1.046,17675.77708089,212,kraken
1786838400,1.036,1.043,1.011,1.021,1.029,8100.31271372,70,kraken
1786924800,1.022,1.076,1.022,1.075,1.061,36522.08140435,145,kraken
1787011200,1.075,1.075,1.043,1.052,1.055,4313.91562084,57,kraken
1787097600,1.051,1.12,1.045,1.107,1.088,31403.75989056,96,kraken
1787184000,1.111,1.16,1.103,1.148,1.135,25948.4998955,186,kraken
1787270400,1.155,1.268,1.154,1.259,1.223,68935.04929004,414,kraken
1787356800,1.258,1.338,1.152,1.235,1.255,50319.98420055,836,kraken
1787443200,1.234,1.304,1.188,1.285,1.254,37527.97659718,544,kraken
1787529600,1.279,1.305,1.243,1.305,1.27,35403.10076174,515,kraken
1787616000,1.305,1.335,1.223,1.25,1.29,37599.2596893,394,kraken
1787702400,1.251,1.295,1.21,1.295,1.243,18864.46639079,146,kraken
1787788800,1.285,1.325,1.251,1.299,1.288,30493.31856016,288,kraken
1787875200,1.293,1.303,1.245,1.267,1.271,31204.18732471,173,kraken
1787961600,1.27,1.305,1.255,1.288,1.293,23548.665516,139,kraken
1788048000,1.282,1.479,1.268,1.288,1.345,57841.47865543,466,kraken
1788134400,1.285,1.29,1.254,1.261,1.272,13904.40122647,126,kraken
1788220800,1.268,1.272,1.198,1.214,1.223,47921.29097593,212,kraken
1788307200,1.213,1.251,1.197,1.243,1.225,31157.26304057,464,kraken
1788393600,1.242,1.296,1.238,1.262,1.269,30429.1952248,309,kraken
1788480000,1.262,1.283,1.24,1.261,1.258,16286.74942875,218,kraken
1788566400,1.256,1.288,1.256,1.285,1.278,33674.48302646,223,kraken
1788652800,1.287,1.51,1.287,1.41,1.407,153433.37839067,1598,kraken
1788739200,1.413,1.721,1.413,1.543,1.579,165375.8060036,2305,kraken
1788825600,1.531,1.576,1.382,1.42,1.448,46446.22688532,1005,kraken
1788912000,1.423,1.51,1.4,1.456,1.454,43606.42743682,841,kraken
1788998400,1.449,1.458,1.365,1.403,1.401,36932.11425122,645,kraken
1789084800,1.404,1.489,1.395,1.463,1.442,35225.2369202,381,kraken
1789171200,1.463,1.508,1.423,1.423,1.47,13605.6304939,208,kraken
1789257600,1.42,1.42,1.325,1.325,1.368,17721.62182377,175,kraken
1789344000,1.326,1.384,1.316,1.365,1.355,23979.44435285,172,kraken
1789430400,1.359,1.408,1.3,1.312,1.343,18136.35747916,264,kraken
1789516800,1.32,1.322,1.282,1.315,1.305,21611.58658214,161,kraken
1789603200,1.316,1.391,1.314,1.387,1.36,18253.26133336,248,kraken
1789689600,1.386,1.48,1.375,1.468,1.442,61854.21212831,582,kraken
1789776000,1.472,1.478,1.426,1.448,1.448,24425.80822281,268,kraken
1789862400,1.45,1.477,1.394,1.436,1.422,26009.54533575,184,kraken
1789948800,1.439,1.52,1.431,1.512,1.489,42484.9119858,475,kraken
1790035200,1.511,1.531,1.475,1.529,1.501,29032.98530202,259,kraken
1790121600,1.529,1.591,1.502,1.533,1.546,62291.85657562,811,kraken
1790208000,1.533,1.602,1.508,1.578,1.553,33374.98113009,276,kraken
1790294400,1.577,1.675,1.567,1.67,1.633,27746.86671864,396,kraken
1790380800,1.671,1.671,1.619,1.648,1.643,24319.87372773,137,kraken
1790467200,1.639,1.859,1.621,1.807,1.756,157869.4403628,1330,kraken
1790553600,1.807,1.808,1.642,1.7,1.713,118623.65171313,635,kraken
1790640000,1.697,1.704,1.586,1.61,1.637,39369.63881161,543,kraken
1790726400,1.603,1.657,1.562,1.649,1.628,80319.93264331,313,kraken
1790812800,1.653,1.733,1.621,1.705,1.669,41448.77993548,525,kraken
1790899200,1.715,1.752,1.669,1.749,1.729,43280.53110297,397,kraken
1790985600,1.756,1.805,1.739,1.804,1.77,32572.86005622,456,kraken
1791072000,1.802,2.118,1.784,2.01,1.963,120898.68332831,800,kraken
1791158400,2.007,2.446,1.955,2.415,2.158,232406.50582467,3279,kraken
1791244800,2.42,3.319,2.285,3.197,2.773,551105.60020441,7060,kraken
1791331200,3.186,3.328,2.683,2.857,2.911,263290.91638701,4490,kraken
