time,open,high,low,close,vwap,volume,count,source
1633651200,2.292e-05,2.95e-05,2.057e-05,2.727e-05,2.578e-05,53103264344107.0,0,coinbase
1633737600,2.729e-05,3e-05,2.415e-05,2.671e-05,2.6953333333333335e-05,27664393028438.0,0,coinbase
1633824000,2.671e-05,2.782e-05,2.51e-05,2.616e-05,2.6360000000000002e-05,16808821854373.0,0,coinbase
1633910400,2.616e-05,3.212e-05,2.584e-05,3.066e-05,2.9540000000000002e-05,30099294306360.0,0,coinbase
1633996800,3.066e-05,3.156e-05,2.73e-05,2.906e-05,2.9306666666666665e-05,21754529450821.0,0,coinbase
1634083200,2.906e-05,3.07e-05,2.77e-05,2.91e-05,2.9166666666666666e-05,13679412443629.0,0,coinbase
1634169600,2.91e-05,2.984e-05,2.59e-05,2.742e-05,2.772e-05,13720215083487.0,0,coinbase
1634256000,2.742e-05,2.766e-05,2.333e-05,2.526e-05,2.5416666666666667e-05,26002337404652.0,0,coinbase
1634342400,2.526e-05,2.659e-05,2.47e-05,2.572e-05,2.5670000000000003e-05,10719570393974.0,0,coinbase
1634428800,2.572e-05,2.9e-05,2.376e-05,2.775e-05,2.6836666666666667e-05,11829673573895.0,0,coinbase
1634515200,2.775e-05,2.958e-05,2.639e-05,2.867e-05,2.8213333333333333e-05,16249399760002.0,0,coinbase
1634601600,2.867e-05,2.918e-05,2.751e-05,2.803e-05,2.824e-05,7571952235394.0,0,coinbase
1634688000,2.803e-05,2.957e-05,2.693e-05,2.925e-05,2.858333333333333e-05,8198644533326.0,0,coinbase
1634774400,2.923e-05,2.925e-05,2.703e-05,2.747e-05,2.7916666666666666e-05,7657666352124.0,0,coinbase
1634860800,2.747e-05,2.847e-05,2.7e-05,2.794e-05,2.780333333333333e-05,6142751018213.0,0,coinbase
1634947200,2.794e-05,3.458e-05,2.762e-05,3.388e-05,3.202666666666666e-05,18655823025905.0,0,coinbase
1635033600,3.389e-05,4.559e-05,3.201e-05,3.607e-05,3.789e-05,55155530960840.0,0,coinbase
1635120000,3.607e-05,4.364e-05,3.505e-05,4.23e-05,4.0329999999999995e-05,24909275657356.0,0,coinbase
1635206400,4.23e-05,4.98e-05,4.043e-05,4.798e-05,4.607e-05,31634150643615.0,0,coinbase
1635292800,4.798e-05,8.8e-05,4.689e-05,8.108e-05,7.199000000000001e-05,63986226059498.0,0,coinbase
1635379200,8.111e-05,8.894e-05,5.52e-05,6.89e-05,7.101333333333334e-05,54279096950369.0,0,coinbase
1635465600,6.88e-05,7.79e-05,6.03e-05,7.48e-05,7.1e-05,25003307291426.0,0,coinbase
1635552000,7.48e-05,7.8e-05,6.13e-05,6.54e-05,6.823333333333333e-05,19701128514147.0,0,coinbase
1635638400,6.53e-05,6.97e-05,5.81e-05,6.71e-05,6.496666666666667e-05,19427322096478.0,0,coinbase
1635724800,6.71e-05,7.5e-05,6.57e-05,7.16e-05,7.076666666666667e-05,16742641275069.0,0,coinbase
1635811200,7.16e-05,7.31e-05,6.62e-05,6.92e-05,6.95e-05,13270230140594.0,0,coinbase
1635897600,6.91e-05,6.92e-05,4.87e-05,5.39e-05,5.7266666666666665e-05,22994461532299.0,0,coinbase
1635984000,5.4e-05,6.1e-05,4.13e-05,4.93e-05,5.053333333333333e-05,34127901849374.0,0,coinbase
1636070400,4.93e-05,6.56e-05,4.41e-05,6.28e-05,5.7499999999999995e-05,26191276647042.0,0,coinbase
1636156800,6.28e-05,6.33e-05,5.5e-05,5.87e-05,5.9e-05,12510738338693.0,0,coinbase
1636243200,5.86e-05,5.98e-05,5.59e-05,5.69e-05,5.7533333333333334e-05,5927196512739.0,0,coinbase
1636329600,5.7e-05,5.9e-05,5.25e-05,5.52e-05,5.5566666666666664e-05,10036363072853.0,0,coinbase
1636416000,5.52e-05,5.85e-05,5.34e-05,5.49e-05,5.5599999999999996e-05,7778717640354.0,0,coinbase
1636502400,5.49e-05,5.52e-05,4.59e-05,5.04e-05,5.05e-05,11846225072025.0,0,coinbase
1636588800,5.04e-05,5.8e-05,4.83e-05,5.67e-05,5.433333333333334e-05,11117231977911.0,0,coinbase
1636675200,5.67e-05,5.7e-05,5.13e-05,5.24e-05,5.356666666666667e-05,5613863360481.0,0,coinbase
1636761600,5.24e-05,5.29e-05,5.05e-05,5.17e-05,5.17e-05,3577438226767.0,0,coinbase
1636848000,5.17e-05,5.65e-05,5.15e-05,5.32e-05,5.373333333333333e-05,5228084727063.0,0,coinbase
1636934400,5.32e-05,5.6e-05,5.23e-05,5.35e-05,5.3933333333333334e-05,4482733728227.0,0,coinbase
1637020800,5.35e-05,5.36e-05,4.52e-05,4.83e-05,4.903333333333333e-05,7854994097242.0,0,coinbase
1637107200,4.84e-05,4.99e-05,4.66e-05,4.81e-05,4.82e-05,6420568083170.0,0,coinbase
1637193600,4.81e-05,4.9e-05,4.05e-05,4.26e-05,4.403333333333334e-05,10152495058650.0,0,coinbase
1637280000,4.25e-05,5.29e-05,4.18e-05,4.85e-05,4.773333333333334e-05,10179531593976.0,0,coinbase
1637366400,4.85e-05,5.01e-05,4.56e-05,4.77e-05,4.7799999999999996e-05,5208713311611.0,0,coinbase
1637452800,4.77e-05,4.78e-05,4.34e-05,4.41e-05,4.509999999999999e-05,4188191633463.0,0,coinbase
1637539200,4.41e-05,4.63e-05,4.27e-05,4.32e-05,4.406666666666666e-05,4766512528495.0,0,coinbase
1637625600,4.33e-05,4.46e-05,4.11e-05,4.2e-05,4.256666666666666e-05,4829573187824.0,0,coinbase
1637712000,4.19e-05,4.2e-05,3.56e-05,3.79e-05,3.8499999999999994e-05,11042290641488.0,0,coinbase
1637798400,3.79e-05,4.84e-05,3.76e-05,4.28e-05,4.293333333333333e-05,15030041635416.0,0,coinbase
1637884800,4.28e-05,4.29e-05,3.63e-05,3.87e-05,3.93e-05,8168667019123.0,0,coinbase
1637971200,3.87e-05,4.18e-05,3.82e-05,3.92e-05,3.9733333333333335e-05,5024552740958.0,0,coinbase
1638057600,3.92e-05,3.96e-05,3.62e-05,3.92e-05,3.8333333333333334e-05,4257573827824.0,0,coinbase
1638144000,3.92e-05,4.6e-05,3.83e-05,4.54e-05,4.323333333333334e-05,7716483780113.0,0,coinbase
1638230400,4.54e-05,5.5e-05,4.33e-05,4.75e-05,4.860000000000001e-05,18515148678432.0,0,coinbase
1638316800,4.75e-05,4.88e-05,4.35e-05,4.42e-05,4.5499999999999995e-05,7923103178779.0,0,coinbase
1638403200,4.42e-05,4.42e-05,4.11e-05,4.22e-05,4.25e-05,4870153193260.0,0,coinbase
1638489600,4.23e-05,4.5e-05,3.92e-05,4.05e-05,4.156666666666666e-05,6381672318886.0,0,coinbase
1638576000,4.05e-05,4.05e-05,3.21e-05,3.67e-05,3.6433333333333336e-05,7159659379505.0,0,coinbase
1638662400,3.68e-05,3.83e-05,3.43e-05,3.63e-05,3.63e-05,5057251248414.0,0,coinbase
1638748800,3.63e-05,3.77e-05,3.28e-05,3.69e-05,3.58e-05,5365262593503.0,0,coinbase
1638835200,3.69e-05,3.88e-05,3.56e-05,3.62e-05,3.6866666666666664e-05,4370226058527.0,0,coinbase
1638921600,3.63e-05,3.77e-05,3.56e-05,3.7e-05,3.676666666666667e-05,3612065080475.0,0,coinbase
1639008000,3.69e-05,3.73e-05,3.42e-05,3.47e-05,3.54e-05,3309199434974.0,0,coinbase
1639094400,3.46e-05,3.63e-05,3.33e-05,3.35e-05,3.436666666666667e-05,3170709697609.0,0,coinbase
1639180800,3.35e-05,3.51e-05,3.31e-05,3.45e-05,3.4233333333333336e-05,2358583531816.0,0,coinbase
1639267200,3.45e-05,3.8e-05,3.38e-05,3.66e-05,3.6133333333333335e-05,3957270768222.0,0,coinbase
1639353600,3.67e-05,3.69e-05,3.16e-05,3.29e-05,3.38e-05,4211704756134.0,0,coinbase
1639440000,3.3e-05,3.56e-05,3.24e-05,3.4e-05,3.4e-05,3778532236186.0,0,coinbase
1639526400,3.39e-05,3.44e-05,3.19e-05,3.39e-05,3.3400000000000005e-05,2910706982349.0,0,coinbase
1639612800,3.39e-05,3.47e-05,3.26e-05,3.28e-05,3.336666666666667e-05,2406940067993.0,0,coinbase
1639699200,3.27e-05,3.32e-05,3.03e-05,3.12e-05,3.1566666666666664e-05,3074504646795.0,0,coinbase
1639785600,3.12e-05,3.22e-05,3.08e-05,3.14e-05,3.146666666666666e-05,1926395952384.0,0,coinbase
1639872000,3.15e-05,3.19e-05,3.06e-05,3.07e-05,3.1066666666666665e-05,1975017158369.0,0,coinbase
1639958400,3.08e-05,3.39e-05,2.82e-05,3.13e-05,3.113333333333333e-05,5181324331084.0,0,coinbase
1640044800,3.13e-05,3.35e-05,3.1e-05,3.29e-05,3.2466666666666665e-05,3862015343418.0,0,coinbase
1640131200,3.28e-05,3.79e-05,3.25e-05,3.5e-05,3.513333333333333e-05,6893640566084.0,0,coinbase
1640217600,3.5e-05,3.9e-05,3.43e-05,3.87e-05,3.733333333333333e-05,4601491571215.0,0,coinbase
1640304000,3.87e-05,4e-05,3.57e-05,3.62e-05,3.73e-05,4566320937119.0,0,coinbase
1640390400,3.62e-05,3.84e-05,3.59e-05,3.78e-05,3.736666666666666e-05,2599666336583.0,0,coinbase
1640476800,3.78e-05,3.9e-05,3.66e-05,3.83e-05,3.796666666666667e-05,2792170007785.0,0,coinbase
1640563200,3.83e-05,3.95e-05,3.77e-05,3.91e-05,3.876666666666667e-05,2520296141556.0,0,coinbase
1640649600,3.9e-05,3.91e-05,3.41e-05,3.49e-05,3.603333333333333e-05,6000158411472.0,0,coinbase
1640736000,3.49e-05,3.63e-05,3.3e-05,3.37e-05,3.433333333333334e-05,3378313677504.0,0,coinbase
1640822400,3.36e-05,3.44e-05,3.29e-05,3.38e-05,3.3700000000000006e-05,2632757918824.0,0,coinbase
1640908800,3.38e-05,3.47e-05,3.26e-05,3.34e-05,3.356666666666667e-05,2653383015198.0,0,coinbase
1640995200,3.34e-05,3.42e-05,3.33e-05,3.41e-05,3.3866666666666665e-05,1940334880188.0,0,coinbase
1641081600,3.42e-05,3.45e-05,3.34e-05,3.41e-05,3.4e-05,1461761588817.0,0,coinbase
1641168000,3.41e-05,3.41e-05,3.19e-05,3.31e-05,3.3033333333333334e-05,2263000222328.0,0,coinbase
1641254400,3.3e-05,3.36e-05,3.23e-05,3.25e-05,3.2800000000000004e-05,2165756581886.0,0,coinbase
1641340800,3.25e-05,3.3e-05,2.86e-05,3.04e-05,3.066666666666667e-05,3277025006680.0,0,coinbase
1641427200,3.04e-05,3.19e-05,2.91e-05,3.07e-05,3.0566666666666667e-05,4547827237344.0,0,coinbase
1641513600,3.08e-05,3.09e-05,2.85e-05,2.91e-05,2.95e-05,3754244288365.0,0,coinbase
1641600000,2.9e-05,3e-05,2.64e-05,2.77e-05,2.803333333333333e-05,3497655179303.0,0,coinbase
1641686400,2.78e-05,2.91e-05,2.75e-05,2.83e-05,2.83e-05,2623600311725.0,0,coinbase
1641772800,2.82e-05,2.88e-05,2.55e-05,2.67e-05,2.6999999999999996e-05,3230232687957.0,0,coinbase
1641859200,2.67e-05,2.83e-05,2.63e-05,2.77e-05,2.743333333333333e-05,2416187170337.0,0,coinbase
1641945600,2.77e-05,3.27e-05,2.75e-05,3.14e-05,3.0533333333333335e-05,5350001727187.0,0,coinbase
1642032000,3.14e-05,3.29e-05,2.92e-05,2.96e-05,3.0566666666666667e-05,4679779438818.0,0,coinbase
1642118400,2.97e-05,3.26e-05,2.93e-05,3.07e-05,3.086666666666667e-05,5337807571156.0,0,coinbase
1642204800,3.07e-05,3.16e-05,3.05e-05,3.09e-05,3.1e-05,2171031763469.0,0,coinbase
1642291200,3.09e-05,3.1e-05,3.01e-05,3.05e-05,3.053333333333333e-05,2126685878994.0,0,coinbase
1642377600,3.06e-05,3.06e-05,2.82e-05,2.88e-05,2.92e-05,3149594327926.0,0,coinbase
1642464000,2.89e-05,2.96e-05,2.74e-05,2.81e-05,2.836666666666667e-05,3349574235249.0,0,coinbase
1642550400,2.8e-05,2.83e-05,2.71e-05,2.72e-05,2.7533333333333333e-05,3179710220802.0,0,coinbase
1642636800,2.72e-05,2.89e-05,2.62e-05,2.64e-05,2.716666666666667e-05,3149468493329.0,0,coinbase
1642723200,2.64e-05,2.69e-05,2.16e-05,2.23e-05,2.36e-05,7812747965735.0,0,coinbase
1642809600,2.23e-05,2.26e-05,1.7e-05,2.06e-05,2.0066666666666665e-05,9873890041129.0,0,coinbase
1642896000,2.06e-05,2.37e-05,2.04e-05,2.24e-05,2.216666666666667e-05,12366732090762.0,0,coinbase
1642982400,2.24e-05,2.32e-05,1.86e-05,2.12e-05,2.1e-05,10272547784774.0,0,coinbase
1643068800,2.12e-05,2.17e-05,2.01e-05,2.1e-05,2.093333333333333e-05,5512320379764.0,0,coinbase
1643155200,2.11e-05,2.36e-05,2.05e-05,2.12e-05,2.1766666666666666e-05,6269303972315.0,0,coinbase
1643241600,2.12e-05,2.18e-05,1.99e-05,2.13e-05,2.1e-05,5614091343155.0,0,coinbase
1643328000,2.13e-05,2.15e-05,2.03e-05,2.13e-05,2.1033333333333334e-05,2952191788252.0,0,coinbase
1643414400,2.13e-05,2.24e-05,2.11e-05,2.17e-05,2.1733333333333334e-05,2681207603218.0,0,coinbase
1643500800,2.17e-05,2.23e-05,2.08e-05,2.11e-05,2.1400000000000002e-05,2324785419228.0,0,coinbase
1643587200,2.12e-05,2.16e-05,2.01e-05,2.145e-05,2.1049999999999997e-05,3808711549302.0,0,coinbase
1643673600,2.146e-05,2.2e-05,2.114e-05,2.169e-05,2.161e-05,4262941399652.0,0,coinbase
1643760000,2.169e-05,2.19e-05,2.028e-05,2.062e-05,2.093333333333333e-05,2891940715938.0,0,coinbase
1643846400,2.063e-05,2.085e-05,2.012e-05,2.077e-05,2.0579999999999996e-05,2304616409142.0,0,coinbase
1643932800,2.076e-05,2.234e-05,2.052e-05,2.222e-05,2.169333333333333e-05,2708968372316.0,0,coinbase
1644019200,2.22e-05,2.389e-05,2.205e-05,2.25e-05,2.2813333333333334e-05,3645298680642.0,0,coinbase
1644105600,2.25e-05,2.888e-05,2.224e-05,2.855e-05,2.6556666666666666e-05,6731041230343.0,0,coinbase
1644192000,2.855e-05,3.548e-05,2.709e-05,3.257e-05,3.171333333333333e-05,13953631706598.0,0,coinbase
1644278400,3.26e-05,3.5e-05,2.941e-05,3.101e-05,3.180666666666667e-05,9817054870739.0,0,coinbase
1644364800,3.102e-05,3.41e-05,3.043e-05,3.298e-05,3.250333333333334e-05,6504569417203.0,0,coinbase
1644451200,3.296e-05,3.373e-05,3.053e-05,3.084e-05,3.1700000000000005e-05,4866961208632.0,0,coinbase
1644537600,3.086e-05,3.24e-05,2.788e-05,2.872e-05,2.9666666666666665e-05,5421671111760.0,0,coinbase
1644624000,2.873e-05,2.986e-05,2.746e-05,2.916e-05,2.8826666666666666e-05,3706735771792.0,0,coinbase
1644710400,2.916e-05,3.22e-05,2.839e-05,3.015e-05,3.0246666666666666e-05,4062382882444.0,0,coinbase
1644796800,3.015e-05,3.089e-05,2.865e-05,2.957e-05,2.970333333333333e-05,3126295880835.0,0,coinbase
1644883200,2.957e-05,3.185e-05,2.955e-05,3.127e-05,3.089e-05,3329090715286.0,0,coinbase
1644969600,3.128e-05,3.16e-05,2.994e-05,3.094e-05,3.082666666666667e-05,2600341505538.0,0,coinbase
1645056000,3.093e-05,3.252e-05,2.771e-05,2.82e-05,2.9476666666666665e-05,4465982004371.0,0,coinbase
1645142400,2.822e-05,2.996e-05,2.781e-05,2.812e-05,2.863e-05,3573933281517.0,0,coinbase
1645228800,2.811e-05,2.898e-05,2.7e-05,2.75e-05,2.782666666666667e-05,2637749190355.0,0,coinbase
1645315200,2.75e-05,2.762e-05,2.49e-05,2.55e-05,2.6006666666666666e-05,3774952149027.0,0,coinbase
1645401600,2.55e-05,2.759e-05,2.392e-05,2.406e-05,2.5189999999999998e-05,5538285973919.0,0,coinbase
1645488000,2.405e-05,2.529e-05,2.31e-05,2.495e-05,2.4446666666666668e-05,4330480157533.0,0,coinbase
1645574400,2.495e-05,2.74e-05,2.458e-05,2.487e-05,2.5616666666666665e-05,4329225798392.0,0,coinbase
1645660800,2.487e-05,2.53e-05,2.07e-05,2.387e-05,2.329e-05,10459771090127.0,0,coinbase
1645747200,2.387e-05,2.51e-05,2.303e-05,2.489e-05,2.434e-05,4934498971521.0,0,coinbase
1645833600,2.489e-05,2.592e-05,2.42e-05,2.448e-05,2.4866666666666667e-05,3137808197900.0,0,coinbase
1645920000,2.446e-05,2.503e-05,2.307e-05,2.344e-05,2.384666666666667e-05,2837920138835.0,0,coinbase
1646006400,2.344e-05,2.6e-05,2.282e-05,2.581e-05,2.4876666666666665e-05,3806322611978.0,0,coinbase
1646092800,2.58e-05,2.863e-05,2.535e-05,2.714e-05,2.704e-05,5047311916159.0,0,coinbase
1646179200,2.712e-05,2.72e-05,2.553e-05,2.591e-05,2.6213333333333335e-05,2891859772462.0,0,coinbase
1646265600,2.591e-05,2.62e-05,2.448e-05,2.507e-05,2.525e-05,2453125343382.0,0,coinbase
1646352000,2.506e-05,2.527e-05,2.306e-05,2.359e-05,2.3973333333333333e-05,2566506100755.0,0,coinbase
1646438400,2.359e-05,2.499e-05,2.311e-05,2.462e-05,2.4240000000000002e-05,1960437801137.0,0,coinbase
1646524800,2.462e-05,2.479e-05,2.341e-05,2.353e-05,2.3910000000000003e-05,1432011223469.0,0,coinbase
1646611200,2.353e-05,2.389e-05,2.188e-05,2.279e-05,2.2853333333333337e-05,2397059395883.0,0,coinbase
1646697600,2.279e-05,2.354e-05,2.25e-05,2.291e-05,2.298333333333333e-05,1774725725792.0,0,coinbase
1646784000,2.291e-05,2.461e-05,2.288e-05,2.386e-05,2.3783333333333333e-05,2156862985684.0,0,coinbase
1646870400,2.386e-05,2.392e-05,2.238e-05,2.262e-05,2.2973333333333332e-05,1903116845481.0,0,coinbase
1646956800,2.262e-05,2.313e-05,2.189e-05,2.207e-05,2.2363333333333333e-05,1789172055330.0,0,coinbase
1647043200,2.207e-05,2.274e-05,2.202e-05,2.213e-05,2.229666666666667e-05,993784564277.0,0,coinbase
1647129600,2.214e-05,2.329e-05,2.121e-05,2.15e-05,2.2000000000000003e-05,1783084084531.0,0,coinbase
1647216000,2.151e-05,2.245e-05,2.128e-05,2.202e-05,2.1916666666666666e-05,1936511539355.0,0,coinbase
1647302400,2.202e-05,2.213e-05,2.125e-05,2.162e-05,2.166666666666667e-05,1599233455369.0,0,coinbase
1647388800,2.163e-05,2.276e-05,2.151e-05,2.275e-05,2.2339999999999996e-05,2317350324245.0,0,coinbase
1647475200,2.274e-05,2.283e-05,2.202e-05,2.218e-05,2.2343333333333333e-05,1928842697835.0,0,coinbase
1647561600,2.218e-05,2.269e-05,2.166e-05,2.234e-05,2.223e-05,3048267732827.0,0,coinbase
1647648000,2.233e-05,2.556e-05,2.218e-05,2.413e-05,2.3956666666666667e-05,6326749778436.0,0,coinbase
1647734400,2.414e-05,2.447e-05,2.255e-05,2.313e-05,2.3383333333333334e-05,4124892081302.0,0,coinbase
1647820800,2.314e-05,2.349e-05,2.231e-05,2.294e-05,2.2913333333333333e-05,2076898398959.0,0,coinbase
1647907200,2.294e-05,2.408e-05,2.289e-05,2.346e-05,2.347666666666667e-05,2839838823959.0,0,coinbase
1647993600,2.346e-05,2.512e-05,2.307e-05,2.442e-05,2.4203333333333333e-05,3779928031435.0,0,coinbase
1648080000,2.442e-05,2.534e-05,2.406e-05,2.47e-05,2.47e-05,4303656970795.0,0,coinbase
1648166400,2.47e-05,2.542e-05,2.355e-05,2.412e-05,2.436333333333333e-05,3744145158390.0,0,coinbase
1648252800,2.413e-05,2.476e-05,2.391e-05,2.444e-05,2.437e-05,1680356565887.0,0,coinbase
1648339200,2.443e-05,2.568e-05,2.416e-05,2.558e-05,2.5139999999999996e-05,2706328812656.0,0,coinbase
1648425600,2.558e-05,2.963e-05,2.528e-05,2.653e-05,2.714666666666667e-05,9906864107029.0,0,coinbase
1648512000,2.653e-05,2.85e-05,2.634e-05,2.736e-05,2.74e-05,6594152170884.0,0,coinbase
1648598400,2.736e-05,2.866e-05,2.618e-05,2.746e-05,2.743333333333333e-05,6159960659386.0,0,coinbase
1648684800,2.746e-05,2.81e-05,2.55e-05,2.584e-05,2.648e-05,4545114030084.0,0,coinbase
1648771200,2.586e-05,2.651e-05,2.463e-05,2.615e-05,2.5763333333333335e-05,3208425385361.0,0,coinbase
1648857600,2.614e-05,2.75e-05,2.571e-05,2.583e-05,2.6346666666666666e-05,3080078133029.0,0,coinbase
1648944000,2.584e-05,2.737e-05,2.551e-05,2.684e-05,2.6573333333333335e-05,2488741195382.0,0,coinbase
1649030400,2.683e-05,2.747e-05,2.56e-05,2.644e-05,2.6503333333333334e-05,2810973079486.0,0,coinbase
1649116800,2.645e-05,2.846e-05,2.623e-05,2.675e-05,2.714666666666667e-05,4208555973265.0,0,coinbase
1649203200,2.677e-05,2.685e-05,2.417e-05,2.435e-05,2.512333333333333e-05,3666198169955.0,0,coinbase
1649289600,2.436e-05,2.527e-05,2.39e-05,2.478e-05,2.4650000000000003e-05,2265081394868.0,0,coinbase
1649376000,2.477e-05,2.518e-05,2.35e-05,2.381e-05,2.4163333333333336e-05,1836102753696.0,0,coinbase
1649462400,2.382e-05,2.467e-05,2.368e-05,2.462e-05,2.4323333333333335e-05,1215723111577.0,0,coinbase
1649548800,2.462e-05,2.543e-05,2.437e-05,2.447e-05,2.475666666666667e-05,1819642559486.0,0,coinbase
1649635200,2.446e-05,2.464e-05,2.183e-05,2.218e-05,2.2883333333333335e-05,2582216960973.0,0,coinbase
1649721600,2.218e-05,3e-05,2.191e-05,2.692e-05,2.627666666666667e-05,14866702425409.0,0,coinbase
1649808000,2.693e-05,2.811e-05,2.562e-05,2.694e-05,2.689e-05,6965127564450.0,0,coinbase
1649894400,2.693e-05,2.743e-05,2.527e-05,2.58e-05,2.6166666666666665e-05,5217472055200.0,0,coinbase
1649980800,2.579e-05,2.624e-05,2.544e-05,2.589e-05,2.585666666666667e-05,1733597173258.0,0,coinbase
1650067200,2.591e-05,2.608e-05,2.526e-05,2.559e-05,2.5643333333333332e-05,1130246642189.0,0,coinbase
1650153600,2.559e-05,2.606e-05,2.45e-05,2.464e-05,2.5066666666666672e-05,1266894633391.0,0,coinbase
1650240000,2.465e-05,2.537e-05,2.363e-05,2.524e-05,2.4746666666666665e-05,2819606321773.0,0,coinbase
1650326400,2.524e-05,2.562e-05,2.486e-05,2.544e-05,2.5306666666666663e-05,1628544381330.0,0,coinbase
1650412800,2.544e-05,2.587e-05,2.459e-05,2.483e-05,2.509666666666667e-05,1999238024705.0,0,coinbase
1650499200,2.483e-05,2.54e-05,2.387e-05,2.43e-05,2.4523333333333333e-05,1607110665875.0,0,coinbase
1650585600,2.429e-05,2.469e-05,2.398e-05,2.43e-05,2.4323333333333335e-05,1360512824849.0,0,coinbase
1650672000,2.429e-05,2.465e-05,2.378e-05,2.411e-05,2.418e-05,1146518797307.0,0,coinbase
1650758400,2.412e-05,2.438e-05,2.352e-05,2.396e-05,2.3953333333333337e-05,1095953631104.0,0,coinbase
1650844800,2.395e-05,2.537e-05,2.231e-05,2.431e-05,2.399666666666667e-05,4163523256871.0,0,coinbase
1650931200,2.432e-05,2.468e-05,2.256e-05,2.299e-05,2.3409999999999998e-05,3439270916949.0,0,coinbase
1651017600,2.298e-05,2.399e-05,2.281e-05,2.344e-05,2.3413333333333335e-05,3175228989737.0,0,coinbase
1651104000,2.343e-05,2.355e-05,2.267e-05,2.294e-05,2.3053333333333332e-05,1961713255624.0,0,coinbase
1651190400,2.293e-05,2.31e-05,2.16e-05,2.221e-05,2.230333333333333e-05,3482112763705.0,0,coinbase
1651276800,2.221e-05,2.249e-05,1.84e-05,2.018e-05,2.0356666666666664e-05,3323836169621.0,0,coinbase
1651363200,2.018e-05,2.216e-05,1.975e-05,2.153e-05,2.114666666666667e-05,3476189729555.0,0,coinbase
1651449600,2.153e-05,2.175e-05,2.015e-05,2.067e-05,2.085666666666667e-05,2416404095322.0,0,coinbase
1651536000,2.067e-05,2.103e-05,1.993e-05,2.03e-05,2.0419999999999998e-05,2046168078298.0,0,coinbase
1651622400,2.03e-05,2.189e-05,2.025e-05,2.18e-05,2.1313333333333335e-05,2878970311074.0,0,coinbase
1651708800,2.179e-05,2.199e-05,1.949e-05,2.026e-05,2.058e-05,3208681249472.0,0,coinbase
1651795200,2.027e-05,2.039e-05,1.95e-05,2e-05,1.9963333333333332e-05,2916882245568.0,0,coinbase
1651881600,2e-05,2.005e-05,1.867e-05,1.927e-05,1.9329999999999996e-05,1965910399461.0,0,coinbase
1651968000,1.927e-05,1.933e-05,1.825e-05,1.842e-05,1.866666666666667e-05,2544576179396.0,0,coinbase
1652054400,1.841e-05,1.87e-05,1.374e-05,1.4e-05,1.548e-05,9931985691681.0,0,coinbase
1652140800,1.4e-05,1.799e-05,1.347e-05,1.618e-05,1.588e-05,12905879171814.0,0,coinbase
1652227200,1.617e-05,1.678e-05,1.1e-05,1.2e-05,1.326e-05,12362741820004.0,0,coinbase
1652313600,1.201e-05,1.291e-05,8.56e-06,1.083e-05,1.0766666666666666e-05,17585168889653.0,0,coinbase
1652400000,1.083e-05,1.437e-05,1.047e-05,1.279e-05,1.2543333333333332e-05,15030438233981.0,0,coinbase
1652486400,1.279e-05,1.37e-05,1.138e-05,1.254e-05,1.2539999999999999e-05,6378169933300.0,0,coinbase
1652572800,1.255e-05,1.306e-05,1.19e-05,1.305e-05,1.2669999999999999e-05,3533512129541.0,0,coinbase
1652659200,1.305e-05,1.305e-05,1.173e-05,1.197e-05,1.225e-05,3305862685907.0,0,coinbase
1652745600,1.198e-05,1.277e-05,1.194e-05,1.253e-05,1.2413333333333334e-05,2829567597500.0,0,coinbase
1652832000,1.253e-05,1.265e-05,1.143e-05,1.15e-05,1.186e-05,3080908190161.0,0,coinbase
1652918400,1.149e-05,1.213e-05,1.12e-05,1.18e-05,1.1710000000000001e-05,2538683126126.0,0,coinbase
1653004800,1.18e-05,1.202e-05,1.129e-05,1.159e-05,1.1633333333333334e-05,2246918407754.0,0,coinbase
1653091200,1.159e-05,1.203e-05,1.132e-05,1.173e-05,1.1693333333333332e-05,1453685802801.0,0,coinbase
1653177600,1.174e-05,1.205e-05,1.161e-05,1.19e-05,1.1853333333333332e-05,1244531570229.0,0,coinbase
1653264000,1.19e-05,1.296e-05,1.148e-05,1.166e-05,1.2033333333333332e-05,3658132370546.0,0,coinbase
1653350400,1.166e-05,1.195e-05,1.123e-05,1.173e-05,1.1636666666666665e-05,2133625402941.0,0,coinbase
1653436800,1.173e-05,1.192e-05,1.149e-05,1.16e-05,1.1670000000000002e-05,1347276296918.0,0,coinbase
1653523200,1.159e-05,1.171e-05,1.027e-05,1.058e-05,1.0853333333333333e-05,3108399176133.0,0,coinbase
1653609600,1.058e-05,1.086e-05,1.011e-05,1.048e-05,1.0483333333333333e-05,2893964937475.0,0,coinbase
1653696000,1.047e-05,1.087e-05,1.04e-05,1.078e-05,1.0683333333333333e-05,1238213275792.0,0,coinbase
1653782400,1.077e-05,1.184e-05,1.054e-05,1.148e-05,1.1286666666666666e-05,2552325226622.0,0,coinbase
1653868800,1.149e-05,1.248e-05,1.128e-05,1.221e-05,1.199e-05,3994594701230.0,0,coinbase
1653955200,1.22e-05,1.236e-05,1.147e-05,1.173e-05,1.1853333333333332e-05,2687209817924.0,0,coinbase
1654041600,1.173e-05,1.192e-05,1.051e-05,1.087e-05,1.1099999999999999e-05,3166057517549.0,0,coinbase
1654128000,1.088e-05,1.13e-05,1.072e-05,1.121e-05,1.1076666666666668e-05,1785271219822.0,0,coinbase
1654214400,1.12e-05,1.124e-05,1.053e-05,1.079e-05,1.0853333333333333e-05,1683941549102.0,0,coinbase
1654300800,1.079e-05,1.092e-05,1.055e-05,1.088e-05,1.0783333333333334e-05,1187821183950.0,0,coinbase
1654387200,1.089e-05,1.097e-05,1.068e-05,1.08e-05,1.0816666666666666e-05,1071353250395.0,0,coinbase
1654473600,1.08e-05,1.14e-05,1.076e-05,1.105e-05,1.1069999999999999e-05,2334033974958.0,0,coinbase
1654560000,1.105e-05,1.118e-05,1.02e-05,1.071e-05,1.0696666666666667e-05,3212358372629.0,0,coinbase
1654646400,1.073e-05,1.091e-05,1.052e-05,1.058e-05,1.067e-05,1568343830700.0,0,coinbase
1654732800,1.057e-05,1.077e-05,1.041e-05,1.057e-05,1.0583333333333333e-05,1039506939735.0,0,coinbase
1654819200,1.056e-05,1.066e-05,9.98e-06,1.012e-05,1.0253333333333332e-05,2112093892798.0,0,coinbase
1654905600,1.012e-05,1.034e-05,9.11e-06,9.34e-06,9.596666666666667e-06,3564250957296.0,0,coinbase
1654992000,9.34e-06,9.49e-06,8.37e-06,8.59e-06,8.816666666666668e-06,5243802685430.0,0,coinbase
1655078400,8.58e-06,8.78e-06,7.4e-06,8.04e-06,8.073333333333335e-06,7927727144024.0,0,coinbase
1655164800,8.03e-06,8.53e-06,7.5e-06,8.18e-06,8.07e-06,5109597828839.0,0,coinbase
1655251200,8.18e-06,8.88e-06,7.58e-06,8.83e-06,8.43e-06,7217754532385.0,0,coinbase
1655337600,8.83e-06,8.96e-06,7.85e-06,7.95e-06,8.253333333333333e-06,4226113615581.0,0,coinbase
1655424000,7.96e-06,8.31e-06,7.93e-06,8.16e-06,8.133333333333334e-06,2309963510071.0,0,coinbase
1655510400,8.17e-06,8.26e-06,7.12e-06,7.7e-06,7.693333333333333e-06,3755524656656.0,0,coinbase
1655596800,7.69e-06,8.38e-06,7.38e-06,8.21e-06,7.989999999999998e-06,3539208232546.0,0,coinbase
1655683200,8.21e-06,8.32e-06,7.86e-06,8.09e-06,8.089999999999999e-06,2338198751066.0,0,coinbase
1655769600,8.1e-06,1.2e-05,8e-06,1.064e-05,1.0213333333333333e-05,13046353286052.0,0,coinbase
1655856000,1.064e-05,1.086e-05,9.27e-06,9.66e-06,9.93e-06,10904407663702.0,0,coinbase
1655942400,9.66e-06,1.043e-05,9.6e-06,1.03e-05,1.011e-05,5078609126801.0,0,coinbase
1656028800,1.029e-05,1.124e-05,1.004e-05,1.082e-05,1.0700000000000001e-05,5085433025311.0,0,coinbase
1656115200,1.082e-05,1.199e-05,1.07e-05,1.178e-05,1.149e-05,6537062633391.0,0,coinbase
1656201600,1.179e-05,1.209e-05,1.091e-05,1.096e-05,1.132e-05,4536662795851.0,0,coinbase
1656288000,1.096e-05,1.172e-05,1.075e-05,1.106e-05,1.1176666666666666e-05,3416758875554.0,0,coinbase
1656374400,1.106e-05,1.119e-05,9.84e-06,9.97e-06,1.0333333333333333e-05,3365835075310.0,0,coinbase
1656460800,9.97e-06,1.073e-05,9.5e-06,1.019e-05,1.0140000000000001e-05,4230725666684.0,0,coinbase
1656547200,1.02e-05,1.049e-05,9.61e-06,1.035e-05,1.0150000000000001e-05,4588396263877.0,0,coinbase
1656633600,1.035e-05,1.058e-05,9.9e-06,1.002e-05,1.0166666666666667e-05,2703035547127.0,0,coinbase
1656720000,1.002e-05,1.018e-05,9.87e-06,1.007e-05,1.004e-05,1091624779751.0,0,coinbase
1656806400,1.007e-05,1.012e-05,9.75e-06,1.002e-05,9.963333333333333e-06,1106096007011.0,0,coinbase
1656892800,1.003e-05,1.055e-05,9.92e-06,1.047e-05,1.0313333333333333e-05,1508966343999.0,0,coinbase
1656979200,1.047e-05,1.095e-05,1e-05,1.031e-05,1.042e-05,3243397849558.0,0,coinbase
1657065600,1.031e-05,1.053e-05,1.014e-05,1.045e-05,1.0373333333333333e-05,2064987626298.0,0,coinbase
1657152000,1.046e-05,1.15e-05,1.042e-05,1.128e-05,1.1066666666666667e-05,3120580221505.0,0,coinbase
1657238400,1.128e-05,1.158e-05,1.069e-05,1.119e-05,1.1153333333333332e-05,3600467703250.0,0,coinbase
1657324800,1.119e-05,1.19e-05,1.101e-05,1.16e-05,1.1503333333333334e-05,2535059725688.0,0,coinbase
1657411200,1.16e-05,1.167e-05,1.09e-05,1.12e-05,1.1256666666666668e-05,2210184350634.0,0,coinbase
1657497600,1.119e-05,1.12e-05,1.019e-05,1.031e-05,1.0566666666666667e-05,2198727537994.0,0,coinbase
1657584000,1.029e-05,1.056e-05,9.84e-06,9.89e-06,1.0096666666666668e-05,2268536554182.0,0,coinbase
1657670400,9.88e-06,1.054e-05,9.77e-06,1.053e-05,1.0280000000000002e-05,3005156480801.0,0,coinbase
1657756800,1.053e-05,1.07e-05,1.012e-05,1.06e-05,1.0473333333333334e-05,2291969348240.0,0,coinbase
1657843200,1.06e-05,1.12e-05,1.049e-05,1.082e-05,1.0836666666666666e-05,3090438610428.0,0,coinbase
1657929600,1.082e-05,1.119e-05,1.052e-05,1.103e-05,1.0913333333333334e-05,1795074093236.0,0,coinbase
1658016000,1.103e-05,1.116e-05,1.067e-05,1.071e-05,1.0846666666666666e-05,1754986778376.0,0,coinbase
1658102400,1.071e-05,1.262e-05,1.07e-05,1.195e-05,1.1756666666666667e-05,7033880881359.0,0,coinbase
1658188800,1.195e-05,1.25e-05,1.141e-05,1.217e-05,1.2026666666666666e-05,5824170625251.0,0,coinbase
1658275200,1.216e-05,1.315e-05,1.166e-05,1.191e-05,1.224e-05,7307715911153.0,0,coinbase
1658361600,1.192e-05,1.219e-05,1.145e-05,1.199e-05,1.1876666666666668e-05,2961194762379.0,0,coinbase
1658448000,1.198e-05,1.242e-05,1.159e-05,1.172e-05,1.191e-05,2741702806502.0,0,coinbase
1658534400,1.171e-05,1.209e-05,1.13e-05,1.159e-05,1.166e-05,2239400617179.0,0,coinbase
1658620800,1.16e-05,1.187e-05,1.153e-05,1.16e-05,1.1666666666666666e-05,1461761951902.0,0,coinbase
1658707200,1.16e-05,1.165e-05,1.066e-05,1.069e-05,1.1000000000000001e-05,2474139840256.0,0,coinbase
1658793600,1.069e-05,1.089e-05,1.029e-05,1.086e-05,1.068e-05,2351423638906.0,0,coinbase
1658880000,1.087e-05,1.157e-05,1.052e-05,1.152e-05,1.1203333333333333e-05,3253602853794.0,0,coinbase
1658966400,1.152e-05,1.222e-05,1.099e-05,1.185e-05,1.1686666666666666e-05,4335471335713.0,0,coinbase
1659052800,1.186e-05,1.233e-05,1.144e-05,1.174e-05,1.1836666666666668e-05,3539344244045.0,0,coinbase
1659139200,1.173e-05,1.263e-05,1.159e-05,1.193e-05,1.205e-05,4055191192558.0,0,coinbase
1659225600,1.193e-05,1.229e-05,1.168e-05,1.17e-05,1.1890000000000001e-05,1786973387698.0,0,coinbase
1659312000,1.17e-05,1.275e-05,1.166e-05,1.194e-05,1.2116666666666665e-05,3826599406659.0,0,coinbase
1659398400,1.194e-05,1.21e-05,1.144e-05,1.174e-05,1.1760000000000001e-05,2657113079253.0,0,coinbase
1659484800,1.174e-05,1.214e-05,1.159e-05,1.185e-05,1.186e-05,2058092083767.0,0,coinbase
1659571200,1.184e-05,1.2e-05,1.166e-05,1.184e-05,1.1833333333333334e-05,2012878600446.0,0,coinbase
1659657600,1.183e-05,1.22e-05,1.178e-05,1.214e-05,1.204e-05,1757202802361.0,0,coinbase
1659744000,1.214e-05,1.228e-05,1.193e-05,1.196e-05,1.2056666666666668e-05,1152398726969.0,0,coinbase
1659830400,1.197e-05,1.215e-05,1.183e-05,1.204e-05,1.2006666666666666e-05,859998593727.0,0,coinbase
1659916800,1.204e-05,1.27e-05,1.203e-05,1.232e-05,1.2350000000000002e-05,2331491791762.0,0,coinbase
1660003200,1.231e-05,1.284e-05,1.171e-05,1.203e-05,1.2193333333333332e-05,2769057490829.0,0,coinbase
1660089600,1.203e-05,1.25e-05,1.177e-05,1.239e-05,1.2220000000000002e-05,2054827909570.0,0,coinbase
1660176000,1.238e-05,1.291e-05,1.222e-05,1.231e-05,1.248e-05,2152541838433.0,0,coinbase
1660262400,1.231e-05,1.271e-05,1.218e-05,1.268e-05,1.2523333333333334e-05,1117698023072.0,0,coinbase
1660348800,1.269e-05,1.296e-05,1.251e-05,1.264e-05,1.2703333333333333e-05,1553166198137.0,0,coinbase
1660435200,1.264e-05,1.794e-05,1.26e-05,1.691e-05,1.5816666666666667e-05,17763803012086.0,0,coinbase
1660521600,1.69e-05,1.769e-05,1.509e-05,1.526e-05,1.601333333333333e-05,9706156525454.0,0,coinbase
1660608000,1.526e-05,1.658e-05,1.511e-05,1.581e-05,1.5833333333333333e-05,6559006466820.0,0,coinbase
1660694400,1.582e-05,1.644e-05,1.451e-05,1.479e-05,1.5246666666666666e-05,4294596102158.0,0,coinbase
1660780800,1.478e-05,1.499e-05,1.322e-05,1.349e-05,1.39e-05,2328441604665.0,0,coinbase
1660867200,1.349e-05,1.409e-05,1.266e-05,1.316e-05,1.3303333333333334e-05,5551086088181.0,0,coinbase
1660953600,1.315e-05,1.387e-05,1.251e-05,1.289e-05,1.309e-05,3164979947363.0,0,coinbase
1661040000,1.289e-05,1.378e-05,1.282e-05,1.349e-05,1.3363333333333333e-05,1979783667735.0,0,coinbase
1661126400,1.349e-05,1.353e-05,1.275e-05,1.316e-05,1.3146666666666667e-05,1869301437259.0,0,coinbase
1661212800,1.316e-05,1.338e-05,1.282e-05,1.332e-05,1.3173333333333333e-05,1341813788106.0,0,coinbase
1661299200,1.333e-05,1.358e-05,1.297e-05,1.306e-05,1.3203333333333335e-05,1665485721475.0,0,coinbase
1661385600,1.305e-05,1.483e-05,1.302e-05,1.392e-05,1.3923333333333334e-05,4015122293367.0,0,coinbase
1661472000,1.391e-05,1.403e-05,1.229e-05,1.243e-05,1.2916666666666666e-05,4429338339083.0,0,coinbase
1661558400,1.243e-05,1.259e-05,1.184e-05,1.218e-05,1.2203333333333334e-05,2126237033326.0,0,coinbase
1661644800,1.218e-05,1.247e-05,1.169e-05,1.18e-05,1.1986666666666667e-05,1664765426589.0,0,coinbase
1661731200,1.18e-05,1.255e-05,1.17e-05,1.248e-05,1.2243333333333334e-05,2192666936160.0,0,coinbase
1661817600,1.247e-05,1.278e-05,1.19e-05,1.22e-05,1.2293333333333333e-05,1588627728494.0,0,coinbase
1661904000,1.22e-05,1.26e-05,1.202e-05,1.21e-05,1.224e-05,1444631506197.0,0,coinbase
1661990400,1.209e-05,1.243e-05,1.186e-05,1.227e-05,1.2186666666666668e-05,1223471153424.0,0,coinbase
1662076800,1.226e-05,1.247e-05,1.201e-05,1.217e-05,1.2216666666666666e-05,1591745633468.0,0,coinbase
1662163200,1.216e-05,1.247e-05,1.21e-05,1.232e-05,1.2296666666666665e-05,1088672400656.0,0,coinbase
1662249600,1.232e-05,1.339e-05,1.226e-05,1.283e-05,1.2826666666666665e-05,2560761462036.0,0,coinbase
1662336000,1.284e-05,1.296e-05,1.223e-05,1.265e-05,1.2613333333333335e-05,1618725665946.0,0,coinbase
1662422400,1.264e-05,1.293e-05,1.172e-05,1.202e-05,1.2223333333333334e-05,2870362627633.0,0,coinbase
1662508800,1.202e-05,1.239e-05,1.175e-05,1.224e-05,1.2126666666666667e-05,1753322090178.0,0,coinbase
1662595200,1.224e-05,1.249e-05,1.198e-05,1.222e-05,1.2230000000000001e-05,1843058760858.0,0,coinbase
1662681600,1.222e-05,1.394e-05,1.219e-05,1.292e-05,1.3016666666666667e-05,4651073572911.0,0,coinbase
1662768000,1.291e-05,1.357e-05,1.272e-05,1.326e-05,1.3183333333333333e-05,2865276121018.0,0,coinbase
1662854400,1.327e-05,1.35e-05,1.254e-05,1.301e-05,1.3016666666666667e-05,2238751392697.0,0,coinbase
1662940800,1.301e-05,1.324e-05,1.25e-05,1.287e-05,1.2869999999999999e-05,2155817624973.0,0,coinbase
1663027200,1.288e-05,1.306e-05,1.19e-05,1.211e-05,1.2356666666666665e-05,2454549657835.0,0,coinbase
1663113600,1.21e-05,1.245e-05,1.193e-05,1.219e-05,1.2189999999999998e-05,1691322429137.0,0,coinbase
1663200000,1.219e-05,1.225e-05,1.151e-05,1.17e-05,1.182e-05,2632012954123.0,0,coinbase
1663286400,1.17e-05,1.181e-05,1.127e-05,1.157e-05,1.1550000000000001e-05,1224133771509.0,0,coinbase
1663372800,1.156e-05,1.201e-05,1.156e-05,1.192e-05,1.183e-05,870329989433.0,0,coinbase
1663459200,1.193e-05,1.196e-05,1.012e-05,1.062e-05,1.0899999999999999e-05,1745500021594.0,0,coinbase
1663545600,1.063e-05,1.111e-05,1.051e-05,1.099e-05,1.0870000000000001e-05,2151910751622.0,0,coinbase
1663632000,1.098e-05,1.104e-05,1.046e-05,1.052e-05,1.0673333333333333e-05,1380071723324.0,0,coinbase
1663718400,1.052e-05,1.113e-05,1.011e-05,1.038e-05,1.0539999999999999e-05,2958122023623.0,0,coinbase
1663804800,1.038e-05,1.095e-05,1.033e-05,1.084e-05,1.0706666666666665e-05,1402688318037.0,0,coinbase
1663891200,1.084e-05,1.135e-05,1.049e-05,1.107e-05,1.097e-05,1674203703188.0,0,coinbase
1663977600,1.108e-05,1.218e-05,1.095e-05,1.126e-05,1.1463333333333334e-05,4232515782122.0,0,coinbase
1664064000,1.126e-05,1.157e-05,1.086e-05,1.101e-05,1.1146666666666666e-05,1601599862441.0,0,coinbase
1664150400,1.1e-05,1.124e-05,1.079e-05,1.112e-05,1.105e-05,1200097857648.0,0,coinbase
1664236800,1.112e-05,1.157e-05,1.085e-05,1.112e-05,1.118e-05,1665456524401.0,0,coinbase
1664323200,1.112e-05,1.154e-05,1.072e-05,1.11e-05,1.112e-05,1424975400158.0,0,coinbase
1664409600,1.11e-05,1.122e-05,1.09e-05,1.112e-05,1.108e-05,901400418490.0,0,coinbase
1664496000,1.113e-05,1.15e-05,1.101e-05,1.132e-05,1.1276666666666667e-05,1349116172322.0,0,coinbase
1664582400,1.13e-05,1.148e-05,1.108e-05,1.117e-05,1.1243333333333335e-05,841660732525.0,0,coinbase
1664668800,1.117e-05,1.122e-05,1.081e-05,1.094e-05,1.099e-05,845600494359.0,0,coinbase
1664755200,1.095e-05,1.124e-05,1.083e-05,1.116e-05,1.1076666666666667e-05,868989038134.0,0,coinbase
1664841600,1.116e-05,1.173e-05,1.109e-05,1.161e-05,1.1476666666666666e-05,1911387761692.0,0,coinbase
1664928000,1.162e-05,1.178e-05,1.113e-05,1.145e-05,1.1453333333333334e-05,1731517091824.0,0,coinbase
1665014400,1.145e-05,1.163e-05,1.11e-05,1.119e-05,1.1306666666666666e-05,1315558472021.0,0,coinbase
1665100800,1.118e-05,1.125e-05,1.095e-05,1.11e-05,1.11e-05,1001184094267.0,0,coinbase
1665187200,1.11e-05,1.116e-05,1.085e-05,1.1e-05,1.1003333333333332e-05,429960011310.0,0,coinbase
1665273600,1.1e-05,1.11e-05,1.096e-05,1.103e-05,1.1030000000000001e-05,534832035658.0,0,coinbase
1665360000,1.102e-05,1.114e-05,9.94e-06,1.022e-05,1.0433333333333334e-05,1568134873597.0,0,coinbase
1665446400,1.022e-05,1.042e-05,9.73e-06,1.024e-05,1.0130000000000001e-05,2308890197908.0,0,coinbase
1665532800,1.023e-05,1.04e-05,1.006e-05,1.016e-05,1.0206666666666667e-05,1132851744769.0,0,coinbase
1665619200,1.016e-05,1.081e-05,9.24e-06,1.039e-05,1.0146666666666667e-05,3952476901727.0,0,coinbase
1665705600,1.039e-05,1.077e-05,9.99e-06,1.019e-05,1.0316666666666667e-05,2089034197474.0,0,coinbase
1665792000,1.019e-05,1.052e-05,1.002e-05,1.021e-05,1.025e-05,1361904918540.0,0,coinbase
1665878400,1.021e-05,1.039e-05,1.016e-05,1.027e-05,1.0273333333333334e-05,640967327558.0,0,coinbase
1665964800,1.028e-05,1.047e-05,1.021e-05,1.04e-05,1.036e-05,767174946851.0,0,coinbase
1666051200,1.04e-05,1.049e-05,1e-05,1.017e-05,1.022e-05,1614329775645.0,0,coinbase
1666137600,1.016e-05,1.019e-05,9.49e-06,9.86e-06,9.846666666666667e-06,1161981649284.0,0,coinbase
1666224000,9.85e-06,1.013e-05,9.79e-06,9.9e-06,9.94e-06,1449287429242.0,0,coinbase
1666310400,9.89e-06,1.007e-05,9.6e-06,1.002e-05,9.896666666666668e-06,1620855739708.0,0,coinbase
1666396800,1.001e-05,1.008e-05,9.91e-06,1.001e-05,1e-05,667978857453.0,0,coinbase
1666483200,1.001e-05,1.02e-05,9.85e-06,1.015e-05,1.0066666666666666e-05,790495767999.0,0,coinbase
1666569600,1.016e-05,1.019e-05,9.85e-06,9.93e-06,9.99e-06,950542885559.0,0,coinbase
1666656000,9.93e-06,1.04e-05,9.85e-06,1.021e-05,1.0153333333333335e-05,1580993196361.0,0,coinbase
1666742400,1.022e-05,1.095e-05,1.017e-05,1.094e-05,1.0686666666666667e-05,2699488121352.0,0,coinbase
1666828800,1.084e-05,1.184e-05,1.057e-05,1.063e-05,1.1013333333333333e-05,6560518589240.0,0,coinbase
1666915200,1.064e-05,1.219e-05,1.032e-05,1.172e-05,1.1410000000000001e-05,6345021113211.0,0,coinbase
1667001600,1.171e-05,1.518e-05,1.153e-05,1.293e-05,1.3213333333333333e-05,12679360265706.0,0,coinbase
1667088000,1.292e-05,1.393e-05,1.15e-05,1.192e-05,1.245e-05,6447040270797.0,0,coinbase
1667174400,1.191e-05,1.319e-05,1.171e-05,1.244e-05,1.2446666666666669e-05,5819116100093.0,0,coinbase
1667260800,1.243e-05,1.353e-05,1.227e-05,1.285e-05,1.2883333333333333e-05,4628730702522.0,0,coinbase
1667347200,1.284e-05,1.297e-05,1.15e-05,1.177e-05,1.2080000000000001e-05,5516575927565.0,0,coinbase
1667433600,1.176e-05,1.239e-05,1.16e-05,1.174e-05,1.191e-05,2796710111608.0,0,coinbase
1667520000,1.175e-05,1.364e-05,1.157e-05,1.255e-05,1.2586666666666666e-05,3873820231266.0,0,coinbase
1667606400,1.254e-05,1.318e-05,1.215e-05,1.246e-05,1.2596666666666667e-05,3744918451649.0,0,coinbase
1667692800,1.245e-05,1.291e-05,1.176e-05,1.183e-05,1.2166666666666667e-05,2481072551320.0,0,coinbase
1667779200,1.184e-05,1.212e-05,1.151e-05,1.18e-05,1.1809999999999999e-05,3001744011538.0,0,coinbase
1667865600,1.179e-05,1.19e-05,9.3e-06,1.018e-05,1.046e-05,7531118497303.0,0,coinbase
1667952000,1.017e-05,1.031e-05,8.27e-06,8.72e-06,9.1e-06,7877202689805.0,0,coinbase
1668038400,8.73e-06,1.047e-05,8.59e-06,1.019e-05,9.75e-06,6706835537446.0,0,coinbase
1668124800,1.02e-05,1.044e-05,9.37e-06,9.87e-06,9.893333333333334e-06,2325367952129.0,0,coinbase
1668211200,9.88e-06,9.92e-06,9.25e-06,9.55e-06,9.573333333333334e-06,1697343973251.0,0,coinbase
1668297600,9.55e-06,9.74e-06,8.87e-06,9.01e-06,9.206666666666666e-06,2050107902240.0,0,coinbase
1668384000,9e-06,9.4e-06,8.54e-06,9.08e-06,9.006666666666668e-06,2453848759509.0,0,coinbase
1668470400,9.09e-06,9.56e-06,8.98e-06,9.24e-06,9.260000000000001e-06,1188523862929.0,0,coinbase
1668556800,9.25e-06,9.65e-06,8.97e-06,9.13e-06,9.250000000000001e-06,1588594285756.0,0,coinbase
1668643200,9.13e-06,9.22e-06,8.9e-06,9.05e-06,9.056666666666666e-06,863852531548.0,0,coinbase
1668729600,9.05e-06,9.24e-06,8.97e-06,9.09e-06,9.1e-06,645479450238.0,0,coinbase
1668816000,9.1e-06,9.23e-06,8.94e-06,9.13e-06,9.1e-06,528853182931.0,0,coinbase
1668902400,9.13e-06,9.22e-06,8.66e-06,8.78e-06,8.886666666666666e-06,969084395649.0,0,coinbase
1668988800,8.77e-06,8.79e-06,8.22e-06,8.41e-06,8.473333333333334e-06,1536591229437.0,0,coinbase
1669075200,8.41e-06,8.83e-06,8.17e-06,8.81e-06,8.603333333333333e-06,1287270953387.0,0,coinbase
1669161600,8.82e-06,9.1e-06,8.74e-06,9.05e-06,8.963333333333333e-06,1329801503367.0,0,coinbase
1669248000,9.05e-06,9.2e-06,8.9e-06,9.01e-06,9.036666666666666e-06,753571874001.0,0,coinbase
1669334400,9.02e-06,9.48e-06,8.85e-06,9.18e-06,9.17e-06,1576123894757.0,0,coinbase
1669420800,9.18e-06,9.37e-06,8.91e-06,9.01e-06,9.096666666666667e-06,1069829197689.0,0,coinbase
1669507200,9.02e-06,9.62e-06,8.99e-06,9.27e-06,9.293333333333333e-06,1686813206600.0,0,coinbase
1669593600,9.27e-06,9.36e-06,8.77e-06,9.08e-06,9.07e-06,1324453320482.0,0,coinbase
1669680000,9.08e-06,9.31e-06,8.99e-06,9.08e-06,9.126666666666667e-06,1155291321251.0,0,coinbase
1669766400,9.07e-06,9.39e-06,9.02e-06,9.35e-06,9.253333333333333e-06,2253886803000.0,0,coinbase
1669852800,9.34e-06,9.37e-06,9.1e-06,9.21e-06,9.226666666666666e-06,1267676466089.0,0,coinbase
1669939200,9.2e-06,9.35e-06,9.06e-06,9.32e-06,9.243333333333333e-06,979509222805.0,0,coinbase
1670025600,9.33e-06,9.49e-06,9.15e-06,9.2e-06,9.280000000000001e-06,898647332262.0,0,coinbase
1670112000,9.2e-06,9.39e-06,9.18e-06,9.36e-06,9.309999999999999e-06,580520075398.0,0,coinbase
1670198400,9.35e-06,1.016e-05,9.23e-06,9.41e-06,9.6e-06,2382437212745.0,0,coinbase
1670284800,9.41e-06,9.47e-06,9.2e-06,9.3e-06,9.323333333333334e-06,760719822786.0,0,coinbase
1670371200,9.3e-06,9.36e-06,8.95e-06,9.1e-06,9.136666666666665e-06,792744034956.0,0,coinbase
1670457600,9.1e-06,9.33e-06,9.06e-06,9.27e-06,9.219999999999998e-06,718352341201.0,0,coinbase
1670544000,9.27e-06,9.37e-06,9.14e-06,9.23e-06,9.246666666666667e-06,567053215754.0,0,coinbase
1670630400,9.22e-06,9.31e-06,9.16e-06,9.18e-06,9.216666666666668e-06,439095664390.0,0,coinbase
1670716800,9.19e-06,9.29e-06,9.07e-06,9.12e-06,9.16e-06,518800186431.0,0,coinbase
1670803200,9.12e-06,9.12e-06,8.43e-06,8.97e-06,8.84e-06,1111229693178.0,0,coinbase
1670889600,8.96e-06,9.35e-06,8.63e-06,9.17e-06,9.050000000000001e-06,1586943237736.0,0,coinbase
1670976000,9.17e-06,9.27e-06,8.87e-06,8.95e-06,9.03e-06,1060745406642.0,0,coinbase
1671062400,8.94e-06,9e-06,8.75e-06,8.86e-06,8.87e-06,961291535524.0,0,coinbase
1671148800,8.87e-06,9.01e-06,8.05e-06,8.19e-06,8.416666666666665e-06,1845517452701.0,0,coinbase
1671235200,8.19e-06,8.36e-06,8e-06,8.29e-06,8.216666666666667e-06,1225948199924.0,0,coinbase
1671321600,8.29e-06,9.02e-06,8.19e-06,8.56e-06,8.589999999999999e-06,3102039319139.0,0,coinbase
1671408000,8.55e-06,8.78e-06,7.93e-06,8.15e-06,8.286666666666668e-06,2402455132087.0,0,coinbase
1671494400,8.15e-06,8.49e-06,8.13e-06,8.46e-06,8.36e-06,1025268577666.0,0,coinbase
1671580800,8.46e-06,8.48e-06,8.17e-06,8.25e-06,8.3e-06,904222155992.0,0,coinbase
1671667200,8.25e-06,8.44e-06,8.16e-06,8.34e-06,8.313333333333334e-06,864012665334.0,0,coinbase
1671753600,8.33e-06,8.41e-06,8.21e-06,8.26e-06,8.293333333333332e-06,807426733727.0,0,coinbase
1671840000,8.26e-06,8.35e-06,8.23e-06,8.32e-06,8.3e-06,372649064530.0,0,coinbase
1671926400,8.33e-06,8.39e-06,8.2e-06,8.29e-06,8.293333333333332e-06,475851804316.0,0,coinbase
1672012800,8.29e-06,8.35e-06,8.25e-06,8.32e-06,8.306666666666666e-06,477587936758.0,0,coinbase
1672099200,8.32e-06,8.35e-06,8.02e-06,8.18e-06,8.183333333333333e-06,780063182403.0,0,coinbase
1672185600,8.19e-06,8.19e-06,7.79e-06,7.92e-06,7.966666666666666e-06,1326765800060.0,0,coinbase
1672272000,7.91e-06,8.28e-06,7.88e-06,8.19e-06,8.116666666666668e-06,1511618850369.0,0,coinbase
1672358400,8.18e-06,8.22e-06,7.91e-06,8.04e-06,8.056666666666667e-06,1032434803270.0,0,coinbase
1672444800,8.04e-06,8.18e-06,8e-06,8.07e-06,8.083333333333333e-06,748156268942.0,0,coinbase
1672531200,8.06e-06,8.14e-06,7.99e-06,8.12e-06,8.083333333333333e-06,571835370930.0,0,coinbase
1672617600,8.12e-06,8.26e-06,8.02e-06,8.17e-06,8.15e-06,868282005113.0,0,coinbase
1672704000,8.18e-06,8.21e-06,8.05e-06,8.14e-06,8.133333333333332e-06,834150866361.0,0,coinbase
1672790400,8.14e-06,8.52e-06,8.11e-06,8.38e-06,8.336666666666666e-06,1631199794589.0,0,coinbase
1672876800,8.37e-06,8.81e-06,8.27e-06,8.37e-06,8.483333333333332e-06,2128060210367.0,0,coinbase
1672963200,8.36e-06,8.49e-06,8.16e-06,8.42e-06,8.356666666666666e-06,1490288819795.0,0,coinbase
1673049600,8.42e-06,8.71e-06,8.37e-06,8.43e-06,8.503333333333332e-06,893785727696.0,0,coinbase
1673136000,8.43e-06,8.68e-06,8.33e-06,8.64e-06,8.55e-06,1035359868118.0,0,coinbase
1673222400,8.64e-06,9.2e-06,8.56e-06,8.69e-06,8.816666666666666e-06,3408794566463.0,0,coinbase
1673308800,8.68e-06,9.66e-06,8.53e-06,9.26e-06,9.15e-06,3536133262177.0,0,coinbase
1673395200,9.27e-06,9.27e-06,8.65e-06,9.12e-06,9.013333333333332e-06,2102836398663.0,0,coinbase
1673481600,9.12e-06,9.69e-06,8.82e-06,9.47e-06,9.326666666666667e-06,3480016048225.0,0,coinbase
1673568000,9.47e-06,1.028e-05,9.28e-06,1.021e-05,9.923333333333334e-06,3133191286749.0,0,coinbase
1673654400,1.02e-05,1.111e-05,9.57e-06,1.039e-05,1.0356666666666667e-05,5493650152028.0,0,coinbase
1673740800,1.038e-05,1.102e-05,9.79e-06,1.065e-05,1.0486666666666667e-05,3454043265658.0,0,coinbase
1673827200,1.065e-05,1.105e-05,1.007e-05,1.053e-05,1.055e-05,3453864472544.0,0,coinbase
1673913600,1.052e-05,1.082e-05,1.025e-05,1.055e-05,1.0539999999999999e-05,1447466425547.0,0,coinbase
1674000000,1.055e-05,1.295e-05,1.053e-05,1.117e-05,1.1550000000000001e-05,8926191873036.0,0,coinbase
1674086400,1.117e-05,1.179e-05,1.082e-05,1.155e-05,1.1386666666666666e-05,2366814079906.0,0,coinbase
1674172800,1.154e-05,1.242e-05,1.133e-05,1.223e-05,1.1993333333333334e-05,2443538240272.0,0,coinbase
1674259200,1.223e-05,1.25e-05,1.175e-05,1.186e-05,1.2036666666666666e-05,2992625368221.0,0,coinbase
1674345600,1.187e-05,1.25e-05,1.158e-05,1.201e-05,1.203e-05,2477280808341.0,0,coinbase
1674432000,1.2e-05,1.221e-05,1.179e-05,1.199e-05,1.1996666666666666e-05,1655215203150.0,0,coinbase
1674518400,1.2e-05,1.221e-05,1.09e-05,1.119e-05,1.1433333333333333e-05,2163300891164.0,0,coinbase
1674604800,1.118e-05,1.196e-05,1.088e-05,1.165e-05,1.1496666666666666e-05,2297964678310.0,0,coinbase
1674691200,1.165e-05,1.187e-05,1.138e-05,1.162e-05,1.1623333333333333e-05,1362716141166.0,0,coinbase
1674777600,1.161e-05,1.188e-05,1.13e-05,1.173e-05,1.1636666666666665e-05,1563363124701.0,0,coinbase
1674864000,1.174e-05,1.231e-05,1.165e-05,1.182e-05,1.1926666666666667e-05,1837810846624.0,0,coinbase
1674950400,1.182e-05,1.216e-05,1.173e-05,1.207e-05,1.1986666666666667e-05,1339341948123.0,0,coinbase
1675036800,1.208e-05,1.214e-05,1.12e-05,1.152e-05,1.162e-05,1962952933869.0,0,coinbase
1675123200,1.151e-05,1.199e-05,1.144e-05,1.181e-05,1.1746666666666667e-05,1625067384066.0,0,coinbase
1675209600,1.181e-05,1.205e-05,1.13e-05,1.197e-05,1.1773333333333333e-05,2339317484703.0,0,coinbase
1675296000,1.197e-05,1.298e-05,1.192e-05,1.213e-05,1.2343333333333334e-05,3950151700738.0,0,coinbase
1675382400,1.214e-05,1.29e-05,1.205e-05,1.271e-05,1.2553333333333334e-05,2767509754136.0,0,coinbase
1675468800,1.272e-05,1.59e-05,1.27e-05,1.472e-05,1.4439999999999999e-05,9264593442141.0,0,coinbase
1675555200,1.471e-05,1.535e-05,1.389e-05,1.43e-05,1.4513333333333334e-05,4364449180592.0,0,coinbase
1675641600,1.429e-05,1.483e-05,1.393e-05,1.408e-05,1.428e-05,3109655926907.0,0,coinbase
1675728000,1.407e-05,1.449e-05,1.377e-05,1.438e-05,1.4213333333333333e-05,2126402410929.0,0,coinbase
1675814400,1.438e-05,1.456e-05,1.349e-05,1.376e-05,1.3936666666666665e-05,1803438897892.0,0,coinbase
1675900800,1.376e-05,1.383e-05,1.171e-05,1.216e-05,1.2566666666666668e-05,3098985591869.0,0,coinbase
1675987200,1.216e-05,1.336e-05,1.21e-05,1.286e-05,1.2773333333333334e-05,2746310550828.0,0,coinbase
1676073600,1.286e-05,1.311e-05,1.239e-05,1.291e-05,1.2803333333333333e-05,1419074051468.0,0,coinbase
1676160000,1.29e-05,1.354e-05,1.257e-05,1.283e-05,1.2980000000000001e-05,1684133294981.0,0,coinbase
1676246400,1.284e-05,1.307e-05,1.199e-05,1.247e-05,1.251e-05,2229194643341.0,0,coinbase
1676332800,1.249e-05,1.285e-05,1.2e-05,1.275e-05,1.2533333333333332e-05,2012199413213.0,0,coinbase
1676419200,1.276e-05,1.388e-05,1.254e-05,1.375e-05,1.339e-05,3093331252809.0,0,coinbase
1676505600,1.376e-05,1.399e-05,1.256e-05,1.27e-05,1.3083333333333336e-05,4502075038753.0,0,coinbase
1676592000,1.27e-05,1.336e-05,1.263e-05,1.317e-05,1.3053333333333333e-05,2285028810501.0,0,coinbase
1676678400,1.317e-05,1.34e-05,1.302e-05,1.318e-05,1.32e-05,1882017026928.0,0,coinbase
1676764800,1.318e-05,1.4e-05,1.31e-05,1.333e-05,1.3476666666666668e-05,2907090434803.0,0,coinbase
1676851200,1.333e-05,1.377e-05,1.302e-05,1.35e-05,1.3429999999999998e-05,2104749978503.0,0,coinbase
1676937600,1.349e-05,1.362e-05,1.283e-05,1.305e-05,1.3166666666666665e-05,2679162837739.0,0,coinbase
1677024000,1.306e-05,1.317e-05,1.254e-05,1.316e-05,1.2956666666666666e-05,1860733174242.0,0,coinbase
1677110400,1.315e-05,1.367e-05,1.295e-05,1.313e-05,1.3249999999999999e-05,2509325584964.0,0,coinbase
1677196800,1.313e-05,1.323e-05,1.221e-05,1.254e-05,1.2659999999999999e-05,1964998195549.0,0,coinbase
1677283200,1.254e-05,1.265e-05,1.2e-05,1.24e-05,1.235e-05,1315683034540.0,0,coinbase
1677369600,1.24e-05,1.318e-05,1.232e-05,1.284e-05,1.2780000000000001e-05,1477535628067.0,0,coinbase
1677456000,1.284e-05,1.289e-05,1.232e-05,1.252e-05,1.2576666666666666e-05,1305521442639.0,0,coinbase
1677542400,1.252e-05,1.254e-05,1.196e-05,1.201e-05,1.217e-05,1648399842612.0,0,coinbase
1677628800,1.202e-05,1.243e-05,1.192e-05,1.225e-05,1.2199999999999998e-05,1159116852208.0,0,coinbase
1677715200,1.224e-05,1.231e-05,1.173e-05,1.206e-05,1.2033333333333332e-05,1249829362230.0,0,coinbase
1677801600,1.205e-05,1.207e-05,1.085e-05,1.138e-05,1.1433333333333331e-05,2293245914851.0,0,coinbase
1677888000,1.139e-05,1.146e-05,1.085e-05,1.112e-05,1.1143333333333334e-05,510380093081.0,0,coinbase
1677974400,1.112e-05,1.131e-05,1.099e-05,1.11e-05,1.1133333333333332e-05,1000997780834.0,0,coinbase
1678060800,1.11e-05,1.123e-05,1.087e-05,1.115e-05,1.1083333333333331e-05,1225424249984.0,0,coinbase
1678147200,1.116e-05,1.13e-05,1.06e-05,1.112e-05,1.1006666666666666e-05,1821554474887.0,0,coinbase
1678233600,1.112e-05,1.169e-05,1.072e-05,1.093e-05,1.1113333333333334e-05,3471944205484.0,0,coinbase
1678320000,1.093e-05,1.115e-05,9.82e-06,1.008e-05,1.035e-05,3656802084707.0,0,coinbase
1678406400,1.008e-05,1.041e-05,9.64e-06,1.032e-05,1.0123333333333334e-05,3135488894445.0,0,coinbase
1678492800,1.031e-05,1.066e-05,9.96e-06,1.037e-05,1.033e-05,2228846768841.0,0,coinbase
1678579200,1.037e-05,1.089e-05,1.011e-05,1.081e-05,1.0603333333333334e-05,1678453984089.0,0,coinbase
1678665600,1.081e-05,1.128e-05,1.042e-05,1.109e-05,1.093e-05,2825643799021.0,0,coinbase
1678752000,1.109e-05,1.184e-05,1.089e-05,1.128e-05,1.1336666666666668e-05,3414818536757.0,0,coinbase
1678838400,1.129e-05,1.147e-05,1.017e-05,1.044e-05,1.0693333333333333e-05,2989992072588.0,0,coinbase
1678924800,1.043e-05,1.063e-05,1.022e-05,1.052e-05,1.0456666666666666e-05,1495811680133.0,0,coinbase
1679011200,1.052e-05,1.123e-05,1.044e-05,1.114e-05,1.0936666666666666e-05,1866630538762.0,0,coinbase
1679097600,1.115e-05,1.14e-05,1.065e-05,1.073e-05,1.0926666666666667e-05,1718802022301.0,0,coinbase
1679184000,1.074e-05,1.12e-05,1.071e-05,1.094e-05,1.095e-05,1257339597049.0,0,coinbase
1679270400,1.094e-05,1.106e-05,1.038e-05,1.05e-05,1.0646666666666668e-05,1651751087058.0,0,coinbase
1679356800,1.05e-05,1.113e-05,1.033e-05,1.097e-05,1.081e-05,1773674815278.0,0,coinbase
1679443200,1.097e-05,1.109e-05,1.026e-05,1.061e-05,1.0653333333333334e-05,2104672022506.0,0,coinbase
1679529600,1.06e-05,1.099e-05,1.056e-05,1.086e-05,1.0803333333333334e-05,1195194958135.0,0,coinbase
1679616000,1.087e-05,1.09e-05,1.036e-05,1.063e-05,1.063e-05,1140405516047.0,0,coinbase
1679702400,1.063e-05,1.072e-05,1.038e-05,1.052e-05,1.0539999999999999e-05,738893645439.0,0,coinbase
1679788800,1.052e-05,1.07e-05,1.048e-05,1.063e-05,1.0603333333333332e-05,533568245432.0,0,coinbase
1679875200,1.062e-05,1.099e-05,1.02e-05,1.042e-05,1.0536666666666665e-05,1512062279908.0,0,coinbase
1679961600,1.041e-05,1.051e-05,1.026e-05,1.045e-05,1.0406666666666668e-05,846563311523.0,0,coinbase
1680048000,1.045e-05,1.087e-05,1.044e-05,1.068e-05,1.0663333333333332e-05,1015699609778.0,0,coinbase
1680134400,1.068e-05,1.081e-05,1.039e-05,1.056e-05,1.0586666666666666e-05,943379854666.0,0,coinbase
1680220800,1.057e-05,1.097e-05,1.047e-05,1.083e-05,1.0756666666666666e-05,932692654126.0,0,coinbase
1680307200,1.083e-05,1.153e-05,1.069e-05,1.119e-05,1.1136666666666666e-05,1790658062669.0,0,coinbase
1680393600,1.118e-05,1.15e-05,1.07e-05,1.08e-05,1.0999999999999998e-05,1313763571666.0,0,coinbase
1680480000,1.08e-05,1.17e-05,1.051e-05,1.123e-05,1.1146666666666666e-05,3366652419261.0,0,coinbase
1680566400,1.122e-05,1.158e-05,1.106e-05,1.123e-05,1.129e-05,1629311208337.0,0,coinbase
1680652800,1.122e-05,1.148e-05,1.104e-05,1.123e-05,1.125e-05,1213869704881.0,0,coinbase
1680739200,1.122e-05,1.125e-05,1.085e-05,1.097e-05,1.1023333333333333e-05,1263455487881.0,0,coinbase
1680825600,1.097e-05,1.102e-05,1.082e-05,1.094e-05,1.0926666666666667e-05,684902313773.0,0,coinbase
1680912000,1.094e-05,1.108e-05,1.079e-05,1.087e-05,1.0913333333333334e-05,549339973263.0,0,coinbase
1680998400,1.086e-05,1.102e-05,1.081e-05,1.097e-05,1.0933333333333333e-05,514635901826.0,0,coinbase
1681084800,1.096e-05,1.117e-05,1.085e-05,1.113e-05,1.105e-05,718026810974.0,0,coinbase
1681171200,1.113e-05,1.119e-05,1.101e-05,1.105e-05,1.1083333333333331e-05,797744842037.0,0,coinbase
1681257600,1.105e-05,1.11e-05,1.061e-05,1.098e-05,1.0896666666666667e-05,1249015762218.0,0,coinbase
1681344000,1.098e-05,1.122e-05,1.09e-05,1.111e-05,1.1076666666666667e-05,836953532167.0,0,coinbase
1681430400,1.111e-05,1.151e-05,1.099e-05,1.125e-05,1.125e-05,1773013161869.0,0,coinbase
1681516800,1.125e-05,1.161e-05,1.106e-05,1.156e-05,1.1410000000000001e-05,1073876516848.0,0,coinbase
1681603200,1.156e-05,1.188e-05,1.141e-05,1.158e-05,1.1623333333333333e-05,1702717166091.0,0,coinbase
1681689600,1.157e-05,1.171e-05,1.12e-05,1.138e-05,1.1429999999999999e-05,1404075531584.0,0,coinbase
1681776000,1.137e-05,1.171e-05,1.125e-05,1.158e-05,1.1513333333333332e-05,976353056198.0,0,coinbase
1681862400,1.158e-05,1.16e-05,1.061e-05,1.085e-05,1.102e-05,1794938634335.0,0,coinbase
1681948800,1.084e-05,1.102e-05,1.039e-05,1.06e-05,1.067e-05,1478552936953.0,0,coinbase
1682035200,1.06e-05,1.069e-05,1.004e-05,1.029e-05,1.034e-05,1136669409586.0,0,coinbase
1682121600,1.028e-05,1.05e-05,1.016e-05,1.045e-05,1.0369999999999999e-05,530557731089.0,0,coinbase
1682208000,1.045e-05,1.047e-05,1.007e-05,1.032e-05,1.0286666666666666e-05,510123363542.0,0,coinbase
1682294400,1.032e-05,1.043e-05,1.011e-05,1.027e-05,1.027e-05,535652860377.0,0,coinbase
1682380800,1.027e-05,1.044e-05,1.008e-05,1.036e-05,1.0293333333333334e-05,602370344096.0,0,coinbase
1682467200,1.036e-05,1.075e-05,9.74e-06,1.018e-05,1.0223333333333334e-05,788413965788.0,0,coinbase
1682553600,1.017e-05,1.071e-05,1.014e-05,1.028e-05,1.0376666666666665e-05,598689899013.0,0,coinbase
1682640000,1.028e-05,1.032e-05,1.01e-05,1.025e-05,1.0223333333333333e-05,305961243625.0,0,coinbase
1682726400,1.025e-05,1.038e-05,1.019e-05,1.029e-05,1.0286666666666666e-05,288286274987.0,0,coinbase
1682812800,1.03e-05,1.03e-05,1.004e-05,1.009e-05,1.0143333333333333e-05,330062809390.0,0,coinbase
1682899200,1.009e-05,1.013e-05,9.74e-06,9.97e-06,9.946666666666666e-06,868464304313.0,0,coinbase
1682985600,9.97e-06,1.013e-05,9.85e-06,1.003e-05,1.0003333333333335e-05,457937992494.0,0,coinbase
1683072000,1.002e-05,1.02e-05,9.82e-06,1.011e-05,1.0043333333333334e-05,646618137580.0,0,coinbase
1683158400,1.011e-05,1.013e-05,9.87e-06,9.9e-06,9.966666666666666e-06,524529616358.0,0,coinbase
1683244800,9.9e-06,1.04e-05,9.76e-06,1.002e-05,1.006e-05,779692545849.0,0,coinbase
1683331200,1.001e-05,1.007e-05,9.19e-06,9.47e-06,9.576666666666668e-06,1174878223654.0,0,coinbase
1683417600,9.48e-06,9.55e-06,9.31e-06,9.36e-06,9.406666666666666e-06,581875831217.0,0,coinbase
1683504000,9.36e-06,9.38e-06,8.35e-06,8.93e-06,8.886666666666666e-06,1680437958863.0,0,coinbase
1683590400,8.92e-06,9.03e-06,8.71e-06,9e-06,8.913333333333333e-06,949391835775.0,0,coinbase
1683676800,9.01e-06,9.3e-06,8.62e-06,8.99e-06,8.97e-06,937465424482.0,0,coinbase
1683763200,8.99e-06,9.01e-06,8.53e-06,8.69e-06,8.743333333333333e-06,915247361885.0,0,coinbase
1683849600,8.68e-06,8.86e-06,8.46e-06,8.85e-06,8.723333333333333e-06,903633601028.0,0,coinbase
1683936000,8.84e-06,8.86e-06,8.67e-06,8.73e-06,8.753333333333333e-06,445644172074.0,0,coinbase
1684022400,8.72e-06,8.89e-06,8.64e-06,8.79e-06,8.773333333333333e-06,340963701306.0,0,coinbase
1684108800,8.78e-06,8.92e-06,8.66e-06,8.79e-06,8.79e-06,545192262205.0,0,coinbase
1684195200,8.8e-06,8.84e-06,8.67e-06,8.78e-06,8.763333333333333e-06,596163567478.0,0,coinbase
1684281600,8.77e-06,8.85e-06,8.58e-06,8.77e-06,8.733333333333333e-06,784944448642.0,0,coinbase
1684368000,8.77e-06,8.84e-06,8.49e-06,8.69e-06,8.673333333333332e-06,766271083852.0,0,coinbase
1684454400,8.7e-06,8.75e-06,8.64e-06,8.68e-06,8.69e-06,476876235963.0,0,coinbase
1684540800,8.69e-06,8.78e-06,8.63e-06,8.72e-06,8.710000000000001e-06,326253068820.0,0,coinbase
1684627200,8.73e-06,8.77e-06,8.48e-06,8.52e-06,8.589999999999999e-06,412607834032.0,0,coinbase
1684713600,8.53e-06,9.02e-06,8.42e-06,8.79e-06,8.743333333333335e-06,1175978095090.0,0,coinbase
1684800000,8.78e-06,9.17e-06,8.78e-06,8.89e-06,8.946666666666667e-06,1019119561752.0,0,coinbase
1684886400,8.89e-06,8.9e-06,8.41e-06,8.51e-06,8.606666666666667e-06,824685225410.0,0,coinbase
1684972800,8.5e-06,8.67e-06,8.29e-06,8.5e-06,8.486666666666666e-06,715135260557.0,0,coinbase
1685059200,8.51e-06,8.64e-06,8.43e-06,8.54e-06,8.536666666666667e-06,577149389706.0,0,coinbase
1685145600,8.55e-06,8.66e-06,8.51e-06,8.63e-06,8.6e-06,267805190871.0,0,coinbase
1685232000,8.64e-06,8.9e-06,8.6e-06,8.81e-06,8.769999999999999e-06,797770880256.0,0,coinbase
1685318400,8.8e-06,8.88e-06,8.68e-06,8.7e-06,8.753333333333335e-06,521253218984.0,0,coinbase
1685404800,8.7e-06,8.84e-06,8.62e-06,8.66e-06,8.706666666666667e-06,501324035410.0,0,coinbase
1685491200,8.67e-06,8.71e-06,8.32e-06,8.59e-06,8.54e-06,893542763352.0,0,coinbase
1685577600,8.58e-06,8.78e-06,8.44e-06,8.47e-06,8.563333333333333e-06,706525427146.0,0,coinbase
1685664000,8.46e-06,8.74e-06,8.25e-06,8.61e-06,8.533333333333334e-06,824748017562.0,0,coinbase
1685750400,8.6e-06,8.7e-06,8.52e-06,8.6e-06,8.606666666666667e-06,373174089762.0,0,coinbase
1685836800,8.6e-06,8.7e-06,8.54e-06,8.61e-06,8.616666666666667e-06,385966118948.0,0,coinbase
1685923200,8.6e-06,8.67e-06,7.74e-06,7.99e-06,8.133333333333334e-06,1374381537031.0,0,coinbase
1686009600,7.98e-06,8.25e-06,7.86e-06,8.17e-06,8.093333333333333e-06,894448923473.0,0,coinbase
1686096000,8.17e-06,8.19e-06,7.76e-06,7.87e-06,7.94e-06,807498801098.0,0,coinbase
1686182400,7.88e-06,8.01e-06,7.81e-06,7.95e-06,7.923333333333334e-06,479848840306.0,0,coinbase
1686268800,7.95e-06,8.05e-06,7.59e-06,7.88e-06,7.84e-06,777042243630.0,0,coinbase
1686355200,7.87e-06,7.93e-06,6e-06,6.86e-06,6.9300000000000006e-06,4538081822790.0,0,coinbase
1686441600,6.86e-06,6.88e-06,6.54e-06,6.67e-06,6.696666666666666e-06,1135250942104.0,0,coinbase
1686528000,6.67e-06,6.71e-06,6.39e-06,6.67e-06,6.59e-06,1074501784990.0,0,coinbase
1686614400,6.67e-06,6.94e-06,6.6e-06,6.8e-06,6.7799999999999995e-06,944713246605.0,0,coinbase
1686700800,6.8e-06,6.94e-06,6.44e-06,6.56e-06,6.646666666666668e-06,1180184926113.0,0,coinbase
1686787200,6.56e-06,6.84e-06,6.49e-06,6.74e-06,6.6899999999999995e-06,918861666432.0,0,coinbase
1686873600,6.74e-06,6.87e-06,6.6e-06,6.84e-06,6.77e-06,744993989810.0,0,coinbase
1686960000,6.83e-06,7e-06,6.78e-06,6.98e-06,6.920000000000001e-06,651839306793.0,0,coinbase
1687046400,6.98e-06,7.56e-06,6.91e-06,7.21e-06,7.226666666666666e-06,1971249584204.0,0,coinbase
1687132800,7.21e-06,7.33e-06,7.04e-06,7.23e-06,7.2e-06,953578803006.0,0,coinbase
1687219200,7.23e-06,7.29e-06,6.98e-06,7.27e-06,7.18e-06,967944379271.0,0,coinbase
1687305600,7.27e-06,7.63e-06,7.25e-06,7.55e-06,7.4766666666666665e-06,1455718771912.0,0,coinbase
1687392000,7.54e-06,8.46e-06,7.53e-06,7.8e-06,7.93e-06,2946743927581.0,0,coinbase
1687478400,7.8e-06,8.15e-06,7.71e-06,7.94e-06,7.933333333333334e-06,1281740933484.0,0,coinbase
1687564800,7.94e-06,8.08e-06,7.67e-06,7.81e-06,7.853333333333333e-06,926247467763.0,0,coinbase
1687651200,7.81e-06,8.04e-06,7.76e-06,7.87e-06,7.889999999999999e-06,833978905440.0,0,coinbase
1687737600,7.86e-06,7.92e-06,7.43e-06,7.56e-06,7.636666666666666e-06,1091361819458.0,0,coinbase
1687824000,7.56e-06,7.68e-06,7.47e-06,7.6e-06,7.5833333333333324e-06,694591764286.0,0,coinbase
1687910400,7.61e-06,7.61e-06,7.02e-06,7.22e-06,7.2833333333333345e-06,1131962262654.0,0,coinbase
1687996800,7.22e-06,7.44e-06,7.2e-06,7.32e-06,7.32e-06,941534052181.0,0,coinbase
1688083200,7.33e-06,7.66e-06,7.02e-06,7.55e-06,7.409999999999999e-06,2130679854539.0,0,coinbase
1688169600,7.56e-06,7.78e-06,7.49e-06,7.64e-06,7.636666666666668e-06,1090751487065.0,0,coinbase
1688256000,7.64e-06,7.72e-06,7.42e-06,7.66e-06,7.599999999999999e-06,973840865716.0,0,coinbase
1688342400,7.66e-06,7.8e-06,7.62e-06,7.77e-06,7.73e-06,885509873339.0,0,coinbase
1688428800,7.76e-06,7.86e-06,7.61e-06,7.68e-06,7.716666666666667e-06,1033909680019.0,0,coinbase
1688515200,7.68e-06,7.75e-06,7.35e-06,7.47e-06,7.523333333333334e-06,1068514365254.0,0,coinbase
1688601600,7.46e-06,7.68e-06,7.13e-06,7.14e-06,7.316666666666666e-06,1042356624698.0,0,coinbase
1688688000,7.15e-06,7.32e-06,7.06e-06,7.32e-06,7.233333333333334e-06,842022197685.0,0,coinbase
1688774400,7.31e-06,7.73e-06,7.26e-06,7.65e-06,7.546666666666667e-06,799481981906.0,0,coinbase
1688860800,7.65e-06,7.81e-06,7.57e-06,7.73e-06,7.703333333333333e-06,851755762346.0,0,coinbase
1688947200,7.74e-06,7.74e-06,7.41e-06,7.55e-06,7.5666666666666665e-06,876938596438.0,0,coinbase
1689033600,7.55e-06,7.62e-06,7.43e-06,7.52e-06,7.523333333333333e-06,611720857504.0,0,coinbase
1689120000,7.52e-06,7.6e-06,7.35e-06,7.51e-06,7.486666666666667e-06,722506582668.0,0,coinbase
1689206400,7.51e-06,8.13e-06,7.43e-06,7.99e-06,7.85e-06,2034926138582.0,0,coinbase
1689292800,7.99e-06,8.44e-06,7.59e-06,7.99e-06,8.006666666666667e-06,2455230838090.0,0,coinbase
1689379200,7.98e-06,8.53e-06,7.91e-06,8.1e-06,8.18e-06,1603014707411.0,0,coinbase
1689465600,8.1e-06,8.18e-06,7.82e-06,7.85e-06,7.949999999999998e-06,931219268041.0,0,coinbase
1689552000,7.86e-06,8.08e-06,7.62e-06,7.84e-06,7.846666666666667e-06,902244549143.0,0,coinbase
1689638400,7.84e-06,7.9e-06,7.57e-06,7.72e-06,7.73e-06,588455671366.0,0,coinbase
1689724800,7.71e-06,7.85e-06,7.64e-06,7.75e-06,7.746666666666666e-06,676329692977.0,0,coinbase
1689811200,7.74e-06,7.93e-06,7.61e-06,7.7e-06,7.746666666666666e-06,760698041956.0,0,coinbase
1689897600,7.7e-06,8.08e-06,7.64e-06,7.84e-06,7.853333333333333e-06,728739770548.0,0,coinbase
1689984000,7.84e-06,7.92e-06,7.7e-06,7.78e-06,7.800000000000002e-06,426329732081.0,0,coinbase
1690070400,7.77e-06,7.92e-06,7.72e-06,7.86e-06,7.833333333333333e-06,424482738529.0,0,coinbase
1690156800,7.85e-06,8.02e-06,7.57e-06,7.66e-06,7.749999999999999e-06,943102092939.0,0,coinbase
1690243200,7.67e-06,7.95e-06,7.65e-06,7.91e-06,7.836666666666667e-06,1026036485787.0,0,coinbase
1690329600,7.92e-06,7.98e-06,7.71e-06,7.85e-06,7.846666666666667e-06,750181342371.0,0,coinbase
1690416000,7.86e-06,7.94e-06,7.73e-06,7.8e-06,7.823333333333334e-06,455231393843.0,0,coinbase
1690502400,7.8e-06,8.45e-06,7.77e-06,8.17e-06,8.13e-06,1689480518090.0,0,coinbase
1690588800,8.17e-06,8.65e-06,8.13e-06,8.52e-06,8.433333333333333e-06,1375126383988.0,0,coinbase
1690675200,8.52e-06,8.78e-06,8.1e-06,8.28e-06,8.386666666666667e-06,1479357980885.0,0,coinbase
1690761600,8.29e-06,8.72e-06,8.22e-06,8.47e-06,8.469999999999999e-06,1327556898311.0,0,coinbase
1690848000,8.46e-06,8.46e-06,8.12e-06,8.42e-06,8.333333333333334e-06,969062461861.0,0,coinbase
1690934400,8.41e-06,8.47e-06,8.07e-06,8.15e-06,8.23e-06,638996487995.0,0,coinbase
1691020800,8.15e-06,8.38e-06,8.11e-06,8.28e-06,8.256666666666667e-06,666517171227.0,0,coinbase
1691107200,8.27e-06,8.84e-06,8.27e-06,8.68e-06,8.596666666666667e-06,1369168630052.0,0,coinbase
1691193600,8.67e-06,1.05e-05,8.64e-06,9.98e-06,9.706666666666666e-06,4928694396951.0,0,coinbase
1691280000,9.98e-06,1.027e-05,9.18e-06,9.37e-06,9.606666666666666e-06,2287111693725.0,0,coinbase
1691366400,9.37e-06,9.47e-06,8.76e-06,8.97e-06,9.066666666666667e-06,1465229425893.0,0,coinbase
1691452800,8.96e-06,9.68e-06,8.86e-06,9.53e-06,9.356666666666666e-06,1797951286171.0,0,coinbase
1691539200,9.52e-06,1.005e-05,9.41e-06,9.63e-06,9.696666666666666e-06,1868862755028.0,0,coinbase
1691625600,9.62e-06,1.017e-05,9.57e-06,9.9e-06,9.879999999999999e-06,1825101524578.0,0,coinbase
1691712000,9.91e-06,1.06e-05,9.78e-06,1.051e-05,1.0296666666666666e-05,2204924890651.0,0,coinbase
1691798400,1.052e-05,1.134e-05,1.035e-05,1.066e-05,1.0783333333333334e-05,3555572761373.0,0,coinbase
1691884800,1.066e-05,1.082e-05,1.012e-05,1.021e-05,1.0383333333333333e-05,1729800108879.0,0,coinbase
1691971200,1.021e-05,1.064e-05,9.96e-06,1.016e-05,1.0253333333333332e-05,3361221864666.0,0,coinbase
1692057600,1.017e-05,1.065e-05,9.34e-06,9.92e-06,9.97e-06,3420438720736.0,0,coinbase
1692144000,9.93e-06,1.015e-05,9.01e-06,9.21e-06,9.456666666666667e-06,3770920964104.0,0,coinbase
1692230400,9.2e-06,9.35e-06,7.26e-06,8.13e-06,8.246666666666665e-06,4506594943519.0,0,coinbase
1692316800,8.13e-06,8.72e-06,8.04e-06,8.58e-06,8.446666666666667e-06,2457939109326.0,0,coinbase
1692403200,8.57e-06,8.69e-06,8.32e-06,8.44e-06,8.483333333333334e-06,1082878692885.0,0,coinbase
1692489600,8.44e-06,8.48e-06,8.14e-06,8.31e-06,8.31e-06,764307339019.0,0,coinbase
1692576000,8.3e-06,8.38e-06,7.75e-06,7.98e-06,8.036666666666665e-06,1466292233088.0,0,coinbase
1692662400,7.97e-06,8.07e-06,7.55e-06,7.99e-06,7.87e-06,1440254411274.0,0,coinbase
1692748800,7.99e-06,8.54e-06,7.97e-06,8.31e-06,8.273333333333333e-06,1663689137190.0,0,coinbase
1692835200,8.31e-06,8.36e-06,8.03e-06,8.22e-06,8.203333333333332e-06,901422894027.0,0,coinbase
1692921600,8.21e-06,8.26e-06,7.98e-06,8.15e-06,8.13e-06,931065305519.0,0,coinbase
1693008000,8.14e-06,8.24e-06,8.07e-06,8.09e-06,8.133333333333334e-06,526296350716.0,0,coinbase
1693094400,8.09e-06,8.18e-06,8e-06,8.03e-06,8.069999999999999e-06,430062483775.0,0,coinbase
1693180800,8.04e-06,8.33e-06,7.85e-06,8.22e-06,8.133333333333332e-06,1210408157067.0,0,coinbase
1693267200,8.23e-06,8.46e-06,8.04e-06,8.37e-06,8.29e-06,1509507093921.0,0,coinbase
1693353600,8.36e-06,8.38e-06,8.07e-06,8.15e-06,8.200000000000001e-06,737342378992.0,0,coinbase
1693440000,8.16e-06,8.25e-06,7.79e-06,7.99e-06,8.010000000000001e-06,961788094964.0,0,coinbase
1693526400,7.99e-06,8.05e-06,7.73e-06,7.9e-06,7.893333333333335e-06,955382177082.0,0,coinbase
1693612800,7.9e-06,7.94e-06,7.77e-06,7.83e-06,7.846666666666667e-06,453847835908.0,0,coinbase
1693699200,7.83e-06,7.87e-06,7.64e-06,7.69e-06,7.733333333333333e-06,568240722257.0,0,coinbase
1693785600,7.69e-06,7.79e-06,7.37e-06,7.5e-06,7.553333333333334e-06,710684375317.0,0,coinbase
1693872000,7.49e-06,7.72e-06,7.43e-06,7.65e-06,7.599999999999999e-06,658026258314.0,0,coinbase
1693958400,7.65e-06,7.79e-06,7.51e-06,7.69e-06,7.663333333333333e-06,686902064476.0,0,coinbase
1694044800,7.68e-06,7.71e-06,7.54e-06,7.68e-06,7.643333333333334e-06,527093066517.0,0,coinbase
1694131200,7.68e-06,7.71e-06,7.48e-06,7.6e-06,7.596666666666668e-06,553007635722.0,0,coinbase
1694217600,7.6e-06,7.65e-06,7.55e-06,7.57e-06,7.59e-06,391714921854.0,0,coinbase
1694304000,7.57e-06,7.57e-06,7.21e-06,7.36e-06,7.3800000000000005e-06,961559038075.0,0,coinbase
1694390400,7.36e-06,7.39e-06,6.96e-06,7.06e-06,7.136666666666666e-06,1455477459625.0,0,coinbase
1694476800,7.06e-06,7.36e-06,7.05e-06,7.17e-06,7.193333333333334e-06,1028925773747.0,0,coinbase
1694563200,7.17e-06,7.36e-06,7.14e-06,7.25e-06,7.25e-06,844104517185.0,0,coinbase
1694649600,7.25e-06,7.45e-06,7.21e-06,7.36e-06,7.34e-06,630624260075.0,0,coinbase
1694736000,7.37e-06,7.49e-06,7.31e-06,7.45e-06,7.416666666666666e-06,524822816688.0,0,coinbase
1694822400,7.45e-06,7.57e-06,7.33e-06,7.39e-06,7.429999999999999e-06,576298641263.0,0,coinbase
1694908800,7.4e-06,7.4e-06,7.1e-06,7.22e-06,7.240000000000001e-06,563686458659.0,0,coinbase
1694995200,7.22e-06,7.42e-06,7.15e-06,7.25e-06,7.273333333333334e-06,607718036636.0,0,coinbase
1695081600,7.26e-06,7.43e-06,7.22e-06,7.41e-06,7.353333333333334e-06,549855757285.0,0,coinbase
1695168000,7.4e-06,7.49e-06,7.27e-06,7.44e-06,7.4e-06,632583012577.0,0,coinbase
1695254400,7.44e-06,7.54e-06,7.22e-06,7.25e-06,7.336666666666667e-06,761893421551.0,0,coinbase
1695340800,7.24e-06,7.32e-06,7.15e-06,7.3e-06,7.256666666666667e-06,487555457183.0,0,coinbase
1695427200,7.3e-06,7.71e-06,7.29e-06,7.51e-06,7.503333333333333e-06,993182411637.0,0,coinbase
1695513600,7.5e-06,7.5e-06,7.27e-06,7.31e-06,7.36e-06,538601797687.0,0,coinbase
1695600000,7.31e-06,7.39e-06,7.18e-06,7.29e-06,7.286666666666667e-06,519663626092.0,0,coinbase
1695686400,7.28e-06,7.33e-06,7.18e-06,7.26e-06,7.256666666666667e-06,427386942972.0,0,coinbase
1695772800,7.26e-06,7.31e-06,7.14e-06,7.21e-06,7.2199999999999995e-06,503162717664.0,0,coinbase
1695859200,7.22e-06,7.33e-06,7.2e-06,7.31e-06,7.280000000000001e-06,542342404209.0,0,coinbase
1695945600,7.31e-06,7.42e-06,7.27e-06,7.32e-06,7.336666666666667e-06,537710342995.0,0,coinbase
1696032000,7.32e-06,7.4e-06,7.3e-06,7.33e-06,7.343333333333334e-06,440894994288.0,0,coinbase
1696118400,7.33e-06,7.58e-06,7.33e-06,7.52e-06,7.4766666666666665e-06,576082621968.0,0,coinbase
1696204800,7.53e-06,7.61e-06,7.2e-06,7.32e-06,7.376666666666667e-06,915588282223.0,0,coinbase
1696291200,7.31e-06,7.34e-06,7.22e-06,7.28e-06,7.280000000000001e-06,426199713882.0,0,coinbase
1696377600,7.27e-06,7.28e-06,7.07e-06,7.24e-06,7.1966666666666675e-06,636732775868.0,0,coinbase
1696464000,7.24e-06,7.28e-06,7.12e-06,7.14e-06,7.18e-06,531054152314.0,0,coinbase
1696550400,7.14e-06,7.26e-06,7.13e-06,7.24e-06,7.2100000000000004e-06,459450189660.0,0,coinbase
1696636800,7.24e-06,7.26e-06,7.18e-06,7.24e-06,7.226666666666667e-06,288937600485.0,0,coinbase
1696723200,7.24e-06,7.3e-06,7.17e-06,7.19e-06,7.2199999999999995e-06,437634113150.0,0,coinbase
1696809600,7.19e-06,7.21e-06,6.73e-06,6.92e-06,6.953333333333333e-06,880528046617.0,0,coinbase
1696896000,6.92e-06,6.98e-06,6.82e-06,6.91e-06,6.903333333333333e-06,548000800986.0,0,coinbase
1696982400,6.9e-06,6.95e-06,6.71e-06,6.78e-06,6.813333333333334e-06,681477245926.0,0,coinbase
1697068800,6.78e-06,6.89e-06,6.72e-06,6.79e-06,6.8e-06,565039504862.0,0,coinbase
1697155200,6.79e-06,6.99e-06,6.77e-06,6.91e-06,6.89e-06,504710356315.0,0,coinbase
1697241600,6.92e-06,7.14e-06,6.9e-06,7.03e-06,7.0233333333333336e-06,522018801141.0,0,coinbase
1697328000,7.03e-06,7.07e-06,6.94e-06,6.98e-06,6.996666666666667e-06,339789617386.0,0,coinbase
1697414400,6.98e-06,7.29e-06,6.96e-06,7.1e-06,7.1166666666666666e-06,752605995472.0,0,coinbase
1697500800,7.1e-06,7.13e-06,6.83e-06,6.89e-06,6.9499999999999995e-06,535963782561.0,0,coinbase
1697587200,6.89e-06,6.96e-06,6.71e-06,6.77e-06,6.813333333333334e-06,465122851568.0,0,coinbase
1697673600,6.76e-06,6.87e-06,6.62e-06,6.84e-06,6.7766666666666664e-06,546462446396.0,0,coinbase
1697760000,6.84e-06,7.03e-06,6.82e-06,6.9e-06,6.916666666666667e-06,609928366123.0,0,coinbase
1697846400,6.9e-06,7.18e-06,6.88e-06,7.07e-06,7.043333333333334e-06,688867342863.0,0,coinbase
1697932800,7.06e-06,7.13e-06,6.92e-06,7.13e-06,7.06e-06,708193573343.0,0,coinbase
1698019200,7.14e-06,7.52e-06,7.1e-06,7.52e-06,7.38e-06,2115601567189.0,0,coinbase
1698105600,7.52e-06,7.75e-06,7.23e-06,7.4e-06,7.46e-06,2291260561869.0,0,coinbase
1698192000,7.39e-06,7.98e-06,7.27e-06,7.8e-06,7.683333333333333e-06,2302237674493.0,0,coinbase
1698278400,7.81e-06,8.25e-06,7.57e-06,7.91e-06,7.91e-06,2805788448889.0,0,coinbase
1698364800,7.91e-06,7.97e-06,7.57e-06,7.7e-06,7.746666666666666e-06,1341565521755.0,0,coinbase
1698451200,7.7e-06,8.12e-06,7.66e-06,7.96e-06,7.913333333333333e-06,899862860237.0,0,coinbase
1698537600,7.96e-06,8.11e-06,7.74e-06,8.02e-06,7.956666666666666e-06,1050039470053.0,0,coinbase
1698624000,8.02e-06,8.07e-06,7.81e-06,7.97e-06,7.95e-06,977315993442.0,0,coinbase
1698710400,7.97e-06,8.04e-06,7.54e-06,7.78e-06,7.786666666666666e-06,1220753219558.0,0,coinbase
1698796800,7.78e-06,7.98e-06,7.57e-06,7.98e-06,7.843333333333333e-06,1210532470165.0,0,coinbase
1698883200,7.98e-06,8.08e-06,7.66e-06,7.86e-06,7.866666666666667e-06,1504947574195.0,0,coinbase
1698969600,7.85e-06,7.86e-06,7.63e-06,7.82e-06,7.77e-06,877524830712.0,0,coinbase
1699056000,7.82e-06,7.98e-06,7.78e-06,7.96e-06,7.906666666666665e-06,727025718510.0,0,coinbase
1699142400,7.95e-06,8.31e-06,7.9e-06,8.13e-06,8.113333333333334e-06,1666558790633.0,0,coinbase
1699228800,8.13e-06,8.52e-06,8e-06,8.46e-06,8.326666666666666e-06,2032079891648.0,0,coinbase
1699315200,8.46e-06,8.47e-06,7.96e-06,8.19e-06,8.206666666666665e-06,2662800001102.0,0,coinbase
1699401600,8.2e-06,8.35e-06,8.15e-06,8.28e-06,8.26e-06,1474055111449.0,0,coinbase
1699488000,8.28e-06,8.72e-06,7.92e-06,8.22e-06,8.286666666666666e-06,3336594403010.0,0,coinbase
1699574400,8.22e-06,8.56e-06,8.09e-06,8.49e-06,8.38e-06,2937533996066.0,0,coinbase
1699660800,8.49e-06,9.66e-06,8.46e-06,9.09e-06,9.070000000000001e-06,6817902774238.0,0,coinbase
1699747200,9.08e-06,9.15e-06,8.65e-06,8.93e-06,8.91e-06,2663815531193.0,0,coinbase
1699833600,8.92e-06,9.18e-06,8.45e-06,8.54e-06,8.723333333333333e-06,3121465327084.0,0,coinbase
1699920000,8.54e-06,8.69e-06,8.01e-06,8.34e-06,8.346666666666666e-06,2264839794431.0,0,coinbase
1700006400,8.33e-06,8.84e-06,8.32e-06,8.79e-06,8.65e-06,1768051679519.0,0,coinbase
1700092800,8.81e-06,9.19e-06,8.28e-06,8.5e-06,8.656666666666666e-06,2920813928742.0,0,coinbase
1700179200,8.49e-06,9.15e-06,8.41e-06,8.82e-06,8.793333333333334e-06,3121184499240.0,0,coinbase
1700265600,8.82e-06,8.91e-06,8.4e-06,8.57e-06,8.626666666666665e-06,1757834171025.0,0,coinbase
1700352000,8.55e-06,8.71e-06,8.36e-06,8.69e-06,8.586666666666665e-06,1032844818552.0,0,coinbase
1700438400,8.68e-06,8.72e-06,8.37e-06,8.44e-06,8.51e-06,1312031985218.0,0,coinbase
1700524800,8.43e-06,8.52e-06,7.61e-06,7.74e-06,7.956666666666666e-06,2706077714831.0,0,coinbase
1700611200,7.73e-06,8.18e-06,7.7e-06,8.1e-06,7.993333333333334e-06,1976543589953.0,0,coinbase
1700697600,8.09e-06,8.19e-06,8.01e-06,8.12e-06,8.106666666666666e-06,938737929957.0,0,coinbase
1700784000,8.12e-06,8.3e-06,8.08e-06,8.2e-06,8.193333333333333e-06,1132664394261.0,0,coinbase
1700870400,8.19e-06,8.59e-06,8.16e-06,8.47e-06,8.406666666666667e-06,878131203161.0,0,coinbase
1700956800,8.48e-06,8.49e-06,8.06e-06,8.3e-06,8.283333333333334e-06,1328454759677.0,0,coinbase
1701043200,8.3e-06,8.65e-06,8.02e-06,8.2e-06,8.29e-06,1933546371584.0,0,coinbase
1701129600,8.2e-06,8.34e-06,8.03e-06,8.31e-06,8.226666666666667e-06,1268597043051.0,0,coinbase
1701216000,8.32e-06,8.39e-06,8.16e-06,8.22e-06,8.256666666666667e-06,1191679268429.0,0,coinbase
1701302400,8.21e-06,8.31e-06,8.12e-06,8.3e-06,8.243333333333335e-06,1068170212213.0,0,coinbase
1701388800,8.29e-06,8.4e-06,8.25e-06,8.37e-06,8.34e-06,1128524295764.0,0,coinbase
1701475200,8.37e-06,8.58e-06,8.34e-06,8.53e-06,8.483333333333334e-06,1064234678836.0,0,coinbase
1701561600,8.53e-06,9.49e-06,8.37e-06,9.03e-06,8.963333333333334e-06,4181425390354.0,0,coinbase
1701648000,9.02e-06,9.64e-06,8.68e-06,9.21e-06,9.176666666666668e-06,4893222859268.0,0,coinbase
1701734400,9.21e-06,9.58e-06,8.88e-06,9.48e-06,9.313333333333333e-06,4265557751851.0,0,coinbase
1701820800,9.49e-06,1.067e-05,9.31e-06,9.73e-06,9.903333333333334e-06,7527998662827.0,0,coinbase
1701907200,9.72e-06,9.88e-06,9.38e-06,9.78e-06,9.68e-06,3053686868997.0,0,coinbase
1701993600,9.79e-06,1.044e-05,9.75e-06,1.021e-05,1.0133333333333333e-05,3001320589227.0,0,coinbase
1702080000,1.021e-05,1.044e-05,9.9e-06,1e-05,1.0113333333333332e-05,2764480291120.0,0,coinbase
1702166400,1e-05,1.04e-05,9.9e-06,1.033e-05,1.0209999999999999e-05,2238024159013.0,0,coinbase
1702252800,1.033e-05,1.059e-05,9.15e-06,9.52e-06,9.753333333333334e-06,4382740459166.0,0,coinbase
1702339200,9.5e-06,9.76e-06,9.29e-06,9.58e-06,9.543333333333334e-06,1764947755081.0,0,coinbase
1702425600,9.58e-06,9.87e-06,9.14e-06,9.81e-06,9.606666666666667e-06,2494528303830.0,0,coinbase
1702512000,9.82e-06,1.02e-05,9.51e-06,1.009e-05,9.933333333333334e-06,2478255620857.0,0,coinbase
1702598400,1.009e-05,1.011e-05,9.57e-06,9.6e-06,9.76e-06,1871750785531.0,0,coinbase
1702684800,9.6e-06,1.174e-05,9.46e-06,1.161e-05,1.0936666666666666e-05,5718132107996.0,0,coinbase
1702771200,1.161e-05,1.194e-05,1.022e-05,1.028e-05,1.0813333333333332e-05,5507666915812.0,0,coinbase
1702857600,1.029e-05,1.049e-05,9.55e-06,1.044e-05,1.016e-05,3093927677099.0,0,coinbase
1702944000,1.043e-05,1.059e-05,9.99e-06,1.011e-05,1.023e-05,1458704939794.0,0,coinbase
1703030400,1.012e-05,1.05e-05,9.95e-06,1.024e-05,1.023e-05,1228297502920.0,0,coinbase
1703116800,1.023e-05,1.056e-05,1.013e-05,1.043e-05,1.0373333333333333e-05,1305601249152.0,0,coinbase
1703203200,1.044e-05,1.096e-05,1.032e-05,1.092e-05,1.0733333333333333e-05,2269192134406.0,0,coinbase
1703289600,1.092e-05,1.127e-05,1.052e-05,1.108e-05,1.0956666666666668e-05,2089634700605.0,0,coinbase
1703376000,1.109e-05,1.11e-05,1.045e-05,1.066e-05,1.0736666666666668e-05,1465626830112.0,0,coinbase
1703462400,1.066e-05,1.106e-05,1.054e-05,1.102e-05,1.0873333333333335e-05,979866265317.0,0,coinbase
1703548800,1.101e-05,1.103e-05,1e-05,1.06e-05,1.0543333333333333e-05,1152578577668.0,0,coinbase
1703635200,1.059e-05,1.094e-05,1.028e-05,1.09e-05,1.0706666666666665e-05,891948186024.0,0,coinbase
1703721600,1.091e-05,1.105e-05,1.045e-05,1.061e-05,1.0703333333333335e-05,1281515915961.0,0,coinbase
1703808000,1.062e-05,1.072e-05,1.024e-05,1.043e-05,1.0463333333333334e-05,1013871545322.0,0,coinbase
1703894400,1.042e-05,1.059e-05,1.036e-05,1.043e-05,1.046e-05,539618665952.0,0,coinbase
1703980800,1.044e-05,1.06e-05,1.024e-05,1.035e-05,1.0396666666666667e-05,379886906225.0,0,coinbase
1704067200,1.035e-05,1.071e-05,1.022e-05,1.068e-05,1.0536666666666669e-05,489993447101.0,0,coinbase
1704153600,1.068e-05,1.092e-05,1.045e-05,1.056e-05,1.0643333333333334e-05,1288933056755.0,0,coinbase
1704240000,1.056e-05,1.066e-05,8.53e-06,9.58e-06,9.59e-06,2339104499243.0,0,coinbase
1704326400,9.58e-06,1.015e-05,9.42e-06,1e-05,9.856666666666665e-06,1088389256739.0,0,coinbase
1704412800,1.001e-05,1.01e-05,9.43e-06,9.84e-06,9.79e-06,1758757145735.0,0,coinbase
1704499200,9.83e-06,9.84e-06,9.35e-06,9.61e-06,9.600000000000001e-06,544011066828.0,0,coinbase
1704585600,9.62e-06,9.69e-06,8.95e-06,9.04e-06,9.226666666666666e-06,738066147443.0,0,coinbase
1704672000,9.04e-06,9.6e-06,8.5e-06,9.58e-06,9.226666666666666e-06,1794682600185.0,0,coinbase
1704758400,9.59e-06,1.001e-05,9.04e-06,9.67e-06,9.573333333333334e-06,2497129227031.0,0,coinbase
1704844800,9.67e-06,1.017e-05,9.12e-06,9.98e-06,9.756666666666666e-06,1562586675345.0,0,coinbase
1704931200,9.98e-06,1.051e-05,9.86e-06,1.015e-05,1.0173333333333333e-05,1639310729263.0,0,coinbase
1705017600,1.014e-05,1.03e-05,9.31e-06,9.63e-06,9.746666666666666e-06,1459129903255.0,0,coinbase
1705104000,9.64e-06,1.007e-05,9.42e-06,9.88e-06,9.79e-06,679160212210.0,0,coinbase
1705190400,9.88e-06,1.005e-05,9.53e-06,9.57e-06,9.716666666666666e-06,531166025242.0,0,coinbase
1705276800,9.56e-06,9.76e-06,9.48e-06,9.54e-06,9.593333333333334e-06,498579023367.0,0,coinbase
1705363200,9.53e-06,9.74e-06,9.41e-06,9.67e-06,9.606666666666666e-06,542011825471.0,0,coinbase
1705449600,9.66e-06,9.72e-06,9.38e-06,9.52e-06,9.54e-06,669735573605.0,0,coinbase
1705536000,9.52e-06,9.56e-06,8.94e-06,9.2e-06,9.233333333333334e-06,909369106519.0,0,coinbase
1705622400,9.21e-06,9.39e-06,8.78e-06,9.3e-06,9.156666666666667e-06,1159183063847.0,0,coinbase
1705708800,9.3e-06,9.84e-06,9.27e-06,9.68e-06,9.596666666666667e-06,986297560337.0,0,coinbase
1705795200,9.67e-06,9.73e-06,9.32e-06,9.34e-06,9.463333333333335e-06,584214484940.0,0,coinbase
1705881600,9.34e-06,9.37e-06,8.86e-06,8.92e-06,9.05e-06,1270359076996.0,0,coinbase
1705968000,8.91e-06,9.06e-06,8.43e-06,8.84e-06,8.776666666666667e-06,1067047233220.0,0,coinbase
1706054400,8.83e-06,8.99e-06,8.74e-06,8.89e-06,8.873333333333334e-06,655107322755.0,0,coinbase
1706140800,8.89e-06,8.92e-06,8.72e-06,8.86e-06,8.833333333333334e-06,414955121762.0,0,coinbase
1706227200,8.86e-06,9.13e-06,8.78e-06,9.03e-06,8.98e-06,464642731992.0,0,coinbase
1706313600,9.04e-06,9.22e-06,8.98e-06,9.12e-06,9.106666666666667e-06,330545579410.0,0,coinbase
1706400000,9.12e-06,9.25e-06,8.91e-06,9e-06,9.053333333333332e-06,459239886614.0,0,coinbase
1706486400,9.01e-06,9.27e-06,8.92e-06,9.2e-06,9.13e-06,644752084219.0,0,coinbase
1706572800,9.2e-06,9.67e-06,9.01e-06,9.05e-06,9.243333333333333e-06,1026116498311.0,0,coinbase
1706659200,9.04e-06,9.14e-06,8.84e-06,8.94e-06,8.973333333333333e-06,567340624201.0,0,coinbase
1706745600,8.94e-06,9.05e-06,8.78e-06,9.03e-06,8.953333333333333e-06,643697830920.0,0,coinbase
1706832000,9.04e-06,9.1e-06,8.92e-06,9.07e-06,9.03e-06,432432449021.0,0,coinbase
1706918400,9.08e-06,9.16e-06,9.01e-06,9.11e-06,9.093333333333333e-06,264385235140.0,0,coinbase
1707004800,9.1e-06,9.14e-06,8.85e-06,8.89e-06,8.96e-06,487895177677.0,0,coinbase
1707091200,8.89e-06,9.03e-06,8.78e-06,8.9e-06,8.903333333333333e-06,459798519934.0,0,coinbase
1707177600,8.89e-06,8.94e-06,8.77e-06,8.86e-06,8.856666666666668e-06,562783907451.0,0,coinbase
1707264000,8.86e-06,9.09e-06,8.79e-06,9.06e-06,8.979999999999999e-06,420215482219.0,0,coinbase
1707350400,9.07e-06,9.37e-06,9.04e-06,9.22e-06,9.21e-06,804395290374.0,0,coinbase
1707436800,9.22e-06,9.47e-06,9.21e-06,9.39e-06,9.356666666666666e-06,719606250206.0,0,coinbase
1707523200,9.4e-06,9.51e-06,9.24e-06,9.42e-06,9.390000000000002e-06,448090656509.0,0,coinbase
1707609600,9.42e-06,9.62e-06,9.34e-06,9.41e-06,9.456666666666667e-06,562566210732.0,0,coinbase
1707696000,9.41e-06,9.68e-06,9.21e-06,9.62e-06,9.503333333333333e-06,705492521431.0,0,coinbase
1707782400,9.62e-06,9.74e-06,9.29e-06,9.47e-06,9.5e-06,908154200725.0,0,coinbase
1707868800,9.46e-06,9.84e-06,9.39e-06,9.76e-06,9.663333333333333e-06,888101309815.0,0,coinbase
1707955200,9.76e-06,1.005e-05,9.68e-06,9.87e-06,9.866666666666667e-06,1213119181877.0,0,coinbase
1708041600,9.88e-06,1.005e-05,9.65e-06,9.88e-06,9.86e-06,715129218942.0,0,coinbase
1708128000,9.88e-06,9.9e-06,9.41e-06,9.63e-06,9.646666666666665e-06,583683257738.0,0,coinbase
1708214400,9.63e-06,9.84e-06,9.58e-06,9.74e-06,9.72e-06,556307601451.0,0,coinbase
1708300800,9.75e-06,9.95e-06,9.68e-06,9.9e-06,9.843333333333333e-06,1082745710376.0,0,coinbase
1708387200,9.9e-06,9.97e-06,9.39e-06,9.75e-06,9.703333333333332e-06,1298185396111.0,0,coinbase
1708473600,9.76e-06,9.78e-06,9.3e-06,9.55e-06,9.543333333333334e-06,871752630991.0,0,coinbase
1708560000,9.55e-06,9.72e-06,9.39e-06,9.53e-06,9.546666666666666e-06,647252884494.0,0,coinbase
1708646400,9.53e-06,9.6e-06,9.35e-06,9.52e-06,9.49e-06,705886986239.0,0,coinbase
1708732800,9.52e-06,9.67e-06,9.34e-06,9.64e-06,9.55e-06,572303051606.0,0,coinbase
1708819200,9.65e-06,9.73e-06,9.56e-06,9.66e-06,9.649999999999999e-06,569743055739.0,0,coinbase
1708905600,9.67e-06,1.024e-05,9.46e-06,1.007e-05,9.923333333333332e-06,1504036833289.0,0,coinbase
1708992000,1.008e-05,1.143e-05,9.95e-06,1.09e-05,1.076e-05,5202329917507.0,0,coinbase
1709078400,1.09e-05,1.252e-05,1e-05,1.172e-05,1.1413333333333333e-05,10338341629263.0,0,coinbase
1709164800,1.172e-05,1.475e-05,1.145e-05,1.257e-05,1.2923333333333332e-05,16386731379297.0,0,coinbase
1709251200,1.257e-05,1.726e-05,1.244e-05,1.69e-05,1.5533333333333333e-05,13543389270619.0,0,coinbase
1709337600,1.69e-05,2.373e-05,1.661e-05,2.26e-05,2.0979999999999996e-05,30134422356569.0,0,coinbase
1709424000,2.259e-05,2.375e-05,1.884e-05,2.254e-05,2.1709999999999997e-05,16369671890868.0,0,coinbase
1709510400,2.253e-05,3.694e-05,2.146e-05,3.599e-05,3.1463333333333334e-05,32658422834856.0,0,coinbase
1709596800,3.598e-05,4.575e-05,2e-05,3.518e-05,3.364333333333333e-05,49063833141580.0,0,coinbase
1709683200,3.52e-05,3.944e-05,3.034e-05,3.328e-05,3.4353333333333335e-05,20845596382644.0,0,coinbase
1709769600,3.328e-05,3.472e-05,2.921e-05,3.155e-05,3.1826666666666665e-05,11236830320526.0,0,coinbase
1709856000,3.155e-05,3.811e-05,3.091e-05,3.525e-05,3.4756666666666665e-05,15068841049629.0,0,coinbase
1709942400,3.525e-05,3.699e-05,3.39e-05,3.502e-05,3.530333333333333e-05,5814172423351.0,0,coinbase
1710028800,3.503e-05,3.547e-05,3.163e-05,3.289e-05,3.333e-05,4837939748272.0,0,coinbase
1710115200,3.289e-05,3.522e-05,3.002e-05,3.386e-05,3.3033333333333334e-05,7381064549393.0,0,coinbase
1710201600,3.386e-05,3.487e-05,2.993e-05,3.222e-05,3.234e-05,5584819863800.0,0,coinbase
1710288000,3.222e-05,3.355e-05,3.117e-05,3.205e-05,3.225666666666667e-05,3492070738396.0,0,coinbase
1710374400,3.205e-05,3.48e-05,3.039e-05,3.221e-05,3.246666666666666e-05,8123004348584.0,0,coinbase
1710460800,3.22e-05,3.275e-05,2.7e-05,2.991e-05,2.988666666666667e-05,7492620999758.0,0,coinbase
1710547200,2.991e-05,3.038e-05,2.35e-05,2.533e-05,2.6403333333333332e-05,7334296737650.0,0,coinbase
1710633600,2.533e-05,3.022e-05,2.424e-05,2.951e-05,2.7989999999999998e-05,8354569482771.0,0,coinbase
1710720000,2.953e-05,2.957e-05,2.634e-05,2.683e-05,2.758e-05,5409403095096.0,0,coinbase
1710806400,2.683e-05,2.738e-05,2.411e-05,2.486e-05,2.545e-05,9978130877887.0,0,coinbase
1710892800,2.488e-05,2.802e-05,2.366e-05,2.775e-05,2.6476666666666667e-05,7288012107266.0,0,coinbase
1710979200,2.776e-05,2.864e-05,2.627e-05,2.72e-05,2.737e-05,5215089492591.0,0,coinbase
1711065600,2.719e-05,2.862e-05,2.579e-05,2.654e-05,2.6983333333333333e-05,4239557549027.0,0,coinbase
1711152000,2.654e-05,2.851e-05,2.63e-05,2.712e-05,2.7309999999999998e-05,3668025975577.0,0,coinbase
1711238400,2.713e-05,2.834e-05,2.707e-05,2.808e-05,2.783e-05,3052920913272.0,0,coinbase
1711324800,2.808e-05,3.065e-05,2.746e-05,2.871e-05,2.894e-05,4412331133047.0,0,coinbase
1711411200,2.87e-05,3.183e-05,2.848e-05,3.065e-05,3.0319999999999998e-05,5720753229518.0,0,coinbase
1711497600,3.065e-05,3.187e-05,2.915e-05,3.017e-05,3.0396666666666666e-05,6092314680158.0,0,coinbase
1711584000,3.016e-05,3.285e-05,2.979e-05,3.202e-05,3.155333333333333e-05,6023794365095.0,0,coinbase
1711670400,3.201e-05,3.215e-05,3.007e-05,3.081e-05,3.1009999999999996e-05,3084155558226.0,0,coinbase
1711756800,3.08e-05,3.102e-05,2.951e-05,2.985e-05,3.0126666666666667e-05,2110908781375.0,0,coinbase
1711843200,2.984e-05,3.081e-05,2.972e-05,3.074e-05,3.0423333333333334e-05,1648611368689.0,0,coinbase
1711929600,3.072e-05,3.074e-05,2.772e-05,2.865e-05,2.9036666666666666e-05,3572469813123.0,0,coinbase
1712016000,2.865e-05,2.865e-05,2.57e-05,2.641e-05,2.6920000000000003e-05,5223695436131.0,0,coinbase
1712102400,2.641e-05,2.754e-05,2.55e-05,2.635e-05,2.646333333333333e-05,3814955179169.0,0,coinbase
1712188800,2.633e-05,2.85e-05,2.588e-05,2.771e-05,2.7363333333333336e-05,2994961347169.0,0,coinbase
1712275200,2.771e-05,2.775e-05,2.63e-05,2.679e-05,2.6946666666666664e-05,2411005479353.0,0,coinbase
1712361600,2.679e-05,2.78e-05,2.67e-05,2.742e-05,2.7306666666666667e-05,1238029975684.0,0,coinbase
1712448000,2.744e-05,2.9e-05,2.737e-05,2.816e-05,2.8176666666666667e-05,2630828712940.0,0,coinbase
1712534400,2.818e-05,2.953e-05,2.771e-05,2.874e-05,2.866e-05,2286402492505.0,0,coinbase
1712620800,2.873e-05,2.953e-05,2.719e-05,2.747e-05,2.806333333333333e-05,2608358325819.0,0,coinbase
1712707200,2.746e-05,2.829e-05,2.64e-05,2.805e-05,2.758e-05,2421905010288.0,0,coinbase
1712793600,2.806e-05,2.816e-05,2.72e-05,2.751e-05,2.7623333333333334e-05,1296383867165.0,0,coinbase
1712880000,2.752e-05,2.814e-05,2.126e-05,2.476e-05,2.4720000000000004e-05,4914408711161.0,0,coinbase
1712966400,2.476e-05,2.498e-05,1.837e-05,2.118e-05,2.151e-05,8332821211699.0,0,coinbase
1713052800,2.118e-05,2.3e-05,2.056e-05,2.275e-05,2.2103333333333332e-05,5107658406832.0,0,coinbase
1713139200,2.275e-05,2.386e-05,2.1e-05,2.193e-05,2.2263333333333334e-05,3775899584731.0,0,coinbase
1713225600,2.192e-05,2.289e-05,2.08e-05,2.269e-05,2.2126666666666666e-05,3497478308205.0,0,coinbase
1713312000,2.268e-05,2.305e-05,2.132e-05,2.205e-05,2.214e-05,1941261501687.0,0,coinbase
1713398400,2.205e-05,2.297e-05,2.141e-05,2.279e-05,2.2389999999999997e-05,1777163920757.0,0,coinbase
1713484800,2.28e-05,2.358e-05,2.081e-05,2.289e-05,2.2426666666666663e-05,2510656683445.0,0,coinbase
1713571200,2.288e-05,2.674e-05,2.261e-05,2.619e-05,2.518e-05,2928040079672.0,0,coinbase
1713657600,2.618e-05,2.822e-05,2.543e-05,2.627e-05,2.6640000000000002e-05,3557217298040.0,0,coinbase
1713744000,2.627e-05,2.772e-05,2.613e-05,2.692e-05,2.6923333333333334e-05,2591752612851.0,0,coinbase
1713830400,2.693e-05,2.814e-05,2.62e-05,2.682e-05,2.7053333333333334e-05,2077879306104.0,0,coinbase
1713916800,2.683e-05,2.767e-05,2.523e-05,2.569e-05,2.6196666666666663e-05,3516776015220.0,0,coinbase
1714003200,2.568e-05,2.655e-05,2.448e-05,2.57e-05,2.557666666666667e-05,3444161600511.0,0,coinbase
1714089600,2.571e-05,2.599e-05,2.491e-05,2.52e-05,2.536666666666667e-05,1461405060949.0,0,coinbase
1714176000,2.521e-05,2.535e-05,2.4e-05,2.476e-05,2.4703333333333335e-05,1487164543755.0,0,coinbase
1714262400,2.476e-05,2.516e-05,2.406e-05,2.422e-05,2.448e-05,830280644487.0,0,coinbase
1714348800,2.422e-05,2.438e-05,2.304e-05,2.41e-05,2.3840000000000002e-05,1562474887365.0,0,coinbase
1714435200,2.412e-05,2.464e-05,2.176e-05,2.238e-05,2.292666666666667e-05,2422864963951.0,0,coinbase
1714521600,2.236e-05,2.312e-05,2.055e-05,2.263e-05,2.21e-05,3458257103146.0,0,coinbase
1714608000,2.264e-05,2.331e-05,2.15e-05,2.28e-05,2.2536666666666667e-05,2621015916773.0,0,coinbase
1714694400,2.279e-05,2.476e-05,2.262e-05,2.446e-05,2.3946666666666662e-05,2429646302786.0,0,coinbase
1714780800,2.445e-05,2.633e-05,2.43e-05,2.505e-05,2.522666666666667e-05,2735045844688.0,0,coinbase
1714867200,2.506e-05,2.523e-05,2.431e-05,2.47e-05,2.4746666666666668e-05,1177681084801.0,0,coinbase
1714953600,2.471e-05,2.569e-05,2.382e-05,2.387e-05,2.4460000000000003e-05,1886669439558.0,0,coinbase
1715040000,2.388e-05,2.424e-05,2.292e-05,2.298e-05,2.338e-05,1589676132931.0,0,coinbase
1715126400,2.297e-05,2.325e-05,2.233e-05,2.253e-05,2.2703333333333333e-05,1348766044156.0,0,coinbase
1715212800,2.253e-05,2.378e-05,2.229e-05,2.349e-05,2.318666666666667e-05,1188762177101.0,0,coinbase
1715299200,2.349e-05,2.361e-05,2.212e-05,2.243e-05,2.272e-05,1292647227409.0,0,coinbase
1715385600,2.242e-05,2.291e-05,2.234e-05,2.249e-05,2.258e-05,551625838561.0,0,coinbase
1715472000,2.249e-05,2.273e-05,2.209e-05,2.23e-05,2.237333333333333e-05,426329238821.0,0,coinbase
1715558400,2.231e-05,2.465e-05,2.155e-05,2.335e-05,2.3183333333333332e-05,2835464565707.0,0,coinbase
1715644800,2.336e-05,2.443e-05,2.286e-05,2.297e-05,2.342e-05,3095739582181.0,0,coinbase
1715731200,2.297e-05,2.558e-05,2.286e-05,2.525e-05,2.4563333333333336e-05,3546634905426.0,0,coinbase
1715817600,2.525e-05,2.589e-05,2.39e-05,2.456e-05,2.4783333333333334e-05,2796458300980.0,0,coinbase
1715904000,2.456e-05,2.531e-05,2.416e-05,2.502e-05,2.483e-05,1415154898458.0,0,coinbase
1715990400,2.502e-05,2.519e-05,2.438e-05,2.476e-05,2.4776666666666666e-05,741283775891.0,0,coinbase
1716076800,2.476e-05,2.509e-05,2.36e-05,2.386e-05,2.4183333333333333e-05,947054268637.0,0,coinbase
1716163200,2.386e-05,2.612e-05,2.352e-05,2.607e-05,2.5236666666666665e-05,2587046422710.0,0,coinbase
1716249600,2.606e-05,2.666e-05,2.504e-05,2.61e-05,2.593333333333333e-05,3255247143050.0,0,coinbase
1716336000,2.609e-05,2.684e-05,2.502e-05,2.532e-05,2.572666666666667e-05,2305457461336.0,0,coinbase
1716422400,2.531e-05,2.572e-05,2.334e-05,2.458e-05,2.454666666666667e-05,2147083038365.0,0,coinbase
1716508800,2.458e-05,2.508e-05,2.363e-05,2.44e-05,2.437e-05,1414184532838.0,0,coinbase
1716595200,2.44e-05,2.526e-05,2.429e-05,2.507e-05,2.4873333333333335e-05,1255004027607.0,0,coinbase
1716681600,2.507e-05,2.515e-05,2.415e-05,2.431e-05,2.453666666666667e-05,490787759521.0,0,coinbase
1716768000,2.432e-05,2.621e-05,2.43e-05,2.548e-05,2.5330000000000003e-05,2114608671066.0,0,coinbase
1716854400,2.55e-05,2.736e-05,2.447e-05,2.672e-05,2.6183333333333334e-05,3763705827161.0,0,coinbase
1716940800,2.672e-05,2.94e-05,2.651e-05,2.752e-05,2.7810000000000003e-05,5293707409266.0,0,coinbase
1717027200,2.752e-05,2.857e-05,2.56e-05,2.589e-05,2.6686666666666666e-05,2941290303397.0,0,coinbase
1717113600,2.588e-05,2.633e-05,2.485e-05,2.54e-05,2.5526666666666667e-05,1374316840023.0,0,coinbase
1717200000,2.54e-05,2.547e-05,2.509e-05,2.525e-05,2.5269999999999997e-05,563997936492.0,0,coinbase
1717286400,2.525e-05,2.547e-05,2.402e-05,2.461e-05,2.47e-05,931083212693.0,0,coinbase
1717372800,2.459e-05,2.539e-05,2.426e-05,2.443e-05,2.4693333333333333e-05,1131323650611.0,0,coinbase
1717459200,2.444e-05,2.466e-05,2.284e-05,2.461e-05,2.4036666666666666e-05,1671344904854.0,0,coinbase
1717545600,2.461e-05,2.632e-05,2.45e-05,2.594e-05,2.5586666666666663e-05,2679956226982.0,0,coinbase
1717632000,2.593e-05,2.625e-05,2.494e-05,2.522e-05,2.5470000000000002e-05,1373621672582.0,0,coinbase
1717718400,2.521e-05,2.548e-05,2.142e-05,2.369e-05,2.353e-05,2316665506605.0,0,coinbase
1717804800,2.369e-05,2.412e-05,2.299e-05,2.321e-05,2.3440000000000003e-05,1046006704012.0,0,coinbase
1717891200,2.32e-05,2.367e-05,2.296e-05,2.348e-05,2.3369999999999998e-05,653733407292.0,0,coinbase
1717977600,2.349e-05,2.361e-05,2.27e-05,2.291e-05,2.307333333333333e-05,770844675021.0,0,coinbase
1718064000,2.29e-05,2.296e-05,2.104e-05,2.163e-05,2.187666666666667e-05,2459299846103.0,0,coinbase
1718150400,2.163e-05,2.323e-05,2.111e-05,2.22e-05,2.2179999999999998e-05,2819982486684.0,0,coinbase
1718236800,2.221e-05,2.221e-05,2.095e-05,2.118e-05,2.1446666666666666e-05,1589865554528.0,0,coinbase
1718323200,2.118e-05,2.187e-05,1.961e-05,2.029e-05,2.059e-05,2728072002072.0,0,coinbase
1718409600,2.028e-05,2.098e-05,1.999e-05,2.077e-05,2.0579999999999996e-05,1101600537473.0,0,coinbase
1718496000,2.077e-05,2.108e-05,2.038e-05,2.094e-05,2.08e-05,741765115691.0,0,coinbase
1718582400,2.094e-05,2.106e-05,1.859e-05,1.932e-05,1.9656666666666668e-05,2726419881222.0,0,coinbase
1718668800,1.932e-05,1.943e-05,1.696e-05,1.808e-05,1.8156666666666665e-05,3781092026679.0,0,coinbase
1718755200,1.808e-05,1.893e-05,1.796e-05,1.812e-05,1.8336666666666667e-05,1651563655285.0,0,coinbase
1718841600,1.811e-05,1.899e-05,1.779e-05,1.803e-05,1.827e-05,1425798827923.0,0,coinbase
1718928000,1.804e-05,1.823e-05,1.739e-05,1.786e-05,1.7826666666666667e-05,1675182889580.0,0,coinbase
1719014400,1.786e-05,1.833e-05,1.765e-05,1.797e-05,1.798333333333333e-05,621954298295.0,0,coinbase
1719100800,1.798e-05,1.821e-05,1.742e-05,1.753e-05,1.772e-05,649292667911.0,0,coinbase
1719187200,1.752e-05,1.765e-05,1.634e-05,1.703e-05,1.7006666666666664e-05,2351172363436.0,0,coinbase
1719273600,1.703e-05,1.824e-05,1.698e-05,1.774e-05,1.7653333333333336e-05,2209343814434.0,0,coinbase
1719360000,1.774e-05,1.806e-05,1.709e-05,1.713e-05,1.7426666666666667e-05,1167738451225.0,0,coinbase
1719446400,1.712e-05,1.77e-05,1.685e-05,1.754e-05,1.7363333333333334e-05,1337879068698.0,0,coinbase
1719532800,1.754e-05,1.81e-05,1.678e-05,1.695e-05,1.7276666666666667e-05,1679958034831.0,0,coinbase
1719619200,1.695e-05,1.724e-05,1.684e-05,1.688e-05,1.6986666666666668e-05,503127930113.0,0,coinbase
1719705600,1.688e-05,1.74e-05,1.66e-05,1.722e-05,1.7073333333333335e-05,884308781615.0,0,coinbase
1719792000,1.723e-05,1.759e-05,1.693e-05,1.707e-05,1.7196666666666667e-05,1096962743974.0,0,coinbase
1719878400,1.707e-05,1.739e-05,1.694e-05,1.724e-05,1.7190000000000003e-05,798202891385.0,0,coinbase
1719964800,1.724e-05,1.743e-05,1.611e-05,1.637e-05,1.6636666666666666e-05,1242309846367.0,0,coinbase
1720051200,1.637e-05,1.646e-05,1.453e-05,1.463e-05,1.5206666666666666e-05,2023489190327.0,0,coinbase
1720137600,1.462e-05,1.509e-05,1.266e-05,1.499e-05,1.4246666666666667e-05,3560200133547.0,0,coinbase
1720224000,1.499e-05,1.755e-05,1.469e-05,1.739e-05,1.6543333333333335e-05,2461877484238.0,0,coinbase
1720310400,1.741e-05,1.741e-05,1.539e-05,1.549e-05,1.6096666666666668e-05,1792272899120.0,0,coinbase
1720396800,1.549e-05,1.71e-05,1.473e-05,1.618e-05,1.6003333333333333e-05,3468184584597.0,0,coinbase
1720483200,1.618e-05,1.668e-05,1.592e-05,1.636e-05,1.632e-05,1741984207472.0,0,coinbase
1720569600,1.636e-05,1.688e-05,1.603e-05,1.64e-05,1.6436666666666668e-05,1256121803307.0,0,coinbase
1720656000,1.639e-05,1.702e-05,1.615e-05,1.623e-05,1.6466666666666666e-05,1047924201395.0,0,coinbase
1720742400,1.623e-05,1.664e-05,1.578e-05,1.65e-05,1.6306666666666668e-05,963236481092.0,0,coinbase
1720828800,1.65e-05,1.74e-05,1.644e-05,1.711e-05,1.6983333333333334e-05,1161325636633.0,0,coinbase
1720915200,1.711e-05,1.779e-05,1.707e-05,1.764e-05,1.7500000000000002e-05,1217783993940.0,0,coinbase
1721001600,1.763e-05,1.95e-05,1.75e-05,1.927e-05,1.8756666666666666e-05,1950492206348.0,0,coinbase
1721088000,1.926e-05,2.018e-05,1.84e-05,1.932e-05,1.9299999999999998e-05,2849077306338.0,0,coinbase
1721174400,1.933e-05,1.985e-05,1.851e-05,1.861e-05,1.8990000000000003e-05,1961508230496.0,0,coinbase
1721260800,1.864e-05,1.898e-05,1.679e-05,1.739e-05,1.7720000000000003e-05,4835497123287.0,0,coinbase
1721347200,1.738e-05,1.819e-05,1.687e-05,1.78e-05,1.762e-05,2363801134465.0,0,coinbase
1721433600,1.782e-05,1.847e-05,1.749e-05,1.81e-05,1.802e-05,1733610929053.0,0,coinbase
1721520000,1.811e-05,1.846e-05,1.702e-05,1.826e-05,1.7913333333333333e-05,1699019562986.0,0,coinbase
1721606400,1.825e-05,1.832e-05,1.741e-05,1.758e-05,1.777e-05,1383152849764.0,0,coinbase
1721692800,1.757e-05,1.779e-05,1.67e-05,1.704e-05,1.7176666666666668e-05,1709841484857.0,0,coinbase
1721779200,1.704e-05,1.758e-05,1.661e-05,1.679e-05,1.6993333333333332e-05,1184577226264.0,0,coinbase
1721865600,1.679e-05,1.687e-05,1.581e-05,1.639e-05,1.635666666666667e-05,1666809234433.0,0,coinbase
1721952000,1.638e-05,1.703e-05,1.637e-05,1.696e-05,1.6786666666666666e-05,708637465514.0,0,coinbase
1722038400,1.697e-05,1.762e-05,1.672e-05,1.702e-05,1.712e-05,1060690599966.0,0,coinbase
1722124800,1.701e-05,1.717e-05,1.664e-05,1.68e-05,1.6870000000000003e-05,395168934032.0,0,coinbase
1722211200,1.68e-05,1.731e-05,1.651e-05,1.661e-05,1.681e-05,972378688941.0,0,coinbase
1722297600,1.662e-05,1.685e-05,1.6e-05,1.641e-05,1.642e-05,488970705515.0,0,coinbase
1722384000,1.641e-05,1.668e-05,1.569e-05,1.592e-05,1.6096666666666668e-05,941510420537.0,0,coinbase
1722470400,1.592e-05,1.604e-05,1.486e-05,1.578e-05,1.556e-05,1213525694828.0,0,coinbase
1722556800,1.578e-05,1.588e-05,1.458e-05,1.464e-05,1.5033333333333332e-05,1430526568063.0,0,coinbase
1722643200,1.464e-05,1.483e-05,1.377e-05,1.422e-05,1.4273333333333333e-05,1358268167780.0,0,coinbase
1722729600,1.421e-05,1.433e-05,1.296e-05,1.334e-05,1.3543333333333331e-05,1635633459725.0,0,coinbase
1722816000,1.334e-05,1.398e-05,1.079e-05,1.325e-05,1.2673333333333335e-05,7188619931096.0,0,coinbase
1722902400,1.325e-05,1.405e-05,1.312e-05,1.346e-05,1.3543333333333331e-05,2370364395110.0,0,coinbase
1722988800,1.345e-05,1.396e-05,1.271e-05,1.288e-05,1.3183333333333333e-05,1569210782511.0,0,coinbase
1723075200,1.288e-05,1.442e-05,1.265e-05,1.433e-05,1.3799999999999998e-05,1632636406719.0,0,coinbase
1723161600,1.432e-05,1.433e-05,1.367e-05,1.404e-05,1.4013333333333332e-05,1040138031641.0,0,coinbase
1723248000,1.404e-05,1.429e-05,1.388e-05,1.409e-05,1.4086666666666667e-05,356320746039.0,0,coinbase
1723334400,1.409e-05,1.468e-05,1.328e-05,1.338e-05,1.378e-05,989823524779.0,0,coinbase
1723420800,1.339e-05,1.41e-05,1.328e-05,1.393e-05,1.3769999999999999e-05,902487435981.0,0,coinbase
1723507200,1.393e-05,1.408e-05,1.35e-05,1.389e-05,1.3823333333333334e-05,599467918401.0,0,coinbase
1723593600,1.389e-05,1.405e-05,1.343e-05,1.361e-05,1.3696666666666667e-05,547042856804.0,0,coinbase
1723680000,1.361e-05,1.375e-05,1.311e-05,1.327e-05,1.3376666666666665e-05,674459112412.0,0,coinbase
1723766400,1.327e-05,1.349e-05,1.29e-05,1.322e-05,1.3203333333333335e-05,513742516796.0,0,coinbase
1723852800,1.322e-05,1.343e-05,1.314e-05,1.338e-05,1.3316666666666666e-05,287895500826.0,0,coinbase
1723939200,1.337e-05,1.36e-05,1.323e-05,1.323e-05,1.3353333333333333e-05,304532151549.0,0,coinbase
1724025600,1.324e-05,1.355e-05,1.298e-05,1.334e-05,1.3289999999999998e-05,686111297514.0,0,coinbase
1724112000,1.334e-05,1.394e-05,1.332e-05,1.365e-05,1.3636666666666666e-05,687180490270.0,0,coinbase
1724198400,1.365e-05,1.423e-05,1.348e-05,1.411e-05,1.3939999999999999e-05,612196259974.0,0,coinbase
1724284800,1.411e-05,1.439e-05,1.384e-05,1.405e-05,1.4093333333333331e-05,442009116304.0,0,coinbase
1724371200,1.406e-05,1.552e-05,1.404e-05,1.531e-05,1.4956666666666667e-05,1564943504463.0,0,coinbase
1724457600,1.532e-05,1.612e-05,1.509e-05,1.563e-05,1.5613333333333335e-05,1259784531239.0,0,coinbase
1724544000,1.563e-05,1.566e-05,1.47e-05,1.512e-05,1.5159999999999999e-05,1007514882721.0,0,coinbase
1724630400,1.512e-05,1.526e-05,1.435e-05,1.461e-05,1.474e-05,991281903443.0,0,coinbase
1724716800,1.46e-05,1.484e-05,1.338e-05,1.376e-05,1.3993333333333334e-05,1180384312467.0,0,coinbase
1724803200,1.375e-05,1.42e-05,1.342e-05,1.386e-05,1.3826666666666668e-05,905177057707.0,0,coinbase
1724889600,1.385e-05,1.455e-05,1.383e-05,1.408e-05,1.4153333333333332e-05,600350876065.0,0,coinbase
1724976000,1.408e-05,1.422e-05,1.363e-05,1.4e-05,1.395e-05,679823655859.0,0,coinbase
1725062400,1.4e-05,1.41e-05,1.372e-05,1.383e-05,1.3883333333333335e-05,309742361954.0,0,coinbase
1725148800,1.383e-05,1.386e-05,1.304e-05,1.315e-05,1.335e-05,738132107195.0,0,coinbase
1725235200,1.315e-05,1.372e-05,1.31e-05,1.366e-05,1.3493333333333333e-05,603364235359.0,0,coinbase
1725321600,1.367e-05,1.385e-05,1.303e-05,1.308e-05,1.3320000000000001e-05,436250785784.0,0,coinbase
1725408000,1.308e-05,1.368e-05,1.244e-05,1.36e-05,1.324e-05,1062740154442.0,0,coinbase
1725494400,1.359e-05,1.364e-05,1.305e-05,1.319e-05,1.3293333333333335e-05,598039437236.0,0,coinbase
1725580800,1.319e-05,1.345e-05,1.231e-05,1.28e-05,1.2853333333333333e-05,907577772423.0,0,coinbase
1725667200,1.279e-05,1.304e-05,1.272e-05,1.286e-05,1.2873333333333333e-05,357060474097.0,0,coinbase
1725753600,1.287e-05,1.317e-05,1.281e-05,1.308e-05,1.3019999999999999e-05,338874663031.0,0,coinbase
1725840000,1.309e-05,1.375e-05,1.297e-05,1.354e-05,1.3420000000000002e-05,776155465319.0,0,coinbase
1725926400,1.354e-05,1.369e-05,1.33e-05,1.353e-05,1.3506666666666666e-05,462017619910.0,0,coinbase
1726012800,1.352e-05,1.355e-05,1.293e-05,1.326e-05,1.3246666666666668e-05,616364972082.0,0,coinbase
1726099200,1.325e-05,1.353e-05,1.319e-05,1.352e-05,1.3413333333333334e-05,385733926208.0,0,coinbase
1726185600,1.352e-05,1.411e-05,1.338e-05,1.397e-05,1.382e-05,529833945970.0,0,coinbase
1726272000,1.397e-05,1.407e-05,1.359e-05,1.374e-05,1.3800000000000002e-05,356478766326.0,0,coinbase
1726358400,1.373e-05,1.387e-05,1.328e-05,1.339e-05,1.3513333333333333e-05,303028798899.0,0,coinbase
1726444800,1.338e-05,1.346e-05,1.3e-05,1.317e-05,1.3209999999999999e-05,457355202611.0,0,coinbase
1726531200,1.318e-05,1.357e-05,1.304e-05,1.332e-05,1.331e-05,359012573146.0,0,coinbase
1726617600,1.331e-05,1.371e-05,1.297e-05,1.37e-05,1.3459999999999998e-05,631368796339.0,0,coinbase
1726704000,1.37e-05,1.458e-05,1.37e-05,1.41e-05,1.4126666666666666e-05,1043011176371.0,0,coinbase
1726790400,1.41e-05,1.451e-05,1.389e-05,1.438e-05,1.426e-05,658379530028.0,0,coinbase
1726876800,1.439e-05,1.505e-05,1.411e-05,1.499e-05,1.4716666666666668e-05,757664538942.0,0,coinbase
1726963200,1.499e-05,1.508e-05,1.416e-05,1.453e-05,1.459e-05,733130309615.0,0,coinbase
1727049600,1.454e-05,1.487e-05,1.421e-05,1.448e-05,1.4519999999999998e-05,624188159420.0,0,coinbase
1727136000,1.449e-05,1.492e-05,1.427e-05,1.483e-05,1.4673333333333334e-05,709910110543.0,0,coinbase
1727222400,1.483e-05,1.576e-05,1.472e-05,1.525e-05,1.5243333333333332e-05,1525830916360.0,0,coinbase
1727308800,1.525e-05,1.939e-05,1.49e-05,1.862e-05,1.7636666666666667e-05,5075410663285.0,0,coinbase
1727395200,1.863e-05,2.169e-05,1.855e-05,2.027e-05,2.0170000000000002e-05,4886424933561.0,0,coinbase
1727481600,2.028e-05,2.146e-05,1.903e-05,1.962e-05,2.0036666666666667e-05,3075465967916.0,0,coinbase
1727568000,1.963e-05,2.039e-05,1.904e-05,1.935e-05,1.9593333333333334e-05,2012033069299.0,0,coinbase
1727654400,1.936e-05,1.938e-05,1.742e-05,1.756e-05,1.812e-05,2513183382290.0,0,coinbase
1727740800,1.756e-05,1.864e-05,1.56e-05,1.641e-05,1.688333333333333e-05,2996289039792.0,0,coinbase
1727827200,1.64e-05,1.711e-05,1.601e-05,1.628e-05,1.6466666666666666e-05,2214590053598.0,0,coinbase
1727913600,1.626e-05,1.675e-05,1.548e-05,1.608e-05,1.6103333333333336e-05,1356787542563.0,0,coinbase
1728000000,1.606e-05,1.773e-05,1.596e-05,1.739e-05,1.7026666666666667e-05,1825556019037.0,0,coinbase
1728086400,1.74e-05,1.795e-05,1.69e-05,1.745e-05,1.743333333333333e-05,1163354144673.0,0,coinbase
1728172800,1.744e-05,1.884e-05,1.712e-05,1.813e-05,1.8030000000000002e-05,1489498966322.0,0,coinbase
1728259200,1.813e-05,1.881e-05,1.741e-05,1.743e-05,1.7883333333333335e-05,2075820696064.0,0,coinbase
1728345600,1.743e-05,1.768e-05,1.698e-05,1.724e-05,1.73e-05,1096128716490.0,0,coinbase
1728432000,1.724e-05,1.8e-05,1.67e-05,1.689e-05,1.7196666666666667e-05,1214856429811.0,0,coinbase
1728518400,1.689e-05,1.721e-05,1.604e-05,1.676e-05,1.6669999999999998e-05,1272998837430.0,0,coinbase
1728604800,1.676e-05,1.81e-05,1.657e-05,1.765e-05,1.744e-05,1651300134001.0,0,coinbase
1728691200,1.765e-05,1.813e-05,1.762e-05,1.784e-05,1.7863333333333332e-05,945640178976.0,0,coinbase
1728777600,1.784e-05,1.793e-05,1.708e-05,1.764e-05,1.755e-05,904198954134.0,0,coinbase
1728864000,1.765e-05,1.898e-05,1.734e-05,1.871e-05,1.8343333333333334e-05,2019693205751.0,0,coinbase
1728950400,1.871e-05,1.897e-05,1.753e-05,1.824e-05,1.8246666666666666e-05,1715149115424.0,0,coinbase
1729036800,1.824e-05,1.914e-05,1.789e-05,1.857e-05,1.8533333333333334e-05,2205737475307.0,0,coinbase
1729123200,1.863e-05,1.871e-05,1.759e-05,1.82e-05,1.8083e-05,47918042698.28702,1857,kraken
1729209600,1.82e-05,1.929e-05,1.815e-05,1.879e-05,1.8877e-05,116042136924.54718,3437,kraken
1729296000,1.879e-05,1.954e-05,1.865e-05,1.901e-05,1.9172e-05,88839917440.66472,2829,kraken
1729382400,1.901e-05,1.918e-05,1.84e-05,1.905e-05,1.8749e-05,67372613831.50624,1841,kraken
1729468800,1.905e-05,1.932e-05,1.802e-05,1.837e-05,1.8615e-05,69946640355.1993,2309,kraken
1729555200,1.837e-05,1.859e-05,1.794e-05,1.813e-05,1.8222e-05,50492706530.77207,1544,kraken
1729641600,1.816e-05,1.816e-05,1.706e-05,1.764e-05,1.7647e-05,43096689764.07116,1806,kraken
1729728000,1.763e-05,1.817e-05,1.741e-05,1.803e-05,1.7834e-05,42126870882.56226,1439,kraken
1729814400,1.805e-05,1.806e-05,1.58e-05,1.655e-05,1.7054e-05,70200314953.72372,2502,kraken
1729900800,1.653e-05,1.711e-05,1.638e-05,1.701e-05,1.679e-05,45304274577.495,1486,kraken
1729987200,1.7e-05,1.733e-05,1.682e-05,1.721e-05,1.7074e-05,33359733678.38646,903,kraken
1730073600,1.72e-05,1.838e-05,1.68e-05,1.823e-05,1.7548e-05,90524862135.03368,2580,kraken
1730160000,1.823e-05,1.98e-05,1.811e-05,1.905e-05,1.8808e-05,139781560924.4857,5151,kraken
1730246400,1.905e-05,1.93e-05,1.819e-05,1.84e-05,1.87e-05,48844755312.84706,2236,kraken
1730332800,1.838e-05,1.916e-05,1.77e-05,1.787e-05,1.8398e-05,65733434109.35776,2240,kraken
1730419200,1.787e-05,1.815e-05,1.716e-05,1.759e-05,1.7618e-05,70002583579.30779,2474,kraken
1730505600,1.761e-05,1.792e-05,1.724e-05,1.741e-05,1.7571e-05,35401457600.99542,1201,kraken
1730592000,1.745e-05,1.746e-05,1.62e-05,1.686e-05,1.6938e-05,80539862584.04713,2011,kraken
1730678400,1.689e-05,1.724e-05,1.64e-05,1.684e-05,1.6847e-05,33241627614.3156,1476,kraken
1730764800,1.686e-05,1.852e-05,1.686e-05,1.785e-05,1.7772e-05,87263399087.74274,3404,kraken
1730851200,1.787e-05,1.985e-05,1.787e-05,1.91e-05,1.904e-05,247636924740.0756,7566,kraken
1730937600,1.909e-05,1.95e-05,1.832e-05,1.919e-05,1.8902e-05,131541492137.01036,3855,kraken
1731024000,1.92e-05,1.948e-05,1.843e-05,1.905e-05,1.8978e-05,92715801636.94151,3254,kraken
1731110400,1.905e-05,2.05e-05,1.852e-05,2.05e-05,1.9472e-05,133212829163.86877,4417,kraken
1731196800,2.051e-05,2.808e-05,2.013e-05,2.61e-05,2.4773e-05,942584263162.6152,32043,kraken
1731283200,2.611e-05,2.898e-05,2.444e-05,2.79e-05,2.6996e-05,654434850769.1217,22661,kraken
1731369600,2.794e-05,3.045e-05,2.439e-05,2.651e-05,2.7341e-05,739862640513.9937,28426,kraken
1731456000,2.647e-05,2.793e-05,2.337e-05,2.582e-05,2.5691e-05,511278060136.4936,17329,kraken
1731542400,2.585e-05,2.678e-05,2.284e-05,2.338e-05,2.529e-05,348599477707.324,11677,kraken
1731628800,2.339e-05,2.604e-05,2.261e-05,2.557e-05,2.4173e-05,321566566595.61475,9357,kraken
1731715200,2.554e-05,2.619e-05,2.402e-05,2.462e-05,2.5104e-05,270801715662.9701,8088,kraken
1731801600,2.463e-05,2.597e-05,2.329e-05,2.476e-05,2.4684e-05,218321067421.89053,7578,kraken
1731888000,2.465e-05,2.582e-05,2.406e-05,2.488e-05,2.4862e-05,236300599603.04303,7130,kraken
1731974400,2.488e-05,2.615e-05,2.433e-05,2.479e-05,2.5287e-05,290326095233.12805,8338,kraken
1732060800,2.479e-05,2.483e-05,2.342e-05,2.39e-05,2.4159e-05,128588682379.68633,5401,kraken
1732147200,2.386e-05,2.545e-05,2.308e-05,2.48e-05,2.4299e-05,149652207750.309,6477,kraken
1732233600,2.48e-05,2.577e-05,2.426e-05,2.543e-05,2.4934e-05,227411242272.68408,8596,kraken
1732320000,2.543e-05,2.814e-05,2.493e-05,2.595e-05,2.68e-05,605215457684.0317,19227,kraken
1732406400,2.597e-05,2.816e-05,2.431e-05,2.576e-05,2.61e-05,251891211539.71585,10874,kraken
1732492800,2.577e-05,2.65e-05,2.43e-05,2.474e-05,2.5417e-05,151862094211.84283,6624,kraken
1732579200,2.473e-05,2.54e-05,2.335e-05,2.435e-05,2.4322e-05,106742867007.88252,5568,kraken
1732665600,2.432e-05,2.588e-05,2.407e-05,2.576e-05,2.5046e-05,110418064181.1374,4681,kraken
1732752000,2.574e-05,2.651e-05,2.49e-05,2.549e-05,2.5587e-05,100567634483.86444,4520,kraken
1732838400,2.55e-05,2.638e-05,2.532e-05,2.604e-05,2.5986e-05,106337204704.59216,4603,kraken
1732924800,2.603e-05,2.751e-05,2.557e-05,2.675e-05,2.6663e-05,187792605287.14413,7304,kraken
1733011200,2.675e-05,3.319e-05,2.662e-05,3.088e-05,3.0963e-05,1316065310343.0957,36379,kraken
1733097600,3.089e-05,3.263e-05,2.824e-05,2.991e-05,2.9932e-05,389729957195.28973,16924,kraken
1733184000,2.991e-05,3.092e-05,2.662e-05,2.863e-05,2.8567e-05,309992595964.002,13766,kraken
1733270400,2.864e-05,3.305e-05,2.864e-05,3.299e-05,3.0838e-05,546422662861.92224,21696,kraken
1733356800,3.299e-05,3.31e-05,2.95e-05,3.049e-05,3.1446e-05,683158939031.5511,21804,kraken
1733443200,3.049e-05,3.154e-05,2.934e-05,3.087e-05,3.0575e-05,175268465914.4244,8216,kraken
1733529600,3.088e-05,3.34e-05,3.036e-05,3.203e-05,3.1894e-05,374254514559.0921,12601,kraken
1733616000,3.201e-05,3.34e-05,3.121e-05,3.222e-05,3.2284e-05,339860784267.07275,12803,kraken
1733702400,3.222e-05,3.222e-05,2.4e-05,2.733e-05,2.8455e-05,372900691572.0669,17965,kraken
1733788800,2.726e-05,2.772e-05,2.421e-05,2.718e-05,2.629e-05,217795809604.12643,11095,kraken
1733875200,2.717e-05,2.935e-05,2.6e-05,2.885e-05,2.8031e-05,139395540675.6314,7235,kraken
1733961600,2.885e-05,2.976e-05,2.782e-05,2.814e-05,2.8865e-05,118280508662.98389,6441,kraken
1734048000,2.815e-05,2.86e-05,2.745e-05,2.853e-05,2.8062e-05,75764469753.3462,4316,kraken
1734134400,2.855e-05,2.883e-05,2.684e-05,2.748e-05,2.7775e-05,119227242236.12904,4981,kraken
1734220800,2.748e-05,2.804e-05,2.686e-05,2.786e-05,2.746e-05,48575132529.02141,3239,kraken
1734307200,2.787e-05,2.828e-05,2.654e-05,2.72e-05,2.7425e-05,98221959956.23747,4983,kraken
1734393600,2.718e-05,2.745e-05,2.603e-05,2.632e-05,2.6855e-05,100003749928.31296,4538,kraken
1734480000,2.631e-05,2.645e-05,2.374e-05,2.403e-05,2.4953e-05,216677820267.148,7282,kraken
1734566400,2.404e-05,2.447e-05,2.103e-05,2.156e-05,2.2794e-05,244148127295.06216,8897,kraken
1734652800,2.156e-05,2.268e-05,1.851e-05,2.246e-05,2.0539e-05,268331588143.07648,9259,kraken
1734739200,2.244e-05,2.399e-05,2.143e-05,2.168e-05,2.2553e-05,140716573254.82935,5018,kraken
1734825600,2.17e-05,2.22e-05,2.088e-05,2.151e-05,2.1517e-05,53814352224.55741,2998,kraken
1734912000,2.151e-05,2.279e-05,2.096e-05,2.25e-05,2.1654e-05,109739199192.80241,4077,kraken
1734998400,2.247e-05,2.362e-05,2.191e-05,2.348e-05,2.2783e-05,81648739996.82536,3283,kraken
1735084800,2.348e-05,2.404e-05,2.257e-05,2.283e-05,2.3233e-05,97451858016.30891,2937,kraken
1735171200,2.281e-05,2.309e-05,2.127e-05,2.156e-05,2.1967e-05,67417804636.07699,2762,kraken
1735257600,2.156e-05,2.24e-05,2.134e-05,2.166e-05,2.1738e-05,37288060646.1698,2462,kraken
1735344000,2.169e-05,2.232e-05,2.149e-05,2.215e-05,2.1936e-05,34498869799.52778,1683,kraken
1735430400,2.214e-05,2.238e-05,2.128e-05,2.13e-05,2.1764e-05,57100442755.40408,2201,kraken
1735516800,2.129e-05,2.181e-05,2.052e-05,2.11e-05,2.1174e-05,66324675967.87631,3042,kraken
1735603200,2.105e-05,2.185e-05,2.047e-05,2.114e-05,2.1201e-05,58918303345.61731,2587,kraken
1735689600,2.114e-05,2.168e-05,2.069e-05,2.164e-05,2.1365e-05,42578403354.95972,1833,kraken
1735776000,2.163e-05,2.3e-05,2.158e-05,2.288e-05,2.2408e-05,66843632871.0361,3330,kraken
1735862400,2.289e-05,2.461e-05,2.25e-05,2.442e-05,2.3784e-05,123435150484.11456,4940,kraken
1735948800,2.442e-05,2.49e-05,2.391e-05,2.434e-05,2.44e-05,85363644672.74818,3579,kraken
1736035200,2.434e-05,2.439e-05,2.346e-05,2.391e-05,2.3797e-05,52851811677.68325,2488,kraken
1736121600,2.393e-05,2.462e-05,2.343e-05,2.407e-05,2.4082e-05,63720135128.33828,3298,kraken
1736208000,2.405e-05,2.426e-05,2.169e-05,2.18e-05,2.2883e-05,72523092210.08775,4288,kraken
1736294400,2.179e-05,2.197e-05,2.028e-05,2.13e-05,2.1388e-05,90996081781.5939,4116,kraken
1736380800,2.128e-05,2.2e-05,2.05e-05,2.106e-05,2.1341e-05,63312034349.96536,2991,kraken
1736467200,2.114e-05,2.188e-05,2.104e-05,2.155e-05,2.1497e-05,41468600081.54327,2550,kraken
1736553600,2.157e-05,2.271e-05,2.135e-05,2.22e-05,2.2049e-05,76865845108.88708,2826,kraken
1736640000,2.22e-05,2.22e-05,2.129e-05,2.156e-05,2.1758e-05,42730697717.73155,2308,kraken
1736726400,2.156e-05,2.214e-05,1.96e-05,2.12e-05,2.0585e-05,105726925578.60336,4338,kraken
1736812800,2.12e-05,2.196e-05,2.109e-05,2.162e-05,2.146e-05,41620624082.47957,2350,kraken
1736899200,2.162e-05,2.285e-05,2.094e-05,2.274e-05,2.1958e-05,117264911593.21994,4621,kraken
1736985600,2.277e-05,2.281e-05,2.17e-05,2.201e-05,2.2315e-05,142686620598.8355,4772,kraken
1737072000,2.2e-05,2.47e-05,2.2e-05,2.421e-05,2.3774e-05,196792203768.352,7181,kraken
1737158400,2.423e-05,2.497e-05,2.236e-05,2.275e-05,2.3402e-05,149301382828.4868,6215,kraken
1737244800,2.275e-05,2.324e-05,1.977e-05,2.031e-05,2.1394e-05,261987194594.91592,11052,kraken
1737331200,2.031e-05,2.211e-05,1.965e-05,2.031e-05,2.0753e-05,205543230218.27136,9537,kraken
1737417600,2.034e-05,2.13e-05,1.963e-05,2.092e-05,2.0564e-05,70435252315.32361,4867,kraken
1737504000,2.09e-05,2.099e-05,2.008e-05,2.016e-05,2.0519e-05,45955240933.29812,3021,kraken
1737590400,2.015e-05,2.051e-05,1.957e-05,2.017e-05,2.0043e-05,76792478713.38046,3941,kraken
1737676800,2.016e-05,2.056e-05,1.951e-05,1.994e-05,2.0118e-05,57567573708.18741,2968,kraken
1737763200,1.995e-05,2.014e-05,1.971e-05,1.993e-05,1.9995e-05,28948578578.88571,1721,kraken
1737849600,1.994e-05,2.014e-05,1.905e-05,1.906e-05,1.9549e-05,77682735027.57568,2996,kraken
1737936000,1.91e-05,1.915e-05,1.729e-05,1.897e-05,1.8217e-05,138005796630.02835,5610,kraken
1738022400,1.9e-05,1.933e-05,1.772e-05,1.796e-05,1.8805e-05,67000533241.00551,3271,kraken
1738108800,1.795e-05,1.88e-05,1.782e-05,1.827e-05,1.8294e-05,72044737620.40851,2518,kraken
1738195200,1.828e-05,1.898e-05,1.818e-05,1.87e-05,1.8621e-05,41066327476.78745,2327,kraken
1738281600,1.869e-05,1.967e-05,1.85e-05,1.888e-05,1.9055e-05,47603670620.11148,3328,kraken
1738368000,1.889e-05,1.922e-05,1.762e-05,1.762e-05,1.8389e-05,72089170537.5436,3297,kraken
1738454400,1.762e-05,1.795e-05,1.472e-05,1.551e-05,1.6207e-05,125245297530.25693,5854,kraken
1738540800,1.551e-05,1.689e-05,1.164e-05,1.685e-05,1.4089e-05,295856361943.87726,11107,kraken
1738627200,1.685e-05,1.696e-05,1.508e-05,1.578e-05,1.5841e-05,148966522421.0102,4395,kraken
1738713600,1.571e-05,1.672e-05,1.552e-05,1.578e-05,1.6054e-05,54736724421.90536,3121,kraken
1738800000,1.581e-05,1.615e-05,1.474e-05,1.487e-05,1.5338e-05,62576664654.11308,3070,kraken
1738886400,1.486e-05,1.57e-05,1.464e-05,1.511e-05,1.5086e-05,52734932947.10445,2680,kraken
1738972800,1.506e-05,1.605e-05,1.502e-05,1.598e-05,1.5694e-05,46630240158.12105,2598,kraken
1739059200,1.598e-05,1.654e-05,1.516e-05,1.568e-05,1.59e-05,66003509494.63207,2559,kraken
1739145600,1.567e-05,1.61e-05,1.53e-05,1.581e-05,1.5789e-05,37318549643.76663,1942,kraken
1739232000,1.58e-05,1.648e-05,1.546e-05,1.568e-05,1.5953e-05,54096195682.85203,2344,kraken
1739318400,1.566e-05,1.735e-05,1.55e-05,1.699e-05,1.6348e-05,75616229386.19531,3532,kraken
1739404800,1.701e-05,1.705e-05,1.593e-05,1.629e-05,1.6293e-05,56058602185.75355,2663,kraken
1739491200,1.631e-05,1.717e-05,1.619e-05,1.671e-05,1.6667e-05,83460136024.651,3151,kraken
1739577600,1.669e-05,1.701e-05,1.624e-05,1.632e-05,1.6483e-05,40886917818.89883,2133,kraken
1739664000,1.633e-05,1.64e-05,1.583e-05,1.598e-05,1.6105e-05,31963247267.16267,1833,kraken
1739750400,1.598e-05,1.628e-05,1.537e-05,1.574e-05,1.5734e-05,40341228382.03096,2234,kraken
1739836800,1.575e-05,1.579e-05,1.487e-05,1.522e-05,1.5239e-05,48337198037.81617,2389,kraken
1739923200,1.522e-05,1.553e-05,1.507e-05,1.541e-05,1.5313e-05,26334574465.19636,1550,kraken
1740009600,1.541e-05,1.561e-05,1.532e-05,1.556e-05,1.549e-05,23963746957.9829,1365,kraken
1740096000,1.557e-05,1.597e-05,1.485e-05,1.508e-05,1.5455e-05,34431614934.33605,2114,kraken
1740182400,1.507e-05,1.578e-05,1.503e-05,1.562e-05,1.5429e-05,15378765009.8575,1247,kraken
1740268800,1.561e-05,1.578e-05,1.532e-05,1.547e-05,1.5499e-05,16703690783.4965,1064,kraken
1740355200,1.545e-05,1.555e-05,1.344e-05,1.363e-05,1.4345e-05,65226578967.14394,3420,kraken
1740441600,1.367e-05,1.425e-05,1.305e-05,1.409e-05,1.3724e-05,81583953404.48502,4326,kraken
1740528000,1.41e-05,1.452e-05,1.374e-05,1.44e-05,1.4213e-05,47090846051.01582,2441,kraken
1740614400,1.441e-05,1.484e-05,1.418e-05,1.443e-05,1.451e-05,27079989725.15081,1926,kraken
1740700800,1.442e-05,1.443e-05,1.298e-05,1.392e-05,1.3587e-05,71022794854.36229,3787,kraken
1740787200,1.394e-05,1.414e-05,1.34e-05,1.363e-05,1.3799e-05,38832000921.94477,1809,kraken
1740873600,1.364e-05,1.518e-05,1.349e-05,1.515e-05,1.4579e-05,75622637618.26126,3492,kraken
1740960000,1.518e-05,1.519e-05,1.269e-05,1.291e-05,1.3792e-05,75833300268.79501,3819,kraken
1741046400,1.288e-05,1.324e-05,1.219e-05,1.308e-05,1.2693e-05,63202763497.11676,2902,kraken
1741132800,1.307e-05,1.343e-05,1.285e-05,1.338e-05,1.3121e-05,37159371168.19056,1801,kraken
1741219200,1.338e-05,1.383e-05,1.316e-05,1.339e-05,1.3431e-05,52716611433.41594,1974,kraken
1741305600,1.34e-05,1.374e-05,1.278e-05,1.313e-05,1.3366e-05,48883244840.15485,2490,kraken
1741392000,1.314e-05,1.324e-05,1.257e-05,1.265e-05,1.2875e-05,39849693722.17894,1694,kraken
1741478400,1.267e-05,1.27e-05,1.152e-05,1.164e-05,1.212e-05,81442561212.9284,2769,kraken
1741564800,1.165e-05,1.299e-05,1.142e-05,1.148e-05,1.2095e-05,107174993141.1904,3594,kraken
1741651200,1.152e-05,1.228e-05,1.083e-05,1.203e-05,1.1618e-05,138183107661.6729,3771,kraken
1741737600,1.204e-05,1.258e-05,1.178e-05,1.233e-05,1.2212e-05,60987451835.04846,2355,kraken
1741824000,1.233e-05,1.239e-05,1.179e-05,1.202e-05,1.2126e-05,54660448811.23811,1731,kraken
1741910400,1.202e-05,1.291e-05,1.2e-05,1.276e-05,1.2552e-05,62609522802.01408,2213,kraken
1741996800,1.278e-05,1.298e-05,1.264e-05,1.284e-05,1.276e-05,37265172731.50611,1604,kraken
1742083200,1.284e-05,1.381e-05,1.258e-05,1.312e-05,1.318e-05,108459142362.54268,3662,kraken
1742169600,1.315e-05,1.359e-05,1.278e-05,1.297e-05,1.3129e-05,64928263273.35254,2639,kraken
1742256000,1.294e-05,1.294e-05,1.227e-05,1.254e-05,1.2609e-05,57605244995.95986,2267,kraken
1742342400,1.255e-05,1.299e-05,1.248e-05,1.294e-05,1.2736e-05,39470484758.58217,2166,kraken
1742428800,1.296e-05,1.303e-05,1.26e-05,1.293e-05,1.2858e-05,24736977362.69802,1782,kraken
1742515200,1.296e-05,1.308e-05,1.246e-05,1.25e-05,1.2766e-05,42809755739.87216,1960,kraken
1742601600,1.249e-05,1.296e-05,1.248e-05,1.278e-05,1.2736e-05,13069283114.36145,1153,kraken
1742688000,1.281e-05,1.31e-05,1.278e-05,1.295e-05,1.2893e-05,18510478872.99804,1144,kraken
1742774400,1.294e-05,1.37e-05,1.279e-05,1.351e-05,1.3233e-05,55148460175.64741,2153,kraken
1742860800,1.353e-05,1.405e-05,1.336e-05,1.386e-05,1.3668e-05,31582271953.78224,1949,kraken
1742947200,1.386e-05,1.566e-05,1.38e-05,1.42e-05,1.4734e-05,128619872416.90665,5562,kraken
1743033600,1.422e-05,1.473e-05,1.394e-05,1.403e-05,1.4289e-05,48236688121.46468,2388,kraken
1743120000,1.403e-05,1.405e-05,1.301e-05,1.323e-05,1.3493e-05,52704770523.62034,2489,kraken
1743206400,1.324e-05,1.337e-05,1.244e-05,1.268e-05,1.2779e-05,33506058142.2331,1515,kraken
1743292800,1.268e-05,1.284e-05,1.229e-05,1.245e-05,1.2709e-05,53566626919.82595,1385,kraken
1743379200,1.245e-05,1.256e-05,1.197e-05,1.24e-05,1.2255e-05,24596368296.91361,1552,kraken
1743465600,1.24e-05,1.314e-05,1.24e-05,1.268e-05,1.2814e-05,64354428232.75341,2226,kraken
1743552000,1.269e-05,1.303e-05,1.194e-05,1.205e-05,1.2417e-05,88544794176.08,3520,kraken
1743638400,1.206e-05,1.243e-05,1.181e-05,1.222e-05,1.2195e-05,62563585160.56557,2627,kraken
1743724800,1.223e-05,1.252e-05,1.194e-05,1.23e-05,1.2264e-05,30839370425.27592,2071,kraken
1743811200,1.231e-05,1.242e-05,1.209e-05,1.234e-05,1.2237e-05,19975939968.92147,1552,kraken
1743897600,1.234e-05,1.238e-05,1.103e-05,1.132e-05,1.1622e-05,45891998820.3262,2611,kraken
1743984000,1.133e-05,1.181e-05,1.029e-05,1.143e-05,1.1064e-05,57265216642.64915,3997,kraken
1744070400,1.143e-05,1.172e-05,1.053e-05,1.064e-05,1.1176e-05,44504500707.70831,2224,kraken
1744156800,1.063e-05,1.213e-05,1.03e-05,1.193e-05,1.1311e-05,68548959002.78453,3024,kraken
1744243200,1.193e-05,1.212e-05,1.143e-05,1.164e-05,1.1723e-05,47128891053.62612,2335,kraken
1744329600,1.163e-05,1.237e-05,1.161e-05,1.22e-05,1.2046e-05,72770278465.77164,2656,kraken
1744416000,1.221e-05,1.267e-05,1.205e-05,1.254e-05,1.2392e-05,38841804921.69666,2084,kraken
1744502400,1.254e-05,1.259e-05,1.194e-05,1.206e-05,1.2243e-05,27019790094.41717,1927,kraken
1744588800,1.204e-05,1.242e-05,1.194e-05,1.201e-05,1.2203e-05,33837067256.36143,1988,kraken
1744675200,1.201e-05,1.213e-05,1.166e-05,1.168e-05,1.1884e-05,21938573980.85999,1522,kraken
1744761600,1.168e-05,1.198e-05,1.148e-05,1.184e-05,1.1751e-05,36341868191.36684,1773,kraken
1744848000,1.184e-05,1.203e-05,1.163e-05,1.179e-05,1.1861e-05,15667318172.04443,1271,kraken
1744934400,1.177e-05,1.247e-05,1.168e-05,1.23e-05,1.2228e-05,59812615396.81344,1896,kraken
1745020800,1.229e-05,1.242e-05,1.213e-05,1.236e-05,1.2213e-05,75965012878.60936,1604,kraken
1745107200,1.236e-05,1.255e-05,1.211e-05,1.236e-05,1.2374e-05,16971788885.17717,1199,kraken
1745193600,1.236e-05,1.28e-05,1.221e-05,1.234e-05,1.2514e-05,28991677937.27187,1814,kraken
1745280000,1.237e-05,1.38e-05,1.219e-05,1.36e-05,1.3118e-05,56461589616.55912,2874,kraken
1745366400,1.36e-05,1.391e-05,1.316e-05,1.358e-05,1.3621e-05,63968481711.87355,2903,kraken
1745452800,1.359e-05,1.381e-05,1.292e-05,1.38e-05,1.345e-05,37608300087.92575,2027,kraken
1745539200,1.379e-05,1.429e-05,1.367e-05,1.418e-05,1.3996e-05,74608641276.54436,2877,kraken
1745625600,1.419e-05,1.523e-05,1.406e-05,1.414e-05,1.4389e-05,81154528435.25652,3000,kraken
1745712000,1.416e-05,1.419e-05,1.344e-05,1.345e-05,1.3622e-05,55769923017.43151,1907,kraken
1745798400,1.346e-05,1.42e-05,1.318e-05,1.373e-05,1.3568e-05,68116949503.11077,2678,kraken
1745884800,1.373e-05,1.391e-05,1.327e-05,1.343e-05,1.3634e-05,35675459350.17675,2210,kraken
1745971200,1.343e-05,1.353e-05,1.281e-05,1.324e-05,1.3174e-05,37735149549.67131,1732,kraken
1746057600,1.325e-05,1.375e-05,1.322e-05,1.349e-05,1.3484e-05,70001534283.30719,1985,kraken
1746144000,1.35e-05,1.369e-05,1.329e-05,1.348e-05,1.3491e-05,18072998027.49674,1434,kraken
1746230400,1.348e-05,1.348e-05,1.29e-05,1.297e-05,1.3114e-05,21602223885.45938,1314,kraken
1746316800,1.297e-05,1.322e-05,1.261e-05,1.267e-05,1.2895e-05,15251768359.04177,1259,kraken
1746403200,1.265e-05,1.297e-05,1.254e-05,1.269e-05,1.2753e-05,18022930562.31536,1225,kraken
1746489600,1.268e-05,1.276e-05,1.232e-05,1.275e-05,1.2499e-05,24015227244.54378,1250,kraken
1746576000,1.274e-05,1.293e-05,1.255e-05,1.28e-05,1.2794e-05,32626669468.72751,1382,kraken
1746662400,1.28e-05,1.458e-05,1.274e-05,1.439e-05,1.3875e-05,89202973605.21088,3711,kraken
1746748800,1.44e-05,1.563e-05,1.411e-05,1.502e-05,1.505e-05,134941634003.55624,5351,kraken
1746835200,1.503e-05,1.708e-05,1.487e-05,1.708e-05,1.595e-05,157488439582.15997,6143,kraken
1746921600,1.707e-05,1.727e-05,1.562e-05,1.588e-05,1.6107e-05,132127098467.91724,4290,kraken
1747008000,1.591e-05,1.763e-05,1.506e-05,1.577e-05,1.6436e-05,213455642137.51123,7007,kraken
1747094400,1.576e-05,1.659e-05,1.481e-05,1.635e-05,1.5747e-05,140789904112.87787,4384,kraken
1747180800,1.636e-05,1.669e-05,1.553e-05,1.572e-05,1.5955e-05,69353876214.4599,3991,kraken
1747267200,1.573e-05,1.589e-05,1.446e-05,1.483e-05,1.497e-05,112348176180.00269,3558,kraken
1747353600,1.476e-05,1.519e-05,1.44e-05,1.456e-05,1.4909e-05,67117114053.48743,2039,kraken
1747440000,1.456e-05,1.46e-05,1.398e-05,1.419e-05,1.4229e-05,32934350633.11839,1800,kraken
1747526400,1.421e-05,1.533e-05,1.41e-05,1.501e-05,1.4793e-05,97839952803.20006,3318,kraken
1747612800,1.501e-05,1.512e-05,1.388e-05,1.458e-05,1.4337e-05,49151518885.17222,2650,kraken
1747699200,1.46e-05,1.492e-05,1.413e-05,1.462e-05,1.4544e-05,34572506864.64569,2324,kraken
1747785600,1.462e-05,1.517e-05,1.429e-05,1.483e-05,1.4745e-05,131928904506.59312,3560,kraken
1747872000,1.486e-05,1.552e-05,1.484e-05,1.552e-05,1.5211e-05,74494770257.1618,3108,kraken
1747958400,1.552e-05,1.604e-05,1.42e-05,1.431e-05,1.4991e-05,138841435401.38455,4436,kraken
1748044800,1.431e-05,1.459e-05,1.425e-05,1.44e-05,1.4432e-05,41828156205.10236,1293,kraken
1748131200,1.439e-05,1.469e-05,1.394e-05,1.451e-05,1.4258e-05,55049610626.33189,1778,kraken
1748217600,1.452e-05,1.475e-05,1.422e-05,1.442e-05,1.4492e-05,38819743104.3162,1676,kraken
1748304000,1.441e-05,1.467e-05,1.406e-05,1.446e-05,1.4415e-05,42247925293.07129,1624,kraken
1748390400,1.447e-05,1.454e-05,1.393e-05,1.431e-05,1.4231e-05,47403998173.76375,1672,kraken
1748476800,1.433e-05,1.469e-05,1.384e-05,1.39e-05,1.4343e-05,79580428747.33084,2128,kraken
1748563200,1.389e-05,1.397e-05,1.267e-05,1.275e-05,1.317e-05,158220379292.17096,3723,kraken
1748649600,1.276e-05,1.294e-05,1.226e-05,1.282e-05,1.2551e-05,47099852813.18043,1929,kraken
1748736000,1.282e-05,1.309e-05,1.258e-05,1.295e-05,1.2786e-05,127726540417.68956,1946,kraken
1748822400,1.295e-05,1.324e-05,1.264e-05,1.321e-05,1.282e-05,72597559324.67844,1526,kraken
1748908800,1.32e-05,1.344e-05,1.295e-05,1.305e-05,1.3141e-05,40705539700.84891,1668,kraken
1748995200,1.305e-05,1.318e-05,1.272e-05,1.281e-05,1.2989e-05,16293605800.09644,1339,kraken
1749081600,1.282e-05,1.297e-05,1.191e-05,1.201e-05,1.2337e-05,43346096229.12519,2084,kraken
1749168000,1.202e-05,1.282e-05,1.196e-05,1.243e-05,1.2304e-05,74834528030.71358,1810,kraken
1749254400,1.243e-05,1.288e-05,1.235e-05,1.274e-05,1.2724e-05,44706474922.43684,1256,kraken
1749340800,1.274e-05,1.274e-05,1.242e-05,1.251e-05,1.2569e-05,71223347574.47308,1395,kraken
1749427200,1.251e-05,1.317e-05,1.235e-05,1.311e-05,1.2688e-05,36817447701.07417,1659,kraken
1749513600,1.312e-05,1.338e-05,1.283e-05,1.337e-05,1.3171e-05,68347147507.51934,2400,kraken
1749600000,1.337e-05,1.361e-05,1.285e-05,1.296e-05,1.3344e-05,76919916163.89095,2328,kraken
1749686400,1.294e-05,1.299e-05,1.214e-05,1.226e-05,1.262e-05,23081860696.14507,1466,kraken
1749772800,1.222e-05,1.222e-05,1.142e-05,1.211e-05,1.173e-05,70934433083.70468,2462,kraken
1749859200,1.211e-05,1.224e-05,1.189e-05,1.205e-05,1.2041e-05,34079946827.86357,1481,kraken
1749945600,1.205e-05,1.215e-05,1.182e-05,1.204e-05,1.201e-05,19496010429.13759,1348,kraken
1750032000,1.203e-05,1.231e-05,1.184e-05,1.185e-05,1.2245e-05,75953774092.64713,1707,kraken
1750118400,1.185e-05,1.207e-05,1.135e-05,1.161e-05,1.1628e-05,117297018692.6506,2323,kraken
1750204800,1.161e-05,1.178e-05,1.137e-05,1.169e-05,1.1593e-05,15485193256.22063,1501,kraken
1750291200,1.17e-05,1.176e-05,1.144e-05,1.159e-05,1.1556e-05,22008193994.93823,1386,kraken
1750377600,1.159e-05,1.183e-05,1.107e-05,1.13e-05,1.1458e-05,27324818845.53836,1403,kraken
1750464000,1.133e-05,1.142e-05,1.059e-05,1.09e-05,1.1035e-05,47637065741.51601,1347,kraken
1750550400,1.09e-05,1.105e-05,1.006e-05,1.058e-05,1.0493e-05,62329440598.46996,2366,kraken
1750636800,1.06e-05,1.166e-05,1.057e-05,1.157e-05,1.0997e-05,110175960396.7266,2433,kraken
1750723200,1.159e-05,1.19e-05,1.152e-05,1.171e-05,1.1644e-05,59309015598.46296,1522,kraken
1750809600,1.172e-05,1.177e-05,1.149e-05,1.163e-05,1.17e-05,85945393973.91452,1388,kraken
1750896000,1.163e-05,1.179e-05,1.117e-05,1.121e-05,1.1374e-05,33438776689.32282,1348,kraken
1750982400,1.12e-05,1.14e-05,1.106e-05,1.133e-05,1.1224e-05,34040744382.6525,1130,kraken
1751068800,1.135e-05,1.163e-05,1.13e-05,1.156e-05,1.1449e-05,34689769393.136,880,kraken
1751155200,1.156e-05,1.198e-05,1.146e-05,1.187e-05,1.1821e-05,63485543809.59701,1288,kraken
1751241600,1.188e-05,1.192e-05,1.126e-05,1.143e-05,1.1467e-05,111473516281.31293,1670,kraken
1751328000,1.145e-05,1.15e-05,1.109e-05,1.12e-05,1.1246e-05,36004765342.96894,973,kraken
1751414400,1.12e-05,1.2e-05,1.115e-05,1.18e-05,1.1674e-05,46904240750.99016,1528,kraken
1751500800,1.181e-05,1.214e-05,1.172e-05,1.189e-05,1.1879e-05,74690645340.62184,1652,kraken
1751587200,1.189e-05,1.199e-05,1.121e-05,1.144e-05,1.157e-05,25061366769.09977,1254,kraken
1751673600,1.145e-05,1.159e-05,1.135e-05,1.147e-05,1.1462e-05,14133407899.69893,674,kraken
1751760000,1.147e-05,1.197e-05,1.137e-05,1.183e-05,1.1739e-05,24473573177.70268,1145,kraken
1751846400,1.181e-05,1.193e-05,1.145e-05,1.162e-05,1.1632e-05,33585694921.74618,1092,kraken
1751932800,1.162e-05,1.197e-05,1.155e-05,1.185e-05,1.1806e-05,60511188919.92829,1714,kraken
1752019200,1.184e-05,1.254e-05,1.177e-05,1.239e-05,1.211e-05,89135083630.61319,2494,kraken
1752105600,1.241e-05,1.343e-05,1.23e-05,1.334e-05,1.2714e-05,83044274802.65291,3328,kraken
1752192000,1.335e-05,1.386e-05,1.307e-05,1.331e-05,1.3523e-05,176793165219.21603,5016,kraken
1752278400,1.331e-05,1.353e-05,1.282e-05,1.318e-05,1.3246e-05,54332227435.74145,2447,kraken
1752364800,1.321e-05,1.35e-05,1.31e-05,1.33e-05,1.3287e-05,56965660899.6863,2347,kraken
1752451200,1.331e-05,1.415e-05,1.313e-05,1.325e-05,1.3717e-05,134753017322.1356,4498,kraken
1752537600,1.324e-05,1.381e-05,1.275e-05,1.373e-05,1.323e-05,78218584453.39407,3363,kraken
1752624000,1.374e-05,1.484e-05,1.346e-05,1.438e-05,1.4131e-05,122050899603.36607,4620,kraken
1752710400,1.438e-05,1.473e-05,1.391e-05,1.445e-05,1.4325e-05,114626809177.52072,4897,kraken
1752796800,1.448e-05,1.578e-05,1.425e-05,1.468e-05,1.5085e-05,248570826364.2671,8346,kraken
1752883200,1.467e-05,1.536e-05,1.433e-05,1.492e-05,1.4913e-05,127216813808.32709,3990,kraken
1752969600,1.491e-05,1.585e-05,1.48e-05,1.552e-05,1.5354e-05,133099926747.611,4380,kraken
1753056000,1.553e-05,1.599e-05,1.511e-05,1.546e-05,1.5558e-05,127727744126.27812,4660,kraken
1753142400,1.549e-05,1.567e-05,1.473e-05,1.546e-05,1.52e-05,121318899074.4754,4233,kraken
1753228800,1.546e-05,1.546e-05,1.342e-05,1.386e-05,1.4265e-05,226519938678.4203,5230,kraken
1753315200,1.384e-05,1.406e-05,1.3e-05,1.36e-05,1.3702e-05,79517200249.0006,2991,kraken
1753401600,1.36e-05,1.476e-05,1.313e-05,1.408e-05,1.361e-05,246343083191.95447,3777,kraken
1753488000,1.408e-05,1.42e-05,1.392e-05,1.398e-05,1.4051e-05,40797132923.14581,1652,kraken
1753574400,1.397e-05,1.428e-05,1.39e-05,1.417e-05,1.404e-05,41240793814.00499,1805,kraken
1753660800,1.417e-05,1.437e-05,1.327e-05,1.335e-05,1.388e-05,86522914376.61046,2766,kraken
1753747200,1.333e-05,1.367e-05,1.29e-05,1.313e-05,1.3282e-05,77328038735.80167,2206,kraken
1753833600,1.311e-05,1.317e-05,1.221e-05,1.287e-05,1.2737e-05,85288153341.28723,2901,kraken
1753920000,1.287e-05,1.317e-05,1.24e-05,1.243e-05,1.2907e-05,77176974597.51009,2633,kraken
1754006400,1.246e-05,1.25e-05,1.174e-05,1.208e-05,1.2189e-05,80384082720.27948,3337,kraken
1754092800,1.206e-05,1.226e-05,1.161e-05,1.183e-05,1.1907e-05,45014106549.30398,1993,kraken
1754179200,1.182e-05,1.225e-05,1.167e-05,1.22e-05,1.2153e-05,33024471368.12141,1623,kraken
1754265600,1.22e-05,1.257e-05,1.219e-05,1.252e-05,1.2368e-05,35156421116.83049,1684,kraken
1754352000,1.252e-05,1.257e-05,1.185e-05,1.209e-05,1.2166e-05,30566057882.56021,1412,kraken
1754438400,1.208e-05,1.244e-05,1.19e-05,1.234e-05,1.2258e-05,36216894417.65167,1395,kraken
1754524800,1.234e-05,1.289e-05,1.229e-05,1.289e-05,1.2608e-05,55764298719.7609,1911,kraken
1754611200,1.288e-05,1.333e-05,1.272e-05,1.325e-05,1.2943e-05,109259001278.92848,3886,kraken
1754697600,1.327e-05,1.406e-05,1.319e-05,1.374e-05,1.3705e-05,105028272245.162,3178,kraken
1754784000,1.374e-05,1.4e-05,1.327e-05,1.358e-05,1.3608e-05,54766989270.39257,2144,kraken
1754870400,1.357e-05,1.392e-05,1.283e-05,1.293e-05,1.3432e-05,111750509440.06512,3221,kraken
1754956800,1.291e-05,1.374e-05,1.272e-05,1.353e-05,1.3234e-05,50401862712.82456,2510,kraken
1755043200,1.354e-05,1.402e-05,1.341e-05,1.391e-05,1.3817e-05,134367947992.68617,3399,kraken
1755129600,1.393e-05,1.42e-05,1.263e-05,1.289e-05,1.3218e-05,114241420004.7012,4590,kraken
1755216000,1.291e-05,1.315e-05,1.251e-05,1.285e-05,1.2864e-05,50564153226.56952,2255,kraken
1755302400,1.288e-05,1.305e-05,1.281e-05,1.299e-05,1.2966e-05,30411192274.72391,1422,kraken
1755388800,1.3e-05,1.338e-05,1.292e-05,1.304e-05,1.3133e-05,26682395606.61031,1681,kraken
1755475200,1.303e-05,1.304e-05,1.246e-05,1.271e-05,1.2641e-05,48205106093.55836,2550,kraken
1755561600,1.272e-05,1.28e-05,1.208e-05,1.209e-05,1.2383e-05,64206773870.95609,2178,kraken
1755648000,1.213e-05,1.264e-05,1.204e-05,1.259e-05,1.231e-05,51760718977.45976,2009,kraken
1755734400,1.259e-05,1.271e-05,1.226e-05,1.238e-05,1.2505e-05,51845845247.50339,1534,kraken
1755820800,1.237e-05,1.35e-05,1.204e-05,1.339e-05,1.2906e-05,122149287371.26436,3530,kraken
1755907200,1.34e-05,1.341e-05,1.294e-05,1.326e-05,1.3221e-05,65574783496.65394,2078,kraken
1755993600,1.328e-05,1.35e-05,1.272e-05,1.297e-05,1.308e-05,74278536421.17763,3230,kraken
1756080000,1.296e-05,1.313e-05,1.184e-05,1.203e-05,1.2408e-05,86190037348.97809,2563,kraken
1756166400,1.202e-05,1.261e-05,1.192e-05,1.256e-05,1.2309e-05,34585119469.73517,1583,kraken
1756252800,1.256e-05,1.264e-05,1.238e-05,1.249e-05,1.2506e-05,39296083375.11976,1327,kraken
1756339200,1.248e-05,1.272e-05,1.24e-05,1.267e-05,1.2588e-05,49280889554.09093,1457,kraken
1756425600,1.268e-05,1.271e-05,1.198e-05,1.22e-05,1.2232e-05,71374231301.37756,1990,kraken
1756512000,1.22e-05,1.247e-05,1.203e-05,1.235e-05,1.2346e-05,37373012006.41094,1244,kraken
1756598400,1.236e-05,1.251e-05,1.216e-05,1.219e-05,1.2369e-05,29951592177.50735,1144,kraken
1756684800,1.219e-05,1.261e-05,1.181e-05,1.21e-05,1.2213e-05,70223387687.61192,2316,kraken
1756771200,1.21e-05,1.248e-05,1.204e-05,1.243e-05,1.2304e-05,59590062589.75321,1983,kraken
1756857600,1.243e-05,1.258e-05,1.231e-05,1.248e-05,1.2456e-05,48110390433.30732,1492,kraken
1756944000,1.249e-05,1.253e-05,1.2e-05,1.212e-05,1.217e-05,83885938814.68936,1903,kraken
1757030400,1.212e-05,1.248e-05,1.208e-05,1.24e-05,1.2323e-05,148148622280.81647,2515,kraken
1757116800,1.241e-05,1.245e-05,1.216e-05,1.228e-05,1.2295e-05,121282264542.50476,1974,kraken
1757203200,1.228e-05,1.251e-05,1.227e-05,1.248e-05,1.2388e-05,43451038097.31788,1172,kraken
1757289600,1.249e-05,1.298e-05,1.239e-05,1.288e-05,1.2756e-05,74646995732.30486,2418,kraken
1757376000,1.288e-05,1.319e-05,1.267e-05,1.289e-05,1.2926e-05,92102058997.32468,2053,kraken
1757462400,1.288e-05,1.316e-05,1.276e-05,1.307e-05,1.3001e-05,52808745179.63375,1650,kraken
1757548800,1.307e-05,1.327e-05,1.291e-05,1.325e-05,1.3102e-05,65577421954.63403,1908,kraken
1757635200,1.326e-05,1.391e-05,1.319e-05,1.39e-05,1.3471e-05,84780197379.46918,2931,kraken
1757721600,1.391e-05,1.486e-05,1.376e-05,1.43e-05,1.4321e-05,256696237393.44247,6513,kraken
1757808000,1.431e-05,1.431e-05,1.354e-05,1.37e-05,1.3865e-05,150612007610.87903,2580,kraken
1757894400,1.368e-05,1.381e-05,1.294e-05,1.308e-05,1.3214e-05,116017384261.06444,2243,kraken
1757980800,1.307e-05,1.328e-05,1.286e-05,1.317e-05,1.3104e-05,170054481562.67172,2530,kraken
1758067200,1.317e-05,1.361e-05,1.284e-05,1.35e-05,1.3077e-05,257761025622.2008,3745,kraken
1758153600,1.352e-05,1.361e-05,1.329e-05,1.339e-05,1.3475e-05,110479098243.51288,2884,kraken
1758240000,1.341e-05,1.355e-05,1.28e-05,1.287e-05,1.3083e-05,103760213182.8814,2875,kraken
1758326400,1.287e-05,1.305e-05,1.279e-05,1.292e-05,1.2957e-05,30582283267.67882,1494,kraken
1758412800,1.293e-05,1.305e-05,1.273e-05,1.275e-05,1.284e-05,82585031694.62593,1916,kraken
1758499200,1.274e-05,1.278e-05,1.171e-05,1.215e-05,1.2102e-05,171312654353.271,4077,kraken
1758585600,1.214e-05,1.23e-05,1.191e-05,1.21e-05,1.2136e-05,32746411522.55332,2289,kraken
1758672000,1.21e-05,1.238e-05,1.191e-05,1.214e-05,1.2218e-05,48864702224.13988,1836,kraken
1758758400,1.214e-05,1.217e-05,1.151e-05,1.164e-05,1.1747e-05,99335696148.66525,2858,kraken
1758844800,1.165e-05,1.199e-05,1.151e-05,1.193e-05,1.1818e-05,52825971192.59433,1855,kraken
1758931200,1.193e-05,1.193e-05,1.172e-05,1.182e-05,1.1822e-05,16405770882.76535,1259,kraken
1759017600,1.182e-05,1.204e-05,1.159e-05,1.203e-05,1.1832e-05,29028254668.88327,1578,kraken
1759104000,1.202e-05,1.205e-05,1.172e-05,1.197e-05,1.1951e-05,27483623826.19598,1801,kraken
1759190400,1.198e-05,1.201e-05,1.156e-05,1.183e-05,1.1722e-05,44503935866.50462,1681,kraken
1759276800,1.184e-05,1.24e-05,1.177e-05,1.239e-05,1.2251e-05,90405467771.19312,3390,kraken
1759363200,1.24e-05,1.272e-05,1.232e-05,1.266e-05,1.2567e-05,69621518332.29367,2822,kraken
1759449600,1.265e-05,1.288e-05,1.236e-05,1.266e-05,1.2559e-05,46659435710.88077,2165,kraken
1759536000,1.268e-05,1.275e-05,1.224e-05,1.238e-05,1.2472e-05,31644642160.11541,1388,kraken
1759622400,1.238e-05,1.297e-05,1.231e-05,1.246e-05,1.2663e-05,40061147631.62258,1944,kraken
1759708800,1.246e-05,1.302e-05,1.238e-05,1.285e-05,1.2759e-05,51592283548.59604,2261,kraken
1759795200,1.286e-05,1.291e-05,1.218e-05,1.221e-05,1.2415e-05,61757068586.63344,2344,kraken
1759881600,1.222e-05,1.247e-05,1.205e-05,1.233e-05,1.2226e-05,31323852652.82059,1808,kraken
1759968000,1.233e-05,1.235e-05,1.174e-05,1.202e-05,1.2009e-05,41984429164.84059,1977,kraken
1760054400,1.203e-05,1.214e-05,6.71e-06,9.74e-06,9.64e-06,418066031772.8008,14567,kraken
1760140800,9.77e-06,1.073e-05,9.58e-06,9.96e-06,1.0128e-05,138146598796.87915,4539,kraken
1760227200,9.97e-06,1.088e-05,9.8e-06,1.072e-05,1.0308e-05,144766460030.8078,3403,kraken
1760313600,1.07e-05,1.129e-05,1.055e-05,1.112e-05,1.093e-05,106258823111.36768,2707,kraken
1760400000,1.113e-05,1.117e-05,1.021e-05,1.075e-05,1.0602e-05,69312449796.62402,2048,kraken
1760486400,1.075e-05,1.09e-05,1.02e-05,1.033e-05,1.0519e-05,75954140088.8464,1749,kraken
1760572800,1.033e-05,1.051e-05,9.89e-06,9.99e-06,1.0136e-05,48667198726.60733,2127,kraken
1760659200,1e-05,1.012e-05,9.26e-06,9.76e-06,9.68e-06,119330428788.75128,2872,kraken
1760745600,9.77e-06,9.99e-06,9.73e-06,9.91e-06,9.895e-06,25014725857.58097,1137,kraken
1760832000,9.93e-06,1.021e-05,9.8e-06,1.009e-05,1.0003e-05,47078361682.05334,1369,kraken
1760918400,1.009e-05,1.034e-05,9.94e-06,1.019e-05,1.0173e-05,54803635258.05216,1730,kraken
1761004800,1.02e-05,1.055e-05,9.87e-06,1.006e-05,1.0166e-05,48893563192.71438,2001,kraken
1761091200,1.006e-05,1.011e-05,9.62e-06,9.87e-06,9.879e-06,48373619949.46058,1738,kraken
1761177600,9.87e-06,1.02e-05,9.86e-06,1.011e-05,1.0022e-05,21155937185.2545,1480,kraken
1761264000,1.012e-05,1.032e-05,1.004e-05,1.024e-05,1.0185e-05,24139963957.84868,1567,kraken
1761350400,1.024e-05,1.026e-05,1.008e-05,1.02e-05,1.0188e-05,39839447709.62727,1052,kraken
1761436800,1.019e-05,1.068e-05,1.008e-05,1.057e-05,1.0385e-05,58475755055.36548,1488,kraken
1761523200,1.056e-05,1.069e-05,1.034e-05,1.039e-05,1.0513e-05,55707605477.39298,1573,kraken
1761609600,1.038e-05,1.043e-05,9.97e-06,1.011e-05,1.0188e-05,44459535364.28691,1490,kraken
1761696000,1.01e-05,1.044e-05,9.97e-06,1.015e-05,1.0235e-05,28252417487.81,1549,kraken
1761782400,1.015e-05,1.024e-05,9.38e-06,9.74e-06,9.72e-06,84251389009.19592,2367,kraken
1761868800,9.72e-06,1.006e-05,9.7e-06,1.003e-05,9.889e-06,27097968251.38123,1432,kraken
1761955200,1.002e-05,1.02e-05,9.96e-06,1.02e-05,1.0084e-05,11517428190.86964,922,kraken
1762041600,1.02e-05,1.024e-05,9.95e-06,1.019e-05,1.0045e-05,50748794684.36352,1031,kraken
1762128000,1.017e-05,1.019e-05,8.96e-06,9.19e-06,9.403e-06,50467333520.12195,2222,kraken
1762214400,9.19e-06,9.32e-06,8.39e-06,8.86e-06,8.839e-06,117593655778.87454,3422,kraken
1762300800,8.85e-06,9.23e-06,8.42e-06,9.16e-06,9.025e-06,57452617431.62673,1996,kraken
1762387200,9.15e-06,9.18e-06,8.77e-06,9.02e-06,8.956e-06,52758355867.44227,1643,kraken
1762473600,9.02e-06,1.035e-05,9.02e-06,1.002e-05,9.726e-06,82219930062.70035,2907,kraken
1762560000,1.003e-05,1.026e-05,9.7e-06,9.96e-06,1.0012e-05,70576416908.19603,1475,kraken
1762646400,9.96e-06,1.007e-05,9.63e-06,9.99e-06,9.859e-06,45461197652.44896,1421,kraken
1762732800,1e-05,1.022e-05,9.88e-06,1.013e-05,1.0068e-05,38167065266.15337,1518,kraken
1762819200,1.016e-05,1.026e-05,9.62e-06,9.64e-06,9.994e-06,33741354598.27046,1468,kraken
1762905600,9.65e-06,9.99e-06,9.44e-06,9.5e-06,9.648e-06,46357544043.3276,1476,kraken
1762992000,9.51e-06,9.86e-06,9.04e-06,9.3e-06,9.466e-06,50784197593.98646,1729,kraken
1763078400,9.28e-06,9.35e-06,8.83e-06,8.98e-06,9.095e-06,39908294194.05171,1844,kraken
1763164800,8.98e-06,9.27e-06,8.97e-06,9.04e-06,9.104e-06,16119372394.77485,1173,kraken
1763251200,9.05e-06,9.23e-06,8.64e-06,8.89e-06,8.95e-06,36425394251.95992,1763,kraken
1763337600,8.9e-06,9.17e-06,8.45e-06,8.58e-06,8.836e-06,66776110356.65401,2321,kraken
1763424000,8.57e-06,9.01e-06,8.47e-06,8.87e-06,8.806e-06,39779110719.8552,1668,kraken
1763510400,8.87e-06,8.9e-06,8.23e-06,8.56e-06,8.472e-06,89958558093.69728,2018,kraken
1763596800,8.54e-06,8.82e-06,8.13e-06,8.24e-06,8.451e-06,54076152511.43963,2274,kraken
1763683200,8.25e-06,8.39e-06,7.55e-06,7.85e-06,7.867e-06,123196786659.21912,3648,kraken
1763769600,7.85e-06,7.89e-06,7.57e-06,7.8e-06,7.751e-06,61087841148.98881,1501,kraken
1763856000,7.79e-06,8.04e-06,7.76e-06,7.86e-06,7.935e-06,52459628212.13136,1778,kraken
1763942400,7.85e-06,8.42e-06,7.78e-06,8.33e-06,8.185e-06,83712828877.4929,1831,kraken
1764028800,8.33e-06,8.91e-06,8.02e-06,8.8e-06,8.462e-06,32472741779.40258,1829,kraken
1764115200,8.82e-06,8.84e-06,8.3e-06,8.58e-06,8.6e-06,50037539249.47121,2067,kraken
1764201600,8.58e-06,8.85e-06,8.52e-06,8.77e-06,8.657e-06,31004822612.69144,1279,kraken
1764288000,8.75e-06,9.13e-06,8.62e-06,8.66e-06,8.785e-06,26587910690.27104,1744,kraken
1764374400,8.66e-06,8.66e-06,8.42e-06,8.53e-06,8.517e-06,12834115936.85467,1080,kraken
1764460800,8.52e-06,8.63e-06,8.37e-06,8.37e-06,8.512e-06,10568663063.24479,1030,kraken
1764547200,8.37e-06,8.38e-06,7.85e-06,7.97e-06,7.992e-06,35696352307.29211,2094,kraken
1764633600,7.97e-06,8.57e-06,7.89e-06,8.45e-06,8.204e-06,59149070366.78583,1661,kraken
1764720000,8.46e-06,9.5e-06,8.45e-06,8.97e-06,9.056e-06,97303879938.4972,2858,kraken
1764806400,8.99e-06,9.03e-06,8.56e-06,8.72e-06,8.845e-06,26927328163.55243,1573,kraken
1764892800,8.72e-06,8.78e-06,8.15e-06,8.31e-06,8.434e-06,51085523870.0928,2254,kraken
1764979200,8.29e-06,1.049e-05,8.26e-06,8.43e-06,8.501e-06,128260108821.18102,2749,kraken
1765065600,8.43e-06,8.58e-06,8.19e-06,8.34e-06,8.455e-06,34932964257.49888,1543,kraken
1765152000,8.34e-06,8.61e-06,8.29e-06,8.58e-06,8.487e-06,72761408063.7618,1604,kraken
1765238400,8.58e-06,9.04e-06,8.42e-06,8.72e-06,8.74e-06,74574364652.25554,2114,kraken
1765324800,8.74e-06,8.93e-06,8.48e-06,8.54e-06,8.659e-06,82212388199.94943,1977,kraken
1765411200,8.54e-06,8.62e-06,8.19e-06,8.5e-06,8.36e-06,53872659327.46806,1787,kraken
1765497600,8.5e-06,8.5e-06,8.06e-06,8.28e-06,8.314e-06,46211546130.75944,1725,kraken
1765584000,8.29e-06,8.45e-06,8.27e-06,8.36e-06,8.339e-06,20811726334.32208,933,kraken
1765670400,8.36e-06,8.39e-06,7.98e-06,8.08e-06,8.19e-06,30465608515.1777,1181,kraken
1765756800,8.09e-06,8.27e-06,7.72e-06,7.91e-06,7.918e-06,87489635674.0846,2066,kraken
1765843200,7.9e-06,7.99e-06,7.71e-06,7.87e-06,7.869e-06,31171517140.65012,1417,kraken
1765929600,7.87e-06,8.05e-06,7.47e-06,7.51e-06,7.69e-06,55027603958.96519,2412,kraken
1766016000,7.51e-06,7.54e-06,7e-06,7.03e-06,7.283e-06,100836473596.27788,2564,kraken
1766102400,7.04e-06,7.65e-06,7e-06,7.51e-06,7.34e-06,70119839964.4854,2261,kraken
1766188800,7.52e-06,7.52e-06,7.39e-06,7.43e-06,7.451e-06,19179772740.70695,1023,kraken
1766275200,7.43e-06,7.45e-06,7.19e-06,7.27e-06,7.312e-06,23523596508.71789,1503,kraken
1766361600,7.28e-06,7.43e-06,7.15e-06,7.21e-06,7.274e-06,31085207560.72336,1288,kraken
1766448000,7.2e-06,7.28e-06,7.04e-06,7.12e-06,7.11e-06,45226572820.65487,1217,kraken
1766534400,7.13e-06,7.28e-06,6.98e-06,7.22e-06,7.091e-06,25889194454.88693,1346,kraken
1766620800,7.23e-06,7.28e-06,7.04e-06,7.07e-06,7.209e-06,49967888326.01441,1117,kraken
1766707200,7.06e-06,7.28e-06,7.02e-06,7.13e-06,7.135e-06,29697735406.1227,1157,kraken
1766793600,7.12e-06,7.39e-06,7.09e-06,7.37e-06,7.224e-06,75502115344.99184,1282,kraken
1766880000,7.38e-06,7.41e-06,7.25e-06,7.38e-06,7.333e-06,32078498355.54436,1090,kraken
1766966400,7.4e-06,7.56e-06,7.17e-06,7.19e-06,7.367e-06,28304373990.55315,1280,kraken
1767052800,7.18e-06,7.24e-06,7.06e-06,7.09e-06,7.139e-06,45829097950.69268,1185,kraken
1767139200,7.1e-06,7.13e-06,6.81e-06,6.89e-06,6.933e-06,100947899043.37532,2119,kraken
1767225600,6.91e-06,7.51e-06,6.89e-06,7.45e-06,7.145e-06,48723882795.74056,1572,kraken
1767312000,7.46e-06,8.3e-06,7.33e-06,8.12e-06,8.012e-06,200561618886.20493,3184,kraken
1767398400,8.12e-06,8.19e-06,7.83e-06,8.09e-06,8.038e-06,84317789445.63603,1858,kraken
1767484800,8.09e-06,9.4e-06,8.08e-06,9.05e-06,8.948e-06,194321148860.37335,4259,kraken
1767571200,9.06e-06,1.008e-05,8.58e-06,9.27e-06,9.393e-06,336409922705.1552,4914,kraken
1767657600,9.25e-06,9.63e-06,8.82e-06,9.12e-06,9.229e-06,145188980020.46637,3127,kraken
1767744000,9.11e-06,9.23e-06,8.71e-06,8.77e-06,8.931e-06,47742083377.79088,1679,kraken
1767830400,8.78e-06,8.86e-06,8.47e-06,8.74e-06,8.695e-06,64388702421.47401,1600,kraken
1767916800,8.75e-06,8.87e-06,8.54e-06,8.65e-06,8.716e-06,36169765784.36648,1334,kraken
1768003200,8.66e-06,8.73e-06,8.56e-06,8.64e-06,8.646e-06,32351089181.62242,1771,kraken
1768089600,8.65e-06,8.72e-06,8.34e-06,8.45e-06,8.571e-06,31664883605.52928,1488,kraken
1768176000,8.44e-06,8.74e-06,8.26e-06,8.37e-06,8.468e-06,34428066924.23571,1549,kraken
1768262400,8.37e-06,9.11e-06,8.36e-06,8.97e-06,8.774e-06,59522089089.5762,1905,kraken
1768348800,8.99e-06,9.05e-06,8.65e-06,8.73e-06,8.799e-06,89755617292.91867,2148,kraken
1768435200,8.73e-06,8.76e-06,8.28e-06,8.42e-06,8.491e-06,53068234370.11901,1399,kraken
1768521600,8.42e-06,8.61e-06,8.14e-06,8.56e-06,8.355e-06,39367052653.26564,1430,kraken
1768608000,8.56e-06,8.6e-06,8.44e-06,8.48e-06,8.512e-06,17808599210.12293,902,kraken
1768694400,8.48e-06,8.51e-06,8.08e-06,8.09e-06,8.347e-06,24319328657.14572,1236,kraken
1768780800,8.09e-06,8.13e-06,7.45e-06,8.13e-06,7.808e-06,125486170699.81912,2896,kraken
1768867200,8.14e-06,8.14e-06,7.65e-06,7.72e-06,7.895e-06,61085340827.54577,1620,kraken
1768953600,7.72e-06,8.16e-06,7.66e-06,7.98e-06,7.896e-06,62827511968.36407,1728,kraken
1769040000,7.99e-06,8.07e-06,7.73e-06,7.8e-06,7.856e-06,25720809823.7979,1094,kraken
1769126400,7.82e-06,8.15e-06,7.73e-06,7.88e-06,7.916e-06,34430066036.58346,1455,kraken
1769212800,7.88e-06,7.91e-06,7.76e-06,7.82e-06,7.844e-06,29015845006.74935,1182,kraken
1769299200,7.82e-06,7.82e-06,7.36e-06,7.51e-06,7.573e-06,43579332990.55189,1742,kraken
1769385600,7.52e-06,7.79e-06,7.5e-06,7.69e-06,7.682e-06,29399136971.20367,1236,kraken
1769472000,7.7e-06,7.89e-06,7.61e-06,7.83e-06,7.733e-06,43123016607.44181,1255,kraken
1769558400,7.83e-06,7.87e-06,7.69e-06,7.8e-06,7.772e-06,26298969389.05613,1058,kraken
1769644800,7.8e-06,7.8e-06,7.21e-06,7.35e-06,7.403e-06,53821596489.42623,1859,kraken
1769731200,7.35e-06,7.37e-06,7.1e-06,7.23e-06,7.235e-06,62222168541.38956,2099,kraken
1769817600,7.22e-06,7.22e-06,6.17e-06,6.81e-06,6.616e-06,144258156345.49503,3629,kraken
1769904000,6.8e-06,6.91e-06,6.47e-06,6.61e-06,6.744e-06,59492388446.21471,1947,kraken
1769990400,6.63e-06,7.01e-06,6.45e-06,6.88e-06,6.747e-06,53993548729.58177,2187,kraken
1770076800,6.87e-06,7.02e-06,6.49e-06,6.7e-06,6.797e-06,57475117272.80629,2055,kraken
1770163200,6.68e-06,6.83e-06,6.48e-06,6.61e-06,6.64e-06,58949493725.68053,1932,kraken
1770249600,6.62e-06,6.67e-06,5.57e-06,5.62e-06,6.02e-06,217950028607.65625,6573,kraken
1770336000,5.65e-06,6.42e-06,5.08e-06,6.32e-06,5.696e-06,198647682683.49936,3531,kraken
1770422400,6.33e-06,6.41e-06,6.02e-06,6.33e-06,6.248e-06,88813793400.7723,1768,kraken
1770508800,6.3e-06,6.32e-06,6.07e-06,6.13e-06,6.182e-06,36748276462.44909,1114,kraken
1770595200,6.11e-06,6.2e-06,5.89e-06,6.1e-06,6.083e-06,34071511917.58758,1163,kraken
1770681600,6.11e-06,6.13e-06,5.95e-06,6.01e-06,6.015e-06,27015483056.87345,998,kraken
1770768000,6.01e-06,6.07e-06,5.75e-06,5.91e-06,5.873e-06,36889714001.31628,1421,kraken
1770854400,5.92e-06,6.19e-06,5.92e-06,6.05e-06,6.065e-06,30183583478.51478,1268,kraken
1770940800,6.03e-06,6.4e-06,5.95e-06,6.32e-06,6.256e-06,35024803613.30049,1277,kraken
1771027200,6.32e-06,7.25e-06,6.29e-06,7.04e-06,6.792e-06,56028259214.90233,1908,kraken
1771113600,7.04e-06,7.15e-06,6.42e-06,6.55e-06,6.781e-06,56050826431.96433,1816,kraken
1771200000,6.57e-06,6.68e-06,6.44e-06,6.57e-06,6.548e-06,27726745042.78872,931,kraken
1771286400,6.58e-06,6.61e-06,6.43e-06,6.52e-06,6.511e-06,29305753678.69722,889,kraken
1771372800,6.51e-06,6.56e-06,6.26e-06,6.3e-06,6.423e-06,18035779498.03858,874,kraken
1771459200,6.29e-06,6.33e-06,6.12e-06,6.21e-06,6.213e-06,17420031560.36106,999,kraken
1771545600,6.2e-06,6.54e-06,6.18e-06,6.42e-06,6.334e-06,37192736232.20578,1148,kraken
1771632000,6.43e-06,6.61e-06,6.37e-06,6.4e-06,6.485e-06,31022944441.28954,1008,kraken
1771718400,6.37e-06,6.38e-06,6.13e-06,6.17e-06,6.221e-06,30487515424.17881,1025,kraken
1771804800,6.2e-06,6.24e-06,5.91e-06,6e-06,6.032e-06,31081364768.86653,1384,kraken
1771891200,6.01e-06,6.05e-06,5.87e-06,5.91e-06,5.944e-06,16207795992.47461,886,kraken
1771977600,5.9e-06,6.54e-06,5.89e-06,6.23e-06,6.26e-06,35263916210.68063,2317,kraken
1772064000,6.23e-06,6.28e-06,5.9e-06,5.97e-06,6.046e-06,51984293427.52232,1402,kraken
1772150400,5.98e-06,6.09e-06,5.69e-06,5.8e-06,5.87e-06,49079725850.90049,1624,kraken
1772236800,5.79e-06,5.84e-06,5.44e-06,5.79e-06,5.61e-06,64360067862.89322,1935,kraken
1772323200,5.78e-06,5.97e-06,5.44e-06,5.54e-06,5.669e-06,38780256484.67674,1450,kraken
1772409600,5.53e-06,5.8e-06,5.45e-06,5.51e-06,5.593e-06,47092837594.93668,1561,kraken
1772496000,5.51e-06,5.56e-06,5.27e-06,5.48e-06,5.397e-06,43813031906.79465,1438,kraken
1772582400,5.49e-06,5.86e-06,5.41e-06,5.71e-06,5.685e-06,128946965424.02927,1822,kraken
1772668800,5.71e-06,5.72e-06,5.45e-06,5.52e-06,5.622e-06,72144538276.6801,1240,kraken
1772755200,5.52e-06,5.61e-06,5.31e-06,5.4e-06,5.447e-06,41814528785.5236,1179,kraken
1772841600,5.4e-06,5.43e-06,5.29e-06,5.33e-06,5.377e-06,13963103169.90829,744,kraken
1772928000,5.33e-06,5.39e-06,5.23e-06,5.29e-06,5.295e-06,19895479506.26592,921,kraken
1773014400,5.28e-06,5.58e-06,5.28e-06,5.42e-06,5.407e-06,24525886188.77867,1093,kraken
1773100800,5.43e-06,6.08e-06,5.41e-06,5.65e-06,5.806e-06,58301766728.83075,2320,kraken
1773187200,5.64e-06,5.89e-06,5.59e-06,5.74e-06,5.775e-06,43500191200.06202,1232,kraken
1773273600,5.75e-06,6.06e-06,5.69e-06,5.92e-06,5.873e-06,44462682473.22486,1369,kraken
1773360000,5.93e-06,6.3e-06,5.89e-06,5.93e-06,6.048e-06,46900678196.44791,1778,kraken
1773446400,5.93e-06,6e-06,5.83e-06,5.88e-06,5.89e-06,19083476946.21223,710,kraken
1773532800,5.88e-06,5.97e-06,5.79e-06,5.95e-06,5.892e-06,26788606206.30221,883,kraken
1773619200,5.96e-06,6.43e-06,5.94e-06,6.19e-06,6.166e-06,60842531469.98226,1977,kraken
1773705600,6.17e-06,6.25e-06,5.95e-06,6.07e-06,6.119e-06,71867878617.03804,1395,kraken
1773792000,6.08e-06,6.22e-06,5.71e-06,5.83e-06,5.9e-06,56413085534.23822,1612,kraken
1773878400,5.83e-06,5.86e-06,5.64e-06,5.81e-06,5.749e-06,58630677655.88261,1285,kraken
1773964800,5.81e-06,6.22e-06,5.81e-06,5.95e-06,6.039e-06,65248052291.12447,1811,kraken
1774051200,5.97e-06,6.07e-06,5.82e-06,5.86e-06,5.985e-06,26516678464.14803,937,kraken
1774137600,5.85e-06,5.89e-06,5.65e-06,5.71e-06,5.79e-06,43478073964.71168,1081,kraken
1774224000,5.72e-06,6.21e-06,5.7e-06,6.09e-06,5.991e-06,68679440964.2428,1468,kraken
1774310400,6.11e-06,6.25e-06,6e-06,6.2e-06,6.103e-06,32411990602.94261,1106,kraken
1774396800,6.22e-06,6.27e-06,6.09e-06,6.12e-06,6.158e-06,28689664202.90088,1573,kraken
1774483200,6.13e-06,6.14e-06,5.83e-06,5.92e-06,5.939e-06,39014120037.60385,1315,kraken
1774569600,5.92e-06,5.96e-06,5.73e-06,5.78e-06,5.789e-06,29031767320.8261,1525,kraken
1774656000,5.78e-06,6.01e-06,5.71e-06,5.83e-06,5.917e-06,66017055175.84547,1514,kraken
1774742400,5.83e-06,5.86e-06,5.65e-06,5.78e-06,5.77e-06,27230983388.93877,1234,kraken
1774828800,5.79e-06,6.16e-06,5.77e-06,5.92e-06,6.011e-06,37151381736.78793,1418,kraken
1774915200,5.93e-06,6e-06,5.82e-06,5.95e-06,5.916e-06,21773430996.00323,988,kraken
1775001600,5.94e-06,6.13e-06,5.88e-06,6.01e-06,5.994e-06,18905734402.32314,1109,kraken
1775088000,6e-06,6.05e-06,5.77e-06,5.87e-06,5.858e-06,34051348180.15639,1280,kraken
1775174400,5.86e-06,6.09e-06,5.82e-06,5.99e-06,6e-06,26205201652.29896,1324,kraken
1775260800,5.98e-06,6.05e-06,5.85e-06,5.99e-06,5.948e-06,23658924928.70367,1168,kraken
1775347200,6e-06,6e-06,5.79e-06,5.99e-06,5.869e-06,19976523451.69387,899,kraken
1775433600,6e-06,6.1e-06,5.81e-06,5.84e-06,5.979e-06,43735672125.39497,1076,kraken
1775520000,5.83e-06,6.19e-06,5.78e-06,6.14e-06,5.955e-06,42862529203.20934,1664,kraken
1775606400,6.14e-06,6.17e-06,5.93e-06,5.94e-06,6.066e-06,36569856217.11313,1056,kraken
1775692800,5.94e-06,6.05e-06,5.82e-06,5.91e-06,5.899e-06,48209599187.06691,1216,kraken
1775779200,5.91e-06,6.06e-06,5.86e-06,5.98e-06,5.934e-06,34053020637.41823,1075,kraken
1775865600,5.97e-06,6.07e-06,5.89e-06,5.95e-06,5.95e-06,24990845772.72349,957,kraken
1775952000,5.95e-06,5.96e-06,5.74e-06,5.76e-06,5.814e-06,67702873309.28912,1142,kraken
1776038400,5.77e-06,6.02e-06,5.74e-06,6e-06,5.827e-06,37686079940.71489,1088,kraken
1776124800,6.02e-06,6.02e-06,5.81e-06,5.83e-06,5.92e-06,23829702960.23534,1007,kraken
1776211200,5.84e-06,6.01e-06,5.82e-06,5.96e-06,5.908e-06,14221613840.20442,752,kraken
1776297600,5.96e-06,6.39e-06,5.94e-06,6.26e-06,6.111e-06,71985814711.63077,1835,kraken
1776384000,6.28e-06,6.48e-06,6.1e-06,6.32e-06,6.356e-06,75161723910.39722,1642,kraken
1776470400,6.31e-06,6.32e-06,6.03e-06,6.07e-06,6.178e-06,30012772539.83537,1092,kraken
1776556800,6.07e-06,6.11e-06,5.87e-06,5.89e-06,6.037e-06,53081379103.77629,948,kraken
1776643200,5.89e-06,6.06e-06,5.89e-06,6.01e-06,6.008e-06,56142881026.68869,836,kraken
1776729600,6e-06,6.14e-06,5.97e-06,6.1e-06,6.048e-06,22251841249.71012,896,kraken
1776816000,6.1e-06,6.29e-06,6.07e-06,6.11e-06,6.211e-06,35273257849.63341,1144,kraken
1776902400,6.11e-06,6.19e-06,6.03e-06,6.16e-06,6.105e-06,28456332623.45494,1013,kraken
1776988800,6.16e-06,6.29e-06,6.1e-06,6.2e-06,6.187e-06,47800533844.60122,1062,kraken
1777075200,6.21e-06,6.25e-06,6.13e-06,6.17e-06,6.18e-06,21497958196.53184,744,kraken
1777161600,6.17e-06,6.25e-06,6.15e-06,6.21e-06,6.201e-06,21892466843.97787,772,kraken
1777248000,6.22e-06,6.32e-06,6.04e-06,6.15e-06,6.15e-06,28386731661.56918,1240,kraken
1777334400,6.15e-06,6.21e-06,6.06e-06,6.14e-06,6.14e-06,102168032623.60204,1138,kraken
1777420800,6.14e-06,6.56e-06,6e-06,6.15e-06,6.262e-06,56624114885.74116,1689,kraken
1777507200,6.16e-06,6.38e-06,6.15e-06,6.23e-06,6.269e-06,53029639467.53159,1319,kraken
1777593600,6.23e-06,6.4e-06,6.23e-06,6.26e-06,6.322e-06,28500703861.06894,1025,kraken
1777680000,6.28e-06,6.32e-06,6.22e-06,6.28e-06,6.273e-06,22269166452.1066,845,kraken
1777766400,6.28e-06,6.28e-06,6.16e-06,6.17e-06,6.186e-06,249120324866.7353,1685,kraken
1777852800,6.16e-06,6.35e-06,6.12e-06,6.2e-06,6.214e-06,86409538909.76585,1486,kraken
1777939200,6.2e-06,6.44e-06,6.18e-06,6.35e-06,6.282e-06,47621682737.1578,1432,kraken
1778025600,6.35e-06,6.53e-06,6.31e-06,6.41e-06,6.417e-06,75305480654.20885,1638,kraken
1778112000,6.41e-06,6.41e-06,6.23e-06,6.28e-06,6.306e-06,50258664723.24781,1225,kraken
1778198400,6.28e-06,6.5e-06,6.23e-06,6.45e-06,6.368e-06,71263035753.95457,1573,kraken
1778284800,6.46e-06,6.55e-06,6.34e-06,6.37e-06,6.446e-06,46322849182.44381,1036,kraken
1778371200,6.37e-06,6.68e-06,6.31e-06,6.62e-06,6.525e-06,69706442486.7633,1992,kraken
1778457600,6.61e-06,6.69e-06,6.46e-06,6.59e-06,6.574e-06,41305222160.36344,2002,kraken
1778544000,6.59e-06,6.63e-06,6.32e-06,6.41e-06,6.463e-06,53110495407.35514,2106,kraken
1778630400,6.41e-06,6.56e-06,6.21e-06,6.28e-06,6.358e-06,55374855176.64447,1774,kraken
1778716800,6.28e-06,6.49e-06,6.22e-06,6.35e-06,6.338e-06,38122917360.67665,1446,kraken
1778803200,6.36e-06,6.39e-06,6.04e-06,6.13e-06,6.188e-06,45073651193.75056,1444,kraken
1778889600,6.12e-06,6.14e-06,5.85e-06,5.86e-06,5.922e-06,50031655273.52928,1096,kraken
1778976000,5.87e-06,5.88e-06,5.55e-06,5.73e-06,5.763e-06,59614527324.0383,1423,kraken
1779062400,5.74e-06,5.77e-06,4.68e-06,5.74e-06,5.619e-06,145652812380.66995,2059,kraken
1779148800,5.75e-06,5.8e-06,5.66e-06,5.69e-06,5.734e-06,60009493836.31574,1006,kraken
1779235200,5.68e-06,5.83e-06,5.66e-06,5.77e-06,5.74e-06,32835829055.39339,845,kraken
1779321600,5.78e-06,5.87e-06,5.74e-06,5.84e-06,5.823e-06,20666166919.48753,790,kraken
1779408000,5.84e-06,5.89e-06,5.62e-06,5.66e-06,5.791e-06,44390387006.69515,1129,kraken
1779494400,5.65e-06,5.77e-06,5.4e-06,5.67e-06,5.514e-06,66683999708.66615,1193,kraken
1779580800,5.68e-06,5.68e-06,5.49e-06,5.58e-06,5.589e-06,17958817586.86774,659,kraken
1779667200,5.58e-06,5.67e-06,5.53e-06,5.56e-06,5.608e-06,15358690628.12493,680,kraken
1779753600,5.56e-06,5.65e-06,5.48e-06,5.53e-06,5.541e-06,48960080979.90275,872,kraken
1779840000,5.52e-06,5.56e-06,5.39e-06,5.44e-06,5.488e-06,24670495694.51013,837,kraken
1779926400,5.44e-06,5.45e-06,5.24e-06,5.35e-06,5.336e-06,47223157898.27202,1256,kraken
1780012800,5.38e-06,5.46e-06,5.27e-06,5.42e-06,5.375e-06,29110516482.36956,909,kraken
1780099200,5.42e-06,5.55e-06,5.41e-06,5.48e-06,5.5e-06,30434880226.84786,960,kraken
1780185600,5.48e-06,5.54e-06,5.4e-06,5.51e-06,5.469e-06,12420502942.40536,580,kraken
1780272000,5.51e-06,5.57e-06,5.38e-06,5.51e-06,5.478e-06,17612591083.04028,836,kraken
1780358400,5.53e-06,5.53e-06,5.08e-06,5.18e-06,5.296e-06,35394742794.02436,1361,kraken
1780444800,5.19e-06,5.35e-06,5.14e-06,5.2e-06,5.233e-06,38163365891.67045,1096,kraken
1780531200,5.2e-06,5.22e-06,4.86e-06,4.941e-06,4.975e-06,105229204125.18924,2028,kraken
1780617600,4.948e-06,4.962e-06,4.408e-06,4.559e-06,4.661e-06,310416428957.37555,3977,kraken
1780704000,4.562e-06,4.614e-06,4.305e-06,4.563e-06,4.487e-06,171029200300.82407,2211,kraken
1780790400,4.565e-06,4.824e-06,4.554e-06,4.721e-06,4.676e-06,98199673866.26492,1800,kraken
1780876800,4.721e-06,4.805e-06,4.653e-06,4.718e-06,4.742e-06,98822280881.45232,1864,kraken
1780963200,4.717e-06,4.753e-06,4.564e-06,4.67e-06,4.673e-06,109017581682.03232,2347,kraken
1781049600,4.67e-06,4.761e-06,4.557e-06,4.614e-06,4.658e-06,65500229694.29158,1356,kraken
1781136000,4.623e-06,4.878e-06,4.617e-06,4.813e-06,4.773e-06,125413977717.57248,1533,kraken
1781222400,4.814e-06,4.936e-06,4.779e-06,4.846e-06,4.864e-06,92516926421.51105,1812,kraken
1781308800,4.839e-06,5.085e-06,4.839e-06,5.015e-06,4.964e-06,88365427107.81892,1322,kraken
1781395200,5.008e-06,5.038e-06,4.875e-06,5.038e-06,4.975e-06,45896229465.86235,989,kraken
1781481600,5.045e-06,5.19e-06,4.986e-06,5.055e-06,5.081e-06,102132190641.63228,1857,kraken
1781568000,5.056e-06,5.08e-06,4.916e-06,4.971e-06,5.004e-06,49791901241.22063,1057,kraken
1781654400,4.983e-06,5.045e-06,4.887e-06,4.948e-06,4.972e-06,50490893672.60422,1177,kraken
1781740800,4.96e-06,4.975e-06,4.626e-06,4.762e-06,4.769e-06,56065753036.12484,1409,kraken
1781827200,4.763e-06,4.796e-06,4.689e-06,4.749e-06,4.741e-06,37496848901.96238,872,kraken
1781913600,4.752e-06,4.768e-06,4.656e-06,4.738e-06,4.712e-06,37759049571.32302,791,kraken
1782000000,4.743e-06,4.743e-06,4.626e-06,4.638e-06,4.688e-06,38750681523.56333,728,kraken
1782086400,4.64e-06,4.763e-06,4.61e-06,4.638e-06,4.677e-06,51016047938.74492,974,kraken
1782172800,4.634e-06,4.661e-06,4.461e-06,4.564e-06,4.552e-06,131310017277.59695,1794,kraken
1782259200,4.563e-06,4.591e-06,4.21e-06,4.379e-06,4.409e-06,132218266404.709,2037,kraken
1782345600,4.379e-06,4.436e-06,4.048e-06,4.236e-06,4.24e-06,121042566743.52768,1843,kraken
1782432000,4.236e-06,4.279e-06,4.058e-06,4.24e-06,4.181e-06,79312800088.65112,1397,kraken
1782518400,4.243e-06,4.381e-06,4.196e-06,4.21e-06,4.27e-06,62055111076.17806,1087,kraken
1782604800,4.207e-06,4.228e-06,4.082e-06,4.157e-06,4.16e-06,60176865593.72314,1595,kraken
1782691200,4.15e-06,4.338e-06,4.111e-06,4.254e-06,4.205e-06,50054271530.14781,1382,kraken
1782777600,4.251e-06,4.264e-06,4.152e-06,4.197e-06,4.231e-06,68497576021.40366,1132,kraken
1782864000,4.2e-06,4.37e-06,4.133e-06,4.278e-06,4.277e-06,42285784330.64332,1117,kraken
1782950400,4.268e-06,4.373e-06,4.223e-06,4.287e-06,4.296e-06,39653855179.1223,1010,kraken
1783036800,4.287e-06,4.491e-06,4.231e-06,4.434e-06,4.357e-06,61810182618.35922,1285,kraken
1783123200,4.443e-06,4.579e-06,4.357e-06,4.452e-06,4.455e-06,47188839776.51075,1051,kraken
1783209600,4.448e-06,4.448e-06,4.275e-06,4.416e-06,4.363e-06,28997990371.36056,838,kraken
1783296000,4.416e-06,4.463e-06,4.259e-06,4.392e-06,4.379e-06,70444535087.2699,1243,kraken
1783382400,4.392e-06,4.525e-06,4.318e-06,4.371e-06,4.403e-06,30708368573.38335,977,kraken
1783468800,4.382e-06,4.401e-06,4.135e-06,4.286e-06,4.226e-06,81820408837.03584,1723,kraken
1783555200,4.29e-06,4.319e-06,4.227e-06,4.283e-06,4.282e-06,47531721396.19433,898,kraken
1783641600,4.283e-06,4.407e-06,4.258e-06,4.392e-06,4.358e-06,45122269956.61677,782,kraken
1783728000,4.394e-06,4.43e-06,4.298e-06,4.303e-06,4.385e-06,29011652012.01106,646,kraken
1783814400,4.293e-06,4.32e-06,4.218e-06,4.231e-06,4.273e-06,31117645928.81805,701,kraken
1783900800,4.227e-06,4.291e-06,4.084e-06,4.151e-06,4.17e-06,67860483023.35464,1212,kraken
1783987200,4.159e-06,4.269e-06,4.112e-06,4.218e-06,4.223e-06,79774852037.10355,1003,kraken
1784073600,4.22e-06,4.345e-06,4.197e-06,4.234e-06,4.25e-06,80138159017.11578,1064,kraken
1784160000,4.236e-06,4.238e-06,4.11e-06,4.116e-06,4.171e-06,37184929280.10002,1040,kraken
1784246400,4.114e-06,4.176e-06,4.059e-06,4.137e-06,4.126e-06,35829310264.11547,1070,kraken
1784332800,4.146e-06,4.204e-06,4.128e-06,4.146e-06,4.151e-06,25644385905.89757,736,kraken
1784419200,4.142e-06,4.183e-06,4.105e-06,4.141e-06,4.146e-06,13477884796.86969,564,kraken
1784505600,4.141e-06,4.258e-06,4.118e-06,4.241e-06,4.219e-06,68167701213.11192,1073,kraken
1784592000,4.243e-06,4.303e-06,4.235e-06,4.26e-06,4.27e-06,57211998440.03183,914,kraken
1784678400,4.262e-06,4.283e-06,4.219e-06,4.252e-06,4.248e-06,18734878664.12008,506,kraken
1784764800,4.252e-06,4.266e-06,4.097e-06,4.138e-06,4.171e-06,38133378477.94862,820,kraken
1784851200,4.133e-06,4.2e-06,4.1e-06,4.183e-06,4.154e-06,65943156716.75868,1036,kraken
1784937600,4.177e-06,5.18e-06,4.172e-06,4.891e-06,4.817e-06,485668026394.96173,7415,kraken
1785024000,4.9e-06,5.808e-06,4.859e-06,5.318e-06,5.35e-06,545822799165.35376,7902,kraken
1785110400,5.304e-06,5.372e-06,4.823e-06,4.835e-06,5.049e-06,280795424998.491,3228,kraken
1785196800,4.836e-06,4.84e-06,4.561e-06,4.632e-06,4.65e-06,180913025674.9494,2519,kraken
1785283200,4.642e-06,4.845e-06,4.543e-06,4.64e-06,4.703e-06,294308462272.34283,3688,kraken
1785369600,4.643e-06,4.74e-06,4.579e-06,4.717e-06,4.645e-06,53603898763.91238,1726,kraken
1785456000,4.716e-06,4.845e-06,4.588e-06,4.707e-06,4.718e-06,85704181464.83322,2918,kraken
1785542400,4.708e-06,5.153e-06,4.702e-06,4.816e-06,4.941e-06,347746407548.7054,6925,kraken
1785628800,4.815e-06,5.064e-06,4.81e-06,4.9e-06,4.91e-06,153502085980.47513,3593,kraken
1785715200,4.899e-06,5.057e-06,4.818e-06,4.982e-06,4.918e-06,100905224310.23036,2321,kraken
1785801600,4.982e-06,5.05e-06,4.914e-06,4.978e-06,4.991e-06,77836799759.31218,1780,kraken
1785888000,4.978e-06,4.994e-06,4.846e-06,4.919e-06,4.91e-06,46362269325.71508,1303,kraken
1785974400,4.916e-06,4.939e-06,4.65e-06,4.679e-06,4.737e-06,82894749014.49425,2164,kraken
1786060800,4.676e-06,4.695e-06,4.564e-06,4.625e-06,4.614e-06,62475740143.01306,1835,kraken
1786147200,4.619e-06,4.7e-06,4.614e-06,4.622e-06,4.653e-06,30451411460.02283,1161,kraken
1786233600,4.622e-06,4.715e-06,4.583e-06,4.613e-06,4.636e-06,37713144671.3901,1001,kraken
1786320000,4.61e-06,4.742e-06,4.473e-06,4.508e-06,4.608e-06,68480662192.73536,1726,kraken
1786406400,4.506e-06,4.532e-06,4.417e-06,4.485e-06,4.48e-06,50363230214.72943,1618,kraken
1786492800,4.49e-06,4.52e-06,4.351e-06,4.389e-06,4.452e-06,43621219886.7676,1234,kraken
1786579200,4.389e-06,4.529e-06,4.366e-06,4.452e-06,4.451e-06,38200008475.38822,1243,kraken
1786665600,4.454e-06,4.67e-06,4.427e-06,4.612e-06,4.583e-06,139696306021.68015,2412,kraken
1786752000,4.622e-06,4.63e-06,4.487e-06,4.495e-06,4.557e-06,48254471862.99896,1235,kraken
1786838400,4.495e-06,4.526e-06,4.367e-06,4.428e-06,4.46e-06,28593378905.86337,1179,kraken
1786924800,4.427e-06,4.512e-06,4.395e-06,4.47e-06,4.448e-06,28871234466.02603,1022,kraken
1787011200,4.472e-06,4.475e-06,4.36e-06,4.413e-06,4.415e-06,37254053308.86709,1588,kraken
1787097600,4.414e-06,4.765e-06,4.396e-06,4.741e-06,4.585e-06,108791698451.13252,2397,kraken
1787184000,4.74e-06,5.01e-06,4.704e-06,4.933e-06,4.895e-06,231070552262.2088,3812,kraken
1787270400,4.932e-06,6.22e-06,4.925e-06,5.903e-06,5.486e-06,314962842947.9853,6564,kraken
1787356800,5.901e-06,6.22e-06,5.146e-06,5.455e-06,5.701e-06,285666457310.7956,7079,kraken
1787443200,5.45e-06,5.59e-06,5.199e-06,5.547e-06,5.435e-06,106102934374.98064,2911,kraken
1787529600,5.552e-06,5.553e-06,5.332e-06,5.463e-06,5.446e-06,113978126961.34412,2714,kraken
1787616000,5.467e-06,5.751e-06,5.185e-06,5.259e-06,5.49e-06,141042396252.0302,3221,kraken
1787702400,5.262e-06,5.376e-06,5.109e-06,5.372e-06,5.25e-06,87784160749.6067,1804,kraken
1787788800,5.348e-06,5.525e-06,5.266e-06,5.425e-06,5.393e-06,72748965242.0413,1606,kraken
1787875200,5.425e-06,5.496e-06,5.062e-06,5.181e-06,5.214e-06,135463825647.11198,2184,kraken
1787961600,5.183e-06,5.195e-06,5.078e-06,5.147e-06,5.126e-06,50787335150.04355,1157,kraken
1788048000,5.143e-06,5.229e-06,4.89e-06,4.964e-06,5.082e-06,75820158204.8717,1962,kraken
1788134400,4.95e-06,5.088e-06,4.934e-06,5.066e-06,5.041e-06,43497959435.54746,1343,kraken
1788220800,5.063e-06,5.215e-06,5.057e-06,5.142e-06,5.145e-06,75282314876.75362,1767,kraken
1788307200,5.14e-06,5.248e-06,5.051e-06,5.171e-06,5.146e-06,88703603122.4061,2145,kraken
1788393600,5.175e-06,5.469e-06,5.156e-06,5.407e-06,5.363e-06,102343738099.48972,2394,kraken
1788480000,5.406e-06,5.408e-06,5.158e-06,5.231e-06,5.279e-06,89609365197.82576,2582,kraken
1788566400,5.227e-06,5.578e-06,5.213e-06,5.457e-06,5.456e-06,126944120331.64786,2863,kraken
1788652800,5.463e-06,5.541e-06,5.365e-06,5.524e-06,5.454e-06,59806349496.57476,2220,kraken
1788739200,5.527e-06,5.575e-06,5.381e-06,5.44e-06,5.468e-06,72844096122.03587,2201,kraken
1788825600,5.444e-06,5.528e-06,5.344e-06,5.408e-06,5.443e-06,84766720574.04112,2217,kraken
1788912000,5.414e-06,5.496e-06,5.179e-06,5.255e-06,5.364e-06,104410285400.3501,2253,kraken
1788998400,5.252e-06,5.259e-06,4.998e-06,5.033e-06,5.109e-06,89062688067.56488,2219,kraken
1789084800,5.031e-06,5.4e-06,4.992e-06,5.175e-06,5.18e-06,103281489375.10892,2275,kraken
1789171200,5.18e-06,5.394e-06,5.174e-06,5.296e-06,5.28e-06,59073824965.09954,1528,kraken
1789257600,5.296e-06,5.318e-06,5.121e-06,5.138e-06,5.219e-06,62944317993.50453,1791,kraken
1789344000,5.139e-06,5.384e-06,5.107e-06,5.237e-06,5.284e-06,103375122231.24873,2364,kraken
1789430400,5.235e-06,5.239e-06,4.896e-06,4.94e-06,5.071e-06,144740519784.34125,3338,kraken
1789516800,4.934e-06,4.991e-06,4.744e-06,4.983e-06,4.853e-06,106009599496.8314,2908,kraken
1789603200,4.984e-06,5.281e-06,4.94e-06,5.153e-06,5.106e-06,128986516268.1452,3190,kraken
1789689600,5.16e-06,5.517e-06,5.143e-06,5.462e-06,5.403e-06,137652839370.20132,3123,kraken
1789776000,5.465e-06,5.691e-06,5.374e-06,5.507e-06,5.492e-06,176114706881.9667,3507,kraken
1789862400,5.508e-06,5.538e-06,5.326e-06,5.487e-06,5.428e-06,146984183760.7382,2460,kraken
1789948800,5.5e-06,6.137e-06,5.458e-06,6.05e-06,5.798e-06,336735964619.42883,6161,kraken
1790035200,6.041e-06,6.269e-06,5.882e-06,6.11e-06,6.046e-06,356302529877.7812,8418,kraken
1790121600,6.106e-06,6.237e-06,5.538e-06,5.64e-06,5.865e-06,355895222600.52325,7264,kraken
1790208000,5.637e-06,5.87e-06,5.55e-06,5.77e-06,5.722e-06,130528304281.56345,3277,kraken
1790294400,5.775e-06,5.985e-06,5.727e-06,5.958e-06,5.855e-06,178315431794.53497,4043,kraken
1790380800,5.946e-06,6.065e-06,5.811e-06,5.934e-06,5.955e-06,144765132827.5328,2980,kraken
1790467200,5.926e-06,6.007e-06,5.802e-06,5.916e-06,5.912e-06,229373274367.57156,3297,kraken
1790553600,5.918e-06,5.977e-06,5.561e-06,5.683e-06,5.708e-06,159770682163.15268,3457,kraken
1790640000,5.679e-06,5.907e-06,5.501e-06,5.754e-06,5.7e-06,180512309516.16632,3818,kraken
1790726400,5.767e-06,5.994e-06,5.693e-06,5.749e-06,5.814e-06,174404164570.61526,2869,kraken
1790812800,5.748e-06,5.835e-06,5.678e-06,5.793e-06,5.755e-06,80795058062.13164,2287,kraken
1790899200,5.789e-06,5.974e-06,5.527e-06,5.729e-06,5.799e-06,194205024482.23083,4185,kraken
1790985600,5.728e-06,5.764e-06,5.649e-06,5.743e-06,5.712e-06,48626579043.76784,1662,kraken
1791072000,5.744e-06,6.034e-06,5.681e-06,5.916e-06,5.8e-06,161160455684.12128,2537,kraken
1791158400,5.909e-06,6.042e-06,5.843e-06,5.883e-06,5.953e-06,210083248906.11368,3256,kraken
1791244800,5.877e-06,5.915e-06,5.747e-06,5.79e-06,5.829e-06,219704393219.15967,2976,kraken
1791331200,5.784e-06,5.798e-06,5.353e-06,5.435e-06,5.492e-06,178065118769.25623,3349,kraken
1791417600,5.429e-06,5.485e-06,5.092e-06,5.29e-06,5.279e-06,150098622392.19852,3849,kraken
