time,open,high,low,close,vwap,volume,count,source
1633651200,154.355,169.0,152.368,158.833,160.067,1679953.047,0,coinbase
1633737600,158.858,161.581,154.23,156.827,157.546,1039124.53,0,coinbase
1633824000,156.783,158.554,145.67,147.624,150.61599999999999,868755.423,0,coinbase
1633910400,147.637,154.0,140.175,144.853,146.34266666666667,1380478.104,0,coinbase
1633996800,144.854,153.626,137.66,152.452,147.91266666666667,2273847.701,0,coinbase
1634083200,152.441,155.549,144.344,148.039,149.31066666666666,1172944.074,0,coinbase
1634169600,148.068,155.65,147.318,150.016,150.9946666666667,1147763.989,0,coinbase
1634256000,150.026,165.268,146.75,163.214,158.41066666666669,1745195.785,0,coinbase
1634342400,163.193,164.766,156.578,157.562,159.63533333333334,663795.43,0,coinbase
1634428800,157.615,167.5,153.2,160.097,160.26566666666668,934358.565,0,coinbase
1634515200,160.132,162.952,155.0,157.15,158.36733333333333,770654.878,0,coinbase
1634601600,157.125,159.4,153.183,155.85,156.14433333333332,701464.136,0,coinbase
1634688000,155.852,176.89,155.144,176.787,169.607,1543942.471,0,coinbase
1634774400,176.759,194.415,176.759,190.473,187.21566666666664,3159255.295,0,coinbase
1634860800,190.501,215.0,188.025,196.247,199.75733333333332,3388534.536,0,coinbase
1634947200,196.246,205.719,192.017,197.707,198.481,1343191.296,0,coinbase
1635033600,197.71,205.0,185.313,202.304,197.539,1541736.74,0,coinbase
1635120000,202.303,218.97,198.127,209.6,208.899,1982476.011,0,coinbase
1635206400,209.585,214.163,196.446,199.857,203.48866666666666,1686387.215,0,coinbase
1635292800,199.911,205.599,179.761,184.682,190.014,2409699.187,0,coinbase
1635379200,184.682,201.561,181.75,195.377,192.89600000000004,1854736.75,0,coinbase
1635465600,195.481,205.307,194.627,200.439,200.1243333333333,1263193.234,0,coinbase
1635552000,200.428,200.687,187.51,195.913,194.70333333333335,890535.465,0,coinbase
1635638400,195.924,205.264,185.584,202.673,197.84033333333332,1261559.945,0,coinbase
1635724800,202.673,211.687,197.85,204.035,204.524,1629045.016,0,coinbase
1635811200,204.061,222.428,201.024,221.168,214.87333333333333,1588257.618,0,coinbase
1635897600,221.031,246.884,216.003,243.553,235.48,2683716.258,0,coinbase
1635984000,243.525,250.566,234.421,247.244,244.077,1905230.547,0,coinbase
1636070400,247.202,248.622,230.537,236.364,238.50766666666667,1200989.781,0,coinbase
1636156800,236.306,260.0,235.016,258.763,251.25966666666667,1398599.741,0,coinbase
1636243200,258.764,258.926,245.8,249.808,251.51133333333334,1032555.641,0,coinbase
1636329600,249.807,253.391,240.583,248.422,247.46533333333332,1451021.989,0,coinbase
1636416000,248.354,253.259,237.536,239.045,243.27999999999997,1299758.057,0,coinbase
1636502400,239.045,248.163,217.0,233.277,232.81333333333336,1713405.863,0,coinbase
1636588800,233.2,246.49,229.508,233.498,236.4986666666667,1187779.661,0,coinbase
1636675200,233.477,239.0,221.0,228.53,229.51,1241944.182,0,coinbase
1636761600,228.486,242.098,224.919,241.776,236.26433333333338,972796.74,0,coinbase
1636848000,241.718,242.07,230.481,238.702,237.08433333333332,883162.651,0,coinbase
1636934400,238.735,246.382,234.316,238.218,239.63866666666664,1106931.928,0,coinbase
1637020800,238.217,238.219,214.469,219.155,223.94766666666666,1744298.106,0,coinbase
1637107200,219.191,222.525,209.943,219.044,217.17066666666668,1535925.221,0,coinbase
1637193600,219.04,222.886,186.77,195.252,201.636,2542061.849,0,coinbase
1637280000,195.265,220.0,189.266,215.385,208.21699999999998,1735514.617,0,coinbase
1637366400,215.441,221.374,206.0,217.865,215.07966666666667,912974.488,0,coinbase
1637452800,217.865,235.584,210.622,230.785,225.66366666666667,1263272.834,0,coinbase
1637539200,230.752,232.269,211.757,215.788,219.93800000000002,1516214.968,0,coinbase
1637625600,215.768,226.193,211.0,221.97,219.721,996750.961,0,coinbase
1637712000,221.971,222.073,200.14,205.685,209.2993333333333,1328554.69,0,coinbase
1637798400,205.752,216.5,202.054,210.139,209.56433333333334,1140446.083,0,coinbase
1637884800,210.124,210.647,182.91,192.541,195.36599999999999,1795806.773,0,coinbase
1637971200,192.481,199.511,190.627,192.952,194.36333333333334,900431.578,0,coinbase
1638057600,192.942,203.009,181.067,200.907,194.99433333333334,1111076.894,0,coinbase
1638144000,200.838,212.993,199.863,204.187,205.681,1358697.217,0,coinbase
1638230400,204.205,218.549,199.711,208.676,208.97866666666664,1473322.714,0,coinbase
1638316800,208.716,232.492,207.821,229.928,223.41366666666667,1916110.501,0,coinbase
1638403200,229.928,243.564,220.113,233.845,232.50733333333335,1719258.938,0,coinbase
1638489600,233.808,239.609,204.12,211.757,218.49533333333338,1971563.509,0,coinbase
1638576000,211.701,213.0,176.0,201.114,196.70466666666667,2648346.229,0,coinbase
1638662400,201.102,204.78,181.5,196.687,194.32233333333332,1710785.646,0,coinbase
1638748800,196.758,197.875,176.45,193.751,189.35866666666666,2062628.303,0,coinbase
1638835200,193.721,204.338,188.06,190.366,194.25466666666668,1738173.838,0,coinbase
1638921600,190.417,196.506,183.76,194.792,191.686,1707539.478,0,coinbase
1639008000,194.792,196.818,178.775,181.45,185.681,1346359.338,0,coinbase
1639094400,181.46,184.72,167.45,167.77,173.3133333333333,1335781.798,0,coinbase
1639180800,167.63,173.88,161.51,172.16,169.1833333333333,1259115.513,0,coinbase
1639267200,172.27,176.95,167.8,172.93,172.56000000000003,792419.535,0,coinbase
1639353600,172.93,172.98,148.03,155.19,158.73333333333332,2224126.918,0,coinbase
1639440000,155.19,163.36,149.65,161.38,158.13,1763261.675,0,coinbase
1639526400,161.34,186.0,156.94,178.57,173.83666666666667,2218266.499,0,coinbase
1639612800,178.59,189.61,174.11,176.94,180.22000000000003,1456114.276,0,coinbase
1639699200,176.92,182.51,168.03,175.55,175.36333333333332,1462028.527,0,coinbase
1639785600,175.58,184.39,171.01,182.91,179.43666666666664,762711.591,0,coinbase
1639872000,182.91,189.42,178.31,179.95,182.56000000000003,708599.394,0,coinbase
1639958400,179.99,181.32,168.3,174.06,174.56000000000003,1184480.85,0,coinbase
1640044800,174.06,182.78,170.27,179.75,177.6,1095742.741,0,coinbase
1640131200,179.75,187.56,177.12,178.45,181.04333333333332,1420559.727,0,coinbase
1640217600,178.45,193.76,175.66,190.07,186.49666666666667,1203505.033,0,coinbase
1640304000,190.11,197.59,184.1,190.65,190.78,1139099.939,0,coinbase
1640390400,190.66,195.5,189.26,193.06,192.60666666666665,728943.776,0,coinbase
1640476800,193.1,200.69,190.31,198.0,196.33333333333334,651526.772,0,coinbase
1640563200,198.0,204.9,194.83,195.74,198.49,684157.58,0,coinbase
1640649600,195.77,195.77,176.23,177.27,183.09,1645166.555,0,coinbase
1640736000,177.32,180.65,170.05,170.64,173.78,1052634.264,0,coinbase
1640822400,170.63,175.79,168.07,172.52,172.12666666666667,832588.309,0,coinbase
1640908800,172.52,177.7,167.63,169.88,171.73666666666668,1027181.499,0,coinbase
1640995200,169.98,179.25,169.93,179.21,176.13,668801.918,0,coinbase
1641081600,179.19,179.56,174.41,176.32,176.76333333333332,454754.536,0,coinbase
1641168000,176.33,176.46,166.73,170.13,171.10666666666665,616180.271,0,coinbase
1641254400,170.19,173.88,166.5,167.72,169.36666666666667,609318.067,0,coinbase
1641340800,167.72,171.34,145.0,154.44,156.92666666666668,1428526.991,0,coinbase
1641427200,154.47,154.82,145.76,150.23,150.26999999999998,1335911.439,0,coinbase
1641513600,150.26,150.73,133.31,136.37,140.13666666666666,1985727.527,0,coinbase
1641600000,136.38,148.14,133.0,142.17,141.10333333333332,1482968.877,0,coinbase
1641686400,142.11,145.71,137.87,140.83,141.47000000000003,774949.672,0,coinbase
1641772800,140.82,143.76,130.0,135.89,136.54999999999998,1406373.762,0,coinbase
1641859200,135.89,143.57,133.6,140.27,139.14666666666665,1082174.284,0,coinbase
1641945600,140.27,153.4,138.29,151.56,147.75,1264515.147,0,coinbase
1642032000,151.56,157.94,145.56,146.24,149.91333333333333,1051991.274,0,coinbase
1642118400,146.21,150.65,142.0,146.17,146.2733333333333,923441.925,0,coinbase
1642204800,146.17,149.6,144.0,147.78,147.12666666666667,654293.685,0,coinbase
1642291200,147.71,152.0,146.16,147.98,148.71333333333334,558143.511,0,coinbase
1642377600,148.02,148.3,137.14,139.85,141.76333333333332,834016.223,0,coinbase
1642464000,139.86,143.04,134.34,141.35,139.57666666666668,788958.148,0,coinbase
1642550400,141.4,142.79,132.8,135.33,136.97333333333336,870615.327,0,coinbase
1642636800,135.34,143.96,126.0,127.52,132.49333333333334,1033466.745,0,coinbase
1642723200,127.52,131.95,106.0,112.32,116.75666666666666,3664908.809,0,coinbase
1642809600,112.34,114.27,88.25,94.78,99.09999999999998,3819600.91,0,coinbase
1642896000,94.79,104.83,93.36,99.82,99.33666666666666,2076423.608,0,coinbase
1642982400,99.79,99.95,80.83,91.96,90.91333333333334,4000160.424,0,coinbase
1643068800,91.95,100.24,87.45,94.76,94.14999999999999,2346730.741,0,coinbase
1643155200,94.77,104.85,89.26,92.18,95.43,2788797.827,0,coinbase
1643241600,92.17,94.7,85.65,89.55,89.96666666666668,2302786.261,0,coinbase
1643328000,89.55,93.58,87.21,91.35,90.71333333333332,1948462.461,0,coinbase
1643414400,91.34,99.01,90.59,96.25,95.28333333333335,1393732.487,0,coinbase
1643500800,96.24,97.63,91.46,93.31,94.13333333333333,869103.443,0,coinbase
1643587200,93.29,101.41,88.95,99.52,96.62666666666667,1849697.043,0,coinbase
1643673600,99.57,113.89,99.04,110.1,107.67666666666666,2923656.19,0,coinbase
1643760000,110.11,112.48,96.87,101.99,103.78000000000002,2936803.929,0,coinbase
1643846400,101.97,103.22,94.07,101.93,99.74000000000001,1997899.761,0,coinbase
1643932800,101.93,112.9,100.36,112.69,108.64999999999999,2073025.293,0,coinbase
1644019200,112.68,118.69,110.29,113.8,114.26,1453882.683,0,coinbase
1644105600,113.78,116.11,111.51,115.32,114.31333333333333,729482.205,0,coinbase
1644192000,115.37,121.99,112.81,117.62,117.47333333333334,1626448.566,0,coinbase
1644278400,117.64,120.4,109.68,113.58,114.55333333333334,1597102.223,0,coinbase
1644364800,113.56,117.22,109.35,114.04,113.53666666666668,1085178.663,0,coinbase
1644451200,114.07,114.98,105.64,106.25,108.95666666666666,1356677.153,0,coinbase
1644537600,106.24,108.59,95.17,96.5,100.08666666666666,1963777.687,0,coinbase
1644624000,96.5,99.93,92.78,95.95,96.22000000000001,957223.752,0,coinbase
1644710400,95.99,97.41,91.38,92.92,93.90333333333332,732921.459,0,coinbase
1644796800,92.89,97.97,90.79,96.43,95.06333333333333,1202598.173,0,coinbase
1644883200,96.43,105.86,96.35,105.61,102.60666666666667,1241413.09,0,coinbase
1644969600,105.63,105.67,98.28,101.94,101.96333333333332,1112350.976,0,coinbase
1645056000,101.92,102.88,92.38,93.56,96.27333333333333,1047996.018,0,coinbase
1645142400,93.62,96.45,89.29,89.9,91.88,1008445.149,0,coinbase
1645228800,89.88,92.79,88.69,91.34,90.94000000000001,544366.872,0,coinbase
1645315200,91.34,93.96,85.62,90.78,90.12,1048000.211,0,coinbase
1645401600,90.77,96.16,82.69,82.97,87.27333333333333,1582025.168,0,coinbase
1645488000,83.0,87.71,81.0,86.43,85.04666666666667,1381458.943,0,coinbase
1645574400,86.46,93.42,84.41,84.64,87.49,1395297.483,0,coinbase
1645660800,84.64,93.69,75.36,89.41,86.15333333333335,2892979.566,0,coinbase
1645747200,89.41,95.04,86.87,92.84,91.58333333333333,1622465.982,0,coinbase
1645833600,92.81,95.2,89.28,90.32,91.60000000000001,901920.112,0,coinbase
1645920000,90.32,92.24,84.1,85.7,87.34666666666665,1032013.604,0,coinbase
1646006400,85.68,102.65,84.19,99.74,95.52666666666666,1946030.634,0,coinbase
1646092800,99.76,102.1,94.29,98.7,98.36333333333333,1897344.742,0,coinbase
1646179200,98.7,106.45,96.81,100.73,101.33,1881472.326,0,coinbase
1646265600,100.75,101.73,93.99,95.61,97.11,1139796.416,0,coinbase
1646352000,95.6,95.97,86.95,88.32,90.41333333333334,1167506.936,0,coinbase
1646438400,88.34,91.24,86.0,89.62,88.95333333333333,617749.912,0,coinbase
1646524800,89.61,89.95,84.09,84.57,86.20333333333333,566883.891,0,coinbase
1646611200,84.59,86.73,80.0,81.66,82.79666666666667,1102085.663,0,coinbase
1646697600,81.65,85.35,81.31,82.35,83.00333333333333,928245.38,0,coinbase
1646784000,82.34,89.93,81.92,88.1,86.65000000000002,1283886.667,0,coinbase
1646870400,88.07,88.65,80.77,82.92,84.11333333333334,1057641.281,0,coinbase
1646956800,82.92,84.37,80.09,80.7,81.72000000000001,900378.73,0,coinbase
1647043200,80.71,82.78,80.57,81.44,81.59666666666666,371641.908,0,coinbase
1647129600,81.44,83.33,77.74,78.75,79.94,558078.334,0,coinbase
1647216000,78.75,82.28,78.02,81.24,80.51333333333334,775099.562,0,coinbase
1647302400,81.22,86.02,78.78,82.85,82.55,853443.184,0,coinbase
1647388800,82.85,88.02,81.53,87.82,85.79,1126479.271,0,coinbase
1647475200,87.84,91.09,86.62,87.88,88.53000000000002,1106069.744,0,coinbase
1647561600,87.89,92.45,84.5,89.87,88.94,1176382.856,0,coinbase
1647648000,89.88,94.63,89.28,92.39,92.10000000000001,943847.218,0,coinbase
1647734400,92.38,92.61,87.87,88.64,89.70666666666666,667407.406,0,coinbase
1647820800,88.64,91.32,86.79,88.62,88.91000000000001,897871.126,0,coinbase
1647907200,88.6,94.0,88.0,90.48,90.82666666666667,992507.294,0,coinbase
1647993600,90.47,96.34,89.17,94.87,93.46,1260667.232,0,coinbase
1648080000,94.9,103.77,93.43,102.38,99.86,2062946.255,0,coinbase
1648166400,102.38,104.89,96.75,98.63,100.08999999999999,1516183.924,0,coinbase
1648252800,98.62,103.43,97.65,101.79,100.95666666666666,716407.603,0,coinbase
1648339200,101.81,107.5,98.82,107.09,104.46999999999998,838320.181,0,coinbase
1648425600,107.09,113.87,105.14,105.84,108.28333333333335,1741882.056,0,coinbase
1648512000,105.83,115.7,105.52,111.64,110.95333333333333,1647686.314,0,coinbase
1648598400,111.66,125.27,107.07,120.79,117.71,2190231.665,0,coinbase
1648684800,120.8,129.6,119.96,122.86,124.14,1986655.349,0,coinbase
1648771200,122.83,138.46,117.5,134.55,130.17,2236695.345,0,coinbase
1648857600,134.55,143.57,131.31,132.61,135.83,1557131.515,0,coinbase
1648944000,132.55,141.05,130.62,136.94,136.20333333333335,1090905.579,0,coinbase
1649030400,136.93,138.28,125.84,132.16,132.09333333333333,1485443.685,0,coinbase
1649116800,132.19,136.68,126.01,126.9,129.86333333333334,1207150.956,0,coinbase
1649203200,126.9,127.44,112.14,112.94,117.50666666666666,2080805.766,0,coinbase
1649289600,112.9,119.96,110.93,118.52,116.46999999999998,1383645.112,0,coinbase
1649376000,118.44,122.48,108.11,109.97,113.52,1322246.277,0,coinbase
1649462400,109.98,113.71,108.3,112.99,111.66666666666667,632226.993,0,coinbase
1649548800,113.02,116.07,109.81,111.07,112.31666666666666,646989.292,0,coinbase
1649635200,111.05,111.99,98.13,99.7,103.27333333333333,1691681.478,0,coinbase
1649721600,99.64,109.44,98.39,103.31,103.71333333333332,1556051.358,0,coinbase
1649808000,103.29,106.08,100.03,104.95,103.68666666666667,964772.361,0,coinbase
1649894400,104.98,107.71,98.56,100.76,102.34333333333332,1048844.817,0,coinbase
1649980800,100.78,102.9,99.54,101.39,101.27666666666666,555844.153,0,coinbase
1650067200,101.39,103.49,100.8,102.08,102.12333333333333,415184.752,0,coinbase
1650153600,102.08,105.47,99.66,100.18,101.77,508933.192,0,coinbase
1650240000,100.15,102.68,94.69,102.39,99.92,973263.719,0,coinbase
1650326400,102.36,108.88,101.08,108.55,106.17,1018046.98,0,coinbase
1650412800,108.53,110.95,104.27,105.59,106.93666666666667,1023366.946,0,coinbase
1650499200,105.6,110.0,99.93,101.78,103.90333333333335,1432875.432,0,coinbase
1650585600,101.78,103.55,99.18,100.55,101.09333333333335,842001.329,0,coinbase
1650672000,100.54,102.94,98.38,100.66,100.66000000000001,400262.459,0,coinbase
1650758400,100.66,102.26,98.62,99.25,100.04333333333334,386782.327,0,coinbase
1650844800,99.26,101.64,94.42,100.99,99.01666666666667,869479.773,0,coinbase
1650931200,100.99,102.0,94.66,95.74,97.46666666666665,750029.796,0,coinbase
1651017600,95.74,100.76,94.9,98.35,98.00333333333333,747646.993,0,coinbase
1651104000,98.35,100.55,96.32,98.22,98.36333333333334,707055.788,0,coinbase
1651190400,98.2,98.67,92.28,93.91,94.95333333333333,838274.987,0,coinbase
1651276800,93.91,94.96,82.08,84.69,87.24333333333334,805595.886,0,coinbase
1651363200,84.69,93.11,84.19,89.65,88.98333333333335,970718.225,0,coinbase
1651449600,89.65,90.88,85.06,87.45,87.79666666666667,928309.702,0,coinbase
1651536000,87.47,88.79,84.47,85.85,86.37,637294.21,0,coinbase
1651622400,85.85,93.08,85.46,92.76,90.43333333333334,955125.782,0,coinbase
1651708800,92.76,95.18,81.24,84.52,86.98,1465406.092,0,coinbase
1651795200,84.52,84.82,80.0,81.66,82.16,1604726.333,0,coinbase
1651881600,81.66,82.3,77.12,78.83,79.41666666666667,781297.866,0,coinbase
1651968000,78.85,79.39,73.68,75.34,76.13666666666667,1166313.241,0,coinbase
1652054400,75.33,77.19,61.69,62.13,67.00333333333333,3288158.16,0,coinbase
1652140800,62.11,74.09,60.06,66.86,67.00333333333333,3955658.554,0,coinbase
1652227200,66.88,68.42,43.1,50.82,54.11333333333334,6151638.736,0,coinbase
1652313600,50.81,55.77,36.34,44.65,45.58666666666667,5606361.896,0,coinbase
1652400000,44.65,57.0,43.82,48.89,49.90333333333333,4120711.949,0,coinbase
1652486400,48.89,53.8,45.82,52.37,50.663333333333334,1892179.899,0,coinbase
1652572800,52.39,59.24,49.56,58.82,55.873333333333335,1771533.758,0,coinbase
1652659200,58.78,58.78,51.76,53.69,54.74333333333333,2133262.408,0,coinbase
1652745600,53.74,58.19,53.0,57.02,56.07,1752398.912,0,coinbase
1652832000,56.98,57.82,49.36,49.87,52.35,2225836.024,0,coinbase
1652918400,49.86,54.0,48.19,52.13,51.44,2462533.38,0,coinbase
1653004800,52.14,53.59,47.75,49.37,50.23666666666667,2318426.011,0,coinbase
1653091200,49.37,51.17,48.35,50.25,49.92333333333334,1028955.913,0,coinbase
1653177600,50.24,53.11,49.62,52.44,51.72333333333333,1060895.333,0,coinbase
1653264000,52.42,54.65,48.57,49.11,50.776666666666664,2021892.629,0,coinbase
1653350400,49.11,50.8,47.01,49.64,49.15,2592121.87,0,coinbase
1653436800,49.62,50.5,47.51,47.94,48.65,1540229.238,0,coinbase
1653523200,47.91,48.6,41.65,43.42,44.55666666666667,3092451.31,0,coinbase
1653609600,43.4,43.91,39.93,41.09,41.64333333333334,4009076.771,0,coinbase
1653696000,41.13,45.04,40.19,44.2,43.14333333333334,1840898.45,0,coinbase
1653782400,44.18,45.62,41.76,44.91,44.096666666666664,2309313.865,0,coinbase
1653868800,44.94,48.37,44.22,47.2,46.59666666666667,2818184.08,0,coinbase
1653955200,47.18,48.18,44.53,45.75,46.153333333333336,2839817.303,0,coinbase
1654041600,45.75,46.16,39.56,40.1,41.94,2979253.261,0,coinbase
1654128000,40.1,41.61,38.1,40.82,40.17666666666667,3031513.309,0,coinbase
1654214400,40.83,41.51,37.59,38.23,39.10999999999999,2686200.852,0,coinbase
1654300800,38.24,39.48,35.66,38.99,38.04333333333333,2191729.416,0,coinbase
1654387200,38.98,40.21,37.81,38.49,38.83666666666667,1739674.922,0,coinbase
1654473600,38.48,44.84,38.29,42.35,41.82666666666666,3792602.761,0,coinbase
1654560000,42.35,42.5,37.4,39.28,39.72666666666667,3619479.251,0,coinbase
1654646400,39.29,40.92,38.26,38.79,39.32333333333333,2296147.662,0,coinbase
1654732800,38.81,42.04,38.41,39.93,40.126666666666665,2072006.692,0,coinbase
1654819200,39.92,40.88,36.71,37.14,38.24333333333333,2358837.817,0,coinbase
1654905600,37.14,37.9,33.14,33.91,34.98333333333333,2257632.25,0,coinbase
1654992000,33.9,34.62,30.52,30.56,31.900000000000002,3030810.842,0,coinbase
1655078400,30.55,31.07,26.0,28.58,28.55,7468654.772,0,coinbase
1655164800,28.56,32.23,25.84,29.54,29.20333333333333,5543109.615,0,coinbase
1655251200,29.55,34.79,26.74,34.72,32.083333333333336,5290765.187,0,coinbase
1655337600,34.72,36.0,29.5,30.1,31.866666666666664,4183707.674,0,coinbase
1655424000,30.07,32.1,29.23,30.69,30.673333333333332,2519513.821,0,coinbase
1655510400,30.69,32.04,27.1,32.01,30.383333333333336,3124460.855,0,coinbase
1655596800,32.03,35.32,28.67,34.15,32.71333333333333,2606604.954,0,coinbase
1655683200,34.16,36.86,31.67,35.22,34.583333333333336,3001493.08,0,coinbase
1655769600,35.22,39.2,34.18,36.36,36.58,2810329.366,0,coinbase
1655856000,36.39,36.86,33.59,34.1,34.85,2731513.354,0,coinbase
1655942400,34.11,38.6,33.89,38.13,36.873333333333335,2780846.364,0,coinbase
1656028800,38.13,42.9,37.64,41.88,40.806666666666665,2560486.103,0,coinbase
1656115200,41.85,42.6,39.71,42.2,41.50333333333334,1549750.328,0,coinbase
1656201600,42.22,42.46,39.15,39.39,40.333333333333336,1827619.155,0,coinbase
1656288000,39.39,41.25,37.85,38.5,39.199999999999996,1971250.281,0,coinbase
1656374400,38.46,39.86,35.04,35.3,36.733333333333334,2473840.73,0,coinbase
1656460800,35.29,36.07,33.04,33.95,34.35333333333333,3015140.842,0,coinbase
1656547200,34.03,34.16,30.79,33.74,32.89666666666667,3236065.933,0,coinbase
1656633600,33.75,35.38,31.78,32.82,33.32666666666666,3200905.855,0,coinbase
1656720000,32.81,34.1,31.82,33.33,33.083333333333336,1212267.288,0,coinbase
1656806400,33.33,33.65,32.11,33.36,33.04,844106.869,0,coinbase
1656892800,33.35,36.92,32.4,36.69,35.336666666666666,1606509.06,0,coinbase
1656979200,36.68,36.94,33.1,35.37,35.13666666666666,2771486.134,0,coinbase
1657065600,35.37,37.61,34.74,37.01,36.453333333333326,2177614.016,0,coinbase
1657152000,37.02,39.29,36.35,38.43,38.02333333333333,1930729.754,0,coinbase
1657238400,38.45,39.7,36.42,38.1,38.07333333333333,2103760.695,0,coinbase
1657324800,38.12,38.91,37.73,38.08,38.239999999999995,1003186.813,0,coinbase
1657411200,38.05,38.17,36.15,36.69,37.00333333333333,862822.585,0,coinbase
1657497600,36.69,36.73,33.22,33.41,34.453333333333326,1860464.77,0,coinbase
1657584000,33.4,34.58,32.57,32.66,33.27,1540873.392,0,coinbase
1657670400,32.66,35.07,31.75,34.94,33.919999999999995,2334630.743,0,coinbase
1657756800,34.93,37.28,33.55,37.12,35.98333333333333,2807539.524,0,coinbase
1657843200,37.11,39.09,36.49,37.37,37.650000000000006,2307841.877,0,coinbase
1657929600,37.36,40.55,36.35,39.6,38.833333333333336,1951738.613,0,coinbase
1658016000,39.57,41.08,38.28,38.63,39.330000000000005,1983918.227,0,coinbase
1658102400,38.59,44.08,38.54,43.55,42.056666666666665,2946469.767,0,coinbase
1658188800,43.56,47.4,42.55,44.88,44.94333333333333,3735774.187,0,coinbase
1658275200,44.86,46.34,41.05,42.05,43.14666666666667,3828173.241,0,coinbase
1658361600,42.03,44.06,39.65,43.1,42.27,3732499.872,0,coinbase
1658448000,43.09,44.34,40.03,40.55,41.64,2514775.472,0,coinbase
1658534400,40.55,41.94,38.58,39.98,40.166666666666664,1743196.352,0,coinbase
1658620800,39.98,42.12,39.47,40.94,40.843333333333334,1308475.081,0,coinbase
1658707200,40.93,41.11,36.56,36.64,38.10333333333333,2496118.191,0,coinbase
1658793600,36.66,36.83,34.68,36.29,35.93333333333333,2259247.957,0,coinbase
1658880000,36.29,40.57,35.69,40.24,38.833333333333336,2566122.991,0,coinbase
1658966400,40.23,44.19,39.06,42.93,42.06,3152615.345,0,coinbase
1659052800,42.94,44.46,41.13,41.94,42.51,2237481.038,0,coinbase
1659139200,41.92,46.72,41.45,43.84,44.00333333333333,2469748.859,0,coinbase
1659225600,43.86,45.25,42.25,42.38,43.29333333333333,1423055.212,0,coinbase
1659312000,42.37,43.29,40.58,41.67,41.84666666666667,1527838.856,0,coinbase
1659398400,41.67,42.46,39.5,39.81,40.59,1608604.32,0,coinbase
1659484800,39.81,41.11,37.48,38.55,39.04666666666667,4046294.278,0,coinbase
1659571200,38.54,39.84,37.91,38.82,38.85666666666666,1686158.999,0,coinbase
1659657600,38.83,41.37,38.7,40.54,40.203333333333326,1639176.512,0,coinbase
1659744000,40.57,40.92,39.82,40.07,40.27,714034.396,0,coinbase
1659830400,40.07,41.58,39.22,40.62,40.47333333333333,804147.693,0,coinbase
1659916800,40.62,43.71,40.56,42.2,42.15666666666667,1422832.348,0,coinbase
1660003200,42.18,42.76,39.75,40.35,40.953333333333326,1322118.853,0,coinbase
1660089600,40.34,42.86,39.14,42.5,41.5,1948219.87,0,coinbase
1660176000,42.48,45.4,42.32,42.8,43.50666666666666,1875571.03,0,coinbase
1660262400,42.8,45.53,42.15,45.5,44.39333333333334,1539437.128,0,coinbase
1660348800,45.53,48.39,45.3,46.63,46.77333333333333,2101318.236,0,coinbase
1660435200,46.64,48.09,44.49,44.89,45.823333333333345,1503386.665,0,coinbase
1660521600,44.87,47.25,42.67,43.72,44.54666666666666,2103918.573,0,coinbase
1660608000,43.73,44.32,42.55,43.09,43.32,1472622.283,0,coinbase
1660694400,43.08,44.74,40.18,40.55,41.82333333333333,2600144.556,0,coinbase
1660780800,40.54,41.68,39.34,39.51,40.17666666666667,1777087.918,0,coinbase
1660867200,39.5,39.6,35.25,35.82,36.88999999999999,4104718.773,0,coinbase
1660953600,35.8,37.27,34.21,35.29,35.59,3085537.35,0,coinbase
1661040000,35.29,37.05,34.5,36.48,36.01,2257083.742,0,coinbase
1661126400,36.48,36.55,33.76,35.43,35.24666666666667,2479475.824,0,coinbase
1661212800,35.43,36.1,34.24,35.67,35.336666666666666,1474061.897,0,coinbase
1661299200,35.67,36.42,34.3,34.88,35.199999999999996,1620080.182,0,coinbase
1661385600,34.89,36.49,34.86,35.25,35.53333333333333,1352145.129,0,coinbase
1661472000,35.25,35.81,31.38,31.74,32.97666666666667,2293457.131,0,coinbase
1661558400,31.75,32.27,30.88,31.54,31.563333333333333,1350999.279,0,coinbase
1661644800,31.53,32.22,30.19,30.45,30.953333333333333,1074326.265,0,coinbase
1661731200,30.42,32.67,30.01,32.41,31.69666666666667,1928017.516,0,coinbase
1661817600,32.42,33.16,30.63,31.48,31.756666666666664,1934635.059,0,coinbase
1661904000,31.48,32.97,31.18,31.5,31.883333333333336,1416589.217,0,coinbase
1661990400,31.5,31.79,30.33,31.62,31.246666666666666,1049100.593,0,coinbase
1662076800,31.62,32.4,30.77,31.24,31.47,1130616.327,0,coinbase
1662163200,31.24,31.29,30.81,31.12,31.073333333333334,553253.522,0,coinbase
1662249600,31.12,32.2,31.03,32.17,31.8,579463.366,0,coinbase
1662336000,32.16,32.52,31.14,32.18,31.94666666666667,749872.35,0,coinbase
1662422400,32.18,33.88,30.44,30.87,31.730000000000004,1682690.16,0,coinbase
1662508800,30.88,32.96,30.31,32.7,31.99,1058430.671,0,coinbase
1662595200,32.69,33.98,32.0,33.62,33.199999999999996,1108485.712,0,coinbase
1662681600,33.62,35.99,33.59,34.69,34.75666666666667,1734172.376,0,coinbase
1662768000,34.69,35.43,34.28,35.07,34.92666666666667,913891.919,0,coinbase
1662854400,35.07,36.03,34.07,35.01,35.03666666666666,946792.099,0,coinbase
1662940800,35.0,38.37,34.42,37.46,36.75,1976355.992,0,coinbase
1663027200,37.43,38.99,32.93,33.01,34.97666666666667,2511479.042,0,coinbase
1663113600,33.01,34.35,32.7,34.12,33.723333333333336,1160674.361,0,coinbase
1663200000,34.11,34.92,32.42,33.07,33.47,1136770.838,0,coinbase
1663286400,33.08,33.26,31.5,32.23,32.32999999999999,1108193.839,0,coinbase
1663372800,32.23,33.89,32.21,33.69,33.26333333333333,515266.684,0,coinbase
1663459200,33.71,33.99,30.87,31.1,31.986666666666668,853714.325,0,coinbase
1663545600,31.1,33.09,30.5,32.65,32.080000000000005,1305919.29,0,coinbase
1663632000,32.64,32.89,31.3,31.42,31.87,1054722.436,0,coinbase
1663718400,31.43,33.48,30.04,30.68,31.399999999999995,1646186.945,0,coinbase
1663804800,30.67,32.86,30.58,32.42,31.953333333333333,1103000.076,0,coinbase
1663891200,32.41,33.96,31.2,33.66,32.94,1629198.201,0,coinbase
1663977600,33.67,34.76,33.13,33.38,33.75666666666667,1351967.919,0,coinbase
1664064000,33.39,34.04,31.87,32.33,32.74666666666666,1040971.341,0,coinbase
1664150400,32.32,33.97,31.86,33.89,33.24,1559340.038,0,coinbase
1664236800,33.89,35.44,32.06,32.68,33.39333333333334,2082816.254,0,coinbase
1664323200,32.69,33.81,31.62,33.24,32.89000000000001,1604988.81,0,coinbase
1664409600,33.25,34.43,32.64,33.93,33.666666666666664,1554260.932,0,coinbase
1664496000,33.94,35.22,32.62,33.26,33.699999999999996,2012025.12,0,coinbase
1664582400,33.25,33.25,32.36,32.44,32.68333333333333,730202.408,0,coinbase
1664668800,32.44,33.03,31.9,32.05,32.32666666666667,937771.987,0,coinbase
1664755200,32.05,33.27,31.74,32.9,32.63666666666666,1231914.347,0,coinbase
1664841600,32.9,34.43,32.84,34.1,33.79,1165281.59,0,coinbase
1664928000,34.11,34.39,33.2,34.05,33.88,1302703.128,0,coinbase
1665014400,34.04,34.5,33.24,33.37,33.70333333333334,1438451.589,0,coinbase
1665100800,33.36,33.78,32.43,32.96,33.05666666666667,1107845.75,0,coinbase
1665187200,32.96,33.07,32.36,32.57,32.666666666666664,612258.418,0,coinbase
1665273600,32.58,33.14,32.45,32.93,32.84,472428.224,0,coinbase
1665360000,32.92,33.46,31.88,31.95,32.43,893992.194,0,coinbase
1665446400,31.95,31.95,30.42,30.8,31.05666666666667,1134335.169,0,coinbase
1665532800,30.79,31.54,30.67,31.16,31.123333333333335,581185.337,0,coinbase
1665619200,31.15,31.21,27.75,30.49,29.816666666666666,2271300.154,0,coinbase
1665705600,30.49,31.98,29.62,29.99,30.53,1286710.556,0,coinbase
1665792000,29.99,30.21,29.43,29.6,29.74666666666667,631394.375,0,coinbase
1665878400,29.59,30.53,29.56,30.15,30.080000000000002,391930.898,0,coinbase
1665964800,30.16,31.29,29.83,31.22,30.78,790359.204,0,coinbase
1666051200,31.22,31.49,29.73,30.15,30.456666666666667,1067640.461,0,coinbase
1666137600,30.14,30.27,28.61,28.85,29.24333333333333,875877.795,0,coinbase
1666224000,28.86,29.47,27.97,28.01,28.483333333333334,1211955.443,0,coinbase
1666310400,28.01,28.3,26.84,28.11,27.75,1342457.044,0,coinbase
1666396800,28.11,28.24,27.49,28.02,27.916666666666668,475932.31,0,coinbase
1666483200,28.02,29.43,27.74,29.29,28.820000000000004,731958.428,0,coinbase
1666569600,29.29,29.49,28.16,28.31,28.653333333333332,824434.194,0,coinbase
1666656000,28.31,32.38,28.05,30.87,30.433333333333337,2229626.612,0,coinbase
1666742400,30.87,32.25,30.64,31.29,31.393333333333334,1604506.109,0,coinbase
1666828800,31.28,32.36,30.46,30.58,31.133333333333336,1691679.272,0,coinbase
1666915200,30.58,32.56,30.12,32.07,31.583333333333332,1454999.869,0,coinbase
1667001600,32.07,33.85,31.86,32.87,32.86000000000001,1591530.896,0,coinbase
1667088000,32.88,33.54,31.94,32.94,32.806666666666665,977455.54,0,coinbase
1667174400,32.94,34.39,32.2,32.56,33.050000000000004,1734326.828,0,coinbase
1667260800,32.56,33.39,32.15,32.2,32.58,998877.174,0,coinbase
1667347200,32.2,32.95,30.23,30.83,31.33666666666667,1617822.468,0,coinbase
1667433600,30.82,32.25,30.61,30.86,31.24,993856.099,0,coinbase
1667520000,30.85,34.21,30.66,33.74,32.870000000000005,2001333.386,0,coinbase
1667606400,33.73,38.79,33.67,36.9,36.45333333333334,2736303.262,0,coinbase
1667692800,36.9,37.06,32.32,32.61,33.99666666666666,1752971.233,0,coinbase
1667779200,32.6,33.14,28.17,29.64,30.316666666666666,3737409.764,0,coinbase
1667865600,29.63,31.78,22.51,24.33,26.206666666666667,12204501.118,0,coinbase
1667952000,24.33,24.65,12.09,13.97,16.903333333333332,15826107.02,0,coinbase
1668038400,13.95,19.16,12.68,17.6,16.48,10381219.777,0,coinbase
1668124800,17.6,18.27,15.11,16.31,16.563333333333333,5329442.946,0,coinbase
1668211200,16.31,16.36,14.44,14.57,15.123333333333333,2761075.637,0,coinbase
1668297600,14.57,14.71,13.0,13.18,13.63,3284218.155,0,coinbase
1668384000,13.17,14.99,12.22,13.98,13.729999999999999,4509293.033,0,coinbase
1668470400,13.98,15.1,13.79,14.29,14.393333333333333,3269212.988,0,coinbase
1668556800,14.28,14.61,13.62,14.26,14.163333333333332,1983861.269,0,coinbase
1668643200,14.26,14.52,12.92,13.64,13.693333333333333,3439111.563,0,coinbase
1668729600,13.64,13.87,12.97,13.25,13.363333333333335,1968030.299,0,coinbase
1668816000,13.24,13.26,12.57,12.82,12.883333333333333,1398269.082,0,coinbase
1668902400,12.84,13.57,12.11,12.26,12.646666666666667,1837628.171,0,coinbase
1668988800,12.25,12.28,11.26,11.82,11.786666666666667,3081770.635,0,coinbase
1669075200,11.81,12.5,10.94,12.43,11.956666666666665,3317958.553,0,coinbase
1669161600,12.43,14.5,12.38,14.32,13.733333333333334,4841570.821,0,coinbase
1669248000,14.32,14.94,13.84,14.59,14.456666666666669,3153495.582,0,coinbase
1669334400,14.59,14.6,13.89,14.02,14.170000000000002,1974948.284,0,coinbase
1669420800,14.03,14.96,13.95,14.17,14.36,1767390.441,0,coinbase
1669507200,14.17,14.44,14.04,14.11,14.196666666666665,1543338.098,0,coinbase
1669593600,14.11,14.17,12.78,13.33,13.426666666666668,3382198.938,0,coinbase
1669680000,13.32,13.95,13.14,13.35,13.479999999999999,1738806.564,0,coinbase
1669766400,13.34,14.33,13.22,14.17,13.906666666666666,2567266.208,0,coinbase
1669852800,14.18,14.19,13.4,13.52,13.703333333333333,1438355.755,0,coinbase
1669939200,13.52,13.83,13.33,13.72,13.626666666666667,1175125.874,0,coinbase
1670025600,13.71,13.77,13.22,13.3,13.430000000000001,674142.321,0,coinbase
1670112000,13.29,13.75,13.27,13.71,13.576666666666668,666882.26,0,coinbase
1670198400,13.71,14.17,13.58,13.82,13.856666666666667,1461229.847,0,coinbase
1670284800,13.82,14.39,13.81,14.29,14.163333333333334,1587523.246,0,coinbase
1670371200,14.3,14.33,13.42,13.5,13.75,1380959.193,0,coinbase
1670457600,13.5,13.78,13.27,13.69,13.579999999999998,908877.189,0,coinbase
1670544000,13.68,14.02,13.49,13.58,13.696666666666665,1041201.688,0,coinbase
1670630400,13.58,13.73,13.54,13.57,13.613333333333335,425161.933,0,coinbase
1670716800,13.57,13.8,13.38,13.42,13.533333333333333,626288.943,0,coinbase
1670803200,13.42,13.49,12.81,13.33,13.21,1674051.897,0,coinbase
1670889600,13.33,14.16,12.78,13.89,13.61,2034265.984,0,coinbase
1670976000,13.89,14.96,13.79,14.12,14.29,3185411.065,0,coinbase
1671062400,14.13,14.53,13.86,14.05,14.146666666666667,1934946.066,0,coinbase
1671148800,14.04,14.17,11.98,12.24,12.796666666666667,3676007.161,0,coinbase
1671235200,12.25,12.56,11.93,12.51,12.333333333333334,2470704.722,0,coinbase
1671321600,12.51,12.61,12.27,12.37,12.416666666666666,1215770.911,0,coinbase
1671408000,12.37,12.59,11.67,11.94,12.066666666666665,2585715.1,0,coinbase
1671494400,11.93,12.48,11.83,12.26,12.19,2075643.815,0,coinbase
1671580800,12.26,12.29,11.9,12.14,12.11,1642451.607,0,coinbase
1671667200,12.14,12.19,11.67,11.8,11.886666666666665,1943961.095,0,coinbase
1671753600,11.8,12.11,11.71,11.78,11.866666666666667,1472492.254,0,coinbase
1671840000,11.78,11.79,11.1,11.45,11.446666666666667,2335821.784,0,coinbase
1671926400,11.45,11.55,11.23,11.39,11.39,813306.064,0,coinbase
1672012800,11.39,11.49,11.06,11.33,11.293333333333335,1299684.337,0,coinbase
1672099200,11.34,11.45,10.71,11.09,11.083333333333334,2051343.981,0,coinbase
1672185600,11.1,11.12,9.41,9.76,10.096666666666666,6626516.939,0,coinbase
1672272000,9.77,10.89,8.0,9.64,9.51,8907754.307,0,coinbase
1672358400,9.64,10.27,9.03,9.92,9.74,10872675.109,0,coinbase
1672444800,9.91,10.2,9.66,9.97,9.943333333333333,3172985.413,0,coinbase
1672531200,9.96,10.08,9.68,9.99,9.916666666666666,2293379.845,0,coinbase
1672617600,9.98,12.0,9.79,11.29,11.026666666666666,5627741.8,0,coinbase
1672704000,11.28,13.91,11.0,13.39,12.766666666666666,8002676.452,0,coinbase
1672790400,13.38,14.25,12.81,13.42,13.493333333333334,8093174.994,0,coinbase
1672876800,13.41,13.87,12.94,13.43,13.413333333333332,3743729.074,0,coinbase
1672963200,13.42,13.6,12.68,13.5,13.26,3748066.142,0,coinbase
1673049600,13.5,13.51,13.01,13.1,13.206666666666665,1381567.828,0,coinbase
1673136000,13.09,14.89,12.85,14.47,14.07,3623814.468,0,coinbase
1673222400,14.45,17.56,14.27,16.25,16.026666666666667,12215215.147,0,coinbase
1673308800,16.25,16.73,15.57,16.21,16.169999999999998,5500824.158,0,coinbase
1673395200,16.2,16.61,15.28,16.36,16.083333333333332,3789589.067,0,coinbase
1673481600,16.37,17.0,15.57,16.6,16.39,4903089.036,0,coinbase
1673568000,16.59,18.63,16.3,18.3,17.743333333333336,5382618.488,0,coinbase
1673654400,18.3,24.75,18.21,24.25,22.403333333333336,13699190.694,0,coinbase
1673740800,24.26,25.0,21.97,22.88,23.28333333333333,5806747.641,0,coinbase
1673827200,22.9,25.0,22.25,23.59,23.613333333333333,6351359.383,0,coinbase
1673913600,23.58,23.98,22.7,22.86,23.179999999999996,3157413.968,0,coinbase
1674000000,22.86,23.64,20.22,20.78,21.546666666666667,5296878.792,0,coinbase
1674086400,20.77,21.88,20.41,21.39,21.226666666666667,3145864.668,0,coinbase
1674172800,21.39,25.83,20.93,25.51,24.09,5211914.697,0,coinbase
1674259200,25.5,26.47,24.32,24.56,25.116666666666664,6225647.975,0,coinbase
1674345600,24.56,25.44,23.49,24.22,24.383333333333336,4099364.09,0,coinbase
1674432000,24.23,24.93,23.71,24.34,24.326666666666668,3372343.385,0,coinbase
1674518400,24.34,25.23,22.36,22.77,23.453333333333333,2659931.339,0,coinbase
1674604800,22.76,25.43,22.21,24.53,24.05666666666667,3807162.525,0,coinbase
1674691200,24.53,25.23,23.77,24.35,24.45,2212282.462,0,coinbase
1674777600,24.35,24.96,23.32,24.44,24.24,2571143.469,0,coinbase
1674864000,24.42,25.21,23.72,24.01,24.313333333333333,1343086.172,0,coinbase
1674950400,24.01,26.77,23.72,26.07,25.52,2914776.665,0,coinbase
1675036800,26.07,26.33,23.29,23.96,24.526666666666667,3260422.376,0,coinbase
1675123200,23.96,24.46,23.48,23.93,23.956666666666667,1703248.434,0,coinbase
1675209600,23.92,25.21,22.49,25.0,24.233333333333334,3264118.901,0,coinbase
1675296000,25.0,26.15,24.04,24.32,24.836666666666662,3151936.046,0,coinbase
1675382400,24.33,25.31,24.05,24.69,24.683333333333334,2025301.094,0,coinbase
1675468800,24.69,24.95,24.18,24.34,24.49,602899.251,0,coinbase
1675555200,24.33,24.48,23.03,23.48,23.663333333333338,1244154.212,0,coinbase
1675641600,23.47,23.74,22.5,22.65,22.963333333333328,1086129.31,0,coinbase
1675728000,22.65,23.97,22.54,23.84,23.45,1554485.214,0,coinbase
1675814400,23.83,24.2,22.8,23.23,23.41,1190976.851,0,coinbase
1675900800,23.22,23.35,19.99,20.48,21.273333333333337,2128922.411,0,coinbase
1675987200,20.49,21.23,19.71,20.11,20.349999999999998,1727086.404,0,coinbase
1676073600,20.11,20.93,20.11,20.83,20.62333333333333,751725.124,0,coinbase
1676160000,20.82,22.53,20.63,21.49,21.549999999999997,1287936.818,0,coinbase
1676246400,21.51,21.61,19.76,20.8,20.723333333333333,1888641.862,0,coinbase
1676332800,20.8,22.4,20.68,21.84,21.64,2121794.069,0,coinbase
1676419200,21.84,23.99,21.46,23.87,23.10666666666667,1887734.758,0,coinbase
1676505600,23.87,24.17,22.2,22.25,22.873333333333335,2517614.431,0,coinbase
1676592000,22.25,23.56,22.03,23.16,22.916666666666668,1522464.606,0,coinbase
1676678400,23.16,23.94,22.93,23.46,23.44333333333334,884699.901,0,coinbase
1676764800,23.47,25.65,23.21,24.85,24.570000000000004,2292422.983,0,coinbase
1676851200,24.83,27.12,24.12,26.27,25.83666666666667,3398578.065,0,coinbase
1676937600,26.26,26.62,24.48,24.98,25.36,2068378.627,0,coinbase
1677024000,24.98,25.24,23.22,24.17,24.209999999999997,2305789.717,0,coinbase
1677110400,24.17,24.71,23.6,23.92,24.076666666666668,1200618.478,0,coinbase
1677196800,23.92,24.15,22.45,23.07,23.22333333333333,1334551.821,0,coinbase
1677283200,23.07,23.34,21.43,22.38,22.38333333333333,926127.05,0,coinbase
1677369600,22.38,23.54,22.22,23.27,23.01,740786.347,0,coinbase
1677456000,23.26,23.41,22.32,22.66,22.796666666666667,1407654.209,0,coinbase
1677542400,22.67,22.75,21.75,21.89,22.13,1158994.493,0,coinbase
1677628800,21.89,22.92,21.65,22.51,22.36,923812.166,0,coinbase
1677715200,22.5,22.66,21.67,22.0,22.11,942244.533,0,coinbase
1677801600,22.01,22.01,20.35,21.42,21.26,1693949.31,0,coinbase
1677888000,21.43,21.62,20.32,20.98,20.973333333333333,441641.679,0,coinbase
1677974400,20.99,21.71,20.84,20.96,21.169999999999998,1324542.922,0,coinbase
1678060800,20.96,21.18,20.47,20.62,20.756666666666664,1489046.717,0,coinbase
1678147200,20.63,20.96,19.71,20.24,20.30333333333333,2129571.604,0,coinbase
1678233600,20.24,20.38,18.11,18.42,18.97,3497335.508,0,coinbase
1678320000,18.41,18.77,16.7,17.35,17.606666666666666,4688354.681,0,coinbase
1678406400,17.34,18.43,16.01,18.23,17.55666666666667,6358773.822,0,coinbase
1678492800,18.23,19.15,17.04,18.21,18.133333333333333,2667869.494,0,coinbase
1678579200,18.22,20.67,17.87,20.35,19.630000000000003,2488748.938,0,coinbase
1678665600,20.34,21.5,18.89,20.47,20.286666666666665,6089330.693,0,coinbase
1678752000,20.47,22.21,19.84,20.93,20.993333333333332,5062066.491,0,coinbase
1678838400,20.93,21.56,18.76,19.33,19.883333333333333,3981409.418,0,coinbase
1678924800,19.33,19.96,18.95,19.72,19.543333333333333,2236276.727,0,coinbase
1679011200,19.71,21.72,19.47,21.65,20.946666666666665,3321115.739,0,coinbase
1679097600,21.63,22.97,21.12,21.27,21.786666666666665,3168324.789,0,coinbase
1679184000,21.27,22.5,21.25,21.92,21.89,1812429.228,0,coinbase
1679270400,21.94,23.99,21.43,22.2,22.540000000000003,5114036.049,0,coinbase
1679356800,22.2,23.39,21.6,22.6,22.53,3395288.386,0,coinbase
1679443200,22.59,23.13,21.0,21.46,21.863333333333333,3786350.084,0,coinbase
1679529600,21.47,22.8,21.15,22.2,22.05,2677672.353,0,coinbase
1679616000,22.2,22.31,20.29,20.67,21.09,3006679.02,0,coinbase
1679702400,20.66,20.99,20.12,20.44,20.516666666666666,775036.502,0,coinbase
1679788800,20.43,21.16,20.31,20.96,20.81,529720.049,0,coinbase
1679875200,20.96,21.01,19.35,19.9,20.086666666666666,1161581.199,0,coinbase
1679961600,19.92,20.88,19.62,20.45,20.316666666666666,1359772.667,0,coinbase
1680048000,20.47,21.56,20.43,21.1,21.029999999999998,1064603.761,0,coinbase
1680134400,21.11,21.68,20.16,20.55,20.796666666666667,1608552.352,0,coinbase
1680220800,20.54,21.49,20.04,21.17,20.900000000000002,953150.287,0,coinbase
1680307200,21.17,21.34,20.76,21.09,21.063333333333333,416506.698,0,coinbase
1680393600,21.09,21.31,20.24,20.53,20.69333333333333,459185.446,0,coinbase
1680480000,20.52,21.01,19.97,20.47,20.483333333333334,1717807.042,0,coinbase
1680566400,20.47,21.27,20.3,20.92,20.830000000000002,792504.343,0,coinbase
1680652800,20.92,21.35,20.57,20.97,20.963333333333335,976730.283,0,coinbase
1680739200,20.96,21.0,20.45,20.63,20.69333333333333,658935.551,0,coinbase
1680825600,20.62,20.78,20.24,20.45,20.49,542840.811,0,coinbase
1680912000,20.46,20.74,19.87,20.04,20.216666666666665,786699.13,0,coinbase
1680998400,20.05,20.45,19.89,20.3,20.213333333333335,314324.93,0,coinbase
1681084800,20.3,20.97,20.08,20.92,20.656666666666666,879505.038,0,coinbase
1681171200,20.92,23.74,20.83,23.01,22.526666666666667,3680239.476,0,coinbase
1681257600,23.02,24.49,22.34,23.82,23.55,3479880.838,0,coinbase
1681344000,23.82,25.29,23.67,24.47,24.47666666666667,1863477.024,0,coinbase
1681430400,24.47,25.53,23.76,24.74,24.676666666666666,2570229.789,0,coinbase
1681516800,24.74,24.81,23.83,24.07,24.236666666666668,939359.824,0,coinbase
1681603200,24.07,25.5,23.85,25.37,24.906666666666666,1117327.303,0,coinbase
1681689600,25.36,26.03,24.32,24.6,24.983333333333334,2369621.315,0,coinbase
1681776000,24.59,25.45,23.99,24.83,24.756666666666664,1540583.599,0,coinbase
1681862400,24.83,24.99,22.0,22.68,23.22333333333333,2733633.875,0,coinbase
1681948800,22.68,23.18,21.55,22.2,22.310000000000002,2271779.822,0,coinbase
1682035200,22.19,22.41,20.98,21.25,21.546666666666667,1847561.735,0,coinbase
1682121600,21.25,22.01,21.05,21.8,21.62,608485.311,0,coinbase
1682208000,21.8,22.26,20.95,21.47,21.560000000000002,717627.422,0,coinbase
1682294400,21.47,22.02,21.0,21.38,21.466666666666665,720502.803,0,coinbase
1682380800,21.38,21.97,20.74,21.94,21.549999999999997,969226.068,0,coinbase
1682467200,21.93,22.97,20.36,21.28,21.536666666666665,1775900.932,0,coinbase
1682553600,21.29,22.59,21.18,22.32,22.03,1269012.67,0,coinbase
1682640000,22.33,23.52,22.18,23.36,23.02,1635976.596,0,coinbase
1682726400,23.36,23.9,22.93,23.2,23.343333333333334,846805.349,0,coinbase
1682812800,23.19,24.0,22.68,22.73,23.136666666666667,949742.213,0,coinbase
1682899200,22.72,22.88,21.54,21.96,22.126666666666665,1228115.383,0,coinbase
1682985600,21.96,22.39,21.75,22.26,22.133333333333336,707608.571,0,coinbase
1683072000,22.26,22.31,21.24,22.24,21.929999999999996,942252.801,0,coinbase
1683158400,22.26,22.5,21.62,21.75,21.956666666666667,676675.907,0,coinbase
1683244800,21.75,23.08,21.6,22.85,22.51,1324256.78,0,coinbase
1683331200,22.84,23.3,21.6,21.96,22.286666666666672,1022446.308,0,coinbase
1683417600,21.96,22.8,21.66,21.68,22.046666666666667,873766.647,0,coinbase
1683504000,21.66,21.84,19.99,20.66,20.83,1748495.73,0,coinbase
1683590400,20.66,21.02,20.42,20.68,20.706666666666667,850956.29,0,coinbase
1683676800,20.67,21.33,19.89,20.94,20.72,1461221.023,0,coinbase
1683763200,20.94,20.95,19.8,20.19,20.313333333333333,1059748.679,0,coinbase
1683849600,20.18,20.96,19.81,20.93,20.566666666666666,1286215.553,0,coinbase
1683936000,20.92,21.29,20.79,20.85,20.976666666666667,477745.511,0,coinbase
1684022400,20.84,21.29,20.63,20.94,20.953333333333333,417121.481,0,coinbase
1684108800,20.94,21.53,20.61,20.98,21.040000000000003,1071996.153,0,coinbase
1684195200,20.98,21.14,20.44,20.68,20.753333333333334,1045238.299,0,coinbase
1684281600,20.67,21.21,20.43,21.06,20.900000000000002,878612.956,0,coinbase
1684368000,21.06,21.09,20.08,20.34,20.503333333333334,1046611.407,0,coinbase
1684454400,20.34,20.58,20.21,20.35,20.38,443670.868,0,coinbase
1684540800,20.35,20.36,20.11,20.28,20.25,425653.272,0,coinbase
1684627200,20.27,20.39,19.37,19.62,19.793333333333337,590066.458,0,coinbase
1684713600,19.62,20.03,19.29,19.53,19.616666666666667,960549.473,0,coinbase
1684800000,19.53,20.18,19.42,20.02,19.873333333333335,811692.441,0,coinbase
1684886400,20.03,20.07,18.71,19.22,19.333333333333332,1015065.369,0,coinbase
1684972800,19.21,19.58,18.77,19.25,19.2,678749.003,0,coinbase
1685059200,19.25,19.56,19.09,19.36,19.336666666666666,407932.369,0,coinbase
1685145600,19.36,20.54,19.33,20.43,20.099999999999998,437767.181,0,coinbase
1685232000,20.43,21.19,20.29,20.82,20.76666666666667,660032.086,0,coinbase
1685318400,20.82,21.0,20.27,20.59,20.62,620648.574,0,coinbase
1685404800,20.59,21.47,20.48,21.27,21.073333333333334,1269922.51,0,coinbase
1685491200,21.27,21.34,20.37,20.83,20.846666666666668,793091.528,0,coinbase
1685577600,20.83,21.0,20.42,20.51,20.643333333333334,559252.338,0,coinbase
1685664000,20.5,21.38,20.3,21.27,20.983333333333334,594889.359,0,coinbase
1685750400,21.26,21.37,20.96,21.21,21.18,349252.58,0,coinbase
1685836800,21.21,22.33,21.04,21.82,21.73,815396.559,0,coinbase
1685923200,21.83,22.06,19.2,20.02,20.426666666666666,2158194.366,0,coinbase
1686009600,20.02,20.71,19.24,20.39,20.113333333333333,1381233.903,0,coinbase
1686096000,20.38,20.53,18.52,18.63,19.226666666666663,1558288.002,0,coinbase
1686182400,18.64,19.11,18.25,18.9,18.753333333333334,476801.088,0,coinbase
1686268800,18.89,19.38,17.11,17.4,17.96333333333333,1447813.221,0,coinbase
1686355200,17.39,17.42,13.21,15.64,15.423333333333334,3476733.88,0,coinbase
1686441600,15.63,16.19,15.13,15.54,15.62,973599.67,0,coinbase
1686528000,15.56,15.69,14.74,15.18,15.203333333333333,895305.448,0,coinbase
1686614400,15.19,15.99,14.76,15.03,15.26,955181.047,0,coinbase
1686700800,15.02,15.36,14.07,14.48,14.636666666666665,837609.878,0,coinbase
1686787200,14.49,15.06,14.15,14.77,14.660000000000002,674656.086,0,coinbase
1686873600,14.77,15.47,14.37,15.32,15.053333333333333,1128511.459,0,coinbase
1686960000,15.31,16.11,15.16,15.65,15.64,619722.293,0,coinbase
1687046400,15.65,15.84,15.29,15.43,15.520000000000001,339733.583,0,coinbase
1687132800,15.43,16.15,15.34,16.1,15.863333333333335,516107.52,0,coinbase
1687219200,16.11,16.69,15.72,16.66,16.35666666666667,1091105.364,0,coinbase
1687305600,16.66,17.41,16.55,17.23,17.063333333333333,1382678.669,0,coinbase
1687392000,17.23,17.75,16.57,16.63,16.983333333333334,782681.177,0,coinbase
1687478400,16.63,17.55,16.17,17.14,16.953333333333333,1572147.864,0,coinbase
1687564800,17.15,17.55,16.39,16.66,16.866666666666664,616489.48,0,coinbase
1687651200,16.66,17.39,16.58,16.97,16.98,730858.12,0,coinbase
1687737600,16.96,17.12,15.91,16.28,16.436666666666667,923307.907,0,coinbase
1687824000,16.28,16.94,16.14,16.63,16.569999999999997,901463.403,0,coinbase
1687910400,16.63,16.65,15.7,15.98,16.11,1276434.131,0,coinbase
1687996800,15.97,18.29,15.87,17.99,17.38333333333333,1620867.651,0,coinbase
1688083200,17.99,19.99,17.12,18.85,18.653333333333332,2112990.496,0,coinbase
1688169600,18.84,19.01,17.9,18.7,18.536666666666665,561215.49,0,coinbase
1688256000,18.69,19.73,18.54,19.46,19.243333333333332,1099827.343,0,coinbase
1688342400,19.46,19.65,18.85,19.27,19.256666666666664,724270.445,0,coinbase
1688428800,19.26,19.94,19.07,19.15,19.386666666666667,771447.645,0,coinbase
1688515200,19.16,19.4,18.45,19.0,18.95,778683.163,0,coinbase
1688601600,18.99,20.98,18.66,19.6,19.746666666666666,2328822.554,0,coinbase
1688688000,19.59,21.75,19.26,21.51,20.840000000000003,1766438.141,0,coinbase
1688774400,21.51,22.49,21.32,21.81,21.873333333333335,1286214.84,0,coinbase
1688860800,21.83,22.38,20.99,21.33,21.566666666666663,721405.464,0,coinbase
1688947200,21.33,21.8,20.49,21.3,21.19666666666667,1078280.131,0,coinbase
1689033600,21.29,22.37,21.21,22.07,21.883333333333336,916057.377,0,coinbase
1689120000,22.07,22.79,21.74,21.93,22.153333333333336,1364472.767,0,coinbase
1689206400,21.94,26.82,21.43,26.03,24.76,3118929.35,0,coinbase
1689292800,26.03,32.4,25.23,26.7,28.11,4194924.154,0,coinbase
1689379200,26.7,29.11,26.49,27.47,27.689999999999998,1887233.722,0,coinbase
1689465600,27.48,28.6,26.5,27.43,27.51,1400913.493,0,coinbase
1689552000,27.42,28.48,25.63,26.81,26.973333333333333,1923546.072,0,coinbase
1689638400,26.81,27.1,24.75,25.56,25.80333333333333,1791192.085,0,coinbase
1689724800,25.56,26.99,25.36,26.3,26.216666666666665,1514112.499,0,coinbase
1689811200,26.3,27.35,25.03,25.37,25.916666666666668,1392153.477,0,coinbase
1689897600,25.36,26.03,25.07,25.52,25.540000000000003,941287.53,0,coinbase
1689984000,25.52,25.97,24.06,24.54,24.856666666666666,608476.4,0,coinbase
1690070400,24.53,25.26,24.16,24.77,24.73,795036.539,0,coinbase
1690156800,24.76,24.84,22.83,23.37,23.680000000000003,1182167.639,0,coinbase
1690243200,23.37,23.59,22.74,23.28,23.203333333333333,831929.121,0,coinbase
1690329600,23.28,25.67,23.17,25.18,24.673333333333336,1465001.299,0,coinbase
1690416000,25.18,25.66,24.67,25.1,25.143333333333334,1064191.493,0,coinbase
1690502400,25.09,25.54,24.48,24.81,24.94333333333333,869157.057,0,coinbase
1690588800,24.82,25.39,24.74,25.17,25.099999999999998,486868.391,0,coinbase
1690675200,25.16,25.21,23.53,24.25,24.330000000000002,752086.146,0,coinbase
1690761600,24.25,24.81,23.51,23.73,24.016666666666666,821230.224,0,coinbase
1690848000,23.72,24.06,22.8,24.05,23.636666666666667,936683.538,0,coinbase
1690934400,24.05,24.27,22.86,23.14,23.423333333333332,904723.904,0,coinbase
1691020800,23.13,23.38,22.5,22.62,22.833333333333332,652527.321,0,coinbase
1691107200,22.63,23.55,22.5,22.77,22.939999999999998,838185.486,0,coinbase
1691193600,22.77,22.91,22.21,22.63,22.583333333333332,376179.337,0,coinbase
1691280000,22.63,23.44,22.56,23.17,23.05666666666667,406526.285,0,coinbase
1691366400,23.16,23.63,22.3,23.11,23.013333333333332,477688.498,0,coinbase
1691452800,23.1,24.78,23.0,24.21,23.99666666666667,1269927.015,0,coinbase
1691539200,24.2,25.01,24.09,24.37,24.49,842230.301,0,coinbase
1691625600,24.37,25.02,24.11,24.6,24.576666666666664,526466.521,0,coinbase
1691712000,24.6,24.9,24.31,24.61,24.606666666666666,515295.549,0,coinbase
1691798400,24.61,25.19,24.38,24.91,24.826666666666668,436246.653,0,coinbase
1691884800,24.92,24.95,24.18,24.21,24.44666666666667,323388.634,0,coinbase
1691971200,24.21,25.29,24.05,25.18,24.840000000000003,728090.949,0,coinbase
1692057600,25.18,25.39,23.71,23.87,24.323333333333334,996267.76,0,coinbase
1692144000,23.87,24.01,22.37,22.79,23.05666666666667,1134478.793,0,coinbase
1692230400,22.79,23.41,20.5,21.68,21.863333333333333,1401187.606,0,coinbase
1692316800,21.67,22.2,20.9,21.33,21.476666666666663,948328.881,0,coinbase
1692403200,21.33,22.17,21.29,21.89,21.78333333333333,414682.428,0,coinbase
1692489600,21.9,22.03,21.57,21.78,21.793333333333333,283792.488,0,coinbase
1692576000,21.78,21.78,20.31,21.2,21.096666666666668,719009.996,0,coinbase
1692662400,21.2,21.27,19.29,20.58,20.38,865632.008,0,coinbase
1692748800,20.57,21.81,20.34,21.73,21.293333333333333,890731.577,0,coinbase
1692835200,21.74,22.03,20.67,21.05,21.25,643508.617,0,coinbase
1692921600,21.04,21.05,20.08,20.42,20.516666666666666,626071.78,0,coinbase
1693008000,20.41,20.43,20.17,20.27,20.290000000000003,194852.137,0,coinbase
1693094400,20.27,20.91,20.23,20.79,20.643333333333334,267602.451,0,coinbase
1693180800,20.78,20.78,20.03,20.55,20.453333333333333,482266.362,0,coinbase
1693267200,20.55,22.02,20.11,21.79,21.306666666666665,1341435.965,0,coinbase
1693353600,21.79,21.99,20.6,20.82,21.136666666666667,704349.676,0,coinbase
1693440000,20.81,21.07,19.42,19.73,20.073333333333334,1477783.025,0,coinbase
1693526400,19.72,19.93,19.02,19.33,19.426666666666666,807746.788,0,coinbase
1693612800,19.32,19.69,19.13,19.49,19.436666666666667,309302.132,0,coinbase
1693699200,19.49,19.67,19.23,19.57,19.490000000000002,312031.568,0,coinbase
1693785600,19.57,20.03,19.16,19.52,19.569999999999997,411141.739,0,coinbase
1693872000,19.51,20.6,19.03,20.26,19.963333333333335,877221.105,0,coinbase
1693958400,20.26,20.37,19.14,19.64,19.71666666666667,670393.35,0,coinbase
1694044800,19.63,20.0,19.32,19.91,19.743333333333336,540304.612,0,coinbase
1694131200,19.92,20.28,19.37,19.61,19.753333333333334,460389.639,0,coinbase
1694217600,19.61,19.61,19.37,19.44,19.473333333333333,201743.804,0,coinbase
1694304000,19.44,19.44,17.8,18.23,18.49,1225347.476,0,coinbase
1694390400,18.23,18.46,17.34,17.72,17.84,1263148.599,0,coinbase
1694476800,17.72,18.8,17.56,17.92,18.093333333333334,1123051.34,0,coinbase
1694563200,17.92,18.57,17.69,18.4,18.220000000000002,1060226.746,0,coinbase
1694649600,18.4,19.32,18.39,18.86,18.856666666666666,978025.881,0,coinbase
1694736000,18.86,19.49,18.56,19.14,19.063333333333333,820155.637,0,coinbase
1694822400,19.15,19.46,18.88,19.13,19.156666666666666,409682.883,0,coinbase
1694908800,19.13,19.14,18.65,18.81,18.866666666666664,241358.324,0,coinbase
1694995200,18.82,20.16,18.6,19.66,19.473333333333333,1137968.796,0,coinbase
1695081600,19.64,20.4,19.58,20.04,20.006666666666664,650593.597,0,coinbase
1695168000,20.03,20.5,19.81,20.29,20.2,843651.523,0,coinbase
1695254400,20.3,20.3,19.27,19.46,19.676666666666666,1065796.88,0,coinbase
1695340800,19.45,19.79,19.16,19.42,19.456666666666667,499825.247,0,coinbase
1695427200,19.42,19.58,19.28,19.48,19.44666666666667,273614.035,0,coinbase
1695513600,19.48,19.67,19.21,19.36,19.413333333333334,237377.083,0,coinbase
1695600000,19.36,19.74,19.09,19.39,19.406666666666666,536868.777,0,coinbase
1695686400,19.39,19.52,18.83,19.01,19.12,522180.351,0,coinbase
1695772800,19.01,19.46,18.73,19.12,19.103333333333335,943861.842,0,coinbase
1695859200,19.12,20.05,19.08,19.98,19.703333333333333,1170433.793,0,coinbase
1695945600,19.98,20.5,19.86,20.27,20.209999999999997,565041.2,0,coinbase
1696032000,20.28,21.8,20.08,21.36,21.08,847857.117,0,coinbase
1696118400,21.36,24.49,21.13,23.87,23.16333333333333,1350196.382,0,coinbase
1696204800,23.88,24.8,22.9,23.36,23.686666666666667,1679273.949,0,coinbase
1696291200,23.39,24.76,23.22,23.62,23.86666666666667,1137984.041,0,coinbase
1696377600,23.62,23.85,22.58,23.14,23.189999999999998,883545.838,0,coinbase
1696464000,23.14,23.97,22.55,22.7,23.073333333333334,757622.529,0,coinbase
1696550400,22.7,23.79,22.67,23.43,23.296666666666667,747467.234,0,coinbase
1696636800,23.42,24.2,23.1,23.31,23.536666666666665,482011.028,0,coinbase
1696723200,23.3,23.64,23.09,23.24,23.323333333333334,273249.75,0,coinbase
1696809600,23.23,23.38,21.61,22.1,22.363333333333333,685047.892,0,coinbase
1696896000,22.11,22.48,21.71,22.11,22.099999999999998,470735.057,0,coinbase
1696982400,22.11,22.42,21.61,22.01,22.013333333333335,815386.376,0,coinbase
1697068800,22.01,22.04,20.93,21.28,21.416666666666668,474036.407,0,coinbase
1697155200,21.28,22.22,21.11,21.84,21.723333333333333,570363.14,0,coinbase
1697241600,21.85,22.25,21.8,22.0,22.016666666666666,243456.115,0,coinbase
1697328000,22.0,22.18,21.67,21.94,21.930000000000003,359412.866,0,coinbase
1697414400,21.93,24.78,21.9,23.97,23.55,1699423.358,0,coinbase
1697500800,23.97,24.57,23.46,23.95,23.993333333333336,1062243.881,0,coinbase
1697587200,23.94,24.44,23.36,23.42,23.74,1007584.54,0,coinbase
1697673600,23.41,25.79,23.13,24.94,24.62,1708510.464,0,coinbase
1697760000,24.94,27.4,24.74,27.05,26.396666666666665,2445877.547,0,coinbase
1697846400,27.05,30.33,26.66,29.32,28.77,1895797.701,0,coinbase
1697932800,29.32,30.03,28.11,29.06,29.066666666666666,979912.243,0,coinbase
1698019200,29.06,32.69,28.75,31.91,31.116666666666664,2892634.04,0,coinbase
1698105600,31.9,32.59,29.51,30.18,30.76,2612855.787,0,coinbase
1698192000,30.19,33.9,30.0,32.43,32.11,2591832.289,0,coinbase
1698278400,32.44,33.27,30.71,32.78,32.25333333333334,2593101.869,0,coinbase
1698364800,32.79,33.36,31.27,31.74,32.12333333333333,1601328.022,0,coinbase
1698451200,31.75,32.52,31.4,31.64,31.853333333333335,532581.737,0,coinbase
1698537600,31.64,33.15,31.3,32.84,32.43,1189572.261,0,coinbase
1698624000,32.85,35.34,32.45,34.95,34.24666666666667,1996411.129,0,coinbase
1698710400,34.95,38.6,34.79,38.43,37.27333333333333,3496301.771,0,coinbase
1698796800,38.42,46.97,37.94,41.18,42.03,5621226.735,0,coinbase
1698883200,41.16,44.6,38.64,40.25,41.163333333333334,3444791.361,0,coinbase
1698969600,40.26,40.26,38.02,39.48,39.25333333333333,2573934.38,0,coinbase
1699056000,39.46,42.8,39.0,42.44,41.413333333333334,1733105.233,0,coinbase
1699142400,42.43,42.89,40.29,41.2,41.46,1662028.628,0,coinbase
1699228800,41.21,42.25,39.69,42.16,41.36666666666667,2212020.031,0,coinbase
1699315200,42.17,44.75,40.11,42.95,42.60333333333333,3447843.701,0,coinbase
1699401600,42.94,43.89,42.27,43.13,43.096666666666664,1418831.051,0,coinbase
1699488000,43.16,48.93,42.52,45.3,45.583333333333336,4257617.115,0,coinbase
1699574400,45.31,57.74,45.08,56.72,53.18,4565362.62,0,coinbase
1699660800,56.7,63.98,53.6,56.35,57.97666666666667,4863376.242,0,coinbase
1699747200,56.36,61.89,54.42,56.28,57.53,3290263.31,0,coinbase
1699833600,56.25,59.88,51.54,51.6,54.34,3385353.382,0,coinbase
1699920000,51.59,58.0,51.26,56.84,55.36666666666667,3185931.88,0,coinbase
1700006400,56.84,67.13,56.16,65.48,62.923333333333325,3590761.454,0,coinbase
1700092800,65.49,68.18,56.39,57.8,60.79,4460143.68,0,coinbase
1700179200,57.82,60.55,54.11,58.55,57.73666666666666,2740209.443,0,coinbase
1700265600,58.53,59.4,54.77,58.59,57.586666666666666,1812141.94,0,coinbase
1700352000,58.59,62.28,56.66,61.15,60.03,2078183.106,0,coinbase
1700438400,61.14,61.35,56.04,56.61,58.0,1791333.569,0,coinbase
1700524800,56.59,57.4,51.28,51.65,53.443333333333335,2218037.789,0,coinbase
1700611200,51.68,58.96,51.47,57.58,56.00333333333333,1919413.457,0,coinbase
1700697600,57.6,59.59,56.15,56.52,57.42000000000001,1302926.66,0,coinbase
1700784000,56.52,58.78,56.2,56.89,57.29,1375232.827,0,coinbase
1700870400,56.89,59.8,56.0,58.83,58.21,1219743.332,0,coinbase
1700956800,58.83,59.08,56.17,57.59,57.61333333333334,1141249.822,0,coinbase
1701043200,57.58,58.07,53.47,55.07,55.53666666666666,1545528.4,0,coinbase
1701129600,55.06,58.69,53.95,58.22,56.95333333333334,1469945.208,0,coinbase
1701216000,58.22,61.81,57.68,59.3,59.59666666666667,2083862.126,0,coinbase
1701302400,59.32,61.73,58.76,59.29,59.92666666666667,1077655.648,0,coinbase
1701388800,59.31,61.92,58.62,59.77,60.10333333333333,1234195.845,0,coinbase
1701475200,59.77,63.94,59.69,63.7,62.44333333333333,1390271.709,0,coinbase
1701561600,63.69,65.56,62.23,63.01,63.599999999999994,1840589.324,0,coinbase
1701648000,63.02,65.26,59.8,61.59,62.21666666666667,2708381.998,0,coinbase
1701734400,61.62,62.57,59.13,61.03,60.910000000000004,1691124.349,0,coinbase
1701820800,61.04,66.63,61.04,61.85,63.173333333333325,2707252.178,0,coinbase
1701907200,61.86,69.45,61.62,67.77,66.27999999999999,2875842.96,0,coinbase
1701993600,67.79,75.31,67.79,74.95,72.68333333333334,2839721.355,0,coinbase
1702080000,74.94,77.77,71.56,72.24,73.85666666666667,2523490.568,0,coinbase
1702166400,72.27,74.91,70.66,74.87,73.48,1768422.54,0,coinbase
1702252800,74.86,74.97,66.0,70.22,70.39666666666666,2903269.228,0,coinbase
1702339200,70.2,72.9,65.71,68.54,69.05000000000001,2153127.249,0,coinbase
1702425600,68.55,72.64,63.75,70.62,69.00333333333333,2031166.213,0,coinbase
1702512000,70.63,76.23,68.27,75.68,73.39333333333333,1963415.564,0,coinbase
1702598400,75.68,79.45,72.03,72.52,74.66666666666667,2341282.434,0,coinbase
1702684800,72.52,77.18,71.11,73.67,73.98666666666668,1699637.914,0,coinbase
1702771200,73.66,74.93,70.44,70.79,72.05333333333334,1396426.137,0,coinbase
1702857600,70.79,75.44,67.0,74.42,72.28666666666668,1950829.854,0,coinbase
1702944000,74.42,76.33,71.76,73.01,73.7,1553714.022,0,coinbase
1703030400,72.98,84.14,72.93,82.26,79.77666666666666,2896045.277,0,coinbase
1703116800,82.25,96.0,81.07,93.89,90.32,3181223.182,0,coinbase
1703203200,93.9,99.99,90.28,97.98,96.08333333333333,3073264.26,0,coinbase
1703289600,98.0,110.0,92.89,107.94,103.61,2187001.196,0,coinbase
1703376000,107.96,118.0,107.36,112.57,112.64333333333333,3563327.493,0,coinbase
1703462400,112.52,125.97,108.0,120.95,118.30666666666667,2629074.917,0,coinbase
1703548800,120.94,121.42,102.0,112.5,111.97333333333334,3119985.833,0,coinbase
1703635200,112.5,115.33,104.76,106.95,109.01333333333334,2271821.293,0,coinbase
1703721600,106.99,109.66,96.55,101.81,102.67333333333333,2723290.702,0,coinbase
1703808000,101.86,109.97,99.34,106.18,105.16333333333334,2302203.539,0,coinbase
1703894400,106.16,107.46,100.69,101.92,103.35666666666667,750915.332,0,coinbase
1703980800,101.91,105.17,99.29,101.69,102.05,1014619.569,0,coinbase
1704067200,101.7,110.44,101.47,110.11,107.33999999999999,1186574.048,0,coinbase
1704153600,110.11,117.0,106.0,106.74,109.91333333333334,1825573.021,0,coinbase
1704240000,106.77,109.97,85.5,98.59,98.02,2934230.926,0,coinbase
1704326400,98.57,108.23,96.74,105.01,103.32666666666667,1494445.81,0,coinbase
1704412800,105.01,105.57,95.36,100.02,100.31666666666666,1304431.986,0,coinbase
1704499200,100.02,100.35,91.57,93.84,95.25333333333333,1024768.902,0,coinbase
1704585600,93.84,96.88,87.65,89.48,91.33666666666666,1292111.79,0,coinbase
1704672000,89.52,99.99,85.46,98.0,94.48333333333333,2608466.93,0,coinbase
1704758400,98.0,104.16,95.38,99.42,99.65333333333332,1838145.691,0,coinbase
1704844800,99.36,105.55,92.03,102.01,99.86333333333333,2132341.426,0,coinbase
1704931200,102.02,107.25,97.5,99.91,101.55333333333333,2422876.512,0,coinbase
1705017600,99.9,100.47,86.77,92.1,93.11333333333334,1491860.665,0,coinbase
1705104000,92.11,97.51,89.5,95.87,94.29333333333334,1167861.38,0,coinbase
1705190400,95.86,105.44,93.61,93.77,97.60666666666667,1908310.162,0,coinbase
1705276800,93.75,96.91,93.01,94.32,94.74666666666667,882768.775,0,coinbase
1705363200,94.3,98.69,94.09,97.59,96.79,806730.613,0,coinbase
1705449600,97.59,102.7,96.23,102.04,100.32333333333334,1773294.697,0,coinbase
1705536000,102.01,103.49,91.37,94.31,96.39,1522821.52,0,coinbase
1705622400,94.33,95.35,87.0,93.6,91.98333333333333,1415823.603,0,coinbase
1705708800,93.56,94.15,90.15,92.82,92.37333333333333,525905.27,0,coinbase
1705795200,92.82,93.88,90.74,91.02,91.88,399857.57,0,coinbase
1705881600,91.03,91.84,81.94,83.75,85.84333333333332,1606757.137,0,coinbase
1705968000,83.74,85.88,78.14,84.3,82.77333333333333,1788569.844,0,coinbase
1706054400,84.34,89.4,83.25,88.74,87.13,1289116.609,0,coinbase
1706140800,88.74,89.59,85.03,86.86,87.16000000000001,871078.385,0,coinbase
1706227200,86.87,93.7,85.8,92.24,90.58,1076472.726,0,coinbase
1706313600,92.27,94.57,90.68,94.27,93.17333333333333,657016.123,0,coinbase
1706400000,94.28,99.44,93.43,95.98,96.28333333333335,1021742.541,0,coinbase
1706486400,95.96,101.98,95.06,101.69,99.57666666666667,1265272.74,0,coinbase
1706572800,101.69,106.45,100.96,101.4,102.93666666666667,1534152.837,0,coinbase
1706659200,101.38,102.7,95.88,96.91,98.49666666666667,1717059.882,0,coinbase
1706745600,96.88,98.07,92.44,97.78,96.09666666666665,1830320.671,0,coinbase
1706832000,97.81,102.49,97.36,100.55,100.13333333333333,1243476.769,0,coinbase
1706918400,100.55,101.2,96.58,97.93,98.57000000000001,728430.906,0,coinbase
1707004800,97.92,98.57,95.06,95.44,96.35666666666667,491448.05,0,coinbase
1707091200,95.42,98.6,94.1,95.5,96.06666666666666,766785.397,0,coinbase
1707177600,95.52,97.9,93.04,96.86,95.93333333333334,1089514.294,0,coinbase
1707264000,96.86,101.54,94.57,101.13,99.08,1039042.713,0,coinbase
1707350400,101.14,105.22,100.51,102.79,102.84000000000002,1915568.973,0,coinbase
1707436800,102.81,109.2,102.81,106.97,106.32666666666667,1420976.018,0,coinbase
1707523200,106.96,110.99,106.9,109.0,108.96333333333332,941950.052,0,coinbase
1707609600,109.02,110.78,107.33,107.5,108.53666666666668,627207.877,0,coinbase
1707696000,107.5,112.27,103.43,111.7,109.13333333333333,1181640.353,0,coinbase
1707782400,111.72,115.17,108.29,112.55,112.00333333333333,1271137.212,0,coinbase
1707868800,112.54,118.71,110.66,117.14,115.50333333333333,1116969.957,0,coinbase
1707955200,117.12,118.48,111.6,113.62,114.56666666666666,1059592.235,0,coinbase
1708041600,113.62,114.35,108.04,110.41,110.93333333333332,828697.254,0,coinbase
1708128000,110.41,111.16,105.69,108.95,108.60000000000001,447059.748,0,coinbase
1708214400,108.97,114.08,107.54,112.25,111.29,487184.428,0,coinbase
1708300800,112.26,114.86,110.81,111.57,112.41333333333334,774854.748,0,coinbase
1708387200,111.57,112.14,104.0,108.32,108.15333333333332,1266590.908,0,coinbase
1708473600,108.35,108.42,100.15,105.05,104.54,1216043.161,0,coinbase
1708560000,105.05,107.11,101.46,101.69,103.42,881129.479,0,coinbase
1708646400,101.68,103.07,98.67,99.91,100.55,690566.609,0,coinbase
1708732800,99.89,104.79,98.46,104.01,102.42,501961.722,0,coinbase
1708819200,104.01,104.41,102.01,103.47,103.29666666666667,374182.919,0,coinbase
1708905600,103.47,110.85,100.3,110.0,107.05,1256201.065,0,coinbase
1708992000,110.0,112.37,105.36,108.41,108.71333333333332,1384143.036,0,coinbase
1709078400,108.44,119.0,107.32,119.0,115.10666666666667,2263257.151,0,coinbase
1709164800,119.0,134.75,117.31,125.73,125.93,2841020.58837195,0,coinbase
1709251200,125.74,137.84,125.68,129.53,131.01666666666665,1636860.0559873,0,coinbase
1709337600,129.55,131.8,127.35,130.22,129.79,885708.49977476,0,coinbase
1709424000,130.13,132.18,124.73,130.22,129.04333333333332,847523.18075194,0,coinbase
1709510400,130.22,134.98,127.51,133.49,131.99333333333334,1524400.4153017,0,coinbase
1709596800,133.48,143.0,110.0,125.55,126.18333333333334,3190928.13761199,0,coinbase
1709683200,125.48,134.95,120.08,130.88,128.63666666666666,1616349.06906451,0,coinbase
1709769600,130.91,150.0,130.64,144.06,141.56666666666666,2846946.8939359,0,coinbase
1709856000,144.05,153.0,142.09,145.12,146.73666666666668,1677393.50257527,0,coinbase
1709942400,145.12,149.49,144.0,144.58,146.02333333333334,622487.61812096,0,coinbase
1710028800,144.58,148.73,140.61,144.56,144.63333333333335,982832.66049622,0,coinbase
1710115200,144.58,150.18,137.0,148.9,145.36,1851440.86302679,0,coinbase
1710201600,148.91,155.0,141.72,151.06,149.26000000000002,2110807.52605998,0,coinbase
1710288000,151.1,167.0,148.78,163.95,159.91,1978293.24666427,0,coinbase
1710374400,163.95,178.35,159.2,176.69,171.41333333333333,2419785.46609521,0,coinbase
1710460800,176.69,188.88,164.58,183.91,179.12333333333333,3280753.57055337,0,coinbase
1710547200,184.0,197.86,176.71,181.99,185.52,2428380.90451423,0,coinbase
1710633600,181.98,204.12,178.55,201.69,194.78666666666666,1907137.49023163,0,coinbase
1710720000,201.7,209.9,193.6,195.96,199.82000000000002,2227273.86347729,0,coinbase
1710806400,195.9,198.7,165.37,169.76,177.9433333333333,3064329.55900921,0,coinbase
1710892800,169.76,193.33,162.41,191.91,182.54999999999998,2495156.64072634,0,coinbase
1710979200,191.81,195.79,175.5,179.4,183.5633333333333,1298865.92067615,0,coinbase
1711065600,179.41,181.89,167.6,175.24,174.91,1171269.14801193,0,coinbase
1711152000,175.24,180.0,170.33,172.7,174.34333333333333,789254.28539747,0,coinbase
1711238400,172.68,186.8,171.32,183.88,180.66666666666666,773163.78833068,0,coinbase
1711324800,183.87,194.6,180.96,188.99,188.1833333333333,1380524.45982921,0,coinbase
1711411200,189.04,198.03,184.56,190.48,191.02333333333334,1176961.35915771,0,coinbase
1711497600,190.48,192.59,180.0,186.24,186.27666666666667,1348099.68250393,0,coinbase
1711584000,186.23,191.0,180.72,189.68,187.13333333333335,977206.39520309,0,coinbase
1711670400,189.66,193.08,183.23,192.15,189.48666666666668,929561.35164297,0,coinbase
1711756800,192.14,199.98,190.85,194.26,195.02999999999997,822342.88355242,0,coinbase
1711843200,194.28,203.15,193.76,202.38,199.76333333333332,857355.43315829,0,coinbase
1711929600,202.41,204.25,186.91,192.35,194.50333333333333,1229843.89934343,0,coinbase
1712016000,192.37,192.39,175.89,181.54,183.2733333333333,1539301.55340381,0,coinbase
1712102400,181.58,191.96,177.0,185.11,184.69000000000003,842258.56044078,0,coinbase
1712188800,185.12,190.22,180.27,184.15,184.88,883909.91116581,0,coinbase
1712275200,184.11,185.23,168.0,174.46,175.89666666666668,1195885.85501715,0,coinbase
1712361600,174.46,179.87,173.45,178.73,177.35,583429.67034848,0,coinbase
1712448000,178.71,182.73,176.84,179.53,179.70000000000002,681047.65676867,0,coinbase
1712534400,179.52,184.63,175.27,180.66,180.18666666666664,924071.28862213,0,coinbase
1712620800,180.65,180.9,168.89,172.31,174.0333333333333,952573.65814674,0,coinbase
1712707200,172.27,175.52,162.27,173.34,170.37666666666667,1022106.34957454,0,coinbase
1712793600,173.33,176.34,170.04,172.35,172.91,653648.74111884,0,coinbase
1712880000,172.34,175.99,143.0,153.24,157.41,1500902.7276704,0,coinbase
1712966400,153.22,154.99,121.88,138.48,138.45000000000002,3109359.05404368,0,coinbase
1713052800,138.59,152.95,130.0,151.44,144.79666666666665,2110116.52767288,0,coinbase
1713139200,151.42,156.27,133.7,138.56,142.84333333333333,1551585.60621083,0,coinbase
1713225600,138.56,140.69,126.51,136.26,134.48666666666665,1559225.03327458,0,coinbase
1713312000,136.28,142.77,126.68,131.84,133.76333333333335,1616654.90102712,0,coinbase
1713398400,131.83,143.94,127.7,142.14,137.92666666666665,1153922.78563056,0,coinbase
1713484800,142.14,147.63,128.47,142.56,139.55333333333334,2002415.83339281,0,coinbase
1713571200,142.54,152.48,139.7,151.33,147.83666666666667,715494.40864999,0,coinbase
1713657600,151.28,153.59,146.8,148.82,149.73666666666665,567246.82127678,0,coinbase
1713744000,148.81,158.5,146.7,157.02,154.07333333333335,909774.34620336,0,coinbase
1713830400,157.02,160.0,153.15,154.69,155.94666666666666,810829.36898627,0,coinbase
1713916800,154.69,159.78,145.25,147.71,150.91333333333333,1124542.72440691,0,coinbase
1714003200,147.71,149.49,142.04,144.83,145.45333333333335,976021.09556298,0,coinbase
1714089600,144.84,146.11,138.73,139.22,141.35333333333335,613573.32473004,0,coinbase
1714176000,139.19,142.97,133.0,141.22,139.06333333333336,689266.47540085,0,coinbase
1714262400,141.24,144.6,137.02,137.98,139.86666666666667,486682.09806583,0,coinbase
1714348800,137.98,138.9,133.37,137.73,136.66666666666666,795190.75029224,0,coinbase
1714435200,137.73,139.74,121.0,126.66,129.13333333333333,1507577.39141503,0,coinbase
1714521600,126.63,135.86,118.68,134.46,129.66666666666666,1644144.61431275,0,coinbase
1714608000,134.45,141.0,128.16,137.57,135.57666666666665,1090679.71832366,0,coinbase
1714694400,137.57,145.03,132.1,143.73,140.28666666666666,1013126.42072374,0,coinbase
1714780800,143.75,149.11,142.25,146.06,145.80666666666667,528753.80408235,0,coinbase
1714867200,146.07,148.0,143.0,145.74,145.58,461407.51335516,0,coinbase
1714953600,145.74,157.03,145.44,152.83,151.76666666666668,1001891.54552638,0,coinbase
1715040000,152.85,159.18,148.0,148.05,151.74333333333334,838121.36375189,0,coinbase
1715126400,148.04,149.95,140.0,142.13,144.02666666666667,899535.93350958,0,coinbase
1715212800,142.14,153.37,140.53,152.54,148.8133333333333,918780.04069924,0,coinbase
1715299200,152.55,155.74,144.41,146.01,148.72,1217658.46121303,0,coinbase
1715385600,146.01,147.66,143.05,145.37,145.36,574750.86521124,0,coinbase
1715472000,145.37,147.69,142.57,143.35,144.53666666666666,369169.37240576,0,coinbase
1715558400,143.36,150.8,137.82,147.49,145.37,1070319.88805558,0,coinbase
1715644800,147.5,151.5,141.75,141.96,145.07000000000002,819839.4999486,0,coinbase
1715731200,141.98,158.86,141.22,158.6,152.89333333333335,1322013.6104668,0,coinbase
1715817600,158.6,164.75,156.7,159.37,160.27333333333334,1167422.66374857,0,coinbase
1715904000,159.37,172.08,159.34,169.48,166.96666666666667,895763.36156161,0,coinbase
1715990400,169.51,175.99,168.7,172.46,172.38333333333333,635692.90677353,0,coinbase
1716076800,172.45,175.51,166.01,169.92,170.48,497663.1375587,0,coinbase
1716163200,169.92,188.41,167.7,186.74,180.95000000000002,1174312.69240078,0,coinbase
1716249600,186.71,188.9,174.26,178.12,180.42666666666665,1246348.96485656,0,coinbase
1716336000,178.12,183.46,175.0,176.84,178.43333333333337,1195022.05510768,0,coinbase
1716422400,176.85,180.96,165.61,176.11,174.2266666666667,1782217.15429252,0,coinbase
1716508800,176.07,176.07,162.45,167.68,168.73333333333332,1223312.68739923,0,coinbase
1716595200,167.68,170.49,165.89,168.33,168.23666666666668,418409.70355585,0,coinbase
1716681600,168.33,168.39,160.36,163.24,163.99666666666667,1014996.85907125,0,coinbase
1716768000,163.25,172.12,163.17,170.02,168.43666666666664,586791.04550049,0,coinbase
1716854400,170.02,173.11,164.82,168.5,168.81,663656.3470251,0,coinbase
1716940800,168.5,173.8,167.01,168.13,169.64666666666668,815289.32437549,0,coinbase
1717027200,168.11,172.54,163.48,166.83,167.61666666666667,944812.84218417,0,coinbase
1717113600,166.81,170.88,163.75,165.51,166.71333333333334,748373.81288618,0,coinbase
1717200000,165.5,167.81,165.49,165.99,166.43,288521.39235233,0,coinbase
1717286400,165.99,166.97,161.27,163.02,163.75333333333333,574719.23000784,0,coinbase
1717372800,163.03,167.14,161.5,164.88,164.50666666666666,745617.24715896,0,coinbase
1717459200,164.88,171.88,164.3,171.81,169.33,680588.11096016,0,coinbase
1717545600,171.81,175.62,171.06,173.58,173.42,766671.99922783,0,coinbase
1717632000,173.57,174.6,167.59,170.1,170.76333333333332,510181.55093299,0,coinbase
1717718400,170.1,172.72,153.75,162.47,162.98000000000002,885283.82667966,0,coinbase
1717804800,162.46,163.72,157.3,157.79,159.60333333333332,412608.49566585,0,coinbase
1717891200,157.79,163.0,156.51,162.12,160.54333333333332,261672.49507329,0,coinbase
1717977600,162.12,163.18,157.48,158.98,159.88,349339.89974703,0,coinbase
1718064000,158.99,159.67,144.95,149.32,151.31333333333333,1339784.17466776,0,coinbase
1718150400,149.32,161.85,145.46,155.18,154.16333333333333,934640.79572654,0,coinbase
1718236800,155.18,155.18,145.97,147.23,149.46,803839.65623014,0,coinbase
1718323200,147.23,148.94,139.56,142.98,143.82666666666668,944501.87423291,0,coinbase
1718409600,142.98,145.68,142.84,145.45,144.65666666666667,285002.23960479,0,coinbase
1718496000,145.45,151.26,142.97,151.22,148.48333333333335,348354.54491309,0,coinbase
1718582400,151.22,151.73,139.77,143.25,144.91666666666666,744074.6002912,0,coinbase
1718668800,143.24,143.76,128.0,137.37,136.37666666666667,1722471.07323113,0,coinbase
1718755200,137.34,141.88,134.41,135.59,137.29333333333332,773852.80461872,0,coinbase
1718841600,135.59,141.28,131.81,133.49,135.52666666666667,1122806.59179073,0,coinbase
1718928000,133.49,135.34,128.61,134.54,132.83,1144767.97414723,0,coinbase
1719014400,134.56,136.64,132.91,133.65,134.39999999999998,319048.95593813,0,coinbase
1719100800,133.64,135.05,128.0,128.59,130.54666666666665,454001.96818,0,coinbase
1719187200,128.58,132.57,122.18,132.26,129.00333333333333,2215563.26554733,0,coinbase
1719273600,132.27,139.89,131.14,136.53,135.85333333333332,1452524.92996686,0,coinbase
1719360000,136.54,140.37,134.76,136.72,137.28333333333333,627197.54272844,0,coinbase
1719446400,136.73,151.15,135.06,149.48,145.23000000000002,1105081.8834665,0,coinbase
1719532800,149.48,150.62,138.72,139.75,143.03,1078777.77755784,0,coinbase
1719619200,139.75,142.97,139.45,140.0,140.80666666666664,733598.96608316,0,coinbase
1719705600,140.0,147.44,136.89,146.37,143.56666666666666,758552.42858306,0,coinbase
1719792000,146.36,149.11,145.67,146.52,147.1,846426.29903135,0,coinbase
1719878400,146.51,154.8,145.98,153.81,151.53,731013.97753863,0,coinbase
1719964800,153.81,154.26,138.91,140.69,144.61999999999998,1407380.62455737,0,coinbase
1720051200,140.69,142.61,127.14,127.83,132.52666666666667,1284185.6425214,0,coinbase
1720137600,127.83,136.45,121.01,134.31,130.59,1798686.89675642,0,coinbase
1720224000,134.31,144.31,132.36,143.07,139.91333333333333,691487.77602451,0,coinbase
1720310400,143.05,143.37,131.17,131.61,135.38333333333333,661297.91052354,0,coinbase
1720396800,131.59,141.93,127.75,139.77,136.48333333333335,1308319.16929293,0,coinbase
1720483200,139.78,144.28,136.44,141.44,140.72,827564.78105877,0,coinbase
1720569600,141.45,146.31,138.58,141.99,142.29333333333332,636533.58943251,0,coinbase
1720656000,141.98,146.0,135.68,135.7,139.12666666666667,848475.59615245,0,coinbase
1720742400,135.7,140.63,133.91,139.55,138.03,732342.16368954,0,coinbase
1720828800,139.55,143.64,137.99,141.93,141.18666666666667,392576.20808125,0,coinbase
1720915200,141.92,148.6,141.92,147.69,146.07,683228.5697022,0,coinbase
1721001600,147.7,160.13,147.07,159.55,155.58333333333334,1003776.19544639,0,coinbase
1721088000,159.5,162.62,152.61,160.69,158.64000000000001,1049712.20926574,0,coinbase
1721174400,160.69,163.84,154.5,155.51,157.95000000000002,828073.52716048,0,coinbase
1721260800,155.51,161.63,155.18,159.21,158.67333333333332,583461.31153311,0,coinbase
1721347200,159.19,172.57,156.16,169.21,165.98000000000002,1367806.12189851,0,coinbase
1721433600,169.21,175.0,167.27,173.68,171.98333333333335,574365.13980998,0,coinbase
1721520000,173.68,185.0,170.38,184.51,179.96333333333334,870596.64431196,0,coinbase
1721606400,184.52,184.99,176.75,178.98,180.24,693819.15970186,0,coinbase
1721692800,178.95,180.67,170.2,173.03,174.63333333333333,774289.44240746,0,coinbase
1721779200,173.05,182.5,170.94,178.0,177.14666666666668,776752.33415245,0,coinbase
1721865600,178.03,179.81,165.36,171.82,172.33,1295552.43400642,0,coinbase
1721952000,171.81,183.68,171.67,183.06,179.47000000000003,954194.07033685,0,coinbase
1722038400,183.08,188.31,178.06,183.56,183.31000000000003,1037089.56328282,0,coinbase
1722124800,183.56,186.67,180.99,184.9,184.18666666666664,520879.17672757,0,coinbase
1722211200,184.91,193.89,181.57,182.52,185.99333333333334,1233136.27729287,0,coinbase
1722297600,182.52,184.72,175.35,179.11,179.7266666666667,1068417.23222558,0,coinbase
1722384000,179.11,184.43,171.53,171.62,175.86,1155415.59061793,0,coinbase
1722470400,171.61,172.93,157.67,167.22,165.94000000000003,1954392.4497109,0,coinbase
1722556800,167.23,169.34,149.78,152.57,157.23,1848547.66021147,0,coinbase
1722643200,152.57,153.82,139.73,142.45,145.33333333333331,1324991.40139784,0,coinbase
1722729600,142.44,145.99,131.11,138.25,138.45000000000002,1803319.51615065,0,coinbase
1722816000,138.26,139.27,110.0,129.81,126.36000000000001,6250882.90417749,0,coinbase
1722902400,129.84,149.61,129.37,144.46,141.14666666666668,2167568.74424249,0,coinbase
1722988800,144.46,155.06,142.32,144.77,147.38333333333333,2301753.74673278,0,coinbase
1723075200,144.78,163.7,141.43,163.18,156.10333333333332,2439675.60795652,0,coinbase
1723161600,163.16,163.58,150.79,156.32,156.89666666666668,1610185.64781277,0,coinbase
1723248000,156.35,158.83,152.54,154.05,155.14000000000001,539036.61658277,0,coinbase
1723334400,154.06,158.0,141.2,141.57,146.92333333333332,884922.06462752,0,coinbase
1723420800,141.56,151.19,141.21,146.31,146.23666666666665,1116100.66550871,0,coinbase
1723507200,146.31,149.98,142.89,146.7,146.52333333333334,631243.28252229,0,coinbase
1723593600,146.71,152.21,142.34,143.73,146.09333333333333,1003917.85994446,0,coinbase
1723680000,143.74,147.61,137.8,142.57,142.66,1234922.20942239,0,coinbase
1723766400,142.57,144.9,136.02,139.08,140.0,923991.7751813,0,coinbase
1723852800,139.07,142.0,137.66,141.96,140.54,308877.59884979,0,coinbase
1723939200,141.96,147.15,140.55,142.45,143.38333333333335,1005877.45778013,0,coinbase
1724025600,142.41,146.25,140.38,144.31,143.64666666666668,572488.18229455,0,coinbase
1724112000,144.3,148.9,141.01,142.28,144.0633333333333,821851.75093475,0,coinbase
1724198400,142.27,144.41,138.81,142.82,142.01333333333335,819223.4717137,0,coinbase
1724284800,142.83,144.9,140.64,143.25,142.92999999999998,462438.41712056,0,coinbase
1724371200,143.24,154.16,142.75,153.39,150.1,966097.62384212,0,coinbase
1724457600,153.38,162.36,152.03,160.72,158.37,1010422.79375914,0,coinbase
1724544000,160.71,162.01,155.27,158.99,158.75666666666666,504919.94260899,0,coinbase
1724630400,158.98,162.0,155.63,157.12,158.25,685292.91704922,0,coinbase
1724716800,157.12,159.73,145.0,146.81,150.51333333333335,935615.99835103,0,coinbase
1724803200,146.81,148.89,140.55,143.94,144.46,908310.57410162,0,coinbase
1724889600,143.97,147.38,138.1,140.04,141.84,703731.20186202,0,coinbase
1724976000,140.04,141.1,132.03,137.96,137.03,804417.63309433,0,coinbase
1725062400,138.0,139.22,134.49,135.32,136.34333333333333,212470.01846291,0,coinbase
1725148800,135.33,136.15,127.79,128.5,130.81333333333333,772901.61610443,0,coinbase
1725235200,128.5,135.44,127.0,134.97,132.47,681590.07261642,0,coinbase
1725321600,134.95,137.47,126.97,127.5,130.64666666666668,650629.22149371,0,coinbase
1725408000,127.49,135.0,122.3,133.61,130.30333333333334,1193371.76780659,0,coinbase
1725494400,133.61,135.51,127.89,129.36,130.92,601108.40923616,0,coinbase
1725580800,129.36,134.45,120.51,125.01,126.65666666666665,1479116.26840533,0,coinbase
1725667200,125.01,129.49,124.1,127.71,127.10000000000001,324967.93193637,0,coinbase
1725753600,127.71,131.67,126.6,130.13,129.46666666666667,334272.99752822,0,coinbase
1725840000,130.12,137.1,127.0,135.09,133.06333333333336,739579.55798944,0,coinbase
1725926400,135.1,138.0,132.56,135.61,135.39000000000001,551854.82069262,0,coinbase
1726012800,135.64,135.91,128.14,132.42,132.15666666666664,645466.76941204,0,coinbase
1726099200,132.42,136.77,132.39,136.05,135.07,670240.54587774,0,coinbase
1726185600,136.05,139.96,131.71,139.13,136.93333333333334,665256.17432788,0,coinbase
1726272000,139.13,139.9,135.67,137.15,137.57333333333335,314638.99993619,0,coinbase
1726358400,137.15,137.99,130.42,131.4,133.26999999999998,444206.37357664,0,coinbase
1726444800,131.4,132.37,128.84,131.46,130.89000000000001,466776.95625001,0,coinbase
1726531200,131.45,135.55,130.32,131.56,132.47666666666666,565581.02657622,0,coinbase
1726617600,131.56,134.47,127.08,134.35,131.96666666666667,764899.77254149,0,coinbase
1726704000,134.37,144.03,134.3,142.89,140.40666666666667,1340419.68034136,0,coinbase
1726790400,142.88,152.41,141.21,146.66,146.76,973218.95847842,0,coinbase
1726876800,146.66,149.87,144.59,149.45,147.97,350845.87225166,0,coinbase
1726963200,149.45,149.94,141.04,144.64,145.20666666666668,442405.91176426,0,coinbase
1727049600,144.65,149.1,142.13,144.78,145.33666666666667,743745.48839564,0,coinbase
1727136000,144.79,153.95,143.11,152.74,149.93333333333334,1005665.67807402,0,coinbase
1727222400,152.74,153.96,147.25,147.93,149.71333333333334,606374.33554453,0,coinbase
1727308800,147.95,158.03,146.52,155.57,153.37333333333333,851949.78872639,0,coinbase
1727395200,155.56,161.36,154.0,157.66,157.67333333333332,767350.39543334,0,coinbase
1727481600,157.67,159.44,155.02,156.77,157.07666666666668,328511.69357325,0,coinbase
1727568000,156.78,161.8,155.02,158.49,158.4366666666667,490231.05876739,0,coinbase
1727654400,158.49,159.77,151.65,152.5,154.64000000000001,541681.24307711,0,coinbase
1727740800,152.5,157.32,142.22,145.1,148.21333333333334,1392932.30088055,0,coinbase
1727827200,145.08,149.03,138.55,140.16,142.58,1098277.62999368,0,coinbase
1727913600,140.15,142.97,133.1,136.8,137.62333333333333,931818.39504891,0,coinbase
1728000000,136.81,144.66,135.91,143.22,141.26333333333332,769528.88994272,0,coinbase
1728086400,143.24,144.9,140.99,142.59,142.82666666666668,254513.08969454,0,coinbase
1728172800,142.61,146.76,142.0,146.48,145.08,292430.25442001,0,coinbase
1728259200,146.47,152.27,143.41,143.94,146.54,851581.55885668,0,coinbase
1728345600,143.95,145.54,141.11,143.4,143.35,471666.75255834,0,coinbase
1728432000,143.41,145.28,138.54,139.21,141.01,623382.06421698,0,coinbase
1728518400,139.21,140.75,135.36,138.95,138.35333333333332,506279.96607869,0,coinbase
1728604800,138.95,146.5,138.58,145.46,143.51333333333335,764441.91411324,0,coinbase
1728691200,145.46,147.32,144.55,146.35,146.07333333333335,330266.11664212,0,coinbase
1728777600,146.37,148.81,144.41,147.69,146.97,316947.61927177,0,coinbase
1728864000,147.72,158.0,146.73,157.52,154.08333333333334,902213.8107939,0,coinbase
1728950400,157.53,159.5,150.33,154.72,154.85000000000002,934991.4750973,0,coinbase
1729036800,154.74,158.39,152.84,154.24,155.15666666666667,741398.15012219,0,coinbase
1729123200,154.22,155.62,147.73,150.34,151.4,177387.66804122,22185,kraken
1729209600,150.35,156.5,149.67,154.92,154.29,207233.90332761,18726,kraken
1729296000,154.93,159.75,153.72,159.58,156.84,93472.76962218,14075,kraken
1729382400,159.59,167.96,157.58,167.32,161.4,208000.5155918,25704,kraken
1729468800,167.33,171.5,161.23,166.16,166.53,343947.20789847,39681,kraken
1729555200,166.17,171.0,162.84,167.35,167.04,306857.42729993,35538,kraken
1729641600,167.36,174.0,164.11,170.66,168.86,284204.34572819,40065,kraken
1729728000,170.68,179.0,170.47,177.06,174.9,303306.82590262,34892,kraken
1729814400,177.05,177.41,159.21,164.71,169.68,507399.56043057,46200,kraken
1729900800,164.7,172.9,162.26,170.69,168.76,183135.01989104,25461,kraken
1729987200,170.7,177.98,170.15,176.48,174.58,212097.0297863,22185,kraken
1730073600,176.48,179.51,172.35,178.1,175.87,409467.65037797,35970,kraken
1730160000,178.1,183.2,176.51,179.3,180.24,396810.22025735,40146,kraken
1730246400,179.32,181.12,173.08,174.8,175.93,187071.70334784,28555,kraken
1730332800,174.8,176.3,167.41,168.48,172.14,344126.5644865,34222,kraken
1730419200,168.49,173.87,163.49,166.06,167.37,220472.81472543,34204,kraken
1730505600,166.06,168.45,162.25,166.05,165.06,111352.70281929,18242,kraken
1730592000,166.07,166.4,157.94,162.44,161.29,165640.63817915,31410,kraken
1730678400,162.42,164.77,155.0,157.9,160.32,202428.01163128,20347,kraken
1730764800,157.89,169.26,156.74,166.66,164.52,288805.92411984,19326,kraken
1730851200,166.66,190.0,166.36,186.87,183.27,803416.03265482,45839,kraken
1730937600,186.88,197.9,186.09,196.44,193.07,403567.98615428,29821,kraken
1731024000,196.52,205.0,195.8,199.95,200.46,377877.02066081,28680,kraken
1731110400,199.94,203.37,195.26,200.1,199.65,311228.28668684,19313,kraken
1731196800,200.11,215.7,198.91,210.24,207.57,620418.55020788,45846,kraken
1731283200,210.24,224.57,204.5,222.37,217.12,729399.93927565,45646,kraken
1731369600,222.4,225.2,204.92,211.82,213.91,750295.48224225,52844,kraken
1731456000,211.84,220.8,201.2,215.46,211.34,637858.9915009,46257,kraken
1731542400,215.47,222.71,207.0,209.46,215.81,445384.48232699,38836,kraken
1731628800,209.58,220.23,204.74,218.43,211.92,616858.84647509,34329,kraken
1731715200,218.54,222.22,213.67,215.67,218.01,380013.20630768,28510,kraken
1731801600,215.67,241.86,212.38,237.51,232.94,617480.05743191,47437,kraken
1731888000,237.54,248.32,234.15,239.95,241.58,1033563.75458367,49733,kraken
1731974400,239.96,247.84,233.72,238.0,242.22,574369.53659016,36409,kraken
1732060800,238.01,242.67,230.74,235.57,235.85,388317.19702635,40694,kraken
1732147200,235.59,259.86,230.0,256.78,248.42,650739.22253877,57553,kraken
1732233600,256.7,264.45,251.7,257.25,257.7,358289.96091057,39545,kraken
1732320000,257.21,264.02,253.2,255.26,258.11,367378.26258221,37115,kraken
1732406400,255.26,259.96,241.21,252.93,251.5,333221.51007913,33436,kraken
1732492800,252.93,256.65,231.32,233.96,243.4,430081.09050263,42702,kraken
1732579200,234.1,239.68,221.82,230.68,230.64,445887.77534585,42616,kraken
1732665600,230.6,245.0,227.66,242.26,237.41,265621.87370685,29815,kraken
1732752000,242.3,245.46,233.0,237.59,238.31,142466.63732431,22405,kraken
1732838400,237.65,247.04,236.58,243.47,242.46,301558.57684629,29555,kraken
1732924800,243.46,245.34,237.56,237.75,241.19,173213.10112432,22966,kraken
1733011200,237.75,239.84,234.5,237.0,236.74,245637.14297749,29986,kraken
1733097600,237.01,238.2,220.05,225.89,226.94,449119.02142115,46314,kraken
1733184000,225.79,239.63,215.23,234.04,226.87,404198.40318743,43648,kraken
1733270400,234.05,240.81,224.75,229.53,232.81,403693.45685276,44579,kraken
1733356800,229.52,244.92,223.31,236.22,236.23,620155.53278129,51457,kraken
1733443200,236.22,247.01,231.32,237.07,239.18,309456.21166485,31308,kraken
1733529600,237.13,243.83,234.59,238.32,239.85,214532.65779003,25105,kraken
1733616000,238.31,241.53,233.43,237.24,237.06,98028.80985102,19678,kraken
1733702400,237.18,237.36,205.07,216.93,221.59,450807.49061271,52184,kraken
1733788800,216.93,224.49,203.14,213.69,211.87,366822.25632421,42965,kraken
1733875200,213.71,231.0,211.68,227.47,225.28,254767.05857507,30384,kraken
1733961600,227.47,234.61,225.77,226.98,229.54,259746.1006365,29665,kraken
1734048000,226.98,228.31,220.66,224.92,224.28,153050.76416467,22697,kraken
1734134400,224.93,227.3,215.19,219.8,221.55,111707.467554,18465,kraken
1734220800,219.92,225.37,215.87,224.21,220.57,126791.5581817,19508,kraken
1734307200,224.22,227.32,213.28,216.19,219.77,233321.18783286,28746,kraken
1734393600,216.22,228.85,211.51,223.23,221.77,296275.82554415,37626,kraken
1734480000,223.24,225.89,204.77,206.49,213.78,254672.37304901,38281,kraken
1734566400,206.49,215.0,186.8,193.65,199.42,452547.72987089,49041,kraken
1734652800,193.67,199.44,175.01,194.4,187.52,463451.48207988,51633,kraken
1734739200,194.4,201.91,178.5,181.06,187.37,308103.06357522,35823,kraken
1734825600,181.21,187.86,176.87,180.34,181.68,218352.28244065,29237,kraken
1734912000,180.34,193.25,176.48,189.91,184.75,250727.38184464,29969,kraken
1734998400,189.9,198.7,185.97,196.92,194.33,147273.31179641,21817,kraken
1735084800,196.92,201.65,195.08,197.38,198.33,77888.39393797,18447,kraken
1735171200,197.33,199.54,186.5,188.27,190.54,126419.53081292,21104,kraken
1735257600,188.27,194.0,182.62,183.81,187.22,134928.65099277,23042,kraken
1735344000,183.81,195.58,183.57,195.15,189.7,107692.51049678,18077,kraken
1735430400,195.17,197.19,188.26,189.6,193.14,120179.83019262,17855,kraken
1735516800,189.59,196.1,185.58,191.06,190.94,186701.85956345,21690,kraken
1735603200,191.06,198.73,187.76,188.95,194.25,169485.43574286,18360,kraken
1735689600,188.93,194.72,187.63,193.82,191.51,109203.0981152,13352,kraken
1735776000,193.88,209.95,193.1,208.0,204.93,284268.54309407,26137,kraken
1735862400,208.03,219.57,205.61,217.7,214.35,177794.24700499,25269,kraken
1735948800,217.72,217.88,213.61,216.67,216.09,92172.58269582,15702,kraken
1736035200,216.67,218.82,211.51,213.35,214.16,73763.20616129,16334,kraken
1736121600,213.42,223.11,211.51,218.45,218.57,174160.42694047,23077,kraken
1736208000,218.46,219.0,201.82,202.16,209.59,248391.95870966,26647,kraken
1736294400,202.16,203.17,188.37,197.48,195.9,310990.51577525,27944,kraken
1736380800,197.48,199.0,182.2,185.06,189.5,293728.17668544,28460,kraken
1736467200,185.06,192.97,183.46,187.56,188.23,229811.15966055,21446,kraken
1736553600,187.62,191.69,184.17,187.95,187.05,105065.80337331,13289,kraken
1736640000,188.03,190.79,185.16,188.48,187.47,86524.6848727,11951,kraken
1736726400,188.48,191.7,168.74,182.73,179.0,330878.44831706,30771,kraken
1736812800,182.78,189.96,181.83,187.49,186.69,141960.13513498,19489,kraken
1736899200,187.53,206.0,185.88,206.0,195.96,223297.23715899,26873,kraken
1736985600,206.0,216.9,198.32,211.06,208.76,394101.86205582,32256,kraken
1737072000,211.06,221.95,209.83,219.59,217.31,349173.84420855,31388,kraken
1737158400,219.6,270.0,217.41,261.51,245.57,1329597.36457559,109789,kraken
1737244800,261.52,296.0,236.96,252.22,266.56,1800171.35733445,176830,kraken
1737331200,252.23,272.78,229.5,241.91,249.75,1089902.65921243,101585,kraken
1737417600,241.91,260.0,230.15,250.48,244.61,524909.25674917,51494,kraken
1737504000,250.48,271.88,248.69,257.5,260.8,458893.32039568,53098,kraken
1737590400,257.51,258.44,242.2,253.08,250.62,652211.4452065,48623,kraken
1737676800,253.16,269.69,247.5,253.35,260.73,357773.54753709,40749,kraken
1737763200,253.42,260.85,246.37,256.2,252.51,220587.84174703,24836,kraken
1737849600,256.32,259.98,240.36,240.59,251.76,186715.66623736,25671,kraken
1737936000,240.4,242.54,221.1,234.98,230.77,694845.31249939,58707,kraken
1738022400,234.98,244.05,224.99,227.04,234.17,261130.21552971,32532,kraken
1738108800,227.04,238.24,221.11,227.99,230.36,336571.96355751,34530,kraken
1738195200,228.0,244.69,226.9,238.53,239.08,242066.72996615,27651,kraken
1738281600,238.53,241.69,225.0,231.69,234.61,223714.21655085,26282,kraken
1738368000,231.69,234.0,212.88,212.94,222.88,238517.80444749,27248,kraken
1738454400,212.96,218.72,192.2,203.38,206.08,423057.3064109,41844,kraken
1738540800,203.38,218.66,175.08,216.53,197.55,783554.87399347,73267,kraken
1738627200,216.54,220.0,202.27,206.66,210.84,355163.87454382,40576,kraken
1738713600,206.71,209.48,195.12,195.94,200.97,249676.6288361,24687,kraken
1738800000,196.12,204.17,187.33,189.57,194.97,222827.42436671,19482,kraken
1738886400,189.56,203.47,188.17,192.16,195.47,202591.48720829,20793,kraken
1738972800,192.16,200.83,189.72,199.43,194.37,127489.259951,13310,kraken
1739059200,199.41,207.31,193.8,200.59,200.85,167814.96891242,20047,kraken
1739145600,200.54,209.0,196.1,200.53,202.65,163718.37508817,20584,kraken
1739232000,200.53,206.1,195.18,197.96,200.54,154449.48179546,17700,kraken
1739318400,197.96,198.49,188.65,196.77,193.78,231910.41500786,20095,kraken
1739404800,196.81,198.43,189.0,194.31,193.18,127082.88932505,15254,kraken
1739491200,194.31,205.28,194.22,199.45,199.75,186124.90399823,19975,kraken
1739577600,199.42,200.37,192.63,194.42,196.26,90536.3937194,12608,kraken
1739664000,194.42,196.23,186.0,188.32,191.06,119258.10261688,13249,kraken
1739750400,188.32,189.71,174.6,177.39,181.45,301507.38142459,25383,kraken
1739836800,177.52,179.0,160.8,169.21,167.48,486235.4789562,41724,kraken
1739923200,169.21,174.21,163.69,168.86,169.53,289775.34769545,22658,kraken
1740009600,168.9,176.59,167.69,176.08,173.04,181503.91609995,16851,kraken
1740096000,176.08,180.52,167.06,168.81,174.17,213390.7030157,18857,kraken
1740182400,168.81,174.67,168.03,172.06,172.4,59497.27369792,8989,kraken
1740268800,172.08,173.05,166.54,167.99,169.46,93186.58619212,10580,kraken
1740355200,167.99,169.71,137.68,141.85,153.05,507654.5193795,42992,kraken
1740441600,141.83,146.83,131.79,144.13,139.4,547476.52404853,45040,kraken
1740528000,144.13,145.01,129.71,135.09,136.15,366503.86885724,30401,kraken
1740614400,135.15,142.62,134.57,137.54,138.71,265777.65687906,18750,kraken
1740700800,137.54,148.5,125.38,148.08,136.07,533919.32677959,34247,kraken
1740787200,148.11,151.09,138.54,143.64,143.33,162526.06551917,15423,kraken
1740873600,143.64,180.0,140.11,178.7,166.5,827931.39236254,51225,kraken
1740960000,178.78,179.34,139.15,142.0,156.97,489708.65199217,37736,kraken
1741046400,142.0,146.84,130.49,144.77,139.49,586717.77920355,34958,kraken
1741132800,144.75,149.66,140.18,146.31,144.45,386309.65290253,22848,kraken
1741219200,146.31,152.84,142.5,143.29,147.45,318768.65197911,19444,kraken
1741305600,143.29,150.79,135.17,139.33,143.01,379743.08892314,25936,kraken
1741392000,139.34,141.0,135.36,136.95,138.1,164266.66805314,11549,kraken
1741478400,136.96,139.76,125.5,126.45,132.19,285628.86290735,17771,kraken
1741564800,126.45,131.41,115.44,118.23,121.69,470752.65060933,30779,kraken
1741651200,118.23,128.35,112.07,125.32,122.0,385712.61195595,20891,kraken
1741737600,125.34,131.33,121.3,126.65,125.73,237384.61541948,14158,kraken
1741824000,126.6,128.69,120.81,123.33,124.5,160207.3688106,13162,kraken
1741910400,123.31,136.08,123.0,133.6,130.12,235560.67380608,16012,kraken
1741996800,133.56,136.51,132.55,135.87,134.43,89137.67174063,11139,kraken
1742083200,135.87,136.62,125.22,126.03,129.42,178506.48026935,13439,kraken
1742169600,126.11,130.54,125.57,128.01,128.18,149961.94662538,11750,kraken
1742256000,128.02,128.05,121.8,125.38,123.99,188321.44503446,13569,kraken
1742342400,125.32,136.0,124.2,135.42,130.74,299304.01674214,18646,kraken
1742428800,135.42,136.0,126.59,127.47,130.7,258666.99399155,15690,kraken
1742515200,127.47,130.09,124.81,128.42,127.1,167190.2901991,11566,kraken
1742601600,128.42,131.69,127.83,128.51,129.42,67100.13877616,7113,kraken
1742688000,128.49,133.88,128.25,132.83,132.05,103907.61619089,9264,kraken
1742774400,132.84,144.92,132.08,141.02,139.99,236525.00172477,20076,kraken
1742860800,141.01,147.43,138.2,143.63,143.65,209731.82243421,16383,kraken
1742947200,143.69,145.43,136.0,137.36,140.49,178196.41819031,15001,kraken
1743033600,137.36,140.14,135.63,138.43,138.42,116913.65333455,10407,kraken
1743120000,138.43,138.96,127.66,129.38,131.34,276217.99924429,15751,kraken
1743206400,129.38,130.41,122.66,124.49,125.67,150092.05092876,10168,kraken
1743292800,124.51,127.06,123.07,124.78,124.7,93457.36609759,7630,kraken
1743379200,124.78,127.74,122.72,124.6,125.28,297546.04705714,17247,kraken
1743465600,124.57,130.35,123.79,126.69,127.76,255309.32970857,12758,kraken
1743552000,126.7,136.15,117.22,117.31,126.9,341325.97232526,21145,kraken
1743638400,117.42,120.87,112.13,117.06,116.95,395276.1121088,20627,kraken
1743724800,117.14,123.94,113.29,122.74,118.8,396046.56788373,20816,kraken
1743811200,122.75,122.82,117.14,120.26,119.62,104191.49778036,9170,kraken
1743897600,120.25,121.0,103.74,105.85,112.86,658064.65223686,25815,kraken
1743984000,105.85,112.9,95.17,106.89,103.1,674219.00211805,35327,kraken
1744070400,106.93,112.48,102.88,105.38,108.14,348058.10973072,19314,kraken
1744156800,105.31,120.65,101.24,119.05,111.52,476026.48675193,22216,kraken
1744243200,119.02,119.2,108.29,112.79,112.47,272829.8258646,17188,kraken
1744329600,112.77,122.52,112.14,121.39,119.09,243886.9970949,16653,kraken
1744416000,121.36,134.0,119.4,132.28,128.55,273856.75349502,17486,kraken
1744502400,132.22,133.83,125.34,128.26,129.0,244804.24055025,15511,kraken
1744588800,128.32,136.11,127.94,129.29,131.55,311544.47676761,23642,kraken
1744675200,129.4,134.41,125.96,126.08,129.66,208758.75743548,15480,kraken
1744761600,126.11,133.8,123.54,131.27,127.75,317364.65957567,17378,kraken
1744848000,131.32,136.04,129.55,134.82,133.27,209659.83625271,13491,kraken
1744934400,134.83,135.99,132.5,134.15,134.28,119378.414196,8628,kraken
1745020800,134.01,140.5,133.56,139.85,138.56,159001.95329463,11738,kraken
1745107200,139.86,141.93,135.67,137.88,138.57,129940.8391167,11353,kraken
1745193600,137.87,143.06,133.94,136.63,138.84,230186.27950869,16346,kraken
1745280000,136.57,150.22,134.79,148.85,144.19,387868.45208897,21963,kraken
1745366400,148.85,154.13,147.26,151.2,150.98,240507.37503578,16960,kraken
1745452800,151.11,152.91,145.2,152.54,149.58,260946.53725577,15118,kraken
1745539200,152.54,157.0,150.04,150.98,153.14,215664.80496266,17985,kraken
1745625600,150.95,153.15,147.88,149.27,150.02,85887.63011182,7862,kraken
1745712000,149.28,150.33,145.69,148.04,148.23,70073.75770875,8610,kraken
1745798400,148.04,153.3,144.68,147.76,148.68,158515.79992018,14787,kraken
1745884800,147.89,150.26,145.09,146.41,147.91,153865.81174115,13318,kraken
1745971200,146.42,148.63,140.4,147.62,144.52,138573.7733024,13977,kraken
1746057600,147.6,153.9,147.6,150.97,150.99,232843.92426657,15008,kraken
1746144000,150.96,151.93,147.5,148.1,149.82,115293.58487257,9763,kraken
1746230400,148.1,149.0,145.91,146.75,147.56,79438.46296398,8093,kraken
1746316800,146.76,147.73,143.76,144.0,145.83,60200.31485994,8399,kraken
1746403200,143.96,147.68,142.64,146.61,145.39,114003.55247062,10934,kraken
1746489600,146.71,147.2,141.5,146.82,144.04,98020.485762,10198,kraken
1746576000,146.87,149.5,144.81,147.32,146.52,178336.40208364,10779,kraken
1746662400,147.32,164.41,147.11,164.41,155.98,335677.81051894,24457,kraken
1746748800,164.4,175.97,161.16,172.78,169.89,300092.61850867,27224,kraken
1746835200,172.79,178.92,168.76,177.94,172.73,136073.74091772,14600,kraken
1746921600,177.91,180.1,169.53,173.26,173.95,154370.75083345,15890,kraken
1747008000,173.26,181.37,168.3,174.2,174.91,350929.23482204,26576,kraken
1747094400,174.24,184.75,166.18,183.75,176.38,261777.33138042,21832,kraken
1747180800,183.75,184.7,173.31,176.63,178.89,173853.45127286,17946,kraken
1747267200,176.63,178.22,166.77,169.12,170.72,321714.76599645,22281,kraken
1747353600,169.14,174.15,166.55,167.49,171.39,180172.89904434,13850,kraken
1747440000,167.46,169.89,164.04,166.02,166.76,121872.66545517,11166,kraken
1747526400,166.02,176.83,164.7,173.39,171.12,198349.46504146,16381,kraken
1747612800,173.41,173.86,159.43,166.85,164.46,183484.51895896,16822,kraken
1747699200,166.86,172.99,164.59,168.62,167.9,260797.14034467,16827,kraken
1747785600,168.66,175.91,165.57,173.61,170.29,315453.74740308,20924,kraken
1747872000,173.62,180.74,172.7,179.7,177.67,282506.65741842,20260,kraken
1747958400,179.7,187.57,173.17,174.05,181.31,427392.53776897,29864,kraken
1748044800,174.05,178.28,172.67,175.97,175.51,54519.33503916,9585,kraken
1748131200,175.95,176.85,169.28,175.85,172.27,102433.6119912,11023,kraken
1748217600,175.85,179.0,173.56,175.07,176.44,103170.53155492,11079,kraken
1748304000,175.01,179.4,171.36,176.8,176.76,119400.31346966,12088,kraken
1748390400,176.78,177.38,169.06,172.28,172.5,149537.26268608,12759,kraken
1748476800,172.26,175.35,166.02,166.64,171.16,153607.79491481,13880,kraken
1748563200,166.68,167.41,155.35,156.2,161.5,259587.44457918,16572,kraken
1748649600,156.2,158.12,152.08,156.53,155.26,194644.38945575,11909,kraken
1748736000,156.53,157.87,150.59,157.74,154.3,161512.24831978,10177,kraken
1748822400,157.74,159.01,151.84,156.9,155.1,173613.65137072,11654,kraken
1748908800,156.91,163.58,154.3,155.31,159.17,151371.00936882,13992,kraken
1748995200,155.28,157.96,153.03,153.21,155.54,158048.90901679,10516,kraken
1749081600,153.18,154.59,141.6,144.39,147.76,227968.67712981,17304,kraken
1749168000,144.37,152.41,144.34,147.91,148.87,194930.69789969,13153,kraken
1749254400,147.91,152.8,147.12,150.14,150.54,59309.31739456,7695,kraken
1749340800,150.14,155.21,148.09,152.53,151.49,66623.49440602,8655,kraken
1749427200,152.53,161.68,149.77,161.22,154.85,250560.5971735,17185,kraken
1749513600,161.22,165.62,156.37,165.13,161.02,306499.51469976,19882,kraken
1749600000,165.14,168.3,159.4,160.99,165.02,218585.51891448,20289,kraken
1749686400,160.98,161.32,152.11,152.46,157.43,196710.5643628,17220,kraken
1749772800,152.34,152.59,141.0,148.66,145.85,230223.95845243,22656,kraken
1749859200,148.68,148.76,142.14,144.73,144.76,119880.75990573,10084,kraken
1749945600,144.73,153.62,144.34,152.91,148.49,149148.47938541,13206,kraken
1750032000,152.91,158.76,150.42,150.67,155.55,167404.36060466,16722,kraken
1750118400,150.78,154.29,145.67,147.6,149.58,196649.83526832,15101,kraken
1750204800,147.6,149.22,143.69,146.42,146.27,106186.67366413,10510,kraken
1750291200,146.49,149.99,143.03,147.09,145.66,149678.78165645,10408,kraken
1750377600,147.09,148.74,135.65,140.15,142.47,170221.12171911,15274,kraken
1750464000,140.15,142.55,131.0,135.46,137.49,132098.43098672,11295,kraken
1750550400,135.55,137.51,126.07,131.81,130.38,319473.74974706,19256,kraken
1750636800,131.81,146.88,130.8,144.62,137.45,248784.43025715,18215,kraken
1750723200,144.6,146.74,142.46,145.96,144.46,203908.29526393,12470,kraken
1750809600,145.96,147.92,142.35,143.61,145.27,131100.29990216,11007,kraken
1750896000,143.6,147.9,138.79,139.16,142.74,150665.05714379,12717,kraken
1750982400,139.15,144.79,137.22,142.15,141.7,152853.58587471,11922,kraken
1751068800,142.17,152.62,141.24,150.78,147.75,123053.25659586,15390,kraken
1751155200,150.82,154.74,149.49,153.41,151.74,100398.86734037,14502,kraken
1751241600,153.43,160.0,149.5,154.85,154.8,134310.69444957,16543,kraken
1751328000,154.87,155.58,144.74,146.91,149.23,165541.3015012,15244,kraken
1751414400,146.91,154.44,145.98,152.37,150.28,164221.23172978,15140,kraken
1751500800,152.37,156.35,150.06,152.41,152.75,117829.93172173,12990,kraken
1751587200,152.41,153.87,145.31,147.74,149.28,124918.91617995,11754,kraken
1751673600,147.73,148.6,146.0,147.59,147.53,62099.14878135,7043,kraken
1751760000,147.61,153.83,146.88,151.91,150.65,62643.87853997,9103,kraken
1751846400,151.91,153.46,147.8,148.91,149.94,181510.6870098,12661,kraken
1751932800,148.91,152.88,147.81,151.72,150.73,128213.66570965,12575,kraken
1752019200,151.72,157.96,150.65,157.09,154.85,259436.72058757,20159,kraken
1752105600,157.1,165.35,155.79,164.26,160.07,226776.92473937,20801,kraken
1752192000,164.26,168.16,159.64,162.99,164.55,275863.69103923,25953,kraken
1752278400,162.98,163.97,157.79,160.73,160.97,100976.97292606,12710,kraken
1752364800,160.76,164.19,159.83,161.21,162.04,89395.94583434,12276,kraken
1752451200,161.25,168.6,160.74,162.24,165.8,224874.76708367,25246,kraken
1752537600,162.24,164.26,157.28,164.0,160.87,176874.22642376,18936,kraken
1752624000,164.0,175.93,161.64,173.84,169.83,260453.81688597,24117,kraken
1752710400,173.73,178.25,168.87,175.97,174.73,226770.00363486,25651,kraken
1752796800,176.0,184.65,173.36,177.33,178.9,329436.3013302,27910,kraken
1752883200,177.33,178.59,174.3,177.06,176.68,104993.05808286,11621,kraken
1752969600,177.14,183.6,176.5,181.55,180.37,188096.71751411,16753,kraken
1753056000,181.55,199.39,178.46,195.82,192.36,425506.06944832,31164,kraken
1753142400,195.82,206.39,194.02,205.79,199.99,377784.05924264,35632,kraken
1753228800,205.77,205.82,184.15,189.48,193.44,299482.70509883,25540,kraken
1753315200,189.51,191.95,179.52,182.98,186.33,259662.5720125,21393,kraken
1753401600,182.98,186.81,175.82,186.78,180.22,263191.21112098,19188,kraken
1753488000,186.78,189.67,184.4,184.9,186.57,84167.47213072,9970,kraken
1753574400,184.9,190.59,184.69,188.71,187.63,139882.31069904,11261,kraken
1753660800,188.73,195.12,182.32,183.14,188.96,218283.39758986,19092,kraken
1753747200,183.14,186.55,178.36,181.46,181.72,260940.03417456,15464,kraken
1753833600,181.46,182.47,170.26,177.76,177.11,166833.68880392,19016,kraken
1753920000,177.76,182.63,171.56,172.24,177.26,268193.83430036,16263,kraken
1754006400,172.21,172.21,159.12,162.64,167.38,527682.52979892,28781,kraken
1754092800,162.64,165.17,155.88,158.47,160.06,205518.75414556,16748,kraken
1754179200,158.46,163.0,156.31,161.96,160.83,78286.30586238,9298,kraken
1754265600,162.0,169.8,161.35,169.54,165.13,260156.78097301,15581,kraken
1754352000,169.55,171.67,161.29,164.06,166.14,175538.37940948,15243,kraken
1754438400,164.07,169.94,161.25,168.14,166.16,144995.11737076,12363,kraken
1754524800,168.14,175.5,166.59,175.48,170.99,263109.41248253,16616,kraken
1754611200,175.48,179.5,173.52,176.77,176.37,347741.34192237,22338,kraken
1754697600,176.81,183.38,176.68,179.99,180.81,211036.37493446,15882,kraken
1754784000,179.99,186.14,177.0,182.81,181.39,221139.29522165,15719,kraken
1754870400,182.8,186.69,173.34,174.85,179.78,302704.26601269,20547,kraken
1754956800,174.85,193.6,173.72,191.69,184.51,359464.93559984,24079,kraken
1755043200,191.7,204.88,191.41,201.59,199.13,853374.26299456,44105,kraken
1755129600,201.6,209.83,187.0,192.6,198.51,716168.01643655,46817,kraken
1755216000,192.6,198.06,183.5,185.91,188.55,330880.81001169,25164,kraken
1755302400,185.78,190.0,185.45,189.73,187.87,147568.87111105,11602,kraken
1755388800,189.73,195.89,187.62,191.1,192.58,192664.65004577,15078,kraken
1755475200,191.1,191.41,180.17,182.9,183.83,249767.31265177,22129,kraken
1755561600,182.97,185.86,175.62,176.2,179.65,241914.64188345,17476,kraken
1755648000,176.21,187.9,176.03,187.9,182.91,199451.42432298,17058,kraken
1755734400,187.89,190.0,179.39,180.29,183.82,198353.02317448,15768,kraken
1755820800,180.29,203.99,177.3,200.62,193.16,490230.05465133,29194,kraken
1755907200,200.62,208.29,195.22,204.0,202.99,284300.08212978,18139,kraken
1755993600,204.01,211.9,201.03,205.8,206.95,405947.82784575,25937,kraken
1756080000,205.8,213.32,185.55,187.19,198.76,587929.12053114,30575,kraken
1756166400,187.22,198.1,185.75,195.85,191.62,304639.46374656,19039,kraken
1756252800,195.86,212.0,193.86,202.91,205.06,560002.89680735,29500,kraken
1756339200,202.93,217.0,201.7,214.47,211.75,574565.95683229,31413,kraken
1756425600,214.44,218.0,199.84,205.12,208.64,825888.6983372,37384,kraken
1756512000,205.1,206.93,197.45,202.71,202.27,293155.9132309,16483,kraken
1756598400,202.71,206.5,200.5,200.71,204.03,326091.64001682,20772,kraken
1756684800,200.71,204.38,194.1,197.27,198.68,435287.37792975,22492,kraken
1756771200,197.31,209.53,196.75,209.52,203.32,478346.80045696,25396,kraken
1756857600,209.53,213.55,207.61,210.71,210.62,348842.89087842,23670,kraken
1756944000,210.7,211.94,201.97,202.33,205.93,255802.80994016,23110,kraken
1757030400,202.33,209.94,201.12,203.36,205.11,415548.45862549,25932,kraken
1757116800,203.38,204.6,199.45,200.17,201.74,120014.59291549,11551,kraken
1757203200,200.17,207.81,200.17,206.41,203.79,114082.50984434,11317,kraken
1757289600,206.4,217.01,205.64,214.11,213.7,523314.13292663,26124,kraken
1757376000,214.12,219.61,211.0,217.11,216.11,259886.638935,20488,kraken
1757462400,217.2,225.81,215.12,224.07,221.71,324246.52387397,26528,kraken
1757548800,224.07,228.94,221.71,228.78,225.79,375736.73185646,26666,kraken
1757635200,228.78,244.0,228.23,242.33,237.76,588101.79183937,37502,kraken
1757721600,242.32,244.28,235.68,242.45,240.65,246368.10095955,24746,kraken
1757808000,242.48,249.58,239.36,240.02,245.23,389261.73466709,29102,kraken
1757894400,240.02,244.0,230.27,234.47,235.56,333553.72398831,27013,kraken
1757980800,234.39,240.93,230.79,236.97,236.71,244551.02612278,19714,kraken
1758067200,236.98,246.72,232.39,244.85,238.06,336926.90167463,27025,kraken
1758153600,244.85,253.5,242.65,247.65,247.96,429648.35459262,30647,kraken
1758240000,247.64,248.63,235.18,238.54,240.56,418700.36214887,23720,kraken
1758326400,238.53,241.24,237.06,239.52,239.04,163663.83083439,12676,kraken
1758412800,239.53,241.86,235.25,236.28,238.36,126804.60051946,11670,kraken
1758499200,236.25,237.0,213.87,220.51,223.43,639223.93814867,36448,kraken
1758585600,220.52,221.65,212.54,213.33,217.78,472033.08651377,26935,kraken
1758672000,213.26,216.41,205.02,211.73,211.85,254700.74565417,21030,kraken
1758758400,211.73,212.42,191.34,192.8,200.61,560324.53787954,33909,kraken
1758844800,192.79,205.58,190.98,205.27,198.69,418562.91723047,25091,kraken
1758931200,205.26,205.47,200.12,203.54,202.93,79767.15382595,10851,kraken
1759017600,203.54,210.95,198.13,210.89,205.22,266982.40773712,15113,kraken
1759104000,210.89,214.79,204.73,213.01,210.38,464423.88228391,27086,kraken
1759190400,213.02,213.79,204.28,208.73,208.47,314867.93870918,20506,kraken
1759276800,208.73,222.99,206.41,222.13,216.16,421746.00676439,24873,kraken
1759363200,222.16,234.97,219.69,234.9,227.79,401091.94406661,29688,kraken
1759449600,234.89,237.03,227.44,232.83,232.14,286417.7144478,30138,kraken
1759536000,232.88,234.0,224.34,228.03,228.79,163184.70686205,13289,kraken
1759622400,228.03,237.33,226.6,228.63,231.48,419835.83386647,21344,kraken
1759708800,228.62,237.83,227.66,232.55,234.3,260117.39602569,26043,kraken
1759795200,232.55,235.16,219.8,220.1,225.58,360505.09386759,27541,kraken
1759881600,220.1,229.65,217.47,229.04,223.34,284333.65259364,19614,kraken
1759968000,229.07,229.42,216.65,220.97,222.3,289764.48865422,19324,kraken
1760054400,220.97,224.45,155.38,188.84,195.54,1134810.55004835,82965,kraken
1760140800,188.85,191.09,172.79,177.8,182.18,548577.45576979,61980,kraken
1760227200,177.84,199.11,173.33,197.32,188.51,410834.03369325,35229,kraken
1760313600,197.32,209.26,190.09,208.75,199.94,368089.24432353,31296,kraken
1760400000,208.75,211.32,191.31,202.51,200.06,600067.42025341,48680,kraken
1760486400,202.55,208.81,192.08,193.95,199.62,299445.18556791,37819,kraken
1760572800,193.93,198.33,182.14,184.86,189.5,382388.61119321,43828,kraken
1760659200,184.87,187.61,174.2,182.02,181.06,494668.11089802,41812,kraken
1760745600,182.03,188.32,181.95,187.64,185.88,175296.81130921,18861,kraken
1760832000,187.65,192.28,183.32,187.93,188.89,235462.05952403,19098,kraken
1760918400,187.93,194.53,184.0,189.72,190.07,279029.54704961,22720,kraken
1761004800,189.72,197.79,182.79,185.75,189.8,349782.5555819,26827,kraken
1761091200,185.72,187.44,177.1,180.15,182.83,296692.08383681,25205,kraken
1761177600,180.15,193.55,179.75,191.4,188.42,260286.1560679,21576,kraken
1761264000,191.4,196.59,188.78,193.58,192.2,254759.0489896,20480,kraken
1761350400,193.55,195.23,191.32,193.89,193.44,111333.88030566,12133,kraken
1761436800,193.89,202.22,191.97,200.02,198.1,164349.28468205,16127,kraken
1761523200,200.06,205.2,197.42,198.71,201.01,234138.07905277,20026,kraken
1761609600,198.71,203.9,190.35,194.24,197.71,280687.19671684,24849,kraken
1761696000,194.24,201.61,189.38,194.07,195.78,342303.8451174,26648,kraken
1761782400,194.07,198.21,178.72,184.63,187.28,423954.26984901,30216,kraken
1761868800,184.64,190.06,183.64,187.11,186.39,203332.41490621,19740,kraken
1761955200,187.12,187.35,183.85,186.33,185.84,111574.1323128,8466,kraken
1762041600,186.34,188.1,182.06,187.96,185.51,137359.44298537,14856,kraken
1762128000,187.75,189.0,163.1,166.02,172.54,493705.57259022,37595,kraken
1762214400,166.02,168.34,145.72,155.05,157.08,684720.06134869,45285,kraken
1762300800,155.01,163.97,147.34,162.43,159.14,402928.94102661,24066,kraken
1762387200,162.43,162.91,153.38,155.24,157.69,266620.22917152,19164,kraken
1762473600,155.19,164.27,149.62,161.7,158.26,334116.28996316,26223,kraken
1762560000,161.7,164.75,155.92,157.99,159.91,119669.97968313,13439,kraken
1762646400,157.98,166.5,155.15,164.49,161.48,159059.56877718,14897,kraken
1762732800,164.49,170.34,163.36,167.25,167.31,272853.9294815,20249,kraken
1762819200,167.25,172.0,153.88,154.54,162.83,269303.90085511,19125,kraken
1762905600,154.56,161.05,151.13,153.31,155.61,283646.45515968,19623,kraken
1762992000,153.31,157.15,141.0,144.65,149.3,416849.52595603,27242,kraken
1763078400,144.65,145.55,135.67,138.71,141.13,466398.45691911,29984,kraken
1763164800,138.73,144.5,138.61,139.51,141.86,208455.7990246,13711,kraken
1763251200,139.51,143.27,134.47,137.07,139.16,249286.82171965,18260,kraken
1763337600,137.08,143.0,128.78,130.84,135.28,399510.11561351,27085,kraken
1763424000,130.84,142.0,128.9,140.61,138.14,434907.05087756,25028,kraken
1763510400,140.62,142.63,130.44,136.92,136.11,306085.57356303,20492,kraken
1763596800,136.91,144.62,131.09,133.49,136.95,516969.5120497,29743,kraken
1763683200,133.5,134.9,121.55,128.57,127.77,529540.4900223,35247,kraken
1763769600,128.57,129.82,125.11,127.52,127.19,128253.03694129,13116,kraken
1763856000,127.5,133.41,127.48,130.53,130.72,333708.9723691,17529,kraken
1763942400,130.52,139.81,128.43,138.39,133.77,655866.94721947,23406,kraken
1764028800,138.41,140.44,133.08,138.91,136.22,507073.69762324,18541,kraken
1764115200,138.91,144.68,135.5,143.02,140.68,409415.9571236,19406,kraken
1764201600,142.95,144.25,140.5,140.83,142.69,156202.37612296,13503,kraken
1764288000,140.84,143.51,136.0,137.36,140.17,230830.90511205,16585,kraken
1764374400,137.35,138.07,134.87,135.95,136.69,100928.3409498,9423,kraken
1764460800,135.96,140.13,133.3,133.55,137.04,141000.68527578,11087,kraken
1764547200,133.45,133.73,123.16,126.7,127.22,426047.31047073,23242,kraken
1764633600,126.66,142.56,125.98,138.66,135.81,500582.05648833,22840,kraken
1764720000,138.68,146.0,137.78,144.72,141.91,343441.16077208,23351,kraken
1764806400,144.7,146.85,137.9,139.04,142.36,226721.66798837,17323,kraken
1764892800,139.04,140.7,130.88,133.31,135.53,302728.66803868,19416,kraken
1764979200,133.31,134.15,131.36,132.23,133.04,96514.76135037,10997,kraken
1765065600,132.22,136.25,127.79,132.35,132.4,208923.29809092,16749,kraken
1765152000,132.32,139.34,131.54,133.25,135.68,373997.62509567,20094,kraken
1765238400,133.28,144.88,131.65,137.88,139.12,449746.69464209,24647,kraken
1765324800,137.91,142.59,135.41,136.3,137.86,454418.80666478,22495,kraken
1765411200,136.29,137.82,129.1,136.36,132.85,485183.73032914,24143,kraken
1765497600,136.44,140.11,130.38,132.23,136.06,467821.1360221,23579,kraken
1765584000,132.29,134.4,131.59,133.17,133.04,153418.49884778,11818,kraken
1765670400,133.15,133.67,127.8,129.34,130.93,191407.78613193,13363,kraken
1765756800,129.38,135.41,123.69,127.75,129.2,552789.95749623,27867,kraken
1765843200,127.79,130.09,124.9,129.15,127.5,354585.7434776,21218,kraken
1765929600,129.14,133.94,121.35,123.22,126.35,619537.27138413,31758,kraken
1766016000,123.21,128.91,116.87,119.55,122.85,729718.30345145,33157,kraken
1766102400,119.55,127.81,117.59,126.21,123.84,449979.50911425,22737,kraken
1766188800,126.21,126.81,125.27,125.79,125.98,117386.22533592,10329,kraken
1766275200,125.79,126.56,123.33,125.99,124.95,204300.94426235,12079,kraken
1766361600,126.0,128.71,124.2,125.78,126.36,354063.98453699,19778,kraken
1766448000,125.84,126.82,122.15,123.91,124.2,212595.70015406,19756,kraken
1766534400,123.95,124.2,120.57,122.45,122.18,172253.16606676,16342,kraken
1766620800,122.45,124.36,119.64,119.97,121.98,151572.14164353,14159,kraken
1766707200,119.97,125.0,119.16,122.17,122.13,282272.78949272,20967,kraken
1766793600,122.19,124.96,121.78,124.63,123.3,107350.10176461,12025,kraken
1766880000,124.64,125.49,123.0,125.14,124.23,83796.88262189,11231,kraken
1766966400,125.17,130.0,122.19,123.13,126.08,345230.9920536,24573,kraken
1767052800,123.14,126.32,122.43,124.88,124.2,198401.34689958,17397,kraken
1767139200,124.86,127.21,123.15,124.43,125.1,266366.13647802,19271,kraken
1767225600,124.45,127.03,123.96,126.72,125.11,148333.19503931,13351,kraken
1767312000,126.79,133.16,125.71,132.22,130.03,350541.85177022,26554,kraken
1767398400,132.18,133.86,129.56,133.3,132.02,145150.78705871,15805,kraken
1767484800,133.3,135.45,133.07,134.13,134.29,121395.27439309,17120,kraken
1767571200,134.06,139.8,133.13,137.89,136.41,405646.83556113,31991,kraken
1767657600,137.89,143.43,136.15,141.0,139.96,547110.74066977,34382,kraken
1767744000,140.96,141.29,134.3,136.29,137.41,192639.87109886,21956,kraken
1767830400,136.29,139.91,132.6,138.26,136.61,339425.47161029,26574,kraken
1767916800,138.26,140.92,134.85,135.79,137.96,344035.78694769,25730,kraken
1768003200,135.79,136.87,135.19,135.67,136.05,99719.13598347,10208,kraken
1768089600,135.66,141.35,135.59,139.45,137.76,235332.34486969,16956,kraken
1768176000,139.47,144.12,138.26,139.08,141.14,493498.64807479,29520,kraken
1768262400,139.08,148.66,137.71,145.43,143.05,510075.66193953,30033,kraken
1768348800,145.43,148.38,143.34,146.69,146.0,637714.14449725,29756,kraken
1768435200,146.7,146.71,140.96,142.38,143.54,321263.45399854,21048,kraken
1768521600,142.36,145.44,140.22,144.84,143.06,215721.50586315,17488,kraken
1768608000,144.84,144.9,143.26,143.68,144.07,152763.04150845,11272,kraken
1768694400,143.66,143.95,137.72,137.8,141.67,221982.6743504,13681,kraken
1768780800,137.79,137.79,130.02,133.36,133.71,468242.4767273,28214,kraken
1768867200,133.36,134.48,124.52,125.66,129.21,373370.45457077,30977,kraken
1768953600,125.66,132.0,125.19,129.41,128.44,595394.53941937,29197,kraken
1769040000,129.42,130.8,126.63,128.32,128.8,196602.7420609,17866,kraken
1769126400,128.35,130.04,125.15,127.29,127.76,283442.22533896,22189,kraken
1769212800,127.27,127.92,126.49,127.02,127.17,63644.13344835,12415,kraken
1769299200,127.02,127.25,117.12,118.74,120.94,425224.57552065,27603,kraken
1769385600,118.73,125.39,118.46,124.08,123.08,287573.35660423,23444,kraken
1769472000,124.08,127.69,123.0,127.03,125.0,221038.81515371,19214,kraken
1769558400,127.03,128.16,124.61,125.16,126.39,200532.9441061,17423,kraken
1769644800,125.16,125.26,115.21,117.62,120.59,468357.13547383,25961,kraken
1769731200,117.62,118.92,112.0,117.43,115.88,537888.47819597,34413,kraken
1769817600,117.43,118.67,96.43,105.44,106.4,870104.4663674,42767,kraken
1769904000,105.45,106.56,97.93,100.63,102.86,505689.03733442,32129,kraken
1769990400,100.67,106.02,95.81,104.46,101.33,613770.98928118,36571,kraken
1770076800,104.45,104.96,96.58,97.75,100.74,557587.99203824,37790,kraken
1770163200,97.73,99.51,89.05,91.94,93.79,717236.34651825,43028,kraken
1770249600,91.92,93.2,77.42,78.18,84.9,1375012.04805337,69295,kraken
1770336000,78.22,89.72,67.4,87.42,80.96,1519511.54490235,71448,kraken
1770422400,87.41,89.12,84.14,87.55,87.05,467063.33752284,25885,kraken
1770508800,87.55,88.96,85.75,86.95,87.38,284252.58411317,17099,kraken
1770595200,86.95,88.58,82.8,86.72,85.9,376861.53322522,21639,kraken
1770681600,86.73,87.42,81.88,82.94,84.02,358561.23234686,20207,kraken
1770768000,82.95,84.3,78.03,79.23,80.73,554467.49557891,26260,kraken
1770854400,79.26,82.2,76.54,78.32,79.44,471219.07967377,22714,kraken
1770940800,78.33,85.54,77.47,84.29,82.09,370332.56638839,21555,kraken
1771027200,84.29,88.83,84.16,88.04,87.03,369342.26037168,15707,kraken
1771113600,88.04,91.2,84.85,86.09,88.04,588539.38283746,22214,kraken
1771200000,86.1,86.85,82.53,86.42,85.09,334690.85603925,17895,kraken
1771286400,86.41,87.62,82.78,85.02,85.22,375328.95646876,17844,kraken
1771372800,85.04,86.01,80.47,81.56,83.08,391973.86523665,18125,kraken
1771459200,81.59,82.61,79.62,82.49,81.3,270370.46430834,16419,kraken
1771545600,82.49,85.47,81.75,84.62,83.78,461602.52419733,21028,kraken
1771632000,84.65,86.7,83.95,85.2,85.61,228064.50441205,12333,kraken
1771718400,85.16,85.54,82.45,82.73,84.21,192969.51742395,10790,kraken
1771804800,82.7,82.78,77.16,77.86,78.66,646966.0795495,25769,kraken
1771891200,77.88,79.6,75.64,78.96,77.32,377546.88660114,16242,kraken
1771977600,79.02,92.05,78.72,88.05,85.29,559017.34548419,30807,kraken
1772064000,88.06,89.23,84.36,85.89,86.74,345779.76264469,22621,kraken
1772150400,85.85,88.28,80.32,81.87,83.43,434769.35818298,23168,kraken
1772236800,81.86,85.67,77.16,84.38,80.83,443980.20251905,25066,kraken
1772323200,84.36,88.86,81.71,83.58,85.37,398898.92769779,25160,kraken
1772409600,83.63,90.29,82.39,86.59,86.37,431699.62444911,28014,kraken
1772496000,86.65,87.43,82.5,86.99,85.11,487722.62445102,27408,kraken
1772582400,86.97,94.1,84.8,90.89,90.12,639517.42630017,40613,kraken
1772668800,90.89,92.96,87.94,88.79,90.02,397305.52447605,23358,kraken
1772755200,88.8,89.3,83.67,84.69,86.37,511537.81790927,23519,kraken
1772841600,84.69,85.05,82.31,83.23,83.91,196144.54009897,13099,kraken
1772928000,83.23,84.08,80.29,81.58,82.17,320598.42384155,16785,kraken
1773014400,81.59,87.08,81.56,85.0,84.19,613198.98756893,24262,kraken
1773100800,84.96,88.84,84.84,85.9,86.69,480610.8138887,23352,kraken
1773187200,85.88,88.08,84.36,86.58,86.12,441432.67422046,20515,kraken
1773273600,86.6,87.68,84.75,86.83,86.14,362968.934992,19320,kraken
1773360000,86.81,92.98,86.75,88.2,89.81,623777.63529463,31597,kraken
1773446400,88.19,88.71,86.54,88.05,87.37,169009.07283385,13093,kraken
1773532800,88.07,93.2,87.41,92.33,89.7,303110.08331324,16602,kraken
1773619200,92.31,97.67,91.18,96.17,93.83,627699.89047448,31174,kraken
1773705600,96.2,96.94,93.2,94.65,94.38,474162.16023673,22499,kraken
1773792000,94.65,95.63,88.6,90.11,91.6,380378.32975235,22304,kraken
1773878400,90.07,91.43,86.98,88.88,88.94,265385.99188424,18708,kraken
1773964800,88.91,90.45,88.14,89.86,89.24,198790.49679191,15558,kraken
1774051200,89.85,90.81,87.16,87.56,89.75,160719.38307309,11348,kraken
1774137600,87.56,89.15,85.1,86.19,87.15,372910.84781991,17483,kraken
1774224000,86.21,92.21,85.11,91.43,89.5,403337.36836652,22352,kraken
1774310400,91.41,92.18,88.41,90.78,90.32,337583.16471504,19721,kraken
1774396800,90.79,93.45,90.74,91.66,92.01,307328.62502257,18416,kraken
1774483200,91.66,91.93,85.41,86.48,88.03,387889.58605084,19807,kraken
1774569600,86.47,86.97,81.83,83.05,83.87,302500.58715826,19584,kraken
1774656000,83.05,84.2,81.68,82.02,82.91,278057.41679833,13634,kraken
1774742400,82.04,83.14,78.95,81.34,81.37,178173.11643847,14543,kraken
1774828800,81.38,84.95,81.1,82.49,83.44,402869.62502816,20591,kraken
1774915200,82.49,84.5,80.05,83.11,81.95,440878.20485952,21441,kraken
1775001600,83.12,86.63,80.8,81.17,83.26,467858.58816108,22866,kraken
1775088000,81.19,81.72,76.7,78.95,79.1,379434.23158156,22233,kraken
1775174400,78.98,80.86,78.88,80.39,79.93,217646.22197543,15106,kraken
1775260800,80.39,81.58,79.58,80.82,80.49,120027.62882939,12880,kraken
1775347200,80.84,82.06,78.54,81.86,79.99,209841.34980811,15255,kraken
1775433600,81.94,83.22,79.63,80.04,81.86,332509.96894158,19281,kraken
1775520000,80.04,87.04,78.38,85.57,81.59,404155.77973465,24654,kraken
1775606400,85.55,85.87,82.28,82.6,84.03,357937.24941896,20351,kraken
1775692800,82.61,85.89,81.42,83.37,83.26,262499.35455854,18884,kraken
1775779200,83.34,85.67,82.71,84.85,84.07,245685.86185805,19411,kraken
1775865600,84.85,86.26,83.83,84.95,85.05,155430.83503274,16876,kraken
1775952000,84.94,85.03,81.32,81.54,82.24,217045.1969513,18787,kraken
1776038400,81.54,86.85,81.42,86.58,83.58,305029.36837217,22045,kraken
1776124800,86.54,87.74,83.35,83.77,85.66,366542.32387187,26296,kraken
1776211200,83.75,85.84,82.7,84.92,84.28,323586.12767239,21727,kraken
1776297600,84.92,90.5,83.85,89.15,87.1,490061.67995708,30347,kraken
1776384000,89.1,90.75,87.37,88.85,89.21,490624.07797136,32961,kraken
1776470400,88.78,89.17,85.81,86.17,87.28,223078.30437341,20081,kraken
1776556800,86.17,87.14,82.92,83.5,85.16,354512.63645513,24295,kraken
1776643200,83.52,86.32,83.4,85.31,85.16,350007.58264273,23338,kraken
1776729600,85.31,86.9,84.35,86.03,85.57,359920.28167464,21664,kraken
1776816000,86.1,89.34,86.04,86.93,87.59,279241.94786378,24561,kraken
1776902400,86.91,87.15,84.55,86.15,85.91,282251.9427419,22789,kraken
1776988800,86.15,86.95,84.99,86.23,86.05,275716.7299571,19176,kraken
1777075200,86.22,86.78,85.6,86.21,86.18,94171.97614822,12505,kraken
1777161600,86.21,87.3,85.86,86.94,86.53,174638.83921224,15947,kraken
1777248000,86.95,88.08,83.65,84.82,85.53,283230.45960695,22313,kraken
1777334400,84.81,84.92,82.96,84.05,83.81,161249.09283339,18073,kraken
1777420800,84.05,85.52,81.4,83.02,83.71,232652.86176365,20199,kraken
1777507200,83.02,83.95,82.17,83.05,83.09,113446.52962403,14834,kraken
1777593600,83.06,84.84,83.03,83.74,83.98,191202.28711361,17050,kraken
1777680000,83.75,84.93,83.46,84.25,84.06,84939.32726257,12646,kraken
1777766400,84.25,85.05,83.57,83.91,84.29,92797.30697457,12231,kraken
1777852800,83.91,85.85,83.27,84.1,84.44,221169.71381673,19960,kraken
1777939200,84.1,86.96,84.04,86.31,85.6,198263.89823564,17787,kraken
1778025600,86.3,89.99,86.1,89.14,88.37,380064.13931652,25541,kraken
1778112000,89.14,90.4,87.61,88.41,88.72,327621.55135383,21759,kraken
1778198400,88.41,92.76,87.61,92.01,90.43,282054.05573973,21769,kraken
1778284800,92.0,94.19,91.86,93.16,93.33,246009.09035993,18645,kraken
1778371200,93.12,96.85,92.59,96.46,94.7,368589.34888223,27394,kraken
1778457600,96.47,98.47,94.28,97.35,96.45,413629.71939258,29519,kraken
1778544000,97.36,97.63,93.54,94.27,95.28,291873.68727532,25470,kraken
1778630400,94.27,95.92,90.24,91.11,92.76,433170.88652251,29044,kraken
1778716800,91.13,93.66,89.79,92.15,91.87,302424.37641034,26030,kraken
1778803200,92.14,92.64,88.45,89.22,90.49,235485.96668277,23991,kraken
1778889600,89.19,89.39,85.5,86.5,87.03,168576.85931139,18161,kraken
1778976000,86.49,87.22,83.44,85.2,85.94,160627.01795147,19207,kraken
1779062400,85.2,85.73,83.43,85.33,84.66,178777.38912963,21023,kraken
1779148800,85.33,85.88,83.55,84.23,84.65,170519.84621808,15796,kraken
1779235200,84.22,86.98,83.76,86.06,85.34,310987.57489795,17749,kraken
1779321600,86.06,87.9,85.2,87.26,86.63,188983.24840036,16575,kraken
1779408000,87.27,87.77,83.91,84.28,86.01,228143.85651586,16668,kraken
1779494400,84.3,87.39,81.37,85.66,84.05,347769.99064252,19674,kraken
1779580800,85.67,86.89,83.61,85.18,85.45,159782.53691135,13405,kraken
1779667200,85.18,86.42,84.65,84.96,85.63,114473.39810944,10207,kraken
1779753600,84.98,86.05,83.01,83.6,84.25,141144.65449306,12092,kraken
1779840000,83.64,84.65,82.0,82.31,83.36,133978.00987221,14472,kraken
1779926400,82.31,82.87,79.83,82.02,81.24,207497.64866443,18684,kraken
1780012800,82.02,83.08,80.25,81.9,82.06,236188.45366735,17122,kraken
1780099200,81.92,83.04,81.79,82.6,82.47,98927.77919547,10864,kraken
1780185600,82.62,83.26,81.22,82.32,82.26,106157.6578059,11458,kraken
1780272000,82.32,82.93,79.01,81.17,80.89,296390.85986878,20571,kraken
1780358400,81.18,81.19,72.66,74.12,76.95,514585.25068792,30451,kraken
1780444800,74.14,75.58,70.84,71.53,73.41,333354.34839195,26190,kraken
1780531200,71.52,72.01,66.66,68.82,69.34,654052.80957395,38060,kraken
1780617600,68.8,69.0,61.37,63.61,65.29,913062.26156176,47489,kraken
1780704000,63.62,64.82,60.12,62.16,62.29,523855.29050501,28682,kraken
1780790400,62.17,67.9,61.93,66.47,64.6,428923.55976981,22776,kraken
1780876800,66.46,68.17,64.92,66.82,66.6,357423.82589409,22030,kraken
1780963200,66.81,67.45,63.49,64.89,65.21,324217.11868489,19317,kraken
1781049600,64.99,65.68,62.27,63.13,63.79,324351.78609815,20111,kraken
1781136000,63.14,67.28,63.14,66.85,65.55,343957.64413594,20477,kraken
1781222400,66.86,68.76,65.88,66.79,67.05,261842.88116064,18326,kraken
1781308800,66.77,69.55,66.58,68.87,68.07,177821.59554503,14017,kraken
1781395200,68.92,71.24,66.91,71.24,68.91,197032.51244164,15189,kraken
1781481600,71.25,76.02,70.66,73.95,73.49,425269.29888262,26114,kraken
1781568000,73.95,75.56,72.27,73.39,73.72,337251.91244827,20721,kraken
1781654400,73.46,74.68,70.77,71.98,72.7,385244.83591148,22904,kraken
1781740800,71.98,72.6,68.14,69.64,69.78,528800.00881293,20534,kraken
1781827200,69.64,69.99,67.85,69.7,68.99,241777.34156663,17211,kraken
1781913600,69.67,74.2,69.37,73.14,71.8,310887.99759818,21738,kraken
1782000000,73.14,74.58,72.19,72.42,73.41,191066.41485156,15151,kraken
1782086400,72.38,74.91,71.33,71.88,73.3,332644.65664899,19535,kraken
1782172800,71.88,71.95,68.11,69.61,69.49,363713.37598725,19787,kraken
1782259200,69.61,70.36,64.6,67.98,67.81,550866.68871021,28217,kraken
1782345600,68.04,69.53,63.72,67.61,67.05,427071.17590696,30608,kraken
1782432000,67.64,73.77,65.8,71.79,70.11,525359.10638629,36415,kraken
1782518400,71.79,73.09,70.11,70.39,71.79,199474.13438632,16106,kraken
1782604800,70.4,72.27,69.49,71.28,70.93,193946.25586674,16546,kraken
1782691200,71.29,76.34,70.28,75.04,73.67,441714.29217218,31320,kraken
1782777600,75.05,75.1,71.8,73.56,73.31,317803.20219809,21933,kraken
1782864000,73.57,78.88,72.16,77.37,76.08,488750.40204114,31085,kraken
1782950400,77.38,82.65,76.83,80.62,80.21,544107.53427051,32149,kraken
1783036800,80.64,83.13,80.23,82.29,81.68,261218.56789656,20730,kraken
1783123200,82.27,83.89,81.3,81.7,82.21,269902.97557145,19124,kraken
1783209600,81.72,82.35,79.64,81.51,81.13,216352.34506022,18043,kraken
1783296000,81.52,83.65,79.16,81.9,81.18,302835.5629363,20996,kraken
1783382400,81.9,82.73,80.3,80.5,81.31,278668.55336336,19474,kraken
1783468800,80.53,80.71,76.22,77.77,77.66,357143.93211048,21240,kraken
1783555200,77.77,78.73,76.63,77.99,77.84,260702.70507251,16409,kraken
1783641600,77.99,79.59,77.01,78.07,78.31,224755.56292363,17435,kraken
1783728000,78.08,78.77,76.72,76.74,77.9,150532.84244415,13052,kraken
1783814400,76.72,77.73,75.58,76.85,76.81,186658.40061936,13237,kraken
1783900800,76.87,78.12,74.03,74.9,75.6,232677.35661419,17439,kraken
1783987200,74.92,78.54,74.47,77.82,76.81,275344.58847126,16169,kraken
1784073600,77.82,78.95,76.9,77.22,77.64,281854.69361847,16810,kraken
1784160000,77.23,77.53,74.98,75.27,76.2,176584.27756198,14805,kraken
1784246400,75.25,75.68,73.32,74.98,74.57,141358.00154652,14557,kraken
1784332800,74.98,75.57,74.47,75.47,75.15,64455.37140642,9248,kraken
1784419200,75.47,76.62,75.28,76.34,75.97,90872.24651541,10750,kraken
1784505600,76.33,78.33,75.48,77.79,77.02,272027.38551881,17928,kraken
1784592000,77.79,78.82,77.45,78.09,78.11,130738.95520445,13174,kraken
1784678400,78.1,78.79,76.97,77.92,77.84,122658.50735816,11927,kraken
1784764800,77.94,78.5,75.33,75.82,76.49,159548.34563382,13676,kraken
1784851200,75.82,76.37,73.41,73.88,74.91,253470.5421208,14465,kraken
1784937600,73.91,74.65,73.51,74.47,74.18,102737.57037363,8934,kraken
1785024000,74.47,77.01,74.41,76.7,75.37,91382.22781717,10160,kraken
1785110400,76.71,77.42,73.7,74.13,75.66,196276.93901279,15161,kraken
1785196800,74.14,74.49,72.31,73.74,73.41,193567.42498769,15854,kraken
1785283200,73.72,74.42,72.25,73.57,73.4,198363.66480244,17264,kraken
1785369600,73.6,74.9,73.05,74.44,74.22,107910.89088887,12532,kraken
1785456000,74.46,75.23,72.5,72.79,73.44,147447.25525458,14370,kraken
1785542400,72.78,73.13,70.54,71.88,71.91,127712.2795222,12219,kraken
1785628800,71.9,74.24,71.89,73.54,73.3,112993.47293246,11773,kraken
1785715200,73.56,74.2,71.9,73.49,73.11,142748.39600603,14073,kraken
1785801600,73.49,74.38,72.98,73.69,73.64,124044.58140664,13191,kraken
1785888000,73.7,74.74,73.22,73.97,73.94,137902.34297422,13952,kraken
1785974400,73.97,74.26,72.29,72.63,73.28,134772.24221997,13001,kraken
1786060800,72.62,74.29,72.39,73.64,73.52,127220.57753695,13485,kraken
1786147200,73.6,76.73,73.54,75.94,75.48,206705.34635049,14560,kraken
1786233600,75.95,77.71,75.69,76.21,76.7,108722.31645387,11713,kraken
1786320000,76.2,77.09,75.52,75.91,76.29,186759.09767261,14150,kraken
1786406400,75.93,76.61,74.58,76.22,75.7,187703.23783105,14363,kraken
1786492800,76.21,77.22,75.3,75.56,76.11,137076.87030021,12328,kraken
1786579200,75.56,76.54,75.0,76.19,75.97,147210.75088812,13040,kraken
1786665600,76.21,76.25,74.56,75.33,75.51,171852.97933095,15929,kraken
1786752000,75.32,75.65,74.98,75.29,75.38,59916.44826115,9820,kraken
1786838400,75.26,75.62,74.05,74.55,74.93,84307.61243436,9320,kraken
1786924800,74.55,76.16,74.37,75.96,75.41,140932.86774824,13421,kraken
1787011200,75.96,77.34,75.15,77.0,76.53,101956.07134165,11826,kraken
1787097600,77.04,87.28,76.56,85.33,82.06,484566.84932896,33795,kraken
1787184000,85.34,88.01,83.96,87.66,86.46,276717.73831868,26404,kraken
1787270400,87.64,94.97,87.57,93.72,91.13,531423.00024518,53493,kraken
1787356800,93.75,102.67,87.69,93.81,94.56,627864.64649854,50610,kraken
1787443200,93.81,97.44,91.59,95.41,94.81,387927.46882871,28201,kraken
1787529600,95.42,98.99,93.27,98.99,95.52,423437.95183599,31113,kraken
1787616000,98.97,103.07,95.36,96.59,99.41,544911.39131477,44592,kraken
1787702400,96.61,102.42,95.01,102.07,97.72,361482.93913308,30262,kraken
1787788800,102.1,110.61,100.54,109.15,105.76,569013.85576388,50716,kraken
1787875200,109.16,110.07,102.29,104.14,105.54,795048.58928685,52468,kraken
1787961600,104.14,105.83,103.04,105.61,104.53,189727.90265679,22702,kraken
1788048000,105.62,107.44,100.36,101.8,104.38,309022.11920602,33830,kraken
1788134400,101.75,104.96,100.91,103.04,102.88,291593.914801,31177,kraken
1788220800,103.04,104.35,98.28,99.93,100.95,493888.03314569,36636,kraken
1788307200,99.95,100.63,97.33,100.4,99.17,474004.2707466,39644,kraken
1788393600,100.4,105.87,99.19,103.95,102.69,495482.52903428,45423,kraken
1788480000,103.94,104.75,100.12,101.94,102.54,372041.3479684,38922,kraken
1788566400,101.94,104.38,101.62,103.17,102.85,313673.02597146,30938,kraken
1788652800,103.17,107.33,103.16,106.54,105.72,417040.73355816,35929,kraken
1788739200,106.56,107.03,102.98,103.78,104.64,324133.20399167,32306,kraken
1788825600,103.79,104.81,101.7,103.37,103.35,530307.83071437,34886,kraken
1788912000,103.38,105.15,100.2,101.54,103.28,476184.16952905,36197,kraken
1788998400,101.55,102.15,98.49,98.64,100.24,371569.4511896,35627,kraken
1789084800,98.62,105.72,97.87,102.43,101.48,674966.9107712,46096,kraken
1789171200,102.44,102.56,101.21,101.75,101.81,142178.83486299,25002,kraken
1789257600,101.75,102.32,99.15,99.25,100.51,201436.37265947,26773,kraken
1789344000,99.25,104.81,98.95,102.56,102.63,529207.88377805,38658,kraken
1789430400,102.53,102.84,95.73,96.82,98.95,614948.06491148,47227,kraken
1789516800,96.81,98.84,96.03,98.54,97.49,473030.27496793,35822,kraken
1789603200,98.58,101.95,98.37,101.52,100.4,720821.2409668,43797,kraken
1789689600,101.52,114.3,100.83,112.69,108.77,983138.55878686,66802,kraken
1789776000,112.69,114.05,110.03,111.02,111.86,464485.43169687,39493,kraken
1789862400,111.04,111.43,107.38,111.14,109.2,480030.67284055,36440,kraken
1789948800,111.15,119.97,110.69,118.87,115.74,785381.74172329,65067,kraken
1790035200,118.9,119.46,115.53,118.53,117.53,508480.33130388,44231,kraken
1790121600,118.58,119.78,112.99,115.01,115.76,542016.95503876,45423,kraken
1790208000,115.01,117.76,112.48,117.02,115.71,423534.09219891,38257,kraken
1790294400,117.02,122.91,115.85,122.14,119.76,563867.72940272,57491,kraken
1790380800,122.12,122.39,119.84,121.37,121.06,270432.22083549,31619,kraken
1790467200,121.37,124.91,120.09,121.98,122.63,353560.11888365,36069,kraken
1790553600,121.98,122.9,117.21,118.83,119.18,386666.88247231,43990,kraken
1790640000,118.83,121.67,116.33,119.1,118.99,470763.26586921,44970,kraken
1790726400,119.11,122.79,117.0,118.06,119.58,531595.09570856,45606,kraken
1790812800,118.06,119.55,116.7,118.39,117.93,292360.50442751,38913,kraken
1790899200,118.39,123.74,117.12,118.62,120.59,554306.49499677,48402,kraken
1790985600,118.62,120.07,118.5,119.58,119.47,89351.33883481,25783,kraken
1791072000,119.59,122.25,119.58,121.57,121.38,221481.19863682,28909,kraken
1791158400,121.57,122.04,118.93,120.76,120.51,238959.44993089,33524,kraken
1791244800,120.77,121.97,118.89,120.69,120.44,330726.62986494,33380,kraken
