time,open,high,low,close,vwap,volume,count,source
1642636800,2.49,2.49,1.94,1.97,2.1333333333333333,2191834.94,0,coinbase
1642723200,1.94,1.98,1.63,1.68,1.7633333333333334,3461110.95,0,coinbase
1642809600,1.67,1.7,1.27,1.44,1.47,2009415.74,0,coinbase
1642896000,1.43,1.55,1.37,1.5,1.4733333333333334,2409688.74,0,coinbase
1642982400,1.5,1.5,1.18,1.37,1.3499999999999999,1545031.45,0,coinbase
1643068800,1.39,1.4,1.25,1.37,1.3399999999999999,1311899.45,0,coinbase
1643155200,1.35,1.54,1.32,1.38,1.4133333333333333,1733956.51,0,coinbase
1643241600,1.38,1.46,1.31,1.4,1.39,934569.85,0,coinbase
1643328000,1.4,1.5,1.37,1.45,1.4400000000000002,810014.18,0,coinbase
1643414400,1.45,1.57,1.45,1.52,1.5133333333333334,857093.93,0,coinbase
1643500800,1.52,1.57,1.45,1.5,1.5066666666666666,511600.19,0,coinbase
1643587200,1.5,1.52,1.39,1.49,1.4666666666666668,645496.73,0,coinbase
1643673600,1.49,1.54,1.46,1.5,1.5,486817.36,0,coinbase
1643760000,1.5,1.53,1.4,1.41,1.4466666666666665,509924.58,0,coinbase
1643846400,1.4,1.43,1.35,1.43,1.4033333333333333,821585.25,0,coinbase
1643932800,1.42,1.57,1.41,1.55,1.51,709131.56,0,coinbase
1644019200,1.55,1.64,1.53,1.58,1.5833333333333333,508644.01,0,coinbase
1644105600,1.59,1.7,1.59,1.68,1.6566666666666665,593452.16,0,coinbase
1644192000,1.68,1.78,1.64,1.72,1.7133333333333332,1116062.64,0,coinbase
1644278400,1.71,1.79,1.59,1.7,1.6933333333333334,491576.5,0,coinbase
1644364800,1.69,1.75,1.61,1.73,1.6966666666666665,336533.81,0,coinbase
1644451200,1.72,1.79,1.61,1.62,1.6733333333333336,530650.22,0,coinbase
1644537600,1.62,1.64,1.48,1.52,1.5466666666666669,444435.04,0,coinbase
1644624000,1.52,1.53,1.42,1.52,1.4900000000000002,345880.27,0,coinbase
1644710400,1.52,1.54,1.44,1.45,1.4766666666666666,214807.02,0,coinbase
1644796800,1.45,1.48,1.4,1.46,1.4466666666666665,208486.44,0,coinbase
1644883200,1.47,1.63,1.46,1.58,1.5566666666666666,379282.43,0,coinbase
1644969600,1.6,1.6,1.5,1.56,1.5533333333333335,245796.85,0,coinbase
1645056000,1.56,1.56,1.38,1.4,1.4466666666666665,348525.88,0,coinbase
1645142400,1.4,1.43,1.32,1.34,1.3633333333333333,349579.39,0,coinbase
1645228800,1.34,1.35,1.27,1.32,1.3133333333333335,195467.61,0,coinbase
1645315200,1.32,1.32,1.21,1.24,1.2566666666666668,207977.87,0,coinbase
1645401600,1.23,1.28,1.11,1.11,1.1666666666666667,534195.87,0,coinbase
1645488000,1.11,1.17,1.04,1.17,1.1266666666666667,529101.28,0,coinbase
1645574400,1.17,1.28,1.13,1.14,1.1833333333333333,357196.91,0,coinbase
1645660800,1.14,1.15,0.97,1.12,1.08,925652.79,0,coinbase
1645747200,1.12,1.18,1.1,1.17,1.1500000000000001,442542.16,0,coinbase
1645833600,1.16,1.22,1.15,1.19,1.1866666666666668,380905.29,0,coinbase
1645920000,1.19,1.21,1.11,1.12,1.1466666666666667,349879.19,0,coinbase
1646006400,1.12,1.27,1.1,1.25,1.2066666666666668,499387.67,0,coinbase
1646092800,1.25,1.3,1.22,1.28,1.2666666666666666,338371.31,0,coinbase
1646179200,1.28,1.29,1.22,1.24,1.25,294040.1,0,coinbase
1646265600,1.24,1.27,1.18,1.21,1.22,217936.0,0,coinbase
1646352000,1.21,1.21,1.1,1.12,1.1433333333333333,241496.24,0,coinbase
1646438400,1.12,1.15,1.1,1.14,1.13,149621.48,0,coinbase
1646524800,1.14,1.14,1.07,1.08,1.0966666666666667,219804.04,0,coinbase
1646611200,1.07,1.1,1.03,1.05,1.0599999999999998,311535.7,0,coinbase
1646697600,1.05,1.08,1.04,1.06,1.06,222479.79,0,coinbase
1646784000,1.06,1.18,1.06,1.13,1.1233333333333333,343340.95,0,coinbase
1646870400,1.13,1.94,1.06,1.51,1.5033333333333332,6511442.71,0,coinbase
1646956800,1.51,1.61,1.32,1.36,1.43,4303742.21,0,coinbase
1647043200,1.36,1.41,1.3,1.32,1.3433333333333335,670539.71,0,coinbase
1647129600,1.33,1.33,1.21,1.23,1.2566666666666666,783275.62,0,coinbase
1647216000,1.22,1.32,1.2,1.27,1.2633333333333334,480954.02,0,coinbase
1647302400,1.28,1.28,1.2,1.21,1.23,607009.98,0,coinbase
1647388800,1.21,1.28,1.2,1.28,1.2533333333333332,465847.66,0,coinbase
1647475200,1.28,1.28,1.24,1.27,1.2633333333333334,269580.92,0,coinbase
1647561600,1.27,1.36,1.22,1.29,1.29,760945.99,0,coinbase
1647648000,1.29,1.34,1.28,1.31,1.31,578897.98,0,coinbase
1647734400,1.32,1.32,1.25,1.26,1.2766666666666666,203429.3,0,coinbase
1647820800,1.26,1.33,1.26,1.3,1.2966666666666666,610414.65,0,coinbase
1647907200,1.3,1.33,1.28,1.31,1.3066666666666669,344675.83,0,coinbase
1647993600,1.31,1.48,1.28,1.33,1.3633333333333333,577080.76,0,coinbase
1648080000,1.34,1.39,1.33,1.38,1.3666666666666665,457465.81,0,coinbase
1648166400,1.37,1.41,1.32,1.34,1.3566666666666667,394028.57,0,coinbase
1648252800,1.34,1.37,1.33,1.36,1.3533333333333335,141689.66,0,coinbase
1648339200,1.37,1.46,1.35,1.45,1.42,578489.96,0,coinbase
1648425600,1.44,1.51,1.41,1.41,1.4433333333333334,748208.92,0,coinbase
1648512000,1.41,1.52,1.41,1.45,1.46,446996.12,0,coinbase
1648598400,1.45,1.56,1.41,1.54,1.5033333333333332,392341.67,0,coinbase
1648684800,1.53,1.59,1.42,1.45,1.4866666666666666,467949.38,0,coinbase
1648771200,1.44,1.5,1.39,1.47,1.4533333333333331,288009.9,0,coinbase
1648857600,1.46,1.55,1.46,1.49,1.5,329669.22,0,coinbase
1648944000,1.49,1.58,1.47,1.53,1.5266666666666666,281873.56,0,coinbase
1649030400,1.53,1.53,1.4,1.46,1.4633333333333332,307523.81,0,coinbase
1649116800,1.46,1.48,1.4,1.4,1.4266666666666665,284882.86,0,coinbase
1649203200,1.4,1.41,1.26,1.26,1.3099999999999998,480414.65,0,coinbase
1649289600,1.27,1.32,1.23,1.3,1.2833333333333332,324129.9,0,coinbase
1649376000,1.31,1.32,1.22,1.24,1.26,292047.38,0,coinbase
1649462400,1.24,1.34,1.23,1.29,1.2866666666666668,272932.8,0,coinbase
1649548800,1.29,1.35,1.21,1.23,1.2633333333333334,347420.29,0,coinbase
1649635200,1.22,1.24,1.11,1.13,1.16,654081.72,0,coinbase
1649721600,1.14,1.19,1.12,1.16,1.1566666666666665,377026.98,0,coinbase
1649808000,1.16,1.23,1.14,1.21,1.1933333333333334,160430.09,0,coinbase
1649894400,1.2,1.27,1.16,1.19,1.2066666666666666,190142.27,0,coinbase
1649980800,1.19,1.21,1.16,1.18,1.1833333333333333,178194.63,0,coinbase
1650067200,1.19,1.19,1.15,1.18,1.1733333333333331,200309.64,0,coinbase
1650153600,1.17,1.18,1.13,1.13,1.1466666666666665,191486.84,0,coinbase
1650240000,1.12,1.3,1.08,1.21,1.1966666666666665,1252035.92,0,coinbase
1650326400,1.21,1.24,1.19,1.22,1.2166666666666666,415527.49,0,coinbase
1650412800,1.23,1.23,1.16,1.18,1.1899999999999997,242076.59,0,coinbase
1650499200,1.18,1.22,1.14,1.15,1.17,193623.03,0,coinbase
1650585600,1.15,1.2,1.12,1.14,1.1533333333333333,196198.26,0,coinbase
1650672000,1.14,1.15,1.11,1.12,1.1266666666666667,155673.23,0,coinbase
1650758400,1.13,1.21,1.11,1.12,1.1466666666666667,491542.77,0,coinbase
1650844800,1.12,1.12,1.04,1.11,1.09,306026.89,0,coinbase
1650931200,1.11,1.12,1.02,1.03,1.0566666666666666,250356.03,0,coinbase
1651017600,1.03,1.06,1.01,1.06,1.0433333333333334,217216.01,0,coinbase
1651104000,1.06,1.09,1.03,1.05,1.0566666666666666,237550.03,0,coinbase
1651190400,1.05,1.1,0.99,1.01,1.0333333333333332,332399.25,0,coinbase
1651276800,1.01,1.01,0.91,0.92,0.9466666666666667,214371.99,0,coinbase
1651363200,0.92,0.96,0.89,0.95,0.9333333333333332,267045.24,0,coinbase
1651449600,0.94,1.01,0.91,0.93,0.9500000000000001,442288.52,0,coinbase
1651536000,0.94,0.95,0.91,0.92,0.9266666666666666,216323.62,0,coinbase
1651622400,0.92,0.99,0.9,0.98,0.9566666666666667,265213.81,0,coinbase
1651708800,0.98,1.01,0.86,0.89,0.92,561989.32,0,coinbase
1651795200,0.89,0.92,0.83,0.86,0.87,356260.15,0,coinbase
1651881600,0.87,0.87,0.79,0.81,0.8233333333333334,179221.15,0,coinbase
1651968000,0.81,0.82,0.77,0.78,0.79,455394.41,0,coinbase
1652054400,0.78,0.8,0.65,0.65,0.7000000000000001,563900.71,0,coinbase
1652140800,0.65,0.74,0.62,0.68,0.68,791894.61,0,coinbase
1652227200,0.68,0.73,0.52,0.58,0.61,1099621.97,0,coinbase
1652313600,0.59,0.61,0.44,0.5,0.5166666666666667,1153376.32,0,coinbase
1652400000,0.5,0.61,0.49,0.53,0.5433333333333333,2830310.93,0,coinbase
1652486400,0.53,0.57,0.5,0.56,0.5433333333333333,574847.49,0,coinbase
1652572800,0.56,0.62,0.53,0.62,0.59,592880.68,0,coinbase
1652659200,0.61,0.61,0.54,0.56,0.57,342039.02,0,coinbase
1652745600,0.56,0.59,0.54,0.58,0.57,290991.36,0,coinbase
1652832000,0.57,0.58,0.5,0.51,0.53,297673.78,0,coinbase
1652918400,0.5,0.54,0.48,0.53,0.5166666666666667,215108.09,0,coinbase
1653004800,0.53,0.54,0.49,0.5,0.51,322921.97,0,coinbase
1653091200,0.51,0.53,0.49,0.53,0.5166666666666667,128115.69,0,coinbase
1653177600,0.53,0.56,0.52,0.56,0.5466666666666667,113942.35,0,coinbase
1653264000,0.56,0.63,0.54,0.62,0.5966666666666667,371526.86,0,coinbase
1653350400,0.63,0.63,0.55,0.59,0.59,343552.56,0,coinbase
1653436800,0.59,0.64,0.56,0.59,0.5966666666666667,344585.2,0,coinbase
1653523200,0.58,0.59,0.51,0.54,0.5466666666666667,219217.59,0,coinbase
1653609600,0.54,0.56,0.44,0.51,0.5033333333333333,3049891.02,0,coinbase
1653696000,0.51,0.53,0.5,0.52,0.5166666666666667,165660.03,0,coinbase
1653782400,0.52,0.53,0.49,0.52,0.5133333333333333,135482.34,0,coinbase
1653868800,0.52,0.58,0.51,0.57,0.5533333333333332,155647.34,0,coinbase
1653955200,0.57,0.59,0.54,0.56,0.5633333333333334,186164.15,0,coinbase
1654041600,0.56,0.59,0.51,0.54,0.5466666666666667,177480.81,0,coinbase
1654128000,0.53,0.58,0.52,0.5658,0.5552666666666667,271754.58,0,coinbase
1654214400,0.5638,0.5638,0.5265,0.536,0.5421,137478.69,0,coinbase
1654300800,0.536,0.5368,0.518,0.5286,0.5278,107715.74,0,coinbase
1654387200,0.527,0.5456,0.5207,0.5327,0.533,515152.77,0,coinbase
1654473600,0.5339,0.5758,0.5338,0.5587,0.5560999999999999,964951.22,0,coinbase
1654560000,0.5573,0.5586,0.5234,0.5411,0.5410333333333334,570245.16,0,coinbase
1654646400,0.5411,0.5656,0.5384,0.5489,0.5509666666666667,373268.39,0,coinbase
1654732800,0.5487,0.5634,0.5339,0.5369,0.5447333333333334,199618.37,0,coinbase
1654819200,0.5368,0.539,0.4924,0.4956,0.509,378584.58,0,coinbase
1654905600,0.495,0.5069,0.4612,0.4693,0.47913333333333336,591786.59,0,coinbase
1654992000,0.4693,0.4701,0.4132,0.4177,0.43366666666666664,482137.11,0,coinbase
1655078400,0.4166,0.4187,0.3344,0.347,0.36669999999999997,1850627.77,0,coinbase
1655164800,0.3457,0.352,0.3062,0.3424,0.3335333333333333,2357061.06,0,coinbase
1655251200,0.3414,0.3657,0.3033,0.3657,0.3449,1909142.5,0,coinbase
1655337600,0.3706,0.3741,0.3241,0.3286,0.34226666666666666,1083369.9,0,coinbase
1655424000,0.3283,0.447,0.3241,0.3817,0.3842666666666667,3747901.41,0,coinbase
1655510400,0.383,0.3868,0.3173,0.3397,0.34793333333333337,1976882.74,0,coinbase
1655596800,0.3379,0.3594,0.3153,0.3567,0.34380000000000005,924597.55,0,coinbase
1655683200,0.3564,0.38,0.3378,0.3748,0.3642,1328669.97,0,coinbase
1655769600,0.375,0.4385,0.375,0.4022,0.40523333333333333,3639992.62,0,coinbase
1655856000,0.4021,0.4021,0.3773,0.3785,0.38596666666666674,1387460.23,0,coinbase
1655942400,0.3795,0.4064,0.3763,0.4064,0.3963666666666666,361033.45,0,coinbase
1656028800,0.4064,0.416,0.3961,0.4079,0.4066666666666667,487721.47,0,coinbase
1656115200,0.4082,0.4135,0.3885,0.4075,0.4031666666666667,592171.06,0,coinbase
1656201600,0.407,0.4417,0.4002,0.4002,0.4140333333333333,763203.94,0,coinbase
1656288000,0.4008,0.5484,0.3987,0.4408,0.4626333333333334,5775485.37,0,coinbase
1656374400,0.4397,0.4867,0.4101,0.4137,0.43683333333333335,3175077.08,0,coinbase
1656460800,0.4141,0.4689,0.4141,0.4427,0.44189999999999996,1396890.61,0,coinbase
1656547200,0.4427,0.4481,0.3828,0.4079,0.4129333333333333,912862.76,0,coinbase
1656633600,0.4069,0.4154,0.3837,0.3896,0.39623333333333327,390803.04,0,coinbase
1656720000,0.3885,0.4019,0.3754,0.3868,0.3880333333333333,365396.21,0,coinbase
1656806400,0.3855,0.3885,0.3756,0.3856,0.3832333333333333,329627.01,0,coinbase
1656892800,0.3854,0.3951,0.3689,0.3951,0.3863666666666667,517374.3,0,coinbase
1656979200,0.3951,0.4169,0.3851,0.3985,0.4001666666666667,3266411.99,0,coinbase
1657065600,0.3985,0.4005,0.3885,0.3979,0.39563333333333334,543395.98,0,coinbase
1657152000,0.3978,0.4129,0.3898,0.4106,0.40443333333333337,408094.44,0,coinbase
1657238400,0.411,0.4186,0.3986,0.4057,0.40763333333333335,866595.26,0,coinbase
1657324800,0.4056,0.4167,0.4025,0.4135,0.4109,822067.9,0,coinbase
1657411200,0.4138,0.4322,0.4,0.4074,0.4132,2436834.77,0,coinbase
1657497600,0.4059,0.4078,0.373,0.3745,0.3851,1614221.02,0,coinbase
1657584000,0.3745,0.3795,0.3597,0.3597,0.3663,1210709.12,0,coinbase
1657670400,0.3596,0.3794,0.3454,0.3778,0.3675333333333333,2839754.12,0,coinbase
1657756800,0.3785,0.3808,0.3582,0.3808,0.3732666666666667,1590207.9,0,coinbase
1657843200,0.3818,0.3865,0.3749,0.3827,0.3813666666666667,1617651.32,0,coinbase
1657929600,0.3827,0.3963,0.3751,0.3961,0.38916666666666666,737182.36,0,coinbase
1658016000,0.3966,0.3977,0.3844,0.3862,0.3894333333333333,1009947.85,0,coinbase
1658102400,0.3862,0.4294,0.3849,0.4256,0.4133,1569377.7,0,coinbase
1658188800,0.4248,0.4551,0.4082,0.4474,0.4369,3300727.99,0,coinbase
1658275200,0.4471,0.4824,0.412,0.4139,0.4361,2149596.14,0,coinbase
1658361600,0.4144,0.4328,0.4063,0.4308,0.4233,2193413.15,0,coinbase
1658448000,0.4311,0.4492,0.4197,0.4285,0.4324666666666667,2602988.32,0,coinbase
1658534400,0.4287,0.4456,0.4131,0.4251,0.42793333333333333,2121749.7,0,coinbase
1658620800,0.4262,0.46,0.4238,0.4385,0.4407666666666667,2265295.92,0,coinbase
1658707200,0.4376,0.4384,0.4,0.4009,0.4131,1184095.03,0,coinbase
1658793600,0.401,0.4105,0.382,0.3953,0.3959333333333333,1251728.91,0,coinbase
1658880000,0.3955,0.4165,0.3873,0.4135,0.4057666666666666,3927420.04,0,coinbase
1658966400,0.4134,0.4359,0.4092,0.4327,0.42593333333333333,3774366.53,0,coinbase
1659052800,0.4335,0.4452,0.4196,0.4319,0.4322333333333333,2083858.45,0,coinbase
1659139200,0.4308,0.4543,0.4272,0.4286,0.4366999999999999,2639234.28,0,coinbase
1659225600,0.4287,0.4612,0.4252,0.4376,0.44133333333333336,3010300.37,0,coinbase
1659312000,0.437,0.4666,0.4363,0.462,0.4549666666666667,3591064.43,0,coinbase
1659398400,0.4616,0.4653,0.4233,0.4409,0.4431666666666667,1651096.11,0,coinbase
1659484800,0.4399,0.493,0.4304,0.4651,0.4628333333333334,2675114.34,0,coinbase
1659571200,0.4636,0.4825,0.4573,0.4737,0.4711666666666667,840952.74,0,coinbase
1659657600,0.4744,0.4918,0.4652,0.4912,0.4827333333333334,460263.29,0,coinbase
1659744000,0.4897,0.4923,0.4816,0.4853,0.4864,313425.92,0,coinbase
1659830400,0.4844,0.4988,0.4781,0.4942,0.4903666666666667,459461.41,0,coinbase
1659916800,0.4951,0.52,0.4951,0.5085,0.5078666666666666,2765596.09,0,coinbase
1660003200,0.5089,0.5089,0.4687,0.4758,0.48446666666666666,1917101.96,0,coinbase
1660089600,0.4745,0.4979,0.4492,0.4969,0.48133333333333334,844079.79,0,coinbase
1660176000,0.4969,0.5129,0.4926,0.5032,0.5029,788008.33,0,coinbase
1660262400,0.5043,0.5111,0.4913,0.5089,0.5037666666666666,967136.53,0,coinbase
1660348800,0.509,0.5215,0.505,0.5086,0.5116999999999999,963379.67,0,coinbase
1660435200,0.5075,0.5158,0.4893,0.4929,0.4993333333333334,769267.04,0,coinbase
1660521600,0.4927,0.5092,0.478,0.4864,0.4912,1089534.46,0,coinbase
1660608000,0.4861,0.4884,0.4711,0.4761,0.4785333333333333,687055.94,0,coinbase
1660694400,0.4761,0.4917,0.4515,0.4571,0.4667666666666667,999160.2,0,coinbase
1660780800,0.4587,0.4689,0.4448,0.4448,0.45283333333333325,875951.33,0,coinbase
1660867200,0.4436,0.4437,0.3901,0.3909,0.4082333333333333,1234703.36,0,coinbase
1660953600,0.3909,0.4005,0.3806,0.3903,0.3904666666666667,655694.03,0,coinbase
1661040000,0.3903,0.4042,0.3833,0.3961,0.39453333333333335,459773.17,0,coinbase
1661126400,0.3937,0.3947,0.3684,0.3865,0.3832,1405388.13,0,coinbase
1661212800,0.3848,0.3911,0.3714,0.3899,0.3841333333333334,706149.38,0,coinbase
1661299200,0.3889,0.4009,0.3784,0.3879,0.38906666666666667,459429.24,0,coinbase
1661385600,0.3884,0.4256,0.3875,0.3974,0.40349999999999997,724815.87,0,coinbase
1661472000,0.397,0.4073,0.3572,0.3602,0.3749,1226688.88,0,coinbase
1661558400,0.3601,0.3764,0.3566,0.3629,0.36529999999999996,562056.83,0,coinbase
1661644800,0.3628,0.3693,0.3529,0.3537,0.3586333333333333,186195.22,0,coinbase
1661731200,0.3536,0.3704,0.3523,0.3693,0.36400000000000005,927220.17,0,coinbase
1661817600,0.368,0.377,0.3531,0.3634,0.3645,892510.43,0,coinbase
1661904000,0.3638,0.3718,0.361,0.365,0.3659333333333333,412114.76,0,coinbase
1661990400,0.3639,0.3669,0.3518,0.362,0.36023333333333335,738387.97,0,coinbase
1662076800,0.3621,0.369,0.3556,0.362,0.3622,1038604.51,0,coinbase
1662163200,0.3612,0.3641,0.357,0.3614,0.36083333333333334,407741.05,0,coinbase
1662249600,0.3617,0.3683,0.3567,0.3672,0.3640666666666667,348200.53,0,coinbase
1662336000,0.3681,0.3729,0.3566,0.3677,0.3657333333333333,962811.49,0,coinbase
1662422400,0.3685,0.373,0.3387,0.3413,0.351,1991153.03,0,coinbase
1662508800,0.3401,0.3531,0.3304,0.3514,0.34496666666666664,1224446.27,0,coinbase
1662595200,0.3524,0.4338,0.3467,0.3612,0.38056666666666666,3734340.14,0,coinbase
1662681600,0.3635,0.3881,0.3626,0.3813,0.3773333333333333,801969.97,0,coinbase
1662768000,0.3804,0.3983,0.3733,0.3851,0.38556666666666667,310965.08,0,coinbase
1662854400,0.3846,0.4142,0.3827,0.3921,0.39633333333333337,472959.99,0,coinbase
1662940800,0.3885,0.4005,0.3791,0.3873,0.3889666666666667,453451.02,0,coinbase
1663027200,0.3873,0.3877,0.347,0.3481,0.36093333333333333,913706.84,0,coinbase
1663113600,0.3474,0.3565,0.3436,0.3527,0.3509333333333333,431266.22,0,coinbase
1663200000,0.3531,0.354,0.34,0.3438,0.34593333333333326,288627.71,0,coinbase
1663286400,0.3438,0.3554,0.3396,0.3492,0.3480666666666667,577356.92,0,coinbase
1663372800,0.3493,0.3583,0.347,0.3561,0.35380000000000006,230463.01,0,coinbase
1663459200,0.3559,0.3575,0.3243,0.3279,0.3365666666666667,585541.61,0,coinbase
1663545600,0.3282,0.3374,0.3137,0.3302,0.3271,2076360.34,0,coinbase
1663632000,0.3301,0.3545,0.3246,0.3349,0.338,2058939.68,0,coinbase
1663718400,0.3358,0.3424,0.3168,0.3206,0.3266,345157.34,0,coinbase
1663804800,0.3223,0.3393,0.3183,0.3376,0.3317333333333333,540617.94,0,coinbase
1663891200,0.338,0.3445,0.3227,0.3384,0.3352,911452.04,0,coinbase
1663977600,0.3385,0.3401,0.3285,0.3314,0.3333333333333333,180545.36,0,coinbase
1664064000,0.3322,0.3356,0.3227,0.3271,0.3284666666666667,476444.24,0,coinbase
1664150400,0.326,0.3299,0.3168,0.3267,0.3244666666666667,719256.5,0,coinbase
1664236800,0.3272,0.3392,0.3197,0.331,0.3299666666666667,719243.3,0,coinbase
1664323200,0.3321,0.3364,0.3149,0.3259,0.3257333333333334,801821.17,0,coinbase
1664409600,0.328,0.3359,0.3184,0.3282,0.32749999999999996,874594.79,0,coinbase
1664496000,0.3302,0.3329,0.321,0.3253,0.32639999999999997,785477.28,0,coinbase
1664582400,0.325,0.3262,0.32,0.3231,0.3231,209287.36,0,coinbase
1664668800,0.3239,0.3252,0.3145,0.3145,0.31806666666666666,184578.41,0,coinbase
1664755200,0.3143,0.3234,0.3136,0.3215,0.3195,1297702.95,0,coinbase
1664841600,0.3225,0.3305,0.3193,0.3304,0.3267333333333333,557423.91,0,coinbase
1664928000,0.33,0.332,0.3206,0.3274,0.3266666666666667,406185.49,0,coinbase
1665014400,0.3272,0.3312,0.3208,0.3243,0.3254333333333333,390971.68,0,coinbase
1665100800,0.3242,0.3354,0.3174,0.3258,0.3262,573389.49,0,coinbase
1665187200,0.3251,0.3445,0.3251,0.3269,0.33216666666666667,502599.24,0,coinbase
1665273600,0.3274,0.3422,0.3266,0.3381,0.3356333333333334,1003615.66,0,coinbase
1665360000,0.3377,0.338,0.3185,0.3185,0.325,187373.46,0,coinbase
1665446400,0.3178,0.3227,0.3085,0.3124,0.31453333333333333,815627.44,0,coinbase
1665532800,0.3123,0.314,0.3087,0.3109,0.3112,217363.84,0,coinbase
1665619200,0.3106,0.311,0.2835,0.3003,0.2982666666666667,641680.33,0,coinbase
1665705600,0.301,0.3105,0.2975,0.2999,0.3026333333333333,344266.54,0,coinbase
1665792000,0.2993,0.301,0.2955,0.2993,0.29860000000000003,140032.78,0,coinbase
1665878400,0.2988,0.3035,0.2981,0.3016,0.30106666666666665,209767.77,0,coinbase
1665964800,0.3008,0.3159,0.298,0.3096,0.30783333333333335,585955.68,0,coinbase
1666051200,0.3087,0.3129,0.2995,0.3053,0.3059,469910.04,0,coinbase
1666137600,0.3054,0.3054,0.2928,0.2945,0.2975666666666667,603002.26,0,coinbase
1666224000,0.2946,0.3194,0.2898,0.2994,0.3028666666666667,1243295.72,0,coinbase
1666310400,0.3,0.3,0.2868,0.297,0.2946,479205.58,0,coinbase
1666396800,0.297,0.3095,0.2952,0.301,0.3019,672313.66,0,coinbase
1666483200,0.301,0.3063,0.2954,0.3054,0.3023666666666667,488573.63,0,coinbase
1666569600,0.3062,0.307,0.2955,0.3021,0.3015333333333334,581668.93,0,coinbase
1666656000,0.302,0.3198,0.3003,0.3098,0.30996666666666667,598972.43,0,coinbase
1666742400,0.3104,0.323,0.3082,0.3178,0.31633333333333336,485778.16,0,coinbase
1666828800,0.3192,0.3215,0.3052,0.3073,0.31133333333333335,430716.52,0,coinbase
1666915200,0.3076,0.3174,0.2962,0.3145,0.3093666666666667,536574.11,0,coinbase
1667001600,0.3146,0.3237,0.3127,0.3193,0.31856666666666666,406902.84,0,coinbase
1667088000,0.3186,0.3258,0.3139,0.3177,0.3191333333333333,167521.07,0,coinbase
1667174400,0.3177,0.3209,0.3127,0.3203,0.3179666666666667,159214.53,0,coinbase
1667260800,0.3199,0.3219,0.3131,0.3153,0.3167666666666667,259861.7,0,coinbase
1667347200,0.3146,0.3168,0.3018,0.305,0.3078666666666667,718782.16,0,coinbase
1667433600,0.3051,0.3255,0.3051,0.3166,0.31573333333333337,422633.3,0,coinbase
1667520000,0.3163,0.3386,0.3144,0.3337,0.3289,690777.91,0,coinbase
1667606400,0.3352,0.3438,0.331,0.3359,0.3369,672474.75,0,coinbase
1667692800,0.3369,0.3369,0.3166,0.3179,0.32380000000000003,261350.1,0,coinbase
1667779200,0.3177,0.3225,0.3106,0.3163,0.3164666666666667,523271.11,0,coinbase
1667865600,0.317,0.3194,0.26,0.2741,0.28450000000000003,909487.0,0,coinbase
1667952000,0.2731,0.2755,0.21,0.214,0.23316666666666666,995340.65,0,coinbase
1668038400,0.2138,0.2519,0.2111,0.2465,0.23650000000000002,1090079.01,0,coinbase
1668124800,0.2463,0.2501,0.2183,0.2305,0.23296666666666666,955954.77,0,coinbase
1668211200,0.2318,0.247,0.224,0.2325,0.23450000000000001,929302.66,0,coinbase
1668297600,0.2316,0.234,0.2102,0.2173,0.2205,476278.15,0,coinbase
1668384000,0.2185,0.2206,0.1982,0.2202,0.213,603207.32,0,coinbase
1668470400,0.2196,0.66,0.215,0.2411,0.3720333333333334,8556213.52,0,coinbase
1668556800,0.2411,0.2789,0.2296,0.2371,0.2485333333333333,3858314.49,0,coinbase
1668643200,0.2366,0.2367,0.2235,0.2294,0.22986666666666666,656385.81,0,coinbase
1668729600,0.2295,0.264,0.2288,0.2407,0.24450000000000002,2862852.38,0,coinbase
1668816000,0.2391,0.2391,0.2312,0.2358,0.23536666666666664,361863.51,0,coinbase
1668902400,0.236,0.2403,0.2163,0.2206,0.22573333333333334,624018.72,0,coinbase
1668988800,0.221,0.2325,0.2072,0.2166,0.21876666666666666,831001.39,0,coinbase
1669075200,0.2166,0.2247,0.2094,0.2234,0.21916666666666665,969476.17,0,coinbase
1669161600,0.2227,0.2335,0.2227,0.2329,0.22970000000000002,334791.32,0,coinbase
1669248000,0.233,0.2378,0.2253,0.2328,0.23196666666666665,278539.94,0,coinbase
1669334400,0.2337,0.2542,0.2302,0.2376,0.24066666666666667,1750840.91,0,coinbase
1669420800,0.237,0.2393,0.2324,0.2342,0.23529999999999998,479850.29,0,coinbase
1669507200,0.2349,0.2508,0.2335,0.2381,0.24080000000000001,1258260.59,0,coinbase
1669593600,0.2386,0.3537,0.2317,0.2498,0.27840000000000004,4990641.49,0,coinbase
1669680000,0.2497,0.269,0.2409,0.2495,0.2531333333333334,1997399.48,0,coinbase
1669766400,0.2493,0.2569,0.2462,0.2549,0.25266666666666665,680364.0,0,coinbase
1669852800,0.2545,0.2564,0.2465,0.2473,0.25006666666666666,490502.66,0,coinbase
1669939200,0.247,0.2499,0.2377,0.2472,0.24493333333333334,862348.15,0,coinbase
1670025600,0.2472,0.2585,0.2446,0.2466,0.2499,1130986.97,0,coinbase
1670112000,0.2469,0.2488,0.2438,0.2478,0.2468,781908.3,0,coinbase
1670198400,0.2477,0.2612,0.2446,0.2591,0.2549666666666667,1263784.93,0,coinbase
1670284800,0.2595,0.2663,0.2494,0.2596,0.25843333333333335,1017513.85,0,coinbase
1670371200,0.2585,0.2613,0.2414,0.2513,0.25133333333333335,539248.72,0,coinbase
1670457600,0.2516,0.2734,0.2431,0.2633,0.2599333333333333,1448017.84,0,coinbase
1670544000,0.2633,0.275,0.259,0.2649,0.26630000000000004,845747.7,0,coinbase
1670630400,0.2651,0.376,0.2631,0.2707,0.30326666666666663,5415486.63,0,coinbase
1670716800,0.2706,0.3122,0.268,0.2834,0.28786666666666666,2812694.92,0,coinbase
1670803200,0.2826,0.316,0.2787,0.3057,0.30013333333333336,6889929.14,0,coinbase
1670889600,0.3064,0.3218,0.2911,0.2997,0.3042,2458684.96,0,coinbase
1670976000,0.2994,0.303,0.2725,0.2769,0.28413333333333335,2201643.07,0,coinbase
1671062400,0.2766,0.2777,0.2623,0.2667,0.2689,899625.38,0,coinbase
1671148800,0.2669,0.2771,0.2328,0.2413,0.2504,1785341.28,0,coinbase
1671235200,0.241,0.2439,0.2225,0.2392,0.2352,1021750.81,0,coinbase
1671321600,0.2392,0.2393,0.2302,0.2346,0.23470000000000002,351789.5,0,coinbase
1671408000,0.2349,0.2364,0.2176,0.2211,0.2250333333333333,606588.74,0,coinbase
1671494400,0.2209,0.237,0.2192,0.2301,0.22876666666666667,856708.33,0,coinbase
1671580800,0.23,0.231,0.2241,0.2272,0.22743333333333335,256022.53,0,coinbase
1671667200,0.2276,0.2321,0.2226,0.2286,0.22776666666666667,381065.15,0,coinbase
1671753600,0.2278,0.2301,0.2256,0.2271,0.2276,489785.48,0,coinbase
1671840000,0.2278,0.2632,0.2278,0.2364,0.2424666666666667,1549167.56,0,coinbase
1671926400,0.2353,0.2357,0.2254,0.2289,0.22999999999999998,169119.22,0,coinbase
1672012800,0.2285,0.2292,0.224,0.2271,0.22676666666666667,248849.01,0,coinbase
1672099200,0.2272,0.2275,0.22,0.2223,0.22326666666666664,246090.23,0,coinbase
1672185600,0.2229,0.2229,0.2091,0.2105,0.21416666666666664,463976.62,0,coinbase
1672272000,0.2104,0.2117,0.204,0.2073,0.20766666666666667,543487.5,0,coinbase
1672358400,0.207,0.2237,0.2051,0.2155,0.21476666666666666,1047327.3,0,coinbase
1672444800,0.2148,0.2206,0.2052,0.2081,0.21129999999999996,1000962.25,0,coinbase
1672531200,0.2083,0.2127,0.2071,0.2123,0.2107,360886.57,0,coinbase
1672617600,0.2123,0.2175,0.2104,0.2175,0.21513333333333332,375862.28,0,coinbase
1672704000,0.217,0.2187,0.2129,0.2155,0.2157,314901.79,0,coinbase
1672790400,0.2151,0.2226,0.2146,0.2211,0.21943333333333334,580540.24,0,coinbase
1672876800,0.2209,0.2239,0.2156,0.217,0.21883333333333332,455941.52,0,coinbase
1672963200,0.2171,0.219,0.2114,0.218,0.21613333333333332,866889.51,0,coinbase
1673049600,0.2183,0.2206,0.2158,0.2196,0.21866666666666668,525578.72,0,coinbase
1673136000,0.219,0.2271,0.2164,0.2262,0.2232333333333333,340457.91,0,coinbase
1673222400,0.2257,0.239,0.225,0.2297,0.23123333333333332,734278.56,0,coinbase
1673308800,0.2299,0.2415,0.2269,0.2355,0.23463333333333333,842676.59,0,coinbase
1673395200,0.2356,0.2393,0.2293,0.2383,0.23563333333333336,597339.55,0,coinbase
1673481600,0.2387,0.248,0.2332,0.2462,0.24246666666666664,1233286.39,0,coinbase
1673568000,0.2462,0.2566,0.2416,0.2551,0.2511,790442.3,0,coinbase
1673654400,0.2551,0.2748,0.248,0.268,0.2636,1271108.21,0,coinbase
1673740800,0.2673,0.2802,0.2605,0.2719,0.27086666666666664,1505952.92,0,coinbase
1673827200,0.2722,0.2815,0.2635,0.2745,0.2731666666666666,917569.11,0,coinbase
1673913600,0.2746,0.2766,0.2666,0.2701,0.2711,453107.03,0,coinbase
1674000000,0.2704,0.274,0.2412,0.2497,0.2549666666666667,576769.44,0,coinbase
1674086400,0.25,0.2612,0.2497,0.2595,0.2568,1795152.28,0,coinbase
1674172800,0.259,0.2792,0.2508,0.2769,0.26896666666666663,2760936.1,0,coinbase
1674259200,0.2769,0.2794,0.2709,0.2718,0.27403333333333335,1552645.47,0,coinbase
1674345600,0.2719,0.2838,0.2701,0.2775,0.2771333333333334,1139981.94,0,coinbase
1674432000,0.2775,0.2952,0.2775,0.2886,0.28709999999999997,752152.62,0,coinbase
1674518400,0.2885,0.3097,0.2686,0.2761,0.2848,930377.99,0,coinbase
1674604800,0.276,0.286,0.2658,0.283,0.27826666666666666,702531.28,0,coinbase
1674691200,0.2831,0.2863,0.2756,0.2814,0.2811,1233118.12,0,coinbase
1674777600,0.2813,0.3021,0.273,0.2919,0.289,1332607.39,0,coinbase
1674864000,0.2916,0.2955,0.2815,0.2878,0.28826666666666667,796050.08,0,coinbase
1674950400,0.2879,0.295,0.2852,0.2939,0.2913666666666667,684147.0,0,coinbase
1675036800,0.2939,0.2963,0.2651,0.2683,0.2765666666666667,909490.57,0,coinbase
1675123200,0.2689,0.2963,0.2626,0.275,0.27796666666666664,1141330.88,0,coinbase
1675209600,0.2751,0.2873,0.2663,0.2847,0.27943333333333337,569315.58,0,coinbase
1675296000,0.2851,0.2983,0.2825,0.2833,0.2880333333333333,1193466.66,0,coinbase
1675382400,0.2837,0.3077,0.2837,0.3029,0.2981,1499000.56,0,coinbase
1675468800,0.3028,0.3091,0.297,0.3048,0.30363333333333337,666667.04,0,coinbase
1675555200,0.3043,0.3119,0.2883,0.2991,0.2997666666666667,746065.48,0,coinbase
1675641600,0.2995,0.3098,0.2912,0.2944,0.29846666666666666,636794.79,0,coinbase
1675728000,0.2952,0.3135,0.2946,0.3117,0.3066,1245420.23,0,coinbase
1675814400,0.3113,0.3297,0.2972,0.3147,0.3138666666666667,1668469.79,0,coinbase
1675900800,0.3138,0.3138,0.2819,0.2847,0.2934666666666667,1556142.05,0,coinbase
1675987200,0.2845,0.2868,0.2777,0.2837,0.28273333333333334,706603.91,0,coinbase
1676073600,0.2839,0.2943,0.2804,0.2923,0.289,1534508.75,0,coinbase
1676160000,0.2924,0.3511,0.2832,0.2954,0.3099,4715901.3,0,coinbase
1676246400,0.2944,0.394,0.285,0.295,0.32466666666666666,4290983.19,0,coinbase
1676332800,0.2951,0.3133,0.2852,0.3057,0.30140000000000006,2460067.09,0,coinbase
1676419200,0.3053,0.3594,0.2992,0.3414,0.3333333333333333,5666541.78,0,coinbase
1676505600,0.3414,0.3568,0.3156,0.3194,0.3306,2733817.92,0,coinbase
1676592000,0.3195,0.3347,0.3174,0.3311,0.3277333333333334,1601690.05,0,coinbase
1676678400,0.3313,0.3956,0.3311,0.3845,0.3704,4188978.64,0,coinbase
1676764800,0.384,0.649,0.3758,0.6253,0.5500333333333333,12770484.63,0,coinbase
1676851200,0.6263,0.8399,0.545,0.6175,0.6674666666666668,18698418.45,0,coinbase
1676937600,0.6212,0.8185,0.5982,0.6638,0.6934999999999999,21705818.02,0,coinbase
1677024000,0.6627,0.8794,0.6336,0.7372,0.7500666666666667,20116119.01,0,coinbase
1677110400,0.741,0.8893,0.7341,0.8188,0.8140666666666666,18518625.49,0,coinbase
1677196800,0.8188,0.8652,0.692,0.7299,0.7623666666666665,17812361.83,0,coinbase
1677283200,0.7298,0.7906,0.651,0.7623,0.7346333333333334,19202462.05,0,coinbase
1677369600,0.7629,0.7992,0.7293,0.7781,0.7688666666666667,9240612.96,0,coinbase
1677456000,0.7773,0.9753,0.7537,0.9105,0.8798333333333334,16833591.55,0,coinbase
1677542400,0.9082,0.9486,0.8444,0.887,0.8933333333333334,11986244.17,0,coinbase
1677628800,0.8879,1.0427,0.8708,0.9834,0.9656333333333333,11597181.33,0,coinbase
1677715200,0.9828,1.0366,0.8933,0.926,0.9519666666666667,12330719.33,0,coinbase
1677801600,0.9225,0.9225,0.8104,0.8482,0.8603666666666666,8700749.41,0,coinbase
1677888000,0.8482,0.8651,0.726,0.7289,0.7733333333333333,3927649.25,0,coinbase
1677974400,0.7273,0.7623,0.7004,0.7503,0.7376666666666667,8945648.28,0,coinbase
1678060800,0.7464,0.7699,0.7184,0.7471,0.7451333333333334,6726757.34,0,coinbase
1678147200,0.7471,0.7543,0.6549,0.676,0.6950666666666666,14536557.93,0,coinbase
1678233600,0.6756,0.6853,0.6041,0.6249,0.6381,10043240.69,0,coinbase
1678320000,0.6249,0.6613,0.5465,0.5747,0.5941666666666666,20799880.17,0,coinbase
1678406400,0.5745,0.616,0.521,0.6057,0.5809000000000001,15143384.4,0,coinbase
1678492800,0.6054,0.6333,0.5639,0.6142,0.6038,10213629.88,0,coinbase
1678579200,0.6143,0.7547,0.578,0.7507,0.6944666666666667,6939985.45,0,coinbase
1678665600,0.7507,0.8525,0.708,0.8011,0.7872,13204494.16,0,coinbase
1678752000,0.8051,1.0262,0.776,0.9693,0.9238333333333334,19050237.42,0,coinbase
1678838400,0.9679,1.0933,0.8059,0.8782,0.9258000000000001,24879613.22,0,coinbase
1678924800,0.8793,0.9462,0.86,0.908,0.9047333333333333,10275154.22,0,coinbase
1679011200,0.908,1.2,0.8966,1.1784,1.0916666666666666,15541782.7,0,coinbase
1679097600,1.1819,1.3,1.1054,1.1456,1.1836666666666666,18524048.4,0,coinbase
1679184000,1.1462,1.2631,1.0959,1.1481,1.1690333333333334,12199216.2,0,coinbase
1679270400,1.1488,1.3106,1.0869,1.1825,1.1933333333333334,9490402.02,0,coinbase
1679356800,1.184,1.325,1.1485,1.2109,1.2281333333333333,6017583.94,0,coinbase
1679443200,1.2097,1.2518,1.085,1.1575,1.1647666666666667,11776471.99,0,coinbase
1679529600,1.1584,1.2182,1.121,1.1721,1.1704333333333332,7191224.23,0,coinbase
1679616000,1.1714,1.182,0.9757,1.0199,1.0592,14537144.67,0,coinbase
1679702400,1.0189,1.0317,0.9073,0.9309,0.9566333333333333,7537400.38,0,coinbase
1679788800,0.9314,1.0327,0.9138,1.0073,0.9846,8317395.62,0,coinbase
1679875200,1.0065,1.0246,0.8867,0.9116,0.9409666666666666,6451648.5,0,coinbase
1679961600,0.9114,1.1369,0.8554,0.9782,0.9901666666666668,12703051.69,0,coinbase
1680048000,0.9781,1.061,0.931,0.9852,0.9924,8475941.91,0,coinbase
1680134400,0.9857,1.0498,0.9075,0.9279,0.9617333333333334,9774921.0,0,coinbase
1680220800,0.9284,0.9431,0.8859,0.9313,0.9201,5032724.72,0,coinbase
1680307200,0.9311,0.9354,0.8811,0.8962,0.9042333333333333,2931553.87,0,coinbase
1680393600,0.8968,0.938,0.8594,0.8723,0.8899,3553900.0,0,coinbase
1680480000,0.8729,0.933,0.8448,0.8757,0.8845000000000001,6347828.68,0,coinbase
1680566400,0.8756,0.8872,0.8493,0.8789,0.8718,4290105.99,0,coinbase
1680652800,0.8782,0.9154,0.8517,0.8632,0.8767666666666667,4581730.08,0,coinbase
1680739200,0.8633,0.8634,0.8062,0.8236,0.8310666666666666,3458284.4,0,coinbase
1680825600,0.8238,0.8349,0.7759,0.7973,0.8027000000000001,3792865.13,0,coinbase
1680912000,0.7976,0.8188,0.7907,0.8044,0.8046333333333333,3076300.56,0,coinbase
1680998400,0.8055,0.8884,0.7819,0.8749,0.8484000000000002,5065807.79,0,coinbase
1681084800,0.8742,0.9367,0.8272,0.9185,0.8941333333333333,6883224.26,0,coinbase
1681171200,0.9193,1.0106,0.9099,0.9641,0.9615333333333332,8823312.01,0,coinbase
1681257600,0.9639,0.9741,0.8814,0.885,0.9135,13623021.35,0,coinbase
1681344000,0.885,0.9185,0.8626,0.8858,0.8889666666666667,13727947.54,0,coinbase
1681430400,0.8858,0.9101,0.8488,0.8781,0.879,13890225.62,0,coinbase
1681516800,0.8784,0.879,0.8485,0.8669,0.8648000000000001,4838432.62,0,coinbase
1681603200,0.8668,0.8852,0.8387,0.859,0.8609666666666667,5058885.56,0,coinbase
1681689600,0.8586,0.8599,0.831,0.8391,0.8433333333333334,4313112.62,0,coinbase
1681776000,0.8394,0.8681,0.8217,0.8604,0.8500666666666667,6606345.26,0,coinbase
1681862400,0.8604,0.8604,0.7435,0.7612,0.7883666666666667,7610742.0,0,coinbase
1681948800,0.7614,0.7734,0.7159,0.7351,0.7414666666666667,6405571.16,0,coinbase
1682035200,0.7355,0.7531,0.6723,0.6878,0.7044,4722601.92,0,coinbase
1682121600,0.6868,0.7465,0.6755,0.7316,0.7178666666666667,2095494.63,0,coinbase
1682208000,0.7319,0.7319,0.6873,0.7105,0.7099000000000001,1900894.54,0,coinbase
1682294400,0.7101,0.7595,0.6977,0.7339,0.7303666666666665,4217517.29,0,coinbase
1682380800,0.7348,0.7543,0.7043,0.7464,0.735,3302317.37,0,coinbase
1682467200,0.7473,0.8022,0.7016,0.7327,0.7454999999999999,5259090.87,0,coinbase
1682553600,0.7307,0.785,0.7212,0.7422,0.7494666666666667,3537322.9,0,coinbase
1682640000,0.7422,0.7503,0.6984,0.7159,0.7215333333333334,2177748.01,0,coinbase
1682726400,0.7149,0.7357,0.7095,0.7226,0.7226,1213909.77,0,coinbase
1682812800,0.7236,0.7398,0.713,0.7161,0.7229666666666666,1271252.77,0,coinbase
1682899200,0.7182,0.727,0.6685,0.6822,0.6925666666666667,1362092.39,0,coinbase
1682985600,0.6813,0.85,0.6789,0.7554,0.7614333333333333,5439819.54,0,coinbase
1683072000,0.7519,0.8236,0.7517,0.8049,0.7934,5867860.77,0,coinbase
1683158400,0.8051,0.8293,0.7416,0.7454,0.7721,3591681.99,0,coinbase
1683244800,0.7454,0.7643,0.7171,0.7267,0.7360333333333333,3551239.69,0,coinbase
1683331200,0.7253,0.74,0.685,0.7007,0.7085666666666667,1949185.35,0,coinbase
1683417600,0.7019,0.7593,0.6903,0.7318,0.7271333333333333,3161679.17,0,coinbase
1683504000,0.7313,0.8192,0.6999,0.742,0.7536999999999999,9828922.71,0,coinbase
1683590400,0.7412,0.7412,0.6828,0.692,0.7053333333333333,3484113.84,0,coinbase
1683676800,0.6925,0.6945,0.61,0.6636,0.6560333333333334,5383821.22,0,coinbase
1683763200,0.664,0.6792,0.6085,0.6298,0.6391666666666667,3174873.81,0,coinbase
1683849600,0.63,0.6436,0.6009,0.6377,0.6274000000000001,2624354.81,0,coinbase
1683936000,0.6382,0.6386,0.6181,0.6229,0.6265333333333333,719414.61,0,coinbase
1684022400,0.6227,0.6456,0.6107,0.6297,0.6286666666666667,834962.38,0,coinbase
1684108800,0.6268,0.6516,0.6136,0.6334,0.6328666666666667,1442941.18,0,coinbase
1684195200,0.6339,0.6492,0.6228,0.6386,0.6368666666666667,2027554.55,0,coinbase
1684281600,0.6373,0.6699,0.6273,0.6618,0.653,2204064.86,0,coinbase
1684368000,0.6615,0.6815,0.6324,0.6673,0.6604,2937607.22,0,coinbase
1684454400,0.666,0.6681,0.6475,0.6641,0.6598999999999999,2414290.32,0,coinbase
1684540800,0.6656,0.6798,0.6568,0.6716,0.6694,887190.53,0,coinbase
1684627200,0.6704,0.673,0.6374,0.6395,0.6499666666666667,723487.17,0,coinbase
1684713600,0.6391,0.6399,0.6228,0.63,0.6309,1359587.17,0,coinbase
1684800000,0.6304,0.6578,0.6304,0.6359,0.6413666666666668,1499205.72,0,coinbase
1684886400,0.6348,0.6348,0.584,0.5912,0.6033333333333333,1678979.57,0,coinbase
1684972800,0.5912,0.5938,0.5735,0.5831,0.5834666666666667,1857690.52,0,coinbase
1685059200,0.5828,0.6115,0.5821,0.6031,0.5989,2347054.43,0,coinbase
1685145600,0.6026,0.609,0.5986,0.6079,0.6051666666666667,894325.3,0,coinbase
1685232000,0.6078,0.6342,0.6035,0.6309,0.6228666666666667,1915743.79,0,coinbase
1685318400,0.6311,0.6525,0.625,0.6333,0.6369333333333332,1264925.96,0,coinbase
1685404800,0.6335,0.6413,0.6193,0.6257,0.6287666666666666,1021882.03,0,coinbase
1685491200,0.6259,0.6288,0.5889,0.6003,0.606,1459557.0,0,coinbase
1685577600,0.6003,0.6076,0.5923,0.5975,0.5991333333333334,705474.89,0,coinbase
1685664000,0.5979,0.6151,0.59,0.6139,0.6063333333333333,1133982.89,0,coinbase
1685750400,0.6139,0.6217,0.6082,0.6158,0.6152333333333333,303981.85,0,coinbase
1685836800,0.6167,0.6239,0.612,0.6144,0.6167666666666666,724710.07,0,coinbase
1685923200,0.614,0.614,0.5315,0.5448,0.5634333333333333,2910370.29,0,coinbase
1686009600,0.5435,0.5963,0.5266,0.59,0.5709666666666666,3678388.22,0,coinbase
1686096000,0.5883,0.6658,0.587,0.6442,0.6323333333333333,5385078.75,0,coinbase
1686182400,0.6442,0.6789,0.6176,0.6291,0.6418666666666667,4646667.26,0,coinbase
1686268800,0.6294,0.6535,0.6137,0.622,0.6297333333333333,2103140.48,0,coinbase
1686355200,0.6213,0.6258,0.44,0.5515,0.5391,8079571.69,0,coinbase
1686441600,0.5529,0.5562,0.5179,0.5365,0.5368666666666667,2238890.15,0,coinbase
1686528000,0.5363,0.5363,0.5038,0.5184,0.5195,1545404.71,0,coinbase
1686614400,0.5182,0.543,0.5048,0.5139,0.5205666666666667,1980109.41,0,coinbase
1686700800,0.5139,0.5286,0.4755,0.4884,0.4975,1917459.99,0,coinbase
1686787200,0.4878,0.5463,0.4673,0.5395,0.5177,5107837.7,0,coinbase
1686873600,0.5387,0.5693,0.5251,0.5498,0.5480666666666667,3584224.83,0,coinbase
1686960000,0.5489,0.5895,0.5474,0.5626,0.5665,1474502.95,0,coinbase
1687046400,0.5628,0.5781,0.5444,0.5548,0.5591,1118765.89,0,coinbase
1687132800,0.5573,0.6075,0.5552,0.5937,0.5854666666666667,1974040.8,0,coinbase
1687219200,0.5936,0.7655,0.59,0.7494,0.7016333333333332,7477351.3,0,coinbase
1687305600,0.7498,0.8893,0.7264,0.8191,0.8116,10197677.87,0,coinbase
1687392000,0.82,0.8812,0.7703,0.7751,0.8088666666666667,8155652.97,0,coinbase
1687478400,0.7767,0.836,0.7428,0.7658,0.7815333333333333,14137147.53,0,coinbase
1687564800,0.7664,0.7673,0.7136,0.7361,0.739,3355650.72,0,coinbase
1687651200,0.7366,0.7582,0.7146,0.7299,0.7342333333333334,3045539.48,0,coinbase
1687737600,0.7304,0.7857,0.7128,0.7324,0.7436333333333334,8511398.75,0,coinbase
1687824000,0.7324,0.7398,0.6984,0.7119,0.7167,8248047.03,0,coinbase
1687910400,0.712,0.712,0.6617,0.6856,0.6864333333333333,5709126.36,0,coinbase
1687996800,0.685,0.7297,0.6805,0.6842,0.6981333333333334,7726605.07,0,coinbase
1688083200,0.6845,0.7223,0.59,0.6925,0.6682666666666667,13487270.99,0,coinbase
1688169600,0.6903,0.705,0.6698,0.6992,0.6913333333333332,2816528.31,0,coinbase
1688256000,0.6993,0.7201,0.6736,0.6992,0.6976333333333334,2627088.9,0,coinbase
1688342400,0.6997,0.7553,0.6974,0.7427,0.7318000000000001,11920540.48,0,coinbase
1688428800,0.7428,0.7437,0.689,0.6934,0.7087,10489074.96,0,coinbase
1688515200,0.6931,0.7003,0.6565,0.6717,0.6761666666666667,3245947.1,0,coinbase
1688601600,0.67,0.6975,0.6406,0.6439,0.6606666666666666,11805255.76,0,coinbase
1688688000,0.6437,0.6578,0.6362,0.6516,0.6485333333333333,2950542.61,0,coinbase
1688774400,0.6502,0.6566,0.6335,0.6439,0.6446666666666666,1457223.79,0,coinbase
1688860800,0.6445,0.6518,0.6367,0.6391,0.6425333333333333,1464543.48,0,coinbase
1688947200,0.6369,0.6533,0.6133,0.6398,0.6354666666666667,2325130.89,0,coinbase
1689033600,0.6397,0.6683,0.6316,0.6565,0.6521333333333333,1423370.74,0,coinbase
1689120000,0.6571,0.697,0.6555,0.669,0.6738333333333334,2448725.12,0,coinbase
1689206400,0.669,0.6972,0.65,0.6849,0.6773666666666666,5359031.95,0,coinbase
1689292800,0.6843,0.7109,0.6329,0.6504,0.6647333333333333,5642953.03,0,coinbase
1689379200,0.6498,0.6578,0.6392,0.6464,0.6478,902279.94,0,coinbase
1689465600,0.6472,0.6494,0.6243,0.6307,0.6347999999999999,1124801.77,0,coinbase
1689552000,0.6314,0.6446,0.6125,0.6378,0.6316333333333333,1634851.41,0,coinbase
1689638400,0.6377,0.6653,0.616,0.633,0.6381,1545991.41,0,coinbase
1689724800,0.6334,0.6447,0.6251,0.6282,0.6326666666666667,928834.45,0,coinbase
1689811200,0.6279,0.6429,0.6146,0.622,0.6265000000000001,1456894.77,0,coinbase
1689897600,0.6226,0.6276,0.618,0.6226,0.6227333333333334,1296858.99,0,coinbase
1689984000,0.6233,0.6356,0.6179,0.6235,0.6256666666666667,852173.1,0,coinbase
1690070400,0.6226,0.6327,0.6167,0.6255,0.6249666666666667,756826.57,0,coinbase
1690156800,0.6254,0.6282,0.5665,0.5924,0.5957,2129675.79,0,coinbase
1690243200,0.5918,0.5997,0.5853,0.595,0.5933333333333334,1657412.63,0,coinbase
1690329600,0.5951,0.6116,0.585,0.6051,0.6005666666666667,1929085.99,0,coinbase
1690416000,0.6053,0.6107,0.5895,0.5952,0.5984666666666667,1123504.89,0,coinbase
1690502400,0.5949,0.6015,0.5901,0.598,0.5965333333333334,415002.5,0,coinbase
1690588800,0.5974,0.6033,0.5954,0.601,0.5999,325600.06,0,coinbase
1690675200,0.6012,0.6083,0.5831,0.5982,0.5965333333333332,1338546.73,0,coinbase
1690761600,0.5978,0.6031,0.581,0.588,0.5907,1313905.48,0,coinbase
1690848000,0.5878,0.6264,0.5798,0.6139,0.6067,3353719.21,0,coinbase
1690934400,0.6142,0.6211,0.6019,0.6082,0.6103999999999999,1547261.78,0,coinbase
1691020800,0.6085,0.6339,0.6039,0.6075,0.6151,2022350.78,0,coinbase
1691107200,0.6076,0.6076,0.5763,0.5838,0.5892333333333334,1847219.04,0,coinbase
1691193600,0.5832,0.5832,0.5719,0.5774,0.5775,641800.36,0,coinbase
1691280000,0.5777,0.5836,0.5712,0.5767,0.5771666666666667,686630.8,0,coinbase
1691366400,0.5773,0.5845,0.5587,0.5771,0.5734333333333334,1261016.29,0,coinbase
1691452800,0.5773,0.6352,0.563,0.5952,0.5978,2535914.94,0,coinbase
1691539200,0.5941,0.6013,0.5774,0.5845,0.5877333333333333,1518007.99,0,coinbase
1691625600,0.5845,0.5901,0.5783,0.5809,0.5831000000000001,685116.4,0,coinbase
1691712000,0.5807,0.5867,0.578,0.581,0.5819,595729.3,0,coinbase
1691798400,0.581,0.5873,0.5804,0.5853,0.5843333333333334,175278.28,0,coinbase
1691884800,0.5856,0.6035,0.5798,0.5819,0.5884,1202767.81,0,coinbase
1691971200,0.582,0.5909,0.5742,0.5838,0.5829666666666666,642807.3,0,coinbase
1692057600,0.5837,0.5861,0.5246,0.5518,0.5541666666666667,1233129.62,0,coinbase
1692144000,0.552,0.5596,0.5002,0.5148,0.5248666666666667,1747893.04,0,coinbase
1692230400,0.5142,0.5243,0.4037,0.4646,0.46419999999999995,4015105.49,0,coinbase
1692316800,0.4644,0.4884,0.4623,0.4779,0.47619999999999996,1602151.86,0,coinbase
1692403200,0.4777,0.4984,0.4762,0.492,0.4888666666666667,1997819.4,0,coinbase
1692489600,0.4919,0.4977,0.4829,0.488,0.4895333333333333,1193654.25,0,coinbase
1692576000,0.4884,0.4895,0.4592,0.4722,0.47363333333333335,1575881.71,0,coinbase
1692662400,0.4723,0.4745,0.4457,0.471,0.46373333333333333,1462957.41,0,coinbase
1692748800,0.4698,0.4917,0.4637,0.4841,0.47983333333333333,1223227.4,0,coinbase
1692835200,0.4844,0.4865,0.4676,0.4746,0.47623333333333334,742380.89,0,coinbase
1692921600,0.4746,0.4763,0.4591,0.4707,0.46869999999999995,1673404.65,0,coinbase
1693008000,0.471,0.4733,0.4612,0.4621,0.46553333333333335,607201.5,0,coinbase
1693094400,0.462,0.4727,0.46,0.4677,0.46680000000000005,617210.84,0,coinbase
1693180800,0.468,0.4704,0.4512,0.4563,0.4593,875690.73,0,coinbase
1693267200,0.4564,0.5326,0.4447,0.5255,0.5009333333333333,6499437.26,0,coinbase
1693353600,0.5257,0.5585,0.5129,0.5299,0.5337666666666667,6247964.94,0,coinbase
1693440000,0.5308,0.5363,0.4858,0.4898,0.5039666666666667,3596488.76,0,coinbase
1693526400,0.4901,0.4996,0.4655,0.4678,0.47763333333333335,2387626.62,0,coinbase
1693612800,0.4676,0.4706,0.4505,0.4583,0.4598,1429691.78,0,coinbase
1693699200,0.4584,0.4615,0.4494,0.4554,0.45543333333333336,942681.83,0,coinbase
1693785600,0.4555,0.4618,0.4451,0.4531,0.45333333333333337,926590.16,0,coinbase
1693872000,0.4534,0.4885,0.4534,0.4747,0.47219999999999995,2623820.38,0,coinbase
1693958400,0.4742,0.48,0.4522,0.4644,0.4655333333333333,1825935.16,0,coinbase
1694044800,0.4645,0.4733,0.4563,0.4732,0.4676,1560692.93,0,coinbase
1694131200,0.4734,0.4762,0.4558,0.4634,0.46513333333333334,1252164.45,0,coinbase
1694217600,0.463,0.4698,0.4601,0.4676,0.4658333333333333,482303.49,0,coinbase
1694304000,0.4677,0.4681,0.445,0.4508,0.4546333333333334,1039545.52,0,coinbase
1694390400,0.451,0.4532,0.42,0.4279,0.4337,2256068.56,0,coinbase
1694476800,0.4276,0.4587,0.4264,0.4403,0.4418,1242713.09,0,coinbase
1694563200,0.4413,0.4654,0.4399,0.4592,0.45483333333333337,950427.72,0,coinbase
1694649600,0.4596,0.4747,0.4551,0.4683,0.4660333333333333,1480610.96,0,coinbase
1694736000,0.4689,0.4736,0.4545,0.469,0.4657,829608.87,0,coinbase
1694822400,0.4693,0.4767,0.4659,0.4719,0.4715,476201.1,0,coinbase
1694908800,0.4716,0.4716,0.448,0.4535,0.4577,549622.09,0,coinbase
1694995200,0.4533,0.5099,0.4466,0.4827,0.47973333333333334,4497861.56,0,coinbase
1695081600,0.4846,0.503,0.4718,0.492,0.4889333333333334,2590147.87,0,coinbase
1695168000,0.4914,0.4993,0.4773,0.4886,0.4884,1925149.79,0,coinbase
1695254400,0.4885,0.503,0.4643,0.4715,0.4796,2165414.63,0,coinbase
1695340800,0.473,0.4773,0.4634,0.4708,0.4705,1128577.59,0,coinbase
1695427200,0.472,0.4762,0.4678,0.4725,0.4721666666666666,432260.78,0,coinbase
1695513600,0.4713,0.4772,0.4585,0.4644,0.46669999999999995,818770.5,0,coinbase
1695600000,0.4644,0.4709,0.4588,0.4645,0.4647333333333334,644762.68,0,coinbase
1695686400,0.4643,0.4685,0.4484,0.4569,0.45793333333333336,756660.12,0,coinbase
1695772800,0.457,0.4785,0.4519,0.4578,0.4627333333333333,894031.93,0,coinbase
1695859200,0.4579,0.4862,0.4574,0.4842,0.4759333333333333,1654829.12,0,coinbase
1695945600,0.4842,0.4851,0.4681,0.4774,0.4768666666666667,642280.83,0,coinbase
1696032000,0.4765,0.4822,0.4725,0.4804,0.47836666666666666,712924.32,0,coinbase
1696118400,0.4789,0.5195,0.4774,0.5118,0.5029,1560755.96,0,coinbase
1696204800,0.5127,0.552,0.504,0.5153,0.5237666666666666,5804643.91,0,coinbase
1696291200,0.5144,0.5283,0.4882,0.4882,0.5015666666666666,1878804.74,0,coinbase
1696377600,0.489,0.4983,0.4715,0.4958,0.4885333333333333,1598122.53,0,coinbase
1696464000,0.4958,0.512,0.4863,0.4943,0.4975333333333333,1837149.09,0,coinbase
1696550400,0.4945,0.5244,0.4861,0.5178,0.5094333333333333,1724844.62,0,coinbase
1696636800,0.5177,0.5274,0.5085,0.5177,0.5178666666666666,1003171.35,0,coinbase
1696723200,0.5157,0.5249,0.5023,0.5042,0.5104666666666667,1001044.78,0,coinbase
1696809600,0.5038,0.5151,0.4765,0.489,0.4935333333333333,1839282.84,0,coinbase
1696896000,0.4884,0.5091,0.4841,0.4991,0.49743333333333334,1337671.13,0,coinbase
1696982400,0.4992,0.5007,0.4765,0.4932,0.49013333333333337,1796654.91,0,coinbase
1697068800,0.4938,0.4964,0.478,0.4863,0.48689999999999994,993386.44,0,coinbase
1697155200,0.4863,0.5115,0.4804,0.4993,0.4970666666666667,1086675.97,0,coinbase
1697241600,0.4997,0.514,0.4993,0.5014,0.5049,863344.03,0,coinbase
1697328000,0.5012,0.5158,0.4965,0.5113,0.5078666666666667,1288579.44,0,coinbase
1697414400,0.5113,0.5949,0.5081,0.5416,0.5482,5415495.85,0,coinbase
1697500800,0.5409,0.5544,0.5229,0.5515,0.5429333333333334,2178808.95,0,coinbase
1697587200,0.5518,0.5715,0.5338,0.5393,0.5482,4462017.8,0,coinbase
1697673600,0.5395,0.5742,0.5289,0.5695,0.5575333333333333,2815282.0,0,coinbase
1697760000,0.5694,0.6774,0.5599,0.6287,0.622,6327667.82,0,coinbase
1697846400,0.629,0.6525,0.6147,0.6195,0.6288999999999999,3347506.82,0,coinbase
1697932800,0.62,0.6482,0.6089,0.6311,0.6294,2071069.97,0,coinbase
1698019200,0.6311,0.7498,0.6227,0.7379,0.7034666666666668,10321632.71,0,coinbase
1698105600,0.7379,0.7473,0.6565,0.68,0.6946,6588677.97,0,coinbase
1698192000,0.6797,0.7084,0.6594,0.6787,0.6821666666666667,7089175.64,0,coinbase
1698278400,0.6787,0.6919,0.6111,0.645,0.6493333333333333,4974377.57,0,coinbase
1698364800,0.6461,0.6514,0.622,0.6363,0.6365666666666666,3348223.24,0,coinbase
1698451200,0.6358,0.6634,0.6358,0.6558,0.6516666666666667,2308107.13,0,coinbase
1698537600,0.6552,0.6811,0.6193,0.6364,0.6456,3992709.92,0,coinbase
1698624000,0.6375,0.6442,0.6164,0.6314,0.6306666666666666,2997379.72,0,coinbase
1698710400,0.6317,0.6409,0.5908,0.6251,0.6189333333333333,5973036.87,0,coinbase
1698796800,0.6256,0.6581,0.6005,0.6478,0.6354666666666667,6768756.92,0,coinbase
1698883200,0.6476,0.6592,0.6064,0.6253,0.6303,5840975.75,0,coinbase
1698969600,0.6252,0.6555,0.5992,0.64,0.6315666666666666,4157597.35,0,coinbase
1699056000,0.6395,0.6577,0.6297,0.6508,0.6460666666666667,2577699.48,0,coinbase
1699142400,0.65,0.67,0.635,0.6466,0.6505333333333333,3744191.8,0,coinbase
1699228800,0.6464,0.6824,0.6424,0.6747,0.6665,2786512.09,0,coinbase
1699315200,0.6733,0.6906,0.6407,0.6723,0.6678666666666667,4997383.74,0,coinbase
1699401600,0.6721,0.7255,0.66,0.7013,0.6956000000000001,4998819.9,0,coinbase
1699488000,0.7035,0.7415,0.636,0.6816,0.6863666666666667,14187113.93,0,coinbase
1699574400,0.6819,0.704,0.6533,0.6905,0.6826,4426444.1,0,coinbase
1699660800,0.6899,0.6953,0.6639,0.6708,0.6766666666666666,4594961.88,0,coinbase
1699747200,0.6705,0.6797,0.6472,0.6755,0.6674666666666665,2198052.76,0,coinbase
1699833600,0.6731,0.6848,0.6383,0.6391,0.6540666666666667,3035817.93,0,coinbase
1699920000,0.6391,0.651,0.61,0.6181,0.6263666666666667,6949521.08,0,coinbase
1700006400,0.6182,0.6583,0.6144,0.654,0.6422333333333333,3558304.25,0,coinbase
1700092800,0.6529,0.6794,0.637,0.647,0.6544666666666666,4656832.88,0,coinbase
1700179200,0.647,0.6798,0.607,0.6347,0.6405,4430603.72,0,coinbase
1700265600,0.632,0.6347,0.6,0.6336,0.6227666666666667,1446202.28,0,coinbase
1700352000,0.6337,0.6503,0.6175,0.6491,0.6389666666666667,1553239.69,0,coinbase
1700438400,0.6486,0.6698,0.63,0.6385,0.6461,3805716.02,0,coinbase
1700524800,0.6388,0.6434,0.5797,0.5852,0.6027666666666667,2993167.48,0,coinbase
1700611200,0.5838,0.6398,0.5831,0.6269,0.6166,1831845.82,0,coinbase
1700697600,0.6274,0.6377,0.6196,0.6304,0.6292333333333334,2811590.49,0,coinbase
1700784000,0.6307,0.687,0.628,0.6462,0.6537333333333333,2071566.84,0,coinbase
1700870400,0.6462,0.662,0.641,0.6586,0.6538666666666666,722810.45,0,coinbase
1700956800,0.6595,0.7113,0.6549,0.692,0.6860666666666667,4561926.62,0,coinbase
1701043200,0.6924,0.7043,0.6406,0.6534,0.6661,3170226.02,0,coinbase
1701129600,0.6531,0.7265,0.6268,0.7234,0.6922333333333333,10046003.07,0,coinbase
1701216000,0.7263,0.7987,0.7148,0.7221,0.7452,7976161.12,0,coinbase
1701302400,0.7222,0.7264,0.677,0.6925,0.6986333333333333,5895679.12,0,coinbase
1701388800,0.6928,0.784,0.6834,0.7642,0.7438666666666668,12799674.25,0,coinbase
1701475200,0.7651,0.8179,0.757,0.7813,0.7854,8210387.85,0,coinbase
1701561600,0.7811,0.8585,0.7767,0.8299,0.8217,9343613.33,0,coinbase
1701648000,0.8294,1.1869,0.7661,1.1803,1.0444333333333333,21006445.4,0,coinbase
1701734400,1.1804,1.2576,1.089,1.1819,1.1761666666666668,18272451.34,0,coinbase
1701820800,1.1839,1.1839,1.0102,1.0338,1.0759666666666667,10008183.57,0,coinbase
1701907200,1.0342,1.0755,0.9669,0.9968,1.0130666666666666,4981841.03,0,coinbase
1701993600,0.995,1.0742,0.9683,1.0404,1.0276333333333334,9322200.52,0,coinbase
1702080000,1.0404,1.048,0.9745,0.9921,1.0048666666666666,3995865.77,0,coinbase
1702166400,0.9921,1.022,0.9597,0.9922,0.9913,3170580.47,0,coinbase
1702252800,0.9944,0.9984,0.8174,0.9089,0.9082333333333333,7129574.86,0,coinbase
1702339200,0.9092,0.9962,0.9003,0.9284,0.9416333333333333,7645541.85,0,coinbase
1702425600,0.9286,1.037,0.8741,1.0048,0.9719666666666665,7263012.77,0,coinbase
1702512000,1.0042,1.1376,0.9941,1.0915,1.0744,8592561.07,0,coinbase
1702598400,1.0881,1.1051,0.9799,0.9825,1.0225,4328397.02,0,coinbase
1702684800,0.984,1.0593,0.966,1.0082,1.0111666666666665,3420537.43,0,coinbase
1702771200,1.0084,1.0719,1.0014,1.0551,1.0428,5088248.19,0,coinbase
1702857600,1.0544,1.2735,1.0458,1.263,1.1941,12542841.05,0,coinbase
1702944000,1.2634,1.2934,1.1594,1.1752,1.2093333333333334,6335116.32,0,coinbase
1703030400,1.1756,1.5673,1.1747,1.4609,1.4009666666666665,19661987.01,0,coinbase
1703116800,1.4605,1.6356,1.4019,1.414,1.4838333333333331,9138768.39,0,coinbase
1703203200,1.4147,1.4611,1.2987,1.4436,1.4011333333333333,7343227.81,0,coinbase
1703289600,1.4436,1.5613,1.3741,1.4854,1.4736,9061494.04,0,coinbase
1703376000,1.4853,1.5408,1.3653,1.3896,1.4319,6059178.7,0,coinbase
1703462400,1.3905,1.6191,1.3699,1.516,1.5016666666666667,7392952.2,0,coinbase
1703548800,1.5179,1.7197,1.4008,1.7137,1.6114,10671360.75,0,coinbase
1703635200,1.7137,1.7386,1.5306,1.5688,1.6126666666666665,6497364.57,0,coinbase
1703721600,1.5694,1.6247,1.3949,1.4864,1.502,8152251.24,0,coinbase
1703808000,1.4884,1.5497,1.3904,1.4256,1.4552333333333334,11475327.05,0,coinbase
1703894400,1.4247,1.4732,1.3607,1.4189,1.4176,5116827.27,0,coinbase
1703980800,1.4189,1.532,1.3894,1.5009,1.4741,6130847.49,0,coinbase
1704067200,1.4992,1.6317,1.4454,1.6272,1.5681,6915211.57,0,coinbase
1704153600,1.6258,1.7461,1.5453,1.547,1.6128,9679288.84,0,coinbase
1704240000,1.5468,1.6198,1.2065,1.5548,1.4603666666666666,14383139.3,0,coinbase
1704326400,1.5537,1.7361,1.52,1.7197,1.6585999999999999,11758413.13,0,coinbase
1704412800,1.7195,1.7748,1.5673,1.6112,1.6510999999999998,9041841.35,0,coinbase
1704499200,1.61,1.6136,1.4434,1.571,1.5426666666666666,4686074.28,0,coinbase
1704585600,1.573,1.785,1.5408,1.6671,1.6643000000000001,9557273.24,0,coinbase
1704672000,1.6682,2.03,1.5607,2.0265,1.8724,19156109.67,0,coinbase
1704758400,2.0253,2.0617,1.7343,1.8278,1.8746,15432692.19,0,coinbase
1704844800,1.8273,1.9531,1.6621,1.848,1.8210666666666666,14735253.69,0,coinbase
1704931200,1.8486,1.9937,1.7338,1.7793,1.8356000000000001,11863964.95,0,coinbase
1705017600,1.7781,1.7913,1.5769,1.6258,1.6646666666666665,10268281.59,0,coinbase
1705104000,1.6269,1.7198,1.6269,1.6729,1.6732000000000002,5947874.52,0,coinbase
1705190400,1.6722,1.6946,1.5722,1.5735,1.6134333333333333,6683851.97,0,coinbase
1705276800,1.5743,1.6375,1.5523,1.5851,1.5916333333333332,5463775.89,0,coinbase
1705363200,1.5865,1.6639,1.5797,1.633,1.6255333333333333,9816214.44,0,coinbase
1705449600,1.6323,1.6516,1.5451,1.5726,1.5897666666666666,6215035.9,0,coinbase
1705536000,1.5743,1.6081,1.4752,1.4834,1.5222333333333335,7468485.24,0,coinbase
1705622400,1.4846,1.5222,1.3917,1.4944,1.4694333333333331,11226830.91,0,coinbase
1705708800,1.493,1.5132,1.429,1.4861,1.4761,6460546.98,0,coinbase
1705795200,1.4867,1.5076,1.4495,1.4534,1.4701666666666666,2983291.1,0,coinbase
1705881600,1.4545,1.4648,1.3215,1.3321,1.3727999999999998,8956565.83,0,coinbase
1705968000,1.3326,1.4017,1.24,1.3948,1.3455000000000001,12779002.95,0,coinbase
1706054400,1.3951,1.487,1.3718,1.4774,1.4454,5637762.17,0,coinbase
1706140800,1.4774,1.4974,1.43,1.4524,1.459933333333333,4429537.51,0,coinbase
1706227200,1.4535,1.5444,1.4354,1.5067,1.4954999999999998,4542499.5,0,coinbase
1706313600,1.5096,1.5463,1.4961,1.5142,1.5188666666666666,2978887.75,0,coinbase
1706400000,1.514,1.5639,1.4589,1.4766,1.4997999999999998,3953159.39,0,coinbase
1706486400,1.4766,1.5711,1.4434,1.5375,1.5173333333333332,3306341.51,0,coinbase
1706572800,1.5381,1.6183,1.5258,1.5349,1.5596666666666668,6360594.09,0,coinbase
1706659200,1.537,1.5801,1.4675,1.525,1.5241999999999998,5909244.96,0,coinbase
1706745600,1.524,1.5383,1.4469,1.4952,1.4934666666666665,2595377.44,0,coinbase
1706832000,1.4963,1.5739,1.4899,1.5566,1.5401333333333334,2826940.73,0,coinbase
1706918400,1.558,1.577,1.519,1.5249,1.5403,1388932.41,0,coinbase
1707004800,1.5241,1.525,1.464,1.4678,1.4855999999999998,1285434.5,0,coinbase
1707091200,1.4683,1.518,1.446,1.4805,1.4814999999999998,1724873.47,0,coinbase
1707177600,1.4804,1.5202,1.4473,1.5003,1.4892666666666667,2797387.15,0,coinbase
1707264000,1.5014,1.6772,1.4962,1.6606,1.6113333333333333,5027336.95,0,coinbase
1707350400,1.6643,1.8311,1.6446,1.7846,1.7534333333333334,11115279.05,0,coinbase
1707436800,1.787,1.8762,1.762,1.8108,1.8163333333333334,6865913.73,0,coinbase
1707523200,1.8108,1.8797,1.738,1.8145,1.8107333333333333,2945852.55,0,coinbase
1707609600,1.8152,1.93,1.7958,1.8503,1.8587,3827542.87,0,coinbase
1707696000,1.8529,2.055,1.8469,1.9943,1.9654,7060945.37,0,coinbase
1707782400,1.9918,2.1755,1.966,2.1316,2.0910333333333333,8517674.62,0,coinbase
1707868800,2.1319,2.5759,2.0963,2.5659,2.4127,13325001.71,0,coinbase
1707955200,2.5662,2.8061,2.4852,2.5415,2.610933333333333,18631612.17,0,coinbase
1708041600,2.5412,2.6402,2.4486,2.5916,2.5601333333333334,8927943.88,0,coinbase
1708128000,2.5907,2.66,2.417,2.5358,2.5376,6536130.27,0,coinbase
1708214400,2.5349,2.669,2.4521,2.6545,2.5918666666666668,5108633.79,0,coinbase
1708300800,2.6545,2.9245,2.5918,2.6411,2.719133333333333,10303755.4,0,coinbase
1708387200,2.6408,2.8591,2.565,2.7048,2.709633333333333,8392938.08,0,coinbase
1708473600,2.7078,2.9,2.5191,2.6601,2.6930666666666667,11979735.7,0,coinbase
1708560000,2.6621,2.7195,2.5208,2.5423,2.5942,7299087.8,0,coinbase
1708646400,2.5448,2.6257,2.3937,2.4446,2.488,6777668.68,0,coinbase
1708732800,2.4424,2.6013,2.3711,2.5868,2.5197333333333334,4341978.12,0,coinbase
1708819200,2.5855,2.6432,2.5109,2.5908,2.581633333333333,3153105.44,0,coinbase
1708905600,2.5919,2.9211,2.431,2.9123,2.7548,9213849.53,0,coinbase
1708992000,2.9122,3.2675,2.8616,2.9521,3.027066666666667,14900699.8,0,coinbase
1709078400,2.9544,3.392,2.9,3.0866,3.1261999999999994,16238743.64,0,coinbase
1709164800,3.0889,3.1684,2.8215,2.898,2.9626333333333332,10800051.18,0,coinbase
1709251200,2.8992,3.0453,2.8816,2.9726,2.9665,6991485.44,0,coinbase
1709337600,2.9731,2.977,2.8818,2.9753,2.9446999999999997,3399091.84,0,coinbase
1709424000,2.974,3.1335,2.8145,3.0472,2.9984,5524982.17,0,coinbase
1709510400,3.0502,3.1975,2.9138,3.0332,3.048166666666667,9040844.22,0,coinbase
1709596800,3.0345,3.0486,2.2104,2.7367,2.6652333333333336,13375566.5,0,coinbase
1709683200,2.7356,2.9089,2.5922,2.8423,2.781133333333333,9783692.06,0,coinbase
1709769600,2.8441,2.9354,2.7318,2.9083,2.8585,7338763.17,0,coinbase
1709856000,2.9097,3.0574,2.7374,2.8375,2.8774333333333337,8099693.97,0,coinbase
1709942400,2.8372,2.8715,2.7896,2.8125,2.8245333333333336,2742532.17,0,coinbase
1710028800,2.8121,3.3333,2.8,2.9595,3.0309333333333335,9207195.4,0,coinbase
1710115200,2.9592,3.389,2.8256,3.0681,3.0942333333333334,10694773.0,0,coinbase
1710201600,3.0683,3.1482,2.8221,3.0381,3.0028,7160532.25,0,coinbase
1710288000,3.0387,3.1851,2.9468,3.0992,3.077033333333333,5144583.97,0,coinbase
1710374400,3.102,3.1181,2.7567,2.9267,2.9338333333333337,7091126.58,0,coinbase
1710460800,2.9265,2.979,2.5623,2.7911,2.7774666666666668,7488767.59,0,coinbase
1710547200,2.7928,2.8365,2.502,2.6005,2.646333333333333,4103555.21,0,coinbase
1710633600,2.602,2.8006,2.5664,2.7714,2.7128,5631066.83,0,coinbase
1710720000,2.7701,2.7795,2.5663,2.656,2.667266666666667,3552028.55,0,coinbase
1710806400,2.658,2.9675,2.472,2.6922,2.710566666666667,17316690.18,0,coinbase
1710892800,2.6905,3.528,2.6498,3.4167,3.198166666666667,17989680.47,0,coinbase
1710979200,3.4169,3.5645,3.2194,3.2831,3.3556666666666666,9974579.09,0,coinbase
1711065600,3.2834,3.7,3.2684,3.4501,3.472833333333334,12068073.13,0,coinbase
1711152000,3.4476,3.6774,3.3759,3.6168,3.5566999999999998,8824277.11,0,coinbase
1711238400,3.6161,3.75,3.4784,3.6578,3.6287333333333334,6324945.38,0,coinbase
1711324800,3.6566,3.7954,3.43,3.6197,3.6150333333333333,7009875.97,0,coinbase
1711411200,3.6207,3.6526,3.4247,3.4653,3.5142,4281096.52,0,coinbase
1711497600,3.4651,3.5723,3.2819,3.3698,3.408,4780793.06,0,coinbase
1711584000,3.3669,3.4902,3.32,3.4415,3.4172333333333333,3845717.4,0,coinbase
1711670400,3.4384,3.78,3.4183,3.7286,3.6423,6395808.16,0,coinbase
1711756800,3.7286,3.78,3.5347,3.6571,3.6572666666666667,4183992.72,0,coinbase
1711843200,3.6532,3.6968,3.522,3.655,3.6245999999999996,2903309.96,0,coinbase
1711929600,3.6551,3.846,3.3886,3.6175,3.617366666666667,8832953.14,0,coinbase
1712016000,3.6172,3.6207,3.2716,3.2892,3.3938333333333333,8454646.73,0,coinbase
1712102400,3.2891,3.3617,3.0772,3.1344,3.1911,5719434.66,0,coinbase
1712188800,3.1349,3.3531,3.0777,3.2727,3.2345,3849929.71,0,coinbase
1712275200,3.2635,3.3577,2.9099,3.0931,3.120233333333333,4322068.37,0,coinbase
1712361600,3.0925,3.2425,3.0596,3.2127,3.1716,1888338.08,0,coinbase
1712448000,3.2127,3.3699,3.1857,3.3095,3.2883666666666667,2767206.23,0,coinbase
1712534400,3.3068,3.5151,3.2325,3.4727,3.4067666666666665,2466246.87,0,coinbase
1712620800,3.4717,3.5376,3.1296,3.1772,3.2814666666666668,2617722.94,0,coinbase
1712707200,3.1772,3.2233,2.9716,3.0935,3.096133333333334,2944722.75,0,coinbase
1712793600,3.0935,3.1149,2.9311,2.9899,3.0119666666666665,3925156.13,0,coinbase
1712880000,2.9901,3.0764,2.3393,2.631,2.682233333333333,8224401.93,0,coinbase
1712966400,2.631,2.7909,2.1084,2.5278,2.4757000000000002,8558633.1,0,coinbase
1713052800,2.5223,2.7899,2.3997,2.7481,2.6459,5134300.7,0,coinbase
1713139200,2.7436,2.845,2.45,2.5346,2.6098666666666666,3067932.61,0,coinbase
1713225600,2.5346,2.574,2.2808,2.415,2.4232666666666667,3547280.11,0,coinbase
1713312000,2.4105,2.424,2.193,2.2627,2.2932333333333332,7826694.31,0,coinbase
1713398400,2.2608,2.4785,2.203,2.4483,2.3766,3613855.22,0,coinbase
1713484800,2.4478,2.5314,2.1889,2.4507,2.390333333333333,4766576.18,0,coinbase
1713571200,2.4531,2.7305,2.3863,2.7209,2.6125666666666665,2995812.49,0,coinbase
1713657600,2.7209,2.9101,2.689,2.7929,2.797333333333333,4204078.04,0,coinbase
1713744000,2.7994,3.0445,2.775,3.0273,2.948933333333333,4238192.68,0,coinbase
1713830400,3.0252,3.1419,2.86,2.8893,2.9637333333333333,4263645.39,0,coinbase
1713916800,2.8892,3.294,2.6796,2.7048,2.8928,4139610.3,0,coinbase
1714003200,2.706,2.8042,2.6131,2.6638,2.6936999999999998,2761836.28,0,coinbase
1714089600,2.6642,2.7381,2.5693,2.5787,2.6287000000000003,3442709.67,0,coinbase
1714176000,2.5799,2.605,2.4807,2.5501,2.5452666666666666,1822093.97,0,coinbase
1714262400,2.5501,2.6024,2.4513,2.4737,2.509133333333333,1441922.86,0,coinbase
1714348800,2.4711,2.4984,2.3293,2.4739,2.433866666666667,2474133.42,0,coinbase
1714435200,2.4726,2.559,2.1032,2.1564,2.272866666666667,5419011.69,0,coinbase
1714521600,2.1552,2.2198,1.91,2.1396,2.0898000000000003,12449905.55,0,coinbase
1714608000,2.1388,2.1512,2.027,2.0854,2.0878666666666668,3471537.64,0,coinbase
1714694400,2.0853,2.4075,2.0436,2.3786,2.276566666666667,8087181.68,0,coinbase
1714780800,2.3757,2.466,2.3442,2.3565,2.3889,4001956.89,0,coinbase
1714867200,2.358,2.57,2.2722,2.3349,2.3923666666666668,3079969.89,0,coinbase
1714953600,2.3382,2.4319,2.186,2.2006,2.2728333333333333,4449928.67,0,coinbase
1715040000,2.2008,2.2831,2.136,2.1396,2.1862333333333335,2930059.5,0,coinbase
1715126400,2.1395,2.1706,2.0438,2.0558,2.0900666666666665,4249108.26,0,coinbase
1715212800,2.0552,2.1356,1.986,2.1007,2.0741,3538646.1,0,coinbase
1715299200,2.0998,2.142,2.002,2.0059,2.0499666666666667,2930475.23,0,coinbase
1715385600,2.006,2.0331,1.9631,1.9758,1.9906666666666666,1482129.48,0,coinbase
1715472000,1.9756,2.0461,1.9582,1.9871,1.9971333333333332,1033413.18,0,coinbase
1715558400,1.9877,2.0928,1.8764,2.0188,1.9959999999999998,4541411.12,0,coinbase
1715644800,2.0178,2.0354,1.8831,1.8944,1.9376333333333333,5058950.03,0,coinbase
1715731200,1.8945,2.2661,1.8665,2.1823,2.1049666666666664,11001050.13,0,coinbase
1715817600,2.1821,2.2082,1.9287,1.9799,2.0389333333333335,8024722.36,0,coinbase
1715904000,1.9813,2.1479,1.8988,2.0826,2.0430999999999995,5968669.43,0,coinbase
1715990400,2.082,2.1463,2.0485,2.0584,2.0844,1707208.89,0,coinbase
1716076800,2.058,2.0719,1.936,1.9543,1.9873999999999998,1229680.71,0,coinbase
1716163200,1.9538,2.1459,1.918,2.1406,2.068166666666667,4401912.57,0,coinbase
1716249600,2.1397,2.2767,2.0979,2.1686,2.1810666666666667,3582731.54,0,coinbase
1716336000,2.1709,2.1743,2.0354,2.0606,2.0901,4053463.4,0,coinbase
1716422400,2.0607,2.0964,1.93,2.0025,2.0096333333333334,6458495.74,0,coinbase
1716508800,2.0021,2.0275,1.885,1.972,1.9614999999999998,6135215.57,0,coinbase
1716595200,1.9727,2.0122,1.962,1.9937,1.9893,4168696.51,0,coinbase
1716681600,1.9926,2.035,1.9517,1.9726,1.9864333333333333,1941200.51,0,coinbase
1716768000,1.9707,2.1444,1.968,2.0746,2.0623333333333336,2671274.98,0,coinbase
1716854400,2.075,2.0924,1.9513,1.9817,2.0084666666666666,4353734.6,0,coinbase
1716940800,1.9817,2.0101,1.9256,1.9313,1.9556666666666667,3176959.18,0,coinbase
1717027200,1.9311,2.0185,1.875,1.9104,1.9346333333333334,9448795.49,0,coinbase
1717113600,1.9097,1.9602,1.7943,1.8253,1.8599333333333334,7702299.8,0,coinbase
1717200000,1.8257,1.8477,1.8034,1.8365,1.8292,3003870.04,0,coinbase
1717286400,1.8347,1.8898,1.8097,1.8225,1.8406666666666667,1213247.88,0,coinbase
1717372800,1.8227,1.9737,1.8101,1.8903,1.8913666666666666,4200699.62,0,coinbase
1717459200,1.8898,2.1922,1.8825,2.1535,2.0760666666666667,8577830.15,0,coinbase
1717545600,2.154,2.4376,2.1206,2.4093,2.3225000000000002,12580556.58,0,coinbase
1717632000,2.4095,2.4586,2.2516,2.3014,2.3372,7044852.25,0,coinbase
1717718400,2.3048,2.5093,2.064,2.1594,2.2442333333333333,14107640.22,0,coinbase
1717804800,2.1585,2.359,2.1404,2.2453,2.2482333333333333,5022394.09,0,coinbase
1717891200,2.2453,2.3318,2.1785,2.2674,2.259233333333333,2927224.47,0,coinbase
1717977600,2.2666,2.309,2.1449,2.2225,2.2254666666666667,4777730.53,0,coinbase
1718064000,2.2193,2.2403,2.051,2.1865,2.159266666666667,6142983.1,0,coinbase
1718150400,2.185,2.4662,2.1181,2.3839,2.3227333333333338,11434325.27,0,coinbase
1718236800,2.3833,2.402,2.042,2.0668,2.1702666666666666,8047832.43,0,coinbase
1718323200,2.066,2.1074,1.8719,1.9249,1.9680666666666669,7782383.56,0,coinbase
1718409600,1.9248,1.9693,1.8701,1.942,1.9271333333333336,2328989.04,0,coinbase
1718496000,1.9435,1.9778,1.8914,1.9006,1.9232666666666667,3441406.45,0,coinbase
1718582400,1.9003,1.9143,1.686,1.752,1.7840999999999998,10121426.75,0,coinbase
1718668800,1.7525,1.7591,1.5,1.6106,1.6232333333333333,10824291.09,0,coinbase
1718755200,1.6106,1.7231,1.5894,1.6329,1.6484666666666667,12718883.17,0,coinbase
1718841600,1.632,1.7468,1.615,1.6427,1.6681666666666668,10166025.49,0,coinbase
1718928000,1.6433,1.6882,1.5853,1.6027,1.6254,7007668.26,0,coinbase
1719014400,1.6028,1.6698,1.5666,1.6548,1.6303999999999998,3027850.08,0,coinbase
1719100800,1.652,1.6845,1.5842,1.5912,1.6199666666666666,3029484.01,0,coinbase
1719187200,1.5916,1.612,1.4692,1.5907,1.5573,7551184.42,0,coinbase
1719273600,1.5914,1.7971,1.5781,1.7947,1.7233,7344587.88,0,coinbase
1719360000,1.792,1.8196,1.673,1.6895,1.7273666666666667,4456745.42,0,coinbase
1719446400,1.69,1.773,1.663,1.7067,1.7142333333333333,4173279.04,0,coinbase
1719532800,1.7065,1.7578,1.6696,1.6747,1.7007,2875590.09,0,coinbase
1719619200,1.6746,1.697,1.6239,1.6286,1.6498333333333335,1583863.26,0,coinbase
1719705600,1.6298,1.7307,1.606,1.72,1.6855666666666667,2289384.98,0,coinbase
1719792000,1.7201,1.7749,1.6968,1.7125,1.7280666666666669,4069252.29,0,coinbase
1719878400,1.7119,1.7277,1.6558,1.6755,1.686333333333333,3387779.64,0,coinbase
1719964800,1.6763,1.6884,1.546,1.5637,1.5993666666666666,4067282.45,0,coinbase
1720051200,1.5647,1.5759,1.3744,1.3885,1.446266666666667,4133957.8,0,coinbase
1720137600,1.3895,1.432,1.25,1.3986,1.3602,7941142.83,0,coinbase
1720224000,1.3983,1.4924,1.369,1.4824,1.4479333333333333,2126481.52,0,coinbase
1720310400,1.4822,1.4822,1.311,1.3185,1.3705666666666667,3562370.07,0,coinbase
1720396800,1.3186,1.4176,1.255,1.3516,1.3414000000000001,2949413.24,0,coinbase
1720483200,1.3512,1.4034,1.333,1.3884,1.3749333333333331,3935899.85,0,coinbase
1720569600,1.3886,1.564,1.3648,1.5139,1.4809,5824249.2,0,coinbase
1720656000,1.5139,1.6993,1.5025,1.6127,1.6048333333333333,7025210.51,0,coinbase
1720742400,1.6115,1.7237,1.5376,1.6717,1.6443333333333332,7368033.94,0,coinbase
1720828800,1.673,1.735,1.6322,1.692,1.6864000000000001,3886857.15,0,coinbase
1720915200,1.6938,1.7397,1.65,1.7304,1.7066999999999999,3149137.39,0,coinbase
1721001600,1.7325,1.9247,1.7189,1.9163,1.8533,5968213.83,0,coinbase
1721088000,1.9164,1.9433,1.7818,1.9093,1.8781333333333334,5967582.68,0,coinbase
1721174400,1.9086,2.0097,1.86,1.8756,1.9151,4237988.42,0,coinbase
1721260800,1.8796,1.932,1.7927,1.8422,1.8556333333333335,3946535.44,0,coinbase
1721347200,1.8433,1.961,1.7723,1.9096,1.8809666666666667,4690126.85,0,coinbase
1721433600,1.9128,1.9342,1.8808,1.9102,1.9084,1687367.18,0,coinbase
1721520000,1.91,1.9866,1.8569,1.9537,1.9324000000000001,2949322.16,0,coinbase
1721606400,1.9539,1.9714,1.8339,1.8368,1.8807,1730585.61,0,coinbase
1721692800,1.8368,1.8659,1.722,1.7522,1.7800333333333331,2490537.24,0,coinbase
1721779200,1.7515,1.829,1.7256,1.7413,1.7652999999999999,1977568.81,0,coinbase
1721865600,1.7421,1.82,1.657,1.802,1.7596666666666667,3801317.29,0,coinbase
1721952000,1.8015,1.8826,1.796,1.8559,1.8448333333333335,3236902.09,0,coinbase
1722038400,1.8558,2.0471,1.8339,1.9434,1.941466666666667,6522970.6,0,coinbase
1722124800,1.942,1.9537,1.8637,1.888,1.9018,2379618.44,0,coinbase
1722211200,1.8871,1.9671,1.824,1.8346,1.8752333333333333,4539493.17,0,coinbase
1722297600,1.8355,1.8667,1.7618,1.784,1.8041666666666665,3663707.6,0,coinbase
1722384000,1.7842,1.8427,1.728,1.7292,1.7666333333333333,2435103.38,0,coinbase
1722470400,1.7283,1.7475,1.6029,1.7175,1.6893,3645335.01,0,coinbase
1722556800,1.7181,1.737,1.5345,1.5619,1.6111333333333333,3830455.18,0,coinbase
1722643200,1.563,1.5721,1.4313,1.4935,1.4989666666666668,5076566.05,0,coinbase
1722729600,1.4936,1.5078,1.2894,1.3613,1.3861666666666668,6106723.93,0,coinbase
1722816000,1.3612,1.3734,1.0558,1.2275,1.2188999999999999,19669170.22,0,coinbase
1722902400,1.2275,1.3542,1.2244,1.3197,1.2994333333333332,9759025.27,0,coinbase
1722988800,1.3196,1.4434,1.3021,1.3095,1.3516666666666666,8602550.56,0,coinbase
1723075200,1.3078,1.532,1.2866,1.5237,1.4474333333333333,4131307.52,0,coinbase
1723161600,1.5237,1.575,1.439,1.4919,1.501966666666667,4499135.88,0,coinbase
1723248000,1.4928,1.5154,1.468,1.4951,1.4928333333333335,913076.13,0,coinbase
1723334400,1.4953,1.5235,1.3663,1.377,1.4222666666666666,2707867.54,0,coinbase
1723420800,1.3774,1.4665,1.3542,1.4257,1.4154666666666664,2497912.76,0,coinbase
1723507200,1.424,1.596,1.397,1.5233,1.5054333333333334,3272752.77,0,coinbase
1723593600,1.5266,1.5675,1.4422,1.4459,1.4851999999999999,2857480.58,0,coinbase
1723680000,1.4454,1.5183,1.3909,1.4271,1.4454333333333336,3068822.6,0,coinbase
1723766400,1.4273,1.4783,1.3859,1.4566,1.4402666666666668,3706596.33,0,coinbase
1723852800,1.456,1.4983,1.4428,1.47,1.4703666666666668,1184438.36,0,coinbase
1723939200,1.471,1.4901,1.418,1.4198,1.4426333333333332,2523951.4,0,coinbase
1724025600,1.418,1.4832,1.3948,1.4744,1.4508,1553144.21,0,coinbase
1724112000,1.4761,1.535,1.46,1.4845,1.4931666666666665,2436206.63,0,coinbase
1724198400,1.4845,1.621,1.4453,1.615,1.5604333333333333,3041369.84,0,coinbase
1724284800,1.6158,1.6523,1.574,1.633,1.6197666666666668,2463830.46,0,coinbase
1724371200,1.6333,1.845,1.6324,1.787,1.7548000000000001,3494188.06,0,coinbase
1724457600,1.788,1.8607,1.7687,1.8238,1.8177333333333332,2397484.76,0,coinbase
1724544000,1.8236,1.8607,1.7468,1.835,1.8141666666666667,1710396.0,0,coinbase
1724630400,1.836,1.8426,1.754,1.7593,1.7853,1807782.64,0,coinbase
1724716800,1.7601,1.8297,1.6599,1.7413,1.7436333333333334,3154097.29,0,coinbase
1724803200,1.7403,1.771,1.5505,1.6157,1.6457333333333333,6299279.47,0,coinbase
1724889600,1.6141,1.671,1.5597,1.5814,1.6040333333333334,1861717.42,0,coinbase
1724976000,1.5795,1.616,1.5095,1.5632,1.5629,2462762.32,0,coinbase
1725062400,1.5627,1.584,1.5087,1.5197,1.5374666666666668,841399.79,0,coinbase
1725148800,1.5198,1.5272,1.4183,1.4396,1.4616999999999998,1585095.75,0,coinbase
1725235200,1.4387,1.519,1.43,1.5138,1.4875999999999998,2236242.94,0,coinbase
1725321600,1.512,1.5542,1.411,1.4155,1.4602333333333333,1711829.27,0,coinbase
1725408000,1.4164,1.4894,1.3557,1.466,1.4370333333333332,2134872.86,0,coinbase
1725494400,1.4649,1.4823,1.3655,1.3788,1.4088666666666665,2671835.71,0,coinbase
1725580800,1.3793,1.448,1.315,1.3626,1.3752000000000002,2943071.3,0,coinbase
1725667200,1.363,1.4226,1.3594,1.3875,1.3898333333333335,608800.08,0,coinbase
1725753600,1.387,1.4374,1.374,1.4147,1.4086999999999998,918396.31,0,coinbase
1725840000,1.4186,1.5422,1.4062,1.5189,1.4890999999999999,1582020.33,0,coinbase
1725926400,1.519,1.65,1.5059,1.6102,1.5887,1880633.37,0,coinbase
1726012800,1.6115,1.6133,1.5205,1.5753,1.5696999999999999,2720340.51,0,coinbase
1726099200,1.5765,1.656,1.5735,1.6384,1.6226333333333331,2530447.64,0,coinbase
1726185600,1.6387,1.6648,1.5779,1.6497,1.6308,2194936.33,0,coinbase
1726272000,1.6496,1.6516,1.5853,1.6109,1.6159333333333332,1371501.31,0,coinbase
1726358400,1.6109,1.6169,1.5339,1.553,1.5679333333333334,2478993.18,0,coinbase
1726444800,1.5531,1.5531,1.47,1.4896,1.5042333333333333,1673887.0,0,coinbase
1726531200,1.4901,1.5973,1.4705,1.5235,1.5304333333333335,1459674.83,0,coinbase
1726617600,1.522,1.5673,1.4766,1.5673,1.5370666666666668,2014082.62,0,coinbase
1726704000,1.5673,1.7455,1.5485,1.6872,1.6604,6398129.23,0,coinbase
1726790400,1.6872,1.809,1.6658,1.7449,1.7398999999999998,3465027.71,0,coinbase
1726876800,1.7446,1.7735,1.7164,1.7592,1.7497,1169186.92,0,coinbase
1726963200,1.7604,1.7617,1.6607,1.7327,1.7183666666666666,1140336.71,0,coinbase
1727049600,1.7317,1.8734,1.6866,1.845,1.8016666666666667,4079295.54,0,coinbase
1727136000,1.8466,1.9842,1.8164,1.9602,1.9202666666666666,5460005.01,0,coinbase
1727222400,1.9589,2.0475,1.8641,1.8738,1.9284666666666668,3542195.48,0,coinbase
1727308800,1.8741,2.075,1.8456,1.9861,1.9689000000000003,4114788.01,0,coinbase
1727395200,1.987,2.06,1.9634,1.9913,2.0049,3749154.18,0,coinbase
1727481600,1.9913,2.0221,1.9135,1.961,1.9655333333333334,1785764.0,0,coinbase
1727568000,1.9631,2.0008,1.8937,1.9656,1.9533666666666667,2779336.22,0,coinbase
1727654400,1.966,1.9986,1.8171,1.8405,1.8854,2104174.18,0,coinbase
1727740800,1.8399,1.935,1.6062,1.711,1.7507333333333335,5265438.98,0,coinbase
1727827200,1.7087,1.797,1.6478,1.7289,1.7245666666666668,3061438.43,0,coinbase
1727913600,1.7282,1.8911,1.6963,1.8277,1.8050333333333333,8694840.05,0,coinbase
1728000000,1.8266,1.9995,1.817,1.8783,1.8982666666666665,5455309.2,0,coinbase
1728086400,1.8782,1.884,1.7647,1.8039,1.8175333333333334,1996446.29,0,coinbase
1728172800,1.8032,1.8468,1.7879,1.8404,1.8250333333333335,2057740.56,0,coinbase
1728259200,1.8398,1.8872,1.7531,1.7561,1.7988,3381588.82,0,coinbase
1728345600,1.7569,1.7795,1.707,1.7299,1.7388000000000001,1830516.95,0,coinbase
1728432000,1.7317,1.755,1.6329,1.6499,1.6792666666666667,2286716.53,0,coinbase
1728518400,1.6502,1.6911,1.5936,1.6719,1.6522,2640997.25,0,coinbase
1728604800,1.6715,1.7802,1.6512,1.7419,1.7244333333333335,3262227.62,0,coinbase
1728691200,1.7413,1.7867,1.7396,1.7562,1.7608333333333333,1317390.72,0,coinbase
1728777600,1.7573,1.7603,1.6669,1.7299,1.7190333333333332,1517654.08,0,coinbase
1728864000,1.7302,1.85,1.704,1.8327,1.7955666666666668,2505774.38,0,coinbase
1728950400,1.8331,1.8797,1.7589,1.816,1.8182,3512669.03,0,coinbase
1729036800,1.8171,1.91,1.7915,1.8498,1.8504333333333334,4478784.41,0,coinbase
1729123200,1.8538,1.9171,1.7698,1.8605,1.8328,324908.47328508,1579,kraken
1729209600,1.87,1.9554,1.8448,1.925,1.9014,301195.28941832,1350,kraken
1729296000,1.9255,1.9255,1.8635,1.8818,1.8915,111050.68648235,549,kraken
1729382400,1.8906,1.9368,1.82,1.9231,1.8859,240207.34323816,896,kraken
1729468800,1.9233,1.948,1.805,1.8288,1.8632,190299.75712005,985,kraken
1729555200,1.8338,1.8426,1.7711,1.814,1.8085,224980.36871016,781,kraken
1729641600,1.8113,1.8154,1.7222,1.7918,1.7685,299491.52039004,954,kraken
1729728000,1.7945,1.8378,1.7698,1.8081,1.8036,245337.40806838,854,kraken
1729814400,1.8104,1.8121,1.5566,1.6525,1.7309,708085.45226505,2449,kraken
1729900800,1.6397,1.6959,1.6211,1.6912,1.6635,221351.92146293,862,kraken
1729987200,1.685,1.7655,1.66,1.7387,1.6901,180845.87513458,583,kraken
1730073600,1.7406,1.7859,1.6686,1.7629,1.7236,261863.8092979,1301,kraken
1730160000,1.7569,1.9423,1.7567,1.8648,1.8686,895273.38501946,3244,kraken
1730246400,1.8657,1.8687,1.7575,1.7575,1.8067,281063.50091896,1186,kraken
1730332800,1.7576,1.7579,1.628,1.644,1.6833,298459.50997878,1055,kraken
1730419200,1.6383,1.6473,1.5662,1.5965,1.6093,448494.57625445,1186,kraken
1730505600,1.5995,1.6154,1.5578,1.5696,1.5888,142343.44922316,488,kraken
1730592000,1.5748,1.5749,1.4054,1.4766,1.4893,366373.04476775,1229,kraken
1730678400,1.4723,1.4984,1.4196,1.4554,1.4613,221996.5528086,611,kraken
1730764800,1.4588,1.5684,1.4577,1.5212,1.5165,387981.91588849,950,kraken
1730851200,1.5231,1.739,1.5218,1.7214,1.6707,1117473.19312118,2888,kraken
1730937600,1.7213,1.8487,1.6413,1.6816,1.702,635187.21028968,1682,kraken
1731024000,1.6775,1.7126,1.6099,1.656,1.6523,514618.69853527,1737,kraken
1731110400,1.6555,1.7486,1.6113,1.7266,1.6538,847008.99764047,1841,kraken
1731196800,1.7251,1.8704,1.7082,1.8146,1.7917,1054783.93970689,3723,kraken
1731283200,1.8085,2.2076,1.8032,2.2003,2.0446,1935332.29531181,8660,kraken
1731369600,2.2003,2.2982,1.9182,2.0235,2.0909,1545172.5415004,6984,kraken
1731456000,2.0231,2.0477,1.8254,1.9564,1.9464,1439936.08866361,4768,kraken
1731542400,1.9592,1.9855,1.7729,1.8036,1.8909,556286.12978463,2035,kraken
1731628800,1.8099,1.8865,1.74,1.8782,1.8324,493102.35243057,1742,kraken
1731715200,1.8705,2.0064,1.8562,2.0064,1.9589,534724.70800843,1976,kraken
1731801600,2.0034,2.02,1.8212,1.8568,1.911,382377.95958863,1627,kraken
1731888000,1.8592,1.9826,1.8518,1.9446,1.9188,474423.96877352,1797,kraken
1731974400,1.9377,1.9819,1.8452,1.891,1.9187,465384.54684124,1784,kraken
1732060800,1.8873,1.9063,1.776,1.8111,1.8467,445585.63781732,1589,kraken
1732147200,1.8063,1.9807,1.75,1.9249,1.9238,1707812.01935744,3984,kraken
1732233600,1.9227,2.055,1.8613,2.0406,1.9412,1058510.33109484,3065,kraken
1732320000,2.0366,2.173,1.9841,2.0697,2.0805,1250711.71797431,4079,kraken
1732406400,2.078,2.1521,1.8891,2.0586,2.0547,741723.52008232,2999,kraken
1732492800,2.0632,2.4137,2.0363,2.1141,2.2282,1482975.0005725,6414,kraken
1732579200,2.1206,2.2505,2.0293,2.1203,2.1175,802232.50497259,3611,kraken
1732665600,2.1172,2.2423,2.0695,2.2313,2.145,496631.62775479,2409,kraken
1732752000,2.2222,2.3678,2.1938,2.3135,2.28,652237.7273709,3891,kraken
1732838400,2.3182,2.35,2.2377,2.3425,2.3002,367683.47075127,2124,kraken
1732924800,2.3425,2.361,2.2642,2.3095,2.3168,341189.63428245,2038,kraken
1733011200,2.315,2.4934,2.2274,2.3909,2.3584,604457.86704664,3779,kraken
1733097600,2.3893,2.42,2.1423,2.4196,2.2885,666828.83301931,5433,kraken
1733184000,2.4172,2.5669,2.1759,2.5124,2.378,1570757.63542896,10121,kraken
1733270400,2.51,2.743,2.4828,2.6936,2.6341,1559566.8464383,9010,kraken
1733356800,2.6918,3.0185,2.5105,2.7574,2.843,2090520.56529298,11241,kraken
1733443200,2.7497,2.8235,2.6234,2.7433,2.7429,713303.20936111,4649,kraken
1733529600,2.7372,2.7679,2.6458,2.6555,2.6756,395547.12025319,2077,kraken
1733616000,2.6517,2.7362,2.5615,2.727,2.6565,343492.32457112,2230,kraken
1733702400,2.7218,2.7218,1.91,2.2506,2.2851,1224322.11988584,7513,kraken
1733788800,2.2466,2.3015,1.9508,2.1825,2.1312,1368399.96408183,6116,kraken
1733875200,2.1841,2.4096,2.0899,2.3963,2.276,482424.82854975,2758,kraken
1733961600,2.3978,2.4849,2.316,2.3381,2.4094,522175.36897053,3058,kraken
1734048000,2.3446,2.3686,2.2532,2.3157,2.2937,245233.11700727,1594,kraken
1734134400,2.3157,2.3842,2.1655,2.2228,2.2483,332199.24493525,1858,kraken
1734220800,2.2246,2.6321,2.1923,2.4463,2.3975,737612.4840623,3760,kraken
1734307200,2.4623,2.6256,2.4114,2.4156,2.5067,897604.84114354,5366,kraken
1734393600,2.4123,2.4348,2.2619,2.2749,2.3622,518879.72124338,3229,kraken
1734480000,2.2736,2.2745,1.977,2.0055,2.118,652120.59598216,4201,kraken
1734566400,2.0123,2.0355,1.7322,1.7912,1.8865,976174.42545009,5164,kraken
1734652800,1.7893,1.8362,1.5525,1.8026,1.7,1176826.30641752,4166,kraken
1734739200,1.8015,1.8885,1.6372,1.6522,1.758,465130.30920013,1838,kraken
1734825600,1.6486,1.6989,1.5874,1.6379,1.6428,214895.55576294,1045,kraken
1734912000,1.6303,1.7261,1.5826,1.7013,1.646,400022.35532409,1728,kraken
1734998400,1.7003,1.7907,1.646,1.7679,1.6927,387379.41177402,1475,kraken
1735084800,1.764,1.764,1.6617,1.6764,1.7053,144048.55529001,908,kraken
1735171200,1.6867,1.6977,1.5516,1.5768,1.5962,421729.6606297,1495,kraken
1735257600,1.5798,1.6475,1.557,1.5684,1.5944,250099.2167741,1098,kraken
1735344000,1.5688,1.6588,1.5577,1.6548,1.602,288395.41332175,803,kraken
1735430400,1.6448,1.6473,1.5549,1.5718,1.5981,583767.33306341,1274,kraken
1735516800,1.5607,1.5928,1.471,1.4889,1.5173,711994.48946274,1845,kraken
1735603200,1.48,1.6121,1.4388,1.5325,1.559,590462.12438843,1918,kraken
1735689600,1.5312,1.6367,1.4898,1.6089,1.5604,951589.83183118,2032,kraken
1735776000,1.613,1.6726,1.5965,1.6543,1.6379,282974.13885,1048,kraken
1735862400,1.6563,1.7445,1.6164,1.7353,1.7188,664692.67740035,1883,kraken
1735948800,1.7325,1.7482,1.6939,1.7306,1.7308,260073.61528685,996,kraken
1736035200,1.7205,1.7805,1.698,1.7721,1.7347,590503.47082424,1462,kraken
1736121600,1.7652,2.02,1.7172,1.819,1.8205,822928.94579496,2566,kraken
1736208000,1.8101,1.8133,1.5991,1.6039,1.7113,441735.88807785,1584,kraken
1736294400,1.6003,1.6171,1.4619,1.5446,1.5424,522438.47563448,1565,kraken
1736380800,1.5395,1.5573,1.4642,1.4999,1.4953,265829.26745409,2026,kraken
1736467200,1.5008,1.5578,1.4885,1.5401,1.5272,186991.69819953,696,kraken
1736553600,1.5331,1.5526,1.505,1.5318,1.5221,231069.53667127,514,kraken
1736640000,1.5357,1.5414,1.4978,1.5111,1.5248,197474.45496518,491,kraken
1736726400,1.5092,1.5396,1.351,1.4519,1.434,835509.15519974,2737,kraken
1736812800,1.4445,1.5132,1.4417,1.5022,1.476,703705.56751274,1366,kraken
1736899200,1.4987,1.6135,1.4575,1.6135,1.527,295729.44257939,1020,kraken
1736985600,1.6144,1.6159,1.5301,1.5565,1.5698,316703.92799763,1254,kraken
1737072000,1.5561,1.6837,1.5561,1.6788,1.6585,333540.52971784,1512,kraken
1737158400,1.6816,1.7227,1.5273,1.574,1.5867,410818.46667798,1583,kraken
1737244800,1.5658,1.6025,1.3782,1.4037,1.5083,697059.02752789,2696,kraken
1737331200,1.4084,1.5569,1.3547,1.4152,1.4378,606148.17059345,2574,kraken
1737417600,1.4122,1.5163,1.3559,1.4812,1.4342,456122.12163504,2192,kraken
1737504000,1.4858,1.4907,1.404,1.41,1.4495,209285.74895499,721,kraken
1737590400,1.4051,1.4403,1.349,1.3957,1.4053,496039.69841292,2121,kraken
1737676800,1.4006,1.4386,1.3512,1.3681,1.4013,339036.98073725,938,kraken
1737763200,1.3655,1.404,1.3544,1.3861,1.3864,240565.11621402,594,kraken
1737849600,1.3878,1.4141,1.3292,1.3307,1.3796,124173.97490139,510,kraken
1737936000,1.3307,1.3307,1.2024,1.277,1.2547,399580.43114751,1647,kraken
1738022400,1.2906,1.3038,1.2169,1.2169,1.2766,252275.12062469,551,kraken
1738108800,1.2234,1.2918,1.2186,1.2501,1.2499,133648.36589751,376,kraken
1738195200,1.2479,1.3626,1.2399,1.3185,1.3194,261153.9752767,496,kraken
1738281600,1.3176,1.3848,1.306,1.3284,1.3481,280868.54784883,749,kraken
1738368000,1.3295,1.3439,1.21,1.2195,1.2746,113621.07381404,357,kraken
1738454400,1.2135,1.2423,0.9756,1.032,1.0957,746069.9625423,1702,kraken
1738540800,1.0356,1.0606,0.7542,1.0469,0.9179,1182608.32495119,2476,kraken
1738627200,1.0561,1.0808,0.9772,1.0091,1.0311,510587.2576232,1049,kraken
1738713600,1.0135,1.0345,0.9621,0.971,1.0062,1014738.70932239,1123,kraken
1738800000,0.9712,0.9924,0.8897,0.8977,0.9356,559272.79113037,944,kraken
1738886400,0.8989,0.9555,0.846,0.8694,0.897,1052549.12772104,1061,kraken
1738972800,0.8681,0.9266,0.8478,0.913,0.8706,621151.43438541,843,kraken
1739059200,0.9091,0.9282,0.8613,0.895,0.8968,236334.7862217,490,kraken
1739145600,0.9061,0.9943,0.8757,0.9678,0.9623,1019858.25066043,1373,kraken
1739232000,0.9694,1.0119,0.9206,0.9351,0.9786,470700.90626421,857,kraken
1739318400,0.9378,1.0022,0.8954,0.9846,0.9559,265734.45967162,504,kraken
1739404800,0.9839,1.0054,0.9354,0.9564,0.9496,438250.2734118,507,kraken
1739491200,0.9563,1.0135,0.9494,0.9849,0.9842,164221.85596528,542,kraken
1739577600,0.9853,0.9903,0.9266,0.933,0.953,171388.49459063,588,kraken
1739664000,0.9337,0.9578,0.9171,0.9285,0.9319,237581.29166224,522,kraken
1739750400,0.9339,0.9607,0.9015,0.9272,0.9306,286305.86537025,598,kraken
1739836800,0.9215,0.9215,0.8486,0.8754,0.8734,287365.91569007,533,kraken
1739923200,0.8754,0.907,0.8641,0.8901,0.881,192328.9245451,329,kraken
1740009600,0.8874,0.9507,0.8874,0.9507,0.9218,125378.77080054,328,kraken
1740096000,0.9494,0.9761,0.8843,0.9013,0.9075,391202.54109955,549,kraken
1740182400,0.9021,0.9318,0.8995,0.9276,0.9197,47615.98669458,174,kraken
1740268800,0.9271,0.9483,0.9018,0.913,0.9277,103551.82656191,256,kraken
1740355200,0.9196,0.9196,0.7713,0.7806,0.8463,607513.0883881,940,kraken
1740441600,0.7837,0.7868,0.7085,0.7826,0.7577,478574.9880935,813,kraken
1740528000,0.782,0.8106,0.7548,0.79,0.7883,364965.37169224,904,kraken
1740614400,0.794,0.9095,0.7841,0.8335,0.849,382375.59650159,661,kraken
1740700800,0.8345,0.8437,0.7627,0.8331,0.7998,229154.94755024,518,kraken
1740787200,0.8272,0.8432,0.7881,0.8114,0.8042,203073.74385195,374,kraken
1740873600,0.8059,0.8888,0.7851,0.879,0.8487,573023.67541501,865,kraken
1740960000,0.8712,0.8714,0.7194,0.7313,0.8134,438325.64426292,906,kraken
1741046400,0.7249,0.7301,0.6489,0.7049,0.6822,1425144.4627911,1574,kraken
1741132800,0.7017,0.7403,0.6887,0.7382,0.715,368163.01038038,466,kraken
1741219200,0.7378,0.7652,0.7101,0.7225,0.7344,267305.42458817,440,kraken
1741305600,0.7226,0.7467,0.6799,0.7092,0.7167,250332.91049175,527,kraken
1741392000,0.7098,0.7165,0.6775,0.6822,0.6881,172599.65296647,323,kraken
1741478400,0.684,0.6893,0.613,0.6222,0.6497,161519.74301398,442,kraken
1741564800,0.6232,0.6631,0.5734,0.5808,0.6092,248042.4352269,815,kraken
1741651200,0.5804,0.6264,0.5438,0.6114,0.5823,549901.20801693,1066,kraken
1741737600,0.6141,0.8184,0.5914,0.6343,0.6167,952845.3957889,957,kraken
1741824000,0.637,0.645,0.6,0.6159,0.6236,145447.39373909,277,kraken
1741910400,0.6166,0.6582,0.6159,0.6402,0.6397,233197.09621286,387,kraken
1741996800,0.6401,0.6643,0.6393,0.6569,0.6517,54041.9929339,156,kraken
1742083200,0.6549,0.6558,0.6124,0.6164,0.6272,147817.84021942,219,kraken
1742169600,0.6195,0.6455,0.6185,0.6248,0.6288,317394.50574501,377,kraken
1742256000,0.6231,0.7454,0.5883,0.6171,0.5999,1120304.60755661,894,kraken
1742342400,0.6164,0.6675,0.613,0.6603,0.6366,646066.69095928,636,kraken
1742428800,0.6622,0.6653,0.6305,0.6441,0.644,215383.0129716,408,kraken
1742515200,0.6441,0.6473,0.6143,0.6192,0.6257,103512.3460668,255,kraken
1742601600,0.6198,0.6333,0.6153,0.6191,0.6263,174723.04369331,211,kraken
1742688000,0.6204,0.645,0.6193,0.6289,0.6304,99441.84323698,183,kraken
1742774400,0.6334,0.6942,0.6243,0.6826,0.6676,400723.97337694,582,kraken
1742860800,0.687,0.7076,0.6761,0.699,0.6963,183761.28568146,348,kraken
1742947200,0.7011,0.7571,0.7011,0.7171,0.7245,389032.15675944,738,kraken
1743033600,0.7222,0.7721,0.7188,0.7274,0.7465,186992.81924323,436,kraken
1743120000,0.7273,0.7273,0.6478,0.6609,0.6694,331077.22573271,387,kraken
1743206400,0.659,0.659,0.615,0.6199,0.6289,168427.79740435,227,kraken
1743292800,0.6206,0.6333,0.6052,0.6124,0.6252,159054.66217614,250,kraken
1743379200,0.6083,0.6272,0.5909,0.6094,0.6092,117165.79025822,224,kraken
1743465600,0.6088,0.6345,0.6084,0.6168,0.6202,99917.38056235,225,kraken
1743552000,0.6095,0.6351,0.5682,0.5788,0.6079,676439.83575173,728,kraken
1743638400,0.5788,0.601,0.5556,0.5793,0.5748,288422.9993443,528,kraken
1743724800,0.5789,0.6111,0.5641,0.6014,0.5894,273563.98056636,414,kraken
1743811200,0.6011,0.6142,0.5889,0.601,0.5975,247601.5838803,348,kraken
1743897600,0.5967,0.6109,0.5194,0.5316,0.5557,216200.22681135,560,kraken
1743984000,0.5315,0.5617,0.4763,0.549,0.5235,573085.39620357,1086,kraken
1744070400,0.5512,0.5779,0.5289,0.5337,0.5519,373835.00450983,457,kraken
1744156800,0.5326,0.613,0.5176,0.6071,0.5732,292038.05061595,473,kraken
1744243200,0.6047,0.6193,0.575,0.5939,0.6021,257793.49237197,443,kraken
1744329600,0.5943,0.6285,0.5943,0.614,0.6195,468855.71082847,447,kraken
1744416000,0.6152,0.6568,0.6046,0.6454,0.6293,333552.34907591,316,kraken
1744502400,0.6478,0.6478,0.6045,0.6067,0.6281,271011.12889961,463,kraken
1744588800,0.6177,0.6322,0.5967,0.6005,0.6121,185185.42759326,368,kraken
1744675200,0.6001,0.6179,0.579,0.5825,0.5964,192002.48718127,373,kraken
1744761600,0.581,0.5918,0.5665,0.5759,0.5805,342576.81399493,445,kraken
1744848000,0.5778,0.5922,0.569,0.582,0.582,141875.24971645,278,kraken
1744934400,0.583,0.5986,0.5778,0.5908,0.5936,68082.79428297,159,kraken
1745020800,0.5901,0.6182,0.5901,0.6143,0.6037,117992.36532028,253,kraken
1745107200,0.6147,0.6454,0.6031,0.6345,0.6264,219772.61665361,584,kraken
1745193600,0.6353,0.7264,0.6353,0.7012,0.6925,1068411.75567723,1893,kraken
1745280000,0.6995,0.8274,0.691,0.8149,0.7643,565413.18400349,1604,kraken
1745366400,0.8169,0.8243,0.7569,0.7783,0.7944,627487.75669486,1186,kraken
1745452800,0.7746,0.8789,0.7381,0.8704,0.8297,1793567.42952141,2271,kraken
1745539200,0.8736,0.9253,0.8574,0.8719,0.8954,774654.15186111,1745,kraken
1745625600,0.8695,0.8848,0.8393,0.8507,0.8549,224317.25172137,394,kraken
1745712000,0.8573,0.9311,0.841,0.841,0.8829,339227.14662147,963,kraken
1745798400,0.8405,0.8977,0.8215,0.8486,0.8505,224433.09701214,745,kraken
1745884800,0.8517,0.8864,0.8145,0.8252,0.8456,276803.2418915,550,kraken
1745971200,0.8288,0.8288,0.7669,0.814,0.7977,264080.49798187,655,kraken
1746057600,0.8134,0.8545,0.81,0.8362,0.8368,332669.4396751,510,kraken
1746144000,0.8355,0.8492,0.8092,0.8245,0.8271,292161.3913576,578,kraken
1746230400,0.8233,0.8252,0.77,0.7729,0.7894,125625.62372021,319,kraken
1746316800,0.7692,0.7981,0.7544,0.7568,0.7755,121272.53060008,305,kraken
1746403200,0.7598,0.7775,0.7458,0.7701,0.7654,249014.96228082,462,kraken
1746489600,0.7689,0.8005,0.7313,0.7989,0.772,381063.65741057,726,kraken
1746576000,0.8001,0.9006,0.7939,0.8949,0.8524,630776.34513665,1617,kraken
1746662400,0.8991,1.2,0.885,0.995,0.9765,1717362.66435915,2957,kraken
1746748800,0.9964,0.9964,0.946,0.9725,0.9748,2508328.05073802,1929,kraken
1746835200,0.9734,1.05,0.9696,1.0419,1.0233,1220196.91752456,1559,kraken
1746921600,1.0452,1.0705,0.9777,0.9935,1.0311,490733.61042398,983,kraken
1747008000,0.9979,1.04,0.9372,0.988,0.995,442469.60254303,927,kraken
1747094400,0.9872,1.0184,0.9275,1.0007,0.9876,350834.19678306,719,kraken
1747180800,1.0021,1.0055,0.9318,0.9427,0.9645,214996.81195535,565,kraken
1747267200,0.9462,0.9502,0.864,0.8865,0.8999,432893.5152609,933,kraken
1747353600,0.8881,0.9208,0.8675,0.8805,0.8995,349694.07907504,538,kraken
1747440000,0.874,0.874,0.8368,0.8461,0.8521,291833.03308096,459,kraken
1747526400,0.8466,0.9066,0.83,0.8918,0.8701,338662.88070776,711,kraken
1747612800,0.8846,0.8929,0.8143,0.858,0.8417,339850.80093066,536,kraken
1747699200,0.8562,0.8826,0.8352,0.8798,0.8486,483593.55444482,740,kraken
1747785600,0.8802,0.9475,0.86,0.9319,0.9073,604534.54167556,1388,kraken
1747872000,0.937,1.0219,0.931,1.001,0.9831,710375.79468305,1189,kraken
1747958400,0.9999,1.0246,0.8998,0.9035,0.9561,751671.95843516,1164,kraken
1748044800,0.9007,0.9254,0.8901,0.8962,0.9082,376204.02114445,536,kraken
1748131200,0.8974,0.8974,0.8497,0.8858,0.8692,237321.45852652,430,kraken
1748217600,0.8868,0.9044,0.8735,0.8793,0.8897,229108.86580672,374,kraken
1748304000,0.8929,0.9145,0.8617,0.8851,0.8923,394439.37116928,491,kraken
1748390400,0.8826,0.8894,0.837,0.8595,0.8614,167810.8769396,481,kraken
1748476800,0.8584,0.8743,0.818,0.8217,0.8328,331265.66413002,517,kraken
1748563200,0.8226,0.8282,0.7416,0.7459,0.7806,426179.1630591,756,kraken
1748649600,0.7463,0.7551,0.7094,0.7425,0.7368,218968.34314042,476,kraken
1748736000,0.7393,0.7557,0.7198,0.7511,0.7332,115011.34342433,288,kraken
1748822400,0.7497,0.7588,0.7218,0.7563,0.7386,254221.87554451,356,kraken
1748908800,0.7592,0.8009,0.7592,0.7848,0.7812,245066.70602596,508,kraken
1748995200,0.7861,0.7964,0.7479,0.7509,0.7678,131703.09079801,244,kraken
1749081600,0.751,0.7609,0.673,0.6923,0.7247,554008.80231844,690,kraken
1749168000,0.6928,0.7165,0.62,0.6292,0.652,916240.18203445,1452,kraken
1749254400,0.6333,0.6707,0.6305,0.6639,0.657,446199.50143443,775,kraken
1749340800,0.667,0.6733,0.6452,0.647,0.6539,363468.30885621,404,kraken
1749427200,0.6485,0.7012,0.6378,0.6995,0.6739,451860.26718207,610,kraken
1749513600,0.7001,0.7166,0.6844,0.7161,0.6992,410479.11265035,594,kraken
1749600000,0.7166,0.7236,0.678,0.687,0.7044,378014.3809953,565,kraken
1749686400,0.6873,0.6873,0.6413,0.6497,0.6668,150555.24884879,340,kraken
1749772800,0.6479,0.6479,0.5992,0.6364,0.6202,138866.89760044,434,kraken
1749859200,0.6368,0.639,0.6165,0.6293,0.6296,166190.41758668,347,kraken
1749945600,0.6272,0.637,0.6058,0.6181,0.6243,99303.96828835,214,kraken
1750032000,0.618,0.6653,0.6134,0.6382,0.6527,375888.0829234,392,kraken
1750118400,0.6372,0.6565,0.5991,0.6071,0.629,381734.94122717,514,kraken
1750204800,0.6088,0.6226,0.5872,0.6164,0.6105,447619.58717585,519,kraken
1750291200,0.618,0.6296,0.6046,0.6278,0.6151,267899.34117322,344,kraken
1750377600,0.6292,0.6534,0.5999,0.6085,0.6338,142064.10279616,341,kraken
1750464000,0.6113,0.6166,0.5634,0.5817,0.5875,176962.40597899,382,kraken
1750550400,0.583,0.5923,0.5223,0.5602,0.5496,345630.55567954,588,kraken
1750636800,0.5603,0.6312,0.5529,0.6312,0.5769,327244.89374016,423,kraken
1750723200,0.6293,0.6785,0.6275,0.6623,0.661,339644.21389637,410,kraken
1750809600,0.6639,0.7365,0.6628,0.6687,0.6906,518113.47596777,962,kraken
1750896000,0.6714,0.679,0.6379,0.6537,0.6613,123186.97835356,296,kraken
1750982400,0.6543,0.6669,0.6434,0.6599,0.6564,137536.52090535,283,kraken
1751068800,0.6597,0.6691,0.6501,0.6671,0.6645,277132.26131655,372,kraken
1751155200,0.6657,0.6954,0.6571,0.6911,0.6732,107064.02345327,326,kraken
1751241600,0.6881,0.6924,0.647,0.6586,0.6638,289008.95368668,517,kraken
1751328000,0.6589,0.6671,0.6324,0.6335,0.6474,206186.86712319,367,kraken
1751414400,0.6362,0.705,0.629,0.6867,0.6677,304024.79626951,475,kraken
1751500800,0.6893,0.7115,0.6846,0.6874,0.6975,112709.94920902,254,kraken
1751587200,0.6881,0.6928,0.6384,0.6474,0.6646,269246.48471204,345,kraken
1751673600,0.6525,0.6531,0.6355,0.6432,0.6428,72221.37148327,116,kraken
1751760000,0.6413,0.6693,0.6371,0.6572,0.6471,249199.42828912,214,kraken
1751846400,0.6566,0.6662,0.641,0.6476,0.647,203692.16031505,217,kraken
1751932800,0.6488,0.6607,0.6387,0.6576,0.6465,201342.07786139,473,kraken
1752019200,0.6576,0.697,0.6498,0.6905,0.6714,528581.39062323,524,kraken
1752105600,0.6929,0.7492,0.6861,0.7454,0.7127,157340.96575133,487,kraken
1752192000,0.7403,0.7792,0.7295,0.7405,0.7566,423425.06049944,883,kraken
1752278400,0.7413,0.7567,0.7162,0.7387,0.7388,155695.87885419,322,kraken
1752364800,0.7387,0.8015,0.7387,0.7874,0.7886,432164.99152522,724,kraken
1752451200,0.7845,0.8537,0.7755,0.7926,0.8204,447748.42852238,1007,kraken
1752537600,0.798,0.8148,0.7554,0.8133,0.7806,290492.94936216,567,kraken
1752624000,0.8082,0.8365,0.7928,0.8133,0.8133,183451.99815179,485,kraken
1752710400,0.8174,0.8576,0.7995,0.8513,0.8237,371556.70810747,816,kraken
1752796800,0.8474,0.8983,0.8152,0.835,0.8634,439091.42051487,789,kraken
1752883200,0.8344,0.8514,0.8079,0.8477,0.8302,105719.46252177,309,kraken
1752969600,0.8415,0.8909,0.8396,0.8761,0.8713,376439.7123734,669,kraken
1753056000,0.8678,0.9163,0.8574,0.8862,0.8808,360573.23605807,2116,kraken
1753142400,0.881,0.9039,0.8297,0.9039,0.8632,378479.21462138,734,kraken
1753228800,0.9,0.9,0.7741,0.7975,0.8249,710501.61472313,1090,kraken
1753315200,0.7944,0.8338,0.772,0.7768,0.8029,197007.32574775,603,kraken
1753401600,0.7763,0.8092,0.7491,0.8082,0.7731,316293.26878672,674,kraken
1753488000,0.8065,0.819,0.7987,0.8064,0.8093,141471.85884546,253,kraken
1753574400,0.8068,0.8707,0.8053,0.8576,0.8372,304139.24194962,632,kraken
1753660800,0.8583,0.8675,0.78,0.7878,0.8087,445330.05759682,860,kraken
1753747200,0.79,0.8086,0.7569,0.7804,0.783,214513.10609178,751,kraken
1753833600,0.7717,0.7787,0.7198,0.7552,0.7522,72389.71192027,330,kraken
1753920000,0.7601,0.77,0.7073,0.7084,0.7557,241148.77352818,509,kraken
1754006400,0.7086,0.7101,0.6689,0.6856,0.6939,241002.8904143,751,kraken
1754092800,0.6907,0.6941,0.6533,0.6671,0.6655,794701.92094442,730,kraken
1754179200,0.668,0.6914,0.668,0.6854,0.6842,107422.69241164,327,kraken
1754265600,0.6881,0.7183,0.6827,0.7133,0.7005,170750.17849831,447,kraken
1754352000,0.7128,0.723,0.6697,0.685,0.6998,192124.47962744,482,kraken
1754438400,0.684,0.6985,0.6662,0.6916,0.6802,80832.60582264,386,kraken
1754524800,0.6929,0.7396,0.6861,0.7396,0.7029,165986.5602506,431,kraken
1754611200,0.7385,0.7492,0.7155,0.737,0.7352,210185.28798522,635,kraken
1754697600,0.7376,0.7608,0.7353,0.7482,0.7493,573598.17838818,968,kraken
1754784000,0.751,0.7753,0.7285,0.7549,0.7393,200173.49144893,467,kraken
1754870400,0.7527,0.8,0.7129,0.7189,0.7679,479697.35648258,1111,kraken
1754956800,0.7168,0.7653,0.7023,0.7538,0.7386,225458.92271489,596,kraken
1755043200,0.7546,0.7981,0.7402,0.7954,0.7656,617881.9034473,1241,kraken
1755129600,0.7948,0.8101,0.7041,0.7192,0.7625,368074.16329705,1038,kraken
1755216000,0.7178,0.7274,0.6844,0.7041,0.7018,301972.99535705,478,kraken
1755302400,0.7055,0.722,0.7035,0.7175,0.7101,88241.31885607,278,kraken
1755388800,0.7173,0.7378,0.7124,0.7172,0.7216,122905.26118223,282,kraken
1755475200,0.7172,0.719,0.6793,0.6897,0.6941,131144.09305948,354,kraken
1755561600,0.6903,0.6993,0.642,0.6494,0.6712,279068.95509007,590,kraken
1755648000,0.6558,0.6832,0.645,0.6795,0.6574,130737.5444345,3465,kraken
1755734400,0.6799,0.6839,0.6525,0.6539,0.666,171795.47454894,877,kraken
1755820800,0.6565,0.7148,0.6347,0.7087,0.6734,502945.92491788,708,kraken
1755907200,0.7103,0.7106,0.6885,0.6965,0.696,127315.26373724,345,kraken
1755993600,0.6978,0.7083,0.6714,0.6792,0.6964,429410.35798082,633,kraken
1756080000,0.6803,0.6831,0.6116,0.6253,0.6375,276016.83130953,523,kraken
1756166400,0.6229,0.6529,0.618,0.6494,0.6385,281703.20234239,439,kraken
1756252800,0.649,0.654,0.6368,0.6405,0.6463,209954.75714123,550,kraken
1756339200,0.6412,0.6635,0.6369,0.655,0.6502,159610.10149809,334,kraken
1756425600,0.6568,0.6575,0.6111,0.6214,0.6406,828088.30801429,916,kraken
1756512000,0.6205,0.6289,0.6102,0.6241,0.6215,38342.24230922,230,kraken
1756598400,0.6258,0.6428,0.6196,0.6199,0.6339,83263.35009199,355,kraken
1756684800,0.6197,0.6317,0.5893,0.6086,0.6159,211687.3711605,565,kraken
1756771200,0.6087,0.6274,0.6026,0.6263,0.6177,84886.35184781,516,kraken
1756857600,0.6274,0.6444,0.6243,0.636,0.6371,109165.37488183,348,kraken
1756944000,0.6355,0.6452,0.6045,0.6118,0.6234,172717.5139292,457,kraken
1757030400,0.6132,0.6325,0.6099,0.6234,0.6185,240738.15251691,345,kraken
1757116800,0.6233,0.6258,0.6112,0.6222,0.6193,66724.88519087,207,kraken
1757203200,0.6223,0.634,0.6205,0.6321,0.6277,79185.56871038,166,kraken
1757289600,0.6279,0.6535,0.6267,0.645,0.6426,142729.48973592,304,kraken
1757376000,0.6447,0.6647,0.6368,0.64,0.6478,259006.51223186,311,kraken
1757462400,0.6406,0.6611,0.6385,0.6557,0.6529,195438.96478844,405,kraken
1757548800,0.6567,0.6999,0.6565,0.6795,0.6784,437935.3419465,642,kraken
1757635200,0.6777,0.6894,0.6643,0.6894,0.6806,310221.92008597,565,kraken
1757721600,0.6914,0.7022,0.6825,0.7002,0.6951,284216.19269598,550,kraken
1757808000,0.6998,0.7007,0.6621,0.6694,0.6767,407027.51860851,395,kraken
1757894400,0.6706,0.6752,0.6343,0.6452,0.6521,158923.08334441,649,kraken
1757980800,0.6457,0.6673,0.6395,0.6613,0.6544,261985.09046552,574,kraken
1758067200,0.6589,0.6774,0.6402,0.674,0.6493,141915.9305416,337,kraken
1758153600,0.6749,0.6989,0.6682,0.6902,0.6891,148586.56340262,804,kraken
1758240000,0.6916,0.6991,0.6502,0.6554,0.6713,162141.44020192,367,kraken
1758326400,0.656,0.6682,0.6496,0.6584,0.6584,114859.75425764,282,kraken
1758412800,0.6575,0.6623,0.643,0.6462,0.6485,280004.4967976,377,kraken
1758499200,0.6466,0.6466,0.5908,0.6044,0.6126,398522.72111167,746,kraken
1758585600,0.6065,0.6098,0.5907,0.5974,0.603,134393.92786388,278,kraken
1758672000,0.5972,0.6049,0.5828,0.5953,0.5985,117093.50450259,267,kraken
1758758400,0.5929,0.5959,0.5564,0.5641,0.5776,379681.68871604,701,kraken
1758844800,0.5656,0.5821,0.561,0.5791,0.5736,244662.05396667,371,kraken
1758931200,0.5786,0.582,0.5701,0.5746,0.5732,136115.52306228,245,kraken
1759017600,0.5746,0.5877,0.5587,0.5856,0.5728,149825.2674604,261,kraken
1759104000,0.5863,0.5928,0.5715,0.5863,0.583,145664.4463347,263,kraken
1759190400,0.5841,0.5855,0.5613,0.5696,0.5688,122847.4863751,281,kraken
1759276800,0.5735,0.605,0.5677,0.6028,0.5843,256998.03416209,341,kraken
1759363200,0.6051,0.6248,0.602,0.6228,0.615,218571.69353483,362,kraken
1759449600,0.6194,0.6343,0.6075,0.6201,0.6195,321035.11480623,473,kraken
1759536000,0.6201,0.6201,0.5941,0.6021,0.6027,138132.32017508,221,kraken
1759622400,0.6021,0.6236,0.594,0.5983,0.6125,117479.24753909,265,kraken
1759708800,0.5982,0.6316,0.596,0.6304,0.6172,176189.27446711,314,kraken
1759795200,0.631,0.6742,0.5965,0.5965,0.6469,659448.99455499,1149,kraken
1759881600,0.5965,0.6241,0.5965,0.6125,0.6104,245163.46814361,384,kraken
1759968000,0.6115,0.6115,0.5829,0.5937,0.5929,294536.7468045,346,kraken
1760054400,0.5937,0.597,0.2,0.4287,0.4161,2105648.9644836,3704,kraken
1760140800,0.4271,0.4532,0.4095,0.4219,0.4317,671103.12764958,857,kraken
1760227200,0.419,0.4671,0.4092,0.4598,0.4417,335191.35184009,505,kraken
1760313600,0.4579,0.4946,0.456,0.4889,0.4721,354226.32826002,566,kraken
1760400000,0.4911,0.492,0.4429,0.4712,0.463,260357.45004405,518,kraken
1760486400,0.4713,0.4799,0.4467,0.454,0.4631,173515.16450552,318,kraken
1760572800,0.4565,0.4651,0.4295,0.4358,0.4416,520276.8096189,615,kraken
1760659200,0.4367,0.4418,0.4021,0.422,0.4168,533446.7154167,624,kraken
1760745600,0.4224,0.4322,0.4163,0.4214,0.4251,85013.15559525,187,kraken
1760832000,0.422,0.4665,0.4143,0.4369,0.4391,908677.43963314,854,kraken
1760918400,0.4368,0.4577,0.4283,0.4425,0.4442,358071.44780761,723,kraken
1761004800,0.4415,0.4631,0.4237,0.4265,0.4394,153600.88981506,409,kraken
1761091200,0.4284,0.4335,0.4078,0.4219,0.4257,215710.14711117,439,kraken
1761177600,0.4205,0.4376,0.4192,0.4314,0.4276,181894.85086854,334,kraken
1761264000,0.4325,0.4551,0.4321,0.4488,0.4407,974318.333548,597,kraken
1761350400,0.4495,0.4527,0.4441,0.4459,0.4484,162340.65330753,220,kraken
1761436800,0.4453,0.4738,0.4435,0.47,0.4596,162291.41047649,304,kraken
1761523200,0.4701,0.4735,0.4526,0.458,0.4632,105455.25709148,226,kraken
1761609600,0.4576,0.4618,0.4366,0.443,0.4527,164170.20735607,312,kraken
1761696000,0.4424,0.4527,0.4288,0.4409,0.4401,569893.24669635,926,kraken
1761782400,0.4386,0.4468,0.392,0.4036,0.4074,828801.857286,545,kraken
1761868800,0.4064,0.4239,0.4033,0.4133,0.4125,332788.59715318,388,kraken
1761955200,0.4127,0.4286,0.4114,0.4235,0.4199,58353.41602665,311,kraken
1762041600,0.4221,0.4315,0.413,0.424,0.4219,82829.08344376,172,kraken
1762128000,0.4214,0.4214,0.3599,0.3709,0.3762,1104403.02016278,877,kraken
1762214400,0.3716,0.3805,0.3349,0.3562,0.361,1015801.50681538,992,kraken
1762300800,0.3558,0.362,0.3347,0.3612,0.3502,740394.17099693,564,kraken
1762387200,0.3604,0.3608,0.3423,0.3525,0.3527,216382.96365639,276,kraken
1762473600,0.3525,0.4184,0.3525,0.4115,0.3889,615814.36862506,811,kraken
1762560000,0.4155,0.4395,0.3941,0.4023,0.4174,450192.40197862,582,kraken
1762646400,0.4002,0.4526,0.3875,0.4223,0.4296,1062212.09800729,911,kraken
1762732800,0.419,0.4395,0.4168,0.428,0.4264,374566.72403088,390,kraken
1762819200,0.4275,0.4479,0.4104,0.4104,0.4278,425942.05670174,484,kraken
1762905600,0.4132,0.429,0.3985,0.4024,0.4184,246150.8663519,530,kraken
1762992000,0.4032,0.4129,0.3719,0.3839,0.3873,531749.569635,644,kraken
1763078400,0.3804,0.3831,0.352,0.3605,0.3655,271744.89143022,517,kraken
1763164800,0.3607,0.3702,0.3561,0.36,0.3635,160977.88604016,215,kraken
1763251200,0.3609,0.3689,0.339,0.3494,0.352,177699.43117312,258,kraken
1763337600,0.3462,0.3591,0.3309,0.3344,0.3458,214669.28522024,480,kraken
1763424000,0.3351,0.3558,0.3309,0.3479,0.3409,327467.23564756,300,kraken
1763510400,0.345,0.3521,0.325,0.3416,0.3409,178790.02712678,306,kraken
1763596800,0.3409,0.3505,0.321,0.3291,0.3386,196771.80470351,322,kraken
1763683200,0.329,0.3334,0.294,0.3121,0.3089,342796.26371925,600,kraken
1763769600,0.3124,0.3126,0.3007,0.3076,0.3059,144032.08746453,205,kraken
1763856000,0.3084,0.3134,0.308,0.308,0.3098,132719.39190197,213,kraken
1763942400,0.3052,0.3239,0.3051,0.3206,0.3136,329174.47830588,275,kraken
1764028800,0.3195,0.3214,0.3096,0.3206,0.3166,137822.96624853,159,kraken
1764115200,0.3196,0.3248,0.3099,0.323,0.3188,133420.56575159,175,kraken
1764201600,0.3229,0.3288,0.32,0.3233,0.3239,136625.36264374,183,kraken
1764288000,0.3234,0.3275,0.3165,0.3174,0.3207,151453.63988112,337,kraken
1764374400,0.3162,0.3195,0.3121,0.3133,0.3162,64960.98866582,95,kraken
1764460800,0.3142,0.318,0.3071,0.3071,0.3143,161454.28218889,119,kraken
1764547200,0.3083,0.3083,0.2748,0.2836,0.2837,334683.73521557,421,kraken
1764633600,0.2821,0.3132,0.2773,0.3082,0.2958,145802.49749349,254,kraken
1764720000,0.3082,0.323,0.306,0.3226,0.3139,126010.7358777,192,kraken
1764806400,0.3198,0.322,0.3053,0.3088,0.3136,82795.94050379,130,kraken
1764892800,0.3074,0.3098,0.2867,0.2924,0.3039,323587.02116081,272,kraken
1764979200,0.2929,0.3001,0.2917,0.2972,0.2953,159844.40683254,154,kraken
1765065600,0.2975,0.3029,0.2868,0.2916,0.2951,231432.35043272,268,kraken
1765152000,0.2945,0.3063,0.2945,0.3003,0.3016,199479.56459587,237,kraken
1765238400,0.3007,0.3247,0.2963,0.3157,0.3137,555833.99098806,394,kraken
1765324800,0.3181,0.3209,0.3048,0.3067,0.3121,410441.72868713,482,kraken
1765411200,0.3066,0.3066,0.2891,0.298,0.2942,187504.34131233,252,kraken
1765497600,0.2976,0.2992,0.2803,0.2874,0.2864,181169.61972355,254,kraken
1765584000,0.2883,0.292,0.2869,0.2895,0.2899,108065.56048715,128,kraken
1765670400,0.2891,0.2913,0.2754,0.2786,0.2838,149142.58312395,201,kraken
1765756800,0.2799,0.2837,0.2583,0.264,0.2667,399459.80356932,444,kraken
1765843200,0.263,0.2667,0.2576,0.2633,0.2622,238854.57493184,324,kraken
1765929600,0.2623,0.2694,0.248,0.2507,0.2562,283308.84097505,307,kraken
1766016000,0.2499,0.2588,0.2366,0.2405,0.2467,298914.26134664,351,kraken
1766102400,0.2409,0.2573,0.2376,0.2544,0.2501,256701.2932217,324,kraken
1766188800,0.2547,0.2591,0.2538,0.2559,0.2556,92748.69202047,124,kraken
1766275200,0.256,0.2562,0.2456,0.2492,0.2511,172614.47423215,212,kraken
1766361600,0.2506,0.2551,0.2455,0.2476,0.2509,181514.27055144,200,kraken
1766448000,0.2492,0.25,0.2402,0.2441,0.2428,287925.55604648,179,kraken
1766534400,0.2445,0.2492,0.2369,0.249,0.2436,401032.20699096,253,kraken
1766620800,0.2486,0.2555,0.2445,0.2452,0.2524,332297.11487792,284,kraken
1766707200,0.2443,0.2551,0.244,0.251,0.2489,172994.89947613,160,kraken
1766793600,0.2514,0.2664,0.2514,0.2656,0.2588,190481.91067233,255,kraken
1766880000,0.2659,0.268,0.2604,0.2645,0.2646,164468.11735996,198,kraken
1766966400,0.2648,0.2691,0.2547,0.2552,0.2634,313659.3815642,318,kraken
1767052800,0.2553,0.2585,0.252,0.2534,0.2546,294702.1671051,232,kraken
1767139200,0.2534,0.256,0.2384,0.2451,0.2462,680510.78106202,394,kraken
1767225600,0.2426,0.265,0.2404,0.2631,0.2486,287159.98266148,188,kraken
1767312000,0.2625,0.2771,0.261,0.2759,0.2677,276954.75640496,231,kraken
1767398400,0.2759,0.3161,0.2759,0.3011,0.2994,767324.78172389,756,kraken
1767484800,0.3014,0.3712,0.3014,0.3553,0.3367,1159048.38934422,978,kraken
1767571200,0.3562,0.3858,0.3447,0.3754,0.3639,1275130.41642102,1066,kraken
1767657600,0.3784,0.39,0.3591,0.3722,0.3732,1006386.55483136,611,kraken
1767744000,0.3722,0.3724,0.345,0.3478,0.3585,546731.68347522,403,kraken
1767830400,0.3475,0.3561,0.3275,0.3547,0.3427,667818.29865468,657,kraken
1767916800,0.3516,0.3804,0.3425,0.3734,0.3599,562608.768117,552,kraken
1768003200,0.3721,0.4001,0.365,0.3846,0.3876,1320362.20544529,1034,kraken
1768089600,0.3854,0.3979,0.3771,0.3827,0.3833,192172.51805184,242,kraken
1768176000,0.3822,0.4026,0.3689,0.3771,0.3847,641732.32820954,533,kraken
1768262400,0.3764,0.4011,0.3764,0.3946,0.3916,359643.36884666,308,kraken
1768348800,0.3966,0.3996,0.3814,0.3849,0.3921,334145.96151264,340,kraken
1768435200,0.3846,0.3866,0.3637,0.3656,0.3724,254336.68613805,356,kraken
1768521600,0.3668,0.3749,0.3556,0.3723,0.3666,236827.63281517,296,kraken
1768608000,0.3718,0.3723,0.3612,0.3615,0.3675,291440.02501803,221,kraken
1768694400,0.3607,0.3639,0.3392,0.343,0.351,387660.00577149,315,kraken
1768780800,0.3403,0.3403,0.3125,0.3231,0.328,518436.46718436,456,kraken
1768867200,0.3215,0.3221,0.2983,0.3011,0.3097,273876.59075148,260,kraken
1768953600,0.3011,0.3216,0.3005,0.3133,0.3106,692804.36028141,498,kraken
1769040000,0.3167,0.331,0.3105,0.3122,0.3215,781978.22770614,567,kraken
1769126400,0.3148,0.3217,0.3038,0.3096,0.3153,518721.31896217,308,kraken
1769212800,0.3083,0.3102,0.302,0.3048,0.3044,115758.521799,158,kraken
1769299200,0.3021,0.3021,0.2777,0.282,0.2889,410457.51090877,346,kraken
1769385600,0.2823,0.3022,0.2823,0.2978,0.294,312000.64961752,217,kraken
1769472000,0.2972,0.3041,0.2929,0.3019,0.2974,269546.64783918,201,kraken
1769558400,0.2998,0.303,0.2947,0.2989,0.2988,346039.25950303,221,kraken
1769644800,0.2989,0.2989,0.2763,0.286,0.2854,454393.29933409,367,kraken
1769731200,0.2869,0.2918,0.2732,0.2888,0.2831,502866.21957972,331,kraken
1769817600,0.2882,0.292,0.2322,0.2608,0.2573,773999.50649975,524,kraken
1769904000,0.2641,0.2648,0.247,0.2583,0.2552,397258.83815757,264,kraken
1769990400,0.2593,0.2965,0.248,0.2892,0.2822,1035521.67854695,559,kraken
1770076800,0.2904,0.3261,0.2883,0.3081,0.3054,2086091.33657481,1372,kraken
1770163200,0.3074,0.3089,0.2729,0.2776,0.2914,707739.18951344,517,kraken
1770249600,0.2761,0.2889,0.2402,0.2496,0.2665,1073274.78058531,661,kraken
1770336000,0.248,0.2848,0.221,0.2793,0.2627,960529.65753756,669,kraken
1770422400,0.2783,0.2845,0.2616,0.2681,0.2711,510360.22735565,276,kraken
1770508800,0.2691,0.2878,0.265,0.2692,0.274,785412.70147256,450,kraken
1770595200,0.2651,0.2669,0.2536,0.2628,0.2619,359255.59739435,229,kraken
1770681600,0.2627,0.2627,0.2521,0.2539,0.2558,345684.22266109,201,kraken
1770768000,0.2534,0.2624,0.2446,0.2551,0.2536,539931.93542008,359,kraken
1770854400,0.2557,0.2679,0.2557,0.2627,0.2621,613916.19426089,351,kraken
1770940800,0.2631,0.2797,0.2592,0.2698,0.2693,415740.09738454,318,kraken
1771027200,0.2705,0.2804,0.2677,0.2767,0.2739,293773.34619669,246,kraken
1771113600,0.2754,0.2798,0.2605,0.2671,0.2696,316675.21242489,214,kraken
1771200000,0.2651,0.2712,0.2608,0.2673,0.2655,225520.04516504,174,kraken
1771286400,0.2669,0.2672,0.257,0.2609,0.2613,217777.02859802,161,kraken
1771372800,0.2608,0.265,0.2511,0.2527,0.2594,298731.80264379,192,kraken
1771459200,0.2521,0.2547,0.2444,0.2501,0.2511,465556.81356917,247,kraken
1771545600,0.2497,0.2591,0.2469,0.2555,0.2525,615469.62636538,368,kraken
1771632000,0.2556,0.2591,0.2537,0.2542,0.2566,129649.94220688,105,kraken
1771718400,0.2531,0.2531,0.2414,0.2442,0.2471,145262.2169596,143,kraken
1771804800,0.2438,0.2438,0.2314,0.2359,0.2359,456375.31383712,251,kraken
1771891200,0.2371,0.2417,0.2299,0.2369,0.2368,298273.02403739,239,kraken
1771977600,0.2376,0.2751,0.2372,0.2628,0.2605,463220.01500918,364,kraken
1772064000,0.2645,0.2665,0.2542,0.2585,0.2614,339352.86173237,267,kraken
1772150400,0.2587,0.276,0.2521,0.2593,0.2625,315149.38119283,283,kraken
1772236800,0.2598,0.263,0.2421,0.2602,0.2515,272084.0028909,204,kraken
1772323200,0.2615,0.269,0.2483,0.2519,0.2554,445896.96269299,248,kraken
1772409600,0.2568,0.2661,0.2483,0.2567,0.2574,195902.38311399,189,kraken
1772496000,0.2549,0.2607,0.2516,0.258,0.2558,252155.81794949,179,kraken
1772582400,0.2566,0.2744,0.2527,0.2693,0.2653,391612.57358309,237,kraken
1772668800,0.2673,0.2713,0.2601,0.2649,0.2675,245209.25834354,160,kraken
1772755200,0.266,0.2717,0.2565,0.2611,0.2621,338023.69546512,192,kraken
1772841600,0.261,0.2632,0.2541,0.2563,0.2586,165442.40128512,126,kraken
1772928000,0.255,0.2581,0.2481,0.2512,0.2538,417149.09180461,257,kraken
1773014400,0.2509,0.2603,0.2506,0.2539,0.2563,190185.49093376,130,kraken
1773100800,0.2532,0.2737,0.2527,0.2583,0.2591,585201.68504778,295,kraken
1773187200,0.2589,0.2606,0.2531,0.2559,0.2578,516815.45431006,254,kraken
1773273600,0.2557,0.2565,0.2503,0.2555,0.2526,210024.54765777,140,kraken
1773360000,0.2568,0.2688,0.2541,0.2558,0.2605,421089.77783628,270,kraken
1773446400,0.2549,0.2555,0.246,0.2504,0.2502,199985.90231668,174,kraken
1773532800,0.2504,0.2573,0.2499,0.2566,0.2536,231795.57923678,144,kraken
1773619200,0.2576,0.2695,0.2552,0.2695,0.262,513288.89239101,299,kraken
1773705600,0.2688,0.2706,0.26,0.2655,0.2644,291049.35951238,193,kraken
1773792000,0.2641,0.2669,0.249,0.2514,0.2554,230148.88417234,152,kraken
1773878400,0.2507,0.2524,0.2415,0.2465,0.2432,765742.71568593,244,kraken
1773964800,0.2467,0.2511,0.2419,0.2455,0.2467,221016.01737625,145,kraken
1774051200,0.2462,0.2474,0.24,0.24,0.2461,50043.38118725,65,kraken
1774137600,0.2374,0.2418,0.2292,0.2314,0.2359,147480.90424211,136,kraken
1774224000,0.2314,0.2464,0.2302,0.2436,0.2396,417884.66707908,217,kraken
1774310400,0.2436,0.2436,0.2384,0.2429,0.241,130980.88615609,94,kraken
1774396800,0.2432,0.2467,0.2404,0.2427,0.2439,227313.8720564,142,kraken
1774483200,0.2424,0.2427,0.2309,0.2336,0.2348,265699.46698759,154,kraken
1774569600,0.2344,0.2362,0.2229,0.2254,0.229,320449.18614541,173,kraken
1774656000,0.2248,0.227,0.2195,0.2204,0.2227,162783.64345121,108,kraken
1774742400,0.219,0.221,0.2104,0.2139,0.2171,301739.01498539,159,kraken
1774828800,0.2145,0.2251,0.2144,0.219,0.2206,210510.62961001,141,kraken
1774915200,0.2192,0.2255,0.216,0.2248,0.2217,207041.48378963,159,kraken
1775001600,0.2246,0.2291,0.223,0.2241,0.2262,211634.98007593,161,kraken
1775088000,0.2242,0.228,0.2129,0.2133,0.2168,555502.37312312,265,kraken
1775174400,0.2144,0.217,0.2115,0.2139,0.2142,297822.35019558,153,kraken
1775260800,0.2129,0.2142,0.2112,0.2139,0.2132,95919.51422457,75,kraken
1775347200,0.2141,0.2141,0.2069,0.2136,0.2095,222237.85756575,181,kraken
1775433600,0.216,0.2272,0.2155,0.2169,0.2218,634012.36226293,308,kraken
1775520000,0.2177,0.2286,0.2132,0.2277,0.219,296764.57328809,229,kraken
1775606400,0.2266,0.2284,0.2198,0.2205,0.2255,242456.61350589,140,kraken
1775692800,0.2195,0.228,0.2189,0.2215,0.2229,331833.4541493,180,kraken
1775779200,0.2207,0.2244,0.2135,0.2232,0.2186,579678.16617832,259,kraken
1775865600,0.2219,0.223,0.215,0.2188,0.2183,289764.9574277,151,kraken
1775952000,0.2185,0.219,0.2118,0.2121,0.2147,274991.50494682,155,kraken
1776038400,0.2121,0.2277,0.2121,0.2277,0.2174,301502.8352679,172,kraken
1776124800,0.2284,0.2288,0.2178,0.22,0.2228,229824.06194661,145,kraken
1776211200,0.2209,0.2401,0.2191,0.2352,0.2278,728611.2206415,416,kraken
1776297600,0.2344,0.2481,0.2317,0.2424,0.2391,1421274.23917388,610,kraken
1776384000,0.2408,0.2533,0.2374,0.2407,0.2457,893279.40566171,443,kraken
1776470400,0.2408,0.2411,0.2292,0.231,0.2363,337379.44662162,221,kraken
1776556800,0.2311,0.2318,0.2185,0.2193,0.2268,270961.52075569,180,kraken
1776643200,0.2202,0.2273,0.2202,0.2237,0.2246,210617.56921933,144,kraken
1776729600,0.2239,0.2266,0.2196,0.2227,0.2224,196834.21018873,96,kraken
1776816000,0.224,0.2327,0.224,0.2265,0.2303,262703.94423543,182,kraken
1776902400,0.2262,0.2296,0.2226,0.2277,0.2256,120209.04136881,130,kraken
1776988800,0.2287,0.2319,0.2255,0.2283,0.2292,293581.56096788,157,kraken
1777075200,0.2286,0.2324,0.2259,0.2275,0.2284,144416.01367313,84,kraken
1777161600,0.2256,0.2322,0.2256,0.2314,0.2301,94350.72872959,102,kraken
1777248000,0.2317,0.2356,0.2226,0.2267,0.2268,598783.61451617,276,kraken
1777334400,0.2266,0.2266,0.2222,0.2249,0.2245,239322.22267667,112,kraken
1777420800,0.2252,0.2295,0.216,0.2216,0.2226,172936.6662715,156,kraken
1777507200,0.2228,0.224,0.2192,0.2204,0.2208,252721.20059312,120,kraken
1777593600,0.221,0.2255,0.2209,0.2221,0.2225,360624.16498531,191,kraken
1777680000,0.2232,0.228,0.2221,0.2269,0.2251,134030.07631551,113,kraken
1777766400,0.2257,0.2266,0.2228,0.2252,0.2247,354190.07989121,144,kraken
1777852800,0.2232,0.2318,0.2228,0.2237,0.227,409263.27421613,215,kraken
1777939200,0.2238,0.3401,0.2238,0.2538,0.256,3336179.86783569,2356,kraken
1778025600,0.2532,0.256,0.2419,0.2506,0.2479,1631533.34299225,1181,kraken
1778112000,0.2517,0.2746,0.248,0.2517,0.2605,2131549.46757041,816,kraken
1778198400,0.2518,0.2677,0.2514,0.2656,0.261,792679.96112365,432,kraken
1778284800,0.2658,0.2748,0.263,0.2647,0.2689,537925.11149412,311,kraken
1778371200,0.2642,0.2703,0.2603,0.2683,0.2667,579227.81657648,484,kraken
1778457600,0.2684,0.2715,0.2583,0.2715,0.2651,260752.45211386,219,kraken
1778544000,0.2708,0.2715,0.258,0.2705,0.2648,380377.69374535,190,kraken
1778630400,0.2705,0.2981,0.2634,0.2664,0.2785,2448381.98092508,1178,kraken
1778716800,0.2659,0.278,0.2602,0.2674,0.2735,1045926.05463278,579,kraken
1778803200,0.2676,0.2693,0.2481,0.2494,0.2576,418467.68878391,247,kraken
1778889600,0.2503,0.2503,0.2376,0.2378,0.2425,673656.38778389,279,kraken
1778976000,0.2382,0.2411,0.2285,0.234,0.2369,491066.66516371,228,kraken
1779062400,0.2337,0.2395,0.2303,0.2383,0.2336,384130.21513914,199,kraken
1779148800,0.2378,0.2424,0.2315,0.2345,0.2373,400239.4180625,210,kraken
1779235200,0.2335,0.246,0.2333,0.2421,0.2413,330019.73913851,152,kraken
1779321600,0.2425,0.2534,0.2405,0.2507,0.2472,405914.97757288,215,kraken
1779408000,0.2508,0.2568,0.2392,0.2408,0.2506,328708.77831747,230,kraken
1779494400,0.2399,0.2552,0.2315,0.2475,0.244,448224.39081323,262,kraken
1779580800,0.2471,0.2475,0.2375,0.2438,0.2437,120298.5598129,103,kraken
1779667200,0.2443,0.253,0.2443,0.2466,0.2486,263159.99762201,162,kraken
1779753600,0.247,0.2537,0.2407,0.2425,0.2455,221022.56999425,193,kraken
1779840000,0.2421,0.2437,0.2312,0.2312,0.2378,158333.86200301,199,kraken
1779926400,0.2325,0.2342,0.2226,0.2325,0.2271,320028.33071616,252,kraken
1780012800,0.235,0.24,0.23,0.2348,0.2348,252229.2521767,248,kraken
1780099200,0.236,0.2415,0.2348,0.2353,0.2382,249669.42564466,198,kraken
1780185600,0.2357,0.2404,0.2315,0.2395,0.2349,157182.08347002,237,kraken
1780272000,0.2395,0.2412,0.2278,0.2333,0.2333,264719.78594834,243,kraken
1780358400,0.2339,0.2339,0.2085,0.2095,0.22,226113.5943206,259,kraken
1780444800,0.2126,0.2227,0.2095,0.2102,0.2173,236936.03596724,195,kraken
1780531200,0.2105,0.2105,0.1894,0.1916,0.1958,637934.33508788,445,kraken
1780617600,0.1912,0.1912,0.1664,0.1752,0.1765,970208.25095937,550,kraken
1780704000,0.1761,0.1817,0.1682,0.1805,0.1773,268767.46533595,194,kraken
1780790400,0.1809,0.1929,0.18,0.1893,0.1863,374801.95804828,244,kraken
1780876800,0.1866,0.1901,0.185,0.1859,0.1869,479271.64491322,220,kraken
1780963200,0.1856,0.1856,0.176,0.1819,0.1817,282208.6808298,175,kraken
1781049600,0.1807,0.1831,0.1729,0.1754,0.1783,148182.01259715,115,kraken
1781136000,0.1762,0.1875,0.1762,0.1831,0.1821,429129.45681361,254,kraken
1781222400,0.1846,0.1857,0.1781,0.1781,0.1815,245031.88238784,134,kraken
1781308800,0.1794,0.1874,0.1791,0.1847,0.1839,193819.61308174,131,kraken
1781395200,0.1848,0.1963,0.1837,0.1953,0.1899,634099.3569401,276,kraken
1781481600,0.1952,0.2001,0.1916,0.1926,0.1957,402405.15485439,197,kraken
1781568000,0.1929,0.1966,0.1884,0.1932,0.1928,171965.26003743,147,kraken
1781654400,0.1932,0.1989,0.1874,0.19,0.192,390918.75094035,238,kraken
1781740800,0.1902,0.1903,0.1787,0.1847,0.183,333827.36912045,177,kraken
1781827200,0.1838,0.1853,0.18,0.1804,0.1823,218316.33141281,136,kraken
1781913600,0.1812,0.1832,0.1775,0.1832,0.1805,280775.22480971,151,kraken
1782000000,0.1841,0.1842,0.1772,0.1772,0.1818,139530.22855677,98,kraken
1782086400,0.1771,0.1903,0.1768,0.1793,0.1845,370116.26747526,195,kraken
1782172800,0.179,0.1861,0.1723,0.1773,0.1781,238491.17493317,164,kraken
1782259200,0.1776,0.1788,0.1619,0.1719,0.1685,434609.14907377,249,kraken
1782345600,0.1716,0.1756,0.1586,0.1643,0.167,313547.26022475,222,kraken
1782432000,0.1647,0.1698,0.1587,0.1695,0.1657,335431.62236261,176,kraken
1782518400,0.1701,0.1716,0.1672,0.1678,0.1699,96970.73952164,80,kraken
1782604800,0.1675,0.1692,0.1636,0.165,0.1662,164310.65343422,97,kraken
1782691200,0.1644,0.17,0.1641,0.1667,0.1667,227556.74490656,168,kraken
1782777600,0.1661,0.1661,0.1599,0.1607,0.1619,361168.25553561,184,kraken
1782864000,0.1601,0.1709,0.1573,0.1655,0.1651,441130.5915754,226,kraken
1782950400,0.1644,0.1688,0.1637,0.1664,0.166,155966.16680225,170,kraken
1783036800,0.1664,0.1742,0.1658,0.1734,0.1704,205971.05476334,175,kraken
1783123200,0.1732,0.1767,0.169,0.1732,0.1733,797249.72887976,403,kraken
1783209600,0.1734,0.1744,0.1682,0.1726,0.1724,527511.32107404,316,kraken
1783296000,0.1727,0.174,0.1653,0.1711,0.1701,232301.2090201,219,kraken
1783382400,0.1714,0.172,0.1633,0.1654,0.167,110272.87621034,132,kraken
1783468800,0.1647,0.1727,0.1602,0.1666,0.1654,345187.23994061,231,kraken
1783555200,0.167,0.1734,0.1666,0.1694,0.1704,523342.17733634,230,kraken
1783641600,0.1693,0.1753,0.1689,0.1718,0.1721,226112.26592105,148,kraken
1783728000,0.1718,0.1769,0.1708,0.1716,0.1744,459207.57862844,267,kraken
1783814400,0.1712,0.1781,0.1691,0.1692,0.1744,245806.62001842,183,kraken
1783900800,0.1684,0.1708,0.1617,0.1654,0.1649,521968.71607126,279,kraken
1783987200,0.1655,0.1699,0.1638,0.1685,0.167,435686.4605327,217,kraken
1784073600,0.1692,0.172,0.1668,0.1684,0.169,242016.18183324,141,kraken
1784160000,0.1699,0.1715,0.165,0.1663,0.1681,367739.03999653,190,kraken
1784246400,0.1675,0.1676,0.1635,0.1649,0.1655,222745.08484507,151,kraken
1784332800,0.1647,0.1664,0.1634,0.1655,0.1652,97303.64751523,86,kraken
1784419200,0.166,0.1662,0.1617,0.1634,0.1634,122664.23064631,104,kraken
1784505600,0.164,0.1669,0.1617,0.1655,0.1649,221736.40181578,139,kraken
1784592000,0.1653,0.1692,0.1653,0.1673,0.168,216714.70899853,139,kraken
1784678400,0.1673,0.17,0.165,0.1693,0.1676,163503.86001356,112,kraken
1784764800,0.1688,0.1688,0.1641,0.1642,0.1658,168852.86822043,114,kraken
1784851200,0.1642,0.1642,0.13,0.1449,0.1483,2921540.71338433,1514,kraken
1784937600,0.1444,0.1445,0.135,0.1373,0.1374,908983.24459381,715,kraken
1785024000,0.1367,0.1476,0.1352,0.1462,0.1407,1481656.10507492,902,kraken
1785110400,0.1469,0.1476,0.1337,0.1345,0.1409,1228191.61476109,615,kraken
1785196800,0.1345,0.1412,0.1313,0.1382,0.1361,642502.9010847,403,kraken
1785283200,0.138,0.1389,0.1324,0.1351,0.1345,1293410.62305589,392,kraken
1785369600,0.1347,0.14,0.1334,0.1398,0.1369,437136.44391055,256,kraken
1785456000,0.1401,0.1415,0.1361,0.1377,0.1389,339982.98603826,217,kraken
1785542400,0.1375,0.1392,0.1343,0.1392,0.1367,288830.26415071,180,kraken
1785628800,0.1393,0.1413,0.1375,0.1389,0.1393,451706.96185495,262,kraken
1785715200,0.139,0.1394,0.1348,0.1383,0.1375,636611.10772573,214,kraken
1785801600,0.1382,0.1384,0.1345,0.1351,0.136,705055.86014677,265,kraken
1785888000,0.1347,0.1359,0.1317,0.1336,0.1341,549015.75272967,265,kraken
1785974400,0.1336,0.134,0.1288,0.1296,0.1316,719597.24855353,345,kraken
1786060800,0.1302,0.1323,0.1288,0.1296,0.1304,440263.74842434,265,kraken
1786147200,0.1291,0.134,0.1288,0.1327,0.1317,273144.18652406,149,kraken
1786233600,0.1327,0.1334,0.1299,0.1299,0.1321,263466.78573398,143,kraken
1786320000,0.1299,0.1336,0.1299,0.1308,0.1318,468549.34107012,193,kraken
1786406400,0.1305,0.1321,0.1255,0.1275,0.1279,590075.16490097,264,kraken
1786492800,0.1271,0.1277,0.1207,0.1225,0.1249,739488.77914501,366,kraken
1786579200,0.1229,0.1245,0.1216,0.1243,0.1232,291590.39676191,154,kraken
1786665600,0.1245,0.1246,0.1202,0.1222,0.1222,406932.2360425,155,kraken
1786752000,0.1223,0.1244,0.1217,0.1217,0.1226,416060.09541925,143,kraken
1786838400,0.1218,0.123,0.1189,0.1208,0.1213,221958.84150504,129,kraken
1786924800,0.1216,0.1223,0.1205,0.1212,0.1211,359436.18792801,166,kraken
1787011200,0.1207,0.1212,0.1176,0.1199,0.1192,434165.78551053,228,kraken
1787097600,0.1201,0.1297,0.1186,0.1286,0.1242,533315.80485978,271,kraken
1787184000,0.1285,0.1515,0.1285,0.1461,0.1402,1286211.8910154,686,kraken
1787270400,0.1465,0.1924,0.1455,0.1901,0.1675,3886985.18637526,1641,kraken
1787356800,0.1895,0.231,0.1663,0.2198,0.2051,7546642.20826548,3559,kraken
1787443200,0.2197,0.2465,0.203,0.2341,0.2269,5219835.46995191,2762,kraken
1787529600,0.2312,0.2472,0.2218,0.2302,0.2333,3176358.70015454,1505,kraken
1787616000,0.2314,0.2893,0.2311,0.2604,0.2611,6031966.14779076,3858,kraken
1787702400,0.2601,0.2874,0.2582,0.2683,0.2724,3742107.96702738,2909,kraken
1787788800,0.2691,0.2691,0.2519,0.2562,0.2587,2059376.85268499,1381,kraken
1787875200,0.2568,0.2761,0.248,0.2598,0.2643,3554279.91063404,2146,kraken
1787961600,0.2597,0.2609,0.2393,0.2434,0.2463,1911774.19671985,1039,kraken
1788048000,0.2434,0.2522,0.2331,0.2341,0.2445,1411822.43659319,902,kraken
1788134400,0.2341,0.255,0.2339,0.2509,0.2464,1863668.64736028,1066,kraken
1788220800,0.2518,0.2661,0.247,0.256,0.2565,1655764.15194421,1094,kraken
1788307200,0.2554,0.2652,0.2491,0.2618,0.2573,1484753.94516839,877,kraken
1788393600,0.2617,0.2813,0.2595,0.2752,0.272,1773837.61980888,1490,kraken
1788480000,0.275,0.2768,0.2593,0.2646,0.268,1481755.61945612,1022,kraken
1788566400,0.2644,0.2732,0.258,0.2698,0.2658,892583.1103069,837,kraken
1788652800,0.2702,0.273,0.2613,0.2693,0.2666,785760.21462468,777,kraken
1788739200,0.2692,0.2915,0.2586,0.2777,0.2762,1291831.8755581,1051,kraken
1788825600,0.2774,0.2802,0.2654,0.272,0.2713,756502.77821243,554,kraken
1788912000,0.2727,0.282,0.2655,0.2742,0.2737,1264256.27157557,1609,kraken
1788998400,0.2739,0.2741,0.2536,0.2536,0.265,1004753.88765945,1438,kraken
1789084800,0.2535,0.2677,0.2496,0.2526,0.2569,2556205.36202532,2456,kraken
1789171200,0.2533,0.2726,0.2532,0.268,0.2659,863923.57884079,1519,kraken
1789257600,0.2678,0.2796,0.2642,0.265,0.2734,1457021.9896247,2055,kraken
1789344000,0.2656,0.2728,0.2629,0.2638,0.267,720593.01686683,1010,kraken
1789430400,0.2638,0.2667,0.2324,0.2348,0.2494,1198247.53102703,1281,kraken
1789516800,0.235,0.2437,0.229,0.2429,0.2371,1324941.63634112,1564,kraken
1789603200,0.2426,0.2543,0.2375,0.2517,0.2457,1138563.3655969,1045,kraken
1789689600,0.2509,0.2905,0.2493,0.2842,0.2745,2477704.33598414,2904,kraken
1789776000,0.2844,0.3252,0.2771,0.3152,0.3041,3939684.41900191,3598,kraken
1789862400,0.3153,0.3359,0.306,0.3358,0.3207,2839827.25041709,4365,kraken
1789948800,0.336,0.3493,0.3171,0.3415,0.3308,2720633.3534282,2768,kraken
1790035200,0.3407,0.3546,0.332,0.3352,0.3412,1888811.54055361,3428,kraken
1790121600,0.3351,0.3416,0.305,0.3079,0.3194,2114103.32780262,2511,kraken
1790208000,0.3079,0.3184,0.2994,0.3142,0.31,914200.86772735,1774,kraken
1790294400,0.3137,0.3329,0.3082,0.3258,0.3226,1342717.25972232,1763,kraken
1790380800,0.3261,0.3547,0.3235,0.343,0.3398,1702300.09774828,3386,kraken
1790467200,0.3423,0.36,0.3326,0.3387,0.3459,2085952.112322,2357,kraken
1790553600,0.3388,0.3406,0.3052,0.3135,0.3184,2409762.65621231,3102,kraken
1790640000,0.3141,0.3246,0.3033,0.3168,0.3164,1012848.75379792,1148,kraken
1790726400,0.3172,0.3835,0.3108,0.3711,0.3527,5161002.48765297,7972,kraken
1790812800,0.3731,0.4145,0.3672,0.3736,0.386,5294177.48377779,6016,kraken
1790899200,0.3737,0.381,0.3509,0.368,0.3677,1597348.10003646,3063,kraken
1790985600,0.3681,0.398,0.3642,0.3852,0.3807,1631360.04787863,2339,kraken
1791072000,0.3842,0.4133,0.3695,0.3894,0.391,1483107.4702882,3146,kraken
1791158400,0.3894,0.4021,0.3717,0.3792,0.3842,1153463.32755514,1749,kraken
1791244800,0.3786,0.3864,0.3716,0.3844,0.3791,755852.35543331,1729,kraken
