time,open,high,low,close,vwap,volume,count,source
1646784000,2.2,2.75,2.175,2.589,2.5046666666666666,187479.43,0,coinbase
1646870400,2.495,2.588,2.195,2.306,2.363,370165.59,0,coinbase
1646956800,2.307,3.0,2.172,2.249,2.473666666666667,457352.05,0,coinbase
1647043200,2.209,2.9,2.209,2.553,2.554,446550.59,0,coinbase
1647129600,2.591,3.392,2.32,2.453,2.7216666666666662,305421.66,0,coinbase
1647216000,2.411,2.549,2.305,2.514,2.456,70807.66,0,coinbase
1647302400,2.513,2.645,2.26,2.36,2.4216666666666664,433224.42,0,coinbase
1647388800,2.353,2.42,2.119,2.313,2.2840000000000003,165657.43,0,coinbase
1647475200,2.31,2.567,2.13,2.381,2.3593333333333333,179751.92,0,coinbase
1647561600,2.38,2.492,2.2,2.431,2.3743333333333334,110044.38,0,coinbase
1647648000,2.431,2.581,2.289,2.357,2.4090000000000003,89213.17,0,coinbase
1647734400,2.379,2.433,2.249,2.298,2.3266666666666667,71965.47,0,coinbase
1647820800,2.296,2.542,2.151,2.224,2.3056666666666668,246032.42,0,coinbase
1647907200,2.249,2.396,2.198,2.302,2.298666666666666,202816.76,0,coinbase
1647993600,2.292,2.312,2.132,2.169,2.204333333333333,335508.28,0,coinbase
1648080000,2.178,2.221,2.01,2.074,2.1016666666666666,524600.98,0,coinbase
1648166400,2.083,2.15,2.056,2.073,2.093,153003.3,0,coinbase
1648252800,2.072,2.111,2.071,2.111,2.097666666666667,76545.61,0,coinbase
1648339200,2.111,2.112,2.079,2.09,2.093666666666667,117153.49,0,coinbase
1648425600,2.09,2.135,2.088,2.116,2.113,210947.61,0,coinbase
1648512000,2.116,3.1,2.106,2.648,2.618,1637635.53,0,coinbase
1648598400,2.616,2.701,2.38,2.664,2.5816666666666666,511702.48,0,coinbase
1648684800,2.695,3.35,2.665,3.052,3.0223333333333335,748574.6,0,coinbase
1648771200,3.053,3.74,2.756,3.473,3.3230000000000004,1735432.31,0,coinbase
1648857600,3.473,4.21,3.37,3.583,3.721,1035739.95,0,coinbase
1648944000,3.583,3.626,3.205,3.382,3.404333333333333,546641.88,0,coinbase
1649030400,3.384,3.391,2.99,3.174,3.185,409840.01,0,coinbase
1649116800,3.198,4.532,3.151,4.048,3.9103333333333334,1078061.58,0,coinbase
1649203200,4.048,4.059,3.288,3.38,3.5756666666666668,903631.03,0,coinbase
1649289600,3.382,3.747,3.297,3.742,3.595333333333334,548101.36,0,coinbase
1649376000,3.742,3.848,2.91,3.068,3.2753333333333337,580767.25,0,coinbase
1649462400,3.048,3.12,2.992,3.052,3.0546666666666664,277520.9,0,coinbase
1649548800,3.052,3.353,3.0,3.137,3.1633333333333336,431922.38,0,coinbase
1649635200,3.132,3.134,2.502,2.517,2.7176666666666662,463604.34,0,coinbase
1649721600,2.517,2.766,2.488,2.701,2.651666666666667,729115.73,0,coinbase
1649808000,2.701,2.963,2.656,2.782,2.800333333333333,474389.37,0,coinbase
1649894400,2.771,2.834,2.705,2.812,2.7836666666666665,170754.71,0,coinbase
1649980800,2.812,2.824,2.637,2.661,2.707333333333333,192127.91,0,coinbase
1650067200,2.661,2.877,2.572,2.788,2.7456666666666667,448197.78,0,coinbase
1650153600,2.788,2.81,2.69,2.695,2.731666666666667,143809.5,0,coinbase
1650240000,2.695,2.748,2.547,2.643,2.646,544331.94,0,coinbase
1650326400,2.637,3.404,2.621,3.276,3.1003333333333334,624738.11,0,coinbase
1650412800,3.259,3.891,3.224,3.56,3.5583333333333336,646932.83,0,coinbase
1650499200,3.562,3.583,3.148,3.221,3.3173333333333335,189380.5,0,coinbase
1650585600,3.221,3.375,2.98,2.981,3.112,254308.12,0,coinbase
1650672000,2.981,2.998,2.882,2.95,2.943333333333334,100141.1,0,coinbase
1650758400,2.95,2.951,2.785,2.818,2.8513333333333333,86737.43,0,coinbase
1650844800,2.816,3.251,2.647,3.115,3.0043333333333333,456044.04,0,coinbase
1650931200,3.115,3.192,2.783,2.952,2.9756666666666667,167469.31,0,coinbase
1651017600,2.942,3.105,2.836,2.908,2.949666666666667,203207.95,0,coinbase
1651104000,2.909,3.071,2.78,3.03,2.9603333333333333,176180.74,0,coinbase
1651190400,3.03,3.088,2.725,2.771,2.861333333333333,227225.23,0,coinbase
1651276800,2.774,2.812,2.727,2.75,2.763,45519.7,0,coinbase
1651363200,2.746,2.831,2.671,2.761,2.7543333333333333,148369.65,0,coinbase
1651449600,2.761,3.114,2.729,3.101,2.981333333333333,220448.61,0,coinbase
1651536000,3.101,3.346,2.877,2.912,3.045,383465.84,0,coinbase
1651622400,2.911,3.758,2.851,3.596,3.401666666666667,551626.07,0,coinbase
1651708800,3.571,3.722,2.969,3.115,3.268666666666667,567121.24,0,coinbase
1651795200,3.1,3.405,2.9,3.301,3.202,532753.32,0,coinbase
1651881600,3.329,3.49,3.03,3.15,3.223333333333333,563315.46,0,coinbase
1651968000,3.15,3.236,2.97,3.083,3.096333333333334,143143.74,0,coinbase
1652054400,3.102,3.35,2.446,2.451,2.749,705408.17,0,coinbase
1652140800,2.484,3.175,2.436,2.691,2.767333333333333,390048.46,0,coinbase
1652227200,2.696,2.821,1.686,2.029,2.1786666666666665,1202122.84,0,coinbase
1652313600,2.029,2.633,1.351,1.66,1.8813333333333333,507595.0,0,coinbase
1652400000,1.66,1.882,1.538,1.686,1.702,422558.05,0,coinbase
1652486400,1.686,1.758,1.334,1.381,1.4909999999999999,806997.98,0,coinbase
1652572800,1.38,1.748,1.341,1.61,1.5663333333333334,878964.75,0,coinbase
1652659200,1.61,1.645,1.467,1.47,1.5273333333333332,665237.93,0,coinbase
1652745600,1.47,1.555,1.27,1.517,1.4473333333333336,1018725.19,0,coinbase
1652832000,1.516,1.577,1.294,1.304,1.3916666666666666,468058.62,0,coinbase
1652918400,1.303,1.425,1.295,1.36,1.36,304941.98,0,coinbase
1653004800,1.36,1.412,1.171,1.22,1.2676666666666667,810399.08,0,coinbase
1653091200,1.213,1.235,1.112,1.146,1.1643333333333334,610552.85,0,coinbase
1653177600,1.139,1.172,1.068,1.074,1.1046666666666667,806587.5,0,coinbase
1653264000,1.074,1.559,1.04,1.213,1.2706666666666668,1219993.09,0,coinbase
1653350400,1.21,1.294,1.15,1.229,1.2243333333333333,390264.98,0,coinbase
1653436800,1.219,1.44,1.18,1.291,1.3036666666666668,639833.05,0,coinbase
1653523200,1.292,1.373,1.234,1.289,1.2986666666666666,469863.09,0,coinbase
1653609600,1.296,1.348,1.234,1.26,1.2806666666666666,209206.13,0,coinbase
1653696000,1.26,1.297,1.233,1.269,1.2663333333333335,169403.09,0,coinbase
1653782400,1.268,1.317,1.238,1.289,1.2813333333333332,207655.02,0,coinbase
1653868800,1.289,1.438,1.254,1.379,1.357,300961.85,0,coinbase
1653955200,1.379,1.404,1.292,1.321,1.3389999999999997,317123.81,0,coinbase
1654041600,1.319,1.383,1.277,1.3,1.32,280420.9,0,coinbase
1654128000,1.3,1.337,1.245,1.271,1.2843333333333333,184524.65,0,coinbase
1654214400,1.277,1.309,1.18,1.198,1.2289999999999999,170054.47,0,coinbase
1654300800,1.198,1.203,1.151,1.17,1.1746666666666667,113532.36,0,coinbase
1654387200,1.175,1.176,1.099,1.128,1.1343333333333332,130751.32,0,coinbase
1654473600,1.131,1.175,1.061,1.09,1.1086666666666665,115071.09,0,coinbase
1654560000,1.082,1.091,0.901,0.922,0.9713333333333334,708545.49,0,coinbase
1654646400,0.921,0.992,0.833,0.967,0.9306666666666666,762985.66,0,coinbase
1654732800,0.966,1.112,0.958,1.01,1.0266666666666666,697372.61,0,coinbase
1654819200,1.01,1.01,0.85,0.868,0.9093333333333332,268848.41,0,coinbase
1654905600,0.868,0.898,0.732,0.734,0.7879999999999999,643660.62,0,coinbase
1654992000,0.734,0.741,0.643,0.65,0.6779999999999999,425586.87,0,coinbase
1655078400,0.65,0.653,0.516,0.539,0.5693333333333334,997953.96,0,coinbase
1655164800,0.539,0.721,0.52,0.62,0.6203333333333334,1609770.29,0,coinbase
1655251200,0.616,0.622,0.547,0.6,0.5896666666666667,1029583.67,0,coinbase
1655337600,0.6,0.695,0.499,0.52,0.5713333333333334,663262.89,0,coinbase
1655424000,0.52,0.835,0.44,0.701,0.6586666666666666,2328020.08,0,coinbase
1655510400,0.701,0.8,0.55,0.603,0.651,2554832.57,0,coinbase
1655596800,0.612,0.75,0.54,0.657,0.649,1512731.95,0,coinbase
1655683200,0.657,0.853,0.609,0.713,0.725,941057.25,0,coinbase
1655769600,0.719,0.87,0.678,0.691,0.7463333333333333,1224928.99,0,coinbase
1655856000,0.684,0.686,0.53,0.589,0.6016666666666667,2162598.05,0,coinbase
1655942400,0.585,0.65,0.55,0.641,0.6136666666666667,1200213.21,0,coinbase
1656028800,0.641,0.669,0.589,0.638,0.632,1643559.13,0,coinbase
1656115200,0.638,0.684,0.622,0.661,0.6556666666666667,269756.1,0,coinbase
1656201600,0.661,0.885,0.643,0.863,0.797,933571.27,0,coinbase
1656288000,0.874,0.876,0.739,0.771,0.7953333333333333,722468.37,0,coinbase
1656374400,0.77,0.841,0.736,0.807,0.7946666666666666,592619.1,0,coinbase
1656460800,0.814,0.814,0.665,0.67,0.7163333333333334,728276.15,0,coinbase
1656547200,0.671,0.68,0.499,0.582,0.5870000000000001,1500978.95,0,coinbase
1656633600,0.581,0.607,0.54,0.541,0.5626666666666668,926723.98,0,coinbase
1656720000,0.541,0.609,0.538,0.603,0.5833333333333334,1745774.33,0,coinbase
1656806400,0.599,0.603,0.577,0.587,0.589,428217.37,0,coinbase
1656892800,0.585,0.672,0.585,0.667,0.6413333333333334,767847.49,0,coinbase
1656979200,0.667,0.713,0.614,0.665,0.664,1000758.59,0,coinbase
1657065600,0.665,0.756,0.661,0.752,0.723,904932.69,0,coinbase
1657152000,0.752,1.058,0.732,0.894,0.8946666666666667,3251292.49,0,coinbase
1657238400,0.899,0.904,0.866,0.901,0.8903333333333334,640641.15,0,coinbase
1657324800,0.901,0.909,0.897,0.899,0.9016666666666667,132749.74,0,coinbase
1657411200,0.899,0.902,0.844,0.872,0.8726666666666666,467708.44,0,coinbase
1657497600,0.87,0.87,0.77,0.77,0.8033333333333333,446806.22,0,coinbase
1657584000,0.771,0.813,0.71,0.796,0.773,429467.93,0,coinbase
1657670400,0.801,1.078,0.723,1.034,0.945,4408804.79,0,coinbase
1657756800,1.034,1.085,0.898,1.077,1.02,1482009.83,0,coinbase
1657843200,1.075,1.166,1.052,1.09,1.1026666666666667,790626.43,0,coinbase
1657929600,1.098,1.229,0.918,1.167,1.1046666666666667,778234.59,0,coinbase
1658016000,1.16,1.25,1.05,1.097,1.1323333333333332,432503.7,0,coinbase
1658102400,1.084,1.32,1.083,1.187,1.1966666666666665,803037.74,0,coinbase
1658188800,1.187,1.25,1.1,1.227,1.1923333333333332,952867.0,0,coinbase
1658275200,1.227,1.362,1.119,1.172,1.2176666666666665,633386.6,0,coinbase
1658361600,1.168,1.179,1.07,1.116,1.1216666666666668,860276.43,0,coinbase
1658448000,1.115,1.297,1.101,1.116,1.1713333333333333,800862.88,0,coinbase
1658534400,1.117,1.15,1.011,1.09,1.0836666666666666,613532.99,0,coinbase
1658620800,1.09,1.18,1.074,1.147,1.1336666666666666,344503.47,0,coinbase
1658707200,1.157,1.16,0.999,1.024,1.061,321612.53,0,coinbase
1658793600,1.021,1.033,0.918,0.991,0.9806666666666667,312332.83,0,coinbase
1658880000,0.995,1.35,0.995,1.256,1.2003333333333333,636744.35,0,coinbase
1658966400,1.255,1.98,1.163,1.658,1.6003333333333334,2241509.62,0,coinbase
1659052800,1.658,1.674,1.369,1.617,1.5533333333333335,1414123.98,0,coinbase
1659139200,1.63,1.776,1.51,1.578,1.6213333333333333,229903.06,0,coinbase
1659225600,1.579,1.602,1.401,1.408,1.4703333333333333,272819.02,0,coinbase
1659312000,1.411,1.47,1.227,1.329,1.3419999999999999,606959.91,0,coinbase
1659398400,1.326,1.486,1.132,1.139,1.2523333333333333,1477155.89,0,coinbase
1659484800,1.147,1.398,1.138,1.287,1.274333333333333,693145.99,0,coinbase
1659571200,1.285,1.42,1.248,1.356,1.3413333333333333,574379.68,0,coinbase
1659657600,1.363,1.575,1.33,1.4,1.4349999999999998,558547.5,0,coinbase
1659744000,1.39,1.455,1.347,1.347,1.383,187380.32,0,coinbase
1659830400,1.346,1.427,1.342,1.422,1.397,155116.79,0,coinbase
1659916800,1.419,1.573,1.413,1.449,1.4783333333333333,486245.08,0,coinbase
1660003200,1.442,1.47,1.266,1.31,1.3486666666666665,414051.22,0,coinbase
1660089600,1.31,1.5,1.282,1.477,1.4196666666666669,452882.58,0,coinbase
1660176000,1.468,1.702,1.429,1.529,1.5533333333333335,689139.57,0,coinbase
1660262400,1.529,1.732,1.462,1.65,1.6146666666666665,646050.24,0,coinbase
1660348800,1.65,1.702,1.591,1.643,1.6453333333333333,413598.38,0,coinbase
1660435200,1.642,1.776,1.55,1.595,1.6403333333333334,203207.59,0,coinbase
1660521600,1.587,1.744,1.472,1.506,1.574,462297.11,0,coinbase
1660608000,1.506,1.516,1.454,1.468,1.4793333333333332,158449.62,0,coinbase
1660694400,1.468,1.559,1.4,1.479,1.4793333333333332,410584.45,0,coinbase
1660780800,1.478,1.577,1.47,1.528,1.5249999999999997,704383.44,0,coinbase
1660867200,1.529,1.531,1.285,1.33,1.382,910678.64,0,coinbase
1660953600,1.324,1.39,1.304,1.336,1.3433333333333335,290929.77,0,coinbase
1661040000,1.342,1.37,1.322,1.349,1.3470000000000002,113614.61,0,coinbase
1661126400,1.355,1.355,1.19,1.211,1.252,408137.52,0,coinbase
1661212800,1.219,1.313,1.213,1.276,1.2673333333333332,263250.42,0,coinbase
1661299200,1.277,1.306,1.195,1.306,1.2690000000000001,552413.62,0,coinbase
1661385600,1.305,1.45,1.3,1.358,1.3693333333333335,961556.61,0,coinbase
1661472000,1.352,1.375,1.208,1.213,1.2653333333333334,384061.72,0,coinbase
1661558400,1.213,1.228,1.168,1.185,1.1936666666666667,184026.38,0,coinbase
1661644800,1.189,1.193,1.118,1.127,1.146,145114.02,0,coinbase
1661731200,1.127,1.321,1.11,1.313,1.248,624844.27,0,coinbase
1661817600,1.305,1.384,1.222,1.246,1.284,589724.23,0,coinbase
1661904000,1.247,1.304,1.231,1.241,1.2586666666666668,223285.78,0,coinbase
1661990400,1.24,1.277,1.231,1.277,1.2616666666666667,58130.88,0,coinbase
1662076800,1.277,1.337,1.273,1.289,1.2996666666666667,113454.78,0,coinbase
1662163200,1.29,1.306,1.266,1.283,1.285,52899.49,0,coinbase
1662249600,1.277,1.299,1.266,1.295,1.2866666666666666,67420.17,0,coinbase
1662336000,1.298,1.699,1.278,1.65,1.5423333333333336,1026341.99,0,coinbase
1662422400,1.651,1.699,1.355,1.432,1.4953333333333336,592805.1,0,coinbase
1662508800,1.439,1.537,1.25,1.521,1.436,629035.05,0,coinbase
1662595200,1.521,1.899,1.496,1.637,1.6773333333333333,1420606.42,0,coinbase
1662681600,1.635,1.933,1.62,1.765,1.7726666666666666,769471.19,0,coinbase
1662768000,1.755,1.895,1.755,1.873,1.841,247427.13,0,coinbase
1662854400,1.871,2.0,1.751,1.899,1.8833333333333335,647425.43,0,coinbase
1662940800,1.9,1.95,1.699,1.809,1.8193333333333335,262740.28,0,coinbase
1663027200,1.803,1.903,1.51,1.553,1.6553333333333333,607276.4,0,coinbase
1663113600,1.544,1.674,1.41,1.494,1.5259999999999998,468045.29,0,coinbase
1663200000,1.494,1.53,1.35,1.383,1.421,657107.32,0,coinbase
1663286400,1.376,1.475,1.331,1.443,1.4163333333333334,256801.38,0,coinbase
1663372800,1.436,1.64,1.435,1.502,1.5256666666666667,557114.65,0,coinbase
1663459200,1.506,1.525,1.302,1.319,1.382,206635.91,0,coinbase
1663545600,1.319,1.508,1.231,1.459,1.3993333333333335,560524.46,0,coinbase
1663632000,1.456,1.456,1.17,1.243,1.2896666666666665,371648.79,0,coinbase
1663718400,1.242,1.412,1.14,1.203,1.2516666666666667,562902.1,0,coinbase
1663804800,1.205,1.358,1.192,1.325,1.2916666666666667,308914.65,0,coinbase
1663891200,1.325,1.389,1.266,1.368,1.3410000000000002,194983.46,0,coinbase
1663977600,1.368,1.404,1.307,1.329,1.3466666666666667,1119724.72,0,coinbase
1664064000,1.329,1.386,1.313,1.368,1.3556666666666668,1046426.36,0,coinbase
1664150400,1.368,1.397,1.305,1.339,1.3470000000000002,1577444.82,0,coinbase
1664236800,1.339,1.43,1.305,1.315,1.3499999999999999,383734.52,0,coinbase
1664323200,1.31,1.421,1.248,1.364,1.3443333333333334,341090.88,0,coinbase
1664409600,1.372,1.453,1.346,1.401,1.4000000000000001,423543.74,0,coinbase
1664496000,1.394,1.43,1.31,1.319,1.353,555246.53,0,coinbase
1664582400,1.32,1.335,1.25,1.284,1.2896666666666665,273703.67,0,coinbase
1664668800,1.287,1.301,1.169,1.184,1.218,202789.19,0,coinbase
1664755200,1.175,1.281,1.169,1.244,1.2313333333333334,649945.3,0,coinbase
1664841600,1.244,1.29,1.213,1.275,1.2593333333333334,735378.5,0,coinbase
1664928000,1.272,1.313,1.24,1.289,1.2806666666666666,407011.63,0,coinbase
1665014400,1.289,1.351,1.243,1.259,1.2843333333333333,444252.88,0,coinbase
1665100800,1.259,1.28,1.219,1.238,1.2456666666666667,269883.02,0,coinbase
1665187200,1.235,1.247,1.156,1.176,1.1929999999999998,235127.72,0,coinbase
1665273600,1.185,1.229,1.169,1.194,1.1973333333333334,204137.1,0,coinbase
1665360000,1.194,1.203,1.072,1.101,1.1253333333333335,328276.49,0,coinbase
1665446400,1.107,1.138,1.073,1.09,1.1003333333333334,191923.99,0,coinbase
1665532800,1.091,1.12,1.005,1.03,1.0516666666666667,307681.49,0,coinbase
1665619200,1.025,1.034,0.903,0.966,0.9676666666666667,791300.83,0,coinbase
1665705600,0.965,1.07,0.953,0.963,0.9953333333333334,381851.3,0,coinbase
1665792000,0.967,1.019,0.941,0.973,0.9776666666666666,202696.46,0,coinbase
1665878400,0.971,0.989,0.96,0.979,0.976,171774.95,0,coinbase
1665964800,0.978,1.278,0.968,1.159,1.135,1543483.97,0,coinbase
1666051200,1.153,1.183,1.095,1.116,1.1313333333333333,320291.58,0,coinbase
1666137600,1.116,1.125,1.057,1.058,1.08,181532.88,0,coinbase
1666224000,1.064,1.083,0.995,1.016,1.0313333333333332,331206.07,0,coinbase
1666310400,1.014,1.036,0.923,1.016,0.9916666666666667,323467.61,0,coinbase
1666396800,1.011,1.053,0.993,1.041,1.029,70924.39,0,coinbase
1666483200,1.042,1.122,1.021,1.106,1.083,159025.48,0,coinbase
1666569600,1.106,1.112,1.072,1.096,1.0933333333333335,153517.03,0,coinbase
1666656000,1.093,1.28,1.07,1.144,1.1646666666666665,337914.44,0,coinbase
1666742400,1.144,1.229,1.119,1.17,1.1726666666666665,166248.51,0,coinbase
1666828800,1.171,1.175,1.06,1.09,1.1083333333333334,157831.73,0,coinbase
1666915200,1.076,1.115,1.013,1.107,1.0783333333333334,150380.97,0,coinbase
1667001600,1.107,1.118,1.06,1.065,1.081,169040.99,0,coinbase
1667088000,1.067,1.1,1.038,1.062,1.0666666666666667,123718.25,0,coinbase
1667174400,1.061,1.078,1.0,1.002,1.0266666666666666,122695.03,0,coinbase
1667260800,1.004,1.028,0.93,0.947,0.9683333333333334,329043.24,0,coinbase
1667347200,0.954,0.999,0.915,0.937,0.9503333333333334,432617.18,0,coinbase
1667433600,0.934,0.983,0.904,0.938,0.9416666666666668,597047.12,0,coinbase
1667520000,0.939,1.05,0.922,1.016,0.996,555308.12,0,coinbase
1667606400,1.016,1.045,0.971,0.988,1.0013333333333334,308125.16,0,coinbase
1667692800,0.988,1.043,0.979,0.997,1.0063333333333333,161780.05,0,coinbase
1667779200,0.998,1.015,0.948,0.967,0.9766666666666666,290077.47,0,coinbase
1667865600,0.967,0.968,0.634,0.752,0.7846666666666667,1186165.74,0,coinbase
1667952000,0.752,0.763,0.53,0.55,0.6143333333333334,1585272.47,0,coinbase
1668038400,0.546,0.738,0.545,0.657,0.6466666666666666,963081.5,0,coinbase
1668124800,0.654,0.669,0.549,0.614,0.6106666666666666,793318.32,0,coinbase
1668211200,0.614,0.679,0.55,0.605,0.6113333333333334,447554.88,0,coinbase
1668297600,0.605,0.679,0.586,0.613,0.626,361868.59,0,coinbase
1668384000,0.609,0.655,0.557,0.616,0.6093333333333334,632570.21,0,coinbase
1668470400,0.618,0.761,0.61,0.687,0.6859999999999999,978824.18,0,coinbase
1668556800,0.683,0.71,0.631,0.676,0.6723333333333333,550184.86,0,coinbase
1668643200,0.676,0.721,0.625,0.625,0.657,439748.95,0,coinbase
1668729600,0.625,0.672,0.623,0.634,0.6429999999999999,183618.73,0,coinbase
1668816000,0.634,0.683,0.624,0.665,0.6573333333333333,234760.02,0,coinbase
1668902400,0.665,0.669,0.597,0.6,0.622,205015.43,0,coinbase
1668988800,0.6,0.619,0.576,0.596,0.597,189245.6,0,coinbase
1669075200,0.595,0.617,0.563,0.61,0.5966666666666667,389728.1,0,coinbase
1669161600,0.611,0.633,0.595,0.613,0.6136666666666667,307423.29,0,coinbase
1669248000,0.613,0.683,0.608,0.659,0.65,427374.09,0,coinbase
1669334400,0.663,0.685,0.635,0.649,0.6563333333333333,398933.32,0,coinbase
1669420800,0.65,0.693,0.643,0.664,0.6666666666666666,338458.26,0,coinbase
1669507200,0.664,0.678,0.635,0.644,0.6523333333333334,414947.21,0,coinbase
1669593600,0.644,0.651,0.613,0.62,0.628,282022.07,0,coinbase
1669680000,0.62,0.679,0.612,0.662,0.6509999999999999,274216.68,0,coinbase
1669766400,0.662,0.72,0.658,0.702,0.6933333333333334,569037.8,0,coinbase
1669852800,0.704,0.723,0.638,0.651,0.6706666666666666,439228.31,0,coinbase
1669939200,0.649,0.711,0.641,0.692,0.6813333333333332,383195.0,0,coinbase
1670025600,0.693,0.73,0.669,0.669,0.6893333333333334,956449.77,0,coinbase
1670112000,0.67,0.691,0.649,0.664,0.668,266952.36,0,coinbase
1670198400,0.666,0.682,0.645,0.65,0.6589999999999999,258374.69,0,coinbase
1670284800,0.649,0.678,0.64,0.646,0.6546666666666666,467219.91,0,coinbase
1670371200,0.646,0.648,0.597,0.604,0.6163333333333334,373157.84,0,coinbase
1670457600,0.603,0.654,0.594,0.652,0.6333333333333333,261913.55,0,coinbase
1670544000,0.652,0.652,0.62,0.624,0.632,281222.78,0,coinbase
1670630400,0.627,0.663,0.605,0.61,0.626,274802.17,0,coinbase
1670716800,0.609,0.63,0.593,0.599,0.6073333333333333,491502.6,0,coinbase
1670803200,0.599,0.646,0.583,0.617,0.6153333333333334,545443.01,0,coinbase
1670889600,0.618,0.642,0.6,0.603,0.615,308089.02,0,coinbase
1670976000,0.605,0.614,0.549,0.56,0.5743333333333334,372523.43,0,coinbase
1671062400,0.56,0.592,0.55,0.562,0.568,593133.54,0,coinbase
1671148800,0.562,0.568,0.482,0.496,0.5153333333333333,479581.76,0,coinbase
1671235200,0.496,0.502,0.482,0.486,0.49,310793.89,0,coinbase
1671321600,0.486,0.531,0.464,0.469,0.488,533088.44,0,coinbase
1671408000,0.469,0.496,0.451,0.466,0.47100000000000003,476869.09,0,coinbase
1671494400,0.466,0.482,0.46,0.464,0.4686666666666666,300705.47,0,coinbase
1671580800,0.464,0.466,0.422,0.426,0.438,374598.67,0,coinbase
1671667200,0.426,0.521,0.421,0.518,0.48666666666666664,733652.72,0,coinbase
1671753600,0.517,0.601,0.497,0.514,0.5373333333333333,1486504.39,0,coinbase
1671840000,0.514,0.526,0.476,0.501,0.501,527531.32,0,coinbase
1671926400,0.501,0.524,0.491,0.516,0.5103333333333334,338268.59,0,coinbase
1672012800,0.517,0.564,0.51,0.541,0.5383333333333332,232656.99,0,coinbase
1672099200,0.541,0.569,0.507,0.524,0.5333333333333333,439627.32,0,coinbase
1672185600,0.523,0.528,0.487,0.509,0.508,902909.73,0,coinbase
1672272000,0.512,0.546,0.504,0.544,0.5313333333333333,709590.19,0,coinbase
1672358400,0.543,0.547,0.5,0.509,0.5186666666666667,690990.91,0,coinbase
1672444800,0.509,0.515,0.482,0.487,0.49466666666666664,246890.38,0,coinbase
1672531200,0.486,0.501,0.462,0.487,0.4833333333333334,459459.38,0,coinbase
1672617600,0.487,0.509,0.471,0.479,0.48633333333333334,416180.67,0,coinbase
1672704000,0.479,0.489,0.458,0.46,0.46900000000000003,425281.89,0,coinbase
1672790400,0.46,0.591,0.458,0.569,0.5393333333333333,987343.76,0,coinbase
1672876800,0.569,0.572,0.475,0.48,0.509,820942.75,0,coinbase
1672963200,0.48,0.488,0.455,0.479,0.47400000000000003,1078590.83,0,coinbase
1673049600,0.48,0.504,0.456,0.456,0.472,602127.03,0,coinbase
1673136000,0.456,0.534,0.445,0.517,0.49866666666666665,1084623.28,0,coinbase
1673222400,0.516,0.542,0.478,0.503,0.5076666666666667,1124319.12,0,coinbase
1673308800,0.504,0.54,0.475,0.523,0.5126666666666667,667397.3,0,coinbase
1673395200,0.522,0.632,0.515,0.572,0.573,1728380.79,0,coinbase
1673481600,0.572,0.651,0.569,0.639,0.6196666666666667,1269818.42,0,coinbase
1673568000,0.639,0.688,0.631,0.678,0.6656666666666666,916918.15,0,coinbase
1673654400,0.678,0.72,0.643,0.669,0.6773333333333333,1286090.82,0,coinbase
1673740800,0.667,0.72,0.656,0.67,0.6819999999999999,739185.46,0,coinbase
1673827200,0.671,0.8,0.662,0.717,0.7263333333333334,1459568.62,0,coinbase
1673913600,0.717,0.82,0.708,0.77,0.766,629866.53,0,coinbase
1674000000,0.77,0.88,0.709,0.813,0.8006666666666667,1170440.82,0,coinbase
1674086400,0.811,0.84,0.742,0.787,0.7896666666666666,772661.6,0,coinbase
1674172800,0.787,0.845,0.744,0.815,0.8013333333333333,454237.27,0,coinbase
1674259200,0.815,0.85,0.796,0.817,0.8210000000000001,312278.08,0,coinbase
1674345600,0.817,0.818,0.737,0.76,0.7716666666666666,378801.78,0,coinbase
1674432000,0.762,0.87,0.704,0.87,0.8146666666666667,992398.0,0,coinbase
1674518400,0.866,0.928,0.736,0.746,0.8033333333333333,898393.0,0,coinbase
1674604800,0.746,0.905,0.731,0.876,0.8373333333333334,822849.85,0,coinbase
1674691200,0.876,0.901,0.795,0.814,0.8366666666666668,318432.02,0,coinbase
1674777600,0.814,0.847,0.773,0.827,0.8156666666666667,538673.2,0,coinbase
1674864000,0.829,0.844,0.771,0.783,0.7993333333333333,167767.99,0,coinbase
1674950400,0.78,0.871,0.773,0.864,0.836,448628.68,0,coinbase
1675036800,0.864,0.89,0.703,0.72,0.7709999999999999,703554.68,0,coinbase
1675123200,0.72,0.898,0.68,0.839,0.8056666666666666,1581722.93,0,coinbase
1675209600,0.839,1.269,0.762,1.21,1.0803333333333331,4355604.37,0,coinbase
1675296000,1.224,1.4,1.087,1.181,1.2226666666666668,4119363.09,0,coinbase
1675382400,1.181,1.547,1.077,1.472,1.3653333333333333,2998912.36,0,coinbase
1675468800,1.472,1.505,1.211,1.238,1.318,1662299.12,0,coinbase
1675555200,1.239,1.264,1.045,1.235,1.1813333333333336,1396999.41,0,coinbase
1675641600,1.237,1.28,1.075,1.152,1.1689999999999998,1035480.72,0,coinbase
1675728000,1.153,1.372,1.11,1.332,1.2713333333333334,1960357.46,0,coinbase
1675814400,1.338,1.362,1.12,1.192,1.2246666666666668,1766720.93,0,coinbase
1675900800,1.194,1.236,0.977,1.069,1.094,1309294.96,0,coinbase
1675987200,1.068,1.17,1.052,1.101,1.1076666666666666,658642.84,0,coinbase
1676073600,1.101,1.28,0.98,1.26,1.1733333333333331,1806673.17,0,coinbase
1676160000,1.26,1.586,1.199,1.315,1.3666666666666665,5347811.75,0,coinbase
1676246400,1.31,1.62,1.12,1.542,1.4273333333333333,3473896.41,0,coinbase
1676332800,1.542,1.666,1.323,1.466,1.485,3089136.18,0,coinbase
1676419200,1.465,1.68,1.377,1.6,1.5523333333333333,2831360.11,0,coinbase
1676505600,1.6,1.69,1.44,1.45,1.5266666666666666,2242481.92,0,coinbase
1676592000,1.45,1.572,1.325,1.526,1.4743333333333333,1518106.06,0,coinbase
1676678400,1.519,1.664,1.489,1.562,1.5716666666666665,637783.77,0,coinbase
1676764800,1.562,1.576,1.436,1.449,1.487,983219.85,0,coinbase
1676851200,1.444,1.472,1.363,1.392,1.409,1517987.5,0,coinbase
1676937600,1.389,1.421,1.203,1.24,1.288,2150237.23,0,coinbase
1677024000,1.24,1.806,1.235,1.633,1.558,8103621.9,0,coinbase
1677110400,1.625,1.714,1.461,1.482,1.5523333333333333,3687630.26,0,coinbase
1677196800,1.479,1.501,1.322,1.335,1.386,1147523.7,0,coinbase
1677283200,1.329,1.368,1.26,1.348,1.3253333333333333,956365.77,0,coinbase
1677369600,1.349,1.458,1.316,1.363,1.3790000000000002,867902.44,0,coinbase
1677456000,1.366,1.408,1.283,1.309,1.3333333333333333,1167881.41,0,coinbase
1677542400,1.309,1.356,1.26,1.294,1.3033333333333335,1037497.6,0,coinbase
1677628800,1.294,1.37,1.274,1.289,1.311,895824.55,0,coinbase
1677715200,1.287,1.314,1.164,1.202,1.2266666666666666,1002410.16,0,coinbase
1677801600,1.203,1.204,1.051,1.094,1.1163333333333334,1263296.8,0,coinbase
1677888000,1.091,1.105,1.031,1.058,1.0646666666666667,523635.17,0,coinbase
1677974400,1.058,1.16,1.058,1.085,1.101,1315047.55,0,coinbase
1678060800,1.085,1.117,1.058,1.095,1.0899999999999999,691732.27,0,coinbase
1678147200,1.095,1.172,1.015,1.037,1.0746666666666667,2177613.47,0,coinbase
1678233600,1.038,1.083,0.919,0.935,0.979,1546477.46,0,coinbase
1678320000,0.937,0.977,0.876,0.882,0.9116666666666666,1498002.98,0,coinbase
1678406400,0.881,0.929,0.799,0.898,0.8753333333333334,2100103.42,0,coinbase
1678492800,0.898,0.982,0.775,0.854,0.8703333333333334,1758801.38,0,coinbase
1678579200,0.855,1.01,0.82,0.999,0.9430000000000001,1105822.67,0,coinbase
1678665600,1.001,1.077,0.922,0.991,0.9966666666666667,1775096.71,0,coinbase
1678752000,0.991,1.148,0.961,1.055,1.0546666666666666,2600972.62,0,coinbase
1678838400,1.053,1.084,0.88,0.926,0.9633333333333334,1435432.33,0,coinbase
1678924800,0.929,1.07,0.91,1.047,1.0090000000000001,1349418.49,0,coinbase
1679011200,1.047,1.09,0.99,1.067,1.0490000000000002,1159424.71,0,coinbase
1679097600,1.066,1.226,1.035,1.063,1.1079999999999999,1955318.84,0,coinbase
1679184000,1.062,1.127,1.046,1.093,1.0886666666666667,868985.02,0,coinbase
1679270400,1.093,1.095,0.983,0.988,1.022,968245.93,0,coinbase
1679356800,0.987,1.046,0.95,0.974,0.9899999999999999,936862.53,0,coinbase
1679443200,0.974,1.034,0.902,0.932,0.956,1088859.54,0,coinbase
1679529600,0.93,0.975,0.9,0.953,0.9426666666666667,1071691.94,0,coinbase
1679616000,0.954,0.976,0.856,0.871,0.9009999999999999,1064148.5,0,coinbase
1679702400,0.87,0.889,0.822,0.853,0.8546666666666667,588089.88,0,coinbase
1679788800,0.853,0.885,0.844,0.868,0.8656666666666667,372413.7,0,coinbase
1679875200,0.87,0.932,0.85,0.861,0.8809999999999999,1599122.78,0,coinbase
1679961600,0.861,0.877,0.828,0.867,0.8573333333333334,616926.73,0,coinbase
1680048000,0.868,1.021,0.866,0.977,0.9546666666666667,1266575.07,0,coinbase
1680134400,0.978,1.017,0.877,0.895,0.9296666666666665,950189.51,0,coinbase
1680220800,0.894,0.91,0.858,0.893,0.887,670459.12,0,coinbase
1680307200,0.893,0.941,0.887,0.901,0.9096666666666667,534434.98,0,coinbase
1680393600,0.902,0.907,0.837,0.852,0.8653333333333334,439229.6,0,coinbase
1680480000,0.855,0.886,0.816,0.827,0.843,959915.11,0,coinbase
1680566400,0.829,0.885,0.818,0.856,0.8529999999999999,888882.67,0,coinbase
1680652800,0.857,0.939,0.847,0.883,0.8896666666666667,1291072.53,0,coinbase
1680739200,0.885,0.888,0.808,0.827,0.8410000000000001,939822.03,0,coinbase
1680825600,0.825,0.83,0.791,0.796,0.8056666666666666,852291.82,0,coinbase
1680912000,0.795,0.797,0.727,0.734,0.7526666666666667,1320034.1,0,coinbase
1680998400,0.734,0.767,0.706,0.757,0.7433333333333333,1014482.42,0,coinbase
1681084800,0.755,0.91,0.742,0.846,0.8326666666666668,3126013.11,0,coinbase
1681171200,0.841,0.851,0.754,0.773,0.7926666666666667,1581978.43,0,coinbase
1681257600,0.772,0.833,0.723,0.819,0.7916666666666666,2338355.68,0,coinbase
1681344000,0.819,1.006,0.787,0.919,0.904,2585452.69,0,coinbase
1681430400,0.921,1.016,0.895,0.972,0.961,1995974.18,0,coinbase
1681516800,0.973,1.044,0.945,0.964,0.9843333333333333,1237843.01,0,coinbase
1681603200,0.965,1.042,0.965,1.034,1.0136666666666667,986786.16,0,coinbase
1681689600,1.033,1.085,0.972,0.982,1.013,1162292.67,0,coinbase
1681776000,0.983,1.01,0.954,1.001,0.9883333333333333,1048452.28,0,coinbase
1681862400,1.0,1.006,0.842,0.86,0.9026666666666666,1520076.98,0,coinbase
1681948800,0.859,0.882,0.809,0.822,0.8376666666666667,861813.51,0,coinbase
1682035200,0.825,0.831,0.768,0.782,0.7936666666666667,530301.95,0,coinbase
1682121600,0.782,0.848,0.772,0.83,0.8166666666666668,707652.78,0,coinbase
1682208000,0.831,0.915,0.799,0.864,0.8593333333333333,840184.02,0,coinbase
1682294400,0.86,0.877,0.814,0.823,0.838,328654.61,0,coinbase
1682380800,0.823,0.834,0.779,0.833,0.8153333333333332,1466704.98,0,coinbase
1682467200,0.83,0.894,0.787,0.854,0.8450000000000001,2018554.96,0,coinbase
1682553600,0.852,0.881,0.835,0.854,0.8566666666666666,562101.1,0,coinbase
1682640000,0.851,0.862,0.82,0.824,0.8353333333333333,209929.94,0,coinbase
1682726400,0.823,0.859,0.819,0.824,0.834,395062.64,0,coinbase
1682812800,0.826,0.839,0.811,0.811,0.8203333333333332,258911.0,0,coinbase
1682899200,0.812,0.813,0.763,0.777,0.7843333333333334,374734.34,0,coinbase
1682985600,0.779,0.799,0.768,0.795,0.7873333333333333,318472.4,0,coinbase
1683072000,0.795,0.797,0.745,0.765,0.769,338611.74,0,coinbase
1683158400,0.765,0.775,0.748,0.749,0.7573333333333334,321893.39,0,coinbase
1683244800,0.749,0.78,0.731,0.778,0.763,582752.54,0,coinbase
1683331200,0.78,0.789,0.723,0.725,0.7456666666666667,433675.74,0,coinbase
1683417600,0.725,0.759,0.721,0.725,0.735,396055.34,0,coinbase
1683504000,0.724,0.737,0.666,0.678,0.6936666666666667,635361.41,0,coinbase
1683590400,0.675,0.696,0.667,0.678,0.6803333333333333,335299.47,0,coinbase
1683676800,0.68,0.694,0.642,0.672,0.6693333333333333,360092.18,0,coinbase
1683763200,0.671,0.671,0.623,0.644,0.646,665266.8,0,coinbase
1683849600,0.643,0.645,0.59,0.62,0.6183333333333333,584900.28,0,coinbase
1683936000,0.623,0.635,0.614,0.615,0.6213333333333334,129282.44,0,coinbase
1684022400,0.615,0.642,0.595,0.612,0.6163333333333334,306472.22,0,coinbase
1684108800,0.612,0.65,0.609,0.62,0.6263333333333333,311685.73,0,coinbase
1684195200,0.621,0.632,0.604,0.608,0.6146666666666666,257753.47,0,coinbase
1684281600,0.609,0.629,0.55,0.615,0.598,854004.21,0,coinbase
1684368000,0.615,0.684,0.593,0.633,0.6366666666666667,746818.3,0,coinbase
1684454400,0.632,0.645,0.6,0.619,0.6213333333333334,416092.33,0,coinbase
1684540800,0.618,0.631,0.602,0.611,0.6146666666666667,172795.65,0,coinbase
1684627200,0.609,0.632,0.58,0.616,0.6093333333333333,581488.04,0,coinbase
1684713600,0.615,0.682,0.614,0.63,0.642,865446.7,0,coinbase
1684800000,0.628,0.672,0.621,0.662,0.6516666666666667,459740.8,0,coinbase
1684886400,0.663,0.67,0.615,0.632,0.6390000000000001,379517.71,0,coinbase
1684972800,0.634,0.636,0.586,0.602,0.608,355179.56,0,coinbase
1685059200,0.605,0.629,0.595,0.61,0.6113333333333334,370492.18,0,coinbase
1685145600,0.61,0.616,0.605,0.614,0.6116666666666667,210237.21,0,coinbase
1685232000,0.614,0.652,0.612,0.64,0.6346666666666666,325103.7,0,coinbase
1685318400,0.643,0.648,0.626,0.628,0.634,256310.94,0,coinbase
1685404800,0.629,0.668,0.624,0.645,0.6456666666666667,537756.73,0,coinbase
1685491200,0.645,0.649,0.59,0.599,0.6126666666666666,570793.43,0,coinbase
1685577600,0.601,0.663,0.594,0.643,0.6333333333333334,1098405.08,0,coinbase
1685664000,0.647,0.76,0.628,0.746,0.7113333333333333,2588316.97,0,coinbase
1685750400,0.742,0.778,0.694,0.695,0.7223333333333333,1485144.33,0,coinbase
1685836800,0.695,0.733,0.691,0.703,0.709,418151.35,0,coinbase
1685923200,0.702,0.713,0.615,0.689,0.6723333333333333,2232855.49,0,coinbase
1686009600,0.69,0.788,0.685,0.735,0.7360000000000001,2090094.72,0,coinbase
1686096000,0.737,0.797,0.678,0.68,0.7183333333333334,1133036.16,0,coinbase
1686182400,0.678,0.702,0.65,0.68,0.6773333333333333,721675.5,0,coinbase
1686268800,0.679,0.7,0.62,0.627,0.6489999999999999,577619.02,0,coinbase
1686355200,0.625,0.625,0.561,0.581,0.589,1506889.67,0,coinbase
1686441600,0.579,0.602,0.569,0.569,0.58,230566.1,0,coinbase
1686528000,0.568,0.569,0.538,0.55,0.5523333333333333,297205.44,0,coinbase
1686614400,0.551,0.583,0.549,0.561,0.5643333333333334,385129.45,0,coinbase
1686700800,0.561,0.6,0.533,0.539,0.5573333333333333,342984.26,0,coinbase
1686787200,0.539,0.573,0.518,0.56,0.5503333333333333,474150.23,0,coinbase
1686873600,0.56,0.638,0.554,0.612,0.6013333333333334,402790.08,0,coinbase
1686960000,0.612,0.624,0.594,0.607,0.6083333333333333,289463.61,0,coinbase
1687046400,0.604,0.611,0.594,0.598,0.601,66632.99,0,coinbase
1687132800,0.598,0.603,0.583,0.602,0.596,297841.58,0,coinbase
1687219200,0.603,0.655,0.585,0.637,0.6256666666666667,506362.11,0,coinbase
1687305600,0.636,0.698,0.635,0.698,0.6769999999999999,677517.56,0,coinbase
1687392000,0.698,0.742,0.669,0.669,0.6933333333333334,731072.37,0,coinbase
1687478400,0.67,0.703,0.662,0.675,0.68,305419.23,0,coinbase
1687564800,0.68,0.687,0.655,0.656,0.666,215349.43,0,coinbase
1687651200,0.658,0.7,0.658,0.679,0.6789999999999999,283512.41,0,coinbase
1687737600,0.679,0.68,0.648,0.654,0.6606666666666667,104626.32,0,coinbase
1687824000,0.654,0.701,0.651,0.701,0.6843333333333333,397741.78,0,coinbase
1687910400,0.701,0.726,0.649,0.652,0.6756666666666667,358876.77,0,coinbase
1687996800,0.649,0.666,0.615,0.652,0.6443333333333334,768595.57,0,coinbase
1688083200,0.651,0.708,0.642,0.685,0.6783333333333333,460398.11,0,coinbase
1688169600,0.686,0.734,0.679,0.717,0.71,441849.54,0,coinbase
1688256000,0.715,0.739,0.71,0.732,0.727,224659.86,0,coinbase
1688342400,0.732,0.794,0.727,0.727,0.7493333333333333,2109370.05,0,coinbase
1688428800,0.727,0.75,0.691,0.692,0.711,684205.3,0,coinbase
1688515200,0.693,0.704,0.647,0.649,0.6666666666666666,1421848.56,0,coinbase
1688601600,0.649,0.68,0.618,0.619,0.639,1075114.26,0,coinbase
1688688000,0.619,0.63,0.604,0.627,0.6203333333333333,346797.03,0,coinbase
1688774400,0.629,0.641,0.618,0.624,0.6276666666666667,217768.88,0,coinbase
1688860800,0.625,0.641,0.624,0.636,0.6336666666666667,171403.3,0,coinbase
1688947200,0.633,0.655,0.618,0.645,0.6393333333333334,286962.93,0,coinbase
1689033600,0.645,0.649,0.623,0.637,0.6363333333333333,197809.0,0,coinbase
1689120000,0.637,0.649,0.634,0.644,0.6423333333333333,136101.62,0,coinbase
1689206400,0.646,0.7,0.638,0.689,0.6756666666666667,584061.14,0,coinbase
1689292800,0.688,0.805,0.687,0.761,0.751,2415523.25,0,coinbase
1689379200,0.761,0.931,0.749,0.807,0.8290000000000001,1910124.39,0,coinbase
1689465600,0.808,0.824,0.752,0.775,0.7836666666666666,666249.19,0,coinbase
1689552000,0.773,0.774,0.721,0.742,0.7456666666666667,513900.74,0,coinbase
1689638400,0.742,0.743,0.7,0.713,0.7186666666666667,337741.4,0,coinbase
1689724800,0.711,0.754,0.691,0.7,0.7149999999999999,946038.62,0,coinbase
1689811200,0.699,0.766,0.698,0.72,0.7280000000000001,450658.2,0,coinbase
1689897600,0.719,0.734,0.711,0.724,0.7229999999999999,272664.81,0,coinbase
1689984000,0.724,0.724,0.678,0.68,0.6940000000000001,229670.43,0,coinbase
1690070400,0.68,0.704,0.679,0.69,0.691,372292.7,0,coinbase
1690156800,0.689,0.69,0.642,0.654,0.6619999999999999,652759.39,0,coinbase
1690243200,0.654,0.663,0.639,0.642,0.648,321741.29,0,coinbase
1690329600,0.643,0.667,0.63,0.644,0.6470000000000001,413848.35,0,coinbase
1690416000,0.643,0.668,0.631,0.634,0.6443333333333333,412344.46,0,coinbase
1690502400,0.634,0.649,0.634,0.643,0.642,240035.71,0,coinbase
1690588800,0.643,0.659,0.641,0.653,0.651,255502.08,0,coinbase
1690675200,0.652,0.663,0.61,0.614,0.629,297041.99,0,coinbase
1690761600,0.611,0.629,0.596,0.604,0.6096666666666667,303035.93,0,coinbase
1690848000,0.602,0.626,0.596,0.626,0.616,265647.47,0,coinbase
1690934400,0.627,0.644,0.594,0.601,0.613,330685.7,0,coinbase
1691020800,0.601,0.61,0.585,0.586,0.5936666666666666,212636.32,0,coinbase
1691107200,0.586,0.601,0.579,0.585,0.5883333333333333,215555.79,0,coinbase
1691193600,0.584,0.586,0.568,0.572,0.5753333333333334,89128.29,0,coinbase
1691280000,0.572,0.595,0.555,0.572,0.574,445022.33,0,coinbase
1691366400,0.572,0.592,0.554,0.568,0.5713333333333334,381588.85,0,coinbase
1691452800,0.569,0.594,0.552,0.575,0.5736666666666667,539715.69,0,coinbase
1691539200,0.574,0.588,0.563,0.569,0.5733333333333333,317126.77,0,coinbase
1691625600,0.567,0.577,0.563,0.566,0.5686666666666667,200225.75,0,coinbase
1691712000,0.564,0.569,0.546,0.549,0.5546666666666668,230585.85,0,coinbase
1691798400,0.549,0.559,0.546,0.553,0.5526666666666666,213743.81,0,coinbase
1691884800,0.554,0.582,0.55,0.577,0.5696666666666667,228708.53,0,coinbase
1691971200,0.576,0.589,0.564,0.565,0.5726666666666667,191504.7,0,coinbase
1692057600,0.565,0.568,0.537,0.548,0.551,267542.98,0,coinbase
1692144000,0.546,0.55,0.522,0.524,0.532,246154.71,0,coinbase
1692230400,0.524,0.532,0.47,0.483,0.49499999999999994,827488.1,0,coinbase
1692316800,0.487,0.513,0.467,0.474,0.48466666666666663,401022.88,0,coinbase
1692403200,0.475,0.493,0.461,0.462,0.472,454668.63,0,coinbase
1692489600,0.462,0.482,0.451,0.454,0.4623333333333333,377351.06,0,coinbase
1692576000,0.454,0.461,0.442,0.445,0.44933333333333336,404600.85,0,coinbase
1692662400,0.443,0.453,0.418,0.433,0.4346666666666667,1224551.23,0,coinbase
1692748800,0.432,0.478,0.431,0.465,0.458,769244.99,0,coinbase
1692835200,0.466,0.47,0.434,0.436,0.4466666666666666,464110.9,0,coinbase
1692921600,0.438,0.438,0.423,0.426,0.429,373072.5,0,coinbase
1693008000,0.426,0.428,0.416,0.417,0.4203333333333333,170457.21,0,coinbase
1693094400,0.417,0.427,0.413,0.417,0.419,383780.53,0,coinbase
1693180800,0.416,0.423,0.402,0.418,0.4143333333333333,767234.43,0,coinbase
1693267200,0.417,0.444,0.406,0.431,0.42700000000000005,534285.97,0,coinbase
1693353600,0.431,0.435,0.419,0.422,0.42533333333333334,116543.22,0,coinbase
1693440000,0.422,0.456,0.418,0.426,0.43333333333333335,623994.77,0,coinbase
1693526400,0.428,0.439,0.403,0.411,0.4176666666666667,411299.03,0,coinbase
1693612800,0.41,0.416,0.404,0.41,0.41,276301.76,0,coinbase
1693699200,0.41,0.417,0.405,0.405,0.40900000000000003,154608.61,0,coinbase
1693785600,0.406,0.418,0.35,0.35,0.37266666666666665,1424878.94,0,coinbase
1693872000,0.352,0.384,0.301,0.365,0.35000000000000003,3076073.53,0,coinbase
1693958400,0.364,0.479,0.332,0.345,0.3853333333333333,3643668.44,0,coinbase
1694044800,0.342,0.351,0.331,0.342,0.3413333333333333,903918.0,0,coinbase
1694131200,0.343,0.346,0.333,0.336,0.3383333333333334,289132.52,0,coinbase
1694217600,0.336,0.35,0.334,0.346,0.34333333333333327,454185.15,0,coinbase
1694304000,0.347,0.347,0.312,0.316,0.325,722695.81,0,coinbase
1694390400,0.316,0.318,0.275,0.309,0.30066666666666664,2461133.49,0,coinbase
1694476800,0.31,0.311,0.285,0.287,0.29433333333333334,885006.01,0,coinbase
1694563200,0.287,0.295,0.287,0.293,0.2916666666666667,501291.78,0,coinbase
1694649600,0.292,0.362,0.289,0.319,0.3233333333333333,3431330.09,0,coinbase
1694736000,0.317,0.357,0.31,0.346,0.3376666666666666,1737466.96,0,coinbase
1694822400,0.346,0.35,0.322,0.327,0.33299999999999996,470971.05,0,coinbase
1694908800,0.326,0.326,0.314,0.317,0.319,170024.24,0,coinbase
1694995200,0.316,0.338,0.313,0.329,0.32666666666666666,515772.99,0,coinbase
1695081600,0.33,0.337,0.317,0.321,0.325,568578.88,0,coinbase
1695168000,0.319,0.323,0.311,0.313,0.3156666666666667,465732.27,0,coinbase
1695254400,0.314,0.317,0.295,0.297,0.303,574608.25,0,coinbase
1695340800,0.297,0.316,0.296,0.305,0.3056666666666667,565417.47,0,coinbase
1695427200,0.306,0.309,0.302,0.303,0.30466666666666664,272103.09,0,coinbase
1695513600,0.304,0.32,0.302,0.319,0.3136666666666667,486887.37,0,coinbase
1695600000,0.318,0.319,0.308,0.312,0.313,418225.07,0,coinbase
1695686400,0.314,0.316,0.308,0.31,0.3113333333333333,283985.78,0,coinbase
1695772800,0.31,0.318,0.297,0.3,0.305,700356.59,0,coinbase
1695859200,0.3,0.315,0.3,0.313,0.3093333333333333,517375.03,0,coinbase
1695945600,0.313,0.326,0.311,0.324,0.32033333333333336,614695.11,0,coinbase
1696032000,0.325,0.327,0.313,0.316,0.31866666666666665,201660.51,0,coinbase
1696118400,0.317,0.342,0.314,0.338,0.3313333333333333,793155.44,0,coinbase
1696204800,0.336,0.336,0.315,0.319,0.3233333333333333,477147.52,0,coinbase
1696291200,0.32,0.321,0.307,0.309,0.31233333333333335,494930.5,0,coinbase
1696377600,0.309,0.314,0.303,0.309,0.30866666666666664,397399.69,0,coinbase
1696464000,0.309,0.309,0.294,0.297,0.3,540427.62,0,coinbase
1696550400,0.298,0.306,0.293,0.306,0.3016666666666667,265046.66,0,coinbase
1696636800,0.305,0.306,0.297,0.298,0.30033333333333334,212010.42,0,coinbase
1696723200,0.298,0.299,0.292,0.292,0.29433333333333334,174281.39,0,coinbase
1696809600,0.293,0.301,0.266,0.272,0.2796666666666667,1140373.78,0,coinbase
1696896000,0.272,0.285,0.272,0.277,0.27799999999999997,412400.22,0,coinbase
1696982400,0.276,0.284,0.272,0.28,0.2786666666666667,650194.8,0,coinbase
1697068800,0.279,0.282,0.271,0.272,0.27499999999999997,203501.8,0,coinbase
1697155200,0.273,0.282,0.272,0.278,0.2773333333333334,260843.87,0,coinbase
1697241600,0.279,0.303,0.276,0.287,0.2886666666666666,547573.94,0,coinbase
1697328000,0.285,0.29,0.282,0.285,0.2856666666666667,187048.04,0,coinbase
1697414400,0.286,0.312,0.285,0.3,0.299,718502.08,0,coinbase
1697500800,0.299,0.337,0.297,0.31,0.31466666666666665,948056.36,0,coinbase
1697587200,0.31,0.325,0.3,0.3,0.30833333333333335,515521.25,0,coinbase
1697673600,0.3,0.302,0.291,0.291,0.29466666666666663,208161.47,0,coinbase
1697760000,0.292,0.303,0.291,0.294,0.296,380857.79,0,coinbase
1697846400,0.294,0.31,0.292,0.305,0.30233333333333334,243844.83,0,coinbase
1697932800,0.305,0.323,0.302,0.313,0.31266666666666665,428331.0,0,coinbase
1698019200,0.313,0.329,0.299,0.317,0.315,662126.65,0,coinbase
1698105600,0.319,0.37,0.319,0.351,0.3466666666666667,2487918.53,0,coinbase
1698192000,0.35,0.416,0.347,0.395,0.38599999999999995,3773257.54,0,coinbase
1698278400,0.394,0.398,0.349,0.359,0.36866666666666664,879034.59,0,coinbase
1698364800,0.359,0.362,0.346,0.353,0.35366666666666663,729238.33,0,coinbase
1698451200,0.352,0.365,0.35,0.362,0.359,201808.1,0,coinbase
1698537600,0.362,0.372,0.357,0.365,0.36466666666666664,243107.82,0,coinbase
1698624000,0.364,0.366,0.355,0.361,0.36066666666666664,220940.79,0,coinbase
1698710400,0.362,0.368,0.339,0.345,0.3506666666666667,571190.24,0,coinbase
1698796800,0.345,0.369,0.34,0.365,0.35800000000000004,744183.06,0,coinbase
1698883200,0.365,0.372,0.342,0.346,0.35333333333333333,482311.52,0,coinbase
1698969600,0.346,0.372,0.336,0.36,0.35600000000000004,747186.4,0,coinbase
1699056000,0.359,0.382,0.356,0.374,0.3706666666666667,377048.79,0,coinbase
1699142400,0.374,0.384,0.361,0.367,0.3706666666666667,793513.04,0,coinbase
1699228800,0.367,0.39,0.362,0.387,0.37966666666666665,861466.66,0,coinbase
1699315200,0.387,0.394,0.37,0.379,0.381,904382.92,0,coinbase
1699401600,0.381,0.4,0.374,0.394,0.38933333333333336,1151220.09,0,coinbase
1699488000,0.394,0.446,0.39,0.416,0.41733333333333333,2113282.57,0,coinbase
1699574400,0.42,0.46,0.407,0.459,0.442,1446439.97,0,coinbase
1699660800,0.459,0.475,0.429,0.432,0.4453333333333333,1118678.91,0,coinbase
1699747200,0.434,0.455,0.42,0.447,0.4406666666666667,578040.28,0,coinbase
1699833600,0.447,0.512,0.411,0.411,0.4446666666666667,2638891.38,0,coinbase
1699920000,0.411,0.433,0.397,0.412,0.414,905520.68,0,coinbase
1700006400,0.413,0.47,0.379,0.468,0.439,1389659.7,0,coinbase
1700092800,0.467,0.472,0.412,0.419,0.4343333333333333,1065324.71,0,coinbase
1700179200,0.42,0.433,0.398,0.408,0.413,378266.16,0,coinbase
1700265600,0.408,0.42,0.389,0.407,0.4053333333333333,562929.84,0,coinbase
1700352000,0.405,0.449,0.398,0.437,0.428,891792.0,0,coinbase
1700438400,0.436,0.461,0.416,0.435,0.43733333333333335,1191399.37,0,coinbase
1700524800,0.434,0.453,0.382,0.382,0.4056666666666667,981919.21,0,coinbase
1700611200,0.383,0.427,0.373,0.419,0.4063333333333334,1299520.26,0,coinbase
1700697600,0.42,0.438,0.404,0.42,0.4206666666666667,1075495.27,0,coinbase
1700784000,0.417,0.44,0.416,0.433,0.42966666666666664,455207.64,0,coinbase
1700870400,0.434,0.439,0.424,0.428,0.4303333333333333,275328.73,0,coinbase
1700956800,0.429,0.448,0.421,0.43,0.433,733011.58,0,coinbase
1701043200,0.432,0.436,0.383,0.403,0.4073333333333333,1199414.9,0,coinbase
1701129600,0.404,0.44,0.398,0.418,0.4186666666666667,1013897.83,0,coinbase
1701216000,0.418,0.458,0.411,0.442,0.437,1859517.64,0,coinbase
1701302400,0.441,0.55,0.422,0.427,0.4663333333333333,4817922.82,0,coinbase
1701388800,0.427,0.453,0.413,0.432,0.4326666666666667,2591598.32,0,coinbase
1701475200,0.431,0.442,0.423,0.438,0.4343333333333333,1707959.66,0,coinbase
1701561600,0.44,0.461,0.434,0.455,0.45,1808728.97,0,coinbase
1701648000,0.454,0.5,0.436,0.494,0.4766666666666666,2624423.19,0,coinbase
1701734400,0.494,0.551,0.465,0.487,0.501,3637301.68,0,coinbase
1701820800,0.488,0.492,0.46,0.461,0.47100000000000003,1792036.45,0,coinbase
1701907200,0.462,0.48,0.451,0.468,0.4663333333333333,2362443.7,0,coinbase
1701993600,0.466,0.494,0.465,0.477,0.47866666666666663,711475.47,0,coinbase
1702080000,0.477,0.51,0.474,0.484,0.48933333333333334,993871.44,0,coinbase
1702166400,0.483,0.489,0.465,0.481,0.47833333333333333,519129.08,0,coinbase
1702252800,0.482,0.484,0.421,0.436,0.447,1475309.19,0,coinbase
1702339200,0.437,0.454,0.408,0.425,0.429,1074753.62,0,coinbase
1702425600,0.425,0.434,0.394,0.424,0.41733333333333333,1139232.69,0,coinbase
1702512000,0.425,0.449,0.422,0.435,0.43533333333333335,940264.84,0,coinbase
1702598400,0.435,0.448,0.415,0.418,0.427,1423153.58,0,coinbase
1702684800,0.419,0.432,0.416,0.423,0.42366666666666664,357570.9,0,coinbase
1702771200,0.423,0.433,0.403,0.405,0.4136666666666667,590059.97,0,coinbase
1702857600,0.406,0.411,0.388,0.402,0.4003333333333334,963734.82,0,coinbase
1702944000,0.402,0.41,0.363,0.385,0.38599999999999995,1721535.4,0,coinbase
1703030400,0.386,0.407,0.381,0.393,0.39366666666666666,774259.67,0,coinbase
1703116800,0.392,0.406,0.389,0.397,0.39733333333333337,894581.42,0,coinbase
1703203200,0.4,0.439,0.398,0.428,0.42166666666666663,1349945.02,0,coinbase
1703289600,0.43,0.436,0.418,0.428,0.42733333333333334,657765.95,0,coinbase
1703376000,0.428,0.447,0.421,0.429,0.4323333333333333,882558.36,0,coinbase
1703462400,0.428,0.472,0.421,0.458,0.4503333333333333,1001273.07,0,coinbase
1703548800,0.458,0.46,0.428,0.452,0.4466666666666667,884779.01,0,coinbase
1703635200,0.453,0.518,0.444,0.502,0.488,2769742.12,0,coinbase
1703721600,0.5,0.54,0.457,0.467,0.48800000000000004,3196854.66,0,coinbase
1703808000,0.468,0.497,0.448,0.474,0.47300000000000003,1391568.69,0,coinbase
1703894400,0.474,0.478,0.456,0.463,0.4656666666666667,514901.54,0,coinbase
1703980800,0.462,0.481,0.454,0.462,0.4656666666666667,647666.0,0,coinbase
1704067200,0.461,0.484,0.45,0.483,0.47233333333333327,762428.49,0,coinbase
1704153600,0.481,0.508,0.465,0.471,0.48133333333333334,1438583.51,0,coinbase
1704240000,0.472,0.483,0.425,0.438,0.4486666666666666,1457403.78,0,coinbase
1704326400,0.438,0.451,0.421,0.442,0.438,615179.94,0,coinbase
1704412800,0.443,0.445,0.416,0.426,0.429,595084.53,0,coinbase
1704499200,0.425,0.425,0.401,0.408,0.41133333333333333,417926.7,0,coinbase
1704585600,0.407,0.414,0.38,0.382,0.39200000000000007,492924.73,0,coinbase
1704672000,0.384,0.408,0.354,0.404,0.38866666666666666,886704.09,0,coinbase
1704758400,0.404,0.404,0.371,0.386,0.387,567565.4,0,coinbase
1704844800,0.389,0.455,0.382,0.439,0.42533333333333334,693175.24,0,coinbase
1704931200,0.442,0.615,0.442,0.507,0.5213333333333333,5068795.35,0,coinbase
1705017600,0.51,0.571,0.478,0.528,0.5256666666666666,2795718.69,0,coinbase
1705104000,0.528,0.767,0.528,0.751,0.6819999999999999,14115769.07,0,coinbase
1705190400,0.751,0.777,0.613,0.67,0.6866666666666666,7778803.33,0,coinbase
1705276800,0.67,0.699,0.6,0.631,0.6433333333333333,3493834.66,0,coinbase
1705363200,0.635,0.745,0.605,0.692,0.6806666666666666,4034165.36,0,coinbase
1705449600,0.693,0.704,0.621,0.647,0.6573333333333333,2157533.07,0,coinbase
1705536000,0.65,0.671,0.581,0.598,0.6166666666666667,2150740.3,0,coinbase
1705622400,0.6,0.773,0.591,0.734,0.6993333333333333,5500604.4,0,coinbase
1705708800,0.737,0.744,0.643,0.664,0.6836666666666668,1903397.61,0,coinbase
1705795200,0.664,0.725,0.655,0.685,0.6883333333333334,1128402.26,0,coinbase
1705881600,0.683,0.688,0.611,0.611,0.6366666666666666,1375241.17,0,coinbase
1705968000,0.612,0.829,0.581,0.728,0.7126666666666667,4780595.26,0,coinbase
1706054400,0.73,0.926,0.71,0.761,0.799,9348750.36,0,coinbase
1706140800,0.758,0.945,0.714,0.853,0.8373333333333332,7538048.31,0,coinbase
1706227200,0.853,0.93,0.79,0.884,0.868,5869848.31,0,coinbase
1706313600,0.88,1.0,0.873,0.878,0.9169999999999999,2834567.24,0,coinbase
1706400000,0.879,0.879,0.768,0.79,0.8123333333333335,4123611.02,0,coinbase
1706486400,0.79,0.848,0.786,0.818,0.8173333333333334,1940682.04,0,coinbase
1706572800,0.816,0.818,0.769,0.772,0.7863333333333333,1749153.19,0,coinbase
1706659200,0.775,0.781,0.711,0.721,0.7376666666666667,1564105.25,0,coinbase
1706745600,0.721,0.731,0.681,0.706,0.706,1335961.18,0,coinbase
1706832000,0.706,0.788,0.706,0.75,0.7479999999999999,2137588.11,0,coinbase
1706918400,0.751,0.763,0.711,0.724,0.7326666666666667,663073.72,0,coinbase
1707004800,0.723,0.733,0.674,0.676,0.6943333333333334,949963.27,0,coinbase
1707091200,0.674,0.742,0.66,0.689,0.6970000000000001,1350058.47,0,coinbase
1707177600,0.688,0.732,0.678,0.715,0.7083333333333334,1093812.44,0,coinbase
1707264000,0.715,0.768,0.68,0.737,0.7283333333333334,1246505.42,0,coinbase
1707350400,0.738,0.777,0.712,0.717,0.7353333333333333,1277754.74,0,coinbase
1707436800,0.719,0.784,0.712,0.77,0.7553333333333333,1085079.66,0,coinbase
1707523200,0.772,0.8,0.736,0.755,0.7636666666666666,949827.18,0,coinbase
1707609600,0.751,0.761,0.722,0.728,0.7370000000000001,633701.6,0,coinbase
1707696000,0.73,0.768,0.704,0.762,0.7446666666666667,825343.74,0,coinbase
1707782400,0.765,0.859,0.726,0.736,0.7736666666666666,1358439.66,0,coinbase
1707868800,0.735,0.765,0.715,0.74,0.7399999999999999,1469706.27,0,coinbase
1707955200,0.742,0.778,0.709,0.719,0.7353333333333333,1624693.4,0,coinbase
1708041600,0.719,0.737,0.714,0.721,0.7240000000000001,1240290.59,0,coinbase
1708128000,0.721,0.785,0.714,0.766,0.755,1706402.28,0,coinbase
1708214400,0.768,0.814,0.735,0.776,0.775,2102503.74,0,coinbase
1708300800,0.78,0.872,0.765,0.82,0.819,2032699.92,0,coinbase
1708387200,0.819,0.831,0.738,0.75,0.773,1533998.69,0,coinbase
1708473600,0.752,0.764,0.684,0.711,0.7196666666666666,1427136.25,0,coinbase
1708560000,0.71,0.736,0.7,0.714,0.7166666666666667,927724.15,0,coinbase
1708646400,0.718,0.718,0.659,0.681,0.6859999999999999,1148809.58,0,coinbase
1708732800,0.679,0.73,0.659,0.708,0.699,722314.64,0,coinbase
1708819200,0.709,0.731,0.696,0.722,0.7163333333333334,775371.53,0,coinbase
1708905600,0.723,0.797,0.683,0.796,0.7586666666666666,1946010.79,0,coinbase
1708992000,0.793,1.092,0.791,0.938,0.9403333333333332,8065601.29,0,coinbase
1709078400,0.939,1.305,0.925,1.222,1.1506666666666667,6769407.66,0,coinbase
1709164800,1.222,1.328,1.067,1.121,1.172,3027882.87,0,coinbase
1709251200,1.12,1.185,1.087,1.172,1.148,2690028.18,0,coinbase
1709337600,1.17,1.172,1.075,1.135,1.1273333333333333,1083653.72,0,coinbase
1709424000,1.137,1.157,1.061,1.103,1.107,804903.3,0,coinbase
1709510400,1.105,1.19,1.088,1.166,1.148,1464774.56,0,coinbase
1709596800,1.165,1.574,1.153,1.554,1.4270000000000003,6366678.76,0,coinbase
1709683200,1.558,1.969,1.478,1.898,1.7816666666666665,7283260.36,0,coinbase
1709769600,1.878,1.9,1.589,1.605,1.6979999999999997,2046453.0,0,coinbase
1709856000,1.608,1.647,1.5,1.596,1.5810000000000002,1718162.06,0,coinbase
1709942400,1.597,1.7,1.56,1.59,1.6166666666666665,726709.97,0,coinbase
1710028800,1.595,1.644,1.424,1.447,1.505,1626890.35,0,coinbase
1710115200,1.45,1.632,1.382,1.555,1.523,1912623.59,0,coinbase
1710201600,1.558,1.592,1.379,1.49,1.487,880184.31,0,coinbase
1710288000,1.487,1.664,1.47,1.567,1.567,1295951.13,0,coinbase
1710374400,1.566,1.574,1.422,1.505,1.500333333333333,1203225.68,0,coinbase
1710460800,1.507,1.52,1.316,1.388,1.4080000000000001,1199490.81,0,coinbase
1710547200,1.392,1.482,1.183,1.213,1.2926666666666666,1821927.96,0,coinbase
1710633600,1.213,1.358,1.154,1.304,1.272,1248212.56,0,coinbase
1710720000,1.3,1.305,1.158,1.164,1.2089999999999999,923288.19,0,coinbase
1710806400,1.158,1.23,1.013,1.103,1.1153333333333333,2292440.86,0,coinbase
1710892800,1.104,1.367,1.07,1.361,1.266,1189923.53,0,coinbase
1710979200,1.352,1.39,1.249,1.278,1.3056666666666668,749514.77,0,coinbase
1711065600,1.281,1.343,1.185,1.221,1.2496666666666667,590412.2,0,coinbase
1711152000,1.221,1.24,1.112,1.114,1.1553333333333333,3217689.08,0,coinbase
1711238400,1.114,1.223,1.112,1.216,1.1836666666666666,562112.58,0,coinbase
1711324800,1.21,1.422,1.173,1.354,1.3163333333333334,2113018.16,0,coinbase
1711411200,1.358,1.561,1.285,1.317,1.3876666666666668,1836580.12,0,coinbase
1711497600,1.317,1.43,1.25,1.281,1.3203333333333331,1088333.25,0,coinbase
1711584000,1.279,1.41,1.261,1.375,1.3486666666666665,864224.39,0,coinbase
1711670400,1.375,1.414,1.251,1.295,1.32,471944.82,0,coinbase
1711756800,1.293,1.305,1.203,1.233,1.247,856127.04,0,coinbase
1711843200,1.231,1.265,1.204,1.249,1.2393333333333334,652261.53,0,coinbase
1711929600,1.249,1.527,1.18,1.226,1.311,3057412.4,0,coinbase
1712016000,1.225,1.477,1.142,1.34,1.3196666666666665,3270731.56,0,coinbase
1712102400,1.34,1.76,1.324,1.627,1.5703333333333334,5904359.15,0,coinbase
1712188800,1.628,1.776,1.385,1.424,1.5283333333333333,3648968.78,0,coinbase
1712275200,1.429,1.462,1.24,1.356,1.3526666666666667,2564441.49,0,coinbase
1712361600,1.356,1.41,1.251,1.335,1.3319999999999999,1070929.58,0,coinbase
1712448000,1.334,1.5,1.332,1.444,1.4253333333333333,1658215.21,0,coinbase
1712534400,1.445,1.577,1.396,1.512,1.4949999999999999,1138741.13,0,coinbase
1712620800,1.512,1.533,1.338,1.377,1.4160000000000001,1207171.7,0,coinbase
1712707200,1.378,1.395,1.239,1.325,1.3196666666666668,1319079.57,0,coinbase
1712793600,1.324,1.362,1.21,1.225,1.2656666666666667,741263.34,0,coinbase
1712880000,1.226,1.269,1.023,1.061,1.1176666666666666,2055474.5,0,coinbase
1712966400,1.06,1.315,0.941,1.128,1.128,3007936.38,0,coinbase
1713052800,1.127,1.243,1.038,1.141,1.1406666666666667,1761304.85,0,coinbase
1713139200,1.14,1.223,1.024,1.053,1.0999999999999999,1234545.78,0,coinbase
1713225600,1.048,1.069,0.937,0.997,1.0010000000000001,2181484.2,0,coinbase
1713312000,0.997,1.016,0.903,0.965,0.9613333333333333,1329480.59,0,coinbase
1713398400,0.961,1.187,0.943,1.11,1.08,2634989.67,0,coinbase
1713484800,1.112,1.158,1.011,1.07,1.0796666666666666,1847768.84,0,coinbase
1713571200,1.069,1.147,1.024,1.124,1.0983333333333334,592331.21,0,coinbase
1713657600,1.12,1.14,1.052,1.082,1.0913333333333333,588140.5,0,coinbase
1713744000,1.082,1.138,1.068,1.104,1.1033333333333333,534220.3,0,coinbase
1713830400,1.105,1.21,1.104,1.121,1.145,686808.13,0,coinbase
1713916800,1.121,1.142,1.032,1.043,1.0723333333333331,881136.13,0,coinbase
1714003200,1.04,1.093,1.003,1.038,1.0446666666666669,518171.32,0,coinbase
1714089600,1.038,1.054,0.95,0.973,0.9923333333333333,734285.41,0,coinbase
1714176000,0.972,1.013,0.95,1.004,0.9889999999999999,824259.07,0,coinbase
1714262400,1.007,1.026,0.974,0.98,0.9933333333333333,340526.17,0,coinbase
1714348800,0.975,0.982,0.919,0.948,0.9496666666666668,501312.78,0,coinbase
1714435200,0.946,0.97,0.78,0.864,0.8713333333333333,1157412.8,0,coinbase
1714521600,0.863,0.915,0.795,0.901,0.8703333333333333,841783.32,0,coinbase
1714608000,0.898,0.914,0.823,0.896,0.8776666666666667,1488711.46,0,coinbase
1714694400,0.9,0.951,0.872,0.918,0.9136666666666667,746309.89,0,coinbase
1714780800,0.918,0.918,0.884,0.892,0.898,552999.88,0,coinbase
1714867200,0.891,0.931,0.867,0.919,0.9056666666666667,789763.34,0,coinbase
1714953600,0.919,0.947,0.878,0.883,0.9026666666666667,611450.79,0,coinbase
1715040000,0.88,0.909,0.85,0.854,0.871,507636.16,0,coinbase
1715126400,0.854,0.859,0.776,0.832,0.8223333333333334,686575.63,0,coinbase
1715212800,0.832,0.854,0.805,0.85,0.8363333333333333,648594.2,0,coinbase
1715299200,0.849,0.881,0.769,0.779,0.8096666666666666,1293316.0,0,coinbase
1715385600,0.778,0.811,0.773,0.796,0.7933333333333333,817381.54,0,coinbase
1715472000,0.794,0.819,0.789,0.796,0.8013333333333333,288245.97,0,coinbase
1715558400,0.797,0.8,0.737,0.752,0.7629999999999999,1802301.38,0,coinbase
1715644800,0.75,0.764,0.711,0.746,0.7403333333333334,1086825.95,0,coinbase
1715731200,0.749,0.812,0.729,0.812,0.7843333333333332,970379.91,0,coinbase
1715817600,0.811,0.84,0.778,0.793,0.8036666666666666,1506519.65,0,coinbase
1715904000,0.794,0.848,0.774,0.823,0.815,1162368.53,0,coinbase
1715990400,0.825,0.833,0.795,0.806,0.8113333333333334,465755.44,0,coinbase
1716076800,0.807,0.811,0.763,0.764,0.7793333333333333,476737.15,0,coinbase
1716163200,0.763,0.839,0.728,0.825,0.7973333333333333,1856798.74,0,coinbase
1716249600,0.829,0.843,0.786,0.815,0.8146666666666667,972603.35,0,coinbase
1716336000,0.815,0.825,0.771,0.788,0.7946666666666667,1373185.98,0,coinbase
1716422400,0.789,0.825,0.756,0.786,0.789,586514.37,0,coinbase
1716508800,0.787,0.808,0.738,0.752,0.766,520705.88,0,coinbase
1716595200,0.749,0.787,0.735,0.78,0.7673333333333333,818271.45,0,coinbase
1716681600,0.779,0.781,0.749,0.755,0.7616666666666667,679926.38,0,coinbase
1716768000,0.755,0.812,0.754,0.802,0.7893333333333334,635533.63,0,coinbase
1716854400,0.802,0.812,0.76,0.782,0.7846666666666667,569886.78,0,coinbase
1716940800,0.783,0.801,0.76,0.763,0.7746666666666666,613897.32,0,coinbase
1717027200,0.766,0.773,0.736,0.747,0.7519999999999999,677435.46,0,coinbase
1717113600,0.746,0.75,0.688,0.711,0.7163333333333334,655585.55,0,coinbase
1717200000,0.709,0.766,0.701,0.746,0.7376666666666667,647360.1,0,coinbase
1717286400,0.747,0.771,0.73,0.759,0.7533333333333333,390217.21,0,coinbase
1717372800,0.76,0.813,0.75,0.766,0.7763333333333332,1184312.05,0,coinbase
1717459200,0.765,0.769,0.714,0.723,0.7353333333333333,1709544.76,0,coinbase
1717545600,0.722,0.74,0.72,0.732,0.7306666666666667,869753.08,0,coinbase
1717632000,0.733,0.752,0.718,0.72,0.73,411935.42,0,coinbase
1717718400,0.72,0.736,0.653,0.663,0.684,782896.48,0,coinbase
1717804800,0.663,0.667,0.606,0.611,0.628,606534.44,0,coinbase
1717891200,0.613,0.633,0.603,0.622,0.6193333333333334,419039.86,0,coinbase
1717977600,0.621,0.622,0.586,0.587,0.5983333333333333,701938.39,0,coinbase
1718064000,0.588,0.6,0.534,0.58,0.5713333333333334,1139582.95,0,coinbase
1718150400,0.582,0.83,0.58,0.691,0.7003333333333334,4890279.34,0,coinbase
1718236800,0.689,0.734,0.606,0.62,0.6533333333333333,1905162.72,0,coinbase
1718323200,0.621,0.659,0.576,0.599,0.6113333333333333,1157269.29,0,coinbase
1718409600,0.6,0.65,0.596,0.623,0.623,363367.32,0,coinbase
1718496000,0.623,0.746,0.607,0.682,0.6783333333333333,2353469.99,0,coinbase
1718582400,0.68,0.687,0.566,0.598,0.617,2436431.91,0,coinbase
1718668800,0.598,0.612,0.532,0.563,0.5690000000000001,873543.75,0,coinbase
1718755200,0.564,0.589,0.534,0.546,0.5563333333333333,599308.11,0,coinbase
1718841600,0.546,0.591,0.536,0.54,0.5556666666666666,478734.94,0,coinbase
1718928000,0.543,0.576,0.511,0.519,0.5353333333333333,562971.09,0,coinbase
1719014400,0.519,0.519,0.501,0.515,0.5116666666666667,300545.1,0,coinbase
1719100800,0.515,0.534,0.499,0.501,0.5113333333333333,317134.65,0,coinbase
1719187200,0.501,0.535,0.482,0.529,0.5153333333333333,1030572.3,0,coinbase
1719273600,0.531,0.59,0.518,0.54,0.5493333333333333,1012778.21,0,coinbase
1719360000,0.538,0.545,0.507,0.514,0.522,321011.55,0,coinbase
1719446400,0.513,0.552,0.501,0.536,0.5296666666666666,513610.96,0,coinbase
1719532800,0.536,0.543,0.51,0.513,0.5219999999999999,754236.9,0,coinbase
1719619200,0.512,0.523,0.497,0.497,0.5056666666666666,272362.46,0,coinbase
1719705600,0.498,0.541,0.485,0.533,0.5196666666666667,625901.9,0,coinbase
1719792000,0.534,0.55,0.504,0.512,0.522,469218.03,0,coinbase
1719878400,0.51,0.529,0.508,0.509,0.5153333333333333,375545.13,0,coinbase
1719964800,0.51,0.513,0.48,0.487,0.49333333333333335,554039.73,0,coinbase
1720051200,0.486,0.489,0.449,0.456,0.4646666666666666,852946.15,0,coinbase
1720137600,0.456,0.457,0.4,0.437,0.43133333333333335,1747104.45,0,coinbase
1720224000,0.437,0.464,0.428,0.462,0.45133333333333336,565195.81,0,coinbase
1720310400,0.461,0.461,0.414,0.417,0.4306666666666667,715314.92,0,coinbase
1720396800,0.417,0.444,0.404,0.429,0.4256666666666667,701444.35,0,coinbase
1720483200,0.431,0.462,0.424,0.456,0.44733333333333336,530647.85,0,coinbase
1720569600,0.457,0.479,0.452,0.47,0.467,509047.47,0,coinbase
1720656000,0.468,0.492,0.443,0.452,0.4623333333333333,745480.27,0,coinbase
1720742400,0.453,0.457,0.428,0.447,0.444,658394.23,0,coinbase
1720828800,0.449,0.452,0.437,0.451,0.4466666666666667,325213.96,0,coinbase
1720915200,0.451,0.477,0.448,0.47,0.465,381669.02,0,coinbase
1721001600,0.472,0.497,0.472,0.494,0.4876666666666667,693382.42,0,coinbase
1721088000,0.493,0.496,0.463,0.485,0.48133333333333334,819832.29,0,coinbase
1721174400,0.486,0.495,0.463,0.465,0.47433333333333333,675453.93,0,coinbase
1721260800,0.467,0.474,0.437,0.445,0.452,870239.08,0,coinbase
1721347200,0.444,0.478,0.436,0.463,0.459,993675.92,0,coinbase
1721433600,0.462,0.599,0.454,0.526,0.5263333333333333,4950667.47,0,coinbase
1721520000,0.527,0.619,0.501,0.55,0.5566666666666668,4355988.57,0,coinbase
1721606400,0.55,0.6,0.529,0.539,0.556,2236871.79,0,coinbase
1721692800,0.536,0.558,0.518,0.528,0.5346666666666667,1053956.16,0,coinbase
1721779200,0.528,0.547,0.5,0.501,0.516,915666.19,0,coinbase
1721865600,0.501,0.502,0.467,0.483,0.484,997994.34,0,coinbase
1721952000,0.482,0.5,0.481,0.494,0.4916666666666667,1013194.19,0,coinbase
1722038400,0.494,0.503,0.471,0.479,0.4843333333333333,750544.88,0,coinbase
1722124800,0.477,0.482,0.462,0.465,0.4696666666666667,472292.64,0,coinbase
1722211200,0.467,0.481,0.459,0.466,0.4686666666666666,1031507.65,0,coinbase
1722297600,0.467,0.472,0.428,0.435,0.445,1018096.71,0,coinbase
1722384000,0.436,0.446,0.426,0.428,0.43333333333333335,664366.28,0,coinbase
1722470400,0.428,0.429,0.392,0.418,0.413,730036.32,0,coinbase
1722556800,0.418,0.425,0.382,0.386,0.39766666666666667,848380.96,0,coinbase
1722643200,0.385,0.393,0.357,0.37,0.37333333333333335,939180.73,0,coinbase
1722729600,0.368,0.372,0.316,0.338,0.342,1840967.31,0,coinbase
1722816000,0.338,0.338,0.266,0.312,0.3053333333333334,3124822.44,0,coinbase
1722902400,0.313,0.34,0.311,0.324,0.325,1095232.8,0,coinbase
1722988800,0.324,0.356,0.311,0.317,0.328,1311475.67,0,coinbase
1723075200,0.318,0.369,0.314,0.367,0.35000000000000003,764424.03,0,coinbase
1723161600,0.364,0.366,0.346,0.356,0.35600000000000004,498009.21,0,coinbase
1723248000,0.356,0.362,0.351,0.359,0.35733333333333334,242215.22,0,coinbase
1723334400,0.36,0.372,0.336,0.341,0.3496666666666666,442835.57,0,coinbase
1723420800,0.342,0.374,0.338,0.364,0.3586666666666667,740320.78,0,coinbase
1723507200,0.363,0.365,0.342,0.355,0.35400000000000004,500214.42,0,coinbase
1723593600,0.356,0.365,0.345,0.345,0.3516666666666666,400310.43,0,coinbase
1723680000,0.346,0.451,0.345,0.378,0.3913333333333333,4561102.22,0,coinbase
1723766400,0.375,0.62,0.367,0.598,0.5283333333333333,11366507.95,0,coinbase
1723852800,0.597,0.756,0.554,0.645,0.6516666666666667,12104997.21,0,coinbase
1723939200,0.645,0.816,0.596,0.674,0.6953333333333332,8033987.13,0,coinbase
1724025600,0.672,0.687,0.545,0.556,0.5960000000000001,3934755.7,0,coinbase
1724112000,0.556,0.607,0.522,0.546,0.5583333333333333,4096892.7,0,coinbase
1724198400,0.545,0.597,0.542,0.56,0.5663333333333334,3323613.75,0,coinbase
1724284800,0.56,0.6,0.559,0.571,0.5766666666666667,1875831.98,0,coinbase
1724371200,0.57,0.619,0.551,0.617,0.5956666666666667,2862190.26,0,coinbase
1724457600,0.618,0.623,0.565,0.578,0.5886666666666667,2082103.59,0,coinbase
1724544000,0.578,0.609,0.559,0.586,0.5846666666666667,1602201.04,0,coinbase
1724630400,0.585,0.628,0.545,0.547,0.5733333333333334,2198756.69,0,coinbase
1724716800,0.547,0.56,0.5,0.519,0.5263333333333334,1658769.22,0,coinbase
1724803200,0.518,0.521,0.476,0.494,0.49700000000000005,1202999.15,0,coinbase
1724889600,0.495,0.511,0.475,0.479,0.4883333333333333,611893.93,0,coinbase
1724976000,0.48,0.486,0.447,0.478,0.4703333333333333,635310.45,0,coinbase
1725062400,0.477,0.481,0.457,0.459,0.4656666666666667,390894.19,0,coinbase
1725148800,0.457,0.458,0.426,0.435,0.43966666666666665,614963.81,0,coinbase
1725235200,0.434,0.459,0.432,0.453,0.448,830494.88,0,coinbase
1725321600,0.452,0.459,0.42,0.42,0.433,804637.5,0,coinbase
1725408000,0.421,0.43,0.392,0.416,0.4126666666666667,834167.77,0,coinbase
1725494400,0.416,0.419,0.396,0.401,0.4053333333333333,622183.19,0,coinbase
1725580800,0.4,0.412,0.366,0.384,0.3873333333333333,865437.39,0,coinbase
1725667200,0.385,0.404,0.381,0.395,0.39333333333333337,296830.79,0,coinbase
1725753600,0.397,0.449,0.395,0.447,0.4303333333333334,1889861.03,0,coinbase
1725840000,0.447,0.456,0.427,0.441,0.44133333333333336,962081.8,0,coinbase
1725926400,0.439,0.441,0.427,0.43,0.4326666666666667,464802.09,0,coinbase
1726012800,0.429,0.433,0.408,0.426,0.4223333333333333,444174.82,0,coinbase
1726099200,0.426,0.442,0.422,0.442,0.43533333333333335,690352.19,0,coinbase
1726185600,0.441,0.533,0.437,0.511,0.49366666666666664,4133336.09,0,coinbase
1726272000,0.513,0.522,0.486,0.486,0.498,889948.37,0,coinbase
1726358400,0.487,0.507,0.466,0.472,0.4816666666666667,1165622.76,0,coinbase
1726444800,0.471,0.472,0.429,0.441,0.44733333333333336,1300111.63,0,coinbase
1726531200,0.442,0.468,0.432,0.451,0.4503333333333333,941218.16,0,coinbase
1726617600,0.452,0.474,0.428,0.474,0.4586666666666666,969920.7,0,coinbase
1726704000,0.474,0.484,0.458,0.462,0.46799999999999997,1376125.63,0,coinbase
1726790400,0.463,0.497,0.453,0.477,0.4756666666666667,947379.92,0,coinbase
1726876800,0.476,0.489,0.46,0.482,0.47700000000000004,618942.51,0,coinbase
1726963200,0.483,0.492,0.46,0.477,0.4763333333333333,608633.34,0,coinbase
1727049600,0.476,0.503,0.468,0.478,0.48300000000000004,826533.4,0,coinbase
1727136000,0.479,0.5,0.47,0.491,0.48699999999999993,797785.27,0,coinbase
1727222400,0.492,0.498,0.468,0.471,0.4789999999999999,869526.66,0,coinbase
1727308800,0.47,0.504,0.459,0.498,0.48700000000000004,878999.94,0,coinbase
1727395200,0.498,0.539,0.495,0.52,0.518,910058.45,0,coinbase
1727481600,0.521,0.526,0.49,0.499,0.505,523675.83,0,coinbase
1727568000,0.499,0.511,0.484,0.499,0.498,412234.68,0,coinbase
1727654400,0.497,0.503,0.458,0.463,0.47466666666666674,650123.88,0,coinbase
1727740800,0.462,0.475,0.393,0.405,0.4243333333333334,2027862.75,0,coinbase
1727827200,0.405,0.421,0.377,0.387,0.395,884215.79,0,coinbase
1727913600,0.387,0.394,0.366,0.382,0.38066666666666665,1157336.94,0,coinbase
1728000000,0.383,0.465,0.381,0.462,0.436,2933401.38,0,coinbase
1728086400,0.46,0.475,0.436,0.448,0.453,1490964.27,0,coinbase
1728172800,0.448,0.461,0.436,0.461,0.4526666666666667,610151.51,0,coinbase
1728259200,0.461,0.494,0.457,0.472,0.47433333333333333,1176375.03,0,coinbase
1728345600,0.474,0.486,0.458,0.473,0.47233333333333327,870093.61,0,coinbase
1728432000,0.475,0.479,0.424,0.434,0.44566666666666666,895767.25,0,coinbase
1728518400,0.432,0.449,0.425,0.437,0.437,1667799.78,0,coinbase
1728604800,0.482,0.517,0.48,0.508,0.5016666666666666,2067229.46,0,coinbase
1728691200,0.506,0.518,0.494,0.5,0.504,528711.5,0,coinbase
1728777600,0.503,0.54,0.483,0.529,0.5173333333333333,1128458.82,0,coinbase
1728864000,0.53,0.634,0.518,0.622,0.5913333333333334,2778364.32,0,coinbase
1728950400,0.622,0.65,0.597,0.614,0.6203333333333333,3598594.81,0,coinbase
1729036800,0.614,0.637,0.56,0.592,0.5963333333333334,932725.98,0,coinbase
1729123200,0.592,0.602,0.55,0.568,0.5733333333333334,624794.16,0,coinbase
1729209600,0.5645,0.6325,0.5636,0.6164,0.6041,78419.4635375,452,kraken
1729296000,0.6141,0.66,0.607,0.6135,0.6313,134673.16969423,937,kraken
1729382400,0.6182,0.6497,0.6069,0.643,0.6263,74475.59346034,508,kraken
1729468800,0.6454,0.6521,0.5915,0.604,0.6167,71440.8471744,696,kraken
1729555200,0.6026,0.6093,0.5799,0.583,0.5876,84930.40966323,496,kraken
1729641600,0.5809,0.5858,0.5438,0.5653,0.5623,61429.49115401,515,kraken
1729728000,0.5653,0.6734,0.5653,0.6601,0.6255,180563.2246701,1454,kraken
1729814400,0.6552,0.6584,0.5543,0.5685,0.6206,110515.40753225,932,kraken
1729900800,0.5684,0.6282,0.56,0.6008,0.6057,77849.78748023,603,kraken
1729987200,0.6003,0.6213,0.5892,0.6053,0.6019,28092.28670869,292,kraken
1730073600,0.6026,0.6515,0.5652,0.5844,0.5972,172473.72536075,923,kraken
1730160000,0.5839,0.6018,0.5742,0.575,0.5857,90134.69218784,522,kraken
1730246400,0.5817,0.5817,0.5472,0.5634,0.5658,96955.39261377,607,kraken
1730332800,0.5627,0.5653,0.5183,0.5183,0.538,124520.2544249,734,kraken
1730419200,0.518,0.5236,0.4752,0.495,0.5037,124234.33294359,780,kraken
1730505600,0.4966,0.503,0.4687,0.4746,0.4858,57311.44860227,213,kraken
1730592000,0.4798,0.4798,0.4424,0.4615,0.4579,57114.21992678,339,kraken
1730678400,0.4602,0.4699,0.4227,0.4434,0.4506,125317.81308193,726,kraken
1730764800,0.4463,0.5018,0.4463,0.4779,0.4719,76713.70122242,350,kraken
1730851200,0.4788,0.5445,0.4788,0.5395,0.5125,153408.11204315,476,kraken
1730937600,0.5423,0.5519,0.5144,0.5384,0.5354,86665.36385913,352,kraken
1731024000,0.5425,0.5494,0.5038,0.5221,0.5243,97928.72980227,357,kraken
1731110400,0.5247,0.5839,0.5216,0.581,0.5505,33511.08417141,279,kraken
1731196800,0.5774,0.6306,0.5626,0.6022,0.5987,117383.19498491,889,kraken
1731283200,0.6082,0.6401,0.5912,0.6281,0.6164,93253.51146064,620,kraken
1731369600,0.6221,0.6426,0.5494,0.5916,0.5949,268343.89126049,1445,kraken
1731456000,0.5981,0.5981,0.5253,0.5472,0.5615,189314.03753039,1009,kraken
1731542400,0.5492,0.5937,0.5232,0.5263,0.5504,149373.07490172,799,kraken
1731628800,0.5308,0.5614,0.509,0.5498,0.5311,72715.13208853,459,kraken
1731715200,0.5493,0.5905,0.5475,0.5837,0.5667,95940.44038886,556,kraken
1731801600,0.5873,0.5891,0.5303,0.5311,0.5569,88525.00555494,471,kraken
1731888000,0.5301,0.5652,0.5226,0.5593,0.5478,119517.0088407,554,kraken
1731974400,0.5601,0.5696,0.5039,0.5262,0.5343,165716.18610833,472,kraken
1732060800,0.5226,0.5237,0.4563,0.4568,0.4801,240583.73226337,913,kraken
1732147200,0.4569,0.5215,0.4472,0.4983,0.4813,265225.49024612,969,kraken
1732233600,0.497,0.6611,0.4703,0.5087,0.5037,476569.46502634,1703,kraken
1732320000,0.5101,0.5294,0.4716,0.49,0.499,434621.33808961,1317,kraken
1732406400,0.49,0.5425,0.4806,0.5135,0.516,409677.59893421,1041,kraken
1732492800,0.5111,0.5801,0.5015,0.5416,0.5425,276070.90418893,1143,kraken
1732579200,0.5367,0.5696,0.5092,0.5586,0.5473,480211.68625288,1431,kraken
1732665600,0.5513,0.5908,0.5446,0.5807,0.5715,202148.62085348,495,kraken
1732752000,0.5777,0.5944,0.5544,0.5799,0.5723,90386.66715218,334,kraken
1732838400,0.5729,0.5895,0.5413,0.5771,0.5704,222229.49822635,511,kraken
1732924800,0.5755,0.7114,0.5694,0.6937,0.6397,523979.16839116,1800,kraken
1733011200,0.6937,0.7469,0.647,0.6965,0.6985,247070.0587694,1015,kraken
1733097600,0.7028,0.7705,0.6505,0.763,0.7065,343419.86047904,1637,kraken
1733184000,0.763,0.7971,0.6798,0.7915,0.7426,326299.53413541,1741,kraken
1733270400,0.7895,1.0292,0.7792,0.873,0.8784,672198.62826588,3565,kraken
1733356800,0.8708,0.9098,0.8162,0.8701,0.8706,165738.49861831,852,kraken
1733443200,0.8661,0.9499,0.8,0.9093,0.8883,417570.9908626,1757,kraken
1733529600,0.9093,1.0171,0.8967,0.9608,0.9675,322264.30113365,1663,kraken
1733616000,0.9663,0.9957,0.9162,0.9208,0.9519,104495.17423952,597,kraken
1733702400,0.919,0.9242,0.584,0.7536,0.7773,852120.23961214,3414,kraken
1733788800,0.7469,0.7777,0.6511,0.7167,0.7122,540784.45251133,2164,kraken
1733875200,0.7204,0.7903,0.688,0.7478,0.7485,94137.2585971,628,kraken
1733961600,0.7478,0.844,0.7386,0.7948,0.7924,193431.85142971,1148,kraken
1734048000,0.8057,0.8089,0.7656,0.8021,0.7895,195557.38186073,684,kraken
1734134400,0.7941,0.8081,0.7287,0.7448,0.7598,46442.87137784,310,kraken
1734220800,0.7336,0.7757,0.7125,0.7727,0.7393,136491.08455722,648,kraken
1734307200,0.766,0.7883,0.698,0.7322,0.7301,78076.98701876,394,kraken
1734393600,0.7302,0.7416,0.672,0.6854,0.7047,202541.69981992,711,kraken
1734480000,0.678,0.6853,0.5801,0.5926,0.6287,157254.89401451,818,kraken
1734566400,0.5895,0.6002,0.5173,0.543,0.5598,191035.40151352,615,kraken
1734652800,0.5381,0.5723,0.458,0.5516,0.5228,276528.42513967,655,kraken
1734739200,0.557,0.5895,0.5052,0.5241,0.5369,189227.44092155,603,kraken
1734825600,0.5264,0.546,0.5139,0.5304,0.5273,80632.73665687,223,kraken
1734912000,0.5195,0.5653,0.5039,0.5491,0.5341,155345.40474619,526,kraken
1734998400,0.5488,0.5738,0.5341,0.5662,0.5581,164794.3704761,436,kraken
1735084800,0.5683,0.5804,0.549,0.5587,0.5625,68806.57274193,297,kraken
1735171200,0.5588,0.5677,0.503,0.5087,0.5246,55212.45219883,323,kraken
1735257600,0.5093,0.5494,0.507,0.5248,0.5268,52459.05204566,441,kraken
1735344000,0.5189,0.5493,0.5115,0.544,0.5349,46800.73998486,204,kraken
1735430400,0.5424,0.5445,0.5068,0.511,0.5267,73751.08511692,228,kraken
1735516800,0.5127,0.6786,0.4943,0.6183,0.607,487850.05526328,2366,kraken
1735603200,0.613,0.6881,0.585,0.6329,0.6268,346798.68141717,2377,kraken
1735689600,0.6352,0.6679,0.613,0.6649,0.6416,147889.8984701,607,kraken
1735776000,0.6668,0.6903,0.624,0.6417,0.6482,94498.49237547,377,kraken
1735862400,0.6354,0.6892,0.6134,0.6649,0.643,53681.69305738,290,kraken
1735948800,0.6667,0.7006,0.6587,0.6843,0.6856,155958.42301747,393,kraken
1736035200,0.6865,0.7506,0.6738,0.7406,0.7123,248046.51298746,962,kraken
1736121600,0.7407,0.752,0.7027,0.7255,0.7271,209689.31318633,541,kraken
1736208000,0.7182,0.728,0.6406,0.6406,0.6782,277828.0507001,736,kraken
1736294400,0.6406,0.6431,0.5644,0.6079,0.5943,306859.70737807,642,kraken
1736380800,0.6074,0.648,0.5626,0.5781,0.593,149404.25330708,382,kraken
1736467200,0.5839,0.6327,0.5735,0.6051,0.5974,311416.75132809,601,kraken
1736553600,0.6049,0.6341,0.5916,0.6258,0.6158,47898.97262376,146,kraken
1736640000,0.6249,0.6323,0.5918,0.5988,0.5992,135455.42217367,432,kraken
1736726400,0.6024,0.6171,0.5216,0.5747,0.555,141926.25703122,463,kraken
1736812800,0.581,0.6074,0.5747,0.5984,0.5924,46700.39363935,179,kraken
1736899200,0.5968,0.6776,0.5968,0.6644,0.6334,207295.88889528,629,kraken
1736985600,0.667,0.6679,0.6342,0.6409,0.6455,109366.07058744,422,kraken
1737072000,0.6443,0.708,0.6443,0.6831,0.6713,84779.65159178,292,kraken
1737158400,0.6828,0.683,0.6064,0.6341,0.6269,304940.62262791,1068,kraken
1737244800,0.6341,0.6472,0.5361,0.5662,0.5946,205975.72347626,752,kraken
1737331200,0.5586,0.6044,0.5381,0.5555,0.5688,142709.90591469,783,kraken
1737417600,0.5526,0.5697,0.525,0.551,0.5485,34398.83014138,201,kraken
1737504000,0.5543,0.5584,0.5204,0.5204,0.5404,29049.6782978,509,kraken
1737590400,0.5201,0.5304,0.4962,0.5186,0.5126,52305.85867451,303,kraken
1737676800,0.5062,0.5143,0.4712,0.4712,0.4992,131961.43284441,323,kraken
1737763200,0.4697,0.4851,0.4638,0.4749,0.4744,38185.8428799,103,kraken
1737849600,0.4731,0.4903,0.4607,0.4607,0.4752,59821.94230084,155,kraken
1737936000,0.4592,0.4592,0.4074,0.4521,0.4319,102816.16159371,432,kraken
1738022400,0.4536,0.4668,0.4161,0.4161,0.4429,81833.42117974,327,kraken
1738108800,0.4188,0.451,0.4188,0.4355,0.4299,141008.84261361,645,kraken
1738195200,0.4347,0.4768,0.4312,0.4725,0.4616,25583.59421882,144,kraken
1738281600,0.474,0.4859,0.451,0.4647,0.4741,100951.31463128,235,kraken
1738368000,0.4596,0.4699,0.4,0.4054,0.4174,138454.09298839,334,kraken
1738454400,0.4079,0.4133,0.3464,0.3608,0.3848,123364.47746571,427,kraken
1738540800,0.3613,0.3713,0.276,0.363,0.3149,287919.58230517,655,kraken
1738627200,0.3607,0.3607,0.3311,0.3397,0.3514,636739.16968274,797,kraken
1738713600,0.3396,0.3574,0.3274,0.3337,0.3454,220484.62830194,681,kraken
1738800000,0.3344,0.3656,0.3139,0.3176,0.3437,681510.3422014,1415,kraken
1738886400,0.3158,0.3481,0.2941,0.3043,0.3249,181886.19068687,409,kraken
1738972800,0.3057,0.3322,0.3014,0.3321,0.3085,70385.52313682,147,kraken
1739059200,0.3265,0.3893,0.3243,0.3676,0.3595,523208.4692253,1158,kraken
1739145600,0.3688,0.3976,0.35,0.3804,0.3825,144852.02724289,545,kraken
1739232000,0.3778,0.4451,0.3562,0.4188,0.3889,540208.21967333,1254,kraken
1739318400,0.4195,0.5073,0.4052,0.4556,0.4642,780435.31496396,2958,kraken
1739404800,0.4557,0.4725,0.4215,0.4308,0.4417,152750.51342746,415,kraken
1739491200,0.4319,0.4566,0.425,0.4278,0.4432,26061.23653627,139,kraken
1739577600,0.426,0.4363,0.412,0.4183,0.42,16907.10525141,73,kraken
1739664000,0.4174,0.4241,0.4012,0.4022,0.4082,20195.87690707,74,kraken
1739750400,0.4012,0.4121,0.3606,0.3676,0.3801,90646.72771745,237,kraken
1739836800,0.3654,0.3677,0.3346,0.3466,0.3452,86110.05277775,210,kraken
1739923200,0.35,0.3552,0.3423,0.3528,0.3473,159800.80812833,158,kraken
1740009600,0.355,0.3623,0.3447,0.3491,0.3506,54749.32179192,152,kraken
1740096000,0.3496,0.3697,0.3322,0.3351,0.3486,64529.67856558,217,kraken
1740182400,0.339,0.3539,0.3346,0.3539,0.345,88005.81001619,94,kraken
1740268800,0.3516,0.358,0.3402,0.3453,0.3491,42024.15554972,66,kraken
1740355200,0.3459,0.3459,0.2893,0.2925,0.3151,185100.53942294,366,kraken
1740441600,0.2872,0.3148,0.281,0.3122,0.2983,266157.22819603,396,kraken
1740528000,0.3085,0.316,0.279,0.2957,0.2973,97936.01457411,177,kraken
1740614400,0.2939,0.3077,0.288,0.3007,0.296,116683.31920433,123,kraken
1740700800,0.3008,0.3037,0.276,0.2996,0.2909,143794.80568961,179,kraken
1740787200,0.2966,0.302,0.2873,0.2991,0.2929,38382.4545656,68,kraken
1740873600,0.2934,0.3198,0.2898,0.3198,0.3055,56564.26488856,156,kraken
1740960000,0.3199,0.321,0.2649,0.2713,0.2845,123621.4082536,295,kraken
1741046400,0.2697,0.2718,0.2261,0.2446,0.2464,204444.27803831,352,kraken
1741132800,0.2442,0.2593,0.2426,0.2569,0.2502,117633.63347271,221,kraken
1741219200,0.2563,0.2631,0.2443,0.248,0.2534,119814.29383327,176,kraken
1741305600,0.2476,0.25,0.224,0.2255,0.2339,149480.08431255,242,kraken
1741392000,0.222,0.2251,0.2053,0.2076,0.2149,131654.81864571,177,kraken
1741478400,0.2082,0.2132,0.1822,0.1833,0.1976,210345.63917927,273,kraken
1741564800,0.1837,0.1898,0.1618,0.1629,0.1741,299167.22844276,329,kraken
1741651200,0.1649,0.1903,0.1567,0.1833,0.1809,242646.91875384,340,kraken
1741737600,0.183,0.1896,0.1762,0.1831,0.1823,109408.24376755,167,kraken
1741824000,0.1837,0.1853,0.1734,0.1781,0.178,87807.03700152,130,kraken
1741910400,0.1773,0.1895,0.1771,0.1888,0.1847,108856.2686657,132,kraken
1741996800,0.1862,0.1939,0.1845,0.1921,0.19,102117.72287588,121,kraken
1742083200,0.1921,0.1921,0.1774,0.1781,0.1821,62209.02901327,118,kraken
1742169600,0.1795,0.1901,0.1789,0.1872,0.1868,67479.0098555,106,kraken
1742256000,0.185,0.1879,0.1732,0.1797,0.1801,96294.55179457,202,kraken
1742342400,0.1805,0.2049,0.1801,0.1934,0.1894,184042.49463539,248,kraken
1742428800,0.1926,0.1926,0.1802,0.1807,0.1884,154862.13241018,139,kraken
1742515200,0.1818,0.1881,0.1804,0.1845,0.1846,60341.33093223,137,kraken
1742601600,0.1856,0.1975,0.1849,0.1881,0.1928,83320.50000806,181,kraken
1742688000,0.1876,0.1931,0.1835,0.1843,0.1882,42273.22330109,59,kraken
1742774400,0.186,0.1982,0.1824,0.1965,0.1939,110571.01677357,149,kraken
1742860800,0.1973,0.1986,0.1914,0.1967,0.1951,65050.89723905,117,kraken
1742947200,0.1968,0.2009,0.1875,0.1885,0.1955,88007.07687457,149,kraken
1743033600,0.188,0.1975,0.188,0.1967,0.1937,82004.30162836,127,kraken
1743120000,0.1925,0.1938,0.1669,0.1709,0.1751,252121.82925914,418,kraken
1743206400,0.1712,0.1716,0.1592,0.1599,0.1645,53416.3152178,106,kraken
1743292800,0.1622,0.1709,0.1622,0.1677,0.1676,103856.34120172,118,kraken
1743379200,0.1676,0.1676,0.1559,0.1637,0.1611,32009.75357405,113,kraken
1743465600,0.1641,0.1773,0.1626,0.1667,0.1696,154713.89638312,206,kraken
1743552000,0.1637,0.1673,0.1468,0.1503,0.1584,100466.61676838,180,kraken
1743638400,0.1505,0.1551,0.1424,0.1505,0.1491,76548.51990718,156,kraken
1743724800,0.1504,0.1562,0.1488,0.1531,0.1517,134059.19789694,167,kraken
1743811200,0.1529,0.1542,0.1477,0.1502,0.1507,70067.0241692,112,kraken
1743897600,0.1504,0.1517,0.1267,0.1303,0.1401,210367.36081009,292,kraken
1743984000,0.1294,0.145,0.1192,0.1425,0.1315,361206.6033049,554,kraken
1744070400,0.1415,0.1431,0.1303,0.1315,0.1372,180035.53414803,286,kraken
1744156800,0.1325,0.1528,0.1258,0.1518,0.1412,155635.86496553,235,kraken
1744243200,0.1504,0.1504,0.1388,0.1436,0.1443,77207.40976722,139,kraken
1744329600,0.1437,0.1558,0.1436,0.1526,0.1497,91291.21314706,194,kraken
1744416000,0.1522,0.1632,0.1522,0.1595,0.1568,240866.17260065,195,kraken
1744502400,0.1587,0.1592,0.1433,0.146,0.1556,63909.10846344,162,kraken
1744588800,0.1463,0.1551,0.1463,0.1538,0.1514,63627.58050667,226,kraken
1744675200,0.1531,0.1538,0.1431,0.1447,0.1507,71351.61547503,126,kraken
1744761600,0.1448,0.1469,0.137,0.14,0.1428,94934.24492724,249,kraken
1744848000,0.1408,0.1702,0.14,0.158,0.1572,362338.58052422,669,kraken
1744934400,0.1559,0.1702,0.1522,0.1591,0.1602,448364.21233931,982,kraken
1745020800,0.1588,0.1665,0.1588,0.1636,0.1635,146480.88647596,208,kraken
1745107200,0.1615,0.1642,0.159,0.1642,0.1635,1092369.77305898,725,kraken
1745193600,0.1639,0.2397,0.1639,0.1993,0.1938,2132065.82011587,3818,kraken
1745280000,0.1984,0.2318,0.1966,0.2194,0.2141,822470.42772676,1557,kraken
1745366400,0.2206,0.2267,0.1997,0.2069,0.2099,478079.5460385,686,kraken
1745452800,0.2076,0.375,0.2069,0.3032,0.2827,4394159.23651036,7946,kraken
1745539200,0.3032,0.3988,0.2724,0.3284,0.3086,2387317.13516769,3815,kraken
1745625600,0.329,0.3787,0.3028,0.35,0.3405,2475581.62538833,3315,kraken
1745712000,0.3522,0.3686,0.3133,0.3237,0.3384,2899850.5128841,2832,kraken
1745798400,0.3207,0.3363,0.291,0.291,0.3134,1270381.72738994,2120,kraken
1745884800,0.293,0.2984,0.2745,0.277,0.2856,410428.55130714,1298,kraken
1745971200,0.2754,0.2948,0.2658,0.2879,0.2838,525903.70639879,1111,kraken
1746057600,0.2878,0.2913,0.2736,0.2764,0.2797,676889.43273491,863,kraken
1746144000,0.2789,0.29,0.2724,0.2847,0.2834,397136.03363105,599,kraken
1746230400,0.284,0.286,0.253,0.2555,0.2671,259707.39075076,525,kraken
1746316800,0.255,0.2562,0.2395,0.2492,0.2484,442715.65483057,1314,kraken
1746403200,0.249,0.2558,0.2401,0.2428,0.246,194333.44899096,514,kraken
1746489600,0.2426,0.2491,0.218,0.2287,0.2347,304220.31474663,987,kraken
1746576000,0.2302,0.2391,0.2256,0.2304,0.2329,246266.47411884,314,kraken
1746662400,0.229,0.2719,0.229,0.263,0.2543,311438.69946545,490,kraken
1746748800,0.2634,0.2859,0.2578,0.2821,0.2719,379257.20536713,642,kraken
1746835200,0.2821,0.288,0.2668,0.2829,0.2759,665206.03905131,561,kraken
1746921600,0.2827,0.2837,0.2655,0.2725,0.2761,112245.68588032,219,kraken
1747008000,0.2714,0.3311,0.271,0.3311,0.3055,582783.28152479,961,kraken
1747094400,0.3293,0.3346,0.2857,0.3152,0.3057,638732.10890637,1233,kraken
1747180800,0.3173,0.3234,0.2697,0.2731,0.2837,326641.92092847,526,kraken
1747267200,0.2737,0.2772,0.2345,0.2398,0.2516,345587.01574364,661,kraken
1747353600,0.2402,0.2476,0.2286,0.2326,0.2382,207443.7172282,265,kraken
1747440000,0.2297,0.2297,0.2197,0.2224,0.2243,154426.49693288,215,kraken
1747526400,0.2211,0.2374,0.2168,0.2346,0.2275,221527.8713769,322,kraken
1747612800,0.2335,0.2364,0.2145,0.2282,0.2237,183691.99145129,228,kraken
1747699200,0.2289,0.2309,0.2188,0.2289,0.2244,155265.4457169,204,kraken
1747785600,0.2303,0.2346,0.2207,0.2276,0.2276,94322.99209917,280,kraken
1747872000,0.2277,0.2535,0.2277,0.248,0.2424,254776.04757316,303,kraken
1747958400,0.2484,0.2553,0.2179,0.2187,0.2335,262445.38681602,388,kraken
1748044800,0.2188,0.2304,0.2171,0.2251,0.225,66538.01313314,111,kraken
1748131200,0.2224,0.2224,0.2112,0.2216,0.2169,177465.18519842,190,kraken
1748217600,0.2207,0.2409,0.2202,0.2294,0.2359,541310.32436051,608,kraken
1748304000,0.2291,0.2392,0.2124,0.2145,0.2201,650531.12888276,800,kraken
1748390400,0.214,0.214,0.1937,0.2001,0.2012,1094608.8331191,972,kraken
1748476800,0.2007,0.2035,0.1857,0.1877,0.1918,357420.23912162,412,kraken
1748563200,0.1876,0.1877,0.1607,0.1623,0.1741,634227.92597067,535,kraken
1748649600,0.1613,0.1702,0.1564,0.1667,0.1656,352311.89253008,285,kraken
1748736000,0.1657,0.1746,0.1642,0.1734,0.1689,111083.010075,144,kraken
1748822400,0.1736,0.1771,0.1679,0.1726,0.1723,169723.6861087,158,kraken
1748908800,0.173,0.178,0.1704,0.1718,0.1739,292883.41121307,176,kraken
1748995200,0.1741,0.1747,0.1604,0.1628,0.1658,78729.54163403,122,kraken
1749081600,0.1623,0.1642,0.1468,0.1508,0.156,237730.20654354,219,kraken
1749168000,0.1501,0.1618,0.1501,0.1538,0.1561,65576.59899337,96,kraken
1749254400,0.1566,0.1663,0.1565,0.165,0.16,84624.00225459,104,kraken
1749340800,0.1647,0.1727,0.1611,0.1621,0.1682,284210.570994,291,kraken
1749427200,0.1621,0.1733,0.1543,0.1715,0.1636,97429.42674787,136,kraken
1749513600,0.1715,0.1747,0.165,0.1741,0.1699,273192.43815237,205,kraken
1749600000,0.1743,0.1743,0.1604,0.1624,0.1681,235271.60618776,128,kraken
1749686400,0.1609,0.1617,0.1446,0.1446,0.1554,387892.26302912,279,kraken
1749772800,0.1445,0.1445,0.1326,0.1352,0.1366,293700.44349616,252,kraken
1749859200,0.1351,0.1362,0.1289,0.1316,0.1323,82587.63043124,85,kraken
1749945600,0.1318,0.1428,0.1318,0.1417,0.1365,448020.36769489,377,kraken
1750032000,0.1412,0.1443,0.1358,0.136,0.1398,351530.00038051,278,kraken
1750118400,0.1353,0.1385,0.1251,0.1278,0.1293,529313.37136402,262,kraken
1750204800,0.1274,0.1285,0.1215,0.1261,0.1254,402372.53273412,247,kraken
1750291200,0.1265,0.1275,0.1218,0.1271,0.1244,284128.92329515,206,kraken
1750377600,0.127,0.1319,0.1104,0.1129,0.123,935683.79124441,529,kraken
1750464000,0.1128,0.1182,0.1067,0.1091,0.1131,549214.14607287,567,kraken
1750550400,0.1098,0.1108,0.0964,0.1007,0.1031,1108981.36023773,518,kraken
1750636800,0.1014,0.109,0.0976,0.1087,0.1039,448753.64435861,286,kraken
1750723200,0.1092,0.114,0.1066,0.1078,0.1106,219115.44615704,161,kraken
1750809600,0.1085,0.1104,0.0995,0.0995,0.103,289069.16863973,166,kraken
1750896000,0.0996,0.1022,0.0899,0.0906,0.0933,834804.5611038,476,kraken
1750982400,0.0905,0.0973,0.0902,0.0941,0.0934,239487.47041502,195,kraken
1751068800,0.0945,0.1019,0.0938,0.0997,0.0984,218767.56858747,116,kraken
1751155200,0.0987,0.1008,0.0965,0.0996,0.0983,56183.51822824,64,kraken
1751241600,0.0997,0.0997,0.0941,0.0965,0.0966,153921.0815435,62,kraken
1751328000,0.0962,0.0962,0.0862,0.0883,0.0903,265800.6625636,175,kraken
1751414400,0.089,0.0962,0.0886,0.0958,0.0936,295928.24955636,106,kraken
1751500800,0.0955,0.0993,0.092,0.0924,0.0951,217150.90950034,162,kraken
1751587200,0.0932,0.0933,0.0858,0.0864,0.0886,164083.68818529,127,kraken
1751673600,0.0862,0.0886,0.0841,0.0859,0.086,172417.29081338,109,kraken
1751760000,0.0856,0.0958,0.0856,0.0918,0.0907,278872.81441842,142,kraken
1751846400,0.0909,0.0932,0.0864,0.0898,0.0894,301972.67210129,102,kraken
1751932800,0.0908,0.1114,0.0888,0.1091,0.1009,1406458.40282524,1066,kraken
1752019200,0.1115,0.1282,0.1033,0.1078,0.1118,2116336.68396182,1476,kraken
1752105600,0.1064,0.1206,0.106,0.1198,0.1143,1255116.88489563,705,kraken
1752192000,0.1195,0.1392,0.117,0.1385,0.125,2100639.59264301,1064,kraken
1752278400,0.139,0.1597,0.1222,0.1282,0.1332,1976533.61220229,1712,kraken
1752364800,0.1302,0.1361,0.1235,0.1241,0.1301,918925.53596899,566,kraken
1752451200,0.1235,0.1305,0.1212,0.1239,0.1254,565148.79519457,475,kraken
1752537600,0.1253,0.1302,0.1198,0.1285,0.1261,802298.4345586,550,kraken
1752624000,0.1286,0.1339,0.1258,0.128,0.1294,211477.75710236,238,kraken
1752710400,0.1302,0.1302,0.1205,0.1248,0.1254,261585.07701275,168,kraken
1752796800,0.1251,0.1385,0.1247,0.1361,0.133,326224.94313617,256,kraken
1752883200,0.1363,0.1415,0.1317,0.137,0.1361,226996.36606014,307,kraken
1752969600,0.1369,0.1427,0.1359,0.1375,0.1391,147438.05401567,159,kraken
1753056000,0.1381,0.1416,0.1326,0.1358,0.1363,200880.03251406,124,kraken
1753142400,0.1355,0.2196,0.1255,0.1905,0.1836,4131295.70240055,6411,kraken
1753228800,0.1885,0.2235,0.1494,0.1565,0.1815,4118016.19015,4196,kraken
1753315200,0.1569,0.16,0.1437,0.1445,0.1519,463663.4234656,406,kraken
1753401600,0.1434,0.1492,0.1384,0.1465,0.141,628960.54597493,357,kraken
1753488000,0.1478,0.1507,0.1437,0.144,0.1467,222443.46046444,157,kraken
1753574400,0.1437,0.1451,0.1405,0.1422,0.1426,269701.32002166,145,kraken
1753660800,0.1421,0.1495,0.13,0.1302,0.1363,524074.14161336,296,kraken
1753747200,0.1312,0.1363,0.1264,0.1293,0.1298,281766.05187487,187,kraken
1753833600,0.1277,0.1301,0.1201,0.1255,0.125,67394.67546096,239,kraken
1753920000,0.1257,0.1297,0.1185,0.1185,0.1226,226987.61330191,193,kraken
1754006400,0.1183,0.1224,0.1161,0.1189,0.1187,123322.15581249,214,kraken
1754092800,0.1193,0.1208,0.1143,0.117,0.1174,36167.65095391,64,kraken
1754179200,0.1169,0.1263,0.1163,0.1232,0.1213,140608.85353111,96,kraken
1754265600,0.1229,0.1565,0.1225,0.1521,0.1386,1300294.95816214,1168,kraken
1754352000,0.1548,0.1652,0.1352,0.1381,0.1467,912487.91675449,1292,kraken
1754438400,0.1382,0.1427,0.1331,0.1362,0.1379,336964.93740356,210,kraken
1754524800,0.1355,0.1428,0.1342,0.1388,0.1383,141112.80515878,105,kraken
1754611200,0.1381,0.1591,0.1371,0.1526,0.1526,365926.61014386,369,kraken
1754697600,0.1517,0.1591,0.1484,0.1494,0.1532,175403.26555784,159,kraken
1754784000,0.1486,0.1527,0.1095,0.1439,0.1437,859361.40975459,441,kraken
1754870400,0.1439,0.1518,0.1342,0.1355,0.1421,249424.26282261,248,kraken
1754956800,0.1364,0.1479,0.1351,0.1465,0.1406,223211.56261958,189,kraken
1755043200,0.1471,0.1495,0.1442,0.1467,0.1466,117239.22988688,130,kraken
1755129600,0.1471,0.1573,0.1319,0.134,0.146,812766.39881111,556,kraken
1755216000,0.135,0.1406,0.13,0.1353,0.1354,226918.38839985,156,kraken
1755302400,0.1347,0.1406,0.1347,0.1393,0.1374,175563.23937667,110,kraken
1755388800,0.1395,0.1467,0.139,0.1394,0.1425,106164.07823838,132,kraken
1755475200,0.1403,0.1405,0.1316,0.1337,0.1343,275467.86542204,128,kraken
1755561600,0.1336,0.1417,0.1122,0.1322,0.1319,562017.06369838,387,kraken
1755648000,0.1323,0.1431,0.1323,0.1414,0.1402,138014.70382021,208,kraken
1755734400,0.1418,0.1428,0.1332,0.1351,0.1399,79122.61389766,93,kraken
1755820800,0.1354,0.1538,0.1275,0.1407,0.1372,1504169.24108853,805,kraken
1755907200,0.1417,0.153,0.1363,0.1521,0.1465,330268.37276945,325,kraken
1755993600,0.1524,0.1528,0.1394,0.1421,0.1435,429896.81756248,239,kraken
1756080000,0.142,0.145,0.1275,0.1279,0.135,184290.27894188,171,kraken
1756166400,0.1275,0.1343,0.1266,0.1336,0.1319,14452.32022596,38,kraken
1756252800,0.1327,0.1353,0.1292,0.13,0.1313,131480.50709799,78,kraken
1756339200,0.1297,0.1342,0.1285,0.1307,0.132,150640.27657859,83,kraken
1756425600,0.1298,0.1304,0.1203,0.1232,0.1236,172373.16219552,140,kraken
1756512000,0.123,0.1284,0.123,0.1249,0.126,37791.2169907,38,kraken
1756598400,0.1254,0.1283,0.1228,0.1228,0.1252,49620.78783461,41,kraken
1756684800,0.122,0.125,0.1146,0.1169,0.1161,199192.19575624,112,kraken
1756771200,0.1177,0.1263,0.1177,0.1225,0.1229,307221.84991046,114,kraken
1756857600,0.1212,0.1225,0.1196,0.1208,0.1208,49992.10013827,30,kraken
1756944000,0.1215,0.1218,0.1136,0.1177,0.1157,441386.22199164,89,kraken
1757030400,0.1188,0.1221,0.1168,0.1185,0.1195,106826.72969306,40,kraken
1757116800,0.1191,0.1197,0.1177,0.1183,0.1185,26493.61702556,23,kraken
1757203200,0.1188,0.1207,0.1188,0.1197,0.1196,14494.3931365,19,kraken
1757289600,0.1201,0.1253,0.1201,0.1238,0.1223,185371.83944046,53,kraken
1757376000,0.1244,0.1278,0.1213,0.1231,0.1237,111697.84427342,54,kraken
1757462400,0.123,0.1347,0.123,0.127,0.1291,224218.72987062,106,kraken
1757548800,0.127,0.1304,0.1242,0.1283,0.1269,189910.09216937,89,kraken
1757635200,0.1287,0.1382,0.1258,0.1379,0.1331,182655.60396896,153,kraken
1757721600,0.1365,0.1384,0.1325,0.1367,0.1361,387315.05399652,115,kraken
1757808000,0.1373,0.1436,0.1287,0.1318,0.137,314587.46895087,263,kraken
1757894400,0.1294,0.1343,0.1252,0.1292,0.1292,195940.98009827,149,kraken
1757980800,0.1286,0.1387,0.1247,0.136,0.1344,629056.67733949,337,kraken
1758067200,0.1351,0.1386,0.1275,0.1373,0.1344,304748.32966248,187,kraken
1758153600,0.1376,0.1379,0.1351,0.1351,0.1368,263731.27629102,68,kraken
1758240000,0.1356,0.1364,0.1258,0.1272,0.1299,278311.12591527,115,kraken
1758326400,0.1281,0.1318,0.1278,0.1301,0.129,126536.17159735,70,kraken
1758412800,0.1299,0.1344,0.1293,0.1298,0.1315,202283.29027579,142,kraken
1758499200,0.1294,0.1294,0.1106,0.1127,0.1166,405903.65413293,274,kraken
1758585600,0.113,0.1146,0.1095,0.1122,0.1125,379624.76447169,87,kraken
1758672000,0.1132,0.1163,0.1106,0.1134,0.1131,53424.32893952,34,kraken
1758758400,0.1129,0.1129,0.1038,0.1048,0.1087,639136.65876258,221,kraken
1758844800,0.1065,0.1101,0.1043,0.1096,0.1063,78365.82335926,73,kraken
1758931200,0.1096,0.1104,0.1071,0.1083,0.1085,151169.52030362,91,kraken
1759017600,0.1087,0.1117,0.1054,0.1117,0.1079,69016.4330334,73,kraken
1759104000,0.1122,0.1278,0.1067,0.1181,0.1167,967166.06959023,632,kraken
1759190400,0.1181,0.1182,0.1073,0.1121,0.1122,158754.000229,144,kraken
1759276800,0.1141,0.1193,0.1128,0.1186,0.1172,92677.51088488,99,kraken
1759363200,0.1192,0.1222,0.1176,0.1212,0.1211,44565.60177652,61,kraken
1759449600,0.1212,0.1215,0.1177,0.1202,0.1198,69850.43550353,98,kraken
1759536000,0.1197,0.1203,0.1141,0.1166,0.1181,133683.35153907,80,kraken
1759622400,0.1156,0.1204,0.1145,0.115,0.1178,114615.9592155,68,kraken
1759708800,0.1158,0.12,0.1158,0.1177,0.1178,78938.94393622,54,kraken
1759795200,0.1169,0.118,0.11,0.11,0.1127,118895.39388067,80,kraken
1759881600,0.111,0.1144,0.1095,0.1139,0.1112,253393.21257067,95,kraken
1759968000,0.113,0.113,0.1072,0.1107,0.1097,113199.46082609,69,kraken
1760054400,0.1108,0.1128,0.0383,0.0775,0.0827,490988.15111301,609,kraken
1760140800,0.0791,0.0809,0.0727,0.0749,0.0764,192701.09576363,351,kraken
1760227200,0.0744,0.0842,0.0719,0.0823,0.0773,193939.19702564,246,kraken
1760313600,0.0817,0.0925,0.0814,0.091,0.088,131956.50680103,192,kraken
1760400000,0.091,0.091,0.0814,0.0871,0.0846,319687.63540092,163,kraken
1760486400,0.0866,0.0905,0.0809,0.0818,0.0851,294055.41992911,125,kraken
1760572800,0.0822,0.085,0.0779,0.0789,0.0819,265000.28967071,226,kraken
1760659200,0.0798,0.0807,0.0735,0.079,0.0772,181974.96765434,188,kraken
1760745600,0.079,0.0814,0.0782,0.0809,0.0796,185308.84247726,83,kraken
1760832000,0.0807,0.0905,0.0797,0.0821,0.0856,1369804.58537488,563,kraken
1760918400,0.0815,0.0844,0.0789,0.0823,0.082,317274.55479143,170,kraken
1761004800,0.0823,0.0844,0.0771,0.0771,0.0807,339337.24639403,177,kraken
1761091200,0.0775,0.0784,0.0721,0.0739,0.0769,219517.61678418,159,kraken
1761177600,0.0741,0.1125,0.0741,0.0796,0.086,1491180.60085998,966,kraken
1761264000,0.0795,0.0832,0.0779,0.0797,0.0798,658161.26023128,246,kraken
1761350400,0.0797,0.0808,0.0782,0.0802,0.0793,302814.07380238,76,kraken
1761436800,0.0802,0.0842,0.0796,0.0831,0.0824,426832.86491225,190,kraken
1761523200,0.083,0.0837,0.0775,0.0783,0.08,110962.52298621,95,kraken
1761609600,0.0783,0.0796,0.0741,0.0741,0.0768,420714.00672095,170,kraken
1761696000,0.075,0.0781,0.0742,0.0759,0.0757,147408.92385048,139,kraken
1761782400,0.0763,0.0815,0.0738,0.0771,0.0769,591340.32918122,320,kraken
1761868800,0.0777,0.0818,0.072,0.0739,0.077,1002202.92449647,426,kraken
1761955200,0.0747,0.0772,0.0739,0.0764,0.076,231218.54144909,66,kraken
1762041600,0.0763,0.0786,0.0735,0.075,0.0757,69118.31349862,64,kraken
1762128000,0.076,0.076,0.0617,0.0645,0.0665,384751.96811563,232,kraken
1762214400,0.0645,0.0668,0.0593,0.0642,0.0628,603310.56760266,203,kraken
1762300800,0.0636,0.0784,0.0607,0.074,0.0705,1240768.76873872,451,kraken
1762387200,0.0737,0.087,0.0708,0.0738,0.0778,1520505.81558156,1220,kraken
1762473600,0.074,0.0795,0.0698,0.0779,0.0742,947027.49722828,330,kraken
1762560000,0.0789,0.0789,0.0716,0.0738,0.0749,226694.06824235,60,kraken
1762646400,0.0741,0.0741,0.0703,0.0729,0.0726,268294.30096385,55,kraken
1762732800,0.0731,0.0858,0.0723,0.0742,0.0746,476855.1949259,136,kraken
1762819200,0.0737,0.0742,0.0686,0.0688,0.0711,197081.16314723,108,kraken
1762905600,0.069,0.0726,0.0654,0.0674,0.069,174264.07294607,71,kraken
1762992000,0.0677,0.0695,0.065,0.0668,0.0677,186914.43877914,101,kraken
1763078400,0.0663,0.0671,0.0637,0.0641,0.0654,242234.31076623,107,kraken
1763164800,0.0643,0.0668,0.0643,0.0649,0.0651,228107.16748084,70,kraken
1763251200,0.0649,0.0669,0.0632,0.0656,0.0647,228290.81948094,98,kraken
1763337600,0.0655,0.0683,0.0644,0.066,0.0658,280311.00260183,118,kraken
1763424000,0.0658,0.0696,0.0654,0.0674,0.0683,272222.94896545,142,kraken
1763510400,0.067,0.0676,0.0613,0.0648,0.0639,75860.20115062,88,kraken
1763596800,0.0656,0.0693,0.0637,0.0654,0.0659,208742.18637579,111,kraken
1763683200,0.0664,0.0664,0.0577,0.0597,0.0598,887922.48808431,288,kraken
1763769600,0.0596,0.06,0.0577,0.0587,0.0588,244634.74562782,94,kraken
1763856000,0.0581,0.0598,0.0577,0.0592,0.0586,155972.02815579,45,kraken
1763942400,0.0587,0.0656,0.0587,0.0652,0.0632,245074.30814418,108,kraken
1764028800,0.0652,0.0656,0.0613,0.0632,0.0634,199533.78424986,95,kraken
1764115200,0.0633,0.0641,0.0622,0.0638,0.063,46340.47354752,41,kraken
1764201600,0.064,0.0646,0.063,0.0633,0.0638,56475.08421041,32,kraken
1764288000,0.0631,0.0632,0.0604,0.0607,0.0618,98699.95566264,51,kraken
1764374400,0.0606,0.0609,0.0595,0.0599,0.0602,49528.50768591,55,kraken
1764460800,0.0599,0.0612,0.0592,0.0596,0.0604,58983.1749082,33,kraken
1764547200,0.0595,0.0595,0.0549,0.056,0.0558,280979.71021086,121,kraken
1764633600,0.0558,0.0595,0.0543,0.0586,0.0584,258153.14292968,104,kraken
1764720000,0.0589,0.0606,0.0577,0.06,0.0588,67670.44586094,70,kraken
1764806400,0.0602,0.0718,0.0552,0.0571,0.0596,698172.54794659,419,kraken
1764892800,0.0579,0.0601,0.0562,0.0573,0.0577,82692.08096638,80,kraken
1764979200,0.057,0.0703,0.057,0.0683,0.0649,587114.37152527,315,kraken
1765065600,0.069,0.0694,0.0604,0.0608,0.0636,668993.99447808,397,kraken
1765152000,0.0609,0.0756,0.0607,0.0612,0.0634,502299.01266029,214,kraken
1765238400,0.0612,0.0626,0.06,0.0616,0.0612,23442.28803966,36,kraken
1765324800,0.0607,0.0629,0.0603,0.061,0.0617,41590.02586716,26,kraken
1765411200,0.0603,0.0603,0.0583,0.0597,0.0594,87776.33605345,58,kraken
1765497600,0.06,0.06,0.0565,0.059,0.0579,77296.42523725,57,kraken
1765584000,0.0592,0.0608,0.0591,0.0592,0.0598,65561.39709524,53,kraken
1765670400,0.0593,0.0597,0.0549,0.0551,0.0567,138059.50176745,94,kraken
1765756800,0.0556,0.0561,0.0527,0.054,0.054,81218.67236668,75,kraken
1765843200,0.054,0.054,0.0527,0.0527,0.0531,60077.78125605,29,kraken
1765929600,0.0527,0.0543,0.0506,0.0516,0.0521,478423.5488402,154,kraken
1766016000,0.0512,0.0512,0.0463,0.0469,0.0483,346408.85699272,122,kraken
1766102400,0.0474,0.0492,0.0472,0.049,0.0483,232496.50565274,68,kraken
1766188800,0.0491,0.0496,0.0487,0.0492,0.0491,287425.00694045,83,kraken
1766275200,0.0492,0.0495,0.0467,0.0474,0.0481,424211.61883099,158,kraken
1766361600,0.0477,0.0487,0.0469,0.0472,0.0479,453129.74183748,173,kraken
1766448000,0.0476,0.0491,0.0435,0.049,0.047,601870.44239439,197,kraken
1766534400,0.0493,0.0495,0.0475,0.0495,0.0482,253970.23729755,107,kraken
1766620800,0.0496,0.0521,0.0493,0.0493,0.0504,519608.98630794,230,kraken
1766707200,0.0493,0.0579,0.049,0.05,0.0499,809954.72918314,215,kraken
1766793600,0.0502,0.052,0.0497,0.052,0.0511,324918.16875705,114,kraken
1766880000,0.052,0.052,0.0504,0.0507,0.0512,173998.14163311,124,kraken
1766966400,0.0508,0.053,0.0499,0.0504,0.0511,379837.89267054,178,kraken
1767052800,0.0501,0.0521,0.0494,0.0512,0.0507,261883.054718,151,kraken
1767139200,0.0511,0.0517,0.0492,0.0506,0.0504,264558.93279709,157,kraken
1767225600,0.0505,0.0545,0.05,0.0542,0.0526,310970.38108744,56,kraken
1767312000,0.054,0.0615,0.0532,0.0585,0.0578,981525.92213322,446,kraken
1767398400,0.0592,0.0598,0.0559,0.0576,0.0582,80405.41506142,56,kraken
1767484800,0.0583,0.0597,0.0581,0.0595,0.0585,25693.95630257,16,kraken
1767571200,0.0586,0.0612,0.0577,0.0597,0.0593,20335.73288123,32,kraken
1767657600,0.0595,0.0664,0.0587,0.0604,0.0612,817327.69749229,317,kraken
1767744000,0.0606,0.0609,0.0582,0.0582,0.0588,23506.33369116,21,kraken
1767830400,0.0591,0.064,0.0575,0.0631,0.0609,175641.62746813,101,kraken
1767916800,0.063,0.0688,0.0622,0.0669,0.066,916653.90595663,329,kraken
1768003200,0.0671,0.0709,0.0657,0.0657,0.0681,567546.71457328,186,kraken
1768089600,0.066,0.0668,0.0638,0.0641,0.065,139500.34532589,74,kraken
1768176000,0.0634,0.066,0.0634,0.064,0.0646,218687.64390261,133,kraken
1768262400,0.0639,0.0697,0.0637,0.0692,0.068,151132.37846264,92,kraken
1768348800,0.0691,0.0691,0.0664,0.0677,0.0677,168269.10870044,97,kraken
1768435200,0.0674,0.068,0.0639,0.064,0.0668,154246.95769451,79,kraken
1768521600,0.0643,0.0666,0.0632,0.0655,0.0647,254779.81563393,100,kraken
1768608000,0.0652,0.0667,0.0643,0.0643,0.0658,75237.19924401,43,kraken
1768694400,0.0646,0.0648,0.0613,0.0613,0.0636,167343.76933068,70,kraken
1768780800,0.0607,0.0607,0.0571,0.0585,0.0584,1744884.90847076,441,kraken
1768867200,0.0586,0.0588,0.0544,0.0549,0.0561,387704.47957114,116,kraken
1768953600,0.0544,0.0571,0.0543,0.0559,0.0561,171088.87713423,90,kraken
1769040000,0.0561,0.0568,0.0536,0.0541,0.0552,133134.89848753,57,kraken
1769126400,0.0541,0.0555,0.0531,0.0539,0.0541,291254.37382478,131,kraken
1769212800,0.0538,0.0546,0.0524,0.0527,0.0536,148003.0780096,64,kraken
1769299200,0.053,0.053,0.0492,0.0498,0.0513,327738.29501657,112,kraken
1769385600,0.0508,0.0536,0.0508,0.0526,0.0519,361955.24931556,126,kraken
1769472000,0.0522,0.0523,0.0503,0.0523,0.0512,211466.32821074,66,kraken
1769558400,0.0522,0.0699,0.0509,0.0615,0.0599,3091817.54347959,1169,kraken
1769644800,0.0612,0.072,0.0566,0.0638,0.064,2437606.04234855,1266,kraken
1769731200,0.064,0.1178,0.0598,0.1026,0.0869,8029172.96481047,4591,kraken
1769817600,0.102,0.1404,0.0871,0.1141,0.1029,9152190.26039331,5441,kraken
1769904000,0.1143,0.1159,0.0746,0.0802,0.0905,5187712.86652793,2372,kraken
1769990400,0.0801,0.0811,0.0714,0.0727,0.0758,2234889.14232031,823,kraken
1770076800,0.0732,0.0823,0.0685,0.0718,0.0745,2920576.23406056,1483,kraken
1770163200,0.0733,0.0993,0.0733,0.0834,0.0863,2688689.78215968,2326,kraken
1770249600,0.0832,0.0857,0.0654,0.0683,0.0749,1326978.82969508,730,kraken
1770336000,0.0671,0.0688,0.056,0.0617,0.0622,5894747.06980179,1507,kraken
1770422400,0.0615,0.0641,0.0591,0.0599,0.0615,1277577.37483242,371,kraken
1770508800,0.0595,0.0595,0.0553,0.0569,0.0574,362424.16142888,144,kraken
1770595200,0.0563,0.0606,0.0546,0.0549,0.0564,459642.57986575,321,kraken
1770681600,0.055,0.0557,0.0502,0.0512,0.0525,592730.41475748,348,kraken
1770768000,0.0506,0.0506,0.0471,0.0494,0.0485,585606.0693698,160,kraken
1770854400,0.0496,0.0505,0.0468,0.0471,0.0485,81056.66641568,74,kraken
1770940800,0.0469,0.0485,0.0459,0.0481,0.0473,135303.37615576,59,kraken
1771027200,0.0489,0.0516,0.0476,0.0495,0.0494,1240387.86169557,239,kraken
1771113600,0.0492,0.05,0.046,0.0492,0.0478,435435.2024668,154,kraken
1771200000,0.0488,0.0514,0.0474,0.0512,0.05,254129.28930707,155,kraken
1771286400,0.0511,0.0547,0.0511,0.0519,0.0528,377670.55994166,217,kraken
1771372800,0.0517,0.0517,0.0473,0.0475,0.0497,256936.93424173,110,kraken
1771459200,0.0473,0.0479,0.0462,0.0475,0.0472,125005.91235107,72,kraken
1771545600,0.0475,0.0514,0.0474,0.0494,0.0487,715262.21474553,214,kraken
1771632000,0.0492,0.0498,0.0482,0.0482,0.0491,87020.80410836,53,kraken
1771718400,0.0479,0.0496,0.0477,0.0491,0.048,322669.65925034,75,kraken
1771804800,0.0493,0.0507,0.0448,0.0461,0.0477,403563.67079665,216,kraken
1771891200,0.0464,0.0483,0.0457,0.0464,0.0468,307023.16185059,123,kraken
1771977600,0.0466,0.0517,0.0458,0.0491,0.0496,1257691.73448714,274,kraken
1772064000,0.0494,0.0505,0.0478,0.0499,0.0492,114045.45578305,80,kraken
1772150400,0.0499,0.0508,0.0486,0.0488,0.0496,294167.11316193,98,kraken
1772236800,0.0497,0.0508,0.0465,0.0493,0.0486,199507.25329302,120,kraken
1772323200,0.0496,0.0507,0.047,0.0478,0.0489,89064.0721486,59,kraken
1772409600,0.0477,0.0505,0.0475,0.0482,0.0489,268097.21415213,104,kraken
1772496000,0.048,0.051,0.0474,0.0496,0.0491,505992.77763705,125,kraken
1772582400,0.0495,0.0511,0.0482,0.0494,0.0498,191903.51573528,87,kraken
1772668800,0.0494,0.0502,0.0483,0.0486,0.0496,267708.5952456,84,kraken
1772755200,0.0487,0.0499,0.0469,0.0473,0.0487,1057048.93028624,188,kraken
1772841600,0.0472,0.0472,0.0457,0.0466,0.0463,181606.07604398,85,kraken
1772928000,0.0465,0.0472,0.0457,0.0461,0.0465,289472.01931727,130,kraken
1773014400,0.0467,0.0483,0.046,0.0462,0.047,121752.22815568,66,kraken
1773100800,0.0461,0.0474,0.0457,0.0468,0.0467,840172.815694,186,kraken
1773187200,0.0464,0.0476,0.0461,0.0474,0.0467,440738.1862597,88,kraken
1773273600,0.0473,0.0479,0.0464,0.0474,0.0471,165339.0649873,55,kraken
1773360000,0.0475,0.0484,0.0471,0.0474,0.0477,760374.95706062,171,kraken
1773446400,0.047,0.0477,0.0465,0.0467,0.0471,60374.23747505,38,kraken
1773532800,0.0467,0.0478,0.0466,0.0475,0.047,133426.26248886,45,kraken
1773619200,0.0476,0.0556,0.0476,0.0511,0.0504,1458556.75133282,252,kraken
1773705600,0.0516,0.0521,0.0489,0.0489,0.0506,464232.06159141,168,kraken
1773792000,0.0484,0.0502,0.0464,0.0499,0.0476,660232.69516174,128,kraken
1773878400,0.0494,0.0499,0.0462,0.0474,0.0474,716265.2903592,217,kraken
1773964800,0.0473,0.0478,0.0458,0.0468,0.0466,120623.29533256,50,kraken
1774051200,0.047,0.0494,0.0467,0.0475,0.048,1536600.08202279,282,kraken
1774137600,0.0465,0.0479,0.0461,0.0465,0.0469,77227.94207143,27,kraken
1774224000,0.0466,0.0509,0.046,0.0502,0.0493,354244.39778916,128,kraken
1774310400,0.0503,0.0513,0.0486,0.0498,0.0499,246170.46476261,110,kraken
1774396800,0.0503,0.0512,0.0501,0.0508,0.0504,148131.10034532,48,kraken
1774483200,0.0507,0.0507,0.0469,0.0478,0.0477,134478.7930889,83,kraken
1774569600,0.0485,0.051,0.0475,0.0483,0.0487,280444.58080968,103,kraken
1774656000,0.048,0.048,0.0461,0.0462,0.0468,61028.89039703,29,kraken
1774742400,0.0459,0.0463,0.0434,0.0442,0.0449,180049.93298255,64,kraken
1774828800,0.0449,0.046,0.0439,0.0445,0.0444,294449.21470052,72,kraken
1774915200,0.0445,0.0452,0.0434,0.0449,0.0449,739606.40292828,116,kraken
1775001600,0.045,0.0489,0.0449,0.0481,0.0463,236090.88225164,90,kraken
1775088000,0.0483,0.0647,0.0468,0.0568,0.0563,1680027.33818104,887,kraken
1775174400,0.0568,0.0667,0.0514,0.0535,0.0583,1336583.65501957,603,kraken
1775260800,0.0536,0.0562,0.0503,0.0522,0.0538,435156.46696207,182,kraken
1775347200,0.0519,0.052,0.0491,0.0496,0.0503,164431.61041737,51,kraken
1775433600,0.0495,0.0513,0.0486,0.0486,0.05,134961.84293232,49,kraken
1775520000,0.0484,0.0495,0.0461,0.0495,0.0469,400712.45715973,68,kraken
1775606400,0.049,0.0492,0.0471,0.0471,0.0484,115552.24513018,56,kraken
1775692800,0.047,0.0491,0.0464,0.0478,0.0481,175648.29785117,69,kraken
1775779200,0.0478,0.0484,0.0473,0.0474,0.0477,162662.76148553,61,kraken
1775865600,0.0464,0.047,0.045,0.0462,0.0459,197863.79245448,96,kraken
1775952000,0.0462,0.0463,0.0445,0.0445,0.0457,96517.59898087,61,kraken
1776038400,0.0446,0.0472,0.0446,0.0472,0.0456,463876.37538565,93,kraken
1776124800,0.0468,0.0486,0.0462,0.0465,0.047,399832.23838973,116,kraken
1776211200,0.0465,0.0478,0.0465,0.0478,0.0473,189280.23103173,55,kraken
1776297600,0.0479,0.0497,0.0465,0.0492,0.0489,168284.73941429,64,kraken
1776384000,0.049,0.0573,0.048,0.0518,0.0525,1121072.31384116,375,kraken
1776470400,0.0518,0.0549,0.0509,0.0523,0.0521,342520.16186348,187,kraken
1776556800,0.0517,0.0525,0.05,0.05,0.0511,193753.26088724,65,kraken
1776643200,0.051,0.0542,0.051,0.0526,0.052,477482.10714747,119,kraken
1776729600,0.0526,0.0533,0.0517,0.0523,0.0525,770793.3937284,135,kraken
1776816000,0.053,0.0555,0.0529,0.054,0.0541,147599.95347402,58,kraken
1776902400,0.0532,0.0556,0.0526,0.054,0.0537,1341347.38142897,274,kraken
1776988800,0.0547,0.0557,0.0538,0.055,0.0546,63389.96224475,32,kraken
1777075200,0.055,0.0568,0.0538,0.0539,0.0554,81863.36779667,34,kraken
1777161600,0.0535,0.0552,0.0534,0.0544,0.0545,156218.90500416,103,kraken
1777248000,0.0548,0.0551,0.0523,0.0529,0.0531,50637.04704764,28,kraken
1777334400,0.0531,0.0539,0.0528,0.0536,0.0532,60359.51238974,25,kraken
1777420800,0.0539,0.0553,0.0527,0.0527,0.0536,71971.31383283,38,kraken
1777507200,0.053,0.0531,0.0516,0.052,0.0523,45105.04672118,29,kraken
1777593600,0.0521,0.0536,0.0519,0.0526,0.0527,164675.29112632,58,kraken
1777680000,0.053,0.0553,0.0523,0.0546,0.054,239278.5387428,70,kraken
1777766400,0.0544,0.0544,0.0533,0.0537,0.0537,53947.66414441,33,kraken
1777852800,0.0529,0.0549,0.0527,0.0543,0.0538,107680.28584926,50,kraken
1777939200,0.0546,0.055,0.0538,0.0542,0.0544,117933.05988685,43,kraken
1778025600,0.0543,0.0562,0.0541,0.0556,0.0554,90390.37968009,57,kraken
1778112000,0.0547,0.0588,0.0543,0.0588,0.0558,297129.03973328,176,kraken
1778198400,0.0588,0.0593,0.0575,0.0586,0.0583,132372.34612728,68,kraken
1778284800,0.0586,0.0597,0.0573,0.0577,0.0586,74707.00440473,42,kraken
1778371200,0.0572,0.0607,0.0568,0.0602,0.0587,252803.76536449,114,kraken
1778457600,0.0596,0.0603,0.0584,0.0598,0.0597,301455.94748905,85,kraken
1778544000,0.0597,0.06,0.0577,0.0589,0.0593,942251.66713102,160,kraken
1778630400,0.0589,0.06,0.0547,0.0548,0.0586,275543.64397792,53,kraken
1778716800,0.0548,0.056,0.0535,0.0545,0.0544,81818.37895364,34,kraken
1778803200,0.0546,0.0555,0.051,0.0514,0.0529,149206.26812069,51,kraken
1778889600,0.0515,0.0515,0.0485,0.0509,0.05,67409.88995445,36,kraken
1778976000,0.0509,0.0568,0.0468,0.0484,0.0516,862080.10568414,242,kraken
1779062400,0.0486,0.0521,0.0482,0.0505,0.0503,311302.95301803,106,kraken
1779148800,0.0505,0.0505,0.0496,0.0499,0.0499,57894.29616782,26,kraken
1779235200,0.0498,0.0524,0.0498,0.0517,0.051,174275.71838084,69,kraken
1779321600,0.052,0.0525,0.0514,0.0517,0.0519,48182.26651265,26,kraken
1779408000,0.0517,0.052,0.0436,0.0454,0.0472,1872336.28839929,536,kraken
1779494400,0.0457,0.0477,0.0457,0.0469,0.0466,435703.99778343,130,kraken
1779580800,0.0468,0.0468,0.0433,0.0438,0.0449,273316.98702076,100,kraken
1779667200,0.0442,0.0454,0.0439,0.0441,0.0444,64917.08586021,40,kraken
1779753600,0.0442,0.0442,0.0423,0.0429,0.0432,259495.39484569,112,kraken
1779840000,0.043,0.0431,0.0412,0.0414,0.0424,139177.44108798,83,kraken
1779926400,0.0414,0.0414,0.0395,0.0403,0.0405,282038.70769916,114,kraken
1780012800,0.0403,0.0447,0.0403,0.0426,0.0428,371980.30865052,134,kraken
1780099200,0.0439,0.0463,0.0433,0.0442,0.0444,463615.79529654,125,kraken
1780185600,0.0445,0.0453,0.0427,0.0452,0.0435,47894.49854324,28,kraken
1780272000,0.0464,0.051,0.0458,0.0476,0.0483,1572955.52888142,457,kraken
1780358400,0.0481,0.049,0.0435,0.0435,0.0461,595878.16019925,192,kraken
1780444800,0.0446,0.0518,0.0436,0.0472,0.0476,1544511.32441544,356,kraken
1780531200,0.0469,0.0498,0.0441,0.0451,0.0472,1662037.72615653,483,kraken
1780617600,0.0459,0.0461,0.0407,0.0429,0.0427,252601.93551142,78,kraken
1780704000,0.0421,0.0424,0.0395,0.0412,0.0412,138825.46953673,50,kraken
1780790400,0.0415,0.0421,0.0387,0.0391,0.0401,68817.24938894,45,kraken
1780876800,0.0392,0.0408,0.0356,0.0383,0.0385,763266.84994245,220,kraken
1780963200,0.0382,0.0382,0.03,0.0307,0.0335,4062376.03690872,786,kraken
1781049600,0.0306,0.0307,0.0271,0.0283,0.0288,2170624.04108966,428,kraken
1781136000,0.0284,0.0323,0.0273,0.0311,0.0306,5148779.57703086,862,kraken
1781222400,0.0312,0.0338,0.0307,0.0307,0.0321,932543.52707486,278,kraken
1781308800,0.0309,0.0441,0.0308,0.0378,0.0353,5089493.07975334,1023,kraken
1781395200,0.0376,0.0476,0.0369,0.0375,0.0401,7877263.50961864,1846,kraken
1781481600,0.0373,0.0541,0.0364,0.05,0.047,6913369.35205337,1973,kraken
1781568000,0.0502,0.059,0.0452,0.0517,0.0514,7426479.53254783,2192,kraken
1781654400,0.052,0.1299,0.0494,0.0833,0.0774,9798964.62928217,4427,kraken
1781740800,0.0839,0.1607,0.0765,0.1376,0.1093,11232381.36975227,6264,kraken
1781827200,0.1371,0.1543,0.1098,0.1365,0.1283,15307690.68284342,9403,kraken
1781913600,0.137,0.196,0.1188,0.1334,0.1469,11949033.05744188,6300,kraken
1782000000,0.1329,0.1825,0.1278,0.1749,0.1487,7279506.63991438,4682,kraken
1782086400,0.1747,0.315,0.1727,0.2826,0.2451,11343658.12263434,11482,kraken
1782172800,0.2808,0.3347,0.2394,0.2734,0.2784,8855895.14480793,8846,kraken
1782259200,0.2765,0.3647,0.2664,0.3228,0.3115,8670419.16285527,8533,kraken
1782345600,0.3217,0.62,0.3115,0.3305,0.4041,9155035.46760545,12495,kraken
1782432000,0.3314,0.3953,0.298,0.3272,0.3466,8625325.27429327,10528,kraken
1782518400,0.3274,0.3748,0.2654,0.2975,0.3266,10074775.34417042,9870,kraken
1782604800,0.2983,0.4834,0.2975,0.3779,0.3636,8540101.64151544,10336,kraken
1782691200,0.3794,0.5584,0.3768,0.5086,0.4334,11801802.53409323,15503,kraken
1782777600,0.5074,0.7191,0.4775,0.5615,0.599,8837910.86444883,16953,kraken
1782864000,0.5615,0.5779,0.4277,0.5271,0.4974,9705361.78309203,12648,kraken
1782950400,0.5264,0.62,0.484,0.5194,0.5423,6867512.10561388,11344,kraken
1783036800,0.5186,0.548,0.4422,0.4464,0.4933,3668297.07176738,6099,kraken
1783123200,0.4435,0.5156,0.3329,0.3589,0.4116,6352943.79749557,8351,kraken
1783209600,0.3591,0.444,0.306,0.3953,0.3717,7103909.07406899,8628,kraken
1783296000,0.3945,0.4691,0.3628,0.3745,0.4015,6632535.80956042,7931,kraken
1783382400,0.3745,0.3864,0.3343,0.3698,0.3568,7537505.94593952,8189,kraken
1783468800,0.3709,0.4344,0.345,0.3518,0.3907,5111736.81797472,7618,kraken
1783555200,0.3537,0.3853,0.339,0.3753,0.3548,3841532.28094552,3830,kraken
1783641600,0.3763,0.3841,0.2795,0.3051,0.3163,6180240.68707043,6614,kraken
1783728000,0.305,0.3148,0.288,0.292,0.298,6388042.04542912,5667,kraken
1783814400,0.2924,0.3312,0.2921,0.3206,0.311,3355229.98874027,2923,kraken
1783900800,0.3184,0.3239,0.2355,0.2433,0.2741,10603913.473881,8732,kraken
1783987200,0.2437,0.3204,0.2168,0.2712,0.2694,12037122.3602935,11430,kraken
1784073600,0.2729,0.283,0.246,0.2474,0.2567,6611642.13118673,4865,kraken
1784160000,0.2469,0.2504,0.2206,0.2211,0.2314,4182245.61116624,3527,kraken
1784246400,0.2204,0.2288,0.1663,0.1758,0.1877,12501677.32736974,9978,kraken
1784332800,0.1759,0.247,0.1713,0.2247,0.2123,13582196.73207838,13217,kraken
1784419200,0.2247,0.2327,0.2032,0.2151,0.2163,1588170.22201619,3481,kraken
1784505600,0.2155,0.2458,0.2063,0.2237,0.2273,2871030.65244102,5075,kraken
1784592000,0.224,0.2291,0.1885,0.2028,0.2008,5206680.4756856,5326,kraken
1784678400,0.2026,0.21,0.1805,0.1814,0.1959,2717699.84505665,2666,kraken
1784764800,0.181,0.1866,0.1292,0.1443,0.1508,7275167.86534027,8193,kraken
1784851200,0.1439,0.1562,0.1403,0.1437,0.1489,3472639.99821071,3675,kraken
1784937600,0.1441,0.1896,0.1427,0.1714,0.1645,8172574.58302764,8163,kraken
1785024000,0.1713,0.1841,0.1422,0.1439,0.156,10911995.46182951,6945,kraken
1785110400,0.1435,0.1485,0.138,0.1416,0.1417,4379013.54279474,3239,kraken
1785196800,0.1418,0.1513,0.1338,0.1353,0.1453,2539391.43059162,3496,kraken
1785283200,0.1355,0.1387,0.1266,0.1317,0.1315,1216504.38914243,1886,kraken
1785369600,0.132,0.1325,0.1055,0.1062,0.1161,3294190.21957459,2459,kraken
1785456000,0.1059,0.114,0.0981,0.1012,0.1057,6517847.16355062,4156,kraken
1785542400,0.1012,0.1136,0.0863,0.0877,0.0948,16097585.68636148,7615,kraken
1785628800,0.0876,0.0965,0.0868,0.0892,0.0912,3851025.97888162,2012,kraken
1785715200,0.0893,0.09,0.0814,0.0855,0.0861,3101163.66792054,1523,kraken
1785801600,0.0853,0.1035,0.0838,0.0944,0.0925,7590246.45879389,3657,kraken
1785888000,0.0945,0.1476,0.0943,0.1416,0.1225,15640996.09011564,7890,kraken
1785974400,0.143,0.1441,0.1171,0.1181,0.1306,8308232.70905915,5094,kraken
1786060800,0.118,0.1234,0.0988,0.1074,0.1067,5407276.18143673,4009,kraken
1786147200,0.1076,0.1276,0.1008,0.1066,0.1163,3709510.41709286,2905,kraken
1786233600,0.1065,0.1106,0.1025,0.1062,0.1067,1389407.8505493,1085,kraken
1786320000,0.1061,0.109,0.1,0.1012,0.1043,664098.4912125,538,kraken
1786406400,0.101,0.111,0.0995,0.1083,0.1041,1933956.55337945,1280,kraken
1786492800,0.1085,0.1096,0.1007,0.1022,0.1046,488512.28446575,498,kraken
1786579200,0.1032,0.1097,0.1016,0.109,0.1061,1901419.62184325,1428,kraken
1786665600,0.1092,0.1162,0.102,0.105,0.1093,2253658.67838711,2147,kraken
1786752000,0.105,0.1075,0.1031,0.1038,0.1057,407381.65007296,475,kraken
1786838400,0.1041,0.1065,0.1025,0.1056,0.1045,603723.07383253,460,kraken
1786924800,0.1052,0.1062,0.1026,0.1032,0.1038,538020.62659761,405,kraken
1787011200,0.1032,0.1069,0.1016,0.1051,0.1041,1703512.05886556,1109,kraken
1787097600,0.1052,0.1117,0.103,0.1105,0.1073,870000.17121501,748,kraken
1787184000,0.1107,0.1152,0.1067,0.108,0.1096,2329881.8666968,1531,kraken
1787270400,0.108,0.116,0.1006,0.108,0.1065,5270146.9325474,3081,kraken
1787356800,0.1081,0.1241,0.1048,0.1109,0.1145,1918466.54620261,1942,kraken
1787443200,0.1112,0.1228,0.104,0.1112,0.111,1170087.2964966,1107,kraken
1787529600,0.111,0.112,0.1071,0.1103,0.1095,504794.60736412,488,kraken
1787616000,0.111,0.1137,0.1075,0.1115,0.1108,443944.1091727,435,kraken
1787702400,0.111,0.1147,0.1076,0.1118,0.1111,880388.22866816,647,kraken
1787788800,0.1118,0.1118,0.1088,0.1103,0.1102,788666.47465166,455,kraken
1787875200,0.1105,0.1107,0.102,0.104,0.1055,1096026.6082763,841,kraken
1787961600,0.1039,0.1049,0.031,0.1,0.0976,2065636.14013175,1166,kraken
1788048000,0.1001,0.1007,0.0943,0.0955,0.0989,574024.70541842,465,kraken
1788134400,0.0955,0.0996,0.0929,0.0951,0.0962,747923.87611703,591,kraken
1788220800,0.0952,0.096,0.0854,0.0902,0.0898,2142644.02534705,984,kraken
1788307200,0.0901,0.0905,0.0829,0.0865,0.0865,1940366.12079242,924,kraken
1788393600,0.0867,0.0957,0.0867,0.0936,0.092,1081428.16209497,642,kraken
1788480000,0.093,0.0935,0.0901,0.0914,0.0915,688114.7886473,454,kraken
1788566400,0.0924,0.0937,0.0903,0.0907,0.0921,486692.89613568,306,kraken
1788652800,0.0913,0.092,0.0886,0.0898,0.0899,202384.25769642,288,kraken
1788739200,0.0899,0.0901,0.0876,0.0885,0.0888,312032.17954658,328,kraken
1788825600,0.0885,0.0925,0.0882,0.0905,0.09,1930105.9575113,828,kraken
1788912000,0.0907,0.0917,0.079,0.0885,0.0876,511074.22383694,396,kraken
1788998400,0.0887,0.0889,0.0796,0.0803,0.0818,564244.55087088,221,kraken
1789084800,0.0811,0.0825,0.0789,0.0813,0.0807,304949.40841082,138,kraken
1789171200,0.0815,0.0833,0.0806,0.0806,0.0817,144813.81912404,144,kraken
1789257600,0.0804,0.0811,0.0774,0.0787,0.08,186959.86238809,123,kraken
1789344000,0.079,0.0912,0.0782,0.0832,0.0849,958595.08068534,530,kraken
1789430400,0.0829,0.1082,0.0781,0.1001,0.0894,1973451.17924575,1273,kraken
1789516800,0.099,0.2157,0.0927,0.1773,0.1669,16538518.61733806,13921,kraken
1789603200,0.1774,0.2323,0.1458,0.1872,0.1897,10761888.66072205,8711,kraken
1789689600,0.1871,0.2357,0.1675,0.2216,0.1935,4626696.2620229,6056,kraken
1789776000,0.2205,0.2762,0.2018,0.22,0.2335,6600501.20958811,7390,kraken
1789862400,0.2196,0.2518,0.1895,0.2198,0.2216,3801977.15517044,5210,kraken
1789948800,0.2213,0.2741,0.2136,0.2445,0.2416,1987297.84623941,2561,kraken
1790035200,0.2444,0.254,0.2273,0.2329,0.2394,1389237.83563202,2208,kraken
1790121600,0.2351,0.2382,0.1877,0.2174,0.2143,2663950.98453745,1985,kraken
1790208000,0.2204,0.223,0.1891,0.2055,0.1988,3603821.75407758,3645,kraken
1790294400,0.2055,0.2322,0.177,0.1884,0.2119,7331407.25713406,6796,kraken
1790380800,0.1885,0.1943,0.1851,0.1874,0.1889,1020287.65495781,1547,kraken
1790467200,0.1862,0.1921,0.176,0.1773,0.1854,388806.92978975,423,kraken
1790553600,0.1775,0.1797,0.1698,0.1722,0.1732,510822.74706128,726,kraken
1790640000,0.1719,0.1763,0.1656,0.1685,0.1718,700979.96040239,569,kraken
1790726400,0.1679,0.1688,0.157,0.1592,0.1637,924289.98047969,872,kraken
1790812800,0.1593,0.206,0.1561,0.1849,0.1868,2605849.46716908,3018,kraken
1790899200,0.1845,0.188,0.1709,0.1716,0.1775,1764970.2963805,2201,kraken
1790985600,0.1715,0.1924,0.1713,0.1857,0.1853,786736.13167405,800,kraken
1791072000,0.1857,0.1891,0.1831,0.1853,0.1851,190022.88621433,349,kraken
1791158400,0.1862,0.1881,0.1819,0.1852,0.1846,342458.98424831,395,kraken
1791244800,0.1848,0.1994,0.1746,0.1909,0.1874,906530.90271431,1814,kraken
1791331200,0.19,0.201,0.18,0.1972,0.189,1855106.72707769,3224,kraken
