time,open,high,low,close,vwap,volume,count,source
1633651200,0.3438,0.349788,0.33336,0.336298,0.3398153333333333,165480327.0,0,coinbase
1633737600,0.336338,0.367797,0.333,0.3532,0.35133233333333336,193056381.0,0,coinbase
1633824000,0.3532,0.357923,0.329124,0.331167,0.33940466666666663,111327312.0,0,coinbase
1633910400,0.331267,0.357471,0.32561,0.344416,0.34249900000000005,137505549.0,0,coinbase
1633996800,0.344422,0.344826,0.320036,0.332553,0.33247166666666667,140610049.0,0,coinbase
1634083200,0.332525,0.376284,0.330153,0.368113,0.3581833333333333,220072425.0,0,coinbase
1634169600,0.368236,0.382033,0.364048,0.369775,0.371952,161726927.0,0,coinbase
1634256000,0.369491,0.373143,0.350916,0.361575,0.361878,188888195.0,0,coinbase
1634342400,0.361493,0.42,0.3614,0.396764,0.3927213333333333,262150615.0,0,coinbase
1634428800,0.396558,0.403145,0.368001,0.383525,0.38489033333333333,145453883.0,0,coinbase
1634515200,0.383442,0.395172,0.376216,0.379591,0.3836596666666667,131965867.0,0,coinbase
1634601600,0.379539,0.383751,0.366666,0.373842,0.37475299999999995,106729650.0,0,coinbase
1634688000,0.37383,0.392362,0.36783,0.391646,0.38394599999999995,122465734.0,0,coinbase
1634774400,0.39175,0.39788,0.372011,0.373287,0.38105933333333336,156413916.0,0,coinbase
1634860800,0.373446,0.380609,0.365399,0.372363,0.37279033333333333,99960872.0,0,coinbase
1634947200,0.372356,0.378512,0.367845,0.378111,0.3748226666666666,77388850.0,0,coinbase
1635033600,0.378037,0.386618,0.3664,0.372166,0.3750613333333333,118616205.0,0,coinbase
1635120000,0.372044,0.3882,0.370648,0.388,0.3822826666666666,96034145.0,0,coinbase
1635206400,0.388082,0.3885,0.368716,0.373318,0.37684466666666666,118450366.0,0,coinbase
1635292800,0.373415,0.375537,0.3125,0.330444,0.33949366666666664,259820745.0,0,coinbase
1635379200,0.330695,0.34892,0.325735,0.342845,0.33916666666666667,237054278.0,0,coinbase
1635465600,0.342844,0.363845,0.340621,0.362277,0.355581,161842609.0,0,coinbase
1635552000,0.362335,0.365735,0.351706,0.358558,0.3586663333333333,180579531.0,0,coinbase
1635638400,0.358709,0.39,0.357066,0.373205,0.37342366666666665,255669680.0,0,coinbase
1635724800,0.373137,0.375922,0.357687,0.366253,0.36662066666666665,144659290.0,0,coinbase
1635811200,0.366216,0.382778,0.363128,0.382749,0.3762183333333333,168659474.0,0,coinbase
1635897600,0.38276,0.399,0.370945,0.385354,0.3850996666666667,250552383.0,0,coinbase
1635984000,0.385407,0.390601,0.365071,0.368979,0.3748836666666666,146475563.0,0,coinbase
1636070400,0.368912,0.37407,0.359,0.359109,0.36405966666666667,114395050.0,0,coinbase
1636156800,0.35927,0.364434,0.35022,0.359507,0.35805366666666666,103027006.0,0,coinbase
1636243200,0.359541,0.365663,0.356677,0.363986,0.36210866666666663,91697965.0,0,coinbase
1636329600,0.364058,0.37888,0.362578,0.378242,0.3732333333333333,136866918.0,0,coinbase
1636416000,0.378246,0.421812,0.373457,0.412511,0.40259333333333336,283069972.0,0,coinbase
1636502400,0.412595,0.441288,0.367,0.38343,0.39723933333333333,432111773.0,0,coinbase
1636588800,0.383377,0.403657,0.37611,0.390968,0.390245,228618167.0,0,coinbase
1636675200,0.3909,0.394139,0.364944,0.379103,0.3793953333333333,175643253.0,0,coinbase
1636761600,0.37916,0.382361,0.370786,0.378496,0.3772143333333333,98923420.0,0,coinbase
1636848000,0.378431,0.382089,0.367466,0.3772,0.375585,85169560.0,0,coinbase
1636934400,0.377219,0.39349,0.374226,0.377047,0.3815876666666667,120175490.0,0,coinbase
1637020800,0.377119,0.37723,0.34,0.343497,0.3535756666666667,202193426.0,0,coinbase
1637107200,0.343542,0.349911,0.33269,0.346269,0.34295666666666663,171467876.0,0,coinbase
1637193600,0.346338,0.355912,0.313001,0.327776,0.33222966666666665,180836785.0,0,coinbase
1637280000,0.327982,0.356801,0.325491,0.353889,0.34539366666666665,144810449.0,0,coinbase
1637366400,0.353918,0.358919,0.337251,0.348706,0.348292,85865356.0,0,coinbase
1637452800,0.348714,0.349247,0.338,0.343683,0.3436433333333333,75085366.0,0,coinbase
1637539200,0.343878,0.357,0.331902,0.336466,0.3417893333333333,158798783.0,0,coinbase
1637625600,0.336513,0.34264,0.328192,0.341189,0.33734033333333335,119421825.0,0,coinbase
1637712000,0.341093,0.341206,0.320881,0.32748,0.3298556666666667,125647424.0,0,coinbase
1637798400,0.327504,0.347949,0.326006,0.341894,0.33861633333333335,110730301.0,0,coinbase
1637884800,0.342039,0.350287,0.307076,0.329215,0.32885933333333334,243686985.0,0,coinbase
1637971200,0.329365,0.336962,0.320889,0.326087,0.32797933333333334,127236666.0,0,coinbase
1638057600,0.326159,0.3269,0.301177,0.323936,0.3173376666666667,145877857.0,0,coinbase
1638144000,0.323926,0.334109,0.322421,0.328588,0.3283726666666667,102337735.0,0,coinbase
1638230400,0.328586,0.351205,0.328171,0.336166,0.338514,170336065.0,0,coinbase
1638316800,0.336345,0.345604,0.32575,0.327904,0.333086,109158697.0,0,coinbase
1638403200,0.32782,0.34025,0.318,0.339755,0.33266833333333334,128378770.0,0,coinbase
1638489600,0.339877,0.364547,0.32303,0.3262,0.3379256666666666,266054162.0,0,coinbase
1638576000,0.3262,0.326346,0.268269,0.292995,0.29587,245144429.0,0,coinbase
1638662400,0.292994,0.29765,0.265,0.286483,0.2830443333333334,180560442.0,0,coinbase
1638748800,0.286483,0.29822,0.247603,0.297311,0.28104466666666666,273342858.0,0,coinbase
1638835200,0.297153,0.300355,0.282157,0.287527,0.29001299999999997,146805700.0,0,coinbase
1638921600,0.287529,0.31,0.284048,0.306487,0.3001783333333334,193184585.0,0,coinbase
1639008000,0.306588,0.30689,0.2732,0.273604,0.28456466666666663,154136665.0,0,coinbase
1639094400,0.273489,0.28096,0.260013,0.26111,0.26736099999999996,132039029.0,0,coinbase
1639180800,0.260863,0.280127,0.256919,0.274752,0.27059933333333336,103169569.0,0,coinbase
1639267200,0.274846,0.282018,0.267258,0.275819,0.2750316666666666,66746158.0,0,coinbase
1639353600,0.275958,0.276642,0.253,0.253472,0.26103799999999994,106675529.0,0,coinbase
1639440000,0.25333,0.270999,0.247712,0.2677,0.262137,136808115.0,0,coinbase
1639526400,0.267551,0.275971,0.247,0.272794,0.265255,123395123.0,0,coinbase
1639612800,0.272824,0.274871,0.255756,0.256117,0.262248,89811105.0,0,coinbase
1639699200,0.256069,0.265207,0.246423,0.254258,0.255296,101228325.0,0,coinbase
1639785600,0.25415,0.26658,0.251,0.255929,0.25783633333333333,86494315.0,0,coinbase
1639872000,0.255926,0.267389,0.25224,0.253885,0.257838,95659995.0,0,coinbase
1639958400,0.253864,0.274299,0.250861,0.25839,0.2611833333333334,155318294.0,0,coinbase
1640044800,0.258265,0.26961,0.253177,0.267972,0.2635863333333333,80848961.0,0,coinbase
1640131200,0.267972,0.277246,0.2672,0.267724,0.27072333333333337,86383992.0,0,coinbase
1640217600,0.267874,0.28999,0.265,0.287776,0.28092200000000006,107233138.0,0,coinbase
1640304000,0.288012,0.288944,0.276001,0.278628,0.281191,68503639.0,0,coinbase
1640390400,0.278646,0.299,0.27617,0.290047,0.2884056666666666,81514313.0,0,coinbase
1640476800,0.290221,0.295,0.285355,0.291987,0.29078066666666663,52163707.0,0,coinbase
1640563200,0.292,0.306294,0.291253,0.300288,0.29927833333333337,72799019.0,0,coinbase
1640649600,0.299971,0.3002,0.273376,0.274101,0.282559,112878544.0,0,coinbase
1640736000,0.274191,0.279754,0.26473,0.266803,0.270429,84752906.0,0,coinbase
1640822400,0.266735,0.275395,0.260734,0.268,0.26804300000000003,83266332.0,0,coinbase
1640908800,0.267936,0.276731,0.259123,0.266478,0.267444,95999824.0,0,coinbase
1640995200,0.266601,0.277028,0.266061,0.276802,0.27329699999999996,65984420.0,0,coinbase
1641081600,0.276963,0.292476,0.27555,0.292273,0.28676633333333335,74451723.0,0,coinbase
1641168000,0.29211,0.297724,0.285485,0.290288,0.29116566666666666,79883542.0,0,coinbase
1641254400,0.290459,0.291248,0.278531,0.279308,0.28302900000000003,93705662.0,0,coinbase
1641340800,0.279198,0.294916,0.2548,0.26604,0.2719186666666667,137343175.0,0,coinbase
1641427200,0.2661,0.272361,0.258,0.2675,0.2659536666666667,147132484.0,0,coinbase
1641513600,0.267581,0.268445,0.251211,0.257021,0.25889233333333334,154290138.0,0,coinbase
1641600000,0.257079,0.264588,0.246704,0.255091,0.255461,114294119.0,0,coinbase
1641686400,0.255131,0.264047,0.253087,0.261185,0.2594396666666667,85508200.0,0,coinbase
1641772800,0.26105,0.264,0.23953,0.253061,0.252197,119552866.0,0,coinbase
1641859200,0.25303,0.263698,0.248,0.263177,0.25829166666666664,97154673.0,0,coinbase
1641945600,0.263154,0.2916,0.262969,0.282353,0.27897400000000006,146577395.0,0,coinbase
1642032000,0.282214,0.290069,0.26862,0.269407,0.276032,89622985.0,0,coinbase
1642118400,0.269268,0.287781,0.26145,0.265375,0.27153533333333335,151964140.0,0,coinbase
1642204800,0.265387,0.269817,0.256387,0.259056,0.2617533333333333,110947765.0,0,coinbase
1642291200,0.259117,0.262694,0.25464,0.259124,0.25881933333333335,71063673.0,0,coinbase
1642377600,0.259165,0.259988,0.25,0.256133,0.25537366666666667,83416601.0,0,coinbase
1642464000,0.25606,0.258129,0.248838,0.253995,0.253654,96974645.0,0,coinbase
1642550400,0.253995,0.255814,0.243516,0.245567,0.24829900000000002,87307180.0,0,coinbase
1642636800,0.245463,0.252596,0.23,0.231498,0.23803133333333334,108345897.0,0,coinbase
1642723200,0.23146,0.2338,0.198468,0.202862,0.21170999999999998,268638467.0,0,coinbase
1642809600,0.202836,0.2082,0.1688,0.19237,0.18979000000000001,273902543.0,0,coinbase
1642896000,0.19237,0.201305,0.187834,0.201066,0.196735,183905376.0,0,coinbase
1642982400,0.201056,0.201066,0.172087,0.198106,0.19041966666666665,211018486.0,0,coinbase
1643068800,0.197951,0.199581,0.187823,0.196794,0.19473266666666667,164773715.0,0,coinbase
1643155200,0.196881,0.208487,0.191474,0.196933,0.19896466666666668,150975805.0,0,coinbase
1643241600,0.19698,0.201335,0.187312,0.194019,0.19422199999999998,134867131.0,0,coinbase
1643328000,0.193998,0.199512,0.189029,0.198646,0.19572900000000001,111292412.0,0,coinbase
1643414400,0.198649,0.204729,0.1976,0.203491,0.20194,76961664.0,0,coinbase
1643500800,0.20341,0.206642,0.19284,0.195399,0.19829366666666667,76059914.0,0,coinbase
1643587200,0.195346,0.200958,0.189628,0.199723,0.19676966666666665,119774498.0,0,coinbase
1643673600,0.199691,0.206292,0.198762,0.202028,0.20236066666666666,82118047.0,0,coinbase
1643760000,0.201987,0.20612,0.190513,0.193151,0.19659466666666667,85708679.0,0,coinbase
1643846400,0.193183,0.19547,0.188827,0.19506,0.193119,91075088.0,0,coinbase
1643932800,0.195075,0.21,0.19365,0.209216,0.20428866666666665,100732082.0,0,coinbase
1644019200,0.209209,0.216683,0.208205,0.213222,0.21270333333333333,73666552.0,0,coinbase
1644105600,0.213201,0.225023,0.213067,0.223926,0.22067199999999998,77957863.0,0,coinbase
1644192000,0.223926,0.242083,0.219026,0.239623,0.23357733333333333,149070772.0,0,coinbase
1644278400,0.239793,0.25714,0.232856,0.242394,0.24412999999999999,176850860.0,0,coinbase
1644364800,0.242371,0.24403,0.2345,0.238854,0.239128,106664165.0,0,coinbase
1644451200,0.238763,0.242887,0.228431,0.23172,0.23434600000000003,105752618.0,0,coinbase
1644537600,0.231773,0.231773,0.213,0.215393,0.22005533333333335,100638603.0,0,coinbase
1644624000,0.215367,0.224478,0.211348,0.218218,0.2180146666666667,91255420.0,0,coinbase
1644710400,0.218273,0.22205,0.210243,0.210311,0.21420133333333335,71171582.0,0,coinbase
1644796800,0.210337,0.214034,0.205403,0.210709,0.21004866666666666,85813459.0,0,coinbase
1644883200,0.210719,0.222314,0.209437,0.221086,0.21761233333333332,80024701.0,0,coinbase
1644969600,0.22112,0.221672,0.213592,0.21874,0.21800133333333335,85292248.0,0,coinbase
1645056000,0.21874,0.226323,0.201118,0.202261,0.20990066666666665,116340986.0,0,coinbase
1645142400,0.202428,0.208916,0.195394,0.200634,0.20164800000000002,109118379.0,0,coinbase
1645228800,0.200623,0.211231,0.196464,0.204174,0.20395633333333332,108718932.0,0,coinbase
1645315200,0.204256,0.205923,0.193199,0.194647,0.197923,96775701.0,0,coinbase
1645401600,0.194657,0.200977,0.176064,0.17816,0.18506699999999998,150753431.0,0,coinbase
1645488000,0.17816,0.187241,0.172863,0.18564,0.18191466666666667,127543654.0,0,coinbase
1645574400,0.185785,0.19379,0.1815,0.181888,0.18572599999999997,92623000.0,0,coinbase
1645660800,0.181888,0.18635,0.162,0.182403,0.17691766666666667,211872570.0,0,coinbase
1645747200,0.182464,0.192212,0.177981,0.191142,0.18711166666666668,102738771.0,0,coinbase
1645833600,0.191142,0.202143,0.1898,0.192899,0.19494733333333333,77491262.0,0,coinbase
1645920000,0.192894,0.19425,0.178447,0.181008,0.18456833333333333,90301494.0,0,coinbase
1646006400,0.181001,0.198333,0.177357,0.197675,0.19112166666666663,127722634.0,0,coinbase
1646092800,0.197647,0.202759,0.192632,0.198927,0.198106,108124473.0,0,coinbase
1646179200,0.198888,0.199475,0.191423,0.193624,0.19484066666666666,81077181.0,0,coinbase
1646265600,0.193626,0.195242,0.184912,0.187901,0.18935166666666667,72014409.0,0,coinbase
1646352000,0.187902,0.188791,0.173831,0.17606,0.17956066666666667,97600639.0,0,coinbase
1646438400,0.176117,0.180691,0.171503,0.18026,0.17748466666666665,61394669.0,0,coinbase
1646524800,0.1802,0.181617,0.172157,0.172791,0.1755216666666667,50807171.0,0,coinbase
1646611200,0.172893,0.17857,0.166632,0.169685,0.171629,117168851.0,0,coinbase
1646697600,0.169685,0.174209,0.167911,0.173136,0.171752,110084130.0,0,coinbase
1646784000,0.173184,0.190121,0.172171,0.188762,0.1836846666666667,132101902.0,0,coinbase
1646870400,0.188776,0.191723,0.17308,0.178633,0.18114533333333335,120540007.0,0,coinbase
1646956800,0.178666,0.18549,0.17289,0.183591,0.18065699999999998,146434146.0,0,coinbase
1647043200,0.183551,0.190197,0.182168,0.18515,0.18583833333333333,106570227.0,0,coinbase
1647129600,0.185096,0.188985,0.175728,0.176342,0.18035166666666666,79752322.0,0,coinbase
1647216000,0.176395,0.181032,0.173522,0.180075,0.17820966666666668,82019939.0,0,coinbase
1647302400,0.180004,0.183869,0.175858,0.182627,0.18078466666666668,72380103.0,0,coinbase
1647388800,0.18263,0.1897,0.180705,0.18936,0.18658833333333333,108958784.0,0,coinbase
1647475200,0.189296,0.191543,0.185212,0.189695,0.18881666666666663,72548527.0,0,coinbase
1647561600,0.189697,0.1939,0.185266,0.192891,0.19068566666666667,79137602.0,0,coinbase
1647648000,0.192863,0.200789,0.190612,0.20054,0.1973136666666667,70356872.0,0,coinbase
1647734400,0.200457,0.202128,0.192,0.197329,0.19715233333333335,70111606.0,0,coinbase
1647820800,0.197416,0.204247,0.192754,0.203692,0.20023100000000002,78309549.0,0,coinbase
1647907200,0.203692,0.213097,0.201544,0.20689,0.20717700000000003,99442425.0,0,coinbase
1647993600,0.206965,0.211704,0.204328,0.209453,0.208495,87429744.0,0,coinbase
1648080000,0.209482,0.216611,0.206478,0.215105,0.2127313333333333,90536896.0,0,coinbase
1648166400,0.215105,0.220658,0.210249,0.211296,0.21406766666666666,111602658.0,0,coinbase
1648252800,0.211295,0.215972,0.209078,0.215838,0.21362933333333334,50722678.0,0,coinbase
1648339200,0.215835,0.231369,0.214545,0.229866,0.22526000000000002,100290105.0,0,coinbase
1648425600,0.229932,0.2412,0.228201,0.229783,0.23306133333333331,156882383.0,0,coinbase
1648512000,0.229776,0.239644,0.22891,0.233124,0.23389266666666667,122118016.0,0,coinbase
1648598400,0.233126,0.237606,0.226476,0.234742,0.23294133333333333,93618006.0,0,coinbase
1648684800,0.23477,0.241289,0.226402,0.228422,0.23203766666666667,138793419.0,0,coinbase
1648771200,0.228384,0.232862,0.22137,0.232705,0.22897900000000002,115968303.0,0,coinbase
1648857600,0.232692,0.237428,0.230396,0.233338,0.2337206666666667,75788883.0,0,coinbase
1648944000,0.233227,0.238407,0.230467,0.237085,0.23531966666666668,48151406.0,0,coinbase
1649030400,0.237112,0.237165,0.226592,0.232059,0.23193866666666665,84599242.0,0,coinbase
1649116800,0.232008,0.234083,0.2243,0.225057,0.22781333333333334,73374838.0,0,coinbase
1649203200,0.225054,0.22555,0.20244,0.203353,0.21044766666666667,146333245.0,0,coinbase
1649289600,0.203244,0.214581,0.200815,0.212644,0.20934666666666665,98611993.0,0,coinbase
1649376000,0.212518,0.213638,0.200286,0.202197,0.20537366666666665,95755853.0,0,coinbase
1649462400,0.202224,0.206097,0.200461,0.204927,0.2038283333333333,41118861.0,0,coinbase
1649548800,0.204968,0.207766,0.2001,0.200367,0.20274433333333333,51867731.0,0,coinbase
1649635200,0.200361,0.201127,0.18565,0.186754,0.191177,128977415.0,0,coinbase
1649721600,0.186655,0.194044,0.18576,0.192604,0.19080266666666668,84637398.0,0,coinbase
1649808000,0.192568,0.197401,0.19062,0.196528,0.19484966666666667,74633799.0,0,coinbase
1649894400,0.196577,0.199486,0.191555,0.193926,0.194989,71465803.0,0,coinbase
1649980800,0.193899,0.2121,0.1925,0.204267,0.20295566666666667,129475136.0,0,coinbase
1650067200,0.204319,0.207788,0.202017,0.205349,0.20505133333333334,51551379.0,0,coinbase
1650153600,0.205254,0.206887,0.196342,0.196617,0.19994866666666664,46455716.0,0,coinbase
1650240000,0.196666,0.206337,0.19,0.205114,0.20048366666666664,107265723.0,0,coinbase
1650326400,0.205061,0.20585,0.20029,0.203903,0.20334766666666668,95664025.0,0,coinbase
1650412800,0.20385,0.20783,0.199547,0.20034,0.20257233333333333,77383115.0,0,coinbase
1650499200,0.200337,0.204166,0.1936,0.196519,0.198095,94173429.0,0,coinbase
1650585600,0.196452,0.198229,0.193712,0.195403,0.19578133333333333,70187250.0,0,coinbase
1650672000,0.195379,0.197471,0.190826,0.191399,0.193232,56110746.0,0,coinbase
1650758400,0.191398,0.194141,0.189205,0.189627,0.190991,43633745.0,0,coinbase
1650844800,0.189664,0.193426,0.178994,0.192216,0.18821199999999996,114316477.0,0,coinbase
1650931200,0.192213,0.192712,0.17778,0.180467,0.18365299999999998,75258056.0,0,coinbase
1651017600,0.18044,0.186693,0.179555,0.18432,0.1835226666666667,64077852.0,0,coinbase
1651104000,0.184342,0.188686,0.182645,0.185847,0.18572599999999997,60659064.0,0,coinbase
1651190400,0.1858,0.187907,0.17632,0.177945,0.180724,68736376.0,0,coinbase
1651276800,0.177917,0.181421,0.167232,0.169004,0.17255233333333334,78227360.0,0,coinbase
1651363200,0.168955,0.17689,0.168178,0.175665,0.17357766666666666,59427239.0,0,coinbase
1651449600,0.175688,0.177642,0.170264,0.173499,0.17380166666666666,60518686.0,0,coinbase
1651536000,0.173531,0.177235,0.169578,0.171962,0.172925,55765895.0,0,coinbase
1651622400,0.171995,0.184897,0.171401,0.184721,0.18033966666666668,76380567.0,0,coinbase
1651708800,0.184721,0.187579,0.167349,0.171062,0.17532999999999999,101473066.0,0,coinbase
1651795200,0.171004,0.172907,0.164533,0.171494,0.16964466666666667,81370302.0,0,coinbase
1651881600,0.171434,0.173479,0.164829,0.167511,0.16860633333333333,77394482.0,0,coinbase
1651968000,0.167491,0.168171,0.15986,0.161629,0.16322,78055276.0,0,coinbase
1652054400,0.161629,0.164989,0.139328,0.140612,0.14830966666666667,204344594.0,0,coinbase
1652140800,0.140604,0.1562,0.136235,0.148397,0.146944,214120941.0,0,coinbase
1652227200,0.148329,0.151205,0.117057,0.125737,0.131333,292616994.0,0,coinbase
1652313600,0.125677,0.13059,0.101917,0.120434,0.117647,250828814.0,0,coinbase
1652400000,0.120305,0.139772,0.119559,0.132063,0.13046466666666667,134152368.0,0,coinbase
1652486400,0.132053,0.140187,0.127199,0.138111,0.13516566666666666,93394068.0,0,coinbase
1652572800,0.138008,0.145111,0.134017,0.144986,0.14137133333333332,62440131.0,0,coinbase
1652659200,0.14497,0.144977,0.133583,0.136163,0.13824100000000003,66454205.0,0,coinbase
1652745600,0.136228,0.142158,0.133532,0.141607,0.139099,69186662.0,0,coinbase
1652832000,0.141633,0.143,0.127179,0.127544,0.13257433333333332,78925708.0,0,coinbase
1652918400,0.127557,0.133596,0.122743,0.130466,0.128935,81932568.0,0,coinbase
1653004800,0.130466,0.134028,0.124297,0.126231,0.12818533333333335,74603614.0,0,coinbase
1653091200,0.126232,0.131162,0.123495,0.130507,0.12838800000000003,48030956.0,0,coinbase
1653177600,0.130481,0.136549,0.129849,0.135358,0.13391866666666666,59008682.0,0,coinbase
1653264000,0.135353,0.138344,0.1279,0.128708,0.13165066666666667,68540940.0,0,coinbase
1653350400,0.128677,0.133174,0.124102,0.132961,0.130079,79964653.0,0,coinbase
1653436800,0.132873,0.134319,0.128243,0.132074,0.13154533333333332,57758422.0,0,coinbase
1653523200,0.132099,0.133839,0.120585,0.12416,0.12619466666666665,79775951.0,0,coinbase
1653609600,0.124161,0.124803,0.118369,0.120336,0.12116933333333334,99164533.0,0,coinbase
1653696000,0.120397,0.123674,0.119426,0.122588,0.121896,38985691.0,0,coinbase
1653782400,0.122592,0.131187,0.121572,0.130916,0.12789166666666665,43632733.0,0,coinbase
1653868800,0.130949,0.143791,0.130639,0.143437,0.139289,82228349.0,0,coinbase
1653955200,0.143428,0.153937,0.141,0.1506,0.14851233333333333,126303360.0,0,coinbase
1654041600,0.15046,0.15081,0.13307,0.136879,0.140253,90261205.0,0,coinbase
1654128000,0.136927,0.143924,0.13484,0.142983,0.14058233333333334,86132584.0,0,coinbase
1654214400,0.142977,0.150902,0.13939,0.146016,0.145436,127913655.0,0,coinbase
1654300800,0.145965,0.147422,0.140363,0.143441,0.143742,82548360.0,0,coinbase
1654387200,0.143426,0.147472,0.140934,0.143326,0.14391066666666666,55516249.0,0,coinbase
1654473600,0.143316,0.150488,0.142133,0.144814,0.14581166666666667,80986514.0,0,coinbase
1654560000,0.144814,0.145272,0.133979,0.140233,0.139828,100914698.0,0,coinbase
1654646400,0.140241,0.143852,0.135992,0.139974,0.13993933333333333,76440513.0,0,coinbase
1654732800,0.1399,0.142477,0.138123,0.139841,0.140147,41984981.0,0,coinbase
1654819200,0.139841,0.141009,0.131562,0.132961,0.13517733333333334,72941982.0,0,coinbase
1654905600,0.132956,0.135498,0.122331,0.125213,0.12768066666666666,98076645.0,0,coinbase
1654992000,0.125266,0.126832,0.117338,0.118556,0.12090866666666666,97275009.0,0,coinbase
1655078400,0.118434,0.11904,0.103238,0.106761,0.10967966666666666,209647678.0,0,coinbase
1655164800,0.106767,0.115337,0.1001,0.112638,0.10935833333333334,162053056.0,0,coinbase
1655251200,0.112634,0.12192,0.103766,0.121018,0.115568,168560050.0,0,coinbase
1655337600,0.121,0.123,0.106586,0.10905,0.11287866666666667,135268420.0,0,coinbase
1655424000,0.109007,0.116317,0.106903,0.111803,0.11167433333333333,90505402.0,0,coinbase
1655510400,0.111796,0.113417,0.100225,0.107546,0.10706266666666668,109363064.0,0,coinbase
1655596800,0.107548,0.116414,0.104214,0.114608,0.11174533333333332,94888498.0,0,coinbase
1655683200,0.114738,0.117909,0.11,0.112917,0.11360866666666668,65220087.0,0,coinbase
1655769600,0.112884,0.119262,0.111418,0.114472,0.11505066666666668,80895818.0,0,coinbase
1655856000,0.114509,0.115593,0.109475,0.112877,0.11264833333333334,82384939.0,0,coinbase
1655942400,0.112924,0.119,0.112519,0.117978,0.11649899999999998,69715017.0,0,coinbase
1656028800,0.117993,0.13,0.117961,0.127702,0.125221,96746190.0,0,coinbase
1656115200,0.127716,0.129993,0.122644,0.12672,0.12645233333333333,56087350.0,0,coinbase
1656201600,0.126755,0.128115,0.1198,0.120282,0.12273233333333333,52378669.0,0,coinbase
1656288000,0.120197,0.124115,0.116335,0.118877,0.11977566666666667,54008964.0,0,coinbase
1656374400,0.118855,0.1211,0.113576,0.114237,0.11630433333333334,74711691.0,0,coinbase
1656460800,0.114181,0.115504,0.106956,0.110086,0.11084866666666666,87443949.0,0,coinbase
1656547200,0.110136,0.112426,0.103037,0.112307,0.10925666666666667,110132361.0,0,coinbase
1656633600,0.112253,0.11518,0.107533,0.109884,0.11086566666666665,82738174.0,0,coinbase
1656720000,0.109925,0.110838,0.105259,0.108439,0.10817866666666666,60680655.0,0,coinbase
1656806400,0.108493,0.110999,0.105778,0.109009,0.10859533333333334,43257418.0,0,coinbase
1656892800,0.109067,0.111215,0.106379,0.111116,0.10957,41503383.0,0,coinbase
1656979200,0.111104,0.111367,0.104403,0.107769,0.10784633333333334,67428285.0,0,coinbase
1657065600,0.107787,0.110312,0.106462,0.109283,0.10868566666666667,52376937.0,0,coinbase
1657152000,0.109287,0.11546,0.108929,0.11364,0.11267633333333334,58910307.0,0,coinbase
1657238400,0.113712,0.118364,0.111711,0.1132,0.114425,82223815.0,0,coinbase
1657324800,0.113104,0.115027,0.111806,0.112651,0.11316133333333334,37485602.0,0,coinbase
1657411200,0.112618,0.112969,0.105524,0.107379,0.108624,53321856.0,0,coinbase
1657497600,0.107439,0.1078,0.101038,0.101391,0.10340966666666668,61674466.0,0,coinbase
1657584000,0.10138,0.1034,0.10017,0.10045,0.10134,55653814.0,0,coinbase
1657670400,0.100431,0.106034,0.099001,0.105275,0.10343666666666668,106432929.0,0,coinbase
1657756800,0.10525,0.107229,0.101843,0.107137,0.10540300000000001,59318361.0,0,coinbase
1657843200,0.107107,0.108532,0.10525,0.107412,0.10706466666666666,68595508.0,0,coinbase
1657929600,0.10736,0.110258,0.105275,0.109556,0.10836299999999999,63928286.0,0,coinbase
1658016000,0.109554,0.11126,0.106158,0.106625,0.10801433333333332,47425528.0,0,coinbase
1658102400,0.106611,0.116158,0.106415,0.114184,0.11225233333333333,102343699.0,0,coinbase
1658188800,0.114116,0.119866,0.110761,0.118529,0.11638533333333334,90376931.0,0,coinbase
1658275200,0.118529,0.12089,0.11088,0.112057,0.114609,98982391.0,0,coinbase
1658361600,0.112046,0.11399,0.109361,0.113592,0.11231433333333334,64145203.0,0,coinbase
1658448000,0.113561,0.115965,0.110439,0.112029,0.112811,59691733.0,0,coinbase
1658534400,0.112034,0.113693,0.109083,0.111633,0.11146966666666668,43935701.0,0,coinbase
1658620800,0.111564,0.115526,0.111564,0.113207,0.11343233333333334,37427429.0,0,coinbase
1658707200,0.113146,0.113944,0.105795,0.105988,0.10857566666666667,64828536.0,0,coinbase
1658793600,0.10608,0.10608,0.102288,0.10553,0.10463266666666667,64671337.0,0,coinbase
1658880000,0.105524,0.112767,0.103412,0.112668,0.10961566666666667,79258008.0,0,coinbase
1658966400,0.112621,0.117968,0.110096,0.116688,0.11491733333333333,85552564.0,0,coinbase
1659052800,0.116721,0.119798,0.114326,0.117733,0.11728566666666666,85439330.0,0,coinbase
1659139200,0.117766,0.125349,0.116289,0.119668,0.12043533333333334,99527432.0,0,coinbase
1659225600,0.119689,0.122828,0.116757,0.117624,0.11906966666666667,67916660.0,0,coinbase
1659312000,0.117586,0.120409,0.116666,0.118304,0.11845966666666667,51971969.0,0,coinbase
1659398400,0.118309,0.121204,0.113473,0.115136,0.11660433333333335,77436640.0,0,coinbase
1659484800,0.1151,0.117319,0.113002,0.114184,0.114835,61357582.0,0,coinbase
1659571200,0.1142,0.116493,0.11258,0.113921,0.11433133333333334,54228144.0,0,coinbase
1659657600,0.113943,0.1186,0.113666,0.118541,0.11693566666666666,57364810.0,0,coinbase
1659744000,0.118544,0.123133,0.118142,0.121903,0.12105933333333334,58200404.0,0,coinbase
1659830400,0.121903,0.124933,0.119858,0.123873,0.122888,55997183.0,0,coinbase
1659916800,0.1238,0.138505,0.123439,0.130156,0.13069999999999998,131381323.0,0,coinbase
1660003200,0.130127,0.130517,0.120731,0.122043,0.12443033333333335,90115521.0,0,coinbase
1660089600,0.122102,0.126017,0.119376,0.125982,0.12379166666666667,69695295.0,0,coinbase
1660176000,0.125918,0.127354,0.124408,0.125283,0.12568166666666666,53209025.0,0,coinbase
1660262400,0.125307,0.126613,0.12334,0.126413,0.12545533333333334,71082845.0,0,coinbase
1660348800,0.126454,0.128585,0.125813,0.126836,0.127078,46193783.0,0,coinbase
1660435200,0.126829,0.129738,0.124361,0.125676,0.12659166666666666,61606844.0,0,coinbase
1660521600,0.125705,0.128592,0.121726,0.123528,0.12461533333333334,77687356.0,0,coinbase
1660608000,0.12353,0.124391,0.121002,0.12178,0.12239099999999999,64953750.0,0,coinbase
1660694400,0.12178,0.127447,0.119526,0.121305,0.12275933333333333,89956131.0,0,coinbase
1660780800,0.121369,0.121815,0.115677,0.115928,0.11780666666666667,51261864.0,0,coinbase
1660867200,0.115929,0.116727,0.107,0.108067,0.11059800000000002,117743472.0,0,coinbase
1660953600,0.108067,0.11051,0.107232,0.109019,0.10892033333333333,54065523.0,0,coinbase
1661040000,0.109001,0.112311,0.107764,0.110977,0.11035066666666667,43955328.0,0,coinbase
1661126400,0.110942,0.111131,0.106151,0.109492,0.10892466666666667,70936363.0,0,coinbase
1661212800,0.109433,0.111355,0.107292,0.110676,0.10977433333333332,57725326.0,0,coinbase
1661299200,0.110739,0.111105,0.108293,0.109482,0.10962666666666665,58403843.0,0,coinbase
1661385600,0.109494,0.110991,0.108841,0.110401,0.11007766666666667,51716837.0,0,coinbase
1661472000,0.110394,0.114218,0.102606,0.103859,0.10689433333333336,148650275.0,0,coinbase
1661558400,0.103884,0.1058,0.10248,0.105574,0.104618,49832004.0,0,coinbase
1661644800,0.105539,0.107131,0.102195,0.102736,0.10402066666666666,56138205.0,0,coinbase
1661731200,0.102688,0.106038,0.101013,0.105918,0.104323,64848593.0,0,coinbase
1661817600,0.105928,0.106744,0.100595,0.102411,0.10325,69262080.0,0,coinbase
1661904000,0.10242,0.105577,0.10213,0.104365,0.104024,49230907.0,0,coinbase
1661990400,0.104323,0.105476,0.102107,0.105077,0.10422000000000002,54032902.0,0,coinbase
1662076800,0.105081,0.10625,0.102842,0.104596,0.10456266666666665,48249439.0,0,coinbase
1662163200,0.104555,0.105754,0.103784,0.105239,0.10492566666666665,31540513.0,0,coinbase
1662249600,0.10524,0.108899,0.104817,0.106324,0.10668,64012687.0,0,coinbase
1662336000,0.106324,0.10689,0.103598,0.10507,0.105186,46800930.0,0,coinbase
1662422400,0.105076,0.107448,0.09954,0.099872,0.10228666666666668,109707747.0,0,coinbase
1662508800,0.099866,0.10335,0.0987,0.10297,0.10167333333333334,63215226.0,0,coinbase
1662595200,0.102943,0.104603,0.100747,0.104355,0.10323500000000001,60573824.0,0,coinbase
1662681600,0.104364,0.1145,0.104152,0.114404,0.11101866666666667,126810762.0,0,coinbase
1662768000,0.11441,0.116093,0.113224,0.114707,0.11467466666666666,68819943.0,0,coinbase
1662854400,0.114753,0.116494,0.112814,0.114387,0.11456500000000001,45822278.0,0,coinbase
1662940800,0.114375,0.116502,0.111874,0.113859,0.11407833333333334,84664583.0,0,coinbase
1663027200,0.11386,0.113991,0.104513,0.104654,0.10771933333333332,99803098.0,0,coinbase
1663113600,0.104677,0.105585,0.102811,0.105209,0.104535,78495461.0,0,coinbase
1663200000,0.105206,0.105882,0.101533,0.102273,0.10322933333333334,60995933.0,0,coinbase
1663286400,0.102273,0.1075,0.101381,0.107109,0.10533,59165470.0,0,coinbase
1663372800,0.107087,0.114097,0.105859,0.11336,0.11110533333333333,69649513.0,0,coinbase
1663459200,0.113391,0.115703,0.106866,0.1072,0.109923,143652563.0,0,coinbase
1663545600,0.1072,0.112117,0.1035,0.111743,0.10912,126816832.0,0,coinbase
1663632000,0.11172,0.119438,0.110283,0.117297,0.11567266666666666,173746442.0,0,coinbase
1663718400,0.117296,0.118395,0.109253,0.110695,0.112781,153588897.0,0,coinbase
1663804800,0.110623,0.124808,0.110432,0.122951,0.11939700000000002,177279307.0,0,coinbase
1663891200,0.122943,0.133115,0.116756,0.123119,0.12433000000000001,234247319.0,0,coinbase
1663977600,0.123105,0.126948,0.117676,0.11814,0.12092133333333333,120844590.0,0,coinbase
1664064000,0.118133,0.12339,0.116074,0.117358,0.11894066666666668,104841232.0,0,coinbase
1664150400,0.11731,0.118266,0.1126,0.113735,0.11486700000000001,98086811.0,0,coinbase
1664236800,0.113751,0.116924,0.109615,0.110129,0.11222266666666665,113397474.0,0,coinbase
1664323200,0.110176,0.11082,0.106734,0.108139,0.10856433333333333,87939833.0,0,coinbase
1664409600,0.108147,0.11972,0.106727,0.1155,0.11398233333333334,136702634.0,0,coinbase
1664496000,0.1155,0.117365,0.112946,0.114648,0.11498633333333334,94751919.0,0,coinbase
1664582400,0.114675,0.12233,0.114129,0.121387,0.119282,129309989.0,0,coinbase
1664668800,0.121384,0.122969,0.117774,0.118426,0.11972299999999998,86863848.0,0,coinbase
1664755200,0.11843,0.120438,0.11385,0.116739,0.11700899999999999,85881013.0,0,coinbase
1664841600,0.116756,0.122145,0.115408,0.119187,0.11891333333333333,105958030.0,0,coinbase
1664928000,0.119152,0.120521,0.116892,0.1189,0.118771,99611320.0,0,coinbase
1665014400,0.118914,0.121594,0.118346,0.119586,0.119842,85651160.0,0,coinbase
1665100800,0.119572,0.123785,0.116725,0.1223,0.12093666666666668,86713341.0,0,coinbase
1665187200,0.122297,0.127554,0.121848,0.12613,0.12517733333333333,98263674.0,0,coinbase
1665273600,0.126149,0.129608,0.124718,0.1288,0.12770866666666666,68360868.0,0,coinbase
1665360000,0.128808,0.129337,0.123391,0.123692,0.12547333333333333,69862804.0,0,coinbase
1665446400,0.123692,0.124612,0.115407,0.116096,0.11870499999999999,90617302.0,0,coinbase
1665532800,0.116047,0.11675,0.114737,0.116277,0.11592133333333333,51191311.0,0,coinbase
1665619200,0.116283,0.116442,0.107,0.1121,0.11184733333333334,148203623.0,0,coinbase
1665705600,0.112092,0.116575,0.111348,0.112512,0.11347833333333333,85843621.0,0,coinbase
1665792000,0.112526,0.114291,0.111318,0.112005,0.11253799999999999,36800542.0,0,coinbase
1665878400,0.111967,0.114391,0.11192,0.11346,0.11325700000000001,31897642.0,0,coinbase
1665964800,0.113436,0.115174,0.112047,0.114244,0.11382166666666667,43673327.0,0,coinbase
1666051200,0.11427,0.114604,0.110256,0.112452,0.11243733333333333,77779932.0,0,coinbase
1666137600,0.112452,0.113346,0.110241,0.110855,0.11148066666666667,54279743.0,0,coinbase
1666224000,0.110859,0.113267,0.109095,0.109976,0.11077933333333334,74613813.0,0,coinbase
1666310400,0.109981,0.1109,0.107206,0.11086,0.10965533333333333,65924112.0,0,coinbase
1666396800,0.110899,0.111472,0.11,0.111197,0.11088966666666666,29500861.0,0,coinbase
1666483200,0.111196,0.112218,0.109034,0.111881,0.11104433333333334,39347611.0,0,coinbase
1666569600,0.111919,0.112244,0.109095,0.110331,0.11055666666666668,39832488.0,0,coinbase
1666656000,0.110336,0.113436,0.109077,0.111762,0.111425,80200153.0,0,coinbase
1666742400,0.11173,0.114,0.11139,0.113497,0.11296233333333333,57902510.0,0,coinbase
1666828800,0.113497,0.115521,0.1106,0.110955,0.11235866666666668,90352990.0,0,coinbase
1666915200,0.110956,0.113374,0.109271,0.112721,0.11178866666666666,69469953.0,0,coinbase
1667001600,0.112721,0.11544,0.111585,0.113594,0.11353966666666666,93356089.0,0,coinbase
1667088000,0.113553,0.114917,0.110605,0.111201,0.112241,56946988.0,0,coinbase
1667174400,0.111178,0.112332,0.109402,0.111188,0.110974,70293008.0,0,coinbase
1667260800,0.111196,0.112056,0.109101,0.109949,0.11036866666666667,44969361.0,0,coinbase
1667347200,0.109961,0.110775,0.105938,0.107595,0.10810266666666667,83255072.0,0,coinbase
1667433600,0.107617,0.110248,0.107333,0.108757,0.10877933333333334,54700681.0,0,coinbase
1667520000,0.108753,0.116211,0.108181,0.115559,0.113317,116235580.0,0,coinbase
1667606400,0.115561,0.116529,0.1125,0.113503,0.11417733333333334,89811818.0,0,coinbase
1667692800,0.113508,0.114377,0.108799,0.108989,0.11072166666666668,78662831.0,0,coinbase
1667779200,0.108983,0.110751,0.107866,0.109524,0.10938033333333334,89465668.0,0,coinbase
1667865600,0.109531,0.11067,0.092802,0.098784,0.100752,291139002.0,0,coinbase
1667952000,0.098758,0.099854,0.08,0.084601,0.08815166666666667,186517579.0,0,coinbase
1668038400,0.084628,0.100743,0.082593,0.096831,0.093389,156800617.0,0,coinbase
1668124800,0.096899,0.098246,0.091824,0.095081,0.09505033333333335,85789139.0,0,coinbase
1668211200,0.095105,0.095186,0.09,0.090935,0.09204033333333334,84873996.0,0,coinbase
1668297600,0.090906,0.092502,0.086553,0.087941,0.08899866666666667,57807300.0,0,coinbase
1668384000,0.087956,0.091222,0.083096,0.091065,0.088461,123508758.0,0,coinbase
1668470400,0.09107,0.09457,0.090221,0.092374,0.09238833333333334,79690291.0,0,coinbase
1668556800,0.092379,0.093399,0.088555,0.089669,0.090541,64678624.0,0,coinbase
1668643200,0.089676,0.09113,0.088555,0.090332,0.09000566666666665,58607759.0,0,coinbase
1668729600,0.090294,0.091427,0.087901,0.089095,0.08947433333333332,49145974.0,0,coinbase
1668816000,0.089096,0.090866,0.08791,0.090401,0.08972566666666666,35486604.0,0,coinbase
1668902400,0.090389,0.091499,0.086136,0.086355,0.08799666666666667,44910604.0,0,coinbase
1668988800,0.086329,0.088171,0.082382,0.084177,0.08491,78269336.0,0,coinbase
1669075200,0.084178,0.087171,0.082504,0.087026,0.085567,68563265.0,0,coinbase
1669161600,0.087033,0.088704,0.086494,0.088577,0.08792500000000002,68174197.0,0,coinbase
1669248000,0.088526,0.090318,0.087302,0.089964,0.08919466666666666,59575055.0,0,coinbase
1669334400,0.089942,0.090954,0.087607,0.089104,0.08922166666666666,64428988.0,0,coinbase
1669420800,0.089115,0.090472,0.087278,0.08798,0.08857666666666668,46050094.0,0,coinbase
1669507200,0.088033,0.092015,0.087904,0.090082,0.09000033333333333,68939016.0,0,coinbase
1669593600,0.09009,0.090923,0.085238,0.087187,0.08778266666666668,88609091.0,0,coinbase
1669680000,0.087195,0.089944,0.08652,0.088473,0.08831233333333333,50462921.0,0,coinbase
1669766400,0.088496,0.090437,0.087296,0.0898,0.08917766666666667,106395831.0,0,coinbase
1669852800,0.089816,0.090039,0.086964,0.087632,0.08821166666666667,65503044.0,0,coinbase
1669939200,0.087638,0.088186,0.086223,0.088096,0.08750166666666666,59869588.0,0,coinbase
1670025600,0.088076,0.089009,0.08597,0.08631,0.08709633333333333,43471068.0,0,coinbase
1670112000,0.086306,0.088115,0.086065,0.087659,0.08727966666666666,31465651.0,0,coinbase
1670198400,0.087753,0.0888,0.085709,0.08694,0.08714966666666667,46098096.0,0,coinbase
1670284800,0.08692,0.087198,0.085113,0.086022,0.086111,39151480.0,0,coinbase
1670371200,0.086008,0.086088,0.083245,0.084251,0.084528,43804211.0,0,coinbase
1670457600,0.084236,0.085679,0.083553,0.085535,0.08492233333333332,43115805.0,0,coinbase
1670544000,0.085527,0.08598,0.084433,0.085154,0.085189,47577971.0,0,coinbase
1670630400,0.085153,0.085795,0.084722,0.085185,0.08523399999999999,24769903.0,0,coinbase
1670716800,0.085185,0.08557,0.083347,0.083765,0.08422733333333332,23242155.0,0,coinbase
1670803200,0.083744,0.084664,0.081728,0.084278,0.08355666666666667,32699641.0,0,coinbase
1670889600,0.084277,0.084957,0.081255,0.083948,0.08338666666666666,77535053.0,0,coinbase
1670976000,0.083952,0.084564,0.081911,0.083007,0.08316066666666666,54858019.0,0,coinbase
1671062400,0.083004,0.084823,0.081196,0.081946,0.08265499999999999,85053498.0,0,coinbase
1671148800,0.081946,0.082276,0.074103,0.074234,0.076871,104668171.0,0,coinbase
1671235200,0.07422,0.075951,0.072508,0.075747,0.07473533333333333,69315129.0,0,coinbase
1671321600,0.07573,0.077156,0.075454,0.07649,0.07636666666666667,36978815.0,0,coinbase
1671408000,0.076505,0.077239,0.07283,0.073295,0.07445466666666667,64907017.0,0,coinbase
1671494400,0.073269,0.0762,0.073153,0.075947,0.0751,57497748.0,0,coinbase
1671580800,0.075941,0.076022,0.073919,0.075136,0.07502566666666666,44969406.0,0,coinbase
1671667200,0.075099,0.075836,0.073766,0.0757,0.07510066666666666,45887742.0,0,coinbase
1671753600,0.0757,0.076379,0.07516,0.075348,0.075629,47778910.0,0,coinbase
1671840000,0.075337,0.075722,0.074098,0.074352,0.074724,27294818.0,0,coinbase
1671926400,0.074324,0.074524,0.072796,0.07383,0.07371666666666667,25214802.0,0,coinbase
1672012800,0.073884,0.07532,0.073634,0.075217,0.07472366666666667,27084801.0,0,coinbase
1672099200,0.075235,0.07543,0.073536,0.074062,0.07434266666666667,40891553.0,0,coinbase
1672185600,0.074064,0.074715,0.07118,0.071675,0.07252333333333333,76192285.0,0,coinbase
1672272000,0.071677,0.072585,0.07028,0.071999,0.07162133333333333,53681724.0,0,coinbase
1672358400,0.071996,0.07239,0.070833,0.072358,0.07186033333333333,52545504.0,0,coinbase
1672444800,0.072383,0.072387,0.070862,0.071008,0.07141900000000001,36133601.0,0,coinbase
1672531200,0.071008,0.072694,0.070669,0.072484,0.071949,27324082.0,0,coinbase
1672617600,0.072483,0.074394,0.070957,0.073728,0.07302633333333335,37782434.0,0,coinbase
1672704000,0.073725,0.074437,0.072742,0.073564,0.07358100000000001,35690850.0,0,coinbase
1672790400,0.073591,0.074534,0.072591,0.073788,0.07363766666666667,63835719.0,0,coinbase
1672876800,0.073788,0.07428,0.07243,0.07291,0.07320666666666667,55010759.0,0,coinbase
1672963200,0.072912,0.075495,0.071847,0.075024,0.07412200000000001,69343554.0,0,coinbase
1673049600,0.075027,0.075926,0.0745,0.07561,0.07534533333333333,37994718.0,0,coinbase
1673136000,0.075633,0.077562,0.0745,0.077204,0.076422,48287473.0,0,coinbase
1673222400,0.077187,0.080858,0.07708,0.079276,0.07907133333333333,75227130.0,0,coinbase
1673308800,0.079275,0.080271,0.078103,0.079579,0.07931766666666668,68036829.0,0,coinbase
1673395200,0.079558,0.081922,0.078161,0.081375,0.08048599999999999,105866639.0,0,coinbase
1673481600,0.08138,0.082484,0.078677,0.081601,0.08092066666666667,107162041.0,0,coinbase
1673568000,0.081615,0.085163,0.080546,0.084629,0.083446,98170013.0,0,coinbase
1673654400,0.084612,0.090632,0.084521,0.087334,0.08749566666666668,121118549.0,0,coinbase
1673740800,0.087304,0.088381,0.084893,0.088019,0.08709766666666667,81153327.0,0,coinbase
1673827200,0.087993,0.090564,0.086034,0.087707,0.08810166666666668,64511093.0,0,coinbase
1673913600,0.087739,0.088315,0.086092,0.086272,0.086893,62934897.0,0,coinbase
1674000000,0.086273,0.089033,0.081582,0.082379,0.08433133333333333,83978170.0,0,coinbase
1674086400,0.082372,0.084646,0.081928,0.084388,0.083654,57190100.0,0,coinbase
1674172800,0.084375,0.089126,0.083216,0.08892,0.08708733333333334,84033271.0,0,coinbase
1674259200,0.08889,0.09313,0.087671,0.090317,0.09037266666666666,110210990.0,0,coinbase
1674345600,0.090334,0.093717,0.089608,0.091019,0.09144799999999999,95457270.0,0,coinbase
1674432000,0.091017,0.095784,0.090875,0.094542,0.09373366666666666,92649783.0,0,coinbase
1674518400,0.094541,0.096137,0.089944,0.09047,0.09218366666666666,96665494.0,0,coinbase
1674604800,0.090467,0.094029,0.08912,0.092364,0.09183766666666666,108495444.0,0,coinbase
1674691200,0.09239,0.093085,0.09037,0.091887,0.09178066666666666,78533842.0,0,coinbase
1674777600,0.09188,0.093192,0.09,0.092499,0.091897,70913267.0,0,coinbase
1674864000,0.092495,0.094128,0.091715,0.092744,0.09286233333333334,45632774.0,0,coinbase
1674950400,0.092744,0.094498,0.092133,0.094385,0.09367199999999999,57493922.0,0,coinbase
1675036800,0.094386,0.094797,0.088585,0.089975,0.09111899999999999,82400176.0,0,coinbase
1675123200,0.089992,0.091613,0.08919,0.09066,0.09048766666666667,59554413.0,0,coinbase
1675209600,0.090633,0.092448,0.087381,0.092295,0.09070800000000001,93860392.0,0,coinbase
1675296000,0.092303,0.094657,0.091032,0.091916,0.09253499999999999,94950066.0,0,coinbase
1675382400,0.091892,0.093228,0.091355,0.092886,0.09248966666666665,59340592.0,0,coinbase
1675468800,0.092888,0.094,0.092086,0.09292,0.09300199999999999,40553028.0,0,coinbase
1675555200,0.092892,0.093823,0.089776,0.090963,0.09152066666666668,56710615.0,0,coinbase
1675641600,0.090966,0.091613,0.088646,0.08882,0.08969300000000001,61765230.0,0,coinbase
1675728000,0.088844,0.092084,0.088646,0.092009,0.09091300000000001,92680886.0,0,coinbase
1675814400,0.09203,0.092993,0.089518,0.091009,0.09117333333333333,80344176.0,0,coinbase
1675900800,0.091014,0.09136,0.085077,0.085677,0.08737133333333334,134403542.0,0,coinbase
1675987200,0.085697,0.086968,0.0848,0.085647,0.085805,64910770.0,0,coinbase
1676073600,0.085658,0.08676,0.085153,0.086239,0.08605066666666666,30823570.0,0,coinbase
1676160000,0.086241,0.087199,0.0843,0.085199,0.08556599999999999,53765143.0,0,coinbase
1676246400,0.085175,0.086686,0.082398,0.085116,0.08473333333333333,102500997.0,0,coinbase
1676332800,0.085109,0.085999,0.082885,0.085981,0.084955,67429471.0,0,coinbase
1676419200,0.085975,0.090239,0.084786,0.090168,0.08839766666666667,99690297.0,0,coinbase
1676505600,0.090196,0.091095,0.086229,0.08626,0.08786133333333333,115985635.0,0,coinbase
1676592000,0.086258,0.090734,0.085853,0.090702,0.08909633333333333,93631647.0,0,coinbase
1676678400,0.090684,0.093308,0.089626,0.091777,0.09157033333333332,68766031.0,0,coinbase
1676764800,0.091801,0.093609,0.089912,0.090526,0.091349,58227238.0,0,coinbase
1676851200,0.090581,0.095,0.088816,0.094449,0.09275499999999999,84461948.0,0,coinbase
1676937600,0.094445,0.097949,0.093371,0.094826,0.09538200000000001,95964174.0,0,coinbase
1677024000,0.094834,0.095162,0.090324,0.092316,0.09260066666666666,100968205.0,0,coinbase
1677110400,0.092314,0.093087,0.090232,0.090921,0.09141333333333335,65675257.0,0,coinbase
1677196800,0.090952,0.091588,0.087475,0.089079,0.08938066666666666,83100734.0,0,coinbase
1677283200,0.089085,0.089629,0.086623,0.087943,0.088065,49394747.0,0,coinbase
1677369600,0.087948,0.089046,0.087077,0.088989,0.08837066666666667,33639168.0,0,coinbase
1677456000,0.088988,0.089345,0.08704,0.088231,0.08820533333333334,56436219.0,0,coinbase
1677542400,0.088236,0.088502,0.085794,0.087117,0.08713766666666667,69617108.0,0,coinbase
1677628800,0.08713,0.088619,0.086603,0.087918,0.08771333333333332,48111060.0,0,coinbase
1677715200,0.087959,0.088272,0.086106,0.087517,0.08729833333333333,48360603.0,0,coinbase
1677801600,0.087506,0.087673,0.082649,0.085608,0.08531,72921227.0,0,coinbase
1677888000,0.085619,0.085855,0.082,0.083605,0.08382,22603764.0,0,coinbase
1677974400,0.083605,0.084473,0.082317,0.082716,0.08316866666666667,34932602.0,0,coinbase
1678060800,0.082704,0.083628,0.081744,0.083437,0.08293633333333333,52916712.0,0,coinbase
1678147200,0.083456,0.084225,0.081655,0.082746,0.08287533333333334,66257225.0,0,coinbase
1678233600,0.082754,0.084568,0.080574,0.081619,0.08225366666666667,107285829.0,0,coinbase
1678320000,0.081591,0.0823,0.076223,0.077094,0.078539,98238773.0,0,coinbase
1678406400,0.07707,0.079661,0.07481,0.078408,0.07762633333333334,109629003.0,0,coinbase
1678492800,0.078383,0.080476,0.075308,0.079377,0.078387,81050634.0,0,coinbase
1678579200,0.079377,0.083483,0.078928,0.083101,0.08183733333333333,55064824.0,0,coinbase
1678665600,0.083007,0.085693,0.08041,0.084798,0.08363366666666666,101632430.0,0,coinbase
1678752000,0.084866,0.090186,0.083766,0.088601,0.08751766666666666,126615507.0,0,coinbase
1678838400,0.088622,0.08904,0.083075,0.084004,0.08537299999999999,104366857.0,0,coinbase
1678924800,0.084049,0.08546,0.083493,0.084741,0.08456466666666666,66956976.0,0,coinbase
1679011200,0.084727,0.088176,0.083939,0.088127,0.08674733333333334,91477265.0,0,coinbase
1679097600,0.088108,0.088826,0.085223,0.085765,0.08660466666666666,92018121.0,0,coinbase
1679184000,0.085795,0.089277,0.085674,0.087971,0.08764066666666666,72318973.0,0,coinbase
1679270400,0.087971,0.089763,0.086456,0.086685,0.08763466666666668,75102020.0,0,coinbase
1679356800,0.086656,0.1,0.085764,0.096556,0.09410666666666667,198003180.0,0,coinbase
1679443200,0.096552,0.097308,0.088585,0.091078,0.09232366666666668,120560929.0,0,coinbase
1679529600,0.091079,0.093834,0.089929,0.092663,0.092142,79626159.0,0,coinbase
1679616000,0.092703,0.092789,0.087288,0.088897,0.089658,73228338.0,0,coinbase
1679702400,0.0889,0.093074,0.088481,0.090755,0.09077000000000002,74010727.0,0,coinbase
1679788800,0.090743,0.092504,0.090513,0.09195,0.09165566666666665,43300450.0,0,coinbase
1679875200,0.091937,0.095136,0.089586,0.0926,0.09244066666666667,100735441.0,0,coinbase
1679961600,0.092578,0.098246,0.090928,0.097757,0.09564366666666667,128673922.0,0,coinbase
1680048000,0.097762,0.107378,0.09773,0.101692,0.10226666666666667,146985575.0,0,coinbase
1680134400,0.101702,0.106962,0.099801,0.106326,0.104363,137543761.0,0,coinbase
1680220800,0.106314,0.113051,0.105065,0.112266,0.11012733333333334,117956522.0,0,coinbase
1680307200,0.112204,0.114562,0.107688,0.108254,0.110168,61689717.0,0,coinbase
1680393600,0.108216,0.11107,0.105776,0.106631,0.10782566666666667,65767189.0,0,coinbase
1680480000,0.106638,0.110496,0.104919,0.106586,0.10733366666666666,96335245.0,0,coinbase
1680566400,0.106559,0.107084,0.104527,0.106098,0.10590300000000001,60321133.0,0,coinbase
1680652800,0.106102,0.10875,0.105187,0.107286,0.10707433333333333,56019146.0,0,coinbase
1680739200,0.107305,0.10738,0.104111,0.105941,0.10581066666666666,52552512.0,0,coinbase
1680825600,0.105914,0.106526,0.104249,0.106447,0.10574066666666666,44009401.0,0,coinbase
1680912000,0.106452,0.106622,0.103944,0.104437,0.105001,31665424.0,0,coinbase
1680998400,0.104434,0.105528,0.10279,0.104852,0.10439,30147035.0,0,coinbase
1681084800,0.104832,0.105935,0.102497,0.10566,0.10469733333333335,38222059.0,0,coinbase
1681171200,0.105642,0.107429,0.10447,0.105116,0.10567166666666666,48599780.0,0,coinbase
1681257600,0.105092,0.105249,0.102488,0.10359,0.10377566666666667,50926642.0,0,coinbase
1681344000,0.103629,0.1059,0.103056,0.105407,0.10478766666666665,51301746.0,0,coinbase
1681430400,0.105423,0.109122,0.105235,0.107013,0.10712333333333333,101159762.0,0,coinbase
1681516800,0.107013,0.107599,0.105828,0.106469,0.106632,42685471.0,0,coinbase
1681603200,0.106462,0.108074,0.105364,0.10741,0.10694933333333334,43793603.0,0,coinbase
1681689600,0.107427,0.107611,0.1035,0.103997,0.105036,56770362.0,0,coinbase
1681776000,0.104028,0.10627,0.103469,0.105708,0.105149,71935610.0,0,coinbase
1681862400,0.105708,0.106181,0.09563,0.097625,0.09981200000000001,107529409.0,0,coinbase
1681948800,0.097597,0.098533,0.094276,0.095802,0.09620366666666667,78134537.0,0,coinbase
1682035200,0.095739,0.096693,0.092165,0.092916,0.09392466666666666,82637272.0,0,coinbase
1682121600,0.092912,0.095673,0.092069,0.095527,0.09442299999999999,31770970.0,0,coinbase
1682208000,0.095582,0.095641,0.093001,0.094658,0.09443333333333333,31574016.0,0,coinbase
1682294400,0.094618,0.096034,0.092005,0.093345,0.09379466666666668,58401438.0,0,coinbase
1682380800,0.09337,0.095052,0.092087,0.094894,0.094011,49383388.0,0,coinbase
1682467200,0.09493,0.097,0.091055,0.093583,0.09387933333333333,77478712.0,0,coinbase
1682553600,0.093623,0.094943,0.09255,0.094297,0.09393,48643210.0,0,coinbase
1682640000,0.094298,0.09596,0.093576,0.094838,0.09479133333333334,46740831.0,0,coinbase
1682726400,0.0948,0.095881,0.093935,0.095852,0.09522266666666666,27204856.0,0,coinbase
1682812800,0.095851,0.09596,0.0941,0.094428,0.09482933333333333,35471743.0,0,coinbase
1682899200,0.094427,0.094722,0.091665,0.092713,0.09303333333333334,55343635.0,0,coinbase
1682985600,0.092721,0.093752,0.091837,0.093596,0.09306166666666667,53013323.0,0,coinbase
1683072000,0.093596,0.093835,0.091792,0.093547,0.09305799999999999,56389326.0,0,coinbase
1683158400,0.093558,0.094164,0.092701,0.093504,0.09345633333333332,49341672.0,0,coinbase
1683244800,0.093502,0.095002,0.092217,0.094397,0.093872,65886842.0,0,coinbase
1683331200,0.094378,0.094838,0.091861,0.09252,0.093073,51630329.0,0,coinbase
1683417600,0.092496,0.093213,0.091764,0.092034,0.092337,32250906.0,0,coinbase
1683504000,0.092017,0.092443,0.0881,0.089477,0.09000666666666668,79992559.0,0,coinbase
1683590400,0.089476,0.089515,0.08817,0.089097,0.08892733333333332,48057303.0,0,coinbase
1683676800,0.089097,0.090006,0.0875,0.08907,0.08885866666666666,68901623.0,0,coinbase
1683763200,0.089064,0.090146,0.087627,0.089481,0.08908466666666666,63779821.0,0,coinbase
1683849600,0.089498,0.090157,0.087184,0.089062,0.088801,77833238.0,0,coinbase
1683936000,0.089066,0.08931,0.08816,0.088308,0.08859266666666667,27769307.0,0,coinbase
1684022400,0.088363,0.088777,0.0877,0.088698,0.08839166666666666,26687459.0,0,coinbase
1684108800,0.088683,0.089372,0.0874,0.088039,0.08827033333333334,43706902.0,0,coinbase
1684195200,0.088045,0.08869,0.0868,0.088014,0.08783466666666667,42557957.0,0,coinbase
1684281600,0.088011,0.089044,0.087324,0.088768,0.08837866666666666,54309435.0,0,coinbase
1684368000,0.088765,0.090038,0.087472,0.088766,0.08875866666666667,48370611.0,0,coinbase
1684454400,0.088745,0.089679,0.088376,0.089186,0.08908033333333333,32701957.0,0,coinbase
1684540800,0.089193,0.089343,0.088198,0.088801,0.08878066666666667,22132134.0,0,coinbase
1684627200,0.088808,0.089199,0.087797,0.088199,0.08839833333333331,27400745.0,0,coinbase
1684713600,0.088177,0.0886,0.087388,0.08809,0.088026,38596063.0,0,coinbase
1684800000,0.088131,0.089056,0.087754,0.088282,0.088364,33761997.0,0,coinbase
1684886400,0.088275,0.088401,0.085581,0.086548,0.08684333333333333,46888245.0,0,coinbase
1684972800,0.086566,0.087134,0.085625,0.087126,0.08662833333333332,33833863.0,0,coinbase
1685059200,0.087126,0.088207,0.086765,0.08782,0.08759733333333332,39215036.0,0,coinbase
1685145600,0.087807,0.088434,0.087397,0.088173,0.08800133333333333,28410528.0,0,coinbase
1685232000,0.088171,0.088986,0.087846,0.088702,0.08851133333333333,28030744.0,0,coinbase
1685318400,0.088703,0.089531,0.088399,0.089195,0.08904166666666667,34454017.0,0,coinbase
1685404800,0.089199,0.091133,0.088802,0.090893,0.09027600000000001,84184940.0,0,coinbase
1685491200,0.09088,0.093349,0.089474,0.092581,0.09180133333333333,90902844.0,0,coinbase
1685577600,0.092599,0.092786,0.090809,0.091219,0.09160466666666667,59079088.0,0,coinbase
1685664000,0.091218,0.092417,0.090754,0.092007,0.09172600000000002,39868767.0,0,coinbase
1685750400,0.091988,0.093436,0.09155,0.091937,0.09230766666666668,31697921.0,0,coinbase
1685836800,0.091952,0.092908,0.091222,0.091495,0.091875,39118387.0,0,coinbase
1685923200,0.09148,0.091958,0.08559,0.08787,0.08847266666666666,73813337.0,0,coinbase
1686009600,0.087905,0.0898,0.086582,0.089665,0.08868233333333335,70455691.0,0,coinbase
1686096000,0.08967,0.089964,0.086759,0.087423,0.08804866666666666,64087567.0,0,coinbase
1686182400,0.087399,0.08809,0.086795,0.087049,0.08731133333333334,42921601.0,0,coinbase
1686268800,0.08706,0.089056,0.086529,0.088987,0.08819066666666665,53708583.0,0,coinbase
1686355200,0.088961,0.089058,0.079208,0.082137,0.08346766666666666,114604199.0,0,coinbase
1686441600,0.082163,0.087024,0.081054,0.083611,0.08389633333333334,60388580.0,0,coinbase
1686528000,0.083566,0.083647,0.081705,0.083071,0.08280766666666667,56216461.0,0,coinbase
1686614400,0.083054,0.086351,0.080478,0.082488,0.08310566666666667,84654956.0,0,coinbase
1686700800,0.08251,0.083017,0.077847,0.079319,0.08006100000000001,65137435.0,0,coinbase
1686787200,0.079306,0.079681,0.075183,0.076344,0.07706933333333334,62598520.0,0,coinbase
1686873600,0.076354,0.078866,0.075945,0.077402,0.07740433333333334,56313349.0,0,coinbase
1686960000,0.077383,0.080511,0.076862,0.079598,0.07899033333333333,49491972.0,0,coinbase
1687046400,0.079596,0.08102,0.079,0.079509,0.079843,41226157.0,0,coinbase
1687132800,0.07953,0.080523,0.07891,0.079994,0.079809,37053740.0,0,coinbase
1687219200,0.079998,0.083221,0.07818,0.082795,0.08139866666666667,66094005.0,0,coinbase
1687305600,0.082776,0.087313,0.0821,0.0867,0.08537100000000002,88165215.0,0,coinbase
1687392000,0.086698,0.089366,0.085764,0.086679,0.08726966666666668,84415307.0,0,coinbase
1687478400,0.086679,0.090149,0.086646,0.08959,0.088795,82297643.0,0,coinbase
1687564800,0.089628,0.091276,0.08866,0.090483,0.09013966666666666,67888843.0,0,coinbase
1687651200,0.090466,0.092476,0.090367,0.091623,0.09148866666666666,70406501.0,0,coinbase
1687737600,0.091624,0.092809,0.090568,0.092184,0.09185366666666667,72662713.0,0,coinbase
1687824000,0.092176,0.103449,0.092083,0.102839,0.099457,200173833.0,0,coinbase
1687910400,0.102753,0.105909,0.098827,0.100427,0.101721,286456242.0,0,coinbase
1687996800,0.100455,0.104734,0.100396,0.102172,0.10243399999999998,115039237.0,0,coinbase
1688083200,0.102166,0.1179,0.101396,0.110705,0.11000033333333332,230015341.0,0,coinbase
1688169600,0.110664,0.111715,0.105807,0.107362,0.10829466666666666,86898664.0,0,coinbase
1688256000,0.107395,0.10801,0.104585,0.107356,0.10665033333333333,83038247.0,0,coinbase
1688342400,0.107363,0.109372,0.104866,0.106004,0.10674733333333332,82546109.0,0,coinbase
1688428800,0.105966,0.106472,0.102825,0.103335,0.10421066666666667,62477773.0,0,coinbase
1688515200,0.103372,0.10458,0.099417,0.10053,0.101509,82204730.0,0,coinbase
1688601600,0.100534,0.10221,0.096001,0.096273,0.09816133333333332,98307274.0,0,coinbase
1688688000,0.096218,0.097494,0.094908,0.097374,0.09659200000000001,98874952.0,0,coinbase
1688774400,0.097344,0.100241,0.0965,0.099694,0.09881166666666667,79254178.0,0,coinbase
1688860800,0.099671,0.100015,0.098446,0.099001,0.099154,48656178.0,0,coinbase
1688947200,0.099001,0.100619,0.097,0.099865,0.09916133333333332,73964798.0,0,coinbase
1689033600,0.099868,0.100869,0.098343,0.098486,0.09923266666666668,64213504.0,0,coinbase
1689120000,0.098496,0.098533,0.095365,0.09618,0.09669266666666666,70296087.0,0,coinbase
1689206400,0.096172,0.195999,0.09535,0.155163,0.14883733333333335,499408769.0,0,coinbase
1689292800,0.15527,0.157997,0.125505,0.134953,0.139485,355021071.0,0,coinbase
1689379200,0.134996,0.135622,0.127142,0.12783,0.130198,134567085.0,0,coinbase
1689465600,0.12785,0.138871,0.124967,0.131473,0.13177033333333335,159419641.0,0,coinbase
1689552000,0.131354,0.134645,0.124406,0.129169,0.12940666666666667,98805182.0,0,coinbase
1689638400,0.129171,0.133797,0.125165,0.132516,0.13049266666666667,108035654.0,0,coinbase
1689724800,0.132494,0.167999,0.131418,0.156489,0.15196866666666667,249741489.0,0,coinbase
1689811200,0.156527,0.181181,0.154617,0.163197,0.16633166666666668,281842760.0,0,coinbase
1689897600,0.163306,0.171073,0.153609,0.157218,0.16063333333333332,131681586.0,0,coinbase
1689984000,0.157266,0.168862,0.154841,0.155604,0.15976900000000002,100572862.0,0,coinbase
1690070400,0.155569,0.161073,0.152362,0.155986,0.15647366666666668,79491209.0,0,coinbase
1690156800,0.155931,0.155979,0.144018,0.145622,0.14853966666666665,94667015.0,0,coinbase
1690243200,0.145639,0.149988,0.141259,0.144842,0.14536300000000002,99024481.0,0,coinbase
1690329600,0.144859,0.16356,0.140253,0.155699,0.15317066666666668,120835567.0,0,coinbase
1690416000,0.155685,0.163476,0.15322,0.159238,0.15864466666666666,118029028.0,0,coinbase
1690502400,0.159232,0.17,0.157733,0.159836,0.162523,119167686.0,0,coinbase
1690588800,0.15977,0.161268,0.15733,0.15839,0.158996,45007848.0,0,coinbase
1690675200,0.158399,0.162017,0.152774,0.156614,0.157135,63029459.0,0,coinbase
1690761600,0.156479,0.157952,0.14869,0.150091,0.15224433333333331,55114569.0,0,coinbase
1690848000,0.150137,0.1536,0.145018,0.153578,0.150732,78644337.0,0,coinbase
1690934400,0.153569,0.1548,0.14336,0.143975,0.1473783333333333,66927447.0,0,coinbase
1691020800,0.143926,0.145651,0.138144,0.138974,0.140923,78311845.0,0,coinbase
1691107200,0.138907,0.141835,0.135963,0.136246,0.13801466666666665,67136049.0,0,coinbase
1691193600,0.136183,0.139206,0.133242,0.138891,0.137113,47190564.0,0,coinbase
1691280000,0.138938,0.145035,0.138432,0.139245,0.140904,62472645.0,0,coinbase
1691366400,0.139314,0.143355,0.13682,0.142749,0.14097466666666666,92265144.0,0,coinbase
1691452800,0.142742,0.143863,0.138371,0.142811,0.14168166666666668,71904890.0,0,coinbase
1691539200,0.142858,0.146057,0.139666,0.141509,0.14241066666666666,71860948.0,0,coinbase
1691625600,0.141515,0.141745,0.138038,0.138781,0.13952133333333333,43835117.0,0,coinbase
1691712000,0.138819,0.141365,0.13821,0.1396,0.13972500000000002,32542777.0,0,coinbase
1691798400,0.139572,0.140265,0.136873,0.137892,0.13834333333333335,23684071.0,0,coinbase
1691884800,0.137859,0.140599,0.13741,0.137819,0.13860933333333333,24721927.0,0,coinbase
1691971200,0.137751,0.1382,0.134518,0.135969,0.13622900000000002,29427052.0,0,coinbase
1692057600,0.135946,0.136454,0.122528,0.130165,0.12971566666666667,77939122.0,0,coinbase
1692144000,0.130134,0.132732,0.123268,0.12645,0.12748333333333334,86981392.0,0,coinbase
1692230400,0.12639,0.127452,0.1108,0.113271,0.11717433333333334,96481496.0,0,coinbase
1692316800,0.11326,0.117812,0.111009,0.116631,0.11515066666666667,79962769.0,0,coinbase
1692403200,0.116607,0.125513,0.116512,0.123881,0.12196866666666667,79043198.0,0,coinbase
1692489600,0.123804,0.132787,0.122549,0.129619,0.12831833333333334,104947886.0,0,coinbase
1692576000,0.129561,0.130369,0.122117,0.124726,0.12573733333333334,63192809.0,0,coinbase
1692662400,0.124765,0.124913,0.117302,0.120569,0.120928,56516269.0,0,coinbase
1692748800,0.120582,0.129053,0.119725,0.127399,0.12539233333333333,84539438.0,0,coinbase
1692835200,0.127363,0.128819,0.121575,0.123804,0.12473266666666667,46176020.0,0,coinbase
1692921600,0.123767,0.124994,0.120655,0.123813,0.123154,36131302.0,0,coinbase
1693008000,0.12389,0.12454,0.120471,0.120861,0.12195733333333332,25867628.0,0,coinbase
1693094400,0.120843,0.122334,0.11942,0.120861,0.12087166666666667,21847307.0,0,coinbase
1693180800,0.120875,0.121264,0.118522,0.119875,0.11988700000000001,37563383.0,0,coinbase
1693267200,0.119899,0.128397,0.116743,0.124399,0.12317966666666667,83208706.0,0,coinbase
1693353600,0.12441,0.124445,0.120224,0.120429,0.12169933333333333,33985765.0,0,coinbase
1693440000,0.120392,0.120949,0.113575,0.114879,0.11646766666666668,46595371.0,0,coinbase
1693526400,0.1148,0.117316,0.112675,0.114053,0.11468133333333334,34889737.0,0,coinbase
1693612800,0.114005,0.114353,0.111307,0.113534,0.11306466666666666,26087245.0,0,coinbase
1693699200,0.113562,0.120601,0.113009,0.118707,0.117439,67813923.0,0,coinbase
1693785600,0.118669,0.126533,0.118421,0.124302,0.12308533333333334,98162106.0,0,coinbase
1693872000,0.124335,0.12975,0.121362,0.122247,0.124453,80209763.0,0,coinbase
1693958400,0.122242,0.124242,0.117385,0.123857,0.121828,54982156.0,0,coinbase
1694044800,0.123857,0.125716,0.121714,0.12539,0.12427333333333333,51533634.0,0,coinbase
1694131200,0.12539,0.127563,0.122199,0.126847,0.12553633333333333,59507580.0,0,coinbase
1694217600,0.126827,0.132985,0.125908,0.131591,0.13016133333333332,91370868.0,0,coinbase
1694304000,0.131498,0.134685,0.127455,0.133785,0.131975,96859368.0,0,coinbase
1694390400,0.133787,0.134591,0.124203,0.128508,0.12910066666666667,95680967.0,0,coinbase
1694476800,0.128528,0.132,0.120331,0.121163,0.124498,118163649.0,0,coinbase
1694563200,0.121159,0.122459,0.11932,0.120847,0.12087533333333333,59178383.0,0,coinbase
1694649600,0.120847,0.12184,0.11815,0.120306,0.12009866666666667,57518106.0,0,coinbase
1694736000,0.120359,0.121999,0.117614,0.120346,0.11998633333333332,54552022.0,0,coinbase
1694822400,0.120399,0.121274,0.11799,0.119374,0.119546,32615295.0,0,coinbase
1694908800,0.11939,0.119425,0.115192,0.116175,0.11693066666666667,42654951.0,0,coinbase
1694995200,0.116253,0.1195,0.115227,0.118099,0.11760866666666665,41717471.0,0,coinbase
1695081600,0.117971,0.120236,0.117345,0.118431,0.11867066666666666,36615829.0,0,coinbase
1695168000,0.118462,0.119205,0.11622,0.11692,0.11744833333333334,39832949.0,0,coinbase
1695254400,0.116899,0.11692,0.111655,0.113918,0.11416433333333333,58063684.0,0,coinbase
1695340800,0.113824,0.115524,0.113293,0.114633,0.11448333333333333,38009804.0,0,coinbase
1695427200,0.114634,0.115255,0.112953,0.114235,0.11414766666666666,20734591.0,0,coinbase
1695513600,0.114236,0.114237,0.112,0.112252,0.11282966666666668,26567884.0,0,coinbase
1695600000,0.11223,0.113332,0.110881,0.112948,0.112387,39423522.0,0,coinbase
1695686400,0.112914,0.11305,0.110948,0.111859,0.11195233333333333,29518603.0,0,coinbase
1695772800,0.111842,0.114274,0.111316,0.112485,0.11269166666666668,44094555.0,0,coinbase
1695859200,0.112443,0.114436,0.112163,0.11417,0.11358966666666666,30526233.0,0,coinbase
1695945600,0.114173,0.118791,0.112599,0.112682,0.11469066666666666,79279792.0,0,coinbase
1696032000,0.112731,0.11281,0.110889,0.112269,0.11198933333333333,35735973.0,0,coinbase
1696118400,0.112274,0.114622,0.111921,0.114335,0.113626,31047922.0,0,coinbase
1696204800,0.114347,0.115,0.110519,0.11162,0.11237966666666667,49489968.0,0,coinbase
1696291200,0.111624,0.1166,0.109905,0.114704,0.11373633333333333,57804594.0,0,coinbase
1696377600,0.114699,0.1153,0.1113,0.112446,0.11301533333333334,67108606.0,0,coinbase
1696464000,0.112399,0.112461,0.110335,0.110656,0.11115066666666666,25909688.0,0,coinbase
1696550400,0.11061,0.11239,0.10953,0.111789,0.11123633333333334,30446284.0,0,coinbase
1696636800,0.111832,0.112142,0.110551,0.111165,0.111286,13251967.0,0,coinbase
1696723200,0.111183,0.111472,0.110275,0.11077,0.11083900000000001,14472061.0,0,coinbase
1696809600,0.110787,0.111061,0.104585,0.106049,0.10723166666666667,56542282.0,0,coinbase
1696896000,0.106049,0.106075,0.103476,0.104328,0.10462633333333334,35975217.0,0,coinbase
1696982400,0.104285,0.104961,0.101725,0.103307,0.10333099999999999,32907368.0,0,coinbase
1697068800,0.103271,0.103322,0.101128,0.102509,0.10231966666666666,30434624.0,0,coinbase
1697155200,0.102509,0.103546,0.1021,0.102911,0.10285233333333332,30181619.0,0,coinbase
1697241600,0.102918,0.104472,0.102884,0.104271,0.10387566666666666,15841939.0,0,coinbase
1697328000,0.104269,0.106378,0.104006,0.106357,0.10558033333333333,28927372.0,0,coinbase
1697414400,0.106393,0.111211,0.106137,0.107354,0.108234,52029787.0,0,coinbase
1697500800,0.107376,0.107594,0.10293,0.102994,0.10450599999999999,44342550.0,0,coinbase
1697587200,0.102968,0.104763,0.1025,0.103251,0.10350466666666665,26100901.0,0,coinbase
1697673600,0.103246,0.107864,0.102049,0.107369,0.10576066666666667,57866124.0,0,coinbase
1697760000,0.107344,0.110069,0.10637,0.107542,0.10799366666666665,51452123.0,0,coinbase
1697846400,0.107537,0.1127,0.107399,0.110788,0.11029566666666667,39546293.0,0,coinbase
1697932800,0.110804,0.112089,0.1077,0.110888,0.11022566666666667,44444327.0,0,coinbase
1698019200,0.110875,0.116294,0.109844,0.116039,0.11405900000000001,104622582.0,0,coinbase
1698105600,0.116054,0.120443,0.11268,0.114361,0.115828,168362198.0,0,coinbase
1698192000,0.114397,0.11563,0.112259,0.114412,0.11410033333333335,56918341.0,0,coinbase
1698278400,0.114354,0.116853,0.110625,0.113164,0.11354733333333333,72079236.0,0,coinbase
1698364800,0.113127,0.11352,0.110136,0.111909,0.111855,38228536.0,0,coinbase
1698451200,0.111895,0.114316,0.111822,0.114097,0.11341166666666667,22933528.0,0,coinbase
1698537600,0.114063,0.1169,0.112467,0.11569,0.115019,28457093.0,0,coinbase
1698624000,0.11577,0.120059,0.11465,0.119003,0.11790400000000001,61856115.0,0,coinbase
1698710400,0.119009,0.124907,0.115593,0.121222,0.120574,109149485.0,0,coinbase
1698796800,0.121272,0.123048,0.117569,0.122594,0.12107033333333334,89667119.0,0,coinbase
1698883200,0.122574,0.12351,0.117171,0.119721,0.120134,83514105.0,0,coinbase
1698969600,0.119621,0.124298,0.116162,0.122487,0.12098233333333334,108863225.0,0,coinbase
1699056000,0.122548,0.12437,0.121169,0.123604,0.12304766666666667,38172300.0,0,coinbase
1699142400,0.123685,0.12837,0.123,0.125567,0.12564566666666666,104826621.0,0,coinbase
1699228800,0.125664,0.1349,0.125132,0.131201,0.130411,134577028.0,0,coinbase
1699315200,0.131119,0.131124,0.122223,0.126687,0.12667799999999999,96378725.0,0,coinbase
1699401600,0.126716,0.128883,0.1255,0.127697,0.12736,52346949.0,0,coinbase
1699488000,0.127727,0.130863,0.119182,0.12287,0.124305,146020962.0,0,coinbase
1699574400,0.12287,0.124368,0.120301,0.123768,0.12281233333333334,75779178.0,0,coinbase
1699660800,0.12389,0.127276,0.120708,0.125044,0.12434266666666666,85572264.0,0,coinbase
1699747200,0.125114,0.126753,0.121902,0.124382,0.12434566666666667,68174343.0,0,coinbase
1699833600,0.124381,0.137867,0.120727,0.122309,0.12696766666666667,212860621.0,0,coinbase
1699920000,0.122293,0.122658,0.116,0.117938,0.11886533333333334,113771082.0,0,coinbase
1700006400,0.118015,0.121801,0.116953,0.121494,0.12008266666666667,50252696.0,0,coinbase
1700092800,0.121505,0.123204,0.116989,0.118424,0.11953899999999999,95673351.0,0,coinbase
1700179200,0.118419,0.120467,0.114331,0.118268,0.11768866666666666,89366831.0,0,coinbase
1700265600,0.118268,0.11941,0.1148,0.119251,0.11782033333333335,57373259.0,0,coinbase
1700352000,0.119285,0.1213,0.117707,0.121116,0.12004100000000001,52086611.0,0,coinbase
1700438400,0.121136,0.121853,0.118006,0.11986,0.11990633333333334,53832507.0,0,coinbase
1700524800,0.119807,0.120422,0.113105,0.113592,0.11570633333333331,87155985.0,0,coinbase
1700611200,0.113592,0.118452,0.113347,0.118208,0.11666900000000001,53394933.0,0,coinbase
1700697600,0.118232,0.118813,0.115406,0.117264,0.117161,57498501.0,0,coinbase
1700784000,0.117331,0.119247,0.116708,0.118015,0.11799,39013208.0,0,coinbase
1700870400,0.117971,0.12159,0.117504,0.121144,0.12007933333333333,35304870.0,0,coinbase
1700956800,0.121101,0.123436,0.1191,0.119951,0.120829,59702556.0,0,coinbase
1701043200,0.119955,0.120692,0.114699,0.116499,0.11729666666666666,60350642.0,0,coinbase
1701129600,0.116559,0.118985,0.115072,0.118565,0.11754066666666667,43986687.0,0,coinbase
1701216000,0.118645,0.120118,0.118073,0.118537,0.11890933333333333,39748806.0,0,coinbase
1701302400,0.118601,0.119675,0.117903,0.118256,0.11861133333333333,34630118.0,0,coinbase
1701388800,0.118309,0.120031,0.117821,0.119819,0.11922366666666667,29160125.0,0,coinbase
1701475200,0.119819,0.121769,0.119312,0.121605,0.12089533333333334,36467617.0,0,coinbase
1701561600,0.121597,0.123306,0.120852,0.122,0.12205266666666666,50809514.0,0,coinbase
1701648000,0.121907,0.125373,0.119901,0.122239,0.12250433333333333,98140578.0,0,coinbase
1701734400,0.122234,0.122973,0.119572,0.1225,0.12168166666666667,77447725.0,0,coinbase
1701820800,0.1225,0.125948,0.12083,0.125505,0.12409433333333335,110163212.0,0,coinbase
1701907200,0.125473,0.127423,0.123071,0.126182,0.12555866666666668,123435059.0,0,coinbase
1701993600,0.126192,0.133287,0.125808,0.13239,0.130495,105561992.0,0,coinbase
1702080000,0.132384,0.138388,0.131561,0.133719,0.134556,139553883.0,0,coinbase
1702166400,0.133684,0.136935,0.131566,0.133357,0.13395266666666666,80524626.0,0,coinbase
1702252800,0.133342,0.134623,0.120205,0.123392,0.12607333333333334,127146711.0,0,coinbase
1702339200,0.123436,0.125387,0.120699,0.123112,0.12306600000000001,73023578.0,0,coinbase
1702425600,0.123096,0.125628,0.118135,0.124909,0.12289066666666666,73598393.0,0,coinbase
1702512000,0.124896,0.12818,0.122844,0.127562,0.12619533333333333,61065579.0,0,coinbase
1702598400,0.127566,0.128157,0.122601,0.122943,0.12456699999999998,49470458.0,0,coinbase
1702684800,0.122962,0.126096,0.1215,0.124692,0.124096,34900123.0,0,coinbase
1702771200,0.124674,0.124904,0.121803,0.122027,0.12291133333333333,41013889.0,0,coinbase
1702857600,0.122026,0.122397,0.116155,0.121253,0.119935,83008953.0,0,coinbase
1702944000,0.121302,0.122426,0.118594,0.119464,0.12016133333333334,52384339.0,0,coinbase
1703030400,0.119374,0.122868,0.118698,0.121955,0.12117366666666667,71564318.0,0,coinbase
1703116800,0.121931,0.124683,0.121143,0.124683,0.12350299999999999,52743186.0,0,coinbase
1703203200,0.124691,0.126731,0.123173,0.126625,0.12550966666666666,51235315.0,0,coinbase
1703289600,0.126679,0.127098,0.1238,0.126643,0.125847,32725064.0,0,coinbase
1703376000,0.126729,0.127937,0.124435,0.126085,0.12615233333333334,51417932.0,0,coinbase
1703462400,0.126085,0.131717,0.125114,0.131023,0.1292846666666667,67822427.0,0,coinbase
1703548800,0.131067,0.131204,0.121884,0.126113,0.12640033333333334,77230095.0,0,coinbase
1703635200,0.126115,0.133626,0.123821,0.130803,0.12941666666666665,97083783.0,0,coinbase
1703721600,0.130803,0.135834,0.12904,0.132151,0.13234166666666666,119978344.0,0,coinbase
1703808000,0.132115,0.132578,0.127,0.129728,0.12976866666666667,83132543.0,0,coinbase
1703894400,0.12968,0.138378,0.129117,0.132398,0.13329766666666668,129528793.0,0,coinbase
1703980800,0.132405,0.133359,0.127301,0.128987,0.12988233333333332,51043070.0,0,coinbase
1704067200,0.129153,0.132465,0.127307,0.131996,0.13058933333333334,43422461.0,0,coinbase
1704153600,0.132039,0.133359,0.128454,0.129211,0.13034133333333334,75798075.0,0,coinbase
1704240000,0.129209,0.135,0.111776,0.120563,0.12244633333333332,164710666.0,0,coinbase
1704326400,0.120533,0.122197,0.119373,0.121659,0.12107633333333334,54818755.0,0,coinbase
1704412800,0.121747,0.122059,0.114226,0.119269,0.118518,95815636.0,0,coinbase
1704499200,0.11926,0.120714,0.116072,0.120191,0.11899233333333332,68912048.0,0,coinbase
1704585600,0.120076,0.120519,0.114612,0.115309,0.11681333333333332,54870596.0,0,coinbase
1704672000,0.115367,0.120169,0.112555,0.119614,0.117446,142913991.0,0,coinbase
1704758400,0.119625,0.120694,0.114001,0.116631,0.11710866666666665,107324612.0,0,coinbase
1704844800,0.116631,0.122318,0.113206,0.120823,0.11878233333333334,157938279.0,0,coinbase
1704931200,0.120874,0.126117,0.120334,0.123514,0.12332166666666666,147359301.0,0,coinbase
1705017600,0.123545,0.1254,0.116812,0.11894,0.120384,100268803.0,0,coinbase
1705104000,0.119025,0.120523,0.117315,0.12008,0.11930600000000001,36573845.0,0,coinbase
1705190400,0.119988,0.1208,0.117836,0.118049,0.11889500000000001,48982630.0,0,coinbase
1705276800,0.118038,0.12078,0.117716,0.118137,0.11887766666666666,36761148.0,0,coinbase
1705363200,0.118135,0.119282,0.116467,0.118539,0.11809599999999999,28448518.0,0,coinbase
1705449600,0.118497,0.119342,0.116834,0.1187,0.118292,31710210.0,0,coinbase
1705536000,0.118807,0.118829,0.112607,0.114155,0.115197,56862086.0,0,coinbase
1705622400,0.114207,0.114739,0.108816,0.113843,0.112466,77782401.0,0,coinbase
1705708800,0.113864,0.11546,0.112985,0.115411,0.11461866666666666,37880478.0,0,coinbase
1705795200,0.115377,0.116679,0.115133,0.115636,0.11581600000000002,34371949.0,0,coinbase
1705881600,0.115571,0.116175,0.111514,0.112639,0.11344266666666668,83785461.0,0,coinbase
1705968000,0.112675,0.114213,0.107,0.11165,0.11095433333333334,61387266.0,0,coinbase
1706054400,0.111614,0.11275,0.110542,0.112624,0.111972,51009778.0,0,coinbase
1706140800,0.112647,0.112698,0.110399,0.111749,0.11161533333333333,41003418.0,0,coinbase
1706227200,0.111693,0.116688,0.11159,0.115861,0.114713,54217865.0,0,coinbase
1706313600,0.115856,0.117039,0.1152,0.1163,0.11617966666666667,23007041.0,0,coinbase
1706400000,0.1163,0.116588,0.112938,0.113765,0.11443033333333334,36974955.0,0,coinbase
1706486400,0.113775,0.11651,0.113207,0.116472,0.11539633333333334,46198490.0,0,coinbase
1706572800,0.11651,0.116953,0.112429,0.112769,0.11405033333333332,50927569.0,0,coinbase
1706659200,0.112769,0.113596,0.108808,0.10986,0.11075466666666667,51859513.0,0,coinbase
1706745600,0.109891,0.110812,0.10793,0.10986,0.109534,37476677.0,0,coinbase
1706832000,0.109887,0.110942,0.108902,0.110272,0.11003866666666666,49350946.0,0,coinbase
1706918400,0.110313,0.1125,0.109376,0.110965,0.110947,51234121.0,0,coinbase
1707004800,0.110925,0.111302,0.108435,0.109239,0.10965866666666668,28987375.0,0,coinbase
1707091200,0.109223,0.109788,0.107542,0.108433,0.10858766666666668,44456154.0,0,coinbase
1707177600,0.108452,0.108968,0.107226,0.108191,0.10812833333333333,35499228.0,0,coinbase
1707264000,0.108222,0.109186,0.106827,0.109107,0.10837333333333334,49691147.0,0,coinbase
1707350400,0.109135,0.110104,0.108654,0.109813,0.10952366666666667,38559232.0,0,coinbase
1707436800,0.109802,0.112367,0.109795,0.112094,0.11141866666666667,41122229.0,0,coinbase
1707523200,0.112103,0.113251,0.110667,0.111661,0.11185966666666668,34840689.0,0,coinbase
1707609600,0.111749,0.113111,0.110657,0.111264,0.11167733333333334,31749993.0,0,coinbase
1707696000,0.111216,0.113486,0.109576,0.113171,0.11207766666666667,53853155.0,0,coinbase
1707782400,0.113155,0.114453,0.109561,0.111004,0.11167266666666666,52594212.0,0,coinbase
1707868800,0.111006,0.116,0.110208,0.114489,0.11356566666666668,56445624.0,0,coinbase
1707955200,0.114482,0.1177,0.11397,0.116829,0.11616633333333333,114344568.0,0,coinbase
1708041600,0.116824,0.118309,0.114019,0.115531,0.11595299999999999,77559837.0,0,coinbase
1708128000,0.115543,0.115994,0.111833,0.114189,0.11400533333333333,38289372.0,0,coinbase
1708214400,0.11419,0.116647,0.1135,0.115986,0.11537766666666667,33940023.0,0,coinbase
1708300800,0.115996,0.119105,0.115667,0.118411,0.11772766666666667,58515967.0,0,coinbase
1708387200,0.118402,0.121114,0.11419,0.117675,0.11765966666666668,139907445.0,0,coinbase
1708473600,0.117696,0.118272,0.110863,0.114354,0.11449633333333332,77908452.0,0,coinbase
1708560000,0.114327,0.117593,0.113279,0.11533,0.11540066666666667,66019013.2929,0,coinbase
1708646400,0.115352,0.117249,0.11294,0.114805,0.114998,75469311.6729,0,coinbase
1708732800,0.11478,0.117445,0.113653,0.116384,0.11582733333333334,37136225.711,0,coinbase
1708819200,0.116425,0.116961,0.115334,0.116569,0.116288,37553274.3457,0,coinbase
1708905600,0.116514,0.118208,0.114046,0.118077,0.116777,79906215.4742,0,coinbase
1708992000,0.118062,0.123687,0.117178,0.122985,0.12128333333333334,151065149.38451174,0,coinbase
1709078400,0.122985,0.129643,0.11648,0.121119,0.12241400000000001,158675290.7346301,0,coinbase
1709164800,0.121113,0.128304,0.11912,0.122164,0.12319600000000001,222903461.4911089,0,coinbase
1709251200,0.122163,0.127439,0.12156,0.127134,0.12537766666666667,100866039.84292205,0,coinbase
1709337600,0.127126,0.138481,0.126846,0.13835,0.13455899999999998,206606891.74541098,0,coinbase
1709424000,0.138323,0.140015,0.129435,0.135867,0.13510566666666665,123708007.81599131,0,coinbase
1709510400,0.135877,0.1591,0.133625,0.14606,0.14626166666666665,251655044.37678066,0,coinbase
1709596800,0.146109,0.15315,0.118444,0.132342,0.1346453333333333,346590971.6373941,0,coinbase
1709683200,0.132383,0.138648,0.128045,0.138581,0.1350913333333333,189992933.086404,0,coinbase
1709769600,0.138592,0.143463,0.137575,0.142191,0.14107633333333333,142153277.00167722,0,coinbase
1709856000,0.14218,0.145642,0.13682,0.141864,0.14144199999999998,120703731.3953282,0,coinbase
1709942400,0.14188,0.144042,0.140291,0.14252,0.14228433333333335,68064232.19393168,0,coinbase
1710028800,0.142523,0.145087,0.137,0.139839,0.140642,75282185.88994318,0,coinbase
1710115200,0.139854,0.162874,0.135,0.157618,0.15183066666666667,240433288.9489868,0,coinbase
1710201600,0.157654,0.159499,0.1425,0.149347,0.15044866666666667,124575959.58945766,0,coinbase
1710288000,0.149354,0.153722,0.146514,0.150889,0.150375,113127331.18312289,0,coinbase
1710374400,0.150926,0.152548,0.137769,0.144441,0.14491933333333332,171819843.09257054,0,coinbase
1710460800,0.144457,0.145542,0.126923,0.137056,0.13650700000000002,233861985.8943469,0,coinbase
1710547200,0.137055,0.143,0.126508,0.129193,0.13290033333333331,176852498.6314781,0,coinbase
1710633600,0.129193,0.133102,0.124417,0.132037,0.129852,128565426.97079393,0,coinbase
1710720000,0.13207,0.137697,0.124907,0.134914,0.132506,179695453.97590387,0,coinbase
1710806400,0.134871,0.134872,0.11863,0.120725,0.12474233333333333,272161722.87271625,0,coinbase
1710892800,0.120642,0.131374,0.117162,0.130844,0.12646,167208130.59532368,0,coinbase
1710979200,0.130795,0.135441,0.127833,0.133295,0.13218966666666668,103793386.7463188,0,coinbase
1711065600,0.133234,0.134174,0.125505,0.128322,0.12933366666666665,127593209.03296009,0,coinbase
1711152000,0.128318,0.136559,0.127761,0.13268,0.13233333333333333,74865208.71892314,0,coinbase
1711238400,0.13267,0.135417,0.131762,0.135052,0.134077,52186385.9699337,0,coinbase
1711324800,0.135053,0.139503,0.134114,0.136705,0.13677399999999998,78624023.59500225,0,coinbase
1711411200,0.136709,0.139999,0.135586,0.138207,0.13793066666666667,66307629.57173068,0,coinbase
1711497600,0.138204,0.139747,0.132106,0.13369,0.135181,123570303.36929952,0,coinbase
1711584000,0.133725,0.139674,0.132561,0.137981,0.13673866666666668,86775262.3603283,0,coinbase
1711670400,0.137984,0.146996,0.137267,0.142758,0.14234033333333332,190460994.80887684,0,coinbase
1711756800,0.142758,0.143592,0.138116,0.139183,0.14029699999999998,63154768.27216335,0,coinbase
1711843200,0.139193,0.141414,0.138356,0.141109,0.140293,51910204.20446207,0,coinbase
1711929600,0.141132,0.14257,0.132272,0.135591,0.13681100000000002,130777331.86075063,0,coinbase
1712016000,0.135586,0.135991,0.1271,0.128669,0.13058666666666666,139626351.73478618,0,coinbase
1712102400,0.128658,0.130808,0.12436,0.126326,0.12716466666666668,140880608.46388507,0,coinbase
1712188800,0.126297,0.131967,0.124343,0.128837,0.12838233333333335,118227811.42675187,0,coinbase
1712275200,0.128846,0.129703,0.12416,0.127493,0.12711866666666669,82634864.63130768,0,coinbase
1712361600,0.127491,0.129899,0.126945,0.129122,0.12865533333333332,29585544.08714,0,coinbase
1712448000,0.129155,0.130347,0.12796,0.129287,0.129198,37215067.19862615,0,coinbase
1712534400,0.129287,0.134442,0.127713,0.13341,0.13185500000000003,72192451.58992486,0,coinbase
1712620800,0.133427,0.136936,0.130671,0.132017,0.13320800000000002,84255927.01201515,0,coinbase
1712707200,0.132012,0.132176,0.125448,0.129653,0.12909233333333334,104215257.04959679,0,coinbase
1712793600,0.129652,0.131417,0.128131,0.130223,0.12992366666666666,47992459.75142763,0,coinbase
1712880000,0.13025,0.131167,0.102932,0.115132,0.11641033333333334,159360604.57914922,0,coinbase
1712966400,0.115109,0.115633,0.091439,0.105535,0.10420233333333334,171279414.38778827,0,coinbase
1713052800,0.105537,0.111564,0.101717,0.110816,0.10803233333333333,139169898.92644644,0,coinbase
1713139200,0.110773,0.114113,0.103933,0.107652,0.10856600000000001,114590048.5864546,0,coinbase
1713225600,0.107695,0.110099,0.104223,0.109634,0.10798533333333334,106901030.46124415,0,coinbase
1713312000,0.109634,0.110067,0.104748,0.107551,0.10745533333333333,69328559.17916876,0,coinbase
1713398400,0.107503,0.111062,0.105137,0.110457,0.10888533333333332,86444400.5150227,0,coinbase
1713484800,0.110471,0.11363,0.103514,0.111869,0.109671,114608177.42072985,0,coinbase
1713571200,0.111805,0.116946,0.110834,0.115963,0.11458099999999999,54920035.44824852,0,coinbase
1713657600,0.116004,0.116625,0.112552,0.113859,0.11434533333333334,36595037.73552659,0,coinbase
1713744000,0.1139,0.1192,0.113589,0.118243,0.11701066666666667,62941553.15302236,0,coinbase
1713830400,0.118259,0.1188,0.11548,0.117423,0.11723433333333333,49936318.37715826,0,coinbase
1713916800,0.117412,0.120375,0.113257,0.114424,0.11601866666666667,86075692.24935284,0,coinbase
1714003200,0.114427,0.115555,0.111422,0.11376,0.11357899999999999,67503100.98243459,0,coinbase
1714089600,0.113793,0.115128,0.111909,0.113995,0.11367733333333334,52818097.04335653,0,coinbase
1714176000,0.114,0.114858,0.111101,0.114417,0.11345866666666667,49186671.10078793,0,coinbase
1714262400,0.114414,0.115892,0.112,0.112306,0.11339933333333334,41666393.7208052,0,coinbase
1714348800,0.112306,0.113647,0.109715,0.111972,0.111778,79468515.66594289,0,coinbase
1714435200,0.111972,0.112833,0.104412,0.107636,0.10829366666666668,90599520.92531753,0,coinbase
1714521600,0.107677,0.111116,0.102985,0.110985,0.108362,92125108.54979518,0,coinbase
1714608000,0.111008,0.111275,0.106956,0.11029,0.10950700000000001,63564826.44335487,0,coinbase
1714694400,0.110245,0.112581,0.108817,0.111756,0.11105133333333332,53321849.09747029,0,coinbase
1714780800,0.111762,0.112641,0.110677,0.110918,0.11141200000000001,39992952.05881997,0,coinbase
1714867200,0.110969,0.111278,0.109338,0.110944,0.11052000000000001,36352843.60690485,0,coinbase
1714953600,0.110975,0.113646,0.10927,0.109741,0.11088566666666666,102887725.72970946,0,coinbase
1715040000,0.109788,0.11083,0.107871,0.107992,0.10889766666666667,59194620.14211855,0,coinbase
1715126400,0.108027,0.109784,0.106804,0.107287,0.10795833333333334,46602106.07984071,0,coinbase
1715212800,0.107258,0.108749,0.105813,0.108558,0.10770666666666667,39753841.33302475,0,coinbase
1715299200,0.108561,0.109782,0.105247,0.106263,0.10709733333333334,39196045.08437052,0,coinbase
1715385600,0.106263,0.107085,0.105405,0.10581,0.10610000000000001,20931372.13532587,0,coinbase
1715472000,0.105748,0.106272,0.103852,0.104727,0.10495033333333333,16943562.4809173,0,coinbase
1715558400,0.104673,0.105931,0.100992,0.103958,0.10362699999999998,38081684.35280074,0,coinbase
1715644800,0.103947,0.104467,0.101625,0.101859,0.10265033333333333,40669309.12658657,0,coinbase
1715731200,0.101856,0.107267,0.1015,0.106837,0.10520133333333333,42432343.87597854,0,coinbase
1715817600,0.106843,0.107982,0.104909,0.106699,0.10653,47172447.31068337,0,coinbase
1715904000,0.106691,0.109851,0.106056,0.108828,0.108245,43372100.44881517,0,coinbase
1715990400,0.108834,0.109521,0.10738,0.108123,0.10834133333333333,19423738.52458698,0,coinbase
1716076800,0.108133,0.1086,0.105272,0.105619,0.10649700000000001,23825811.44681463,0,coinbase
1716163200,0.105589,0.11254,0.10453,0.112535,0.10986833333333333,68554565.29885781,0,coinbase
1716249600,0.112558,0.114097,0.11141,0.1122,0.11256899999999999,64255184.82998771,0,coinbase
1716336000,0.112195,0.112565,0.1092,0.110602,0.11078899999999998,48565176.42011251,0,coinbase
1716422400,0.110596,0.111541,0.104871,0.109205,0.108539,89858640.32031167,0,coinbase
1716508800,0.109147,0.110617,0.107271,0.110165,0.10935099999999999,55224811.17779277,0,coinbase
1716595200,0.110154,0.111729,0.110032,0.110948,0.11090299999999999,22747702.50358166,0,coinbase
1716681600,0.110939,0.111461,0.10793,0.108573,0.10932133333333334,26947303.09079664,0,coinbase
1716768000,0.108539,0.111495,0.108009,0.110367,0.10995699999999999,44443968.51340571,0,coinbase
1716854400,0.110387,0.11069,0.106601,0.107768,0.10835299999999999,61185682.78511868,0,coinbase
1716940800,0.107738,0.109343,0.106365,0.106481,0.10739633333333333,46129369.07366852,0,coinbase
1717027200,0.106509,0.107774,0.104632,0.106698,0.106368,58842145.57507146,0,coinbase
1717113600,0.106665,0.107165,0.104635,0.106181,0.10599366666666665,53661556.18355468,0,coinbase
1717200000,0.106175,0.106827,0.105975,0.106327,0.10637633333333334,17397260.90885125,0,coinbase
1717286400,0.106304,0.106694,0.10439,0.105079,0.10538766666666666,25243792.33255044,0,coinbase
1717372800,0.105106,0.107065,0.104428,0.105372,0.10562166666666666,38157456.45136241,0,coinbase
1717459200,0.105289,0.106875,0.104,0.106339,0.105738,48851239.5824242,0,coinbase
1717545600,0.10635,0.107565,0.10588,0.106986,0.10681033333333334,47982573.82437139,0,coinbase
1717632000,0.106976,0.106998,0.104777,0.105243,0.10567266666666668,41918589.93514814,0,coinbase
1717718400,0.1052,0.10678,0.091596,0.100133,0.09950300000000001,85194185.91344477,0,coinbase
1717804800,0.100088,0.100142,0.09655,0.09825,0.098314,39395187.26955334,0,coinbase
1717891200,0.098251,0.099919,0.098045,0.099897,0.099287,25767431.36659641,0,coinbase
1717977600,0.0999,0.101267,0.099153,0.099983,0.10013433333333333,61947984.37188157,0,coinbase
1718064000,0.099983,0.10025,0.095253,0.096739,0.097414,60539773.79133012,0,coinbase
1718150400,0.096712,0.101013,0.095425,0.100087,0.09884166666666666,73657998.21960875,0,coinbase
1718236800,0.100144,0.100269,0.097141,0.097454,0.098288,48956113.71988943,0,coinbase
1718323200,0.097454,0.098918,0.094293,0.096769,0.09666000000000001,62736403.95391296,0,coinbase
1718409600,0.096769,0.098885,0.096202,0.098283,0.09779,33576637.23661035,0,coinbase
1718496000,0.098287,0.099234,0.097581,0.099082,0.09863233333333334,28197100.86179806,0,coinbase
1718582400,0.099101,0.099409,0.09513,0.096845,0.097128,112631877.79337397,0,coinbase
1718668800,0.096848,0.097036,0.087871,0.091328,0.09207833333333333,124163475.41187257,0,coinbase
1718755200,0.091325,0.094259,0.090656,0.093444,0.09278633333333335,60977959.48177613,0,coinbase
1718841600,0.093444,0.095455,0.092814,0.093929,0.094066,61761369.76733263,0,coinbase
1718928000,0.093928,0.094406,0.091062,0.092022,0.09249666666666667,68459913.2803575,0,coinbase
1719014400,0.092014,0.09206,0.090603,0.090835,0.09116600000000001,23089652.80217613,0,coinbase
1719100800,0.090835,0.091954,0.088929,0.089508,0.09013033333333333,30196602.1344147,0,coinbase
1719187200,0.089508,0.089725,0.0851,0.089333,0.08805266666666667,81873709.56063503,0,coinbase
1719273600,0.089333,0.093066,0.089145,0.091876,0.09136233333333334,60704803.49413398,0,coinbase
1719360000,0.091865,0.092521,0.089547,0.090155,0.090741,44288715.96346561,0,coinbase
1719446400,0.090152,0.091529,0.088619,0.091345,0.09049766666666666,43126682.14690167,0,coinbase
1719532800,0.091345,0.093075,0.090679,0.090853,0.09153566666666667,47375320.74990184,0,coinbase
1719619200,0.090861,0.091842,0.089834,0.090117,0.09059766666666667,27847393.21266767,0,coinbase
1719705600,0.090117,0.09169,0.089216,0.091089,0.090665,39828340.27810703,0,coinbase
1719792000,0.091096,0.09273,0.090415,0.091472,0.091539,60829685.93405589,0,coinbase
1719878400,0.091471,0.094173,0.091402,0.093562,0.09304566666666665,53245965.41439108,0,coinbase
1719964800,0.093562,0.093609,0.089175,0.090315,0.09103299999999999,78171368.55608058,0,coinbase
1720051200,0.090315,0.090636,0.086151,0.087059,0.08794866666666667,128136216.42104565,0,coinbase
1720137600,0.087058,0.087082,0.076829,0.085493,0.08313466666666668,180092012.1038608,0,coinbase
1720224000,0.085485,0.09087,0.085035,0.090637,0.08884733333333333,49920438.46449591,0,coinbase
1720310400,0.090637,0.090637,0.083458,0.083968,0.086021,50147668.47285991,0,coinbase
1720396800,0.083969,0.08728,0.080559,0.085518,0.08445233333333334,92877628.91941465,0,coinbase
1720483200,0.085503,0.088309,0.085124,0.088079,0.08717066666666667,55992137.66637223,0,coinbase
1720569600,0.088078,0.089293,0.086705,0.087556,0.08785133333333332,51416701.50856827,0,coinbase
1720656000,0.087557,0.090414,0.086913,0.088779,0.088702,47602317.1261708,0,coinbase
1720742400,0.088779,0.092539,0.088173,0.091367,0.09069299999999998,112438174.92155042,0,coinbase
1720828800,0.091367,0.106075,0.091332,0.102278,0.099895,177336201.9136426,0,coinbase
1720915200,0.102278,0.106998,0.099549,0.104506,0.10368433333333332,62827844.99976507,0,coinbase
1721001600,0.104554,0.105827,0.102477,0.104744,0.10434933333333334,80206799.053305,0,coinbase
1721088000,0.104742,0.109297,0.101131,0.106918,0.105782,177463846.3285537,0,coinbase
1721174400,0.106911,0.112427,0.10614,0.10988,0.10948233333333335,175984472.88489228,0,coinbase
1721260800,0.10988,0.1112,0.101209,0.103151,0.10518666666666666,110275711.65293156,0,coinbase
1721347200,0.103151,0.105582,0.100854,0.105318,0.103918,73754481.17844474,0,coinbase
1721433600,0.10529,0.106995,0.104006,0.105288,0.10542966666666666,58399683.55119936,0,coinbase
1721520000,0.105289,0.106091,0.101607,0.105434,0.10437733333333332,61904228.7704649,0,coinbase
1721606400,0.105435,0.106267,0.102288,0.103563,0.10403933333333333,95381421.29153314,0,coinbase
1721692800,0.103613,0.104863,0.09943,0.101019,0.10177066666666668,75164082.2323854,0,coinbase
1721779200,0.101039,0.105888,0.100149,0.102974,0.10300366666666666,70173721.13887852,0,coinbase
1721865600,0.10295,0.104213,0.099845,0.102198,0.10208533333333335,107271617.87557258,0,coinbase
1721952000,0.102201,0.104525,0.101404,0.103136,0.10302166666666668,51253867.44742637,0,coinbase
1722038400,0.103136,0.103559,0.100135,0.101424,0.101706,47429704.39651732,0,coinbase
1722124800,0.101394,0.102247,0.0996,0.100261,0.10070266666666666,41613479.8641446,0,coinbase
1722211200,0.100261,0.101974,0.09878,0.099073,0.09994233333333331,51350160.22401534,0,coinbase
1722297600,0.099077,0.103618,0.098389,0.102465,0.10149066666666666,86000199.70028359,0,coinbase
1722384000,0.102458,0.106511,0.100367,0.100471,0.10244966666666666,129913280.86681134,0,coinbase
1722470400,0.100481,0.101068,0.095356,0.099214,0.09854599999999998,97933846.33666493,0,coinbase
1722556800,0.099259,0.099468,0.093058,0.095398,0.09597466666666667,80383398.03181571,0,coinbase
1722643200,0.095403,0.09593,0.091629,0.093299,0.09361933333333333,78021786.49896874,0,coinbase
1722729600,0.093332,0.093425,0.086452,0.088168,0.08934833333333332,51888382.16416536,0,coinbase
1722816000,0.088188,0.0892,0.075736,0.087992,0.08430933333333333,142015566.55764112,0,coinbase
1722902400,0.087992,0.093093,0.087756,0.092556,0.09113500000000001,101644164.30217412,0,coinbase
1722988800,0.092532,0.104299,0.091696,0.101578,0.09919099999999999,220452786.26166764,0,coinbase
1723075200,0.101531,0.103567,0.098255,0.103103,0.10164166666666667,140321447.012097,0,coinbase
1723161600,0.103103,0.103224,0.098542,0.09992,0.100562,71568189.09279223,0,coinbase
1723248000,0.09992,0.102027,0.099546,0.101269,0.10094733333333333,37555392.44895164,0,coinbase
1723334400,0.101265,0.103,0.097,0.097844,0.09928133333333333,47240897.00560419,0,coinbase
1723420800,0.097839,0.10054,0.097264,0.098817,0.09887366666666668,73747749.96571328,0,coinbase
1723507200,0.098844,0.0998,0.097613,0.099314,0.09890900000000001,32939849.09671865,0,coinbase
1723593600,0.099257,0.0995,0.096254,0.096609,0.09745433333333335,47621441.8885026,0,coinbase
1723680000,0.096599,0.098315,0.094587,0.095661,0.09618766666666667,51798544.23841243,0,coinbase
1723766400,0.095688,0.096094,0.09312,0.094871,0.09469499999999999,64138974.45920845,0,coinbase
1723852800,0.094833,0.096388,0.094495,0.095686,0.09552299999999998,30842816.21375371,0,coinbase
1723939200,0.095688,0.0965,0.093432,0.093523,0.094485,37838700.91710847,0,coinbase
1724025600,0.09352,0.096338,0.093068,0.096338,0.095248,59510709.12753168,0,coinbase
1724112000,0.096334,0.0992,0.096072,0.0975,0.09759066666666667,58925024.99944806,0,coinbase
1724198400,0.097567,0.099208,0.096246,0.098554,0.09800266666666668,55296496.25556247,0,coinbase
1724284800,0.098568,0.099719,0.097255,0.098936,0.09863666666666666,42778814.78956279,0,coinbase
1724371200,0.098932,0.102475,0.098696,0.101908,0.10102633333333333,57936467.0187898,0,coinbase
1724457600,0.101908,0.103666,0.100825,0.102602,0.10236433333333332,51925253.42170353,0,coinbase
1724544000,0.102602,0.102948,0.099811,0.100943,0.101234,60675113.02367748,0,coinbase
1724630400,0.100972,0.10125,0.096617,0.097113,0.09832666666666667,45358042.67893745,0,coinbase
1724716800,0.097065,0.097729,0.092324,0.093734,0.09459566666666668,80817293.52287862,0,coinbase
1724803200,0.09361,0.094799,0.090644,0.092791,0.09274466666666666,79435826.84581648,0,coinbase
1724889600,0.092751,0.09443,0.092051,0.093126,0.09320233333333333,45899490.31583232,0,coinbase
1724976000,0.093054,0.094114,0.091044,0.093193,0.09278366666666667,49235154.48593845,0,coinbase
1725062400,0.093176,0.093703,0.091876,0.092531,0.09270333333333332,17501023.15787203,0,coinbase
1725148800,0.092531,0.092563,0.089263,0.090015,0.09061366666666666,41744046.66777638,0,coinbase
1725235200,0.089998,0.092573,0.089951,0.092358,0.09162733333333334,35774211.66015559,0,coinbase
1725321600,0.092366,0.09447,0.091395,0.091471,0.09244533333333334,49609885.03197568,0,coinbase
1725408000,0.091457,0.0925,0.088347,0.091619,0.090822,74485000.49707365,0,coinbase
1725494400,0.091651,0.092015,0.089666,0.09022,0.09063366666666665,47422466.91429334,0,coinbase
1725580800,0.090205,0.090421,0.085442,0.088029,0.087964,55696112.908566,0,coinbase
1725667200,0.087996,0.089747,0.087499,0.088568,0.08860466666666666,24072808.58920687,0,coinbase
1725753600,0.088577,0.090157,0.088433,0.089995,0.08952833333333333,24724995.42037025,0,coinbase
1725840000,0.089962,0.093692,0.08987,0.093154,0.09223866666666668,41259438.20665771,0,coinbase
1725926400,0.093109,0.094531,0.092482,0.093934,0.093649,24134071.01815662,0,coinbase
1726012800,0.093947,0.094047,0.091414,0.09264,0.09270033333333333,40041213.39825029,0,coinbase
1726099200,0.092681,0.095727,0.092339,0.094921,0.094329,51866758.14833929,0,coinbase
1726185600,0.094931,0.097009,0.094054,0.096401,0.09582133333333333,39140326.18580599,0,coinbase
1726272000,0.096409,0.097366,0.095775,0.097121,0.096754,32395037.68870063,0,coinbase
1726358400,0.097115,0.097381,0.094674,0.095101,0.09571866666666666,27130136.21795056,0,coinbase
1726444800,0.0951,0.095647,0.093687,0.094971,0.09476833333333334,40762941.46227202,0,coinbase
1726531200,0.09489,0.096426,0.094019,0.09458,0.09500833333333332,54468537.74887985,0,coinbase
1726617600,0.094539,0.09607,0.092901,0.095995,0.09498866666666667,48700759.45216792,0,coinbase
1726704000,0.09601,0.097,0.09459,0.095995,0.09586166666666666,53818204.06735646,0,coinbase
1726790400,0.095995,0.097145,0.095242,0.096157,0.09618133333333333,36625474.81930878,0,coinbase
1726876800,0.096162,0.099168,0.095729,0.098013,0.09763666666666666,35417362.22846797,0,coinbase
1726963200,0.097989,0.098123,0.094806,0.09604,0.096323,35776520.33125946,0,coinbase
1727049600,0.096073,0.096798,0.094922,0.096298,0.096006,32714677.49875469,0,coinbase
1727136000,0.096312,0.096917,0.095,0.096824,0.09624700000000001,25127892.84829371,0,coinbase
1727222400,0.096849,0.097182,0.095652,0.09595,0.09626133333333332,40238372.47925162,0,coinbase
1727308800,0.09595,0.099542,0.094678,0.098028,0.097416,72991476.02452452,0,coinbase
1727395200,0.098,0.0995,0.097582,0.09946,0.09884733333333334,35911733.48536146,0,coinbase
1727481600,0.09946,0.101907,0.098328,0.09943,0.09988833333333334,91672412.28229849,0,coinbase
1727568000,0.099431,0.103871,0.098411,0.101777,0.10135300000000001,70618403.73155183,0,coinbase
1727654400,0.101818,0.10358,0.098248,0.098453,0.10009366666666668,95352409.5151524,0,coinbase
1727740800,0.098407,0.100838,0.092448,0.093857,0.09571433333333335,127985889.17629343,0,coinbase
1727827200,0.093773,0.095119,0.09,0.090486,0.09186833333333333,107498413.94227214,0,coinbase
1727913600,0.090445,0.09221,0.088148,0.090429,0.09026233333333333,91570637.3324467,0,coinbase
1728000000,0.090429,0.092061,0.089627,0.09186,0.09118266666666668,58829813.73882263,0,coinbase
1728086400,0.09186,0.09268,0.091035,0.092055,0.09192333333333334,31060261.99988071,0,coinbase
1728172800,0.092053,0.093249,0.091495,0.092372,0.09237200000000001,17501533.1402069,0,coinbase
1728259200,0.092328,0.093274,0.090713,0.09104,0.09167566666666667,48451872.80335134,0,coinbase
1728345600,0.091052,0.092244,0.089525,0.089981,0.09058333333333335,47163770.64539574,0,coinbase
1728432000,0.08998,0.090813,0.088759,0.089714,0.08976200000000001,36024546.89030269,0,coinbase
1728518400,0.089721,0.090327,0.08815,0.09011,0.08952900000000001,40059720.47045999,0,coinbase
1728604800,0.090116,0.0922,0.089771,0.091884,0.09128499999999999,44021367.15830799,0,coinbase
1728691200,0.091892,0.092483,0.0916,0.091905,0.09199600000000001,22880177.1243945,0,coinbase
1728777600,0.091906,0.091935,0.089627,0.090383,0.09064833333333333,33737804.94209492,0,coinbase
1728864000,0.090357,0.093718,0.089714,0.093434,0.09228866666666667,42623786.35359783,0,coinbase
1728950400,0.093467,0.094496,0.091089,0.092971,0.092852,80093519.97978857,0,coinbase
1729036800,0.092997,0.096384,0.092251,0.095534,0.094723,60082125.08053798,0,coinbase
1729123200,0.095701,0.096706,0.094054,0.094921,0.094985,2029648.47215477,755,kraken
1729209600,0.094965,0.096878,0.094394,0.096703,0.096096,3114069.478187,686,kraken
1729296000,0.096702,0.097538,0.095901,0.097172,0.096858,1404804.98797081,545,kraken
1729382400,0.096888,0.097265,0.096215,0.097255,0.09668,1204208.24472936,415,kraken
1729468800,0.097253,0.097448,0.095,0.095461,0.096228,2748748.17261999,675,kraken
1729555200,0.095377,0.097121,0.094904,0.095192,0.095692,2083878.89586594,631,kraken
1729641600,0.095343,0.095598,0.09265,0.09448,0.094074,3455995.12663846,737,kraken
1729728000,0.094422,0.096745,0.094309,0.096723,0.095633,1717276.95771441,584,kraken
1729814400,0.096684,0.09717,0.091102,0.093436,0.094796,3459487.74552529,877,kraken
1729900800,0.093218,0.094837,0.092768,0.094078,0.093892,1763143.90738244,473,kraken
1729987200,0.093946,0.094866,0.093393,0.09414,0.094189,1775855.30602356,428,kraken
1730073600,0.094249,0.09454,0.092787,0.094169,0.093497,1598073.5874468,499,kraken
1730160000,0.094244,0.096884,0.094244,0.096615,0.095716,2076561.16095905,735,kraken
1730246400,0.096695,0.096695,0.094524,0.094795,0.0956,1133018.36468153,573,kraken
1730332800,0.094908,0.094908,0.091833,0.092384,0.093227,1495593.09835353,600,kraken
1730419200,0.092262,0.093581,0.090788,0.093134,0.092604,2619778.07736381,724,kraken
1730505600,0.093079,0.093538,0.091616,0.092599,0.092575,1095131.52550164,378,kraken
1730592000,0.092643,0.092645,0.089344,0.090603,0.090521,1935678.77727579,628,kraken
1730678400,0.090582,0.092182,0.090102,0.091093,0.091186,2585946.88411805,829,kraken
1730764800,0.091078,0.093913,0.090758,0.093363,0.09227,1998671.89787998,686,kraken
1730851200,0.093476,0.097775,0.093476,0.097152,0.096402,3323723.57633538,1208,kraken
1730937600,0.097186,0.102357,0.096683,0.102159,0.100054,5492606.54207401,1577,kraken
1731024000,0.102288,0.1033,0.099922,0.101278,0.1017,2790008.13697247,1117,kraken
1731110400,0.101258,0.102393,0.099547,0.102313,0.101119,1834942.91081774,826,kraken
1731196800,0.10231,0.113316,0.101745,0.108483,0.107851,8748523.50058468,3110,kraken
1731283200,0.10828,0.114973,0.107542,0.114628,0.111025,10333857.13334419,2685,kraken
1731369600,0.114678,0.141477,0.111,0.134371,0.127233,25617132.8238444,7893,kraken
1731456000,0.134478,0.138387,0.120872,0.124429,0.128543,17254215.88205531,5197,kraken
1731542400,0.124341,0.140561,0.121852,0.131153,0.12945,14061011.62697155,5085,kraken
1731628800,0.131131,0.147956,0.128343,0.145833,0.138945,21208956.95494984,6799,kraken
1731715200,0.145765,0.2438,0.140837,0.221,0.191603,85055628.0144153,27368,kraken
1731801600,0.220989,0.228926,0.188708,0.19635,0.201734,37263982.59580998,13398,kraken
1731888000,0.19635,0.255555,0.196201,0.231792,0.23431,69087529.97496638,23467,kraken
1731974400,0.231978,0.244596,0.222472,0.231744,0.232398,27456526.24525234,12224,kraken
1732060800,0.232273,0.26993,0.227374,0.248362,0.248208,43594921.58279413,16724,kraken
1732147200,0.246788,0.264767,0.229961,0.262896,0.244963,45784505.74224068,15492,kraken
1732233600,0.262625,0.352654,0.262625,0.340286,0.303947,102076461.43299475,34577,kraken
1732320000,0.340146,0.549243,0.340146,0.522668,0.470903,153791789.36905023,61126,kraken
1732406400,0.521833,0.6374,0.43,0.536788,0.53911,160843219.43446544,65110,kraken
1732492800,0.536075,0.559406,0.472773,0.481349,0.512289,65323809.88043869,35349,kraken
1732579200,0.481322,0.513551,0.4,0.439267,0.450808,66074207.83367507,28844,kraken
1732665600,0.437579,0.531647,0.41756,0.4846,0.48548,60579602.27378927,33711,kraken
1732752000,0.484391,0.504998,0.463525,0.500271,0.48406,24887059.87545297,15343,kraken
1732838400,0.497879,0.561432,0.4867,0.548115,0.525047,55521094.1354319,26212,kraken
1732924800,0.548242,0.562267,0.521267,0.525711,0.534599,28340144.31746674,18447,kraken
1733011200,0.525816,0.579997,0.492635,0.560108,0.522521,37812784.91326633,21618,kraken
1733097600,0.560352,0.606027,0.475742,0.539013,0.55069,88409286.55220714,38645,kraken
1733184000,0.539217,0.6,0.481282,0.506585,0.535048,48403364.59876893,26266,kraken
1733270400,0.507341,0.522125,0.476551,0.489649,0.503672,25472863.56477696,15609,kraken
1733356800,0.490371,0.503942,0.46,0.471233,0.48433,20995906.15893098,14772,kraken
1733443200,0.471296,0.5,0.455223,0.496135,0.47828,14349549.31376665,13795,kraken
1733529600,0.49605,0.510862,0.480615,0.504456,0.495403,15128984.90115902,12472,kraken
1733616000,0.5044,0.5044,0.475639,0.493606,0.488698,10522099.86867167,7590,kraken
1733702400,0.493439,0.493439,0.35,0.410925,0.421019,29374833.73456549,14631,kraken
1733788800,0.410922,0.439667,0.362829,0.437075,0.398156,26863123.49698964,16902,kraken
1733875200,0.436295,0.446175,0.402519,0.435381,0.425429,11713426.70931174,11209,kraken
1733961600,0.435516,0.451688,0.418812,0.425273,0.435117,12367347.36763071,9198,kraken
1734048000,0.425274,0.452794,0.412366,0.437981,0.434385,9337735.2583176,6907,kraken
1734134400,0.436664,0.451389,0.411352,0.424332,0.429361,6327518.26374098,4176,kraken
1734220800,0.424412,0.435731,0.416595,0.430221,0.427553,4010814.87801278,3056,kraken
1734307200,0.430388,0.445552,0.406943,0.418868,0.426195,8928860.49929917,5655,kraken
1734393600,0.418888,0.471806,0.410501,0.428784,0.445028,14053302.30896864,8547,kraken
1734480000,0.428788,0.447336,0.388441,0.396134,0.418926,13053104.65986156,11046,kraken
1734566400,0.395876,0.414605,0.353,0.3689,0.383293,13060211.38277341,11337,kraken
1734652800,0.3693,0.38352,0.312058,0.375142,0.352554,14152225.21300811,12187,kraken
1734739200,0.375244,0.389865,0.351113,0.356232,0.36959,5916771.74378143,6290,kraken
1734825600,0.356018,0.371501,0.343056,0.356032,0.356132,3968810.46900357,2809,kraken
1734912000,0.356261,0.374542,0.346346,0.370813,0.358737,5021783.21577611,3438,kraken
1734998400,0.370749,0.413424,0.359843,0.402075,0.391177,7398126.99256172,5020,kraken
1735084800,0.402263,0.403489,0.37832,0.382608,0.388457,4247609.11398796,2586,kraken
1735171200,0.382741,0.386354,0.350512,0.354207,0.362984,5166872.02858907,3299,kraken
1735257600,0.354419,0.368409,0.344071,0.34919,0.353752,7041797.86238487,3344,kraken
1735344000,0.349204,0.359221,0.344562,0.355616,0.350003,2211551.62171352,2492,kraken
1735430400,0.355668,0.355872,0.334707,0.337526,0.343412,4710991.80512252,2401,kraken
1735516800,0.33762,0.347476,0.319739,0.332116,0.331367,8416625.4534673,3756,kraken
1735603200,0.331383,0.345447,0.323589,0.331759,0.333187,4388434.45966489,2438,kraken
1735689600,0.3321,0.442096,0.332083,0.423927,0.395582,35855161.48180659,12495,kraken
1735776000,0.42489,0.459143,0.412086,0.431706,0.434268,28529071.65382526,11970,kraken
1735862400,0.431629,0.459853,0.429879,0.448001,0.447801,19470442.21657978,11999,kraken
1735948800,0.448,0.485367,0.443343,0.450205,0.461899,18667482.86144874,11867,kraken
1736035200,0.45049,0.456211,0.432062,0.440596,0.442506,10675613.95818594,7023,kraken
1736121600,0.440596,0.463144,0.43279,0.44652,0.450704,11339023.68930989,8800,kraken
1736208000,0.44652,0.469322,0.414515,0.41786,0.439515,19719656.42531951,12012,kraken
1736294400,0.417869,0.438831,0.39,0.425575,0.420235,22382265.1894764,12219,kraken
1736380800,0.425689,0.429894,0.386989,0.391227,0.402446,20773138.97733197,8311,kraken
1736467200,0.391357,0.425487,0.387531,0.414697,0.408007,11861666.01735959,8532,kraken
1736553600,0.41449,0.458696,0.402822,0.44555,0.431241,12968342.15404327,9930,kraken
1736640000,0.445669,0.446221,0.419506,0.422292,0.431247,10754635.58723469,7166,kraken
1736726400,0.422137,0.43908,0.391573,0.419622,0.41255,15663111.76616818,9587,kraken
1736812800,0.41955,0.436345,0.415527,0.430296,0.424724,10708994.32344671,5889,kraken
1736899200,0.430292,0.496786,0.426763,0.487971,0.470494,39099387.78613446,20267,kraken
1736985600,0.48803,0.514825,0.464003,0.481546,0.491229,24366057.36045338,17483,kraken
1737072000,0.481579,0.499111,0.474712,0.487804,0.485153,18247029.41299009,10953,kraken
1737158400,0.487882,0.491717,0.451638,0.490159,0.472227,24351647.49802563,12399,kraken
1737244800,0.490479,0.495178,0.418,0.433136,0.460288,23955993.11079961,15317,kraken
1737331200,0.432831,0.478214,0.423608,0.446432,0.451735,34631723.60181708,18252,kraken
1737417600,0.446432,0.45457,0.427455,0.442117,0.442123,11383739.44387232,9418,kraken
1737504000,0.442354,0.445414,0.425904,0.427564,0.435856,6746316.0561625,5530,kraken
1737590400,0.428497,0.437388,0.412261,0.430786,0.426225,7852280.00156051,6454,kraken
1737676800,0.431093,0.448073,0.420004,0.430787,0.43645,8635957.51354409,6539,kraken
1737763200,0.430881,0.436774,0.412869,0.417046,0.423146,6861795.64652323,4856,kraken
1737849600,0.417047,0.426592,0.406062,0.406206,0.416462,11438353.67490522,5997,kraken
1737936000,0.406373,0.409843,0.363111,0.407373,0.392217,21590593.79400228,12861,kraken
1738022400,0.407432,0.420673,0.390262,0.392447,0.407647,7205051.44707565,7655,kraken
1738108800,0.392681,0.406248,0.381773,0.392802,0.39379,8733716.03775708,6308,kraken
1738195200,0.392772,0.443595,0.389328,0.428801,0.421943,9961156.66061193,8414,kraken
1738281600,0.428725,0.429906,0.4073,0.41402,0.419982,5614529.4460999,4533,kraken
1738368000,0.414122,0.420228,0.389039,0.392455,0.4058,7076514.08879236,4492,kraken
1738454400,0.392287,0.401269,0.335541,0.353973,0.368037,14333181.99267956,9272,kraken
1738540800,0.354034,0.372773,0.254619,0.370552,0.320212,34109733.79444465,16700,kraken
1738627200,0.370552,0.375394,0.333006,0.341648,0.351233,11400638.2956227,7666,kraken
1738713600,0.340962,0.348629,0.322418,0.327096,0.337625,5640822.23695568,4157,kraken
1738800000,0.327109,0.341,0.313411,0.318614,0.325174,4194085.26199401,4175,kraken
1738886400,0.318336,0.345,0.316663,0.326796,0.333094,5467667.4062602,5115,kraken
1738972800,0.326451,0.334283,0.321056,0.331749,0.329092,3696642.88269245,3169,kraken
1739059200,0.331743,0.338673,0.303,0.314217,0.321451,7949168.72194862,4448,kraken
1739145600,0.314205,0.322812,0.303312,0.313405,0.31387,5221106.09997414,4393,kraken
1739232000,0.313341,0.338762,0.312492,0.318129,0.32554,9060151.31227039,5846,kraken
1739318400,0.318122,0.336553,0.308297,0.333384,0.320687,7906474.1654911,4992,kraken
1739404800,0.333245,0.342986,0.322775,0.337241,0.3309,6825347.91128258,5291,kraken
1739491200,0.337174,0.362516,0.333982,0.350629,0.351133,9230642.43730444,7111,kraken
1739577600,0.351027,0.366073,0.345852,0.348792,0.354177,8999609.70068115,5205,kraken
1739664000,0.348198,0.352131,0.34,0.342393,0.345316,1681525.52126844,2627,kraken
1739750400,0.342716,0.348731,0.330824,0.333805,0.340143,4570495.05297667,3929,kraken
1739836800,0.333839,0.335059,0.315856,0.323257,0.323941,3835692.31039067,4640,kraken
1739923200,0.323193,0.342558,0.321117,0.341775,0.332714,3729828.7678173,3960,kraken
1740009600,0.34192,0.349521,0.335886,0.344853,0.343302,5441267.91169538,4068,kraken
1740096000,0.344725,0.347172,0.320442,0.325919,0.337498,6076041.06774816,4629,kraken
1740182400,0.325726,0.339954,0.324384,0.334516,0.331618,3072240.71711918,2765,kraken
1740268800,0.3345,0.3359,0.326809,0.333001,0.33128,2586249.20565591,2363,kraken
1740355200,0.333164,0.334755,0.294751,0.297687,0.313053,16870279.11569842,7903,kraken
1740441600,0.29773,0.303136,0.271,0.295343,0.289348,14096726.05832153,9633,kraken
1740528000,0.295342,0.2989,0.278,0.286079,0.290393,6614768.11665639,5356,kraken
1740614400,0.286165,0.292995,0.276789,0.283348,0.287289,7849525.25859447,4740,kraken
1740700800,0.283115,0.288283,0.25239,0.286454,0.270693,14522338.435975,6831,kraken
1740787200,0.286353,0.318473,0.283562,0.311313,0.301535,15584433.70994159,7071,kraken
1740873600,0.311371,0.375035,0.309472,0.350466,0.339472,34243604.98021675,14648,kraken
1740960000,0.350898,0.361744,0.289742,0.291906,0.329384,14803030.50034199,7577,kraken
1741046400,0.29228,0.300842,0.273426,0.294947,0.289006,11570575.31978854,6185,kraken
1741132800,0.294993,0.308893,0.290271,0.299475,0.298403,7502694.86611778,4534,kraken
1741219200,0.299637,0.309176,0.295194,0.296031,0.30138,6136345.03578254,4161,kraken
1741305600,0.296109,0.302908,0.28,0.283326,0.290422,9008256.27795156,5517,kraken
1741392000,0.283313,0.284878,0.272248,0.27567,0.277452,4846492.72120822,2889,kraken
1741478400,0.275703,0.279116,0.261233,0.262745,0.268115,10323265.82713565,4479,kraken
1741564800,0.263002,0.276103,0.239416,0.241666,0.25785,13130370.01529691,7180,kraken
1741651200,0.241789,0.261097,0.227094,0.255222,0.247924,19962192.21115364,6303,kraken
1741737600,0.255389,0.263392,0.246838,0.25962,0.255495,8422915.41706696,3717,kraken
1741824000,0.259471,0.294773,0.258623,0.273671,0.276646,14341643.30736861,6626,kraken
1741910400,0.273727,0.283383,0.271114,0.276135,0.276353,8403999.41520106,3788,kraken
1741996800,0.275593,0.284111,0.271803,0.274839,0.277054,4325617.3542206,2544,kraken
1742083200,0.274684,0.276139,0.261122,0.263355,0.268312,3945210.04426579,2039,kraken
1742169600,0.262595,0.277239,0.262391,0.27323,0.273042,2750141.67666229,2303,kraken
1742256000,0.272967,0.274857,0.262478,0.273378,0.268276,3652663.93441284,2302,kraken
1742342400,0.273327,0.297602,0.273327,0.290648,0.287183,17906367.09761854,6071,kraken
1742428800,0.290837,0.292595,0.277818,0.281102,0.28371,5981726.32808025,2709,kraken
1742515200,0.281294,0.287549,0.274274,0.276862,0.280039,3738647.14994545,2022,kraken
1742601600,0.276826,0.279758,0.273472,0.274106,0.276491,1920136.83295158,1528,kraken
1742688000,0.273972,0.283779,0.273266,0.28295,0.279629,2215241.22433481,1766,kraken
1742774400,0.283181,0.294856,0.278143,0.290394,0.288398,4212182.91682265,2828,kraken
1742860800,0.290663,0.295777,0.28611,0.293693,0.292045,3840613.42811673,2388,kraken
1742947200,0.293782,0.301978,0.28332,0.285505,0.290617,9207400.55936618,3605,kraken
1743033600,0.285578,0.294538,0.282173,0.28611,0.287598,4771822.07679874,2275,kraken
1743120000,0.286276,0.288915,0.269522,0.274498,0.274517,7515016.65567486,3286,kraken
1743206400,0.274542,0.276766,0.262,0.267229,0.267948,3642538.91858402,2414,kraken
1743292800,0.267229,0.272424,0.262872,0.266805,0.268471,3647452.38533821,1952,kraken
1743379200,0.266883,0.269958,0.258397,0.2639,0.264455,4804100.70904093,2629,kraken
1743465600,0.263651,0.279199,0.261876,0.272037,0.269268,6534045.06193309,2934,kraken
1743552000,0.272142,0.278105,0.254395,0.258088,0.268253,9104243.82847819,4484,kraken
1743638400,0.257992,0.266864,0.25,0.260796,0.256463,6271775.02819916,3451,kraken
1743724800,0.261015,0.264792,0.253344,0.259581,0.258606,6560940.29015592,3104,kraken
1743811200,0.259409,0.261273,0.248514,0.252533,0.253837,5118667.55081113,2474,kraken
1743897600,0.252332,0.254015,0.223144,0.225945,0.242527,6643090.56266942,4427,kraken
1743984000,0.226147,0.244347,0.200136,0.232107,0.222761,13304277.62048088,7332,kraken
1744070400,0.232109,0.241111,0.219527,0.221109,0.231094,6878059.09174418,4048,kraken
1744156800,0.220999,0.245798,0.213079,0.242114,0.232314,11668726.35267364,5400,kraken
1744243200,0.242098,0.242404,0.22439,0.230084,0.233017,6019185.65223228,3100,kraken
1744329600,0.230087,0.237761,0.229192,0.23379,0.234554,12863365.0010478,4091,kraken
1744416000,0.233717,0.255176,0.23282,0.246186,0.244966,11279944.29743686,3621,kraken
1744502400,0.246299,0.252313,0.234928,0.23813,0.244675,7440347.62138827,3400,kraken
1744588800,0.238025,0.247312,0.237153,0.23976,0.24131,4186605.33749799,2776,kraken
1744675200,0.239883,0.244959,0.235313,0.23568,0.239791,2913378.60906319,2375,kraken
1744761600,0.235748,0.239277,0.230557,0.235656,0.234929,5566813.5757367,2899,kraken
1744848000,0.236072,0.242099,0.234586,0.239422,0.23906,5726776.25370638,2137,kraken
1744934400,0.239422,0.244469,0.238145,0.24003,0.241422,3255714.90295107,1629,kraken
1745020800,0.239911,0.249373,0.239771,0.246195,0.245432,2304394.43180294,1798,kraken
1745107200,0.246207,0.247508,0.239145,0.243714,0.243697,2868539.19680507,1759,kraken
1745193600,0.243613,0.262446,0.243613,0.250115,0.25362,6659933.62383142,3503,kraken
1745280000,0.250127,0.267677,0.243947,0.265198,0.258096,11485059.88583799,3850,kraken
1745366400,0.265185,0.274952,0.263355,0.266421,0.26979,8786759.96269064,4062,kraken
1745452800,0.26647,0.283483,0.258885,0.280922,0.271341,7965503.61520653,4204,kraken
1745539200,0.281003,0.291463,0.2745,0.283929,0.281222,12561019.55285437,4615,kraken
1745625600,0.283795,0.297209,0.283795,0.290871,0.291157,4955536.78923746,3007,kraken
1745712000,0.290871,0.294255,0.280782,0.28444,0.287099,10893200.03004134,3806,kraken
1745798400,0.284347,0.294097,0.278576,0.282357,0.285449,6800738.23236024,3274,kraken
1745884800,0.28209,0.284859,0.275225,0.27807,0.279777,4205313.75136574,2370,kraken
1745971200,0.27807,0.281982,0.267396,0.27115,0.274638,5457344.03756404,2445,kraken
1746057600,0.271088,0.280333,0.27036,0.273765,0.276131,7291186.00373551,2500,kraken
1746144000,0.273701,0.279622,0.270952,0.274882,0.275578,3986564.34823345,2042,kraken
1746230400,0.274706,0.275632,0.267893,0.269252,0.271058,2751898.82670685,1420,kraken
1746316800,0.269264,0.273574,0.265052,0.265646,0.268445,1954068.74524693,1520,kraken
1746403200,0.26536,0.270014,0.25622,0.258354,0.261357,4950779.73076006,2219,kraken
1746489600,0.258239,0.263108,0.251957,0.262508,0.257527,3630431.33097709,1974,kraken
1746576000,0.262817,0.2644,0.256314,0.260069,0.260496,3418277.96056369,2097,kraken
1746662400,0.260459,0.291683,0.259007,0.29078,0.278437,16640913.16868267,4684,kraken
1746748800,0.29107,0.30664,0.289393,0.29548,0.297599,15374296.76569171,5307,kraken
1746835200,0.295313,0.321303,0.293557,0.321303,0.30598,11811996.0646008,4429,kraken
1746921600,0.321142,0.324701,0.301,0.305854,0.312377,8606523.55248739,4327,kraken
1747008000,0.306393,0.334511,0.305787,0.312612,0.318816,21431875.50876418,10052,kraken
1747094400,0.312611,0.318138,0.297513,0.314046,0.310041,15332894.79488804,8660,kraken
1747180800,0.314059,0.318364,0.301111,0.303831,0.310659,13986871.97362006,6691,kraken
1747267200,0.303689,0.30783,0.286574,0.29275,0.296107,15242460.98297539,7846,kraken
1747353600,0.29275,0.301003,0.289215,0.293133,0.296408,8431308.78398045,6389,kraken
1747440000,0.293152,0.294126,0.281787,0.286367,0.287355,5898780.47999915,3486,kraken
1747526400,0.286598,0.297824,0.281525,0.2926,0.290315,7232351.76600515,4018,kraken
1747612800,0.292732,0.293828,0.277,0.286675,0.283809,8729311.12847422,4472,kraken
1747699200,0.28673,0.289819,0.280078,0.287714,0.284398,4801798.70494837,3826,kraken
1747785600,0.287729,0.298029,0.28417,0.293493,0.289744,10927293.4053306,5315,kraken
1747872000,0.293317,0.304334,0.293222,0.304268,0.299599,9699100.23876154,4188,kraken
1747958400,0.304206,0.312215,0.284127,0.285022,0.297837,16713998.89696288,7731,kraken
1748044800,0.285214,0.29157,0.284079,0.286049,0.287789,2760926.26493142,3073,kraken
1748131200,0.286046,0.287931,0.277632,0.28754,0.282703,5465511.80371007,3958,kraken
1748217600,0.287863,0.290398,0.283206,0.285828,0.287195,5133480.95915452,3431,kraken
1748304000,0.285797,0.292765,0.281125,0.287306,0.28827,3754068.86516638,3523,kraken
1748390400,0.287177,0.28987,0.279305,0.285458,0.28467,3047689.96783871,3301,kraken
1748476800,0.28539,0.288587,0.278092,0.27891,0.282781,4654687.38178363,3946,kraken
1748563200,0.278881,0.279846,0.263841,0.265144,0.271533,14136557.19783543,6697,kraken
1748649600,0.265169,0.267767,0.259079,0.264252,0.263066,4065766.65605046,3610,kraken
1748736000,0.264239,0.268343,0.262068,0.267376,0.265552,3068108.59909909,2497,kraken
1748822400,0.26738,0.271996,0.263845,0.271929,0.267261,4264255.377443,2781,kraken
1748908800,0.27195,0.276238,0.270019,0.272909,0.273462,3852530.22749568,2763,kraken
1748995200,0.27291,0.275497,0.265618,0.266399,0.271744,3796577.50742301,2485,kraken
1749081600,0.26662,0.269104,0.25255,0.25711,0.260466,7110804.37364774,4486,kraken
1749168000,0.25711,0.26664,0.2561,0.26319,0.261725,2654099.05969809,2446,kraken
1749254400,0.26319,0.267785,0.2622,0.265041,0.265414,1308165.17564991,1499,kraken
1749340800,0.26502,0.274437,0.263414,0.267774,0.269266,2946124.66105042,2449,kraken
1749427200,0.267849,0.275167,0.264259,0.275006,0.26906,5420055.95173208,2662,kraken
1749513600,0.27506,0.281417,0.272367,0.280518,0.277261,5583723.97404609,3352,kraken
1749600000,0.280519,0.284782,0.276079,0.276835,0.280606,6250816.1892747,3619,kraken
1749686400,0.27682,0.278259,0.267165,0.267655,0.273547,4464831.33654629,3163,kraken
1749772800,0.267501,0.267501,0.253665,0.260847,0.259308,9242648.25600927,4945,kraken
1749859200,0.260847,0.261074,0.25324,0.256514,0.257164,2987988.11059697,1809,kraken
1749945600,0.256511,0.259949,0.25473,0.25885,0.257644,2017210.35757147,1547,kraken
1750032000,0.258763,0.27036,0.256332,0.26136,0.264057,7678344.22163166,3226,kraken
1750118400,0.261718,0.263873,0.250468,0.252186,0.255742,5360439.59234709,2859,kraken
1750204800,0.252125,0.254024,0.245842,0.25224,0.250216,3832773.77890284,1890,kraken
1750291200,0.25252,0.253137,0.247557,0.24977,0.250102,2831592.01150348,1414,kraken
1750377600,0.249771,0.25146,0.239847,0.242012,0.245402,4580232.31861195,2246,kraken
1750464000,0.242011,0.244814,0.23288,0.23759,0.23849,3814557.41347483,1862,kraken
1750550400,0.23759,0.238881,0.217,0.228917,0.226746,8241544.4963342,3969,kraken
1750636800,0.229004,0.246339,0.225465,0.246077,0.235159,6713781.6916037,2733,kraken
1750723200,0.246107,0.249772,0.243978,0.248769,0.246909,5595159.35244512,1883,kraken
1750809600,0.248921,0.249293,0.239861,0.241386,0.243426,4002836.5693269,1729,kraken
1750896000,0.241561,0.244269,0.23384,0.234219,0.238496,3629289.86282916,1703,kraken
1750982400,0.234293,0.238378,0.232766,0.237106,0.235177,2554197.09562402,1650,kraken
1751068800,0.237039,0.24017,0.236173,0.239065,0.238207,2047304.68861426,1320,kraken
1751155200,0.23902,0.242061,0.2349,0.24061,0.238259,3005721.40535297,1598,kraken
1751241600,0.240378,0.243036,0.233696,0.238247,0.237996,4722325.65808106,2037,kraken
1751328000,0.238415,0.23955,0.223014,0.225609,0.229316,5630951.48861784,2900,kraken
1751414400,0.22546,0.240433,0.224315,0.238159,0.235153,4891466.43091853,3041,kraken
1751500800,0.238364,0.247953,0.238018,0.242581,0.242654,5305344.15939788,3117,kraken
1751587200,0.242698,0.244832,0.235073,0.237712,0.23907,2018275.71811169,2262,kraken
1751673600,0.237726,0.238878,0.235065,0.238291,0.236938,1979228.32504052,1926,kraken
1751760000,0.238347,0.251923,0.236681,0.250323,0.245118,4422283.57111511,2480,kraken
1751846400,0.250627,0.257397,0.24657,0.248351,0.251749,9956121.89181326,4446,kraken
1751932800,0.248301,0.259844,0.246332,0.259604,0.254417,9649865.62219159,4406,kraken
1752019200,0.259623,0.297446,0.257221,0.288322,0.283156,32044457.77366423,11196,kraken
1752105600,0.288361,0.305944,0.285442,0.302992,0.295699,18929831.75018905,8295,kraken
1752192000,0.30311,0.4,0.29771,0.359738,0.356719,72033628.8919707,27838,kraken
1752278400,0.36032,0.418912,0.35127,0.392769,0.390843,63139355.03327021,27648,kraken
1752364800,0.39277,0.482276,0.387246,0.471115,0.446809,106634042.51405685,44341,kraken
1752451200,0.471115,0.51953,0.438045,0.463779,0.479093,98694421.43601169,34588,kraken
1752537600,0.463778,0.474493,0.429914,0.451723,0.451944,51427222.1798977,19383,kraken
1752624000,0.451562,0.480767,0.447859,0.453924,0.466002,42291548.62034313,18073,kraken
1752710400,0.453706,0.514112,0.445,0.49784,0.479006,54551254.58876606,24554,kraken
1752796800,0.49762,0.520586,0.450125,0.459205,0.488212,58182963.76011764,21427,kraken
1752883200,0.459201,0.468858,0.450848,0.461191,0.462129,18699222.10650274,7114,kraken
1752969600,0.461379,0.476935,0.455109,0.463051,0.469003,25302702.44455842,9116,kraken
1753056000,0.463051,0.494028,0.456393,0.473163,0.479272,33236407.02058071,11456,kraken
1753142400,0.473163,0.476594,0.44911,0.472538,0.464679,17455102.32053076,9159,kraken
1753228800,0.472539,0.474318,0.40871,0.428004,0.436555,34525568.84092842,12371,kraken
1753315200,0.428084,0.447724,0.401123,0.424117,0.427344,28647129.69141983,9805,kraken
1753401600,0.424896,0.43269,0.405119,0.431397,0.418056,24488276.56959766,8941,kraken
1753488000,0.43137,0.446448,0.428829,0.435433,0.4391,11072114.18294266,4766,kraken
1753574400,0.435444,0.459364,0.434293,0.444468,0.44359,12290227.55907065,5736,kraken
1753660800,0.44454,0.453492,0.415919,0.418673,0.431693,15392515.94936916,6538,kraken
1753747200,0.419123,0.434439,0.411932,0.421023,0.422981,16323146.69545942,6185,kraken
1753833600,0.421062,0.423793,0.392965,0.407622,0.410925,14217027.79730092,6469,kraken
1753920000,0.40765,0.451,0.400159,0.401018,0.417038,26995079.50890812,9441,kraken
1754006400,0.401014,0.401318,0.375,0.382102,0.391222,24691746.01002376,9274,kraken
1754092800,0.382102,0.390972,0.362251,0.367124,0.374015,19640511.02975326,6415,kraken
1754179200,0.367104,0.402877,0.361354,0.399335,0.390861,19151378.90839057,6356,kraken
1754265600,0.399413,0.419473,0.397518,0.413764,0.413576,17887349.26474549,6603,kraken
1754352000,0.413507,0.418623,0.391632,0.396242,0.402386,13827238.20521868,5297,kraken
1754438400,0.395894,0.402317,0.385032,0.400378,0.394527,11495370.16547475,4523,kraken
1754524800,0.400376,0.441032,0.396885,0.439672,0.41741,18286347.8834713,7383,kraken
1754611200,0.439615,0.468688,0.43686,0.449769,0.454082,31582978.03108173,13171,kraken
1754697600,0.449999,0.456937,0.445086,0.447,0.451607,13266361.09498617,5690,kraken
1754784000,0.446958,0.456696,0.433551,0.44457,0.444222,19105737.48251673,6734,kraken
1754870400,0.444595,0.460817,0.427846,0.43077,0.443965,19466698.01229678,7594,kraken
1754956800,0.43041,0.455692,0.430145,0.449288,0.442148,20336013.61045177,6894,kraken
1755043200,0.449267,0.46,0.44055,0.451826,0.451112,15521399.07590193,6457,kraken
1755129600,0.45203,0.471791,0.402761,0.42362,0.442977,32420253.294525,13339,kraken
1755216000,0.42362,0.433,0.412065,0.430709,0.425474,13035975.67979971,6481,kraken
1755302400,0.430617,0.432989,0.423022,0.426857,0.427892,4919799.85993761,3121,kraken
1755388800,0.426852,0.434225,0.424141,0.42472,0.429526,4440006.00545521,3090,kraken
1755475200,0.424791,0.4252,0.403493,0.414549,0.413896,13928048.47968572,7032,kraken
1755561600,0.41461,0.418262,0.39,0.390598,0.40487,11712375.52974284,6295,kraken
1755648000,0.390599,0.408468,0.38763,0.40424,0.398928,9699339.9862502,6097,kraken
1755734400,0.40424,0.407162,0.389582,0.391049,0.397948,5936776.82866021,4253,kraken
1755820800,0.39105,0.428696,0.380842,0.424563,0.406207,12312052.10345659,7862,kraken
1755907200,0.424733,0.424799,0.409517,0.416352,0.414507,5499737.283842,3248,kraken
1755993600,0.416543,0.423941,0.402588,0.407594,0.412608,6993171.50705596,4964,kraken
1756080000,0.407709,0.410373,0.377667,0.384558,0.392268,6473018.09027501,5454,kraken
1756166400,0.38429,0.399829,0.382929,0.394701,0.390447,4466195.3336379,4450,kraken
1756252800,0.394889,0.394889,0.377889,0.378754,0.38617,8193668.39748853,4867,kraken
1756339200,0.378977,0.38708,0.374251,0.382049,0.380919,4700322.65820423,3730,kraken
1756425600,0.382049,0.38243,0.355,0.361549,0.362453,9392518.19372277,6482,kraken
1756512000,0.361551,0.362656,0.352061,0.360052,0.357142,6063844.46283296,4062,kraken
1756598400,0.360053,0.364876,0.352247,0.352671,0.359091,5031146.35845063,3271,kraken
1756684800,0.352671,0.363735,0.344505,0.3571,0.353972,11147982.99563684,5511,kraken
1756771200,0.3571,0.36802,0.354001,0.36802,0.361642,9441922.20651073,5918,kraken
1756857600,0.368019,0.368996,0.360655,0.362292,0.365689,6262905.9872904,3657,kraken
1756944000,0.362292,0.363486,0.351001,0.351961,0.355862,4794096.13082941,3512,kraken
1757030400,0.352071,0.367596,0.351,0.359536,0.357997,11180815.33989449,4807,kraken
1757116800,0.359556,0.361274,0.35305,0.356001,0.356987,3307606.25247948,2585,kraken
1757203200,0.355971,0.365257,0.352889,0.361375,0.36091,29666318.18144362,5344,kraken
1757289600,0.361515,0.384744,0.358276,0.377594,0.374808,11277788.82091208,5844,kraken
1757376000,0.377594,0.386517,0.37057,0.372064,0.377912,7796603.70458302,5465,kraken
1757462400,0.372204,0.385721,0.37003,0.38327,0.380434,5269515.27753087,3895,kraken
1757548800,0.38327,0.396379,0.38327,0.39564,0.389524,9050736.80816482,6128,kraken
1757635200,0.39608,0.405488,0.390181,0.404829,0.396369,6934676.29048861,6133,kraken
1757721600,0.40483,0.414261,0.40019,0.405419,0.407104,7254123.11858697,6313,kraken
1757808000,0.405419,0.405488,0.384261,0.389817,0.394084,7507920.78750825,5474,kraken
1757894400,0.389739,0.394661,0.374016,0.380979,0.381155,7059939.06148914,5784,kraken
1757980800,0.380908,0.391539,0.374968,0.384095,0.385276,6566196.2089871,5236,kraken
1758067200,0.384096,0.39876,0.37927,0.395515,0.388026,6583843.6691762,5846,kraken
1758153600,0.395565,0.404734,0.392581,0.396221,0.399605,6722567.46523722,5633,kraken
1758240000,0.39621,0.39954,0.38585,0.388019,0.3905,4169632.9120593,4636,kraken
1758326400,0.38802,0.393623,0.38515,0.38647,0.389181,2481462.93407778,3250,kraken
1758412800,0.386401,0.390628,0.379408,0.380119,0.385178,5294664.06769044,3935,kraken
1758499200,0.38012,0.380401,0.344436,0.368667,0.362386,7657251.31168973,9645,kraken
1758585600,0.368637,0.37478,0.361642,0.36463,0.369043,4593999.1121693,5226,kraken
1758672000,0.36463,0.38123,0.357574,0.374561,0.371426,3941797.1683809,4674,kraken
1758758400,0.374688,0.376933,0.347,0.35045,0.358656,6489843.29243626,6638,kraken
1758844800,0.350521,0.36419,0.346325,0.362485,0.355139,7432395.22488709,6059,kraken
1758931200,0.361921,0.363334,0.356543,0.36091,0.360392,3324379.11963316,3573,kraken
1759017600,0.360909,0.369049,0.352169,0.36746,0.35992,3558723.77963639,3428,kraken
1759104000,0.36746,0.37683,0.363271,0.37124,0.370211,4406415.33594218,4527,kraken
1759190400,0.371413,0.373411,0.35782,0.364037,0.36451,4670731.60473519,4422,kraken
1759276800,0.364009,0.398374,0.361863,0.398374,0.387058,10375998.23423612,6744,kraken
1759363200,0.398374,0.414038,0.394737,0.40831,0.403351,13915836.873966,8183,kraken
1759449600,0.408823,0.413742,0.399229,0.406269,0.405182,7555685.0228154,5918,kraken
1759536000,0.40627,0.407954,0.38823,0.394159,0.394677,5929457.28366701,3432,kraken
1759622400,0.394159,0.408864,0.39206,0.396192,0.398512,8634778.26869829,4909,kraken
1759708800,0.3962,0.413305,0.393953,0.408828,0.406392,11496161.66095268,5758,kraken
1759795200,0.408611,0.4102,0.38302,0.38396,0.394698,8421878.38725933,5986,kraken
1759881600,0.383822,0.391959,0.378031,0.38835,0.383349,7157294.0858719,4655,kraken
1759968000,0.38835,0.38835,0.371247,0.379567,0.377369,6805495.8971133,5348,kraken
1760054400,0.379519,0.385721,0.225,0.322731,0.327371,35600132.43994763,23038,kraken
1760140800,0.322731,0.33976,0.309153,0.323,0.325297,18112054.44072428,11986,kraken
1760227200,0.323001,0.35025,0.313759,0.342159,0.335596,12324703.76042295,8084,kraken
1760313600,0.341947,0.354821,0.336188,0.351491,0.34597,8656434.22561748,8175,kraken
1760400000,0.351491,0.352986,0.31938,0.337272,0.332013,8780029.95438332,7533,kraken
1760486400,0.337315,0.342305,0.320116,0.324696,0.329655,7968584.1986234,5593,kraken
1760572800,0.32481,0.33204,0.307693,0.312139,0.321354,11328885.91942124,6703,kraken
1760659200,0.312055,0.317668,0.289666,0.30835,0.301643,14454763.89293924,8473,kraken
1760745600,0.30835,0.319744,0.308199,0.314498,0.314767,6708283.70984455,3955,kraken
1760832000,0.314499,0.324371,0.307438,0.317914,0.316287,6617087.00342309,3912,kraken
1760918400,0.31792,0.332985,0.313457,0.324559,0.324129,6391282.80629315,4569,kraken
1761004800,0.32447,0.33276,0.3139,0.314177,0.32171,9786126.46866347,5760,kraken
1761091200,0.314101,0.314978,0.302289,0.308349,0.310229,10276860.57777974,5372,kraken
1761177600,0.308349,0.317116,0.308139,0.31144,0.313989,10179654.38428729,4341,kraken
1761264000,0.31144,0.326311,0.310268,0.319433,0.31686,9491265.28140391,4623,kraken
1761350400,0.31945,0.330411,0.31804,0.32488,0.324518,7233527.68624381,4022,kraken
1761436800,0.32488,0.332832,0.322666,0.33036,0.327963,5676850.64375581,3874,kraken
1761523200,0.330073,0.334832,0.321339,0.322807,0.327347,10044429.40718685,5304,kraken
1761609600,0.322663,0.337704,0.314071,0.318388,0.327708,7148516.94091844,5906,kraken
1761696000,0.318054,0.32464,0.310742,0.316003,0.319309,7687028.31846931,5775,kraken
1761782400,0.31595,0.3185,0.290404,0.298472,0.301327,7117331.60819683,5647,kraken
1761868800,0.298439,0.312359,0.298007,0.304901,0.305443,7064902.57836107,5164,kraken
1761955200,0.304901,0.307108,0.30155,0.305,0.304085,1818125.02249667,1957,kraken
1762041600,0.305,0.30749,0.299559,0.305061,0.3034,2551862.21397558,2712,kraken
1762128000,0.304599,0.305491,0.27291,0.278178,0.284968,9168496.72673638,7811,kraken
1762214400,0.278241,0.2841,0.255,0.269559,0.267943,14530028.79326616,11590,kraken
1762300800,0.26908,0.281998,0.257546,0.280213,0.277148,17450425.21605794,7757,kraken
1762387200,0.28,0.281599,0.2647,0.269621,0.271088,15126127.48973149,7989,kraken
1762473600,0.269414,0.293081,0.265623,0.291621,0.277888,10012932.35608433,8416,kraken
1762560000,0.29157,0.295468,0.278411,0.283271,0.285006,4187659.9852906,4360,kraken
1762646400,0.2831,0.287817,0.272639,0.285888,0.280896,7998850.94538607,6328,kraken
1762732800,0.28589,0.311494,0.28405,0.300379,0.299733,12799106.28799298,9133,kraken
1762819200,0.30038,0.30507,0.279732,0.281489,0.292258,5735640.30724192,5365,kraken
1762905600,0.281704,0.294949,0.273969,0.277655,0.281346,4244955.26781308,4543,kraken
1762992000,0.277656,0.299593,0.262603,0.268502,0.278665,10349732.53334942,8047,kraken
1763078400,0.268433,0.27048,0.256457,0.259257,0.264655,12765807.90082419,7396,kraken
1763164800,0.259259,0.267151,0.257563,0.25939,0.262991,4258344.27439521,4015,kraken
1763251200,0.259329,0.262728,0.249068,0.253838,0.254326,4257767.21802523,5324,kraken
1763337600,0.253841,0.261906,0.244062,0.246876,0.249673,5929767.35431281,5736,kraken
1763424000,0.246932,0.260054,0.242235,0.25579,0.251977,10381112.95578937,6153,kraken
1763510400,0.255708,0.256414,0.235264,0.246277,0.245899,18526132.82388688,6722,kraken
1763596800,0.24634,0.254047,0.2338,0.236707,0.242762,8353406.41921345,5233,kraken
1763683200,0.236639,0.240155,0.216827,0.231821,0.228575,20177121.8641682,9653,kraken
1763769600,0.231672,0.232793,0.225795,0.230125,0.2291,4514130.57064772,4586,kraken
1763856000,0.230039,0.253125,0.229171,0.247684,0.240343,7502332.45267995,5049,kraken
1763942400,0.247248,0.259986,0.235195,0.254811,0.250593,13264921.73032826,6654,kraken
1764028800,0.254831,0.256057,0.241347,0.252076,0.250917,9691441.48479213,5262,kraken
1764115200,0.252162,0.262079,0.248098,0.258803,0.25537,7760711.19255509,5193,kraken
1764201600,0.258405,0.259321,0.250894,0.255706,0.255855,9884907.43691647,4547,kraken
1764288000,0.255729,0.263086,0.250992,0.253466,0.257541,8763451.63070599,5233,kraken
1764374400,0.25349,0.257774,0.25,0.254197,0.254359,2314736.94268661,2987,kraken
1764460800,0.254116,0.255906,0.247878,0.247946,0.251959,3675632.62164509,3152,kraken
1764547200,0.247844,0.248873,0.226847,0.234005,0.235708,9102624.67780066,6265,kraken
1764633600,0.234005,0.257813,0.230206,0.254537,0.247393,7142577.73128497,4854,kraken
1764720000,0.254872,0.262728,0.25124,0.257963,0.257058,12981775.50157632,6116,kraken
1764806400,0.258074,0.258937,0.248514,0.251943,0.253525,8200137.09100041,4111,kraken
1764892800,0.252139,0.254269,0.238733,0.239992,0.248002,9532128.23642294,4811,kraken
1764979200,0.239991,0.242728,0.237851,0.239628,0.24077,2919115.3812299,3240,kraken
1765065600,0.239622,0.244919,0.23181,0.237174,0.239228,3944724.11567755,3526,kraken
1765152000,0.237189,0.246665,0.236924,0.240972,0.242982,3470651.45726086,3523,kraken
1765238400,0.240839,0.258247,0.237447,0.253232,0.248473,4399723.04153041,4224,kraken
1765324800,0.253378,0.26,0.248888,0.250136,0.252927,8066343.53110734,5120,kraken
1765411200,0.250022,0.250506,0.239272,0.245801,0.242368,5220670.67575127,4119,kraken
1765497600,0.245981,0.248071,0.233033,0.238614,0.240233,6427613.01576057,4556,kraken
1765584000,0.238697,0.240813,0.236536,0.237821,0.238587,2273639.52675734,2278,kraken
1765670400,0.237771,0.238355,0.227177,0.22922,0.232907,2985182.00078092,2824,kraken
1765756800,0.229231,0.23496,0.215315,0.220574,0.223801,10266834.63304713,5443,kraken
1765843200,0.220437,0.224184,0.214784,0.219595,0.219405,5875172.67695136,3897,kraken
1765929600,0.219518,0.224971,0.209092,0.210672,0.21539,8528224.10870983,4838,kraken
1766016000,0.210665,0.218735,0.202809,0.206894,0.209948,6971627.62299785,4557,kraken
1766102400,0.206937,0.221537,0.204336,0.219258,0.217253,7012620.43658781,4393,kraken
1766188800,0.219277,0.223338,0.217648,0.218188,0.219623,3017844.34284919,2203,kraken
1766275200,0.218061,0.219567,0.212157,0.216508,0.215917,1643147.04715793,1930,kraken
1766361600,0.216495,0.22615,0.214689,0.220374,0.221865,5177021.49839398,3093,kraken
1766448000,0.220462,0.221353,0.212974,0.217033,0.21684,5075637.43699856,2895,kraken
1766534400,0.217147,0.218099,0.211223,0.212109,0.213617,4316866.99917519,2423,kraken
1766620800,0.212012,0.216657,0.208439,0.209933,0.213379,2781175.9898245,2168,kraken
1766707200,0.209889,0.21701,0.208115,0.213335,0.213233,6412298.9168606,2927,kraken
1766793600,0.213359,0.221251,0.211904,0.220748,0.215157,11870227.07925978,3129,kraken
1766880000,0.220744,0.224681,0.218059,0.220064,0.221531,3467972.58329473,2485,kraken
1766966400,0.220185,0.227357,0.2153,0.215909,0.221809,5831988.23669403,3725,kraken
1767052800,0.215807,0.215941,0.209788,0.21047,0.212905,8764564.62256128,3603,kraken
1767139200,0.210351,0.211317,0.197463,0.200517,0.202594,17142070.65564314,5896,kraken
1767225600,0.200517,0.209905,0.200517,0.208356,0.205403,5789548.5002282,3310,kraken
1767312000,0.208356,0.220501,0.205294,0.219115,0.212973,8574696.76679876,4463,kraken
1767398400,0.219462,0.227553,0.21696,0.222185,0.221973,3831019.52447029,3260,kraken
1767484800,0.222096,0.235572,0.221742,0.233037,0.231536,8266226.36417937,5114,kraken
1767571200,0.233047,0.253961,0.229722,0.25321,0.240467,17598868.36185968,8542,kraken
1767657600,0.252623,0.2555,0.233816,0.243757,0.243236,14544312.97447745,7879,kraken
1767744000,0.243585,0.24366,0.231822,0.233959,0.237049,7907410.72334263,4292,kraken
1767830400,0.233829,0.235806,0.225449,0.230104,0.230027,5037067.29014304,4226,kraken
1767916800,0.230091,0.233081,0.225347,0.228023,0.229662,5168778.97008631,3823,kraken
1768003200,0.228011,0.228798,0.225021,0.226083,0.226767,2045529.47376182,1916,kraken
1768089600,0.225994,0.228838,0.221332,0.224113,0.225249,3026023.91754794,2855,kraken
1768176000,0.223919,0.22853,0.216036,0.219094,0.221485,5326819.79334889,3865,kraken
1768262400,0.219035,0.241254,0.218809,0.238461,0.229388,6797153.74924908,4099,kraken
1768348800,0.238656,0.246855,0.235,0.236098,0.24035,11433144.61976572,5384,kraken
1768435200,0.236111,0.236425,0.224789,0.228366,0.230648,6435068.0309013,4121,kraken
1768521600,0.228211,0.229417,0.22009,0.225972,0.225207,5297051.23684254,3579,kraken
1768608000,0.22599,0.238963,0.224614,0.230612,0.23151,6702413.64583995,3494,kraken
1768694400,0.230818,0.232635,0.217519,0.21796,0.225973,3401713.02792146,2494,kraken
1768780800,0.217998,0.219906,0.203,0.215615,0.213685,9749896.89219086,5815,kraken
1768867200,0.215676,0.216629,0.205033,0.206841,0.211288,5192040.55250394,3847,kraken
1768953600,0.20726,0.217314,0.205201,0.212401,0.21272,12874194.38547649,5325,kraken
1769040000,0.212289,0.216951,0.209438,0.211296,0.213038,4012352.04644374,2961,kraken
1769126400,0.211344,0.218649,0.208403,0.2121,0.213221,5578394.57815163,3119,kraken
1769212800,0.21196,0.212896,0.210003,0.211177,0.211273,1585363.69117406,1550,kraken
1769299200,0.211177,0.211486,0.200375,0.203051,0.205386,8542983.22774533,3924,kraken
1769385600,0.203168,0.211638,0.202865,0.207095,0.207392,4576384.58158921,2653,kraken
1769472000,0.207,0.209567,0.203085,0.208226,0.206715,6557964.12548362,2745,kraken
1769558400,0.208391,0.211697,0.206595,0.210113,0.209386,6400576.29611822,2888,kraken
1769644800,0.210061,0.210061,0.194718,0.198351,0.201091,7365119.56928752,4144,kraken
1769731200,0.198339,0.199481,0.188279,0.191526,0.193227,16199054.79121126,6961,kraken
1769817600,0.19153,0.192144,0.165589,0.180916,0.177756,21829928.77054133,10996,kraken
1769904000,0.180881,0.182276,0.171088,0.17468,0.176556,9922861.85867283,6819,kraken
1769990400,0.1749,0.183416,0.168332,0.17852,0.178316,18067532.80093942,7496,kraken
1770076800,0.17852,0.18168,0.167755,0.175397,0.176135,16476807.07294613,6994,kraken
1770163200,0.17541,0.178201,0.166936,0.17086,0.172049,8746957.44784892,5701,kraken
1770249600,0.170961,0.171089,0.14328,0.146866,0.156368,29369750.96065931,13017,kraken
1770336000,0.146884,0.1818,0.13611,0.16409,0.159329,40355907.80014389,14801,kraken
1770422400,0.163576,0.164849,0.156158,0.16182,0.161716,11239163.14565474,5589,kraken
1770508800,0.161685,0.164877,0.158977,0.161931,0.161372,9491741.44737005,3945,kraken
1770595200,0.161479,0.163824,0.156284,0.15952,0.160199,9068176.89209027,4507,kraken
1770681600,0.15953,0.160827,0.154899,0.15842,0.157569,5241555.11226691,3839,kraken
1770768000,0.15842,0.15892,0.150683,0.154638,0.154112,9999373.62655657,4797,kraken
1770854400,0.15464,0.16352,0.15388,0.156179,0.157753,7732065.00012756,5240,kraken
1770940800,0.1562,0.166552,0.154399,0.16452,0.160535,6911516.34679327,4596,kraken
1771027200,0.16452,0.176708,0.164439,0.174385,0.169471,11709979.6731919,4903,kraken
1771113600,0.17439,0.185365,0.167458,0.170288,0.175812,16399233.13092397,6760,kraken
1771200000,0.170123,0.17231,0.16593,0.169669,0.169162,4029234.52645688,3819,kraken
1771286400,0.169398,0.170309,0.164338,0.165578,0.166439,9861148.14122606,4346,kraken
1771372800,0.16558,0.16926,0.160733,0.161259,0.16434,12270260.59732627,4320,kraken
1771459200,0.161101,0.162116,0.157296,0.15893,0.159582,20006507.59508591,5649,kraken
1771545600,0.158923,0.165035,0.157471,0.162627,0.161427,4500310.39400003,3701,kraken
1771632000,0.16263,0.164337,0.161017,0.161023,0.162527,2722459.19744694,2369,kraken
1771718400,0.160794,0.16099,0.15381,0.154925,0.156137,12866156.45064827,4415,kraken
1771804800,0.15495,0.157326,0.149337,0.151289,0.15102,10863263.34038373,4998,kraken
1771891200,0.15129,0.15245,0.147515,0.149616,0.150253,13612165.91166686,4334,kraken
1771977600,0.14962,0.169249,0.14943,0.16261,0.161334,10033427.54927827,5568,kraken
1772064000,0.162587,0.165417,0.158531,0.16207,0.161882,6855991.46754179,4345,kraken
1772150400,0.162217,0.166705,0.15627,0.158837,0.160476,7942152.11164686,4569,kraken
1772236800,0.158457,0.160224,0.147975,0.159051,0.15377,9694507.28162746,5662,kraken
1772323200,0.15906,0.164595,0.151862,0.154157,0.157467,8208238.29148134,4705,kraken
1772409600,0.15416,0.162031,0.151909,0.1556,0.156176,8041097.87467742,4698,kraken
1772496000,0.155519,0.155519,0.148712,0.151502,0.15174,7031763.08992626,3760,kraken
1772582400,0.15151,0.165787,0.149905,0.159687,0.1576,11402547.06327639,4894,kraken
1772668800,0.159685,0.161211,0.15408,0.1567,0.157702,4652321.56007736,3262,kraken
1772755200,0.1567,0.16044,0.15,0.15223,0.15536,6583155.85886261,4222,kraken
1772841600,0.152259,0.1535,0.149171,0.150418,0.151056,2317588.16943969,2287,kraken
1772928000,0.15043,0.152476,0.146957,0.14818,0.149256,5600591.3200522,3732,kraken
1773014400,0.148104,0.15395,0.148104,0.15074,0.151092,4908160.58637934,3999,kraken
1773100800,0.15074,0.167738,0.15066,0.158578,0.160931,10447475.17962684,6069,kraken
1773187200,0.15858,0.162279,0.15562,0.15917,0.159073,6203046.88413663,3346,kraken
1773273600,0.15937,0.160961,0.156512,0.160004,0.15935,5416885.07081549,4460,kraken
1773360000,0.160008,0.168271,0.159605,0.164098,0.164014,7116066.27489884,6508,kraken
1773446400,0.164032,0.166697,0.16238,0.16657,0.164118,3405865.83312237,2900,kraken
1773532800,0.166569,0.171274,0.165473,0.16924,0.167968,5560594.83671853,3464,kraken
1773619200,0.16924,0.177051,0.166997,0.17601,0.173039,9123272.22236798,5230,kraken
1773705600,0.175998,0.181907,0.172236,0.17368,0.175824,8563780.54209875,5039,kraken
1773792000,0.17368,0.177462,0.165335,0.17007,0.170011,10937033.34093432,4804,kraken
1773878400,0.169958,0.170718,0.163358,0.165417,0.16614,8610475.46989119,4146,kraken
1773964800,0.165414,0.168883,0.16333,0.16539,0.165434,7356468.54940894,3661,kraken
1774051200,0.16539,0.16671,0.161512,0.162288,0.165299,7069882.95127273,2922,kraken
1774137600,0.162092,0.16358,0.154634,0.155829,0.15848,15950081.01734392,5013,kraken
1774224000,0.15583,0.16738,0.155408,0.166979,0.162399,10387816.81634856,4909,kraken
1774310400,0.166858,0.175165,0.163784,0.17364,0.16768,6341164.24206916,3639,kraken
1774396800,0.173872,0.182241,0.173678,0.17742,0.177755,14374297.16245802,5031,kraken
1774483200,0.17742,0.178491,0.171188,0.173732,0.173683,4039608.0274179,2748,kraken
1774569600,0.173669,0.175295,0.166701,0.167295,0.169684,6113588.36630921,3776,kraken
1774656000,0.167154,0.171886,0.164343,0.16789,0.168394,4248011.58781772,2482,kraken
1774742400,0.167864,0.169146,0.16105,0.164397,0.166495,3805040.60335546,2362,kraken
1774828800,0.16441,0.173664,0.164228,0.167229,0.170176,6074637.68420189,3044,kraken
1774915200,0.167249,0.1706,0.163498,0.16728,0.166512,3552125.52860122,2807,kraken
1775001600,0.167078,0.174761,0.166988,0.16916,0.171287,3809085.89487561,3004,kraken
1775088000,0.169355,0.170871,0.160129,0.162994,0.163943,5089479.48749191,3551,kraken
1775174400,0.163,0.166456,0.161968,0.16292,0.163932,3931977.52460773,2772,kraken
1775260800,0.162918,0.163319,0.160614,0.161851,0.161704,6376864.78246509,4035,kraken
1775347200,0.16191,0.16267,0.157444,0.16265,0.159367,3976163.70997063,3417,kraken
1775433600,0.16265,0.164106,0.155242,0.15578,0.16037,8728320.77338379,6051,kraken
1775520000,0.15578,0.164614,0.153519,0.1635,0.1566,14366703.41775251,4895,kraken
1775606400,0.163514,0.165112,0.157575,0.157799,0.16286,12884656.22854562,4175,kraken
1775692800,0.157752,0.158715,0.152611,0.15463,0.155922,14163539.8668384,5042,kraken
1775779200,0.154844,0.157252,0.153001,0.15545,0.15527,6658850.06424406,3784,kraken
1775865600,0.155509,0.157151,0.153285,0.153829,0.154896,3744745.25924621,2832,kraken
1775952000,0.153839,0.154284,0.15028,0.150502,0.151632,6659491.63454767,3503,kraken
1776038400,0.150501,0.156391,0.15,0.156391,0.152277,6057922.10137477,3378,kraken
1776124800,0.156403,0.158647,0.154009,0.154819,0.156007,6094910.83050368,3857,kraken
1776211200,0.154819,0.158823,0.15446,0.15775,0.156724,8112590.12956263,3779,kraken
1776297600,0.157889,0.169531,0.157466,0.169308,0.162288,15252945.41555456,6199,kraken
1776384000,0.169288,0.17721,0.164498,0.174275,0.172391,11704677.04154234,6152,kraken
1776470400,0.17428,0.176125,0.167747,0.17044,0.171737,11478539.16283835,4981,kraken
1776556800,0.17044,0.17248,0.166148,0.16666,0.169912,4828674.02532725,3503,kraken
1776643200,0.16666,0.175222,0.166578,0.17364,0.171107,9052574.03925987,4713,kraken
1776729600,0.17394,0.184702,0.17301,0.179119,0.178508,11776790.69813788,7585,kraken
1776816000,0.17912,0.182471,0.176619,0.17663,0.179795,10238137.58208318,5706,kraken
1776902400,0.17663,0.17933,0.174267,0.17524,0.176729,8465794.4903125,5283,kraken
1776988800,0.17545,0.176801,0.172329,0.17301,0.174499,10838162.59353834,5941,kraken
1777075200,0.172963,0.17472,0.169618,0.16977,0.17174,8087629.17054305,3554,kraken
1777161600,0.169695,0.172577,0.168171,0.17082,0.170523,6899392.72844813,3774,kraken
1777248000,0.17086,0.173478,0.164338,0.166098,0.167134,11801995.20025293,5514,kraken
1777334400,0.166028,0.166066,0.161092,0.16179,0.162958,12250698.8046178,5191,kraken
1777420800,0.161766,0.164635,0.158167,0.159456,0.161786,15293938.89214886,5920,kraken
1777507200,0.159432,0.160915,0.157637,0.15828,0.159224,9930335.68298554,4377,kraken
1777593600,0.158274,0.162497,0.158091,0.159419,0.16032,11864243.67208346,4283,kraken
1777680000,0.15942,0.16096,0.15883,0.159877,0.159905,5352404.02612644,2741,kraken
1777766400,0.159877,0.160076,0.157843,0.157843,0.158889,6254221.24593799,2766,kraken
1777852800,0.157839,0.161485,0.156557,0.157479,0.158409,19476382.03960972,5083,kraken
1777939200,0.157492,0.161205,0.157336,0.159856,0.159289,20450435.2117756,4677,kraken
1778025600,0.159825,0.166,0.159806,0.161604,0.162663,29073898.76165062,6132,kraken
1778112000,0.161696,0.16258,0.157632,0.158192,0.159673,4711790.62324954,2655,kraken
1778198400,0.1582,0.165584,0.1575,0.163456,0.161256,21498650.51576813,4790,kraken
1778284800,0.163459,0.1678,0.161562,0.162548,0.164639,18570860.23932748,4463,kraken
1778371200,0.162341,0.173731,0.160888,0.169456,0.167259,28035524.59088716,6960,kraken
1778457600,0.169622,0.171071,0.164606,0.168522,0.168438,8713772.65944483,5072,kraken
1778544000,0.168515,0.168835,0.161247,0.162345,0.164642,24528487.13448474,7501,kraken
1778630400,0.162346,0.165765,0.157724,0.158889,0.161537,23976403.27314664,8709,kraken
1778716800,0.158889,0.168589,0.157951,0.162215,0.16194,27554814.6494708,9684,kraken
1778803200,0.162215,0.163598,0.153525,0.154647,0.157508,28270586.58818167,7117,kraken
1778889600,0.15444,0.155518,0.150218,0.151702,0.152523,15750227.54435095,4187,kraken
1778976000,0.151717,0.152789,0.145886,0.149351,0.150355,24401456.89563322,5653,kraken
1779062400,0.149337,0.150491,0.144636,0.147132,0.147305,22822227.4563535,5566,kraken
1779148800,0.147239,0.148247,0.142715,0.14338,0.145557,20468606.50413241,5049,kraken
1779235200,0.14338,0.144865,0.14197,0.143684,0.143299,21323348.83871376,5024,kraken
1779321600,0.143684,0.148783,0.143,0.146524,0.145723,7919201.62863245,3423,kraken
1779408000,0.146595,0.150498,0.143031,0.143404,0.146495,9340908.69868221,4171,kraken
1779494400,0.143032,0.149531,0.14,0.148032,0.143429,5845144.85328488,3083,kraken
1779580800,0.148006,0.149531,0.144773,0.147454,0.146609,5594018.45473402,2340,kraken
1779667200,0.147468,0.153578,0.146623,0.149729,0.15074,5937182.01511171,2584,kraken
1779753600,0.149729,0.151338,0.146474,0.147569,0.148786,3156695.11883677,1961,kraken
1779840000,0.147585,0.170093,0.146032,0.163742,0.161117,26817128.67978103,10437,kraken
1779926400,0.163945,0.217229,0.163903,0.203488,0.193568,79052757.26910508,32839,kraken
1780012800,0.203584,0.265867,0.195526,0.259684,0.221568,76206276.60029119,31939,kraken
1780099200,0.259673,0.298,0.226106,0.229182,0.259768,89224270.46261895,37498,kraken
1780185600,0.229472,0.26713,0.220602,0.25926,0.245492,57492497.22906812,23249,kraken
1780272000,0.259833,0.273994,0.2401,0.242681,0.255786,68330216.05604784,28203,kraken
1780358400,0.242681,0.243179,0.214469,0.222173,0.227408,70741593.92196736,25867,kraken
1780444800,0.222114,0.234136,0.208336,0.208543,0.222378,73928620.45637237,24773,kraken
1780531200,0.208625,0.220492,0.197841,0.20133,0.207595,67829702.90228122,25078,kraken
1780617600,0.201341,0.208481,0.1846,0.203285,0.194628,66731339.33952046,27089,kraken
1780704000,0.203881,0.215344,0.188743,0.212,0.203492,37581985.41966684,17092,kraken
1780790400,0.21255,0.217983,0.199556,0.205724,0.208538,22231153.12076202,10690,kraken
1780876800,0.20571,0.208,0.197634,0.202407,0.202494,13302769.43835129,8815,kraken
1780963200,0.202674,0.204766,0.190995,0.192091,0.197778,18694166.42112634,8584,kraken
1781049600,0.192326,0.192755,0.181044,0.182803,0.1863,15164860.19653657,8609,kraken
1781136000,0.182765,0.194355,0.182344,0.191769,0.189636,12634301.25690214,7452,kraken
1781222400,0.191966,0.1995,0.18721,0.18805,0.192571,12730096.51579332,7026,kraken
1781308800,0.187961,0.192137,0.1835,0.186966,0.187041,16702115.93298152,5664,kraken
1781395200,0.187036,0.19207,0.181068,0.191238,0.185079,10773371.32204495,4781,kraken
1781481600,0.19092,0.234186,0.187389,0.213625,0.216391,55566237.97761469,19873,kraken
1781568000,0.213478,0.23376,0.208348,0.21647,0.21917,31953180.46833717,13437,kraken
1781654400,0.216613,0.233913,0.216613,0.225439,0.225377,25696684.82055727,12149,kraken
1781740800,0.225924,0.251585,0.2255,0.234235,0.238221,55063039.38135617,20430,kraken
1781827200,0.233964,0.235089,0.2147,0.218329,0.222836,27982844.37054973,10845,kraken
1781913600,0.21848,0.218654,0.21053,0.216018,0.214065,12341167.3951282,5851,kraken
1782000000,0.215636,0.21748,0.209324,0.209678,0.212994,7840307.20504985,4450,kraken
1782086400,0.209658,0.216751,0.201046,0.202615,0.208631,28434312.41882407,9153,kraken
1782172800,0.202614,0.202614,0.190469,0.194829,0.194862,29269699.49724127,11355,kraken
1782259200,0.194915,0.196942,0.181591,0.185171,0.187743,45157303.39043546,12974,kraken
1782345600,0.18526,0.189821,0.173751,0.178703,0.181236,50258346.86419837,12556,kraken
1782432000,0.179097,0.180586,0.171,0.17758,0.176138,31886243.31427866,10742,kraken
1782518400,0.177501,0.179143,0.172022,0.173599,0.174939,30999085.53882838,8524,kraken
1782604800,0.173599,0.174795,0.168795,0.17272,0.172146,12034822.98364288,5499,kraken
1782691200,0.172683,0.178749,0.16978,0.17477,0.174636,12883912.70485692,5417,kraken
1782777600,0.17477,0.188867,0.173407,0.18886,0.181398,26436052.99654145,10405,kraken
1782864000,0.188852,0.2074,0.188851,0.197189,0.199328,35222762.96809173,13600,kraken
1782950400,0.197342,0.204093,0.192372,0.198647,0.198167,17485867.88175514,7052,kraken
1783036800,0.199373,0.206758,0.196086,0.203999,0.202094,14425089.63338405,6694,kraken
1783123200,0.203752,0.215455,0.202249,0.206462,0.208594,15145006.85222443,7362,kraken
1783209600,0.206537,0.206537,0.197556,0.203354,0.201718,11060126.37377284,4730,kraken
1783296000,0.202756,0.207361,0.1958,0.199856,0.201177,14258344.05868893,6072,kraken
1783382400,0.200081,0.200576,0.18766,0.188429,0.192783,27139522.38337288,8326,kraken
1783468800,0.18869,0.189716,0.179338,0.181023,0.1835,22368073.62846168,7512,kraken
1783555200,0.181171,0.187701,0.179767,0.186317,0.182373,22804910.66581456,6988,kraken
1783641600,0.186141,0.194281,0.185006,0.190663,0.190357,9580145.29163441,5010,kraken
1783728000,0.19062,0.193465,0.186123,0.186413,0.190624,8631423.73822213,5281,kraken
1783814400,0.186285,0.191469,0.182643,0.186381,0.186766,7589703.82947543,4002,kraken
1783900800,0.18629,0.189243,0.1782,0.1806,0.182076,18626698.72482171,6458,kraken
1783987200,0.180601,0.186433,0.177643,0.184336,0.181839,45867216.51615039,10833,kraken
1784073600,0.184205,0.191885,0.181599,0.188392,0.185864,41445104.93803797,14793,kraken
1784160000,0.188619,0.192773,0.184759,0.18485,0.189463,15529237.64668661,8249,kraken
1784246400,0.18488,0.188001,0.181615,0.185367,0.184816,13284280.11130788,7092,kraken
1784332800,0.185424,0.189181,0.183127,0.187565,0.186346,3470321.30903742,4087,kraken
1784419200,0.187957,0.191866,0.185993,0.188036,0.189371,8412195.93420213,5562,kraken
1784505600,0.187891,0.19018,0.18421,0.18841,0.187995,14022984.86249762,8280,kraken
1784592000,0.188209,0.19611,0.186466,0.191873,0.191672,43177175.05452568,18954,kraken
1784678400,0.191939,0.195204,0.185694,0.187351,0.189483,49531052.93232147,18229,kraken
1784764800,0.187351,0.187656,0.180334,0.182123,0.183998,31098277.75327431,12326,kraken
1784851200,0.182193,0.184887,0.17594,0.17778,0.178959,10505500.56215177,6574,kraken
1784937600,0.17778,0.179937,0.176377,0.178,0.177655,6312181.37265248,3925,kraken
1785024000,0.178,0.183299,0.1762,0.182457,0.178993,5347070.03672982,4954,kraken
1785110400,0.18246,0.18308,0.170965,0.17188,0.176742,24786552.94243355,10045,kraken
1785196800,0.171879,0.174816,0.16952,0.173913,0.171498,12045274.68738009,7004,kraken
1785283200,0.17391,0.175888,0.168362,0.171756,0.172569,8817793.38259932,6662,kraken
1785369600,0.17176,0.173709,0.170829,0.171821,0.172285,6225081.43914588,4936,kraken
1785456000,0.17181,0.1738,0.167749,0.17203,0.170885,14877084.5211864,8415,kraken
1785542400,0.17203,0.173089,0.168442,0.1707,0.170655,4580504.50326228,3745,kraken
1785628800,0.1707,0.17735,0.170327,0.17399,0.174358,7293432.43646539,4689,kraken
1785715200,0.173903,0.174108,0.16974,0.171091,0.171497,14484085.69165351,6040,kraken
1785801600,0.171125,0.171838,0.1684,0.16848,0.170054,25165782.69557202,8067,kraken
1785888000,0.168503,0.168591,0.164199,0.16471,0.166669,29427632.90745076,9663,kraken
1785974400,0.16471,0.164921,0.159177,0.16123,0.161507,24467867.81564809,8938,kraken
1786060800,0.161313,0.163021,0.159259,0.161319,0.160908,6425774.45186104,4595,kraken
1786147200,0.16128,0.166559,0.16111,0.164389,0.16451,5668661.30959606,3637,kraken
1786233600,0.16441,0.16469,0.160814,0.162331,0.162702,15087727.98953496,4655,kraken
1786320000,0.162152,0.165811,0.16094,0.161323,0.162952,6630286.95349167,4036,kraken
1786406400,0.161322,0.162645,0.158741,0.161821,0.161285,8333454.02452927,4686,kraken
1786492800,0.161796,0.16255,0.1582,0.159332,0.160032,6654182.16571046,3617,kraken
1786579200,0.159238,0.162711,0.158213,0.159442,0.160468,6758875.4246707,3754,kraken
1786665600,0.159442,0.160281,0.1557,0.158009,0.158655,5978713.0981509,4282,kraken
1786752000,0.158036,0.159738,0.157523,0.157874,0.158261,3169026.68723097,2638,kraken
1786838400,0.157888,0.159541,0.155853,0.156167,0.157206,2877273.81709898,2518,kraken
1786924800,0.156202,0.159211,0.155801,0.157984,0.157639,4971210.69218907,2877,kraken
1787011200,0.158029,0.158029,0.152173,0.15475,0.154456,5944374.42125779,4775,kraken
1787097600,0.15475,0.172915,0.153702,0.170258,0.165066,18325252.22746481,9101,kraken
1787184000,0.170235,0.191768,0.16621,0.181613,0.180439,33409918.61027418,15785,kraken
1787270400,0.181806,0.204123,0.181321,0.20168,0.192427,28742681.74976181,15964,kraken
1787356800,0.20178,0.222539,0.181309,0.19574,0.202552,56716596.27292253,25958,kraken
1787443200,0.195862,0.202026,0.187787,0.199768,0.1971,20489774.09615466,9930,kraken
1787529600,0.199512,0.200191,0.191702,0.193688,0.195562,17470796.33146945,8059,kraken
1787616000,0.193492,0.20012,0.181689,0.1824,0.191029,18224213.97501614,9832,kraken
1787702400,0.18244,0.185742,0.177823,0.185392,0.182064,9456600.47078033,5234,kraken
1787788800,0.185296,0.189782,0.180857,0.187341,0.185721,10224655.07462271,5492,kraken
1787875200,0.187415,0.189061,0.175523,0.179515,0.180917,9433401.31408563,7252,kraken
1787961600,0.179499,0.180241,0.176803,0.179755,0.178573,3583682.7460335,3730,kraken
1788048000,0.179637,0.182326,0.172448,0.174615,0.178728,6505189.69471111,5800,kraken
1788134400,0.174488,0.179975,0.173723,0.1773,0.17609,3925838.40292413,4116,kraken
1788220800,0.17727,0.179386,0.173798,0.175757,0.176896,6269742.97532965,5299,kraken
1788307200,0.175771,0.176568,0.171168,0.175636,0.173725,5607585.87195791,5123,kraken
1788393600,0.175547,0.188069,0.174817,0.184464,0.182252,9498531.79848767,8387,kraken
1788480000,0.184416,0.1869,0.177115,0.17955,0.181453,8250387.26277201,7024,kraken
1788566400,0.179532,0.186603,0.178512,0.18386,0.183356,6727265.55492285,4941,kraken
1788652800,0.184005,0.18787,0.182514,0.187755,0.185459,5473595.80043481,4583,kraken
1788739200,0.187665,0.196312,0.185474,0.193627,0.191012,15436370.67279341,10778,kraken
1788825600,0.193622,0.1946,0.1863,0.187772,0.189826,11473339.14913699,8157,kraken
1788912000,0.187782,0.190913,0.179585,0.181093,0.185343,18172045.64398724,9311,kraken
1788998400,0.181056,0.181466,0.174036,0.174542,0.179042,19378422.22072874,9226,kraken
1789084800,0.174701,0.186033,0.17252,0.178308,0.179434,15290653.6578952,7936,kraken
1789171200,0.178239,0.182666,0.178239,0.180071,0.181122,7036923.51591263,4476,kraken
1789257600,0.17991,0.180947,0.176056,0.17714,0.178783,4823490.65848461,4581,kraken
1789344000,0.177124,0.196889,0.176711,0.19163,0.191104,26442865.57230949,13615,kraken
1789430400,0.191747,0.198468,0.174038,0.175927,0.18612,46059784.18328842,18609,kraken
1789516800,0.175763,0.184,0.172385,0.183663,0.177736,24569591.42159937,12860,kraken
1789603200,0.183852,0.187303,0.180773,0.183246,0.184522,15959156.19456389,9063,kraken
1789689600,0.183292,0.195177,0.182155,0.193117,0.189937,33556806.17589994,13414,kraken
1789776000,0.193475,0.204235,0.190933,0.196154,0.197453,25104880.55303947,11952,kraken
1789862400,0.19612,0.199275,0.188743,0.197247,0.193902,17506768.13317582,7044,kraken
1789948800,0.197298,0.219999,0.195481,0.215599,0.208201,40692135.74113526,19099,kraken
1790035200,0.215473,0.21861,0.208832,0.216284,0.21397,26008952.03627835,12637,kraken
1790121600,0.215942,0.224864,0.199618,0.202098,0.209876,34701304.47945885,19637,kraken
1790208000,0.201972,0.217688,0.1969,0.217578,0.20795,47597989.31472284,16408,kraken
1790294400,0.217497,0.226562,0.214725,0.220348,0.219054,61023351.61254826,37403,kraken
1790380800,0.220379,0.222498,0.21327,0.216446,0.218269,9085442.23293833,6510,kraken
1790467200,0.216361,0.219919,0.21268,0.215822,0.216115,16940989.75698083,10142,kraken
1790553600,0.21576,0.234685,0.206824,0.232337,0.223334,82028006.41037619,33860,kraken
1790640000,0.231999,0.236993,0.219815,0.222245,0.226851,64074835.64061952,37326,kraken
1790726400,0.222246,0.231819,0.219269,0.226154,0.22487,38656498.99035531,17876,kraken
1790812800,0.226199,0.230948,0.217,0.219032,0.222576,18136172.92828348,11045,kraken
1790899200,0.219001,0.227015,0.210108,0.215546,0.220339,19633448.45105903,9888,kraken
1790985600,0.215283,0.224901,0.2131,0.216078,0.215271,12773381.43057568,6151,kraken
1791072000,0.215999,0.224301,0.2145,0.224146,0.218492,10688264.52692188,6116,kraken
1791158400,0.223948,0.227098,0.210885,0.215382,0.217809,23756890.55044393,12808,kraken
1791244800,0.215462,0.21675,0.212001,0.212001,0.214279,18284938.17676487,9425,kraken
1791331200,0.212048,0.2125,0.198271,0.200311,0.202044,52588379.72417274,24709,kraken
1791417600,0.200281,0.202885,0.185001,0.19189,0.194094,37135439.2539972,16123,kraken
